{"type": "Feature", "properties": {"slug": "camargue", "name": "Camarga", "natura_codes": ["FR9301592"], "natura_names": ["Camargue"], "sea_clipped": true}, "geometry": {"type": "MultiPolygon", "coordinates": [[[[4.8631329656846605, 43.33922923059426], [4.863677098608444, 43.339962434202924], [4.866581485771013, 43.342098366092785], [4.868076012909177, 43.343335109157316], [4.870495509244274, 43.344990069638975], [4.873993152803601, 43.34685850645588], [4.875576802493664, 43.34782916611201], [4.875551382644485, 43.34779215507263], [4.875497773577409, 43.34773050771891], [4.875295702433847, 43.34764444491274], [4.875282457287637, 43.347638237572625], [4.875269983583428, 43.347631230565995], [4.875258371723891, 43.347623474676034], [4.875021871797614, 43.34745144768472], [4.874410468873565, 43.34706398712105], [4.8743995941572, 43.34705651218023], [4.873983094186408, 43.34674611164936], [4.873978310582821, 43.346742409462024], [4.8737867732372155, 43.346588456880816], [4.87365499854912, 43.346497307126526], [4.873456578533493, 43.34637664870507], [4.872958161113382, 43.346130099260925], [4.872942489450942, 43.346121424569], [4.872463989207604, 43.34582602401772], [4.8724489933572785, 43.34581566410882], [4.872435673866689, 43.34580414847031], [4.872218385055571, 43.34559345816678], [4.871989392030059, 43.34543845577457], [4.871797216268131, 43.34533245087231], [4.871783645617553, 43.34532419287727], [4.871213425684147, 43.344942050158934], [4.87106332772113, 43.344845190234366], [4.871049775710854, 43.344835496298266], [4.870898275754059, 43.34471539609944], [4.87089369216443, 43.34471162340369], [4.8706974922752835, 43.344543923137486], [4.870689168287631, 43.344536262798854], [4.870593051935214, 43.34444090771717], [4.870437989607696, 43.34436010526082], [4.8702453232595255, 43.34426907474167], [4.8702325591491435, 43.34426246824934], [4.8702206061820235, 43.34425509769649], [4.870209549976823, 43.344247015878345], [4.870099450009665, 43.34415941573363], [4.870096776678669, 43.34415724194595], [4.869928076755985, 43.3440170417198], [4.869918150449332, 43.344008042861795], [4.869646825953499, 43.3437392792094], [4.868343191696626, 43.34263068862588], [4.867817273405091, 43.34231640679988], [4.86780585897002, 43.342308989793835], [4.867795322837183, 43.342300910073334], [4.8677857369980515, 43.342292222845956], [4.866644140132571, 43.34116526666808], [4.865121604709355, 43.33988973923973], [4.865108550552331, 43.339877436736714], [4.865097523662412, 43.339864119114786], [4.8642213261389795, 43.33865321773247], [4.864213474233683, 43.33864090214225], [4.8642073584960475, 43.338628072752996], [4.8630630229979515, 43.33577156063341], [4.862216575441551, 43.333761418766585], [4.861996457021334, 43.333583917657606], [4.861919669307125, 43.3336253308484], [4.861202805062744, 43.33431422235751], [4.861191228224995, 43.33432428905308], [4.86117836462051, 43.334333485856426], [4.860649664425246, 43.33467628648289], [4.860634982536204, 43.334684871391424], [4.8606191813991915, 43.33469232267455], [4.859853480361458, 43.33501432335655], [4.859838952641171, 43.33501982241588], [4.859834267927158, 43.3350212273823], [4.860561692694103, 43.335711308865136], [4.860828351298002, 43.336485231602744], [4.8617984284985845, 43.337937495429365], [4.8631329656846605, 43.33922923059426]]], [[[4.8763097120886325, 43.34827836659576], [4.876341011941388, 43.348292098695275], [4.876288032564309, 43.348265079379146], [4.8763097120886325, 43.34827836659576]]], [[[4.850713252926837, 43.37549032600855], [4.850746193250002, 43.37516904153233], [4.850459581267008, 43.374970788016114], [4.850263786264341, 43.37475582839718], [4.850047059617208, 43.37459099564428], [4.850030787534151, 43.37421837834935], [4.849776246305132, 43.37424086992436], [4.84991213805142, 43.37311882889312], [4.84958415864962, 43.3730418944298], [4.849774325707037, 43.37261290562914], [4.8494438103612, 43.37248529725713], [4.848699735811346, 43.37302871461009], [4.8484196923097285, 43.3729847603085], [4.848240446071191, 43.37363845588523], [4.847703935352611, 43.37415397254034], [4.84753605370072, 43.37458236146381], [4.847152453311472, 43.37484461524976], [4.846912783692002, 43.37466402471174], [4.847100333058677, 43.37416814202009], [4.847080266491881, 43.373711608206314], [4.847279611636577, 43.37297734110289], [4.849162848781349, 43.37139048328775], [4.848956599185395, 43.37093670775805], [4.8483516907410475, 43.37091717111742], [4.8476416596455305, 43.371154304683564], [4.8474131291355675, 43.37176940044414], [4.846736352773568, 43.37224268114991], [4.8462022639129625, 43.37278248443903], [4.845969854477601, 43.37331246536159], [4.845574454717078, 43.37330440823404], [4.845644594276149, 43.37277756288137], [4.845225946116077, 43.37277062881934], [4.845017125541764, 43.37331788379401], [4.845016341312532, 43.37382629684745], [4.844731944575045, 43.37422315156567], [4.844374030613034, 43.37457007589074], [4.844092936082513, 43.373983685824534], [4.84357810171173, 43.374420104853705], [4.843646900086067, 43.37546919370118], [4.843425784270481, 43.375746101825854], [4.843011897181392, 43.37605862194909], [4.851237890537021, 43.376817421967154], [4.8514581863077675, 43.37643836414326], [4.851490693896311, 43.376368318527845], [4.85147315170605, 43.37630194537747], [4.851470687744811, 43.37628955407546], [4.851469808894505, 43.37627704952521], [4.8514705227205415, 43.37626453938438], [4.851472823076224, 43.37625213135865], [4.8514766901557, 43.3762399322745], [4.8514820906645175, 43.3762280471595], [4.851559238632618, 43.376081422747596], [4.851152934240982, 43.37593845664852], [4.850893723569118, 43.375893429695644], [4.8509040029909025, 43.37558829757216], [4.850713252926837, 43.37549032600855]]], [[[4.857441044241836, 43.377928806368494], [4.857654681376854, 43.37804526159583], [4.857909657789308, 43.3781112412622], [4.8581287273296425, 43.378102225729364], [4.858212963195122, 43.378079252337955], [4.8582206507334735, 43.37806980264471], [4.858215671694339, 43.37800687056203], [4.858138936195933, 43.3779112575017], [4.857967392566558, 43.377793137017854], [4.857750684086477, 43.377693441162386], [4.85750356783032, 43.37766192533333], [4.85724982666296, 43.377675848504104], [4.856919303970942, 43.377713985731866], [4.856903687253328, 43.37771529442939], [4.856887974600298, 43.377715631344984], [4.8568605153044855, 43.3777153687215], [4.857050325597029, 43.37776580903316], [4.857065139853175, 43.37777028525638], [4.857079367063822, 43.377775680404284], [4.85742266659835, 43.37791998009865], [4.857441044241836, 43.377928806368494]]], [[[4.855306306657367, 43.38768879353398], [4.855482417429219, 43.38770792389679], [4.855348039441044, 43.38758836534276], [4.855230296430134, 43.387580550527204], [4.855306306657367, 43.38768879353398]]], [[[4.322848323961945, 43.46087981261214], [4.322765135475069, 43.460870712131964], [4.32271620963142, 43.46086535564752], [4.322632019523014, 43.46110301617907], [4.3157860854051835, 43.460215437445896], [4.315402838952157, 43.46082063371112], [4.315402812002677, 43.46082067478952], [4.315413552260208, 43.46084160975616], [4.315413554955166, 43.4608416469223], [4.315417670137502, 43.46095904482818], [4.315408615119427, 43.46098326796366], [4.315394039055624, 43.461022493121654], [4.315349334395502, 43.46114598654317], [4.315349320920781, 43.46114602044892], [4.315349234682526, 43.46114626104946], [4.315349210428003, 43.461146328861005], [4.315237561516284, 43.46130400939986], [4.315135910853662, 43.461447478517584], [4.315107210578662, 43.46148522130934], [4.314999849325791, 43.46162669348468], [4.314833314248549, 43.46175379464435], [4.314794073141973, 43.46178369401037], [4.314369782663601, 43.462452097727635], [4.313285874543483, 43.46421103229824], [4.31325183737736, 43.46468514861871], [4.313024082113493, 43.46526880796027], [4.313241854399616, 43.465844021090064], [4.313230516762415, 43.4659605421459], [4.313230506880948, 43.46596064450712], [4.313281954295582, 43.46606392360501], [4.3132986431969265, 43.466356706709504], [4.3132282736691625, 43.4665329112942], [4.313205541800879, 43.46658983398479], [4.313205457359252, 43.46658992656532], [4.313004569807207, 43.46680860065757], [4.312947841197003, 43.46685132052068], [4.312947770230099, 43.466851375286346], [4.312947698364898, 43.46685142940009], [4.312919287347396, 43.46687297578437], [4.312692229176179, 43.46687981040955], [4.312634293230241, 43.46687618283599], [4.3123922870926865, 43.4670177362797], [4.312449905933348, 43.467284556017745], [4.312533902903978, 43.46738369938441], [4.312534020583298, 43.46738383825331], [4.312551481137448, 43.4674162057877], [4.312551523358278, 43.46741628337172], [4.312551564680779, 43.46741636030375], [4.31260318008037, 43.46751204217001], [4.312603263623701, 43.467669113470734], [4.312603366929966, 43.46771597530005], [4.31259035932463, 43.46773737077267], [4.31259034315498, 43.46773739880712], [4.312590325188673, 43.4677374268415], [4.3125617407963315, 43.46778486299675], [4.3124413252257385, 43.46786012745212], [4.312383830352611, 43.46788591122592], [4.312383215006633, 43.46788641779993], [4.312105911366663, 43.46811464231241], [4.312012076945316, 43.4682521872296], [4.31201098279732, 43.46825514842013], [4.311988847410408, 43.46835766863239], [4.311984873263582, 43.468376847227304], [4.312041141936338, 43.46847093289112], [4.312053917776327, 43.46849099224105], [4.312183055089968, 43.46857789775929], [4.312214219443808, 43.46859868726187], [4.312240941628567, 43.46862033863973], [4.31234732551443, 43.46870612326558], [4.3124307556481245, 43.468820399351706], [4.312430826615029, 43.46882049518853], [4.312428224195637, 43.46894837921045], [4.3124282089242865, 43.468948405940345], [4.312324545137135, 43.46906490471335], [4.312315155945773, 43.469068807277864], [4.312204268805427, 43.469115384424526], [4.312162591467824, 43.469161844184804], [4.3118195302506885, 43.469287327670315], [4.311766477546641, 43.469310467194305], [4.311987153187782, 43.46988985535108], [4.311749383505106, 43.470220449185206], [4.311680373128352, 43.470612497564275], [4.311680360551926, 43.47061257058067], [4.311824710834949, 43.47075635530717], [4.311834730643607, 43.47081771431413], [4.311827052742882, 43.47087353642488], [4.311823734366238, 43.47089845641128], [4.311821251422793, 43.4709026906892], [4.311610273095153, 43.47192707864034], [4.311487938723127, 43.47248756822029], [4.311526975013798, 43.47257637352721], [4.311521327305611, 43.472697935207464], [4.311480852812189, 43.47276683156814], [4.311412719191136, 43.472832183426455], [4.311395784151389, 43.47290977412073], [4.312438912350903, 43.47285426419885], [4.312533311812522, 43.47305779533186], [4.312632399581626, 43.473105228615424], [4.312651014470946, 43.47311409647944], [4.312727942598616, 43.47324436259898], [4.312728019853734, 43.47324449428349], [4.312746879983128, 43.47329311127644], [4.3127592947003475, 43.473325124270794], [4.3127908165836635, 43.473406420394205], [4.3128402975861535, 43.47360889684973], [4.312851963108427, 43.47374490251829], [4.312852011617438, 43.47374500747391], [4.312922512299276, 43.47389691715792], [4.313243459689028, 43.47444168377332], [4.3133729554304825, 43.47446827112785], [4.313538306528216, 43.47446526526131], [4.313580892960881, 43.47445457230206], [4.313602385154071, 43.47444904557408], [4.313644805398407, 43.474463984296655], [4.313644900619833, 43.474464018194936], [4.313633582745569, 43.47451530565151], [4.31363348842244, 43.47451574046209], [4.313620416138444, 43.474528894294124], [4.313578535781565, 43.47456992747828], [4.313559761890458, 43.47461667769934], [4.313559745720777, 43.47461671942019], [4.3135597295510975, 43.4746167604892], [4.313536364370558, 43.47467559994065], [4.313593731682932, 43.474858728728975], [4.313661451180624, 43.47494046802698], [4.313656752991669, 43.47499745972211], [4.313656740415277, 43.47499760378864], [4.313656722448969, 43.4749978136955], [4.313656718855714, 43.47499787627643], [4.313656713465798, 43.47499793950924], [4.3136527905229745, 43.47504681323768], [4.314076852829252, 43.47557870727606], [4.314087973972452, 43.47559639012667], [4.314158399195802, 43.47559298015168], [4.314158646232503, 43.47559296776603], [4.314215842864963, 43.47559019793534], [4.31443380739053, 43.47553673020443], [4.3147010418145335, 43.47547106967238], [4.314799181861001, 43.47547377301683], [4.314829926701594, 43.4754746080745], [4.3148299931769465, 43.4754746080745], [4.314830593251541, 43.47549648710259], [4.314830598641423, 43.47549664942055], [4.314830602234678, 43.475496811086586], [4.314830934611337, 43.47551080562921], [4.314830942696179, 43.475511017489914], [4.31459942438957, 43.475625459324164], [4.314413403057191, 43.47564403849293], [4.314332749616024, 43.47567154707308], [4.314196132929313, 43.47583996522848], [4.3141962236591525, 43.47584016339866], [4.314290811766995, 43.476046750235895], [4.31427706844147, 43.476110197034785], [4.31427698220318, 43.4761105998921], [4.314291201635837, 43.476123840727965], [4.314344363036033, 43.4762389495697], [4.314344288475841, 43.47623905126156], [4.3142899179432845, 43.47631424521719], [4.314287351456509, 43.47631673210296], [4.314287322710436, 43.47631676274085], [4.314287261625, 43.47631682206104], [4.314283951333162, 43.47632000905548], [4.3142196642981805, 43.47638212184207], [4.314121221519459, 43.47684615743357], [4.313993643681108, 43.477041803229866], [4.313993587087259, 43.47704188797198], [4.31399161169194, 43.47708723216966], [4.313991644031304, 43.477087281711185], [4.315131552227911, 43.4787869700195], [4.315257523878519, 43.47895832712105], [4.315257602930262, 43.47895843076394], [4.31525795327323, 43.47895890986775], [4.315261759435099, 43.47896302429383], [4.315264761604766, 43.47896821360681], [4.315654029465169, 43.479501406132975], [4.316226161079721, 43.480179516518746], [4.316664971028015, 43.48056522843561], [4.3166652674720565, 43.48056548916543], [4.316762872122618, 43.480556340154756], [4.316805304045084, 43.48055226755395], [4.316816437764711, 43.48055337630782], [4.316859966530099, 43.48055748866983], [4.316884471672752, 43.48058127439951], [4.316884595640252, 43.48058139629066], [4.316884721404413, 43.48058151687818], [4.316928952652363, 43.48062427393766], [4.316955936246844, 43.48070052490795], [4.316990314772796, 43.480777329179126], [4.317003204698781, 43.48080609343883], [4.317025260135651, 43.480838241942934], [4.317261685938636, 43.48100823744172], [4.317261775770177, 43.48100830327554], [4.317313604968814, 43.48100391522436], [4.317416046148849, 43.48096750911863], [4.317519105369819, 43.48087226506799], [4.317585384868133, 43.4807557740634], [4.317625180235217, 43.48066792657231], [4.317661366171496, 43.48058780763529], [4.317655698700373, 43.48055141170808], [4.317638351333925, 43.48044034458058], [4.31763833696087, 43.48044025788772], [4.317676830669095, 43.4803765972735], [4.317676846838776, 43.48037656989676], [4.317727596262432, 43.48029267714393], [4.317793878455667, 43.480188742502236], [4.317793865879275, 43.48018859649261], [4.317755776412914, 43.47975153923385], [4.317846574528568, 43.47934057970866], [4.317846618546026, 43.47934038024626], [4.3178314630688615, 43.4793221346514], [4.317795175622944, 43.47925378679054], [4.317795139690326, 43.47925372160664], [4.31779510555437, 43.479253656422756], [4.31779505255374, 43.479253554735934], [4.317786034366613, 43.479236566512164], [4.317786043349783, 43.47923651175768], [4.317802117803479, 43.47914226750808], [4.317832862644073, 43.47908222780446], [4.317893347110475, 43.47896373675697], [4.317903595989526, 43.478948593164695], [4.317955703665896, 43.47887058848163], [4.31795609802632, 43.47886862708642], [4.318012312800152, 43.47858863188361], [4.318295238995522, 43.47814824708703], [4.318354507143021, 43.47809994428125], [4.318354845807893, 43.478099667896316], [4.318387033342825, 43.47801308569947], [4.3183887599048125, 43.47800824634905], [4.318433441208743, 43.47793929664538], [4.318437312947601, 43.477894250984136], [4.31843732103244, 43.47789415842091], [4.318437330015611, 43.477894052820695], [4.318438906558918, 43.47787469407492], [4.318441583538469, 43.47787062911561], [4.318464653173294, 43.47783274206506], [4.318485404256345, 43.477823130476], [4.318507636661311, 43.477812504600074], [4.318533376987474, 43.47781470526012], [4.318555412661374, 43.47781631925129], [4.318578759875603, 43.47784471466765], [4.3185939800314594, 43.477863124975784], [4.318594044710184, 43.477863063701506], [4.318682120032204, 43.47777905859898], [4.31903946715728, 43.47799855395823], [4.31903957495513, 43.47799861914344], [4.319066863976824, 43.47799683046075], [4.319167374677331, 43.47796857135308], [4.3192746083694145, 43.47793826019922], [4.319242472038449, 43.47808606245666], [4.319152998937846, 43.47849828206059], [4.3190262035321005, 43.47905881107846], [4.3189123187136405, 43.47956289510202], [4.318626970660296, 43.48093647725201], [4.3184664884313975, 43.481641856428816], [4.317971266079877, 43.483914056558575], [4.317951747485409, 43.48400367349524], [4.319387107087385, 43.48381852775853], [4.319658776493928, 43.49015632146656], [4.319535350668828, 43.49381995898304], [4.319469505955148, 43.494800878419476], [4.32001640119844, 43.496203141465124], [4.319197918295306, 43.4980820973896], [4.319197817683998, 43.49808235999872], [4.3191883440510095, 43.49810875253721], [4.319132496688092, 43.49826443322154], [4.316316192932452, 43.506097266218426], [4.316312216090667, 43.50610751508455], [4.3146823424835885, 43.5106363017918], [4.314682099938437, 43.51063697609433], [4.314681856494991, 43.51063765104843], [4.313822323278329, 43.51302601280869], [4.31358213712756, 43.513690380022034], [4.313582116466294, 43.513690447123125], [4.313425772775923, 43.513849741696895], [4.313326758668682, 43.51393061260221], [4.31287765402725, 43.51429762705289], [4.3089607631315525, 43.51748639402386], [4.30893035785413, 43.51751183220903], [4.3089275209744615, 43.517514232061835], [4.307948213584337, 43.51831219151107], [4.306904952434184, 43.518739399833166], [4.306904638023832, 43.5187395281614], [4.306904323613484, 43.51873965714112], [4.305854698797826, 43.51916969801553], [4.30585287252286, 43.51917072984572], [4.304403139876325, 43.51998943529837], [4.304372768734892, 43.52001034390344], [4.30424013697477, 43.52010164911323], [4.305740526518495, 43.52111580132712], [4.306218353892853, 43.521459222623086], [4.30690721798533, 43.52213702672143], [4.307826236741789, 43.52318572242194], [4.308883817935904, 43.52440220650219], [4.3092786526560865, 43.524734369432934], [4.309768614473304, 43.52493163567799], [4.310306015422341, 43.52505479721743], [4.310822712000742, 43.52507000219971], [4.312201785861982, 43.524876698547025], [4.314274294443865, 43.52451368455134], [4.3153065844694645, 43.52449607594575], [4.316734809651459, 43.52463387549017], [4.317214815440379, 43.52468018377841], [4.319883183736746, 43.52521439006759], [4.3213212733189, 43.52581865655013], [4.322168913739522, 43.526251437271505], [4.322604334344267, 43.52657591021195], [4.323352925623326, 43.527032337650915], [4.324833243210372, 43.52806587820091], [4.324633775894803, 43.52819762087053], [4.324690901560325, 43.528239452574525], [4.324577606935025, 43.52831372401717], [4.324123045926524, 43.52860632332832], [4.324007747159799, 43.52870129800757], [4.323820321760623, 43.5288862651006], [4.323605166266911, 43.5291561429874], [4.323342682134158, 43.52951928340253], [4.32298240380632, 43.52998619910725], [4.322807394920957, 43.53022767654898], [4.322720977888948, 43.53034121297234], [4.322688443604303, 43.5303785154431], [4.322486594854928, 43.53052944123222], [4.322446668333802, 43.53056771660622], [4.322404074714592, 43.53059793230991], [4.322274508006235, 43.53066430663732], [4.321992109121928, 43.53080721638048], [4.321077766096529, 43.53123540366896], [4.319577043277816, 43.531954962221086], [4.318783020601551, 43.53233400988765], [4.3182531430430044, 43.53263169494349], [4.317693928303917, 43.533109122597175], [4.316990442333551, 43.53382224072794], [4.316650001502116, 43.534186311682674], [4.316441442337559, 43.53442278443587], [4.316314902053389, 43.53456830586965], [4.316012864200337, 43.534989496264465], [4.315780305644625, 43.53531265945666], [4.315477487155627, 43.53575365568986], [4.315286028320817, 43.53603493707181], [4.315137470329024, 43.536245500163716], [4.314886963433936, 43.53659498219121], [4.3145971498552855, 43.53701152308022], [4.314369452981899, 43.53733102995235], [4.314233075247049, 43.53753333378517], [4.314078581187868, 43.53774964701545], [4.313988154076414, 43.53787762344718], [4.313978523238232, 43.53789128249048], [4.313896946328981, 43.53800621173958], [4.313756184815529, 43.538206802598445], [4.313527065010739, 43.53851821264083], [4.313419433364975, 43.53868059150582], [4.31330533025592, 43.53882955530417], [4.31329445525109, 43.538845145577724], [4.313228467705237, 43.53894460649182], [4.3131980803941214, 43.53898330370826], [4.313083764384354, 43.539147178411675], [4.312930110249926, 43.53933656044622], [4.3128551871619765, 43.53942890435458], [4.3125677828649085, 43.53978872633722], [4.312327030775504, 43.5400795749501], [4.311954981822497, 43.54052501316543], [4.311663049118095, 43.54087801602938], [4.311634898612052, 43.54091227360873], [4.3113622841778305, 43.54124278020659], [4.311150283567391, 43.541513982621346], [4.309850962137096, 43.54306728165005], [4.308911024312598, 43.54407202361975], [4.308252696651555, 43.544855984075994], [4.308199053754381, 43.54491986125433], [4.307886285525265, 43.545485168272386], [4.307767478837375, 43.54606143025201], [4.30770677248709, 43.54653894430562], [4.307698173813206, 43.54696276229595], [4.307719401003353, 43.54721775576482], [4.307761624516657, 43.547407157374295], [4.30785390934411, 43.54765256085993], [4.307898014827932, 43.54773480454746], [4.307942933287097, 43.54781621146104], [4.308088796333033, 43.54800464105619], [4.30814480898595, 43.54807048706744], [4.308374600730569, 43.54831253797779], [4.309624004577185, 43.5496842931443], [4.309860600161755, 43.54991568141525], [4.309977147586713, 43.55002780765377], [4.310372845587905, 43.55040123560855], [4.311203831243174, 43.55117595525892], [4.311380209161012, 43.551276952517625], [4.3115653321781275, 43.55133085906051], [4.311754016117039, 43.55135614820363], [4.311890462123834, 43.55136879504993], [4.312234250976351, 43.5513625910967], [4.312511792669885, 43.55134495973024], [4.312801674520514, 43.5513138859073], [4.313122561723128, 43.55123362242459], [4.313204851894742, 43.55121267906856], [4.313500580879545, 43.5511226683893], [4.313763794444308, 43.55103167642247], [4.3139902525409, 43.550990141137405], [4.314160001790256, 43.55097077001758], [4.314332136965004, 43.55096148583669], [4.314517410899098, 43.55096129116838], [4.314839483877914, 43.55098803103793], [4.315463472538877, 43.551080527678074], [4.31573167534672, 43.551145667181466], [4.315907314849412, 43.551213997468906], [4.316181044092898, 43.55133625635299], [4.3163371632044285, 43.551410945325514], [4.316555098085624, 43.55154817685054], [4.316734771922215, 43.55169429889428], [4.31685692483456, 43.55179364095199], [4.316988956520084, 43.55191966435837], [4.317437467375135, 43.55225625522512], [4.317960653383135, 43.55266544827948], [4.317786578745688, 43.55346086200725], [4.316966263279376, 43.5540517747164], [4.315566284723148, 43.554833456352824], [4.3146344416176925, 43.555460421901714], [4.314762400341679, 43.55563580341126], [4.314790970360999, 43.5556749625496], [4.314938533917773, 43.55570093017888], [4.316283711648403, 43.555937646008935], [4.318133556617434, 43.55640732964319], [4.318844846252651, 43.556935737665135], [4.3192249369241065, 43.556845856619844], [4.31980727789187, 43.55670814565128], [4.32009279033692, 43.556549983072756], [4.320550508923651, 43.55627625534237], [4.3214030442642555, 43.55573945649027], [4.321604336058196, 43.55556153241816], [4.321706811374222, 43.55549819839689], [4.3217109247598975, 43.555461263014394], [4.321827279945409, 43.55535635624885], [4.321874764891313, 43.55532336920069], [4.322163457372486, 43.55501751714416], [4.322322909233748, 43.55486210265131], [4.322346181887783, 43.55483941841935], [4.322855175412608, 43.55398425232191], [4.322772242945604, 43.55294281676945], [4.322176009531961, 43.55210571715444], [4.321936109045436, 43.551624704146704], [4.320967148450746, 43.55097660355547], [4.320167336132488, 43.55055675601051], [4.3184120235757115, 43.54988593374883], [4.317901792172454, 43.54931879288467], [4.317714342518724, 43.54920361304717], [4.317231264491563, 43.548854933321905], [4.317013185879931, 43.54867851117042], [4.316651629249423, 43.54834184953742], [4.316459532610741, 43.548165111405346], [4.31619985571325, 43.54790100332167], [4.316059980836999, 43.54768134404727], [4.315934173578096, 43.54742820232257], [4.315862786259089, 43.54722839482074], [4.315777058234883, 43.54699637312353], [4.3157503854574655, 43.546858129177814], [4.315729425066957, 43.54653713291087], [4.315741644849775, 43.54598986262289], [4.315780349662082, 43.54573565116507], [4.315889583902336, 43.54532039075551], [4.315955666669582, 43.54512700875729], [4.316078661303339, 43.54487545417945], [4.316078850847861, 43.54487506740801], [4.316079039494052, 43.54487468063656], [4.3162558252470395, 43.54451327875245], [4.316284562352952, 43.5444715267056], [4.3165241376493615, 43.54412938047779], [4.316650497372146, 43.54402976077383], [4.316738025620168, 43.54396211580618], [4.3172097453489275, 43.54365584405599], [4.31752916919597, 43.54345129477853], [4.317778705910526, 43.54322060641984], [4.317908727166447, 43.54311913334547], [4.3180460669969545, 43.54301218848299], [4.318614846997202, 43.54267772670775], [4.31926482302103, 43.54232340015866], [4.3198777713871666, 43.541973998216754], [4.3206726088354, 43.5415728832232], [4.320986876352704, 43.54141428696715], [4.321331037107719, 43.541211232333254], [4.321465009154242, 43.5411196269778], [4.321772140454937, 43.54097460843117], [4.322178013673351, 43.540818487667956], [4.323116923825172, 43.54033731099957], [4.3253918300270895, 43.53921533215295], [4.32586600664811, 43.53891170553557], [4.32603620595341, 43.538783647945536], [4.326182518156996, 43.53869096051918], [4.32626804585688, 43.53864493844423], [4.326428970955214, 43.53859707018736], [4.326947148855496, 43.53827129504445], [4.327301537828329, 43.53803119063902], [4.328107333824723, 43.53757320343278], [4.3293428901412145, 43.536872388816185], [4.329571188885859, 43.53674271122262], [4.329720133153204, 43.53665809968397], [4.330413790656028, 43.536327466363566], [4.330583312631618, 43.53622280371528], [4.331426067115427, 43.535760744315915], [4.331866485946389, 43.53560506656479], [4.331996906054289, 43.53557555539652], [4.332552174494327, 43.535464366749956], [4.333166317619802, 43.53543971761321], [4.333864527784481, 43.53541224341956], [4.334210494153228, 43.53539718757176], [4.3343106131882685, 43.53539417041038], [4.3345127826362395, 43.53554329341344], [4.33518699700305, 43.535471781026], [4.335958237505394, 43.536050520253234], [4.335964555356782, 43.536053330943204], [4.33637569629601, 43.53622271319521], [4.337794420895601, 43.53680634888355], [4.337860613257293, 43.53683432648418], [4.338380166478299, 43.53704837208697], [4.3389918976272, 43.53734408479496], [4.34000029156791, 43.537833762756826], [4.34108875055329, 43.53836201909454], [4.342079663278583, 43.538842898953135], [4.342418710822988, 43.53900697069869], [4.3431110612771, 43.53941505160517], [4.344055488881394, 43.5399702622025], [4.34506770605195, 43.54056693204213], [4.345224493510056, 43.54065946095361], [4.345863592732427, 43.54111587493078], [4.346764398146503, 43.54176069614729], [4.347205329915506, 43.542075801403506], [4.347319843554668, 43.54135996522628], [4.347046148447172, 43.53836675136999], [4.346871332699617, 43.53647804839878], [4.347557552151908, 43.53408348183448], [4.34945755635147, 43.530015760554996], [4.350091585482358, 43.52946778278378], [4.350272299568052, 43.52963397916187], [4.351728567458303, 43.528905263607506], [4.35220641190064, 43.52887786589591], [4.352668885270175, 43.52879347127862], [4.353069932738851, 43.52860265712637], [4.353286898337846, 43.528400865872804], [4.353550432601175, 43.52815152760988], [4.353969195745608, 43.52787981177947], [4.354664392960823, 43.52760773454687], [4.355432419291086, 43.52738986215232], [4.35616438544923, 43.5272500218025], [4.356987726441399, 43.5271172245266], [4.357853199318735, 43.52704513614785], [4.359117739777877, 43.52699763970717], [4.359807410557481, 43.52690936382245], [4.360912152405682, 43.5266903047934], [4.362821424524033, 43.52673065642673], [4.363567144787467, 43.52658039199971], [4.363920263542505, 43.52663662241789], [4.364337954098472, 43.52643784936131], [4.364904814398956, 43.526249092478054], [4.3656075107501735, 43.52580573729573], [4.366691181715057, 43.52543001798477], [4.3676369963181685, 43.52487663862315], [4.3681256340186305, 43.52389078140067], [4.368517172820063, 43.52295567563901], [4.3687058567589725, 43.52180963387181], [4.368541239584833, 43.520847478161265], [4.368154339683546, 43.52010306720639], [4.367108780642886, 43.51920708947225], [4.366141265437492, 43.51865357941829], [4.364542330707078, 43.51788679567695], [4.363212371335678, 43.5172921345296], [4.362663898650747, 43.51707617005034], [4.361899311071407, 43.516896088316976], [4.361507746218857, 43.51671682750508], [4.3608042665367055, 43.51627762554896], [4.360025668832167, 43.5159820870625], [4.359373889889563, 43.515601344503075], [4.358679683516114, 43.51494875967077], [4.358276167477016, 43.51461047649429], [4.358142493671163, 43.51412401842755], [4.358343974111293, 43.51378666352726], [4.358215775537082, 43.513638104323825], [4.357970069238883, 43.51335420251115], [4.358215368600262, 43.51293249816289], [4.358058308952606, 43.51217294810919], [4.357781685337271, 43.51132110267259], [4.357807873024454, 43.51017762053739], [4.35793027207517, 43.50947298180739], [4.358019850278669, 43.50880368111696], [4.358367871094479, 43.50799886173365], [4.359216611053014, 43.50560377571847], [4.359681678757067, 43.50441702416698], [4.3599045355076935, 43.50380491536843], [4.3603601295787575, 43.50278519438186], [4.361499310140018, 43.50095340657387], [4.362163146270362, 43.5001311522142], [4.363202309306188, 43.49898072875269], [4.363986679584708, 43.49851363760225], [4.364869155773739, 43.49803259196243], [4.36567951341516, 43.49781364508841], [4.366536675079451, 43.49752417289744], [4.367129856017757, 43.49721548231265], [4.367964842769296, 43.497235667011104], [4.369966591954576, 43.49694803816766], [4.3714217055096585, 43.49695594330682], [4.372140796114836, 43.49693060267597], [4.372999302557116, 43.496687926514674], [4.3738570723809085, 43.496447169800206], [4.37473244469266, 43.49621470770384], [4.375487525401352, 43.495832176755805], [4.376227889010762, 43.49553301461132], [4.377032199193654, 43.495148220666294], [4.377946126299097, 43.49459532279183], [4.378731718286406, 43.494164468814844], [4.379496973314022, 43.49361434657837], [4.3798928590631085, 43.49326094784832], [4.380412210163165, 43.4931316965512], [4.381394605961247, 43.49272010531697], [4.382386211287602, 43.49255935253226], [4.383092336508275, 43.49220001586408], [4.384097589040437, 43.49194294610627], [4.384913160503742, 43.49188008878007], [4.385646171402542, 43.491781783286484], [4.386081503074043, 43.49159647695686], [4.386280214906485, 43.49122281845649], [4.386502290122803, 43.490597737731264], [4.386224186083886, 43.490128468854934], [4.385524349968526, 43.489284499371095], [4.384508102057294, 43.48831503592682], [4.383658088287673, 43.48745148208034], [4.382937970908145, 43.4869390862066], [4.381987771628167, 43.48643564249016], [4.3805334701500955, 43.48555590763918], [4.379466265304342, 43.48497018905978], [4.378745863158867, 43.4844960461038], [4.378015184286563, 43.48372370208937], [4.377406761632839, 43.48268749749401], [4.376926924727208, 43.481613343515086], [4.376714245888726, 43.481165944388366], [4.376597145999854, 43.480607047531606], [4.376411757081432, 43.47954060819346], [4.3763495011372875, 43.47777949403789], [4.376317316297281, 43.47631625688939], [4.376688466935022, 43.474067772478364], [4.377210496811259, 43.471459789991854], [4.377597084997152, 43.47079533747339], [4.37825799172133, 43.4697832578916], [4.378625930881945, 43.46920896237585], [4.379479305249008, 43.468385475213374], [4.3798387544318595, 43.4681110695775], [4.380194558251287, 43.467823278568574], [4.380467190651784, 43.467652086784156], [4.380901172155446, 43.467464909616766], [4.381513723466231, 43.467227524450614], [4.382532182131389, 43.46691098445333], [4.384184676215648, 43.46649912263042], [4.384931998175243, 43.4663532994731], [4.386283169465438, 43.46622066224744], [4.387229367649144, 43.46615474579712], [4.3881062257743935, 43.46642411857519], [4.388932254525912, 43.467146537524826], [4.389181424727851, 43.468177943577004], [4.3894885182992995, 43.46898139198901], [4.389329590155879, 43.469555211792574], [4.388201563077181, 43.47229156933565], [4.387796633089818, 43.473299144638844], [4.387506725188074, 43.47388893338057], [4.387683996929623, 43.47425417886951], [4.388091615574632, 43.47471133317801], [4.388625019020654, 43.47497426696522], [4.389329380848422, 43.47503174754175], [4.389917059605606, 43.47500985009253], [4.390367294327685, 43.474834792116496], [4.391000729672192, 43.47423848781072], [4.39138210223954, 43.47389674701292], [4.391805177297309, 43.473378427071545], [4.392524981164816, 43.47205600958606], [4.393296790300724, 43.47031298232931], [4.3933114813488885, 43.468895796819474], [4.393097523309441, 43.46751913164141], [4.392731327778823, 43.4664078569592], [4.392301208132583, 43.46538029612266], [4.391666042632866, 43.46450950001803], [4.390777253084002, 43.46345588979654], [4.390166857729916, 43.46284810011139], [4.389515063515964, 43.46196846258366], [4.389203621200199, 43.46149833429133], [4.388871617345935, 43.46044481830003], [4.388605887600036, 43.45984292611318], [4.388579560674034, 43.45910525175539], [4.388553885924892, 43.45843924323292], [4.388580250580171, 43.45779442813676], [4.388816271242964, 43.45707497719126], [4.389165640429984, 43.456771580854685], [4.389495551209675, 43.456420606891285], [4.38995933432288, 43.45611290153224], [4.390488036885021, 43.4558300034295], [4.390922356155225, 43.455643731932504], [4.391373569142645, 43.455456225445204], [4.391675765997482, 43.45521182349979], [4.392105397858532, 43.45491808586854], [4.392603986197408, 43.45467003648749], [4.393197225526226, 43.454384622979184], [4.393838618147489, 43.45402720078442], [4.394330806888311, 43.45362581349748], [4.394965662469263, 43.45311218194028], [4.395316035074472, 43.45259834907855], [4.395483293295545, 43.452100879052296], [4.395541496939416, 43.45144359008127], [4.395506789630093, 43.45105598759983], [4.3955364430176465, 43.450755747450756], [4.397952759316618, 43.450678859375785], [4.39949270258064, 43.45112194725015], [4.395962207631391, 43.456990913197735], [4.395252932917329, 43.45906541372456], [4.393779509900107, 43.46286593013024], [4.3935149713202915, 43.46398013482898], [4.395277023936622, 43.4669906938315], [4.395051456968784, 43.46797778750826], [4.39521212425062, 43.470035984210895], [4.395018722359822, 43.47067351966886], [4.393325623526392, 43.47444626460882], [4.393123403772786, 43.474895010093995], [4.391086136099503, 43.47639032627382], [4.390576453566871, 43.47792318675009], [4.389493899207847, 43.47930719647801], [4.387705500800876, 43.48165481642488], [4.387112425863795, 43.48328265990728], [4.385355478373234, 43.48531538811112], [4.384854951469955, 43.4859578376811], [4.3849131739784655, 43.486337908203424], [4.388178624596398, 43.48998489771583], [4.388205406968295, 43.49074516295825], [4.387317563345441, 43.49393274540842], [4.3861101135175335, 43.49544593215793], [4.385219961224403, 43.49615974638245], [4.383434907245227, 43.49733520305305], [4.376529053701336, 43.49914644741369], [4.373740679466153, 43.50154432890193], [4.372416470210905, 43.502300259550815], [4.370924876970427, 43.503214524050854], [4.370717196358198, 43.50350403672487], [4.370337845898551, 43.50506581547402], [4.369314671976463, 43.506922593428364], [4.369365519316503, 43.509585677100915], [4.369302069511348, 43.5126922720331], [4.368547707454868, 43.51353286549191], [4.365085675808375, 43.516672083062396], [4.366771306048535, 43.517526873630224], [4.368514399720789, 43.51873109627609], [4.370223069951338, 43.52025324028758], [4.370549403639553, 43.5208178034381], [4.370659987149347, 43.521512712888445], [4.3706091038766886, 43.52249758110771], [4.370251079421902, 43.52348735233055], [4.369811888587906, 43.524604766697905], [4.369113372996046, 43.52579179544034], [4.368651371242053, 43.52630709547645], [4.365711860850209, 43.52820128774842], [4.364433899560729, 43.52898515692056], [4.363522450907146, 43.52913036191729], [4.362525383823836, 43.529275610201495], [4.360710984579277, 43.52969044575849], [4.3584176602191045, 43.530146967513545], [4.356909055582092, 43.53061812864089], [4.356229479171338, 43.531137119925184], [4.353666343120623, 43.53378489675338], [4.3517227867994475, 43.536769983583795], [4.35108681730753, 43.540997649514594], [4.350989584559498, 43.542174030203704], [4.350964230508919, 43.54425819310209], [4.352011321177132, 43.5459287603453], [4.353006969820591, 43.54612668717186], [4.3557297158360555, 43.546290778813855], [4.3583458048778425, 43.54627746936898], [4.361647116241906, 43.54603701724524], [4.363615496607638, 43.545819342954836], [4.367847642269117, 43.54671051673713], [4.370689447399092, 43.547448596811996], [4.375818661483084, 43.54997398198087], [4.377819067687003, 43.55062043443159], [4.379359611923916, 43.550878573350204], [4.38136261785227, 43.551630087089634], [4.383978414941599, 43.55287508675147], [4.38657470601282, 43.55505243723939], [4.387198953388582, 43.55590413847007], [4.394549753272507, 43.55971840844407], [4.3971187687967594, 43.5597058004553], [4.398684211638423, 43.55924456940549], [4.400104898158575, 43.558893392028786], [4.4017734720864095, 43.558574758478166], [4.403343235824614, 43.558293099877], [4.40447006634731, 43.55798345460945], [4.405261863896634, 43.5580395724192], [4.407913171389123, 43.55892414036014], [4.410428964427744, 43.55880367664861], [4.410757482818701, 43.55966011535206], [4.414519705382046, 43.563971959424116], [4.415743041915724, 43.5649545753156], [4.417338217196651, 43.566720550519875], [4.417552352204193, 43.56714761056369], [4.417696212007067, 43.56836688331011], [4.417961331796873, 43.571597007325785], [4.417850025143281, 43.572605200147656], [4.41450401450898, 43.57575889382081], [4.415952023288483, 43.57889296258073], [4.419419187908525, 43.5804078412807], [4.426310309081786, 43.58365328664192], [4.428309267201452, 43.584226377130086], [4.4304383624596975, 43.58432803736445], [4.432610754718045, 43.584250389447675], [4.435467082012864, 43.583944141557986], [4.435951253289757, 43.583646735279466], [4.437026496260672, 43.58333845734244], [4.438702855887085, 43.58319782990728], [4.441158173442474, 43.5827548147688], [4.443867854360422, 43.58248603382627], [4.445485422844763, 43.58213166411772], [4.447563562066852, 43.58216320293459], [4.4491102615601115, 43.582563243479164], [4.450953707829384, 43.58292255025752], [4.453092006327724, 43.58327685869844], [4.45590499260505, 43.58447873763706], [4.457930935217559, 43.58576870497808], [4.459056725491184, 43.58678994476398], [4.461388258793665, 43.58832490716653], [4.462251328677598, 43.58895450545574], [4.463432818990419, 43.590115859706756], [4.46435757977819, 43.59106829244608], [4.466395290320908, 43.59401208141036], [4.467092001197399, 43.595437261704106], [4.4678191937081, 43.59772276667403], [4.468295290927214, 43.598539304099496], [4.470555190772318, 43.60075917156054], [4.472275037841652, 43.60180389754896], [4.474034791669143, 43.602593833071914], [4.475013746021376, 43.6036179442257], [4.475709347478485, 43.60504104964373], [4.475836906452195, 43.60579389699121], [4.476560420361816, 43.60660704329395], [4.4767974067135565, 43.6076800196227], [4.476018264629976, 43.60934780775905], [4.475227060867069, 43.61065734848813], [4.474523015246277, 43.61164101199562], [4.471446513570264, 43.61403934001859], [4.468534495219387, 43.61557050967992], [4.465887293027766, 43.616196431282695], [4.463863549491053, 43.61630847251256], [4.461724890768273, 43.61599110528222], [4.453918089876499, 43.61222702289186], [4.4525271420838255, 43.612073049023856], [4.451328396931024, 43.611737831117175], [4.448700102479476, 43.61161055074344], [4.447851877255611, 43.61141050473366], [4.4468070781896945, 43.61121612185831], [4.445179951630705, 43.61139093190426], [4.443538325364764, 43.611101317935635], [4.442352879769724, 43.61112420927349], [4.440404362951579, 43.61198732570233], [4.438565166611906, 43.61306543066436], [4.434461289593212, 43.61580507162405], [4.431235321728641, 43.61820218719023], [4.429800494827611, 43.61956070932303], [4.427701630573586, 43.621685569397926], [4.427292558454473, 43.622699747474755], [4.42773895737028, 43.62538746126985], [4.4286235562783185, 43.626591940277216], [4.4299910337875605, 43.62742858459202], [4.431107525599697, 43.628232792285424], [4.432878959322514, 43.629313247816015], [4.437707836962625, 43.63683708869127], [4.437936511203056, 43.63765909905889], [4.438513239496921, 43.63851122401209], [4.438443138565392, 43.63930349107689], [4.438674571532042, 43.64023470661602], [4.438993041368268, 43.64216748624283], [4.43948649493697, 43.64345364443614], [4.43983274068178, 43.64481119157384], [4.44111604784552, 43.64607973179236], [4.441664273493746, 43.64747134830548], [4.442555958312757, 43.648819629806766], [4.443040754817098, 43.649924137458115], [4.444789543808251, 43.651687815394766], [4.4456183771000735, 43.65271320023094], [4.445796669327794, 43.65353689970192], [4.447071394885627, 43.65584599645787], [4.447507218833903, 43.6569531916397], [4.448809812826824, 43.658689059319606], [4.450480751120486, 43.661027569495936], [4.451544878338085, 43.66172610701699], [4.453669092151102, 43.66423721029653], [4.454839066960262, 43.665111964833116], [4.455384557238462, 43.6651015941916], [4.4561769764219425, 43.665121631706754], [4.456532941938116, 43.665401742926015], [4.456805248250199, 43.666043440496836], [4.460470556069088, 43.66740953793712], [4.464017713868564, 43.668274703343094], [4.465510718362317, 43.66845985267715], [4.466937941922814, 43.668218007316845], [4.468278699942223, 43.668335729551984], [4.471222517755851, 43.66892392529833], [4.47518683071539, 43.670354935864125], [4.476380005415089, 43.670474540196714], [4.477456267075544, 43.671460622445416], [4.479307908675139, 43.67196439081536], [4.4814940478522685, 43.674794775097325], [4.479783223461648, 43.67669794719254], [4.479805094743879, 43.677272534263864], [4.4795483751003, 43.67839107413425], [4.4785000968592605, 43.68078555624806], [4.477818559426242, 43.68371011440575], [4.477670941072246, 43.685078376347484], [4.477748012930352, 43.68582990298476], [4.478037833695512, 43.686973712965994], [4.479002132932197, 43.6888976826302], [4.480323152269917, 43.691062878472025], [4.482803615466725, 43.69381678318949], [4.486396033983458, 43.6971619967368], [4.48756246224391, 43.697855764158845], [4.491831190897018, 43.69942501256622], [4.49558153054576, 43.70032113737883], [4.497175837155828, 43.70057697296228], [4.498552085815497, 43.70029764290868], [4.500391181543861, 43.70044079368388], [4.5020244157484175, 43.70040804073042], [4.50420204877813, 43.70036468746183], [4.505199940514843, 43.7005244827501], [4.506159893702204, 43.70100849982515], [4.507352379394096, 43.70112882887733], [4.509875624856302, 43.70100602999901], [4.511966130286602, 43.70128741936896], [4.5161278192836996, 43.70127546840068], [4.519155222639587, 43.70143033852971], [4.521476786439047, 43.70123963496461], [4.523812093564035, 43.701408126483294], [4.526070198575171, 43.70089653405547], [4.527017454974289, 43.70105583500055], [4.527953305464262, 43.70089258284579], [4.528958438520476, 43.70126854798233], [4.530737443244533, 43.701159794178515], [4.53497991683684, 43.70260612998811], [4.541682726872019, 43.70489075626821], [4.543524374714102, 43.703812868162416], [4.5449936744641475, 43.70338765757055], [4.547134927521475, 43.70241062505787], [4.5510532368569905, 43.69995616868402], [4.552236603750448, 43.69978815433086], [4.552642486850331, 43.70006727568634], [4.553135707755384, 43.69998569085779], [4.553804172006076, 43.69936039723932], [4.554545955851932, 43.699309979038176], [4.5552930092152595, 43.699402428286334], [4.557785301427712, 43.698561107466666], [4.557412490703335, 43.69747993674435], [4.5560529291483824, 43.693076796099014], [4.554180050477143, 43.693190359366476], [4.55313196447558, 43.69128251080275], [4.552394207777146, 43.68940085251337], [4.5525381169873596, 43.68624652563759], [4.550249987584438, 43.6850466387952], [4.54777481276971, 43.68375257738136], [4.548729846782564, 43.68257156535483], [4.5491818862200475, 43.681864587862165], [4.549328589190801, 43.68151344383641], [4.549584562334361, 43.68089738675884], [4.549935279892655, 43.67961364620627], [4.550440477137079, 43.67820954691501], [4.5507577728751984, 43.677099954584314], [4.551436221900295, 43.67601124038198], [4.5523600816778105, 43.67509086917449], [4.554037361179085, 43.67398314368654], [4.5559488584244106, 43.67272405738073], [4.555305581137637, 43.671605537927206], [4.557895221082517, 43.67030383440806], [4.559072767791245, 43.66969930955577], [4.560620604551628, 43.66940425972071], [4.5618965823609825, 43.66929231097163], [4.563600054040995, 43.668879206155715], [4.565343067763208, 43.66843722229783], [4.567280302639707, 43.66781624128242], [4.569197424236995, 43.6667313530526], [4.56982704802975, 43.666456741579545], [4.571602142387374, 43.665839040522876], [4.572550481256395, 43.66553007064229], [4.573912250870315, 43.66558811759448], [4.5763133604881885, 43.66562622722345], [4.579882343755812, 43.66584193288207], [4.582907291117667, 43.66647654080987], [4.585486045277919, 43.666947373796916], [4.587835619446242, 43.66768137949223], [4.588771584920576, 43.668097818217966], [4.590129012078393, 43.665978280396594], [4.588948401216266, 43.66545099979914], [4.588528778384109, 43.66524715406125], [4.586919651368495, 43.66348958846685], [4.591548029528773, 43.660338424389764], [4.592074675847224, 43.65863839636325], [4.593128818290418, 43.65775295786936], [4.593837359080884, 43.653138295611555], [4.594055312826686, 43.65237844616854], [4.595817589123528, 43.65061565364581], [4.596154675645667, 43.6491351733653], [4.596596961175798, 43.64779816115335], [4.597319052154017, 43.646056740657], [4.5980357289859946, 43.64417345799212], [4.599543514359454, 43.64227242963173], [4.601246315896265, 43.64026024836845], [4.602466673616499, 43.638546181502925], [4.603499188220908, 43.63715654527927], [4.605262793126055, 43.635468130657976], [4.606665390271324, 43.63464684190301], [4.609611614671575, 43.632824456318374], [4.612180197207859, 43.63147732882524], [4.61402457503009, 43.6305758707015], [4.617340607985053, 43.62932063948956], [4.618362471265144, 43.62886738218399], [4.621946996285482, 43.62821556900891], [4.62573889559254, 43.627740248715526], [4.627269192747031, 43.62767140053184], [4.63083715642678, 43.626590670344726], [4.6333179394238195, 43.62549453625261], [4.634039373733559, 43.62501192644022], [4.635675130407465, 43.62386307167166], [4.6370815426977385, 43.62315059516423], [4.638532605749208, 43.62233020911623], [4.639647994430174, 43.62176607324929], [4.640597975419557, 43.620776557389775], [4.641992814714023, 43.61981198129482], [4.643293772874796, 43.61895805316955], [4.645259547227883, 43.617370093061886], [4.646872366319301, 43.61568225811101], [4.648598364153395, 43.61431638165598], [4.650777068873214, 43.61315498456133], [4.652284757228621, 43.612510194437434], [4.652335278480216, 43.61128818631545], [4.652564391098497, 43.6108507120142], [4.652457997331165, 43.60823012289464], [4.651651660548986, 43.60540877925567], [4.650761234269711, 43.60176267243846], [4.651341553129774, 43.59898050774508], [4.651402808350687, 43.59808202655104], [4.6513079660195995, 43.59693473516319], [4.651425245571525, 43.59617631536549], [4.650964532899966, 43.595790179709475], [4.653056254649136, 43.59251331726817], [4.65356490052595, 43.59163865193513], [4.654670560452384, 43.590860079036275], [4.65546435046497, 43.58969311235838], [4.6561629325322125, 43.58863583051701], [4.657494387598549, 43.587312607626984], [4.660022648354984, 43.585067393378516], [4.661406546169304, 43.58381479298722], [4.662055846660047, 43.58275925333713], [4.662583412853361, 43.582351916860425], [4.663762345662579, 43.58096151138349], [4.664721290940161, 43.580221834882295], [4.6663527339040725, 43.57903684606866], [4.668140891562555, 43.578027107310184], [4.668470512186383, 43.57762483049268], [4.67093942125199, 43.57631356333601], [4.674231462900671, 43.57462503260606], [4.676988233505836, 43.5731284547545], [4.679014979212181, 43.571934096809336], [4.6804953668678, 43.57064401593289], [4.681897371124985, 43.56989325155368], [4.682723407961342, 43.56951898761902], [4.685210501623258, 43.56755872089176], [4.68686004564015, 43.565581792900986], [4.688821372434271, 43.56399312551828], [4.691406146205241, 43.560740526868486], [4.693057387139683, 43.55883495231916], [4.694341357260111, 43.55762026037045], [4.695644677990084, 43.55687186150258], [4.696751300910473, 43.55616738600566], [4.697557505640313, 43.55532259188579], [4.699337314356537, 43.55416848367269], [4.700550435248822, 43.553603214471956], [4.7011654290788485, 43.55294212015319], [4.703657566781101, 43.55105384709638], [4.705515965508259, 43.55061725396281], [4.707026257181389, 43.548859692770485], [4.710702002525553, 43.54816978496393], [4.711640263195439, 43.546962364469074], [4.712209562421907, 43.54637544585304], [4.713186846806003, 43.546101678419376], [4.713813835840039, 43.544579558976906], [4.714572637370642, 43.543806876611654], [4.71536533054027, 43.541490769176036], [4.716387655554434, 43.538735046551295], [4.717651109950386, 43.53583254094729], [4.71812454186808, 43.53420459801115], [4.7189229896454155, 43.53321580824169], [4.719918154096938, 43.53218815156727], [4.720961236482367, 43.531121952943884], [4.721633726982149, 43.52949184428684], [4.722646785874154, 43.52770726349591], [4.723667657414148, 43.52613902516591], [4.724597624837331, 43.5246763629682], [4.725345779535166, 43.5229082209227], [4.726215518511787, 43.521264750540055], [4.727238623263599, 43.52043161251381], [4.72823789301599, 43.51903928730373], [4.72810959652543, 43.51878606115148], [4.7280283223484005, 43.51827581245419], [4.729165083746611, 43.517352007920024], [4.731650714052922, 43.516400544831804], [4.733156404555151, 43.51589558001333], [4.73382022002423, 43.509299090227486], [4.734180916068685, 43.50809560061535], [4.734007799035344, 43.50677508064482], [4.733715630972335, 43.505414595298035], [4.733971742456478, 43.50451093968873], [4.734400385272392, 43.503561634155346], [4.733104666086358, 43.500644768707566], [4.733113180318614, 43.49902012082782], [4.732445617078145, 43.498418165125], [4.732383862393946, 43.49813836218616], [4.730887848543952, 43.49550240142652], [4.731119312951668, 43.49489831488436], [4.729827483470798, 43.492238665516105], [4.729547854092542, 43.48923818542747], [4.729634707705776, 43.488862076802945], [4.730619622379916, 43.484171994774826], [4.731352487751621, 43.480849042626694], [4.734133068203387, 43.4780610730785], [4.7341674449326785, 43.47520364201373], [4.734122529168473, 43.4747367281117], [4.734539055507833, 43.4718129492425], [4.734659037192128, 43.46245325897517], [4.7346996563143495, 43.462172832362526], [4.735333682750313, 43.460794517644636], [4.735264136079325, 43.46034740189877], [4.734851309900609, 43.459068518165466], [4.73279292822488, 43.45522971771992], [4.732859318215968, 43.45496727384393], [4.734293466888954, 43.452469383151715], [4.734308562178981, 43.452226133187516], [4.7339395144973455, 43.45137437921452], [4.733894372357669, 43.4484825340449], [4.733611406636427, 43.44783464276125], [4.733512496733781, 43.447296092968216], [4.733654371259838, 43.44456465522001], [4.733894302289096, 43.44355204062511], [4.734021887313956, 43.44294964896308], [4.734043841241188, 43.44177207357645], [4.733811689622293, 43.43904456225074], [4.733878006849815, 43.43780399205794], [4.7327002939527905, 43.43629030165559], [4.732032084823643, 43.43433963134693], [4.73193775183734, 43.43348654459502], [4.731312672621602, 43.431151281729846], [4.730873467414586, 43.430476271962476], [4.73115648793305, 43.428847322051546], [4.730811335437973, 43.42757249622186], [4.730495050304523, 43.427024173794166], [4.733408791624097, 43.42520716210415], [4.735310452317041, 43.42439565650605], [4.736344749178988, 43.423901246091], [4.737797167788244, 43.423569610210855], [4.738708657764295, 43.42295259273169], [4.739831414427222, 43.4217726558001], [4.742629174260478, 43.418549314554646], [4.744252971662992, 43.416760930662875], [4.744496523801151, 43.415600203468024], [4.74496213229099, 43.414095931175666], [4.747228150561489, 43.41067886640046], [4.7473472258456795, 43.40980400868457], [4.750697912211041, 43.40554747587483], [4.751550256210498, 43.404887394321214], [4.753849038734334, 43.40381081251436], [4.761046547403224, 43.400785201827546], [4.762712086822066, 43.40085203213245], [4.764666221703992, 43.400923309747036], [4.766368409691485, 43.39999402665991], [4.769759029764483, 43.39755564896383], [4.773181466368213, 43.39534127143151], [4.776513024007914, 43.393412120517695], [4.777571733486017, 43.393238544421166], [4.780829113639428, 43.391590223318914], [4.79111180620158, 43.38648612555152], [4.791719006248188, 43.38620450334204], [4.797173046647368, 43.3835585440198], [4.802455640879574, 43.38108567711353], [4.805293275131692, 43.38005552313892], [4.805352775942839, 43.38001088184761], [4.806093207824196, 43.37945322170865], [4.806575931915165, 43.37921647904418], [4.808569879232188, 43.37800254601356], [4.808867901615914, 43.3777700326056], [4.809231544134482, 43.37762783025744], [4.81000608055561, 43.37702569341119], [4.810187051559475, 43.3771826353097], [4.810495512366805, 43.37693704164624], [4.811074808944073, 43.37661803251289], [4.811592208005005, 43.37614929457266], [4.812033367047776, 43.37585559433595], [4.812214649767066, 43.375584962272555], [4.81303732600595, 43.374920927764], [4.813448847830848, 43.37444063418386], [4.813720883750039, 43.374268244402835], [4.814246269732164, 43.37367539086744], [4.814898198693416, 43.37282612610702], [4.815100314242427, 43.37226283639988], [4.8157770690448976, 43.3712098583026], [4.816258568732123, 43.37086885515878], [4.81731985188351, 43.37024596503771], [4.817970066859202, 43.36983803523055], [4.818536612749334, 43.369486784340644], [4.819589585586007, 43.369148663758466], [4.82004766799043, 43.369035670017915], [4.820712682710433, 43.36894170855959], [4.821205590103432, 43.36886758988024], [4.821599918173818, 43.3687877930211], [4.822099584491046, 43.36861897949567], [4.822494682417612, 43.36854695012396], [4.822888859571053, 43.368427176125635], [4.823478905388989, 43.36813094323851], [4.823942064173076, 43.367868649971655], [4.824133452040983, 43.36756591201367], [4.824291748668777, 43.36745988656508], [4.824565393470636, 43.366381355282414], [4.825812989906893, 43.36556371619951], [4.825881747857064, 43.3653543892407], [4.825991736682111, 43.36519443743554], [4.827404427297932, 43.3639516056901], [4.827789265565647, 43.36364471546345], [4.828041527768797, 43.363236453248334], [4.82880327038363, 43.36293717903178], [4.828846658113539, 43.362866028507284], [4.828774861162756, 43.36277115818139], [4.828809646625528, 43.36272078697621], [4.829037819606012, 43.36262447700047], [4.829132049286045, 43.36254413638927], [4.829196999277718, 43.36231429170713], [4.829558993387746, 43.36219516633953], [4.829688169328999, 43.36195649952932], [4.829922442768571, 43.36188846250559], [4.830094648910222, 43.36163261322384], [4.830039535470899, 43.36159446853835], [4.82983419946156, 43.361615365990176], [4.829924817914162, 43.361455517314155], [4.829887687848535, 43.361346118978545], [4.830123577357318, 43.361065506617166], [4.830160161247244, 43.36092427807955], [4.8303525704996515, 43.36096576386188], [4.830437644550301, 43.36096866564502], [4.830440020594225, 43.36090180181279], [4.830388065631464, 43.36084359755652], [4.830222601346028, 43.36074071098963], [4.830229793258191, 43.36064751454455], [4.830257578149913, 43.36053208843111], [4.83031437952365, 43.360512775071335], [4.830442163974499, 43.360590579051696], [4.83053580885129, 43.36076119857888], [4.830631424631812, 43.360857181036444], [4.830719813465887, 43.3609067635209], [4.830821383280104, 43.360873427261176], [4.830886273982969, 43.3607814961046], [4.830922150898813, 43.36059567402124], [4.8309148368157455, 43.36043446743632], [4.830954231534222, 43.360323456664716], [4.831042547604766, 43.36014430286402], [4.831048054277439, 43.36001841014038], [4.830979543363972, 43.35993313041577], [4.83088967320802, 43.35988256483549], [4.830820661034637, 43.35988217622603], [4.8307655934093985, 43.35984775848061], [4.830792946211486, 43.35973388332797], [4.830847779376415, 43.35963754248554], [4.830875707998608, 43.3593894278798], [4.830964398666606, 43.35923025063722], [4.831133864048312, 43.35913175300243], [4.83125996954792, 43.35895210256587], [4.831319157745344, 43.3586790209181], [4.831289922972738, 43.358274806774254], [4.8312339004383515, 43.35786278875174], [4.831165949175343, 43.357535260180015], [4.830985106630529, 43.35706751451132], [4.830978300993953, 43.35691906973328], [4.83101965224311, 43.356898207240725], [4.831148706013457, 43.3570084398387], [4.831196480216893, 43.3570117964077], [4.831204970194628, 43.35693702697704], [4.831112123920124, 43.35664718858791], [4.830993475335725, 43.355903778916115], [4.830943496666575, 43.35501280946557], [4.830785862995475, 43.3538566722168], [4.830696610880422, 43.35369723943232], [4.830547697155779, 43.35351060920792], [4.830408417862538, 43.35335380854502], [4.830303803657822, 43.35319499432353], [4.8302424981312395, 43.35301181405866], [4.830230228941082, 43.35272524448806], [4.829958284650095, 43.35218858492224], [4.829817572543984, 43.352298008260604], [4.829741392712927, 43.352393900246156], [4.829696524559436, 43.35237608471007], [4.8295762284647905, 43.3522097887019], [4.829563985325784, 43.352151088161186], [4.829721860643706, 43.3519473135927], [4.829766329945222, 43.35186713063801], [4.829721967543225, 43.3516985887947], [4.82965380607443, 43.35161766150059], [4.829626306846949, 43.35146187822964], [4.829628881418531, 43.35131229881781], [4.8295534166464655, 43.35114847494226], [4.829492981587403, 43.35091383882331], [4.829519039917172, 43.350501293312554], [4.829508435305237, 43.35002961257936], [4.829501021509223, 43.34946329115558], [4.829390538610741, 43.3492924229847], [4.829361480806229, 43.34898249680961], [4.829263650678528, 43.34884379106633], [4.829024816492257, 43.3486803289583], [4.828693829530877, 43.3482319786395], [4.828613566856881, 43.34775774825186], [4.828560312031886, 43.347539455300634], [4.828528365245441, 43.34705575437272], [4.828843447534712, 43.34614959250949], [4.828792864299386, 43.345305463918415], [4.828678858208351, 43.3446661966446], [4.828647939992917, 43.344345671352315], [4.828759642803527, 43.344067083331154], [4.828854477049775, 43.34377826076515], [4.828792882265693, 43.343396948197125], [4.829029786870732, 43.34296773668951], [4.82955480454358, 43.3423895191801], [4.829671612479995, 43.341381407708155], [4.829947991753553, 43.34092171852424], [4.830044543578619, 43.34027144210774], [4.830158080749068, 43.33993788039168], [4.830342596505045, 43.339478584698696], [4.830404216441946, 43.33913833748648], [4.830346360446084, 43.33855000877703], [4.830419478818629, 43.338249769975924], [4.8303761530724865, 43.33800691110976], [4.830367910131421, 43.33781048969631], [4.830505103536569, 43.33741059317362], [4.830850424914933, 43.33701152575903], [4.832095501576832, 43.334191079882], [4.832513273879499, 43.33364040682604], [4.833281010053901, 43.33279918059], [4.833789009143707, 43.33257425849552], [4.834425869764377, 43.332494860844285], [4.835151601614433, 43.332466290053254], [4.835803914156311, 43.33233725380425], [4.836460628443067, 43.33232200751671], [4.837406638878913, 43.331986562738486], [4.837887173775524, 43.33170794349064], [4.838324948564787, 43.331545908089105], [4.838093779472176, 43.33132633751506], [4.837108130037134, 43.33058886748205], [4.836389132334451, 43.330469737642986], [4.83574638561755, 43.33051302997335], [4.834024349173093, 43.33084605749188], [4.833554066968372, 43.3309898197162], [4.8323011542570224, 43.33169089584064], [4.832286857477722, 43.331698141877276], [4.831577644270592, 43.33202257162569], [4.830464115164369, 43.3326489943743], [4.829660032102519, 43.333143374096146], [4.828793167697401, 43.33377091258025], [4.828789038811475, 43.33377381028307], [4.827968438626974, 43.334332111281384], [4.8279540598623205, 43.33434094091576], [4.82718295925004, 43.3347675417468], [4.827175003114212, 43.334771705875625], [4.825737801607878, 43.335482607314184], [4.825717296878558, 43.335491400762415], [4.8252504369961375, 43.33566314280332], [4.824149942580638, 43.336298157904785], [4.824136604552357, 43.33630517394445], [4.824122465297206, 43.33631129725774], [4.823253064015364, 43.33665059798912], [4.823239065662975, 43.33665552053877], [4.823224550425466, 43.33665956764502], [4.822068048145106, 43.33694196829968], [4.822066530611548, 43.33694233353368], [4.8208926260053335, 43.337220756637684], [4.820189008321815, 43.33747923455423], [4.820172753309378, 43.33748450659145], [4.819722052473604, 43.33761210688225], [4.819718168592276, 43.33761317002515], [4.819314691331373, 43.33771986064558], [4.818525904621255, 43.338088078748385], [4.818513198159985, 43.338093502516365], [4.817928697294676, 43.33832070300656], [4.817925539383556, 43.3383219021597], [4.816887327893003, 43.338706909999466], [4.8159538041945495, 43.339061342258105], [4.8153286606004375, 43.339315126418086], [4.81531428547608, 43.33932037837524], [4.815299339613826, 43.339324698997565], [4.814673004058422, 43.33948313548825], [4.8139521836707475, 43.33978230157002], [4.813944350685969, 43.33978537295715], [4.813303949691719, 43.340022173473514], [4.813302378375764, 43.340022747657635], [4.812693377410521, 43.3402426481394], [4.812682247451366, 43.340246337848775], [4.81160628513661, 43.34057215200356], [4.81063119392693, 43.34091998767839], [4.809623086460956, 43.341299712715376], [4.809611691250337, 43.34130365175338], [4.808401481017286, 43.34168567108299], [4.807554767341323, 43.341960683343004], [4.807552662536329, 43.341961355567314], [4.806412460537797, 43.34231935637118], [4.806403924133131, 43.34232185481487], [4.805249129539192, 43.34263573141351], [4.804337445403527, 43.34293382799674], [4.803605400737549, 43.34317360999746], [4.803591076301145, 43.34317778713555], [4.803113747030731, 43.34330038856283], [4.801575411411442, 43.343818042383106], [4.801571187391887, 43.343819417242614], [4.800715485893803, 43.34408861784689], [4.80069370220729, 43.344094319730374], [4.7992497262220715, 43.344399325000595], [4.797969508559483, 43.344763908822486], [4.797954986135309, 43.344767545042785], [4.795775789432277, 43.34524032856195], [4.7933114533554395, 43.34584882280201], [4.793299957770743, 43.345851360611675], [4.790930406560817, 43.34631370260682], [4.789443951942338, 43.34674605182776], [4.789423238268676, 43.346751064651016], [4.789401859590124, 43.34675426147345], [4.788070712148515, 43.34689417880725], [4.786305480569612, 43.3472449989466], [4.78630412236759, 43.34724526481689], [4.783815617126737, 43.34772496595056], [4.78380686983316, 43.34772648697913], [4.78150566480091, 43.34808368783318], [4.781497753670799, 43.34808478490232], [4.774979845443645, 43.34888154056455], [4.772483364397152, 43.34931359890412], [4.772468181299513, 43.34931574139422], [4.772452805982439, 43.34931695052554], [4.770896019245588, 43.349391480801266], [4.768284406540029, 43.349722154161874], [4.768259022732638, 43.34972406364959], [4.766115435435155, 43.349776716692396], [4.764006502891602, 43.3498604801068], [4.76275533465371, 43.35010446623059], [4.762738868813407, 43.350107096749205], [4.762722143139896, 43.35010862211511], [4.760257916296396, 43.350250470450206], [4.756846566035721, 43.350566267756925], [4.756833921130242, 43.35056711738385], [4.754671736843815, 43.35065787752797], [4.751108518082934, 43.35096978017245], [4.75109204852795, 43.35097067944898], [4.7490822939210275, 43.35101468871716], [4.747928331564886, 43.35107786218748], [4.747907181856545, 43.351078134503574], [4.747886127915243, 43.35107664235012], [4.747865445258039, 43.35107340525376], [4.7470585962646075, 43.350911396011604], [4.74628400285708, 43.35092241459009], [4.746270045759845, 43.350922228487306], [4.74561876017893, 43.35089557115533], [4.744931771368186, 43.35092618928412], [4.744912973971061, 43.350926328393314], [4.744086872279137, 43.35090176840182], [4.743398878871635, 43.350961871187174], [4.743025879931411, 43.35102284403096], [4.742550011719385, 43.35111392548013], [4.7425336822374655, 43.35111648191166], [4.742517103281243, 43.35111795273377], [4.742500410093386, 43.35111832594827], [4.742123709211519, 43.35111432593852], [4.742118470533967, 43.35111421609878], [4.741830971824889, 43.35110521059335], [4.741300264946393, 43.35112800709107], [4.7412886428498195, 43.35112823909641], [4.740186140268074, 43.35112493908833], [4.7401825624676714, 43.35112490309726], [4.73896433124053, 43.35110403682802], [4.737947101020763, 43.351102439910846], [4.737945663026626, 43.35110243356615], [4.737215703748944, 43.351097138940816], [4.7366445448772545, 43.35109633997549], [4.736638529748839, 43.3510962601262], [4.736165511423768, 43.3510843603016], [4.7356772952788475, 43.351087435201585], [4.7356620341426385, 43.35108707120463], [4.73564686619129, 43.35108578959668], [4.734975981354304, 43.35100850055515], [4.73395185228961, 43.35099863032005], [4.732675257058483, 43.350988282271516], [4.7318022580418075, 43.35102402834287], [4.731795797883958, 43.351024210233064], [4.730586495053938, 43.35104281027856], [4.7305789241981655, 43.35104281355468], [4.7301976210724135, 43.35103728040782], [4.729874057825595, 43.35106200642074], [4.729850885027653, 43.351062709973576], [4.729397983967778, 43.35105570995647], [4.729380315358233, 43.35105481773869], [4.7293628447626, 43.351052696070134], [4.729345732453177, 43.35104936441464], [4.729329135415337, 43.35104485333628], [4.729313205907345, 43.35103920421889], [4.7292980900635415, 43.35103246888655], [4.729283926553718, 43.351024709128026], [4.729234247337906, 43.350994671991145], [4.729223983782852, 43.3509967121222], [4.7292056816672945, 43.35099894353246], [4.729187165244464, 43.350999825125], [4.729168620975503, 43.35099934802212], [4.72800140075224, 43.35092639055865], [4.727384100012567, 43.35091469473451], [4.727382744269711, 43.35091466541242], [4.726730007794964, 43.3508987972996], [4.725932358494091, 43.350991751961466], [4.725920578487575, 43.35099284294746], [4.725524277571872, 43.351020143013905], [4.72550769212381, 43.351020738978434], [4.725491100287657, 43.351020246730755], [4.7254746358684985, 43.3510186702406], [4.725458431643844, 43.35101602222156], [4.725227098303553, 43.35097016929753], [4.725212295861967, 43.35097174006588], [4.7251599744678, 43.35109004553449], [4.725153573496642, 43.35110241103414], [4.7251455453617455, 43.35111426018561], [4.725135967097134, 43.35112547928881], [4.725124930611452, 43.35113596068935], [4.72511254180607, 43.351145603811425], [4.725098919558918, 43.35115431612306], [4.725084194583764, 43.35116201402397], [4.725068508175955, 43.35116862364773], [4.725052010856565, 43.35117408157068], [4.7250348609280515, 43.351178335420386], [4.725017222955206, 43.35118134437835], [4.724999266186025, 43.351183079571605], [4.723826363467506, 43.351253979744314], [4.723804121996095, 43.35125434412469], [4.72378198153032, 43.35125275666412], [4.723094831172637, 43.351172792877925], [4.721556171334119, 43.35132521407198], [4.721540611547332, 43.35132626905092], [4.721524985259337, 43.351326361540714], [4.721509404069957, 43.35132549088084], [4.720729865707124, 43.35125764982502], [4.720420488868244, 43.351277615671776], [4.720401456704454, 43.35127812539231], [4.720382453641245, 43.351277203845456], [4.720363681261047, 43.35127486080697], [4.720345338699178, 43.35127112113145], [4.720327620531392, 43.351266024489036], [4.720310714709815, 43.3512596249443], [4.720212784066835, 43.35121774886114], [4.720119196644653, 43.35119885523311], [4.720104823276813, 43.35119548691133], [4.720090874324668, 43.351191274204524], [4.719924074045989, 43.35113497407959], [4.719903141398359, 43.3511266748309], [4.719834703111133, 43.35109521363865], [4.719773669207453, 43.35108812207004], [4.719591671187081, 43.351076638624846], [4.719574566952086, 43.351074969596056], [4.719557750406417, 43.35107214426401], [4.719380606609953, 43.35103595459672], [4.719176590997882, 43.35101818970145], [4.719161023126734, 43.35101633969836], [4.719145727939969, 43.35101352824187], [4.719130816726397, 43.35100977578833], [4.718957316406789, 43.35095997567501], [4.718943151179683, 43.35095540099541], [4.718785750929702, 43.35089870087114], [4.7187710056166665, 43.35089276511737], [4.718757061443038, 43.35088587503483], [4.718623162523933, 43.35081300991407], [4.718483623392363, 43.35075423430263], [4.717968803834422, 43.35062823685925], [4.717966202257111, 43.35062749464193], [4.717963537602805, 43.35062688309799], [4.7172348362204035, 43.35043048264764], [4.717232469067808, 43.350429831176186], [4.716649767983096, 43.35026613080274], [4.716646115753132, 43.350265072100804], [4.715882309219866, 43.35003677051129], [4.714964418392327, 43.349838912400564], [4.7149473511535955, 43.34983456082057], [4.714930947810882, 43.349829013727394], [4.714915365171649, 43.34982232414852], [4.714900752197705, 43.34981455603289], [4.71488724858119, 43.34980578363974], [4.714874983409185, 43.34979609082868], [4.714864073929706, 43.34978557025794], [4.714754115086903, 43.34966799921458], [4.714411472663891, 43.349588496518365], [4.714394942626225, 43.34958401724232], [4.714379072397867, 43.349578409296086], [4.714364006296437, 43.34957172367614], [4.714349881326993, 43.349564021179056], [4.714100881182841, 43.34941422089653], [4.714085560295111, 43.34940389096519], [4.714071931144452, 43.34939236749284], [4.713874531339032, 43.34920506721371], [4.713864323459765, 43.34919434561943], [4.713855583121901, 43.34918295430943], [4.713848392140388, 43.34917099991449], [4.7138428178269525, 43.34915859433631], [4.713838912360049, 43.34914585369985], [4.713836712296466, 43.349132897266415], [4.713836238229172, 43.34911984631723], [4.713837494594593, 43.34910682301813], [4.713841506901954, 43.349082266872436], [4.713418250020311, 43.34910749230181], [4.713399177641342, 43.34910790808845], [4.713380148095405, 43.34910688728122], [4.7133613640230765, 43.34910444075046], [4.712846362911758, 43.34901714054259], [4.712829428304315, 43.34901364228665], [4.712813026166624, 43.34900898488277], [4.712797305101383, 43.349003210526874], [4.712782407540678, 43.34899637153446], [4.712774821196103, 43.34899210370859], [4.712764815520024, 43.34899371570692], [4.712747129074641, 43.34899528365818], [4.712395228257134, 43.34901398370378], [4.712379598824887, 43.34901433044887], [4.712363985134082, 43.349013712259406], [4.71234849884416, 43.34901213355632], [4.711927897907828, 43.34895593342118], [4.711911572468457, 43.348953130305794], [4.711895873905036, 43.348960210661744], [4.711879147054352, 43.34896615125759], [4.71186168693268, 43.34897083526528], [4.711843670262052, 43.34897421527571], [4.711825279397713, 43.34897625707823], [4.711806700482382, 43.34897694000675], [4.711394699517604, 43.34897694000672], [4.711376386465325, 43.34897627653113], [4.711358253493078, 43.34897429269821], [4.711340478905349, 43.348971008015276], [4.710894178000198, 43.34887110778183], [4.710877625146746, 43.34886676384056], [4.710861712828456, 43.348861291656505], [4.710846585056705, 43.348854740754696], [4.710832378742333, 43.34884717042292], [4.7108301183789925, 43.348845706399324], [4.710825520606092, 43.34884582582525], [4.710807050970994, 43.34884495442547], [4.710360749946523, 43.34880745433441], [4.710345482306738, 43.348805696891546], [4.7103304691355925, 43.348803015028366], [4.709890868229726, 43.34871011481023], [4.709873906314756, 43.348705869626436], [4.709857587626699, 43.348700445375336], [4.709856497693818, 43.34869998528154], [4.709848242147584, 43.34870107521906], [4.709830748603526, 43.34870215007263], [4.709813194225772, 43.348702009357595], [4.709375493206078, 43.34868330931195], [4.709357590661522, 43.348681903522845], [4.709339960361559, 43.34867923365042], [4.709322769490537, 43.34867532501247], [4.7089021686894, 43.34856302475472], [4.708885529792746, 43.348557896611794], [4.708869655870373, 43.34855160821403], [4.708868903760677, 43.34855123668936], [4.708864860022567, 43.34855169826909], [4.708846309231774, 43.3485524386708], [4.7088277502713165, 43.348551816794924], [4.708809370504623, 43.34854983891969], [4.7079510686117585, 43.34842503862052], [4.707933848828125, 43.348421900864814], [4.707917120603356, 43.34841757270337], [4.707901038065262, 43.34841209401429], [4.70789350253171, 43.34840885146377], [4.7078904740012435, 43.34840892927121], [4.707872847339824, 43.348408152011544], [4.707855402663174, 43.34840615118018], [4.706939800653019, 43.348268150849826], [4.706939413683213, 43.348268092208855], [4.706542312812635, 43.348207592064085], [4.706532820728933, 43.34820595408753], [4.7059536195094624, 43.34809415382335], [4.705935820783903, 43.3480900055412], [4.705715720369696, 43.34802960540299], [4.705699476059396, 43.34802448757023], [4.705683976408681, 43.34801826006314], [4.705669363343038, 43.348010979905226], [4.705655770669615, 43.34800271375877], [4.705643322851979, 43.347993537314366], [4.705633381404283, 43.34798547071189], [4.705548507272527, 43.348016293880704], [4.705481818089098, 43.34807026636282], [4.705470193187816, 43.34807886702399], [4.705457560839929, 43.3480866744554], [4.705444022294918, 43.348093626079496], [4.705429686065666, 43.348099666178115], [4.705206885727376, 43.348184066361206], [4.705199865649955, 43.34818658950978], [4.704037463719909, 43.348582290386325], [4.704020862384263, 43.34858724127213], [4.704003681916616, 43.34859099517435], [4.7039860839376315, 43.34859351677918], [4.70396823399569, 43.34859478236523], [4.703950300009492, 43.34859478002684], [4.703932450688379, 43.348593509786035], [4.703890676403977, 43.34858903556187], [4.703853979672304, 43.348626320800136], [4.703841585872268, 43.34863758748183], [4.703827612484867, 43.348647822544685], [4.703812219701284, 43.34865690865313], [4.703795583985031, 43.348664741643226], [4.703777896048943, 43.34867123171689], [4.703353695312945, 43.34880663202015], [4.703345593532058, 43.348809052918014], [4.702295091569549, 43.3491019535868], [4.702275521869399, 43.349106518208075], [4.702255379063605, 43.34910947027704], [4.701918478298791, 43.34914477036245], [4.7019017396139775, 43.34914596031917], [4.701543638778768, 43.34915946035213], [4.701525270340995, 43.349159486087956], [4.701506989037713, 43.349158181708674], [4.700913487693144, 43.34909398155341], [4.700897219451999, 43.34909167382002], [4.7008812996960545, 43.34908831234411], [4.7008658563120225, 43.34908392412922], [4.700542155754121, 43.3489795238958], [4.700524598069023, 43.34897302493183], [4.700340497819449, 43.34889562476789], [4.7003224849754375, 43.34888699424445], [4.70020488487657, 43.348823194119284], [4.700193080314501, 43.3488161333816], [4.70003949444595, 43.34881976906122], [4.7000170366233895, 43.34881930405199], [4.69999482185826, 43.34881685477465], [4.69953424060029, 43.34874495329385], [4.698442862841273, 43.3488570237878], [4.698438574788962, 43.348857426842486], [4.698150311698113, 43.34888202503758], [4.69771422973108, 43.34893172409749], [4.697693508966895, 43.34893321961149], [4.697672689179755, 43.34893300552994], [4.696802487157186, 43.34888820542071], [4.69678585260975, 43.348886794157764], [4.6967694612506525, 43.34888429034952], [4.696336660333964, 43.34880309015728], [4.69631876333194, 43.34879901622477], [4.695649462061049, 43.34861901581194], [4.695634668287105, 43.34861449619797], [4.695620466818919, 43.348609058047415], [4.695517466680879, 43.34856535795508], [4.695500921417863, 43.34855744500481], [4.695485629189023, 43.348548287421806], [4.695471765020482, 43.34853799001894], [4.6954594875932845, 43.34852667065483], [4.695448937427241, 43.348514458884786], [4.695444637432132, 43.348508835798945], [4.692340139574846, 43.34850813995138], [4.6923219344997875, 43.34850747995689], [4.692303906924119, 43.34850551507065], [4.6911991044890256, 43.34834411468382], [4.691180071592131, 43.348340557181785], [4.69116166338389, 43.34833554594578], [4.691144087703053, 43.34832913755545], [4.691127542988484, 43.34832140436509], [4.690289542216661, 43.34788220349303], [4.690278063480688, 43.3478755571836], [4.690264504117991, 43.34787558363015], [4.687807398384349, 43.34778918341921], [4.687787288786475, 43.347787668567896], [4.6862460853122165, 43.3476089681365], [4.686229249917828, 43.34760642535153], [4.686212810915187, 43.34760275240036], [4.686196910425746, 43.34759798103705], [4.686181685915214, 43.347592152511865], [4.686167269005088, 43.347585317214694], [4.68526256817113, 43.34711131627349], [4.685248684570669, 43.34710327918126], [4.685235918999744, 43.347094309026986], [4.68523531898108, 43.34709379796631], [4.685218161374611, 43.34709234717008], [4.685200871436651, 43.34708964427968], [4.684072746801683, 43.34687163337776], [4.68193244378733, 43.34663623275314], [4.6819149853638615, 43.34663367966545], [4.681897944384799, 43.346629912867286], [4.681881478879995, 43.34662496729017], [4.6818657415425236, 43.34661888879699], [4.68185087831265, 43.346611733756845], [4.681837027024448, 43.34660356852213], [4.68182431612757, 43.34659446881325], [4.681812863496073, 43.346584519016496], [4.681802775335313, 43.34657381140137], [4.6817941451970615, 43.34656244526494], [4.681787053111981, 43.34655052601106], [4.681781564847469, 43.34653816417274], [4.681777731297811, 43.34652547438739], [4.681775588012238, 43.34651257433337], [4.681775154865311, 43.346499583639], [4.681776435872645, 43.34648662277301], [4.6817794191537265, 43.34647381192745], [4.681780347541562, 43.346470731601066], [4.680369464933867, 43.3460549222328], [4.680353544454573, 43.34604957640286], [4.680338388976856, 43.346043154556924], [4.680324134650847, 43.34603571438604], [4.680310909530969, 43.34602732272964], [4.6802988324255494, 43.346018054974735], [4.6802880118294885, 43.34600799437888], [4.680278544949603, 43.34599723132206], [4.680270516831369, 43.345985862494814], [4.680263999594932, 43.34597399002961], [4.680259051787242, 43.345961720583325], [4.6802557178561175, 43.345949164379014], [4.680254027750985, 43.34593643421581], [4.680253996653861, 43.345923644455496], [4.680256992442, 43.345875766687186], [4.677986049842441, 43.3463448401922], [4.677967971302048, 43.346347868502406], [4.677949567986721, 43.34634955964429], [4.67793102510544, 43.34634989659841], [4.677912529271804, 43.34634887597368], [4.677894266625915, 43.34634650804155], [4.677876420961053, 43.34634281663269], [4.677859171873952, 43.34633783889701], [4.677842692957345, 43.34633162492989], [4.677827150052897, 43.346324237268036], [4.677812699582191, 43.34631575026004], [4.677799486972497, 43.34630624931812], [4.677787645193214, 43.346295830058594], [4.677777293417678, 43.34628459733952], [4.677768535823844, 43.3462726642055], [4.677765419287825, 43.346267152248174], [4.676772292131168, 43.34645502316737], [4.676752483809328, 43.346457937757265], [4.676732357977518, 43.34645925741492], [4.676712155013334, 43.34645896637869], [4.675602637686165, 43.34639859906777], [4.675602131153381, 43.34639912151503], [4.675589820940084, 43.34640942416624], [4.675576145654134, 43.346418765015756], [4.675561245631933, 43.34642704820692], [4.6755452737784395, 43.346434188736794], [4.674773072662179, 43.34674128939593], [4.674754659717608, 43.34674767781881], [4.674735394958367, 43.34675254793291], [4.674715512613115, 43.34675584052538], [4.674695254419525, 43.346757515563574], [4.673261151078179, 43.346817915710986], [4.673243435561822, 43.346818041257436], [4.673229459884739, 43.34681716046], [4.673214181501616, 43.346822297148115], [4.673196932308021, 43.346826650550696], [4.673179179039585, 43.346829741630344], [4.6721046766528165, 43.346976341982625], [4.672087551483432, 43.346978078208004], [4.672070278966658, 43.34697863945155], [4.672053010131354, 43.346978020805864], [4.670891207448377, 43.346896520607544], [4.670887689432633, 43.346896148883474], [4.670876830002501, 43.34690122110321], [4.6708604903912185, 43.34690728072781], [4.670843409013861, 43.34691212998807], [4.669568806495964, 43.34722183070634], [4.669550470055146, 43.34722553305148], [4.669531709374485, 43.34722784068547], [4.669512723081786, 43.34722872917627], [4.669493712193562, 43.34722818911704], [4.669474877986735, 43.347226226225665], [4.669456419867589, 43.34722286128414], [4.668745959625399, 43.34706459335712], [4.667174159529505, 43.34726590879191], [4.667158345175365, 43.34726742442147], [4.667142410677766, 43.347267939743524], [4.667126474612419, 43.347267450923276], [4.667110655566703, 43.34726596159831], [4.666293953738833, 43.34716276134978], [4.666274855241752, 43.34715957931623], [4.666256325241759, 43.347154940491656], [4.666238571741463, 43.347148896947765], [4.666221794026937, 43.34714151652449], [4.66570736467715, 43.34688717055966], [4.663197461748848, 43.34693339690155], [4.663180104684395, 43.346933121346574], [4.663162859547023, 43.34693165892032], [4.663145878376881, 43.34692902251618], [4.66312931088683, 43.34692523537775], [4.663113303142478, 43.346920330893994], [4.663097996274397, 43.34691435230482], [4.663083525233833, 43.3469073523199], [4.6630700176029105, 43.346899392653896], [4.663057592469811, 43.346890543482374], [4.6629041879945206, 43.34677052182514], [4.662096815361023, 43.34666407587394], [4.661368113793132, 43.34669639137319], [4.661349964257, 43.346696544802924], [4.661331881558271, 43.346695398785045], [4.661314039953764, 43.34669296436331], [4.661296611376901, 43.346689264997494], [4.661279763780825, 43.34668433633704], [4.661263659519848, 43.34667822587782], [4.661248453784888, 43.34667099250422], [4.66123429310792, 43.346662705921744], [4.661221313949897, 43.34665344598526], [4.661209641385709, 43.34664330192951], [4.66061437544204, 43.34607114801706], [4.660379752432201, 43.34592747045917], [4.6603674900837735, 43.34591924674458], [4.660356291371067, 43.3459102511505], [4.660346247143659, 43.3459005566541], [4.6603374388851835, 43.3458902419025], [4.660329938052306, 43.345879390574474], [4.660323805495047, 43.34586809070184], [4.660231398733233, 43.345672521702404], [4.660206971001907, 43.34567233232541], [4.659938982038314, 43.34567032836095], [4.659598119199034, 43.34637748032277], [4.659591602583775, 43.34638921055284], [4.659583608606988, 43.34640044355326], [4.659574207606225, 43.346411080485694], [4.659563482299458, 43.346421027756485], [4.659551527057285, 43.346430197840284], [4.659538447072574, 43.346438510050056], [4.659524357434883, 43.346445891247164], [4.659509382117795, 43.34645227648483], [4.659493652888074, 43.34645760957967], [4.657263448861437, 43.34712281108483], [4.657246421961047, 43.347127194457144], [4.657228890432388, 43.34713034496997], [4.6572187176826745, 43.347131419581046], [4.657206141882175, 43.34713858606645], [4.657190888931909, 43.34714564635511], [4.657174764835564, 43.34715158684348], [4.6547146606142356, 43.34795038862747], [4.654698149527224, 43.347955071773875], [4.654681100134306, 43.347958580355794], [4.654663668920709, 43.34796088217022], [4.654655848106625, 43.34796135794851], [4.654647472790757, 43.34796608049693], [4.654632179965423, 43.34797308019021], [4.6530203777101455, 43.34863308159716], [4.653004454862905, 43.34863888470995], [4.652987841257125, 43.348643543729175], [4.652970690819458, 43.348647015488545], [4.65295316245046, 43.348649267821806], [4.651549459241994, 43.348779168136815], [4.651531602581394, 43.348780182374924], [4.651513695229841, 43.348779931054196], [4.651495905207149, 43.34877841653268], [4.651478399432245, 43.34877565302076], [4.651461342156976, 43.34877166644769], [4.651461008800898, 43.348771561625426], [4.651456785524112, 43.34877320895029], [4.65143987582688, 43.34877830842079], [4.649163671443744, 43.34937030978391], [4.649146028042853, 43.34937418703381], [4.649127943462168, 43.349376763560905], [4.649109597285339, 43.34937801377971], [4.649091171693771, 43.349377925275284], [4.649072849657492, 43.349376498926496], [4.649065944774084, 43.34937544614006], [4.649056446975507, 43.349379721777126], [4.648451846110731, 43.34962252229709], [4.648436943539179, 43.34962788506772], [4.648421441453552, 43.34963224989753], [4.6484054650325595, 43.34963558154066], [4.648389143285233, 43.3496378530942], [4.648372608009161, 43.34963904621541], [4.646380303363865, 43.349717046405814], [4.646362698944648, 43.3497171230009], [4.646353852852753, 43.349716545093635], [4.646349032111619, 43.34971936140335], [4.646333374268787, 43.349726752963825], [4.646316775862022, 43.34973295600773], [4.646299405714938, 43.34973790744328], [4.646281440500733, 43.34974155690896], [4.644766637214535, 43.349989957501364], [4.644746270088652, 43.34999243489967], [4.644725651452384, 43.349993239714074], [4.6436749424752035, 43.349991374587084], [4.64366030549391, 43.34999947149803], [4.643644555010443, 43.350006498702164], [4.643627922842866, 43.35001234476389], [4.642175720265957, 43.35045904577005], [4.64216076275331, 43.35046310137181], [4.6421453818046485, 43.35046620082012], [4.642129691956191, 43.35046832103446], [4.642113810044468, 43.35046944622641], [4.640995190482529, 43.350513253333176], [4.6409965593444085, 43.350517831097505], [4.6409996125371205, 43.35053126391919], [4.6410007951440955, 43.35054485289672], [4.641000095122546, 43.35055845966526], [4.640997519598864, 43.35057194567867], [4.640993094796124, 43.35058517362034], [4.640986865767115, 43.350598008801235], [4.640978895935667, 43.35061032053144], [4.640969266450895, 43.350621983450715], [4.640958075360963, 43.35063287880512], [4.640945436614774, 43.35064289565615], [4.640931478901728, 43.35065193201027], [4.640916344341409, 43.35065989585755], [4.640900187036486, 43.35066670610844], [4.640883171503601, 43.35067229341959], [4.640865470998215, 43.350676600899845], [4.640847265750462, 43.350679584689495], [4.6403297645915424, 43.35074458484608], [4.640311382868599, 43.35074620717401], [4.640292870971243, 43.350746479851914], [4.640274414511411, 43.350745400145755], [4.640256198545172, 43.35074297888136], [4.640238405717211, 43.35073924033581], [4.640221214429471, 43.35073422199417], [4.639743913628101, 43.350574221638766], [4.639727351050169, 43.350567911443164], [4.639711745624348, 43.35056041374351], [4.639697256677496, 43.35055180508937], [4.639684032137326, 43.35054217337274], [4.639672207022097, 43.35053161693085], [4.6396619020621355, 43.35052024354208], [4.639547902315325, 43.350379443367025], [4.63954276040863, 43.35037232079802], [4.639096138784336, 43.35043326776262], [4.639096708431557, 43.350442208233915], [4.639095663709661, 43.35045593689916], [4.639073364190067, 43.35060823693869], [4.639070438979763, 43.350621718098694], [4.639065662542048, 43.350634914647394], [4.6390590837444945, 43.3506476915679], [4.639050769895155, 43.350659918136515], [4.639040806053961, 43.35067146926024], [4.639029294162491, 43.35068222675663], [4.639016352001, 43.350692080563], [4.639002111983405, 43.35070092986248], [4.638986719802538, 43.350708684115496], [4.638970332939503, 43.35071526398619], [4.638681632475099, 43.35081766421133], [4.6386634119108185, 43.350823269089496], [4.638644475392526, 43.35082742210936], [4.638625039455209, 43.35083007578205], [4.63860532634473, 43.35083119976333], [4.638585561476432, 43.35083078120071], [4.63815576823589, 43.35080484472383], [4.638154417085604, 43.35080614031107], [4.638141935227568, 43.35081592481044], [4.63812818797006, 43.35082476003459], [4.638113310231251, 43.35083255927265], [4.638097448024301, 43.35083924598101], [4.638080757024347, 43.35084475453472], [4.636798854664396, 43.351213155372605], [4.636783868423621, 43.35121692909248], [4.636768494312963, 43.35121975219397], [4.636752845338496, 43.35122160392614], [4.635415042271013, 43.35133720420678], [4.635396547931631, 43.35133811943186], [4.635378020952681, 43.351337678812015], [4.6353596475180625, 43.351335886775196], [4.635341612268626, 43.35133276133014], [4.6353367108808055, 43.35133152241503], [4.635325398953306, 43.351334863007025], [4.633974396325726, 43.351677463798076], [4.633957634920107, 43.351681076129495], [4.63394048104142, 43.35168351755591], [4.633923087926178, 43.35168476626798], [4.633905610948057, 43.35168481111083], [4.632632107974347, 43.35164411101143], [4.632613994820779, 43.35164287838541], [4.632596135295866, 43.35164035291759], [4.632578702254212, 43.35163655905091], [4.632561864422588, 43.35163153350457], [4.6325457847668705, 43.35162532491868], [4.632535168030475, 43.35162019253506], [4.632002188162682, 43.35184582200432], [4.631984251770964, 43.351852490662004], [4.6319654283123155, 43.35185769702579], [4.631945940863014, 43.35186137939512], [4.6319260203684305, 43.351863494130264], [4.629875815625614, 43.35199849445894], [4.629858229669349, 43.35199903845917], [4.6298406525051075, 43.35199835980775], [4.629823243396946, 43.351996464653865], [4.629806160086165, 43.351993370169225], [4.629789557362001, 43.351989104392494], [4.629780178547565, 43.351985934364386], [4.629236050689833, 43.35222252319141], [4.629219207520856, 43.35222901330998], [4.629201538823405, 43.35223420464375], [4.629183232060077, 43.35223804211329], [4.628101629725886, 43.35242134254974], [4.628082904734237, 43.352423782891385], [4.628063935269662, 43.352424806614636], [4.628044922049484, 43.35242440288738], [4.628026066254026, 43.35242257598147], [4.62696846390271, 43.3522793756373], [4.626951039412246, 43.352276372972874], [4.626934094518107, 43.35227215471645], [4.6269192814257485, 43.3522672544266], [4.623444215985554, 43.353228087332134], [4.6234237685963935, 43.353232771377996], [4.621996065558484, 43.35349457199867], [4.6219895818014045, 43.35349567075192], [4.618741512139616, 43.35400126455388], [4.617617232459056, 43.35435681362633], [4.617600650193772, 43.35436138202293], [4.617583544718711, 43.35436477096039], [4.617566073184315, 43.35436694930404], [4.617548396104133, 43.35436789704109], [4.617530675880141, 43.35436760546456], [4.616431595313691, 43.354310973311726], [4.615575979353213, 43.35434149967799], [4.609020307332049, 43.35513313119675], [4.602942030111754, 43.35650461843371], [4.600468841761233, 43.357062660970804], [4.600234421482853, 43.35789195938149], [4.6002299161609175, 43.35790471485499], [4.600223727908508, 43.35791708903911], [4.600215915690865, 43.357928964023394], [4.600206553947717, 43.35794022665394], [4.600195731883992, 43.3579507696119], [4.6001835526198285, 43.35796049243583], [4.60017013220799, 43.357969302479134], [4.600155598528025, 43.35797711579293], [4.600140090067746, 43.3579838579258], [4.598576315668628, 43.35859026063764], [4.59662149039738, 43.359371439188486], [4.596440694210166, 43.35985398460259], [4.596434943367721, 43.35986678412424], [4.596427472309256, 43.35987910154949], [4.596418355475237, 43.359890814147604], [4.59640768370478, 43.35990180521429], [4.5963955633305575, 43.35991196523454], [4.596382115119323, 43.35992119297381], [4.5963674730686, 43.35992939648683], [4.59635178307154, 43.3599364940336], [4.594752580795502, 43.360581595413656], [4.594734925140956, 43.36058784911016], [4.594716460629077, 43.360592702457986], [4.594697395197431, 43.360596100801246], [4.593628527337684, 43.36074326743326], [4.591861483930501, 43.36110989586783], [4.591842540777255, 43.361113051767596], [4.591823248368425, 43.361114740132784], [4.591803819656463, 43.361114942326964], [4.591784469098391, 43.36111365611833], [4.591765410288532, 43.361110895704186], [4.591746853600786, 43.36110669155444], [4.590742530676851, 43.360836183429456], [4.588847805183121, 43.361632433213146], [4.5888281610526835, 43.36163959081254], [4.588807492744401, 43.361644999325044], [4.587187189414863, 43.36199130013741], [4.587170471426692, 43.361994264662776], [4.587153448212677, 43.361996082893334], [4.587136267085383, 43.36199673909478], [4.585184675412154, 43.36200493720485], [4.5844241536923045, 43.362156814324955], [4.5828936739151604, 43.36274087173932], [4.578737264529983, 43.3646499113086], [4.572605989699788, 43.36762226317674], [4.57031594937375, 43.36891056192987], [4.570304509575966, 43.36891650609149], [4.570292484529512, 43.36892179987772], [4.569375040950142, 43.36929176891155], [4.567533429440372, 43.37039884192803], [4.567532897922915, 43.370399130697265], [4.567532404583338, 43.37039945351441], [4.5598053275231365, 43.374976400076235], [4.556563222418314, 43.37731464152322], [4.555209874730035, 43.37890442471026], [4.55363512858838, 43.381179983843225], [4.5526600183287265, 43.38345443283759], [4.5524960705759225, 43.38464979408494], [4.552487985843746, 43.38574823871388], [4.552870783244722, 43.3865811414017], [4.553456354900315, 43.387051263235485], [4.553467159977938, 43.387060779084436], [4.555525093014738, 43.38905205839903], [4.557167870464284, 43.390391604384675], [4.5590391509935415, 43.390338856516024], [4.559056898497338, 43.39033897730038], [4.559074548495481, 43.390340337532635], [4.559091938608843, 43.39034292469874], [4.5591089088491685, 43.3903467149969], [4.55912530309094, 43.390351673556545], [4.559140970507693, 43.390357754759165], [4.559155766959599, 43.39036490265797], [4.561169171179187, 43.39144226959532], [4.563932125273929, 43.39260822790712], [4.566330945676789, 43.39324337279362], [4.566869626511471, 43.39312334541121], [4.566888415356002, 43.393119931379495], [4.566907590546669, 43.39311796780803], [4.566926942126376, 43.3931174761968], [4.566946258206706, 43.39311846192863], [4.566965327287935, 43.39312091421034], [4.56805052494203, 43.39330361377517], [4.568065337893949, 43.39330658483487], [4.56807976184307, 43.39331044169983], [4.568093697371048, 43.39331515778637], [4.572478408247514, 43.39496353486703], [4.574547843351369, 43.3946852925393], [4.574566003015132, 43.394683523233134], [4.574584313597638, 43.39468307205244], [4.574602595621533, 43.39468394341963], [4.57462066988939, 43.394686128793744], [4.574638359240119, 43.39468960675402], [4.5771674541908745, 43.39528620536642], [4.577186894118874, 43.395291690599066], [4.577205364785212, 43.39529873526978], [4.579494961820193, 43.39629553317763], [4.579508637761714, 43.39630210226461], [4.5795214637399875, 43.39630952726987], [4.581316459703467, 43.3974465731256], [4.581668278273817, 43.39729459816448], [4.581684036124709, 43.397288518964665], [4.581700523036757, 43.397283573591835], [4.5817175860137045, 43.397279807938304], [4.581735066713606, 43.397277256948755], [4.581752802918189, 43.39727594429598], [4.581770630038183, 43.397275882161196], [4.581788382640659, 43.39727707112098], [4.58180589598418, 43.397279500142], [4.581823007547554, 43.397283146683286], [4.581839558537965, 43.39728797690553], [4.581855395364538, 43.397293945984984], [4.582773859325278, 43.397682089868894], [4.583788573495081, 43.39789680101428], [4.583805529391518, 43.39790104811311], [4.583821842129537, 43.397906471663106], [4.583837358611466, 43.397913020763475], [4.583851933212476, 43.397920633949916], [4.583865429147287, 43.397929239771514], [4.584863129027745, 43.39863043853737], [4.58487947866724, 43.39864354441104], [4.584956678732313, 43.39871424430341], [4.584970202143839, 43.398728399297084], [4.585028502266068, 43.39879859920819], [4.585036331169741, 43.398809038738676], [4.585081231315825, 43.39887573866685], [4.585088479659336, 43.398888006633534], [4.585094029099204, 43.398900737038346], [4.585124929345791, 43.39898603698508], [4.585128737292905, 43.39899915863292], [4.585130740090268, 43.39901249110086], [4.58513091795221, 43.39902590268555], [4.585129269120464, 43.39903926090204], [4.585086969805992, 43.39925896097672], [4.58508629467408, 43.39926218421199], [4.585049969356961, 43.39942259907591], [4.585037239573194, 43.39953052846816], [4.585068306375034, 43.39953459673717], [4.58513917907114, 43.399520505088226], [4.58528463649652, 43.39945527377693], [4.585594931033571, 43.39930141212725], [4.585597135763958, 43.39930043065686], [4.585599240538547, 43.399299338725775], [4.585604882526369, 43.39929698206323], [4.58561043215932, 43.39929451155588], [4.585612758205261, 43.399293692385434], [4.585614999625154, 43.399292756142266], [4.5856209312343275, 43.39929081406524], [4.585626786236542, 43.399288752090946], [4.585629211196972, 43.3992881031095], [4.58563156767624, 43.39928733157072], [4.585637731782184, 43.399285822782424], [4.585643835767295, 43.39928418919895], [4.585646336288873, 43.399283716656434], [4.585648785133225, 43.399283117252395], [4.5856551223724535, 43.39928205628312], [4.585661416556209, 43.39928086682268], [4.585663968557494, 43.399280575269984], [4.585666486183567, 43.39928015377317], [4.5856729355258175, 43.39927955084054], [4.58567935929175, 43.399278816958244], [4.585681938195755, 43.39927870920311], [4.585684500357574, 43.399278469672765], [4.585690999692306, 43.3992783305833], [4.585697491176729, 43.39927805934679], [4.58570007214739, 43.39927813642695], [4.585702654170088, 43.399278081169875], [4.585709140905728, 43.3992784072631], [4.5857156375924, 43.39927860128451], [4.585718195773752, 43.399278862457656], [4.585720772791194, 43.399278992006], [4.586664277453762, 43.399360492397975], [4.587009176662293, 43.39939029232562], [4.587026550654201, 43.39939240897331], [4.587043569969738, 43.399395720462955], [4.587060080426229, 43.399400196794886], [4.587075932450803, 43.39940579741686], [4.587090982435388, 43.399412471591226], [4.587105094037678, 43.39942015885483], [4.587118139416295, 43.399428789566606], [4.587130000388916, 43.3994382855385], [4.587140569502947, 43.399448560743735], [4.588055270916088, 43.40043205939437], [4.588057526793811, 43.40043454348984], [4.591538232963691, 43.40436053827979], [4.5915482940542045, 43.40437337794337], [4.591556367911768, 43.40438694315102], [4.591562357584991, 43.40440107101323], [4.591824359819174, 43.4051651705602], [4.591827552706828, 43.405176539452384], [4.591829394085361, 43.4051880663133], [4.59182987033643, 43.40519966589852], [4.5918265942503265, 43.405382195873585], [4.591840051421994, 43.40549257696572], [4.591881358358803, 43.40563275436598], [4.591884201432736, 43.405645218697416], [4.591885433059552, 43.405657822266924], [4.5918850424401185, 43.40567045457491], [4.591883032998059, 43.40568300486973], [4.591879422349786, 43.4056953631186], [4.591874242150088, 43.40570742097253], [4.591867537814626, 43.40571907271605], [4.59185396747112, 43.405739869965146], [4.591860820302515, 43.405744691039914], [4.591872892709481, 43.40575403235113], [4.5918836933045055, 43.40576416761823], [4.591893124383898, 43.4057750051568], [4.5919011006325565, 43.40578644692961], [4.592080801313887, 43.406077746637514], [4.5920881358281465, 43.40609163718165], [4.592093327522255, 43.40610603215367], [4.592109727698484, 43.40616443212506], [4.592112248558735, 43.406175900732876], [4.592113407424969, 43.40618748490511], [4.592113195711204, 43.406199098823414], [4.5921090958807875, 43.40625209883071], [4.592108948425945, 43.40625311478606], [4.592108917068809, 43.406254136157834], [4.592107993026667, 43.406259697431075], [4.592107184481373, 43.40626526825957], [4.592106901152689, 43.406266268785295], [4.59210673263451, 43.40626728299806], [4.592104708884097, 43.40627589703004], [4.592112448811103, 43.406304330169895], [4.59211499167328, 43.40631660445016], [4.5921159767641075, 43.40632899716134], [4.592115395746802, 43.40634140343707], [4.5920921964173615, 43.406552003478296], [4.592090346468858, 43.406563057503114], [4.592087252717644, 43.40657396268192], [4.592082936231138, 43.406584644751625], [4.5920350365076, 43.40668734483247], [4.592028293752972, 43.40669975193212], [4.592019903073348, 43.406711612783724], [4.592007493763915, 43.4067272092483], [4.592005967495724, 43.40679656500031], [4.592005026050393, 43.406808163936695], [4.592002719548158, 43.40681966083252], [4.591978412495825, 43.40691265895626], [4.591969235653022, 43.40711420385003], [4.591999966624915, 43.407268819306296], [4.592164982752237, 43.40766432805682], [4.592169892758302, 43.40767900010307], [4.5921725233291, 43.407693980262124], [4.59219982421769, 43.407972480213594], [4.592200189959476, 43.40797755164909], [4.592235092381249, 43.40873205158693], [4.5922351951631875, 43.40873728673927], [4.592229397834065, 43.40956798674962], [4.592227874990507, 43.409584588148434], [4.591872981271162, 43.41158748877569], [4.5918693775438495, 43.4116017470982], [4.58978449616521, 43.417922550710564], [4.589780249926455, 43.41793340412486], [4.58878565588176, 43.42012370580735], [4.588783717175868, 43.42012775792199], [4.587167725572486, 43.42333996062536], [4.587164591061999, 43.42334577136966], [4.586350194512448, 43.42475857270745], [4.586343843414788, 43.42476845171043], [4.585311646440408, 43.42621835334286], [4.585305065147549, 43.42622683398581], [4.584708581886888, 43.42693454690003], [4.584218657813514, 43.42768648748458], [4.584211039797439, 43.42769696504562], [4.584202189203943, 43.427706914762965], [4.583291029369887, 43.4286387921928], [4.581923897402183, 43.430265390221855], [4.581912379665096, 43.430277545609044], [4.580605180915705, 43.43150724745008], [4.580600186123634, 43.43151174354115], [4.578354787477004, 43.43344654659546], [4.578353117009, 43.43344785039478], [4.578351579104035, 43.43344923811541], [4.576951779664265, 43.434592639976195], [4.576941158976548, 43.43460062666715], [4.573896658473746, 43.436708730403], [4.573889573981197, 43.43671338852964], [4.570886272556634, 43.43858799200999], [4.5708758149849995, 43.43859405637194], [4.567731215502361, 43.44028615796957], [4.564586915904723, 43.44197805962865], [4.564573658562816, 43.44198456793292], [4.55928075195044, 43.44434737285811], [4.559270600338485, 43.444351589236035], [4.552876390789189, 43.44681569456081], [4.552863197883223, 43.44682030181796], [4.542869680367829, 43.44996230887026], [4.5428593944094, 43.44996527994348], [4.536739982683688, 43.451580283655446], [4.536726256431623, 43.45158347161509], [4.530319043051062, 43.452873674655144], [4.530316062474228, 43.45287425532411], [4.5235033480342235, 43.45415705836025], [4.523499871889652, 43.4541576867269], [4.519122662464766, 43.45491618853081], [4.519114678038166, 43.45491743714063], [4.514001266689362, 43.455631438854866], [4.513992575326273, 43.45563249678282], [4.505849256798243, 43.456478898831186], [4.5058441718859825, 43.45647937494809], [4.492103840278079, 43.45762447772926], [4.4921006771485406, 43.45762472111435], [4.485152461075596, 43.45811522230786], [4.485146161133327, 43.45811558794429], [4.476160740175434, 43.45852448894196], [4.476153218665699, 43.4585247192715], [4.470375564216203, 43.458615883908706], [4.464261007148332, 43.45882080869575], [4.464252434308152, 43.458820951046974], [4.460617025778919, 43.45881995104454], [4.4606117781954016, 43.45881976171773], [4.460606524348581, 43.45881973098656], [4.458192659294606, 43.45871916162303], [4.455357097518696, 43.45867121464176], [4.4553346530332805, 43.45866983712885], [4.45272874711234, 43.45839283645882], [4.452728535336359, 43.45839281385393], [4.452471934753642, 43.45836531378741], [4.452451401923781, 43.45836224005481], [4.452431477215128, 43.45835749629664], [4.452173435601669, 43.45828404841774], [4.449976281064506, 43.45780109683582], [4.44997242326984, 43.45780021524497], [4.4471654176726325, 43.457134113696675], [4.447162295955504, 43.45713335044394], [4.446626394909077, 43.456998450132254], [4.446610858026288, 43.45699395777667], [4.44606255709099, 43.456814157375874], [4.446046075681306, 43.45680801361829], [4.446030518391859, 43.456800702148605], [4.4456403199845225, 43.4565965063911], [4.445268571053683, 43.45641425880372], [4.445253519470307, 43.45640604132134], [4.44523968935654, 43.456396754327066], [4.445227223292652, 43.45638649356472], [4.4452162497961005, 43.456375364817134], [4.445206881996605, 43.45636348281551], [4.445199216469856, 43.45635097005652], [4.445140616751891, 43.45624056995919], [4.445135218952233, 43.45622882454835], [4.445131322163967, 43.45621676808388], [4.445128959212987, 43.45620450213037], [4.445128150003975, 43.45619213001714], [4.44512890135276, 43.45617975596767], [4.445136901557951, 43.45611525598187], [4.445139814219881, 43.45610069179838], [4.4451448867335985, 43.45608644529486], [4.445152058763102, 43.45607268592466], [4.445161245000111, 43.45605957734691], [4.445218392001669, 43.455987964040844], [4.445246841788317, 43.45589556463742], [4.44525294968086, 43.455880107287804], [4.445261538765585, 43.45586528913608], [4.445588134579853, 43.45538407382964], [4.445544982539197, 43.45536990388156], [4.445455951152664, 43.45534579315627], [4.4454389196780495, 43.45534045990532], [4.445422705203774, 43.45533391328278], [4.445407470112183, 43.45532621885094], [4.445393366977249, 43.455317453666986], [4.4453931917774545, 43.455317320550655], [4.445310653164156, 43.45534062816201], [4.445291998937042, 43.45534508312345], [4.4452728023067785, 43.45534807499564], [4.44525327885389, 43.4553495701795], [4.4448396778874715, 43.45536517021759], [4.444821075401853, 43.45536519048101], [4.444802563921945, 43.45536385149866], [4.443823711319046, 43.45525665986816], [4.4432267831547065, 43.4552484243571], [4.442579162670536, 43.45527562697089], [4.442560058417692, 43.45527571051662], [4.442541043948821, 43.45527436023541], [4.442522321500231, 43.455271590488756], [4.442206620830502, 43.45521239034861], [4.442187863681258, 43.455208087810526], [4.44216983830453, 43.45520236100458], [4.442152747829439, 43.45519527446665], [4.4419249475649085, 43.45508877424754], [4.441912575326085, 43.45508245666578], [4.441900950959999, 43.455075425592995], [4.441754950912426, 43.45497952541888], [4.44174240791836, 43.454970460012085], [4.441731107534666, 43.45496056530463], [4.4417211525628995, 43.45494993131095], [4.441712633564947, 43.45493865477098], [4.44170562803917, 43.45492683826989], [4.441700199715413, 43.454914589305005], [4.441696397975272, 43.45490201930776], [4.441694257402881, 43.45488924263003], [4.441693797470351, 43.4548763755038], [4.441701498303185, 43.45461757551752], [4.441702816458565, 43.454604167691784], [4.4417059590610135, 43.454590921912924], [4.4417108949291695, 43.45457796960222], [4.441714862601518, 43.45457052722823], [4.441619271921446, 43.45452582450854], [4.441613798397131, 43.45453045020771], [4.441424698430097, 43.45467545045189], [4.441412019734004, 43.4546842928366], [4.4413982491690644, 43.45469222135681], [4.44138351036326, 43.45469916483237], [4.441215410137582, 43.45477036498282], [4.441198203907408, 43.454776801845156], [4.441180170137568, 43.454781896599975], [4.4411615054404265, 43.4547855937018], [4.441142413307163, 43.45478785284314], [4.440874712690301, 43.45480915289493], [4.440854904914367, 43.45480995047745], [4.4408350936415575, 43.45480920040237], [4.44081550607527, 43.45480691127187], [4.440796366853304, 43.45480310933858], [4.440502466270542, 43.454732209174004], [4.440486387048968, 43.45472771590089], [4.44047095010015, 43.454722154243704], [4.440456288842484, 43.45471557227086], [4.4401466885218746, 43.45456167196009], [4.440133972529063, 43.45455475113108], [4.440122116501194, 43.454547062677506], [4.440111207486371, 43.45453866304891], [4.439849307618143, 43.45431886269672], [4.439838023433476, 43.454308390559234], [4.439828210563177, 43.45429715938773], [4.439819964509342, 43.45428527848873], [4.439813365524993, 43.45427286349208], [4.439808477833061, 43.4542600352256], [4.4398053490013725, 43.454246918539134], [4.439696145818171, 43.45360185857487], [4.439415490977641, 43.45408490301664], [4.439407468758816, 43.454096995602], [4.4393978363002375, 43.45410844738166], [4.439386689010276, 43.45411914492593], [4.439374137301868, 43.45412898227582], [4.4393603054988775, 43.454137861992436], [4.43934533060469, 43.454145696122204], [4.439329360945193, 43.454152407068044], [4.439312554699599, 43.454157928358], [4.439295078333663, 43.45416220530365], [4.438806777318265, 43.45426230553921], [4.438789975867644, 43.454265142141104], [4.438772885108654, 43.45426682811415], [4.438755653187231, 43.45426734884403], [4.438738429472962, 43.45426669981693], [4.438721363264291, 43.454264886658734], [4.438704602494342, 43.454261925086286], [4.438688292448586, 43.45425784077104], [4.438672574505453, 43.45425266911661], [4.438657584910815, 43.45424645495192], [4.437819548000249, 43.45386033760288], [4.437528647654475, 43.45372623732588], [4.4375141671873095, 43.453718833775], [4.437500722186571, 43.453710457683904], [4.437488435275755, 43.453701185446064], [4.437477418515927, 43.45369110162805], [4.437467772383707, 43.45368029819843], [4.437459584854883, 43.45366887368879], [4.437351285246468, 43.45349837351377], [4.437344259217833, 43.45348565352777], [4.437339041158698, 43.45347247981401], [4.437335684933548, 43.45345898836397], [4.437300985548114, 43.453263288302665], [4.43729955058149, 43.453250237997544], [4.437299858194244, 43.45323714780708], [4.437312505838477, 43.4530969864715], [4.43716836269401, 43.453170736064365], [4.437154388234457, 43.45317722600784], [4.437139673504336, 43.453182780086294], [4.436912973124949, 43.45325918025582], [4.436895251150754, 43.45326436260141], [4.436876890982781, 43.45326818821846], [4.436858087743676, 43.4532706164502], [4.436839041264932, 43.45327162149056], [4.436819953963118, 43.453271192658505], [4.436469253148782, 43.45325009260707], [4.436452344658608, 43.453248501762175], [4.436435708549175, 43.4532457851412], [4.436419485741207, 43.45324196575604], [4.436403813654373, 43.453237075959876], [4.436388825043212, 43.45323115717304], [4.436374646872591, 43.45322425953225], [4.435960346514538, 43.453001959094706], [4.435943111759331, 43.45299148074209], [4.435927743349691, 43.452979560569005], [4.4356281435507405, 43.45271696015864], [4.435618448253165, 43.45270767301226], [4.435609890363831, 43.45269781045756], [4.435602533856506, 43.45268744622195], [4.435455134388032, 43.45245574598381], [4.435449129992233, 43.45244514954288], [4.435444381730726, 43.45243422007656], [4.43544092386746, 43.4524230364546], [4.435400624364563, 43.452260836383985], [4.4353978457416545, 43.452242801700244], [4.4353892483246895, 43.45210210118571], [4.4352310984274155, 43.452166707906315], [4.435213485352661, 43.452173033720534], [4.435195052047779, 43.452177965614766], [4.434776351198251, 43.45227196583439], [4.434756628152888, 43.45227554362331], [4.434736485785789, 43.45227752562945], [4.434716166605701, 43.45227788798995], [4.4346959152501935, 43.45227662634208], [4.434315614384397, 43.45223752624742], [4.434297566059311, 43.45223499980858], [4.43427995021214, 43.452231182852415], [4.434262940250035, 43.45222611295233], [4.434246703615808, 43.45221984001552], [4.433971103257444, 43.45210023976435], [4.433955597319369, 43.45209271629404], [4.433941207119256, 43.452084096171674], [4.433928078216847, 43.45207446659191], [4.433688578306962, 43.451880166274535], [4.433677111450919, 43.45186989096913], [4.433667082190083, 43.45185884634547], [4.433658587101766, 43.45184713875938], [4.433651707989593, 43.45183488095058], [4.433586935487337, 43.45170106720982], [4.433321051382517, 43.45174150285402], [4.433300183226437, 43.451743781962435], [4.433279094679889, 43.451744317210974], [4.433258059407874, 43.45174310165374], [4.4330045588297535, 43.45171780159247], [4.432986030613015, 43.45171524659367], [4.4329679549650916, 43.45171133245999], [4.432950519213296, 43.45170609975564], [4.432933904053234, 43.451699602709915], [4.4326429036822805, 43.451571502441865], [4.432627824058745, 43.45156410489347], [4.432613812412714, 43.451555666063236], [4.432601003706416, 43.45154626723557], [4.4324040037790775, 43.451386766974785], [4.432392276940328, 43.45137625608582], [4.432382055440447, 43.451364941710175], [4.432168655919743, 43.45110074138261], [4.432159686625272, 43.45108817040988], [4.432152575800758, 43.45107498363178], [4.432083976207745, 43.45092508351586], [4.432079098410546, 43.450912389151384], [4.432075943922915, 43.450899408630754], [4.432074542843949, 43.45088626581471], [4.432065043620595, 43.45064476579781], [4.432065315166933, 43.450632637132024], [4.432067080522947, 43.45062057522894], [4.4320703254242, 43.4506086775448], [4.432075023652058, 43.45059704020893], [4.432154224102942, 43.4504291403423], [4.432160750621986, 43.45041719021493], [4.432168808967949, 43.45040574700501], [4.432272009212434, 43.45027494716434], [4.43228185999018, 43.45026377309944], [4.432293170571439, 43.450253358543144], [4.432305831421016, 43.45024380435257], [4.432307025547666, 43.4502430648174], [4.432135985607539, 43.45019133856307], [4.432118949940984, 43.45018542850752], [4.432102827922963, 43.45017828647496], [4.43208778684267, 43.45016998657442], [4.432073982772784, 43.450160614929544], [4.4320615589499965, 43.450150268784775], [4.432050644288719, 43.450139055496464], [4.432041352043419, 43.45012709141862], [4.432033778633476, 43.45011450069584], [4.43203016875145, 43.45010632175018], [4.431926654205116, 43.45013964013291], [4.431902656713026, 43.45014596410088], [4.431314255493999, 43.4502683643886], [4.4312990594594, 43.45027102587845], [4.431283609555348, 43.45027274459655], [4.430949708786136, 43.45029944466145], [4.4309322542333875, 43.45030023529611], [4.430914775129702, 43.450299823137755], [4.430897427281913, 43.450298211860265], [4.430880365326829, 43.4502954158264], [4.430561064659306, 43.450231415675546], [4.430544231662677, 43.45022740181408], [4.4305280018217665, 43.45022223499508], [4.430512523527588, 43.45021596245944], [4.430497938299545, 43.45020864155754], [4.430484379491503, 43.45020033922518], [4.430471971072509, 43.45019113137143], [4.4304652444776265, 43.45018507800056], [4.430458960307772, 43.45018612621327], [4.430439972365497, 43.45018781885224], [4.430344172142426, 43.45019271886421], [4.430323269974083, 43.450192926477214], [4.4303024688040145, 43.45019141692326], [4.43013986843649, 43.45017281687834], [4.430119478035782, 43.45016961833987], [4.430099710485843, 43.45016476995008], [4.429882510088803, 43.450101369806184], [4.42986723199955, 43.450096313596234], [4.429852644679732, 43.45009027079388], [4.429838867847682, 43.450083290992566], [4.4298260145699295, 43.450075431475746], [4.429557214498343, 43.44989533115169], [4.429544646270692, 43.449886055021956], [4.42953336498241, 43.44987593879263], [4.42952347587337, 43.44986507683573], [4.429515071195963, 43.449853570479945], [4.429508229354515, 43.44984152706535], [4.429503014173905, 43.44982905894204], [4.429499474304183, 43.44981628242204], [4.429497642766764, 43.44980331669426], [4.429497536646429, 43.44979028271258], [4.429499156931973, 43.44977730206753], [4.429502488507037, 43.44976449585197], [4.429507500291162, 43.44975198353149], [4.429514145529775, 43.44973988182998], [4.429515642783549, 43.44973749621891], [4.4295043982339415, 43.449735770254385], [4.429490582249799, 43.44973281689809], [4.42920148167961, 43.44966201673404], [4.4291863546026695, 43.44965776674747], [4.4291134544758615, 43.449634566695465], [4.429110101256106, 43.449633328522296], [4.429101793668761, 43.449641961125124], [4.429089544658708, 43.44965228792145], [4.429075926570099, 43.449661660492495], [4.429061078699891, 43.44966998296741], [4.429045152924504, 43.44967717021672], [4.42902831214631, 43.44968314872292], [4.428702011570001, 43.44978444895072], [4.428683009382325, 43.449789474534484], [4.428663368650608, 43.449792961520856], [4.428643323316519, 43.44979486837619], [4.42862311214106, 43.44979517238775], [4.428445311724699, 43.44979077237702], [4.428425528973812, 43.449789506760474], [4.428210228483897, 43.44976720670648], [4.428193343263115, 43.449764871015375], [4.4281768278767375, 43.44976140515659], [4.42800192753284, 43.449718205056584], [4.4279828935531755, 43.44971262973623], [4.42796482255869, 43.44970555511348], [4.427947936213542, 43.44969706796795], [4.427564135929312, 43.449480367549235], [4.427547070981286, 43.44946944891992], [4.427531968413151, 43.449457090802454], [4.427352568574082, 43.44929079055123], [4.427340933528302, 43.44927869731758], [4.42733118193004, 43.449265750219844], [4.427323430564595, 43.44925210431439], [4.42721033118971, 43.449017404124326], [4.427205607791272, 43.44900602035472], [4.427202278352072, 43.44899437781659], [4.4272003687281005, 43.44898256692726], [4.427163369902459, 43.44861486686156], [4.427162940196403, 43.44860139709531], [4.4271643561650835, 43.44858796324456], [4.427167603692831, 43.448574699218014], [4.427172650407041, 43.44856173723147], [4.427246650837214, 43.44840243735631], [4.427253207882908, 43.44839029091592], [4.427261344815053, 43.448378662797246], [4.427270985516521, 43.448367661774455], [4.4272800953348685, 43.44835919744626], [4.42686184723091, 43.448369282963455], [4.42676367075289, 43.448608639819675], [4.426757577081115, 43.4486211998705], [4.426749813388962, 43.44863326099563], [4.426587013845576, 43.44885676125177], [4.426578757635296, 43.448866983851616], [4.426488757793087, 43.44896798398605], [4.426476841289746, 43.448979881019426], [4.426463216263035, 43.44899076108717], [4.426334416255572, 43.449082961247925], [4.426321404709373, 43.44909143560435], [4.426307356175387, 43.44909898012597], [4.426135055988609, 43.4491826802962], [4.426120571564194, 43.44918904048283], [4.426105351290607, 43.44919441166334], [4.425931050984084, 43.44924891178579], [4.425913318075981, 43.44925369139568], [4.425895008765471, 43.44925712903312], [4.425644608213864, 43.4492943291222], [4.4256345535655335, 43.449295613698524], [4.425053152245403, 43.449357913849205], [4.4250309615701084, 43.44935930552561], [4.424435939927011, 43.44937045161661], [4.424055015094634, 43.44938623250124], [4.424035881310457, 43.44938630395863], [4.424016839495501, 43.44938493694235], [4.423998092843159, 43.449382146039696], [4.423979841397102, 43.44937796103215], [4.423962279916597, 43.44937242657748], [4.423945595798212, 43.44936560173338], [4.423929967076096, 43.449357559327005], [4.423753766952336, 43.44925655913298], [4.423740339655151, 43.449248071632624], [4.423728090943291, 43.44923868544748], [4.423717133633519, 43.44922848702951], [4.423707568647913, 43.4492175703117], [4.423699484084334, 43.449206035842906], [4.42312218626044, 43.44827453490582], [4.423115608361947, 43.44826238507481], [4.422412812429895, 43.44675418388954], [4.422412385250806, 43.44675309416099], [4.422411837884564, 43.4467520333447], [4.422409890179496, 43.446746729264305], [4.422407820581958, 43.446741449744984], [4.422407542060509, 43.44674033475694], [4.422407140041125, 43.44673923995881], [4.42240591527005, 43.44673382232444], [4.422404565889191, 43.44672842042801], [4.422404438707609, 43.44672729091848], [4.422404185906647, 43.44672617268205], [4.422403695864314, 43.44672069366849], [4.422403079694914, 43.44671522141824], [4.422403105077916, 43.44671408826501], [4.422403003929896, 43.4467129573595], [4.4224032533351885, 43.446707469732814], [4.422403376310779, 43.446701979829456], [4.4224035540138145, 43.44670085394536], [4.422403605492737, 43.44669972126207], [4.422404591943231, 43.44669427787102], [4.422405452878994, 43.44668882318533], [4.422405781190576, 43.44668771541331], [4.422405984800571, 43.446686591860534], [4.42240769879572, 43.44668124512794], [4.422409289399871, 43.44667587819149], [4.422409765158084, 43.44667479919996], [4.422410118938174, 43.44667369559811], [4.422412543970797, 43.44666849701586], [4.422414848924505, 43.44666326951509], [4.422415467547458, 43.44666222969525], [4.422415968090447, 43.446661156672675], [4.422419080805674, 43.44665615630592], [4.422422077910634, 43.44665111858428], [4.42242283344058, 43.446650127950186], [4.422423475925878, 43.446649095840606], [4.422427246346309, 43.44664434184533], [4.422430906738332, 43.44663954241886], [4.422431791899009, 43.44663861051083], [4.422432570139103, 43.44663762925395], [4.422436961953215, 43.44663316741361], [4.422441250380513, 43.4466286525032], [4.422442256647351, 43.44662778829597], [4.422443163147265, 43.44662686734187], [4.423152040841328, 43.4459765946054], [4.4229612176764155, 43.44598020835206], [4.422891840466715, 43.44599316113618], [4.4217530031054375, 43.44650969909454], [4.4218351098963025, 43.44820895214482], [4.421834882673599, 43.44822189589977], [4.421832954302818, 43.448234764243956], [4.421829342526213, 43.44824743877271], [4.421824080575511, 43.44825980286466], [4.421817216866166, 43.44827174275476], [4.421808814551918, 43.44828314858106], [4.4217989509437325, 43.4482939153956], [4.42178771679846, 43.44830394413009], [4.421775215483788, 43.44831314250745], [4.421761562027134, 43.448321425890875], [4.421746882057252, 43.44832871806266], [4.421060481201772, 43.44863561870212], [4.421050407895167, 43.44863981199472], [4.420772807481835, 43.4487471122264], [4.420753985528476, 43.4487534312053], [4.420734312503001, 43.44875817873756], [4.420714034680663, 43.4487612953915], [4.420565937693521, 43.44877781653007], [4.420473477194588, 43.448809660712115], [4.420144834121996, 43.44894655452478], [4.420127476144583, 43.4489529288336], [4.420109296852357, 43.448957942712624], [4.41958929580919, 43.44907904299461], [4.419564848581055, 43.449083427524094], [4.418803572352392, 43.4491805463315], [4.418477111399591, 43.44923886747959], [4.418457680202506, 43.44924154682289], [4.418437967671325, 43.44924270156897], [4.418067768623898, 43.449249937058696], [4.417753847800151, 43.44926424471498], [4.417290301370902, 43.449346240393155], [4.417281368960034, 43.44934765134092], [4.417135568636368, 43.44936795138967], [4.417117335327789, 43.449369811328864], [4.417098938652528, 43.449370343309425], [4.417080560367117, 43.449369542075424], [4.416990660160026, 43.44936234205794], [4.416975297561316, 43.44936063385296], [4.416960185572041, 43.44935799343599], [4.416945430567084, 43.4493544393932], [4.4165626260826265, 43.44924905957795], [4.415735754302589, 43.44918744980375], [4.415717382384435, 43.44918539790051], [4.415699385211876, 43.449182014897666], [4.415681943999029, 43.4491773348588], [4.415665234361927, 43.44917140490742], [4.415649424550197, 43.44916428475238], [4.415634673752925, 43.44915604608677], [4.415623017200018, 43.44914806385317], [4.415491745802977, 43.44920019228559], [4.41548140142426, 43.44920399924109], [4.415276601083614, 43.449273599395305], [4.415263958460333, 43.44927748724025], [4.415250955458473, 43.449280682486375], [4.414806554546885, 43.44937668271136], [4.414795538551174, 43.449378796188434], [4.413503835755803, 43.44959589670556], [4.413496997585049, 43.44959694739888], [4.41274419591403, 43.44970184765076], [4.412727104430097, 43.449703632305024], [4.412709859111118, 43.44970424974176], [4.412692609802891, 43.44970369459601], [4.412332208967924, 43.44967979453786], [4.412317200713883, 43.44967834662455], [4.411619991843229, 43.449589826279464], [4.411339000321087, 43.449575312240654], [4.411321326821957, 43.44957377471904], [4.411303937475182, 43.449571008422126], [4.410595435986735, 43.449432008094035], [4.410580592594684, 43.44942860268555], [4.410566193942972, 43.449424301533355], [4.410552341664946, 43.449419134997264], [4.410047840965216, 43.44921103455456], [4.410031962254106, 43.44920368490501], [4.410017188668519, 43.449195199734845], [4.410003672597389, 43.449185666568624], [4.409991553458196, 43.44917518374083], [4.4099809562588765, 43.44916385938172], [4.4099719903083905, 43.449151810301856], [4.409964748089215, 43.449139160787134], [4.409959304303437, 43.449126041316916], [4.409955715102238, 43.449112587217975], [4.409954017506743, 43.449098937268715], [4.4099542290262095, 43.449085232267635], [4.409967276895593, 43.448932218855745], [4.409515377318418, 43.44908431024786], [4.40949981390718, 43.44908893615007], [4.40948373898865, 43.44909251509229], [4.408913537778376, 43.4491991153447], [4.408891685704451, 43.44920219475921], [4.408869484420714, 43.44920334236199], [4.408420983368817, 43.4492068423705], [4.408408754283086, 43.44920664349808], [4.40779435284847, 43.44918184343755], [4.40777895848565, 43.44918075078637], [4.407763742920022, 43.44917872619824], [4.407748812249046, 43.44917578379051], [4.407357711461493, 43.44908578358071], [4.407334231554075, 43.449079068055404], [4.406862030777423, 43.44891616769551], [4.406844604122995, 43.44890930168181], [4.406828283691263, 43.448901118884564], [4.406813256191109, 43.44889171291685], [4.406649556167589, 43.44877761271529], [4.406636158317143, 43.4487672333155], [4.40640845845465, 43.44857103300584], [4.406395697415741, 43.448558663185544], [4.406384963904787, 43.44854531034792], [4.406232264365927, 43.448327610105736], [4.406225878373496, 43.4483174966741], [4.406220658222992, 43.448307034170774], [4.406127758811297, 43.44809383401303], [4.406122932931281, 43.44808039637156], [4.406120028456361, 43.44806666849458], [4.4061190761551865, 43.44805279581533], [4.4061200861150285, 43.44803892530107], [4.406123047634966, 43.448025203895845], [4.406191748350972, 43.447787404015614], [4.406196395602265, 43.44777451331218], [4.4062027654453555, 43.44776201946708], [4.406206824469472, 43.44775596648157], [4.405964327368512, 43.447686523442286], [4.405963281344161, 43.447690476723174], [4.405928281652941, 43.44779537678376], [4.405922722652574, 43.44780890856724], [4.405858622998241, 43.44793960867477], [4.4058515400063145, 43.44795205262496], [4.405842789418291, 43.447963920057994], [4.405832458435578, 43.447975092711076], [4.405820650008887, 43.44798545924505], [4.4058074818123325, 43.44799491635398], [4.405643881753715, 43.44810121654791], [4.405625951309556, 43.44811149520474], [4.405469351151907, 43.44819039536335], [4.405455871302411, 43.44819658011696], [4.405441711905002, 43.44820189812378], [4.4054269776928665, 43.44820631004791], [4.405411777651026, 43.448209783255486], [4.405211277229012, 43.448248783347616], [4.405195920800882, 43.44825126667871], [4.405180330545733, 43.44825279174612], [4.404935129977708, 43.44826909178578], [4.404918331087326, 43.44826965001261], [4.4049015319407046, 43.44826909589421], [4.4048848710079005, 43.44826743399795], [4.404868485619704, 43.448264678022376], [4.404664985195783, 43.44822327792489], [4.4046461895790525, 43.44821865037175], [4.404628181133788, 43.44821258467277], [4.404364080739469, 43.4481107844528], [4.404349042615236, 43.44810430887268], [4.4043349086550325, 43.448096829948945], [4.404321804569137, 43.448088414200924], [4.404309846907737, 43.44807913648013], [4.404101447025592, 43.44790133619787], [4.404091026305774, 43.44789157278299], [4.4040818762150895, 43.44788115527543], [4.404074073609344, 43.44787017117741], [4.404067684025978, 43.447858712750225], [4.4039494846722596, 43.447615312551775], [4.403944248532618, 43.44760256268095], [4.403940761514396, 43.44758949904567], [4.403939057528907, 43.44757624869449], [4.4039366852923845, 43.44753707653678], [4.403781714691637, 43.447650927107695], [4.403763891347653, 43.44766243684101], [4.403259190978025, 43.44794833739279], [4.403244006676292, 43.44795608290052], [4.403227835858744, 43.44796268390305], [4.40321084047115, 43.44796807429331], [4.403193190717267, 43.44797220008799], [4.40317506335427, 43.44797501996846], [4.403156639922558, 43.44797650569434], [4.403138104927631, 43.44797664238656], [4.403119643992289, 43.44797542867615], [4.403101441997633, 43.44797287671808], [4.403083681231484, 43.447969012069514], [4.401881178905837, 43.4476588113547], [4.4018636961956314, 43.447653555048575], [4.401847040320108, 43.44764702722444], [4.401831384935868, 43.44763929594246], [4.40181689326803, 43.447630441810254], [4.401803716408423, 43.44762055714241], [4.401791991740272, 43.44760974499799], [4.401781841505829, 43.447598118106], [4.401556742056527, 43.447308617757166], [4.401548430163706, 43.44729655906221], [4.401541812709666, 43.44728395586252], [4.401536955857654, 43.44727093417072], [4.401490456321532, 43.447116034089795], [4.401487721790569, 43.44710458146314], [4.401486350182861, 43.4470929998644], [4.401486351675146, 43.447081375231015], [4.401487726255518, 43.44706979381962], [4.401513815903344, 43.44692365213692], [4.401371229749135, 43.4470936387063], [4.401099395236998, 43.447438003391994], [4.400918119421286, 43.44767392207353], [4.400908647027988, 43.44768496374236], [4.400897758149081, 43.44769528888337], [4.400572158341825, 43.44797498932565], [4.400562860891303, 43.44798239876462], [4.400144557292669, 43.44829181435175], [4.400137131113959, 43.44829751352264], [4.400136201231069, 43.44829822198391], [4.399815239373578, 43.44854098431277], [4.399524752439282, 43.44892839764323], [4.399514536177309, 43.448940468444704], [4.3995026376939785, 43.448951691509386], [4.399489188381223, 43.44896194290288], [4.399368188407613, 43.44904496353007], [4.3992886189579545, 43.44910981771176], [4.399259311790956, 43.44915923571569], [4.399251034271882, 43.449224178225656], [4.399248454831142, 43.44923733639741], [4.399244111223283, 43.449250245873195], [4.39924065903642, 43.44925868461614], [4.399198404351502, 43.44936412282928], [4.3991931377509585, 43.449375391323706], [4.3991865286509215, 43.44938627784509], [4.398602030517126, 43.450244578777635], [4.398593417124269, 43.45025584116054], [4.398583367861362, 43.450266453311514], [4.398571974449632, 43.45027631837089], [4.398559340878822, 43.45028534629793], [4.398545582458071, 43.450293454692485], [4.398530824763463, 43.45030056954721], [4.398515202491857, 43.45030662592301], [4.3984988582314735, 43.45031156854179], [4.39848194116043, 43.450315352290964], [4.398464605685137, 43.45031794263527], [4.398447010030977, 43.45031931593195], [4.3984293147980935, 43.45031945964656], [4.398411681495533, 43.450318372467365], [4.398394271067077, 43.450316064317356], [4.398377242422232, 43.450312556263604], [4.398360750985799, 43.45030788032509], [4.397639006772646, 43.45007373112118], [4.39691870926591, 43.44986815616579], [4.396464814481697, 43.45024368573143], [4.396449668775453, 43.45025483668884], [4.396432849158839, 43.45026463174426], [4.395927348676407, 43.45052543226457], [4.395913344930857, 43.45053198932577], [4.395898589713455, 43.45053760395666], [4.395883202193653, 43.45054223081103], [4.395471412489007, 43.450650545230175], [4.395100822434026, 43.45078550906045], [4.395078117386945, 43.450792445178664], [4.393321113947356, 43.45123164619426], [4.393295893212814, 43.451236534352184], [4.393064052950055, 43.451268931273695], [4.3927583206094525, 43.45136551637464], [4.392600424746113, 43.45144026057628], [4.39258445493887, 43.45144702028453], [4.392567640516419, 43.45145258776017], [4.392383069161427, 43.45150578259973], [4.392168297373415, 43.451577405887924], [4.392149654095342, 43.451582754831044], [4.39198125376194, 43.4516235549257], [4.39196331729117, 43.45162718245602], [4.391944971644584, 43.45162948015833], [4.391820871359756, 43.45164038018477], [4.391803391843296, 43.45164130705115], [4.391785870326665, 43.45164102626999], [4.391768463657957, 43.45163954035481], [4.391751327657152, 43.451636862607145], [4.3917346157212345, 43.45163301699749], [4.391718477450989, 43.45162803795074], [4.391703057311798, 43.45162197003805], [4.391688493340401, 43.45161486757777], [4.391674915909214, 43.45160679414918], [4.391674679433603, 43.45160662399691], [4.391548833180204, 43.451685758995744], [4.391533931726033, 43.451694203501454], [4.391517927858517, 43.451701499149436], [4.39150098781295, 43.4517075701582], [4.3910324869900945, 43.45185437048785], [4.391017363247298, 43.451858549267655], [4.391001796777051, 43.45186175092434], [4.390985906272348, 43.451863951045524], [4.390706404503937, 43.451893504799806], [4.390236227488275, 43.45202427515432], [4.390021997281319, 43.45211844645399], [4.390007436624482, 43.45212421602335], [4.389992226329886, 43.45212901425429], [4.389976488181879, 43.45213280272875], [4.389960348191268, 43.45213555111347], [4.3897900478123, 43.45215875116923], [4.389773362116041, 43.452160456311034], [4.389756532771695, 43.45216104984076], [4.389739699019382, 43.45216052684776], [4.389467798388967, 43.45214302680515], [4.389449640611883, 43.452141194746496], [4.389431820301188, 43.45213806417188], [4.389414511974001, 43.45213366573954], [4.389408887070645, 43.452131763391534], [4.38820454635328, 43.452407627934505], [4.387673621501296, 43.45253789243479], [4.387654828534921, 43.452541713398695], [4.387635588146794, 43.45254407308535], [4.387616113797856, 43.45254494531541], [4.3872694129846215, 43.45254714532078], [4.387249479550036, 43.45254648879829], [4.38722975869796, 43.45254427405437], [4.387008658212688, 43.45251047397351], [4.386994529239574, 43.45250779517943], [4.3868860325203425, 43.452593177151364], [4.386872717384074, 43.452602652651855], [4.386858164176936, 43.452611106815716], [4.386654063988679, 43.4527179070278], [4.386636166123535, 43.45272618435985], [4.38661708729081, 43.45273291768632], [4.3865970773787435, 43.45273801881617], [4.386242976645964, 43.45281201899005], [4.386217348781375, 43.45281597085675], [4.385429546985994, 43.45289557104952], [4.385411796408763, 43.45289673394059], [4.385393974587893, 43.45289664871498], [4.3849827736275815, 43.45288024867492], [4.3849637810550846, 43.4528787726815], [4.384748802186032, 43.45285384302096], [4.384746191077821, 43.45285799872524], [4.384736900095951, 43.4528695843212], [4.384726075784128, 43.45288044048346], [4.38471382515142, 43.45289045988719], [4.3847002693077926, 43.45289954347981], [4.384685542266817, 43.45290760146018], [4.384669789620808, 43.45291455416639], [4.384243588997325, 43.453082154526925], [4.384238921097585, 43.45308392819513], [4.383962820665819, 43.45318522841633], [4.383948463934925, 43.45318994955042], [4.383933608547868, 43.453193765049136], [4.383654507980084, 43.45325586519429], [4.383637585439943, 43.45325900349378], [4.383620332452575, 43.45326096697648], [4.383602902336083, 43.453261738193994], [4.383585449982659, 43.453261310292945], [4.383568130482104, 43.453259687075814], [4.3834241732346255, 43.4532411337263], [4.383391868561378, 43.45325602943717], [4.383374586226729, 43.45326308497095], [4.38335636844, 43.453268755568764], [4.383337423571839, 43.45327297637159], [4.38331796830925, 43.453275699102825], [4.383298225177129, 43.45327689262046], [4.382684423739047, 43.453289992652486], [4.3826676750287055, 43.453289798073754], [4.382651018924436, 43.453288502052736], [4.382634591625812, 43.453286115187275], [4.382278265286583, 43.45322201313957], [4.382256992708516, 43.45322045400988], [4.3822478247785135, 43.453225457775304], [4.382231766799168, 43.45323249818708], [4.381481865691677, 43.45352469881693], [4.381463964656939, 43.45353080275997], [4.3814452728052435, 43.4535354824832], [4.38142600293291, 43.45353868471047], [4.3812534025457825, 43.453560384762746], [4.381236872760947, 43.45356190898449], [4.381220221842667, 43.45356234499937], [4.3812035845011055, 43.45356168927985], [4.381020348843437, 43.45354842557391], [4.381007610093822, 43.45355135171003], [4.3809896999193, 43.4535540865602], [4.3805921990214225, 43.45359998667102], [4.380574852364471, 43.453601383286305], [4.380557402278502, 43.45360158442788], [4.380540003654418, 43.453600588310366], [4.380077802595794, 43.45355808820729], [4.380056522018912, 43.453555202718164], [4.379793807726445, 43.45350786316646], [4.3797869760175, 43.45351117586373], [4.379771416989299, 43.45351725001767], [4.379755134973051, 43.45352221767769], [4.379422796998539, 43.45361030501649], [4.379145343980055, 43.45372553719345], [4.379129232154162, 43.4537314900381], [4.379112401000714, 43.4537362712436], [4.3790950105984745, 43.45373983533646], [4.3787754099061225, 43.4537932354637], [4.3787585849916235, 43.4537954567659], [4.378741550602406, 43.453796538408085], [4.378724451878799, 43.45379647117421], [4.378514351387881, 43.45378857115493], [4.378495700899684, 43.45378717776125], [4.378490798733089, 43.45378644099774], [4.378487822169933, 43.45378700769678], [4.378469529970871, 43.453789098453015], [4.378297329573665, 43.45380239848536], [4.3782836445885245, 43.45380308337475], [4.3782699275548005, 43.45380302863963], [4.3777762263997415, 43.45378772860227], [4.377761981431403, 43.45378688509852], [4.377747868125371, 43.453785244042926], [4.377282116467241, 43.45371757082593], [4.37728026574551, 43.45371829848781], [4.376907965136659, 43.45384769877331], [4.3769020389659055, 43.45384966611087], [4.376726438659465, 43.45390526623553], [4.376710512350738, 43.45390968619063], [4.376694095841596, 43.4539130211157], [4.376677328089895, 43.45391524278222], [4.376660351026653, 43.45391633238475], [4.376502585191282, 43.45392114559428], [4.376221042451527, 43.45397329007105], [4.376199961443105, 43.45397625908712], [4.3761096612368915, 43.453985059108426], [4.376092005900688, 43.45398615676819], [4.376074287375326, 43.453986020490966], [4.376056667785741, 43.45398465152375], [4.376039308351575, 43.4539820623926], [4.376035270107603, 43.45398115998452], [4.376029680070345, 43.45398271789193], [4.376012482515576, 43.4539861722946], [4.375899382269743, 43.454004672338726], [4.375883106613457, 43.454006783794235], [4.375866637369248, 43.454007829745215], [4.375850105704986, 43.45400780186123], [4.375833643285688, 43.454006700364374], [4.375619283922029, 43.45398529442621], [4.375425039898455, 43.45396585058245], [4.37478003082995, 43.45393006078698], [4.374761374667716, 43.453928328016964], [4.374743055832104, 43.4539252260868], [4.37472526315017, 43.45392078697061], [4.37470818002537, 43.453915056426005], [4.374706723284871, 43.45391443020871], [4.374520486192648, 43.45392543222638], [4.374457410936494, 43.45394035325237], [4.374436933082334, 43.453944270725486], [4.374415975377943, 43.453946460332496], [4.374311429847426, 43.45395296993397], [4.374215374004221, 43.45398209199667], [4.374212817058245, 43.453982850969574], [4.373927116534684, 43.45406585115805], [4.373911553174252, 43.45406979763186], [4.373895569956442, 43.45407272086215], [4.373879293370756, 43.454074597714715], [4.373862852228425, 43.454075413336355], [4.373594151598585, 43.4540800133476], [4.373575862333685, 43.454079668066534], [4.373557709022593, 43.454078010158526], [4.373539868740249, 43.45407505579546], [4.373522515508112, 43.45407083379546], [4.373505818596663, 43.4540653853417], [4.37348994087423, 43.45405876358057], [4.3734895500275766, 43.454058560849745], [4.373488106399858, 43.45405910336947], [4.3734707062101545, 43.4540640967133], [4.373452703592962, 43.454067786502925], [4.373434282036049, 43.45407013513097], [4.373163303506047, 43.45409448973954], [4.373077160791545, 43.45412315274882], [4.373061549695364, 43.454127734806924], [4.3730454321638454, 43.45413126573424], [4.37302894124546, 43.454133716383275], [4.373012213071014, 43.45413506652422], [4.372995385729883, 43.45413530501173], [4.372710285061724, 43.45412990499853], [4.372693466467808, 43.45412902716614], [4.372290841275999, 43.454094535885126], [4.372286905310303, 43.454095827824126], [4.372083995804555, 43.454154168031394], [4.371718043267424, 43.45427023326766], [4.371696694811579, 43.45427589703742], [4.37155671907398, 43.45430609181251], [4.371187642876849, 43.454385786695966], [4.371169164048043, 43.45438903570386], [4.371150325454241, 43.454390887996006], [4.370665824329315, 43.4544201880674], [4.3706462675958555, 43.454420615394056], [4.370626758077659, 43.45441953765733], [4.36993635649818, 43.454354537499704], [4.369918481208673, 43.45435220059166], [4.369901005932488, 43.45434859978939], [4.369884098630749, 43.45434376970158], [4.369867921805459, 43.45433775675195], [4.3698526309376176, 43.454330618733124], [4.369838372992821, 43.45432242425112], [4.3698252850087, 43.454313252066015], [4.369813492777816, 43.45430319033489], [4.369803109638614, 43.45429233576446], [4.369794235386114, 43.45428079268169], [4.369786955312755, 43.45426867203099], [4.369781339388663, 43.45425609030785], [4.369777441589164, 43.45424316843925], [4.369766919473877, 43.454197770643404], [4.369572924089368, 43.45425330737447], [4.368936875632548, 43.45444837826748], [4.3689189188174335, 43.45445310756417], [4.368900389129845, 43.454456465135046], [4.368554788364149, 43.45450546525263], [4.368532812418412, 43.45450759643894], [4.368510644366283, 43.454507799806066], [4.368162543552383, 43.45449579977677], [4.368135996640668, 43.45449347728746], [4.36751519526486, 43.45440567707677], [4.367497758158017, 43.45440256530964], [4.36748081641623, 43.454398238515516], [4.367464529160582, 43.45439273733276], [4.367449049364938, 43.45438611342989], [4.367434522419146, 43.45437842902031], [4.3674210847634996, 43.454369756277906], [4.367408862607236, 43.45436017665925], [4.367397970743159, 43.45434978013844], [4.367388511469479, 43.454338664362055], [4.367380573629024, 43.45432693373206], [4.367374231774832, 43.45431469842518], [4.36736954546995, 43.45430207335812], [4.367361986004155, 43.45427692981054], [4.366865234815101, 43.454481130775065], [4.366848088712086, 43.45448735067067], [4.366830152622562, 43.45449224748295], [4.366811618311374, 43.45449576885724], [4.3661214167930025, 43.45459946910549], [4.366103623002499, 43.45460149135144], [4.366085643750041, 43.45460224532687], [4.366067648962085, 43.45460172390578], [4.366049808711921, 43.45459993201621], [4.365595907702284, 43.454537831867015], [4.365580203198458, 43.45453516294431], [4.3655648768283815, 43.45453150912576], [4.365550044740044, 43.454526898101214], [4.365444566605649, 43.454490074373616], [4.36494433400431, 43.45445544711106], [4.364741755925831, 43.45444843340129], [4.36439364528626, 43.45447822620646], [4.3639707761171085, 43.45451452356472], [4.363960141664138, 43.45451521068774], [4.363261230862399, 43.454545611160654], [4.362876929965638, 43.45456231120142], [4.362860256964874, 43.454562488006346], [4.362508140532788, 43.45455466965144], [4.362278929945867, 43.454572490808886], [4.362040629396278, 43.45459099085387], [4.362040313731043, 43.45459101516038], [4.361832113250608, 43.45460691519904], [4.361817095642763, 43.45460761435197], [4.361686895337562, 43.454609814357354], [4.361668075582427, 43.454609435190605], [4.361649405853787, 43.454607666381236], [4.361631078996102, 43.454604526199724], [4.361613284312157, 43.45460004708186], [4.361596205607666, 43.454594275293594], [4.3615800192926635, 43.45458727045322], [4.361564892559297, 43.454579104915474], [4.361550981654845, 43.454569863024275], [4.3614851816569615, 43.454521462941024], [4.361473655350063, 43.45451215742888], [4.361463363866004, 43.45450211300464], [4.3614543959825385, 43.45449141631551], [4.361446829059387, 43.45448015963537], [4.361440728370917, 43.45446844006862], [4.361436146543088, 43.45445635871283], [4.361433123099506, 43.45444401978627], [4.361390316007615, 43.45420583951657], [4.361379378618769, 43.45419228897121], [4.36077800311549, 43.45422587551566], [4.360205318907716, 43.4543481992131], [4.360188967901018, 43.45435111111332], [4.360172321567603, 43.454352929732735], [4.360155517352117, 43.454353640055416], [4.360034817069025, 43.45435474005813], [4.3600179922947335, 43.454354336118854], [4.360015180018409, 43.454354081076936], [4.360010732599606, 43.4543575568749], [4.359997069801359, 43.4543663249507], [4.359982291408407, 43.45437407351683], [4.359966540199653, 43.45438072771164], [4.359949968352887, 43.45438622324652], [4.3599327359745335, 43.45439050702713], [4.359915009552771, 43.454393537666256], [4.359197814890745, 43.454489336969964], [4.358305019864966, 43.45460863632609], [4.358294182751761, 43.454609844106386], [4.357397150044706, 43.454690103894094], [4.35513895205865, 43.454920685087316], [4.353821779583266, 43.45508237483072], [4.353815318584062, 43.455083082788796], [4.352808935457884, 43.45518016285829], [4.35238513563003, 43.45523245565077], [4.35237696009612, 43.45523332825818], [4.351974459173365, 43.455269628346265], [4.351970797322226, 43.455269931677485], [4.351068795239999, 43.455338031843084], [4.351066596009939, 43.455338188221134], [4.350153793895301, 43.455399088369376], [4.350139003347003, 43.45539964201927], [4.349686314982887, 43.45540338570261], [4.348217539454549, 43.45549440698061], [4.347492027734975, 43.45554478281724], [4.345316173480304, 43.455710618369466], [4.345314135238703, 43.455710765402095], [4.3429045296593305, 43.45587476580125], [4.342902978968342, 43.45587486653905], [4.342355179192345, 43.45590876234595], [4.341836967359169, 43.455954472304235], [4.34183145743967, 43.455954897501016], [4.340731154890103, 43.456027697678266], [4.340714858846419, 43.456028250366394], [4.340698559244292, 43.45602775649344], [4.340682382490257, 43.45602621988948], [4.3406664540381135, 43.45602365247118], [4.340437453556434, 43.455978952365626], [4.340417851695287, 43.45597425951412], [4.340399087824612, 43.45596800776331], [4.34038139472481, 43.4559602746712], [4.340172994506454, 43.455857274462794], [4.340159067929148, 43.45584967170214], [4.340146182173198, 43.455841150450055], [4.340134450962625, 43.455831785911755], [4.340123977831753, 43.455821660734856], [4.340121912739997, 43.45581921673684], [4.33986441893289, 43.45590686297975], [4.3398493052122955, 43.45591142648177], [4.339833697722265, 43.45591500076416], [4.339817718198388, 43.45591755794814], [4.339583117672508, 43.45594725801966], [4.339571027806463, 43.4559484911463], [4.338801808896245, 43.456008196785646], [4.338662184406793, 43.456024748531654], [4.3380440590892695, 43.456237244183356], [4.338026398935157, 43.45624252298508], [4.338008086833813, 43.4562464498498], [4.337989317227015, 43.4562489830812], [4.33797028941453, 43.45625009578083], [4.3378068890316515, 43.456253495789156], [4.337788260649723, 43.456253200485484], [4.337769767218448, 43.45625154347089], [4.33775159583091, 43.45624854150893], [4.337733930322103, 43.45624422496963], [4.337716949409072, 43.456238637522304], [4.33770082488286, 43.45623183569362], [4.337689679728237, 43.45622597174802], [4.337562461514094, 43.456273945608466], [4.337549211767519, 43.45627846805035], [4.336950210702206, 43.456462268464456], [4.336931216998586, 43.45646722794996], [4.336911595542736, 43.456470653230134], [4.336891579103128, 43.456472503671044], [4.33687140513401, 43.45647275732092], [4.336244903667256, 43.45645575727937], [4.336232381607016, 43.45645510737654], [4.33532337950976, 43.45638530720685], [4.3353055172126815, 43.45638328954664], [4.335288009879057, 43.45638001333666], [4.335271024193321, 43.45637550976922], [4.33525472187328, 43.456369821722014], [4.335239258130409, 43.45636300335008], [4.335224780192074, 43.456355119569956], [4.3352114258998045, 43.45634624544177], [4.335199322396918, 43.4563364654546], [4.335193416932252, 43.45633063959895], [4.335026849620739, 43.4563797084642], [4.335011422023844, 43.45638368525033], [4.334995572843848, 43.45638665467114], [4.334979425766308, 43.456388593553555], [4.334963106801591, 43.456389486766675], [4.334199165046782, 43.45640663608226], [4.33332952067816, 43.456441645272115], [4.333323318875181, 43.456441819060785], [4.332969018044556, 43.45644741907447], [4.332951539681579, 43.456447094115994], [4.332934181219144, 43.45644557023838], [4.3329170972812845, 43.45644286101597], [4.332900440046603, 43.45643899058164], [4.332884357892678, 43.45643399341214], [4.332775057715799, 43.45639549332739], [4.332759562181966, 43.45638935571191], [4.332744938157245, 43.45638217237774], [4.33273131821105, 43.45637400844323], [4.332718825810474, 43.45636493791613], [4.332707574201025, 43.456355043022555], [4.332697665380036, 43.456344413461665], [4.332689189172059, 43.456333145592396], [4.332682222414597, 43.45632134156008], [4.3326768282615955, 43.456309108370334], [4.332672836067605, 43.45629831451883], [4.332189001670204, 43.45645288844439], [4.332172960101574, 43.45645737923592], [4.332156416292261, 43.456460767796436], [4.3321395126164255, 43.45646302496441], [4.332122394545261, 43.45646413131486], [4.331724693614711, 43.45647633134466], [4.331702374232391, 43.4564760353237], [4.331259285175544, 43.45645064667263], [4.331099424136216, 43.4564816957806], [4.3310819237674245, 43.456484442648346], [4.3310641411498665, 43.45648594615105], [4.331046242348931, 43.45648619224807], [4.331028394515018, 43.45648517864122], [4.331010764322551, 43.45648291479616], [4.3309935164134465, 43.45647942185416], [4.33087615455399, 43.45645113819774], [4.330380064810165, 43.45647905014102], [4.3303622294028346, 43.45647942575528], [4.330344427120113, 43.45647854966228], [4.330326823114669, 43.45647642998957], [4.330309580699698, 43.456473086401495], [4.330292859833842, 43.456468549916714], [4.330276815637205, 43.45646286262035], [4.33026159695228, 43.456456077273785], [4.33024734496311, 43.45644825682491], [4.330234191885514, 43.456439473824396], [4.3302222597405, 43.4564298097524], [4.33021165922228, 43.45641935426282], [4.330202488671365, 43.45640820435156], [4.330194833162273, 43.4563964634565], [4.33018876371432, 43.456384240498146], [4.330186551773903, 43.45637794923598], [4.32991653832877, 43.45648295039897], [4.329900064899628, 43.456488616767174], [4.329882907123676, 43.4564930770411], [4.329865230928667, 43.45649628808671], [4.329847207255934, 43.45649821885093], [4.3278865027207045, 43.45663691918841], [4.3278681166426045, 43.45663755038104], [4.3278497353363745, 43.456636849303266], [4.327831540268589, 43.456634822876346], [4.327813711067167, 43.45663149110587], [4.327796423748004, 43.45662688688423], [4.327779848977236, 43.45662105566588], [4.327764150386346, 43.456614055018555], [4.327749482956717, 43.456605954055036], [4.327735991489587, 43.45659683275073], [4.327723809176523, 43.45658678115412], [4.327713056284507, 43.45657589849781], [4.327703838968641, 43.45656429221885], [4.327696248224163, 43.45655207689803], [4.327690358988153, 43.45653937312868], [4.327686229399751, 43.45652630632625], [4.327667381641733, 43.45644936099618], [4.327489267854646, 43.45652102887791], [4.32747601673798, 43.45652586723373], [4.327462277036311, 43.45652991834839], [4.326930374765721, 43.456668979125986], [4.326425365478009, 43.456807225844315], [4.326406095303614, 43.45681164379558], [4.326386279330904, 43.45681450691632], [4.326366153216283, 43.456815781157616], [4.326345956304526, 43.45681545136582], [4.325801285595138, 43.45678485192507], [4.325296488285097, 43.45682032727838], [4.325284134598263, 43.45682089277564], [4.324829376039688, 43.456830614473546], [4.3246186510066575, 43.45684902736281], [4.32430713290556, 43.456951327914574], [4.324286063749494, 43.45695715163134], [4.324084365108333, 43.45700289202671], [4.323058430025438, 43.45989889789754], [4.323058088665642, 43.4598998642319], [4.322848389538966, 43.4608798210886], [4.322848323961945, 43.46087981261214]]], [[[4.898260204125917, 43.36966677462276], [4.895520125150719, 43.368786793233234], [4.8941425730221955, 43.36869940034077], [4.895062104560284, 43.36905455139225], [4.897391809056291, 43.36955286991219], [4.898260204125917, 43.36966677462276]]], [[[4.905494829972324, 43.372548263285054], [4.9056327605317644, 43.37265093122905], [4.906797274850278, 43.37314753883552], [4.907044923026605, 43.3732343326268], [4.905494829972324, 43.372548263285054]]], [[[4.911165733009585, 43.3764026921883], [4.910366230610091, 43.37491242291724], [4.909218063302735, 43.373965170763014], [4.908878128222801, 43.373785696152986], [4.907199210876608, 43.37328840580703], [4.908277105365231, 43.37366616600622], [4.908293452885788, 43.37367265259903], [4.908308824279733, 43.373680304516604], [4.90832306398438, 43.37368904431958], [4.908336027889826, 43.37369878355907], [4.90834758479738, 43.373709423671464], [4.908357617747333, 43.37372085697611], [4.9083660252026355, 43.37373296776496], [4.908372722076514, 43.37374563347356], [4.9083776405935975, 43.373758725921434], [4.9083807309758685, 43.373772112609295], [4.908381961946477, 43.373785658059965], [4.90838132104632, 43.37379922518946], [4.908298878984782, 43.37450698289488], [4.908770597313918, 43.37509683579204], [4.909961336539374, 43.37601717950219], [4.909970825912248, 43.37602511220783], [4.909979438597658, 43.37603356041119], [4.910901539980265, 43.377015859054545], [4.910908107937301, 43.37702337681296], [4.91213291064896, 43.378533074933515], [4.91214404802504, 43.37854916652375], [4.913017251674208, 43.380052765090106], [4.91302497507992, 43.380068811277404], [4.913575479137394, 43.381494210332626], [4.913579453051001, 43.38150676995045], [4.913581765914462, 43.38151954881986], [4.913700557904213, 43.38255509140259], [4.913767077440352, 43.38287666768407], [4.913691211683576, 43.38172101424003], [4.913320166148728, 43.380189440286756], [4.911337788234257, 43.377342447766715], [4.911165733009585, 43.3764026921883]]], [[[4.912526134478877, 43.385195147762786], [4.912478760626762, 43.38531868404489], [4.9126572895032075, 43.38516711971362], [4.912526134478877, 43.385195147762786]]], [[[4.912100574655502, 43.38630485617889], [4.912068748442444, 43.38686385946156], [4.9121547051847845, 43.38761268066092], [4.913133996594327, 43.38755222461072], [4.912729346881325, 43.38718440105936], [4.912250607716945, 43.386158029480335], [4.912275230620638, 43.38584942090672], [4.912100574655502, 43.38630485617889]]]]}}