{"type": "Feature", "properties": {"slug": "dombes", "name": "La Dombes", "natura_codes": ["FR8201635"], "natura_names": ["La Dombes"], "sea_clipped": false}, "geometry": {"type": "MultiPolygon", "coordinates": [[[[4.914191616415985, 45.88268281942696], [4.915199764218291, 45.8822789526363], [4.916888405611287, 45.882831651736936], [4.918583041462181, 45.88351111521568], [4.919227285336165, 45.8837285724401], [4.919224198724871, 45.88366293064664], [4.9188823574198945, 45.88151668999209], [4.9187150785375895, 45.880530350388916], [4.918041612467393, 45.879090240534765], [4.915838570589877, 45.87914075719447], [4.913419119170534, 45.8791304752565], [4.9132478670397335, 45.879326130059404], [4.911218246724442, 45.87924656329733], [4.911268373615609, 45.882220439988046], [4.914191616415985, 45.88268281942696]]], [[[4.911548568034207, 45.89188894384888], [4.911488384503432, 45.89246102088033], [4.911469785783794, 45.89263067723618], [4.91143667747567, 45.892647634777774], [4.911205764633573, 45.89349636743707], [4.911400983816166, 45.89365393261737], [4.912338762989041, 45.893962833849834], [4.911982792082985, 45.89468751010165], [4.911754098079652, 45.894723349565815], [4.911107716215277, 45.89539165030203], [4.9110644030455255, 45.8957049926497], [4.910960782377502, 45.896260964836905], [4.910910742622919, 45.89629361356207], [4.911034099277741, 45.896414111461766], [4.911887787156855, 45.89678435681215], [4.912207494871515, 45.89682384725317], [4.912511416491713, 45.89733448527204], [4.91328274502894, 45.898726486009295], [4.91444560248613, 45.8986098485186], [4.914115995337024, 45.897408475170714], [4.914172052007399, 45.89736668698841], [4.914676255715133, 45.89734434059468], [4.915582573191797, 45.89730557323128], [4.915780335504973, 45.89657551576865], [4.9158195730182594, 45.89657101066624], [4.916022803376568, 45.89592454030632], [4.917489487232532, 45.896082656269606], [4.917551709040687, 45.89605152601557], [4.918035460804337, 45.896109745259444], [4.918271648553757, 45.89537519500965], [4.918293943840818, 45.895350380144436], [4.918327912734961, 45.895201073709714], [4.918018590443279, 45.894840904271405], [4.916420783098555, 45.89336796037834], [4.914391357717701, 45.89153582006758], [4.914348482925833, 45.89153140146524], [4.912156028592274, 45.8894662156851], [4.911874427411956, 45.88961308837091], [4.911316819758909, 45.89003991583903], [4.911076737812705, 45.890418075672656], [4.911188885289378, 45.8909898108365], [4.911120591768241, 45.89135323527412], [4.91129947149413, 45.89148957259618], [4.911548568034207, 45.89188894384888]]], [[[4.892941241633052, 45.91561828517257], [4.892869882161822, 45.91630132858544], [4.892403706835048, 45.9162606020663], [4.892341530840945, 45.916290820413906], [4.891687152173942, 45.91638218906752], [4.890842956792421, 45.91641034684157], [4.8908147622689215, 45.916566715191195], [4.890100168630079, 45.91673055638078], [4.889967027525171, 45.91615567392631], [4.888170135547177, 45.91637464886879], [4.8869537106513015, 45.91626899160919], [4.886779413231641, 45.9166284995792], [4.886398589534954, 45.917228531583504], [4.886298233344648, 45.91772229703219], [4.886439470965195, 45.91798644694734], [4.886423819617999, 45.91813532276657], [4.886322336042036, 45.91824114145772], [4.886217353528045, 45.91832453388097], [4.887063299726041, 45.91873295246339], [4.887241557817771, 45.91880272301436], [4.887475745019089, 45.91879381703127], [4.888105940140365, 45.91910539622781], [4.8882037496068, 45.91976929709306], [4.888243382378808, 45.9197701994869], [4.888284876460104, 45.91986647495007], [4.888285796334965, 45.919886261334064], [4.888571439035758, 45.920656624354045], [4.888654702981124, 45.92066103938884], [4.889569708064917, 45.920800524311154], [4.889739105174644, 45.92071566830683], [4.890415097307412, 45.9204500884467], [4.890434839582423, 45.92045864045997], [4.890910009740167, 45.91991316560554], [4.891494657581577, 45.919708163626666], [4.8923070229576435, 45.91947998725066], [4.893198796709866, 45.91898265156396], [4.894102147949447, 45.91856245532537], [4.8935663343235145, 45.9173567078504], [4.893833717867839, 45.91733533068174], [4.89400156538374, 45.91735582166611], [4.894819326041373, 45.9171752097643], [4.894910908386261, 45.91695979211788], [4.8951102670057125, 45.91679322990444], [4.895783587548813, 45.916399853689846], [4.89580348882561, 45.916378696765044], [4.896012134228456, 45.9161417102829], [4.89669986554536, 45.916034258295156], [4.896619652278704, 45.914883868021505], [4.89615383088812, 45.91426434915145], [4.89522983097339, 45.91437806943828], [4.895125093699473, 45.914344440742006], [4.894612302995951, 45.91441011064763], [4.894467982357332, 45.91518753195204], [4.894162918978423, 45.9152664735022], [4.892936927923057, 45.91552566468769], [4.892941241633052, 45.91561828517257]]], [[[4.905821398466169, 45.90672577304999], [4.906108900679587, 45.907443851443375], [4.906439366618118, 45.90727247702978], [4.906586723562359, 45.90726911416805], [4.906719543968704, 45.90738490463041], [4.906818426921936, 45.90770670639984], [4.906901200387153, 45.908546474406045], [4.908597405594843, 45.90821338585835], [4.9082111596670766, 45.90943203662008], [4.908767166522262, 45.90956606440644], [4.9078026777410555, 45.91020920889105], [4.908803418035563, 45.91080476760509], [4.909734685320944, 45.91082849801675], [4.910242607155631, 45.91081688938586], [4.910837742827988, 45.910907701403254], [4.911170998933771, 45.910795664079714], [4.9112078675896775, 45.91070480500186], [4.911620330849001, 45.910461324591], [4.912199476509289, 45.9106101099686], [4.912881238521148, 45.91072773729511], [4.9130805306652485, 45.91191590401002], [4.913042732253012, 45.91193477570745], [4.9139229312128, 45.915267771579806], [4.91414698092614, 45.91605659216658], [4.915145077478756, 45.916180470118455], [4.915453593083312, 45.91732562764675], [4.915637766581161, 45.91822608093769], [4.9210453236559335, 45.91874572494781], [4.921134387124794, 45.9189444198816], [4.921128793315501, 45.91896255551465], [4.921377192762931, 45.91959777825692], [4.921596238860137, 45.92020937044858], [4.921619852874005, 45.92028354420917], [4.9225422088717465, 45.922802658541116], [4.922387492030385, 45.92309427002139], [4.922430797115262, 45.92314008436647], [4.921982938437106, 45.92438000991462], [4.916905036122152, 45.923476565188516], [4.912985941659074, 45.923776034759385], [4.912984420811288, 45.923743662146755], [4.912942549437579, 45.92374461946554], [4.911080908690561, 45.92374218430147], [4.91035626739525, 45.92375874741415], [4.910065771995304, 45.92375278479414], [4.909950402261674, 45.923768021905246], [4.909771557570073, 45.92377210925459], [4.909392963491916, 45.92384737116828], [4.909373178097778, 45.92385592328279], [4.909321330932833, 45.924106459159916], [4.909368311923901, 45.92416479520504], [4.909366582666955, 45.924180138432014], [4.909859301413798, 45.92480170052509], [4.909733337847998, 45.92479737830057], [4.907931666832712, 45.924696297387754], [4.907895163791157, 45.924734938771074], [4.9068544691277465, 45.92472629243659], [4.906794955740173, 45.925730438603274], [4.905968507475412, 45.92569168168949], [4.905927597299063, 45.926162505280566], [4.9056799578263774, 45.92674426735865], [4.905468135980695, 45.92717938037215], [4.9052989275171575, 45.9276981313642], [4.905268114404585, 45.927712338285126], [4.905242117160251, 45.92772463445128], [4.905242618420199, 45.927787631718566], [4.904681983444633, 45.929366716434586], [4.904172040400577, 45.93082221236474], [4.90273138163669, 45.9306354037563], [4.9026457578170834, 45.931080236237456], [4.901026318141989, 45.93263840262829], [4.9003591411771055, 45.93328821471044], [4.900407895442542, 45.93341762591337], [4.901487108966995, 45.933424560890344], [4.902485594490121, 45.933534147156536], [4.903166292896682, 45.93360685613326], [4.908317928930161, 45.933181495052665], [4.908454090171043, 45.933196388446646], [4.908793354209447, 45.93314093524365], [4.910309800240557, 45.93301627295202], [4.910669865667682, 45.93300804401007], [4.910452819220315, 45.93379345730644], [4.910152487268018, 45.93461317314377], [4.911523142118394, 45.934523336436335], [4.911579639861578, 45.93481730223908], [4.914278185263272, 45.934622355230026], [4.922911302367501, 45.933301041948], [4.9230523423586865, 45.93328249990054], [4.923305939458323, 45.933240674371795], [4.923266244702547, 45.933238883142586], [4.922489623291656, 45.93287503874831], [4.921522479090463, 45.93248945763825], [4.921298881229729, 45.932382067924166], [4.922026206691101, 45.932039515070386], [4.923187812795102, 45.931539351690105], [4.923245959845122, 45.93142099123231], [4.923092617426121, 45.93135069610091], [4.922718745791404, 45.931476306201056], [4.922199506082453, 45.931681764529536], [4.921783111795432, 45.93180834730407], [4.92151962334619, 45.93160735359165], [4.921491001224604, 45.93144597678803], [4.921799810578243, 45.93129216018006], [4.922402950239771, 45.93107127286928], [4.923050262758773, 45.93087907868761], [4.92328099503952, 45.93083146818045], [4.924062885967852, 45.93082611675215], [4.9246325633850665, 45.931211801896296], [4.926329689365915, 45.930322125479755], [4.92634571441227, 45.93030375675776], [4.927127164267827, 45.929862701290595], [4.927191330030268, 45.92987202537101], [4.9330928248656765, 45.93075153784396], [4.935447515837867, 45.930113909826794], [4.935564237535994, 45.930194937622105], [4.935604647350758, 45.93021470845118], [4.935635987774395, 45.93024458742579], [4.93571414749232, 45.93027699185876], [4.935905135609918, 45.93046342679077], [4.936105259593964, 45.9305515237448], [4.934809056215994, 45.93215944929607], [4.935024270998513, 45.93224180489721], [4.935772087031511, 45.93252430865875], [4.936226271645895, 45.93259664409026], [4.936189242191574, 45.932716324074995], [4.935825953609196, 45.933064977442015], [4.934643663795794, 45.93413195959854], [4.934631267044849, 45.93427897590734], [4.935743291535085, 45.93448466938416], [4.936450720211212, 45.9346600819243], [4.937180808890389, 45.93490788130515], [4.93776608465417, 45.93517612399735], [4.938469046008398, 45.93529221858894], [4.940066176921707, 45.935492063152715], [4.941086475336587, 45.935599000149786], [4.9415701534383745, 45.935544606424095], [4.942071117821208, 45.935414194336616], [4.942506677664804, 45.93521328241489], [4.943241820265784, 45.93466516558595], [4.9439685115165375, 45.93438188552968], [4.944833159740439, 45.934316859025856], [4.945863242605371, 45.93419038318848], [4.945605208726538, 45.933207956158896], [4.945525319751701, 45.932984761677105], [4.945591869642871, 45.93292741018611], [4.944725007071825, 45.93070332179291], [4.94319008988183, 45.93103141816531], [4.9431609332626385, 45.931009589536664], [4.942251159967074, 45.93117466641436], [4.942199413413439, 45.93098412393782], [4.942317415210863, 45.93080405624107], [4.942309003386542, 45.930626918291416], [4.942261942445435, 45.93041556288018], [4.942228013975461, 45.930396541265985], [4.942116881595041, 45.93012905771734], [4.941905933810134, 45.93013393810635], [4.941947052395609, 45.92966039278934], [4.9410242122059325, 45.92965023079616], [4.940974158078295, 45.92968289362493], [4.939682020475322, 45.929638051272526], [4.939561765703178, 45.929346466692195], [4.9392860664542555, 45.92917730492029], [4.9391797589252135, 45.929179761714494], [4.9388037852327225, 45.92895259839144], [4.938142510199268, 45.928897663922626], [4.937494989271107, 45.92892881949597], [4.936118621135491, 45.92945569237417], [4.936062191664287, 45.92879266408204], [4.935865737298185, 45.928762989267916], [4.935055528777149, 45.928662859068794], [4.934724557985416, 45.925266016207246], [4.934825488199167, 45.92526728780664], [4.9348211178953205, 45.92524578121434], [4.93771383145074, 45.925536381324015], [4.93796433385424, 45.925139019837225], [4.938004374461399, 45.92511559048174], [4.939194986267612, 45.922921341711564], [4.936763291709262, 45.92202962449608], [4.936767977321789, 45.922008812163725], [4.935140839983034, 45.921286614708], [4.93190787693733, 45.9200171986239], [4.928023434088056, 45.917921924927384], [4.928481721308317, 45.917778151243645], [4.928705345220232, 45.91759747197185], [4.92931594269523, 45.91753840720224], [4.931204824853261, 45.91743824424339], [4.933344676538752, 45.91729884461164], [4.934758852968039, 45.91635884225905], [4.934095005159598, 45.91574493272808], [4.933214901421235, 45.914997378920425], [4.931836495906535, 45.91359787368703], [4.930789569630027, 45.91245716867055], [4.929624299297998, 45.91108153156452], [4.92931838162125, 45.91071230534413], [4.9293267700893795, 45.91060048826167], [4.928649266990293, 45.909686204731486], [4.927420338443952, 45.910098862753344], [4.926341890284126, 45.91052515650136], [4.924916904426999, 45.91079827044446], [4.924667423407997, 45.91068427843504], [4.924423514638692, 45.91057106497893], [4.923901377862935, 45.91038502384199], [4.9238793915963415, 45.910381026136115], [4.92386131749284, 45.91037514395767], [4.923798512678069, 45.91035857997487], [4.923664184000365, 45.910244647690675], [4.920919924232178, 45.90854963154797], [4.919854848393645, 45.90792594845245], [4.917602424328354, 45.90681368017387], [4.917754380646868, 45.906738180755006], [4.919547827585727, 45.90636668661448], [4.919652821777847, 45.90633727608929], [4.919558492384802, 45.90474342872365], [4.919598672230809, 45.90474250733254], [4.919562740517775, 45.903704531215446], [4.91816141808189, 45.90351793634585], [4.918098368925341, 45.90366611022665], [4.917845334171088, 45.90365120765412], [4.91774178896152, 45.90359056777016], [4.9172691475613055, 45.90358069855353], [4.916714163887214, 45.903346776102445], [4.915292059825541, 45.90307690171978], [4.915605707505314, 45.90220555221571], [4.915546852582847, 45.90220689998362], [4.9144496116672425, 45.902248231933605], [4.913457091855907, 45.90228715650286], [4.913272603947706, 45.90240840279485], [4.91306433224402, 45.902470778681675], [4.912508599374982, 45.90249519966431], [4.912485356365316, 45.90251373824979], [4.911482411605098, 45.9025366820537], [4.911204441415181, 45.90247102372922], [4.910665281564794, 45.90224660786202], [4.910411919823731, 45.90182571915969], [4.910325335705093, 45.901766490073854], [4.910334774303763, 45.90241619681524], [4.910351339237607, 45.90276958084944], [4.9102775399420935, 45.903464398817675], [4.909053654537757, 45.9053080166576], [4.908981728229558, 45.90556170858451], [4.908084827792034, 45.90537515746244], [4.905821398466169, 45.90672577304999]]], [[[4.907202496231769, 45.91950816095082], [4.907188154628241, 45.92011340304226], [4.9071409625331235, 45.9208958281204], [4.907223225755256, 45.9212918233275], [4.907079768397648, 45.92144812980327], [4.907039862537788, 45.92145804083644], [4.90626597919185, 45.92254060245707], [4.907916893139547, 45.92257493606695], [4.9082174478740574, 45.92265808951622], [4.908466153646964, 45.92256239380044], [4.910041692654106, 45.92279375382496], [4.9113467022168225, 45.92218781108983], [4.91133649376194, 45.921970203251185], [4.911535769736359, 45.92125271336334], [4.911834163124286, 45.92130620248931], [4.911600182535501, 45.92212800695069], [4.911635096457324, 45.92213260933836], [4.913781000092861, 45.92180627067421], [4.914331098728437, 45.919977131627306], [4.915923708420954, 45.91966160778306], [4.915931770800604, 45.91967942946806], [4.9159852430178965, 45.91961519000951], [4.915612917383784, 45.918262658264766], [4.914201867989994, 45.91815093513739], [4.913349047883442, 45.917979619405756], [4.912828422074003, 45.916796100345614], [4.9114758152759785, 45.91638415583116], [4.91136866872048, 45.9163325962274], [4.906254566994491, 45.91677077821202], [4.906058628261356, 45.91721633058388], [4.905681251400398, 45.91819712103168], [4.905814863222484, 45.918329104087135], [4.906166814167662, 45.9186154270953], [4.907101290235209, 45.919170206840654], [4.907202496231769, 45.91950816095082]]], [[[4.867396425718658, 45.94567917266322], [4.871238748360926, 45.94359442363115], [4.871644418560066, 45.94364470233746], [4.87165854636455, 45.943950437617225], [4.871585700181524, 45.944348151564014], [4.871549419922149, 45.945045690249835], [4.871880442816147, 45.94629215693017], [4.872065478696678, 45.94638701343397], [4.872043961350669, 45.946410000937924], [4.873218895758538, 45.946721104591816], [4.872988702466983, 45.94793520009107], [4.873463903167461, 45.94807932784542], [4.874519776664194, 45.94830938844132], [4.875564669154908, 45.948302040588146], [4.8769976922388665, 45.948316538918384], [4.878251724205829, 45.94838366516361], [4.8792260450478, 45.948838761723266], [4.880330139210694, 45.949114487763126], [4.881129947037368, 45.94926745420676], [4.881344542880654, 45.948763919098774], [4.883068772830259, 45.94897159315748], [4.883238347806445, 45.94857439145055], [4.88322255632207, 45.94776460095014], [4.882989721983581, 45.94665996459946], [4.882612876026942, 45.943925688192735], [4.882477472964176, 45.94285125668219], [4.882379360765453, 45.94283906693964], [4.8819746203226435, 45.939469008804565], [4.881016361357908, 45.939393446363106], [4.875097475138592, 45.93721361016295], [4.874173480613744, 45.93690137361559], [4.8737068076202785, 45.93713242394435], [4.871972860594236, 45.937473030552326], [4.868583066971301, 45.9379138586982], [4.867887979350532, 45.93810501145718], [4.867399969572441, 45.94133403853659], [4.866616524558664, 45.945522063723224], [4.867396425718658, 45.94567917266322]]], [[[4.929265845448466, 45.94046981021856], [4.927890214829734, 45.94064279189314], [4.927325234703142, 45.9407881148984], [4.926828882271007, 45.94092375173349], [4.923916841462237, 45.94164960215661], [4.923827972927813, 45.941696651159894], [4.922580345948821, 45.94201875682056], [4.921121991272179, 45.94103682142707], [4.92113527735525, 45.94096000362575], [4.920330050890751, 45.940505878123226], [4.920089485650909, 45.94079225409224], [4.920019423346954, 45.940844268852004], [4.919820456393002, 45.940918145781545], [4.9196037072879735, 45.94080339293238], [4.919560595340873, 45.94077557362656], [4.918519835100474, 45.942052477436654], [4.915627961469842, 45.939495613091445], [4.915605705708686, 45.93950242049344], [4.9156061072556225, 45.93947810637637], [4.9146526165484135, 45.93852504343615], [4.91434493907205, 45.93831154535621], [4.913657912932634, 45.93853429984047], [4.913054664574957, 45.93875513993523], [4.91304962322958, 45.93876875929312], [4.9096567349104765, 45.938072159925085], [4.909368417925091, 45.93900591962418], [4.907064691972228, 45.93823665665802], [4.906882361817322, 45.938852932985256], [4.90496700990115, 45.9386427696411], [4.904201414412033, 45.9384279807259], [4.903777062848223, 45.93968258613794], [4.906195677936034, 45.94032327759428], [4.90574688141674, 45.94238050104461], [4.904236158552272, 45.94239334179584], [4.903406342503525, 45.9421169957543], [4.903207175225254, 45.94172095555857], [4.902819952828775, 45.941855800518994], [4.90265118004813, 45.94276611457882], [4.901565463619322, 45.943465969418845], [4.901789332771279, 45.94373632140434], [4.901942954566344, 45.943795838642224], [4.902939444032921, 45.943773143017914], [4.904148479387305, 45.945187667385554], [4.903095523618577, 45.94536918688577], [4.903072121607125, 45.945401225188576], [4.902367802000187, 45.94551629020902], [4.902344891367179, 45.945525812790535], [4.9023184216090065, 45.94553091856759], [4.902047729569507, 45.94562259573148], [4.901435399244307, 45.94556632293966], [4.899004869800859, 45.94543080177693], [4.898433595179071, 45.94544379673168], [4.898582345410344, 45.94619205463153], [4.8987844429930805, 45.94660153228563], [4.8984714142525405, 45.94673737913782], [4.898554283837514, 45.9472323847711], [4.89852128512387, 45.94726914409933], [4.898855439544916, 45.94910509071732], [4.90098157036274, 45.950523990997986], [4.901665383228372, 45.9511583476656], [4.901863949533718, 45.95131765973205], [4.901859252243129, 45.951716538103256], [4.901824702138963, 45.951924364735], [4.902264787694969, 45.95207367410517], [4.903108549190191, 45.9519914485126], [4.903605325627156, 45.95186850867963], [4.9049955655473845, 45.95175761083423], [4.907120206060157, 45.951692959461425], [4.906770754228104, 45.9501040243135], [4.907523414875415, 45.95003914803485], [4.907627519735408, 45.94892055727281], [4.907720277974997, 45.94888693015181], [4.90783342347998, 45.94835775095728], [4.908095251842586, 45.94804121427974], [4.908885984888281, 45.947412846348854], [4.9088988855940645, 45.9476880023403], [4.90923870299468, 45.94784857984809], [4.910236030589414, 45.94782580280977], [4.910934292856392, 45.947872859688424], [4.911800149314356, 45.94764153368967], [4.913243479667877, 45.94746270247571], [4.9141695960134015, 45.94722908304505], [4.914300309870418, 45.94722878947501], [4.912422003578215, 45.95071671294133], [4.914721183157434, 45.95048679787109], [4.915482058898035, 45.95028934453957], [4.916296449076725, 45.95012937807572], [4.917485218438292, 45.95031549331037], [4.917845411426171, 45.95034324974301], [4.918460956821816, 45.95032914667882], [4.919339543305648, 45.950453036790854], [4.919860155640364, 45.95058243104398], [4.921176310600768, 45.95025338792966], [4.921218614064148, 45.950362242030295], [4.920945670846522, 45.9508689972981], [4.920437338481761, 45.95131004433663], [4.9195961722193875, 45.951416644787436], [4.919244505141859, 45.95160294057158], [4.9186534864484335, 45.95208908268536], [4.918096154578195, 45.95280849204029], [4.917704940068582, 45.95351239081931], [4.917279953395857, 45.954096434734], [4.916367209371659, 45.95365644411511], [4.915659431250861, 45.953872487445636], [4.914427009156407, 45.95395920194856], [4.914082081240104, 45.953949084378785], [4.913635120877244, 45.9542203588936], [4.9129547009484495, 45.9544339587148], [4.912155200345584, 45.95453325359458], [4.91340870500145, 45.95554879661051], [4.915326117652897, 45.95594332098533], [4.916429528197867, 45.95619981843395], [4.91688973152467, 45.956209985554096], [4.917097677139877, 45.95632584250428], [4.917157982841522, 45.95700679719233], [4.917147009022014, 45.9580080432652], [4.917356859065667, 45.95818327147377], [4.920314510934663, 45.95661490146316], [4.92032795512119, 45.956626296920746], [4.920411125641758, 45.95659468477778], [4.922355618007473, 45.95653477784692], [4.92368684759667, 45.95648982106451], [4.924440544899831, 45.956324882625296], [4.92620466364132, 45.956034102855796], [4.927883964351963, 45.955759652786966], [4.927944652735939, 45.95574385615061], [4.927952142888771, 45.95571667698241], [4.929878110196677, 45.95540231570865], [4.929901407105269, 45.954975092730294], [4.929311959565267, 45.95461958047716], [4.928417118964687, 45.95394882831681], [4.927913752486781, 45.953775873171196], [4.926827433288455, 45.953539798403355], [4.926593213747775, 45.95305638394001], [4.926148412934838, 45.95209261021349], [4.927926697210055, 45.95171145850319], [4.927547306326206, 45.95040862470619], [4.92782073912565, 45.95037262695127], [4.927898075986767, 45.94897197041438], [4.92815673419475, 45.94906864615394], [4.928767206803951, 45.94934085583916], [4.928799947701095, 45.94935090304657], [4.928827269960481, 45.94936648164845], [4.929065989162389, 45.949467207178614], [4.9293495989756835, 45.94959750814016], [4.929362263424563, 45.94986547490425], [4.929506160058352, 45.95021503289593], [4.929760014974488, 45.95065207784255], [4.930356203472343, 45.95118386708185], [4.931736347227092, 45.952448349153336], [4.931979646040336, 45.952372528346714], [4.932682753819957, 45.95204576552123], [4.933530838008346, 45.95162744611], [4.933745529073024, 45.95169721151221], [4.934022364690773, 45.95173583845576], [4.9366781422001225, 45.95152605371879], [4.937714340795493, 45.95148593141048], [4.939518033020182, 45.95114991842974], [4.939160752370459, 45.949978932342205], [4.9387880377658036, 45.94825918704454], [4.9384034923488755, 45.94640918580055], [4.938629412354604, 45.94589987061673], [4.938590244011595, 45.945857566141974], [4.939360582605387, 45.94470374094799], [4.938102935817737, 45.94452574665389], [4.937687141605344, 45.94376838938502], [4.939223450285708, 45.9431567926975], [4.939581868202591, 45.94180453444807], [4.939744808222082, 45.94121115002749], [4.93888243902405, 45.94132109196843], [4.937747787768489, 45.941493131465805], [4.937207761942167, 45.941701835374566], [4.937162937806132, 45.941608349523705], [4.936648420540623, 45.94194699089063], [4.935973035668992, 45.94154849635775], [4.934627916328842, 45.94076396064112], [4.9346503625328495, 45.940712130714424], [4.934690157899933, 45.94069951508715], [4.935360244508016, 45.94013674587034], [4.935412582153107, 45.940100434093566], [4.935520328783234, 45.94001062751537], [4.93556788020449, 45.94000953054486], [4.936013583824277, 45.93974899506106], [4.936076791982612, 45.939702527876634], [4.936120235408075, 45.93968532358271], [4.936429596327299, 45.93957555956212], [4.93677694430495, 45.939317296594744], [4.936845838799044, 45.93925719419625], [4.936799496510147, 45.939213254790786], [4.937243867030075, 45.93890863285979], [4.937465328697076, 45.93776389021044], [4.93176905398828, 45.93782865716054], [4.931508688981279, 45.937798646706746], [4.931481411637682, 45.937800175404846], [4.930129064452752, 45.93785022134646], [4.930422075135505, 45.93959702686434], [4.929392368664657, 45.94063793241902], [4.929265845448466, 45.94046981021856]]], [[[4.891896920470859, 45.956347475686385], [4.8919578819426865, 45.956511718975875], [4.893497721900442, 45.95658120406901], [4.89321654472492, 45.95511760775821], [4.896879744197854, 45.95484988372403], [4.896637496413481, 45.95451512397035], [4.896091587520401, 45.954050439861106], [4.895861468789005, 45.953560572048985], [4.895771936399592, 45.95316293356609], [4.895706866033675, 45.95317071483728], [4.895642808967383, 45.95278239441003], [4.893939042639957, 45.952535733536415], [4.89313751094622, 45.95253862273855], [4.892390705517923, 45.952696897198116], [4.889661100865284, 45.953508632923956], [4.890073016152278, 45.95452278514095], [4.890385796059488, 45.9548487576942], [4.891896920470859, 45.956347475686385]]], [[[4.89396658857982, 45.959769756853134], [4.8938707446272005, 45.95999517404963], [4.892335561535899, 45.95997780057623], [4.893018313491192, 45.96060863132973], [4.893015621240258, 45.96066990143607], [4.896429972108146, 45.96377357742574], [4.8970544225031505, 45.964430912322946], [4.897787410944058, 45.964924647844086], [4.898093702319966, 45.96510942085129], [4.898942912995714, 45.965153127429716], [4.899672442922796, 45.96508882387387], [4.900066072103874, 45.965192390014536], [4.900294040268486, 45.965200707841944], [4.9009475322983205, 45.964978801067225], [4.901694485948639, 45.964820479263075], [4.903017276764069, 45.964709348202135], [4.90339192364488, 45.96468280971593], [4.903426895058916, 45.96465230801848], [4.904016905842566, 45.96459116282953], [4.9043657683797885, 45.96420154182508], [4.905965438830393, 45.96416508346083], [4.905825113898197, 45.96311507702076], [4.906493526944921, 45.96320965932985], [4.906976867280165, 45.962800761465836], [4.906260490485485, 45.96216177351882], [4.905907603495798, 45.96146768054432], [4.905489066726832, 45.95986771453889], [4.905280179677168, 45.95881927654584], [4.901194603137443, 45.958978042647566], [4.897714531523372, 45.958958185278675], [4.897715025596809, 45.95893566384889], [4.896888478517366, 45.958940953238276], [4.89413688849643, 45.95885492160014], [4.894027359608796, 45.9593596982957], [4.89396658857982, 45.959769756853134]]], [[[4.881007220101577, 45.96849410654881], [4.881694385479844, 45.96899528270873], [4.881874675560742, 45.97009840748092], [4.883627900432762, 45.970148810117905], [4.884373461694412, 45.96992492208673], [4.884575203544297, 45.96990775526907], [4.883733995061093, 45.97125181701573], [4.883373165167671, 45.97196029952959], [4.887560274690698, 45.97179357845119], [4.887557637237021, 45.97180624444089], [4.889531089490831, 45.97175254741753], [4.889559036977629, 45.97178162545533], [4.891016286726476, 45.97174860158393], [4.891095157910101, 45.97122471725445], [4.891363375091031, 45.97034817252352], [4.891607693492114, 45.96949647181625], [4.89146746288298, 45.96908287576179], [4.891476169354715, 45.96906467722224], [4.891480443538838, 45.96905107654631], [4.891491932991315, 45.969037313530464], [4.891561700647855, 45.968889002660326], [4.891850986017144, 45.96817131307216], [4.891861072301155, 45.968110772422655], [4.891911348312641, 45.96797910513224], [4.892050973457265, 45.96739083368894], [4.8920845345162585, 45.96703900759274], [4.8920575069043215, 45.96696040509039], [4.891440976955158, 45.966680031779525], [4.889737747820264, 45.965984998860314], [4.889201971923575, 45.9657558957997], [4.8888873998773565, 45.96541195813444], [4.888606804810154, 45.9650519458614], [4.888392398511423, 45.964995138937994], [4.887910692211664, 45.96505240605621], [4.8870448671947315, 45.96513681770424], [4.8866148445665445, 45.965241068737505], [4.886046132838277, 45.96579673770924], [4.884106729428651, 45.965295099890675], [4.884099697416638, 45.96528265844977], [4.883728679729567, 45.96516232568822], [4.882356763644499, 45.96468293335117], [4.881668308285469, 45.9641556883425], [4.881419164134678, 45.96421082641232], [4.88110862013421, 45.96640343342712], [4.880896155993104, 45.966743093435475], [4.880666375028282, 45.967722260731364], [4.880684731202805, 45.96811791784738], [4.880994736214081, 45.96838366904987], [4.881007220101577, 45.96849410654881]]], [[[4.886038798992306, 45.97747565377213], [4.885781249305375, 45.97776773374], [4.885698320431627, 45.97799465024043], [4.884860424935185, 45.97868422186031], [4.882943226082781, 45.97913712813699], [4.881438591999339, 45.979476267462765], [4.880090364488331, 45.97974164142845], [4.879942924899056, 45.979816984063376], [4.879244252101971, 45.97997497210393], [4.879244367086333, 45.98025582308175], [4.879220592274018, 45.98028336101323], [4.879259967229561, 45.98092339027037], [4.881957325956789, 45.9817320663688], [4.883048182545622, 45.98205848932914], [4.883548318681766, 45.98196797357441], [4.884009767073547, 45.982067368298395], [4.884731136704561, 45.98230851004742], [4.884789892812348, 45.98232248512177], [4.884886737488199, 45.982272584202576], [4.888155289988811, 45.98312401415091], [4.890838167873628, 45.983702364642916], [4.891804555693366, 45.98431778216121], [4.8927140954269515, 45.98466352931879], [4.893211846536, 45.984557720644816], [4.8932904015126475, 45.9842678886582], [4.893166360341571, 45.98404746085603], [4.893069196763816, 45.983938041860895], [4.893262092903083, 45.98366091360283], [4.8931804719763745, 45.982362023302045], [4.893680886590218, 45.9821364311999], [4.894195587112036, 45.98182139273214], [4.894205670701122, 45.981796860596866], [4.894799728395127, 45.9815223296561], [4.895789842518136, 45.98115778777674], [4.8963598325490745, 45.98093780390883], [4.896477965500508, 45.98071908013094], [4.896565681496422, 45.98062887118559], [4.896414907360822, 45.98044146133523], [4.896353147286708, 45.98037984853849], [4.89699748638215, 45.98049123718366], [4.897973600261428, 45.9803970495648], [4.898237845990456, 45.979436862684786], [4.898720833287809, 45.97925665209175], [4.899239555567165, 45.97906482471499], [4.899831233623995, 45.97899735546093], [4.897569976424511, 45.97837363599164], [4.8975525122770724, 45.97838123206097], [4.892490972774983, 45.97724669749893], [4.892467837563169, 45.97725172481585], [4.889706560110234, 45.97659417497979], [4.8880633608942095, 45.9765710770115], [4.888056853498268, 45.97655322366574], [4.888022217155882, 45.97657200907112], [4.8879883066522165, 45.976570079401796], [4.887965440036668, 45.97660030109951], [4.887050470885492, 45.97708639495693], [4.886038798992306, 45.97747565377213]]], [[[4.872173329531368, 45.98307779306599], [4.871658955996327, 45.983209985628214], [4.871845925949642, 45.9840951417631], [4.871893020128408, 45.98411658558023], [4.87248197898489, 45.98421765741797], [4.87256701530633, 45.98422474458662], [4.872825128236907, 45.98418832998781], [4.874258560952608, 45.98397963626016], [4.874484171039605, 45.98438323064399], [4.875317578552849, 45.986094578136544], [4.877100948190869, 45.985079521383156], [4.877792689587216, 45.98468135570601], [4.8779283459748966, 45.98464679339518], [4.87791654929858, 45.98439231522583], [4.878138662244144, 45.984275684286956], [4.877999695564659, 45.98350647658915], [4.878011199390189, 45.98349271466875], [4.877987022132608, 45.98297116426482], [4.877803301385662, 45.982943802450244], [4.877801007986739, 45.982894342786906], [4.877668383413128, 45.980885469087035], [4.876957935499323, 45.980912290080745], [4.876893776923427, 45.98074810539436], [4.875939983483995, 45.98083440703775], [4.875511804198752, 45.979813369032556], [4.875435701622815, 45.979756572253976], [4.875056273009753, 45.97900448200191], [4.874461430188184, 45.97915740526493], [4.874245956690867, 45.978878706783746], [4.873745132445247, 45.97841559352418], [4.873023121417105, 45.97792955877957], [4.873373049356252, 45.977350079220045], [4.87239998525732, 45.97646011186281], [4.871932913411877, 45.97930882552248], [4.871764438871901, 45.98004624869923], [4.871532613341486, 45.97997224788539], [4.8708959575366855, 45.98253942041983], [4.870873488874817, 45.98261194027782], [4.872282773977375, 45.982652254154154], [4.872173329531368, 45.98307779306599]]], [[[4.857315981656222, 45.9825869446984], [4.858725405997663, 45.983147268559826], [4.860360914736536, 45.98387759522318], [4.861351680138107, 45.9840318376989], [4.862478852020634, 45.9841479048738], [4.8635639135775905, 45.98433062131051], [4.864522751955687, 45.98478890814106], [4.867224699277357, 45.98454554694167], [4.867551020389148, 45.983955815424444], [4.8675625484691984, 45.98371611839653], [4.86697633306762, 45.983394418615546], [4.866887009087335, 45.98296434846887], [4.86745263420431, 45.98124854456177], [4.867420899420248, 45.981224055869056], [4.867499424752491, 45.98110707055654], [4.867550537993839, 45.98095559591418], [4.867605350497535, 45.980954364918844], [4.867682329829173, 45.98084011694565], [4.868462919997008, 45.98040851503996], [4.868722112702564, 45.97959074797504], [4.867993725432523, 45.97915882669866], [4.866642948502719, 45.97966804659528], [4.864446496666143, 45.9796687176656], [4.864414413335774, 45.979446197779936], [4.863399421269316, 45.978801043741534], [4.862565638260253, 45.979552461315315], [4.861221967902654, 45.97921620402478], [4.861395461330112, 45.97900528105344], [4.858805913013403, 45.97891653382974], [4.857124751891805, 45.978700299116795], [4.855997749790862, 45.98206057236643], [4.857315981656222, 45.9825869446984]]], [[[4.8679409071887845, 45.98694639059296], [4.86795911783621, 45.98695498790214], [4.868040267147409, 45.98763008159824], [4.86386917728082, 45.98792440739909], [4.863842966237477, 45.98791599623976], [4.861993268592136, 45.987988954079164], [4.8617628354503895, 45.99045154650798], [4.861439247013702, 45.99087286817054], [4.8613257026567425, 45.99191239316324], [4.861312024009906, 45.992089129948795], [4.861541083627558, 45.99260969136835], [4.862296567679813, 45.99259276749488], [4.862887182131345, 45.99250122171303], [4.863244329830431, 45.99231768532948], [4.863351451233145, 45.99213705357364], [4.863923227114846, 45.99212423683061], [4.864045840862902, 45.99231592471833], [4.8645860023348195, 45.99212737673321], [4.864948420449676, 45.99179519514523], [4.86500848989442, 45.99182085499355], [4.865029329012386, 45.991782580536245], [4.865155243170811, 45.991572719005845], [4.8653874028745125, 45.991986084060265], [4.865425126726557, 45.992000541002824], [4.865487852489584, 45.99201083698487], [4.866052793988634, 45.991170017106896], [4.86721605299276, 45.991557981722806], [4.86728003639719, 45.991478233187664], [4.867011605417251, 45.991098989502795], [4.866921023795563, 45.99062213842574], [4.867048409394434, 45.990427544962856], [4.867790698991788, 45.99012553066403], [4.8680166540318375, 45.99005474388369], [4.87129633665882, 45.99022139250715], [4.873257558350049, 45.98955436309789], [4.87352507664167, 45.99088958411221], [4.873538599879941, 45.990902783105554], [4.873526532810731, 45.99092106059803], [4.873573425766883, 45.990931258169226], [4.876412208964221, 45.991445691024026], [4.877024555459101, 45.99131937362344], [4.877554069199955, 45.99137315153211], [4.877066455578918, 45.989261555766696], [4.876745517172303, 45.98925258183317], [4.876545439002342, 45.988906026980025], [4.876388576085715, 45.98848018646389], [4.876397874547237, 45.98817661925094], [4.8757382569054615, 45.987822414827924], [4.875661534491993, 45.98762970585289], [4.875478113782344, 45.98745020476188], [4.875468870118078, 45.986904912021714], [4.875587526787319, 45.98648636894087], [4.873209750908953, 45.986062815528534], [4.872589307000103, 45.98597955430329], [4.871883497088112, 45.98607464684781], [4.8712448811593445, 45.98612321483936], [4.870529464663727, 45.98601058042669], [4.869722341855655, 45.985869386988156], [4.868258432895626, 45.98586987447394], [4.867796820112143, 45.98581722660562], [4.8679409071887845, 45.98694639059296]]], [[[4.9150965316224795, 45.992223894793376], [4.915218360243005, 45.99315009613102], [4.913882681298185, 45.99354790382419], [4.913875254925747, 45.99357957850843], [4.91265360632645, 45.99401887573264], [4.912272289454656, 45.99428683672715], [4.912174030830574, 45.9945321309499], [4.9117886670483895, 45.99658613329384], [4.9131813369114665, 45.99640129368481], [4.913327552096997, 45.997192809361295], [4.914434909839312, 45.99698296272993], [4.915043507664539, 45.99689523220766], [4.915593052039572, 45.996927673190065], [4.917225314267035, 45.99672109624764], [4.917660175221355, 45.99668234215709], [4.918884322035414, 45.996621907563735], [4.919477451769751, 45.99668574016177], [4.920009066670051, 45.99678158065731], [4.920562732515633, 45.996950730838876], [4.9214251385445795, 45.99712900667873], [4.921500251177083, 45.996837425754684], [4.921550093302304, 45.99657703011918], [4.921606868624891, 45.99656492895417], [4.921728701736969, 45.99565655394963], [4.921861102630069, 45.99521063017857], [4.922202537896524, 45.99457987334741], [4.922896104669507, 45.99396714990725], [4.923223076161562, 45.9934708498819], [4.923479387970026, 45.9929005568799], [4.923094496701682, 45.992114528782366], [4.92228662290207, 45.99170817163519], [4.921548550894956, 45.99137402529943], [4.92019537995492, 45.99100716164268], [4.919197770289197, 45.99076838015806], [4.91914412739199, 45.990776490679224], [4.919087730260148, 45.99074447673819], [4.917728763389907, 45.99069817838285], [4.916632487264952, 45.99066295700528], [4.9153584462233395, 45.99056877982589], [4.914943181118637, 45.990578276565714], [4.915119366796996, 45.99221257218989], [4.9150965316224795, 45.992223894793376]]], [[[4.912195272393774, 46.00841417038825], [4.912477007423059, 46.00874080411495], [4.911894918881878, 46.00886211407989], [4.911383715501462, 46.00902951529261], [4.91109239724474, 46.008793122583434], [4.910738628109438, 46.009014534962084], [4.909932303903653, 46.00886730136944], [4.909488440931885, 46.00895574102511], [4.9089204460592, 46.009085721132074], [4.90952929631101, 46.01429555259028], [4.910104070769123, 46.014000684534075], [4.9121111029466, 46.013768544137065], [4.912183872772807, 46.0147336709556], [4.9134763032266005, 46.01479237078708], [4.914490387994624, 46.014602668518016], [4.915193347552224, 46.014352551619695], [4.915741672913463, 46.014682083651614], [4.916430357342853, 46.01412892780457], [4.916629843523061, 46.01389032220364], [4.916803439358455, 46.01340925613405], [4.918177070327381, 46.01339582730956], [4.91829755416992, 46.01329585249391], [4.921814179131217, 46.01324411661471], [4.921982581805958, 46.01267313775321], [4.922050892395106, 46.012341206150296], [4.9220740177254525, 46.01195810196213], [4.922049655414936, 46.01171560951847], [4.922036288483526, 46.011432359574094], [4.921982686010521, 46.01116983900739], [4.921526270879277, 46.010721205252985], [4.921300201753197, 46.010549048154715], [4.921117378423183, 46.01037050609838], [4.9206669074442, 46.01004775771769], [4.919165698636924, 46.008811091564425], [4.918118708580021, 46.007855663388526], [4.9166450061867355, 46.008245853880815], [4.915131077235059, 46.008572134211775], [4.9149335556703715, 46.008234581974286], [4.9131587927911085, 46.00831654751275], [4.913147663563034, 46.008305098424884], [4.9129572207228085, 46.008222133958355], [4.912195272393774, 46.00841417038825]]], [[[4.869629591700908, 46.00193934188794], [4.8705027119362345, 46.00404140316218], [4.869144771840376, 46.00404220310025], [4.866226872219337, 46.00391506771354], [4.866062697016303, 46.00539501221963], [4.8667535418939805, 46.005736878356885], [4.8671786435510676, 46.00636015101061], [4.867720563026005, 46.00751549248086], [4.868342586173118, 46.00836298711015], [4.868735266733261, 46.009295733993966], [4.868858602726816, 46.01046047628331], [4.866653855846909, 46.0106242802287], [4.866094927670397, 46.01063681941768], [4.864381150517449, 46.0105249186914], [4.863661550567516, 46.010415022968616], [4.863660108771508, 46.01045376681663], [4.86118412816795, 46.01023196963352], [4.859904673878463, 46.01008057469227], [4.859800249218269, 46.01140614481996], [4.85991157114321, 46.01184293036537], [4.86155886128705, 46.01154861510228], [4.862357804934415, 46.01169815556668], [4.862755219616129, 46.01191158864491], [4.862878526863611, 46.01262445331173], [4.862781377658877, 46.01405338419885], [4.862735219524652, 46.01468002866788], [4.86279521710416, 46.01473989267154], [4.8628865110898465, 46.01533555463105], [4.863749987910599, 46.015289202612244], [4.863787779136292, 46.01530456303926], [4.864631336713972, 46.015263153758745], [4.865940871989066, 46.0153805191714], [4.86689967712947, 46.015440026823406], [4.868173640915964, 46.01529621593097], [4.869329407072301, 46.015108236597456], [4.8704889308814625, 46.01498497457058], [4.87064883998518, 46.01490036753401], [4.8715384002885544, 46.0145077067165], [4.871761705298501, 46.01779728633923], [4.871646734416882, 46.018001503280864], [4.8716370254252865, 46.018017924694405], [4.8716207946647305, 46.01805249361298], [4.871597508535936, 46.018090825381236], [4.872841489253176, 46.019006230417475], [4.8741104422369945, 46.019742830285615], [4.874845232698379, 46.020143968109004], [4.8748381225328865, 46.02018013573157], [4.875321965924707, 46.02023495851631], [4.876214340649854, 46.0203922042788], [4.877572988618159, 46.02053983635887], [4.878015072925673, 46.02103397107359], [4.879028993302027, 46.021774456878944], [4.8797855167050574, 46.02230830540365], [4.8813021989931045, 46.022274098437855], [4.881593241467084, 46.02231704318131], [4.885514179273105, 46.02240403726396], [4.8862312558553915, 46.02242203800142], [4.8862451429113545, 46.02245953151401], [4.888335076114837, 46.0224734808557], [4.8980901333133655, 46.02275107096335], [4.898212491041581, 46.02264026949912], [4.898415204868592, 46.02241602424127], [4.898475057819335, 46.02233095076634], [4.898497035102758, 46.02230074717493], [4.898577095655841, 46.02126642717062], [4.8988973899703705, 46.019429100650036], [4.898995943241902, 46.01891196798193], [4.899085666074165, 46.01868938565497], [4.901120654721578, 46.00985745207339], [4.90120018437031, 46.0095225780352], [4.901345338645469, 46.00920691616346], [4.901735332344626, 46.00796481485363], [4.9011013274682265, 46.00797923143369], [4.901003981532461, 46.0079004287364], [4.900889104075609, 46.007885939759525], [4.899574549913032, 46.007720480515715], [4.899414490790632, 46.007645805410505], [4.898133176090189, 46.00762991063875], [4.897574779716324, 46.007620088634646], [4.895902369982215, 46.006972127007664], [4.895524965273448, 46.0066359227157], [4.894626542191509, 46.006381760283915], [4.8925539608460955, 46.00629192697333], [4.891399305007439, 46.00620467605531], [4.890536216258865, 46.00599558551742], [4.889110672547973, 46.00570559998118], [4.887526843887383, 46.00553620139713], [4.887570763419942, 46.005056319328695], [4.887590900055344, 46.00477861418268], [4.887576078751501, 46.00446028646116], [4.8869840584365445, 46.004473678768996], [4.8870318577928, 46.00406032337892], [4.887277228121084, 46.003764917793674], [4.887155542332696, 46.003767670792314], [4.884485215709024, 46.0038433445072], [4.883940818680525, 46.003630602865506], [4.883852039079314, 46.00363260958931], [4.883867547594371, 46.003582747848256], [4.883814005308505, 46.00342012609047], [4.883913522472288, 46.002557324055836], [4.883445067221315, 46.00251929226973], [4.883430730109373, 46.00221086249776], [4.882654904605809, 46.002034848180415], [4.881644901782431, 46.00186141105226], [4.881629865781213, 46.0015376938631], [4.880374250982731, 46.001582229074096], [4.880393097637369, 46.00148458790156], [4.880345653115634, 46.0009662603073], [4.879344902041361, 46.000988833288666], [4.879314040419779, 46.001003032034966], [4.8792861252723085, 46.000974860430844], [4.873998176182671, 46.00110928164811], [4.873978102429331, 46.00112774047657], [4.869620730718938, 46.00123921716759], [4.869629591700908, 46.00193934188794]]], [[[4.841017636352349, 46.01772260550039], [4.842726384736345, 46.01729758436144], [4.843742635342537, 46.01702565932395], [4.8444963218659, 46.01683787364286], [4.845092272310224, 46.01669859791506], [4.845950635022101, 46.016539979191286], [4.846427938678618, 46.01641683950861], [4.846941520797916, 46.01622267737096], [4.848631881566356, 46.015806980528524], [4.848657046970745, 46.01580911657011], [4.848685751737331, 46.01579272569285], [4.849627265206839, 46.01557416834489], [4.850347094227132, 46.01547441019926], [4.8509094584596095, 46.01544837079074], [4.850892122771256, 46.01507069630166], [4.850369253868565, 46.01509585438521], [4.850475499413841, 46.01435085721497], [4.850426433433046, 46.0141431138204], [4.850293361498414, 46.013864332582386], [4.850576784462146, 46.01390032463917], [4.8507258616801625, 46.01322458003313], [4.85093527514256, 46.01207041467305], [4.850427654243501, 46.011968314997105], [4.849863417023675, 46.01193858052344], [4.849115378208464, 46.01185893685029], [4.849048809452654, 46.01186941942339], [4.849027604720368, 46.01184648528282], [4.848630366108487, 46.011813029869806], [4.848079383530666, 46.0116299680599], [4.847438952106732, 46.01171354007503], [4.843341357905104, 46.011396924919865], [4.843025691710921, 46.011980035341494], [4.841880458301285, 46.01375718102364], [4.841186018365823, 46.01485278615672], [4.840564543191039, 46.015775737791714], [4.839765165657342, 46.016767442307106], [4.840893926659635, 46.01708264306286], [4.841017636352349, 46.01772260550039]]], [[[4.8725071740336485, 46.022230927855766], [4.871049810198772, 46.02256973701861], [4.871030190992963, 46.02265119352672], [4.871061793724685, 46.02282871537829], [4.870785594114147, 46.02289973531178], [4.869828921574219, 46.02287261654524], [4.86892974570408, 46.022568745851814], [4.868606031503234, 46.022640827146674], [4.868452901984943, 46.02285580048308], [4.868213335671706, 46.02420872082341], [4.867344845353353, 46.024602678131956], [4.864994105171765, 46.02565817133141], [4.863603429568644, 46.026324842857136], [4.862684263488462, 46.0266217795719], [4.861968316088494, 46.02671882500367], [4.860979732694739, 46.02701550138302], [4.858565640624381, 46.027735612822404], [4.85766019810679, 46.027820666129955], [4.856066770049083, 46.027611420300794], [4.854967471991492, 46.02753875108964], [4.854868181203145, 46.02840331833964], [4.854720896124104, 46.02874686595381], [4.854341413612117, 46.028995677836534], [4.8545196411611125, 46.02932205653561], [4.854305990345507, 46.029506856003096], [4.8535546556115445, 46.02962804307955], [4.853414433985582, 46.0292819107498], [4.853025096056605, 46.029369805708626], [4.851756363160042, 46.029671750493385], [4.851987078372778, 46.030105882067446], [4.852474815961348, 46.03108517857044], [4.852508824381363, 46.031122226519344], [4.85257949214983, 46.031343888151774], [4.8520948420708825, 46.03146721536841], [4.851448976737806, 46.03157793303223], [4.85145269396646, 46.03165885924872], [4.851361165520466, 46.03221539645481], [4.851266361816952, 46.03270359877341], [4.851272809924051, 46.033353366221604], [4.851613709794603, 46.03365362037674], [4.855991676281219, 46.03712776157141], [4.857419634663608, 46.03819226346555], [4.857462660372454, 46.0381976001601], [4.858674192144973, 46.0391922037298], [4.8587165989146195, 46.039184055408455], [4.86149939551019, 46.04133620937125], [4.863586034591482, 46.04301420516188], [4.863607083915203, 46.04301373376797], [4.86360672997898, 46.04304254864939], [4.868299224494358, 46.046752249321614], [4.8690438676777745, 46.04318169939876], [4.869309054841228, 46.04234759900625], [4.870042465490304, 46.04259038174211], [4.870818324231526, 46.0427529912056], [4.871766309164324, 46.04258496815269], [4.873043240086199, 46.042475255244575], [4.8737466407166075, 46.04257196169323], [4.874707538033317, 46.04264937374525], [4.875782194404328, 46.04270440558028], [4.876405657550856, 46.04257695688736], [4.877235018153776, 46.04239625415869], [4.878122763860246, 46.04237626271391], [4.8781928288591585, 46.04240709135076], [4.880250232269549, 46.042556066360234], [4.880396601066982, 46.042195399700994], [4.879952840503151, 46.04217299505891], [4.880071311221126, 46.04173194768723], [4.879812461672029, 46.04167206988408], [4.880159035301881, 46.04059305921667], [4.880517559219988, 46.0397910306594], [4.880549886892134, 46.039479743233684], [4.880335777935742, 46.038885955226974], [4.879236159179587, 46.038795524317564], [4.879116920402026, 46.03878560994599], [4.8791137098232, 46.03876947593782], [4.877992000595922, 46.038601211290356], [4.878955649452342, 46.037764853546825], [4.87897594868282, 46.037714884762636], [4.879807724855534, 46.03704801885709], [4.879848381706967, 46.03693278165745], [4.8786885533689235, 46.036535840946044], [4.877659985961862, 46.03597570782258], [4.877464582624629, 46.03578386937557], [4.877228499978069, 46.034717994623215], [4.877107352280543, 46.03360271615207], [4.8770674356408845, 46.033614415696256], [4.876306581459848, 46.0334245067177], [4.875657789415594, 46.03300073321989], [4.8748466538331545, 46.0325986041474], [4.875035242550639, 46.032641169796335], [4.875175660009336, 46.03215192292028], [4.877743813150907, 46.03073035509239], [4.878003370572484, 46.029815341880806], [4.878409912137442, 46.02865396856241], [4.878412552286077, 46.02858819634649], [4.878491735185095, 46.028278556629765], [4.879525504735982, 46.02796270493035], [4.879545481471269, 46.02801176568449], [4.87965151591246, 46.02794636069157], [4.880286859278602, 46.027783508690085], [4.881584680522411, 46.02665153234682], [4.882228972007107, 46.02647316889304], [4.883258956057392, 46.025574057781945], [4.883369844994365, 46.02544102644243], [4.882555946194121, 46.02445301475489], [4.8825231082789236, 46.024460956293325], [4.882141575811427, 46.02408969501225], [4.88130190524402, 46.023572144978864], [4.880578436250155, 46.023071768507734], [4.8805941513777436, 46.02306241394863], [4.879815656081174, 46.02238413838936], [4.8758985343184555, 46.02228966027389], [4.875938838131997, 46.02232295403013], [4.875000071710645, 46.0222972765148], [4.875007525032563, 46.022318716757525], [4.872571653308143, 46.02221147678694], [4.872536991812905, 46.02223025730148], [4.8725071740336485, 46.022230927855766]]], [[[4.90562024052123, 46.03917726960873], [4.9051273457046225, 46.03905526413009], [4.904859376458725, 46.03969688846955], [4.904546936114718, 46.04025040398243], [4.904253789786369, 46.040788176493315], [4.904231945453584, 46.041218059749234], [4.904021966052582, 46.04216802227594], [4.903743519755538, 46.04301691754748], [4.9035008165253355, 46.043715573133866], [4.903482897830367, 46.044248888644965], [4.903437026258682, 46.04463250422527], [4.903300520963044, 46.04487235450088], [4.902986415142485, 46.04541059891381], [4.902832263341431, 46.04572376334808], [4.903050821653414, 46.04635431920362], [4.90321567418616, 46.047146323403126], [4.903268624482271, 46.047795947837336], [4.906433362278752, 46.0483585585391], [4.907172216718472, 46.04829852519055], [4.908442752533843, 46.04825427761311], [4.909400022453408, 46.04833598182291], [4.910101058717989, 46.04834880736402], [4.910229373174858, 46.047002816949714], [4.910282090807323, 46.04676576543894], [4.911639556592713, 46.04659707872022], [4.9121314129568425, 46.046351806501676], [4.9123125214029635, 46.04616763885319], [4.912500748099384, 46.046184046288516], [4.912987737391339, 46.04614322627633], [4.912983805465343, 46.046111811761946], [4.913053518324627, 46.04618403007749], [4.91362294151863, 46.04748529533125], [4.915381187074762, 46.046457634800475], [4.9154051002276296, 46.04658941781829], [4.916057493617881, 46.04783115964982], [4.916128070656506, 46.04819592068476], [4.916067367899476, 46.04838364723221], [4.916024593718917, 46.04876270083475], [4.91612591110655, 46.04974697798833], [4.911688553403233, 46.04968357010402], [4.911233787578861, 46.049909988468436], [4.91144038302623, 46.05112501833274], [4.911469482153241, 46.05174367593222], [4.910877739417688, 46.051787780440854], [4.910555935035137, 46.05168169489852], [4.907760769536432, 46.050884829241724], [4.907100396411497, 46.05174153691505], [4.906847985986361, 46.05223337901418], [4.906106807604982, 46.05269404099439], [4.905548155211245, 46.05301641637355], [4.904898115407056, 46.05323194735687], [4.905792035234477, 46.05420180018948], [4.905778557810291, 46.05429212296806], [4.905914937341768, 46.05439074004989], [4.905934480190757, 46.05448211233769], [4.906829074652999, 46.05546274854671], [4.906837498155415, 46.055523766554465], [4.906814339587376, 46.05552879673439], [4.906850813882857, 46.05668289142184], [4.908221413936044, 46.056408626689084], [4.908230905535309, 46.05638770585967], [4.9083121976786455, 46.05638135729653], [4.908554461632666, 46.05699695756222], [4.90859995052202, 46.057018426110865], [4.909931422656366, 46.05644527427783], [4.911400566099583, 46.05568802859137], [4.91235979704141, 46.05532767645614], [4.913568270050447, 46.05482120070851], [4.91355619848965, 46.054787266966606], [4.914127435382194, 46.05457888691436], [4.914739834877669, 46.0541823273309], [4.914741447353592, 46.054164288934345], [4.9154283881530505, 46.05384073639109], [4.915771072077738, 46.05428929829896], [4.915765955273904, 46.05433442378913], [4.916181530297373, 46.05495505029952], [4.9177920326336775, 46.0546481828557], [4.917804722235376, 46.05460738655385], [4.918112922531283, 46.054546323271666], [4.920967236701574, 46.05227376498094], [4.921011326914013, 46.05226555437538], [4.921060798933331, 46.05225362125243], [4.921102992802231, 46.052238253012185], [4.921867433956212, 46.05160501807035], [4.922920744559426, 46.050795033316085], [4.9229390037158955, 46.05074510250127], [4.9229807187827435, 46.05071264133759], [4.924598104010776, 46.049493627819984], [4.925816351588394, 46.0487887476204], [4.926269483377281, 46.04851009743896], [4.925864015299055, 46.047574206300446], [4.927805729175549, 46.04648363216978], [4.927536782562642, 46.046179240964904], [4.925933681445957, 46.04679215234717], [4.925216372200023, 46.046880617387416], [4.924795575269792, 46.04693527714689], [4.923756070874136, 46.047386699587136], [4.923653793187472, 46.047036174380544], [4.923855766802709, 46.04548052550315], [4.924463950504572, 46.0453045534978], [4.924139468244141, 46.04519226402589], [4.924154398244167, 46.04506229584129], [4.924169225836257, 46.04474419002307], [4.923928551900265, 46.04385853069352], [4.9239491763208925, 46.04384905744088], [4.9237976062779305, 46.042898338784106], [4.925382049386169, 46.04239705790677], [4.9254279703651935, 46.042401856700415], [4.926084188781919, 46.042373297137914], [4.925706302576208, 46.041984087604746], [4.9255275710723065, 46.04180995204213], [4.925351916298299, 46.04166545087836], [4.92531976559428, 46.0416688854035], [4.92530944754492, 46.04163941756975], [4.924103366749521, 46.04128270076896], [4.923291746076849, 46.041151873477304], [4.922471661477559, 46.041287692338344], [4.921611711442576, 46.04148562999181], [4.921030383774472, 46.041320709017256], [4.92053056204868, 46.0410530999389], [4.919754597306266, 46.04080350863503], [4.919748444744879, 46.0406731204444], [4.9196575172718084, 46.04052667702018], [4.919646358399364, 46.04029018512022], [4.917002764740214, 46.04001129127901], [4.916107931326145, 46.03989942567785], [4.9161120411185655, 46.03998664588382], [4.916124621125818, 46.04025371388194], [4.916098483744304, 46.04062338189104], [4.916051394057122, 46.040962926988804], [4.916290168056253, 46.041503877054865], [4.915982007286251, 46.0417179632981], [4.915947915322906, 46.04200680097987], [4.915868709067663, 46.04202391550751], [4.915879425969002, 46.04225141157827], [4.914163727319664, 46.042290611378384], [4.914162331337708, 46.042260938729804], [4.914231022812525, 46.04193530737949], [4.912333817763419, 46.04146552223635], [4.912379676758678, 46.04134115229842], [4.912580104373276, 46.041087224198215], [4.912874300832197, 46.04102109887838], [4.913224414722611, 46.040822264749714], [4.913236117075799, 46.040142363216326], [4.913293598474204, 46.039578442884995], [4.913306259329829, 46.03940261670415], [4.913201370240636, 46.03897562895925], [4.912913108950771, 46.038703150791015], [4.912761168801938, 46.03861660327965], [4.9123226508061, 46.03877424511443], [4.9113499253720745, 46.03884145130013], [4.910618809918516, 46.039063366948994], [4.909611149003069, 46.03926458636227], [4.907977356046386, 46.03925681718786], [4.906386588798549, 46.03922103619386], [4.90562024052123, 46.03917726960873]]], [[[4.837692744212044, 46.04001210254462], [4.836930914460626, 46.04002898759256], [4.8363569673508735, 46.04019743558622], [4.834654725464489, 46.04122079778888], [4.833830874229202, 46.04163239948649], [4.8330911681866, 46.04190531091791], [4.831351562672607, 46.042111214044425], [4.831557964982167, 46.04401676675708], [4.833568575149383, 46.04364103580146], [4.83383708338444, 46.04709887140696], [4.833757473785666, 46.04710783346339], [4.829435449883361, 46.047686773368916], [4.829895800533855, 46.04821219222289], [4.833677352147148, 46.05202802981896], [4.833712708938406, 46.05202364706938], [4.835191410456239, 46.05347616661827], [4.844418993089624, 46.05673709950324], [4.845561078802496, 46.05709337864018], [4.8455798499986775, 46.05711636756965], [4.847634787533601, 46.056444156547954], [4.848472697403063, 46.05614466583403], [4.848914138516856, 46.05569196470014], [4.849291050948814, 46.05573487973816], [4.849648877774239, 46.05567740720549], [4.849684886742424, 46.05569010885666], [4.849841118143358, 46.05571363137186], [4.849800063338243, 46.056824437127084], [4.84984356245926, 46.05932050501955], [4.849800650836445, 46.05940517185794], [4.857480424557189, 46.06363839437065], [4.857502621927868, 46.06362889895488], [4.8599354223123115, 46.065052603439185], [4.861211438749208, 46.064524483251994], [4.861618362098197, 46.065076179308505], [4.862245245131008, 46.065577048065194], [4.862847606851517, 46.065072980594984], [4.862932454526732, 46.065109791967416], [4.862940068647097, 46.065061909753815], [4.863459745835567, 46.06466051141535], [4.8648946410085765, 46.064160296908945], [4.865513854225503, 46.06400509854876], [4.866146256507414, 46.06410164887774], [4.866849403812908, 46.06380413879012], [4.867484117460051, 46.06346135078471], [4.867865964337865, 46.063452789051226], [4.868251156541803, 46.063480157173714], [4.868268406890232, 46.06338074789518], [4.8682897194203365, 46.06309222205772], [4.868279473236209, 46.06306094683196], [4.868461966884488, 46.062919126650065], [4.868476919342374, 46.06290979130181], [4.870787175149039, 46.06297136455425], [4.870859643141354, 46.062967041264486], [4.871426322880454, 46.062987620519664], [4.871998185898741, 46.06214302702187], [4.871833879541698, 46.061507599962404], [4.8712014943277655, 46.0614137790189], [4.870454796697286, 46.05933676455337], [4.87029183781319, 46.059201797935245], [4.869936768815654, 46.059285384061106], [4.869867140397997, 46.059211331513715], [4.869730792307552, 46.059181983371474], [4.8694199437782, 46.05829599575265], [4.8680854533045075, 46.05851677291625], [4.866353365791123, 46.05935045212991], [4.865539020528188, 46.05797345109175], [4.865215670145032, 46.057778153891974], [4.8651364665847465, 46.05779613562814], [4.864635442014808, 46.05615285716123], [4.862048779985106, 46.05180898418331], [4.8611038915451035, 46.05113700157517], [4.8607443453442, 46.05111983750135], [4.860307514384478, 46.05128263756987], [4.859867924698503, 46.05137167584346], [4.859299739382967, 46.051366377828], [4.858074979019558, 46.05109939534496], [4.8579257706474985, 46.05104421975183], [4.8576346042060194, 46.04954476055631], [4.8577462028121, 46.04891665706722], [4.857685293442572, 46.04882079717671], [4.854481663085857, 46.04750427799696], [4.85405658837825, 46.0473967458416], [4.853942688288405, 46.04746679835509], [4.853944775973126, 46.04740824045539], [4.85324713444201, 46.04734728954657], [4.852397855494315, 46.04739592969653], [4.851034738407451, 46.047675652280255], [4.850887002374168, 46.047678944277344], [4.849498272521927, 46.048209462635], [4.849428812089194, 46.04750438710708], [4.849253905611801, 46.047532585512606], [4.849320521080027, 46.04447777722778], [4.84939442997002, 46.044170078399546], [4.849380349776247, 46.04384633324914], [4.849369991302717, 46.043812357223], [4.8495423025472615, 46.0423394661153], [4.848400926503462, 46.042360378548366], [4.845799839326937, 46.042330935401665], [4.846120893616212, 46.04158026984702], [4.846047914482514, 46.04157289196609], [4.8463968587664406, 46.04069198198553], [4.846294853269297, 46.03994711832112], [4.842434702661899, 46.04031196321701], [4.84162788528104, 46.04031457409379], [4.841619679170922, 46.04033006101157], [4.83990211022916, 46.040292565278], [4.8390216085371165, 46.04015366790381], [4.838343102918203, 46.04001389156925], [4.837692744212044, 46.04001210254462]]], [[[4.870552619638477, 46.05422163960655], [4.868907978626411, 46.054915670595086], [4.869994764948729, 46.05592917177729], [4.870382488605121, 46.056501068483215], [4.870403542420462, 46.056500596580996], [4.871190653458926, 46.057792662833336], [4.872478863627489, 46.057550390129556], [4.8731752753649795, 46.05730249600825], [4.8734464219520115, 46.057051560557255], [4.872705105230113, 46.056294077570286], [4.872726058434112, 46.05627740632833], [4.872447916665949, 46.05590558576797], [4.8730288948894165, 46.05567829055477], [4.8740543343626515, 46.05559222596085], [4.874076878483042, 46.0555737179849], [4.8751481095778875, 46.055549629367036], [4.875924103066407, 46.055465556947524], [4.876548684615455, 46.05520575900916], [4.876899689634622, 46.0546370588048], [4.877492794216108, 46.054164619342195], [4.874971826881474, 46.052216678491845], [4.874642521566293, 46.051895525991384], [4.874450393486611, 46.051811630052704], [4.872740830330648, 46.05049081549788], [4.8713467483159345, 46.049420332743686], [4.870080781332135, 46.05013918901465], [4.869025621996028, 46.050804686177784], [4.867844295176581, 46.05129207525838], [4.868225010177152, 46.051873140869134], [4.869536887360211, 46.0531759472363], [4.870552619638477, 46.05422163960655]]], [[[4.919191910578597, 46.05756425955039], [4.918195624131266, 46.057618553415296], [4.9174448220982825, 46.05773744156401], [4.9169578633490625, 46.05794301077352], [4.9166389201007, 46.05805922210872], [4.916547064667961, 46.058151338859375], [4.916512198356817, 46.058201646971526], [4.916503295154051, 46.05825136284117], [4.916512323222648, 46.0584428951263], [4.915854018917828, 46.058502946746636], [4.915812282291417, 46.058303155716104], [4.916084840131755, 46.058272623321635], [4.915993314380716, 46.058028965731175], [4.916201653458052, 46.05802420507376], [4.916046003267073, 46.05741293811491], [4.915903392122465, 46.05721816007554], [4.915611911270669, 46.056948464257424], [4.915324985775654, 46.05686049783871], [4.912143527636766, 46.05926639360065], [4.912260399353541, 46.059551785903054], [4.912351164231538, 46.06012582866388], [4.912466866341825, 46.06031763058732], [4.912724682828362, 46.06036935669661], [4.914293020041872, 46.06036326166773], [4.9144255242412385, 46.06044755664306], [4.914990839439414, 46.060782116621525], [4.9155475883030695, 46.06095123437553], [4.915748509991071, 46.06075580808055], [4.916596950810606, 46.06094076110901], [4.917423523042903, 46.061023589745275], [4.91772585105175, 46.06097166914528], [4.918702777906401, 46.0611743727004], [4.919043223229387, 46.06123139570003], [4.919581504527413, 46.06136761211979], [4.9205981620704575, 46.0614010587377], [4.921398659803268, 46.06192284591862], [4.921626332422135, 46.061678181557554], [4.921975467148912, 46.061234499266426], [4.922314260470104, 46.06091167755668], [4.922846768295784, 46.060586211627246], [4.923957047359393, 46.060223204226006], [4.925512503630058, 46.05984097603037], [4.925614837910606, 46.059784614213285], [4.92564249074999, 46.05977048167404], [4.928060160810121, 46.05877430993827], [4.9279229602184635, 46.0575640108247], [4.92798938165055, 46.05693505785312], [4.927083411821895, 46.05696035148265], [4.925414969946399, 46.056994126174274], [4.925398213671407, 46.055614531651315], [4.924347792050125, 46.05554859889439], [4.923931187557317, 46.05560585399636], [4.92329822562498, 46.05584270798007], [4.922991030543891, 46.055804737775794], [4.922805495200075, 46.055640656870416], [4.92252289419482, 46.05545808865831], [4.922322764820892, 46.05529434086444], [4.921812068090304, 46.055396056934185], [4.921008004045783, 46.0557718419641], [4.921368082947632, 46.056571060202465], [4.9209259743856295, 46.05677292151672], [4.921125220715644, 46.057227449009524], [4.920310616737878, 46.057347818516256], [4.919191910578597, 46.05756425955039]]], [[[4.933254427293723, 46.06968224230592], [4.933127537564883, 46.069749977409394], [4.932575875860724, 46.069895889021474], [4.931838933035928, 46.07002084968305], [4.931836752824739, 46.070433188442514], [4.931799972203714, 46.0704430341881], [4.931852184982976, 46.07050214664153], [4.931569418687756, 46.07071118704926], [4.931502933475243, 46.070708211153345], [4.931509316005354, 46.07068736678961], [4.930624023597889, 46.07066809917674], [4.930478719304048, 46.07085777107039], [4.929563851662511, 46.07100031373743], [4.929318081583952, 46.07110047336247], [4.926112609680888, 46.07158811893983], [4.926099683822253, 46.072134826665604], [4.927414210137086, 46.073109278222354], [4.928135316561718, 46.072905494237254], [4.928562193289803, 46.07377787500795], [4.928937480669412, 46.074412896603725], [4.930958611006937, 46.07399920285463], [4.9309782427891715, 46.07401225301482], [4.932401338590905, 46.073678884362074], [4.9312322522155405, 46.07431607951482], [4.930841894698692, 46.0744618762307], [4.930762987582449, 46.07562673051528], [4.93080263023596, 46.07566362894802], [4.930775416672723, 46.075651652274466], [4.930795897362881, 46.07632091869196], [4.930118785929296, 46.07624465371386], [4.929400488536521, 46.07609911346605], [4.928549842352944, 46.075958412334025], [4.927636101198767, 46.07576603535218], [4.927458887847728, 46.075675585677615], [4.926762827351536, 46.07514423875204], [4.926173421134034, 46.074903904242646], [4.925757670040768, 46.07479641172848], [4.925742651107528, 46.07478775640677], [4.925530577733558, 46.07473140797948], [4.925444385280389, 46.07468657460422], [4.924135335993859, 46.074678769905205], [4.922591211072182, 46.074778954013595], [4.921441495069296, 46.07486109321828], [4.920750704988842, 46.074732869957074], [4.920736073229485, 46.07471340371598], [4.920239300385809, 46.074585240560076], [4.919632867500421, 46.0743587669486], [4.918908486716568, 46.0740665699657], [4.918574364634851, 46.0740247042894], [4.917881973756569, 46.073930708314364], [4.917515859074322, 46.073882365114585], [4.915947363757321, 46.07353382779979], [4.915262922070989, 46.073366723493606], [4.915261948297202, 46.07334604154134], [4.914075068990995, 46.07306707716265], [4.91328156194773, 46.07293756095736], [4.91249300372334, 46.07251446509006], [4.912382669046876, 46.07303908623275], [4.912628694247011, 46.07457277757157], [4.9128662474356855, 46.07515427808754], [4.91290467466859, 46.075146201127595], [4.912888594825012, 46.07516727251209], [4.913931214578036, 46.076345218846456], [4.914671076927499, 46.0759034441676], [4.914827843724369, 46.076005187079744], [4.915400633804028, 46.07670055013104], [4.915085074509365, 46.07736308690316], [4.91505656647381, 46.0788688408379], [4.9151169736850955, 46.079275244877344], [4.915941341451647, 46.079217708364865], [4.916168417589174, 46.08034945148397], [4.916822984902401, 46.08078908944012], [4.917255486880777, 46.08099345059754], [4.917329146039144, 46.081337437623965], [4.917950741588206, 46.081472664791384], [4.918052111078104, 46.081992452775026], [4.922650960716691, 46.08167299569557], [4.923027459025287, 46.08152934654879], [4.923319040488425, 46.08148845982036], [4.923348581586541, 46.08163451362009], [4.923265482931175, 46.08247628973042], [4.923305984374077, 46.082531171593686], [4.923150209317302, 46.082705775062024], [4.923101009487505, 46.082931945866434], [4.923343791769452, 46.08413263309691], [4.923241272435968, 46.08497395052421], [4.923322155845826, 46.08506211638756], [4.923235651677229, 46.08514781727986], [4.9232896449173715, 46.08628981189106], [4.9248114853317855, 46.086034406344275], [4.925532722012163, 46.08591435483659], [4.925502084969388, 46.08586554487663], [4.9325705317830915, 46.084129773193176], [4.9336824367973815, 46.08394757396589], [4.9328060179483115, 46.08309454372335], [4.932786710457896, 46.083096787450295], [4.931258460563926, 46.08161059339419], [4.931022445291015, 46.081390970354434], [4.931375870371563, 46.08071221188795], [4.931935174043897, 46.08029697392456], [4.933286800779921, 46.080141676994636], [4.933264456983883, 46.08013139118874], [4.933328586813706, 46.0801362128747], [4.9336291532262795, 46.080099596589626], [4.9337394744280205, 46.08015647603961], [4.934356136429523, 46.080001858537486], [4.935934511418035, 46.07934261177893], [4.937130832017869, 46.07909902412441], [4.937588109531792, 46.07895796299412], [4.937355166497155, 46.0784277200932], [4.937388379009809, 46.07841074832792], [4.9367160978174836, 46.077416219066336], [4.936700511149012, 46.07740937689489], [4.93661860186307, 46.07726993225876], [4.936512398538623, 46.07710224228582], [4.936483203291889, 46.077038997297535], [4.9367462452784405, 46.07673858074374], [4.936885434740139, 46.076521130583195], [4.936914426069299, 46.07651866287484], [4.93696926552244, 46.07648319204816], [4.937124327316886, 46.07630858508973], [4.93781166068011, 46.07590567198469], [4.938242662471966, 46.0755851825925], [4.938830792183427, 46.075337576963314], [4.93940661138223, 46.07517397537064], [4.940255579512862, 46.07492035611078], [4.940926641691359, 46.07478785486893], [4.940729942085148, 46.07454394299512], [4.9404498339048395, 46.07414531324673], [4.940167343392395, 46.07368012638127], [4.940050873222555, 46.07320031042918], [4.940003760179149, 46.07251725143467], [4.9401289341257995, 46.07134231953336], [4.9401267161853655, 46.07127935960971], [4.940042033800149, 46.0703991221991], [4.938845180499337, 46.069504023355925], [4.937083833060528, 46.06834735026644], [4.936117668921301, 46.06888720510781], [4.935669244304506, 46.06904156207575], [4.935627425033095, 46.06906502966695], [4.934929139409927, 46.06925213682475], [4.9342010404990875, 46.06946243093636], [4.933425613847535, 46.069662103681274], [4.933254427293723, 46.06968224230592]]], [[[4.871368164152305, 46.07418967281795], [4.871707189238847, 46.07498320968005], [4.871662868159386, 46.07498420551533], [4.87170951767209, 46.07506687037422], [4.8706102061397765, 46.075174365477444], [4.870466221471072, 46.07471851689995], [4.869864145414841, 46.074511484604194], [4.869816675740287, 46.074517052729206], [4.8694567073312145, 46.07431809052813], [4.869265964453657, 46.07437188121162], [4.868630556408791, 46.07475519658114], [4.8686101188377595, 46.07476915827258], [4.868625998357052, 46.074779602742254], [4.8687708094757856, 46.07644166159551], [4.868852777152207, 46.07763703816624], [4.8689366609351366, 46.077649562154186], [4.868905630430266, 46.077661059818176], [4.868957252118071, 46.07823420389728], [4.869063603664571, 46.07908157587136], [4.869039067080885, 46.079127134114], [4.869033782292061, 46.07914435428741], [4.868198664386511, 46.0806024419956], [4.8681914733726455, 46.080676417869476], [4.867979070316975, 46.081431017835094], [4.869417875856416, 46.08207117477671], [4.86909763274582, 46.08231510135758], [4.868999770278791, 46.082506328958665], [4.868903733188397, 46.082577799949405], [4.870470581893484, 46.08284240331441], [4.870512096636012, 46.082847774326346], [4.870682087532187, 46.08236507278816], [4.871213805738718, 46.08228832329682], [4.871390018366558, 46.08267143974256], [4.872428122288674, 46.08254911411286], [4.872738667187438, 46.08283018893335], [4.874167713429612, 46.082354305746016], [4.8750576285675065, 46.08220827939863], [4.875750729114863, 46.082161185278636], [4.876947613856708, 46.081837214826884], [4.878274157833411, 46.081433787528766], [4.879121915035022, 46.080384011323694], [4.879280164052103, 46.07992856656825], [4.879642468979226, 46.07953063124384], [4.880176158089522, 46.0791855455934], [4.880165757395162, 46.07917048270455], [4.880472079313805, 46.0790123492296], [4.883157137409811, 46.0774377376277], [4.883081374397077, 46.07725221360318], [4.880954993847593, 46.076863568287195], [4.880834525276406, 46.077176842887965], [4.88034058571914, 46.07717446805851], [4.880325227222731, 46.07731434228601], [4.879876979574032, 46.077340640443225], [4.87985200101924, 46.077343003425675], [4.879886090287661, 46.077205411249565], [4.879856414442246, 46.07656695889786], [4.879676940031613, 46.07602820116234], [4.880935437523847, 46.07597284483372], [4.880360833745651, 46.07517564049119], [4.8798842649109915, 46.07459226505044], [4.879751224417427, 46.074111869364486], [4.879531789349709, 46.07375674700583], [4.87936220808531, 46.0736921564539], [4.87930237938909, 46.073637690191795], [4.878428737232549, 46.07317307363457], [4.877775997092585, 46.07264136733081], [4.876975350239422, 46.07228581733819], [4.876263424596992, 46.071957971117016], [4.874838904067194, 46.07216283924319], [4.873514018380534, 46.072597692038364], [4.8711851378030815, 46.072681505294206], [4.87103271346228, 46.07277764596167], [4.871047167355211, 46.07308968053706], [4.871110346767472, 46.07349333336681], [4.871368164152305, 46.07418967281795]]], [[[4.894037368637688, 46.08214006484786], [4.894007601164104, 46.08214524276872], [4.893810646436385, 46.08239274619534], [4.893520967605032, 46.082853893665465], [4.89317300967132, 46.083089518547276], [4.892551380884599, 46.083456457381715], [4.892107502641447, 46.08411462753929], [4.891840931174166, 46.08432590118485], [4.891764599527835, 46.08447525534552], [4.891258519239464, 46.084837771795826], [4.891014114600127, 46.085197070247915], [4.890603286274621, 46.08585448755182], [4.890423845999978, 46.08623661973735], [4.890041322690749, 46.086458607886186], [4.889279374361714, 46.086729235535714], [4.887890952631611, 46.0873173678929], [4.887015013482892, 46.08781424429531], [4.886634183497993, 46.08807309317771], [4.888323521085305, 46.08854803237372], [4.889601308101647, 46.088586664759376], [4.889754560689106, 46.08859669728798], [4.889798388593527, 46.08858220890309], [4.889903035137603, 46.08860684382781], [4.890126031127081, 46.08861980891741], [4.89037373527849, 46.08871322475883], [4.8903933284331496, 46.08871728498628], [4.890660668858346, 46.08853840667026], [4.890767836075112, 46.08868631086993], [4.8908474366907475, 46.089332634946885], [4.890786762679824, 46.09013065336365], [4.890526196450173, 46.09121675398362], [4.890175664843175, 46.092124854278396], [4.890214369655517, 46.09295393734963], [4.891574219569671, 46.09613500144842], [4.8936459717700975, 46.096151125550534], [4.893735101714244, 46.0961536116918], [4.895680219307373, 46.09614285979966], [4.896355873673599, 46.09654883197665], [4.896356821396236, 46.096619020222626], [4.897952002067048, 46.09751003951267], [4.8982549571000025, 46.09768500358236], [4.898373846432893, 46.097745315872125], [4.900069682433009, 46.09766003135233], [4.900572530582956, 46.09756940889155], [4.900212728362213, 46.0964163465445], [4.9000987878482, 46.096157881301245], [4.900068158890298, 46.096073057169065], [4.90000193508754, 46.09595483714831], [4.899815645158862, 46.09549997382042], [4.899832840710035, 46.09500268947438], [4.900054399395089, 46.094727609680206], [4.900360885705402, 46.09464143714442], [4.900511957183375, 46.09449938289324], [4.900645619311098, 46.09426229918761], [4.900782980701204, 46.093830697676246], [4.900822930578522, 46.093197870009085], [4.900957358070906, 46.0928419441236], [4.901031902069813, 46.09279254597565], [4.900765518350393, 46.091973129815806], [4.900464759698341, 46.09090604796954], [4.900205506805646, 46.09091193341424], [4.89887485483315, 46.090660375728326], [4.898805231805376, 46.090502625935116], [4.898641793220896, 46.090344300659396], [4.898874146062408, 46.09010948240549], [4.89904418007771, 46.0899057898607], [4.898895244793469, 46.08907380194344], [4.898521789977039, 46.089044467185644], [4.895170915863784, 46.088643344191915], [4.894096273865827, 46.08860827802479], [4.893235359040229, 46.08873398942041], [4.892765739572617, 46.08887514766796], [4.892151870433323, 46.08873241193191], [4.892267859106186, 46.08858305496758], [4.892749645355985, 46.088392117576774], [4.894036102911445, 46.08827027688544], [4.8945781113195945, 46.08832731363657], [4.894964376111968, 46.08783967143519], [4.895411395763669, 46.08724892975852], [4.895811485628271, 46.08705712733178], [4.896154331249736, 46.086244597878334], [4.896205598102988, 46.08619842682474], [4.896346324582119, 46.08604581191862], [4.896923998801996, 46.08565464099196], [4.897298289949957, 46.085293285685125], [4.89706567929198, 46.085298559884265], [4.897005199317163, 46.08529993248436], [4.896924873761102, 46.085330559589124], [4.8966817905435285, 46.08538828100597], [4.896099331896445, 46.084809167509775], [4.89609399051377, 46.08469496829039], [4.896202073113811, 46.084569195975156], [4.89665076542854, 46.08403422054646], [4.89703984464272, 46.083605018847926], [4.897541383048998, 46.083489227035805], [4.897577319253618, 46.083480305776206], [4.897897867791394, 46.083402823223906], [4.897560474045414, 46.082498601382795], [4.897352189765335, 46.08153653465408], [4.89619383556266, 46.08230274043288], [4.895810177681231, 46.082430261949526], [4.895060368286607, 46.08217989930945], [4.894816202599132, 46.08205941321584], [4.894782231908361, 46.08205417796209], [4.894237979508628, 46.08174394311597], [4.894037368637688, 46.08214006484786]]], [[[4.907841670912598, 46.09398350471922], [4.90822139147815, 46.094027075870095], [4.908247060837375, 46.094039092785195], [4.909243055332251, 46.09415414293435], [4.909278466920733, 46.09415063318042], [4.9136830891167875, 46.094662354066706], [4.911848049281953, 46.091910048275146], [4.9103742777183905, 46.089649979901274], [4.907645428548911, 46.090290040850036], [4.906193656726665, 46.090625537615274], [4.906119180101406, 46.090987301564624], [4.906906147409401, 46.09221164376021], [4.9077919895858235, 46.09393962703662], [4.907870825735163, 46.09394864004898], [4.907841670912598, 46.09398350471922]]], [[[4.9271773378713775, 46.101812620292776], [4.926969076947489, 46.102521334320365], [4.926930374830107, 46.10254022269751], [4.927027010198468, 46.10298989994744], [4.92641908071985, 46.10313255954443], [4.9262300428447166, 46.103154899590294], [4.926212301117842, 46.103121995870524], [4.925386934424685, 46.10304549326032], [4.924663346853236, 46.10272720326779], [4.924482321052115, 46.10274935724207], [4.923266434247068, 46.10457035259341], [4.92329655116529, 46.10471189570808], [4.924221129595051, 46.10688265607324], [4.92529838209724, 46.10670764894315], [4.925309367594844, 46.10671819885077], [4.925581690076609, 46.106677750572395], [4.925721909007614, 46.107230848810694], [4.925517974370148, 46.10728053048294], [4.924478303786161, 46.107495188175136], [4.924548564617809, 46.107527782240226], [4.925143237657794, 46.10753036627225], [4.925274344078576, 46.10789103218126], [4.925372173307946, 46.107959007492745], [4.925486101245534, 46.10901410630993], [4.925830913279145, 46.10953100660532], [4.926643359503582, 46.1102883406705], [4.92726450140341, 46.10990952827362], [4.928768367427301, 46.10943665447921], [4.928841586411156, 46.1094277735381], [4.9289388901260915, 46.11006286433929], [4.930766339196786, 46.110083939825394], [4.930716551868787, 46.10952876955876], [4.931948741299626, 46.109500473901335], [4.932228115556339, 46.10950485831544], [4.9321073855754305, 46.108036734565324], [4.932341981510194, 46.10720497969506], [4.931615452854481, 46.10728468463355], [4.931388375818656, 46.1063537104853], [4.932431843581307, 46.10621721894573], [4.932596644910085, 46.10622243384427], [4.932638631268156, 46.10623047013095], [4.934598063515333, 46.10569303037005], [4.934457713430285, 46.1055990397669], [4.933197011472339, 46.10407250726824], [4.933142745144346, 46.102930525816284], [4.933336827958112, 46.101704518089214], [4.93085465167404, 46.099457079246676], [4.930813254610832, 46.099539047789136], [4.9301937197970105, 46.10091704873645], [4.930171954516003, 46.1009355489843], [4.928426179372646, 46.10068755570089], [4.928097288180792, 46.100983159640386], [4.927432496243002, 46.1014106907267], [4.9271773378713775, 46.101812620292776]]], [[[4.979676822538022, 45.86971977067376], [4.97797441266668, 45.869759751976645], [4.978001012680566, 45.87076282791884], [4.977010765606888, 45.87077256786463], [4.977208776753393, 45.871942663069014], [4.977190677497041, 45.87206731371138], [4.976582408455253, 45.87218240701212], [4.976593733516027, 45.8724179912405], [4.976684056422885, 45.872889369981344], [4.976515295320369, 45.87361707188449], [4.976511702059212, 45.873995235315455], [4.976258793069087, 45.87436394330891], [4.976122278790311, 45.87480823432319], [4.97765714208138, 45.874850538573554], [4.977678598341919, 45.87484373136904], [4.977688775355803, 45.87487049986416], [4.981470102390255, 45.874964411523635], [4.981965713712285, 45.874952760369794], [4.983561798986606, 45.8742436877743], [4.985018480101889, 45.87640586162654], [4.985864691302895, 45.877869454717484], [4.987006821931523, 45.87773273186512], [4.986542409099322, 45.87698931544149], [4.988814699407122, 45.876890769794635], [4.988824341025069, 45.87709038067844], [4.988834243154441, 45.87729539121494], [4.989555872398584, 45.877325189238675], [4.990755037064629, 45.8769530380055], [4.992116636896963, 45.87622776512425], [4.993054429544561, 45.87604809699936], [4.993749716591318, 45.87598396715163], [4.994436229792692, 45.87620450274509], [4.994661344009625, 45.87621448877687], [4.9954927383983385, 45.875219042006265], [4.9962002766689455, 45.87447676464664], [4.996856287574841, 45.87406786970401], [4.995837024917514, 45.873479835709475], [4.995814186149742, 45.87345786998435], [4.995762544699001, 45.873487899605195], [4.995617555713808, 45.873921618261605], [4.994752712555504, 45.874222908809394], [4.994299349899598, 45.87349366310396], [4.995427580895837, 45.87310693194877], [4.995247168644066, 45.8729419594028], [4.994180402176196, 45.871850925426614], [4.993017264444645, 45.87061812772565], [4.992492042854188, 45.870016599887464], [4.990506740923466, 45.870882620001396], [4.990059985376478, 45.87116321321584], [4.989996239127282, 45.871152115434846], [4.988222768025379, 45.872036500242196], [4.987993961732641, 45.87215261498713], [4.987742479267173, 45.87208202648799], [4.984604337891291, 45.86845435946182], [4.982711068361402, 45.86890759231695], [4.9811487633350335, 45.86922878204147], [4.9807741353188275, 45.86939422221968], [4.980249343123118, 45.86956678875796], [4.979849657500375, 45.86963198934555], [4.979676822538022, 45.86971977067376]]], [[[4.978702885276678, 45.88121549464678], [4.978760091790572, 45.88240419856268], [4.978778597085446, 45.88242176581309], [4.978738521443968, 45.88244341156956], [4.978677528531142, 45.8835007609223], [4.981517639438458, 45.88350966193775], [4.982228647901017, 45.88332011327363], [4.982222922039385, 45.88328424018679], [4.982249790649536, 45.88329080810383], [4.982653785490689, 45.88324890174046], [4.982688790142352, 45.8825711422475], [4.983013807798687, 45.88042285260477], [4.983553750979976, 45.88041015259976], [4.984119210806918, 45.88040135052151], [4.985281590360387, 45.88027587807336], [4.985098334940736, 45.87832858580188], [4.9838915076453505, 45.87825976500544], [4.983881327936542, 45.878232997517536], [4.983859428806533, 45.878211911099456], [4.982746504204405, 45.87806705268833], [4.981725113438155, 45.87791732768032], [4.981001933701855, 45.877871315277176], [4.980565567171099, 45.87769252740125], [4.980173027646467, 45.87743619902578], [4.9801038986920965, 45.87743782382303], [4.979498206018517, 45.87715498956131], [4.979452269768141, 45.877523340749654], [4.97940995372837, 45.877530637941135], [4.979183280934405, 45.87856217399631], [4.97879312374191, 45.87934099288202], [4.97879314619977, 45.8798288916262], [4.97869132126401, 45.880509119131794], [4.978702885276678, 45.88121549464678]]], [[[4.933019637322853, 45.879420770262165], [4.931789724222959, 45.87896304719068], [4.931766190159167, 45.87974403676998], [4.93030191199153, 45.87819350198767], [4.928546525772927, 45.87941857079796], [4.926380915794998, 45.88221123359556], [4.935403436405192, 45.88379907048059], [4.937359942839489, 45.87915220547131], [4.936229055524966, 45.87888127979785], [4.936076038296081, 45.878864111050355], [4.935797411437685, 45.87806669871416], [4.93521889998798, 45.87797744212436], [4.934495840625892, 45.878033745338016], [4.934621619138722, 45.878768978344375], [4.934191549798119, 45.87863308259425], [4.933889947627993, 45.878659844886315], [4.933385591206686, 45.87886322237534], [4.933183643642599, 45.87905691441084], [4.933019637322853, 45.879420770262165]]], [[[5.014675119532001, 45.874026052076765], [5.014622721699803, 45.87569446411318], [5.014652192729313, 45.876298697339855], [5.012313590583871, 45.87640832576035], [5.007773055081966, 45.876642203462545], [5.005119641938444, 45.8767213499252], [5.0053951426596734, 45.87848100201154], [5.00532115741286, 45.87848095573255], [5.005365059877441, 45.878524925104436], [5.005329931258245, 45.878746302392535], [5.00474955670266, 45.87887078455494], [5.004151346097072, 45.87907400805265], [5.003822454006922, 45.879270840649504], [5.0034239299058605, 45.87939010908547], [5.002280261361435, 45.87952701985132], [5.0006652180413695, 45.879660675187054], [5.000662760250744, 45.88055822492217], [4.999557394971758, 45.880536676614064], [4.999532580808668, 45.88047424669628], [4.999081383092567, 45.87902661513138], [4.999007242437222, 45.87892754402079], [4.9976699573046925, 45.87925804094534], [4.996393953444189, 45.87988773824218], [4.996128894739854, 45.87998762187822], [4.994704683230525, 45.88033634517618], [4.993829086339933, 45.88043623676095], [4.993829578616709, 45.880845812143576], [4.993961607607277, 45.88222629138072], [4.992681966468193, 45.882335719251486], [4.990896763368697, 45.88200155981351], [4.990734221302854, 45.88197208822988], [4.990370855465391, 45.881905041069395], [4.989909069307069, 45.88181780741138], [4.989996028921528, 45.88211552379381], [4.989382042102914, 45.88212999940382], [4.9888242296339955, 45.88222146243409], [4.988315800251149, 45.88243868895071], [4.9875567346158665, 45.882582599197676], [4.986605919989911, 45.882495167743464], [4.985740633962171, 45.88231029697515], [4.985423075915966, 45.88225476164593], [4.985081420562255, 45.88267238868723], [4.984445614563742, 45.883017718922375], [4.984405340394606, 45.88358578388393], [4.982267298814433, 45.88412216893981], [4.98255233155913, 45.88500305316759], [4.982466006155256, 45.88496907525663], [4.9813793204442804, 45.88486859214023], [4.981409425684407, 45.885009215050154], [4.981686086130656, 45.88560133475992], [4.981480819291594, 45.885723184642465], [4.981460388907107, 45.885732666214565], [4.980883250083134, 45.88579303858472], [4.979095096916237, 45.88561539425515], [4.9790528922675374, 45.88706568673381], [4.9778638318518444, 45.8882728400817], [4.977841126034709, 45.8882886765745], [4.977773039126072, 45.888346987744065], [4.977132631956659, 45.88838181584537], [4.97530015591364, 45.88872365656543], [4.974564927972702, 45.888883118612235], [4.9751001136762625, 45.890193847438546], [4.974995068280209, 45.8908084334866], [4.975260824077225, 45.89307066693101], [4.975507551759889, 45.89396057118918], [4.975551341036735, 45.89398384864205], [4.9755120909470225, 45.89405497889062], [4.975980958524731, 45.894909964614286], [4.977509343166, 45.89642963678982], [4.977498805927714, 45.89649470082731], [4.977582288163707, 45.89658996072762], [4.977416449280782, 45.89667486800157], [4.975186340265456, 45.89705122964767], [4.974315005880892, 45.89721388433921], [4.97393567428585, 45.897285783797834], [4.973519229693191, 45.89749763114838], [4.973360783046749, 45.89757831146753], [4.973338335944411, 45.89758063774875], [4.973003284106397, 45.897737016637805], [4.972350152300965, 45.89809707914345], [4.971962533747433, 45.89802873733494], [4.971654223857113, 45.89788292781695], [4.971246725586348, 45.89762060963406], [4.9705732954487685, 45.897206078335316], [4.969313468449896, 45.89630656438865], [4.968754687597107, 45.89688674644125], [4.964389138522669, 45.901503167521675], [4.964307352305928, 45.901529381183025], [4.960702126508177, 45.905545500714844], [4.960708434478095, 45.9055588569399], [4.959860688954579, 45.90652110989956], [4.958980074973131, 45.907422006657505], [4.958741488721895, 45.9078938634957], [4.956988325833607, 45.90775194089172], [4.955088294684598, 45.90759360688254], [4.954996628796381, 45.907564233261105], [4.954970956742197, 45.90751531823668], [4.956225884329499, 45.90592880253197], [4.954933735048397, 45.90576982448649], [4.955429478422767, 45.9053009969039], [4.9508765901874074, 45.904277981770115], [4.950862636656092, 45.90423959993448], [4.949682412967814, 45.90392492989143], [4.948232513234652, 45.903296938447085], [4.948315313649315, 45.90314019014667], [4.949628498779416, 45.90272443731557], [4.94960798215664, 45.90269970637487], [4.9513332272025, 45.90214024419473], [4.951341436905907, 45.90207433972698], [4.951861449165995, 45.90184441612621], [4.952946226855335, 45.90192902905723], [4.954692824855502, 45.902156676853295], [4.955547342777935, 45.90227655753545], [4.9565281853889, 45.90234982945917], [4.956820507962143, 45.902312418356814], [4.957305815607865, 45.90211208418157], [4.957919606593712, 45.901735016684455], [4.958209432748787, 45.90168055599508], [4.958685027809659, 45.90220599417856], [4.95933267270532, 45.90301007881942], [4.959818661274008, 45.90279171126956], [4.960027612104067, 45.90293086978954], [4.960185389505606, 45.902927192856545], [4.960360161235701, 45.902825900819686], [4.960558763473664, 45.902729453890686], [4.9606404562656055, 45.902569113922986], [4.961104794537649, 45.90235394839212], [4.961255946863994, 45.902209093544585], [4.961243910337485, 45.901957321065055], [4.961816941165665, 45.901707209039], [4.961573537249527, 45.901319506509964], [4.961789123934579, 45.901125435119845], [4.961785340230604, 45.9010463059193], [4.961736519489849, 45.90095292907915], [4.961600518149082, 45.90095610103115], [4.961457858495463, 45.90031578814521], [4.961527642321685, 45.89943198409602], [4.96217520726727, 45.8978595707259], [4.9605154125747015, 45.89814852377708], [4.960509827748579, 45.89813424739431], [4.960491329640249, 45.898116676985666], [4.958640096774102, 45.8984145617102], [4.9585513701734865, 45.89704565739754], [4.958954022033278, 45.89697326873476], [4.959744658060919, 45.89692603800102], [4.959998912727364, 45.8967670860654], [4.9599440930371586, 45.89598970621708], [4.959905827500998, 45.894733050925396], [4.9614591269166315, 45.894696839468224], [4.9614951888854115, 45.89476080829581], [4.961734031156522, 45.894784046025144], [4.962902209335154, 45.89515107369197], [4.964163395485001, 45.89560773684798], [4.96427825138229, 45.895198175893114], [4.964496815084189, 45.89505084032003], [4.964503458125724, 45.895003876789524], [4.964584590368911, 45.89499928528126], [4.964692060317931, 45.89490405578818], [4.96472439248163, 45.89462064709412], [4.964728070184414, 45.894242483988876], [4.964931551172679, 45.89376423704323], [4.965301828647942, 45.89350353748623], [4.96592903866753, 45.89344207935623], [4.966542012186484, 45.89352497635278], [4.966591480612547, 45.893615639095934], [4.967027970212471, 45.89330837839692], [4.9678129163110984, 45.8932432224694], [4.968623407801485, 45.89319187082649], [4.969365525820627, 45.893174514556925], [4.970244277594492, 45.893186358210805], [4.970430229756628, 45.893182006638966], [4.970171803313997, 45.891675747085806], [4.969959747008039, 45.89051227180696], [4.96997695962719, 45.8905028692077], [4.969678381186293, 45.88898134598476], [4.970625657348348, 45.88899338811906], [4.971431466819464, 45.88886200434712], [4.9723069496240235, 45.88833740094578], [4.973051277498759, 45.887881575291416], [4.973556667880959, 45.8876014823085], [4.973941058787686, 45.887182890601046], [4.9745739659228, 45.88627057566725], [4.97567070108687, 45.88470284784694], [4.975916220535472, 45.884278504434036], [4.975921369678702, 45.88416855886692], [4.975704206450345, 45.88352281647787], [4.975614664179432, 45.883083826730854], [4.97554237046032, 45.882518407478024], [4.975573822275063, 45.88223411137178], [4.975176551323785, 45.88145846795778], [4.975064479305568, 45.8810038009368], [4.975026815640663, 45.88067341945785], [4.9750594667062975, 45.879475407876726], [4.97519275872815, 45.878040990554574], [4.9728723474672, 45.87806477124367], [4.969429615226248, 45.879090566985454], [4.969696923312082, 45.879491192469544], [4.970157313488448, 45.879700965779726], [4.970727935035046, 45.879876645330256], [4.970970747859693, 45.880217534042046], [4.970601363309812, 45.88049443360101], [4.9698443952407185, 45.88068498436242], [4.969690571324706, 45.88076960076809], [4.9696228518270145, 45.88078469021225], [4.969615135298715, 45.880809175138936], [4.9695147297011015, 45.88086553364212], [4.969575427966546, 45.88095413083699], [4.969025422755735, 45.88289158889525], [4.966419617627353, 45.88286249736636], [4.966226833777491, 45.88563235643986], [4.965242397007072, 45.88558333892602], [4.965717992067943, 45.886747863527766], [4.966592268435067, 45.88878885156001], [4.965746850446432, 45.888731188014944], [4.96514545351654, 45.888824451598815], [4.964646641497151, 45.88895762311635], [4.964323723203666, 45.889127197008484], [4.964219372205301, 45.88906932122217], [4.963497104258988, 45.88693835032139], [4.960245484103167, 45.88710692052794], [4.9589865581145505, 45.88699493209048], [4.955880515340421, 45.88677020480602], [4.954721945542077, 45.886683743527904], [4.954867633416511, 45.88738969099983], [4.954886211474917, 45.88740906501489], [4.954977253034019, 45.88826931162018], [4.9541996497645, 45.88850344140671], [4.951529047358052, 45.88920015113918], [4.951828536690606, 45.89027789975925], [4.95349301969066, 45.89020770693894], [4.953438001472762, 45.891419720190335], [4.954158333549664, 45.8914029704807], [4.954079428230048, 45.891640654071004], [4.954139181467779, 45.891628464953186], [4.954126602358857, 45.89170256687005], [4.953836048568432, 45.891743532119435], [4.953440791640047, 45.89197056392372], [4.952903865001478, 45.89251955400413], [4.953041267714083, 45.893035759239716], [4.952914658259604, 45.893389770680045], [4.951331627303003, 45.893123199738916], [4.950977061362041, 45.893241253635274], [4.9487093883947875, 45.893877219684136], [4.946801161017129, 45.89453360346061], [4.94361779755153, 45.89489002927913], [4.943613135295195, 45.895725501623325], [4.943500130825723, 45.89667150137193], [4.942499546838078, 45.89647322184476], [4.9415869788836435, 45.89626030275943], [4.941543896580947, 45.89679510187096], [4.9411659295268295, 45.8978120387871], [4.941151704704325, 45.89787088010794], [4.9412419332880875, 45.897903000240824], [4.942174575894158, 45.89887790413904], [4.942982492812931, 45.899907902933705], [4.943919744674709, 45.90056853703994], [4.945882606689637, 45.90192464191306], [4.946697833199892, 45.90232252722099], [4.947073642500681, 45.90261717126588], [4.9472952910172445, 45.903091832576564], [4.94721590599728, 45.903320518291075], [4.946465148880051, 45.903123680265125], [4.9459752068257705, 45.90310803678677], [4.945975890443695, 45.90312242191075], [4.945452035190824, 45.903122859490516], [4.944941527106427, 45.903827828510416], [4.9441599559783285, 45.904100689735245], [4.944302082931002, 45.90366711039913], [4.939856069061621, 45.903783506601854], [4.939792376711316, 45.903190863719054], [4.938746604769944, 45.90290627709158], [4.938755384005211, 45.90309150939245], [4.938788517466153, 45.90311055099569], [4.938937374596947, 45.90456720459185], [4.939311286655867, 45.90531470948868], [4.940260384601303, 45.90678706583568], [4.941014266957433, 45.90794886501721], [4.941037411152385, 45.90794472962275], [4.941053895237856, 45.90796865190032], [4.9378986104131, 45.90854839894377], [4.939241669916306, 45.910425743422486], [4.940587528569901, 45.9101335722076], [4.941658612341055, 45.91128803234069], [4.94283710497576, 45.912207751461715], [4.9432909230775275, 45.91239528838692], [4.943235253581035, 45.912477594580345], [4.9427068519545205, 45.9131991673174], [4.942448280883123, 45.91345720378784], [4.94190034988231, 45.91380024951733], [4.943217130070194, 45.915390105727525], [4.943228120059384, 45.915401549658206], [4.945423322339398, 45.91834112110898], [4.945405795309896, 45.918379334458734], [4.9456664522693545, 45.91863974973428], [4.946860874728988, 45.918585066902374], [4.946951009887986, 45.91859828125322], [4.948946802344612, 45.91839266759756], [4.949644946033939, 45.918376469098995], [4.949787786248975, 45.91805808514999], [4.950733158880948, 45.91801994157295], [4.952057824480353, 45.91861750814368], [4.952079210672319, 45.91861161121472], [4.952092438364878, 45.918634712099134], [4.953099330322443, 45.91892368700868], [4.9543265412899675, 45.919131909044545], [4.95440908837975, 45.91908858737666], [4.954527780083278, 45.9191110293822], [4.954352628365811, 45.91957869668955], [4.954043774096417, 45.92001526760967], [4.954063328623534, 45.9204252960372], [4.954240656958935, 45.92108461300534], [4.955232631492866, 45.92090852199278], [4.957061717294005, 45.92051939877359], [4.957138874492069, 45.92152761236501], [4.9588676023063085, 45.92121371523047], [4.9618561661025575, 45.921343925743315], [4.961874382139867, 45.92137951241011], [4.961704572703405, 45.92206040961137], [4.9614046360098305, 45.92286857339291], [4.962613260834108, 45.92268556234663], [4.964402544081655, 45.922375568622066], [4.965051346007376, 45.92462710663039], [4.965066504179499, 45.92465826335257], [4.964425085507054, 45.92488297540533], [4.964902504147966, 45.926165407729506], [4.965596426653799, 45.92597547665024], [4.966686863729421, 45.92581498825545], [4.968796383799316, 45.92512026198169], [4.973448540365163, 45.92358282610886], [4.973453858391646, 45.92355929486498], [4.974700910448862, 45.9231727091612], [4.976587874703758, 45.92254786311466], [4.978650663514245, 45.92180633503929], [4.978693726054039, 45.921996169160124], [4.978850195508538, 45.923153753176095], [4.98023095730419, 45.92301602573636], [4.980272795440241, 45.92303034758631], [4.9803501044535805, 45.922945714328975], [4.982398853494534, 45.9228660869493], [4.982512581107801, 45.92335222361252], [4.985161469437243, 45.922630114882104], [4.985223761313971, 45.922568336551784], [4.985591498353642, 45.92312141081991], [4.984681722363121, 45.92389897128021], [4.984944935927884, 45.92420784921157], [4.98577216123537, 45.923590665897045], [4.986332412630308, 45.923073371853675], [4.985802962669814, 45.922259445117916], [4.986521805339961, 45.92206969438483], [4.98653458656983, 45.92205138604493], [4.98693256449519, 45.921943000024214], [4.987759783514462, 45.9218128040403], [4.988757674352909, 45.921458933204306], [4.989473620854547, 45.92226125357397], [4.990392667458815, 45.92214417810827], [4.9892082360617325, 45.919591204634536], [4.986933273265966, 45.9188030904775], [4.986808019369274, 45.91868001017776], [4.985788554591001, 45.918318713163885], [4.984414474464392, 45.917891929324455], [4.9850441252066275, 45.91737571081282], [4.985494250334227, 45.91736512347565], [4.987471710870853, 45.91728528185173], [4.987677390934947, 45.917169715153584], [4.987842160822659, 45.91709381859975], [4.987985413364395, 45.91700492782491], [4.988060648167737, 45.91699235055157], [4.988112066836298, 45.916956931059524], [4.989039501010366, 45.916099704962555], [4.989440431698052, 45.91643773652062], [4.991536891162046, 45.916435134795435], [4.992563247815185, 45.91620568877699], [4.992708879095802, 45.915950196212464], [4.992967107909073, 45.915708248121064], [4.993226235935904, 45.915466285225314], [4.993319203482982, 45.91507160464686], [4.994852209956351, 45.91505162405226], [4.996312972117981, 45.914954117147616], [4.997011755407809, 45.91403920472063], [4.996174863329558, 45.91303544632698], [4.996189661277245, 45.91301079248011], [4.995473239566809, 45.912046490724656], [4.995214275033315, 45.91135945043305], [4.99684887377883, 45.909731081337675], [4.9972336168251195, 45.90976970251673], [4.997145644809332, 45.910732299376534], [4.996726110012092, 45.91137055143332], [4.996729944021704, 45.91144967904387], [4.9970679567069505, 45.91144169191051], [4.997357187278951, 45.911371839601735], [4.998312927367625, 45.911334848968494], [4.998342103749719, 45.91130355038461], [4.998370820194434, 45.9113478819146], [4.99866231631758, 45.911324787997], [4.9992257234941215, 45.91134297237192], [4.999716295267402, 45.911220644928335], [5.000488848208372, 45.91132840124667], [5.000942763328193, 45.91139688293956], [5.001487202577488, 45.91098971354075], [5.001855245044339, 45.910683936544274], [5.001847517736274, 45.910524783983156], [5.001957268507791, 45.91047717725774], [5.00226137787585, 45.9102332258228], [5.00323783131833, 45.90992744278357], [5.003669085536771, 45.91089125570937], [5.002079023466456, 45.91162475629407], [5.0016855137612914, 45.91182040852255], [5.000876246674649, 45.91188636517181], [5.000316536963827, 45.911947317876276], [5.000186458215758, 45.913933541139485], [5.001699122339521, 45.913976079967476], [5.0026565395828095, 45.914190169844495], [5.00367595046219, 45.914748467489225], [5.004261631366196, 45.915205408197224], [5.006915984147482, 45.91460868548474], [5.007553334350005, 45.914719602640695], [5.008362603233243, 45.91466890396819], [5.009128319994902, 45.91465073693257], [5.009809090266664, 45.914760610908054], [5.010739536491899, 45.91488075498853], [5.012274807618083, 45.914907306072756], [5.012951627997576, 45.91492003381417], [5.014446393189305, 45.915057345115315], [5.014657285278658, 45.91476966253452], [5.015269014630933, 45.91483613566387], [5.015607533067679, 45.914354573664674], [5.015863483753376, 45.914049615194976], [5.015766797181013, 45.91301217686085], [5.015729154177341, 45.91270069907651], [5.016254563515691, 45.91144321195975], [5.016767647968297, 45.90996816519995], [5.017051702447655, 45.90931505471845], [5.016976678748398, 45.90870289804126], [5.016605140936774, 45.90769630223648], [5.016135390315152, 45.90669294418689], [5.015748389802522, 45.90569661645959], [5.015730848399968, 45.90489314894159], [5.015922316217949, 45.904636533506746], [5.013164851215096, 45.90449775994709], [5.005673294309305, 45.90388698976111], [5.0046472933890165, 45.903205543249754], [5.003412544657947, 45.90235889123625], [5.003410667179014, 45.90232022926896], [5.003346864335934, 45.90231543707602], [5.003331749282972, 45.90230409046673], [5.0033111059977395, 45.902311779481025], [5.003002704479249, 45.90228307319699], [5.002904966878016, 45.90231239585238], [5.000512508934655, 45.902531055968566], [4.998780833747971, 45.90261882720776], [4.998341298859254, 45.90239336423325], [4.997684643861271, 45.90231437124122], [4.996522978468462, 45.90208976720312], [4.9957995822381625, 45.902030342734456], [4.9955539585849635, 45.902081154222316], [4.994326546394823, 45.902330685074894], [4.991982654070641, 45.90233828969396], [4.988505773272494, 45.902231204184154], [4.98601218658769, 45.901407727259915], [4.98596977891978, 45.90141592588189], [4.98417417512589, 45.90076051615584], [4.979516372648519, 45.90047658659943], [4.978903343434011, 45.900413558947115], [4.979131098697878, 45.89987079776003], [4.97916791345486, 45.89961518248639], [4.979476320363232, 45.89950937016561], [4.979486266510062, 45.89948168268547], [4.979612099820115, 45.899184368203734], [4.980071740801535, 45.89887380995469], [4.982292089621331, 45.89817621379749], [4.983242818907329, 45.89780728871689], [4.9837762097769565, 45.89765521623477], [4.984384707889138, 45.89764090471534], [4.985001413009801, 45.8978127371062], [4.98609839161732, 45.89811819364882], [4.98675714238483, 45.89822871426833], [4.987823480356317, 45.898833732693895], [4.988769424316811, 45.89928134954892], [4.989132295182571, 45.8993385145184], [4.990397419546661, 45.89940321818351], [4.991299575128606, 45.89939544999678], [4.992632272564992, 45.89946033489055], [4.99359213502248, 45.899278343167914], [4.9938264219368085, 45.89899105329658], [4.993848051572222, 45.89757364390056], [4.993830508373038, 45.89721128046247], [4.99423368125568, 45.89670035497531], [4.994908960126119, 45.89575451076709], [4.995287172420309, 45.89517845698183], [4.995607784738479, 45.894808105267515], [4.995325946402928, 45.894578908706364], [4.99388194949946, 45.89409540096819], [4.992937740185796, 45.89458308573512], [4.991076827972457, 45.8940220587558], [4.991071061686655, 45.89400419319414], [4.989231185322314, 45.89346424162918], [4.9892007683667945, 45.892834828261336], [4.988971893802078, 45.8927483983063], [4.98884985946735, 45.892074334826624], [4.9885024063868055, 45.89143618478295], [4.9887034107198405, 45.890911139881936], [4.988757871083941, 45.890888248797225], [4.988088477076953, 45.88957354465666], [4.98870257528664, 45.88952756504144], [4.989479830009785, 45.88928870252871], [4.990131488578143, 45.888769232918136], [4.992193406022848, 45.88855676263311], [4.992796922078493, 45.8884921107333], [4.992845670055684, 45.88848195933337], [4.9932135831651525, 45.88841025919547], [4.992967709780294, 45.88777513158284], [4.992716527352123, 45.88723014087645], [4.993335659720677, 45.88653768411607], [4.99421270469549, 45.88601557061934], [4.995211902582648, 45.88572190775978], [4.9964165191241445, 45.88544319458322], [4.997247865902145, 45.88540733599882], [4.997380776139999, 45.88534118280603], [4.997666544604918, 45.885019353953076], [4.9981461766946795, 45.88499271353461], [4.999355393508744, 45.88565725756292], [5.000370354134205, 45.886119344519216], [5.001108167426489, 45.88647996695934], [5.003305885887639, 45.886727692026454], [5.0040943578737735, 45.88672431666496], [5.004557859814286, 45.88550076649407], [5.005473646432353, 45.885197297838985], [5.0054965049630615, 45.885187754894524], [5.005815706926255, 45.88505866203826], [5.005839097259612, 45.88505990829567], [5.0079715046063225, 45.88442959614361], [5.008563533006119, 45.88545437267688], [5.008595291146339, 45.88564086379332], [5.008604481810043, 45.88582968543425], [5.007140359050936, 45.886305522002246], [5.007084641045434, 45.88643467198999], [5.00705992210377, 45.88644065862928], [5.006824593143742, 45.88677031548373], [5.006537442171589, 45.88735955321277], [5.006222319458115, 45.88783782717199], [5.00598285285789, 45.888016342293184], [5.005190250418101, 45.889295407295215], [5.004969131009227, 45.889851570579026], [5.004988275006237, 45.89024540193633], [5.004910673142111, 45.89098540219476], [5.004960414656024, 45.89200864849908], [5.01138780032676, 45.89300299293201], [5.013457530419487, 45.89337959704194], [5.013331503073328, 45.89358693706897], [5.018908933364955, 45.893801680164465], [5.019012350115405, 45.89316367251273], [5.019037903592006, 45.892301571606424], [5.019130949292499, 45.89141985586862], [5.0200929560285585, 45.89128620631321], [5.021633772455026, 45.89135749757899], [5.022138053417876, 45.891159127174504], [5.022681172143705, 45.89120918205668], [5.022710476984918, 45.891199482582515], [5.023381239126085, 45.8912392877432], [5.024379687818296, 45.89135769390638], [5.026083462230563, 45.89164738043711], [5.026228319163382, 45.89167542633626], [5.026308781263401, 45.891657303044816], [5.026368731232196, 45.89164686336103], [5.026394948563753, 45.89163993941802], [5.027644483564413, 45.89176761518775], [5.029384113332927, 45.89185205090045], [5.029721636436289, 45.890930265069315], [5.03035763108106, 45.889654761086256], [5.030598531392487, 45.889509462933525], [5.031161110322304, 45.889477998228266], [5.031534000996757, 45.889721131736344], [5.03215464792485, 45.88997453473427], [5.032332039142315, 45.8894679683104], [5.031603278173149, 45.889312575945645], [5.031009048002599, 45.88913775784329], [5.030626754662061, 45.88914690743877], [5.029985653094925, 45.88941430531169], [5.029430690980396, 45.889582413435804], [5.029157401013091, 45.88961145392546], [5.029172964325371, 45.88953456553035], [5.029273961014473, 45.88918107037557], [5.029292871449505, 45.88880972949892], [5.029277992653447, 45.88875337780403], [5.029293997038568, 45.888685480322934], [5.029209285907279, 45.88843544732708], [5.028989051338946, 45.88839750536645], [5.02873594112617, 45.8882622234324], [5.027139979819382, 45.88836338946897], [5.026825953050567, 45.88841860667723], [5.026639483458836, 45.88873813295471], [5.026012153065004, 45.887413615256236], [5.025885725070238, 45.887151079415716], [5.024726209345884, 45.88732730504963], [5.02462459371758, 45.88737654175241], [5.020785480755841, 45.8879326492154], [5.020195121425819, 45.88805474472291], [5.019349214753695, 45.8867038987874], [5.019321822425736, 45.8866208290319], [5.019302951516576, 45.88663028606411], [5.0179226837943265, 45.88468092470269], [5.016968824777875, 45.883144492136815], [5.018135253936625, 45.88256758778464], [5.0189636874781725, 45.882011332183936], [5.0192148681097155, 45.881596652480546], [5.019233773154865, 45.88150348432305], [5.019253753483406, 45.881485000633496], [5.0193681745961, 45.88104117636623], [5.0193146547680945, 45.88088491681153], [5.023634945820199, 45.878909447839334], [5.023683613847348, 45.878703038634455], [5.023593145413394, 45.8785161521209], [5.022943601479236, 45.877226363380416], [5.022211702694775, 45.87608076636233], [5.021664563109704, 45.875038785217455], [5.021736970914881, 45.87465897211194], [5.021500372635354, 45.873971460390116], [5.021275388674133, 45.873521328515245], [5.021291009478594, 45.87337962202172], [5.0221472252169415, 45.87291809708875], [5.0213812263842605, 45.871534758363765], [5.021051601268846, 45.870905276645026], [5.021023324100345, 45.87090144810263], [5.0206619390480505, 45.87018360706197], [5.019840042546847, 45.86903654630967], [5.018885905950959, 45.86843185131469], [5.018352497115057, 45.86811419110549], [5.016821357340823, 45.86859176504735], [5.014692851377373, 45.86930318843082], [5.01444367848051, 45.870189509135514], [5.014376460242731, 45.87110481208017], [5.0146311299308355, 45.87218348843634], [5.0146395812810285, 45.872199489008494], [5.014675119532001, 45.874026052076765]]], [[[5.033855240504398, 45.90113421203466], [5.03368094218644, 45.90147596551345], [5.033483905712019, 45.901333948984544], [5.033356662046955, 45.901336996513095], [5.033410155823812, 45.90155716703798], [5.03196487882108, 45.90127129676119], [5.031959696440225, 45.90131283070095], [5.031062885834211, 45.90110204000917], [5.028772006688206, 45.90053118537618], [5.027978030724355, 45.900313410091485], [5.028063382354442, 45.90075516870344], [5.028380461598593, 45.90161809795343], [5.028395331411481, 45.90162674351288], [5.028402783835068, 45.90164727030352], [5.0284245203700015, 45.90209055611158], [5.028295232139378, 45.90247803508907], [5.028204325327574, 45.902759277029844], [5.027559827230346, 45.902995228580494], [5.026909899715527, 45.90352838254961], [5.02584309012853, 45.90289040725982], [5.025768565892558, 45.90234035822517], [5.025746002907562, 45.90235620195904], [5.0255466254235035, 45.902039587725625], [5.02480774942422, 45.902057228157304], [5.023360948878778, 45.90187120286887], [5.023366009987091, 45.90197460645081], [5.023767507511746, 45.90283553325107], [5.023958333034269, 45.90325947922419], [5.0241901388017824, 45.9032692466046], [5.024572204868521, 45.903732741679704], [5.023752308915454, 45.90512512959395], [5.023672910420732, 45.905644648747035], [5.024414073530759, 45.90567016535815], [5.0242788528259705, 45.90679325593008], [5.0238344841027045, 45.90680386091097], [5.02401740265411, 45.90866338417138], [5.02399422162821, 45.90869949526294], [5.023831501695941, 45.90939294017314], [5.024028652256394, 45.90997967400241], [5.024437699222723, 45.91003742861624], [5.025420952911897, 45.90983841927212], [5.026719242177961, 45.90955535494629], [5.0271404298753275, 45.90953178962639], [5.027788346062212, 45.909824180272345], [5.028571520683095, 45.90982167074277], [5.029934883010035, 45.90959822590171], [5.030489800208808, 45.90968758169464], [5.030853829002961, 45.91020999768411], [5.03121813447822, 45.9107324068814], [5.031868201231888, 45.91107063801452], [5.032912845787604, 45.91125268358548], [5.033816790813599, 45.9111275133347], [5.034336945007496, 45.9109368132446], [5.034505176104024, 45.91093278307708], [5.034789965405274, 45.91113570802117], [5.035215998615318, 45.909914715147245], [5.035626490072579, 45.90870578890255], [5.035685311757387, 45.90870617955947], [5.036347437495425, 45.90669903302987], [5.0363362166392145, 45.906683099899666], [5.036362527395568, 45.906677965542805], [5.037057861154742, 45.904806849646135], [5.037934951943639, 45.9020104474631], [5.037400378891099, 45.900923208742725], [5.037416121866466, 45.90091563081079], [5.037350986821823, 45.900820869066095], [5.037310598566655, 45.90075342143543], [5.037144659072422, 45.90052424816252], [5.035792400820738, 45.90055666995479], [5.035741554379028, 45.900571387065426], [5.0355915276417464, 45.90055427753308], [5.03425590439248, 45.90069431185794], [5.034065959218911, 45.90068355817651], [5.034046542134017, 45.900731736553425], [5.033855240504398, 45.90113421203466]]], [[[4.9677973404223925, 45.93540851098329], [4.9666546312787005, 45.93540549218971], [4.966635595079541, 45.935412234495026], [4.964355466970866, 45.93551946715231], [4.967314242632263, 45.93769188512605], [4.968157889143156, 45.93704024107661], [4.968171292905514, 45.937050729699976], [4.968754077641011, 45.936846274593094], [4.96924235511707, 45.93730746264291], [4.969665766144788, 45.937140033166074], [4.970117086930024, 45.937707405156786], [4.970878271691093, 45.937378591732916], [4.971591401974331, 45.937156214316246], [4.9723302258713495, 45.938387504717795], [4.972414880408755, 45.93830180225956], [4.972416249441265, 45.93828196809332], [4.972641028586581, 45.93802465179993], [4.973097220037314, 45.93786814589019], [4.973733313496766, 45.93786585753125], [4.974051227275821, 45.93790342458892], [4.9749357704883055, 45.93736599596318], [4.9760342465873855, 45.936882966464886], [4.976220748518479, 45.93682008260919], [4.976168465670644, 45.93617046309845], [4.976088153589274, 45.93555477983225], [4.975939229084863, 45.93403606688202], [4.975727243745776, 45.932713245155874], [4.975781228901111, 45.932695779409386], [4.975774555316875, 45.93237186269473], [4.975306896871526, 45.93264027509851], [4.9744242455110275, 45.93333339648768], [4.973848525126905, 45.93368624942624], [4.973742371209766, 45.93365993287009], [4.973328467951029, 45.93341756718476], [4.973079050712387, 45.93351342473397], [4.9724784802325575, 45.933349242620515], [4.9724889384191, 45.93311314333226], [4.972205165112434, 45.932928944016766], [4.972000555840146, 45.93219557321406], [4.971321166278989, 45.932152057441606], [4.970999584678618, 45.93206955925557], [4.970524144127982, 45.93217609861523], [4.9672273378150615, 45.93238097330187], [4.967624443476306, 45.93276058101879], [4.967580456570099, 45.93276881062219], [4.967764428845332, 45.93297335885962], [4.967750393567348, 45.93400710835613], [4.9677973404223925, 45.93540851098329]]], [[[4.961388942441805, 45.941637920014784], [4.960587853617503, 45.942103075500874], [4.961373724980907, 45.94283552570461], [4.9609229728291995, 45.943107081992586], [4.960698146971468, 45.944039520087465], [4.96028718839025, 45.943894256201546], [4.959276573814147, 45.94340287752104], [4.959243151994003, 45.9434459684417], [4.959075978214559, 45.94347416432661], [4.958987725924411, 45.94348521892356], [4.95896151937262, 45.94349303028773], [4.958420354482545, 45.943746878722564], [4.9582067369045975, 45.94411822819209], [4.958207725051438, 45.94413891042193], [4.958148005051333, 45.944223117813124], [4.957835269161581, 45.94520439711967], [4.957793978099563, 45.94520175801584], [4.957656956272628, 45.94545880114089], [4.957616693781587, 45.945947638711814], [4.95803359292181, 45.94624940364712], [4.959418531883532, 45.94689591563995], [4.959890294731419, 45.946590572003736], [4.9607746475010535, 45.946936355455016], [4.961131422399311, 45.94731332571778], [4.961591442469773, 45.94765548440765], [4.961757498744996, 45.948008089435], [4.961937621739233, 45.94806420547], [4.961945949121927, 45.94800369906273], [4.96361220719298, 45.947446347567336], [4.963818102852743, 45.94782232497893], [4.963844449541714, 45.94788472789937], [4.9641990424321225, 45.94774412744391], [4.964828694072654, 45.94851260828777], [4.965072940608502, 45.94834217706873], [4.965293345856717, 45.94853057622972], [4.9659067119394695, 45.94848745553273], [4.966085570105794, 45.948702928765286], [4.967565175328808, 45.948241693714955], [4.967983143464178, 45.948141913486324], [4.96855085716417, 45.948040433519765], [4.968565483533645, 45.94790686343952], [4.9690666230879454, 45.947762830177645], [4.969343207177374, 45.947357578507145], [4.969344243833225, 45.946959669407505], [4.96928620727598, 45.94660815080327], [4.969278176337329, 45.946002505072286], [4.967399733501233, 45.94611840272527], [4.967031595812957, 45.94636374921074], [4.9666434158123725, 45.94622337600989], [4.9660449258307535, 45.94610502128283], [4.966196621637843, 45.945718894412], [4.966150910864605, 45.945169046235485], [4.966464725631004, 45.945136513707716], [4.966788959956404, 45.94475086231683], [4.966780540047243, 45.94472585652046], [4.96800778964231, 45.94334510703784], [4.968278699972437, 45.94280586027824], [4.9674626182660795, 45.9421155708712], [4.9647697286573775, 45.939788414330735], [4.964500549380823, 45.939911721418454], [4.964126030959097, 45.94005548584438], [4.963620808561821, 45.940080772362535], [4.9633131409669256, 45.94030849043839], [4.962560044636689, 45.94093188080008], [4.96188153362786, 45.941332074531445], [4.961388942441805, 45.941637920014784]]], [[[4.932956265671147, 45.95695445973883], [4.931955075320694, 45.957259281026815], [4.932297723312764, 45.957782494333834], [4.931819456662257, 45.95795554376385], [4.93159837947418, 45.95826129628412], [4.931485419920464, 45.958653673715304], [4.932888696192103, 45.95886710532291], [4.932683689864466, 45.96000605674407], [4.932830455717284, 45.960006275309695], [4.934903487118678, 45.96051300983766], [4.935426516819816, 45.960840317851925], [4.936244603565896, 45.96155959799147], [4.936325773538328, 45.96192680416107], [4.936157833495959, 45.9624167753592], [4.93600110712329, 45.96270214768082], [4.936202591156675, 45.96291714477662], [4.939482099510521, 45.962443565958154], [4.941176667089435, 45.96044921295976], [4.941188418849964, 45.960389525637865], [4.941258892582323, 45.960123242751635], [4.941262430147926, 45.95967307105368], [4.941253671573892, 45.959640864273034], [4.9412623241467015, 45.95960285607636], [4.9412285654583465, 45.95936779031245], [4.941132902965408, 45.95896491535259], [4.941104898884759, 45.958902551135566], [4.940944675370691, 45.95892605614318], [4.940169299923073, 45.95907720011702], [4.9388386946629925, 45.959136742099176], [4.938441473119089, 45.95790545914197], [4.938156182557892, 45.957248609499764], [4.938242925678349, 45.95683252450906], [4.938709453144751, 45.95685325757635], [4.938694736943768, 45.956543032649385], [4.938464519397691, 45.956179276224134], [4.937886988908283, 45.955602989599775], [4.935013461570707, 45.95568279418356], [4.934906346456206, 45.95563395155614], [4.934208744450961, 45.95567163647481], [4.933120163294744, 45.955918170353335], [4.932633536023852, 45.95637227639558], [4.932956265671147, 45.95695445973883]]], [[[4.936467938220246, 46.04415278309126], [4.938233044210244, 46.04338115418082], [4.936401193394638, 46.04119810217377], [4.933514991726713, 46.04151391066101], [4.932269766842827, 46.041644280031505], [4.931704451644617, 46.04168428339733], [4.931855126067239, 46.042168716906716], [4.930567075798793, 46.04252240006475], [4.9320419783412675, 46.04614324124038], [4.936467938220246, 46.04415278309126]]], [[[4.982141886814252, 46.08879747893365], [4.981965836781487, 46.08853603918305], [4.981556755679203, 46.08770122945112], [4.981488294173076, 46.08767402411216], [4.981027956099007, 46.087617288233666], [4.980022801483196, 46.08761651255716], [4.97996262693556, 46.08762692157426], [4.978777861365223, 46.08755562285173], [4.975737378538829, 46.0874016603359], [4.97574177938541, 46.08742586277815], [4.975684234206611, 46.087420903415385], [4.974972617584616, 46.0889651757276], [4.975157088424838, 46.088983371591546], [4.976039167558519, 46.089165306226455], [4.976008149630074, 46.08929206052471], [4.975790502209781, 46.089623920617115], [4.976936926785468, 46.08982217658553], [4.976520061781267, 46.09071772462214], [4.976977806419115, 46.09066921545991], [4.976926878230703, 46.091273543475026], [4.977814287068962, 46.09117897756356], [4.97801689669141, 46.09085196938187], [4.978652722452893, 46.090574232971335], [4.978898603922558, 46.090642299410426], [4.979362757141667, 46.09070795663067], [4.979937787619652, 46.09082683332427], [4.980517473167429, 46.091077029008524], [4.980796126975304, 46.091220840192456], [4.981501662901146, 46.09126102943255], [4.982183044027302, 46.091339594920306], [4.982850819270153, 46.09172004317608], [4.983524539563561, 46.09215616349704], [4.983546887851219, 46.09213403267761], [4.984679508015942, 46.092561192555344], [4.984745035624349, 46.09169365780158], [4.984924158793684, 46.090917078738954], [4.98487655706679, 46.09048429475813], [4.984922450198004, 46.08999710773053], [4.984988433252274, 46.089973049708014], [4.985075422511103, 46.08948220232874], [4.985099582700672, 46.089211568872074], [4.985482560557432, 46.08796930655247], [4.984105761230509, 46.087758530333076], [4.98376280242131, 46.08869198472427], [4.983257475819505, 46.08890907042604], [4.982766258157511, 46.089086218668555], [4.982523477672193, 46.089400679243674], [4.982239624415452, 46.08956666341468], [4.982178279363031, 46.08955009941031], [4.982141886814252, 46.08879747893365]]], [[[5.029961561177335, 46.09048040037907], [5.029950717613538, 46.09049146612165], [5.02812599942132, 46.090679000279216], [5.028438062472913, 46.09166450510354], [5.028437615111891, 46.09195258877906], [5.028424264350162, 46.09228868906721], [5.028414628122098, 46.092668814304126], [5.02843292590611, 46.092693586950205], [5.028407522448191, 46.09270319323926], [5.02847066233458, 46.093986306176674], [5.028297361146599, 46.09496897666062], [5.028272776952201, 46.09594720738898], [5.0282998557681395, 46.09649749297507], [5.028296845513632, 46.09656778531608], [5.0284596570740385, 46.096565705968224], [5.028536925663209, 46.09658187230381], [5.028971157796795, 46.09653100863058], [5.028987967072416, 46.096717404714546], [5.029043373362493, 46.09709373009919], [5.029119027679112, 46.097121632829534], [5.029176408466175, 46.0971202636382], [5.029250729682903, 46.097118493282515], [5.0296259847231495, 46.09696821030839], [5.030076572483155, 46.09687374822364], [5.03023036046655, 46.09689078532312], [5.0303388140707925, 46.09692780907111], [5.030861374851346, 46.096978359045735], [5.0336474080768925, 46.097106313831766], [5.033741147276778, 46.096939336355646], [5.033951917195259, 46.096720952303876], [5.034175939959119, 46.096490547271365], [5.034469346798926, 46.09588038839341], [5.03490974047707, 46.095592595592365], [5.035479885916539, 46.09554296381249], [5.034979978850822, 46.09550809701342], [5.0342875628197215, 46.09547422503486], [5.033041804336525, 46.095862258967635], [5.033685877530627, 46.0952122238863], [5.034188552305735, 46.09497516567146], [5.035060793090403, 46.09476978171473], [5.035366054098674, 46.094415905533864], [5.036045199318088, 46.094134106061404], [5.036408480713922, 46.093776136667465], [5.036667488366542, 46.09356829251281], [5.0372376463824375, 46.09268324243281], [5.0374702327858945, 46.09234909883708], [5.037665541800031, 46.09183400233125], [5.0376463187512766, 46.09144466167857], [5.037842249399571, 46.09123562505163], [5.037964352006245, 46.09103825881627], [5.037635063759075, 46.09090479823919], [5.036715822220405, 46.090762039720516], [5.03616102180262, 46.090728483802], [5.0353101950576935, 46.09057958142556], [5.034091039283308, 46.09062040534635], [5.032580964104181, 46.090696975659284], [5.0321064083940845, 46.090616480449874], [5.031334589376709, 46.09046115213689], [5.030889959243687, 46.09039974038103], [5.030479880113128, 46.09043022821699], [5.029961561177335, 46.09048040037907]]], [[[4.972056536153735, 46.09449838367243], [4.972044782596545, 46.09492715799149], [4.9719703742432335, 46.09509362887369], [4.972689052521678, 46.09748670299625], [4.9744171784646625, 46.097401352046646], [4.974740364456116, 46.097429814628676], [4.974880997510483, 46.097426529958256], [4.974422483016422, 46.096974530532584], [4.97407075934501, 46.09660645631262], [4.9739453293785205, 46.096404143267186], [4.974769447413445, 46.09618685221839], [4.974972437921563, 46.096119099107256], [4.975411341294655, 46.096183562490396], [4.9756695539382445, 46.096219837321065], [4.97596523800726, 46.09623093741948], [4.976236379204441, 46.096269610521084], [4.97687963942317, 46.09548760152239], [4.977120143577577, 46.095159710006065], [4.977218057248607, 46.09501158395253], [4.9772219882762725, 46.09490796798979], [4.977296467596489, 46.094539843844544], [4.977319362958145, 46.09422603864327], [4.977310333991219, 46.094039009308425], [4.9773797189654285, 46.09363499407754], [4.977427460829537, 46.09351684981577], [4.976982203672441, 46.09337422763559], [4.976658646676786, 46.093305273722194], [4.976181414885437, 46.093253410275324], [4.974733223747921, 46.09303698457934], [4.973958853515123, 46.09292723734096], [4.973803759381347, 46.09291465826145], [4.973571935647527, 46.09290206858857], [4.973509246715448, 46.09289272460612], [4.973455655022208, 46.092889478289834], [4.973422696732766, 46.09287674408122], [4.973390813726684, 46.09287028757902], [4.973352212220609, 46.092855884418235], [4.972721684722707, 46.09257623745974], [4.972584253263995, 46.092543435202025], [4.9723992182817955, 46.09252974588847], [4.972308750746137, 46.092531856537406], [4.972039670284264, 46.09253813553054], [4.972177472747177, 46.092997625809815], [4.972235661119697, 46.0934157646549], [4.972196098416262, 46.093668738855015], [4.972139067972133, 46.09404545944419], [4.972056536153735, 46.09449838367243]]], [[[4.999739723330003, 46.091042240375224], [4.999264819073599, 46.09098772084044], [4.99924690037863, 46.09098364084429], [4.998690512637742, 46.09113178643863], [4.998601649493201, 46.091318426295146], [4.998746975346606, 46.09174439884722], [4.998612175951688, 46.09238043097869], [4.998056715272172, 46.09281391837067], [4.9972998037969285, 46.09308020449903], [4.9965647788752685, 46.09323255262374], [4.998076899518288, 46.09436180983012], [4.9983418998321785, 46.09472104873855], [4.998410963209528, 46.09559262611659], [4.998415897655384, 46.09579236004898], [4.998400525684219, 46.09592595269788], [5.000194813446228, 46.09547315730786], [5.001318569934024, 46.09529901909966], [5.005318071699864, 46.094772487197545], [5.005469171923911, 46.094986768741116], [5.005777436000178, 46.0954701030104], [5.006062362743685, 46.09587296730872], [5.006195010673487, 46.09625242185634], [5.006590655674084, 46.096587854943124], [5.006892302759965, 46.09693540817128], [5.00704105748279, 46.097249668263274], [5.007173104439667, 46.09799822660754], [5.00717960195414, 46.09813130499124], [5.00464419240467, 46.09813450739496], [5.004627291500912, 46.09811960167105], [5.0037026142564365, 46.098165744058385], [5.002584748920272, 46.098063406638275], [5.002103264504397, 46.09807476985873], [5.0018081975779545, 46.09810873492296], [5.000561788714493, 46.09842260710636], [5.0015952555331245, 46.09981516811082], [5.001620905129415, 46.099826260633634], [5.002249055685097, 46.100617125347746], [5.002510702588023, 46.100990839779286], [5.002530314607322, 46.101143415202245], [5.001835803704956, 46.102359778480576], [5.00167651443877, 46.102575083181506], [5.001696095017036, 46.10274566055358], [5.002040285416456, 46.10389880854319], [5.002084036964057, 46.10391758308989], [5.002712958274248, 46.106381009998294], [5.004338192082887, 46.106183308079444], [5.004355743366911, 46.1061954936219], [5.005751442349133, 46.10635157482972], [5.00579762473788, 46.10633788147009], [5.006916147640853, 46.10634925232754], [5.007577168451095, 46.10641914845165], [5.007331558272653, 46.106854353452086], [5.007346500849072, 46.1071600711904], [5.007493255922092, 46.10768142637014], [5.007503632361965, 46.10771088574085], [5.008105718299664, 46.109534881578334], [5.008699521770459, 46.10948662936409], [5.009145496681469, 46.109427469618076], [5.009576880257325, 46.10929753866955], [5.010678412424997, 46.10868002741754], [5.012143090342942, 46.10783246114182], [5.013345108058302, 46.107304370445114], [5.013081069840102, 46.1066012603703], [5.0130302081270415, 46.10617576443946], [5.013567018882952, 46.10557520778685], [5.0135978625382265, 46.10544394299422], [5.0136437933986855, 46.10544105367669], [5.014471195674299, 46.10507666648577], [5.015039186953729, 46.10471661559111], [5.015343446340436, 46.10427280094196], [5.015710640797661, 46.10346290129804], [5.01574428270506, 46.10345760018447], [5.01604423197506, 46.10271231124267], [5.017377067752001, 46.10280671972492], [5.017319146179117, 46.10253352876951], [5.017317161800629, 46.10249306807767], [5.017730102065378, 46.10261649928641], [5.0177471008855195, 46.102601695055235], [5.018090024660398, 46.1026169564685], [5.0185614730979005, 46.10258236197404], [5.019398048070876, 46.10256969789594], [5.019583544787151, 46.10127348683239], [5.019540910743772, 46.10114576595338], [5.017656913624258, 46.10119049809949], [5.017649239316786, 46.101034040384825], [5.017557073066952, 46.101036227322744], [5.017693523565333, 46.09921635294417], [5.016295186231135, 46.099267543655436], [5.016998987510148, 46.09785100268847], [5.016967603069089, 46.09783644385318], [5.017371527841633, 46.097119286890226], [5.016291746581916, 46.09754640504017], [5.016275356819573, 46.09757380297557], [5.016174467029991, 46.097627504957536], [5.0153181677483465, 46.09797820109794], [5.014230713977786, 46.09826774553842], [5.013380380407932, 46.09832841225086], [5.012390725324042, 46.09828434492236], [5.012402415100838, 46.09812652474463], [5.0120526470618065, 46.09682769632579], [5.012660549590978, 46.096840303790415], [5.012701980790211, 46.096827618459606], [5.012606064972391, 46.09646980546382], [5.012354237553837, 46.096001354487356], [5.012198982621581, 46.09555492495528], [5.011966338725944, 46.0951319314956], [5.011722297005967, 46.094721809364295], [5.011603200162248, 46.09422051237646], [5.011142581813786, 46.09389833897385], [5.010896511697896, 46.09400769181423], [5.010423468750746, 46.09410891107252], [5.009600646086469, 46.09416709488376], [5.00950939611824, 46.09416925406086], [5.009546474081571, 46.09305841107819], [5.008484411192536, 46.091762923977186], [5.006239643468374, 46.092611799485745], [5.005693434537963, 46.09268772163092], [5.004948957542877, 46.0928583513959], [5.004313790246532, 46.09300208442427], [5.003619410498209, 46.09343888111767], [5.00355826217682, 46.09331249393347], [5.003474315511826, 46.09308492039407], [5.003251809104167, 46.09268238397171], [5.0031376709607915, 46.09219895736469], [5.002882606912296, 46.09186109721898], [5.00272058137775, 46.091756899074355], [5.002344684940376, 46.0913768796905], [5.0020272185223424, 46.09088655379239], [5.002112228792599, 46.09037412814369], [5.0023651611389495, 46.08990634433738], [5.002096019591639, 46.090041429638006], [5.001752237925666, 46.09013956420273], [5.001139178168423, 46.09037008049825], [5.000628096060582, 46.09078453429807], [5.000030959840089, 46.091010165486345], [4.999837991835588, 46.0910489251074], [4.999739723330003, 46.091042240375224]]], [[[4.939519398459437, 46.101997028382456], [4.939650636932525, 46.10200301105713], [4.940654126071817, 46.1019636786187], [4.939612415413823, 46.10142056956336], [4.939608414317551, 46.10140446070539], [4.939615617907809, 46.10137098912197], [4.937752406007367, 46.100473208482505], [4.935673240909226, 46.09971269858339], [4.935597229961458, 46.09973064984062], [4.935267241926649, 46.09959421166755], [4.93446014516976, 46.099421931502995], [4.93419609168021, 46.100095946284895], [4.933577383316453, 46.10149194628553], [4.933814384939543, 46.101762853964765], [4.93381371838963, 46.10181958214368], [4.934436629072243, 46.10229766056241], [4.938467638348346, 46.10207707159503], [4.939519398459437, 46.101997028382456]]], [[[5.030319521851761, 46.10244662286162], [5.030395963092539, 46.1026662530095], [5.030687434062867, 46.10349380607589], [5.0307857753319825, 46.10378222969524], [5.031594239324754, 46.10365852205861], [5.031909185070099, 46.10458363157955], [5.032693623620599, 46.104463192553084], [5.033341723962122, 46.1045017353124], [5.033679092555283, 46.105175146128666], [5.0337918239369035, 46.105114842588826], [5.0339936277705215, 46.10505780700529], [5.034286582757721, 46.105043610072414], [5.034463790718878, 46.10510959768934], [5.034499712550478, 46.10488818350121], [5.034533968007195, 46.10482705002603], [5.035167325198254, 46.10486053944208], [5.035259336039558, 46.10465848962408], [5.035207230159816, 46.10450489437], [5.035485272214968, 46.10433801715446], [5.035505994551945, 46.10424929974229], [5.034842312033537, 46.10299584015989], [5.03458228928463, 46.102775196682686], [5.034391452084011, 46.10248268117505], [5.034234562217938, 46.102481930622176], [5.034120702552297, 46.10225689324639], [5.034033184185744, 46.10210414151832], [5.033444378042903, 46.101533061109166], [5.033382548798512, 46.10150752816447], [5.033484271326337, 46.10140787781174], [5.0333218882623125, 46.101180396853444], [5.033023173277525, 46.101373874292634], [5.03312480238055, 46.10151368156035], [5.03304698671738, 46.1016100634954], [5.031192522611174, 46.102072917051984], [5.030796789575695, 46.102167874753825], [5.030319521851761, 46.10244662286162]]], [[[5.012814010587597, 46.10765723219389], [5.01280529872598, 46.10769344902891], [5.0129824869242, 46.10800792370665], [5.0131558420111055, 46.10849263294752], [5.013279928097938, 46.108993814509695], [5.013751311856749, 46.10941924384746], [5.014088869994432, 46.10965430497296], [5.014344834154852, 46.11027388663208], [5.014400943825823, 46.1103940825362], [5.016412619394964, 46.11055523556175], [5.016417469399193, 46.11065414198117], [5.01644339747325, 46.11118285199961], [5.017285728850526, 46.11100533194803], [5.0178403594867245, 46.111097496095695], [5.018414015542351, 46.11106587877409], [5.018853822620589, 46.11084658724808], [5.019129330528363, 46.110840046284835], [5.02018510880367, 46.110921195775745], [5.020937608652567, 46.11041450709497], [5.020701845806241, 46.1102103552062], [5.020408499153573, 46.109853639210584], [5.019988725404472, 46.10946031601469], [5.019722968709125, 46.10818381731408], [5.01975369558341, 46.10800304591347], [5.019771777771784, 46.10772804965821], [5.019540860438101, 46.10704487316643], [5.019473903610079, 46.106980747590455], [5.019234897845598, 46.10582154478537], [5.018144756315689, 46.10605627745393], [5.018121448627331, 46.10609284100848], [5.018071394499694, 46.10607782159061], [5.017180647521854, 46.1063222125156], [5.015151447618137, 46.10682495092272], [5.01379927380808, 46.10730980882993], [5.012814010587597, 46.10765723219389]]], [[[5.005927092631589, 46.11019671885521], [5.00453084477874, 46.11029631159557], [5.00361008418891, 46.11042427844633], [5.002641454174252, 46.11056866630861], [5.003441843210948, 46.11107189658513], [5.003840978166402, 46.11104447297326], [5.004697933218228, 46.11116557332334], [5.00466432993837, 46.110991726309365], [5.004834443903748, 46.110865279091115], [5.005834088253596, 46.110841666112144], [5.00576907537986, 46.11105294885431], [5.005545001411998, 46.111598370615745], [5.005320712746798, 46.11210778169223], [5.005018879709651, 46.11260372605231], [5.0047654011876315, 46.11306161494365], [5.004267253023232, 46.1136117060569], [5.004778565099797, 46.113943512585536], [5.004754795677366, 46.113971076115874], [5.005295789887559, 46.11418155536751], [5.004803609231611, 46.114853931901806], [5.006559485032033, 46.11542279505739], [5.005969536232117, 46.11616590453566], [5.005932380115339, 46.1162162899121], [5.005241395100481, 46.11715983044339], [5.005717450098765, 46.11716658735603], [5.005748468925541, 46.11728738719005], [5.007685351662444, 46.11746846937763], [5.007795643219781, 46.11706077006065], [5.007895031026182, 46.116874772163044], [5.008069473972906, 46.1166221939897], [5.008753545553335, 46.11677975572961], [5.009059431789053, 46.116912056480295], [5.009079616035169, 46.11692778033571], [5.009145650293372, 46.11697302897227], [5.009172291629758, 46.11715244024433], [5.010836067655697, 46.117357934484474], [5.011011855380376, 46.1168658612853], [5.011468430411736, 46.11649046792452], [5.0117939987353255, 46.11648275943229], [5.011283621804972, 46.11628509000966], [5.0106553463834596, 46.116029898723404], [5.010810417161077, 46.11585789036072], [5.010866034555238, 46.115706239296365], [5.011521073484007, 46.11499036967333], [5.0134139441618855, 46.11376176182591], [5.014089213150856, 46.11170857827969], [5.0129732935655715, 46.111488363884064], [5.012952432888041, 46.11149065876811], [5.012062851025136, 46.11121645774835], [5.011167063600216, 46.11033385445658], [5.01025778886964, 46.109691022459714], [5.01014015627979, 46.10980002823019], [5.009698673843531, 46.11000131684872], [5.008619531285983, 46.11003449982744], [5.006779333324781, 46.11003884870061], [5.006690702843889, 46.109914910973906], [5.006226803848026, 46.11017162898188], [5.005927092631589, 46.11019671885521]]], [[[4.971094636317163, 46.12620415683904], [4.9703412785771715, 46.12612089434059], [4.969086879199263, 46.126150117851935], [4.96964917875305, 46.12653490509104], [4.9702583631781465, 46.12683397895542], [4.9704426148294445, 46.127014227252204], [4.971491295515718, 46.12877487607003], [4.972030643113965, 46.12965709249716], [4.972003171734261, 46.13089640667644], [4.969781784462021, 46.13094817619326], [4.96934843357572, 46.13093756617924], [4.967407891102342, 46.131306815627184], [4.96874633146834, 46.13241440406902], [4.968784477528552, 46.13240001186154], [4.970917538848783, 46.13427674477903], [4.970708414643918, 46.13433833114231], [4.968322676997176, 46.13514465962414], [4.966164359542717, 46.135194885715734], [4.964630140343702, 46.135131543625384], [4.964584834710656, 46.13515059886107], [4.963821609875612, 46.13556982918538], [4.963910770362491, 46.13693335192457], [4.962280232002092, 46.13688751338884], [4.960338876553373, 46.13677325457699], [4.960360621173148, 46.13784847816265], [4.961561040785638, 46.13851195915543], [4.961649602994551, 46.13850090180611], [4.964219848312429, 46.13970776501619], [4.9642716730194785, 46.14019536738064], [4.964611202060893, 46.140574559155], [4.965106650787848, 46.141149963625125], [4.965428905226345, 46.14177260948668], [4.966072963149096, 46.14301339999723], [4.966074131857286, 46.14303767885795], [4.96629718174569, 46.14341777470266], [4.969896695156532, 46.14294871067332], [4.969428678283409, 46.1411304137674], [4.973094819738903, 46.14082172875384], [4.971335272523911, 46.14005077020482], [4.970787618204203, 46.139518914340584], [4.970835377136289, 46.13947008958729], [4.970096407712208, 46.138596114823024], [4.971619114102523, 46.138284272174104], [4.971627168397366, 46.138266082621115], [4.972294259123995, 46.138120000162424], [4.974249621104624, 46.137484765870845], [4.974472283819145, 46.137419256481984], [4.976920563074275, 46.13953067982984], [4.977620631853282, 46.14016697107404], [4.978685623250153, 46.14101527928669], [4.978726251355513, 46.14065065114959], [4.978881300573567, 46.14024194013014], [4.979119392751401, 46.13972686099458], [4.979391628096581, 46.13931540371901], [4.979695959348523, 46.13896261770108], [4.979871793785618, 46.13866773782461], [4.980310238119593, 46.13819388394234], [4.980425184746722, 46.13799495536144], [4.981645164276212, 46.1381851632513], [4.981977720594389, 46.13783260715133], [4.98198887317862, 46.13744525956241], [4.981831818920878, 46.13722658344422], [4.981701641358096, 46.136926264411336], [4.981674074757, 46.13635708046671], [4.981969460585345, 46.1358415566374], [4.980865140047016, 46.135498309222946], [4.980545055938239, 46.13538876789732], [4.981020229689238, 46.13532364258389], [4.981038503218728, 46.1353160145384], [4.981589070774922, 46.13522211554014], [4.9820979043995965, 46.134884338523264], [4.98236325056487, 46.13432900414278], [4.982515294019969, 46.13385913932422], [4.981392336134425, 46.133582055318094], [4.981307145302786, 46.133593048913724], [4.980419676277387, 46.13340045897845], [4.980886608883981, 46.13244613115704], [4.980868920157735, 46.13241503406655], [4.98132882075225, 46.131652606701515], [4.980052778264205, 46.13185529339524], [4.97990405677904, 46.13179216037039], [4.979874919922783, 46.131808144556224], [4.978075686036856, 46.13205454857347], [4.9775520257183885, 46.130278088445095], [4.9785896355671, 46.12936264714269], [4.979080213628593, 46.12914862932663], [4.979101545921666, 46.129121128174056], [4.979337000645821, 46.12912012024225], [4.980488596822632, 46.128789825178195], [4.9821424536511865, 46.1273486115142], [4.981079367581025, 46.12650029696846], [4.9812199709909875, 46.12639618607635], [4.981001761225312, 46.1261168262831], [4.9804278859807605, 46.12631299359889], [4.980110057541663, 46.12640144700544], [4.979791175378737, 46.12644941109093], [4.979479892064825, 46.126638535079586], [4.979321109448468, 46.12639919196584], [4.980030269178134, 46.12593791177293], [4.978568950061071, 46.125321233238274], [4.977765261512335, 46.12600166476879], [4.976810797929703, 46.12580791577514], [4.974190502975773, 46.12538299087094], [4.973430360260438, 46.12536021529264], [4.973206911520057, 46.12617830347755], [4.97295185375974, 46.12632558622682], [4.971094636317163, 46.12620415683904]]], [[[5.01446695832109, 46.13670124192941], [5.012699239131969, 46.13699516252038], [5.012463615524527, 46.13754087091763], [5.011516144428033, 46.13967609252974], [5.010997396097562, 46.14159681562322], [5.010847125018503, 46.14151935622537], [5.010829484801267, 46.14155577736796], [5.011035299612658, 46.14164363242184], [5.010986162664925, 46.14196257029723], [5.011888093668062, 46.14189981919918], [5.012113655246016, 46.14181166019031], [5.012170626401336, 46.14181931347763], [5.012360631762044, 46.14171399354435], [5.012433556996781, 46.14168525942317], [5.0124465160930765, 46.14166695148858], [5.0124897439228695, 46.141642518284954], [5.013098912178285, 46.14156778205511], [5.014089744055208, 46.14150381117766], [5.014788743839036, 46.14144674603246], [5.015528070792596, 46.14104213526488], [5.01633163267884, 46.140759323673066], [5.016704751525355, 46.14060914349589], [5.017790243375355, 46.140724736936754], [5.018639309422337, 46.1407252996164], [5.02048089977224, 46.14076261074077], [5.021336653776513, 46.14094663766978], [5.022361639600513, 46.1410033087127], [5.022568401236213, 46.141010100669305], [5.0226668386250175, 46.14050994290263], [5.022733687655222, 46.14020768171663], [5.022607679173668, 46.13945449043052], [5.022599587149615, 46.13928994554252], [5.022943852109193, 46.13923045054728], [5.022946379070095, 46.13921598791684], [5.023088137713492, 46.139201819079226], [5.023149911262328, 46.139191342614815], [5.0231277336545865, 46.13757148332286], [5.023100782399435, 46.13641534667483], [5.02301170006597, 46.136447170432504], [5.022313700107078, 46.136454755992546], [5.022291830621473, 46.13542002764693], [5.022267824043808, 46.13493177917063], [5.022276800010139, 46.13461918868712], [5.022046412682476, 46.134592259855864], [5.020873853420234, 46.13447877627888], [5.0198461726503405, 46.134401454400894], [5.018626803975277, 46.13455282492765], [5.016945676091304, 46.13481505306823], [5.016216576457265, 46.13483233989143], [5.015650051228398, 46.13460271540772], [5.015371179129895, 46.134873084358205], [5.014760868217438, 46.136124442664986], [5.01446695832109, 46.13670124192941]]], [[[4.986801014306675, 46.14391303019443], [4.986970927049403, 46.14437715417416], [4.987010128630105, 46.144619285266074], [4.986555429281052, 46.14487300101575], [4.985253821638343, 46.145288787122844], [4.985255559878394, 46.14530854898079], [4.98408493109568, 46.145723053436505], [4.985059254632642, 46.14655362757397], [4.985138801349352, 46.146566164540054], [4.989709299259247, 46.15057834115217], [4.989828523663753, 46.150281179812104], [4.990329544640405, 46.14978060965188], [4.991125429524254, 46.14933523055835], [4.992008388108593, 46.148848197057156], [4.992444234514795, 46.14818801273342], [4.992507943034747, 46.14770040087177], [4.99250149223269, 46.14696868838223], [4.992164166758656, 46.146043099776094], [4.991719568964963, 46.14532167687024], [4.991537347506205, 46.144554477085485], [4.99145719263006, 46.14352112396525], [4.991577424045981, 46.14314651534189], [4.991525713424963, 46.14313242656125], [4.991026392959151, 46.14308293903731], [4.990717906999, 46.14333323304547], [4.990434025894482, 46.143503734683826], [4.990003743653167, 46.14367587208338], [4.989711001566713, 46.14368274213264], [4.9895904674185045, 46.14358475017825], [4.989440145135477, 46.14350545811437], [4.989288672110602, 46.14338658360081], [4.989309143817622, 46.14322406456638], [4.989387221788845, 46.1429998862871], [4.989463875930367, 46.142775735103434], [4.989456012976674, 46.142613881491336], [4.989304519290532, 46.14251301519843], [4.988983482967566, 46.142502539986474], [4.988540556938604, 46.1424301115902], [4.98804212221163, 46.142401295061696], [4.987838153438173, 46.142385373079854], [4.987539039601407, 46.14245810278319], [4.987058532552541, 46.14264940750462], [4.986864104785723, 46.142795298069956], [4.98673036360622, 46.14304149047875], [4.98665386666989, 46.143266532486074], [4.986696067725301, 46.14355180462182], [4.986801014306675, 46.14391303019443]]], [[[5.027672485848435, 46.14380091580849], [5.0275979517309946, 46.143946721788424], [5.027540091243548, 46.14395530028286], [5.027473928526226, 46.14453661324678], [5.02729804917341, 46.14569848199814], [5.024953763387133, 46.14735844098104], [5.0233693499233, 46.14839084829701], [5.022904146573652, 46.14846041850762], [5.022913348017088, 46.14864744242909], [5.023070459767011, 46.1494557065624], [5.023234767920715, 46.150425833510056], [5.023424244173698, 46.151315245538115], [5.023454107767005, 46.151922185162434], [5.023689632559768, 46.1525467372641], [5.023640840565086, 46.152708136020934], [5.023777938748808, 46.152564445417745], [5.024672680534741, 46.15232082089932], [5.0253621617698245, 46.152101878397545], [5.026014151816512, 46.15167947570731], [5.027012088469012, 46.1511489058689], [5.027472775987717, 46.15101641476655], [5.028383577854291, 46.15052661933878], [5.028726913955904, 46.150396915994136], [5.029464324802955, 46.150541395760044], [5.029968727936678, 46.15069142313462], [5.03105792174395, 46.150827504555416], [5.031104891056888, 46.150829089601885], [5.031934081878188, 46.15084893410622], [5.03270341974878, 46.150443495671865], [5.033163762314434, 46.15029118182152], [5.03323302062622, 46.14992313878883], [5.033532751605592, 46.149469482557556], [5.033517655417236, 46.14916376742148], [5.034441789180933, 46.14717293559565], [5.032636159290206, 46.14729432746593], [5.032644888219802, 46.147242804833404], [5.032167991500103, 46.1472901862893], [5.03215290070163, 46.146984471496424], [5.032574448623432, 46.14665034274961], [5.032579344441746, 46.14663672288522], [5.032599029224543, 46.146526422646595], [5.032678689128987, 46.14635348072315], [5.0327416358776, 46.14621694697989], [5.0317901133791985, 46.14616041573588], [5.0329936824850785, 46.14491192193113], [5.032986389961575, 46.14486258102284], [5.03334078881591, 46.144417518143605], [5.031695686069803, 46.14303440126216], [5.030930493025952, 46.14293111332674], [5.030838220774893, 46.143439238258416], [5.030830214989093, 46.14345563047166], [5.030790150127413, 46.14344938466368], [5.030754007310262, 46.143504258123706], [5.03020522290994, 46.14361906126165], [5.028370044734552, 46.14374829821831], [5.027672485848435, 46.14380091580849]]], [[[4.971757462741138, 46.1464035217051], [4.9712255424136265, 46.14626648707761], [4.969794147975272, 46.14808942076256], [4.9698912298063584, 46.14828970319694], [4.969247355139948, 46.14887181864172], [4.969236061520206, 46.14888738588027], [4.968822737674831, 46.149147264887105], [4.9681470150366245, 46.14968960924901], [4.966667950599431, 46.14929822583221], [4.966260937418931, 46.1499585356195], [4.964412204564208, 46.14977646741762], [4.964358147543671, 46.149899247564406], [4.963339661030736, 46.1502154734353], [4.963327373874272, 46.150245463935875], [4.962340124478707, 46.15045473607502], [4.961791969797383, 46.15058899343381], [4.961987736952306, 46.152839428242], [4.963716843855588, 46.152754260710275], [4.9654259767185405, 46.15265782695927], [4.96695430746085, 46.15336044642908], [4.966979103657664, 46.15335626899368], [4.967156104107958, 46.152779629272935], [4.968231585132437, 46.15298685313953], [4.968334133211994, 46.15293225734107], [4.970132608919838, 46.15326216615686], [4.970301225393621, 46.15351659877379], [4.970152915336826, 46.154335632133815], [4.970484940750684, 46.154588955869436], [4.970479514028052, 46.154610683892834], [4.9713692989102345, 46.155301114951186], [4.972318120174565, 46.15617289988282], [4.972401288898504, 46.15620246649058], [4.972374571205331, 46.15615087939233], [4.973143357510339, 46.155708063927094], [4.973307175183861, 46.155479196062444], [4.973689344556867, 46.15494366662947], [4.974344773354444, 46.155171436548216], [4.97524488976071, 46.15506941779449], [4.975968509671521, 46.15493100587247], [4.976294385218951, 46.15502421974102], [4.976405806856904, 46.15495230439291], [4.976456107122911, 46.15487011148595], [4.976549260621257, 46.15485443268577], [4.97673487322019, 46.154824897712], [4.977273972883472, 46.154556652865836], [4.977354930853489, 46.15457276423313], [4.978248292827146, 46.15432864953688], [4.980183061828179, 46.154445473661845], [4.979798866754219, 46.15376579865811], [4.979484565999223, 46.153325744395865], [4.979238698902611, 46.15304702961584], [4.979049466991372, 46.152766089334555], [4.978844354662543, 46.15257733945915], [4.978478665781754, 46.15184592018758], [4.9784008725764455, 46.15144264416409], [4.978068712415322, 46.15061682054176], [4.977481585223722, 46.14996078844984], [4.978342312301392, 46.149613905013986], [4.979914024485432, 46.14888852351952], [4.979905230877113, 46.148706889907665], [4.979581899358595, 46.14806360070121], [4.979009583589406, 46.14771059503528], [4.9785359046350095, 46.146989804520054], [4.97791312420811, 46.14678200292454], [4.976544679213293, 46.1462864471207], [4.976386595486244, 46.146065090702855], [4.975994731494696, 46.14581138044729], [4.975334216435954, 46.14544151251661], [4.97532726527228, 46.14529764547985], [4.974166347277789, 46.14542915391748], [4.973357754825933, 46.14564785969701], [4.972505607557507, 46.14615563467568], [4.972055084476226, 46.146513613074404], [4.9717869077194985, 46.14639113158113], [4.971757462741138, 46.1464035217051]]], [[[5.032887677688291, 46.15363488637538], [5.031798285353327, 46.15374007958068], [5.031211671998068, 46.153764862740296], [5.030636095344381, 46.154010832473986], [5.030775977407174, 46.154270363704285], [5.030957129870752, 46.1547098572107], [5.031087379298737, 46.154805775234536], [5.031220283248377, 46.154973650820025], [5.03136019136232, 46.155183671617415], [5.031741184840625, 46.155816445999044], [5.031851313802854, 46.156110894270945], [5.031814973356373, 46.15634311844984], [5.031230722570314, 46.15641375200018], [5.03156391759066, 46.15768682978845], [5.031444627609131, 46.15776348614761], [5.0313632007185305, 46.15780143658738], [5.031582006965511, 46.15838136819476], [5.032373437103887, 46.15833999649001], [5.033218819159873, 46.15840715914884], [5.033932147970802, 46.158701620314076], [5.034106387898249, 46.158114123196356], [5.034103035385614, 46.1580961946899], [5.034107845863971, 46.158078078884266], [5.034110555182851, 46.15798619182224], [5.034734710032176, 46.15818015366165], [5.035085480591035, 46.15821859351331], [5.035144306767428, 46.158210885882525], [5.03519637851118, 46.15821594714599], [5.035461194670432, 46.15820062521783], [5.035752779726791, 46.15823687665396], [5.036264236432124, 46.158312888856564], [5.036906884898194, 46.15814450326836], [5.037299902326582, 46.15836377142603], [5.037718756200824, 46.15850050402031], [5.038308898138515, 46.15757988380289], [5.038378584946683, 46.157401775266266], [5.038090051467331, 46.15733034588769], [5.038130598724319, 46.15695578581529], [5.0382193918002525, 46.15694916570025], [5.038085887775984, 46.15662557494784], [5.040418555650666, 46.154958415729446], [5.041056334349572, 46.15438142191765], [5.041184501482718, 46.15409208826291], [5.040118588414357, 46.1533973998855], [5.040256079161877, 46.1528881851322], [5.040094015898087, 46.15281734294341], [5.040281506874284, 46.152794858121396], [5.040293220007271, 46.15275406468662], [5.0404352328739135, 46.15277587682229], [5.040468998748812, 46.15277236644496], [5.04066379392661, 46.15253635481715], [5.040773663275744, 46.15218893874182], [5.040957626567841, 46.151734428709105], [5.040498746459461, 46.15178771138098], [5.038915736164094, 46.15219105208487], [5.036158994305038, 46.15297438422139], [5.035080706943626, 46.153319703819115], [5.034351379137491, 46.15337131099551], [5.033563209883612, 46.153477439382776], [5.032887677688291, 46.15363488637538]]], [[[4.977768340038821, 46.16311860627962], [4.97677984467995, 46.16323890527693], [4.976830486305788, 46.16368332320879], [4.976457062032059, 46.163813565149795], [4.975291111675363, 46.1638812848146], [4.975103250593228, 46.16423224124566], [4.975772539497354, 46.16417611922671], [4.975840507828375, 46.16435726938053], [4.975969717905584, 46.16463691922597], [4.976066936280596, 46.16540702265346], [4.976171975388437, 46.16562061957537], [4.975322205062263, 46.16573046657379], [4.975596354717324, 46.166577460694114], [4.975898505758077, 46.167400392037315], [4.976029810706518, 46.168272320596934], [4.9760388208088395, 46.16906428394808], [4.975921062454861, 46.16967556545325], [4.978628236174877, 46.16884000001533], [4.978681031960756, 46.16882526272377], [4.9787465757388105, 46.16885703726261], [4.979283939856933, 46.1690695327133], [4.979494830149658, 46.1692266427004], [4.9816128231293435, 46.16950120570091], [4.982520773743197, 46.169521379410014], [4.983831431912394, 46.16942950212746], [4.985634737861532, 46.16924505469266], [4.986154040452546, 46.169199579623715], [4.985342575188405, 46.16866316096532], [4.98494653942067, 46.168327659541404], [4.984713946729001, 46.1677236668388], [4.984510074973564, 46.16716131194547], [4.984308940384817, 46.166636703407356], [4.984534627726932, 46.16644957450611], [4.984889375127573, 46.16593175926048], [4.98510356223738, 46.165539656423505], [4.9854028503473495, 46.16506723896522], [4.9856220473615025, 46.164778541972694], [4.985754530001271, 46.164489177126946], [4.985929839822227, 46.16387833447781], [4.9859159626477325, 46.1635923930795], [4.9860340533783365, 46.16302249991472], [4.986113548891112, 46.16285859912408], [4.986095743383842, 46.16249173767392], [4.986078984413926, 46.16214645198817], [4.985847731110329, 46.161604543968124], [4.985369515663757, 46.16139249566273], [4.985110443332446, 46.161459773435595], [4.984520566397765, 46.1613520607664], [4.983544385144838, 46.1610895483617], [4.982892539726882, 46.16092206040154], [4.981752815684914, 46.16092801801277], [4.980418069191346, 46.16110146292502], [4.980743083254393, 46.16119468562955], [4.980824863182921, 46.16166087891287], [4.980759585306174, 46.16273904591639], [4.977760147403426, 46.16307378814589], [4.977768340038821, 46.16311860627962]]], [[[5.019477871468692, 46.1672212452204], [5.018739770715503, 46.166950687353655], [5.018241680941615, 46.16665192282172], [5.017774295584117, 46.16630291980583], [5.017390576617252, 46.16619048458188], [5.017251048490681, 46.168280492787424], [5.016840191419068, 46.168338842167145], [5.017168972118111, 46.16941130731294], [5.016019460931098, 46.169222495086636], [5.016005337618199, 46.16893475929374], [5.014217032636026, 46.16909683785572], [5.01437697767236, 46.16954945885169], [5.013974185675355, 46.169775046311486], [5.013161690043611, 46.16871402089839], [5.012533416418726, 46.168584856247804], [5.012018069109898, 46.168644762464865], [5.011582561368567, 46.16889542050785], [5.012271923127737, 46.17027084102193], [5.013698298678574, 46.17189347930045], [5.013926883985758, 46.17186466637764], [5.014566373975269, 46.17199175864388], [5.015289487236283, 46.1726479934085], [5.015531265201742, 46.172642266611135], [5.016398575133808, 46.17274055021516], [5.0169390150834925, 46.17320665872065], [5.017855695525273, 46.173914106104625], [5.019051553492735, 46.17402078457997], [5.019128833760001, 46.17346802282895], [5.020104930571301, 46.17363571270894], [5.0214118849866, 46.17353267814939], [5.021754530283745, 46.173944047610306], [5.021782035799405, 46.17392899319276], [5.022023688899066, 46.17474245334185], [5.022571930716941, 46.17465741675113], [5.022267564430713, 46.17362309046635], [5.02233744976654, 46.173544914734244], [5.02259946587704, 46.17347117668813], [5.023455979856056, 46.17367858949551], [5.023423740218826, 46.173230142948334], [5.023322801021904, 46.171665264762154], [5.024934861036943, 46.17118045315923], [5.025638778198615, 46.17063979309113], [5.025690077391229, 46.170168658656806], [5.025748888296272, 46.16983417671274], [5.02575119157663, 46.169783710985584], [5.025819569539427, 46.1693463802624], [5.025783687233733, 46.16884671015069], [5.025553487653964, 46.16742983876202], [5.021051005685837, 46.166433138125015], [5.020677833838692, 46.16632856519794], [5.020735967413991, 46.166786298066725], [5.020703699928984, 46.166823073907764], [5.020613995961359, 46.167025046323644], [5.02058277321701, 46.16711220810774], [5.01951053600905, 46.167195268024976], [5.019513812164897, 46.16722760031495], [5.019477871468692, 46.1672212452204]]], [[[5.027081506680881, 46.17066399631214], [5.026359724723164, 46.17072617526249], [5.026252566489537, 46.17083674737918], [5.026682034857215, 46.17115331141641], [5.0268091725210535, 46.17230256991615], [5.026827208895309, 46.17266852987553], [5.026920004864176, 46.17272933551454], [5.027028662385993, 46.173140854681904], [5.027115468388514, 46.17376893874457], [5.02748933283672, 46.17420565516994], [5.028178754782995, 46.174884220511835], [5.028472445490418, 46.175237322461186], [5.02855671644723, 46.17546937136265], [5.028573691911147, 46.17548516931859], [5.028615051245144, 46.175632721398166], [5.028649251904638, 46.1757534415175], [5.028711762071995, 46.175969806127405], [5.029626254217745, 46.176216301740446], [5.030519410477201, 46.17682068760737], [5.0309019625325035, 46.177201368103376], [5.031717813371874, 46.177732867946844], [5.031785102576522, 46.17778347628544], [5.032584874470612, 46.17806779510869], [5.0340104630972915, 46.17824986300596], [5.034783940404675, 46.17782361422194], [5.035597730508771, 46.17753953485666], [5.03659449935141, 46.177420319588414], [5.036792026305947, 46.17741830673728], [5.0368015062271505, 46.17737937335522], [5.036889768398766, 46.17739526841934], [5.037112837151809, 46.17745115551294], [5.0374358668364, 46.17731921789172], [5.03791747162652, 46.176819792513335], [5.0382308291504305, 46.17649272890232], [5.038540401173773, 46.17608654013922], [5.038838047163382, 46.175897585367], [5.038240365665517, 46.175376228831254], [5.0373846332208085, 46.17494025198404], [5.037185530621229, 46.17448589006305], [5.03667396252479, 46.173475448394065], [5.036534709282732, 46.17346077144051], [5.036535327323635, 46.17343914728061], [5.036358951202423, 46.17314808931672], [5.036407151207317, 46.17297769755058], [5.036418424165827, 46.171845846554845], [5.0363870720640955, 46.171851097543005], [5.036413545415524, 46.1716659185718], [5.0362166850109, 46.171403250715485], [5.036135069474075, 46.171471817649014], [5.035768979046317, 46.17163359013482], [5.035148994176583, 46.17151155086044], [5.034653994607243, 46.17129380198364], [5.033703104522798, 46.17119315372349], [5.033165251721188, 46.1709629163489], [5.032460750654535, 46.17094730683172], [5.032004966140654, 46.17062328642113], [5.0311248606056305, 46.17062805042552], [5.030486133285823, 46.17104206434597], [5.029782464957446, 46.17104351754912], [5.028934902690271, 46.17080443338507], [5.028421078025824, 46.170616818497564], [5.027740027479701, 46.17061681787545], [5.027081506680881, 46.17066399631214]]], [[[4.985617806415038, 46.17551986359694], [4.985866790665712, 46.17642863751048], [4.985945953801795, 46.17687418546711], [4.986119693367658, 46.17684941209426], [4.986001475974564, 46.177401301376875], [4.985503857816185, 46.17739315106821], [4.9855636469865665, 46.17682282364133], [4.9842209072836265, 46.17687405919615], [4.9841416174850535, 46.177627583767894], [4.9836984857419235, 46.177527229494764], [4.983611258429531, 46.177898355959], [4.983842071558617, 46.17858250985813], [4.984114500939904, 46.1789065082565], [4.984290287766285, 46.179073433909444], [4.98460838120836, 46.17932074348784], [4.98546637561096, 46.179691345325104], [4.985526814263277, 46.17970163183727], [4.986592713856915, 46.180554371900996], [4.987101407344442, 46.18078730707828], [4.987120097692218, 46.18117215658408], [4.988282467364217, 46.18102339345081], [4.988395816786774, 46.1809397175101], [4.988203643791304, 46.18061744900707], [4.98813853749277, 46.180477640938584], [4.989106653671088, 46.179948133735515], [4.988981006312301, 46.17974673497947], [4.9887124899924045, 46.17967201006072], [4.988476738824207, 46.1793381612604], [4.988721923201225, 46.179215385843534], [4.988985462854435, 46.17892114021657], [4.990725661256512, 46.179564485440395], [4.9910389370337525, 46.17939509693042], [4.992095387248923, 46.178884195194044], [4.992826475753002, 46.17829719972699], [4.991143350015885, 46.17792891233179], [4.991207231910676, 46.17744130461441], [4.990731696138613, 46.177290423984005], [4.991016843867672, 46.17714240548221], [4.990625574560835, 46.17698954724218], [4.990538596081771, 46.176733226462765], [4.9905244215649045, 46.17662553623461], [4.991055575629459, 46.1761242620945], [4.990430859333113, 46.17591656739855], [4.990565443132326, 46.17567035782354], [4.990446163930596, 46.17563174604186], [4.989814805491045, 46.17575638126481], [4.9897666827412674, 46.17573410424633], [4.989807655799679, 46.1757079345075], [4.989703558126264, 46.175384506335305], [4.989225815193532, 46.17531829000038], [4.990110704257433, 46.174744809661696], [4.988820773815095, 46.174065702032735], [4.988419972484758, 46.17421732926778], [4.988069599879547, 46.17422554225258], [4.987413888112651, 46.173997857430926], [4.987108257896773, 46.1743083842845], [4.987243623230327, 46.174710302131096], [4.986753472766886, 46.17482350994044], [4.985267451776137, 46.1749411328016], [4.985607976150901, 46.17545077857412], [4.985569242592453, 46.1754696867371], [4.985617806415038, 46.17551986359694]]], [[[5.00676616581936, 46.18105405382312], [5.006719955582803, 46.18105514477105], [5.006962507896059, 46.181657960467376], [5.007036858757157, 46.181887560332136], [5.007064848464786, 46.18191120505206], [5.007081308295736, 46.18193377375857], [5.009776630542212, 46.184223717873415], [5.01255559941635, 46.18663000334783], [5.016879544815048, 46.18604783645295], [5.019320092270526, 46.1857964431096], [5.018381526173461, 46.18286778516632], [5.017180238788408, 46.18301598914723], [5.017061709679921, 46.182829749395175], [5.017077006192596, 46.182811384865815], [5.01693191210451, 46.18218197169788], [5.0161088702513075, 46.182296891316774], [5.0159565806578374, 46.18201422764502], [5.017157251798615, 46.18114678556263], [5.017767561812741, 46.18105490219994], [5.017005511974068, 46.17874860425441], [5.016611032088405, 46.17777492110215], [5.016150743421678, 46.17752206053284], [5.015561001234261, 46.17748832107052], [5.015196876320386, 46.1778084171812], [5.015305152058202, 46.1779021720077], [5.015174948444304, 46.17807179837093], [5.0148318854305405, 46.17812943013767], [5.014717752677048, 46.178161844325615], [5.0141913515986705, 46.177934845708776], [5.013796061432625, 46.17812964473123], [5.013769076041485, 46.17827432163351], [5.0127006710465425, 46.1783239081366], [5.0122391696541335, 46.177961237068196], [5.011403427419467, 46.17818084610185], [5.011082489911148, 46.17771402525157], [5.010130961124567, 46.177781529381114], [5.009983663469101, 46.177139554758035], [5.009670989563115, 46.17712174130527], [5.00900749299594, 46.17697087659266], [5.008691755834818, 46.17685860935099], [5.008475642737034, 46.1766953755437], [5.008110233232276, 46.176296211629705], [5.007793312091613, 46.17615966384264], [5.0073768171932835, 46.17612268150881], [5.006890362398934, 46.17606215456054], [5.006263120938349, 46.17595542655013], [5.005574274812179, 46.17599599440265], [5.0052393568231, 46.176219946847155], [5.005461379038824, 46.17719863618824], [5.005961583446913, 46.17896294615085], [5.006446096981935, 46.17969598787748], [5.006711727913121, 46.18088700045758], [5.00676616581936, 46.18105405382312]]], [[[5.064317774745549, 45.894670501290555], [5.064498681969052, 45.894922678185154], [5.064903358631502, 45.895298168296364], [5.06514269138276, 45.89539769537007], [5.065279033184993, 45.89546370842012], [5.0653175125201955, 45.89555820422011], [5.065728821444382, 45.89566256173241], [5.067950209614953, 45.89601379557162], [5.069721213943093, 45.895768270098785], [5.069960471235862, 45.89636561361749], [5.070404495006077, 45.89631882312626], [5.070690135011912, 45.89627587752058], [5.070676473433053, 45.89600163929848], [5.070832423661329, 45.895961842552644], [5.070380402190156, 45.89479983001973], [5.069830246960696, 45.89375091924513], [5.069391077686263, 45.89282804764406], [5.06859129231745, 45.892041757399014], [5.067871234226731, 45.891271531134144], [5.0674301991514925, 45.890843824647284], [5.067043954122022, 45.89044988873856], [5.066747515468179, 45.89080636452576], [5.065953341874934, 45.89170244119632], [5.065244597166892, 45.89274587049832], [5.064526700422756, 45.893605877519896], [5.064299674590899, 45.89430634892918], [5.064317774745549, 45.894670501290555]]], [[[5.092044638909292, 45.9086898682244], [5.092396864738915, 45.90885229443052], [5.092449155671624, 45.90885101495433], [5.092720793637102, 45.9089469924628], [5.0923139259836985, 45.90915770586512], [5.092303402220136, 45.909189470067965], [5.091593098935097, 45.909490421846286], [5.092382380303282, 45.9106981315715], [5.092474293228203, 45.910972254704745], [5.092620125731436, 45.91111541974781], [5.092911799721041, 45.911771755380734], [5.093851940564785, 45.911904483111144], [5.093889988708648, 45.911899501740905], [5.094116552806463, 45.91181158204587], [5.0969594610675735, 45.91134853881204], [5.096978192737883, 45.91133637464586], [5.098879820193167, 45.911034080322786], [5.097254533383898, 45.90716690932757], [5.095749312700551, 45.90664565233769], [5.091103429070335, 45.90512996155024], [5.091633071270275, 45.90587050107106], [5.091631325843681, 45.906334162576925], [5.091464006537174, 45.90789746196725], [5.091986108278644, 45.90802242573231], [5.091900793479471, 45.90826487424843], [5.0922472215822605, 45.90834282180709], [5.092044638909292, 45.9086898682244]]], [[[5.128164398093847, 45.91474471196609], [5.1284934006767395, 45.915000325077116], [5.128692891348531, 45.91511871619794], [5.128767278142246, 45.915107864689006], [5.128922736093746, 45.91516703141728], [5.129360176111233, 45.91508236054101], [5.129525438275755, 45.91501974570809], [5.129723675797696, 45.91516156910659], [5.129633139990093, 45.91547349993556], [5.129623533406466, 45.915695198699666], [5.129841824918811, 45.91583562856201], [5.130330788707753, 45.91592432434439], [5.130796777184964, 45.91598748187977], [5.131239653806552, 45.91597649304751], [5.131594166746918, 45.91548426450151], [5.1316788006230905, 45.91548216396139], [5.131926897338266, 45.914989866657656], [5.1315933070591955, 45.91464435271938], [5.13119321000805, 45.91465428246742], [5.131191695448477, 45.91424470701009], [5.131172283753531, 45.91424338765895], [5.131049689768378, 45.91389263038479], [5.13102119430925, 45.912527660246624], [5.130444645678437, 45.91237992065055], [5.1303789294238396, 45.910645872277435], [5.13083727772957, 45.91062549757094], [5.1308627189167, 45.910633867964776], [5.132631218741833, 45.91063317980744], [5.132855618798106, 45.909643636363626], [5.129571277508077, 45.90926872517195], [5.129545384468307, 45.90928196861821], [5.129509044021827, 45.9092648673957], [5.12573609737063, 45.90883894337321], [5.12578956419804, 45.90989091246555], [5.125967305758473, 45.91297435419188], [5.125881173492375, 45.91378671090204], [5.125717443853769, 45.91429040366496], [5.126587306797886, 45.9143876829905], [5.128032050201343, 45.914645361443846], [5.128164398093847, 45.91474471196609]]], [[[5.072099460538639, 45.91053905217962], [5.072486108013341, 45.91090415125385], [5.0722958493277535, 45.91113113159739], [5.072831373696154, 45.91178428821113], [5.071457519046716, 45.91281241380203], [5.069517767090783, 45.91393797170902], [5.067961935324366, 45.91332034915184], [5.067720826603779, 45.91317135478936], [5.067309179913051, 45.91296708290644], [5.0674275194769836, 45.913481840561474], [5.067376996428796, 45.91353437968378], [5.067621191760676, 45.9143440644995], [5.067929932842369, 45.91542945168995], [5.0680965820056425, 45.916235615920215], [5.068458284163246, 45.91670036327107], [5.068824291047641, 45.917251426808676], [5.069457573678541, 45.91849187704865], [5.069640459890618, 45.918781818855585], [5.06966097022518, 45.91919362120886], [5.07023368394805, 45.91965234572897], [5.070722158155141, 45.91969900594318], [5.071620521049974, 45.919900452132815], [5.072505724524191, 45.91981953553483], [5.073372050801071, 45.91981289694643], [5.07391974284999, 45.91975637673661], [5.074555283845526, 45.91937183368036], [5.075246370370023, 45.91879508940391], [5.076232195037524, 45.91942288176685], [5.076240181958718, 45.91940468504108], [5.076250424549589, 45.919434142386216], [5.07718593637469, 45.91994251831837], [5.0774568745525945, 45.91986120807869], [5.077574534091857, 45.9205227127138], [5.078077082204508, 45.920850770567995], [5.079015504571138, 45.92141668069606], [5.079197454738671, 45.9212349015573], [5.079235287286863, 45.92074785646149], [5.079143178529209, 45.91974634103907], [5.079087041010463, 45.9190257270902], [5.079340221291845, 45.918589251499235], [5.080351928219318, 45.91725207051215], [5.081150935647078, 45.91591826776191], [5.082130909587184, 45.91394628222905], [5.0821551200823905, 45.913922284403775], [5.083002915911576, 45.91233341178434], [5.081774096959681, 45.91221213529315], [5.08182850072993, 45.9116238543928], [5.079515136752375, 45.91030106695802], [5.079280962127484, 45.910306770384864], [5.07873414144435, 45.910107630749074], [5.077849747352216, 45.90952240649851], [5.078191311077723, 45.90932504667434], [5.077110971964241, 45.908497920903024], [5.076976530098802, 45.90816090545475], [5.076764834915577, 45.90795540251517], [5.076559668687857, 45.907867674091506], [5.071687038601815, 45.90899167527678], [5.071676051307583, 45.90944925529911], [5.071126043401847, 45.91018729268946], [5.0712788585097535, 45.91022859307154], [5.071267337616245, 45.91024057684571], [5.0717213964665016, 45.91035918375624], [5.072099460538639, 45.91053905217962]]], [[[5.193138999113468, 45.92305421899445], [5.193183082139398, 45.923042302350815], [5.1929871335247935, 45.923033763233605], [5.192294666289691, 45.92305132388144], [5.191509291694683, 45.92317476754273], [5.191065667674777, 45.923202220745765], [5.190397454952373, 45.92323715821234], [5.190216777697592, 45.92321832660189], [5.18927784329125, 45.92420180728052], [5.1876812163328125, 45.92456993270925], [5.187468967787376, 45.925001131736146], [5.187477588020856, 45.92502792355071], [5.187419607159166, 45.925059099418704], [5.187237551888738, 45.925450824593746], [5.187967376463201, 45.9258734812178], [5.188199138213256, 45.925894624524545], [5.188235600830641, 45.925913510213974], [5.1883357010010736, 45.92593077939173], [5.189479053338487, 45.926024261680965], [5.189546164676743, 45.926292641693394], [5.189646231609484, 45.92646295886443], [5.189666521856824, 45.92676133570168], [5.189789830900933, 45.927224554629156], [5.192108503921801, 45.927080263310934], [5.193040189822097, 45.926918900203844], [5.193367743422471, 45.92703032762011], [5.193787187489872, 45.926986379151245], [5.1950764711452, 45.926089402258505], [5.195178777577971, 45.92518833111545], [5.195155441143507, 45.92474058322641], [5.195533591453931, 45.923936944597756], [5.1958688328365, 45.92325323218909], [5.196030194516057, 45.92300785842462], [5.195162688751222, 45.92297856357361], [5.194322239344432, 45.92301790228069], [5.193408314035617, 45.92304108944006], [5.193183165682727, 45.92304229922637], [5.193183122563567, 45.92304229922637], [5.19316614799798, 45.92306523517], [5.193138999113468, 45.92305421899445]]], [[[5.138264650008282, 45.92495300004249], [5.137923085384444, 45.92570150260964], [5.1375385624253775, 45.92669774428764], [5.1373822825154, 45.92685827636717], [5.137584301944688, 45.927166539846745], [5.137909749894033, 45.92809290895667], [5.138364124951268, 45.928479518483016], [5.1393200509911745, 45.929120120693135], [5.1393573184990595, 45.92915520438974], [5.139334777971957, 45.92917107046091], [5.139486253691791, 45.92927983287234], [5.139547352605841, 45.92933952683152], [5.140197970026796, 45.929226107754225], [5.141787405971369, 45.92915052385725], [5.143643650538489, 45.92900975529913], [5.144552949523586, 45.928818739266134], [5.145028753891915, 45.92859711918001], [5.145856342118794, 45.92787878086849], [5.1466155164502245, 45.926898370261604], [5.147727775400737, 45.926180121799796], [5.14734705590858, 45.92559545382613], [5.147600915316302, 45.92557741346542], [5.147143104203103, 45.92473179442237], [5.147679500835684, 45.92460857855462], [5.148594249001274, 45.92442999985577], [5.14923611413641, 45.92452470317627], [5.149950122972008, 45.92478594693043], [5.150295402129544, 45.925008688883764], [5.151919924472515, 45.92438022424659], [5.151893072032045, 45.92385694683696], [5.151813877454897, 45.92386972813996], [5.1516383807843775, 45.923843503782486], [5.151018565696196, 45.92357991665111], [5.150570597423593, 45.923223802491925], [5.150421301914949, 45.922795409789835], [5.149587971656789, 45.922691996876004], [5.149180282943173, 45.922524825724075], [5.148454813401205, 45.922353889061924], [5.148365243282548, 45.922446150707245], [5.147877327827552, 45.922867947251525], [5.14738142634966, 45.92283711321787], [5.1449953796824826, 45.922575245389936], [5.14291443681842, 45.92173856608426], [5.141754984874459, 45.92120029278246], [5.141597837191918, 45.92123481219515], [5.141028193012363, 45.92182516400448], [5.140992709558646, 45.921822447549694], [5.140735577588332, 45.9222177593777], [5.140201682763868, 45.92242010189769], [5.138989974921517, 45.924252567854346], [5.138264650008282, 45.92495300004249]]], [[[5.137148773542124, 45.93368619819513], [5.136345484743698, 45.93526360495731], [5.136337276836952, 45.93527730639049], [5.135995404090978, 45.93587727477934], [5.135788710727258, 45.936094864924755], [5.135486344989132, 45.93612668430464], [5.1369928071442015, 45.94097761919325], [5.137020895666478, 45.94097422276687], [5.138847547033216, 45.94700191557624], [5.139930620618429, 45.946384409365535], [5.140844394111968, 45.94564146283543], [5.1413087126210755, 45.945227490053504], [5.1414563857723286, 45.94529133256476], [5.141585415288155, 45.94524310791731], [5.143302916856268, 45.94372211546476], [5.147405802134899, 45.93942642767571], [5.148081023513157, 45.93873618989977], [5.1479961470918685, 45.93865368401613], [5.148095905902471, 45.93855576192344], [5.148553761033128, 45.93793756064907], [5.147731850158872, 45.93782483635428], [5.1469834106950545, 45.937539224092355], [5.146449671279121, 45.93721314348963], [5.14508061453158, 45.935975220969176], [5.14510834821937, 45.935443381410956], [5.1445069593743185, 45.93483359214998], [5.143491298062923, 45.93411799798024], [5.142916583791949, 45.933524642507976], [5.1425210474875, 45.93323291404428], [5.140670332949278, 45.93187460008828], [5.139141648270712, 45.931989163986046], [5.1387654167617205, 45.9320570422528], [5.138573542006921, 45.93205911779876], [5.138145291754808, 45.93216699547192], [5.137983612969974, 45.93220702742392], [5.137131599550515, 45.93365061379985], [5.137148773542124, 45.93368619819513]]], [[[5.149800171693216, 45.94271112195557], [5.149532073988234, 45.942893362933404], [5.149461098097631, 45.942893334823424], [5.149200119541279, 45.943133920656535], [5.148429790828955, 45.94343222655003], [5.149000140185999, 45.944833197969395], [5.1490250127396, 45.94483257707309], [5.149035515841897, 45.94486382301305], [5.149373026368866, 45.945247011914084], [5.150003814378226, 45.94471360909801], [5.150413823440212, 45.94495544381305], [5.150592201007856, 45.94503651738528], [5.1505039900402085, 45.945925474280834], [5.150444334718827, 45.94600528530459], [5.150458087925823, 45.9467611566439], [5.152472506949865, 45.947560675671255], [5.152555798743008, 45.94758920425593], [5.152770208635028, 45.94739929095118], [5.15275607454233, 45.94737533757732], [5.152926306186994, 45.947264849234934], [5.153772980020372, 45.94627140304681], [5.153724379366873, 45.9461870969524], [5.153847968685343, 45.94603546371454], [5.154130378349416, 45.945722312409956], [5.154382956759543, 45.94555214807619], [5.155013041388043, 45.94543015340333], [5.154715184294315, 45.94522154223416], [5.154677233168506, 45.94520628852937], [5.154695640546997, 45.945187819173114], [5.154792740344391, 45.94506836099217], [5.154864647787917, 45.94499093912584], [5.1549029905791945, 45.94493596495018], [5.154946884060604, 45.944896152691754], [5.154983235286916, 45.94485023013814], [5.155146431326247, 45.94460308171937], [5.155155485445992, 45.9445758446172], [5.155505110652884, 45.944333033167915], [5.1554858372984915, 45.943958107119364], [5.155274541865541, 45.94381665029604], [5.155251652792098, 45.94374790315903], [5.153941192252262, 45.942763385406785], [5.152749197040518, 45.94195414905987], [5.15199737721629, 45.941551616015275], [5.151719952303745, 45.941740401193705], [5.151640548419141, 45.94181260653983], [5.151586870487646, 45.94182024697785], [5.151008824365271, 45.94220109315067], [5.1502181874392985, 45.942840225071514], [5.149800171693216, 45.94271112195557]]], [[[5.051065835759066, 45.997771945190735], [5.050154924298045, 45.99831959895465], [5.049346161166274, 45.99887739473058], [5.049322139317257, 45.99886446784629], [5.048616431813202, 45.998845431030155], [5.048315686635874, 46.00048657010753], [5.048380664475324, 46.00086760777157], [5.048861146371339, 46.00085605417994], [5.049016110249401, 46.00075600116098], [5.049033649855329, 46.00075017848879], [5.049638184600516, 46.00038995039063], [5.050138483331701, 46.00085683419565], [5.050195993476179, 46.000859953010355], [5.050791068961431, 46.001367764590874], [5.051303184131869, 46.00166601345562], [5.051663766090258, 46.00138276259239], [5.0519726329361125, 46.00116377576613], [5.052442124842936, 46.0009436174274], [5.052745869495007, 46.00094710378006], [5.053095244071943, 46.00082886469725], [5.05330164817813, 46.00066185051704], [5.053383597888242, 46.00052214029852], [5.053517634613456, 46.00035957257017], [5.05370397035622, 46.000178638828174], [5.053927650861986, 46.00000040588682], [5.054144630834002, 45.99973411187296], [5.054379822351807, 45.99943136832444], [5.0543871490112675, 45.99921963999252], [5.0545908932059165, 45.99903018259864], [5.054907087609493, 45.99895954761511], [5.0550996010664635, 45.99886938274601], [5.0549703478701264, 45.998086603327764], [5.054931629583063, 45.997811165305286], [5.0537709370657105, 45.997652788835595], [5.053663087129318, 45.99712155172186], [5.053538744124349, 45.9970885360984], [5.052529350358702, 45.997540463075204], [5.052075498120978, 45.99766661712906], [5.051831475265606, 45.99766349189386], [5.051419698319166, 45.99759598414918], [5.051285926596929, 45.99758389880826], [5.051079525185667, 45.99775361317246], [5.051065835759066, 45.997771945190735]]], [[[5.048682712209811, 46.03235295670532], [5.048649211337922, 46.033633886451334], [5.048616140759043, 46.033699494881574], [5.048701544491428, 46.03397021349207], [5.048727886688814, 46.034128918787474], [5.048888986958616, 46.03488393810068], [5.048812380427806, 46.034937093066254], [5.04962767431171, 46.03645688000927], [5.049610004450069, 46.03649151534987], [5.049832476721739, 46.03692997979758], [5.050534431962851, 46.03825623891258], [5.050942741412329, 46.03928798554514], [5.051218777529462, 46.03947939215993], [5.05138054345088, 46.03951421392612], [5.052297425115276, 46.03931840621403], [5.053286172900733, 46.039119963178884], [5.052743275160457, 46.038599194610825], [5.053927706557506, 46.038062051825456], [5.054744064945003, 46.037646291573104], [5.055178333011239, 46.03741077325653], [5.055875565808909, 46.036939358201366], [5.055891899875699, 46.03692726087713], [5.055924783604982, 46.036904859711186], [5.055953024840898, 46.036887976826584], [5.056454720452336, 46.03657880953235], [5.056491918789945, 46.03661212212142], [5.056913551153374, 46.03698635496208], [5.057275342244191, 46.03732422434447], [5.059099690330505, 46.036399795881884], [5.058696639618736, 46.035442672904004], [5.058902389751403, 46.03532247766619], [5.057337725749091, 46.03207618066736], [5.056525743953651, 46.03182838612564], [5.056470436478256, 46.03182071943378], [5.056415908740507, 46.03179772745947], [5.055949374985891, 46.03167393260801], [5.055288429634139, 46.03175287855069], [5.054313038000328, 46.03137127530576], [5.054239304281802, 46.031359544103324], [5.051802359968948, 46.03040905896327], [5.0514060969274475, 46.032307273169344], [5.051273681661294, 46.032684052852105], [5.050812950125131, 46.03258080878771], [5.050267716765101, 46.03243368034597], [5.049765697760142, 46.03234492961227], [5.04895747631252, 46.03237065796615], [5.048682712209811, 46.03235295670532]]], [[[5.118084298984461, 45.918168403589085], [5.116933275034502, 45.918171617053616], [5.1161054218046464, 45.918076826644985], [5.115542440429562, 45.918024098089845], [5.114898217216813, 45.917670896784166], [5.114493256686747, 45.91747563015312], [5.11302984359675, 45.91716512235356], [5.112731274139024, 45.91712747187809], [5.11183927580796, 45.917056736161875], [5.111637646247512, 45.916992387424045], [5.1115853032125385, 45.917038688649846], [5.111016062376546, 45.917581152000636], [5.111002817616008, 45.91762019143363], [5.110970833998617, 45.917625477891235], [5.108251383003637, 45.92022032157222], [5.108179037182227, 45.92022570152027], [5.105722926414468, 45.92253041603844], [5.105688409547995, 45.92255196992566], [5.103502709647045, 45.92462852508926], [5.103368543564415, 45.92459761517485], [5.102910317429558, 45.9247916170003], [5.102363503034637, 45.9250121031595], [5.101974210919745, 45.92515849753178], [5.101644898418054, 45.925166581419774], [5.101526294749407, 45.92542156227589], [5.1013917935951945, 45.92600101390768], [5.101471937691574, 45.92629612712335], [5.10148127208568, 45.926481351353004], [5.101491692542978, 45.926688146614794], [5.101566939922745, 45.92686815144247], [5.101665420430712, 45.92717361557025], [5.101600764188156, 45.927267923680745], [5.10165466490183, 45.92728010497453], [5.1019118714323035, 45.92782473822649], [5.101294583305024, 45.92786329495234], [5.097603841485482, 45.92817617910154], [5.096937319392449, 45.92973641960967], [5.0967224917838125, 45.930099982811086], [5.096366769711086, 45.93020952128809], [5.096300983387881, 45.93018412342609], [5.095588420839909, 45.9299783202771], [5.0949961795394, 45.92963542704812], [5.094742300368742, 45.92955612355312], [5.092162134955184, 45.92957245374798], [5.09170386300624, 45.92935860441701], [5.091704683168123, 45.92934417610715], [5.0906807564578, 45.92887948779947], [5.090709823245449, 45.92945852592084], [5.090659010041398, 45.92947417571858], [5.090640803885558, 45.930203813033884], [5.088438356692753, 45.93040526981593], [5.08838151219989, 45.9305398936228], [5.088438432151243, 45.93212741583692], [5.088747638560232, 45.93274372632232], [5.088939254600235, 45.9331711581427], [5.088837713532091, 45.93412248754025], [5.088787954051869, 45.934851094708634], [5.087950362186012, 45.934889284816386], [5.087921910744343, 45.934891235929825], [5.087399141554628, 45.934943527994015], [5.086638068184699, 45.93494680358728], [5.086602940463801, 45.93495126121769], [5.086564102700823, 45.9349486085059], [5.086462871551444, 45.9349573831961], [5.085774601245382, 45.93517493196878], [5.0838160008381506, 45.93562781040395], [5.082100596836226, 45.93606032789476], [5.081748679128709, 45.93602029122721], [5.081749783158208, 45.93586452435651], [5.081757915606464, 45.93584902130286], [5.08157482368022, 45.93499556198507], [5.081522698037543, 45.934985127951414], [5.07992294045032, 45.93524554899843], [5.079966937237995, 45.936481399307965], [5.079855202088023, 45.93652012431801], [5.077673060413909, 45.93663265447312], [5.077511867617639, 45.9364898370218], [5.075978694057611, 45.937017753221554], [5.072058740805142, 45.93820047170423], [5.07479603862989, 45.939675177169825], [5.077859581209609, 45.94134893286446], [5.078495315342922, 45.94190331223303], [5.078490043130523, 45.94200696918625], [5.078298621126627, 45.9420341313401], [5.078340307447401, 45.94206012034033], [5.076635985062804, 45.94260571099841], [5.075195495182205, 45.94270104730861], [5.074830482732831, 45.943306770336335], [5.074437372777975, 45.94333162747882], [5.07363897979783, 45.94315297038442], [5.073252223627011, 45.942870694424954], [5.072853029382715, 45.942757956421765], [5.072689727342161, 45.94300768418623], [5.071916774650882, 45.94288871291963], [5.071601530664867, 45.94271272048107], [5.071115938253198, 45.942663292352826], [5.07123022911018, 45.94204386003805], [5.070524403028508, 45.94207269255539], [5.070488367110877, 45.94207716647921], [5.070458377753442, 45.942076094536596], [5.06940890834635, 45.94213575660725], [5.069408033387244, 45.94223210444724], [5.0693769714413754, 45.94295033931303], [5.069206860170955, 45.94348830161721], [5.069114201644345, 45.94381193102297], [5.069223568835234, 45.944712207393565], [5.069105899414503, 45.944989631749365], [5.068356957792442, 45.94577298770261], [5.067916768031872, 45.94619776061542], [5.067825720184557, 45.947010174921765], [5.0680540404887315, 45.94850082453262], [5.068462995826889, 45.94968461158072], [5.068757680969331, 45.950320232016445], [5.066524528461805, 45.951607669174514], [5.066529243718737, 45.951621955536254], [5.064238387030626, 45.95285402702327], [5.063846830262918, 45.95301024143426], [5.063240668668754, 45.95334358818201], [5.0631292676920685, 45.953470515597054], [5.063106621163742, 45.95346926275617], [5.061795734822447, 45.95402039884197], [5.061279549385461, 45.954201224909], [5.05995863335404, 45.95409632106775], [5.059157057642879, 45.954068870041084], [5.05848664404802, 45.95378979424082], [5.057975640991889, 45.953731915294334], [5.056980377725685, 45.95165481527851], [5.055259955734574, 45.94858155313626], [5.053858611739125, 45.94854333810577], [5.05290548484964, 45.94923248004578], [5.049957522209305, 45.94618603196015], [5.050146515168649, 45.94584839653489], [5.051600936122669, 45.944958148516115], [5.0525776051608196, 45.94469605405886], [5.052163344372604, 45.94412989669361], [5.052608880007433, 45.94392560948626], [5.053259641158825, 45.94351652246688], [5.053336837882761, 45.9434624488376], [5.054622205781776, 45.94398058966106], [5.056096996034847, 45.94346968676754], [5.057096808369652, 45.94299363610017], [5.057940431524354, 45.94211625426535], [5.059084377648182, 45.9404475049155], [5.057632791777202, 45.93991272531063], [5.05764770381092, 45.93988805966752], [5.057687579128046, 45.93984658895294], [5.057591482748842, 45.939829101714395], [5.057026780201687, 45.93953126057947], [5.0557706497702375, 45.93852902786956], [5.055598796666478, 45.93844584948318], [5.055740426850824, 45.938325407213426], [5.055078786203018, 45.93822163904917], [5.054584288791956, 45.93805622830565], [5.054472377572152, 45.93791219069018], [5.0541984129700595, 45.93793230361472], [5.053474675379961, 45.937861536949384], [5.053242756424749, 45.93661221683886], [5.053245145045064, 45.93638440111701], [5.05293382939179, 45.93643421530881], [5.052586008900299, 45.936541629662706], [5.052270153161561, 45.93643221177155], [5.052191401453882, 45.93642330924327], [5.052132162052457, 45.93639952855274], [5.051602371630497, 45.936284464602146], [5.0515426147994775, 45.936461450788165], [5.050693399632177, 45.93637838487707], [5.049600959313461, 45.93617243415855], [5.049580079771326, 45.93617293707562], [5.049511018190571, 45.936180006652236], [5.047723156077833, 45.93580173743102], [5.047728822650657, 45.93559004563358], [5.04773270606761, 45.93557195042188], [5.047751589553195, 45.934648766917554], [5.046943890026753, 45.93373917551778], [5.046869643370186, 45.934359415339436], [5.046169980629699, 45.93434653149332], [5.044476644641039, 45.93444666267753], [5.0444567379743255, 45.93443543634336], [5.040739057476059, 45.93446171567057], [5.040676854532509, 45.933607999463455], [5.040699070767827, 45.93358496104297], [5.040492814883627, 45.93246013405594], [5.039671284895039, 45.93296866802813], [5.036803647810798, 45.934439073703366], [5.03536603164078, 45.93445821450994], [5.027303445353308, 45.93444580613001], [5.025309533070573, 45.934286357482094], [5.025312868515229, 45.934272780131955], [5.024717384296532, 45.934329296173715], [5.024212953315033, 45.93224653327733], [5.0241158427378725, 45.93182845119625], [5.024064627088589, 45.93178646275002], [5.023814775963683, 45.93187164233178], [5.023583573864054, 45.93146305618017], [5.023156394403747, 45.930529819888314], [5.024446385931522, 45.93009845952401], [5.025151873348321, 45.9298025555295], [5.024989905305955, 45.92952465467424], [5.0250585698313275, 45.92919894182547], [5.02644617858609, 45.9281782804108], [5.027385726541749, 45.92747618313378], [5.026514200816036, 45.92696587172836], [5.026141285887096, 45.92667950433385], [5.025965607756863, 45.92612196533275], [5.029769891238407, 45.92647398373583], [5.030894056459681, 45.92664335245405], [5.033172156172446, 45.926849905296244], [5.040427837044176, 45.926853329456186], [5.041828041975873, 45.927044772777805], [5.041856253567352, 45.927012583902496], [5.041875356241863, 45.92703913355566], [5.0433659038433545, 45.92718157107174], [5.043398410280222, 45.927202397709486], [5.053125955674877, 45.92824475559722], [5.053097061363737, 45.928526325605986], [5.0519625816863885, 45.92857252723178], [5.051902197831295, 45.92857572947172], [5.051880243005767, 45.928588065435406], [5.05163745982549, 45.928592537323105], [5.051571748062445, 45.92859519596232], [5.0511804805522695, 45.92860424158301], [5.050696921926396, 45.928625586917654], [5.048874553726951, 45.92868747846928], [5.048858548443532, 45.92872387457335], [5.048755947363348, 45.92878575726779], [5.048362345131716, 45.92902569264167], [5.04720741620524, 45.92919932109137], [5.047130574315824, 45.9302058149217], [5.045674275882871, 45.930285854761266], [5.0456677047065694, 45.93015278173985], [5.04365920019035, 45.930184860700905], [5.043540925305108, 45.93033713710543], [5.044095156190999, 45.93088375470064], [5.043938284291235, 45.931153091510126], [5.044094674694022, 45.93128166234516], [5.0441915588957125, 45.93154580456114], [5.044350600226867, 45.93177783688317], [5.0449233202379515, 45.93220697744101], [5.046934294222858, 45.93354495570115], [5.047176591414572, 45.93371736982172], [5.047893923118401, 45.93452651146798], [5.0516102175161794, 45.935676627553946], [5.054118182635425, 45.935841218232916], [5.054196933444806, 45.93581861368896], [5.05500306630941, 45.93583157528629], [5.05496703847662, 45.9355263687548], [5.054937633922428, 45.93493292901509], [5.055089096167539, 45.934588988707105], [5.056489396320628, 45.93381700857504], [5.058189071720273, 45.93309899090061], [5.061334522687604, 45.9321227349305], [5.061877230883359, 45.93194486768973], [5.062906879861992, 45.9334998528175], [5.0638562158609925, 45.933035765999136], [5.064085130849912, 45.93296901103113], [5.064101223269915, 45.933292700588964], [5.063975825642754, 45.93375485409655], [5.064194887909642, 45.93473799428291], [5.0643803864225445, 45.9350953983631], [5.064437353086279, 45.935366789517076], [5.064464491191027, 45.93591256973857], [5.065719121435957, 45.935601311093215], [5.0681212039292864, 45.934983156849114], [5.068669826632864, 45.93484112484207], [5.0690551697537485, 45.93474445427883], [5.06985370736266, 45.93453783899489], [5.069895115205667, 45.934511625303585], [5.070863690423103, 45.93440080331607], [5.071327609181901, 45.93438954323546], [5.071821044784328, 45.934095792583484], [5.072405689930814, 45.93393395631967], [5.072931839480905, 45.93386176507943], [5.0733671451012885, 45.93411765935768], [5.073385536310099, 45.93448630938099], [5.073290303211873, 45.93471097599767], [5.07310676302631, 45.93486217226666], [5.073138822102156, 45.93505224597393], [5.074245575278292, 45.935189200699405], [5.075883555282514, 45.93537084352476], [5.075897337235583, 45.93538851022324], [5.075943596879481, 45.93536398376123], [5.075967379776602, 45.93533909243375], [5.075991304607565, 45.93539702682191], [5.077361485147507, 45.9353186918078], [5.0772873579668865, 45.9334165088197], [5.078112300655246, 45.93338293289703], [5.078107331175071, 45.93288072236124], [5.077489310920856, 45.932776933387004], [5.077661264635923, 45.931991350122125], [5.075666227662455, 45.9318760289833], [5.0748155913603465, 45.93177967564371], [5.074389906696676, 45.931716201195805], [5.074360854282048, 45.93173131490998], [5.071271185998911, 45.931541689668826], [5.071676705281103, 45.92992222967213], [5.073289117435705, 45.930016306303095], [5.0736750759026, 45.93012396051884], [5.0758931421032045, 45.93005654412053], [5.07997776732707, 45.92984282099378], [5.080043067661711, 45.92981872757403], [5.081609430378202, 45.92972565218533], [5.0839629562354895, 45.929400914608095], [5.088444711375087, 45.928908921994186], [5.0899275199903835, 45.92645105794939], [5.090357475244921, 45.92573116468982], [5.090256139891013, 45.925511281880766], [5.090240125624423, 45.92549817540286], [5.0900760555243165, 45.92475048867247], [5.090016399304606, 45.92441255399629], [5.090538777727148, 45.9242827574794], [5.090392982054862, 45.9239172233961], [5.0910987066268945, 45.923631698227865], [5.091301814814331, 45.924321713462966], [5.091166979486798, 45.92457527786753], [5.091558073622167, 45.92459271680227], [5.091568599182358, 45.92457896086503], [5.092396924926054, 45.92464872156532], [5.092733188591419, 45.92416786772502], [5.092995190328865, 45.92391118955683], [5.092564707763231, 45.92333297211753], [5.094979517587503, 45.92343320567048], [5.095001931452149, 45.92339664549943], [5.094383042527074, 45.92141597829953], [5.09448620595261, 45.9213180232699], [5.0949047526030435, 45.92071182319962], [5.094900006803411, 45.920617412705546], [5.095509504740528, 45.920327912310306], [5.095950491306756, 45.92101749245277], [5.096601717785444, 45.92045239752163], [5.097035850206085, 45.920733432161036], [5.098118879773842, 45.92040350760392], [5.099009277307077, 45.92018812311279], [5.098434005182273, 45.919762914718554], [5.099459837219273, 45.91954510239126], [5.100093660635992, 45.91924508128974], [5.100109497036123, 45.91917537503819], [5.1000891861275495, 45.91905883987846], [5.099887376904016, 45.91846063249634], [5.099835589027914, 45.91841058718107], [5.09981694359586, 45.918360632437306], [5.099279354000599, 45.91765633044501], [5.099215126254426, 45.91764620187496], [5.097237786990374, 45.91825823241509], [5.096550788698735, 45.91679597785348], [5.096107899500721, 45.91682213492173], [5.095740739179487, 45.916669091461635], [5.095528522973412, 45.916537449437286], [5.094888210127094, 45.916677365324915], [5.094818714660073, 45.91670607666463], [5.092838308547632, 45.9171596602395], [5.092698557638881, 45.91715587988134], [5.090129496300544, 45.91771834485121], [5.090086396929869, 45.91774370467431], [5.088485433803542, 45.91807990950123], [5.086703263416415, 45.91847092715204], [5.087462020929593, 45.91945525877545], [5.087581999020632, 45.91961257156023], [5.088637985705098, 45.92097763989875], [5.087030466673821, 45.92136529136913], [5.087027699862761, 45.92134105303778], [5.08693706434218, 45.92136757228513], [5.086908793461859, 45.921364661461354], [5.086844147100738, 45.921395049504035], [5.084838147087559, 45.92197064380689], [5.085083156293111, 45.92261283280389], [5.085125169600627, 45.92264692141061], [5.085542790087987, 45.923355112461], [5.0833583675913765, 45.92429783322705], [5.083242896348142, 45.92432585763515], [5.081400927807494, 45.92513774885977], [5.081515732500815, 45.92561207449754], [5.081473245781128, 45.92564732037715], [5.081275180735729, 45.925847495253535], [5.081356347114906, 45.92593824393389], [5.0803623504732425, 45.92636036072101], [5.077320247086084, 45.92516509236481], [5.077202598326586, 45.92535880164423], [5.075624802751436, 45.92510280384197], [5.074370244371741, 45.92581297308715], [5.073964027996867, 45.925732822441574], [5.072465581509099, 45.925386624310356], [5.070810387089098, 45.924850667175306], [5.069996379592705, 45.92464807044916], [5.069691281179509, 45.92446372429438], [5.069588390841791, 45.92411242924048], [5.069380535956425, 45.92332167229668], [5.069343131904614, 45.923153336375584], [5.068675166218912, 45.92316053258947], [5.067596892332223, 45.923170478935376], [5.067502871959646, 45.92274064919251], [5.068806720000682, 45.92241915580421], [5.068738038407331, 45.921462082737754], [5.0686615980648515, 45.92078426089945], [5.068349147839377, 45.92043625336743], [5.06843828047848, 45.91968240099822], [5.068383068224477, 45.91943347558566], [5.068850274817252, 45.91905305360982], [5.068908006845613, 45.91893282107252], [5.067874193277302, 45.918974096823455], [5.067846361673163, 45.91886854762792], [5.066650075209285, 45.919032582625135], [5.065882280644373, 45.91764863418183], [5.066506882854687, 45.917012342321556], [5.066783307044032, 45.91662124814639], [5.067082888004756, 45.91626019521345], [5.067556689130024, 45.91601285061853], [5.0678890289542, 45.91588776110019], [5.0661936169589135, 45.91536621852237], [5.065603842432169, 45.915014117138206], [5.064887387484073, 45.91462997558101], [5.0644074796115035, 45.91434722881154], [5.0640727673366595, 45.914001544624426], [5.063844920444622, 45.91366767819446], [5.063643166916641, 45.91343580449201], [5.062978628303733, 45.91368865240433], [5.062273624180572, 45.91395507649162], [5.0616662067416325, 45.91405979692074], [5.060733417710168, 45.91402204683973], [5.060394475268658, 45.914016739414144], [5.0599441668847165, 45.913908803317604], [5.05953053491717, 45.91408264157904], [5.059103599798607, 45.914445854883226], [5.059001097533136, 45.91449334258208], [5.055855683396718, 45.91631215736223], [5.055764621176349, 45.917907751746114], [5.056300830061038, 45.91805684713244], [5.056370010219377, 45.91805517602746], [5.056386652408338, 45.918115085172815], [5.056127611518058, 45.91840041125314], [5.055739739639611, 45.91869154529593], [5.055334618311099, 45.919040706776606], [5.055935951460597, 45.91921793859494], [5.056522768733432, 45.91925058131939], [5.05650193410705, 45.9193663142899], [5.056732581946137, 45.92005121383462], [5.057082602411753, 45.92041185465084], [5.058310785356403, 45.920208437440735], [5.057952802224116, 45.91981738953918], [5.057732281093243, 45.91963096944465], [5.058152973818875, 45.91956229043594], [5.058969573853191, 45.91983783086279], [5.059538608076652, 45.92020847556093], [5.059554669055624, 45.920532164597645], [5.060571211614271, 45.92140781262699], [5.060585182213565, 45.921689244240795], [5.060743537231837, 45.92176103451375], [5.0610336867804016, 45.92192326061648], [5.061226797617041, 45.92201311023437], [5.061244412681458, 45.92202618879017], [5.06133846269844, 45.92207072422093], [5.061301868028714, 45.922113019349226], [5.061487275811777, 45.922389408216915], [5.061487314439318, 45.922452420291734], [5.06140937211369, 45.922524525774264], [5.061327660457143, 45.923102644783505], [5.060090169169501, 45.92324960221901], [5.059718554102794, 45.92383472858366], [5.057399124700438, 45.92313819032933], [5.057387591230503, 45.923051144538135], [5.057269080088325, 45.92306751164186], [5.056616944514573, 45.922727670163155], [5.055694463650969, 45.922869670077596], [5.054004235833198, 45.922910457359514], [5.0538404343293575, 45.922176227956314], [5.053958907742292, 45.92199512557476], [5.053907200714529, 45.92140672716172], [5.054512587062598, 45.92124358530554], [5.05446556744399, 45.92097645443902], [5.054495338510829, 45.92096043229533], [5.054825275341638, 45.92075172156346], [5.054949652482629, 45.9206118865649], [5.054734833857163, 45.920147153851936], [5.0544128992188995, 45.91965259507515], [5.054162744463408, 45.91928954333616], [5.054121910643846, 45.91890523264546], [5.054183677006139, 45.91800351923481], [5.054214650018829, 45.91776691528616], [5.053222053850708, 45.917207513714764], [5.053253397867598, 45.91715544366208], [5.050941821537467, 45.91582753706469], [5.05092327941168, 45.91580998163009], [5.047501516544406, 45.91382188554512], [5.046335754833899, 45.91605547597321], [5.046316522801973, 45.916057737733425], [5.044835383256484, 45.9185671629987], [5.044788131872526, 45.918589901436604], [5.0435209602479185, 45.92053423120102], [5.0434976256100805, 45.9217608889111], [5.043374185411962, 45.92224997165692], [5.040892635253667, 45.92213403598471], [5.039637883736162, 45.92230818592435], [5.039572251923192, 45.92230075901251], [5.039459401963922, 45.922285459008606], [5.039382406462601, 45.922374630651476], [5.03818290133509, 45.92250782856545], [5.036252237634892, 45.922362368918556], [5.035042518662583, 45.9222878298721], [5.032871695761063, 45.92247304936317], [5.032850905152107, 45.92244383546631], [5.03274168438661, 45.9224707547449], [5.031823846914735, 45.92233923459187], [5.031794887026607, 45.92233137837952], [5.031298552560781, 45.922305443872375], [5.031138153875212, 45.9224695199503], [5.0290137038052904, 45.92227005776698], [5.029322206833419, 45.921722551659535], [5.029302019892345, 45.921721234360874], [5.029718159956156, 45.92111714277245], [5.029529470627363, 45.92073636801455], [5.028669727204914, 45.92043283818514], [5.028132668513972, 45.92028363232299], [5.027954801189412, 45.92012584837452], [5.027825764487042, 45.920040710122755], [5.027275003793106, 45.920053868508745], [5.027159444514956, 45.92026187320539], [5.02690727124502, 45.921564203763225], [5.026898822589785, 45.92160761598424], [5.025879611136393, 45.92306689237653], [5.025491621578659, 45.92293032264396], [5.0253507477758035, 45.92306691549745], [5.0252214155277235, 45.9234390933386], [5.025310287655402, 45.92396809545879], [5.025145512377807, 45.92405934649122], [5.02517362874786, 45.92506241496233], [5.0252783830897885, 45.92505991362027], [5.0254272303391145, 45.92549926453724], [5.0253059164532585, 45.92562189293235], [5.025367287556828, 45.926003016572054], [5.021475795627498, 45.925580910812684], [5.021466293248401, 45.92538669429506], [5.021586676479631, 45.92530820579698], [5.0215283650379074, 45.92531859666098], [5.021645893423162, 45.92518436446947], [5.021652049577804, 45.925159912852735], [5.021672868932834, 45.92513331043632], [5.020078290133246, 45.92425489301779], [5.0202704981630015, 45.923437419271295], [5.019481548273145, 45.92329417915998], [5.01902979270328, 45.92315640207779], [5.017664120807769, 45.9229098468409], [5.015940711020014, 45.9222711938321], [5.015269876115315, 45.92453136932012], [5.015015817281606, 45.92456171563651], [5.011175434102037, 45.92386078047831], [5.011134378398592, 45.923462960821546], [5.011124869731315, 45.923450586225016], [5.011431427906861, 45.923041816186704], [5.011620995788015, 45.92259621310856], [5.011625995810893, 45.92227021586623], [5.01162410665383, 45.921784150334474], [5.012140249870019, 45.92109223505239], [5.012713399275783, 45.92026572709264], [5.012417945175458, 45.91984605238478], [5.012117535968044, 45.91932206103212], [5.011720928871788, 45.919007409621734], [5.011075716613934, 45.91877067121756], [5.010299698870892, 45.918493826239164], [5.009935479633888, 45.91839894638929], [5.00973800029003, 45.91828210650145], [5.009678306341107, 45.91833033334941], [5.008850322855505, 45.9182626632643], [5.00789516487515, 45.91818179489837], [5.007424013779986, 45.91807593922228], [5.006991378850974, 45.91786294612099], [5.006732657760928, 45.91783127125014], [5.006669543027391, 45.917843567731616], [5.006165545932189, 45.9178897232593], [5.006120877204686, 45.91788358064853], [5.005893859457636, 45.9178407998361], [5.0049588506891105, 45.917823792493216], [5.004870739434473, 45.91773585968529], [5.004886097930882, 45.917720190952245], [5.004856208286425, 45.91771820236272], [5.004857931255158, 45.917472406024096], [4.99794065293748, 45.91747223353722], [4.995641716801709, 45.91758775710867], [4.995301007374008, 45.917977488337705], [4.994947319087077, 45.91854666246256], [4.994539447117153, 45.91928095864623], [4.994854837528561, 45.920115202194395], [4.994882117567116, 45.920129862251315], [4.9948683895129395, 45.920144588546115], [4.994840244396779, 45.92018126147139], [4.995079180092688, 45.92080306271531], [4.995109232332186, 45.92142349094219], [4.995060063045123, 45.9221898257649], [4.995216670840175, 45.922791961008606], [4.995338229067808, 45.92318698035481], [4.995321998307251, 45.92320357050341], [4.995404752009532, 45.92362831386155], [4.9953781025883055, 45.92429509127342], [4.995181381422565, 45.92432674308323], [4.9954180686353045, 45.924321154824526], [4.995112680066246, 45.92543831422055], [4.994500663253067, 45.926352964344545], [4.993911650497694, 45.9270240104399], [4.99284784577532, 45.927917798059966], [4.992795989627205, 45.927896516186124], [4.9916285848980415, 45.92904659793947], [4.991906626054896, 45.92774375133208], [4.99204092868145, 45.92710414359871], [4.991953563926802, 45.927031482957936], [4.9915112020398835, 45.92708692102473], [4.991076162320807, 45.92725921338235], [4.989140363850468, 45.92695914589188], [4.989128056931065, 45.926920729752766], [4.988648856930943, 45.92693201571874], [4.988392032184469, 45.926422243552864], [4.986969312776852, 45.92677980932153], [4.986310170343875, 45.9262515963342], [4.985200968360284, 45.92605443909452], [4.984375331274201, 45.92560125128483], [4.98413465913487, 45.925460176284915], [4.983245157222007, 45.92542076994984], [4.982062941968763, 45.92546385110045], [4.981376105373869, 45.925716735436396], [4.981083180031073, 45.92619621491916], [4.980892347322006, 45.92618449577953], [4.981003614449724, 45.925431118926944], [4.9810688213595675, 45.9250443044432], [4.9758740275649025, 45.92577379507616], [4.97586255877366, 45.92578756821314], [4.975542886991618, 45.92579505901861], [4.973106471786454, 45.92614738817438], [4.9727920165212245, 45.92621236052162], [4.973689465829408, 45.92772708381175], [4.973863348227377, 45.928239724457704], [4.974349004419439, 45.928228351906235], [4.974970272981725, 45.928405536255546], [4.97611296236248, 45.92837876169299], [4.976150254124887, 45.92841659948033], [4.976197369863218, 45.92840649474356], [4.976959782621252, 45.928433632318324], [4.97703721200887, 45.928903520394485], [4.97711097447347, 45.928926994387034], [4.977116165837495, 45.92903489814664], [4.977507381245406, 45.930146468039304], [4.977573270874876, 45.93012421919012], [4.978057038808207, 45.930561170108774], [4.978593799258446, 45.93161081619509], [4.97914204377128, 45.9337692287785], [4.982300492462481, 45.93290111201328], [4.982314179194157, 45.932882782881656], [4.983734792052448, 45.93248032518152], [4.985807262006789, 45.93291950549099], [4.9853158826480515, 45.93393973603816], [4.98526790452704, 45.93402413447928], [4.9850313484683095, 45.934383476798146], [4.982542342293173, 45.934088194189805], [4.982083279826783, 45.93421600413085], [4.981301671867737, 45.934678152443254], [4.980190896035766, 45.93533796850654], [4.976264832442739, 45.93684875478746], [4.97660137997572, 45.93723875303981], [4.977050527736312, 45.937775546930105], [4.977889057443338, 45.93849405005701], [4.977510862217126, 45.938560528497554], [4.976335275632364, 45.9387501209939], [4.9751895795903565, 45.93957453442385], [4.974068271910014, 45.94035425808178], [4.973566260091565, 45.94061536293901], [4.9735386818123395, 45.94064571982136], [4.973500885196764, 45.940664606735126], [4.973059895935579, 45.94101970625274], [4.973011919611195, 45.94107663958045], [4.972962531135208, 45.9411228051394], [4.972488099392611, 45.94145347727824], [4.972595568443334, 45.94150947626161], [4.9725623649137844, 45.94155706260951], [4.972662044672676, 45.94156642845151], [4.974329176804504, 45.94279668516905], [4.975108089817692, 45.94316282631725], [4.976687025354925, 45.94386399667009], [4.977703160078424, 45.944313683388906], [4.979890997071436, 45.945382218708616], [4.980320096231507, 45.945599901479675], [4.980419581954292, 45.94555705459197], [4.981462806273529, 45.94611770064157], [4.981999783217769, 45.945797225352386], [4.982440470644997, 45.94577066906286], [4.982219013469582, 45.94438956269313], [4.982963054781742, 45.9442478652309], [4.9842556640002575, 45.94447855138519], [4.984116566166731, 45.94523798649772], [4.984669149542411, 45.94525740716304], [4.984818852886171, 45.94607036806025], [4.985266754683488, 45.946644971758595], [4.989243717718821, 45.94664411977181], [4.989384710997624, 45.94787588030168], [4.989993602571934, 45.947807531703205], [4.990330842706011, 45.94779238177076], [4.990847762964889, 45.94747413541824], [4.991520992778149, 45.946954164005135], [4.992106838972155, 45.94639393304719], [4.993064660457336, 45.94561968118342], [4.993873128043363, 45.945276539238236], [4.9937035494739215, 45.94482323864255], [4.993498118243191, 45.94406110746862], [4.993166195237268, 45.9428878708698], [4.993136406204119, 45.94273913581121], [4.994151932768217, 45.94274219231031], [4.99645876599364, 45.94274895995957], [4.998899105938289, 45.942898364009025], [4.999817309024483, 45.94305490007169], [5.000310151738791, 45.943175582557785], [4.999628318760062, 45.943515771626856], [4.998050763035104, 45.9441444866896], [4.997886281506593, 45.94419608478527], [4.99788218788382, 45.94417818040205], [4.997746469512373, 45.94423989468713], [4.99767087089134, 45.944261488236776], [4.997654986880496, 45.944282567690806], [4.9969928153283725, 45.944581772517154], [4.997006008884942, 45.94518639811681], [4.997007578241739, 45.945218769458215], [4.997076249055324, 45.945421494054365], [4.997143048678153, 45.94636513213464], [4.997151638368899, 45.946542267285274], [4.996859282557997, 45.94658338007881], [4.996443103866646, 45.94675074043973], [4.996179140208639, 45.9471620690821], [4.9960959714846656, 45.94792470478214], [4.996090773832459, 45.94823539394135], [4.99630601825935, 45.948746133615685], [4.996575075365066, 45.94940593155562], [4.997103682705783, 45.95080857452297], [4.9971628241908235, 45.95113124994124], [4.996977058878284, 45.951241862986045], [4.996520676086402, 45.95142727808966], [4.995671027032804, 45.95180381309203], [4.9947800860188245, 45.952193923498065], [4.994413800656696, 45.95251043396233], [4.994081784225974, 45.95306558545595], [4.994107487721224, 45.95359610432067], [4.994101352227814, 45.95393562426088], [4.994320471088553, 45.95406278826976], [4.995793472795903, 45.955194700718735], [4.994967207787448, 45.95605498735509], [4.994357989226395, 45.956600477746974], [4.993174165090482, 45.95704249087513], [4.993083073225709, 45.95692580919936], [4.992859054953436, 45.956665528077856], [4.992894094639386, 45.95608857328065], [4.992651360866483, 45.95585754074613], [4.992446933053909, 45.955583299018066], [4.991872530498295, 45.9559659167], [4.9917866443706025, 45.95550884021518], [4.9918759458929935, 45.955153850368774], [4.990539241970451, 45.95546891064557], [4.988867602990852, 45.955962875294006], [4.987288776149767, 45.95440666711218], [4.987293585729794, 45.954388546814606], [4.987256029862706, 45.95439663081381], [4.986406591913194, 45.95364424238398], [4.98630449568621, 45.95373486251669], [4.98604832401496, 45.95412527097539], [4.985790372781126, 45.95491450955561], [4.985767563657759, 45.954928550249015], [4.985781755242603, 45.9556231722982], [4.986121699305676, 45.95651538236624], [4.986581139064481, 45.957257145222755], [4.987122011103803, 45.95796638751568], [4.985619416196037, 45.95872368506355], [4.985634647131658, 45.958755730635076], [4.984863855786963, 45.95896469303594], [4.984225956713812, 45.95931996134308], [4.983936462935429, 45.95948879386103], [4.983570443474575, 45.95977825721709], [4.983158025131007, 45.9600237942763], [4.982188079982763, 45.9605200763106], [4.981753244181295, 45.96073733119673], [4.981479752093042, 45.96077255849933], [4.980791506939798, 45.960536654042784], [4.9799877941365756, 45.96012791005382], [4.979110900977039, 45.959911723751325], [4.977584758530726, 45.959446091972644], [4.976211875858414, 45.95906417151398], [4.9745847717573515, 45.95866117756719], [4.97396947429674, 45.95861526516859], [4.97367290628548, 45.95863751070469], [4.973231815514656, 45.95869284223725], [4.972268071436844, 45.95847863621488], [4.970481674476305, 45.958136017890126], [4.969944141474895, 45.95695402071004], [4.969754326557073, 45.9567964197639], [4.969642326404057, 45.956546987684845], [4.968932252189411, 45.95647535859591], [4.968892764046168, 45.95627643525739], [4.969105174288349, 45.95601221724603], [4.969231943642945, 45.95564782469531], [4.9697758762424105, 45.95548163282811], [4.9701645628927915, 45.955663388412304], [4.970543575585896, 45.95561131948373], [4.970998852551684, 45.95566909404574], [4.971096317065067, 45.95566681516485], [4.971272002381809, 45.95572932478998], [4.9715432944959375, 45.95573467943568], [4.971518221618017, 45.95546520784103], [4.971484422505458, 45.955382282191344], [4.971508909681805, 45.95535470190035], [4.9713834806136115, 45.95398753488138], [4.972808624574195, 45.954066724746], [4.975021276628627, 45.95411845787451], [4.975951919584859, 45.95409666206645], [4.9767973681161966, 45.95451975739547], [4.977122999321849, 45.95471556749886], [4.977147286173876, 45.95474830924388], [4.977583806316535, 45.955003634361134], [4.977690215355183, 45.95238876688273], [4.977706731780017, 45.952313664862935], [4.977110462433758, 45.95229163101227], [4.977101343635321, 45.95227113981681], [4.976202395937211, 45.95226159403621], [4.976085495474362, 45.951157087277544], [4.976134081754807, 45.95112624336257], [4.9761306564786425, 45.9507707501395], [4.9752333751554145, 45.950814271912165], [4.975144415891152, 45.950775843566475], [4.974736005830366, 45.950819615790444], [4.972128276510635, 45.95068619918315], [4.971793893917458, 45.95071022732477], [4.9716822189546255, 45.95071733689457], [4.971586994839537, 45.95070156193033], [4.971425591837513, 45.95064862392305], [4.966465328400558, 45.950398132988504], [4.966420303041906, 45.950419888404184], [4.9660396302621646, 45.95040177055057], [4.962669793611579, 45.9516326075361], [4.961468178341453, 45.95170561693131], [4.961577488040161, 45.952217980965], [4.961694853830341, 45.95248080494121], [4.961371946316621, 45.95281239425516], [4.959850769757229, 45.952847819583276], [4.959815695036959, 45.95255427601588], [4.960362077342209, 45.951598152009744], [4.959865546145319, 45.951386465559736], [4.9585602006127205, 45.951092783716334], [4.958172828197594, 45.95096946714499], [4.957320734828093, 45.95082725436255], [4.955255866417692, 45.950134411601546], [4.954156332103197, 45.95014735486235], [4.952635054034166, 45.95021149525499], [4.951823340834993, 45.950054799519734], [4.951764114908325, 45.950571986202704], [4.951459983980669, 45.95305816141342], [4.9511254729284415, 45.95495632248282], [4.951263979670513, 45.95563095072587], [4.951489945490361, 45.95592006639366], [4.952188771001019, 45.95682024478905], [4.952643422739359, 45.957474028209894], [4.953195923470007, 45.95826866904565], [4.953046321635853, 45.95829284690056], [4.952746852066203, 45.95844382898505], [4.95201071143698, 45.96017488030228], [4.9518793723525505, 45.960990797796576], [4.9514109997465425, 45.961370746675726], [4.95083649747795, 45.962196944339816], [4.950984525463724, 45.963136006933], [4.95106733306493, 45.96324841500069], [4.950965518010639, 45.963565841439], [4.949792755729118, 45.963385996944865], [4.9484163525592155, 45.961588724467774], [4.9455033936722455, 45.96174441594267], [4.945501365276333, 45.96180207233308], [4.944664115668605, 45.9619258780995], [4.944193623038546, 45.96181973935163], [4.944108268713502, 45.96180550744836], [4.943544524668749, 45.961980584395164], [4.9436080831700515, 45.9628234923858], [4.94340717585507, 45.962909157559785], [4.942902271461401, 45.96318188935919], [4.942886582384993, 45.96319125217199], [4.942148841856207, 45.96289684858886], [4.941607724576845, 45.96264650480815], [4.941282029590798, 45.96334717580456], [4.940726188923908, 45.964126974088494], [4.941278556703886, 45.96417362498706], [4.9406011407414185, 45.96514707684683], [4.940382545598489, 45.965404179831], [4.940363177022637, 45.965488342427314], [4.939158510175504, 45.9672202182607], [4.940278192803496, 45.968064838508624], [4.941190277464292, 45.968397534001774], [4.941209190594281, 45.96838809714348], [4.941278774096184, 45.96827126266063], [4.941465257162672, 45.96805270738346], [4.9417426389560895, 45.96788066665117], [4.942069006780296, 45.96787312283855], [4.942541467619127, 45.96791620909633], [4.942811557787405, 45.968099000951575], [4.943362019342375, 45.96884872871304], [4.943328472656402, 45.96907725330218], [4.942982714696781, 45.96939131222015], [4.942682332438812, 45.96926683196099], [4.942158363998207, 45.9690746047208], [4.941636086186973, 45.96887963331805], [4.941222638374097, 45.96882347529795], [4.941048632906926, 45.96886170381662], [4.94048421332909, 45.96900526953507], [4.940420326942713, 45.96903825695558], [4.93992447756712, 45.96951960208048], [4.939956471065978, 45.96975291526578], [4.940131638953092, 45.97011164389824], [4.940290869828802, 45.97047434173063], [4.940329936662173, 45.97061746747046], [4.9403518834028946, 45.970824005106714], [4.940279547462953, 45.9709318947627], [4.940043657954169, 45.9710291621618], [4.939556519541895, 45.97111783024727], [4.939113211728968, 45.97121088485185], [4.938681292757208, 45.97134238025728], [4.938333403993771, 45.971372914483055], [4.938312500197113, 45.97164795526128], [4.9382556188733355, 45.97203005057108], [4.938201061491184, 45.97229236414727], [4.938113975214268, 45.97251401811318], [4.937991955252594, 45.97271487227002], [4.937969862086511, 45.97292962572692], [4.938015480333248, 45.97308295659464], [4.938161368532035, 45.97329248491078], [4.938316932484725, 45.97342572097802], [4.938419521886815, 45.973495370282535], [4.9385102445439815, 45.974539290858864], [4.938038745800808, 45.97455017256926], [4.937011471069437, 45.97461888586991], [4.936912751609609, 45.97478319798455], [4.936900309044612, 45.975389307072625], [4.936856990484979, 45.975817891554655], [4.9370429875628705, 45.976184479432], [4.937257655271357, 45.976695330470264], [4.937327138161951, 45.97724014444395], [4.937325008256432, 45.97763897168113], [4.937220612342314, 45.977683692182275], [4.93699968247796, 45.977925537225026], [4.936712846814488, 45.97813919798226], [4.936321875748322, 45.97816621632661], [4.93627370089628, 45.978239343706754], [4.936072157574053, 45.97802164430873], [4.9350662950858295, 45.97823567114026], [4.933088675547384, 45.975360145399875], [4.932705214397019, 45.97489638340166], [4.932437997041025, 45.9746216777771], [4.931909675364552, 45.97326016867472], [4.932351498262311, 45.97298263859544], [4.932455708225165, 45.9728659161939], [4.93626860116039, 45.969690403354775], [4.93636343181335, 45.96968101541714], [4.937226210643158, 45.9688869522193], [4.937674019913975, 45.96759385619154], [4.938003611791729, 45.96675358268316], [4.93780821384438, 45.966408815763785], [4.9343689886262965, 45.96399283708168], [4.9338651056171265, 45.962996242576594], [4.933815411713926, 45.96300459382904], [4.933512632750802, 45.96241924941408], [4.933310519896682, 45.9621880609355], [4.9330734922224755, 45.96208909824148], [4.93251617113197, 45.9619561109107], [4.9323478825432945, 45.96191047412769], [4.932301408202057, 45.961866536441526], [4.928350410969993, 45.9606792109693], [4.925387325191855, 45.95977242523817], [4.923102669574141, 45.95939280074416], [4.922891213342777, 45.959613697007896], [4.922622845244935, 45.95997993127964], [4.922615478161273, 45.9600098054562], [4.922593935662444, 45.960034604526314], [4.922171285507804, 45.96090667332887], [4.921645759388498, 45.96149934548388], [4.921496942681873, 45.961592776558085], [4.921450771072925, 45.961623539713266], [4.921443574669177, 45.96178033824575], [4.921444251998889, 45.96179472314646], [4.921518201313084, 45.962591486323554], [4.9214203666937975, 45.96274225937096], [4.920562241137188, 45.96295277470588], [4.920216197513323, 45.9632271654193], [4.920097466283923, 45.96432090194699], [4.920643528788939, 45.9690613237253], [4.920736489149475, 45.969149210752235], [4.921590676491876, 45.96952119795971], [4.92167582600105, 45.96953094868095], [4.92173912129597, 45.969556504590805], [4.922277983803984, 45.96967196962951], [4.922144390846503, 45.970192633845784], [4.92214688726467, 45.970519342109405], [4.922140605345901, 45.970917364263514], [4.922170375514411, 45.97101750431807], [4.922152305004165, 45.971113336190946], [4.9222128927768, 45.97154403345195], [4.9222177400860705, 45.97155922559022], [4.9222272837876675, 45.97162472037202], [4.922309167022428, 45.97202792033116], [4.922318328041694, 45.97215373545919], [4.921863831711918, 45.97214975968605], [4.92179193055657, 45.97310559901156], [4.921628388665824, 45.97307603781638], [4.921386374443464, 45.97287184980867], [4.921172278063464, 45.97278043748307], [4.921076708097027, 45.97267010717465], [4.920954832764118, 45.972686405317155], [4.9208501853217115, 45.972641098904], [4.920735167727678, 45.97230706785067], [4.920290570832315, 45.97222003617936], [4.918751655241007, 45.97204646502872], [4.918608753042237, 45.97248812143378], [4.918413568893931, 45.97252410357387], [4.917954235136351, 45.971852287009014], [4.917905554532776, 45.97081819676718], [4.917900557204857, 45.96923670054098], [4.917779901784107, 45.96912514190467], [4.916913273673303, 45.96893524058473], [4.916280282994859, 45.968772399003754], [4.915427001154265, 45.96790254882192], [4.914995142369611, 45.96758836844853], [4.914903191715447, 45.96760667299462], [4.913696803696241, 45.967586553353506], [4.912477593124633, 45.96729036364288], [4.912297455757342, 45.96739080059627], [4.911887695528685, 45.967546894105936], [4.9118686934654825, 45.96714224540329], [4.911071496143007, 45.9669507207269], [4.911005276831836, 45.96753374261691], [4.910043799203467, 45.96728024975595], [4.909820823875222, 45.967463574440515], [4.909599342445285, 45.96769547330951], [4.909568541909137, 45.96801844188881], [4.909419382046088, 45.96831440230538], [4.908783502385712, 45.968587262964206], [4.908721004794782, 45.96873272187399], [4.908360874688931, 45.96898398220205], [4.908470246371407, 45.969821349809244], [4.908451038594003, 45.9698577963342], [4.9084198733418685, 45.969864810417505], [4.908427417393626, 45.96988804042582], [4.908205919794007, 45.970119942256225], [4.907840509390951, 45.97020928922583], [4.907496826539659, 45.97032965535333], [4.907088464987916, 45.9705163008779], [4.906821870164411, 45.97075012557955], [4.9065811989233765, 45.97079611907756], [4.906584589165256, 45.97112730722309], [4.907155772158873, 45.971453645980816], [4.907122773445228, 45.97222854836848], [4.906799471571116, 45.972235920520035], [4.906755086711228, 45.97230264506498], [4.906872810929215, 45.9733351611431], [4.90706841279414, 45.97411745156], [4.9058934074193665, 45.974180247531464], [4.905174600681837, 45.974682721993766], [4.905128033814133, 45.97567037359321], [4.905045856830255, 45.97588108826773], [4.903991495198137, 45.97566205796225], [4.903211567088663, 45.975342257327114], [4.90194532881364, 45.974545626349475], [4.900843704119467, 45.97426462841346], [4.901434143399531, 45.978987903553666], [4.901400209539675, 45.97924522196072], [4.901684830855968, 45.980742035915085], [4.901862065766571, 45.982744488507485], [4.902389340905759, 45.98700020707982], [4.9057239591056385, 45.98690896725344], [4.90596960252174, 45.98805019327613], [4.90786765198725, 45.98871625840091], [4.907818700092486, 45.98915396333818], [4.909694404863595, 45.989084164585655], [4.909720751552566, 45.98909526688167], [4.909720979724662, 45.98908086036014], [4.909741880826362, 45.98908038413725], [4.9097553887932825, 45.98902426095679], [4.909728239010473, 45.98894386340298], [4.909767804408833, 45.98815260798115], [4.909661946935736, 45.986879474595575], [4.909823976961867, 45.98622135249974], [4.909877182379523, 45.98620213094686], [4.910102189696934, 45.98600796074319], [4.910770946798412, 45.985625418213836], [4.911045170115303, 45.985140263822885], [4.911267053990474, 45.984002776080615], [4.911413170361324, 45.98336931352853], [4.9114413307488345, 45.98286907268025], [4.910447124799714, 45.983112321400476], [4.910262156292833, 45.98257464072442], [4.910289554909005, 45.982556008416395], [4.910227387898073, 45.98250521881912], [4.910223781162227, 45.982255051672674], [4.910144732112142, 45.982034510986374], [4.910526991316691, 45.98207979785423], [4.9108571464381265, 45.98163387268437], [4.912540711451425, 45.98144868600279], [4.913535861529928, 45.9799379504373], [4.914685947638717, 45.9797190192038], [4.915517113855369, 45.97966759900691], [4.917783379162571, 45.97859222919981], [4.917801764083167, 45.97860711289126], [4.917831967239644, 45.97857941431455], [4.9182628648269375, 45.97840751240513], [4.918411502768774, 45.97861655112973], [4.918475881431926, 45.979125482612346], [4.918499945501773, 45.979140228823816], [4.9184604259174645, 45.98011872999839], [4.920079956322399, 45.98004741916279], [4.920407737196506, 45.9816080227173], [4.921176557637502, 45.98167140945434], [4.921146525160907, 45.98202587046571], [4.920917958718328, 45.98229666606305], [4.92119281804243, 45.98229036516723], [4.9175043848931965, 45.985334649917974], [4.917390333886407, 45.98536426823637], [4.91726842172255, 45.98556689590832], [4.917900787173547, 45.987840673988615], [4.918111760111306, 45.988582994836776], [4.919022896151167, 45.98842529849734], [4.9199653591399075, 45.98797612389237], [4.92147706296464, 45.98753009329582], [4.923025818701587, 45.98684644474755], [4.92308954249289, 45.98684498356425], [4.923128092794997, 45.986805394282726], [4.925106398646291, 45.986057844563604], [4.925048823823121, 45.986700999707566], [4.925030974298428, 45.98671401057562], [4.925227980230115, 45.98722979150352], [4.9250098998218546, 45.98772269526205], [4.924416595814346, 45.98859148890684], [4.92379233586216, 45.989765249001614], [4.924303419766663, 45.98992275428277], [4.925348154153888, 45.989774547403556], [4.925286576437785, 45.989411386787786], [4.926551177982363, 45.9893058312286], [4.9268203231229615, 45.989893763787904], [4.928234653164153, 45.98955700133774], [4.928247605972234, 45.98954140532523], [4.929135531341791, 45.9893382535668], [4.929158410533766, 45.98982202427809], [4.9291978816090305, 45.98983731812931], [4.929160026602944, 45.989856196393], [4.929172232012707, 45.99011426442751], [4.9295853654152655, 45.9900597556826], [4.930023922038644, 45.99006497282123], [4.929575777696243, 45.99031833205922], [4.929193200488089, 45.99055757484418], [4.92868959056677, 45.990539448270916], [4.92822994958535, 45.99055001352428], [4.927822675893392, 45.99072590709609], [4.927805788464357, 45.990712791693596], [4.927790984228491, 45.99072213674587], [4.927493002268967, 45.990701977444566], [4.926657501681087, 45.990615852208265], [4.926266823465708, 45.990716643180974], [4.926011322835956, 45.990844039821866], [4.926002931672903, 45.99160668595369], [4.926771719774504, 45.99166643824801], [4.926733853988652, 45.99223172487593], [4.926909524034044, 45.992754298313635], [4.927932978230494, 45.992600252394865], [4.927639481559178, 45.993826743772985], [4.927207177210164, 45.993928498111195], [4.926854371967179, 45.99432008243776], [4.92517855492318, 45.99454040006093], [4.925188969092264, 45.99568519069809], [4.92496623541084, 45.99835304380769], [4.924504556152038, 45.99835464010407], [4.921592977077343, 45.99837641101076], [4.921610280426335, 45.99874328510146], [4.921556872887733, 45.999459256157564], [4.921563182654311, 46.00005593010865], [4.921549957656676, 46.00068185705087], [4.921585418652532, 46.00097090419944], [4.921670058816917, 46.00137944287701], [4.921639415485929, 46.00167180545525], [4.921546964470181, 46.00203939526298], [4.921227112126722, 46.00312874180267], [4.922852795093044, 46.00324450561133], [4.923002174144985, 46.003242880752715], [4.924750790659629, 46.00356823402916], [4.924765602980337, 46.00506039694113], [4.924757456159026, 46.00509299162341], [4.924458743869162, 46.00572637028717], [4.926852230383533, 46.00585326004023], [4.927067039127531, 46.00570249891042], [4.927104370415809, 46.00570524182934], [4.927447047153986, 46.00547502272984], [4.927922608977164, 46.00535607763961], [4.9283169595054455, 46.00534701584135], [4.928490438559851, 46.005327726055114], [4.928903048244567, 46.005240826155436], [4.928633299436119, 46.00602658419761], [4.928592799789844, 46.006074323541334], [4.928328722944103, 46.00699407921074], [4.927798674705642, 46.006900936869656], [4.927816623045016, 46.007280402951515], [4.927905155609525, 46.00775096161129], [4.927894505183504, 46.00779891784388], [4.928244936179227, 46.008447999093676], [4.92776030945647, 46.00841142697972], [4.927230220793841, 46.00812924076155], [4.926990809889168, 46.00787999117925], [4.926794019553118, 46.00788450970442], [4.925390815146712, 46.00691122259205], [4.925307835068996, 46.007003145106836], [4.925080472368895, 46.007282017084556], [4.924971998103385, 46.00778860920091], [4.925060635770789, 46.00780278186867], [4.924822977479219, 46.00832583780628], [4.924713281504926, 46.008328355357], [4.924596955963851, 46.00865238969655], [4.92453941258168, 46.009280232764404], [4.924618577514424, 46.00953677147172], [4.9246395774308045, 46.00958760240005], [4.924729222109653, 46.010101346475096], [4.92517816595267, 46.01121176669074], [4.925956680113879, 46.01340114331523], [4.925220640095931, 46.013614279722546], [4.924479852481725, 46.01369428770215], [4.922936408483047, 46.01356765986886], [4.922158956130508, 46.01353597167176], [4.922118631655733, 46.0135548967514], [4.9220217079281365, 46.01357062324747], [4.921936290721028, 46.0136085881684], [4.921946900722847, 46.01383338882764], [4.922142734353121, 46.0145445436824], [4.9220814369113794, 46.014800704246596], [4.92198620830474, 46.01518095708426], [4.921987565659154, 46.01520973469932], [4.921989007455162, 46.01570029999382], [4.9220381542843645, 46.01628159084623], [4.9221270542598194, 46.01658831707657], [4.922171524459665, 46.016744828976535], [4.922178134263508, 46.016764479099805], [4.92221803832674, 46.01678877115661], [4.924878364904691, 46.017923199571015], [4.924860781281305, 46.01796141103172], [4.924569043511339, 46.01811213687719], [4.9241222125058615, 46.01812238745245], [4.923765361250818, 46.018090061204006], [4.923374932767098, 46.018099013617906], [4.922689933226967, 46.01823174634965], [4.922074025810293, 46.0182215588002], [4.921055496178231, 46.01838622744752], [4.920900200821806, 46.01687478017345], [4.920894218042004, 46.01681910751633], [4.920883663735739, 46.01671312513258], [4.920808787360172, 46.01666803129441], [4.920622058155313, 46.01662910028243], [4.920227461488661, 46.016549472721586], [4.920042475913802, 46.01651454914845], [4.919856235392464, 46.01651881431465], [4.919416995151127, 46.016503670696025], [4.9187916742886015, 46.01658370007269], [4.917651182187045, 46.016594496786944], [4.916091031320717, 46.016630183883194], [4.91471429846908, 46.01659864217067], [4.913709531925481, 46.0165063825114], [4.912817618934409, 46.016396227304696], [4.912749208632249, 46.016933396010316], [4.910567847594147, 46.01709841596672], [4.910645061386061, 46.01776278213862], [4.909373924597766, 46.01796911645125], [4.909708658432207, 46.01912900751659], [4.9102219225478985, 46.02113189649321], [4.910534456316704, 46.0218377034245], [4.910786583772555, 46.021840950177975], [4.911243968186, 46.022568664762], [4.911247234460346, 46.023135700330364], [4.9099278868874245, 46.02333053243765], [4.908288651038427, 46.02354344220028], [4.908277769745386, 46.02358689868529], [4.908109633870283, 46.023567329579805], [4.907682805651241, 46.02362476940387], [4.907673338306464, 46.02357997623897], [4.9055973685157985, 46.023882014402304], [4.903166019808831, 46.024699799462624], [4.902020875332409, 46.02513362453549], [4.90149116575882, 46.0252572911998], [4.901448861397142, 46.02526725415502], [4.901468559654696, 46.02527400673353], [4.901680857607473, 46.025822784773204], [4.9018900419994775, 46.02682352517673], [4.900888817513034, 46.026846284701755], [4.900641704453115, 46.028054533204426], [4.9008115192794595, 46.02816229136584], [4.900829749689855, 46.02855165626204], [4.901297374897511, 46.028622044520475], [4.900943051501699, 46.02929892693334], [4.900911369718232, 46.02931224773931], [4.899977919526737, 46.03126703154141], [4.901599759500242, 46.03149122592839], [4.901617503023744, 46.03147281402899], [4.902386489653038, 46.03143733047336], [4.903269356609206, 46.031385745656344], [4.904279812183522, 46.031558093589766], [4.904704773703395, 46.03167984806938], [4.904486789414857, 46.032510266538445], [4.904401075763707, 46.03316304598552], [4.906120057755437, 46.03304289817616], [4.9065509840888035, 46.03329143190666], [4.907075946964429, 46.03306793582544], [4.907441476843432, 46.03340167506376], [4.908213466540722, 46.0334488937325], [4.908108473246933, 46.03360341962155], [4.907711935320953, 46.03417416240109], [4.909413008499148, 46.03467099593331], [4.909773706340264, 46.034403519287764], [4.909943306469268, 46.03405758462308], [4.91003150396216, 46.03363249385698], [4.909960363679888, 46.03344147609976], [4.909968527569177, 46.033101021651866], [4.912551643948434, 46.033528182638534], [4.912224791033995, 46.03447632789833], [4.912882005682402, 46.03460805468243], [4.912773574536021, 46.03537747688721], [4.9127133919035435, 46.03545537110145], [4.912556899991185, 46.03609356807211], [4.913895710463053, 46.036322249103755], [4.913630471197334, 46.037140269806265], [4.9138012903402, 46.03778449744647], [4.915357186785309, 46.03716563361444], [4.915476845076115, 46.03675602037705], [4.917338469653485, 46.03518765379124], [4.916823416992072, 46.03466382479896], [4.917592858168897, 46.03417633390402], [4.916903394001825, 46.03360158798161], [4.91686660709262, 46.03359162216306], [4.916552685426666, 46.03333954872001], [4.917086371842038, 46.033197718314824], [4.917102444499106, 46.03316314327464], [4.919045498662002, 46.032828836319965], [4.91868906153032, 46.03182878714105], [4.921488618892468, 46.031296598457274], [4.9234442422828515, 46.034204375096245], [4.924227357614928, 46.033972176707614], [4.924241032668475, 46.0339880632846], [4.926452998410025, 46.03325947998452], [4.931930202767092, 46.03178605871389], [4.932311248347696, 46.03341742647377], [4.932729731217735, 46.034884108351264], [4.932915034796234, 46.03606628615477], [4.932952732597129, 46.036062715956774], [4.932949589391951, 46.03608079581105], [4.933001396132693, 46.03668002501301], [4.934107457606062, 46.036427724319445], [4.934839205473579, 46.03611831997099], [4.93515133500049, 46.03583477470926], [4.935401727809546, 46.035715582480556], [4.936163066182518, 46.035518009554515], [4.938070556941623, 46.035371429613505], [4.938084483523491, 46.035408917461346], [4.938159677004334, 46.035375673369124], [4.938509098293685, 46.03535231244144], [4.939059219387155, 46.036133596035995], [4.939308339283424, 46.03695602280843], [4.94175354540195, 46.0364450020905], [4.942369910061114, 46.03617241415941], [4.943690305967982, 46.03599519021805], [4.944608331187749, 46.03627373515144], [4.9453840587749625, 46.03632962207333], [4.9469580365101145, 46.036081673861226], [4.9480748292578784, 46.03605583436062], [4.948087252958237, 46.03436769087296], [4.947941775289556, 46.03326561978911], [4.947833006376633, 46.0330336388518], [4.947820257486126, 46.03298577622139], [4.948399986153064, 46.03259157306637], [4.948697789347832, 46.032518965907975], [4.948662208876063, 46.03222813218974], [4.949414980016184, 46.03139782610738], [4.949634871428058, 46.03114968550531], [4.95008113469827, 46.03071625752829], [4.952261806728567, 46.030491987027396], [4.952351270846032, 46.0304359027325], [4.952535325766266, 46.03040103345893], [4.952704519856782, 46.030493427100446], [4.952792656264237, 46.030882969538155], [4.953053770466185, 46.0309894380435], [4.953211151710703, 46.03135936760513], [4.953873193905412, 46.03155555651552], [4.953753753905268, 46.03196341652051], [4.9540803858341205, 46.03247524889618], [4.954167590688653, 46.032847708646244], [4.95373229315311, 46.03300183458568], [4.954098585701781, 46.033821514680135], [4.955198220627618, 46.033502542757375], [4.955215433246768, 46.03352734570831], [4.955872181669514, 46.03339057791616], [4.955876053408404, 46.03347150584397], [4.9564848785073625, 46.034513300609014], [4.957356046703597, 46.03418430148557], [4.958344743285085, 46.03537929973756], [4.957958628511362, 46.03558361262985], [4.958200280712658, 46.03577154043584], [4.958413952189532, 46.03584759379851], [4.958366243563082, 46.03679210229872], [4.958308369600912, 46.03754061351934], [4.95808680911923, 46.03778880961232], [4.958112206288936, 46.03831933814165], [4.958066415565657, 46.03832400321762], [4.958088625512728, 46.03836669603409], [4.958073778157734, 46.03839404416335], [4.958106654700507, 46.03842208758055], [4.95812671497909, 46.038436022916784], [4.958142765178297, 46.03846896148048], [4.958729087479397, 46.039022461856796], [4.959423886740964, 46.039900208260825], [4.959929815214025, 46.04074723588782], [4.960152794135524, 46.04150541473897], [4.960326668448652, 46.04219902686899], [4.960663566324602, 46.042436946619056], [4.9607508744854, 46.04280759955425], [4.961427225045943, 46.04279187077407], [4.961624650490875, 46.04205631879903], [4.961804042256509, 46.042007136448866], [4.96180786818128, 46.0419872402662], [4.961893479424495, 46.041985248652146], [4.962319587194697, 46.04197533485297], [4.96267748408873, 46.04214434808155], [4.962658038257762, 46.04269842021539], [4.962634494312468, 46.04273047330532], [4.962982979557277, 46.044621780950166], [4.965290207143126, 46.044599576194614], [4.965460997539885, 46.04574964758464], [4.965427148121655, 46.046576817574454], [4.961854849172346, 46.046083843327], [4.9618306988642455, 46.04608440634957], [4.959149378658128, 46.045703847928145], [4.957743013978534, 46.044918241515425], [4.957719251742645, 46.044843178310884], [4.9568779767841225, 46.0444333177103], [4.955823009687494, 46.0438636760414], [4.954875747000162, 46.04372362601054], [4.953360943089379, 46.04336897221934], [4.951243978680738, 46.042823908844866], [4.951212177421357, 46.04281834812306], [4.950832945539327, 46.042743413008665], [4.950834885002028, 46.04271636570795], [4.950143701459478, 46.04257304104429], [4.950993616414417, 46.04201503618171], [4.952316945320708, 46.041201204995424], [4.951844279665972, 46.03913721828283], [4.952797252943552, 46.03901160591697], [4.9539317371124865, 46.03920314568814], [4.954362074151024, 46.039247173532566], [4.954558240157959, 46.039294833065554], [4.9545894179865195, 46.039016852736545], [4.95455227983605, 46.03900240995092], [4.954453031268499, 46.038919190971626], [4.954017511849073, 46.038444990120155], [4.953438862957146, 46.036849769092996], [4.951748106031651, 46.03729134621135], [4.945713589567248, 46.04010730426597], [4.945726969075085, 46.04015200422115], [4.94568900627118, 46.04015288158305], [4.938621391297455, 46.04344421762773], [4.940152773616805, 46.04537310912223], [4.9411237356579285, 46.04701425303723], [4.940984178785285, 46.047037281077976], [4.940839928215272, 46.04721434303488], [4.940304768562861, 46.04741123007706], [4.9392290171455215, 46.04744054457186], [4.938757238127987, 46.047338901138055], [4.939212610315167, 46.046567741331955], [4.938591250124711, 46.04673780045257], [4.9358149339756014, 46.0472284613299], [4.933617325108931, 46.04738346992138], [4.932877402572361, 46.04820526226155], [4.932745479582984, 46.048269506055966], [4.932212208189305, 46.04886689476188], [4.932188833127299, 46.048968251081845], [4.9317021151265665, 46.0495087511793], [4.932060138683057, 46.04986959765592], [4.932174139384175, 46.05050160558999], [4.9321370012337065, 46.05196525983449], [4.932670988584673, 46.052134817306154], [4.932706658887985, 46.052170004532556], [4.932721969773681, 46.052203860706605], [4.9316241665127265, 46.05277371748724], [4.931631838125273, 46.05293557567303], [4.932255886075044, 46.053128271000425], [4.932607539677849, 46.05382862531182], [4.933702378498348, 46.0554444848988], [4.935264316113769, 46.05527351062907], [4.9357046154688184, 46.055456912932534], [4.935859857824648, 46.05620769289129], [4.936408927889247, 46.057050229644176], [4.937989384274234, 46.056822078876515], [4.940347344215761, 46.0565129639087], [4.940379494021448, 46.05652842322032], [4.9406829907385195, 46.05646921226922], [4.940728796733183, 46.05646185258473], [4.941188109829529, 46.05636754056639], [4.940330581652556, 46.05407023357834], [4.940252882770376, 46.05405132174447], [4.94020785112351, 46.053512249465776], [4.940234507731247, 46.05348012408096], [4.940249422459889, 46.053418568921224], [4.940294979621223, 46.0526937641925], [4.940532301044547, 46.05189072490523], [4.940546307576457, 46.05128547423824], [4.941161958973292, 46.051062424380696], [4.941189759136367, 46.05095105996355], [4.9411985096255595, 46.05091485012973], [4.94256473847657, 46.050554746154994], [4.943213173889676, 46.05132473870047], [4.944743740538762, 46.05545096572973], [4.944806718728373, 46.05548101592897], [4.944802458917303, 46.055494618432625], [4.945607277546653, 46.05761217382504], [4.945669170571404, 46.05767375485567], [4.945643849758485, 46.057701348386395], [4.9469054976424065, 46.060739131952246], [4.947770717194829, 46.06039235361233], [4.948402048684933, 46.06008969091999], [4.948884409856542, 46.05973285638871], [4.949251491126032, 46.05941559305419], [4.949481815571631, 46.0592455293324], [4.949494047032544, 46.05927944849098], [4.950132518332511, 46.05882357522747], [4.950878043661544, 46.05876580607365], [4.9542039374233795, 46.059363877895045], [4.9548206874597645, 46.05948461052175], [4.955175756457301, 46.060538600382756], [4.955502462946346, 46.06157255072013], [4.955575864288212, 46.061957931539965], [4.955278591997762, 46.06327731062026], [4.954013192749195, 46.06353890310075], [4.954007335733553, 46.063551645328396], [4.953464245753797, 46.063652454239886], [4.953384932599066, 46.0636677900084], [4.952504981574277, 46.06382321806866], [4.952713492229825, 46.064127148652695], [4.953233077790157, 46.065138627733106], [4.953565585599326, 46.06513092078656], [4.953841376476384, 46.065100223256785], [4.953826894735675, 46.065286900074916], [4.9538239554480725, 46.06544450133009], [4.9538342429546995, 46.06547576772611], [4.953828433549771, 46.06550561426576], [4.953880286104596, 46.06603282256165], [4.953589661347234, 46.066207898947354], [4.953846810385526, 46.066936497754355], [4.953860966037788, 46.06704599067851], [4.9538230759974144, 46.067064875001066], [4.95410046048579, 46.068505956187245], [4.952200914427015, 46.06864044758306], [4.951716123312591, 46.06864582496346], [4.951789248871648, 46.0685685135398], [4.95151227940493, 46.068574929259064], [4.9514730266202935, 46.06834358894681], [4.950532303668232, 46.06836537218801], [4.950209971974617, 46.06916320216987], [4.950171383044969, 46.06947376203183], [4.950085176218712, 46.06949376485929], [4.9499230833105505, 46.06953622230896], [4.949963575770282, 46.07038416659993], [4.950409401560973, 46.0704116565549], [4.950386405588009, 46.07170666727097], [4.950107844306602, 46.072831156460104], [4.950034097113353, 46.073605230021435], [4.949949308726946, 46.07416711414017], [4.950113926799383, 46.07468361450211], [4.950347325279882, 46.07550819060444], [4.950520402787351, 46.07625584694455], [4.950901909203699, 46.077250732997825], [4.951525633759948, 46.077564862850714], [4.952240573250173, 46.078011904109616], [4.952474468499035, 46.078134313952674], [4.952839931004388, 46.07799982014216], [4.953458587265814, 46.077785639605146], [4.953871532920479, 46.07774906662656], [4.954836897559089, 46.0774791302382], [4.955188641891733, 46.077344952636906], [4.956116040133184, 46.0772469224329], [4.956994971570101, 46.078635337152306], [4.957000056034605, 46.078657723887765], [4.9572138901065195, 46.07915507397503], [4.9579183498506385, 46.08012174096122], [4.957905300922834, 46.08013824486191], [4.958007939732232, 46.080236682432506], [4.958997580443069, 46.08182506377941], [4.96002759234113, 46.0815535827225], [4.960054336983749, 46.08152325634855], [4.960086643096331, 46.08155491304488], [4.963317516660654, 46.080783956879046], [4.963910121778853, 46.080646845602104], [4.96387364209349, 46.08073051328759], [4.963979300140565, 46.08070824703047], [4.964265035367826, 46.08110129244223], [4.964280579815499, 46.081425000527105], [4.964101802497548, 46.0818612552125], [4.96370416952524, 46.082371018337966], [4.963661018950563, 46.08239632773002], [4.962195146273312, 46.084653905087805], [4.962420777919874, 46.084756685469294], [4.963533436620661, 46.08480732697558], [4.96633731128606, 46.08498962866107], [4.966373002250606, 46.08499329850211], [4.967009518816557, 46.085129708002334], [4.966782491188039, 46.08548787370386], [4.966516484761066, 46.0859423710113], [4.966125248691889, 46.08658521762755], [4.9658876856217455, 46.0871605767404], [4.965095990480393, 46.08685493626077], [4.9650800876049095, 46.08682559533856], [4.96506694974386, 46.086837604477175], [4.964507627206953, 46.08660756936213], [4.963756655392352, 46.087149852377756], [4.963437885518831, 46.08744893253173], [4.96298379073599, 46.08769174253615], [4.963024196059135, 46.08806168739949], [4.962987573541634, 46.0884793303582], [4.962282309805345, 46.0889125194577], [4.962106549928443, 46.08888960295591], [4.961874636363112, 46.08906062513479], [4.961105662310211, 46.08923153214864], [4.95954235745894, 46.08902299177806], [4.958872407394749, 46.08893052656447], [4.959099416158628, 46.08855437163058], [4.958007754679296, 46.088486997286076], [4.9579584722045, 46.08850343949714], [4.957774871831765, 46.08857071725305], [4.957082917534705, 46.08882622257715], [4.956652436765732, 46.08915758020631], [4.956115935928586, 46.089590420077144], [4.9558544022133955, 46.0897837244917], [4.955719073710788, 46.0902864716649], [4.955438793053936, 46.090747568725384], [4.955041196014246, 46.09110966330707], [4.954673872199639, 46.09172850894568], [4.954535961040578, 46.09185593391573], [4.954325227054714, 46.09240273862538], [4.95478704195911, 46.09257387388372], [4.956365641526429, 46.09449969873174], [4.95662424224223, 46.09571166919722], [4.95726017759816, 46.09835249715138], [4.957252856328582, 46.098385979288025], [4.957281855742583, 46.098399707014224], [4.957441480978684, 46.09887670880563], [4.95696932916032, 46.101091336135454], [4.957507708374696, 46.101068047227926], [4.957589683237628, 46.10063765381392], [4.959012744005075, 46.10051101092634], [4.959117483075619, 46.10099197716229], [4.959671965489797, 46.10096740071459], [4.960137303586776, 46.10095659557029], [4.960738075289222, 46.101003858639984], [4.962093560289413, 46.10103537584335], [4.962467582841109, 46.099883440535116], [4.962530054380924, 46.09985318029856], [4.962817916818778, 46.09902730675124], [4.963094373347452, 46.09878863042855], [4.963246459023382, 46.098722077120264], [4.966178781096287, 46.09553736417028], [4.967664268487795, 46.09457556968744], [4.969114179000754, 46.09264416312731], [4.969144159375051, 46.09262726363973], [4.971660034160373, 46.0893062627596], [4.971691301820444, 46.089300133544974], [4.973750065280172, 46.08674951683964], [4.973707364761442, 46.08670370445874], [4.973762202417989, 46.08670062413086], [4.976110613268004, 46.083824079159406], [4.977057743004665, 46.0826240188958], [4.977315254064021, 46.08221290774382], [4.9776038522220984, 46.081877585371565], [4.979917246742354, 46.0758235960283], [4.980393031347746, 46.07131593002074], [4.979885759893325, 46.07115496705729], [4.979002629730775, 46.071213447427844], [4.978814677020502, 46.071255654267446], [4.978608744529824, 46.071260473612895], [4.978003170433861, 46.071241335206224], [4.9778800365612526, 46.07120370340433], [4.977504760859739, 46.071129663103534], [4.977403742611073, 46.071180641191575], [4.977353557329427, 46.07124752999554], [4.977198088598161, 46.07134118590142], [4.97707762362023, 46.071307993969384], [4.976765070986786, 46.07118027349238], [4.976508753788472, 46.071062934324345], [4.9764458348876355, 46.0710482032644], [4.976196854230251, 46.07096220500677], [4.97606021059406, 46.07094469372837], [4.975961547728082, 46.07092899290376], [4.975831268655694, 46.070909534046045], [4.97574686025666, 46.070902505347625], [4.9754825309843005, 46.070868176394], [4.975075774721971, 46.07081466586204], [4.974549931497357, 46.07068922524516], [4.974504751628471, 46.07067497521493], [4.974165192044322, 46.07052087085896], [4.972789349423142, 46.07094008874361], [4.972161191680949, 46.070972754274884], [4.970866264808988, 46.0709399622296], [4.9696252027181185, 46.07108593862682], [4.965414455824999, 46.07067993732952], [4.9653627757467165, 46.07062982755496], [4.965435745897242, 46.070449889687865], [4.9654298251012055, 46.06973707270159], [4.9658332836481245, 46.06891479428094], [4.966601896578258, 46.06758530666282], [4.967281056170726, 46.066141767548956], [4.966914709723127, 46.065396835063154], [4.966954247273744, 46.06522937328575], [4.967549036196388, 46.064823931008235], [4.968184098389871, 46.06475061638697], [4.9696227242662605, 46.06471707394134], [4.969623247085737, 46.0641391346835], [4.969563814546537, 46.06408110307262], [4.969574492820334, 46.06371447294911], [4.969415123604105, 46.06325638803006], [4.968524076588935, 46.06296209528588], [4.968562858656393, 46.06227343871127], [4.968533066928286, 46.062073388932255], [4.969700642337365, 46.06230451803763], [4.971776867249574, 46.06255314017546], [4.972236298923537, 46.06197528921542], [4.97267451508545, 46.06128990403766], [4.9725678401454605, 46.060248161614446], [4.972513306119499, 46.05967150767026], [4.972050537204252, 46.05895494911713], [4.9720905257091115, 46.05894771256528], [4.973861205745433, 46.05830772684672], [4.974350831592735, 46.05810544600709], [4.97385761248431, 46.0570925383266], [4.973422273626266, 46.056679612429036], [4.973908345738285, 46.0564360076542], [4.973025123947564, 46.0559345217199], [4.972308168637852, 46.0554111412735], [4.9720156358588214, 46.0550903015941], [4.971488796402593, 46.054505763165906], [4.97138257870506, 46.054278696593144], [4.971279450313811, 46.05420188559674], [4.97058956304024, 46.05309813473544], [4.971935627408071, 46.052874973124155], [4.972345727199863, 46.052748368948805], [4.972806157800433, 46.05252607186786], [4.974970844310246, 46.0514330605912], [4.975241097971895, 46.051291713661165], [4.9757874102085715, 46.05112410311489], [4.9767266581269345, 46.05106432776156], [4.977225586028981, 46.05107246497908], [4.977973933864627, 46.05107295563105], [4.978912304128959, 46.050992478672576], [4.979517910564283, 46.050901784533515], [4.979614872021091, 46.05093372251352], [4.979721344840133, 46.050879012470695], [4.979739910322112, 46.050896584977764], [4.98160825789106, 46.050564750062044], [4.983852071604373, 46.04939139275506], [4.9843133861471856, 46.04918882862037], [4.98430719675485, 46.0484940136546], [4.983902051171817, 46.0481362319434], [4.983560220646672, 46.047951607621165], [4.983269449463917, 46.04767035827464], [4.983115587818692, 46.04736249704094], [4.983043012926889, 46.046997815297374], [4.982991487358807, 46.046517412021856], [4.982584530772158, 46.04612186323634], [4.982172117818505, 46.0456292147642], [4.981518720111766, 46.04396115260876], [4.982179037541114, 46.043864656226376], [4.983497980872208, 46.0436716922619], [4.983497112201316, 46.04365371091492], [4.9839393671887455, 46.04364333725009], [4.984199110561554, 46.043702958516874], [4.984741943623139, 46.04366591089599], [4.984793458411423, 46.04366200510657], [4.98489564357162, 46.04365510388027], [4.985306239233477, 46.04369047857938], [4.985564371926991, 46.044467598256084], [4.98555436020314, 46.044760403967345], [4.985250418820038, 46.044808043780286], [4.985208019236936, 46.044816240530025], [4.985081824804149, 46.045080261141976], [4.98511058975784, 46.04519121403106], [4.9858149120597375, 46.045370924342066], [4.985853929485802, 46.04540781868316], [4.986351627594222, 46.045623887516555], [4.9869437287575495, 46.045522668466894], [4.988772799287339, 46.045251945348674], [4.990909358647301, 46.044556263427616], [4.992192014532443, 46.042266568097695], [4.99207740477356, 46.042134234775894], [4.991780259145567, 46.04187116596315], [4.991512758820254, 46.04167040936487], [4.99103475357947, 46.04146020394053], [4.991199629468406, 46.04144552359566], [4.988338890547208, 46.03904441567972], [4.988237259647555, 46.039014394576085], [4.987131044562281, 46.03782330567988], [4.986453145306175, 46.03730360185067], [4.985990462629182, 46.03690937087597], [4.985648835123282, 46.03657531856588], [4.985511423427506, 46.03615814461867], [4.9855120791976875, 46.035669322381366], [4.985026787721613, 46.035290921048784], [4.984665723367915, 46.0350410392981], [4.985664678709923, 46.03448196866112], [4.986096635410927, 46.03426027408911], [4.987162120881236, 46.03430997284497], [4.987117599477423, 46.034276809164254], [4.987451224790779, 46.03430947954957], [4.987638393271819, 46.03432038568037], [4.990168786628763, 46.03312664799906], [4.9903270194761635, 46.03305810836083], [4.990876650987783, 46.032848939110934], [4.991915932601259, 46.03217453493874], [4.9929282890107, 46.03431120639534], [4.993601135243333, 46.035690686345156], [4.994097100501586, 46.03727057715884], [4.994113112971514, 46.037600574996844], [4.994090150236243, 46.03762812492731], [4.994281517442882, 46.03817544458063], [4.994078070590606, 46.03881217901102], [4.993759351921052, 46.0394363285511], [4.993393994518591, 46.04009578381385], [4.994421045569453, 46.04010220221813], [4.994481908226566, 46.03992343070368], [4.994801592585067, 46.039769166927705], [4.995923152691994, 46.03983996243534], [4.996742851914029, 46.03991786470138], [4.997707597613406, 46.04106539153382], [4.99953043024185, 46.03970808599341], [4.9996660408154785, 46.0396391716427], [5.00070088924298, 46.03975247947329], [5.003062125340354, 46.03997937566788], [5.003006276180808, 46.04025796412188], [5.002528500010418, 46.040966912784725], [5.001896234272432, 46.04140494763342], [5.000538539416648, 46.04236062235419], [5.000504860678334, 46.04239112613338], [5.000485838852195, 46.04242397816095], [5.000409694055427, 46.042535603575246], [5.000191358525624, 46.04261547367858], [4.999755698969017, 46.0425114294572], [4.999211542689041, 46.04247025754708], [4.999023536978173, 46.04259171674492], [4.998759488878506, 46.04282660315715], [4.998561930482904, 46.0430680194906], [4.998536677941964, 46.04331437066088], [4.998528642511727, 46.04332986609083], [4.9982455770775065, 46.04335724668141], [4.998178026463103, 46.04339844973066], [4.998059750679531, 46.04352366241636], [4.997349221019023, 46.04376727426511], [4.994769272099431, 46.044413205416014], [4.994980173171956, 46.04491235615283], [4.99519099159948, 46.045409703553595], [4.9948934561026475, 46.04557335034183], [4.9948013132090034, 46.04558992255974], [4.994360489237817, 46.04569662834505], [4.993782532946952, 46.04595599403523], [4.993482815442302, 46.04574159812084], [4.991584400362473, 46.04601402848488], [4.991848227476588, 46.04665597167362], [4.992003985465384, 46.04758582245692], [4.9919796950201025, 46.047634107633975], [4.992060790432375, 46.04769070817756], [4.992021982313801, 46.04895641513122], [4.992396705551399, 46.04883507342281], [4.996431335038139, 46.0488705969318], [4.99794565745191, 46.04787617382566], [4.998350494014476, 46.04757675635595], [4.9984957623757, 46.04755712903094], [5.0004078093899835, 46.04751381733582], [5.000446479168004, 46.04752730645697], [5.000478966740267, 46.04751484110007], [5.001309166369642, 46.047537550330894], [5.003994206499373, 46.047620860451076], [5.005437329342064, 46.04756873708568], [5.005912102444425, 46.04724873969436], [5.005615420347134, 46.04787510206001], [5.004503176667972, 46.049427259435255], [5.004523640290152, 46.049847174928495], [5.004691080869235, 46.05042835736334], [5.004620660137471, 46.051389648443845], [5.00425546802501, 46.05250013781516], [5.003856259407693, 46.05289936714027], [5.003669018163156, 46.05288848774333], [5.002856717465781, 46.052486376846105], [5.002565426158506, 46.05226370215737], [5.002396713565, 46.05168524912473], [5.0022714623632325, 46.05102205249086], [5.002832005710627, 46.05055330909854], [5.002544036373285, 46.050380063406706], [5.001975460290612, 46.050171143645485], [5.001972898295423, 46.05015049789118], [4.999905930522204, 46.04935579164786], [4.999712704701203, 46.049702432933174], [4.999369854588187, 46.04989686091209], [4.998229957171342, 46.049884143588876], [4.997090267265329, 46.049926312495614], [4.9964810028901905, 46.04989296491512], [4.996552898655621, 46.05039358362401], [4.995443999404286, 46.051085870312875], [4.994387635427405, 46.050948710813884], [4.993784493070918, 46.05100972134024], [4.993325916593092, 46.05116725175382], [4.992917232546158, 46.05138841714506], [4.992413419605595, 46.05156231179271], [4.991471748032597, 46.05172399834252], [4.991204946596593, 46.05167175977214], [4.991484239106637, 46.049230127074914], [4.987331535058976, 46.05066274162083], [4.98728595454145, 46.050671913201896], [4.987488313533942, 46.05152955622184], [4.987506500825177, 46.05157144145388], [4.987235881549209, 46.05185685856419], [4.986696001249983, 46.05249068100676], [4.986094924120323, 46.05252549706582], [4.9854241260465395, 46.05360978381749], [4.985344935062646, 46.05374487320163], [4.985080295871523, 46.05415437295689], [4.984456088021634, 46.05508002483385], [4.983769896417122, 46.056432928130064], [4.983443477388947, 46.05700140848881], [4.98667570561276, 46.056844554253175], [4.98657665467457, 46.057186261262224], [4.988135479627549, 46.05713435139148], [4.988159896735289, 46.05698704271678], [4.988339431333028, 46.05700713110817], [4.990241150416448, 46.056776097022656], [4.9902481384110695, 46.05680294107425], [4.990290458942394, 46.056792939543925], [4.990915993603996, 46.05676023071211], [4.99093016183265, 46.057052463209295], [4.991851554836403, 46.057305359795905], [4.992040461557493, 46.0573504292113], [4.991827261696196, 46.056804514488626], [4.992327231643976, 46.056531692871324], [4.992220245886892, 46.056258747098816], [4.992909796292252, 46.05603187350412], [4.992958701474634, 46.05602172159713], [4.9933438820004765, 46.056815639973046], [4.99408807872117, 46.05692865636564], [4.994139856715836, 46.05716419184326], [4.994212905918107, 46.05733711329398], [4.99363939449128, 46.058124794679145], [4.9940884623017965, 46.0588010813322], [4.99390712658191, 46.0588800658139], [4.993034035990987, 46.05935702101849], [4.99205749810688, 46.059868811583264], [4.991089281317219, 46.06036869346177], [4.990280715814842, 46.06067577159492], [4.989786258827949, 46.06081522325271], [4.98892514637299, 46.060889469376264], [4.987169876935376, 46.06110893465142], [4.987115401299926, 46.06108680571362], [4.985792148750421, 46.06121509433758], [4.985999232881311, 46.06260555295434], [4.985565443617128, 46.062793971643494], [4.984500159369469, 46.062960297031466], [4.984181198154798, 46.064135341912184], [4.983686190500651, 46.06419466306929], [4.983431853189174, 46.064484189765906], [4.983511536449842, 46.0651799846919], [4.983518719378834, 46.06579645232373], [4.983261391575819, 46.066257089043546], [4.982787806046222, 46.066610268308956], [4.983175663551615, 46.06690994907188], [4.983976332862672, 46.067554631065455], [4.983693061714249, 46.068866570713254], [4.98373358741164, 46.06888362207301], [4.98282004029357, 46.07162365959682], [4.982983983731252, 46.07161981685942], [4.983003642462932, 46.071659869562275], [4.985688774220801, 46.07190477262378], [4.986033724594965, 46.07216674114754], [4.987027051093428, 46.073766502419176], [4.987066374844968, 46.07457846534115], [4.987092608346239, 46.07460215429986], [4.987122869893193, 46.07632984297869], [4.987166046519019, 46.07636934263591], [4.9871537809221165, 46.076383134419416], [4.987202430982957, 46.07738752119889], [4.987366908918212, 46.07794449258654], [4.987482383754735, 46.07827755692822], [4.988125130137156, 46.07807702675321], [4.9887953991032505, 46.07934677987386], [4.988958120832147, 46.07965083435375], [4.989024283549435, 46.07988153156818], [4.988448016091312, 46.08015162257643], [4.98808927567924, 46.080223063592335], [4.989414869238346, 46.08357041180256], [4.98941963120766, 46.083599108946586], [4.98940800341463, 46.08361018230047], [4.989300176834429, 46.08403851850936], [4.993102750821996, 46.08385641431126], [4.99314732163315, 46.083905776224334], [4.993207727946104, 46.08386834621184], [4.995269721747595, 46.08375681056804], [4.995679157684433, 46.084595167302616], [4.995069308506017, 46.08534049551271], [4.995207041798654, 46.08587738288469], [4.995242919612795, 46.08631764096072], [4.9952662237078975, 46.08631529269274], [4.995451833611873, 46.08743798704762], [4.995436897323668, 46.08744733943061], [4.995448694898282, 46.087690120782526], [4.997260022802898, 46.08798954628054], [4.997302615523777, 46.08725306797343], [4.997515262022895, 46.08716974101284], [4.9994643717291245, 46.087726946352994], [4.99964732441652, 46.0865496529618], [4.999685878311882, 46.08654424555056], [4.999472961419871, 46.08502970779796], [4.999929450212977, 46.08434018195907], [5.0011809345577705, 46.08322320365165], [5.001778357340838, 46.082559150854955], [5.001976741288206, 46.08136798405575], [5.001801226651344, 46.08015503913041], [5.002345081097396, 46.07981812775383], [5.003720951566354, 46.080775874511986], [5.004063408217275, 46.0811161647564], [5.004066928714867, 46.081156596270006], [5.00486822325337, 46.08182002291025], [5.005796478487584, 46.08218697704222], [5.006183173573, 46.08245510648802], [5.006571659000764, 46.08231449072624], [5.00653735234008, 46.082056937654954], [5.007557012052756, 46.081462992366795], [5.00772723651091, 46.08160569519562], [5.009068270313128, 46.08040638987233], [5.009044997659058, 46.08021069098286], [5.009180743878281, 46.080142665882555], [5.008884529803213, 46.07935928851868], [5.010247697195715, 46.079226191631555], [5.010527825138992, 46.07921955905559], [5.009381368223944, 46.07726623074648], [5.009669933144329, 46.07695062356532], [5.009541014121279, 46.07671061473283], [5.010136392338752, 46.07665150955214], [5.011538114524946, 46.076514786827744], [5.011819877402009, 46.07655762523451], [5.011957202859496, 46.077448285034876], [5.014412727027383, 46.07760073117275], [5.015438369519897, 46.07757640290636], [5.0166725819567315, 46.078017928021254], [5.0174517455998755, 46.07819297947783], [5.017728822864411, 46.078121588177225], [5.01768545399914, 46.07773282061647], [5.019635881533913, 46.07754245947004], [5.020182792048556, 46.077286401492856], [5.02104446415394, 46.07726591917134], [5.021295572021918, 46.07716092760279], [5.02155110678766, 46.07665073185199], [5.021685744485798, 46.07620732070244], [5.021781693541311, 46.07612761944614], [5.022658698990251, 46.07594291920343], [5.023641339130076, 46.07596815053277], [5.024252713647829, 46.076085031840464], [5.024224495768138, 46.07360109639152], [5.0244432400313865, 46.071420957638544], [5.022001725988663, 46.071106361543414], [5.020332226796084, 46.07080397322241], [5.01997457065054, 46.07065043324522], [5.019956230645699, 46.07027638233636], [5.020571044812672, 46.07000340105238], [5.021238916175279, 46.06981018313506], [5.02300743935657, 46.06924779034365], [5.022926939527339, 46.069236201803314], [5.023160364058988, 46.06921714184633], [5.0238226667651205, 46.06895831916982], [5.022382994351447, 46.063259979533136], [5.022084082635595, 46.06227324859885], [5.022633783317523, 46.060875632580746], [5.0226157370617655, 46.06087155846101], [5.023685265849177, 46.05855504857289], [5.0237492097277014, 46.05852201975343], [5.0244871999881475, 46.05664729252105], [5.024505940641594, 46.05665224779267], [5.025346590372671, 46.05466254674259], [5.024547476943686, 46.054535740317434], [5.024871896322021, 46.053537777821425], [5.023557185852583, 46.053374631544635], [5.023314138567627, 46.05461372035917], [5.0232933838912865, 46.05496529965329], [5.023267708243847, 46.05495330415006], [5.023076176645506, 46.0554295776133], [5.022328372290604, 46.05493064721694], [5.0217294978300275, 46.05461811599472], [5.02067860010165, 46.05457739447944], [5.020002986159594, 46.0546114648762], [5.020152654469101, 46.055272265702165], [5.019723750243433, 46.05555973273598], [5.019209242859391, 46.05599236178538], [5.018833541356421, 46.05643969248536], [5.018399903009217, 46.05662823881499], [5.01825671155295, 46.05702323797203], [5.018842824546592, 46.05707502763524], [5.01795095197969, 46.05792441631382], [5.017462498433832, 46.0589082559183], [5.0186941039597235, 46.059267894635816], [5.018622786709324, 46.05932990081651], [5.0185140321694535, 46.0603776371582], [5.019931262870705, 46.06063203073381], [5.019880465836335, 46.06147674271573], [5.0197522304312105, 46.0618443794089], [5.018189653215288, 46.06182299314546], [5.01818016161599, 46.06181151399815], [5.016907071890304, 46.06184174835665], [5.01672055378953, 46.061846177076376], [5.016695366825611, 46.06208983589852], [5.016664752240697, 46.062124772439994], [5.016582218625671, 46.062338280110644], [5.01497927920573, 46.061986524609445], [5.014989873936198, 46.06174321875692], [5.014885275901131, 46.06151884667151], [5.014824860605006, 46.06122770620193], [5.013519023693929, 46.06075456140724], [5.012554739728627, 46.058668212258645], [5.013884915593995, 46.05736106523634], [5.0139258994322065, 46.05735559574395], [5.015326629878339, 46.055940528092755], [5.013783463459065, 46.05528667493478], [5.014629027873093, 46.05149200761551], [5.013566973967197, 46.05125613933999], [5.013765779224404, 46.050924646363455], [5.014609635941051, 46.0506489658546], [5.01573334122488, 46.0502478118656], [5.0166284629981845, 46.050422804888456], [5.018475781006313, 46.050557167641834], [5.018571483923422, 46.05044687080443], [5.018595388093151, 46.05045710478514], [5.0189379857795835, 46.04997904898969], [5.0206389215155225, 46.05044003464146], [5.0212254064116975, 46.050435086293845], [5.021279723943692, 46.050422096022025], [5.021555661246144, 46.05034891439953], [5.0242873454986645, 46.05020647801158], [5.024193083479267, 46.04916086735456], [5.024215107475105, 46.04914863928405], [5.024241434401141, 46.04877892606896], [5.024687126342831, 46.048903343480596], [5.024721761786921, 46.04888451155205], [5.025399387955176, 46.049108734219935], [5.025728038398507, 46.04913510816305], [5.02592383250291, 46.04696991464815], [5.025674340704076, 46.046990266679586], [5.024066596195694, 46.04712668096142], [5.025383538978619, 46.04649847079132], [5.025364880970172, 46.046479112434234], [5.025752328843788, 46.04630784105719], [5.025746056806487, 46.046180158758695], [5.0268034727105695, 46.04587769313439], [5.027884866446211, 46.0460634610335], [5.0308915591432175, 46.0465435571318], [5.0310796618721385, 46.04657237890113], [5.0313974211409604, 46.046855562927206], [5.032953452333367, 46.045489669263326], [5.033008266633689, 46.04550276170359], [5.0346934755639765, 46.043708854608305], [5.035209511880645, 46.043309421051404], [5.035338544091428, 46.043092081752164], [5.036006455878204, 46.04198953554823], [5.0362191428014915, 46.041106735345885], [5.037228028120682, 46.03885904073198], [5.037221800999135, 46.03783113367384], [5.03751112230101, 46.03450868634926], [5.037941869869621, 46.032544891255874], [5.037977655157295, 46.031389049226526], [5.037625060120065, 46.02990581991782], [5.037631762450409, 46.029748121599106], [5.037368042235816, 46.02893703050475], [5.036856417545526, 46.02657088758228], [5.036805987023806, 46.02654688673558], [5.037863755965781, 46.02626320504428], [5.038155669805579, 46.02620490098161], [5.038188032511978, 46.026205925140715], [5.03887155612011, 46.02606172497392], [5.039601651985797, 46.02604423625509], [5.040113203912554, 46.026031979990016], [5.0408288099527265, 46.0258833970409], [5.0410076950684966, 46.02620319321814], [5.040972221496249, 46.02641649733819], [5.040797909703568, 46.026584510927265], [5.040980834543187, 46.02659093401956], [5.043352108415529, 46.02694457031505], [5.043725500349895, 46.0269842225665], [5.043961008074679, 46.026796728926996], [5.043970805101157, 46.02673347994615], [5.044219427330767, 46.026565472423364], [5.0444977020496, 46.02654258491953], [5.044623922533535, 46.026578268713756], [5.044776010006092, 46.02653590547153], [5.045558575569211, 46.02679259116872], [5.04589413944697, 46.02699518752484], [5.046262808937896, 46.0269053128491], [5.0468181357684445, 46.02634103476274], [5.047056943903565, 46.02599321212699], [5.04696835833846, 46.02560824274644], [5.046954654538806, 46.025331304443625], [5.046607040659815, 46.024916546821345], [5.046526388116978, 46.0246916284208], [5.0463539187689435, 46.02450222208555], [5.04614057338055, 46.024468633362254], [5.04614092013023, 46.02444162140218], [5.045785981388439, 46.02433581829803], [5.045568225271999, 46.02417900353495], [5.0452722627252165, 46.023846727445886], [5.045013427549172, 46.02331640304575], [5.0448803888522, 46.02299371961204], [5.044713450431395, 46.022918505612274], [5.044487624748727, 46.02303735055888], [5.044322108361028, 46.022990911431606], [5.044078710733103, 46.02280410723104], [5.044140792404078, 46.02263787797699], [5.044200674100893, 46.0224113796543], [5.044089322531549, 46.02205666704363], [5.0438489531244395, 46.02193100275411], [5.043402121220665, 46.02184539894719], [5.043135184139032, 46.02162404542052], [5.042822227263728, 46.021436203621086], [5.042305963673327, 46.021352261425506], [5.041733699108105, 46.02130926977281], [5.041366695093699, 46.02136938297399], [5.041281258123655, 46.02140564211448], [5.041141164058479, 46.0213477876653], [5.040395680051946, 46.021332343458916], [5.038421619638701, 46.02147596274737], [5.039205242518904, 46.02274091356352], [5.0390941577491954, 46.0228308935646], [5.039075972254588, 46.02284618515387], [5.03880050207606, 46.02306568495688], [5.03840246755685, 46.022986996071836], [5.038235007214832, 46.02301351160382], [5.037299596001039, 46.02330597316697], [5.036132219119651, 46.02326819517026], [5.035492638400301, 46.02082859323556], [5.035189591739209, 46.02069450687796], [5.034701778692148, 46.02026686744047], [5.03441232264301, 46.02003072736683], [5.034050777690598, 46.01885558623299], [5.030867567836903, 46.017614632355944], [5.029267955776777, 46.01778425657847], [5.028925623093355, 46.01788604857874], [5.0265768852565635, 46.018028499672944], [5.02722415375814, 46.01456702440717], [5.027261409587897, 46.014567935239754], [5.027244537430246, 46.01452152767796], [5.029683234356237, 46.01391239705805], [5.029825720635016, 46.01388559267864], [5.02991614684814, 46.013919443616196], [5.030885051747277, 46.013703654452016], [5.031257738504156, 46.01371005720543], [5.0314504019797734, 46.01385219090392], [5.03220800785274, 46.013591028132375], [5.03239484216046, 46.01267734145172], [5.032629060802808, 46.012351266887116], [5.032334531068931, 46.01182987486994], [5.031975090869251, 46.011811461412854], [5.031358661531397, 46.01073962156864], [5.031470807211442, 46.01073694253724], [5.030364264241094, 46.00926900661462], [5.030407638496281, 46.0092499683871], [5.030284977137512, 46.00910165728811], [5.030039654419941, 46.0087762385991], [5.030893565979567, 46.00871983528518], [5.030965248844285, 46.00869832051386], [5.031842636077226, 46.00977562545507], [5.031855405629, 46.00980682603609], [5.032290566620618, 46.010279848222424], [5.03275761510987, 46.00976275914089], [5.03277976037825, 46.009753228882474], [5.032971645912815, 46.00946777083414], [5.032999446974253, 46.00944190391771], [5.033034096791396, 46.00924302418045], [5.033082192591694, 46.0086792390391], [5.03302900334372, 46.00835193110656], [5.032634278217984, 46.008059789137526], [5.03215974766074, 46.00762102329116], [5.030411877646117, 46.00810388796209], [5.0303957672598045, 46.008054757755126], [5.030390889407799, 46.008036872135236], [5.028288882846927, 46.00821488514499], [5.028165503734244, 46.00706554813122], [5.025911067442721, 46.00729576497899], [5.025923209970387, 46.008514374898134], [5.024818372002463, 46.008312053356065], [5.024653175414963, 46.008268282260175], [5.024415359918236, 46.0082109306792], [5.024254886672508, 46.00832908160951], [5.0241699913865805, 46.00841032387611], [5.0241957972897655, 46.0084412157595], [5.024547854236134, 46.00895225517713], [5.024466207258244, 46.009197255410335], [5.024634376371039, 46.00977839312849], [5.024405312261768, 46.009849566461114], [5.023173130017473, 46.00968537464311], [5.023160912031283, 46.00964965561296], [5.022603691552153, 46.00969713664954], [5.022692997566096, 46.008688568578954], [5.018692041427821, 46.010618413674166], [5.018609258979433, 46.01060867705142], [5.018474397600784, 46.010722610278684], [5.018292105175123, 46.01080976422884], [5.01496290291811, 46.012117656554985], [5.013271838768775, 46.01277444505052], [5.010391031484153, 46.014371326693436], [5.010101374212366, 46.01396409612793], [5.009707989373031, 46.01326584859712], [5.008194040658386, 46.01045344737765], [5.008155609832226, 46.010295919422056], [5.008132747708263, 46.01022444094939], [5.007985280271211, 46.01003258737071], [5.007968277857815, 46.01001228598969], [5.00802240315033, 46.00974994273672], [5.00919058941377, 46.00951161959411], [5.009276638136537, 46.00952218684059], [5.009687034372406, 46.00940983401574], [5.0108128399173815, 46.009182403028596], [5.011477195273949, 46.00884707380749], [5.0114823327390825, 46.00834103607422], [5.0114608710886275, 46.00829833441497], [5.011488476317298, 46.00828417560066], [5.011693519475851, 46.008186588683635], [5.01167947072311, 46.007898852057366], [5.011759368681119, 46.00774662152062], [5.012403403247644, 46.007593616259584], [5.012614434575881, 46.0074679796225], [5.012596737764795, 46.007105612715094], [5.012895736617199, 46.00697699189562], [5.0129836295812416, 46.006991107992455], [5.0138955300873995, 46.006998275229584], [5.013885205749824, 46.00678696644478], [5.0141480734632395, 46.00679423041994], [5.014175534961475, 46.006811586711976], [5.014846171338515, 46.006854178456784], [5.01502474563719, 46.00695796099048], [5.015830887484965, 46.007013531889044], [5.0162331997815865, 46.007214625273505], [5.017014274141356, 46.0067576603323], [5.0167976166644985, 46.006324407370904], [5.016746153080183, 46.00626261186326], [5.016772603973717, 46.006259285577194], [5.01674804493217, 46.00621935640187], [5.016716038856918, 46.005977063421746], [5.016795001668714, 46.005808642161256], [5.017169805754685, 46.005481965537676], [5.017522730473616, 46.00517020222047], [5.017897671103545, 46.00481470949116], [5.018059224124251, 46.00458400997208], [5.017753894844001, 46.004120457827376], [5.017656103343875, 46.00401745680508], [5.017479478389334, 46.003924433623624], [5.017442444443429, 46.00392531343257], [5.017163112407512, 46.00319827512006], [5.017237851340823, 46.002830110829116], [5.017914555837622, 46.00279962452607], [5.0189469455762, 46.002762473981875], [5.018923925348748, 46.00229220547754], [5.018354632410491, 46.00217341453534], [5.018273047416367, 46.0020583242764], [5.018265302141993, 46.001900069163405], [5.018586516331384, 46.001566556577735], [5.01918824204468, 46.00115795251288], [5.020067332483418, 46.0007949564508], [5.0200793609250525, 46.000784769433295], [5.020128200530413, 46.00076920279332], [5.02016402624229, 46.000807057938744], [5.020462296561015, 46.000880980356676], [5.021170481618598, 46.00020696871473], [5.021123236522885, 46.00011807201682], [5.020781795866547, 45.99982192525773], [5.020773648146908, 45.99965557636994], [5.021176934217283, 45.99946593450832], [5.021269554116351, 45.999115348707896], [5.021814419167105, 45.999147387760274], [5.021827725013078, 45.999418935176344], [5.022392189506704, 45.99940549297065], [5.023102286179244, 45.999282357571836], [5.022340279459697, 45.998346276708794], [5.023154118971132, 45.998100033373014], [5.023677184604855, 45.998148789882634], [5.0241395879057835, 45.998243097069064], [5.024606283357143, 45.998475029297865], [5.024997223880575, 45.9984792153542], [5.025491352084098, 45.99834860500526], [5.0263025397688015, 45.9985093040289], [5.027171031883783, 45.998474186220584], [5.027411736362509, 45.99762044063755], [5.0282057922764345, 45.9974349473576], [5.02784891407191, 45.99679080861003], [5.0274168801158226, 45.995983717948974], [5.027060161811415, 45.995342271416916], [5.027235888450692, 45.99494378389407], [5.027741266256498, 45.994598642027135], [5.028441618004824, 45.99427854947973], [5.028425275853161, 45.99394586280818], [5.028725570974544, 45.993848673108076], [5.028764410534182, 45.99385044303185], [5.028767527688211, 45.99383236746434], [5.029318547096945, 45.99354644406595], [5.030248645674136, 45.99300840102741], [5.030325518106253, 45.99279591791778], [5.030684210009317, 45.99260460365946], [5.031450627456912, 45.99226851176987], [5.031940014352354, 45.992058763798084], [5.032740846258451, 45.99199460943781], [5.033312872770143, 45.991692864570375], [5.033536517343258, 45.99180994671975], [5.034422947017847, 45.99130441907908], [5.035033213912881, 45.99089552078865], [5.0351929110141835, 45.99149755089501], [5.035815964528934, 45.99225052680574], [5.03607657477601, 45.992019233791495], [5.036687833411105, 45.99182455599225], [5.036757129452103, 45.99282214149143], [5.037259251763329, 45.993280034114676], [5.037639455622485, 45.99396859717256], [5.037968347712635, 45.99314151601066], [5.040380649440611, 45.989055209227864], [5.040425243607957, 45.98906134083447], [5.0432239879947645, 45.98401595986272], [5.043153726264821, 45.983981636830386], [5.043220090204759, 45.98396833881093], [5.0437049720490235, 45.98296645269539], [5.04295182541315, 45.983242899670095], [5.042716324874875, 45.98314952945663], [5.042656313820644, 45.98315816980188], [5.0426018570497995, 45.98316667906126], [5.0422623630426715, 45.98333686771938], [5.041806135659355, 45.983446837830755], [5.039657706859545, 45.98032237753318], [5.039653362606815, 45.98023426041113], [5.039463165006663, 45.979977756250136], [5.039260133176046, 45.97959057942689], [5.039801172301994, 45.979204467999544], [5.039376691380768, 45.978697916307105], [5.039169899202368, 45.97797369410454], [5.0392937274727, 45.977376577926414], [5.039039663249106, 45.97729624648501], [5.038519303341008, 45.97715208422045], [5.0376361588054035, 45.97742530337521], [5.037228155681469, 45.97723432866169], [5.036422313870992, 45.97716091091278], [5.0358273515734755, 45.977056326473374], [5.035723671616642, 45.976885966184255], [5.035728582706307, 45.976592375787064], [5.035414649362291, 45.97642884940052], [5.035358608861597, 45.976043096119916], [5.035431984152314, 45.975616434343294], [5.03567174270503, 45.97543785259901], [5.036070229076847, 45.975239266416025], [5.035375462154642, 45.97486160521562], [5.035230200979929, 45.97382803003548], [5.03393313611761, 45.97380685943043], [5.033790359683001, 45.97361042504797], [5.033180877017235, 45.97363760667641], [5.033061508882292, 45.972738447585925], [5.034803477863782, 45.97212512586913], [5.034804454332493, 45.971751512260596], [5.0355627258570745, 45.971681142770194], [5.035635213612326, 45.97159839248049], [5.036165946367008, 45.971561378948884], [5.035923348239701, 45.970876715932015], [5.035708097524564, 45.97037504732106], [5.035698448720106, 45.96981714098145], [5.035699329967393, 45.969803616038135], [5.035707178548034, 45.969551366062575], [5.0353657971805035, 45.969584747756585], [5.035059430346106, 45.96957137635044], [5.034543659032482, 45.96843774209304], [5.034591700933888, 45.9683645736724], [5.034949332824909, 45.96839922357016], [5.035200325708526, 45.968286992038855], [5.035215082333712, 45.967965260055784], [5.035665739263995, 45.96800398367813], [5.035314854619071, 45.968334660918686], [5.035571451193449, 45.96856437207129], [5.036895344241717, 45.96816807690481], [5.038737808652396, 45.96768552246146], [5.040154644094924, 45.967439095885524], [5.041326756894477, 45.96733535724265], [5.043112944547557, 45.96705302897969], [5.045250070744454, 45.96682165066533], [5.045280312528507, 45.9668929379472], [5.045222404430347, 45.96691503467571], [5.045304564346213, 45.967059797407146], [5.045346148259052, 45.96704979711776], [5.0453807980761605, 45.967131785575695], [5.046184903443183, 45.96839797418866], [5.046377363899557, 45.9688650654425], [5.045787431269322, 45.969336561419894], [5.045504735940972, 45.96964042923909], [5.045099836496343, 45.97000304524413], [5.044327394048149, 45.970243056376425], [5.044290201100423, 45.97118918442441], [5.044339332658274, 45.97135004596906], [5.04339138455639, 45.971534847491355], [5.0426690034223425, 45.97175924222286], [5.043054877447578, 45.973984333279645], [5.043312983191646, 45.97542029168428], [5.043379588778403, 45.97539889007276], [5.0437290864245075, 45.976985694657955], [5.043724329845077, 45.97701101239818], [5.044408893702282, 45.97994730292688], [5.044636304013096, 45.9813173831366], [5.0441438763204465, 45.98250850034097], [5.0440638013943095, 45.98260225178458], [5.04408112360794, 45.98265764864461], [5.043796116914392, 45.983373865265975], [5.0437886204733475, 45.98358289834915], [5.043955677471769, 45.98372832723758], [5.043943960745527, 45.98385193793444], [5.044071152308292, 45.98391189647289], [5.044268739449968, 45.983956665589105], [5.044612685507643, 45.98407263679453], [5.044568603380044, 45.98426004371662], [5.044374749636671, 45.98464909230666], [5.0443742205289475, 45.984996591373005], [5.045508278896458, 45.984198757256735], [5.046620434540704, 45.9854557540414], [5.047091418549208, 45.985871139690005], [5.046015811760634, 45.98641732145263], [5.045996375811135, 45.986415988213935], [5.044982097007004, 45.986878761793236], [5.046351255264116, 45.98828622959775], [5.046527161566446, 45.98857907704092], [5.046869846389463, 45.988883214390036], [5.046409375364691, 45.98910403799355], [5.046267590670144, 45.98946753204481], [5.045563867544545, 45.99071144732408], [5.0472616133629575, 45.991563674921785], [5.047333221667517, 45.99154394531991], [5.048620803913709, 45.992197158541785], [5.048919933920157, 45.991996414371165], [5.04962412416968, 45.99149605238736], [5.050176798275201, 45.99114697078015], [5.055036038073609, 45.98899541666569], [5.056185048000675, 45.98856530701922], [5.056295235353448, 45.98855544792629], [5.057556396350477, 45.9906450638903], [5.057698032823035, 45.99089640829425], [5.058012658768114, 45.991219198507814], [5.058175947333946, 45.99131878382993], [5.059041275582516, 45.99143292904335], [5.059110547369025, 45.991431257028914], [5.05929514038012, 45.99142679957181], [5.0595257989990055, 45.99142122993432], [5.06005937312494, 45.99147136414087], [5.060371406532129, 45.99170508538274], [5.059401178414601, 45.99216242679668], [5.058133357308025, 45.99311126464763], [5.057615330324689, 45.993863753655546], [5.057079525681927, 45.99463287547345], [5.0580557922748115, 45.99483437645191], [5.0575537669816395, 45.9958754502401], [5.0567241809016155, 45.995800943870336], [5.056761396307202, 45.996095321704374], [5.05689596932665, 45.99704991830931], [5.056900019830262, 45.99719655867694], [5.056964171219649, 45.99770813631143], [5.056912432750855, 45.997805710510924], [5.0568993263308695, 45.997833035649194], [5.056478278770683, 45.99868760230504], [5.055919724293329, 45.99925741445007], [5.053666587864006, 46.00157128965212], [5.053579391992612, 46.00163640885242], [5.053511853056303, 46.00177486950092], [5.0533962003533555, 46.00184967608376], [5.053034957234902, 46.00211944307436], [5.052560354812424, 46.00225510513643], [5.051278193898981, 46.002595651588486], [5.0512411833092665, 46.00263075180512], [5.049746236657823, 46.00292958977119], [5.049035687234413, 46.00294668083247], [5.046788270378509, 46.00300070889343], [5.0465616784329175, 46.003204200492334], [5.0465367717433605, 46.003204797647], [5.0461396822517965, 46.003437593886225], [5.04524005273239, 46.00397053122491], [5.045145368504824, 46.00401511813955], [5.0451374678219185, 46.00405401560078], [5.043953261003677, 46.004595576512614], [5.043485136332701, 46.004829169945964], [5.043344533821069, 46.00494056804682], [5.043300668187436, 46.00492091559418], [5.043087765668446, 46.00508806604512], [5.042953690315657, 46.00561161250199], [5.042297541069209, 46.00520604831197], [5.041682175336651, 46.00569432693303], [5.041002275532408, 46.005644915676434], [5.040845433277048, 46.00588543433302], [5.040962492741717, 46.005985250956265], [5.04092957128319, 46.00600404883707], [5.04117496227274, 46.00608638643732], [5.04116071319568, 46.0061902540211], [5.040792097603681, 46.00673652540493], [5.040429448621803, 46.00699547746777], [5.039346309459567, 46.0075453715901], [5.039070157459743, 46.008036306853185], [5.0404592628077705, 46.00799220984656], [5.040271796086061, 46.0095288864376], [5.03990169018901, 46.00935951328787], [5.039884803658306, 46.00945714056179], [5.039564118576605, 46.00979971094753], [5.038687915323206, 46.01009347275182], [5.03809141870318, 46.01024548969274], [5.038126554508885, 46.01026895356981], [5.03818924074604, 46.01042679043502], [5.0385827001455326, 46.011200565888835], [5.039161621227014, 46.012116625896034], [5.0393308665214995, 46.01270041686827], [5.039349956619618, 46.01269455802049], [5.039431939567389, 46.01291584872247], [5.039655780871568, 46.01309772964894], [5.0397941214253095, 46.01337978446101], [5.039641003585149, 46.013518485853176], [5.03963185244735, 46.013694250893934], [5.040044933747576, 46.01450355618512], [5.04034333252542, 46.015475842553506], [5.04041789718556, 46.01590796392535], [5.04043067931376, 46.01616692108664], [5.040623403874814, 46.016471983557445], [5.0406369864018945, 46.016747124059385], [5.0404926064745, 46.017060261302], [5.040334902734791, 46.01749885183329], [5.040494264764509, 46.01781641207871], [5.040892127705507, 46.018316396946936], [5.0413665486683055, 46.01891177460115], [5.041741366229032, 46.019274578799426], [5.042097053267471, 46.01963964813279], [5.042487783585148, 46.01996335545587], [5.0428623586007255, 46.02035226846364], [5.042988661729694, 46.02050498267534], [5.04332244424821, 46.0206410094776], [5.043424684205663, 46.020652060529414], [5.043493870652213, 46.02067920284162], [5.044680174138314, 46.019663187870776], [5.045997138480803, 46.018564800394], [5.047555829584815, 46.01981917643364], [5.047765093028564, 46.0196584089355], [5.048224291140548, 46.02002546938771], [5.0488739024483555, 46.020555393068925], [5.0500881085055, 46.01989332920312], [5.051319321467628, 46.01923084944092], [5.0529460186318715, 46.01827346219616], [5.053500108482285, 46.01795044178629], [5.053097599454599, 46.01739028873631], [5.05250797853979, 46.01662128800043], [5.052257600103788, 46.01623121710571], [5.051430567035782, 46.01538240132305], [5.050760777770038, 46.01480437313942], [5.05024734746605, 46.0144818396617], [5.049374626082667, 46.014063521983296], [5.049207528660043, 46.013984718596326], [5.042568742453496, 46.01078093004483], [5.043829209052835, 46.0103545865295], [5.045864531873535, 46.009806991372685], [5.045898556463231, 46.00977917114665], [5.045918991339304, 46.009782280723634], [5.046413179729932, 46.00968578767348], [5.046467695789585, 46.00961245850794], [5.046523175741524, 46.009608427400664], [5.04796279784956, 46.008642098682586], [5.048331582324813, 46.0088807936857], [5.0485525094942085, 46.009037523934076], [5.048564749938293, 46.00928479048197], [5.048547608286045, 46.009298706336324], [5.0485115723684135, 46.01000624529947], [5.0489733387638, 46.00996994000136], [5.049362844677734, 46.00991196065915], [5.049873871090023, 46.00982944969065], [5.0499926804728705, 46.009880604159704], [5.050106355983875, 46.00984366613315], [5.051026378158523, 46.0097342045477], [5.051864691371549, 46.00973833235224], [5.052571166935189, 46.00999679743911], [5.053223209084141, 46.01021515097475], [5.053708097216652, 46.01029079153754], [5.054272190706043, 46.01020248441314], [5.055000990302784, 46.010160617107594], [5.05564689246681, 46.01025757601146], [5.055590946289211, 46.010413766424435], [5.05588488044008, 46.01036707087592], [5.055897210715672, 46.01040458379324], [5.056650713084398, 46.010748305023384], [5.056912700448824, 46.011062472598596], [5.058282873802222, 46.011499334477406], [5.05943080485264, 46.01175070519644], [5.060388780848058, 46.01191842333618], [5.061499666274475, 46.01204283453402], [5.061555176769148, 46.01205499844573], [5.061885291466381, 46.012231566085624], [5.062194984762264, 46.012483348981675], [5.0607052079153165, 46.01396330943447], [5.060687797666803, 46.014197787872945], [5.060485978561802, 46.016341611571036], [5.060235145578268, 46.01683739079665], [5.059830301829193, 46.01731798350443], [5.059331720676825, 46.017181478784146], [5.059045099710693, 46.01757369641624], [5.059299795449946, 46.01775840103748], [5.058822213315661, 46.018047194897534], [5.058160472056548, 46.01829902492672], [5.0576485581087605, 46.017863055174935], [5.057218450140615, 46.018470280818406], [5.0564404174763835, 46.01947479607745], [5.055459004435228, 46.02051121060367], [5.058258670493525, 46.02460006027541], [5.058963854279773, 46.025688532764136], [5.062681722525932, 46.03139805312252], [5.062722212290739, 46.03137006601285], [5.064471304014147, 46.03414552000745], [5.066070433678965, 46.03660049804499], [5.065889505794228, 46.0366660873631], [5.065815834957766, 46.03669487811631], [5.065829730098569, 46.03671434466805], [5.065799560179751, 46.03673398270505], [5.0645561894186075, 46.03769939212307], [5.064535785983533, 46.03775929855181], [5.064173321156293, 46.03800842094597], [5.05859703980992, 46.03995522973924], [5.058513872882574, 46.04002205598109], [5.058477834270018, 46.04001212312248], [5.058039286629776, 46.04014603042753], [5.057306255968038, 46.040449077418366], [5.0566392380049745, 46.04065240254808], [5.0558365349081225, 46.040968824619796], [5.055328097440468, 46.041143116852275], [5.05484363870267, 46.04144106268559], [5.054748016633934, 46.041665719005785], [5.054439332146125, 46.0422808111192], [5.054400052412009, 46.04228895773678], [5.054272732390159, 46.04250807916269], [5.0538698254088255, 46.0430012056624], [5.052761095040744, 46.04364905190071], [5.049438519655587, 46.045553732904615], [5.048996056259031, 46.045315000424985], [5.047828696445621, 46.04427448176396], [5.047092165947525, 46.04434979203235], [5.046721639638934, 46.04410932282215], [5.044770305704023, 46.04362053039472], [5.044426153033848, 46.043473951994], [5.044707583534252, 46.04262953640672], [5.045393404134563, 46.04198967397602], [5.045996225792485, 46.04144406821911], [5.046212345178482, 46.041263335595694], [5.046575128907658, 46.04101876177757], [5.047057548469745, 46.04071010085676], [5.047539371550493, 46.040016158872625], [5.044967361043084, 46.038799591959396], [5.044028211041073, 46.03995191358612], [5.04367022431553, 46.04029358231681], [5.043672526697591, 46.040308831661285], [5.042350397940522, 46.04169087496451], [5.040559601031734, 46.042960804809674], [5.039048298753937, 46.04447337143234], [5.038656280252155, 46.044896864284325], [5.041127242866526, 46.046174508590546], [5.042517314801797, 46.047045920175876], [5.042526680636936, 46.04705739865189], [5.043405528530522, 46.047540447669675], [5.043796889465529, 46.0478569462592], [5.04399114206088, 46.047960310794586], [5.044731326007238, 46.04833685094964], [5.044757005247932, 46.04834884227875], [5.04525861192619, 46.0486068712578], [5.047044237233855, 46.04941922172971], [5.0479708350763906, 46.0498047690464], [5.048777061365793, 46.05025801595731], [5.04955116569725, 46.05059770009845], [5.049597984093242, 46.050613683518044], [5.0504205237882, 46.05092068809419], [5.050236867719945, 46.05137342210617], [5.050200324254186, 46.05145261858378], [5.049677213704676, 46.05131485587912], [5.0497083933298645, 46.05160218017154], [5.049701323588575, 46.05162395318573], [5.04959317720814, 46.052669016601925], [5.049458709291586, 46.05285950032127], [5.0477733584274915, 46.05227883410971], [5.047768425778262, 46.05226275017589], [5.046898279864824, 46.052036086471354], [5.046705451997504, 46.05227026939527], [5.046232869886098, 46.052126780618075], [5.045200087583721, 46.053107608895694], [5.044466824258335, 46.053771566613385], [5.037072790256437, 46.049946308689776], [5.036733506455098, 46.04978608643228], [5.036203270468744, 46.04965203291068], [5.035575544816188, 46.049620234468584], [5.035362047612519, 46.04987920329646], [5.034843515776014, 46.05075401471362], [5.034541121291816, 46.05125816428575], [5.033858779866596, 46.05227011852462], [5.031270151424748, 46.05387313088113], [5.029512254414923, 46.05496834060835], [5.02948280225002, 46.05545516181177], [5.029801005286608, 46.056237968968404], [5.02998694217736, 46.0568159759755], [5.030107743125207, 46.0575287709315], [5.030051227415747, 46.05848255345185], [5.030085822435634, 46.05849703228675], [5.030081934527097, 46.0591065717709], [5.030651645181971, 46.05900835644854], [5.0311063858535245, 46.05903351198997], [5.032074447234621, 46.05922825495156], [5.032721427376963, 46.05928662328736], [5.032684167953918, 46.05936493323064], [5.032655612307684, 46.05936020946622], [5.032461875345302, 46.062137528707076], [5.032374927408939, 46.0625068919512], [5.032425566339819, 46.06266322147692], [5.032371218265124, 46.06344771222184], [5.031833305276375, 46.063178786075724], [5.0315873645178675, 46.063499740195155], [5.031305338434422, 46.06379724319694], [5.031074759765612, 46.06405750807932], [5.030967539548251, 46.06437514302658], [5.030815196954152, 46.064792883641495], [5.030273884740352, 46.064740084628454], [5.029839945457554, 46.064669417019005], [5.029737135069912, 46.06510847932389], [5.029418998508676, 46.06578943107684], [5.029246688162428, 46.06616443546387], [5.028863149756947, 46.06683074359837], [5.0287525887050135, 46.06711245194735], [5.028692505785581, 46.06727142166256], [5.028721436029304, 46.06726802924142], [5.029324412197461, 46.06712131975954], [5.029597330262235, 46.06714811639965], [5.030316391222977, 46.06725519313558], [5.030318074665837, 46.067289357925155], [5.030315218921531, 46.06741275947812], [5.030322632717576, 46.06861437837455], [5.030814270791111, 46.06902755343853], [5.030868869495764, 46.06908566336406], [5.033938451449169, 46.06945078074045], [5.034694051384083, 46.06957675890938], [5.036648719865318, 46.070331233331565], [5.0382823924477576, 46.070935810949884], [5.043686824283661, 46.072674332238584], [5.044029250391881, 46.07289748238413], [5.044518199807737, 46.07328725557208], [5.044516495703642, 46.07330260175105], [5.044534881522569, 46.073297657944934], [5.044548356251831, 46.0733243431507], [5.045136828221419, 46.07389537292563], [5.045345761983466, 46.07398488637476], [5.047289044318458, 46.073881533781176], [5.047945616671408, 46.073999002188366], [5.047890249907203, 46.07421818788578], [5.048055230899033, 46.074237634359655], [5.048077839698081, 46.074234387568644], [5.050226180463009, 46.07447085191896], [5.050313820102104, 46.07411765564492], [5.050266230053305, 46.07408909378617], [5.050293397802457, 46.07334845330404], [5.052319684469687, 46.07383536920705], [5.052833219876602, 46.073946348459025], [5.05351442493296, 46.07395516157919], [5.053622983640095, 46.07370048975799], [5.053631017273672, 46.07371379487366], [5.053708832936875, 46.07339233988833], [5.053838566731892, 46.07330369857423], [5.0539859182862505, 46.073095801581644], [5.0540463434638445, 46.07273425121768], [5.054381891171923, 46.07271897405606], [5.054413545107579, 46.07267140007265], [5.054561294615619, 46.07247159612368], [5.0547262082338, 46.07240640641395], [5.055525570496113, 46.0726824376044], [5.056246073252896, 46.07340147404181], [5.0565604198219445, 46.07385482204772], [5.056579862957955, 46.07403259944294], [5.056304616459937, 46.07457936521392], [5.056042642570268, 46.0751798294656], [5.055995992159267, 46.07541231393295], [5.055887897881131, 46.075824522676925], [5.05587966751649, 46.07601556712948], [5.055879922638032, 46.07608578088308], [5.056078061345293, 46.07678769290818], [5.0561801791318395, 46.077361379474496], [5.056222867074144, 46.07769973597061], [5.056175827692599, 46.07800514675933], [5.056154194463932, 46.07802547613677], [5.056199229704085, 46.07803879391882], [5.056189299726937, 46.07804984034733], [5.056447285096727, 46.078165155656805], [5.056838341502851, 46.07822505247266], [5.056882790143099, 46.07822398129602], [5.057862146940599, 46.07842364103748], [5.058169870231048, 46.07810834581516], [5.058240577525385, 46.078099440510286], [5.058762519366706, 46.078109364027114], [5.060127556153334, 46.07811515611978], [5.0601161762953035, 46.07813073525704], [5.06008414686386, 46.07846189229931], [5.05917323450451, 46.07947411567698], [5.058562791539712, 46.080319749433265], [5.059703098588333, 46.08048760659259], [5.059727720511943, 46.08047801126139], [5.0597443465312235, 46.0805028130611], [5.059925366942427, 46.08056596497415], [5.06024094689839, 46.08060336482532], [5.060606954681115, 46.08066385406629], [5.061599334355271, 46.0807029293978], [5.061849097445294, 46.080717608654844], [5.062824644487637, 46.08069405940591], [5.063268671851106, 46.08071304561089], [5.064240710073952, 46.081299030710085], [5.065551978199247, 46.08154011624434], [5.066755465558424, 46.081529033751536], [5.067059662961399, 46.08158199241961], [5.067495082667814, 46.08162277564396], [5.067651753344961, 46.081132859653344], [5.06788618578632, 46.08093634332944], [5.068079971257747, 46.0799774054596], [5.068614163424584, 46.08013372788075], [5.068770881712446, 46.0795960954363], [5.0687444730397075, 46.07956972482537], [5.069273795439414, 46.07797880155999], [5.066568815405311, 46.07793620665903], [5.066525750170591, 46.077962450929604], [5.063463516436244, 46.07730545243176], [5.063651874286707, 46.07704614112082], [5.062471314628514, 46.07687929608858], [5.063870257427222, 46.075749031609895], [5.064777826257076, 46.07530579518117], [5.065640496390702, 46.071545369534306], [5.065703515902847, 46.070962298489995], [5.065643944124762, 46.07093492846788], [5.066017839115703, 46.069354985784834], [5.066214776775444, 46.06905584306661], [5.0666823606606, 46.06869074863089], [5.067093637245458, 46.0684440413344], [5.067373395082799, 46.0680708785681], [5.064916652799381, 46.06724354434357], [5.064825127946674, 46.06725475747455], [5.062611696154594, 46.06648901213385], [5.062751662659015, 46.06629477906616], [5.0627553089207336, 46.065526793419274], [5.063378943645507, 46.064008340955155], [5.06404766122108, 46.062974924910264], [5.064401058453852, 46.062849354280424], [5.064421649636818, 46.06243475232331], [5.064164518564835, 46.062353639930315], [5.064564770126182, 46.06188665262842], [5.063767756060015, 46.06160883335205], [5.0643626887131274, 46.06080044894102], [5.065117287026512, 46.06149069716967], [5.065348681365619, 46.0610556945351], [5.0653794693253404, 46.060993731432475], [5.065366091614132, 46.06095354632297], [5.065961087149308, 46.05969053913239], [5.065983089585583, 46.059693607877925], [5.066544798047879, 46.058269358137245], [5.0670586155257835, 46.05837666092159], [5.067162679961574, 46.05835793570155], [5.067263916500802, 46.05815023674817], [5.06788961106252, 46.05677574107178], [5.068573442792758, 46.05690863527073], [5.0687634679163995, 46.056604254762156], [5.068515369404598, 46.05644191734777], [5.068293460376576, 46.05592875285845], [5.068263345255013, 46.05581244976457], [5.068247921181584, 46.05582722977472], [5.065586887629517, 46.04969078230799], [5.065599554773322, 46.0495869478026], [5.064330009799717, 46.0467323910105], [5.064268682713604, 46.04666906009653], [5.064239143412115, 46.046644564192775], [5.063688019798784, 46.04550558245753], [5.063736082361422, 46.04543240616776], [5.0637490863734715, 46.04538708073947], [5.063791948588946, 46.04533923379682], [5.063920560388189, 46.045112868400274], [5.066611705468561, 46.04330854623377], [5.066300073608309, 46.042811957469986], [5.066258131267695, 46.042756252942645], [5.0660131490115905, 46.04235437506344], [5.066032074718007, 46.04234491589436], [5.06628004926231, 46.042329916529745], [5.067492186499338, 46.04183066825731], [5.0680882177920346, 46.04148495530618], [5.068580044511793, 46.04128670400141], [5.068688894273088, 46.041266063032644], [5.068759153308075, 46.04137869096925], [5.068801381312965, 46.04138306895149], [5.0694700485829, 46.04237873943112], [5.069723763361856, 46.04333585076382], [5.069871521853034, 46.04398044138979], [5.0698733211785525, 46.04408122305663], [5.070549875656703, 46.04772699369616], [5.070741343474685, 46.047871791370106], [5.071111225691225, 46.047283978665725], [5.071822938432943, 46.04661856253474], [5.072949113185525, 46.04695405986053], [5.072960241515269, 46.04696459064727], [5.073005230043006, 46.047008511924574], [5.073902711690519, 46.047261320456734], [5.0743194805750305, 46.04701444943712], [5.075972438189992, 46.04751088570387], [5.0757903353088505, 46.047842988359776], [5.075661689373653, 46.04804956640722], [5.075570304658092, 46.04811210017877], [5.0755905850239635, 46.048114305425365], [5.075622267705694, 46.048117142879896], [5.075487694686246, 46.04826984585126], [5.075611665788716, 46.04890780752891], [5.075309246151698, 46.04900066526356], [5.074927348069916, 46.04932951631769], [5.0749696425501245, 46.049562554817285], [5.074652363879951, 46.04995554897025], [5.074861335371243, 46.05046541541196], [5.075213487539037, 46.05075395049829], [5.075510183111084, 46.05117436713009], [5.075921809140579, 46.051503765092626], [5.075954573393914, 46.05152817841761], [5.077359012085531, 46.05180196427476], [5.077669105131723, 46.05178182723202], [5.0795921205756, 46.0523562774466], [5.080779835315007, 46.05281983858071], [5.081129149704837, 46.05304810874865], [5.081144643846841, 46.0530837367768], [5.081141768339632, 46.053204440742114], [5.080866373619593, 46.05324084295898], [5.079998080930601, 46.05318363216166], [5.0799697956772265, 46.05318431917283], [5.079237862756775, 46.05512321277335], [5.0787948181502305, 46.055476068032995], [5.078138670700409, 46.05583409831066], [5.077532977128499, 46.05601985267356], [5.0766134634003075, 46.05602237428657], [5.076311280918523, 46.05602520634774], [5.074342706516686, 46.053960115818725], [5.074067442052392, 46.054144134673976], [5.073143370272428, 46.05444291557793], [5.072329936799513, 46.05580938579051], [5.0715916599765265, 46.056382726252274], [5.071068120032304, 46.05685452647523], [5.069072942921655, 46.05650404265152], [5.069586503481389, 46.05749987134723], [5.070017042640874, 46.05780273025981], [5.0705835579882725, 46.05898181953719], [5.07159344672562, 46.06099639306851], [5.074056882356212, 46.061332784805295], [5.075236960517427, 46.061317667177086], [5.0753038984808105, 46.06066787203735], [5.075145033219454, 46.06033593875074], [5.0751661292555905, 46.060176080122865], [5.075358806205931, 46.06005437908399], [5.075908212240411, 46.0596629459724], [5.076091897953105, 46.05956846613004], [5.077001364024828, 46.058976539082416], [5.078293301303515, 46.058128653316786], [5.078583381681803, 46.05800007638256], [5.085028513570999, 46.064703165803245], [5.08506458272629, 46.06484182692891], [5.08769314846903, 46.06754154447575], [5.08907764456135, 46.06903190492285], [5.089131310814715, 46.06903689959385], [5.090959910627292, 46.07103045643587], [5.09299221780357, 46.073146843289244], [5.0927918539693655, 46.073277769294386], [5.091687749026673, 46.07299593598812], [5.09082526664094, 46.072803617230996], [5.087458146495778, 46.07148582693304], [5.087419430005341, 46.07150297782134], [5.084425131364322, 46.07021652488146], [5.082526587825407, 46.07204564487902], [5.081725481933128, 46.07285148587405], [5.0812650818752925, 46.07253858930774], [5.081228280593069, 46.07254488428721], [5.078841675173764, 46.070462109302426], [5.078785957168261, 46.070447254683124], [5.076477587823701, 46.06801684179025], [5.074205003766783, 46.0675903425998], [5.074189963273981, 46.06758170609227], [5.074108644181197, 46.06755666850207], [5.073891561801212, 46.06744940225629], [5.072741915866901, 46.067154988513515], [5.072745851386185, 46.067184600421164], [5.072679372461884, 46.0679244055642], [5.07254773154353, 46.06839572012836], [5.072466092650513, 46.06885051654064], [5.072450613779827, 46.06886169382022], [5.072262626933598, 46.070164391056956], [5.072351771250831, 46.07016763185514], [5.072596891847454, 46.07043176686083], [5.072536672384063, 46.070795120335944], [5.0725295981511875, 46.07115538336779], [5.072569043175337, 46.071442505959254], [5.0727990002099554, 46.071887049129515], [5.07294807293642, 46.07226333765264], [5.073356330283599, 46.072667554292195], [5.073518436666483, 46.07278965878141], [5.073743909311226, 46.073144286936085], [5.07391332798055, 46.073428257038806], [5.074158611172249, 46.073677075239324], [5.074663041255418, 46.073934912963004], [5.075197705037799, 46.074246035508445], [5.075467921868534, 46.07449154840608], [5.07551253939207, 46.07485055902648], [5.075555744763969, 46.075212307405], [5.075696519752145, 46.075424949973424], [5.076028978153971, 46.07584899940607], [5.076611205035705, 46.07661087844265], [5.076658778914822, 46.07705984113177], [5.076591040552492, 46.077241530934884], [5.076030001335066, 46.077435190197384], [5.074573407356401, 46.07783061814772], [5.073679988788893, 46.07808813798076], [5.07309656714782, 46.07833634381304], [5.072615477990667, 46.07856405858838], [5.072257419399891, 46.0786627581914], [5.071302442879216, 46.07873990280776], [5.071056184117137, 46.07873056203436], [5.071028975045485, 46.07896258288818], [5.070992251018344, 46.079012084399146], [5.070648090263329, 46.08172922861525], [5.070507993503195, 46.08182264428689], [5.070447866566305, 46.08186461308941], [5.0703857426745, 46.08269253442325], [5.070116576872669, 46.08455533894638], [5.069932022489116, 46.08605599631071], [5.069546150260508, 46.086101345056925], [5.067631434351547, 46.086168371538406], [5.067144679519902, 46.08576333291743], [5.066999295275987, 46.08544276059228], [5.064385765534464, 46.08552392753083], [5.064323312859288, 46.0853093799349], [5.063827011631121, 46.085231343558675], [5.062425381971394, 46.08517516093811], [5.062357330995374, 46.08515699559403], [5.062406590113979, 46.08530164776719], [5.062527888728485, 46.08565881172534], [5.062704582853268, 46.08610466155443], [5.063016546191883, 46.08662196917029], [5.063277957736203, 46.087209814204556], [5.063468768885706, 46.08790738861386], [5.063760405146066, 46.08855121290514], [5.063788197224334, 46.08910868776286], [5.06375644177904, 46.089525365225015], [5.063900919622816, 46.08982795561141], [5.064010581461122, 46.08995134103434], [5.0643528584489905, 46.0900691072936], [5.0647752678551425, 46.090202939957294], [5.065090687012659, 46.0902853434061], [5.065040164862768, 46.09086271856761], [5.064953188180297, 46.09169483587056], [5.064816928124768, 46.09209422969998], [5.0645834155582365, 46.0920638599047], [5.064212574839261, 46.09191077280653], [5.063891757705219, 46.0917204717911], [5.063158294953846, 46.091558134848505], [5.061215388114606, 46.09106307954232], [5.059854438662537, 46.09078982479308], [5.05883231756598, 46.09056240095527], [5.057114929185569, 46.089901602627215], [5.055975057819874, 46.089387112506756], [5.054728100085787, 46.08878697107723], [5.054476618518616, 46.08867329408519], [5.053615965102773, 46.088243884876405], [5.053545559642394, 46.08828248881591], [5.053027130213825, 46.0884678069125], [5.051930022248925, 46.08880026881719], [5.051156654535988, 46.08889087516062], [5.0507832167875355, 46.089205928091005], [5.050271001904086, 46.090372333274296], [5.049886891271754, 46.09097571572034], [5.049491371137019, 46.091365115129676], [5.049154378937941, 46.09135340102859], [5.048164364527944, 46.091269150134984], [5.047359762392561, 46.09125245394453], [5.046825877449565, 46.09144531145725], [5.0461575820821265, 46.09209331017744], [5.045498093797766, 46.09290132849588], [5.045161037818329, 46.09339553439355], [5.045278146690339, 46.093701506180395], [5.045606925592754, 46.09405370993544], [5.045967668349591, 46.094513176997346], [5.046113968875079, 46.094854452736634], [5.046021262737756, 46.095072732049324], [5.0456292801685905, 46.09555025350047], [5.045491102209924, 46.09589565602775], [5.045469035993289, 46.096022217321156], [5.045458169971598, 46.09679847532764], [5.045462926551029, 46.09736730494371], [5.045431944555202, 46.097395056788294], [5.0453659857554545, 46.09774592695559], [5.048136445787219, 46.09982379708215], [5.04973988467048, 46.10097179577356], [5.050387871824235, 46.101480161458866], [5.050367756748396, 46.10171110000052], [5.050330053557618, 46.101733614404225], [5.0503090698108855, 46.10210860873957], [5.05006396628224, 46.102906700156886], [5.051519679013651, 46.103521686259135], [5.051561619557638, 46.10382675603029], [5.052968185459848, 46.10397298612133], [5.053724289349634, 46.104064627001755], [5.054510508361014, 46.104243765760174], [5.055393634032013, 46.10425852345987], [5.0555564994913444, 46.10434282675912], [5.055324364042131, 46.10445823783648], [5.054736073532224, 46.10512056022006], [5.05382186705075, 46.10602747614816], [5.053406477080217, 46.10652359542398], [5.053716725534939, 46.10653413477895], [5.05413934514688, 46.10668601287554], [5.054545825626434, 46.10703632193139], [5.054904201322486, 46.10744450521891], [5.055256411880792, 46.10776011482346], [5.055367880231127, 46.10791946879585], [5.0557377893971465, 46.10805460713041], [5.056886048332639, 46.108207007927234], [5.058058374931266, 46.10834081650332], [5.058892802032382, 46.1084287363771], [5.059806553068027, 46.10855255537742], [5.060439532068341, 46.108787556051226], [5.0611332758094525, 46.109168733418876], [5.0610352255944955, 46.109279122813], [5.0608177659220965, 46.109590444625134], [5.060554970972247, 46.11006490207468], [5.060536926513151, 46.110092346102846], [5.060390898177183, 46.11037493590673], [5.060355115584467, 46.11037129577947], [5.059818917479577, 46.11032571102776], [5.059930773003827, 46.11008715149937], [5.06006907043844, 46.10968051609314], [5.059396040051169, 46.1096967389935], [5.058670389049487, 46.10971422551724], [5.057616521490773, 46.109750412975465], [5.057511470704802, 46.1098501672001], [5.057532061887771, 46.11026377957702], [5.057502148887123, 46.11123854416617], [5.057321929773129, 46.11124288547115], [5.055841279809457, 46.11120651652209], [5.05565818069667, 46.11116860993665], [5.0552334734000075, 46.11219338824758], [5.05502999420837, 46.11218568351359], [5.0537173875933, 46.112210056924006], [5.053493469932334, 46.11299413664931], [5.054376162615332, 46.11296210566621], [5.05536960319986, 46.112994015836456], [5.054500841590248, 46.115436531618585], [5.054692777430485, 46.11553994585114], [5.054716228849311, 46.1156834161275], [5.054693275995473, 46.115791998431796], [5.054561669213076, 46.11589688596097], [5.054520616204622, 46.115982494725884], [5.054319111509971, 46.11599634884029], [5.054351074466095, 46.116493405856716], [5.054506026666061, 46.11661570477376], [5.054506787539136, 46.11663099157441], [5.054648178771587, 46.116787832820904], [5.0546771745923325, 46.116803337520096], [5.056054541654521, 46.116824213654425], [5.056091646567331, 46.11683232062901], [5.0560674109192725, 46.116580840092006], [5.056075755369943, 46.11656893394975], [5.056048514857293, 46.116380543814586], [5.057843317353906, 46.116385046618696], [5.057884769214405, 46.11635703968171], [5.0584041706201, 46.117023303392564], [5.058710457504422, 46.11691689612293], [5.058902267580532, 46.11707971821682], [5.059151466528545, 46.11698369211488], [5.059458999376175, 46.11719593642097], [5.059911158289604, 46.117437105412236], [5.060398666807748, 46.11731732277198], [5.060801664518955, 46.11709155263816], [5.0612303980647075, 46.11682915480546], [5.0616724671008715, 46.11634857271159], [5.0624034496037265, 46.11643896566115], [5.064193538640068, 46.116673041618796], [5.0639415692877074, 46.116892476223356], [5.064009564568207, 46.11730044018675], [5.067312901633259, 46.11754023879106], [5.067329626467219, 46.116903371649606], [5.067633283982705, 46.11679520501048], [5.068892630382897, 46.116608118349404], [5.069124029213557, 46.116042577145244], [5.069110900335677, 46.115780026111295], [5.069683395767921, 46.11480293064899], [5.070245512065399, 46.11408714456993], [5.070373901082428, 46.11408403837116], [5.07049419088886, 46.11390108121184], [5.0711469382153345, 46.11399331649089], [5.071766384994239, 46.11392430304727], [5.072261279460685, 46.11398434225092], [5.072865020993436, 46.11413176657787], [5.073192298811035, 46.11444792263529], [5.073769034291411, 46.11455998593798], [5.074290694061743, 46.114637369297014], [5.074552757782954, 46.114685037242666], [5.074564767359984, 46.114697347942005], [5.0748934743971645, 46.114734393982644], [5.0748308267875855, 46.11450184730953], [5.074718598462507, 46.11382759390868], [5.07555225660574, 46.11359313035219], [5.075783311381645, 46.11355422155087], [5.075917932910103, 46.113528451304994], [5.076144554500099, 46.11398207424837], [5.07720644131937, 46.11387709900519], [5.077351117690806, 46.11424538735474], [5.076340721405331, 46.11440943042154], [5.076463632495759, 46.11464951747505], [5.0767616557777835, 46.115299461644824], [5.077236604949974, 46.11494585173288], [5.077725077360437, 46.11486198062998], [5.078308001334818, 46.11461197693106], [5.079234344055811, 46.114483269413945], [5.079774519900782, 46.114398134086294], [5.0801971907166905, 46.114548116100146], [5.081253021094296, 46.114920377309375], [5.081896972117526, 46.11533684666318], [5.081847765101185, 46.11488791963359], [5.082037372508211, 46.1145394203105], [5.082174758152804, 46.11363584780034], [5.0822292679242445, 46.11265956375216], [5.082300473783571, 46.112417464632486], [5.082315594226449, 46.11239639128416], [5.082353351316152, 46.112230732402914], [5.082472143630989, 46.11182543617614], [5.082883690608739, 46.11125728507475], [5.083904112991118, 46.11034393970166], [5.084219792660058, 46.10997796818141], [5.08422463996933, 46.11057381042208], [5.084194131385639, 46.11059525813151], [5.084222021380257, 46.11061708572446], [5.084138107952956, 46.11146085142414], [5.083856204040384, 46.11254799416363], [5.085532641820244, 46.11287001562981], [5.086088172568335, 46.11310586226648], [5.087122593397783, 46.11252253357773], [5.088190079416229, 46.11161430648096], [5.088454847066438, 46.11156914436768], [5.088544766629732, 46.11152464483752], [5.089354267278354, 46.111549935870116], [5.090518323088139, 46.111290204490125], [5.092694413710471, 46.11095265935627], [5.0927070215655, 46.11092804562332], [5.09349240514368, 46.110908883610094], [5.093390664649547, 46.111185942169946], [5.093782034567692, 46.1122728916733], [5.094869312268455, 46.11187184920294], [5.095446604704331, 46.111704709064405], [5.09682956647411, 46.111246018609], [5.096795608359731, 46.111278355744794], [5.096542481977308, 46.11214607124952], [5.095895084118349, 46.113280892051804], [5.095860115399271, 46.11457539536378], [5.096089571173976, 46.11513064120965], [5.095666101755781, 46.11569913535177], [5.094916709179477, 46.116802228484985], [5.095185673758692, 46.11714495663936], [5.0956366028784945, 46.11811251208113], [5.095678953952554, 46.11895140637991], [5.095973392058295, 46.1197832423971], [5.095370849776403, 46.120813433935176], [5.095741673427368, 46.12118878227911], [5.095862235423353, 46.12149192118903], [5.095938269727313, 46.12147476467121], [5.095982277294753, 46.121000160744096], [5.0961942716169775, 46.12096797501432], [5.096630027293307, 46.12132913268037], [5.096847896597483, 46.121620892528554], [5.0971311084571305, 46.12221443524738], [5.09707176664777, 46.122385131166055], [5.096016321647419, 46.12239740527731], [5.096011698916955, 46.12254425855216], [5.09576221879625, 46.12359823387034], [5.094275900463129, 46.1230709654338], [5.088700470719636, 46.12083565411427], [5.0876794222114805, 46.1208515107215], [5.087651896034553, 46.12125369330226], [5.08548214751813, 46.121051724745826], [5.085231422332414, 46.121037119111634], [5.085224230420252, 46.12078342428826], [5.08475502687263, 46.120721022028214], [5.08276220514467, 46.12036796558499], [5.0827147606229355, 46.120374519116055], [5.081301523831446, 46.11984800376757], [5.081274727984826, 46.11892770844494], [5.081073820669844, 46.11847167096582], [5.078161241770246, 46.11857388332734], [5.077968841500978, 46.118575847894036], [5.076706334827664, 46.12186173332002], [5.076721935869188, 46.12189916494327], [5.074748270714633, 46.12184797656789], [5.074730854177908, 46.12178988236473], [5.074830054236416, 46.12155792336033], [5.0731161459294265, 46.1212825551436], [5.073538151093718, 46.12040270707396], [5.073614460282155, 46.120292833732236], [5.074153248230011, 46.11946776702033], [5.073683819205249, 46.1191910614333], [5.072174177014089, 46.119792967255194], [5.0708137818225625, 46.120465061126886], [5.068596883431785, 46.12139190908807], [5.06761687715235, 46.12190532913849], [5.066646584356097, 46.122162833729945], [5.066608402363268, 46.122206966650644], [5.06657342466105, 46.122284329931574], [5.066528715509343, 46.122280912874025], [5.064744426894793, 46.12278131964243], [5.06398215517227, 46.12566605763108], [5.063559940700521, 46.12627040115848], [5.063232689832401, 46.1267671239294], [5.06320393925173, 46.12820188985895], [5.062953831208654, 46.12922248529927], [5.062435733258415, 46.129932657916314], [5.05965279383074, 46.131621962991794], [5.059508197409344, 46.13164615287274], [5.057940050638651, 46.13255984116424], [5.057894020963511, 46.13252224185475], [5.055731010710015, 46.13264901849596], [5.055446071390082, 46.1330042647008], [5.056730059476822, 46.13353421074111], [5.057483249231856, 46.13364211418814], [5.057479999127157, 46.133657497111955], [5.05763896679645, 46.133614962641765], [5.059160535021343, 46.13386009301082], [5.058640145468808, 46.135745104460796], [5.058615996059037, 46.136040059747344], [5.059021351847824, 46.13610051743995], [5.05905271922094, 46.136729920138656], [5.059758681846537, 46.1367831345453], [5.0599267880772025, 46.138142036581584], [5.060825172531598, 46.13797905015679], [5.063011865969272, 46.13747171018657], [5.063745825489009, 46.13724244653807], [5.064190954187019, 46.136885118721295], [5.064635917594997, 46.13673484269751], [5.065551395192631, 46.137093541555295], [5.065556026906232, 46.13710603648006], [5.065525439270797, 46.137203998882434], [5.065622567814264, 46.137237663458414], [5.067966420612573, 46.13794805018266], [5.068431987779912, 46.136850215200504], [5.068567279451605, 46.13688565280624], [5.069325048817943, 46.13696996533337], [5.070599601000937, 46.13728843417155], [5.071607853007839, 46.13733425681171], [5.073703873195653, 46.137004449852384], [5.075586119498693, 46.136724795273835], [5.075594123487864, 46.136737202512826], [5.075675303341764, 46.136710929564735], [5.075949393707983, 46.13667097949609], [5.075971185040173, 46.13662273672583], [5.077192355735715, 46.13636177274035], [5.077929165609841, 46.135994612634704], [5.078021369588921, 46.13585014075217], [5.078893072282762, 46.13918688026656], [5.078978814679986, 46.140234482691746], [5.0790284007853685, 46.140254882496166], [5.079010659956791, 46.1405127805867], [5.080837367019083, 46.14081684390631], [5.0809731168315615, 46.140538973916385], [5.080982692872487, 46.14052073344609], [5.080994361988016, 46.14049524657243], [5.081855655902656, 46.13907895718374], [5.082689278113271, 46.138641000822425], [5.083000475188929, 46.13782682257524], [5.083241296448612, 46.13761211309619], [5.0840467223390995, 46.13762854937223], [5.0865235823933155, 46.135781337696315], [5.086611080996932, 46.13560816282115], [5.086492417141146, 46.13525995702438], [5.087851508877217, 46.13526289271076], [5.087934028119223, 46.13588835280766], [5.089583462541634, 46.13571135493617], [5.0905494047969775, 46.13589668045019], [5.093039859954666, 46.135415560013115], [5.094197703015959, 46.13542332125833], [5.094256383665256, 46.13658591019797], [5.094354703374808, 46.13659431305504], [5.094350909789332, 46.13748114620852], [5.0943210120600675, 46.137866277567674], [5.095061677503403, 46.13878266059993], [5.095010298360714, 46.13879111603044], [5.095160928765879, 46.13930688363426], [5.095091899524486, 46.13941209737637], [5.095072727679699, 46.13943507130726], [5.095039749627321, 46.13948718572523], [5.095029996618267, 46.13950183190632], [5.095025929046677, 46.13956494551147], [5.095000874135065, 46.139902249394105], [5.094927145806455, 46.14038117886553], [5.094889978909879, 46.14092763610151], [5.094918580370198, 46.14149409139707], [5.095146266463821, 46.142125008406815], [5.095295782059688, 46.14250576097431], [5.095287255251006, 46.14254468294088], [5.095190897462081, 46.14300885953541], [5.095404730635664, 46.143075656257615], [5.095522375801908, 46.143112396909885], [5.095875707457657, 46.14299214540441], [5.096573321140997, 46.14258800906862], [5.09718799606912, 46.14248297629351], [5.0986397598065265, 46.142107218469896], [5.099288035319515, 46.14202385926265], [5.099428254250521, 46.14286036226438], [5.099425658119342, 46.14344918425009], [5.099297880855038, 46.14415720042465], [5.0993760648274495, 46.14440465766694], [5.099562546995608, 46.144875429567136], [5.099813020653002, 46.145440966067035], [5.1008387170444065, 46.14557163208426], [5.101443523979148, 46.14573419335626], [5.1016164218235645, 46.14575696797824], [5.1019934025274685, 46.145783758161095], [5.102898898045654, 46.14563287159836], [5.1049247364536, 46.14525918788936], [5.105156355371516, 46.145244513365455], [5.10536114700178, 46.14529351099919], [5.105384972119732, 46.14533164181562], [5.105480262710139, 46.14535901599871], [5.1056301762596865, 46.14550568482616], [5.105705197264019, 46.145708202903585], [5.105722655123244, 46.146052573538604], [5.105616077201309, 46.14631355383226], [5.105584610115216, 46.14657179509569], [5.105565348438885, 46.146845941529705], [5.105542262634411, 46.147029257925375], [5.1055246367902285, 46.14703419387779], [5.105525775853981, 46.147056672340156], [5.10545676457893, 46.14727442255592], [5.105262903649048, 46.14755374722714], [5.105081346943609, 46.14806052815786], [5.104842391484764, 46.14888920809453], [5.104829501558747, 46.14892373431338], [5.104547404508398, 46.14979307991593], [5.1044393129251855, 46.15024944868646], [5.104454258196562, 46.15054436548171], [5.106904521830147, 46.150536565294615], [5.10696692779294, 46.15050532844041], [5.109886579128787, 46.150751536777214], [5.111204590906925, 46.15099107215083], [5.113241191131931, 46.151236356667134], [5.113234485208364, 46.15198103169047], [5.113306454635658, 46.15193154776488], [5.113279220411187, 46.15198443570397], [5.11365949344062, 46.15210833356274], [5.113658862823291, 46.15215965934905], [5.114706048712929, 46.1524040126733], [5.116446692679399, 46.15261059698635], [5.116613320283142, 46.153308696737874], [5.117665802639698, 46.15346556548429], [5.11752858587836, 46.153968581930364], [5.117566788532457, 46.15408287039746], [5.1167863133489835, 46.1541470768149], [5.116073727444787, 46.15425462810569], [5.115288674446639, 46.15422891174583], [5.114900682193982, 46.154305062652746], [5.11426307327666, 46.15461601182162], [5.113988390022357, 46.155009868290314], [5.113854928218885, 46.155602811634715], [5.113617922104208, 46.156083063096006], [5.113264353293225, 46.15618447451317], [5.112707391528858, 46.156153138814034], [5.111627506064576, 46.15611032863729], [5.109303300319886, 46.1559575917757], [5.109276019383, 46.15597896581462], [5.1082848317732275, 46.15589703516876], [5.108151073525747, 46.156467470698445], [5.1078600014073965, 46.15781597833777], [5.107953030938209, 46.15781369782815], [5.107947115532055, 46.15784265251494], [5.108252547220241, 46.1578288630596], [5.108584060594389, 46.15793326609415], [5.108824863887762, 46.15817763422857], [5.109450102105288, 46.15822892448723], [5.110333430795531, 46.158275674251044], [5.111120912838197, 46.1583481794895], [5.1115857936926865, 46.15849432152037], [5.112032757648801, 46.15893797821595], [5.112410069831067, 46.1592906150729], [5.111400426333794, 46.15933880002481], [5.1113983188861365, 46.1605875029425], [5.108107434267549, 46.1601235598228], [5.1080739387855765, 46.16010187504225], [5.107950610876828, 46.16023993423011], [5.107905774164367, 46.16065064775035], [5.1079342920813895, 46.16068415923697], [5.107877296671547, 46.16072786494455], [5.107949390066373, 46.162148494019014], [5.107471667794908, 46.16238796609919], [5.107018122780992, 46.16246569415977], [5.107030614753328, 46.163350333628685], [5.106865029195318, 46.16330937816405], [5.106293728522416, 46.16298398004679], [5.105650134130367, 46.16317979080645], [5.1032964375931975, 46.16315368042264], [5.103228365955911, 46.163104029222026], [5.102576743320169, 46.16314157405023], [5.102987691121622, 46.16351682867067], [5.103111893091113, 46.16355430353357], [5.103114033776429, 46.1635965604052], [5.104089682328411, 46.164601669956376], [5.104670374887634, 46.165112304960076], [5.105095110930369, 46.1657590885992], [5.105230876014199, 46.16650477592461], [5.105535835188545, 46.167359743810344], [5.103037464974864, 46.16774497969357], [5.103005656528974, 46.167738556224734], [5.102713152496051, 46.16778352235723], [5.102517478765925, 46.16777300218425], [5.10151441632642, 46.16795687286819], [5.100573462507337, 46.168069897988026], [5.099697080489182, 46.168181337084725], [5.0992412986702265, 46.16821588168447], [5.0983908932351385, 46.16821324326341], [5.0977358561030295, 46.16818422497854], [5.097451385703683, 46.16806783813535], [5.097489423966076, 46.1678283447417], [5.097339685587997, 46.16744489371433], [5.097456144978038, 46.167170177980665], [5.097210936346531, 46.16683586942104], [5.0971972082923545, 46.166564326675974], [5.097030386652506, 46.165842805060564], [5.0967727354559695, 46.165280133548485], [5.096883281236518, 46.16487052656953], [5.09715377474836, 46.16440840207035], [5.096086598648713, 46.16461719354934], [5.096080828769657, 46.16450300473162], [5.095905078774189, 46.16362235078124], [5.096353963328397, 46.16345205393966], [5.096992899955695, 46.16316368444789], [5.097131130914991, 46.16331965218609], [5.09721863580682, 46.163113161582004], [5.097346978111466, 46.16243034332677], [5.09713051107746, 46.162026015586356], [5.0970256848703315, 46.161233657223995], [5.097417457233708, 46.16059031781431], [5.095537085714677, 46.1595109040833], [5.095458762503382, 46.15927605131222], [5.095123221981813, 46.15912489497837], [5.09449914977752, 46.15905009350493], [5.094205676462429, 46.15905725034826], [5.0937810140815225, 46.15906760667594], [5.093476058500465, 46.158847278557076], [5.093346004006884, 46.15805193247846], [5.093319993287826, 46.158049869761705], [5.093336941802298, 46.158034150799814], [5.093231050193211, 46.15787648803179], [5.092835454599987, 46.1578186129018], [5.091785648324651, 46.15772986834563], [5.090446642020048, 46.15771747454886], [5.0891386752034204, 46.157680906671835], [5.088389389526638, 46.15772254705802], [5.08780981626823, 46.157918499124335], [5.0869794154162395, 46.158278992629036], [5.086526015031088, 46.15835933801006], [5.085779842915079, 46.15844499963168], [5.084846175331253, 46.158717964426295], [5.085184291322733, 46.15893660620475], [5.084734873169248, 46.15973974584639], [5.084204768336937, 46.16088873012155], [5.084183935507183, 46.161038672668326], [5.0841114648199435, 46.160981020502454], [5.083969661260759, 46.16141478097911], [5.08380603133513, 46.16205612906685], [5.0832908223668545, 46.16284014890749], [5.082764007165115, 46.16344259997079], [5.0828975794613624, 46.163506873861564], [5.083128079078429, 46.16416115359417], [5.083186148873332, 46.16531565426514], [5.08321704013932, 46.165929764031176], [5.083339880262844, 46.16642461352736], [5.083792204466272, 46.16698077760807], [5.084306581594602, 46.16746701731356], [5.085069318644455, 46.16833342100467], [5.085152496351565, 46.16835255682246], [5.085146575555529, 46.168403564485224], [5.08512930364757, 46.16841298587343], [5.086805456661451, 46.16974510564663], [5.086467768268056, 46.169775822076105], [5.084241698078246, 46.17024853627527], [5.084283403263626, 46.170369059810874], [5.0817643071197125, 46.170844339398286], [5.080693073329944, 46.170960358309394], [5.0794405613124365, 46.17074137612671], [5.079319361512612, 46.17092616256049], [5.078761144801799, 46.17087218052532], [5.078643882317886, 46.170487920218], [5.077463964056821, 46.170426497468675], [5.07608461710773, 46.170277166525466], [5.075283416892321, 46.17008051319696], [5.075047723216305, 46.16991787826285], [5.076999583563948, 46.164577202759105], [5.074948422546456, 46.1645638697932], [5.074969187104263, 46.16431400269482], [5.075117052494962, 46.16335617027457], [5.075184768399398, 46.162105000362914], [5.075166639498641, 46.16174354574489], [5.074914610857505, 46.16127252426112], [5.074312736922187, 46.16099181885516], [5.0743036289035155, 46.16081019220951], [5.07504304299366, 46.16058883322454], [5.075554415257366, 46.160372095755285], [5.075769653396042, 46.160094108564884], [5.075914168070768, 46.1597287076939], [5.076208121086243, 46.15956854907852], [5.07620799801704, 46.15955054513508], [5.076390696481224, 46.15948130378658], [5.076453029680452, 46.157898973266505], [5.0762549385839035, 46.15790377321833], [5.073722602171005, 46.15784627332754], [5.073681914776836, 46.15818214232744], [5.0719525814981195, 46.15826539990931], [5.0718956597501395, 46.15775994559862], [5.071006396789138, 46.158255880958926], [5.070034678366524, 46.15841710741395], [5.069028360432439, 46.15853145259893], [5.069001905047319, 46.15850508800505], [5.068942143724714, 46.15855604195343], [5.068378502986228, 46.15856966011286], [5.068274151987863, 46.15845965259164], [5.068161141230179, 46.157510837225686], [5.067864680118441, 46.15681311372749], [5.067633838243247, 46.15611380519975], [5.06727175969156, 46.15539876558125], [5.0668519140772235, 46.154839055061515], [5.066847418009217, 46.15474914017973], [5.066270287270117, 46.154751369789764], [5.066226370432484, 46.15476413450797], [5.064957750723655, 46.154862271464154], [5.06459386296498, 46.154758522836296], [5.063881386655263, 46.15488823892637], [5.063725184000402, 46.15436987242152], [5.063536513536215, 46.153852288846565], [5.063460939169671, 46.153651559937764], [5.066094761853491, 46.15362131491078], [5.0661255237620635, 46.15353955001721], [5.066198715796472, 46.15356298725802], [5.066623214683974, 46.15355273755015], [5.066434397794427, 46.15239780024025], [5.0662099303644705, 46.151550693610254], [5.06599883615417, 46.151344237249106], [5.0651995637234, 46.151374331060865], [5.06507787973164, 46.15138627510962], [5.062498394342751, 46.151381875981045], [5.062596564033621, 46.15072233938831], [5.061611361000278, 46.15060835323627], [5.062219401870003, 46.149004787884614], [5.06234497736359, 46.14895674884635], [5.059779571270142, 46.14795179785336], [5.0590884604911235, 46.14980761444754], [5.057530958756602, 46.15000444977692], [5.057684222123825, 46.151112543969646], [5.059057029337647, 46.15102728352963], [5.059449162823792, 46.15311177490305], [5.059548790480384, 46.15386017194992], [5.060049115262718, 46.15400655863407], [5.060344547803479, 46.1547016269995], [5.061417300644406, 46.157218030464655], [5.061757807951159, 46.15811725802431], [5.061633537709689, 46.158160766655335], [5.061664043598421, 46.15823474985394], [5.0610835854995075, 46.158383770638615], [5.061042417506658, 46.15841806938641], [5.061052705013284, 46.1584295265647], [5.059926241901534, 46.15875103592939], [5.059914000559154, 46.159819909273644], [5.060304261956246, 46.16035604706258], [5.060289076834677, 46.16037622101456], [5.061540059021228, 46.16164061645778], [5.059659779130369, 46.16201179102244], [5.057175701112874, 46.16217961102605], [5.056972352176949, 46.16217549647918], [5.057014910761838, 46.16302969232781], [5.056612863468227, 46.1630213607011], [5.05650670775446, 46.16274483969637], [5.055340061203412, 46.162781901955036], [5.055284508487908, 46.16217107581417], [5.051587477563088, 46.16246875096641], [5.047947446539661, 46.16285316062256], [5.046456182082587, 46.16307165282229], [5.044541644040052, 46.16334256947642], [5.044126886483475, 46.16353524817373], [5.0420327365880855, 46.1634503336223], [5.042008393142174, 46.16363096105101], [5.042070787426872, 46.1642182107463], [5.041655109097138, 46.16441090130882], [5.041205756520674, 46.1645593858594], [5.040642930554122, 46.16575213669293], [5.040661991906132, 46.16577598619485], [5.0406430266738775, 46.165785441007095], [5.039720209840358, 46.1684091467699], [5.039203627348022, 46.17032546814133], [5.041621224644621, 46.1708528147878], [5.0416169899863705, 46.170879925574226], [5.042090956401638, 46.170983819234664], [5.042134465404122, 46.17102778923561], [5.046163569353515, 46.17189187868656], [5.046455193037449, 46.1716661350568], [5.0467746348508005, 46.17154144950617], [5.047189580155271, 46.171531506102504], [5.047866825437857, 46.17156928468157], [5.04788950700047, 46.171796500554606], [5.048502386196295, 46.171808815908044], [5.049544277415674, 46.17186485051366], [5.049540408371741, 46.17260312954017], [5.049513288233302, 46.172612781620096], [5.049542854484237, 46.172618375296985], [5.049537157368713, 46.17450898620655], [5.049581358073962, 46.17451962950141], [5.04954184387957, 46.17457189234133], [5.05085719844106, 46.174799600912436], [5.051406655679542, 46.174919647940136], [5.0515634386460935, 46.175158949347626], [5.051839728088141, 46.176821336379476], [5.052778653511312, 46.17684020488364], [5.052810240073319, 46.176938469166934], [5.052692414345692, 46.1782322284295], [5.0513793612679665, 46.178117914860934], [5.051381702277569, 46.178344714923526], [5.0513361864387685, 46.17918842284766], [5.051615838274919, 46.17948508536049], [5.051634845728003, 46.17986722401655], [5.051668890978966, 46.18011127143052], [5.051227351050526, 46.180517966613316], [5.050889977067483, 46.180801536116796], [5.051049682253625, 46.180950739589015], [5.052793107404209, 46.182388865898176], [5.053383313122295, 46.18275819256626], [5.054474516460841, 46.18305066561306], [5.05447203980561, 46.183068727792644], [5.054507312155242, 46.18307688099179], [5.055631962466784, 46.18402480451684], [5.0559844784522685, 46.183881297075814], [5.058852082298852, 46.185799136038284], [5.059126244530306, 46.1859347798679], [5.059362337058334, 46.18607133261038], [5.059416542300891, 46.186071827659], [5.06004649397872, 46.18630873092811], [5.060105309375316, 46.18630281151504], [5.060754922479751, 46.186642765023066], [5.060902070116568, 46.186700434449406], [5.0614513512852515, 46.186702510395904], [5.0620036543865385, 46.18656767694993], [5.062643880994601, 46.18637670400376], [5.063050754037921, 46.186576658020485], [5.0632276143510335, 46.18658319683099], [5.0641915614481565, 46.186531150639105], [5.064762934884592, 46.18648766693368], [5.06535921501065, 46.18642377749854], [5.066147922355358, 46.18638494253681], [5.067215729072333, 46.18630516112036], [5.06719752471312, 46.18632990722192], [5.067835761552813, 46.186296492830074], [5.067842646241134, 46.18643406399492], [5.069480797823602, 46.18648452688131], [5.070133961070032, 46.18649035547512], [5.0713902181639385, 46.18677777926136], [5.0741540791716595, 46.1871430471016], [5.076516964575871, 46.187268590336366], [5.076490811923007, 46.18787598411913], [5.076483001969908, 46.18928774858592], [5.075031897595939, 46.189753195696916], [5.075026089089307, 46.189782146010096], [5.074958445050105, 46.18977477550671], [5.074272071985912, 46.18999664140484], [5.074305301566577, 46.19015788179482], [5.074382183880163, 46.190382880379566], [5.07455841267765, 46.19065048538577], [5.074762241313959, 46.190803996540765], [5.074767969870517, 46.19091818734385], [5.07471112627595, 46.191077104234886], [5.074302350600878, 46.19140657972509], [5.073645689314684, 46.192012121920754], [5.073472567789791, 46.19247093012077], [5.073150162434315, 46.19256875107497], [5.072783519542675, 46.193077249084205], [5.072706018289856, 46.1934860347272], [5.0728553443412014, 46.19384791688398], [5.07283229716427, 46.19405012832664], [5.0725173783684046, 46.19418377811144], [5.072797606024627, 46.195669590740735], [5.07367594457346, 46.19562134434247], [5.073750872152995, 46.196161471515126], [5.074541198261872, 46.19616755961954], [5.075751869448371, 46.196205777056406], [5.076307088481102, 46.19619233423676], [5.076421411677412, 46.195871780557056], [5.077129781787964, 46.195650273532145], [5.077701813689538, 46.19534204169682], [5.079252990386164, 46.19435019909293], [5.081155378714489, 46.19380353482173], [5.082148789654577, 46.19341753939393], [5.083123352143401, 46.19330386244762], [5.0839253841987215, 46.19322137114757], [5.083908283868975, 46.19273745787451], [5.083738759198459, 46.19242649098012], [5.082549853292967, 46.192453551332314], [5.082378302023167, 46.19245771460576], [5.082816715814408, 46.19176738794843], [5.082099056225505, 46.19178480488705], [5.082099711097356, 46.1924419694087], [5.081268622135821, 46.192462133458456], [5.081219610952247, 46.19248762798037], [5.081203756585808, 46.19246100293862], [5.081194965672446, 46.19244861510124], [5.080366683047844, 46.19112194619028], [5.080486803072691, 46.190914674425194], [5.0803070160483665, 46.19057964518037], [5.080387937187469, 46.1902373920796], [5.080512393380205, 46.190119140886765], [5.080700287699967, 46.1899579457801], [5.080925098286348, 46.1898840724087], [5.081377635390521, 46.18978127102718], [5.082088610615388, 46.18962898460711], [5.083208299531595, 46.18914718583072], [5.083679952785002, 46.18895838539364], [5.083696553651463, 46.18893277853853], [5.087699956800564, 46.18683696290117], [5.0880161835435365, 46.18599024221635], [5.087997782453226, 46.18562519371873], [5.08771104290951, 46.185112724767556], [5.087229921412996, 46.18464729620208], [5.0869327883614295, 46.184587001290815], [5.086480297071341, 46.18403084980779], [5.087468556173276, 46.183549497656024], [5.0867259997762835, 46.18307062102168], [5.087952854112628, 46.18213154404562], [5.089156522033188, 46.182691919805], [5.090473815159082, 46.182035990241275], [5.090555683122491, 46.18184494806292], [5.090723641131169, 46.181867862610765], [5.090777896679364, 46.18294323343003], [5.0909495458655485, 46.18584684687673], [5.091347264177814, 46.188814268942416], [5.092747851791808, 46.18869913533522], [5.093094037349447, 46.188672698134944], [5.093228039938705, 46.18877745992075], [5.093512726832019, 46.18873451157417], [5.0937721135736815, 46.189217025404105], [5.093079905951741, 46.189370728371394], [5.093085511439095, 46.18938680031493], [5.092960381509902, 46.189380841432836], [5.091447397585906, 46.18953202781059], [5.0916040565849245, 46.19082006184654], [5.09165932273782, 46.19114460128567], [5.09176447503343, 46.191430120853326], [5.093530203555884, 46.19130158539929], [5.096347821546809, 46.19108255487046], [5.09650942666978, 46.19145851123159], [5.09669637955515, 46.19180505188466], [5.097098110641783, 46.19205901958004], [5.097597358344096, 46.19241594194132], [5.097700934096333, 46.19241341474855], [5.097949115253134, 46.19203555645277], [5.097436239209655, 46.1893743390243], [5.097418646603132, 46.18938016917733], [5.097280961819538, 46.18872364715021], [5.097134054931243, 46.18786929807211], [5.097503123274146, 46.18773425728534], [5.097599870033615, 46.18759685977595], [5.097227050326099, 46.187145030367006], [5.096596564150663, 46.18648342671239], [5.095657817492248, 46.18433853371406], [5.095605678374848, 46.18433260413785], [5.095285613130677, 46.18370844020519], [5.095604104526467, 46.18356563100869], [5.0957309637125725, 46.18352653280919], [5.096546556735443, 46.18344361696946], [5.097036072089935, 46.183368658245904], [5.097419603308908, 46.18323326370697], [5.097418172292665, 46.18302804076716], [5.100638418787224, 46.18370561469931], [5.10064137154955, 46.18373074571231], [5.100806604967964, 46.18376092007852], [5.1008255666069635, 46.18375145529538], [5.100912988853794, 46.183814133797924], [5.106961380696064, 46.185162391551835], [5.106662140196841, 46.18442251296375], [5.106283100554289, 46.18402307675763], [5.1057925745950605, 46.18337790416825], [5.105651948727237, 46.183176088205826], [5.1057371269824845, 46.182923732003054], [5.105588475565892, 46.18256367240898], [5.105301900413845, 46.18207284855872], [5.1051567641049616, 46.18178202163755], [5.104781033855917, 46.181495933850044], [5.104473554008883, 46.18123158447534], [5.10438694743235, 46.18080158338729], [5.104057549590701, 46.1801047473999], [5.103397577114405, 46.178782217920876], [5.1034057751396835, 46.178767615779925], [5.103133192146493, 46.17792804586839], [5.104679480211347, 46.17781640072864], [5.104696305656616, 46.1777979804095], [5.10541067381832, 46.17778049559357], [5.105663731030501, 46.17824963286268], [5.105852755430911, 46.17876714989965], [5.1056510045978545, 46.17929423335751], [5.106602634894108, 46.17938527001602], [5.107553671403913, 46.1794520008197], [5.108536068998655, 46.17949544966061], [5.10848895415862, 46.17856754254707], [5.108842475358891, 46.17780896890752], [5.108607792287542, 46.17770218955008], [5.108016842764426, 46.17764645386148], [5.107096683147521, 46.177533959718836], [5.106442428448018, 46.17750496376796], [5.106563607586575, 46.17718061313357], [5.106523088177365, 46.17716359712526], [5.10683759644319, 46.17692813050993], [5.108868068361331, 46.17703682782211], [5.109656958962379, 46.177131821165], [5.111128123614998, 46.17648357388236], [5.111841004166576, 46.177010736456054], [5.1119237821233785, 46.17734900266075], [5.111930960560818, 46.178142846274866], [5.1120321072685355, 46.17884256584854], [5.112043777282395, 46.17889629250376], [5.114221950199566, 46.178928347966945], [5.114268527847069, 46.17890649830444], [5.11419167338126, 46.17739595948195], [5.115077181384361, 46.177606481251935], [5.115247083347291, 46.17757079928378], [5.115521434224969, 46.17726247165436], [5.115500137864513, 46.17719547694468], [5.115745077001456, 46.17664300524508], [5.115754281139884, 46.176617568686986], [5.11580058030962, 46.17574498741043], [5.115889801881936, 46.17525485971531], [5.1159907788081025, 46.174962494489534], [5.116386112991605, 46.17506081251383], [5.116401695168524, 46.175048724313044], [5.116446678306346, 46.17505661993074], [5.116325801001746, 46.17460676323606], [5.116014870725692, 46.17427501048419], [5.11606649061687, 46.173364485949506], [5.115877744694194, 46.17286948489416], [5.115714045598288, 46.17285100008885], [5.115811980828884, 46.17221391590664], [5.1159252970137805, 46.17210309772725], [5.116529507467116, 46.1721962825049], [5.118589481855865, 46.17223565625461], [5.118214995773466, 46.17129239668786], [5.117932901418075, 46.17089061622834], [5.1172513756631535, 46.17034021436242], [5.116707585895794, 46.16992146219885], [5.116589004685042, 46.16951656118641], [5.116611073596601, 46.169155919217125], [5.115161623021056, 46.16912582019875], [5.115167550105305, 46.16868724996449], [5.1152468219375695, 46.16685328554886], [5.115788019167006, 46.16677877205628], [5.116378073069782, 46.1667732711063], [5.1163835366233625, 46.16675333404635], [5.11635003215822, 46.16609516748779], [5.116350202838101, 46.1648258069201], [5.116316652558872, 46.164166745019756], [5.117215832920629, 46.16450744138551], [5.118590567020725, 46.164563655146715], [5.118822109581821, 46.16462727756744], [5.118715060044376, 46.165084539931634], [5.119331176768507, 46.165636539813484], [5.119914409763356, 46.16553036208445], [5.119750186949643, 46.164898827385684], [5.120728279817493, 46.16482973897565], [5.121312006885746, 46.16474874541822], [5.122212020884076, 46.1655494123982], [5.1222046654785425, 46.1656108138412], [5.122901937802052, 46.16553061530064], [5.122955231254623, 46.16559232286342], [5.124855082740577, 46.165703040307356], [5.1251445127386, 46.16494868663419], [5.125208714433625, 46.16365343646808], [5.124825554218853, 46.16292197091073], [5.1248430776551, 46.162772995392814], [5.125616962797666, 46.16268909631497], [5.1263054136650785, 46.16273872922454], [5.127808130743715, 46.16274936297564], [5.129313006473978, 46.162802233674384], [5.1307470626205305, 46.162721795231455], [5.1304384068787945, 46.1624350389779], [5.130783375219234, 46.161517253373134], [5.131142325837096, 46.16087279730976], [5.131372195735162, 46.16025314131263], [5.131445724637783, 46.15977598631302], [5.131298581492585, 46.15946273359316], [5.130914840067825, 46.159607255514786], [5.130584244771912, 46.15941286750613], [5.130645484721438, 46.15934382945121], [5.130432427692248, 46.15911953201924], [5.129774321915121, 46.15841107859626], [5.131206492497866, 46.15806060211028], [5.131212886706039, 46.1580109332464], [5.132417664944279, 46.157708370538586], [5.13379032483441, 46.157744637232824], [5.133936111523559, 46.157398931608036], [5.133159751522389, 46.156261302841536], [5.132894820378809, 46.15556295056822], [5.131078293923656, 46.155790615250424], [5.131030333768953, 46.15580530563069], [5.131018242445221, 46.155774096657325], [5.129452107900793, 46.15594332768497], [5.130102753169492, 46.15522505316253], [5.129418545045137, 46.155286968921324], [5.12903700179791, 46.15420708089538], [5.129161735570048, 46.154016748518266], [5.129057315401407, 46.15390769270173], [5.1283959765875595, 46.15381599096193], [5.128207353734085, 46.153167061268135], [5.128099813716492, 46.15312110307704], [5.1281295892748835, 46.15306995429642], [5.1280753202519325, 46.152641874339736], [5.129648838049705, 46.15276055711318], [5.129873141986256, 46.152159042645835], [5.129927521501983, 46.152130689225935], [5.129910753548896, 46.152119405603685], [5.129711154180955, 46.15139782274266], [5.12903952696215, 46.15107411533428], [5.128839321231402, 46.15098903468442], [5.129307250967973, 46.149910671043536], [5.129988809062224, 46.14853174115373], [5.1314562627744, 46.1488429731233], [5.131491705803914, 46.148839399016275], [5.133220095851612, 46.149154055216655], [5.133231950918406, 46.15001801093151], [5.134844037882891, 46.150228396653986], [5.134806821578974, 46.149501904923554], [5.134611614074475, 46.14891526612514], [5.134462909657288, 46.14855614080496], [5.135539894461541, 46.148529482041475], [5.1359686693297935, 46.1473395256441], [5.136038595988153, 46.146965083035354], [5.13606464713138, 46.14695273971499], [5.133653569807112, 46.14610945528899], [5.133790070611165, 46.144839415794365], [5.135936578812914, 46.14529042460888], [5.135950928501249, 46.145272066837855], [5.136348371030706, 46.14539726315489], [5.137251680947821, 46.14578900354604], [5.13786187238433, 46.146084477613805], [5.137657596387033, 46.14588968397054], [5.136531926487685, 46.14537741046121], [5.136011916024192, 46.14519853362166], [5.1359213442840055, 46.145167468005305], [5.135788767321108, 46.145123034820216], [5.134704843031311, 46.14476006018689], [5.133812702766439, 46.144411228254945], [5.133303171150753, 46.144198771377184], [5.132869417819187, 46.14352350402896], [5.132629780539079, 46.14298387173964], [5.132660934113119, 46.142643704347996], [5.132850444502092, 46.1421861864012], [5.133038862539661, 46.14172509381795], [5.132989631268832, 46.14148954271844], [5.132852640882962, 46.14124986578563], [5.132693246513881, 46.14085588844102], [5.132619067230995, 46.14062365866732], [5.132597820277879, 46.14061968317885], [5.132548014983572, 46.140627217124496], [5.131011366740037, 46.14058959157883], [5.131040387713601, 46.14171150012158], [5.130300328633106, 46.141691079072025], [5.129445846643256, 46.141633873453266], [5.127118145553794, 46.14167065428034], [5.126696510495405, 46.141656754961], [5.126696066727639, 46.141681073010155], [5.125981944704339, 46.14167889390926], [5.126121281489729, 46.142170594238124], [5.126682497675282, 46.14290395577935], [5.126681940719815, 46.14297419205446], [5.128316683195731, 46.14456510128055], [5.126695788249906, 46.14397313443517], [5.12667099474805, 46.14394673734833], [5.125469508835338, 46.14358027262601], [5.125446448183682, 46.14353943003844], [5.12539083977266, 46.143561507856724], [5.12107143625602, 46.14210154388834], [5.11767685640925, 46.14214009829213], [5.115501619186427, 46.14237364367824], [5.114430225496508, 46.14249270461332], [5.114108952018308, 46.14259062382203], [5.112939183821647, 46.14336836772527], [5.111993633323249, 46.14386151995705], [5.111567845353313, 46.143829663140615], [5.1106379210492925, 46.14378676868988], [5.108998934931921, 46.14374235306234], [5.108931478640613, 46.14378361312884], [5.108795250026114, 46.14381216316973], [5.108570241810372, 46.14327032728614], [5.108596690008948, 46.141573608563064], [5.107469643890581, 46.141631851201105], [5.107403360799015, 46.141474132728504], [5.107290510839745, 46.140972757346276], [5.106866305701361, 46.14114789716271], [5.1062959797005085, 46.141314918735546], [5.106290845828663, 46.14115749874304], [5.1062176178616365, 46.14074248188278], [5.1059038039935345, 46.14073216069739], [5.105828002353257, 46.1403379095103], [5.106021114986491, 46.14023595289208], [5.105977647306538, 46.13992013216493], [5.106312945282958, 46.13981288524819], [5.106807242369734, 46.13966393617593], [5.10674079219154, 46.13961515138779], [5.1070297191329885, 46.139518045404756], [5.106642056562032, 46.13896038994121], [5.106632847932054, 46.13877876652015], [5.1067915299371025, 46.13868484790573], [5.106494695126172, 46.13733094775283], [5.104645282246811, 46.1375563019274], [5.103546634569486, 46.137358141040096], [5.103517030589306, 46.13733365674913], [5.1030306782028925, 46.13725553713515], [5.100580266347287, 46.13659078732867], [5.1005287066432485, 46.13654703506235], [5.100363603480547, 46.136821146138146], [5.09979406799714, 46.13717716406363], [5.099243995412713, 46.13728063459593], [5.098595903156031, 46.13736399102494], [5.098517159533159, 46.13734340838778], [5.0983659577995075, 46.13734710337817], [5.097648886607104, 46.13736462221077], [5.097700113036185, 46.13743268939577], [5.097566631469778, 46.137402642739254], [5.096649873772881, 46.13718196333284], [5.096960767217986, 46.13636865303953], [5.097363402009799, 46.136358819060575], [5.098322337405916, 46.135426143642235], [5.0981553253232486, 46.13511694047911], [5.098179832262531, 46.13507403301534], [5.09827266596061, 46.13490971843433], [5.0985999725242825, 46.13496473611017], [5.09916892410271, 46.13526592052622], [5.09997236741137, 46.13524628018497], [5.099976625425811, 46.134336926770075], [5.099772646770887, 46.134272590173026], [5.099724549173929, 46.13321778321614], [5.101077306888932, 46.133184701972475], [5.10166317733746, 46.13324688966415], [5.1022796542860265, 46.13317959420831], [5.10470300708863, 46.132816880731006], [5.104526492626899, 46.13243184790006], [5.104296014569397, 46.1316358187766], [5.104192857432041, 46.13063727074572], [5.104196769595101, 46.1289402056839], [5.104405506626117, 46.12836523954298], [5.1056166099022535, 46.12818252715723], [5.105673932298873, 46.12787774160926], [5.105556923139841, 46.127004664296535], [5.105662423083427, 46.126914753131786], [5.10733631503778, 46.12687372510222], [5.1067047724435914, 46.12629234394915], [5.107417382602276, 46.126301884614996], [5.108418016895593, 46.12664464457901], [5.10919600015245, 46.126891135823044], [5.109926911688435, 46.12729181622064], [5.11051104210025, 46.1276573869984], [5.110779821626497, 46.127929863852124], [5.110926635090028, 46.12830436744053], [5.111097186534925, 46.128809723697394], [5.111475897394072, 46.12907950039017], [5.111780932026908, 46.129300672961975], [5.111804332241734, 46.129300097714356], [5.11179892438374, 46.12933624180598], [5.113120294962692, 46.12987364649794], [5.113625900042264, 46.1301402996126], [5.114456993495351, 46.130347640456726], [5.115257431041057, 46.130682661892514], [5.116008811589103, 46.13113502179713], [5.11655351673974, 46.13143671149261], [5.117312884208981, 46.13169710554106], [5.118791224604047, 46.13209014738818], [5.118913806012774, 46.131252593016214], [5.119165206731573, 46.12905428650746], [5.119305899973045, 46.12786068357977], [5.11920775992658, 46.127014160635255], [5.119154729680392, 46.126895734269624], [5.1192052248808375, 46.126870185056546], [5.119145826477626, 46.124366236823654], [5.1191003321983555, 46.12315742166221], [5.119077227529276, 46.12313098097404], [5.119082007464898, 46.12311285366028], [5.119021755662145, 46.12158121046059], [5.119011338798102, 46.1211070302331], [5.119028818216925, 46.12109939897331], [5.119063456355972, 46.12108053750316], [5.119012467082124, 46.12105028578873], [5.119052467265079, 46.120023015875205], [5.119051270709112, 46.11930013621155], [5.119234423720826, 46.11894092668582], [5.120061874505449, 46.11872879246619], [5.121813872278801, 46.118447051873375], [5.122976789923097, 46.11835536578548], [5.123816298793793, 46.118397676041965], [5.124610700559101, 46.11861664423853], [5.125477833523074, 46.11879960130929], [5.1263193231789685, 46.11888055912577], [5.126417349139404, 46.118675582408876], [5.1265052196455185, 46.118241288957805], [5.126556676941655, 46.11782410428706], [5.126760098641112, 46.11751298777098], [5.127255025446888, 46.11722168813898], [5.127872556119284, 46.11681392285763], [5.1282178783959464, 46.11642998434697], [5.12824125705124, 46.116413650718364], [5.128621412401354, 46.11579433485852], [5.128924892948744, 46.11531869934887], [5.129015736878485, 46.11496085192082], [5.129128635346765, 46.11466727891854], [5.129194564502108, 46.1138041048781], [5.129183048100153, 46.11370535792787], [5.129138647070617, 46.113674947724924], [5.129005147537933, 46.113010258312144], [5.128817390660395, 46.1124720439382], [5.128968260915718, 46.11228825814573], [5.128981361047523, 46.11227623648918], [5.128992368104692, 46.11223815190878], [5.129077427782322, 46.11219283773155], [5.129102272488113, 46.11217241507726], [5.12949409875045, 46.11192416096168], [5.129528906671048, 46.11187828791126], [5.12973809465634, 46.11171107430644], [5.1300108079052436, 46.11141174334924], [5.130022354849901, 46.1113844538009], [5.129981680032126, 46.11095333630694], [5.129818881946476, 46.11053873640225], [5.1295843991994134, 46.11023844622812], [5.129462035182984, 46.10982465243139], [5.1294491713081145, 46.109572897652], [5.129993476708442, 46.10961615817064], [5.130733411821471, 46.10962756758725], [5.131081219736535, 46.109784611864164], [5.131174019298657, 46.11003259100642], [5.1313162675238715, 46.11083750537915], [5.131593996067004, 46.11120604197374], [5.131605352568843, 46.11142812703599], [5.131653645998501, 46.11151695744743], [5.131913877156535, 46.11147990862119], [5.131969071444231, 46.11151635398974], [5.132093922895655, 46.11158348098706], [5.132119091893299, 46.111665683718904], [5.132408741080246, 46.111649514955616], [5.133482002367631, 46.111642759234776], [5.133870710577609, 46.11187260087341], [5.134271281040893, 46.112253395085396], [5.134324838598143, 46.112288080037914], [5.1345667028018545, 46.11253956459617], [5.134736473610775, 46.11272801270016], [5.134964135449843, 46.11289162373741], [5.135317980043635, 46.113133132280126], [5.135218020010384, 46.11274579905017], [5.135444028051029, 46.112879736726036], [5.135636318725818, 46.113110844229304], [5.135833624694836, 46.113455256193376], [5.136999573254905, 46.113536191347485], [5.136985096904113, 46.11352394764473], [5.137235840056104, 46.11352133275663], [5.1378726270149135, 46.114201451067856], [5.137991293565624, 46.11432184266266], [5.137297764521887, 46.11496742166314], [5.136844374916533, 46.115259537767436], [5.135842718340453, 46.115070999306745], [5.1355691903195835, 46.115116484234406], [5.135257744410563, 46.115261037902435], [5.134823712601264, 46.11525378569283], [5.1345933522230816, 46.11549535611936], [5.134211456836224, 46.11560654361998], [5.133955558252825, 46.11568039844443], [5.133661976241552, 46.1156201468739], [5.133380032803105, 46.11578467094351], [5.133358655594277, 46.11599946240381], [5.133213012635598, 46.116315459541596], [5.133352898291646, 46.11653706009831], [5.133459973880241, 46.11671446083132], [5.133158876563316, 46.11682364388085], [5.133112412103548, 46.117195702908774], [5.133145192526598, 46.11720389327036], [5.133147583841871, 46.11725064674256], [5.13302716916961, 46.11741207487772], [5.13296674309372, 46.11782768601171], [5.132802562500803, 46.1180676211813], [5.132704821306315, 46.11807003908387], [5.13248677952563, 46.11822127515992], [5.132305530942329, 46.1184742333135], [5.132383201976732, 46.11874238685454], [5.132521875805463, 46.118907301985445], [5.1329321741249485, 46.118402008688086], [5.133539197203462, 46.118578740259125], [5.133300888531629, 46.11896634943642], [5.132796791723416, 46.11955138951626], [5.133970612220351, 46.11973569405557], [5.133702544159772, 46.12200828479474], [5.1337422604751115, 46.122025309145705], [5.133700521153775, 46.12204704877731], [5.1333248106676335, 46.12419266431212], [5.133088166574021, 46.12492952777653], [5.133114854622823, 46.125451023679375], [5.134077145226532, 46.125926849408444], [5.135304090292715, 46.126862444396615], [5.135468031933736, 46.12690339647863], [5.135401801842799, 46.127175119996956], [5.135550930264817, 46.127573838441094], [5.135895094613088, 46.12797313237357], [5.135824267842835, 46.12818554726849], [5.135927198604723, 46.12859981830013], [5.136143058377591, 46.129022098634785], [5.136352027173926, 46.12965610823242], [5.136431803859359, 46.130250099775914], [5.136563210317438, 46.1306186522218], [5.136957883340877, 46.13137140034673], [5.137064976895813, 46.131725247241015], [5.137273309684902, 46.13185872479969], [5.137912191514978, 46.13233803176053], [5.138290346316988, 46.13276799151793], [5.140098805900872, 46.13275915168822], [5.140187121073084, 46.13271374855717], [5.1402023600935784, 46.13275838287194], [5.1416837969814395, 46.13274863477905], [5.141866833212164, 46.13316091242435], [5.142719500605111, 46.13306142512611], [5.143331062870758, 46.133022829504085], [5.143377679145804, 46.1333151592769], [5.144880247104088, 46.13327783314566], [5.145586178288654, 46.13342233978978], [5.14560619724477, 46.133401136275836], [5.146821400431893, 46.133645508753055], [5.147336075800858, 46.132367835904496], [5.147372297669755, 46.13238224119349], [5.147701073877213, 46.13156652612189], [5.149076532019436, 46.13158902397298], [5.149364850801448, 46.13154763773102], [5.150349671152495, 46.131827411980815], [5.151439555764201, 46.13219818937601], [5.151490040184881, 46.13218793133211], [5.151501350872602, 46.13220385128252], [5.151714462699049, 46.13228856939609], [5.152381593849848, 46.132370983404414], [5.153603945830006, 46.132565589564635], [5.154673995640233, 46.13262893896405], [5.154880317101422, 46.13222047032885], [5.154822796177144, 46.131434174026765], [5.154872011278325, 46.13111785520905], [5.155406843045664, 46.13116122892589], [5.155297963639963, 46.13154565868601], [5.155826090382, 46.131757551815596], [5.156287232448269, 46.131926100931224], [5.157064056878438, 46.131940927790225], [5.157962587758228, 46.13181767181607], [5.157798018194802, 46.13112317296104], [5.1579451999675765, 46.130525319204025], [5.158235311786895, 46.13020298380315], [5.159243363469479, 46.13000945627473], [5.159326002187432, 46.13035579960334], [5.160700992307401, 46.130166600597526], [5.160808079574091, 46.13015672255492], [5.160819929251003, 46.13012041402513], [5.1600215317793054, 46.12945436222793], [5.160016862336461, 46.128988138298176], [5.161600945220262, 46.12878920323262], [5.1605412646633635, 46.12727892746302], [5.158936674139923, 46.1250746359744], [5.158936118082754, 46.12501613113747], [5.155605690523667, 46.120380055214696], [5.1556040196572654, 46.1203476860596], [5.153540541838937, 46.11752099127674], [5.152538620259813, 46.11627389431512], [5.152666748765417, 46.1159339996937], [5.152051354286786, 46.114668257223805], [5.152076219653843, 46.11420849853683], [5.152225646316531, 46.11396800478379], [5.152600903153404, 46.11427915065554], [5.152566270404273, 46.11429801756752], [5.155154630249855, 46.11687306097571], [5.155392028029999, 46.1167546065827], [5.155775524214684, 46.11667751824542], [5.1565699574210235, 46.11673691742297], [5.157029763692443, 46.11592599907102], [5.157021831568506, 46.115867678183015], [5.157443352540829, 46.11517565281938], [5.1577699242826105, 46.11491902350543], [5.158368650521165, 46.11462319039956], [5.15973082078369, 46.11376991657907], [5.15970923875899, 46.11368042845017], [5.160217077050347, 46.11320679799146], [5.160206690729038, 46.11391286649696], [5.159623239443595, 46.116401393332595], [5.1595134087220025, 46.11682906015453], [5.15948368167262, 46.11683250619456], [5.159272684480374, 46.11743195820321], [5.159182938291919, 46.1178726269224], [5.159058208113035, 46.118292566614784], [5.15910329635375, 46.118539018639154], [5.158104279926307, 46.11857477127415], [5.1575865395055445, 46.11857689836118], [5.157164228015742, 46.11853161990748], [5.156808062175283, 46.118528810979555], [5.15919957239604, 46.12117890573979], [5.162869722134283, 46.12498264089295], [5.163145286635906, 46.12502345926597], [5.163311668101244, 46.12503100219418], [5.163492098319323, 46.124969770273424], [5.165395903290871, 46.12425863336224], [5.165594686090183, 46.12469208679598], [5.165771011905723, 46.125034278993766], [5.165800650021893, 46.125029034121965], [5.165999499296557, 46.125321145450634], [5.16619924598819, 46.126678256463734], [5.167888760543631, 46.126531510710514], [5.167873310419084, 46.12654810033873], [5.16875913912075, 46.12647908892185], [5.16932411295913, 46.12646492863629], [5.169654171960809, 46.1266024975489], [5.169363739442925, 46.12754156129661], [5.168996783039265, 46.1276290869521], [5.1690405956723025, 46.1278647558665], [5.169445310962293, 46.1278663160484], [5.16949179338837, 46.1281235319185], [5.1697182703496, 46.12815116306489], [5.169787093876757, 46.128354700627305], [5.170974583139061, 46.128766058011834], [5.1719931819413985, 46.12902409333464], [5.172006000002183, 46.12903907723877], [5.173672745858458, 46.12801864836358], [5.174535167158755, 46.1275135425981], [5.1761930169987425, 46.12679083841544], [5.177347543480018, 46.126285123698636], [5.17685146503403, 46.1254450317201], [5.176592079190699, 46.12470432241381], [5.176570675032391, 46.124698556382356], [5.176058644303613, 46.12295768724649], [5.178187227522146, 46.122716917868], [5.179018283246022, 46.122669012173816], [5.179900270751532, 46.12283858220455], [5.180553806798825, 46.122957177309196], [5.180266838184682, 46.1224359336282], [5.1798948835547725, 46.122130197885575], [5.179422494581141, 46.12143446171476], [5.179790907153897, 46.12135857479398], [5.179860180737033, 46.119892977899916], [5.179898413035534, 46.11969215193804], [5.1783492162257785, 46.11956007206159], [5.178330157568692, 46.11950473575585], [5.178089046153181, 46.11941177058728], [5.17676677995389, 46.11945581666934], [5.176702676175215, 46.11822225153405], [5.17678188602368, 46.11756665414101], [5.176793602749955, 46.116857846475725], [5.1771008346619585, 46.11683841876184], [5.1771034173183805, 46.1167960375653], [5.177055836252753, 46.11665769567278], [5.1771196750284165, 46.116593067547925], [5.17746363006923, 46.11639356339983], [5.178223956939171, 46.116092657505725], [5.178068955331863, 46.115601399353515], [5.178167457399393, 46.11531713569794], [5.178473068750631, 46.11498535238513], [5.1785589207423355, 46.114443022370985], [5.178795029440011, 46.114129189705366], [5.178934705788603, 46.11390511093894], [5.179110273426059, 46.11385837829224], [5.17984797442894, 46.11407389153703], [5.179956357066278, 46.11413418029397], [5.180058409275837, 46.11412260989939], [5.180191414735116, 46.11414356987286], [5.181682737582669, 46.11424106621367], [5.1832596761650205, 46.11442641352934], [5.182977304230194, 46.11396088317851], [5.182573503425148, 46.11329134666714], [5.182620867098511, 46.11323883630526], [5.18244866185519, 46.11280563838985], [5.182450535740869, 46.110680933672896], [5.181800866940847, 46.1106189696143], [5.181777073263927, 46.110472822544025], [5.181596298991094, 46.110108263720136], [5.181398824138821, 46.1100124079449], [5.179146227596988, 46.109899854607704], [5.178576326499263, 46.10981335827036], [5.176953586413832, 46.10938152722856], [5.177116860606611, 46.107837946184915], [5.177615991527935, 46.10796043495843], [5.17767464882104, 46.10801567760329], [5.178318260281067, 46.10732428544401], [5.178692494835177, 46.106774701453595], [5.179145777541042, 46.106157413559266], [5.179217046282399, 46.105987264659575], [5.178858054342038, 46.10578653500701], [5.178866787763252, 46.105753006915286], [5.178863047178405, 46.1056810757862], [5.177988080905143, 46.105344779337926], [5.176635976265362, 46.10511950139949], [5.17635693887686, 46.10533898200735], [5.175998055632649, 46.10528228360874], [5.177375822445145, 46.103807197284], [5.177408743005375, 46.10378566222552], [5.1773790096677805, 46.10377380812988], [5.177477241342417, 46.10357957798629], [5.1777762006689825, 46.102809525717056], [5.177998481599504, 46.10243212129771], [5.17788031451208, 46.102322558439475], [5.1772797781682405, 46.10227014289212], [5.176746597504401, 46.1022835501202], [5.176007996389562, 46.10235883732886], [5.174914765553434, 46.102476339159026], [5.173805667774407, 46.1025825251645], [5.173161889227721, 46.102632001121016], [5.172411318960089, 46.102494202938225], [5.171135694188628, 46.10219942118947], [5.168507206599302, 46.10165946308813], [5.168093353646237, 46.101540198023486], [5.168078593427795, 46.10152256502229], [5.164875770656504, 46.10079436056145], [5.164826517826112, 46.10079559324981], [5.164809774127546, 46.10047191162943], [5.164971774509239, 46.10016356307959], [5.1653306334989635, 46.09990790721365], [5.165597709819446, 46.09975447251225], [5.16614970030701, 46.099854979842505], [5.166217677621201, 46.09988568918522], [5.166658764798738, 46.09998626853195], [5.166569631261304, 46.09916925341142], [5.166740121620766, 46.099167684942024], [5.166748337612352, 46.09915397484832], [5.167407292297437, 46.099148263450246], [5.1686409280158685, 46.09926138627141], [5.169355897150498, 46.099322676660414], [5.1696556622658605, 46.09919092606586], [5.169982202566609, 46.098015077730615], [5.1700759606311, 46.097793962704635], [5.170602342844873, 46.098134559719774], [5.171428444359956, 46.09817054797236], [5.172411996289801, 46.09843754825433], [5.1741388690829675, 46.09779819481194], [5.174006809549665, 46.09634306579248], [5.174026249990751, 46.09631377289993], [5.174040206216991, 46.09619368084826], [5.1738111412094225, 46.094599649997576], [5.172922456763485, 46.09455625123463], [5.1729944010379585, 46.09400977935703], [5.1737513924632434, 46.09392954377405], [5.173796811284024, 46.09338824005995], [5.173791459121551, 46.09322272340364], [5.17380032100185, 46.09281737899469], [5.173344364909724, 46.09289815257611], [5.173308027158135, 46.092883760013144], [5.173077179893059, 46.092891359047655], [5.171902033482775, 46.09267329163444], [5.171163026329482, 46.092536096524285], [5.171122077525558, 46.09254252378564], [5.171039605894266, 46.092526585521775], [5.170101453022232, 46.092371873108156], [5.170093515508379, 46.09235856688462], [5.1699425203872265, 46.092239019426884], [5.169915808083936, 46.09205063459464], [5.170276137615775, 46.091762507199206], [5.1704507018350405, 46.09146283554291], [5.169016182157818, 46.09121794078465], [5.169478930411832, 46.089846923720884], [5.171797302497072, 46.09032620367884], [5.172042805776026, 46.088198096788595], [5.171494557669903, 46.088245169556515], [5.1710745386807275, 46.08822240417286], [5.17130001851198, 46.08759735801669], [5.171559639713917, 46.0872865487497], [5.170617445321442, 46.08718955923746], [5.171051270518243, 46.08652507443857], [5.171171771428758, 46.08635369486844], [5.17120717583073, 46.086352805779484], [5.171215054055775, 46.086285087938435], [5.171844721865988, 46.0849836946086], [5.17174143447292, 46.08467838911558], [5.172518215783929, 46.084622877598264], [5.173530204782423, 46.08450742624871], [5.174047672115334, 46.08422434371347], [5.1744253840478756, 46.08396097443359], [5.17486872060691, 46.083528507228664], [5.175848893074674, 46.08283045935332], [5.176911985433016, 46.08214021937544], [5.177812178196103, 46.08144506756437], [5.17829823503677, 46.08115105062362], [5.178689055185958, 46.08109350298196], [5.179386994059447, 46.080940886415426], [5.17940056760339, 46.080920742552394], [5.180200182292287, 46.08076556701539], [5.18089171977106, 46.080410547917076], [5.181112063035509, 46.081226947419346], [5.181720897117637, 46.081132382976826], [5.181793516925197, 46.08158069512228], [5.181713371930486, 46.081920317426935], [5.181711720827021, 46.08219944142654], [5.181540551341186, 46.082935683137656], [5.18126073152008, 46.08344869068486], [5.181248603365433, 46.08385231821073], [5.1799024626408166, 46.083808795721716], [5.179898297152842, 46.08382330280648], [5.179680250880571, 46.08381259025654], [5.179162232880406, 46.083803124480475], [5.178745547539226, 46.083861330379236], [5.17825035573044, 46.084276211912325], [5.178993530168369, 46.08457260851721], [5.178806953677116, 46.085354239570606], [5.179312809386645, 46.0854405350294], [5.179446122069765, 46.08584230748254], [5.179531763855681, 46.08584195171907], [5.179599506709564, 46.086303887174104], [5.180897090798139, 46.086298223042874], [5.180902935237355, 46.08641061023804], [5.1820920558402195, 46.086090761920865], [5.182318965789385, 46.08641094668339], [5.182669317733362, 46.08770571964537], [5.182710719288156, 46.08770827719304], [5.182732932828515, 46.08783915618869], [5.182744663927811, 46.0878631690377], [5.182719423963264, 46.0878755094026], [5.1828495188810475, 46.088229636887064], [5.182687907469863, 46.088202201911876], [5.18193654848138, 46.0880608893002], [5.181370860482342, 46.08805353071219], [5.180933956759088, 46.08806453588486], [5.18096345204312, 46.089300776495776], [5.181087105141984, 46.09006109419443], [5.181344220044286, 46.090043815750775], [5.182117026310172, 46.089990134418834], [5.182154698059916, 46.090403315788855], [5.181817252211638, 46.090446029403346], [5.1818875363994765, 46.09084938145311], [5.18199425625522, 46.09165694327928], [5.18137892555695, 46.09193982320493], [5.1808655078293535, 46.092020275989064], [5.180168748443853, 46.09207383261743], [5.180327860741945, 46.09222467653042], [5.180264672346547, 46.092890670038656], [5.179999212095242, 46.09337000328729], [5.179962704562102, 46.09361849608336], [5.1800502876073455, 46.09404122331108], [5.180143848042509, 46.095218229100325], [5.180289308643212, 46.09614905054756], [5.180235026145537, 46.09664557267799], [5.180081355841461, 46.09774957788331], [5.179979557855147, 46.09890269706701], [5.179995688004362, 46.09921288898432], [5.180900577159741, 46.10043698814967], [5.181177233114437, 46.10110523323462], [5.181344913543678, 46.10123604991876], [5.182255078504711, 46.10145619564828], [5.182277788813399, 46.10145742458462], [5.182833349205927, 46.101563168442084], [5.183218249457409, 46.10184155398101], [5.183299053815522, 46.10185482241271], [5.183552954545743, 46.10205548976835], [5.183986744708223, 46.10233804789936], [5.18485805124501, 46.10235569309706], [5.184894436607279, 46.10237097824739], [5.186787423167849, 46.10243576381785], [5.186947823650045, 46.10240921041347], [5.186972539896751, 46.10226274197628], [5.187061445262122, 46.10209124624565], [5.187442970543076, 46.10199159009638], [5.187752291038097, 46.10202879728065], [5.188053807868266, 46.10193115849978], [5.189089070419128, 46.101960835211244], [5.189310015554832, 46.10185442502006], [5.189355273577165, 46.10087647723075], [5.189316914616241, 46.0995063138315], [5.189510384778952, 46.09895046022161], [5.189529374265763, 46.09892747314189], [5.192987548546453, 46.09291756630169], [5.193520889110409, 46.09200244370356], [5.193755322450098, 46.09026797033615], [5.194224619422519, 46.0865109207082], [5.194209548386981, 46.08650230024537], [5.194416762773584, 46.08487924982238], [5.194389406378242, 46.084868237160435], [5.194413943860226, 46.084825305515324], [5.195111645578447, 46.079949724609705], [5.195240278038956, 46.07993566079095], [5.195661553771205, 46.07719893920368], [5.1957136785155855, 46.0771418037053], [5.195706023072721, 46.077104184650814], [5.1959350521476715, 46.07582448840278], [5.1960179343090385, 46.07564683518195], [5.196036391993199, 46.07507198975725], [5.196025163950444, 46.07482739426692], [5.195826540152918, 46.07473969251865], [5.195583098507569, 46.07478457383546], [5.195413284579522, 46.07459711277081], [5.195011037859888, 46.07466761686135], [5.194896985056471, 46.07441842485504], [5.19469536537749, 46.0744442358176], [5.194015651524482, 46.07423006640729], [5.193963029113477, 46.073765051010206], [5.194945328791801, 46.07370237428605], [5.195975186179628, 46.07370060442503], [5.195863733998941, 46.071167332972266], [5.195862794361178, 46.07114935309803], [5.195110323258353, 46.07101265974397], [5.195093880495415, 46.0706979734469], [5.195826674900216, 46.07068842377842], [5.195771240762363, 46.070617804293484], [5.195740237206938, 46.06940590630427], [5.1955858743018, 46.06707088390275], [5.195602903664644, 46.066453763601615], [5.194618105771491, 46.06462411984285], [5.193988365197747, 46.063508406636714], [5.193977210816854, 46.06348167804008], [5.189698033858673, 46.05602757148961], [5.1877082089104976, 46.05253705420208], [5.186845714846636, 46.05110669152919], [5.186873342533201, 46.05106368374178], [5.186359111830266, 46.050189895332984], [5.185962038508383, 46.05032416014716], [5.185541242476484, 46.04998547559767], [5.184981210270471, 46.05006442904677], [5.184862297581357, 46.04996840032059], [5.184400123350855, 46.050079092138404], [5.184440168449565, 46.05022753210832], [5.184635042679107, 46.051176907044244], [5.185150803212966, 46.051163890762226], [5.185107093886195, 46.05189421428058], [5.182996081714588, 46.05226257436791], [5.182994145845143, 46.052304932852394], [5.1831609144843975, 46.05266713946032], [5.182289221672025, 46.05293759868695], [5.182182592546121, 46.05297089891921], [5.181420657691809, 46.0532061732316], [5.181370334967906, 46.05318583221836], [5.181064395731593, 46.053350192228734], [5.180648085886199, 46.0530527894134], [5.179061999759303, 46.053261998763546], [5.178868278068304, 46.05359277387286], [5.17868224146454, 46.05405660017662], [5.178649721552915, 46.05428698544901], [5.1766908893803665, 46.054057209873804], [5.176059319836697, 46.05403439110926], [5.17580125541513, 46.05326484717522], [5.17565699586198, 46.05328827908057], [5.17535106201555, 46.05329597396502], [5.174981290291787, 46.05271109173865], [5.176825464196441, 46.05272591995928], [5.176956256206872, 46.05256777929032], [5.1771392834544265, 46.052294892478066], [5.177143944812432, 46.05227497132264], [5.176964984238172, 46.051739307499176], [5.176617288612511, 46.05093961097525], [5.176544264563058, 46.05079560564235], [5.176683913962171, 46.05049680064198], [5.176670442826165, 46.05048633786154], [5.176688129755816, 46.050453481276605], [5.176938385122616, 46.04968465243347], [5.176897748932416, 46.04921303348373], [5.1766155377960015, 46.048742990385826], [5.176448997328843, 46.04875798239806], [5.176365844774585, 46.048276626169915], [5.1765932236443675, 46.04820338434478], [5.176576854543258, 46.0479652238255], [5.174667573441737, 46.04845438681109], [5.1746289809188335, 46.04630640700775], [5.174714865249866, 46.04562634288894], [5.1750622168208045, 46.04529620842486], [5.175007389944056, 46.044705205830525], [5.174701283621116, 46.044429319070524], [5.172444071535328, 46.04445455669917], [5.172542584382658, 46.04426482589044], [5.171932214181392, 46.04401008193855], [5.170653790259508, 46.04425646133122], [5.17068100651767, 46.04447003622132], [5.1709031859385854, 46.04501542441732], [5.1692872389133395, 46.044988478614776], [5.169214174439718, 46.04452847440232], [5.16875958468511, 46.04447326044573], [5.168529670769618, 46.04315293260207], [5.167974191225462, 46.04237913912293], [5.167943833558751, 46.04238710178048], [5.167738891011541, 46.041891691972744], [5.167575811753166, 46.04153567705148], [5.167188169843444, 46.04124200745849], [5.16680342050894, 46.04095907151669], [5.166518766853285, 46.040751946278895], [5.166694236574358, 46.040097550387244], [5.166715111624942, 46.03990617272743], [5.1666793218457165, 46.0399016692902], [5.165354750569373, 46.039943883855436], [5.16534480621917, 46.039751471778104], [5.164756905578137, 46.039679782574765], [5.164726387112978, 46.039089071596926], [5.164708874456497, 46.03875011113088], [5.164624573855313, 46.03753866165535], [5.164608962033991, 46.03751924403475], [5.163011227452799, 46.03752507156657], [5.162911030264312, 46.037775153483885], [5.161465506224879, 46.038228174209124], [5.160602082404721, 46.03837312025157], [5.160477226461677, 46.038443765392316], [5.160573375841509, 46.038756457355596], [5.160806312587933, 46.03923226624027], [5.160770881236482, 46.039264661191794], [5.160796182286465, 46.03937926433822], [5.160546783014133, 46.03951154377177], [5.159056633366323, 46.039458800402166], [5.159266018980944, 46.0401800766774], [5.158437916917758, 46.040261106281136], [5.158325301418797, 46.040208107963906], [5.158454455800452, 46.04015806469018], [5.158491310981603, 46.039636788962525], [5.158525983256641, 46.03907055497271], [5.158658456913272, 46.03874134227707], [5.158644645315765, 46.03847340953513], [5.158550934861986, 46.038142652386085], [5.158582542983558, 46.03806623862747], [5.158513140941335, 46.037988755923756], [5.158330570936271, 46.037754750664256], [5.158686558012008, 46.03778185402316], [5.158848089473116, 46.03779582257144], [5.1589702702332385, 46.03778376534483], [5.159028451419248, 46.037500526709145], [5.159064091179826, 46.03750233327588], [5.159077129327865, 46.03734896446733], [5.1591768216631495, 46.03721412807562], [5.159729581108595, 46.037184097870714], [5.159797197300019, 46.03644238666562], [5.158409093573557, 46.03597025492077], [5.158007490047678, 46.03562469612869], [5.158236087931288, 46.03551544896445], [5.158972807075608, 46.03576439875436], [5.160808243067462, 46.03576168538913], [5.161477795177972, 46.03553786753137], [5.162551479571857, 46.03528771624448], [5.163447221182692, 46.03528148125005], [5.164243775311411, 46.03539205781742], [5.1642873633656405, 46.03542247938396], [5.164894408003719, 46.03563053009658], [5.165062563641758, 46.03517977740363], [5.16526141471305, 46.03499294018053], [5.165720443043449, 46.035105668835634], [5.166612002996629, 46.03505360288451], [5.167080880455806, 46.035041841282315], [5.167431076991219, 46.035627235510624], [5.169706012837539, 46.03548460899876], [5.169735777616165, 46.03551267197753], [5.169768672125247, 46.03549383673137], [5.170259226830549, 46.03546621900924], [5.170254100145214, 46.03600650760274], [5.170301436869098, 46.03617186662621], [5.170411415812711, 46.036783093669094], [5.170762630139335, 46.03738465625155], [5.171980781597232, 46.03742787112336], [5.17273021190278, 46.037483763114025], [5.173663509380702, 46.037799701337356], [5.1742713112985665, 46.037694390875586], [5.1745032940341735, 46.03755621346236], [5.175300379067245, 46.037299392541144], [5.176047643534658, 46.036909680808066], [5.176604276515621, 46.03696949642298], [5.177361403586534, 46.03717370365944], [5.1786167506870475, 46.03752741068593], [5.179470416108302, 46.037536510239704], [5.1801026719648195, 46.03861891865653], [5.18128478391183, 46.04087582305925], [5.182881305767374, 46.04370113843527], [5.183875309595547, 46.045295211430464], [5.184195985694111, 46.04598438215275], [5.186918332857566, 46.04492895600371], [5.187035714817426, 46.04564620907974], [5.186635048234421, 46.04575806179827], [5.1869613810243065, 46.04670141639539], [5.187969796524581, 46.04680918309113], [5.188140951637362, 46.04682106065244], [5.1883740069614035, 46.04719958752979], [5.188745238447517, 46.047190207126555], [5.188762556169562, 46.04721227554361], [5.188875407925426, 46.047330965380695], [5.188838071247298, 46.047917086703016], [5.188924835029023, 46.048358731865605], [5.189421655483413, 46.048789110480975], [5.188959686068782, 46.049258131324876], [5.188446319545155, 46.04972124151477], [5.187953170505302, 46.05021264959974], [5.187695463613245, 46.05061708319709], [5.188042805302683, 46.05087839463355], [5.18835553670085, 46.05083268090114], [5.188636044631467, 46.05086340506724], [5.188644852612841, 46.051032434745245], [5.188614317079704, 46.05116104660628], [5.188377791563709, 46.05125974845664], [5.188215504619407, 46.05135387717783], [5.1880136001744805, 46.05137248257818], [5.18872090218815, 46.051779543578675], [5.188805121042664, 46.05178281600464], [5.1888595257112105, 46.05194349256578], [5.188790473113659, 46.05207487845997], [5.188751827590127, 46.052372947378544], [5.188577713426808, 46.052582606925995], [5.189727246173384, 46.05306851340177], [5.189762301130719, 46.05309103706288], [5.189789217351583, 46.05309395593017], [5.189854720705468, 46.052847423315235], [5.190406792041436, 46.05283346480664], [5.191302256971133, 46.052927856424795], [5.191904520775291, 46.05274336906356], [5.191895940966013, 46.05295065257991], [5.192146548472409, 46.053124366503475], [5.192352594150788, 46.05318487339511], [5.19241693149144, 46.05334979573347], [5.192044851097402, 46.05368331397308], [5.192039139608824, 46.053915727521314], [5.192247855978574, 46.05402748556806], [5.192253673468343, 46.05413897594519], [5.192276945224084, 46.05489461890885], [5.192340936713354, 46.054929012655776], [5.192411496683968, 46.05491822592223], [5.192536796394745, 46.05484123066449], [5.192599605701102, 46.054682092993644], [5.192633660833533, 46.05417257406691], [5.192680574450917, 46.05305953672686], [5.192859532330253, 46.0522294545041], [5.193156859417925, 46.051886120824705], [5.193656173595558, 46.05151337169583], [5.194230833967638, 46.05117472374053], [5.1948206713764815, 46.0510004338542], [5.194883535480062, 46.050874608432714], [5.19468324890094, 46.05058258701251], [5.194806910982942, 46.050489427692504], [5.195009755065667, 46.05045907988395], [5.1951844944564325, 46.050261996095], [5.195379948099301, 46.05008779248279], [5.1956012507645175, 46.05011639294602], [5.195762881040308, 46.04996285341055], [5.194608591714299, 46.04915303099032], [5.194792979011192, 46.04879905423102], [5.19483091486565, 46.04878278660662], [5.19512606623372, 46.04826215089007], [5.1955959183649805, 46.04786582526952], [5.196615272650478, 46.047778779607825], [5.196638653102366, 46.04740726843861], [5.196850890868038, 46.04700036600294], [5.197064785127091, 46.046607824057766], [5.197330819401841, 46.046394014268046], [5.197703345360272, 46.04616220379176], [5.1980298919492, 46.045989371426806], [5.198055625088821, 46.0459759149758], [5.198196424331517, 46.04581029162112], [5.1985697273326705, 46.045190435264125], [5.199281991639973, 46.04413254598997], [5.19964212983063, 46.043693971590386], [5.199990413852823, 46.0434168520451], [5.200344164123487, 46.043229619293], [5.200611649177449, 46.04305897634257], [5.200840300959985, 46.0425490190869], [5.2008365855279575, 46.04243972699922], [5.200791656289027, 46.04239270432314], [5.200831738218685, 46.0423853839167], [5.201048645427203, 46.041636244311235], [5.201411906161772, 46.04082576791909], [5.201628810675332, 46.04041783239387], [5.201638469361289, 46.04040228750901], [5.200918381626166, 46.039547291528116], [5.199015804651617, 46.0403554127549], [5.198895989155653, 46.040444879572696], [5.197871298877364, 46.04081297430359], [5.1969275539926985, 46.04119881115858], [5.196744111723485, 46.04122867144474], [5.1964824531424645, 46.04132533081448], [5.195858591143958, 46.04158601214738], [5.195795819566847, 46.04162181530489], [5.195678057619613, 46.04167161282038], [5.195578760543053, 46.04172094325092], [5.194121428149207, 46.041694839507116], [5.194610037103596, 46.04001964775096], [5.1946518195440925, 46.03985924080733], [5.194673636927398, 46.03979926494434], [5.194692649770399, 46.03969795478175], [5.194915087007781, 46.03879834354318], [5.195210067695936, 46.03721358117635], [5.195465865668027, 46.03680467359391], [5.197019837921853, 46.03676529092629], [5.196874441999842, 46.037243422413766], [5.198568363690077, 46.037422841789336], [5.198707509134318, 46.03762907591385], [5.1991290633443334, 46.03776242962843], [5.199152707900935, 46.037737517578066], [5.199161501509222, 46.03774990220287], [5.1994412898893305, 46.03781752619629], [5.199621678784876, 46.0383918310457], [5.201500836679961, 46.038449465614626], [5.2011479640633285, 46.03700266908906], [5.200966916702645, 46.03639867462823], [5.200932683703788, 46.03616186634873], [5.20100412402339, 46.03589176961948], [5.200813008345004, 46.035912824806836], [5.200696337850845, 46.03572132913211], [5.200605318749637, 46.03560480014219], [5.200107897322322, 46.035468879381135], [5.20002576615253, 46.03547546857169], [5.200020751756599, 46.035441383876496], [5.1996252783342465, 46.0352155423058], [5.199348485835624, 46.03482194438533], [5.1993351799896494, 46.034567498020635], [5.1990243691895435, 46.033923579619035], [5.1990090178796455, 46.03240879832349], [5.195452694569351, 46.032082138494545], [5.194038130966182, 46.03192711004595], [5.1933674317070455, 46.031615493927646], [5.193317396444047, 46.03153843812172], [5.190420608130496, 46.03123092543115], [5.189435631472588, 46.03133686127683], [5.1894644620033334, 46.03128482108746], [5.189195894479469, 46.02983676112093], [5.189095025351154, 46.0291262931642], [5.189180670730358, 46.02872350347143], [5.1890587226338845, 46.028429493227556], [5.189083845817443, 46.02807324749236], [5.189189486796539, 46.02766725423535], [5.189155153186374, 46.027566392732155], [5.189017732507495, 46.026789321004706], [5.188951362279343, 46.0260437709537], [5.188979035779995, 46.02575137938616], [5.188810341152797, 46.0255521859303], [5.188709933758523, 46.02531435128353], [5.18842257527554, 46.025087539581776], [5.188313611428214, 46.025042583558545], [5.188365192691849, 46.02471537620945], [5.188248479078563, 46.02424117947187], [5.188121423161394, 46.023958107205296], [5.188036623995188, 46.02363254763732], [5.187996302215372, 46.02354083676869], [5.187952037729728, 46.023541954540654], [5.187208362930183, 46.02317633337087], [5.186826073182933, 46.0227988738425], [5.186636506200109, 46.02243184989168], [5.187124762116606, 46.02199007794282], [5.186821828643215, 46.021490877324624], [5.186671241357211, 46.02105084570187], [5.189198610984891, 46.0208816344664], [5.1892260069061065, 46.02058384975421], [5.189730501667999, 46.020176766616835], [5.1897592836897015, 46.02018594076375], [5.190474423504212, 46.01998959547225], [5.191580908084083, 46.01997510217675], [5.191636953076329, 46.02021225615361], [5.191478828026748, 46.020882462231306], [5.191522414284349, 46.02128468777187], [5.1922069934129045, 46.02132497659774], [5.192586968201701, 46.02168717174908], [5.192558928188401, 46.02196966867177], [5.1923087330087405, 46.02206648087009], [5.192246521082054, 46.02208290918542], [5.191359276635496, 46.022213402993884], [5.191433409206001, 46.022442893100376], [5.191778067627674, 46.024142901527], [5.192108782399535, 46.02557497467053], [5.192958946187804, 46.02595407748384], [5.1945446442424865, 46.02569154726298], [5.195551840728933, 46.02660232006833], [5.196468544526905, 46.026552075485014], [5.196527296143138, 46.02651637919935], [5.198228028859833, 46.02641473282232], [5.198436394886615, 46.02592059318181], [5.198503180136425, 46.02556148580328], [5.199209730260224, 46.02605041677981], [5.199168603589875, 46.02566433880092], [5.199183969272793, 46.02555771782674], [5.199439657650439, 46.02555123036987], [5.199568826405148, 46.025579460563335], [5.199653479145959, 46.02556200662106], [5.199730517766406, 46.025381795888514], [5.200050770758437, 46.02541868174664], [5.2010814240535925, 46.025541061633575], [5.20094526281271, 46.027014682442], [5.200902104153193, 46.027177823617684], [5.2009286197254525, 46.02723747076], [5.200607670539037, 46.02953233682621], [5.2032834526314495, 46.02958410673746], [5.203315721014787, 46.029553579048404], [5.203827970034192, 46.02955406614935], [5.20381478546076, 46.02930232106355], [5.204850875360016, 46.029544264878524], [5.205031227424646, 46.02934522043116], [5.205938409978948, 46.029561622139056], [5.20614433079153, 46.029421341888266], [5.207359964271663, 46.02941922445954], [5.207131509220191, 46.02994540143975], [5.207130865128106, 46.029965227116364], [5.2075310403326664, 46.02984700640402], [5.207822248096645, 46.029839595772074], [5.207889897525763, 46.02980366086665], [5.2087419666407415, 46.0297549659359], [5.209653873435078, 46.0296741217532], [5.210735777413838, 46.0295718406545], [5.211206027498746, 46.02958956650624], [5.2107979965270355, 46.02912461168604], [5.211491353992561, 46.02892868732552], [5.211767166429183, 46.02890635277126], [5.211979541637077, 46.0292880628464], [5.212979002730617, 46.02926258315807], [5.2132596741546395, 46.02933014830787], [5.2133443825909715, 46.02971241427998], [5.213784397180073, 46.02999828860553], [5.214166968100015, 46.02994621410053], [5.214201057368403, 46.02981030125125], [5.213992698528164, 46.02947350669907], [5.213059030944338, 46.02875368110077], [5.213030357618785, 46.02820793903453], [5.213006123767354, 46.02774671110551], [5.212671794174806, 46.02747434410042], [5.212740126323518, 46.027143997636834], [5.213608478301352, 46.02703452788137], [5.2136207717459975, 46.02688476318467], [5.213266212991579, 46.02661111891583], [5.212668591680821, 46.02659664419661], [5.212326537475131, 46.02648202763854], [5.212323556865029, 46.02568715057299], [5.212324792946869, 46.025666412088455], [5.212374102371111, 46.02566515526702], [5.212632676137467, 46.0250985841312], [5.213621949437359, 46.02526422092093], [5.213653798307418, 46.024239781650834], [5.2136923809488875, 46.02423609467158], [5.213630432228583, 46.02421066442571], [5.213253453321273, 46.023923183321344], [5.213035906512289, 46.02384140620687], [5.213255880569164, 46.02356840930211], [5.213244874410326, 46.02335892531868], [5.213093983493737, 46.02333306489932], [5.213096432301191, 46.0229638819079], [5.213667542531276, 46.022472164703665], [5.2141449764435395, 46.02202784683257], [5.214113651291254, 46.02199984125537], [5.214153212198062, 46.02198532540716], [5.2148238557616455, 46.021374023905736], [5.214345919691138, 46.02117915121927], [5.213893486791528, 46.02110066549791], [5.213757978625868, 46.02111897730422], [5.213659631068572, 46.021106631993575], [5.213449038118186, 46.02115701688731], [5.2132986879874155, 46.02041811223432], [5.2130374228684895, 46.020165494022855], [5.212867219969932, 46.02009151191458], [5.212879153190175, 46.02005789743104], [5.21292970498447, 46.01979012549819], [5.213155935807296, 46.01963670504104], [5.213341569067495, 46.019541941519826], [5.2133251316944405, 46.0192290628625], [5.211730388503149, 46.01926972746919], [5.210993809496044, 46.01945235477598], [5.210039352201624, 46.01955139773047], [5.209737056532072, 46.01948437581246], [5.209239685410428, 46.0193493941553], [5.209131651319398, 46.0193224377078], [5.20847365423842, 46.020389827630424], [5.2083924070108365, 46.020442311612456], [5.208403555103517, 46.02045282936228], [5.207954450462052, 46.021238508537344], [5.20659424391675, 46.021331647318625], [5.205611600183637, 46.02142867147196], [5.203650191642812, 46.02117874763147], [5.203528859790648, 46.02211452698877], [5.203142236570466, 46.02261410496901], [5.203022703145525, 46.02293764704568], [5.20287392955806, 46.02315209464492], [5.202876893998481, 46.023208732744486], [5.202496015504539, 46.02364784836114], [5.20157584241291, 46.02358119630618], [5.201255614573699, 46.023576722102604], [5.201476698948286, 46.0215184664749], [5.201466983668477, 46.02150070996485], [5.2017090877223815, 46.018797311786436], [5.201839695578174, 46.017650638191355], [5.201439506898891, 46.017334899191695], [5.201349422943895, 46.017218354517844], [5.201130225929709, 46.0171041807736], [5.200824945158502, 46.016979596307735], [5.200071072683873, 46.016833982800634], [5.199729161310323, 46.01678234318248], [5.19846019305512, 46.01660928604244], [5.198220103922407, 46.01609501600847], [5.198233425938062, 46.016073068665015], [5.196729374861235, 46.012836003696506], [5.196560014582421, 46.01285649993854], [5.195129724173567, 46.01116782382248], [5.1951616413156065, 46.01095994868259], [5.194291307654276, 46.0110567258788], [5.193560034995558, 46.011342636784484], [5.19317024970556, 46.01150195856934], [5.191634688423513, 46.01163266763643], [5.190515769363487, 46.011608770733396], [5.190485322763562, 46.01229645063522], [5.1905099545686415, 46.01287830693847], [5.190755226980575, 46.01310437016869], [5.190652369880549, 46.01325551976142], [5.190193735910542, 46.01348769412925], [5.189125445899928, 46.01415841093177], [5.188441604288223, 46.014130690217115], [5.187896290079822, 46.01324419896592], [5.187842463028009, 46.01317083833346], [5.187726505796178, 46.01305313196258], [5.187201707312255, 46.01322574480414], [5.187178148993941, 46.01323984558108], [5.186879965811768, 46.013337407985766], [5.187634395241897, 46.01579860292771], [5.1861323069839615, 46.015614194949485], [5.185966113266517, 46.01563369325616], [5.184693072049841, 46.01579818869528], [5.184243829966121, 46.015764517327234], [5.183167859359857, 46.01516868281456], [5.1818996510794, 46.01494860953138], [5.18183722535367, 46.015796438812735], [5.181465302164791, 46.01580581955497], [5.181479842295977, 46.01574243572601], [5.1812784831284215, 46.015706999466374], [5.181199266991711, 46.01582873708145], [5.180389402525432, 46.01583294989768], [5.179081525540313, 46.015687662761465], [5.179288890843895, 46.01473354867979], [5.179466344045126, 46.01404486721072], [5.179543588379775, 46.01347935048992], [5.179342639742294, 46.01250312102834], [5.178909367009375, 46.01196487176334], [5.177975695832328, 46.01071721415617], [5.177990805495406, 46.01069702470486], [5.177147546158396, 46.00961993673838], [5.176699724311186, 46.0100309327638], [5.176609814629327, 46.01021325117787], [5.176624893749705, 46.010239881395385], [5.1762982231932435, 46.01091700884399], [5.176265535296695, 46.0111113898808], [5.175435207208235, 46.01070196288559], [5.175289705285033, 46.010793851025355], [5.173929544553783, 46.010055643301754], [5.1717788052870715, 46.01008091784195], [5.171640566242935, 46.01109450036513], [5.170114324981942, 46.01126609301223], [5.169902890310141, 46.011300210084485], [5.169874363409981, 46.011153284541955], [5.1693219408327815, 46.01116715999682], [5.169128227226589, 46.010061091273236], [5.169067290009283, 46.00957107616112], [5.1695475545130005, 46.0093789613908], [5.169399327101238, 46.00898116019362], [5.169493144454572, 46.00832700954365], [5.169594525622565, 46.007804107728866], [5.169583486226035, 46.007730567050466], [5.169613384853663, 46.0077316165092], [5.169593939022694, 46.00738820098041], [5.16979228973237, 46.00710143417474], [5.169920750614633, 46.00669758615363], [5.1698844946097795, 46.00640140722599], [5.169997464044964, 46.006117688307924], [5.170449778366924, 46.0057930251464], [5.171245629114783, 46.005520953689675], [5.171554832828848, 46.00531962328214], [5.171712230243049, 46.004676473591765], [5.171699340317031, 46.004427424345984], [5.171719966534252, 46.0044214997287], [5.171643218069634, 46.00334310523808], [5.171646496022109, 46.00297211399419], [5.171850171944812, 46.00278874150394], [5.1712774914596, 46.0028463507986], [5.170657471555547, 46.00283312407825], [5.170224172771512, 46.0026657596487], [5.16972157794648, 46.00243981661603], [5.169153124034679, 46.00215700588892], [5.16783806412057, 46.00185063080582], [5.166242450461791, 46.00148735598982], [5.165447012938963, 46.00135877390007], [5.16503855975905, 46.001814647755715], [5.163589196320089, 46.00168894557738], [5.1629616134996725, 46.00151111936053], [5.162687322809133, 46.00156300661563], [5.162868252490497, 46.00065550179046], [5.162916929500784, 46.00062997520956], [5.16287306656211, 46.000608567118455], [5.163105420301918, 45.99850962291285], [5.162654929559966, 45.99844619305233], [5.161949572398879, 45.99839004504684], [5.161206022465164, 45.998437483328786], [5.16048886862776, 45.99858868361044], [5.159600099740162, 45.99870096231228], [5.1585627719624725, 45.998845763640944], [5.158890042593528, 45.9977536543596], [5.15906371568404, 45.9971281261377], [5.159163473596345, 45.9968555452728], [5.157889829610083, 45.996815402123], [5.1570893516402085, 45.996697685285454], [5.157751244714565, 45.995895192651425], [5.157813884239338, 45.995890025363785], [5.157838137853705, 45.995889419393215], [5.158570631322878, 45.99442166549369], [5.158516953391417, 45.994397799848606], [5.158565166871034, 45.99431556779739], [5.158736161185335, 45.99434279667764], [5.1600669290404895, 45.99494597378815], [5.160781837988013, 45.995581662232674], [5.161131200886853, 45.994919319357855], [5.161498446548046, 45.99421331302861], [5.16160529126962, 45.993780309447494], [5.161655390313011, 45.99312365490198], [5.162258123936051, 45.993102253892296], [5.162251796203197, 45.99252624339715], [5.162432041368307, 45.99154313147055], [5.162729193284512, 45.99044051313831], [5.16273673014976, 45.99026612156938], [5.162976861503305, 45.98957049773944], [5.163796802372126, 45.98962916435743], [5.163794387700662, 45.9895824119437], [5.163714167247463, 45.98957722222174], [5.163792858768035, 45.989552742830355], [5.1630579093048645, 45.98891847434903], [5.162130913508648, 45.98828631635522], [5.162111846766755, 45.98829219588864], [5.161578269945862, 45.98790044907344], [5.1611964976282065, 45.987524699280186], [5.160025673911089, 45.98601457080919], [5.1600059585855576, 45.98600786399532], [5.160031881269699, 45.98599461202772], [5.159570385267205, 45.98562265557389], [5.157222493643413, 45.98578315186636], [5.157225993479738, 45.985693037933665], [5.155928059946559, 45.985725502959944], [5.155633099919638, 45.986142500085855], [5.155350178215853, 45.98627381085808], [5.155296837152603, 45.98630394861314], [5.155143962755856, 45.98620424004368], [5.154904738700746, 45.98613549929938], [5.154785962555557, 45.986603455238026], [5.15470444044353, 45.98666805963393], [5.15473921692313, 45.987060607240345], [5.15395935978056, 45.98803167328685], [5.153427319078838, 45.98873636849347], [5.152228323296081, 45.98866729073182], [5.152372991582676, 45.98826305973589], [5.150607972729296, 45.987893010349765], [5.150599693855646, 45.98787251109973], [5.150044949133383, 45.987758518328704], [5.149922966002656, 45.98783537862044], [5.149465233042903, 45.98805386144666], [5.149146827885369, 45.9880780131945], [5.148428283455925, 45.988169752915134], [5.14790073343226, 45.98827113442325], [5.146811778576882, 45.988224464499204], [5.146317415913084, 45.98808283917374], [5.145018219348586, 45.9877199945187], [5.1449482693340345, 45.986355141064095], [5.144971244645766, 45.986284352582786], [5.145018127720416, 45.98593928466993], [5.145337453651107, 45.98587010791785], [5.145386925670425, 45.98585897501424], [5.14605950690008, 45.985706278113966], [5.1463287283974655, 45.98563475288971], [5.146534722871877, 45.98555939694935], [5.14708932655863, 45.984870374105945], [5.147059721680119, 45.98429314689082], [5.147156655289184, 45.98397744218698], [5.147547586829478, 45.9837336248713], [5.147756587965142, 45.983447534447905], [5.148429705488997, 45.98302292970485], [5.148690113615159, 45.982845384948774], [5.148790976455261, 45.98262410317024], [5.148822425575045, 45.982371250537994], [5.148805723198946, 45.98204576950406], [5.149143548136266, 45.98164572554974], [5.149633821668877, 45.98113384837065], [5.149780750116769, 45.98050450045652], [5.149793045358042, 45.98049249503171], [5.149816066483826, 45.98048561588219], [5.149982203607419, 45.98045176258865], [5.150093432107596, 45.980465189422475], [5.152744575208386, 45.98142799272721], [5.1546174925071675, 45.98213470709411], [5.157427273595582, 45.98314295150756], [5.1577142484979035, 45.98347967183313], [5.159049314791703, 45.98484616790214], [5.15979606362615, 45.985583696469014], [5.160956112949746, 45.98546191101418], [5.16295524803754, 45.985536048677496], [5.163947662746015, 45.98563720218854], [5.16359707544343, 45.98448915325532], [5.163414887222333, 45.983994068453256], [5.1627160087110795, 45.9830735165822], [5.162179978591147, 45.982553094562334], [5.162196309064715, 45.982494166387305], [5.1616635128798, 45.98180351361318], [5.16228874750407, 45.98173743036173], [5.162332058877193, 45.9817633489335], [5.166889829456111, 45.981387935143], [5.167181680413845, 45.98010043083583], [5.1676742536335905, 45.97894922132082], [5.168450332462036, 45.97859933144666], [5.168954006163748, 45.97838321472975], [5.169711635392906, 45.97830115865073], [5.1700132258849365, 45.97846732826478], [5.1705774469351145, 45.978997806175975], [5.170861945182205, 45.97928774316002], [5.171490372418993, 45.97886231869734], [5.1714889755387405, 45.97883534376663], [5.173232401587655, 45.97872846957516], [5.175166857076668, 45.97854023051215], [5.175199935740355, 45.978523196211846], [5.175307165839216, 45.97853669780081], [5.176582262401251, 45.978473072751385], [5.1766336289675134, 45.97772005237775], [5.176599706785753, 45.97706550964532], [5.176919626502827, 45.97676035908067], [5.177109707322023, 45.97655120846848], [5.177351599373512, 45.97645238380526], [5.177416881741845, 45.97640392407145], [5.177318438963123, 45.97623355365944], [5.177511033268465, 45.97607295289441], [5.177564055429778, 45.97541442014818], [5.178030141823373, 45.97546839205843], [5.178186443292914, 45.975464452108234], [5.179163359367767, 45.97530207672294], [5.179408939901838, 45.97521216048988], [5.179795236135242, 45.97505207243734], [5.179979757281137, 45.975077125732774], [5.180554261346356, 45.97510764541342], [5.180791588159596, 45.97509265652274], [5.180938645066539, 45.975079943837585], [5.18174522978375, 45.974278151643105], [5.182664574628654, 45.973410483776256], [5.182906205270422, 45.9728894246424], [5.183172437174533, 45.97153679793944], [5.183259963625925, 45.970206680657476], [5.183477311907251, 45.969638522429754], [5.182863918875053, 45.96904452751651], [5.18225120676582, 45.968465823491094], [5.181528453729275, 45.96879645926336], [5.180940180287346, 45.96912370335538], [5.180356257386393, 45.96998288963614], [5.18002119297192, 45.97085110568847], [5.178883323052659, 45.970958127445556], [5.177696243422166, 45.970972750962076], [5.176549472995063, 45.97136176367992], [5.176431149600778, 45.97139805310508], [5.1761286248608664, 45.97143268549655], [5.175911227172233, 45.97158040329786], [5.175521190353948, 45.972276233834876], [5.175027282237715, 45.97271179494792], [5.174273003724565, 45.97285682597478], [5.174232646910428, 45.97293526652529], [5.174255318591574, 45.97337312870265], [5.173872024527802, 45.97410749250094], [5.173289176011911, 45.97508544894318], [5.172225238338868, 45.97487635131402], [5.171672346841048, 45.97501629671143], [5.1695655980738, 45.97502154898028], [5.170776764232033, 45.972429836847766], [5.171174120523235, 45.971654620735144], [5.171214120706191, 45.971649110918136], [5.171700054477689, 45.97043503231671], [5.172200058561459, 45.96949337495997], [5.172410444000983, 45.96905055082574], [5.172540919804436, 45.96853051336262], [5.172536653705153, 45.96768437171699], [5.172189741410395, 45.96174232464771], [5.172179695550588, 45.9615481223692], [5.170655058680709, 45.96158647517972], [5.170094025751464, 45.96168880832641], [5.1698136274153255, 45.96124392040874], [5.169641865939737, 45.960385783196124], [5.169294205348364, 45.95863900510578], [5.1690285178232935, 45.957214260508195], [5.168821769662351, 45.95633539133195], [5.168785359147264, 45.955910482521325], [5.168834037954178, 45.95561847463949], [5.170668924177109, 45.955439998911295], [5.172012145377059, 45.95536119509223], [5.173033055544629, 45.95329639854711], [5.173054160563903, 45.95329766700565], [5.1731967824883105, 45.95282863453594], [5.173119459101917, 45.95259651292415], [5.172167824314112, 45.9520397934509], [5.171976143595417, 45.951812350278274], [5.171660795404806, 45.95034654441312], [5.171545942202475, 45.95021439582079], [5.17106783006217, 45.95025073032873], [5.170828041865084, 45.95020094728748], [5.170619419818429, 45.950080157676595], [5.170447737394586, 45.9497873870562], [5.170280213272206, 45.949150610005084], [5.170719964654925, 45.94899910916861], [5.1711839004817355, 45.94884609451489], [5.1709270020734, 45.94864999884273], [5.1710960775862995, 45.947581627698874], [5.169225449194822, 45.947425218097926], [5.168825884844654, 45.94751268098202], [5.168963595679396, 45.94713291191165], [5.169089988639875, 45.946519354166554], [5.169094985069497, 45.94644360520117], [5.167058505218702, 45.947791166902775], [5.167193867857299, 45.947773357996944], [5.167450124868507, 45.94837730419491], [5.167968795943895, 45.94931675277721], [5.168234811354006, 45.95057673675386], [5.168383046850642, 45.951275224484576], [5.166899787281036, 45.95160957348166], [5.163788212681381, 45.95205680092111], [5.163829650168825, 45.95209447078461], [5.163016973077367, 45.95219588274649], [5.162400193396544, 45.95224916465791], [5.16207070841831, 45.952414973371575], [5.161309291891923, 45.95296522308457], [5.160196523596657, 45.953818650627156], [5.159781439951633, 45.95396679387193], [5.159390765329509, 45.95410261767705], [5.15913499969678, 45.954023496563245], [5.1586008174113775, 45.95403687609407], [5.157620944980944, 45.95419825023175], [5.156504885258478, 45.954442250053305], [5.154659258778017, 45.954743199319594], [5.153735432238126, 45.95486532525707], [5.152959807957213, 45.95514129173735], [5.152957740035428, 45.9551638503074], [5.1527305291506025, 45.95513801546354], [5.152512397538374, 45.95521098526738], [5.150622675455557, 45.955219484457125], [5.149308851623288, 45.95542873685809], [5.149187323040058, 45.95529402858436], [5.149205734910135, 45.95527556633642], [5.149121000422654, 45.95528938585606], [5.147527986488276, 45.95372127556432], [5.145055008952749, 45.955412399913335], [5.143108631023258, 45.95309862358839], [5.143134441417995, 45.95308357378125], [5.143162662890976, 45.95305226564751], [5.142639467899838, 45.952427913601525], [5.141441052428739, 45.95106235573184], [5.140416239979578, 45.94980949685305], [5.139332021940662, 45.948418571778376], [5.138206935946228, 45.94846725836811], [5.138354694437406, 45.94858061373503], [5.138677365694222, 45.9488489676698], [5.1387204929126735, 45.949142282897576], [5.138532934562828, 45.94932339657896], [5.137561831486193, 45.95074473461851], [5.137571284457915, 45.95075800439074], [5.137518325178666, 45.950792629075146], [5.13643288992255, 45.95018312666422], [5.13608097580832, 45.95044664045853], [5.135452409332649, 45.95085566946685], [5.135113796572806, 45.951395227655475], [5.134829787009237, 45.951363572555906], [5.13403407280527, 45.951246492937386], [5.133459022564348, 45.95102489814671], [5.132363615110286, 45.952530296764614], [5.13234855215959, 45.95254237882602], [5.131342690569664, 45.95377096363568], [5.130935682779047, 45.95407634141323], [5.1305821463073915, 45.95378982421889], [5.130590334451202, 45.95374280858708], [5.13055313072371, 45.9537725399832], [5.13020915591996, 45.95200937348106], [5.130274189454965, 45.95198615783522], [5.130218226209387, 45.95190112219728], [5.130085794773587, 45.95014260802191], [5.127701097375951, 45.94991362869969], [5.127632597242282, 45.94988381216331], [5.126826309867444, 45.94981195585613], [5.126813226803616, 45.949554809247466], [5.126847763433059, 45.94953595097059], [5.127001267548804, 45.94809895238646], [5.126751304134462, 45.94805112868129], [5.12685930588613, 45.94743178155107], [5.126949571300841, 45.94708294680448], [5.126928964846522, 45.946977230600666], [5.126770571200675, 45.94662375266247], [5.1267745597205545, 45.94638508771005], [5.126737514096552, 45.9462581696781], [5.126595865945898, 45.94621846455606], [5.126431708709207, 45.94635036532898], [5.126023366920401, 45.94652252226507], [5.125775259425427, 45.94652866482788], [5.125134991494897, 45.946436479467536], [5.125103539680155, 45.94643725900089], [5.125921912090511, 45.9449387920842], [5.125929008781281, 45.944634332785846], [5.125968789775311, 45.94306961840674], [5.126000330523233, 45.94305533233929], [5.126010583893904, 45.94292454000378], [5.125572579734405, 45.94286066353359], [5.125547856301156, 45.942866676571555], [5.123784138208307, 45.94240798347194], [5.123032560929195, 45.94286950068775], [5.1232230235323915, 45.942333639398655], [5.123876812904599, 45.94088247107421], [5.124374537064169, 45.939712440021324], [5.124891848090218, 45.938608531562], [5.125519403062858, 45.93723182353764], [5.125930205337215, 45.93620616895089], [5.1259457632596455, 45.936194981706834], [5.1261767865945185, 45.9355518834974], [5.126564978273166, 45.9346555243091], [5.127538325341417, 45.93262656364207], [5.127576062668184, 45.93260761900959], [5.12784883790082, 45.932042705239176], [5.128114511951167, 45.931574295152295], [5.12887486038067, 45.9306551981709], [5.12937445932425, 45.93001264053651], [5.1298470558087095, 45.92946076901508], [5.13040941824456, 45.92877163809731], [5.130801893988831, 45.92827576220276], [5.131090536164333, 45.92789679923634], [5.13132126844508, 45.92767771730527], [5.131533368768497, 45.92742488564768], [5.131794194611241, 45.92714833441351], [5.132022033418438, 45.92687260597312], [5.132101484015425, 45.926533042117676], [5.132275272090299, 45.926146119094575], [5.132358420152972, 45.926036027093815], [5.1319059297612135, 45.92513080409848], [5.1305852293254635, 45.92378619157989], [5.129363395673231, 45.92274790170031], [5.129323382015519, 45.92273989307196], [5.127736056213529, 45.92148918246596], [5.126937879727417, 45.92068073362678], [5.126469112761017, 45.920355653135346], [5.125841276615685, 45.91983735591928], [5.123081945811961, 45.9173786762168], [5.122851870199693, 45.91718360979319], [5.122827914826027, 45.91718690518393], [5.121461110154911, 45.91592435996767], [5.120773325837412, 45.91665255810545], [5.120075893613786, 45.91717573785186], [5.1198187427788655, 45.9173189293894], [5.11952577611357, 45.91737388594874], [5.118787500188881, 45.9177585265947], [5.118666723495555, 45.917968567848376], [5.118084298984461, 45.918168403589085]], [[5.165754140646369, 46.073324892808486], [5.166706053911941, 46.07387990352017], [5.166650403280088, 46.0739443218525], [5.166460224544541, 46.074486549866435], [5.16630745345406, 46.07536184078373], [5.165929831353028, 46.07612932878251], [5.165964248506489, 46.076151876064365], [5.165912103100877, 46.07614418187248], [5.1659928850011285, 46.07694069859381], [5.16557825500534, 46.07738051451257], [5.16500461871265, 46.07778020142394], [5.16482811143743, 46.078572362492565], [5.163913664207434, 46.078525943241004], [5.161106278925912, 46.07832071799845], [5.159146616710011, 46.077997014757], [5.1583904894640344, 46.0779321855192], [5.158360409376726, 46.078898926272615], [5.158330994042736, 46.07891046293355], [5.157950729098144, 46.07940611397048], [5.1573245907686935, 46.0799331053754], [5.157346753105085, 46.07998657217156], [5.156711745708825, 46.08038954770045], [5.155587399027869, 46.0812584709412], [5.154321002649356, 46.08244962452751], [5.153315514758555, 46.083744083597054], [5.152796376559244, 46.084418728020616], [5.15265429901391, 46.08474006643688], [5.152568579972877, 46.085005081867784], [5.1526901714381355, 46.08584379844925], [5.152775541932862, 46.0863233082052], [5.152329301120512, 46.086514494498985], [5.152104023410206, 46.086725368305395], [5.152601594856202, 46.08695063417463], [5.152886355411345, 46.08758092301192], [5.153426195286402, 46.08824985782883], [5.153504711635508, 46.088533282929404], [5.153522770467658, 46.08888394158225], [5.154029032215709, 46.08952850645032], [5.155151738572965, 46.089281724091535], [5.156113221591216, 46.08894983265843], [5.157845233646111, 46.088884070547195], [5.159737610250619, 46.088836780267656], [5.160854747053103, 46.08909423315541], [5.161250331866563, 46.089393134553426], [5.160425933557277, 46.09057779653089], [5.16048977233294, 46.090576200405124], [5.159203128826248, 46.091926361130994], [5.157164722987476, 46.09401909573993], [5.156018826621149, 46.09505780680925], [5.1545966138633625, 46.09625734865533], [5.151512368709569, 46.09826532863583], [5.150873668339208, 46.09874217710859], [5.15017973056199, 46.098759465908266], [5.1481045063730155, 46.098921870728866], [5.146700762079121, 46.099242192794776], [5.145494898676021, 46.09973402095642], [5.1439222450575555, 46.10045281636764], [5.143419563994236, 46.10051032138964], [5.141843571337893, 46.10054947235896], [5.137921111785755, 46.10223577677269], [5.13828573526462, 46.10305227681787], [5.13887291186356, 46.103397813604126], [5.139155258645569, 46.10384094331094], [5.138827471483249, 46.1040111181436], [5.138258721127405, 46.104025225652265], [5.13821068731084, 46.104017415760836], [5.139965203061924, 46.10501189211557], [5.13996317466601, 46.10505065123834], [5.141204629320679, 46.10584987720972], [5.145380753346101, 46.108754803295696], [5.1444559709987665, 46.10900285682377], [5.14317239613706, 46.10948308072773], [5.137598905856268, 46.10562424881368], [5.137538014453048, 46.10579230426324], [5.137247194761282, 46.10689153368755], [5.136976986015421, 46.10687482229681], [5.136494876372099, 46.106448349403564], [5.1357899773517985, 46.105937363209634], [5.134511769923916, 46.10561972831395], [5.133903842241924, 46.10546823904063], [5.133065779658856, 46.105531297598176], [5.132633564243053, 46.10528992266459], [5.130629436318893, 46.10485337119274], [5.130465638408308, 46.10516350970128], [5.130318384770298, 46.10541742529446], [5.130233343957307, 46.10569860531339], [5.130182001645566, 46.10588173170636], [5.130164974977648, 46.10634128020884], [5.130102822339769, 46.10669031717004], [5.129899559642131, 46.107003230569845], [5.129377455205737, 46.107376245894365], [5.129074499274485, 46.10771682606744], [5.128928703602198, 46.10799951337447], [5.128755794079653, 46.10803529464554], [5.128763790882314, 46.108017094479905], [5.127635941670075, 46.108157495869136], [5.127712330808554, 46.107118511514976], [5.12770409864732, 46.10692425827794], [5.128049743419173, 46.1060586709705], [5.123834520221018, 46.10591788680243], [5.123857183817322, 46.10590291965434], [5.125450784351573, 46.10417381269019], [5.126850815908396, 46.10268082178108], [5.126856205800081, 46.10261136937908], [5.126856087222464, 46.102545654700855], [5.1252468092898695, 46.10260069909561], [5.124496040494546, 46.10258321903532], [5.123434885802244, 46.10068105588831], [5.122861939415724, 46.100866238892785], [5.122622799802242, 46.100953160995246], [5.122241836866671, 46.10047642009354], [5.12211994805904, 46.10032188196767], [5.121085872182643, 46.10007730435872], [5.120293665899908, 46.09984745589212], [5.119898869807267, 46.09978246359321], [5.119634494720823, 46.09980068205001], [5.118781953990301, 46.1000863593475], [5.117897555406582, 46.100254880783055], [5.117775129406386, 46.10008955042561], [5.117768704655479, 46.10007530051323], [5.117624670579467, 46.100105856501706], [5.11624624799679, 46.10016679588698], [5.115064093828981, 46.10007884601782], [5.114054920150591, 46.09962293099733], [5.113700764739735, 46.09970545554002], [5.113613040658981, 46.09987145977566], [5.113389615274757, 46.100122719438495], [5.113431997789882, 46.100432266654444], [5.1126627551407156, 46.10049618744317], [5.112008856174062, 46.100027922658086], [5.1125250173565275, 46.099853191510675], [5.1124401418335355, 46.09947356926519], [5.111897270144408, 46.09911960865521], [5.111842368707499, 46.098292727459814], [5.112899480981031, 46.09821272983218], [5.113862965445748, 46.098088216727696], [5.113919281729219, 46.09899068618651], [5.11746198208823, 46.09765487170661], [5.116713557895797, 46.09740951794127], [5.115610390794307, 46.09717379351154], [5.114797824195626, 46.09646277690651], [5.114643426256168, 46.0963198328123], [5.11366553820419, 46.09609631205604], [5.112679568009591, 46.09571093474867], [5.111892838755093, 46.095525913214836], [5.1111565103779775, 46.09547198118844], [5.110366122285335, 46.09553100640475], [5.109352695982384, 46.09554508805084], [5.1070698908941905, 46.09440377220795], [5.103714931243002, 46.09284936374727], [5.099606940838633, 46.090918081139634], [5.099820748859398, 46.090622071869745], [5.09986670487271, 46.090650654451636], [5.102330957071896, 46.09049400734213], [5.102947904737675, 46.09178605546145], [5.104035305507641, 46.0917162030841], [5.104403901336704, 46.091122012913544], [5.104045773575651, 46.091058767174836], [5.104091238210484, 46.09093432015237], [5.104060485285049, 46.0909197700819], [5.104099114638901, 46.090882812075805], [5.104245920017558, 46.09004558508755], [5.104345662658512, 46.08997111901013], [5.104703459839533, 46.089976752236836], [5.105228888940819, 46.089191464163775], [5.1066345331715075, 46.089400059345586], [5.108171833591968, 46.08888971323023], [5.108151557717682, 46.088489598409154], [5.108025962461193, 46.08843686629936], [5.1080533880268115, 46.088148111327726], [5.108367650154232, 46.0878541157799], [5.108572011491487, 46.087418786963575], [5.109731400553351, 46.08593011432603], [5.1086556733905, 46.0852093140118], [5.108648079033105, 46.08517169485012], [5.10412155814795, 46.082025614603275], [5.103982201599625, 46.08187419010958], [5.099992214789275, 46.07911271988688], [5.099984716551568, 46.07907689242802], [5.099955962377643, 46.07906859483112], [5.096143752162045, 46.0760379680143], [5.098670356425098, 46.07594288243666], [5.098687279786717, 46.0759271630927], [5.099172619771801, 46.07562721471742], [5.1003797506977735, 46.07551665013781], [5.100049194029402, 46.076255742876555], [5.099993008001644, 46.07631113007946], [5.099954101966687, 46.07642190930367], [5.100375133357225, 46.076976964893454], [5.100522459758766, 46.077283940673446], [5.100587081865365, 46.07753893183408], [5.101471142682542, 46.07789989051522], [5.102152748387506, 46.078396340768194], [5.102262337462279, 46.07848368151726], [5.1025496824705385, 46.07845863391721], [5.102534158684097, 46.07765509382015], [5.102391153179096, 46.07687358113738], [5.102387425170675, 46.076799856281866], [5.104186174864666, 46.07662073928828], [5.104720257437059, 46.076742689212445], [5.105231681803028, 46.076511386873605], [5.106202089583643, 46.076469585367924], [5.106411443757232, 46.076404133668255], [5.106477255233256, 46.075994705452175], [5.106564721497543, 46.075501922759294], [5.106711620300999, 46.07541909590441], [5.107011129396521, 46.07533072394016], [5.107309917144841, 46.07535580287234], [5.107997615224086, 46.075491970730916], [5.108128882443282, 46.07516195185272], [5.109148603241428, 46.070955257333885], [5.109253150970823, 46.0706240988688], [5.109634532521308, 46.07068675415993], [5.111596942683662, 46.07086990209705], [5.111587662188483, 46.07089353344155], [5.1121655861399855, 46.07095494883927], [5.112979504703166, 46.07095113908606], [5.113850752849442, 46.07104224153718], [5.114125263627237, 46.07129026342805], [5.114107056573065, 46.071983904756266], [5.113640256917142, 46.07258054896868], [5.113731501495489, 46.072833975818284], [5.114340172982543, 46.0729450387231], [5.115691407154836, 46.07320526982396], [5.116934779712607, 46.0734123282086], [5.117712484491732, 46.074779563482004], [5.11795577971172, 46.07541274516737], [5.118155152704192, 46.07625047404455], [5.1182416164486195, 46.07690282453215], [5.118419305008423, 46.077072198245865], [5.118456548261787, 46.07708973624505], [5.119187682579952, 46.07808135696042], [5.118778322101636, 46.07807523584571], [5.118737066972202, 46.07810596541753], [5.116917370362425, 46.07835154215051], [5.116937470166881, 46.077520112786615], [5.113690040651853, 46.077129200461854], [5.112773516516935, 46.07697889043776], [5.113092005217766, 46.07635438491555], [5.112737245240697, 46.07626408327145], [5.112095919094753, 46.076178119314115], [5.112281690695506, 46.077004480852814], [5.111901350292425, 46.0771875816524], [5.111695402530396, 46.07719264288564], [5.110849409619984, 46.07755552873304], [5.110718962562638, 46.07821771562873], [5.110230679696696, 46.07872934941616], [5.110027858071833, 46.079610276488864], [5.110106775967875, 46.080352846839794], [5.1095265981432885, 46.0806956875963], [5.109476252063194, 46.08089677528384], [5.109256685841468, 46.08144772136017], [5.110262330039098, 46.08222424369864], [5.110528166684486, 46.08258861928751], [5.1108413822746215, 46.08388448760798], [5.110749325619232, 46.084237846297746], [5.110215193639499, 46.084836132512514], [5.110053093544795, 46.08553060358594], [5.110062986691029, 46.08572571475658], [5.110073231078529, 46.085800182204125], [5.113206764995299, 46.08796751222788], [5.113273841299268, 46.087965862446076], [5.114803364105993, 46.08902385403418], [5.1147891671312316, 46.08906291285326], [5.1201167579760485, 46.092748806269036], [5.123069013665113, 46.09235821490107], [5.123087137175988, 46.09239648204411], [5.123100012728952, 46.092379956268324], [5.123110435881207, 46.092363497146394], [5.125090678500244, 46.09217958450295], [5.125251258645493, 46.09250691561458], [5.1250217534634475, 46.09282767053412], [5.125302823739415, 46.0931070084699], [5.1254433247414415, 46.09341863404467], [5.125610169737482, 46.09347032726611], [5.126422974389695, 46.093265698973724], [5.126410592011837, 46.09302293967113], [5.126039648884925, 46.092615283795595], [5.126063803684578, 46.0925903777972], [5.12757280088539, 46.092420759544154], [5.128884557694171, 46.091914799780376], [5.129478831882179, 46.09225840597333], [5.129441956938091, 46.093026340476655], [5.130390117940688, 46.09309561806097], [5.130396410639256, 46.093218795577506], [5.131341571268813, 46.093576219133105], [5.131832671251486, 46.09364509047627], [5.132369442481524, 46.09376684267019], [5.132615878211732, 46.09380845788721], [5.1330209995402445, 46.093663389454456], [5.1335984554694924, 46.093601375118496], [5.134795417466455, 46.09360143305431], [5.134897749052044, 46.09357819144353], [5.136311364932576, 46.09231250249439], [5.136293872039063, 46.092271523457875], [5.136508049267403, 46.091935819283314], [5.136541587868535, 46.091928690470574], [5.137218384891803, 46.09069385381349], [5.137323044012305, 46.09038517023351], [5.137261434855171, 46.09031917869952], [5.137423993090662, 46.0902719345066], [5.138417475895986, 46.09040573926612], [5.139865679609927, 46.09054265247251], [5.140667597579217, 46.09053624366811], [5.141094406933652, 46.090423921571805], [5.141395689303512, 46.09028860108974], [5.1418607740755755, 46.090133003961284], [5.142412074657002, 46.09003378597739], [5.142774680519753, 46.08988343385551], [5.143086088699528, 46.089143784762676], [5.143383076224032, 46.08810559904079], [5.143677332870058, 46.08662365450583], [5.143750219477288, 46.08618341818663], [5.142808291884418, 46.086092490886166], [5.142777404211719, 46.08531633390045], [5.143162830875933, 46.08531125970511], [5.143360983956247, 46.08504525756812], [5.143461969865551, 46.08496352356071], [5.143751776257658, 46.08498602735673], [5.143693847498265, 46.08453283435161], [5.143696728395356, 46.08378734693724], [5.144133177571112, 46.08389172587552], [5.144728413854777, 46.08384812179465], [5.144975086740218, 46.08400583018121], [5.145307882908587, 46.083905726378305], [5.145624137499303, 46.08365479284052], [5.145978247096107, 46.08292937065089], [5.146994209343097, 46.08227390802627], [5.147622527883736, 46.08175681635367], [5.14760312247697, 46.08172399146089], [5.148890817910863, 46.08036583879398], [5.149405592992873, 46.0799659032933], [5.148629683047683, 46.07923215808285], [5.148568615574665, 46.07919181551266], [5.147357181718463, 46.078148860541084], [5.148037557629833, 46.0776385792064], [5.149578039883013, 46.0769520212993], [5.150775569615208, 46.07649725425421], [5.152346164295024, 46.0764283907881], [5.153005443271961, 46.07640294343269], [5.153599514440691, 46.07638362173073], [5.153914144877388, 46.07688892382645], [5.154841709307167, 46.07679915959401], [5.155493728099929, 46.07696293521367], [5.156300152917023, 46.07703282559179], [5.157346567153819, 46.076736609700674], [5.158098759778876, 46.07638201148473], [5.158562885150206, 46.076383917731825], [5.1587856296114305, 46.07593722035754], [5.158931114466621, 46.07557527793997], [5.159038652687587, 46.07526019514674], [5.158794785240781, 46.07490618569332], [5.158474753234303, 46.07429930029511], [5.158066583922039, 46.073578482632264], [5.157793858995041, 46.07305594124258], [5.16140949626692, 46.07276387384269], [5.161143993794818, 46.07217633730081], [5.161232811125274, 46.072157913407985], [5.161350781481633, 46.07190738886263], [5.161693085418948, 46.07199334763167], [5.161802059147776, 46.07201943207099], [5.161938918379604, 46.072054716311285], [5.162514491440036, 46.07222666877942], [5.16479502648553, 46.07291318576474], [5.16575073603147, 46.07329166280815], [5.165754140646369, 46.073324892808486]], [[5.157508485788844, 46.05599670245284], [5.157664148556215, 46.05528610140824], [5.15767444684264, 46.054984250448456], [5.157434008265255, 46.054551834810624], [5.157614788826302, 46.054328548157514], [5.157750566486557, 46.05414059930834], [5.157769679042536, 46.05405730151543], [5.159555973595104, 46.05449878162802], [5.158787757720321, 46.05456930952109], [5.1592784301049095, 46.05707778795393], [5.157625234436417, 46.056851736223116], [5.157832016733349, 46.056661116038384], [5.157578494193873, 46.05643157850052], [5.157508485788844, 46.05599670245284]], [[5.154214305251473, 46.0534565095952], [5.1533641414632045, 46.05290695672003], [5.153334621026354, 46.05278796029351], [5.155103617619815, 46.05245841413243], [5.155146921806395, 46.05375371573077], [5.154214305251473, 46.0534565095952]], [[5.150027877549742, 46.058470083710446], [5.149868683504981, 46.05865860066639], [5.1489920167208805, 46.060850089540494], [5.147279936485517, 46.060438098078926], [5.146863674250835, 46.061272200198154], [5.145841056385916, 46.06109509666426], [5.145889707345054, 46.06017111581736], [5.145317145437493, 46.05983246110978], [5.145337120376151, 46.05880566364205], [5.146977760291912, 46.056427744056315], [5.146988410717933, 46.05521752442327], [5.145388027004967, 46.055106121006006], [5.141930336017915, 46.05547839205424], [5.141715879413512, 46.055078607220565], [5.139849721937222, 46.05541035205287], [5.140329338755631, 46.05442345776614], [5.14237156692592, 46.054658993331394], [5.142386224736392, 46.05494490941578], [5.144607966843154, 46.05450254451433], [5.144661209990052, 46.05429776482496], [5.144826455086562, 46.05318632908579], [5.145553542494369, 46.05321144800395], [5.145618114295331, 46.05266068012268], [5.144858865403708, 46.05260575608422], [5.145155515161669, 46.050887873538706], [5.143950108102727, 46.050863848962436], [5.144306939594836, 46.04939114648642], [5.144652181921456, 46.04918990347792], [5.144006322876592, 46.04866761128978], [5.1441423673364515, 46.048610212453866], [5.144126755515129, 46.048588094717424], [5.145822077678906, 46.048525201116355], [5.146099927494578, 46.04701124468927], [5.147602137025087, 46.04705846232802], [5.147565980733212, 46.04814687971879], [5.147474391201814, 46.048473258788675], [5.147149943975703, 46.04879462882917], [5.147930447905249, 46.04893453569898], [5.148775893741628, 46.053702876156116], [5.15097141222862, 46.05333575755403], [5.150027877549742, 46.058470083710446]], [[5.111202498730617, 45.97861312205102], [5.111211965177097, 45.97880013856265], [5.111267107362494, 45.97936143837949], [5.111027949782703, 45.97994798398182], [5.11071308578406, 45.98063091432524], [5.1096186152728045, 45.98185697055124], [5.105968327285453, 45.98039198008488], [5.10583694867515, 45.98042671422181], [5.105817602557193, 45.98050641188568], [5.105872566876164, 45.98078143789146], [5.10612170833203, 45.98104809340046], [5.1058800615205815, 45.98113684594692], [5.105471841902647, 45.981172083373856], [5.105427572925452, 45.98117497108278], [5.105260359620168, 45.98118807875746], [5.105017806408616, 45.98105179761642], [5.10489760014548, 45.9810367479111], [5.1030388906012245, 45.98097074177404], [5.102977003864687, 45.9808012137778], [5.102204024223928, 45.98093181247998], [5.101849464571179, 45.98139333287781], [5.102382338909509, 45.98246684990506], [5.1024119446863505, 45.98251113579555], [5.102685699082656, 45.98273848666251], [5.1029368491714635, 45.98246945415061], [5.104576341938631, 45.9825867530633], [5.10636266254235, 45.98254287984213], [5.106369694554394, 45.98232934656488], [5.106914249686382, 45.982214236880374], [5.107533508717361, 45.98296873232601], [5.108545233611176, 45.98418799541634], [5.108281553820752, 45.98420888615602], [5.105707079234538, 45.98376801110212], [5.103862451680649, 45.98359904534283], [5.10312705395816, 45.98339023391498], [5.102688532369068, 45.9832092421922], [5.101921569644101, 45.983221753887584], [5.100995234109652, 45.984713667773676], [5.100679352319764, 45.98485195105108], [5.100199433667429, 45.984395589145464], [5.097571566813965, 45.983483209222754], [5.097163618487254, 45.98338066915146], [5.0972246688922604, 45.983005573440884], [5.098456571760525, 45.98233803135787], [5.099410085823891, 45.98100031748211], [5.100009522629851, 45.98115667289356], [5.100539771192598, 45.9804684891683], [5.098926956592731, 45.97996426937024], [5.0993289598689175, 45.979390867623096], [5.100858652457193, 45.979860211473856], [5.100990580836452, 45.979820965528596], [5.101197087350609, 45.979626847229405], [5.101852618556156, 45.97931099044068], [5.102352390874574, 45.97909167280947], [5.103768345968114, 45.97945123113972], [5.104437277342763, 45.976698069208545], [5.104602205333964, 45.97676784050298], [5.1050412218947905, 45.97694430788443], [5.1054890096060435, 45.9773096147776], [5.1060939665594, 45.97757562714822], [5.106852689936589, 45.977690219589476], [5.11127381508272, 45.97844302374877], [5.111202498730617, 45.97861312205102]], [[5.107159916458708, 45.97631159674921], [5.107021302817083, 45.976747121755146], [5.107001482388657, 45.97744079667429], [5.106757720943076, 45.977390070430765], [5.104669645455624, 45.97652311618687], [5.105003530382109, 45.975671388699396], [5.105055888688434, 45.975652100429585], [5.1051125166873295, 45.97568941775678], [5.105166685098939, 45.97570609520707], [5.105823888967548, 45.975951022283525], [5.106936341954167, 45.97453730617948], [5.108345609090415, 45.97371404892588], [5.10893070249622, 45.974113774974285], [5.109344065867468, 45.97430886530079], [5.109241675891367, 45.97440590576318], [5.108593062611836, 45.974871983672394], [5.107911278142117, 45.975226338380516], [5.107608527026735, 45.975607381409155], [5.107159916458708, 45.97631159674921]], [[5.100406029114798, 45.96059442971422], [5.100544194497073, 45.96037498238169], [5.1013596213315795, 45.9605620323823], [5.100949162213647, 45.96224475209227], [5.1008975845433, 45.96235854699092], [5.100096189393522, 45.96222516253348], [5.099746141080096, 45.96214641894407], [5.099184649111767, 45.96197293424687], [5.098044075263509, 45.96173801466899], [5.097827355802918, 45.96201519582356], [5.096859929530736, 45.96177331939201], [5.096873697110752, 45.96137237401262], [5.096273416786786, 45.96111520298467], [5.096437287460902, 45.96208074872441], [5.095219400107719, 45.96215107733353], [5.095185924388649, 45.96148571609881], [5.095719275732404, 45.96132862511057], [5.095923561611169, 45.96104274614492], [5.096060205247359, 45.96098268978084], [5.095903033310298, 45.96082719099816], [5.0954477365815745, 45.96094996857992], [5.094886529379192, 45.96103572594878], [5.09419545453279, 45.95919634209415], [5.0950478299732795, 45.95896662706559], [5.094571517158494, 45.95841473457803], [5.0947650358302825, 45.958379387747456], [5.095628705788844, 45.958148495283126], [5.096406463568564, 45.95939878888303], [5.096192560326374, 45.959734413384865], [5.096877134065047, 45.96052786716469], [5.099175363226671, 45.9608586627201], [5.099792848983312, 45.9607859126711], [5.099795639150597, 45.96060039024675], [5.100406029114798, 45.96059442971422]], [[5.090619474287442, 46.02297122734275], [5.090390624875545, 46.02286878725656], [5.09017250763637, 46.02296683230774], [5.0900201506692175, 46.02350169727064], [5.089472038208724, 46.023701417702725], [5.089502434503011, 46.023871721855876], [5.089704065860086, 46.0243169256004], [5.0896256968347044, 46.0249895170038], [5.08910651821119, 46.02533077302017], [5.088080020522574, 46.02449788393316], [5.087908897749156, 46.025544534585], [5.087641150387141, 46.025537559990134], [5.085692183513015, 46.02547433638921], [5.0857238967374805, 46.02433746312072], [5.085829070592619, 46.0241953613626], [5.085863228132986, 46.02399017615615], [5.085808758785749, 46.023790745565286], [5.08566610542031, 46.02363668001828], [5.0851046987919375, 46.023587344670965], [5.084352740627157, 46.02374789740097], [5.084151898889197, 46.02375278950607], [5.084362555619943, 46.02217404298829], [5.086412799457532, 46.02290279300239], [5.087776776232086, 46.02246443308962], [5.088994667178558, 46.02000407940698], [5.089958786752158, 46.0178316794782], [5.091878647312761, 46.018220519521556], [5.093032585397504, 46.018487604127316], [5.092606136267504, 46.019339750145114], [5.091808541889679, 46.02082392855407], [5.090937112283689, 46.022606074590314], [5.09081643171012, 46.0228736975286], [5.090619474287442, 46.02297122734275]], [[5.076900803018685, 45.97743198750633], [5.077122353618865, 45.97905602829055], [5.075278158154647, 45.979296193085695], [5.074907728864107, 45.97806917184099], [5.074814283413306, 45.97789409205421], [5.07489407537009, 45.97779583288146], [5.075869803872146, 45.97763439262837], [5.076900803018685, 45.97743198750633]], [[5.063493126704637, 45.96680760112195], [5.063474233337583, 45.9669313875853], [5.0641648545347495, 45.96877815136417], [5.063871141369433, 45.96890769076593], [5.063642649487047, 45.968824996272375], [5.063241222030967, 45.96878249513579], [5.062890382301798, 45.96875497208911], [5.062695793736533, 45.96884790016947], [5.062074783889045, 45.9689511383549], [5.061783412631695, 45.96909681671198], [5.062072961207334, 45.96989102300185], [5.061825781672097, 45.96994921161055], [5.0592124603397, 45.9701338891889], [5.059178750160355, 45.969455031993775], [5.055399899781101, 45.970329434955424], [5.055016351494151, 45.967621800027814], [5.0539695716430355, 45.96766504632412], [5.053960124061161, 45.967474423824214], [5.053755896572908, 45.96739112527903], [5.054042778948795, 45.96613109525177], [5.053614720037797, 45.96605589446817], [5.053512003973283, 45.96598635069875], [5.053726425543398, 45.96376933129699], [5.053673256956658, 45.96372020106585], [5.053722147765987, 45.96368301242419], [5.060276691761862, 45.96490036048783], [5.064762754323242, 45.96571460615889], [5.064638232553484, 45.96624245511402], [5.064415916588676, 45.96629915086357], [5.063657543554456, 45.96659386604895], [5.063790480741756, 45.966767099629614], [5.063493126704637, 45.96680760112195]], [[5.036295564279366, 45.95290572068782], [5.037170811725287, 45.95287305092698], [5.0371755224906325, 45.952656885659266], [5.038542550842227, 45.95255480314207], [5.038574585663586, 45.95233798147012], [5.038571680511972, 45.95170519222594], [5.0393323622164665, 45.951658148593836], [5.039293442706753, 45.9511459548897], [5.039516918396614, 45.95108207977313], [5.041660686736749, 45.95096132643409], [5.041544503129483, 45.95318496020032], [5.0396970521706494, 45.95329680387928], [5.039688855941999, 45.95457081123224], [5.036426865634552, 45.95468951011225], [5.036004863165218, 45.954472764866246], [5.035915723339571, 45.95292382523187], [5.036295564279366, 45.95290572068782]], [[5.0243664556341505, 45.968533231900224], [5.022551865946773, 45.968731317030716], [5.0233680177217375, 45.97162136390835], [5.022498689275192, 45.97171229802866], [5.020035851024271, 45.97192579046276], [5.019829304984241, 45.971775867163466], [5.019820724276666, 45.97160052585866], [5.019809725304339, 45.97137573714677], [5.020131786605027, 45.971314059320164], [5.0201508659233465, 45.97119207764873], [5.020041095388891, 45.970481717237455], [5.019621982799821, 45.969568074082154], [5.019254342778236, 45.969228439512854], [5.017905086696218, 45.969209232664504], [5.017711588685696, 45.96985658257425], [5.013951499621189, 45.970086387937144], [5.010664192992375, 45.97028503880016], [5.008426470755014, 45.97047853614829], [5.006570780448403, 45.9672655384741], [5.006586509050716, 45.96707432392315], [5.006706154765095, 45.966949059836516], [5.0071339477747525, 45.96650322573478], [5.007614140413268, 45.96612636539048], [5.008057250596835, 45.965995234742806], [5.009053031292634, 45.96591761919487], [5.0110923776675005, 45.965728813330465], [5.0143251637450765, 45.96544501887778], [5.019274098527969, 45.96503027361739], [5.0191222976179874, 45.96395632612808], [5.019737384872812, 45.96376614794905], [5.019649316737302, 45.96300306020599], [5.02119478014872, 45.962930252402025], [5.0212238433431144, 45.96301508316011], [5.021209045395429, 45.96374910847987], [5.021339591267488, 45.96435634364621], [5.021546766128185, 45.96502837226909], [5.022136773318579, 45.96686155956608], [5.023688754905737, 45.96644288182155], [5.0243664556341505, 45.968533231900224]], [[5.0040954017161345, 46.07027953462938], [5.005244827563191, 46.07137223955667], [5.00596496021407, 46.0722491279141], [5.004906131260053, 46.072532520550475], [5.005147631646073, 46.0732091704082], [5.0023378236082126, 46.07392549784006], [5.002645532525642, 46.07450157415032], [5.0020454812720665, 46.07461296149199], [5.002607178954598, 46.0756232420165], [5.002455209161361, 46.07585458546802], [5.00145840887769, 46.075989743815406], [5.001617295698611, 46.076378486890384], [5.001251262763067, 46.07649874796611], [5.0006298253174934, 46.075848608680865], [4.999842375614156, 46.07490980759727], [4.999053625150289, 46.07401919282466], [4.998762168553014, 46.07329509225082], [4.998108279467796, 46.071849465131976], [4.997639475670481, 46.07083697537457], [4.997436096191821, 46.06954546367424], [4.997589058623484, 46.06837158412784], [4.997681614742126, 46.06739717170568], [4.998432498521811, 46.06651706808958], [4.999160083596311, 46.06565551487933], [5.003911345897571, 46.06650298775863], [5.003894173702589, 46.06661501700719], [5.00373490150438, 46.067659425885985], [5.003508962634011, 46.0682805140404], [5.003807509633876, 46.069149364331764], [5.003951785356707, 46.07018570553372], [5.0040954017161345, 46.07027953462938]], [[4.9966763101076666, 45.98599154043701], [4.9961192091044495, 45.98661952707409], [4.995128392498877, 45.986591581588], [4.995143222785926, 45.98766428128121], [4.9961231446236996, 45.988944669800766], [4.996281436759908, 45.98919659551485], [4.9947012408863465, 45.98990001201509], [4.994232817076405, 45.99006229278857], [4.992849142044265, 45.98950796138801], [4.991689672133996, 45.9890491625044], [4.987159375629707, 45.989387111417436], [4.986974379275049, 45.98936715447611], [4.987308943327905, 45.98869313428198], [4.988115669080593, 45.987165421825836], [4.988203578214283, 45.98672945508687], [4.9880477762080275, 45.98652787716196], [4.987900977117584, 45.986531328844954], [4.988166443657069, 45.98519548024936], [4.990165489811649, 45.98330752546577], [4.991724313866298, 45.982197776122916], [4.995607216104884, 45.98133838170329], [4.997458936756254, 45.98096431338298], [4.998449239525453, 45.9809652397505], [4.999101998530023, 45.9830716177259], [4.998630468345818, 45.98318447721667], [4.997992517170402, 45.982893463892005], [4.9985267767108885, 45.984822602734326], [4.997499057313454, 45.985563427312236], [4.99713221140257, 45.98557208475795], [4.9966763101076666, 45.98599154043701]], [[4.9825303255296, 45.97846836079918], [4.983806353644625, 45.97922427566194], [4.983450532757217, 45.979626021344075], [4.983048447734362, 45.979872215787246], [4.979503462061234, 45.981919619168025], [4.977581190422421, 45.982593011478556], [4.976534652218091, 45.98269583952446], [4.976538418854087, 45.98277407263129], [4.979400101904635, 45.98367563675916], [4.980851402111371, 45.984165522319735], [4.981274748460363, 45.98439144821445], [4.979628309021107, 45.984509272998196], [4.979140610958409, 45.9845207057877], [4.977901036477633, 45.984522751280565], [4.977411659463693, 45.98453421527713], [4.976192474943233, 45.98417117820285], [4.975162585216078, 45.98385321068706], [4.974174654897514, 45.98361527223025], [4.973612018475515, 45.98362843363323], [4.973641991663302, 45.98349720709626], [4.9750415641810095, 45.98291353615023], [4.970090623460097, 45.98150976763819], [4.970366263420177, 45.98097941367117], [4.97046699151298, 45.980743005358846], [4.97179899904323, 45.981102561704944], [4.97416199583855, 45.98180886948418], [4.9750424750727, 45.982127639008844], [4.97511417500543, 45.982074652997255], [4.975389202314489, 45.98151638947744], [4.975740080671199, 45.98101036581583], [4.975841594789896, 45.98077213922734], [4.975591176828022, 45.980282888460096], [4.97526624900323, 45.979766579612885], [4.9750072152994935, 45.979063287166746], [4.974733696261762, 45.97807496568615], [4.9742233040600565, 45.97761610825165], [4.974636916264634, 45.97760642949685], [4.97575919143055, 45.97750184402609], [4.975888065537845, 45.977078434754354], [4.975929879419374, 45.97636989473008], [4.9771805220427545, 45.97660166204313], [4.979278556253461, 45.97650118685463], [4.980085291887617, 45.977634524350265], [4.9800903637756955, 45.9777397294738], [4.980890104228753, 45.97874360293475], [4.981322422052491, 45.97912414732529], [4.981696444604187, 45.97911537213507], [4.9822427990616935, 45.97876317042128], [4.9825303255296, 45.97846836079918]], [[4.9760433617926, 46.03508101938153], [4.976526164935315, 46.03542530626517], [4.9772257576072265, 46.03544314062076], [4.977456532108771, 46.03537202392641], [4.977858873151466, 46.03502053007596], [4.9785412055935145, 46.03468048635046], [4.978932785717447, 46.03457499407987], [4.979426308456425, 46.03467506325517], [4.979641777462157, 46.034769037513705], [4.979709605655997, 46.03520494691696], [4.979874879498614, 46.03524968513738], [4.980059129353284, 46.035700875040966], [4.980428021626389, 46.03609732161092], [4.980320469930667, 46.03629518556375], [4.979472681288024, 46.03658960795441], [4.97958059320815, 46.037368456979856], [4.97859165947146, 46.03764997578706], [4.978251566288035, 46.037853281908184], [4.97853392474814, 46.03839849409482], [4.97798574221904, 46.03860487112082], [4.977066240168943, 46.038887448709495], [4.976470401115726, 46.03909493201299], [4.976076601254734, 46.03960825852589], [4.976059424568166, 46.04024150192318], [4.976100738986408, 46.040613215927635], [4.9750362847820675, 46.040769537596795], [4.974925438964221, 46.04138787157452], [4.974341282501257, 46.04232693099786], [4.973829690150329, 46.04233888746596], [4.973710452271098, 46.04229486395582], [4.97319318256755, 46.04074689916408], [4.969301935878293, 46.04174694721419], [4.969124154791988, 46.039998407057126], [4.969709230231484, 46.04001806824631], [4.970906997118945, 46.03974435430678], [4.971793133044417, 46.039253759778276], [4.971839902931366, 46.039218465174486], [4.971831629447598, 46.03916464210751], [4.972152815789245, 46.03897350067213], [4.9728271891578775, 46.038802015832246], [4.972941973189933, 46.038517570785174], [4.97217054134644, 46.03667217627687], [4.972093332046077, 46.03666317822898], [4.9714006105877635, 46.035480287922425], [4.9713570036689285, 46.03457390397085], [4.970701950367138, 46.03449017754466], [4.970838547290914, 46.03344995829429], [4.968562093291766, 46.03264249007183], [4.972000379770383, 46.03194379736901], [4.974188574292839, 46.031406560577395], [4.977176708694376, 46.030053881882125], [4.9777718048408595, 46.03078711827052], [4.977667332569953, 46.031048822872556], [4.977518382014394, 46.03183008373677], [4.977238668194478, 46.03328235223423], [4.977410443144789, 46.03392827811901], [4.976277260634682, 46.034586737072466], [4.9760433617926, 46.03508101938153]], [[4.953373528486514, 46.02206111392423], [4.953261973897892, 46.023074618476116], [4.953585784218495, 46.02312291821333], [4.957323722624739, 46.02277328948924], [4.958828719627542, 46.02230802470687], [4.9601137542516, 46.022242139522874], [4.960119139651732, 46.022354538012614], [4.959909115334941, 46.02301206572205], [4.959516253315085, 46.02320843957705], [4.959329268090387, 46.02323258783312], [4.959263705447693, 46.02353117727187], [4.959536792395755, 46.0236373524268], [4.959784286341377, 46.02376212835447], [4.960534916796147, 46.024325300039365], [4.960635108594718, 46.0247145503731], [4.961249648775543, 46.026363820682874], [4.961440484179534, 46.02697511316685], [4.960929636531969, 46.02696719506717], [4.960389531653935, 46.02688793791401], [4.959957651309717, 46.026823260719596], [4.959363239679488, 46.02672455575027], [4.95812671497909, 46.02665877811998], [4.9558579855930835, 46.02633788619842], [4.954310138052902, 46.02592551565741], [4.952748997243105, 46.02525057791467], [4.950956322855383, 46.02421010242776], [4.950479243777673, 46.02487649701079], [4.950175154172517, 46.0252742244178], [4.950184936825975, 46.025479237697525], [4.950239330714723, 46.02605860134283], [4.948386448541738, 46.02600699404145], [4.948166188820586, 46.02474281904225], [4.9462913374489865, 46.02480421092456], [4.944635436953135, 46.0249343209465], [4.945026432273822, 46.022461459583546], [4.946330163533869, 46.02282289315811], [4.948078204228407, 46.02345578872742], [4.948330916487501, 46.02202943558428], [4.946864757247643, 46.02219389328432], [4.946948102939712, 46.02170586386532], [4.945580726940108, 46.02171949339943], [4.945728692043817, 46.020876194422456], [4.946905466201375, 46.02081116336859], [4.946970116155751, 46.02045408942113], [4.9485114958258976, 46.020196063700475], [4.950604331486035, 46.019661486767], [4.950839447545352, 46.02008543240235], [4.9511276567328855, 46.02050634253957], [4.951878855821252, 46.02052673800359], [4.954126113675369, 46.02096071995681], [4.953817648376452, 46.021246939583065], [4.953404333514247, 46.021556289955555], [4.953373528486514, 46.02206111392423]], [[4.9349123427107315, 46.020174339431854], [4.934886681436346, 46.02000659829755], [4.9346181857776825, 46.01988135477861], [4.934170318116387, 46.01985386025255], [4.933231968513323, 46.01976923758484], [4.932445819570516, 46.01971171952287], [4.931845758435441, 46.01965981248653], [4.931432245045544, 46.01959100475699], [4.931075996560052, 46.01953618819558], [4.9308845871325815, 46.01943436492387], [4.9308032878027355, 46.01931921513484], [4.930876581346783, 46.01926532028761], [4.930305709170229, 46.019436876354774], [4.929559834396558, 46.020246188054365], [4.928667019496933, 46.02030450775841], [4.927296572157353, 46.02054483229709], [4.927175523274507, 46.019949889547455], [4.926297818037962, 46.01991783322415], [4.926402169934624, 46.018965747145224], [4.92686334703518, 46.018865141122895], [4.92693641510209, 46.01883645586248], [4.928364831625233, 46.01864791590416], [4.928414257830498, 46.01890603306367], [4.928618582336806, 46.01888783468155], [4.928773954948347, 46.019014793427026], [4.929080869755074, 46.01920397777319], [4.930310693023425, 46.01875892374113], [4.931461872381915, 46.01862892831477], [4.931486052334421, 46.01835651763421], [4.935015187234364, 46.017610948054], [4.935347496515839, 46.01833243711573], [4.936620900651875, 46.01804204090752], [4.937554426301893, 46.01960665031378], [4.937258787148633, 46.01969088397911], [4.936314194254341, 46.019831482108614], [4.935667067686572, 46.01996161319068], [4.9349123427107315, 46.020174339431854]], [[4.931710568273387, 45.96765661273077], [4.931455765634613, 45.967302408769044], [4.931034976789258, 45.96718876638666], [4.9305432641555305, 45.967267598341], [4.930405913545225, 45.967313967492174], [4.93011260821509, 45.96739003696742], [4.929749508278903, 45.966844775802564], [4.93039777840201, 45.966732640400906], [4.930251607233937, 45.96654336776598], [4.930684071483068, 45.96649200651608], [4.930635609170122, 45.96628607900182], [4.931265841122311, 45.966202257292906], [4.931557009360418, 45.96565544214493], [4.932469794707116, 45.96566412518228], [4.933078793180948, 45.96472291123009], [4.932432185839435, 45.964460553063056], [4.9330201583457365, 45.96389339242984], [4.934316005990856, 45.9644603544966], [4.934477796166762, 45.964537637396084], [4.933264248574723, 45.96654331157001], [4.9330512912585425, 45.96707301956514], [4.932815752991024, 45.967534838418345], [4.932141358961159, 45.96753687454848], [4.931710568273387, 45.96765661273077]]], [[[5.0675931795951525, 46.061817928009404], [5.067519789033085, 46.06213028571583], [5.067858869815181, 46.062363342507155], [5.067519473724404, 46.0627226501793], [5.069085614557045, 46.06271535615304], [5.071044157472096, 46.06281467126272], [5.071498075286842, 46.06293871049383], [5.071263344604813, 46.06241325907793], [5.071841591051507, 46.062338933348755], [5.071237163205842, 46.06127329289706], [5.071119661770068, 46.06102587301636], [5.071203234735868, 46.06092032009445], [5.071293650169227, 46.060918130942575], [5.070804480666082, 46.06008826533179], [5.0706097501670095, 46.060073172296654], [5.0700501051349125, 46.05904605266672], [5.069603275926063, 46.05814403425531], [5.069003081840317, 46.05866629854268], [5.068405981552441, 46.05925329818922], [5.067971138564429, 46.05983456926961], [5.067711562278246, 46.06061145184723], [5.067571738605964, 46.06103073875833], [5.067379662628547, 46.06113621604595], [5.0675931795951525, 46.061817928009404]]], [[[5.045828101595478, 46.08419990309922], [5.045601735127058, 46.084542923070536], [5.045488979490883, 46.08484720187973], [5.045478148503512, 46.085132833278365], [5.0453554979245085, 46.08549856848286], [5.045264364737269, 46.08599137965676], [5.045046622993848, 46.08651153253921], [5.044597782457097, 46.08698411264235], [5.04415592362672, 46.087507837989875], [5.043985869848481, 46.08804935019139], [5.044720485138366, 46.088155969571], [5.047327663790841, 46.08868036600074], [5.048436881045783, 46.088902202266986], [5.049234107114365, 46.08898207945243], [5.049556834066701, 46.088281151179466], [5.048291992671931, 46.08777499394435], [5.048104044453245, 46.0877524975164], [5.047685763704118, 46.08764821123854], [5.048128342983366, 46.08704973683481], [5.048811792031308, 46.08716835911368], [5.049298720237793, 46.086436484126345], [5.049329188397281, 46.086431248664894], [5.049477640387884, 46.08642317833999], [5.049760599820914, 46.086212030482805], [5.050506968667988, 46.08632643279056], [5.050790996197899, 46.085075487923724], [5.0509820445026365, 46.08507989608753], [5.051029494414254, 46.084714161845724], [5.050721007555773, 46.08444700602088], [5.050471693623399, 46.08432696538927], [5.050112088133719, 46.084265391659], [5.049834279640513, 46.084076717278904], [5.04968788479193, 46.08396320317154], [5.049780125601925, 46.08376743776728], [5.049811759774678, 46.08362264324785], [5.0495230178861314, 46.08371960227], [5.049349054639791, 46.08383000523662], [5.048965826153074, 46.08435414247158], [5.0487406679186835, 46.084559403841354], [5.048271133791028, 46.084237592707616], [5.047384114821609, 46.08359992268738], [5.047293216094646, 46.08359310371353], [5.04721164906683, 46.08349783301555], [5.047085053087108, 46.08336718921369], [5.046732193945198, 46.08366238130806], [5.046440608888806, 46.083521743700096], [5.046421059751604, 46.083552816047565], [5.0464197679742115, 46.08356590382551], [5.046376394617355, 46.08366191836111], [5.04613269874876, 46.08391623080307], [5.045828101595478, 46.08419990309922]]], [[[5.037406803642007, 46.100794729309044], [5.037365108338095, 46.10083354060461], [5.0373197721623475, 46.10088233482746], [5.037114801767327, 46.101087079988545], [5.036779589130867, 46.10135886106366], [5.036469090944484, 46.101738073558096], [5.035969553984638, 46.10200567445277], [5.035634642283805, 46.10228374196343], [5.03562049920797, 46.10242451921786], [5.035200659881813, 46.1026208898539], [5.034988228978398, 46.10288702896923], [5.035847666973635, 46.10256942134414], [5.035939676018311, 46.10284179181328], [5.03617665428521, 46.10308053965956], [5.036380357157325, 46.10369097389067], [5.036384576544225, 46.10377639233788], [5.036026894347533, 46.1041675375133], [5.036040361890285, 46.104301345306666], [5.036280831010371, 46.10434601011671], [5.03652400136453, 46.104290690298534], [5.036709772965283, 46.10412150540975], [5.0370276588965615, 46.10389155608417], [5.037307240664138, 46.10375613722628], [5.037514670646377, 46.10366386052396], [5.037641680749461, 46.1036491194821], [5.037817443321321, 46.10370163088329], [5.037997286041199, 46.103805354269475], [5.038183727785153, 46.10391162179983], [5.038292364645737, 46.103918024689975], [5.038442011395646, 46.10388474024171], [5.039071683697411, 46.10345107578427], [5.039779424088964, 46.10155268045833], [5.039944468861155, 46.10134167896833], [5.040388418071211, 46.10120682129064], [5.041037976378422, 46.10117596755268], [5.041423925862147, 46.101040697744885], [5.041799712705042, 46.10091196787875], [5.041570904615677, 46.100326002383696], [5.041042513768928, 46.10035215814215], [5.041028692289952, 46.10033448115869], [5.040912435020825, 46.10035707211703], [5.040875335497931, 46.10035796098025], [5.040068183943786, 46.1003106630979], [5.039494643770852, 46.1003423962173], [5.038859913055697, 46.100199140768346], [5.03808875789331, 46.100044744507784], [5.037887739187256, 46.100148574436666], [5.037802662441614, 46.10027844036843], [5.038034690991306, 46.10042233220361], [5.038179243395243, 46.10064752967464], [5.037627783811997, 46.100667917980154], [5.037427872728664, 46.10079422539551], [5.037406803642007, 46.100794729309044]]], [[[5.0396051078046975, 46.10818428628319], [5.0394748233424265, 46.108543889781586], [5.038938329691792, 46.109357924201305], [5.0386514266546705, 46.10962585119267], [5.036717956617508, 46.11041205834048], [5.0367120474996, 46.110439202018014], [5.036688645488114, 46.11043976127043], [5.036628901233521, 46.11127659829906], [5.035501660180717, 46.111269322522745], [5.035142187641675, 46.111591183936966], [5.0364559432019655, 46.11182086200484], [5.036857642847567, 46.11173024102285], [5.036902791275422, 46.112038836881766], [5.036923174049229, 46.112092368462676], [5.0367970317187085, 46.112125089342655], [5.036213034257563, 46.11248742654665], [5.035508813465304, 46.11292375564655], [5.035410385059636, 46.11295941415358], [5.035413618994654, 46.114057608897085], [5.0365215139295, 46.11399963414071], [5.036504344429477, 46.11404505518825], [5.03801634739321, 46.11402871649361], [5.038104316714039, 46.114776498405995], [5.039330942878319, 46.115776115459916], [5.039961482952648, 46.11638578888701], [5.040379554394283, 46.11674307347787], [5.040655881565575, 46.11675266250033], [5.040658551358616, 46.11680661667719], [5.040939967485966, 46.11786574244453], [5.040990400702644, 46.11786993564959], [5.041056554436827, 46.11827525654244], [5.041938691960985, 46.118393675909594], [5.041751765126765, 46.11793633134145], [5.042154620904131, 46.11787087342306], [5.044425207107872, 46.11802173643189], [5.044227349573269, 46.11755566232821], [5.044134725182649, 46.11715728048856], [5.044190107218204, 46.11713074476128], [5.044635236814544, 46.11618654490417], [5.045495790517376, 46.1164602890375], [5.045500953135328, 46.11648087013857], [5.04707236348541, 46.11684378708591], [5.047444746611702, 46.11627671207592], [5.047207232050603, 46.11553342474912], [5.047128725582964, 46.115469592385615], [5.047250688950789, 46.115334331496356], [5.047272842304009, 46.11535810508041], [5.049864677731428, 46.11460002365878], [5.050306967753144, 46.114432759775084], [5.050757160254393, 46.11442194543808], [5.0513332821854515, 46.11440810462793], [5.05158815579113, 46.11452261222448], [5.0520795998285575, 46.11330989818656], [5.051270169248543, 46.112144651988075], [5.0515102062789925, 46.11142410148715], [5.051726287935744, 46.111245168532854], [5.051536253828964, 46.11093735416566], [5.051212660002361, 46.11092172824416], [5.0456766447402845, 46.1109195697231], [5.045410758687522, 46.11061357141345], [5.045270873929804, 46.10932690002162], [5.045596533881564, 46.10879696211092], [5.046433738573504, 46.10752377010831], [5.046803199480205, 46.10696397456812], [5.046681696948125, 46.10697769019352], [5.044865171391303, 46.107178791064534], [5.042970086366247, 46.10684161250328], [5.041058210930209, 46.106423779125095], [5.041077566031304, 46.10653764935002], [5.040988680428902, 46.107406687599216], [5.0409753251755545, 46.10746372324379], [5.040972984165918, 46.1074817809689], [5.040803168441243, 46.10818532137846], [5.0396051078046975, 46.10818428628319]]], [[[5.046294600315807, 46.12036251728067], [5.046042194382223, 46.120838487830916], [5.045809918795829, 46.1212113460117], [5.045390738833108, 46.12184615470394], [5.045157193028918, 46.1221650297919], [5.045053753820574, 46.122622122582925], [5.038480837480528, 46.1234231278949], [5.034213803948344, 46.12306326035267], [5.033301085975293, 46.12298872305473], [5.0330373594724875, 46.123743997463436], [5.03318063896367, 46.12410786525772], [5.03284954330614, 46.12426700572401], [5.032709698074295, 46.12431895269184], [5.030400738536575, 46.12258798271668], [5.029821819251722, 46.12251536125873], [5.029253587223803, 46.12420150551677], [5.0290582458703375, 46.12430968438956], [5.028883669074646, 46.12431384410542], [5.028408435136542, 46.12432516518056], [5.028111182609028, 46.12440156167478], [5.0279107433163, 46.12440633590737], [5.027732755617463, 46.124341258001074], [5.027355217059761, 46.12429893923373], [5.026956086595859, 46.12435975163282], [5.02641739476776, 46.125104454010554], [5.026523440887048, 46.125204552140865], [5.026487097745609, 46.12550249074728], [5.026119582589821, 46.12615579469998], [5.0258221333312765, 46.12675431411808], [5.025522462539009, 46.128294515834604], [5.025545189017378, 46.12829577467871], [5.0255327302827, 46.12850312184374], [5.025528801949959, 46.12944394180719], [5.025519027381343, 46.130263371952545], [5.025543321419912, 46.13028079654322], [5.025519780169576, 46.130278659324624], [5.0255387229439705, 46.13066350176811], [5.024401541134219, 46.13197785765207], [5.023899383788708, 46.132477720648424], [5.024853338026585, 46.132507245825146], [5.025961105400677, 46.13262042718254], [5.0264935692089, 46.13276529287992], [5.028081399864092, 46.1339805972799], [5.028931796316009, 46.13396034330822], [5.029130076058781, 46.13386379881768], [5.029161859351852, 46.13386753948483], [5.029201479547435, 46.133833289555625], [5.029691453042748, 46.13359385880422], [5.03024159839074, 46.13395253890365], [5.030517507845415, 46.1340962992576], [5.031977130044929, 46.13371311987591], [5.031603292546168, 46.135272213327156], [5.032031898531167, 46.13533220623711], [5.032197677226952, 46.133637640184936], [5.032157087749167, 46.13362060572722], [5.0322686082018, 46.133025600341846], [5.032769011137548, 46.133013664137074], [5.032877278790558, 46.13268339864674], [5.033246224064259, 46.13255037130514], [5.03375961214745, 46.132277051370856], [5.034208359259436, 46.13172801254125], [5.034498874422319, 46.13102430701478], [5.03398652030002, 46.13077547295036], [5.033846664288376, 46.130499739301875], [5.0335063285598345, 46.12967245847982], [5.032801538235684, 46.128591007062155], [5.034194607849068, 46.12841822919037], [5.0350213220151385, 46.12832917699386], [5.035084770023664, 46.12817192408134], [5.035388994376085, 46.1277280498894], [5.036649803233551, 46.12740265990951], [5.0362048281474445, 46.1270442029984], [5.0365656993634, 46.12711029937705], [5.0365884312316505, 46.12711966121879], [5.0383346681090835, 46.12856509194127], [5.038536060514297, 46.12727026045358], [5.038591462312821, 46.12727793692996], [5.038570730992706, 46.12725142350914], [5.0387627458846875, 46.12606304558891], [5.0404244620736485, 46.12625015431293], [5.040318883976648, 46.12663617669934], [5.042480852184411, 46.12679328519695], [5.0425093665081455, 46.127188699226956], [5.042554263407746, 46.12719842589086], [5.042584405478787, 46.12736514673152], [5.043110713132401, 46.12738855278106], [5.0436878501597135, 46.12740803778828], [5.044191622676107, 46.12746528557994], [5.044523446867316, 46.12757976604288], [5.044904461006888, 46.12769126721998], [5.044916630484033, 46.127936736488614], [5.04582377441076, 46.128036521919555], [5.04611864280951, 46.1274371031032], [5.0461718221760155, 46.12713875844957], [5.046579342904676, 46.12693633580929], [5.046826248453765, 46.12705374291148], [5.048134525189158, 46.12716189750566], [5.048392828562587, 46.12731323874608], [5.04852765490695, 46.1260019791816], [5.047930560907254, 46.125564390130585], [5.047807702817421, 46.12556733691805], [5.047553091519829, 46.12555544267931], [5.047079634449316, 46.124592752306434], [5.0473846160815565, 46.12467276208522], [5.047664555378578, 46.12475156512235], [5.047788959469016, 46.12474858031181], [5.047438218554562, 46.12421866305332], [5.047832331927575, 46.124088575831486], [5.047912755400018, 46.122693098270446], [5.049481785214591, 46.12302003280417], [5.050340505455948, 46.12317315556542], [5.051271993726882, 46.123256109336005], [5.051286130514504, 46.12328007500831], [5.051310650928509, 46.1232524825122], [5.05247557990074, 46.123296506222346], [5.054833467977033, 46.123344243260924], [5.054647726918981, 46.12265283169551], [5.05448517676833, 46.12188884832045], [5.054208643882836, 46.12137336651589], [5.053888104328231, 46.12148549917021], [5.052962710228172, 46.12098561611657], [5.053336859442326, 46.12045448956668], [5.051936264641822, 46.11999933023183], [5.0520459785824245, 46.11919549489064], [5.052012099519791, 46.11919630872896], [5.052069404848399, 46.119161618784126], [5.051981679869313, 46.11915472574983], [5.051995968472246, 46.119163383450584], [5.051020627144072, 46.11920482507559], [5.050338816623204, 46.1190987707181], [5.049050721439003, 46.11888483569269], [5.0491216137862756, 46.118701288602296], [5.049084245667082, 46.11868148045669], [5.049348826467728, 46.11783341726884], [5.049194984585407, 46.11774888863819], [5.048690642537154, 46.117694380563975], [5.047959608830298, 46.117571485631125], [5.047212274294276, 46.11767583799283], [5.047214597337605, 46.11831764345082], [5.047170709246077, 46.11882642889284], [5.047229465353864, 46.11950468781004], [5.047018586739234, 46.11980502089622], [5.046680722276042, 46.12007419037947], [5.046294600315807, 46.12036251728067]]], [[[5.119967677164744, 46.14050196701154], [5.122011181841074, 46.140894554509906], [5.125172279664016, 46.14069057965793], [5.124892257721961, 46.139717111645346], [5.1248650495486405, 46.139682671151434], [5.126122904745451, 46.139666038795866], [5.126435061221841, 46.138632039311375], [5.126696844668693, 46.138067418225496], [5.126469162168358, 46.13717458577903], [5.128381710442522, 46.13688879382323], [5.128273988066916, 46.136663689020935], [5.128250703734751, 46.13662105167353], [5.128150782329073, 46.13642321111116], [5.124359027650781, 46.13403253882269], [5.1229134281528586, 46.13320663889619], [5.118958216025481, 46.132124745773474], [5.1184628813845565, 46.135305831152074], [5.118324339608166, 46.136527286243904], [5.118150270360635, 46.13773251080529], [5.118256973148401, 46.1384140781323], [5.118510273803994, 46.138683321020416], [5.118544163646392, 46.13868248568406], [5.119967677164744, 46.14050196701154]]], [[[5.148328576747588, 46.13951556495392], [5.148414164634579, 46.13958816213257], [5.147607593392125, 46.14134303249098], [5.148048387718907, 46.141447304970114], [5.147779536327392, 46.142545113650456], [5.148837043859646, 46.14230094436171], [5.148950413045139, 46.14263122499536], [5.149021814737166, 46.14294904303925], [5.149779067572239, 46.14345865285742], [5.149758256302049, 46.143572605890654], [5.149957478377543, 46.14426715687028], [5.149173633613457, 46.144340677015514], [5.149176642071336, 46.144399120248394], [5.14941981601875, 46.145034060669815], [5.149335947507205, 46.145025339195016], [5.149505628484582, 46.14552346806355], [5.14784726750318, 46.145449485824955], [5.147820789660199, 46.14542314048117], [5.1454780067554, 46.14528331514327], [5.144889925552983, 46.14707144720353], [5.144349055310289, 46.14708488211907], [5.144527649371933, 46.14792849887455], [5.1471249591326975, 46.14789996279311], [5.147429373927969, 46.14840374518317], [5.1475156148901835, 46.149042591891536], [5.148609457479034, 46.14918464000561], [5.149787136240102, 46.14940021483253], [5.149969314579732, 46.149245337178854], [5.149994031724768, 46.14933024440305], [5.150519626116053, 46.149381986633145], [5.150937304095593, 46.14959935238354], [5.15164621139871, 46.14965642899292], [5.152263495034404, 46.15005697737308], [5.152595336293591, 46.15121725845771], [5.153386389139553, 46.15131188691209], [5.154232096385688, 46.15138354315683], [5.155490826541571, 46.15104967448169], [5.15642569786784, 46.15076348220575], [5.157149927734747, 46.15006571423123], [5.157384001748331, 46.14989512151964], [5.158182383948678, 46.14925671660784], [5.158260661345889, 46.149187243243674], [5.158867245148255, 46.1486904550717], [5.1590169547802285, 46.14861199683475], [5.159420822958923, 46.1484362621512], [5.159675800769164, 46.14823183292086], [5.159827804698391, 46.14813531345221], [5.159817939399933, 46.148114852465675], [5.159921101028874, 46.14801324320708], [5.160058594471286, 46.14794679290219], [5.160107116073041, 46.14790056834171], [5.160249688590108, 46.14785469039283], [5.160317657819459, 46.14782148538118], [5.160661944338602, 46.147733660101245], [5.1609258873354085, 46.147702759594765], [5.161230877052456, 46.1476816406186], [5.1612808584165615, 46.14764617946584], [5.161501903265243, 46.147584835768676], [5.162134988266782, 46.14728813188219], [5.162615233007562, 46.14699163924436], [5.162848650352668, 46.146826457175756], [5.16291007984675, 46.14660435733397], [5.16295064057846, 46.14652951954785], [5.162972102228916, 46.146458760040304], [5.163155974791172, 46.146022032442566], [5.164012891215421, 46.14471501735498], [5.164040144304497, 46.1445234745895], [5.164079804924283, 46.14446126664566], [5.164082221392409, 46.14422533265515], [5.164151559654237, 46.14373565231309], [5.16418225508749, 46.143688070496964], [5.164141687169269, 46.1430444892358], [5.1641085528100295, 46.14240432310707], [5.164050067993433, 46.142024973391855], [5.164024999607132, 46.141680792297656], [5.164001002012637, 46.141357297876084], [5.1639723538399025, 46.14135171035693], [5.163971563322456, 46.14133642419126], [5.16399796391032, 46.14128355029548], [5.163995232133546, 46.14124580569226], [5.164046696616193, 46.14119410436373], [5.164085156188427, 46.14112382100286], [5.16413685333472, 46.141089220179666], [5.164182282935267, 46.14106107330582], [5.164202577674159, 46.14104661177867], [5.164266893455248, 46.14100674203692], [5.165050991544248, 46.14078186071657], [5.165344205246245, 46.14069169754869], [5.165763036662659, 46.1406362019633], [5.166095495962782, 46.140458628660845], [5.166218159118179, 46.140343927236714], [5.166310687389077, 46.13992478554357], [5.166344270905966, 46.13962055048213], [5.166417839334492, 46.139555691600975], [5.166932309887586, 46.13879918616007], [5.16447758162706, 46.138899335965434], [5.163930985522767, 46.13689369956101], [5.1630653671183335, 46.13682352337909], [5.163700431108445, 46.13595687810054], [5.16293142022463, 46.13529820746157], [5.161297938085042, 46.135780174886676], [5.160581698732617, 46.135953824801135], [5.160649140650872, 46.13545969040902], [5.160121721781248, 46.13372633830452], [5.158309853989176, 46.13454762204736], [5.158205776976993, 46.134631244686815], [5.151178131643489, 46.13765131676546], [5.147476057576663, 46.13929009990996], [5.147615759078073, 46.139362242998345], [5.148105251974706, 46.139388783579115], [5.148328576747588, 46.13951556495392]]], [[[5.059318560357914, 46.14466175335425], [5.059328878407276, 46.14469211471234], [5.059617802653766, 46.14491741324155], [5.061137050530256, 46.144915018300864], [5.061149922489966, 46.14517307256394], [5.063204259051964, 46.14521806834243], [5.065270411154918, 46.14525823813448], [5.065376386307302, 46.14527188261282], [5.065724366698909, 46.14444427101245], [5.065819715679793, 46.14324195870642], [5.06587778367807, 46.14258969082625], [5.06578310304376, 46.14223187985987], [5.065711951083359, 46.1418627049079], [5.065551360158343, 46.141515491593125], [5.065344880593633, 46.14128641221433], [5.065280020433503, 46.1410251099443], [5.065327505379408, 46.14098795273809], [5.06515954018422, 46.14098030991651], [5.064227947708723, 46.14089926444737], [5.063446493361614, 46.140940624366266], [5.062989619191253, 46.14095164450227], [5.062591372669595, 46.14080370871829], [5.0610203090691925, 46.14046348739787], [5.060408243747005, 46.14101387508469], [5.058516539082359, 46.14094691340661], [5.0587709527505895, 46.14212008757464], [5.057650757184554, 46.14257916832553], [5.057461258473677, 46.14335612753981], [5.059255621694142, 46.14465156547237], [5.059318560357914, 46.14466175335425]]], [[[5.083248828822273, 46.141205688990965], [5.083297435763987, 46.14167263358399], [5.083216175960011, 46.142037405578144], [5.081470918246248, 46.141473940399244], [5.08099010756683, 46.141312767629316], [5.080662432693914, 46.1412351964173], [5.080800804688686, 46.1410067793827], [5.078993415896608, 46.140669843278225], [5.079003274906853, 46.14335051408254], [5.07896961143989, 46.144163340967665], [5.080499090229155, 46.14453223908872], [5.080476508379554, 46.1445570905007], [5.0810128825542415, 46.144697113735546], [5.0813163262706835, 46.14482298229323], [5.081892774290189, 46.145229394456685], [5.082038296874624, 46.14535189471675], [5.082797950906438, 46.14551979416032], [5.0845590638849725, 46.14598113627528], [5.085641946129071, 46.14578196198384], [5.086110471448651, 46.14565173461964], [5.086208407577543, 46.14564935153605], [5.08629966024073, 46.14559672077552], [5.086378611374431, 46.14557499043817], [5.086783514412349, 46.14567317427646], [5.087187221792596, 46.14581458941638], [5.0873628954312435, 46.14586163041767], [5.087526412169138, 46.145749619580364], [5.087989780260682, 46.145450270023524], [5.088512100292746, 46.145099961191775], [5.089165209640284, 46.144695155701825], [5.089355687514831, 46.14458879503317], [5.08935824052685, 46.144575227561866], [5.089376427818085, 46.144518517250646], [5.089607412525416, 46.14449263514241], [5.089839693501693, 46.14365605798014], [5.089935623692566, 46.143084769535015], [5.089363385178493, 46.14300687592298], [5.089358655548509, 46.14299258918103], [5.08930782527648, 46.14299652964335], [5.088107323018989, 46.142834005723], [5.0883401034585525, 46.142536658796374], [5.08867192315821, 46.14221529806769], [5.088739573485625, 46.14215963783264], [5.088791283208312, 46.14210886351956], [5.088968350133991, 46.141672436898475], [5.088931880330062, 46.14094863069292], [5.0887863882883275, 46.14053625885341], [5.0886721899578475, 46.14024375827349], [5.088605472081687, 46.13988348710584], [5.088002754628327, 46.139793728300134], [5.087529737732326, 46.13977193342786], [5.086640108258709, 46.13989710926348], [5.085175139286604, 46.139948943145235], [5.083974197752967, 46.13982510007876], [5.083793436056526, 46.14017338593551], [5.0834839915939725, 46.140458178016985], [5.0832046523715455, 46.14082686568598], [5.083248828822273, 46.141205688990965]]], [[[5.066685673647363, 46.146945317415565], [5.066773871140287, 46.14739870318728], [5.06676593721969, 46.14741870265073], [5.066651160374145, 46.1475997200249], [5.066681277292368, 46.147653006077164], [5.066659547943978, 46.14771835019102], [5.066876731833568, 46.14814521689808], [5.067062950795342, 46.14861604393798], [5.066942357358358, 46.14945797185999], [5.066856699402727, 46.15009200694456], [5.066808036765495, 46.15030023104963], [5.066827254424368, 46.15031417486114], [5.066823355736031, 46.15034757626821], [5.066912580003305, 46.15038592948734], [5.066962343076782, 46.15042524168036], [5.066990543888497, 46.15042185686246], [5.067310892101952, 46.15040151870134], [5.0674666905149515, 46.15039055459914], [5.0711732103441465, 46.150170428221635], [5.071019467276539, 46.149865369180525], [5.071084567286861, 46.14932365013111], [5.071347823970752, 46.14916424537695], [5.071987352587837, 46.14921178823126], [5.0722513800262385, 46.149295422207096], [5.072300684060599, 46.149747048583926], [5.0725377350910295, 46.149840336577526], [5.0726276573492814, 46.15008393038], [5.073534015250148, 46.15002778210504], [5.073568125179802, 46.15004675875097], [5.074248522650736, 46.14994026217495], [5.073829835863122, 46.148112118483475], [5.07382532811702, 46.14802220505828], [5.073226726744295, 46.14795117114539], [5.072842055563206, 46.14793077543734], [5.0725685203558255, 46.1476907282394], [5.07244837427983, 46.14677899690271], [5.0725553699183825, 46.14678180812437], [5.072456269572886, 46.14676080393245], [5.072399840101682, 46.1464254801247], [5.071790752694638, 46.146320488901196], [5.07176803430111, 46.146140992131755], [5.071358874147048, 46.146265219931124], [5.071122421394617, 46.14619891875224], [5.071072284621981, 46.14602278240246], [5.069867183888549, 46.14628598967848], [5.069734199090503, 46.14623248945206], [5.0696448903816025, 46.14600058980974], [5.069766210555671, 46.14565826398186], [5.0680379040513035, 46.14582157184875], [5.065536077120392, 46.14594050271951], [5.065552845971809, 46.14606613068787], [5.0656291569568745, 46.146103001909715], [5.066413377216779, 46.146747541955335], [5.066437054112711, 46.1467496667099], [5.066685673647363, 46.146945317415565]]], [[[5.18074764796577, 46.13269961664293], [5.180673190205151, 46.13269969010074], [5.181535213551767, 46.13335319940926], [5.181616670985103, 46.13369145581454], [5.181373960568391, 46.13460864723309], [5.181814892337396, 46.13499366982541], [5.182191305306068, 46.135258779886335], [5.182250795337417, 46.135299597491944], [5.182309697870597, 46.13534132826614], [5.182353382942879, 46.13538704296769], [5.182559383705503, 46.13558261764926], [5.182502356854663, 46.136056697555624], [5.182510308741536, 46.136520140165295], [5.182216282064233, 46.13679763080606], [5.18194516781653, 46.13718707383818], [5.181308064650708, 46.13802416510341], [5.179200081598281, 46.13803488268332], [5.178816842331765, 46.138074234197845], [5.178811029333548, 46.138086982864984], [5.177590109267963, 46.13820590430156], [5.177585277230042, 46.13898476271227], [5.175809280065568, 46.13902938820975], [5.175763124626267, 46.139045852073096], [5.17577953325325, 46.138987824557965], [5.175633412390814, 46.138979789935846], [5.17525767495526, 46.13922600002872], [5.1779678355735905, 46.141561649314106], [5.177966494388858, 46.14158328662724], [5.180499809067096, 46.143736967442564], [5.1805281113884485, 46.14390730849679], [5.180749056524152, 46.14441940647929], [5.180778691945364, 46.14444387205968], [5.180936140563532, 46.14498007501106], [5.180913556018972, 46.144984249970285], [5.180941883493142, 46.145013245015996], [5.1764091534527505, 46.14611751003139], [5.176414996993668, 46.14622989727693], [5.176637056938637, 46.146811297003026], [5.176923983331983, 46.14787541970995], [5.176692902504895, 46.147915436953724], [5.175405705635991, 46.146217435541246], [5.17524733983792, 46.146223211767385], [5.174278789773303, 46.14465854245075], [5.173499742911148, 46.143609463222624], [5.172671321047696, 46.14354202358508], [5.172418587229038, 46.14395798965899], [5.172417410436007, 46.144000336267666], [5.1723758094552235, 46.14402478336239], [5.171929609067075, 46.144426695305164], [5.171938800629044, 46.1451178765055], [5.171988094781936, 46.14527148988987], [5.171988739772318, 46.145598273608975], [5.171946093152513, 46.1456326525214], [5.17194580748827, 46.14565966931013], [5.171918981997246, 46.145656741646604], [5.1718631004983715, 46.14570315729394], [5.171506150428646, 46.145688698853235], [5.171096116213842, 46.14558735087169], [5.170549862367676, 46.1453867797784], [5.170527446706403, 46.14537654037311], [5.169836747355789, 46.145170579920226], [5.1689198037076265, 46.145222369627234], [5.167618222116035, 46.14546023619038], [5.166733033913166, 46.145610240071946], [5.166419850662427, 46.14578282833131], [5.166274276873991, 46.14611327167612], [5.166230615157932, 46.14616297928515], [5.165710404370152, 46.14623001926167], [5.165703669700446, 46.14668032274535], [5.1656756503484464, 46.146717035475], [5.165686680761805, 46.146804986227494], [5.165646969836349, 46.14685099325827], [5.165470390695894, 46.147193012313785], [5.165416183656709, 46.147396928845204], [5.165445156121263, 46.147643784643826], [5.165340673070558, 46.14781474778722], [5.165116770680942, 46.14783835176707], [5.164521893723383, 46.1476668827226], [5.1637663890098615, 46.14755523714744], [5.163733824182516, 46.14781713077711], [5.165383732017063, 46.14806844507537], [5.165238390892309, 46.149794307774364], [5.165628645102891, 46.150108638017464], [5.166401051618468, 46.150545745170014], [5.166179864835946, 46.15080966266661], [5.1659270869998295, 46.15133634631762], [5.166150798946593, 46.15204646463445], [5.166160904993539, 46.15224157128933], [5.167420581075432, 46.15217672292055], [5.167887232509335, 46.15216503792177], [5.167920929213958, 46.152815095830654], [5.166581592329323, 46.15314031761687], [5.166259092650752, 46.153214109676526], [5.166756035276014, 46.153786846226154], [5.167533214540703, 46.15434986614958], [5.167774246904469, 46.154421255837505], [5.1663065731050715, 46.15594344778141], [5.165465784135112, 46.15687376204167], [5.1645166260025706, 46.15751329633168], [5.16367591159277, 46.15844629263158], [5.16325780242189, 46.15848825413272], [5.163042229211562, 46.15854586410993], [5.16232494152519, 46.15818927626093], [5.162179660587541, 46.15943528304645], [5.161232061930328, 46.15938513444567], [5.160801586551203, 46.161878833294416], [5.159813825115961, 46.16175676117719], [5.1597516221724105, 46.161791622775525], [5.159744900977461, 46.16177198069727], [5.158756444246165, 46.1616364104077], [5.158183372095484, 46.16206483291054], [5.1576321954815585, 46.16222532957511], [5.157269025476798, 46.16196700682985], [5.156671200248498, 46.16193150386123], [5.155759238656871, 46.16188222611841], [5.155216234915404, 46.16195247488725], [5.155850965630559, 46.16299897213115], [5.15606451044494, 46.16374717374077], [5.15571179054188, 46.16436634927052], [5.1553288189733335, 46.16510511530789], [5.155149888043478, 46.16501234718346], [5.153998655684358, 46.165113052171236], [5.153704927247724, 46.165510189400216], [5.152719710739625, 46.16543839725552], [5.15228864965896, 46.16523036419085], [5.152274309852094, 46.16514069524251], [5.151619570062324, 46.1651479943897], [5.149185869565955, 46.16547593053618], [5.149229905879469, 46.16566928986092], [5.149559092617033, 46.16797208756239], [5.149619499828319, 46.16801290019992], [5.14959693953828, 46.168047673225026], [5.149643859443877, 46.168264371124856], [5.149680128923453, 46.16896837336008], [5.1497113956852605, 46.1695752781644], [5.15002833658886, 46.17027410517592], [5.150307665031487, 46.170946856437524], [5.1506599088274525, 46.17166910985926], [5.1513641080601476, 46.17243121760134], [5.151885136314819, 46.173000723411704], [5.152507967945687, 46.174224885985204], [5.153274744719387, 46.1741589799036], [5.15334548974297, 46.17483691941962], [5.155031637412724, 46.17481922216594], [5.155376700974622, 46.17483583208065], [5.1553099067416746, 46.174229812655845], [5.155402649709912, 46.17412847306652], [5.156073979586345, 46.174111740393194], [5.156001475661445, 46.17540543242228], [5.156069206837232, 46.17541455154331], [5.156037929295693, 46.17545133778857], [5.156115433243437, 46.17557184308051], [5.157094181881468, 46.17554743985647], [5.157113646577042, 46.17457466668642], [5.158332511297267, 46.17308312064431], [5.158327705310497, 46.17306794095549], [5.158351288781663, 46.17304034230227], [5.158293094120928, 46.17285453966676], [5.15813860365497, 46.1725432948183], [5.158120251073735, 46.17218815133126], [5.158395120279305, 46.17216328377988], [5.158555854036458, 46.17165512604668], [5.158955836103242, 46.17169915958547], [5.158997429897515, 46.17168912040955], [5.159379275877033, 46.17083333395629], [5.15976144255508, 46.17084630147847], [5.159829365072049, 46.17050070119265], [5.159923762737041, 46.16977272523868], [5.162534042373864, 46.16974174192441], [5.162805069484982, 46.16997084471911], [5.164044812849046, 46.17071678910774], [5.165617974913935, 46.17164704207141], [5.165785623003847, 46.17175628605728], [5.16606865969196, 46.17219933939288], [5.1662887792759316, 46.17275830723454], [5.166545776498947, 46.172731171246994], [5.167218699088367, 46.172885377529475], [5.167555067856625, 46.1726095804342], [5.167609424914459, 46.172315632891625], [5.168091339623378, 46.172157720538536], [5.1690818274455115, 46.17232827782899], [5.170178582372553, 46.17240884094799], [5.170157382131819, 46.17251470493833], [5.170076295702718, 46.17281022152267], [5.170653470459275, 46.17280476720909], [5.1708459937977125, 46.172970995384034], [5.170855887842244, 46.17316160371165], [5.170826390761585, 46.17334239706966], [5.170820829291655, 46.17345237296664], [5.171481076652429, 46.17336200142527], [5.172116374204518, 46.173445104158354], [5.172221295633074, 46.17278527276132], [5.172338196994254, 46.17232139891376], [5.17243643675373, 46.17216949273728], [5.173964643528541, 46.17262001570235], [5.173633807484139, 46.173672634509224], [5.17388097803624, 46.17369074082562], [5.174724744023046, 46.17106777160385], [5.174227843618581, 46.170934391589064], [5.17452297163046, 46.16988086498105], [5.174608586466929, 46.16972296927734], [5.174737206351012, 46.16928311105917], [5.174703346152985, 46.16917772422921], [5.174726571196343, 46.169170838076674], [5.174643951343029, 46.16895234708261], [5.174600715428428, 46.16868155074998], [5.174391593918488, 46.168148428647214], [5.174313613863616, 46.16795682620879], [5.1743414948750965, 46.16794982792085], [5.174440727272933, 46.167832101142906], [5.174880596334972, 46.16786607484998], [5.1750751786120235, 46.16787019270397], [5.174988550475928, 46.166747021824584], [5.174756375500841, 46.16656559273301], [5.174658220183025, 46.16642220770173], [5.177124160316625, 46.16670059966049], [5.176895658552737, 46.16634082951562], [5.17670833196824, 46.16610245717616], [5.176296059151736, 46.1656023538199], [5.176277123563851, 46.1652382164229], [5.176207651453057, 46.16455754923207], [5.176049363808399, 46.164222121069415], [5.1757941344698715, 46.16403317032988], [5.175569048100715, 46.16372372590533], [5.175306339389153, 46.16338821488653], [5.17485836213338, 46.162841287502665], [5.174184032782206, 46.16200474718028], [5.173807348522311, 46.16150284077375], [5.1732547822146415, 46.16098194198683], [5.172613705800324, 46.16075494649998], [5.171906576263163, 46.16057822269977], [5.171990939746443, 46.1604887770085], [5.17506794807232, 46.1605169108378], [5.1750774953671375, 46.160498668276205], [5.176690897465207, 46.16045815619114], [5.177759686939107, 46.15584889013898], [5.1769945576756164, 46.15563223853924], [5.176277036427266, 46.155551232063814], [5.175171256126621, 46.155524983650274], [5.175626472905269, 46.1544080118853], [5.176283295888175, 46.15442572815197], [5.177040508299046, 46.154600267610036], [5.177099979465789, 46.15460777475138], [5.177341023507684, 46.15410386495026], [5.17757386682931, 46.154067409794095], [5.178139348215816, 46.154152228060674], [5.178425838926236, 46.154272867136974], [5.178613231986084, 46.15308158683042], [5.178597943558282, 46.15306667045273], [5.178740653517572, 46.15221681855891], [5.178762989228803, 46.152225258857925], [5.178822620295662, 46.15119294275396], [5.178812098328726, 46.15113018475232], [5.179210537988161, 46.15100763325249], [5.1794915166359905, 46.15110230065091], [5.179798540138867, 46.15138627137573], [5.180090630048428, 46.15108723313629], [5.180497463565875, 46.15143710994272], [5.180481149262022, 46.15146453087457], [5.181044320181626, 46.15245327339045], [5.181885256475277, 46.15243211329824], [5.18291537886608, 46.15246920677333], [5.1830332629841855, 46.150224539478664], [5.184426930875537, 46.150059801496205], [5.184507319313694, 46.15001906640003], [5.184947569261402, 46.14969017494871], [5.1853689123672995, 46.14967955921073], [5.185797144653138, 46.149788502673424], [5.1858075749919035, 46.14975493165296], [5.1858440376092885, 46.14980082606565], [5.1860918118292725, 46.14986479912634], [5.1861040271205034, 46.14989780687159], [5.187717068994137, 46.15036759644159], [5.187753717562788, 46.150171310058184], [5.186237825792187, 46.14890682158446], [5.186219691501547, 46.14890187770954], [5.185948278114845, 46.14865034068342], [5.186003413113731, 46.14848059495379], [5.186126302644595, 46.14835325730743], [5.186737640331435, 46.148247818558374], [5.186948552183725, 46.14825330953607], [5.187093952597288, 46.148249642660836], [5.187315483434566, 46.14816572766125], [5.188383792309786, 46.14791101701015], [5.188995226116349, 46.14796131174025], [5.189383763646411, 46.14645703545741], [5.189464199695281, 46.14619662842566], [5.189245105089031, 46.145582758342385], [5.188591357039357, 46.14472147649847], [5.188471271150466, 46.14420504759745], [5.1879317834150385, 46.14357945479119], [5.187871957413742, 46.14356476052509], [5.18757622124243, 46.14318689950816], [5.187476304328304, 46.14274648182374], [5.18748936942579, 46.142654324555004], [5.187465327813837, 46.14262791998925], [5.18770542053984, 46.14225004880786], [5.187699180841868, 46.14213047011918], [5.1876714076282395, 46.14210956062727], [5.187589810057722, 46.141881149087396], [5.187396697424456, 46.14149889775909], [5.187413786076108, 46.14147145630199], [5.187386290441881, 46.141423535796875], [5.187423230963023, 46.14118582918386], [5.187835391490091, 46.14101788415593], [5.188075497690817, 46.140980319252975], [5.188083037250989, 46.14078476872154], [5.188060700641461, 46.14035679675362], [5.188119207915918, 46.13960178436322], [5.188226510778279, 46.13960807853606], [5.18827754766284, 46.13959328673085], [5.188320627270579, 46.13961470633908], [5.188379974469822, 46.13961771275207], [5.188582599363654, 46.139671119815745], [5.188181556386497, 46.13865491521964], [5.187819494902821, 46.13801314189167], [5.187966513182224, 46.137420652061], [5.187998914516198, 46.13740362624313], [5.187971101776697, 46.13738452510169], [5.188081765236532, 46.13672812864584], [5.188353785884373, 46.13633954575151], [5.188323266520884, 46.13606752818838], [5.1886580264064746, 46.135935744658596], [5.189164185746556, 46.13570870437409], [5.189484171040652, 46.13562140133708], [5.189807500762575, 46.13561323985806], [5.189847544962987, 46.13562123077456], [5.19033981275552, 46.135219880781456], [5.1915080547145465, 46.13431260609975], [5.1917822546752115, 46.13386003822988], [5.191273513577006, 46.133571291428005], [5.19076234163762, 46.134011838531066], [5.190746036316904, 46.13403925444805], [5.188763805726125, 46.13369767658396], [5.188589795767368, 46.13366605542165], [5.188471220844829, 46.133644739949155], [5.187867812587002, 46.13352672375861], [5.187807010116994, 46.13344723169995], [5.187363888255332, 46.13288043091596], [5.187253774564454, 46.13282018508097], [5.18711745701671, 46.13267327889356], [5.1870401318336885, 46.13247806552806], [5.186818820185335, 46.13242603100773], [5.186663903019655, 46.13240292653441], [5.185834068106268, 46.13229060942221], [5.184801934387529, 46.13226981136138], [5.183170026096323, 46.132389248985454], [5.18208614672228, 46.13241654307235], [5.181219135030848, 46.13258511444968], [5.180685020119127, 46.13267246712198], [5.18074764796577, 46.13269961664293]]], [[[5.04947881987584, 46.1553769557297], [5.049419451117033, 46.15496427815647], [5.049174900052302, 46.15445881654718], [5.04911902484164, 46.154116268895166], [5.048789915359193, 46.15348860200253], [5.048596422738553, 46.153176365163304], [5.048461799413468, 46.15286271082928], [5.0485823380532295, 46.15250153091577], [5.048618489853519, 46.15248086121481], [5.048563807605537, 46.1524569642553], [5.048703518090118, 46.15214033556359], [5.04798727873766, 46.152209726167804], [5.047200263818951, 46.152257405787346], [5.047048935422808, 46.15237176128284], [5.045664420465882, 46.152501269549724], [5.044872217776402, 46.1523293968442], [5.044814461493518, 46.15235598904789], [5.044421752187268, 46.152257365337675], [5.043686496398587, 46.152204758319726], [5.043698754808946, 46.15245202505539], [5.043660924057381, 46.15288053587286], [5.043597875799163, 46.15296486622264], [5.0435201553574185, 46.153257497726024], [5.043476756847744, 46.1533305571924], [5.043471731672014, 46.15350622459957], [5.043294256012922, 46.15391106797099], [5.0431151966239804, 46.15429975398448], [5.042943517793392, 46.15485569901229], [5.042827363830531, 46.15528788427841], [5.042515117522597, 46.15606054973979], [5.0427540433370375, 46.156291590597895], [5.04445139569332, 46.156820799775296], [5.044323748684727, 46.15696118383127], [5.044299435781552, 46.15697477749548], [5.043937109294864, 46.157259821784706], [5.048224384565347, 46.15766841392756], [5.048391746990982, 46.158643848720025], [5.048886368369577, 46.15862298470105], [5.049401171299331, 46.15907605214653], [5.0494862992489065, 46.159193737929556], [5.049600180474111, 46.15939985995523], [5.049175187513207, 46.15963061301619], [5.048771945460255, 46.160330756657885], [5.049975828078156, 46.160246063023614], [5.050768917404839, 46.160156810300805], [5.053858911776422, 46.1600609974251], [5.0540098224559475, 46.16000335854568], [5.0540563021870675, 46.15919563571395], [5.055116945737987, 46.15859219546511], [5.055656965276096, 46.15787522737494], [5.054675595354069, 46.157632355011934], [5.054856771173804, 46.15687901072558], [5.055123715441947, 46.15614160649072], [5.055076518855244, 46.15608872939145], [5.055513699259637, 46.15499794182934], [5.05461410477455, 46.15486652843623], [5.0542310272047795, 46.15475150420109], [5.054377890973948, 46.15369921217218], [5.054433693421077, 46.15324325409331], [5.053423994228251, 46.152882221672115], [5.052541161408072, 46.15269637957072], [5.052613650959918, 46.152541595202564], [5.052640758521931, 46.151508385169954], [5.05210597795856, 46.15153293472326], [5.051570732966192, 46.151545789800686], [5.0510501664455605, 46.151462865568156], [5.0512165658772075, 46.154810413042654], [5.05121893473462, 46.15485807049639], [5.051213002260488, 46.155113877797966], [5.04947881987584, 46.1553769557297]]], [[[5.141611727841137, 46.16375819491058], [5.141592933288764, 46.16391440609876], [5.1414501308030065, 46.16417632703084], [5.141230919415801, 46.16418176353506], [5.140944695505018, 46.16408082788425], [5.1405055001794695, 46.16402599920175], [5.140289038535345, 46.16405477578978], [5.139604593255758, 46.16411405357259], [5.138889544171053, 46.16420830148233], [5.138562514288519, 46.164227206666645], [5.138541761408807, 46.164233121612575], [5.136578205894486, 46.16493174585539], [5.136754661067408, 46.165120933039255], [5.136965330374581, 46.165610858013984], [5.137483616072714, 46.1659896382996], [5.137837237884293, 46.166174436342125], [5.138411087077695, 46.16642129626274], [5.138444367862329, 46.16643847424125], [5.138415562484435, 46.16650851375195], [5.138495622139187, 46.166854030869885], [5.138514537065805, 46.16722266741785], [5.138980658493686, 46.167167904702254], [5.138993947271683, 46.167426850665485], [5.139219332779839, 46.16757431300426], [5.139222564918229, 46.167637249467674], [5.138982192816195, 46.16779625294589], [5.138992207235005, 46.167991362239725], [5.13912441139704, 46.16813842926115], [5.139350997054419, 46.16830656216641], [5.1396334884651935, 46.168322066672395], [5.139734141997805, 46.16845011399094], [5.139598713782221, 46.16865422798211], [5.139465006738709, 46.16871515626141], [5.1395957062226385, 46.16880014293927], [5.139786963834832, 46.16888093021071], [5.140104021519421, 46.16898380302585], [5.1401718074924645, 46.16909015139117], [5.139927293258647, 46.16918354159348], [5.139811566893838, 46.169360157499504], [5.140220100023792, 46.16941485271115], [5.140374239248453, 46.169388523815826], [5.140924189662042, 46.16913631958332], [5.141202182309852, 46.16969208733822], [5.141807818389581, 46.169310658096364], [5.141986840049277, 46.169153177570614], [5.142636401051447, 46.16902902818369], [5.143166555291099, 46.169037481456854], [5.14391654794203, 46.16903957237885], [5.144446087734034, 46.16900572133083], [5.144494924644437, 46.16874343208137], [5.144630001618756, 46.16832865742367], [5.144639543523725, 46.1679169989769], [5.144519808876134, 46.167397818278815], [5.144469603831518, 46.16728833295838], [5.144516600992265, 46.167194436231945], [5.144486082527107, 46.167011540997194], [5.144456007829715, 46.16666118524211], [5.144386415344641, 46.16625509308673], [5.144409839813988, 46.166080757332], [5.144357889342812, 46.16607844667979], [5.143950870772397, 46.16606784530162], [5.143559098409019, 46.166338646413756], [5.143047760281304, 46.16611096751436], [5.14266742077652, 46.16599167023346], [5.142282460337932, 46.16578245593199], [5.142020712823698, 46.165572886208025], [5.142271374229019, 46.16556666717366], [5.142959829588016, 46.16561530391078], [5.142847064968738, 46.16524899092026], [5.142753634789287, 46.164643634229144], [5.142771906522149, 46.164383904923135], [5.142769596055247, 46.1643389496993], [5.142457306628186, 46.16429808456263], [5.142363512631078, 46.16420768242546], [5.1423844496653945, 46.16352566542885], [5.142917546785903, 46.163577252457], [5.142939680376188, 46.16279527392821], [5.142313553724866, 46.162745994470306], [5.142199015831183, 46.161729735490304], [5.141418196592955, 46.16172570117306], [5.14137000826619, 46.16261635414427], [5.141169732466834, 46.162990432068995], [5.141271022905022, 46.16311845571206], [5.14128210542068, 46.16333424411885], [5.141613661913954, 46.16371763731827], [5.141611727841137, 46.16375819491058]]], [[[5.119164488079329, 46.173126264106315], [5.119111034726675, 46.173475980879914], [5.118541839704768, 46.174210182483264], [5.118281980449266, 46.1747387198063], [5.118431962270793, 46.17488447679516], [5.118800890476516, 46.17509776134935], [5.1190342467361845, 46.17546562667977], [5.118985885034546, 46.17591514729203], [5.119002244254188, 46.17623613584537], [5.119354209572386, 46.176848651358036], [5.119574122543825, 46.178333162993425], [5.119787701494197, 46.17832790827014], [5.11992526231029, 46.17865941887048], [5.1198819895647425, 46.178748709372925], [5.120167629570577, 46.1801568836443], [5.121113159407709, 46.18087451858076], [5.121137317800651, 46.180999961065496], [5.121378603489332, 46.18110835177982], [5.1218611101880045, 46.18138995777843], [5.123773562342445, 46.18127713294029], [5.1243396635665155, 46.182271469191434], [5.125237898900593, 46.18244468509822], [5.125859586976123, 46.18272014614601], [5.125574170650765, 46.18354191423227], [5.125709597069755, 46.18435060867776], [5.1256189606508435, 46.184418562406776], [5.124966834060231, 46.18446614508024], [5.124941831250918, 46.18452977744253], [5.125143939613452, 46.18452299521006], [5.124989432079515, 46.1849085138883], [5.124473445170221, 46.18532004639855], [5.124430746448117, 46.18534180457657], [5.1243335658023845, 46.185373009837505], [5.1236856091912975, 46.1860101505358], [5.123657576364541, 46.18615938402904], [5.12396414172663, 46.1865479435905], [5.124370430865003, 46.18679270204742], [5.124372129579214, 46.18682597434173], [5.124385462374668, 46.18686615480816], [5.1235734796809, 46.18730477908389], [5.123200377902395, 46.18771008209996], [5.122753758899299, 46.18806948360255], [5.122597832925545, 46.18852164931935], [5.126850466463725, 46.1894449407367], [5.126880477380756, 46.189476611323585], [5.128680011303981, 46.189875139763046], [5.128833705862578, 46.189522047237666], [5.130895763444429, 46.189872649766066], [5.1310917363135555, 46.18930244681235], [5.1308227420899355, 46.189142544076475], [5.130941137349455, 46.18870299167908], [5.131682737939002, 46.18835878160667], [5.132310326149302, 46.18838558338794], [5.132936166238083, 46.18776064269732], [5.134352525573483, 46.18781294767958], [5.134526578651367, 46.186039632074994], [5.134339728173966, 46.18587140287629], [5.134318068894149, 46.18544881475908], [5.1344590477999, 46.18492948175193], [5.133543139909257, 46.18499714183518], [5.13359393155371, 46.18459706983099], [5.132870548798133, 46.18444030290535], [5.1329476943181005, 46.18250013666272], [5.132885497662798, 46.18247016063214], [5.131833708805634, 46.18235391597342], [5.131905263211268, 46.1820730693565], [5.131872719943485, 46.18207026802323], [5.132018422190973, 46.18105837843008], [5.1312334221934535, 46.181102081011964], [5.131335442063617, 46.17966184420965], [5.132102341906521, 46.179912975758555], [5.131676172152584, 46.17927712034972], [5.131508474655332, 46.1787861178786], [5.130791498684353, 46.178056617571066], [5.129785062172651, 46.17728744824155], [5.129356718495706, 46.176577816149404], [5.128981342182884, 46.17554278513515], [5.1287174809328135, 46.175276519239745], [5.1279565243438405, 46.17509454475699], [5.127588799880596, 46.17490555982819], [5.127031419501314, 46.17447458676492], [5.12677182704545, 46.173609542593546], [5.12672629144368, 46.17359086270968], [5.126640929932125, 46.173140137439034], [5.12629746447313, 46.17272818592673], [5.125376002299101, 46.17217834676783], [5.12464972068009, 46.17197388815845], [5.124044226534202, 46.17201312458782], [5.12305250622345, 46.172211308781236], [5.12230307861286, 46.17225407657073], [5.121659046741258, 46.17222132484501], [5.120843484261123, 46.17236473706085], [5.118877447599952, 46.172388812619396], [5.119164488079329, 46.173126264106315]]], [[[5.168097087942871, 46.18288884772373], [5.16807860510589, 46.18290731920368], [5.169431310718595, 46.18328037472282], [5.169223335458986, 46.183596178012586], [5.16912286248769, 46.183938096189046], [5.168334674369205, 46.18495533302585], [5.168951654374347, 46.184932686574186], [5.169943018053885, 46.18472600594181], [5.170019752145483, 46.18486092413454], [5.170238217930998, 46.18502920307045], [5.1703212069918845, 46.18554928393482], [5.170535136285225, 46.185550229262795], [5.171021415908073, 46.185509234354306], [5.171040884196902, 46.185477238701296], [5.171676808773066, 46.18553963101592], [5.17228481910009, 46.18567113222216], [5.172344244452747, 46.18569214954889], [5.172583406524123, 46.185495296974004], [5.172638552302775, 46.18549391443051], [5.172667553513403, 46.18546077628813], [5.173943906818543, 46.18543777803371], [5.1739043638780435, 46.185315427954386], [5.173888799667433, 46.18529781554583], [5.17387913020171, 46.18482991387029], [5.173984997556276, 46.184669709545204], [5.174060295241681, 46.18458229509192], [5.174213759831554, 46.184410092839585], [5.174706461510386, 46.18385216266859], [5.17482756339386, 46.18370328115351], [5.175157270255943, 46.18318905157377], [5.175192258737959, 46.182927092431214], [5.1752043590448285, 46.18252166645338], [5.175040313199211, 46.18185957426529], [5.175047203277448, 46.1817576740369], [5.174985506983728, 46.18166289206982], [5.173954700975, 46.18162303122498], [5.1739208219123665, 46.18097117841486], [5.173337614070336, 46.18095700166642], [5.171854049073584, 46.18081143865965], [5.170518353959083, 46.18056312382036], [5.170457315232172, 46.18055565194158], [5.169900485520144, 46.18101973497901], [5.169872110435261, 46.181034849031185], [5.169669267250835, 46.181246994529374], [5.169374291952562, 46.18149475583476], [5.168769297269962, 46.18202756508855], [5.168067143501191, 46.18289139712296], [5.168097087942871, 46.18288884772373]]], [[[5.141617622586057, 46.18290215821098], [5.1414240527103, 46.18306000612594], [5.141195747677477, 46.18320520804449], [5.141086652676107, 46.183369956257565], [5.1410821709811545, 46.18362844655171], [5.141088163642425, 46.184060425078], [5.141099065596699, 46.18427261736404], [5.141589927525842, 46.184318061311394], [5.141995693844737, 46.18436471738167], [5.142504857151145, 46.18443581126283], [5.14291079684488, 46.18448336220247], [5.143368256716782, 46.1845422298804], [5.1439611726520775, 46.184633752289145], [5.144183291885853, 46.18468585438593], [5.144071147104104, 46.18480387409119], [5.144100354028935, 46.18502641370454], [5.144183037662642, 46.185341252925824], [5.144245226233138, 46.18541623010531], [5.1443335566767, 46.185402339346034], [5.144358025886738, 46.18538912461914], [5.144859659514409, 46.18543969357055], [5.145336018143279, 46.18551789406169], [5.145863757711466, 46.185652430936635], [5.145868663411215, 46.18563700408154], [5.146259198794457, 46.18578035332427], [5.14646630448491, 46.185867937523156], [5.146148653013907, 46.184952151216415], [5.1462417103925295, 46.18444839246331], [5.146362357728439, 46.18384852117757], [5.146459718935556, 46.18378848785157], [5.146866415909077, 46.18352090852246], [5.147328022404347, 46.18334559132357], [5.147579893840358, 46.18332853057673], [5.147675909371156, 46.183242416981145], [5.147743349492816, 46.18258624520135], [5.147905261839628, 46.18181159811756], [5.146875544589014, 46.18173185360175], [5.146403676638234, 46.181707563822066], [5.146027536757413, 46.181624175651095], [5.145490554423291, 46.181626710181646], [5.145428133189146, 46.181655270445695], [5.144786466581703, 46.181734217707735], [5.144768274798881, 46.1817256674929], [5.144690462728967, 46.18177261186903], [5.144065808416388, 46.18175390552545], [5.1433444531583925, 46.1814801189618], [5.14305906737577, 46.18147550081704], [5.142546685405694, 46.18132345945715], [5.142073275945928, 46.181301894366705], [5.141507969730889, 46.18125739457187], [5.141542555767638, 46.181456397553845], [5.141513265299478, 46.181471526413304], [5.141531383420437, 46.18157190458633], [5.14165533835326, 46.18201176590242], [5.1417733473371605, 46.18233833270209], [5.141836011116454, 46.18258165264987], [5.141617622586057, 46.18290215821098]]], [[[5.109811526683422, 46.187861730791745], [5.109801041547434, 46.187895295353776], [5.10988787090618, 46.188246968590875], [5.1099529511535655, 46.1888593434647], [5.110214527089553, 46.189303053770956], [5.110245687850137, 46.189916266362914], [5.110180948962548, 46.190652451734216], [5.110330146554842, 46.19090987237888], [5.110520923568356, 46.19133010954409], [5.110546283008817, 46.19133669442869], [5.110559731686963, 46.1913921793105], [5.110418316199991, 46.19141544869209], [5.110098655197714, 46.19179059063264], [5.110496689716925, 46.192544243462116], [5.11094598390291, 46.193061676314684], [5.1114209258885905, 46.193257088352915], [5.111655213701217, 46.193307607781165], [5.111913861129367, 46.19337553178252], [5.11194401937009, 46.19355304751872], [5.11198076226187, 46.19386003142161], [5.111781338065397, 46.19409898549731], [5.111741907414334, 46.19413416425008], [5.11177268369596, 46.19442329166648], [5.111998356665021, 46.1950371292678], [5.1120959415526475, 46.195171571956735], [5.112379574722134, 46.19552291322638], [5.1130738188248275, 46.19539065085845], [5.113809733078647, 46.19528256625572], [5.113890769202112, 46.19564967721443], [5.114131248203667, 46.195789612100285], [5.1143949522485785, 46.1959883989407], [5.114500212342007, 46.1959858147058], [5.114530485567057, 46.195722197236904], [5.115160971742492, 46.19566170367939], [5.115140005962069, 46.19524990597332], [5.115494950093775, 46.1951529634452], [5.115809149339099, 46.19548553787246], [5.117333198710809, 46.19553091720859], [5.117379053214481, 46.195491978620176], [5.117436856209748, 46.195481555776254], [5.11742302125605, 46.19521002078035], [5.1160510126445145, 46.19528604220802], [5.116351067017408, 46.19494107681059], [5.116909856853369, 46.194679779326194], [5.117429226818032, 46.19448966283524], [5.1180537841125915, 46.19429786177823], [5.119498776349376, 46.19430374239882], [5.119514326186933, 46.19432136871119], [5.119527135264579, 46.194303044708654], [5.119555577723112, 46.19430414534289], [5.119570109769457, 46.19424077240461], [5.119968497326593, 46.19366381376425], [5.119853524648349, 46.193076974852254], [5.119679272144476, 46.19256811492559], [5.1194947644733055, 46.19223685360313], [5.119480480361992, 46.19216518900183], [5.119476601436593, 46.19215267548376], [5.119353660701759, 46.192060273856825], [5.119048107740999, 46.191821123738244], [5.119037206685054, 46.19179798200879], [5.1189003249953, 46.19138362811031], [5.118866687579485, 46.19137725466386], [5.1188676757262925, 46.19136372422444], [5.11880795482789, 46.191351694953326], [5.118827869579444, 46.191315192964744], [5.119008487545416, 46.19083541635421], [5.119054010570759, 46.1904111761525], [5.119032283917294, 46.18998498869144], [5.1188463398399975, 46.18965826582581], [5.118459243207646, 46.18940851210771], [5.118349646048032, 46.18903850375329], [5.118080659010956, 46.189117134445], [5.11735239211516, 46.18919805791432], [5.115335653641045, 46.18898653700015], [5.115084630214693, 46.18776295243861], [5.1139081767556664, 46.18783955507223], [5.112826451541696, 46.18791562089975], [5.112680592089016, 46.18829730294641], [5.1120077611277335, 46.18806624289309], [5.111733065296971, 46.187762397702706], [5.110690841700967, 46.187723138305884], [5.109811526683422, 46.187861730791745]]], [[[5.204967337445015, 45.925889218882155], [5.204199025450508, 45.92587547951274], [5.203117472713048, 45.92602185598523], [5.201820904619056, 45.92633213926248], [5.20189594897958, 45.926795670448534], [5.201911119728095, 45.92680699018171], [5.201960556713127, 45.92710642490363], [5.201696415188661, 45.92725089048479], [5.20179209385128, 45.927662579992344], [5.2003540114556355, 45.929028875485976], [5.200262248549365, 45.92917164966962], [5.1993055041442355, 45.929332813779205], [5.199115373019401, 45.9294744862527], [5.199442357087882, 45.92960661805462], [5.199156809608516, 45.93026837825338], [5.19500865822271, 45.930157658377944], [5.1949964761691385, 45.93017147353827], [5.194754038840278, 45.930346877227784], [5.194649857623498, 45.93072943794062], [5.194449310532953, 45.931166658377705], [5.194544006438647, 45.931560375376044], [5.1946545782703115, 45.9336822165376], [5.19522031567669, 45.93358233138241], [5.197093232077176, 45.9343810458497], [5.196659772494694, 45.935082561544526], [5.196993749049349, 45.93533336034219], [5.196993002549361, 45.93578172119411], [5.196765679375131, 45.9361854125412], [5.19770754139098, 45.93666385068248], [5.198430385157366, 45.93629798335895], [5.1984486380256225, 45.93630652043434], [5.199344608706851, 45.936741091759075], [5.199906288423107, 45.93704011675495], [5.199766118899409, 45.9372147265554], [5.1995779092709995, 45.93740857117764], [5.199435041208187, 45.937499525845034], [5.199909084878572, 45.93757300740655], [5.2001892721106255, 45.93725528713336], [5.200568425839241, 45.93693504799005], [5.200863769446756, 45.936751986516875], [5.200969749090726, 45.9367429865812], [5.201218241962953, 45.93657462141794], [5.201676870543045, 45.936353186008255], [5.2020446309388735, 45.93629431863225], [5.202392623906907, 45.93630166620281], [5.202492487820403, 45.9363459390276], [5.202541308561158, 45.93632218954092], [5.202543658553932, 45.936367144564926], [5.2029888294727735, 45.93633781178762], [5.203355910742263, 45.93626094749265], [5.203652287412374, 45.93625340249861], [5.203650148523685, 45.93575109925527], [5.203611626967685, 45.93547569471683], [5.203548575116213, 45.93545929628807], [5.203509072599916, 45.93399284806809], [5.204526525151957, 45.93403626368327], [5.204564246309043, 45.93407671537785], [5.204727422585471, 45.93408336163087], [5.205152386800268, 45.934176070467366], [5.205305809169346, 45.934257685853254], [5.205628279203513, 45.934285484063494], [5.205850559235737, 45.9342798199622], [5.206114599250563, 45.934115544528595], [5.205687720725851, 45.93398867650362], [5.205335353860717, 45.93389502333041], [5.204838085146975, 45.93385547429275], [5.204516558343861, 45.9338456535667], [5.204061363124776, 45.93366818920519], [5.20363656240335, 45.93215933558484], [5.20301892662806, 45.932191260937465], [5.202145236860806, 45.93233773570412], [5.202021414878687, 45.93228416849479], [5.201027747918725, 45.9321717101131], [5.200499936485337, 45.93222384292195], [5.200154715718281, 45.93228394044808], [5.200215528069756, 45.93221307223182], [5.200125228519091, 45.932230668710645], [5.20012134240718, 45.931229661107736], [5.200022568150096, 45.93026437448214], [5.200087758890258, 45.93010697068696], [5.203930943016876, 45.93021624173198], [5.205461429715886, 45.93024748528746], [5.205575761895368, 45.9299519832171], [5.206791447477799, 45.93002273061001], [5.2069286336964025, 45.92979416490884], [5.207469590177351, 45.92972996090478], [5.207588976278602, 45.92963959206709], [5.207662097346107, 45.929156076639515], [5.207908278853104, 45.92913179047658], [5.208312315016755, 45.92880819160198], [5.208543251215045, 45.928645656973174], [5.208396423378494, 45.92821186073397], [5.208332254921094, 45.927772361345525], [5.208237373064168, 45.927376857906026], [5.208643411572583, 45.92709191727755], [5.20867437111055, 45.92674452229659], [5.2086997269577555, 45.925812086413046], [5.208541535432855, 45.92562436238121], [5.2079657961840935, 45.92548419473984], [5.207177063686533, 45.925558320207664], [5.206717475705709, 45.92575909839411], [5.206157143462432, 45.9259282237262], [5.2053449325966, 45.92601734389951], [5.204972744404711, 45.92599261271428], [5.204967337445015, 45.925889218882155]]], [[[5.20933972629202, 45.939925659088914], [5.20884716654703, 45.94043787651313], [5.207884317191193, 45.940963882936636], [5.207678605686101, 45.94177938052323], [5.207490007985445, 45.94288972925124], [5.207539357833891, 45.94335661703826], [5.208387604617354, 45.94348984390094], [5.208390088459096, 45.94350778411203], [5.2079460332478495, 45.94403766736644], [5.208275390665295, 45.944166111509006], [5.208958682508078, 45.944443983347384], [5.209678488172179, 45.9449603891095], [5.209974280039045, 45.94540118833492], [5.2101996341061705, 45.94593110721027], [5.210266784071969, 45.94627419825666], [5.210598210309531, 45.94645660054313], [5.211045377284923, 45.946461398918586], [5.211534650992631, 45.94638048795929], [5.211796906953288, 45.94616672905046], [5.211812357077868, 45.946153731766664], [5.212346130629791, 45.94625714466344], [5.213070113459996, 45.94635749731996], [5.213401334881653, 45.94613746954186], [5.21343181471927, 45.94615019511574], [5.213718111393583, 45.945979029562345], [5.214140200101172, 45.94553791324403], [5.214495060689549, 45.94520024326389], [5.215086191672378, 45.94516713546065], [5.215656484435538, 45.945152560100546], [5.216115435510821, 45.94495176404252], [5.217198744454674, 45.94437039158357], [5.21839547109303, 45.94404448545448], [5.21874076282699, 45.94355490025087], [5.218741709651297, 45.94262038385183], [5.2186790431770795, 45.94238070843566], [5.21871262489734, 45.9419297079592], [5.21868542391053, 45.94191779599524], [5.21870366599902, 45.94189662256517], [5.218667420773933, 45.941207033978294], [5.217894183316708, 45.9410890733382], [5.21712474393651, 45.94107274153688], [5.2165810341192245, 45.94108664643185], [5.21638773014481, 45.94109158832527], [5.215731270081265, 45.94100034032482], [5.215423695911134, 45.940780429340506], [5.214946031131851, 45.94039291229546], [5.214923776268992, 45.94038448017312], [5.2148600183417, 45.94032038900482], [5.214838218026406, 45.94030563995455], [5.214596590079597, 45.94006603886597], [5.214126058821964, 45.939612611330936], [5.213868079740354, 45.93947695816957], [5.21389274029154, 45.939393501961845], [5.213968340709234, 45.938943232461], [5.214290242109804, 45.938484862989384], [5.2145259025481945, 45.938271780192245], [5.214170380799788, 45.93809180175264], [5.213163195093107, 45.937770925849144], [5.212681160908274, 45.93754286187352], [5.211802533101943, 45.937306015145964], [5.2115069936616605, 45.93732976171239], [5.211123471425826, 45.937582630059126], [5.210719331955908, 45.93790263993785], [5.210655945032851, 45.938111323627], [5.210713430024511, 45.938715743045364], [5.209542569476446, 45.93905621561063], [5.20933972629202, 45.939925659088914]]], [[[5.210384956549275, 45.94805104373462], [5.210035873026499, 45.95083911444601], [5.210008869669083, 45.95086321309843], [5.21065123786076, 45.951237549067685], [5.211287282811169, 45.951552625363504], [5.211828668686796, 45.9519871465193], [5.211877104948593, 45.95243335225709], [5.211909783862004, 45.953056414543035], [5.21191968509308, 45.953245219875576], [5.212022446073382, 45.95331191733248], [5.212629691934076, 45.95355480062115], [5.212711521269944, 45.95362113047293], [5.213632589981878, 45.95378847520553], [5.213549873110511, 45.95410118186036], [5.213896405417897, 45.95411034010957], [5.214050273351335, 45.95467628562319], [5.215399294973076, 45.95441675087345], [5.215418801889447, 45.95454229311078], [5.2150311123690445, 45.95541107154882], [5.216183314908629, 45.955675121307394], [5.2171552237740935, 45.95390551822711], [5.218595047104746, 45.95253807562635], [5.2187172646957825, 45.95205419711904], [5.218358700353506, 45.95175457044638], [5.218083062190021, 45.95177512616309], [5.217155916375189, 45.95155575882312], [5.21689257345301, 45.95126990126112], [5.215621064762216, 45.950145541069695], [5.2144144728254025, 45.948933979259074], [5.213494426396232, 45.947850128881214], [5.212893607981403, 45.947728630210165], [5.2124990292810605, 45.94777201383407], [5.212416958298373, 45.948084708839154], [5.21223631697621, 45.9488680685247], [5.211371786431628, 45.948457998625244], [5.210714547528734, 45.94819838228837], [5.210455605453134, 45.94799792268399], [5.210384956549275, 45.94805104373462]]], [[[5.21964894790112, 45.95470600277878], [5.2194660338413, 45.954987974281266], [5.219233346826502, 45.955285622460465], [5.2188485831189455, 45.95548722918856], [5.218318377675327, 45.955775373851814], [5.217861402893691, 45.956030141538584], [5.217578531495544, 45.956296657679516], [5.217300266658179, 45.956665685454595], [5.217146776915486, 45.95703152828624], [5.217037316299797, 45.95731161319638], [5.217004501740791, 45.95762305159552], [5.216839590817569, 45.95780102006984], [5.216580591249789, 45.95804801721785], [5.216682562610942, 45.9580994318844], [5.217068533654231, 45.95838215549359], [5.216934832898932, 45.958662858689685], [5.216460129865146, 45.959054915415], [5.215971278365608, 45.95965439856695], [5.215875952740914, 45.959754063774014], [5.215355929701027, 45.96024450318118], [5.215358308439908, 45.96025794740388], [5.214713908259063, 45.96117019296123], [5.215068597269194, 45.96133398670868], [5.2152680421269, 45.9618132425454], [5.2155355415538835, 45.96220433281336], [5.215715090524676, 45.96231948784079], [5.217043692541695, 45.962129781122016], [5.218220783804562, 45.96192862818383], [5.218552008819474, 45.961891342798424], [5.218561322552347, 45.96191631150164], [5.218592023375516, 45.961901123587516], [5.2193770709837475, 45.96179371590377], [5.219794960067406, 45.961715502487], [5.2202814894219145, 45.96154819855279], [5.220774386035149, 45.96149957028819], [5.221480214811779, 45.9614814997686], [5.221466472384549, 45.96146564918674], [5.221245039463654, 45.96055482728307], [5.2214349352298814, 45.95994677235484], [5.22138295331764, 45.95987878147837], [5.221546726075408, 45.95923538283817], [5.221790052736428, 45.95869348046393], [5.222261609870079, 45.958715615434286], [5.223205359246331, 45.958742752539926], [5.223614039700009, 45.95878179797494], [5.223597440630175, 45.958665184283944], [5.2235388174730595, 45.95802748693409], [5.223245211207298, 45.95717073314468], [5.223255993685658, 45.956409709133176], [5.223442459684101, 45.95619786931937], [5.223547565267294, 45.955666704624434], [5.22350145654041, 45.95557065679783], [5.223493398652312, 45.955557358200764], [5.223497987246786, 45.95553653409271], [5.223649040758417, 45.955431832002546], [5.223963158257072, 45.95526893074246], [5.224176344643678, 45.95507440787444], [5.224289457809298, 45.95486444154557], [5.224028531355245, 45.9546280485309], [5.223924191136678, 45.95463702745192], [5.22393210529434, 45.954603515590705], [5.223823966998746, 45.95451085215063], [5.222858871854732, 45.95358668430191], [5.222178720522203, 45.952896478549434], [5.221600459702455, 45.95223877509206], [5.2210582348003385, 45.952788330800686], [5.220633403536144, 45.95317733007231], [5.220353395967144, 45.95349779579435], [5.220045519963089, 45.95377936187027], [5.219984945665177, 45.95402399119936], [5.219808581222062, 45.95444263476738], [5.21964894790112, 45.95470600277878]]], [[[5.2237975942586585, 45.96145544931029], [5.224955481337376, 45.96329387396617], [5.224582902378349, 45.96515081834257], [5.224465389264446, 45.96530958003845], [5.224484745263871, 45.96533879133673], [5.224500469374599, 45.96536269636011], [5.224404776338959, 45.96553620478526], [5.224019040654277, 45.965735147955726], [5.223434339812271, 45.96592388761146], [5.223116267031395, 45.96598335542436], [5.2229094263439855, 45.96629924889474], [5.222551443211665, 45.96654969792728], [5.222394618922647, 45.96688142097072], [5.2223922527601925, 45.967280305326774], [5.222432099331244, 45.967661908780265], [5.222671762662534, 45.968023087921225], [5.222892943156844, 45.968224490961056], [5.222940613155685, 45.96828628711403], [5.223125240302769, 45.968987388775304], [5.2233060298469525, 45.9696939828334], [5.223416625034842, 45.97027633900515], [5.223424818568568, 45.97043187994525], [5.22340900282967, 45.97069786604074], [5.223439499735265, 45.97071058972144], [5.223713538897517, 45.97082690709104], [5.224941777537721, 45.9705667599508], [5.225409485390376, 45.970423328769975], [5.22542912795241, 45.970413824826416], [5.225835272462015, 45.97011171569956], [5.226640633673813, 45.969865994207865], [5.2276381067956095, 45.96954691058982], [5.228227386350621, 45.9694444658362], [5.2289286337192875, 45.96958221845323], [5.229502930273711, 45.96969981688976], [5.229527310550502, 45.96964067648745], [5.229652092831684, 45.969666278549624], [5.22983634538128, 45.96988662000282], [5.230094876028474, 45.97010505940537], [5.230568077977445, 45.9701271142692], [5.231154961725597, 45.97000850590044], [5.232155934683753, 45.96972440932864], [5.231574492031286, 45.9680981193243], [5.231527405937325, 45.968076821652524], [5.231587322668462, 45.96805007186511], [5.23151942171109, 45.96752964725394], [5.232677529775393, 45.96743956667507], [5.2329358529117584, 45.96724386896926], [5.232968638724657, 45.96720701362074], [5.232692181297653, 45.96673966112394], [5.23262301281741, 45.966378620973316], [5.233568680995094, 45.96619496113986], [5.233578513954222, 45.96615149453009], [5.234069316594523, 45.96606505573687], [5.23413953610367, 45.96554468053692], [5.237417004383474, 45.96473380985529], [5.234433751427197, 45.96267057771963], [5.233861173349922, 45.96168328065779], [5.233463115474486, 45.96117404463046], [5.231974676218984, 45.96062891773979], [5.231063923759749, 45.96011034053788], [5.230329473759865, 45.959815906220236], [5.229810243034085, 45.95973201102486], [5.22970203197496, 45.959836524516774], [5.228124894864915, 45.96046669993847], [5.225935807417043, 45.96121157903351], [5.225881145830327, 45.9611859693169], [5.225862626162433, 45.961231458699785], [5.224432064462356, 45.96133746181833], [5.2237975942586585, 45.96145544931029]]], [[[5.2140903597725785, 45.96407603333548], [5.214122743140244, 45.96435609200332], [5.214141037331, 45.964397038599195], [5.214158597598194, 45.96473149700409], [5.213990782421655, 45.964746584859604], [5.213864204408209, 45.96490286815038], [5.213724013324979, 45.96510721041998], [5.213098270254252, 45.96508267400183], [5.213213356120265, 45.96535431986226], [5.2133977766548165, 45.96565570751896], [5.2135196681574065, 45.966039719255576], [5.213452520886566, 45.96635923393354], [5.213268157844162, 45.96670604981013], [5.213051764472017, 45.96708699161642], [5.212745353620162, 45.96765929322372], [5.212664653466612, 45.968060174996985], [5.2124221218146225, 45.968912634549575], [5.212383309204464, 45.969125189356824], [5.212297954879452, 45.969422661696136], [5.212219522971973, 45.96952729926284], [5.207446666069621, 45.9691448351665], [5.20745551088191, 45.96911399814146], [5.206021016357539, 45.96894707556408], [5.205229719169833, 45.968661126020756], [5.205531827091459, 45.968959531166924], [5.20589819509862, 45.969207683604], [5.206425628341263, 45.96961738019277], [5.206599420009392, 45.97002438275865], [5.207172048392305, 45.97068050841065], [5.207827308306628, 45.97095910767455], [5.20788586139517, 45.97095041547761], [5.208495273992364, 45.97114015130422], [5.208218397950411, 45.971336264169814], [5.208601231178439, 45.97156058478472], [5.209584351916943, 45.97199466685021], [5.21026614716646, 45.97297839691854], [5.210460017977811, 45.973043677751185], [5.211432031047838, 45.97251202774223], [5.212001522513788, 45.97210767191419], [5.21211778247784, 45.9720470887418], [5.2123053767603045, 45.971808225472095], [5.2122904701165025, 45.97152411877693], [5.213400359311272, 45.97148498929474], [5.2142022584159555, 45.97151132910271], [5.214208473859406, 45.97148956011518], [5.215574149348171, 45.97146548104641], [5.215167630241075, 45.9704243352314], [5.215147244772343, 45.970405052001965], [5.215016965699954, 45.97015179392859], [5.215519900986486, 45.97012544161122], [5.215590198649047, 45.97031090903797], [5.215828988817859, 45.97054068004938], [5.216376247878843, 45.97067974794893], [5.21650842778639, 45.97032525925711], [5.217101748861876, 45.970697217338355], [5.217999453291603, 45.97142600188996], [5.217631562640028, 45.96966184369016], [5.217618161572628, 45.969637878709904], [5.217371936048175, 45.96846840029814], [5.218229697787127, 45.96848248188791], [5.2182766644051055, 45.96842546432069], [5.218172192134199, 45.96829489356465], [5.217715273946415, 45.967309957030096], [5.217614331156238, 45.96666433191608], [5.217859292751076, 45.96490701178771], [5.2176415087868575, 45.964617286119605], [5.2176459347862565, 45.96348821561848], [5.217074506552566, 45.9634235985372], [5.2170182783039785, 45.96342953940784], [5.216938383040928, 45.96407348379887], [5.216703867954536, 45.96407947892502], [5.2158211842546764, 45.96397059556896], [5.215309095135388, 45.96398368109014], [5.215305539603509, 45.963785711361304], [5.2140903597725785, 45.96407603333548]]], [[[5.2312448246950405, 45.99097401629824], [5.231888029218249, 45.99116906594524], [5.232546696442462, 45.991368217243], [5.23252635948274, 45.99139394968709], [5.232874779150527, 45.99160286947878], [5.233254292205249, 45.9920162586484], [5.233548428477032, 45.99237331961428], [5.233604336925353, 45.992927362691134], [5.233325131551893, 45.993355876950005], [5.232816200010836, 45.99363903909314], [5.2326414615184, 45.993969437822116], [5.2329115184490185, 45.99440364191183], [5.233114045426434, 45.99508986630083], [5.23315141264733, 45.99527616438624], [5.233454165559305, 45.99529269427169], [5.234225104227725, 45.99529089069396], [5.235225120480104, 45.99543893801653], [5.235608886159386, 45.9954290701628], [5.236183910349157, 45.99535486462006], [5.236647583867882, 45.995285314580514], [5.236727396485933, 45.99534358197391], [5.23676027662196, 45.99534003910143], [5.237064512652509, 45.99535291875535], [5.237650828665397, 45.99550888976595], [5.2381593056589235, 45.995765892366784], [5.238547755154103, 45.995812613346345], [5.2389313465601814, 45.99578472929193], [5.238838255045603, 45.995595361236795], [5.238394007594911, 45.99472450946926], [5.238442885827814, 45.99467193305513], [5.237965276744084, 45.99364168213104], [5.2374286752956305, 45.992867736578646], [5.237519949518414, 45.992001103328114], [5.237514147299995, 45.99112796189095], [5.237528113407702, 45.99111860005589], [5.237618467755592, 45.99075165419377], [5.237334462683574, 45.99058610563285], [5.23691965571969, 45.99055806852998], [5.236863956578793, 45.990589210671544], [5.2367022463529285, 45.99058436868348], [5.235973919270027, 45.990352819678], [5.2350084773763, 45.9903218309398], [5.234792329244196, 45.9904012085353], [5.233489893354798, 45.99076329789703], [5.23329252360542, 45.99066303626946], [5.233238058749734, 45.990700442091914], [5.232116358505594, 45.990816590776156], [5.2312448246950405, 45.99097401629824]]], [[[5.218710282091077, 45.972175773274465], [5.218022595689927, 45.972295989658434], [5.217926235206044, 45.97233446488978], [5.217892518738486, 45.97262882143904], [5.217816849150515, 45.97307819985663], [5.217672248237569, 45.97316922273641], [5.2157170991576525, 45.97387909979461], [5.21506828824876, 45.97406402523281], [5.214852447340497, 45.974209979823364], [5.214788048914407, 45.974382680771306], [5.214802545926466, 45.9746586980038], [5.214847878508959, 45.975521814533586], [5.214878246057138, 45.976574377613694], [5.214856823034224, 45.97673697151365], [5.213879921332426, 45.97672860672444], [5.212926536626441, 45.97669352628657], [5.212901832956128, 45.976714863096355], [5.212830764539056, 45.976713973490526], [5.212442092261729, 45.97707320140904], [5.211098645584641, 45.97801856228736], [5.210618591286711, 45.978312594595096], [5.207711364549553, 45.97998919496942], [5.207630522462196, 45.97991022880488], [5.207661183759459, 45.97989414753], [5.204728386477756, 45.97722925951648], [5.204550434711536, 45.97728329957708], [5.204394710858729, 45.97742410975797], [5.204319862330939, 45.97736569427429], [5.204367920402025, 45.97725013727501], [5.2042601441274945, 45.97724117387983], [5.204016892026633, 45.97732928702529], [5.203535303406195, 45.97753420211053], [5.2031593845109265, 45.977244870234856], [5.203511079436232, 45.97707116875083], [5.203417582781462, 45.976671126934974], [5.203005423152691, 45.976705917094534], [5.203004752111193, 45.97635482502347], [5.203159763600001, 45.976200535564104], [5.203130068889949, 45.97597351931614], [5.203174026151751, 45.97579684282361], [5.202815932526687, 45.97549265417919], [5.202847576580876, 45.9754162237493], [5.20300768061903, 45.975361737365], [5.202385556860575, 45.974808582908196], [5.201637110210248, 45.97467906667203], [5.20093275736565, 45.97429634472382], [5.200283053531341, 45.97392393508481], [5.199581797179538, 45.97361494824468], [5.19847874416408, 45.97354122914484], [5.197272267211629, 45.97358626386674], [5.196652721618043, 45.97343723035056], [5.19464898715601, 45.973035216257834], [5.193611189559405, 45.97284816279475], [5.193125053666993, 45.97527322777908], [5.193694662812229, 45.97547215408312], [5.194172575526545, 45.975660800004476], [5.194427539862063, 45.97604595912464], [5.194268569497778, 45.97646411417091], [5.194149113327953, 45.97694428915598], [5.194191335044597, 45.97738255912722], [5.1946277509826935, 45.977812629557704], [5.195274310713494, 45.97812213234518], [5.19545605786175, 45.97815533532677], [5.195852449362336, 45.978483787634325], [5.196153934751473, 45.97907932685764], [5.196502776627463, 45.97988702672172], [5.196875906253744, 45.98049425352197], [5.197359790069767, 45.98146147900013], [5.197388971841744, 45.98144903307548], [5.197556165384125, 45.981759887589774], [5.197613833632093, 45.982184258572666], [5.197726871339257, 45.98263512811047], [5.197674086333143, 45.982999280740515], [5.1978545210428075, 45.983348512982474], [5.197997399885385, 45.98367078355482], [5.19807744157383, 45.984555527842964], [5.19805345565743, 45.98460565453593], [5.198126460842243, 45.98475234847607], [5.19917968880049, 45.984270967834966], [5.199209715887171, 45.984274703045244], [5.201297308979313, 45.98690450631125], [5.200608505073942, 45.98700753919057], [5.199660403360153, 45.98831001736241], [5.199136650515218, 45.9882377933282], [5.198936831060055, 45.988675000232455], [5.198588679988532, 45.98961562802514], [5.1986289415812434, 45.98989189013099], [5.197203901825224, 45.98966877533668], [5.197116571206564, 45.98969800124955], [5.19705633916678, 45.98967251829655], [5.196685501142762, 45.98968192656251], [5.196389838633311, 45.98972363835295], [5.195559960600797, 45.98998776236491], [5.195121200059809, 45.99010151649488], [5.194938996567361, 45.99016915820882], [5.194945857001194, 45.99014467720685], [5.194110846893462, 45.99023156399372], [5.193132160239197, 45.98999527695153], [5.192551437137239, 45.98978672058094], [5.191712319033714, 45.989375840661594], [5.190841845235203, 45.98882890728099], [5.189056964630899, 45.989306211955714], [5.187668393780444, 45.98975546314655], [5.186489035169804, 45.98995633215853], [5.186945880594057, 45.99110343700035], [5.187321260500166, 45.99212926279665], [5.187522872094306, 45.99364563077322], [5.187334476514631, 45.99477123569659], [5.186775182723799, 45.99451079476557], [5.183943150365814, 45.99340748601658], [5.183392654674854, 45.993333159184616], [5.182303012608264, 45.99223172300361], [5.182266327208698, 45.99220923881803], [5.181776938516629, 45.992455664394356], [5.1814607539945206, 45.99284895919857], [5.1811490053532445, 45.993063882961465], [5.180909460599604, 45.99320677244822], [5.18071199473047, 45.99322975737974], [5.180912559787323, 45.99347047167982], [5.18108968420515, 45.994035877805274], [5.181968993832812, 45.99714844285617], [5.1817024753660945, 45.997083149254834], [5.181339813807823, 45.9970022728993], [5.180911340773496, 45.996897844511196], [5.180591220732103, 45.99682759746596], [5.180538863324075, 45.99687662905798], [5.179602657999582, 45.998283959951195], [5.178794547943033, 45.999855498999686], [5.17892823612194, 45.99991244801194], [5.178952041476956, 45.99991815158389], [5.1790903200469645, 45.99987685371612], [5.1793142691489615, 45.999803690018375], [5.179550191895405, 45.99980944102736], [5.179917150095727, 45.99986321068601], [5.180394045018797, 46.00027791536341], [5.180592031910781, 46.00012527384156], [5.180694923146796, 46.00005426147489], [5.180742212260001, 46.0000170572934], [5.180936263632734, 45.999942842302524], [5.181010320744748, 45.99994097397799], [5.181038005025164, 45.999991587828], [5.1810629584271375, 46.00009899382256], [5.180997707499837, 46.00014835699081], [5.180486674799335, 46.0003503009073], [5.180546711904715, 46.00055854789602], [5.181212270105463, 46.000471543782304], [5.181343744835488, 46.00015762993554], [5.181358121473303, 46.000105951033525], [5.181388411766365, 46.000099785081325], [5.181636630652411, 45.99957856650147], [5.1817281043011505, 45.99917833848321], [5.1817683434360005, 45.999174626119675], [5.181951553939863, 45.998598326871104], [5.181994232000698, 45.99822363756254], [5.18524476788999, 45.99895451478092], [5.185202912685962, 46.00054185858743], [5.185653106983872, 46.000566490994245], [5.186249214633355, 46.00058744169817], [5.186706691573267, 46.00079914607573], [5.187367241666297, 46.001110153389654], [5.187989231575751, 46.00114664234549], [5.187768349322111, 46.00072009415268], [5.1877263629640735, 46.00039255628903], [5.188335799815755, 46.00018809023758], [5.188461458852637, 45.9992693290652], [5.188403362108254, 45.9986496096694], [5.188351463739343, 45.998580698417705], [5.188327510162305, 45.99857230323063], [5.187946336122618, 45.99700195712694], [5.189353211943594, 45.99707440249746], [5.1893571807005365, 45.99705629927645], [5.189356872578365, 45.99703560060208], [5.191199924487246, 45.997126702045016], [5.191198584200843, 45.998060323588575], [5.193530955631483, 45.99812098937915], [5.195280623174997, 45.99838724435352], [5.198331760020634, 45.99891484117971], [5.201430379117284, 45.99940602963555], [5.2023197184350725, 45.99962921063627], [5.202488564877579, 45.9997257486862], [5.203147358764216, 46.00000159152902], [5.203607912433988, 46.00030048051337], [5.204003772131926, 46.00027420369773], [5.204205054942693, 46.000341109741306], [5.204467575906362, 46.00023540342207], [5.205059946564286, 45.99995294897609], [5.2056390760549265, 45.999834680935706], [5.206077569796243, 45.99977401015974], [5.206325454509002, 45.99978840765759], [5.2063738880758414, 45.99974396086233], [5.207025819732052, 45.99976517272011], [5.208341397974086, 45.99980189657209], [5.2087267500781405, 45.99974526632283], [5.2088956162835505, 45.99984179356193], [5.209133926752012, 45.99972048940052], [5.2092390943189715, 45.99972321139918], [5.209416914931149, 46.000465915773475], [5.209803337827011, 46.00119790218962], [5.209939489186425, 46.001902059725964], [5.209858518639982, 46.0022498323632], [5.209799329544229, 46.00227654441419], [5.209940515960774, 46.002552039455566], [5.210127010705358, 46.002999226921006], [5.210112046569342, 46.003083331134206], [5.210093630207714, 46.00310181051962], [5.210135097339529, 46.00312145987453], [5.2107282064126, 46.00548489503167], [5.210957217521242, 46.00589498584835], [5.211026878278295, 46.00592742217816], [5.211010923300514, 46.00599265168276], [5.21194377701067, 46.007659604377224], [5.21203496858842, 46.00861158189036], [5.21234033200466, 46.008398528527934], [5.212682686247646, 46.00812241059347], [5.214008917610592, 46.00820291817445], [5.214648929521283, 46.00831982625655], [5.215069615958736, 46.008703414230155], [5.215113153707295, 46.00868609409538], [5.215111386721136, 46.00873115326322], [5.215511278058081, 46.009009038221684], [5.2158157144129165, 46.00903907874345], [5.215963678618295, 46.00976453354692], [5.216686002260163, 46.009881130740396], [5.21682488539635, 46.009895587375226], [5.216663318002624, 46.01049390443878], [5.217527146962973, 46.01070411222632], [5.217459992505588, 46.01099212062901], [5.217110663742739, 46.01167355931064], [5.217986094445, 46.012074332053615], [5.218430416455885, 46.0126751734713], [5.218441958010659, 46.012695584925396], [5.218441083051586, 46.01271091363111], [5.219335240034241, 46.01416903655737], [5.219746048596811, 46.01465549175667], [5.2202795445693315, 46.015371086577574], [5.220348672625406, 46.015655613948645], [5.220349855706616, 46.015678090478666], [5.220365007590526, 46.015965792250576], [5.220648059550023, 46.01611160642514], [5.22086821326995, 46.01610597626439], [5.221334347274258, 46.01601572455305], [5.221866549672758, 46.016075935837875], [5.222016085031595, 46.015941570950275], [5.223294158610477, 46.015641476980754], [5.224802057171671, 46.015627177809336], [5.227244527920169, 46.01584639310265], [5.227368040881853, 46.01589004154281], [5.227844073422277, 46.01568157839813], [5.227868967535409, 46.01569534229631], [5.22827660953661, 46.01556965169562], [5.228628181392745, 46.01546610990519], [5.2286267548680545, 46.01524106946193], [5.22879607651936, 46.015144001386645], [5.229227655927916, 46.0143388703607], [5.2292798210964655, 46.0142403015624], [5.230067376800994, 46.01292907739924], [5.2303940617304745, 46.01238681946759], [5.230403565906199, 46.01236857152486], [5.230367280256909, 46.012261471969865], [5.230341119519236, 46.01222612955786], [5.230185298648343, 46.01156841119097], [5.229925601089619, 46.010827833626536], [5.229455987011889, 46.01028349932185], [5.228935295625462, 46.009342504693066], [5.228921122006891, 46.009237574256616], [5.228728885231027, 46.0094360678096], [5.226506375064682, 46.01151420058658], [5.224877332399216, 46.01304141371725], [5.22433669931179, 46.010309373331566], [5.223512655837057, 46.00832732525137], [5.222667528004283, 46.00686348209876], [5.224343886732366, 46.006233573148336], [5.2243668889935435, 46.006196971492365], [5.226461918339592, 46.005867811321146], [5.225564183367164, 46.00208978692191], [5.225968288701093, 46.00223428423137], [5.227267845489995, 46.00242604692298], [5.227339496913715, 46.00239089977679], [5.227580043288919, 46.00177883316285], [5.227645729899112, 46.00115595006741], [5.227530824594482, 45.99989668892734], [5.227392463379474, 45.99915749395514], [5.227537716469347, 45.9986198948696], [5.227210089207144, 45.99631364773712], [5.22725795324209, 45.99616566890562], [5.229552396004815, 45.99547661395524], [5.227673583062816, 45.995092669657346], [5.2304435211734, 45.99405288361726], [5.229409041055143, 45.99230225610789], [5.231468013822328, 45.991868579134255], [5.231198176978965, 45.990993217470404], [5.230720393622064, 45.990384283986494], [5.2308632607865455, 45.990277081950396], [5.230973184932903, 45.98953152206468], [5.231463710892131, 45.98943339464181], [5.231540945345311, 45.989015473604425], [5.231537001741221, 45.987689444339956], [5.23176843291121, 45.987698806130865], [5.232214266786742, 45.98770356348548], [5.232656277432395, 45.98760667740099], [5.2330161596032125, 45.98739036240529], [5.233342703497184, 45.98701735112239], [5.233567312860948, 45.98656323474407], [5.233724332084403, 45.98626480460715], [5.234584552512244, 45.9861391576099], [5.2350898072488485, 45.98584887263252], [5.235305229542197, 45.985724498649176], [5.2351968693627535, 45.98553641819519], [5.23499655763078, 45.98455754961505], [5.23489211590261, 45.98397234369732], [5.235888943135726, 45.98363700648943], [5.236107755670955, 45.983544949025415], [5.235944656649644, 45.98325474470043], [5.235646954066184, 45.982814960668335], [5.235367267195714, 45.98219824865971], [5.236118207569283, 45.981868330853985], [5.235842258588735, 45.98180790692561], [5.235565097780836, 45.98170970151533], [5.235333495032601, 45.981559907700884], [5.23517347363948, 45.98135695449474], [5.235120457766347, 45.981331311643636], [5.235220624412098, 45.98128641867894], [5.235073696862569, 45.980859857229426], [5.234954449101838, 45.98048299781], [5.234932430495915, 45.980066728998764], [5.234939236132526, 45.97972174343475], [5.23496942581428, 45.979377054739274], [5.234750712093732, 45.97895053788427], [5.234388133180428, 45.978199113390396], [5.2338300413354455, 45.97748872049613], [5.23337293360314, 45.97682705382744], [5.232705900368691, 45.97637604334897], [5.232019650373701, 45.97604976481059], [5.231404695171216, 45.97566763355549], [5.231709692074808, 45.975330288865386], [5.231784166005108, 45.97486292687074], [5.231764215320971, 45.97448531492158], [5.23131906057181, 45.974046605601885], [5.230718011289928, 45.97343814061167], [5.22909544368104, 45.97462136562293], [5.224461145623058, 45.975534274276534], [5.2239784682444705, 45.973985540705975], [5.223964616222794, 45.97393817760978], [5.223954054729986, 45.97390693869642], [5.223165834272139, 45.971917683423065], [5.22278312231672, 45.97190048038707], [5.22151472449174, 45.97181051929759], [5.220773305361874, 45.971829496735495], [5.220227574335186, 45.97182545413469], [5.220004369038252, 45.97183116559596], [5.219120921770392, 45.97195820300123], [5.218980043475951, 45.972134661360236], [5.218710282091077, 45.972175773274465]]], [[[5.19520694066044, 46.007045288713236], [5.195124653183786, 46.00755783660465], [5.195079141836537, 46.00825040419648], [5.198322350168038, 46.010168578168354], [5.198527509209248, 46.01017057280069], [5.199604894662107, 46.01008021220141], [5.200069063152566, 46.00996759285274], [5.20075301795204, 46.00955139727737], [5.201246482300539, 46.00879613488385], [5.20157151792315, 46.00835574143488], [5.201622561095924, 46.00831392950899], [5.201660498746977, 46.00831296553951], [5.202347849178213, 46.007759830843916], [5.2018630302160105, 46.006210166834855], [5.202628485567915, 46.00610338417822], [5.202137612859007, 46.00548746574834], [5.201385000720706, 46.00576316692912], [5.201388957799519, 46.005715354937806], [5.201398447602191, 46.005681799102724], [5.201416458823628, 46.00528521861789], [5.201401781250219, 46.005234280157914], [5.201405705091375, 46.0052179716295], [5.201333103250126, 46.00518830715453], [5.201165020375618, 46.00515386746665], [5.200666531749718, 46.00473259525088], [5.2004350359010045, 46.004520601426506], [5.2002791027407405, 46.004332807602], [5.200243628270162, 46.00402491083287], [5.20017421904143, 46.003747583008966], [5.20017896753602, 46.00373216196599], [5.200176316607619, 46.00273741636663], [5.199494568968815, 46.002702512151046], [5.198667236761808, 46.00266049003462], [5.198236831451324, 46.00250576657805], [5.197980899630233, 46.00355658303625], [5.197443291170367, 46.00555443973878], [5.197173041101971, 46.005651322482585], [5.196912782096161, 46.005939710977984], [5.196642431416459, 46.006408409816736], [5.195817425846068, 46.00642932898284], [5.19520694066044, 46.007045288713236]]], [[[5.23357152955289, 46.01172455485384], [5.233633101879076, 46.01232166675419], [5.233863583529834, 46.01277039483346], [5.234222591639876, 46.01335986487022], [5.234527284014584, 46.01409478066021], [5.234514529734161, 46.0144057119815], [5.234436824563767, 46.01461477260029], [5.234211952891984, 46.014868136099395], [5.23403775069375, 46.01493382918953], [5.233514194579878, 46.015112934201426], [5.233352887697544, 46.015117077824684], [5.233617155884467, 46.015378577130214], [5.234582979562193, 46.016263059718135], [5.236058887319486, 46.0186019078872], [5.2361177116992526, 46.0186292071588], [5.236617133674703, 46.019414025822975], [5.239123899543023, 46.01858428830308], [5.23896177519383, 46.01823914606141], [5.2389823349357325, 46.018229615392215], [5.238920240688332, 46.01809436929212], [5.24057584653677, 46.01751337696912], [5.240927471393468, 46.01730625368623], [5.2401758509952625, 46.01549980453727], [5.241045086915307, 46.015167721459946], [5.241045630396051, 46.01514879817995], [5.241042837533841, 46.014701423203554], [5.241077826914154, 46.014050507563155], [5.2403826728180665, 46.01326173977202], [5.240148943757535, 46.012752787116526], [5.239236449464963, 46.01176344315079], [5.239044744491781, 46.01150099215985], [5.238603339310606, 46.01155196540206], [5.2382083410970175, 46.011398274401905], [5.238053501186455, 46.01070002941473], [5.237484086077325, 46.0100124432148], [5.237244001436164, 46.00939741683615], [5.2370972778041756, 46.00888622055955], [5.236992162339513, 46.00857742322838], [5.23630106683188, 46.00894631107896], [5.235323364731167, 46.009529631391835], [5.234713602689336, 46.00977307989417], [5.234039484442246, 46.010492631050994], [5.233772735108541, 46.01090191797062], [5.233459815064151, 46.01106120296724], [5.23357152955289, 46.01172455485384]]], [[[5.204901811633236, 46.011579620652874], [5.2045365889780735, 46.011361136495005], [5.204100386839053, 46.01143524632825], [5.204111120808371, 46.01164023917737], [5.204220411642474, 46.011970566606095], [5.204276104495125, 46.011985353354895], [5.204257400672592, 46.01199843688858], [5.204275648150966, 46.0126848866467], [5.203915763285224, 46.01315318395348], [5.203805680137047, 46.01341256077856], [5.204224816082309, 46.0138115316711], [5.204482986505068, 46.014176783680256], [5.204590103416162, 46.01448015586654], [5.204628244086527, 46.0152084146313], [5.204718849962703, 46.015551819037356], [5.204763361485015, 46.01569113071727], [5.204863255042949, 46.01584164128661], [5.204979828519055, 46.015953011595165], [5.205040648955338, 46.01606579967004], [5.20510162120693, 46.01618128749317], [5.205383975175483, 46.016314548228536], [5.206018806501913, 46.01651626656877], [5.206746115793603, 46.01673903793121], [5.207529238312222, 46.016963979327684], [5.208799706753944, 46.017334964069704], [5.208842371340023, 46.01728616021427], [5.208615803648953, 46.01704885083006], [5.2086090599961095, 46.01656557329117], [5.2087985982328595, 46.01632846917638], [5.209315720612684, 46.016394524852714], [5.209943123770048, 46.01645416678612], [5.20999364681827, 46.01671036217304], [5.209989042054115, 46.01672848266875], [5.210002583258729, 46.01698652269964], [5.210294257248301, 46.01715914696965], [5.210824527370645, 46.017721816365125], [5.210900240077743, 46.017933256173265], [5.211717116793132, 46.0181555096731], [5.213170288190589, 46.01846596652137], [5.213188874333835, 46.01846549179897], [5.213229476388046, 46.01850046903561], [5.2142929658017705, 46.01871101880681], [5.214603057051301, 46.01877152471447], [5.215321764075854, 46.018908034242806], [5.216160999858665, 46.018648035052244], [5.216914515702146, 46.01847844591776], [5.217508903976184, 46.01860010818838], [5.217980722519591, 46.018480016680876], [5.218145170810475, 46.01836598340478], [5.21819976592184, 46.018283561778034], [5.218259355666232, 46.01820281310537], [5.218299922686156, 46.01751755659435], [5.2184504551749376, 46.01666293893546], [5.2169254275378885, 46.016627173880984], [5.217045198118098, 46.0160029177078], [5.216684776958121, 46.015769042070566], [5.216552696763586, 46.01533127502499], [5.216033431003486, 46.01537694638952], [5.2159213068829695, 46.015318586552624], [5.21588596087151, 46.01507641515488], [5.215535942202522, 46.015040335900245], [5.2154844858047165, 46.01487509270078], [5.21525560315516, 46.01465316102716], [5.213857558671748, 46.014822079396126], [5.2137097759260485, 46.014544963538945], [5.213650072993955, 46.01441459636733], [5.212856645002401, 46.01292550508287], [5.212192816956897, 46.01310898559146], [5.21224109960679, 46.013213984795875], [5.2123042826123065, 46.01398662075916], [5.211854038907056, 46.01413314199803], [5.211498566565989, 46.01416021451832], [5.211437644620034, 46.01344784004535], [5.2113461197673265, 46.01274795143493], [5.210992599465354, 46.01232212281285], [5.210911261507965, 46.01215854163176], [5.210616169428703, 46.01215166017878], [5.210355261839255, 46.01205747901746], [5.210120051456844, 46.01211568819605], [5.210181230320969, 46.01189535757555], [5.210379685235208, 46.011813777288815], [5.210582452062814, 46.01184642289392], [5.210891771659538, 46.011787221448024], [5.211144223407207, 46.011717769425935], [5.21100328402733, 46.011464777059565], [5.2110267345478265, 46.01123460626242], [5.208117559364831, 46.01105664539605], [5.207095827238783, 46.0115012891327], [5.2062834753374405, 46.01176503718853], [5.205660087649403, 46.01178089770593], [5.205146459716053, 46.01178046535058], [5.204934867839061, 46.01159408682601], [5.204923650576105, 46.01156736055728], [5.204901811633236, 46.011579620652874]]], [[[5.245133111364188, 46.016245356418196], [5.244345669745691, 46.01648713404693], [5.244556137830247, 46.01789517943831], [5.243883424548252, 46.01795933745523], [5.243288991358458, 46.01800346456833], [5.242164216181087, 46.018269225236985], [5.241793864145666, 46.01839851098407], [5.241743363555338, 46.018343090634836], [5.241256315872905, 46.018511387019196], [5.240260789400318, 46.018882735665144], [5.239508458434708, 46.01919560006324], [5.239606500564791, 46.019643223134416], [5.239690006156976, 46.02001649732421], [5.238683791529157, 46.02064289332151], [5.238073509362773, 46.02083234843485], [5.237721562010884, 46.02098995179874], [5.2382298683244946, 46.021695315164976], [5.2382163316115, 46.02171546816487], [5.238486739783351, 46.02203082036197], [5.2379399613210795, 46.02213851603685], [5.237916415579159, 46.02212111278131], [5.236226063793856, 46.02255170825962], [5.236857332401897, 46.02339976341159], [5.236901322003028, 46.023527377345374], [5.236943075697451, 46.023539808817645], [5.237241549035421, 46.02427757894362], [5.2374542296705275, 46.02467904064783], [5.237534466293375, 46.02491285801598], [5.237713894889923, 46.02511350646349], [5.237723088248552, 46.02519429743766], [5.244243415415219, 46.02590870551369], [5.244323958363609, 46.02587512013987], [5.2481651572134425, 46.02642424773499], [5.248210710781487, 46.02606565633286], [5.247950990764869, 46.02540343577792], [5.24776727091622, 46.02437912882709], [5.2475283972040785, 46.02356422514422], [5.2477334098198956, 46.02354542886515], [5.2518402584655535, 46.02244272094013], [5.2541443428462244, 46.02567825614735], [5.254211189181471, 46.02570533860865], [5.254158619771028, 46.02577872502629], [5.255391473955152, 46.027266542730864], [5.258811790534832, 46.027646148504544], [5.263455678108463, 46.026340941827705], [5.262633040497155, 46.02530892602175], [5.262654326077812, 46.02528406574123], [5.262670505634401, 46.02520712148992], [5.26019268078957, 46.02195104151731], [5.260185748490535, 46.02187919448644], [5.259436470000263, 46.020933487333814], [5.259421394473139, 46.02095368240507], [5.257729738334084, 46.02169074287568], [5.257416381708471, 46.02150979531541], [5.257587593415102, 46.02072209704943], [5.256927214900285, 46.02099848455944], [5.257035913744602, 46.019205861042295], [5.257006774193421, 46.01920481492031], [5.256968960509834, 46.01755823743148], [5.25560533767147, 46.01755302725172], [5.254150181895558, 46.017527656314236], [5.254192484460607, 46.018321530949265], [5.254238229369835, 46.01883082348393], [5.254041397711284, 46.01874318187765], [5.253136867882045, 46.01848748497892], [5.252947403307157, 46.01759928192797], [5.252654978325979, 46.01761404409034], [5.252503968831772, 46.017311846295165], [5.25167727173368, 46.01596655520951], [5.251309017264414, 46.015695181968084], [5.251353199105025, 46.015583302705444], [5.251117316782784, 46.01540033260397], [5.250642738614793, 46.015225337826266], [5.2503853712859065, 46.01477553168014], [5.249858460862741, 46.01461628607828], [5.249023170480649, 46.01435606707261], [5.247846891294792, 46.01392098393942], [5.247701420812621, 46.014086795210034], [5.24748613685986, 46.01424720084746], [5.247289231539447, 46.01476545454021], [5.247201060996002, 46.01550597501155], [5.247006521838077, 46.016163717044975], [5.246807456967742, 46.01615534760812], [5.245133111364188, 46.016245356418196]]], [[[5.289356464030615, 46.0231972268584], [5.2893235219108545, 46.02319988906843], [5.289367887906104, 46.02324374315863], [5.2885542082947845, 46.02413834877637], [5.288070307410817, 46.02436348773952], [5.28900925349522, 46.025431905561234], [5.288616335779844, 46.024271776212224], [5.289529986204181, 46.02436309789739], [5.289764892057709, 46.023609684493124], [5.291207389672954, 46.02380148972447], [5.291795079209937, 46.02395985308704], [5.291970285724627, 46.02373378370963], [5.2923313410951875, 46.02367300254239], [5.292638281953065, 46.02172927609687], [5.2928648792885395, 46.020823015953184], [5.29296469738795, 46.020129851626216], [5.29298749662985, 46.019535046638126], [5.2928877369209175, 46.019228850768684], [5.292884172405868, 46.01920823649393], [5.292847131273452, 46.019209206511576], [5.290874352756098, 46.01966604051006], [5.289472324244393, 46.02023935002576], [5.290782445221059, 46.021030630081235], [5.290557655295946, 46.02147768001364], [5.290213198096888, 46.02223396312763], [5.289356464030615, 46.0231972268584]]], [[[5.268674550346027, 46.027165132874025], [5.268529825465548, 46.02731294770453], [5.268442321472049, 46.02733952977019], [5.267734681691804, 46.02761000821966], [5.2677130592429355, 46.02762857421496], [5.267686229260327, 46.02762476708555], [5.267654195337298, 46.02763010292951], [5.265647907863214, 46.02837815882636], [5.265350092092021, 46.02871359976679], [5.265514330177118, 46.030152531635544], [5.265838123429676, 46.030497946896425], [5.26634526193346, 46.03097724836053], [5.2665936667707385, 46.03136062679173], [5.267509603407489, 46.031901330345306], [5.268074819790985, 46.0320622006947], [5.268557227674976, 46.03254483824517], [5.269389246392806, 46.033175931801225], [5.2694212821124955, 46.03317060148184], [5.269420654190092, 46.03320482478008], [5.273337102216353, 46.0314526714464], [5.2728200193624, 46.03098446238302], [5.27287151169279, 46.03095161228528], [5.272811098193292, 46.03081813922853], [5.273368796576213, 46.030371472300786], [5.273847351585919, 46.030316694493685], [5.274322471438026, 46.030169276249445], [5.2748956037758115, 46.0296177647004], [5.275129384938607, 46.02947482829759], [5.274672706600981, 46.02910859086423], [5.274219990732085, 46.02881607579974], [5.274436075083795, 46.028642087095406], [5.274314394685289, 46.02833285246353], [5.274076976243912, 46.02810675107274], [5.2737472361441355, 46.02786325416986], [5.273629871252287, 46.02736213377809], [5.273005271736897, 46.02526716496058], [5.271063224585414, 46.02561210490323], [5.269077124950736, 46.025948257464016], [5.267944405073001, 46.02591467460914], [5.268103662898123, 46.02606719257536], [5.2685403815684735, 46.02634933779048], [5.26853166341861, 46.02672949686589], [5.268674550346027, 46.027165132874025]]], [[[5.224110357996188, 46.028561368519796], [5.22265222969498, 46.02949717447227], [5.221580114657892, 46.030336662236195], [5.220960843050488, 46.03058927451168], [5.220687490201085, 46.030935670575836], [5.220689039794978, 46.03140918310094], [5.220736220212, 46.031661860325016], [5.220381347945528, 46.03181047389291], [5.219660918850607, 46.03190721584654], [5.219872132536854, 46.03209627749554], [5.219856334764265, 46.032105683537026], [5.220067045393938, 46.03222364122357], [5.220768227185582, 46.03273058237375], [5.221199088840258, 46.03302567110437], [5.221343268443333, 46.03329387036506], [5.22109284149832, 46.03346232704161], [5.2200706449432746, 46.033796357633165], [5.220019308021415, 46.03282175163417], [5.218306015958702, 46.03279350331149], [5.217857437730003, 46.033635033954056], [5.217002393394804, 46.03367487161692], [5.216679497559213, 46.03344904215998], [5.215697170033079, 46.03339128824842], [5.215582211727853, 46.0333708120909], [5.214012883672578, 46.0331011519945], [5.214020775372345, 46.032774146388725], [5.2137054658093085, 46.032692160347196], [5.213484628471456, 46.03293456766366], [5.213224727893454, 46.03292318541385], [5.213149900925228, 46.033467068612296], [5.212865177200966, 46.033492332452354], [5.212851594673886, 46.03370874723434], [5.212873020391724, 46.033809037499736], [5.212803102716535, 46.03380181823316], [5.212789391730336, 46.03401823616866], [5.212633711894987, 46.0340222056273], [5.212595687107316, 46.033805299396555], [5.2124924167822595, 46.033807931784565], [5.2121064286709595, 46.033871793192255], [5.212040307276171, 46.03408954668562], [5.212052680670891, 46.03432510410292], [5.211954131890945, 46.03441764397487], [5.2111791984144995, 46.03449411079868], [5.211041637598406, 46.03435086895303], [5.210187346949706, 46.03439064124188], [5.210102735531426, 46.03436218480353], [5.209954374270663, 46.03441457756665], [5.209136884005924, 46.03477120026245], [5.209248193354472, 46.03481338008229], [5.209385441556842, 46.03493592688172], [5.209474530178522, 46.03517043300064], [5.209460815599068, 46.03538685056551], [5.209323053560357, 46.03573246884145], [5.209260018776863, 46.03602396697767], [5.208878602192058, 46.036177722362766], [5.208817134070434, 46.036129769536764], [5.208541404278812, 46.03618630641002], [5.207654661990499, 46.03610084378826], [5.207532257549899, 46.036231799031896], [5.206520263161522, 46.03613150630346], [5.206991017201302, 46.03680374254863], [5.20704792637289, 46.037381179055245], [5.20698791172537, 46.037745521438374], [5.20682144941166, 46.03803964862518], [5.206743626561946, 46.03852778140892], [5.206972920639907, 46.038955886333405], [5.207491310542603, 46.03990239949308], [5.20763920557774, 46.040242546399924], [5.207977617114931, 46.040286155002164], [5.208364599661218, 46.04024029407151], [5.208615827903475, 46.040053843112034], [5.208880042191472, 46.03966899598088], [5.209152438335066, 46.0394252849958], [5.209507883726686, 46.03925418194151], [5.210279903068381, 46.03910848118292], [5.211356896855772, 46.03886227900269], [5.21166219469499, 46.038812182752544], [5.212027364349557, 46.03868854142596], [5.212623813358871, 46.03864632839597], [5.2141239253231575, 46.03853335565789], [5.21430153483125, 46.03866837278835], [5.214701666018352, 46.03947022745055], [5.214968511471814, 46.03998198593679], [5.215064684207838, 46.0401685911603], [5.214842928791752, 46.04085126721899], [5.216606007284134, 46.041312236760625], [5.21669161583239, 46.04131275555933], [5.219493483661441, 46.042087469988374], [5.221244941547304, 46.04022682250161], [5.221188556991854, 46.040138234563585], [5.221581698387741, 46.040086769487054], [5.221968203030307, 46.039953549214125], [5.222789558745723, 46.03993254046358], [5.222780408506255, 46.039759015772866], [5.22302952121598, 46.03944023962786], [5.223504196402024, 46.03860613201312], [5.223663844095986, 46.03823112379421], [5.223947426061504, 46.038186053742535], [5.224363917366579, 46.03797733355768], [5.225216100567589, 46.03786729097208], [5.227443113988451, 46.03741232103213], [5.22763853080044, 46.03738210323117], [5.227266865428027, 46.037105331177386], [5.226271787214759, 46.03654563411733], [5.225326876316862, 46.035892811683986], [5.225308689025626, 46.03588607536947], [5.225191077097042, 46.03567841725211], [5.225980155445984, 46.035397126000895], [5.226228638436743, 46.035054954283716], [5.226743145820752, 46.03532716794017], [5.2267538528406225, 46.035361105530676], [5.226859439920827, 46.03531158670016], [5.227357149707344, 46.03544918352129], [5.227911848615522, 46.03545927622381], [5.228345533675109, 46.035547192540015], [5.22874033785259, 46.0359241983339], [5.229358186528592, 46.036453939060046], [5.229679651347974, 46.03660504665116], [5.230223355775376, 46.035702512042064], [5.230523480216844, 46.03586316740394], [5.230997493344493, 46.03608778466596], [5.231851612414949, 46.03616670122994], [5.232119482846166, 46.03615982650642], [5.232702568517291, 46.03646176724799], [5.2328939734532085, 46.03641453743407], [5.233985464252658, 46.036137131306965], [5.234454746852026, 46.035876594513645], [5.23477497199628, 46.03519584760293], [5.234593627293256, 46.03479087079514], [5.235239758527674, 46.03484809814839], [5.235711159354464, 46.03462531493709], [5.235844437003297, 46.03378821662347], [5.234541699279941, 46.03364163022336], [5.234553861570576, 46.03361250672494], [5.23446017806621, 46.03361311290596], [5.23453831891953, 46.03273781924257], [5.234766879972225, 46.03273824644479], [5.234768235529979, 46.032717504369096], [5.234788357792328, 46.03273139624092], [5.234975334932219, 46.03273739453495], [5.235056879502108, 46.03273710017076], [5.235897835558728, 46.032765906067695], [5.236103773439288, 46.03192694040988], [5.235226098745444, 46.03187566912849], [5.234580122021259, 46.03191837503457], [5.232958021536329, 46.0315467952514], [5.2332361803724705, 46.030742891593356], [5.23300020732039, 46.030328514480054], [5.232961825901537, 46.030304294482036], [5.233064278759701, 46.02964624353967], [5.232083037296758, 46.0292392926183], [5.232517914420759, 46.028632139093524], [5.231756258044181, 46.02845182173752], [5.231065428437854, 46.02962553024054], [5.2282193176827585, 46.028814429862884], [5.228317902395288, 46.02823391567721], [5.227824144297704, 46.028228568664865], [5.227662452038114, 46.02958944987654], [5.224531526828915, 46.02927082213034], [5.224551676939075, 46.029439561127155], [5.224415783396128, 46.02929898930254], [5.224110357996188, 46.028561368519796]]], [[[5.2459628941752765, 46.031543463001974], [5.245719545056395, 46.03100685784112], [5.245665550917922, 46.03099294495464], [5.245169450912371, 46.03211670859811], [5.244438148609249, 46.033314953359024], [5.2438446002599965, 46.03382181278041], [5.243125533909339, 46.03450656599727], [5.242885188756786, 46.03440831939927], [5.242857565561772, 46.034360415552236], [5.2423399841428635, 46.03410726111027], [5.24160094195525, 46.0347204916399], [5.240427407122559, 46.035959802484825], [5.2390447768311095, 46.03586304018598], [5.238769326415551, 46.03740423106671], [5.2401828183285835, 46.03757763593852], [5.239662863560676, 46.03866687119329], [5.239405009344896, 46.03899941052037], [5.239987816538287, 46.039599320195755], [5.240548341021076, 46.03977665853992], [5.240752430168777, 46.04000008009805], [5.241254113203822, 46.04062277828117], [5.242359387753002, 46.04180702509593], [5.242541612805015, 46.04202740612971], [5.242567056687102, 46.042506606354905], [5.241966252645294, 46.04246986284433], [5.2419758080249865, 46.042528137278815], [5.241823000103591, 46.04252576844111], [5.241664782527541, 46.043700231200276], [5.241306239744829, 46.044206429206625], [5.240647902202317, 46.044243179044564], [5.24006123854142, 46.04410522813613], [5.23926319051436, 46.04360898947508], [5.238979533090353, 46.043523556416034], [5.238849150711697, 46.04340536782436], [5.2383443181832625, 46.04315006496285], [5.2379088598493055, 46.042983901258665], [5.2375561911502135, 46.042869630452515], [5.236560431115648, 46.0427574794455], [5.236162153152957, 46.04279022275932], [5.236065115339363, 46.04280351848961], [5.235699094081881, 46.044467673702044], [5.235589532854885, 46.045006160240376], [5.234982341791413, 46.04550341950541], [5.234171685909357, 46.04630929692913], [5.233470794273542, 46.04711325222108], [5.232863743347251, 46.047628500011484], [5.232499952606663, 46.04855793727086], [5.2319466344090895, 46.04966419602969], [5.232503002387042, 46.04991550857506], [5.232633196119473, 46.04996168006165], [5.232718731005901, 46.05000449979935], [5.2331577583464925, 46.05016159042607], [5.233090685635812, 46.050238035462364], [5.232953899167483, 46.050616969105555], [5.232800647478321, 46.05138615591939], [5.2327769238700075, 46.05170006639889], [5.2330102522819, 46.052382801956206], [5.233602141442812, 46.0529528052656], [5.233961986782683, 46.05318664952475], [5.234314784839158, 46.053636739753095], [5.2348253504157345, 46.05409178430834], [5.235518955816293, 46.05441338037247], [5.23578267064097, 46.05449483421282], [5.235863328573723, 46.05450626874918], [5.235946858420396, 46.054542839051166], [5.236942006702272, 46.05465411206618], [5.237199506981829, 46.054647494615864], [5.237772209924902, 46.05455174628686], [5.237725594548187, 46.05481403094254], [5.237866078482203, 46.05522455324864], [5.23757543845349, 46.055335559322565], [5.237528485310234, 46.05528905444645], [5.237495392273461, 46.05527459845952], [5.23641395631699, 46.05536540822714], [5.233970165943355, 46.05552450714858], [5.232147861524305, 46.05554426504903], [5.232119456795016, 46.05557200427154], [5.231987860792416, 46.05557538057978], [5.231740945361858, 46.055581714897485], [5.231328468627779, 46.055592295157695], [5.231107377965012, 46.055597966181324], [5.230805447011481, 46.05560570936873], [5.230611737896875, 46.055610676578326], [5.230456069739621, 46.05576772133669], [5.230589138080964, 46.056205452434725], [5.2307229861599875, 46.05664316385499], [5.230649948635812, 46.056836800018615], [5.230845605297959, 46.05687589845526], [5.231313226014029, 46.05687831093762], [5.231837155827092, 46.056864870853715], [5.232182477205458, 46.05714410350895], [5.2322930499354525, 46.05767694277722], [5.233233675869462, 46.05774913911466], [5.233299647245603, 46.05899525910584], [5.234207821539966, 46.05897194681301], [5.23433796586509, 46.05992021584312], [5.2341762250964905, 46.0599333765477], [5.234255718812605, 46.0604111909671], [5.23447882798985, 46.06044327616616], [5.23480412053063, 46.06035839960696], [5.234928367415877, 46.060186849622454], [5.235773021836513, 46.06004812195073], [5.235811395170492, 46.06010115297165], [5.235893940463646, 46.060118837239635], [5.2366239429045685, 46.059829993901936], [5.236721566419736, 46.05959790881599], [5.239596848167079, 46.05975356899925], [5.24009239930197, 46.059740822154964], [5.239411222991719, 46.05835837704307], [5.238804632901172, 46.058335265204605], [5.2389202838074596, 46.05739237859988], [5.238325590106242, 46.05687649503033], [5.238327930217547, 46.05686203197845], [5.238340356612863, 46.05668435076059], [5.239142760570748, 46.056420635590676], [5.239202868643033, 46.05648841190222], [5.239252415222509, 46.05638630573473], [5.2392556895817295, 46.0563700185265], [5.2393328000674115, 46.05634642460145], [5.239351293684157, 46.05619290176199], [5.239225102844625, 46.05610071628836], [5.239120221840273, 46.05596656401277], [5.238805680336788, 46.05576578881841], [5.238920363757535, 46.05532168809515], [5.239055447020068, 46.05501841659808], [5.239500502954546, 46.05509069558327], [5.239711424688304, 46.05516629781815], [5.240132774980745, 46.05530851132985], [5.240172958420042, 46.05532008035166], [5.241030915093398, 46.056149689100145], [5.241848544596987, 46.05701093683674], [5.242238807790708, 46.05711522678836], [5.24241484075546, 46.05779762797608], [5.242523426412077, 46.058304401198065], [5.242528393197294, 46.058352891441956], [5.2425583205709625, 46.05835392061557], [5.242547248835104, 46.05831099140546], [5.243101545298016, 46.05833813267889], [5.243105142152394, 46.05835964496488], [5.243325282397632, 46.05835037492231], [5.243440163447739, 46.05835371989242], [5.243535537581443, 46.058337757413746], [5.2439846134768, 46.05831718889262], [5.245312203990822, 46.05943536452288], [5.24623631170337, 46.059818485042946], [5.2462514366378, 46.05984510009388], [5.246437767888978, 46.06012659600005], [5.247025396340525, 46.06068763557754], [5.247763357854829, 46.06100622242064], [5.24860061644573, 46.061671553105846], [5.249637818459292, 46.06200850982248], [5.249898831151601, 46.06173438623363], [5.24994038901329, 46.061679291701616], [5.250074127497834, 46.061383242111184], [5.250977147259119, 46.06074772278009], [5.251893061437942, 46.059839972441665], [5.253858381243496, 46.059981854764224], [5.255563934320049, 46.059937758669555], [5.257634978647996, 46.0600174234647], [5.258506662477231, 46.06008309095135], [5.2585132255686915, 46.060055908771595], [5.264667848583184, 46.060602255113274], [5.266764794035743, 46.061196060284274], [5.266509223337417, 46.06123690719505], [5.2664123049997364, 46.06141948435108], [5.266939657394008, 46.061638072992096], [5.266963435799578, 46.062352304158495], [5.267250505923359, 46.06235385310527], [5.267245215744652, 46.062392702048065], [5.26723884399434, 46.062604444075596], [5.267395118514434, 46.063138769603604], [5.267790536241233, 46.063110498135565], [5.26836340177938, 46.06307491272835], [5.269053527106516, 46.062951647956616], [5.270056021810754, 46.06272752761471], [5.27095137534941, 46.06248097816858], [5.271290250417304, 46.06230290800417], [5.271315408635148, 46.06227524259799], [5.2708323207264876, 46.06169359953024], [5.269899361015107, 46.06066448170374], [5.269863349351999, 46.06067081855438], [5.2681674621479475, 46.05881522783345], [5.267541048035688, 46.05738199317753], [5.267514637566356, 46.05738627950212], [5.26752341769992, 46.0573257298372], [5.2673077887940725, 46.056890178229715], [5.26930225533735, 46.05656827741667], [5.270752576380383, 46.056377524718975], [5.270886394815002, 46.056297521160154], [5.270730060107803, 46.05595766573276], [5.270326547661958, 46.0556386395661], [5.2702286672285865, 46.0553350780594], [5.269870022936235, 46.05482762051902], [5.269217534324558, 46.05445925011013], [5.267812289844144, 46.05292471436253], [5.267927848223997, 46.052819976981354], [5.267640052261462, 46.05269780712086], [5.267261094365613, 46.05256360106836], [5.267271976556952, 46.05253990763857], [5.265125239284843, 46.051630506160585], [5.265044133092771, 46.05117345066619], [5.265061108556689, 46.05096144036091], [5.265164754377532, 46.0508444123338], [5.264878764028762, 46.05012258137758], [5.264844941559979, 46.04949054229754], [5.2648477739480946, 46.049466161115475], [5.26372418005534, 46.04967266825245], [5.263252698380144, 46.04960657315942], [5.262336529079747, 46.04846172948195], [5.26229492091242, 46.04837997994436], [5.261797526434552, 46.04713244388395], [5.261574127101476, 46.046808719835006], [5.261646584313994, 46.0467735323105], [5.261070747148882, 46.045903454468494], [5.262957255957915, 46.045607859630984], [5.263071258455695, 46.045111536575995], [5.26283758329409, 46.04442885704147], [5.26268219361457, 46.04422851814487], [5.261389589785936, 46.042782823216044], [5.261425956283565, 46.04276658063207], [5.261836078533285, 46.04269922832389], [5.261544465629116, 46.042397980751744], [5.261107764925106, 46.04246872425462], [5.261070180311913, 46.042505706582844], [5.260422751011923, 46.0425620985062], [5.2599330488078335, 46.042652214598206], [5.257809816853443, 46.03695155155822], [5.258112091861695, 46.03692301724065], [5.258330863074423, 46.037417919714024], [5.260030692085971, 46.038293997312344], [5.262731603650121, 46.03883439419924], [5.263373660126405, 46.03899509782544], [5.264115092730995, 46.038703067854165], [5.264128042844118, 46.038732440598295], [5.265733908076939, 46.038318933431775], [5.266172859060744, 46.038805407508114], [5.266514862960761, 46.038990093577304], [5.266988238284572, 46.03909304069133], [5.268108896482979, 46.03891087798406], [5.269272330658573, 46.03853311744748], [5.2699319905211786, 46.03849616488669], [5.270771316135533, 46.03864179804185], [5.270933314720599, 46.038663693398924], [5.27223090240243, 46.0387244730489], [5.271447445710557, 46.03747991550592], [5.271297956165807, 46.037252422861584], [5.271341235199567, 46.036523845181925], [5.271302187230768, 46.03579560836961], [5.271081958950681, 46.035801335680674], [5.2703155064688, 46.03589779999858], [5.26953116583465, 46.03601992906507], [5.269524483267276, 46.03603270570548], [5.268950165153289, 46.03612506311698], [5.268746715606055, 46.035917876728526], [5.267930717442994, 46.036112837773416], [5.267914731024214, 46.03634283392351], [5.264828641629146, 46.03684612224201], [5.265063722654176, 46.03609096510288], [5.265075228276333, 46.03607896175882], [5.264905395483647, 46.03465637801864], [5.264458215931862, 46.034015263284054], [5.264193380009674, 46.03371603199546], [5.263820832491679, 46.033955272970566], [5.263467471191525, 46.034040971527546], [5.263133438941317, 46.03397310655331], [5.261461216056804, 46.033116171326625], [5.259995800622009, 46.03248072397081], [5.260093747530699, 46.03330286521968], [5.260227094349809, 46.03374235965422], [5.259896266390213, 46.03409755356886], [5.259873831864303, 46.03408642974453], [5.259630153962017, 46.03441055263276], [5.258916916779258, 46.03500252720459], [5.2579840801370805, 46.035583076315945], [5.257475957978108, 46.03582850984293], [5.257066699907695, 46.03498561255744], [5.2556966666914775, 46.03362739994224], [5.254866016107826, 46.032744983143026], [5.2547822023935025, 46.03278046211718], [5.253331194139224, 46.0312176986381], [5.252075682647008, 46.03042862439946], [5.252028990913473, 46.03044513692124], [5.251421530355439, 46.03006740582678], [5.248210181673797, 46.03197794908225], [5.247571872070573, 46.03156677502282], [5.247493755471775, 46.03154178596305], [5.246855346155541, 46.031004573328964], [5.246519430138186, 46.031206804368445], [5.24646777790768, 46.031236941350755], [5.2459628941752765, 46.031543463001974]]], [[[5.199066757094551, 46.04843685405293], [5.199516111467641, 46.048531686500134], [5.199400074285769, 46.04869128144185], [5.199286717676703, 46.048872411855385], [5.199275474362598, 46.04891951193772], [5.19975311578569, 46.04901362531969], [5.199739799159917, 46.04906798495049], [5.199580939288444, 46.0492295640844], [5.199604938679566, 46.049409010624906], [5.199813273265315, 46.04987187328326], [5.2000032858125325, 46.050026401252246], [5.200051276509936, 46.05034298410338], [5.1999010683129745, 46.0509616897398], [5.199739773108768, 46.05124486684961], [5.199810115687084, 46.05129440007915], [5.200466529936544, 46.05157483982707], [5.201507560569869, 46.051962542277366], [5.201513066344246, 46.05206773701542], [5.202845914697612, 46.05235709788243], [5.204056098098888, 46.0526495544246], [5.203522786281039, 46.051740311235115], [5.2041696900665935, 46.051856220164595], [5.2041881243945305, 46.05183774273184], [5.204581718541322, 46.05188445998905], [5.204577548561762, 46.051866562362186], [5.204629101977622, 46.05191026590299], [5.204600306481162, 46.05230081757719], [5.204706910454248, 46.05248446915021], [5.205393591640578, 46.05258675210478], [5.206081544841366, 46.05180582397772], [5.20614043479812, 46.051370389057915], [5.206185964111676, 46.0513755299655], [5.206556746440141, 46.05086644250745], [5.207219456981424, 46.0498637757903], [5.205935249705759, 46.049494006262506], [5.207464615307325, 46.04785260183455], [5.2064340958611375, 46.04681648108909], [5.205743724395631, 46.04671879757156], [5.201847143510209, 46.04622361739869], [5.201703190282537, 46.046807955431206], [5.201356151325355, 46.0468644832491], [5.201266430289719, 46.046909072366994], [5.198998344995764, 46.04652819166723], [5.198676729259437, 46.047098125088425], [5.198000743414848, 46.048155992487104], [5.199066757094551, 46.04843685405293]]], [[[5.277789101560462, 46.05613584550633], [5.278788635417534, 46.05614580538861], [5.278800716859798, 46.05615899629211], [5.279850132367963, 46.05619465846985], [5.2795923518140455, 46.056708258102596], [5.279608957172059, 46.05671412350688], [5.279598128879612, 46.05673871406269], [5.279343351393691, 46.05693082635092], [5.2789252000019795, 46.057256837463285], [5.278609408941932, 46.05772603325492], [5.278223426220548, 46.058289786419174], [5.278159748243332, 46.05850301780992], [5.277889166696609, 46.0587333527411], [5.277426200151999, 46.05891647176985], [5.277145649102222, 46.058990406898296], [5.279043618617691, 46.061548254034385], [5.279125896212877, 46.06167845893773], [5.279174908294781, 46.061899555431566], [5.279172762219548, 46.06202565555238], [5.27980184253156, 46.06192462363719], [5.281691039998239, 46.06151882173839], [5.28372030278402, 46.0612551782771], [5.283582992597917, 46.06082391255578], [5.283158018501617, 46.05959707228059], [5.2839757953289315, 46.0594271662024], [5.284019510045618, 46.059444029732404], [5.2850383621728705, 46.05937690533487], [5.285170194432374, 46.05901783458163], [5.2845939449405614, 46.05816407859023], [5.284247187156036, 46.05769776711902], [5.2843145715821445, 46.05753935642902], [5.285000195451391, 46.05725765034577], [5.284966134030747, 46.05662561811168], [5.2848995877328315, 46.056470698419155], [5.284617708074779, 46.056490670425454], [5.284546457299698, 46.056425905692365], [5.284466853989104, 46.05607416364172], [5.284019137244756, 46.05511621448171], [5.283962798503392, 46.05489620796265], [5.284519060480154, 46.05479434571911], [5.28471534775963, 46.05453712864455], [5.2847645269281935, 46.054324271570096], [5.284667543013458, 46.05421876443754], [5.284583442736562, 46.05394906706227], [5.284684929905812, 46.05368712367119], [5.284475023268309, 46.053242450762994], [5.284278577885344, 46.052939668457675], [5.28260070190273, 46.05321036574365], [5.282715552410103, 46.05214679160142], [5.281180422319396, 46.0521382412055], [5.280757013986638, 46.05200524014083], [5.280534437510371, 46.051894004182394], [5.280431813073995, 46.05190928399047], [5.280172226906344, 46.05204029839872], [5.279706037206517, 46.052660173275676], [5.278671260644217, 46.05435273643005], [5.2785983156465095, 46.05439335524857], [5.277785726589934, 46.05562095822697], [5.277789101560462, 46.05613584550633]]], [[[5.255946881634074, 46.06500828327077], [5.255600898197348, 46.06503973877025], [5.2556076140024155, 46.065165608582], [5.255458429884878, 46.0652009757379], [5.255639006528316, 46.066039892393185], [5.256813309420559, 46.06618777899996], [5.25776905759404, 46.06623687686937], [5.258068057344809, 46.06646141489225], [5.258148329001942, 46.066603391141115], [5.258187323071815, 46.06660688021005], [5.258287025288567, 46.0668680923019], [5.258802008779704, 46.06685476122846], [5.260905520018681, 46.06683990189869], [5.261423404169845, 46.06604861702402], [5.2619939565461324, 46.065137122494505], [5.2619889556249575, 46.06504361998633], [5.261742457910983, 46.0649545769546], [5.261713774703962, 46.06496252202222], [5.2601152082828575, 46.064501561606136], [5.258193713686734, 46.06401653236242], [5.257395559658482, 46.06405519252209], [5.257367665172279, 46.064048713324276], [5.2567958335950244, 46.064164340867706], [5.256436192172695, 46.06422586597357], [5.255878240464893, 46.06426730402152], [5.255889274471542, 46.064474090523085], [5.255946881634074, 46.06500828327077]]], [[[5.279962245708681, 46.06350680100154], [5.279965147267039, 46.06356074246556], [5.279837476902255, 46.065921102524236], [5.280427696095064, 46.06598403739613], [5.280341244028732, 46.06699014667169], [5.281042310836049, 46.06744452586132], [5.285880772601924, 46.06813480570138], [5.286547701631776, 46.068180398535], [5.287215337635777, 46.068251180067776], [5.287626844189324, 46.067113223549256], [5.288190411265982, 46.067158810370735], [5.288294778433995, 46.06719209579449], [5.288529670812801, 46.066360356814506], [5.288443064236269, 46.06592506719767], [5.2882285222919085, 46.06560476479574], [5.288237465918878, 46.06555951450995], [5.288097511092552, 46.065437129129656], [5.28771309413471, 46.06495020021723], [5.287497052902126, 46.064707359312344], [5.286154412912165, 46.064679432704935], [5.286177278629417, 46.06417285387361], [5.286389352901684, 46.06405927637969], [5.286456777751994, 46.06365957424058], [5.286752327972041, 46.06371486874668], [5.28693014499093, 46.063234853342856], [5.285163598103254, 46.06312345986713], [5.285161733200713, 46.06284891048156], [5.284600498150554, 46.06284556578371], [5.284099373867637, 46.06278662651495], [5.283189958999847, 46.06274014412014], [5.2830086592125785, 46.06273587504061], [5.282759196159886, 46.06283241823954], [5.282254687024938, 46.06307066362064], [5.281811433110937, 46.06333702351314], [5.281446497018349, 46.06374898835637], [5.28099380899723, 46.06370317308315], [5.279962245708681, 46.06350680100154]]], [[[5.262154083042181, 46.07531186612617], [5.262177024217889, 46.07531757625373], [5.262164060630043, 46.0753314175307], [5.264304657018861, 46.079041024442446], [5.264387848200694, 46.07905327019571], [5.26486199966893, 46.07860612147049], [5.2657124769692185, 46.07812040109441], [5.266397949921487, 46.07778570815103], [5.267191572847444, 46.07732576025671], [5.268191739118473, 46.07679741725116], [5.269130421098197, 46.07655336345514], [5.269160364641579, 46.07641934001587], [5.268289556669781, 46.076134049865786], [5.26798389860616, 46.0757701582261], [5.267853702178771, 46.07546743339585], [5.265898777677663, 46.074323462369925], [5.265808986573453, 46.074262766759205], [5.265118456106126, 46.07379181201912], [5.264930200663598, 46.07347708361099], [5.264667314085612, 46.0735514311124], [5.264499441416892, 46.0739654254785], [5.264348322328206, 46.073996350527054], [5.264099433298958, 46.07360486919349], [5.263948764266252, 46.072919138565055], [5.263434302696296, 46.07220592968806], [5.263177357575578, 46.07202622505397], [5.262560881525341, 46.07188194814735], [5.261747026742521, 46.07232798658854], [5.261419837858168, 46.0726029549871], [5.261422288462283, 46.07301163435513], [5.261547147100253, 46.073578291312366], [5.261792356630089, 46.074247172819845], [5.261554512387254, 46.07442709145201], [5.262154083042181, 46.07531186612617]]], [[[5.2549846494208765, 46.07508058084739], [5.2552260806366204, 46.07557581074976], [5.252974785753649, 46.07619037691967], [5.253041823430043, 46.076719824985354], [5.2530549316466555, 46.076737495205656], [5.252677839551645, 46.076837266786825], [5.252722293581776, 46.07695765772503], [5.2525105561777545, 46.07737096537727], [5.2515754997984825, 46.077407713711175], [5.249867834782753, 46.07835029525141], [5.249492357858591, 46.078616573314655], [5.248986831830763, 46.07939037006488], [5.248788872786554, 46.08007520524375], [5.248512483631529, 46.08076206201748], [5.248467565172366, 46.08135922196777], [5.248316264623999, 46.082194106490974], [5.248346030300957, 46.0828892712955], [5.249178112799181, 46.08298214790311], [5.251164391198615, 46.083045232800515], [5.252717976278525, 46.082717026175516], [5.25416085567777, 46.082326833578584], [5.254525726193337, 46.082254380889836], [5.254497573890666, 46.082226296794126], [5.258228645574865, 46.08136635713139], [5.259516311364387, 46.080992712837485], [5.260643862335956, 46.080743842878995], [5.2606420360609905, 46.08070967707102], [5.261704062119111, 46.08063895388725], [5.261589700295259, 46.08032950804825], [5.261130901035251, 46.079796705458364], [5.261104843603812, 46.07930941468916], [5.261069640424458, 46.078997020216704], [5.26060251917164, 46.078668800725964], [5.260088816678098, 46.07818063258499], [5.259705645683562, 46.07757834587782], [5.259423201883499, 46.07704277111079], [5.259382771407502, 46.07666388669872], [5.258990409749295, 46.07626710061962], [5.258897502389354, 46.075603280046934], [5.258775203051616, 46.075144589599105], [5.258372739838015, 46.07493622779668], [5.257760155289604, 46.07479002851452], [5.257466396310202, 46.074390687622724], [5.25688429519263, 46.073739520788735], [5.256018089290028, 46.073613373265225], [5.254958167984607, 46.073856850527086], [5.252121931511106, 46.07484213865121], [5.252183065459444, 46.075261007141016], [5.252528605128436, 46.07550866670641], [5.252818027939915, 46.075827105702125], [5.2549846494208765, 46.07508058084739]]], [[[5.229855120170716, 46.063984816363714], [5.229770227579746, 46.063893363188235], [5.229728799075472, 46.06399525913443], [5.22840624092369, 46.06396162460471], [5.227768831432392, 46.06364754572097], [5.226925547840893, 46.06447220754979], [5.227718555420871, 46.06494525815606], [5.22794224131652, 46.06524742863621], [5.227984156707688, 46.066605803821695], [5.228379402856274, 46.06682075136366], [5.2284510929075365, 46.066784702143124], [5.228494945066445, 46.066909621233364], [5.228948383180808, 46.06697002887915], [5.2289797568421035, 46.067563416536366], [5.229011163741091, 46.067592326434756], [5.229054280179778, 46.068407786878126], [5.229843457343399, 46.06809046432391], [5.229921307142559, 46.068124481508676], [5.229625189187246, 46.06857861514985], [5.229638683679444, 46.068589072632776], [5.22961987295739, 46.068600362149894], [5.22861054926035, 46.07343920280974], [5.228434468684885, 46.07344371286061], [5.22832225922441, 46.073569924960665], [5.227925775197357, 46.07333250076942], [5.2278799952538435, 46.07332287054149], [5.227864731978861, 46.07329355233572], [5.22785132192829, 46.07331640364895], [5.227822551584683, 46.07330813260641], [5.227818545996826, 46.07336945869322], [5.227484669155182, 46.073919983872656], [5.227768422698946, 46.07407297133574], [5.2277657286513834, 46.07411265457868], [5.228185973117732, 46.07435397404741], [5.229113122525819, 46.07453549328353], [5.228680493884985, 46.07532983342724], [5.228973065291558, 46.075815698015155], [5.227564364992244, 46.0759958240326], [5.227498237309242, 46.07598311396625], [5.227456550988468, 46.07603639764074], [5.22715018595073, 46.07600642904653], [5.227102641715985, 46.076590137259856], [5.22708902235799, 46.07662380086114], [5.22698721179525, 46.07719179166126], [5.227034274532985, 46.07740665809737], [5.226988444283834, 46.077964215045654], [5.227161035802741, 46.07806242717884], [5.227152698538579, 46.07813466602703], [5.227175921785309, 46.07814577101155], [5.228021404452603, 46.07962491989543], [5.227946975438058, 46.08044879157039], [5.225322877017216, 46.07935908164067], [5.22527623648765, 46.07933326425313], [5.225256385516524, 46.07932477040976], [5.222090005599683, 46.07757634183797], [5.221844603830368, 46.07795173101023], [5.2217265741852, 46.07908641696609], [5.222289944530794, 46.07911252983245], [5.2224818219805185, 46.07937771810802], [5.2225677745835295, 46.07988868437029], [5.222168744730969, 46.08018697763769], [5.222908862201975, 46.080208577369966], [5.223081153683584, 46.08043824660607], [5.2228907081484, 46.08041610423084], [5.223296164548529, 46.080835181524286], [5.223946174708314, 46.08081856255674], [5.224064847547236, 46.0807849145999], [5.224595142822399, 46.080782154843405], [5.224816276604328, 46.08106459454744], [5.224614196089569, 46.08170897288203], [5.223694941076174, 46.081649654970064], [5.223477695202819, 46.08202432603972], [5.222768755560374, 46.08204244942166], [5.222407027351654, 46.08301861460398], [5.221665506712182, 46.082956535959994], [5.221659590407698, 46.082935077497865], [5.220683500782908, 46.082858279575646], [5.220664384633674, 46.08359971021752], [5.2208204219985355, 46.08433576501321], [5.220727160702372, 46.08479009735442], [5.220443505074992, 46.08502241422715], [5.2202808830591065, 46.08531466285534], [5.220097797421042, 46.085751478685474], [5.22012922677789, 46.08634756844098], [5.220294580570549, 46.08722833338109], [5.22016437695665, 46.08813555296422], [5.220462883532312, 46.08821165447256], [5.220650153522957, 46.08839143287272], [5.220803619909458, 46.08904652688053], [5.22095048996684, 46.089576650285196], [5.221294957047365, 46.089959475635766], [5.222497781449852, 46.08976489404551], [5.222567244577509, 46.08971540093612], [5.223022727257499, 46.089627236902786], [5.223023587843552, 46.09021240276627], [5.223347081957143, 46.09019513246901], [5.223582328272172, 46.09014860774034], [5.224107321690498, 46.09001184120824], [5.224461002790919, 46.09000279640221], [5.224809310169303, 46.08988945771701], [5.224885071385411, 46.089640837846254], [5.2252654962301195, 46.089569889367205], [5.225302176239803, 46.089712996741845], [5.225540654693222, 46.09085927588784], [5.225574951472471, 46.0910186463168], [5.2295237271708475, 46.0901406071128], [5.229645208143329, 46.09196239766706], [5.2301516226049864, 46.09389046410573], [5.230258756584093, 46.09444770371843], [5.230081376146394, 46.09449005662416], [5.229263634353367, 46.09490083520059], [5.228733926576406, 46.095499590709686], [5.228726678070394, 46.095531291090126], [5.228705521847117, 46.095557038603125], [5.228530691726545, 46.09592163697297], [5.228453887566373, 46.0962900247399], [5.228397169735967, 46.09651924703799], [5.228408939462805, 46.097015912845976], [5.228018846948999, 46.096980885017096], [5.227882036226183, 46.096916865467975], [5.227633562218593, 46.09631732425285], [5.223813504320653, 46.09621067953575], [5.2238048158152255, 46.096046148740314], [5.221017896850808, 46.09591298807979], [5.220926751087142, 46.095873005308064], [5.218535091746068, 46.09593405900877], [5.217511630363075, 46.096143829089655], [5.216430775616592, 46.096399168515404], [5.215391027777522, 46.096329343160676], [5.215321838636012, 46.09636711979054], [5.215908459177783, 46.09770890500272], [5.215285873685286, 46.09768245957861], [5.215056498758952, 46.09781164922342], [5.2141940558990925, 46.09773009173135], [5.214164801363549, 46.097712827525704], [5.213565083384932, 46.09758226037154], [5.2138747937487935, 46.10008618057735], [5.2139404929354125, 46.100075505444885], [5.213946818871639, 46.10010235522417], [5.213959486015478, 46.10012903743247], [5.2152441819746285, 46.10025565316735], [5.215710598948255, 46.10150867737148], [5.215824543055524, 46.10152197515846], [5.2160592917038935, 46.102093983135646], [5.232851250476584, 46.102791837064224], [5.23364819177922, 46.1019233134309], [5.234918924325622, 46.102075277106515], [5.234977805299238, 46.1020872717131], [5.23501420413623, 46.10210254136608], [5.235374998097068, 46.10216260465921], [5.235535095847009, 46.10219181222596], [5.235615592981282, 46.1022014455124], [5.236493945004838, 46.1022734316341], [5.236328489702574, 46.10315097060304], [5.236023951838099, 46.10366115796879], [5.2364089760570804, 46.10357024640155], [5.2373150348189474, 46.10299059505881], [5.238026989207484, 46.10255096586792], [5.238042783386785, 46.10234619375395], [5.238642778944839, 46.10112167728989], [5.240327631243979, 46.10127283779241], [5.240345927231362, 46.1012516605225], [5.242250405939332, 46.101409754541805], [5.2423610541278505, 46.101285368872325], [5.2411533536699855, 46.09895583651714], [5.241188300829468, 46.09888291108184], [5.2410974173738545, 46.09883123165464], [5.240565272467535, 46.09870987061575], [5.241128879070065, 46.09768884325874], [5.241369234104121, 46.097660153444664], [5.241501553250519, 46.09766845572039], [5.241502240461697, 46.09765222990304], [5.242226701195625, 46.09764709891088], [5.243150631940079, 46.097391947780075], [5.243809460861036, 46.09692664232662], [5.243884617510965, 46.096699633126214], [5.2438694620338, 46.09661179421493], [5.244306416961054, 46.09637186343652], [5.24497742793555, 46.096135816250175], [5.2449167467381175, 46.09676128953094], [5.244919491091316, 46.09761830255571], [5.2474249885384685, 46.09771761403738], [5.248377558472486, 46.09765074735348], [5.248848832636818, 46.09770792016725], [5.249989873609033, 46.09747412433384], [5.250110646709103, 46.09573342045538], [5.249981951366531, 46.09570072722154], [5.250091005943731, 46.094971364429036], [5.247844637421741, 46.094690781308216], [5.247823429096201, 46.09468862588928], [5.247572691334093, 46.09465817840751], [5.247579794313042, 46.09462378262539], [5.247563041631305, 46.09430911012159], [5.24744640078155, 46.09383675536958], [5.247350135519093, 46.09362316334107], [5.247351117377687, 46.09358082098297], [5.246446723194042, 46.09146590501403], [5.245071844465181, 46.0888049146769], [5.244842531522614, 46.08858304936037], [5.244850017183861, 46.088555844456344], [5.244867209141779, 46.0884095554091], [5.2433583395017545, 46.08549091173159], [5.243194405047244, 46.08542040838569], [5.242805484834884, 46.08540610546098], [5.242576787238262, 46.08525623854977], [5.242145786344736, 46.08520971339363], [5.241986509654975, 46.084313508311006], [5.241730801514393, 46.08389875042731], [5.2416575223434, 46.08399516439729], [5.241311938656981, 46.084112094124805], [5.240822087332541, 46.08407067159812], [5.240158977939281, 46.08562273804872], [5.240134393744881, 46.08563237734514], [5.239617721421001, 46.08702131624642], [5.238398510849427, 46.08688789953116], [5.2383974131081406, 46.0868672214005], [5.2376457558789875, 46.08678390257967], [5.237641190640705, 46.08675880890423], [5.235682204856252, 46.086402187265506], [5.235938298374055, 46.08563395679146], [5.236167403805825, 46.085318371927464], [5.236785255176752, 46.08489197154698], [5.232621209898635, 46.08436863445924], [5.232643813307835, 46.08380356437244], [5.232629655858945, 46.083763417675506], [5.23088978713857, 46.08354243803873], [5.231291476902703, 46.082430628327565], [5.231356022652482, 46.08229708212178], [5.231362640541199, 46.082285207829116], [5.231401848410082, 46.08204832708875], [5.2301495061741585, 46.08185354748545], [5.2303502616738635, 46.08117048094603], [5.230496372654832, 46.080569841359804], [5.23339049297197, 46.081092521588396], [5.236835546459623, 46.08137320940492], [5.240702605111567, 46.08185000330143], [5.243422355245547, 46.0820095966595], [5.243432230425439, 46.08202734618842], [5.245090419828628, 46.0820674729634], [5.2456216969623854, 46.0820537860346], [5.246186483951168, 46.08212026225581], [5.246790795914175, 46.08235317296332], [5.246849709227121, 46.08235165448614], [5.246964893009483, 46.08175178669406], [5.247060987592059, 46.0813378656966], [5.247021010765295, 46.08113363105928], [5.246980161674382, 46.08092761357457], [5.247338032517265, 46.08040521467786], [5.2475488778942365, 46.07994512536128], [5.2471652864881255, 46.07995501365143], [5.246749424003752, 46.079905412663976], [5.24659654691208, 46.07982832513494], [5.246413204355845, 46.07970880722354], [5.246341325658393, 46.07948378471148], [5.246320615897841, 46.079094490856804], [5.24638962178301, 46.07872088725962], [5.246424372211461, 46.078248232630784], [5.246326293250431, 46.07753051623102], [5.245556701156627, 46.077487328370516], [5.245549767959261, 46.07680957563743], [5.2440321595081745, 46.07664160197522], [5.243804104206977, 46.07638278358022], [5.2437501163567175, 46.07632475300093], [5.243734703961383, 46.07630984325192], [5.243693111963738, 46.07636223362198], [5.243071903588591, 46.07635752065929], [5.242621803613776, 46.07622775854922], [5.242176122451884, 46.076176211190436], [5.242165583416969, 46.07556877516759], [5.242254628919488, 46.075433240640194], [5.242253902182436, 46.074857068738474], [5.243231415636958, 46.074339440168636], [5.2431841364052225, 46.07401204736312], [5.243592217682604, 46.073918711945886], [5.243903672574762, 46.073662207151905], [5.2444273499612075, 46.073504673605825], [5.244452049139968, 46.07346802487636], [5.244520941837403, 46.07345724799649], [5.245057665456728, 46.07311930982644], [5.245268616834889, 46.07330114222834], [5.245304629396329, 46.073294809943455], [5.246139380789264, 46.0740169505981], [5.251413387127385, 46.07203077510569], [5.251073869764066, 46.07010389030611], [5.250001199568138, 46.068074384372146], [5.250227763665953, 46.067514846501766], [5.250606213115345, 46.06408842496691], [5.248169364922214, 46.063288818758274], [5.247454570959085, 46.06316320708064], [5.244188110634747, 46.06287647088374], [5.242180893404335, 46.06282012338494], [5.242122622386814, 46.06281261744498], [5.241997987429356, 46.06280862512223], [5.241640386979365, 46.062725998624494], [5.241631688592471, 46.06270101804679], [5.241608120392655, 46.06269801865635], [5.239863186072414, 46.062123509591196], [5.238207166998945, 46.06154938724416], [5.237549763704348, 46.061422239465955], [5.236366064434266, 46.061140250876214], [5.236273763437133, 46.061184939422425], [5.23608338258064, 46.06107009166198], [5.234955503723996, 46.06208578119134], [5.232523159683711, 46.06190243394058], [5.232420920624589, 46.06221386117513], [5.232450383569258, 46.06226712136749], [5.232303478477591, 46.062790364527274], [5.231753970933471, 46.063587716605944], [5.229855120170716, 46.063984816363714]]], [[[5.247866229327908, 46.10532102385645], [5.247451643349578, 46.105435243899585], [5.246962920309124, 46.10544783693945], [5.246272321569852, 46.10545392200688], [5.2454487667786065, 46.10549854477628], [5.245388920116078, 46.10546722507065], [5.245377717226176, 46.1054841704499], [5.2447796683173316, 46.10558779830342], [5.244307110460446, 46.105585554245714], [5.243931395482753, 46.10550339538651], [5.241202782570176, 46.10585448924622], [5.241335596688307, 46.10835391210105], [5.2414865100627575, 46.10961046093483], [5.237664270156999, 46.10816916529581], [5.235775052029053, 46.10744880820859], [5.2353673471457896, 46.107693352493875], [5.235441547089941, 46.10814790036869], [5.234803899545079, 46.108845788521755], [5.234222063430482, 46.10901196203832], [5.2336506657395265, 46.10934352596978], [5.232913324062718, 46.110053862679784], [5.232399228107114, 46.11023089878361], [5.231978971064374, 46.110559470426175], [5.231521022508917, 46.111156404319495], [5.231260508381599, 46.11133863448184], [5.230347832629346, 46.11190219937043], [5.229642257177631, 46.11228218753335], [5.228921908032752, 46.112676959037124], [5.228539643438354, 46.113753596485004], [5.228334496075205, 46.114647442545504], [5.228224948322966, 46.114778991802915], [5.22808258870661, 46.11517876580653], [5.228044607936397, 46.115393105043196], [5.227109488675095, 46.11509112945257], [5.226259727332093, 46.11494901081468], [5.2251724478347015, 46.1148147605775], [5.224221061880225, 46.11466262278304], [5.22304110858484, 46.11478100383213], [5.223008554537259, 46.11477733846407], [5.222754200157837, 46.114817145618275], [5.222631285474121, 46.114879702150596], [5.222210212761115, 46.11489045848432], [5.222376411868476, 46.11389948825215], [5.2229287239529, 46.113802557375415], [5.222909731771165, 46.113442920306895], [5.222888792041891, 46.11327690213462], [5.223002507977096, 46.11306963092812], [5.223010901835107, 46.1130532109873], [5.223175175852789, 46.11235578338817], [5.223155155100044, 46.11219243979065], [5.223063632043965, 46.1116996179912], [5.222850960392028, 46.11118017783757], [5.222743711428561, 46.111034368550584], [5.222068691272952, 46.110216138946136], [5.222046747227189, 46.11021489961782], [5.22102479770881, 46.11033553034869], [5.22080594564771, 46.11034111852361], [5.220477314967349, 46.11018474967858], [5.220159128100443, 46.10958337601374], [5.2199048824171355, 46.10922704582648], [5.219749530466861, 46.10914818321762], [5.21928252060515, 46.10926633882944], [5.219042353319021, 46.10917703209327], [5.218416126056358, 46.109452292654645], [5.2173255569283965, 46.1098672345429], [5.216932003205775, 46.10943162360684], [5.216926422871238, 46.10996924177718], [5.217171365601438, 46.11045636072641], [5.217630709240519, 46.11086778574316], [5.216563587938095, 46.111082254467675], [5.216186741981456, 46.11031760745545], [5.214953636269044, 46.110607413428305], [5.216203020352726, 46.11223841595694], [5.215971308010011, 46.11228033421535], [5.21598485190955, 46.11229169388291], [5.214827447226141, 46.11255976479204], [5.215283962968693, 46.11534354028194], [5.216731824424506, 46.115228317016125], [5.218996573375508, 46.115030115024034], [5.219336565049294, 46.1160297685765], [5.219447971415862, 46.11622498668258], [5.219575189928106, 46.11658006295474], [5.219618218331877, 46.11658346230739], [5.219633157315074, 46.116866673912554], [5.219625621348157, 46.117030721630506], [5.219986031728335, 46.11745006496907], [5.21998051607249, 46.117468207845306], [5.223342728721275, 46.11813140445635], [5.222887866777147, 46.11848333820873], [5.222315522261883, 46.11881485948349], [5.222973655886787, 46.12052211314618], [5.2229101854204, 46.12049942708959], [5.222218902164872, 46.12049367929789], [5.222011259281888, 46.12039364670496], [5.22170859799805, 46.12042388259075], [5.221688842248316, 46.12099877346611], [5.22154194254653, 46.12138965259807], [5.221000534213009, 46.122001271323455], [5.220822666888416, 46.12215885815404], [5.222510335405955, 46.12247228831757], [5.222541803390379, 46.12245527593483], [5.223363248937306, 46.122963665155716], [5.227530469759962, 46.12271488060047], [5.227306636540623, 46.12372894487534], [5.231045236106898, 46.12382050123235], [5.230780105537328, 46.123092647993204], [5.230652701972149, 46.12245940154556], [5.232677063549732, 46.12245254939539], [5.23282591169739, 46.12243702822925], [5.23313544778808, 46.122231024930414], [5.233286160838245, 46.121212523450026], [5.233334967205947, 46.12123197888646], [5.233391203539375, 46.120675957663416], [5.2332675845765, 46.12023437363042], [5.2334333578824035, 46.11956120034409], [5.234360386916245, 46.11987684641986], [5.235579378298928, 46.120280419052634], [5.236551694999508, 46.12080735118602], [5.237128180748258, 46.12117968405747], [5.237715007902561, 46.12145631863784], [5.238795976735075, 46.1218048875388], [5.240049913480612, 46.12224083154519], [5.240858526593735, 46.122548660607784], [5.241250406754965, 46.12325432923489], [5.241401221314734, 46.12418676436378], [5.241389734557216, 46.12441394055915], [5.24141364860838, 46.12442052785294], [5.241488064148203, 46.12487776630033], [5.240707446132625, 46.125402002784085], [5.240256050787195, 46.12482660871002], [5.239926246008728, 46.12443624582998], [5.23973881162638, 46.12442755658167], [5.239034225219804, 46.12501104627494], [5.237896350808956, 46.12645734419063], [5.23662328623609, 46.12757038622447], [5.236627648455095, 46.12760628677662], [5.235544282019094, 46.12851277667984], [5.234551614884036, 46.12920625818585], [5.235623178355539, 46.12999984839257], [5.236061485247292, 46.13032891849144], [5.235672256912795, 46.13061980144438], [5.236513626194413, 46.13120861861944], [5.237516713786735, 46.13168703976723], [5.237564338869854, 46.131942407550014], [5.238072990136551, 46.13232998496257], [5.238648520077822, 46.13277435868461], [5.2386816715050735, 46.132757304039096], [5.238688363953949, 46.13279314580601], [5.238553728052405, 46.13374732194647], [5.24049581472976, 46.1338144741535], [5.2408557804439075, 46.13358194949074], [5.241230460562379, 46.13303214116179], [5.241193617957655, 46.132645958165355], [5.2412718046250255, 46.132211801606836], [5.242317456192153, 46.1312684136306], [5.243237279839111, 46.13048489898134], [5.2439391712998615, 46.12972859514315], [5.244660080993463, 46.1287800303128], [5.244699984158365, 46.12878530782358], [5.244696291184232, 46.12874758951698], [5.2450436077208495, 46.12829299862241], [5.245489784752807, 46.12781065625049], [5.245537126866573, 46.12711890041748], [5.246031645837233, 46.12721150517859], [5.2462637965577965, 46.12714791047473], [5.2467021519585595, 46.126185899791004], [5.247122231134876, 46.12551785851156], [5.24722875156463, 46.12531524437792], [5.248167639258556, 46.12458881862108], [5.249295607946743, 46.12390252631938], [5.250088183437084, 46.12327167883661], [5.2500735849154205, 46.12235914463502], [5.250082729765006, 46.12089140750913], [5.2475696532318095, 46.12094447968746], [5.246721641806952, 46.12053417783561], [5.246518290176103, 46.119236669363474], [5.246527819504645, 46.11920401123745], [5.246493608963683, 46.119198593951886], [5.246262645815915, 46.11730939458305], [5.243496917210763, 46.1160436376241], [5.242590675192556, 46.116089458013235], [5.241988058350504, 46.116199489810036], [5.239384057039194, 46.11508252528887], [5.239356709627024, 46.115069722724236], [5.240017021666489, 46.1149492194274], [5.2418890747859965, 46.11464180747987], [5.243301428533573, 46.11455866326169], [5.2440849858367535, 46.114414258452065], [5.2440965588325605, 46.11443466719824], [5.2452413116435155, 46.11426385137049], [5.245662249609256, 46.114253013959214], [5.246322023557893, 46.114305346498924], [5.246831436595928, 46.11437595677047], [5.249357674346366, 46.11433245774524], [5.2494795155432845, 46.11432571605332], [5.24928787974038, 46.113630219481415], [5.248932013937185, 46.1120098363056], [5.248786648557908, 46.11181551934735], [5.24918991486538, 46.11148821691185], [5.250206759257954, 46.111274728755326], [5.250910067361895, 46.110869454768526], [5.251710043173559, 46.11037885379195], [5.252666327641274, 46.10965193403276], [5.25265994241624, 46.1092289521842], [5.25483461549705, 46.10931864870167], [5.254841238775651, 46.10924645193491], [5.255004082675419, 46.10925124678717], [5.255062002451674, 46.10874558033043], [5.255883978902952, 46.10876035488603], [5.255896310975173, 46.1082036448031], [5.25542569617421, 46.10805644626603], [5.255463983269934, 46.107105632362675], [5.255360461416623, 46.10675718783901], [5.2549356014063555, 46.106543089056146], [5.254547161792677, 46.10634425106887], [5.254120472812485, 46.105942928163074], [5.253871677208036, 46.10569276753615], [5.253612899524138, 46.10560491616959], [5.252848531133723, 46.105485109056985], [5.252072122623544, 46.1054574329099], [5.25186898658833, 46.10545637098165], [5.250569673242876, 46.10542417492721], [5.250528530402846, 46.10544144543801], [5.249200914736039, 46.105378447192415], [5.248439155951492, 46.105292750952316], [5.247866229327908, 46.10532102385645]]], [[[5.203035567918691, 46.11993763007609], [5.203798297782034, 46.120656513238515], [5.204375114110815, 46.12138011108148], [5.204590466335556, 46.12195082772688], [5.204638500152122, 46.12221969408528], [5.204730269346606, 46.12233260269586], [5.2047482140926915, 46.12233665048563], [5.205044810850057, 46.122560491363984], [5.205673061118751, 46.122965877996826], [5.205994714584323, 46.12363742696905], [5.206272894980027, 46.12411201938528], [5.2066183160714035, 46.12458490423658], [5.206849915226383, 46.12483560110781], [5.207009471292208, 46.12496209285281], [5.207302753266151, 46.12510768909091], [5.207552330404909, 46.12535793406094], [5.207350787082715, 46.12537385660817], [5.206725294641945, 46.12534473167951], [5.205740995313781, 46.125216674330105], [5.20469242242536, 46.12517397333066], [5.204707050591428, 46.12545269350832], [5.204701543918754, 46.12587326713851], [5.2045343225285965, 46.125938728002005], [5.204144509390855, 46.12591260866547], [5.20418233924409, 46.12615472881235], [5.2042061212429145, 46.1261613264821], [5.204437914434001, 46.12746446127991], [5.204132042571337, 46.127357888021386], [5.20371551982523, 46.12729913470761], [5.203489999569776, 46.12730485626334], [5.2036532872373105, 46.127532088706936], [5.20319793660966, 46.12786144312571], [5.202830511285415, 46.12760067731689], [5.202409823949665, 46.12763295131383], [5.201809160943368, 46.12775441926484], [5.201529816331026, 46.127889336508986], [5.201270609252416, 46.128084972058424], [5.20074480375708, 46.12802897753516], [5.200722753710092, 46.12799352489148], [5.2000447592325605, 46.12785765473459], [5.199455765341792, 46.12756918339619], [5.198716700696318, 46.12731782034763], [5.198595409268323, 46.12756576542125], [5.198714093785341, 46.12791567094286], [5.198715629006181, 46.1282541406679], [5.198385631089905, 46.12838133803161], [5.198984181258662, 46.12950233735146], [5.198964913294152, 46.12978461470858], [5.198908893454724, 46.129936382664084], [5.199073664240767, 46.13013027402018], [5.199432938252117, 46.13067034916168], [5.199496830926706, 46.130824480348146], [5.199527736565746, 46.130873209424855], [5.199541552654805, 46.130920574464454], [5.199755939190634, 46.13142740641306], [5.199771391111808, 46.131722310743555], [5.1997613587267235, 46.13176307494226], [5.198900571461913, 46.131784878587325], [5.198605582688918, 46.131792349620795], [5.198418864263858, 46.13181238339022], [5.198056526997372, 46.131896286587654], [5.197755767446991, 46.13199392831592], [5.197351121327276, 46.13239759396535], [5.197174024757193, 46.13261634466449], [5.197264980976337, 46.13265185534012], [5.197244439200744, 46.13267758551609], [5.197362387997539, 46.132674599889995], [5.198060805673081, 46.13279645887273], [5.19860568240193, 46.132924008054275], [5.1999669291963375, 46.133276651607645], [5.201203990190969, 46.13339205189891], [5.201512892071076, 46.13341753023268], [5.2018834965331155, 46.13352337400744], [5.202534109462486, 46.133767960086296], [5.202593354253794, 46.134218400362236], [5.202678904411539, 46.13489144933175], [5.202929318780159, 46.13495982148552], [5.203558708112605, 46.135063599962876], [5.204016188645772, 46.13509700813373], [5.205472507739993, 46.13522389961202], [5.206177164215143, 46.1348323909364], [5.2069453890730975, 46.13434203504943], [5.209177555230411, 46.13446177943155], [5.210349005073305, 46.13451302518416], [5.21004440971665, 46.1336312799658], [5.209371064919028, 46.131629949507165], [5.209372753751771, 46.131602896574556], [5.209104318280247, 46.12997479056984], [5.2091245815781075, 46.129621362617605], [5.2090030431134435, 46.12826501579284], [5.210283050765143, 46.128243276124614], [5.211043218633297, 46.128247347137936], [5.211564409483044, 46.128540187240795], [5.2118417355809425, 46.12901208591274], [5.211772205079636, 46.12961255341076], [5.211557932629838, 46.13001683541098], [5.210882031226911, 46.12999801621477], [5.210996357118179, 46.13057129252549], [5.214692578660948, 46.13140182070451], [5.214666505059828, 46.13165906613239], [5.214647318841987, 46.13169556725635], [5.214700096661557, 46.13198952078976], [5.214757269937824, 46.132492229870564], [5.214825719765856, 46.13348441142526], [5.21580268165476, 46.13343791637731], [5.215787297107203, 46.13348512233748], [5.215965235398699, 46.13395954462829], [5.216329995421489, 46.13479652933165], [5.21663963392015, 46.13492908499616], [5.217526056408229, 46.134471654212035], [5.217617980112914, 46.13334394258726], [5.218730958613969, 46.13331556578046], [5.218837718893916, 46.13375848483231], [5.2201333069259075, 46.133678621468015], [5.220177316290008, 46.13356046403931], [5.2209549662719095, 46.133587434461056], [5.221196945459984, 46.13306629011854], [5.221741386505907, 46.13252481973468], [5.222268825138466, 46.13198287837322], [5.222553440166546, 46.131411122053144], [5.222576372359116, 46.13140153558182], [5.222717118601218, 46.13089377269132], [5.2222410016191665, 46.13050710467636], [5.222143197542615, 46.13021700118588], [5.222022437917268, 46.130215586747745], [5.2206036387575505, 46.12949285389289], [5.220715248143397, 46.12938467150222], [5.22192026353687, 46.12855534870927], [5.222012117172982, 46.12807314373378], [5.221963196719249, 46.12745319127917], [5.221464254444115, 46.126937453979274], [5.220976458465066, 46.126328704187436], [5.220894464737496, 46.12575641039128], [5.220235136353252, 46.12571471718168], [5.219402540018689, 46.125900713256], [5.2188959423007235, 46.12590192981798], [5.218352449875735, 46.125832067117834], [5.218328379517709, 46.12582007892337], [5.2182951786831175, 46.125836226096126], [5.217774082156466, 46.1257441781201], [5.216674547841973, 46.125694335027], [5.214059616728612, 46.12563805976973], [5.214380395235111, 46.1227696651397], [5.214626468045925, 46.12105014195527], [5.214503784229262, 46.120947931696655], [5.213311598574667, 46.12103590742351], [5.213100196242229, 46.12094045919232], [5.2131866204607835, 46.120922050339466], [5.213305727185971, 46.12030952237478], [5.213305348096929, 46.11964061655214], [5.2129744347974105, 46.11913407279421], [5.212756758631011, 46.119150416824596], [5.212651907271063, 46.11940156744811], [5.212145556589799, 46.11938924472353], [5.212151145907507, 46.118850730248795], [5.208840010567452, 46.11906368904737], [5.208633348644764, 46.11831900028467], [5.2079127928873845, 46.118418341104636], [5.207388051895642, 46.118395668503574], [5.2068360829676426, 46.11847090817698], [5.205486287896433, 46.11876176968681], [5.203667335990017, 46.119147352007964], [5.202376606047095, 46.11959242548992], [5.203035567918691, 46.11993763007609]]], [[[5.213633531416303, 46.13861942459874], [5.213626184993907, 46.1387258428616], [5.213625218406663, 46.1387663777924], [5.213948866132191, 46.13874913764344], [5.214469858454247, 46.13886641872795], [5.215357381378537, 46.13884381741004], [5.214342852842747, 46.14000582062073], [5.214120980645672, 46.14012850865457], [5.214463917895274, 46.14046008951864], [5.21455166623055, 46.14049566858387], [5.214573703701078, 46.14051580811349], [5.213966906099703, 46.14085986951433], [5.213705144212448, 46.1409925674358], [5.211564891878352, 46.14140894552285], [5.2111347578590586, 46.138586664675614], [5.210542431218592, 46.13886731817433], [5.209520935349448, 46.13899231680013], [5.209140671303152, 46.138871436331335], [5.208052542897838, 46.138638001203105], [5.207027628939039, 46.13869554294861], [5.206131571121226, 46.1385580478118], [5.205254244973721, 46.138774777826924], [5.204832840782354, 46.13885929785108], [5.204755716821949, 46.13894677937845], [5.2047008719789245, 46.13891846272443], [5.203444901447592, 46.139047560704356], [5.203020240863314, 46.13899350755232], [5.2014624202268225, 46.13867649080695], [5.200187692872361, 46.13844771022309], [5.197675131073835, 46.137796508473286], [5.197825161404372, 46.1379880727756], [5.198169602433747, 46.13830345890297], [5.198096180430649, 46.13869693787287], [5.198027095493735, 46.13915333203566], [5.1980812396508576, 46.139568792229696], [5.198463339853586, 46.13989582765419], [5.198969178495104, 46.140063075236526], [5.199605653738521, 46.14028373127003], [5.20014194526821, 46.14061675960432], [5.200527744733287, 46.1411966718788], [5.200596636532423, 46.14178461412655], [5.200760413781742, 46.14223781210823], [5.201819432280313, 46.14282676896866], [5.20198423271076, 46.14288200840327], [5.202888677200075, 46.143612620038425], [5.203277443800531, 46.14389535348917], [5.204440833958667, 46.14607155093265], [5.204420889562742, 46.14610626874249], [5.205306571839015, 46.14706241051418], [5.207623832708277, 46.14700583532837], [5.208955270706634, 46.1469697613354], [5.209565714569728, 46.14695424832242], [5.212313878416168, 46.14687087218214], [5.21234266762438, 46.146987173794116], [5.212493944816555, 46.1472156052255], [5.212573795163851, 46.147379222140785], [5.212564885672839, 46.147409163775755], [5.212527254347296, 46.14790978226382], [5.212317818427004, 46.1483310407604], [5.21224399218201, 46.14872724736524], [5.212203443128396, 46.149509731395334], [5.2121842829617036, 46.150068399574856], [5.209469222931803, 46.15006270465478], [5.210043670403172, 46.15042352593428], [5.2105389215008, 46.15065041841864], [5.210983601041161, 46.15077775572924], [5.21147191085655, 46.15085536825955], [5.211807007610352, 46.150945876971036], [5.212103758877952, 46.151184113972164], [5.2122915858240635, 46.15123064942164], [5.212896672134836, 46.1514520329852], [5.2141041560987, 46.15174991237098], [5.215436661295642, 46.15200588596275], [5.215824605937587, 46.15211574396449], [5.2160590213110005, 46.15186399510571], [5.216545967483795, 46.151932619376716], [5.216652704407517, 46.15192990051952], [5.216719836407041, 46.1518813755232], [5.216838596382549, 46.151878349243745], [5.216913069414552, 46.15193947034869], [5.216884164323647, 46.15206444800786], [5.217041311107857, 46.15214327159455], [5.217224791106348, 46.152244834646275], [5.217233895531731, 46.15241745935555], [5.217005900417672, 46.152594325113746], [5.217086346348011, 46.153058622327904], [5.217362838809302, 46.152929142753514], [5.218144064984348, 46.15268235546401], [5.218149931881459, 46.15270021541471], [5.218188094111352, 46.15267223129639], [5.218656832331678, 46.15254774725632], [5.21891846396322, 46.1525050637132], [5.21952308764162, 46.152576980392496], [5.220467320311476, 46.1526573303652], [5.220648779998862, 46.15159935705098], [5.221359894462612, 46.15163703045779], [5.22144009066129, 46.15133068513367], [5.22217689245061, 46.15111651683345], [5.222843728953993, 46.150451280936416], [5.223227167646498, 46.14972575489464], [5.223210062825165, 46.149402083082606], [5.222452787532231, 46.149257567342175], [5.222253324708216, 46.149221244645354], [5.222421272835425, 46.148859537983036], [5.222696396264241, 46.14847438830135], [5.222804572289079, 46.14830057000903], [5.222965502777264, 46.14760773658552], [5.222731888701127, 46.1469249717462], [5.222397132408791, 46.14654909300546], [5.2221951552003345, 46.146374191312184], [5.221932081772751, 46.14617563583553], [5.2217729335420415, 46.14607346659604], [5.221704022878299, 46.14601220143243], [5.221811021211777, 46.14567636520469], [5.221855102441079, 46.14527010260079], [5.221855057525324, 46.14525210020308], [5.222231543257528, 46.14506963428972], [5.222077467813261, 46.14302809005364], [5.22209394561052, 46.14068689983032], [5.2219635488588105, 46.138218016160025], [5.2209904721834866, 46.137495609294625], [5.219836149619819, 46.137525062064576], [5.219651658118329, 46.13735691228179], [5.219834119427278, 46.13684359204452], [5.218840041937243, 46.1368392384395], [5.218678969515218, 46.13677852073975], [5.218330608237941, 46.1366658658304], [5.217646718117193, 46.136590568838216], [5.217780098173928, 46.13601818371101], [5.214643281813097, 46.13593604905492], [5.214513655815932, 46.13701069950388], [5.213011563964742, 46.13692109474652], [5.21403458966481, 46.137642295958905], [5.214077524643782, 46.13764120352739], [5.214519109488011, 46.13801888723299], [5.213633531416303, 46.13861942459874]]], [[[5.232931452963475, 46.14674963870346], [5.232093244853343, 46.14776864323012], [5.2315682181973235, 46.14808099040931], [5.230861750718558, 46.14853122398507], [5.230510915480976, 46.14854020504458], [5.230014225282265, 46.148365658192], [5.229958299765933, 46.14834908135899], [5.229585142291874, 46.14821278407911], [5.229476986928303, 46.14838660887207], [5.229504222949401, 46.14890088383132], [5.229459780597331, 46.14934586503285], [5.229212539976624, 46.15001211126025], [5.229134739584838, 46.15019416125751], [5.229136025972315, 46.150218436328956], [5.22953256749155, 46.150673748605975], [5.229578092313521, 46.15073830625527], [5.229595118981406, 46.15128975059308], [5.229315124887129, 46.15158231010287], [5.228557439962418, 46.15201313146735], [5.228426918344914, 46.15207048747775], [5.228344378441675, 46.152133821283215], [5.228329455628159, 46.15214320563031], [5.2278235639860124, 46.1525270626375], [5.227775718815671, 46.15255800212975], [5.230966039733157, 46.154562361011], [5.2319120268127435, 46.15403217428804], [5.231958480492714, 46.15402377907053], [5.23197784547531, 46.154015181609786], [5.232016224199205, 46.15401329795923], [5.232027340850819, 46.15405442773771], [5.232586108228919, 46.154484862606736], [5.233190148002372, 46.15494294790479], [5.23325259079608, 46.154974662634466], [5.233286664793116, 46.154991793783125], [5.23310841388793, 46.155018867583166], [5.232991921260195, 46.15503805470274], [5.232980956423858, 46.155197694464455], [5.232980893541761, 46.15521119522388], [5.232977191584489, 46.155263513124375], [5.233115121608157, 46.15531399590603], [5.233169475072735, 46.15533240695445], [5.233188571459032, 46.15549217280456], [5.2331939505709855, 46.15554965337596], [5.233545196338642, 46.155699108305456], [5.233636396001233, 46.15560134122249], [5.233796591667525, 46.155431579593966], [5.233866742006396, 46.15546939661012], [5.234756628398182, 46.155959761599775], [5.234778482612437, 46.15597360379342], [5.234885068619213, 46.15606090131661], [5.235104742638791, 46.156111093393946], [5.235322402635476, 46.15612351679874], [5.235514059099682, 46.15619512695423], [5.2355250338174875, 46.156401915448306], [5.235183082019768, 46.15657903721521], [5.234651706071331, 46.156743911869604], [5.234608652514708, 46.156970089467585], [5.233807253771641, 46.15714188109965], [5.234067502895983, 46.1574539168558], [5.234533781529024, 46.15757341123445], [5.237469907068873, 46.15838221381024], [5.238536367211233, 46.1570566113327], [5.239508709962962, 46.15753942245943], [5.241150391026158, 46.158400270403575], [5.2403296021477095, 46.15874095518979], [5.240616733356927, 46.15905319032378], [5.240929283295413, 46.15932695663547], [5.241261694086494, 46.159486778087995], [5.242054200406559, 46.15963477193092], [5.242439734868625, 46.15975810936995], [5.242326660330547, 46.16017515812982], [5.2425366729692415, 46.160072528927], [5.2427010601746575, 46.16008900578579], [5.242922026869958, 46.16017786040212], [5.2456345877867, 46.15875944722594], [5.245661385429948, 46.15876146138217], [5.251037542792275, 46.156003113260304], [5.251055950170766, 46.15596932886144], [5.251109092706357, 46.15596255804052], [5.252947701547827, 46.15495721287712], [5.249769928298233, 46.15163777909656], [5.2493122707969695, 46.14762519489676], [5.247923908355675, 46.14774918907576], [5.245864139681162, 46.14788504501107], [5.245276637892072, 46.14794967563464], [5.245190304403391, 46.14790958560054], [5.244091696251939, 46.147683062698796], [5.242686444585015, 46.147458107827134], [5.241414208258805, 46.147283735537876], [5.239544559031031, 46.14695813746742], [5.238828759853049, 46.14678744923818], [5.238533969607746, 46.14673919977244], [5.237966312501603, 46.146494483974934], [5.237970663042547, 46.14646916106005], [5.238640686768566, 46.1450907063444], [5.238457976626288, 46.14489912878768], [5.238377574713407, 46.1448021603357], [5.2391112422806865, 46.143495889930826], [5.2392407658699165, 46.14325218294863], [5.239260096716523, 46.14320397395263], [5.237068769768621, 46.14216905313387], [5.235984821224302, 46.14212304094537], [5.232790272835109, 46.14459253372702], [5.232789430215365, 46.144606060116374], [5.232784726636562, 46.1446394905053], [5.233306120505553, 46.14517531625439], [5.233186013057132, 46.14542867904149], [5.232931452963475, 46.14674963870346]]], [[[5.204135825377014, 46.15094805259357], [5.203694788505116, 46.151060067788464], [5.2030441665926075, 46.151157593390806], [5.202678486694955, 46.15117766616633], [5.202389170782965, 46.151174198626734], [5.2017172929342035, 46.15112821014494], [5.201360620443881, 46.15113724865606], [5.20117364510065, 46.15123021504617], [5.201922562468189, 46.152527454064064], [5.19987835620766, 46.15282412410802], [5.199887018661936, 46.15318941899048], [5.199901391706496, 46.15323137080991], [5.199888515255201, 46.15326500567283], [5.199889363264828, 46.153281187737214], [5.199970320336547, 46.154345983127335], [5.19935560857751, 46.154373248284756], [5.199415507342337, 46.15525401730093], [5.199074834745584, 46.156045890540675], [5.199840037670904, 46.15586176474295], [5.1998510249651355, 46.15583897376718], [5.20011315336504, 46.15557305864748], [5.20049296466043, 46.15528074561286], [5.200955959052816, 46.15512226911554], [5.201497015246742, 46.154925800561884], [5.201607402923802, 46.155024737470946], [5.201765751653895, 46.15504773537804], [5.202215170705676, 46.15481577144358], [5.202546500823515, 46.154681333356926], [5.202665188933789, 46.15569385266413], [5.202707375616179, 46.15672991555115], [5.205348771097798, 46.156806972106544], [5.2080964408708335, 46.15692178483606], [5.207869681838582, 46.15585890047053], [5.208002046799063, 46.15486251477304], [5.208047029038621, 46.15405741344916], [5.208082304981508, 46.15401870559808], [5.2081609803324, 46.15368180245904], [5.208398130177512, 46.15364876773561], [5.208627882396259, 46.15229249743323], [5.208595587063509, 46.15193950208629], [5.207928570897038, 46.15146398448483], [5.207774111872144, 46.151019565556794], [5.208530734089888, 46.15078247664526], [5.209862071476903, 46.15055688722541], [5.209937493129842, 46.15049825014213], [5.209422307517791, 46.15018543499926], [5.208773133689504, 46.15030996732292], [5.208102858435198, 46.15042017472175], [5.205845843080475, 46.150739912463216], [5.205294900028528, 46.15077189970178], [5.205331260237977, 46.15146419980469], [5.204230061345261, 46.151492136619304], [5.204135825377014, 46.15094805259357]]]]}}