{"type": "Feature", "properties": {"slug": "donana", "name": "Doñana", "natura_codes": ["ES0000024"], "natura_names": ["Doñana"], "sea_clipped": false}, "geometry": {"type": "MultiPolygon", "coordinates": [[[[-6.337650598942833, 36.81617462492656], [-6.337656285278561, 36.816174467431125], [-6.339850130204193, 36.8161128226815], [-6.340149091327386, 36.81610441860214], [-6.341852642059142, 36.8160565183527], [-6.341853508933375, 36.81605649390132], [-6.342796863949233, 36.817212573292316], [-6.345198554777094, 36.81979628943298], [-6.3470607875139, 36.821976167656224], [-6.3477395141183655, 36.82285132583615], [-6.349107987859256, 36.82472070579446], [-6.350266315112484, 36.82652841810579], [-6.350564646516646, 36.82711243712928], [-6.350909170191054, 36.827807780536446], [-6.35153500668658, 36.82991657322838], [-6.351985544140915, 36.83126667833368], [-6.352376041794911, 36.833010420531735], [-6.352565882763916, 36.83437012270931], [-6.352557206834883, 36.83498982527698], [-6.352558936990126, 36.83557094047764], [-6.3526129976039165, 36.837218300122146], [-6.35252720759598, 36.83932912970169], [-6.352334215336957, 36.84210974590402], [-6.352230656652698, 36.84259021444788], [-6.3521666013830345, 36.84275195443046], [-6.3521498487012975, 36.84318267011712], [-6.351768859714578, 36.84532885942178], [-6.351335394742214, 36.8476297034866], [-6.350654950558897, 36.85093089579622], [-6.350154309569619, 36.85291826983263], [-6.349717640306608, 36.85487455326571], [-6.34926596378852, 36.85662402206027], [-6.348685679962743, 36.859100189815244], [-6.3478018266563945, 36.86291167700714], [-6.346909195013077, 36.867342860754334], [-6.346261888782256, 36.8708683500095], [-6.345585628951553, 36.87509294766225], [-6.345573648120597, 36.87517104040437], [-6.34557353762782, 36.87517175541392], [-6.345415067625186, 36.876204681474455], [-6.34529211161897, 36.87749245159755], [-6.345276274320509, 36.87765832644792], [-6.345067743902025, 36.87940994020524], [-6.344729970168672, 36.88241311553593], [-6.3445640728952695, 36.88378059008186], [-6.34421437133159, 36.886784099341], [-6.343985480597193, 36.88806999472846], [-6.343693242465577, 36.88912564688841], [-6.3429158934193035, 36.8909022512847], [-6.341966823321644, 36.89228272773506], [-6.340747341458813, 36.89352258692391], [-6.340513122816497, 36.89376071446107], [-6.339852287059191, 36.89443256639313], [-6.337914552719373, 36.89601201736687], [-6.337146285640621, 36.89649988493733], [-6.336134920971275, 36.896996829930636], [-6.335071887901709, 36.89739835975963], [-6.334228790261475, 36.89766981429631], [-6.331843116395127, 36.898232337430805], [-6.328039910891901, 36.89896745140018], [-6.324004360632037, 36.89954901982123], [-6.316048379215948, 36.90049679171041], [-6.308877042962857, 36.901469472289804], [-6.304745337933312, 36.90216569458359], [-6.29891464651193, 36.903395539795504], [-6.297177659586977, 36.90387176987043], [-6.2971771834798815, 36.903871894141915], [-6.29711335817894, 36.903888565919104], [-6.297112652103122, 36.90388706029454], [-6.296642333746235, 36.90288383216491], [-6.296507624182862, 36.90259647981754], [-6.296507530758063, 36.902596513579766], [-6.296184916095131, 36.90190807352172], [-6.2953999870644815, 36.900222429941685], [-6.294958708545797, 36.899214274418405], [-6.294697455104966, 36.89865838702891], [-6.294486770526443, 36.89817768191709], [-6.294467127066113, 36.89799802411638], [-6.293443413256536, 36.89600363571784], [-6.291983275424055, 36.89310680237613], [-6.29127102818473, 36.89172546073181], [-6.289872436627321, 36.88887419732343], [-6.28932102195983, 36.88778346961959], [-6.288170186656095, 36.88558527947554], [-6.287185623223219, 36.88366629620125], [-6.285260438347951, 36.8798766409635], [-6.284670735686406, 36.87869907499963], [-6.284549427190433, 36.878456897318884], [-6.284486507391334, 36.87833241257443], [-6.284654247109383, 36.87800347148081], [-6.284914939103127, 36.877493934029665], [-6.285677750713173, 36.875488289147306], [-6.286077259367787, 36.87456267762948], [-6.286758129352561, 36.87327561984606], [-6.287185153404336, 36.87271866972075], [-6.288496019084364, 36.87117538606187], [-6.289146137042001, 36.87051313755572], [-6.290605599341398, 36.869028789820945], [-6.29164929976773, 36.86735096311002], [-6.2936335336016045, 36.86657061261938], [-6.29438893500886, 36.86571843750269], [-6.294499425093854, 36.865593745856195], [-6.29534915140257, 36.863225216346486], [-6.295382465424862, 36.863131936426996], [-6.295580543046721, 36.86257905865168], [-6.2968198902536985, 36.86026051987132], [-6.297003171724497, 36.859917554407865], [-6.298334182124769, 36.85802896603773], [-6.298608155710032, 36.857640669406415], [-6.299819853670915, 36.85661361776141], [-6.299993650728926, 36.85646687638566], [-6.300637843398941, 36.85543981328027], [-6.300038401203098, 36.854749153162935], [-6.299627522571956, 36.85416137593958], [-6.2988026131212544, 36.852916074580996], [-6.2992480310767975, 36.85140572794504], [-6.300089990551575, 36.84932346438933], [-6.3006957982095155, 36.8480812191561], [-6.300742182719209, 36.847984812409834], [-6.300773791739111, 36.84791911663938], [-6.3008098447247205, 36.84784596911399], [-6.300626984563793, 36.84771598265093], [-6.2995000327684885, 36.8469160545656], [-6.299011677139014, 36.84549020685338], [-6.298090456611804, 36.84503823448685], [-6.296888651797123, 36.84443635486596], [-6.297654364965527, 36.84427769890334], [-6.298496645138868, 36.84399751768646], [-6.2992554313981195, 36.843433570607765], [-6.3029045919997815, 36.84193105110607], [-6.304225085823032, 36.841387494625], [-6.305327124640534, 36.84129151151053], [-6.307304401022521, 36.84119818756856], [-6.307698286223472, 36.8407006587749], [-6.3092891954051185, 36.84320178647663], [-6.31087347861324, 36.845761605086], [-6.311350159737268, 36.84587224698699], [-6.313450680484674, 36.8461560696277], [-6.3164364029096705, 36.846606614897084], [-6.317610158727881, 36.846774320191656], [-6.3176101533379985, 36.84677390324725], [-6.317595852158673, 36.84542992356133], [-6.319828613899029, 36.845340514675584], [-6.32022989762464, 36.84529100589427], [-6.320930216135308, 36.84529846143609], [-6.322457380864417, 36.845217464062614], [-6.322636797782837, 36.84525074049213], [-6.322940507400621, 36.845415694003094], [-6.322981245998757, 36.84717833036158], [-6.3229221727856615, 36.8477318665984], [-6.322938621836847, 36.84786881375036], [-6.322943318229139, 36.84788425844308], [-6.322961072532406, 36.84794252196365], [-6.323050776500064, 36.84864281869049], [-6.323057496796716, 36.84879805896238], [-6.322963869886201, 36.84885699031719], [-6.322215718781619, 36.848882425386435], [-6.3206743436030575, 36.848912006771776], [-6.3189834797780415, 36.848911958608845], [-6.317695710682287, 36.848972712158215], [-6.31757900425551, 36.8489759699819], [-6.317458799789036, 36.84897932844428], [-6.317570414564765, 36.8493163521294], [-6.317697549533679, 36.84970024572885], [-6.31797248431627, 36.85022868491832], [-6.318859496997476, 36.85050124665751], [-6.319201884478121, 36.850502942388424], [-6.319972143121871, 36.85050619511508], [-6.320388390085169, 36.85053060170251], [-6.321230771768115, 36.850459747603], [-6.321587779330021, 36.85048355325935], [-6.322478791310905, 36.8505081920376], [-6.323192905249364, 36.850558046075136], [-6.323316036427048, 36.850565988472894], [-6.323579756641642, 36.85058326420948], [-6.324028561245775, 36.8503319328752], [-6.324185985609455, 36.85019687852146], [-6.324124003651458, 36.8497931452418], [-6.323996080860057, 36.84923808344067], [-6.3239821497866355, 36.848916354374005], [-6.324276337262419, 36.847833639232846], [-6.324059943890242, 36.84776085824453], [-6.323492362242589, 36.8450083058184], [-6.323526071523637, 36.84414011556771], [-6.323537321125922, 36.843853721856725], [-6.324079285516613, 36.84239690100305], [-6.324247992720237, 36.8419078747135], [-6.3242337652027745, 36.841716802565585], [-6.323876108158934, 36.84030542702966], [-6.323868317968771, 36.84012543897019], [-6.324019137918457, 36.8400446295102], [-6.325946786872563, 36.83962801031911], [-6.327467013912722, 36.83926340133146], [-6.327978203818416, 36.839140875831845], [-6.326959881697184, 36.837682690489466], [-6.326572713199598, 36.83723625901014], [-6.32603717086489, 36.836372743681856], [-6.326536610806649, 36.83475717074973], [-6.326664608158242, 36.83428729903747], [-6.3267715166602105, 36.83237636353103], [-6.326622584969224, 36.83167546917324], [-6.326494343275919, 36.83090641765991], [-6.326428804887713, 36.830764084868754], [-6.327379567411404, 36.83052796833883], [-6.327634943175326, 36.83067399374239], [-6.327890106038502, 36.830811011707354], [-6.328991198930027, 36.83103696117411], [-6.329227348051906, 36.831010069190974], [-6.329469066728555, 36.83056629078584], [-6.329494922937378, 36.830479967106484], [-6.329363621582192, 36.83018630322448], [-6.329428105348239, 36.83003357196297], [-6.330522426739142, 36.828694135778676], [-6.330824997293139, 36.828325235911954], [-6.330891213909354, 36.82820849701596], [-6.331601669009702, 36.82653966995588], [-6.337618241626283, 36.82454844783146], [-6.336871822473572, 36.82374946750881], [-6.336907900612, 36.823624560710286], [-6.336538666979098, 36.821679672376575], [-6.336220688521318, 36.82022891204598], [-6.335723547368365, 36.818611987090954], [-6.335264104016305, 36.81731837348596], [-6.335299210177607, 36.81642085104217], [-6.335306264647547, 36.81624044505018], [-6.337650598942833, 36.81617462492656]]], [[[-6.391453064776248, 36.78388524709923], [-6.393344985036563, 36.784076769416], [-6.393680040467866, 36.78415730270831], [-6.39686013406583, 36.785167951062746], [-6.397649349856994, 36.78548102275685], [-6.401369554621238, 36.78737488009076], [-6.402065190214302, 36.787818997402425], [-6.403049664713966, 36.78848910375629], [-6.403665951219683, 36.78893548291939], [-6.405604432059489, 36.79054233716866], [-6.405869380271081, 36.79079379011249], [-6.406415551472247, 36.7912016158784], [-6.407034669467748, 36.79171096591862], [-6.408970635024781, 36.79355434577271], [-6.409377176589738, 36.794002204653765], [-6.4094881571548825, 36.79412065889134], [-6.411918459324564, 36.796166047263455], [-6.413699501427671, 36.79806335005491], [-6.414758824455092, 36.79973133492291], [-6.41496851100534, 36.80000237398881], [-6.415251708491934, 36.80044248997475], [-6.415529889785969, 36.80087599665215], [-6.4156698185611445, 36.80110173311427], [-6.417363746539594, 36.80383042105454], [-6.417481483333973, 36.80407256329302], [-6.417631344781256, 36.80435207508145], [-6.4177849980173205, 36.80452785903022], [-6.419428888037813, 36.80711604113291], [-6.419855096419324, 36.808112916824285], [-6.420032765216192, 36.80851326029955], [-6.420158612001001, 36.808795712618995], [-6.420263973604034, 36.808995407785254], [-6.420394617392444, 36.80924393477046], [-6.420591849699567, 36.80965497646217], [-6.420783790031388, 36.810072929038284], [-6.420916569115232, 36.810373201270295], [-6.421202980773907, 36.81096638400276], [-6.421407120227245, 36.81139074038875], [-6.4214827547809294, 36.81154398928601], [-6.4217379553733505, 36.81216735187978], [-6.421912822324871, 36.81259480563684], [-6.422493075607914, 36.81369535402022], [-6.42264702977964, 36.814026548907954], [-6.422874944943622, 36.814646189710395], [-6.423040754182143, 36.81489369726813], [-6.4231491296329715, 36.81509780875733], [-6.423297412740286, 36.81538411452038], [-6.423730370164525, 36.81636500935694], [-6.423988101311103, 36.81694999984989], [-6.424504623616301, 36.81811995232117], [-6.424658719721834, 36.818442127359454], [-6.424719351511926, 36.81856877645065], [-6.424900188666856, 36.81894874763644], [-6.425284055855743, 36.81982518164286], [-6.425383152607985, 36.820056589318625], [-6.425452238443228, 36.82022353878716], [-6.42567498559941, 36.820636087039375], [-6.426117386113901, 36.82152885062208], [-6.426801927513213, 36.82259708234257], [-6.42692363935275, 36.822805308085314], [-6.427071567625512, 36.82302404424356], [-6.427663561889352, 36.824191798392185], [-6.42826945309059, 36.82494468069106], [-6.428463160408569, 36.82527472025081], [-6.428872627786438, 36.826118864880875], [-6.42902452930773, 36.82640280469196], [-6.429148286611158, 36.8266447568922], [-6.429289745217257, 36.826922241940785], [-6.429443057093524, 36.82723767690852], [-6.429565210904166, 36.8275652733119], [-6.429752041618664, 36.82782342342365], [-6.429837171364868, 36.82794936167145], [-6.430836341404249, 36.82964820053027], [-6.431613161342832, 36.831684578330986], [-6.43216263025941, 36.832614765817965], [-6.43245361883443, 36.83337672092673], [-6.4329938360018994, 36.83429139870172], [-6.433190099026855, 36.83467766488652], [-6.433853831850967, 36.83618794077713], [-6.433912296904594, 36.836343928178906], [-6.434103637161788, 36.83667852640949], [-6.434240941958008, 36.83689755722433], [-6.435629043887878, 36.83970910276122], [-6.4359277543810816, 36.84027034896423], [-6.436032427874637, 36.840472298527125], [-6.43633640069877, 36.8410649280489], [-6.43675578817232, 36.841809637730485], [-6.437186855541198, 36.842635099519974], [-6.437724071437299, 36.84374580884797], [-6.43820494589708, 36.844986540813736], [-6.438297782290116, 36.84518207625435], [-6.438658463063219, 36.846007316887885], [-6.438817304968385, 36.846401410661144], [-6.439129186560298, 36.84715373004785], [-6.439385790321219, 36.847774750220815], [-6.439570406688538, 36.84829424003081], [-6.439783053187623, 36.848774624427065], [-6.4398972928406355, 36.84903711237733], [-6.44019343505047, 36.84974257977089], [-6.440573879658116, 36.85063256469639], [-6.440669666118554, 36.85085053696113], [-6.4409151406514, 36.85127365430907], [-6.441125862959169, 36.85164822140427], [-6.441597548551939, 36.852517536166864], [-6.441879798315894, 36.85304545487088], [-6.442580171623784, 36.85455235410699], [-6.442662676492736, 36.854727909182444], [-6.443227963843135, 36.85573415792358], [-6.44342111240902, 36.85604841458602], [-6.4440485919231705, 36.85723755908344], [-6.444193913285022, 36.85751265536741], [-6.444347740794257, 36.8578055250268], [-6.444702799910325, 36.85840114896572], [-6.445807628895078, 36.860664396956565], [-6.44605189788882, 36.86129701912945], [-6.446121797597733, 36.86142563559547], [-6.446754644545709, 36.86282184008676], [-6.4469987769955255, 36.86325624254763], [-6.44723922275942, 36.86370201757099], [-6.447678199794375, 36.86454972687977], [-6.447990461373659, 36.865119553089016], [-6.448390733596273, 36.865772415530415], [-6.449012167448558, 36.86688962550808], [-6.449230778761169, 36.867324763765275], [-6.449644455644438, 36.86822050244317], [-6.4499565654084465, 36.86896151670988], [-6.450209451940712, 36.86960514178962], [-6.450470385581275, 36.87031835825161], [-6.450512276717921, 36.870443282215504], [-6.451096412519652, 36.87134532272266], [-6.451407070606151, 36.871816073397724], [-6.452072847995824, 36.872927466847855], [-6.4521523318304705, 36.87307382089675], [-6.4522651386705805, 36.87325975198624], [-6.452597347340748, 36.87383123359782], [-6.452768153008857, 36.87414161581662], [-6.453056042396192, 36.8746197796641], [-6.453327176406796, 36.8750916757343], [-6.453604006634663, 36.875592687230466], [-6.453855224097121, 36.87602686545641], [-6.453890779416072, 36.87615872816379], [-6.45400378568217, 36.87657440524553], [-6.4541864868412775, 36.87685290556229], [-6.45427792635406, 36.87699215318407], [-6.454550743807527, 36.877407681294955], [-6.455240859253195, 36.878462034387766], [-6.455483115122374, 36.87880186556777], [-6.455761916253973, 36.87924875419836], [-6.456314900278259, 36.880214742034894], [-6.4565422477069765, 36.880647355567014], [-6.456931124800209, 36.88137034388091], [-6.457514628187985, 36.88258095925665], [-6.457699185266462, 36.88301256637682], [-6.457884919137971, 36.88340809894971], [-6.458249344089177, 36.884163328338374], [-6.4583121426157355, 36.88429664995649], [-6.458675638708943, 36.88506992526468], [-6.458761527531561, 36.885256629723315], [-6.459126281266172, 36.88606140298403], [-6.459287532452919, 36.88643061632332], [-6.459566335381146, 36.88709373270074], [-6.459667920466714, 36.88734079960481], [-6.459798543593857, 36.887668107595914], [-6.4599062444099316, 36.8878992223236], [-6.460069238328315, 36.8882526108872], [-6.460474126094883, 36.88878139489657], [-6.461594141099535, 36.89024661483386], [-6.461808930978926, 36.890593985508495], [-6.4623407165591065, 36.89157630886719], [-6.4624777590472755, 36.89176602207417], [-6.4627766977126075, 36.892214545442116], [-6.463012468643742, 36.892723476729465], [-6.463654922175376, 36.89364850531425], [-6.463773200653907, 36.89381849111178], [-6.4643241886216085, 36.89463131021886], [-6.464733938968798, 36.89522751057292], [-6.464932404662835, 36.89550777552424], [-6.4655022213189, 36.89641464003882], [-6.465634528787201, 36.89657295427793], [-6.46613069886136, 36.8971959054434], [-6.466554680319266, 36.897753388254266], [-6.467000365972744, 36.898364296129174], [-6.467316864006907, 36.89881229653546], [-6.46775656238903, 36.89945716066696], [-6.46792715246147, 36.89965940281165], [-6.4686682077736455, 36.90061079819072], [-6.469464874191803, 36.90171373131612], [-6.470261713086469, 36.90293603404584], [-6.470405725602917, 36.903127783524496], [-6.470764248622727, 36.90362409704184], [-6.471178910059547, 36.904163816728435], [-6.471304821523048, 36.904331318831154], [-6.47182591445641, 36.90503009881522], [-6.472340294279664, 36.90570429524717], [-6.472671127629141, 36.90613834390315], [-6.473106517691153, 36.90669772092373], [-6.473364447365422, 36.90703929903488], [-6.473586071627499, 36.90730310601248], [-6.473717715240812, 36.90746142711266], [-6.474097889455564, 36.90792781272665], [-6.474507523021763, 36.90841360799039], [-6.475012832555591, 36.90904526147158], [-6.4752544245697825, 36.90936253753724], [-6.475937653530467, 36.91018268482718], [-6.476403468632839, 36.91078170211471], [-6.476584275245035, 36.9109723645325], [-6.477118336257862, 36.91154910811888], [-6.478050953711115, 36.9126637601037], [-6.4782114179736725, 36.912834745722265], [-6.478360242765104, 36.912992557597335], [-6.479023604584982, 36.913709656683885], [-6.480233753850301, 36.91464946776589], [-6.480629566835857, 36.914991490047996], [-6.482058901437233, 36.916262717523146], [-6.482778329808954, 36.91697364158485], [-6.48304224405962, 36.91724069281976], [-6.483533200311857, 36.91774658942077], [-6.4838424318737, 36.918073122786176], [-6.484481478095444, 36.91876612400425], [-6.484672529993436, 36.91897674867378], [-6.485144574014014, 36.91950571910958], [-6.485323444756731, 36.91971444429602], [-6.485782191914472, 36.92015145185], [-6.486472256156173, 36.920701040098194], [-6.487208228800437, 36.92131910103666], [-6.48766476071267, 36.92172237942831], [-6.487793988756188, 36.921837960721064], [-6.488448350355213, 36.922426876788776], [-6.4892319364045346, 36.92320795123924], [-6.489874077322446, 36.92378595744019], [-6.490332485815282, 36.924229713727954], [-6.491301401494217, 36.92542877823958], [-6.4918781863819675, 36.92614158881366], [-6.492064948824487, 36.926372596356096], [-6.492255847110541, 36.92663276454638], [-6.492457996795576, 36.92688584189203], [-6.493080461015497, 36.92744638879821], [-6.4933356247770035, 36.927677631516985], [-6.493523438248426, 36.92788157687886], [-6.493718743669275, 36.928092059318004], [-6.494488283660781, 36.92891630587987], [-6.495186192889865, 36.92933496656648], [-6.495599673042102, 36.92966515205842], [-6.497371771518241, 36.93133377294966], [-6.49839599736753, 36.93213471552391], [-6.4989052711667155, 36.932599460997686], [-6.499261098342335, 36.932933587417], [-6.500041997530605, 36.93368538266126], [-6.500709143952787, 36.93433466308636], [-6.502059279485464, 36.935806186412044], [-6.502198029670981, 36.93597552611175], [-6.502594797565685, 36.9363872678982], [-6.50318795155451, 36.93703196228743], [-6.50350159204774, 36.937389844251655], [-6.503961502523756, 36.93790107266718], [-6.5043286484719705, 36.93828214796923], [-6.504719092227041, 36.93870082542297], [-6.5052458014275905, 36.93926863775524], [-6.505478369864772, 36.939514036534774], [-6.505704005104555, 36.9397956774415], [-6.50606141241677, 36.94012072490694], [-6.506519398701435, 36.94055091164395], [-6.507486666870128, 36.94153139489416], [-6.507658863130311, 36.94169523509746], [-6.507853766105927, 36.941887682645394], [-6.508187214451189, 36.94219090705926], [-6.50870535821548, 36.94267787044719], [-6.509065603305693, 36.943029852235114], [-6.5092921674034745, 36.94323938318462], [-6.509523562640879, 36.94348930955128], [-6.510023779625395, 36.94394075530814], [-6.510202104192444, 36.94411566978889], [-6.5106555476967225, 36.94450317556025], [-6.511470416677465, 36.945244872958945], [-6.511687534990067, 36.945454675659896], [-6.512723545837545, 36.94626414246305], [-6.513585069720908, 36.94702020636815], [-6.514105912922645, 36.94749579860105], [-6.514709953594395, 36.948068028779375], [-6.5150860413729506, 36.948435287976665], [-6.515305164725241, 36.94865403208432], [-6.515813649803608, 36.949100703311174], [-6.516153126742758, 36.94939246209432], [-6.516283745378315, 36.94950571275736], [-6.516976928570671, 36.949994203023884], [-6.517246536343641, 36.95022721299002], [-6.517438421878206, 36.950394958503345], [-6.517750036670514, 36.95067177013371], [-6.517863735537708, 36.950783271549], [-6.519781277546537, 36.952415674127835], [-6.5201776097583135, 36.95280258707244], [-6.520491838648075, 36.95312436299485], [-6.52086787522263, 36.95343979593368], [-6.521048119489443, 36.95359436659164], [-6.521622566062515, 36.95409310823079], [-6.522062756721381, 36.95441113866916], [-6.522620411985174, 36.954838296495815], [-6.523643055901242, 36.955679594031935], [-6.5242038408954555, 36.956174225304125], [-6.524562980159507, 36.95649915838441], [-6.524740672312599, 36.95666280703812], [-6.52495445068896, 36.95683664570599], [-6.525421317718532, 36.957230451046435], [-6.525863776623536, 36.957615969918606], [-6.526086769019758, 36.957791783299456], [-6.526313767003839, 36.95795171013434], [-6.5268228530551635, 36.95830596503126], [-6.528384354987661, 36.95952085442001], [-6.528651999043409, 36.95975164593247], [-6.52889378329708, 36.95993140087106], [-6.529367418233984, 36.960261919640985], [-6.530624679644413, 36.96121554853973], [-6.530777858570009, 36.961341625777266], [-6.530933497082892, 36.96145636818494], [-6.532064701502724, 36.9621411941929], [-6.532435255659125, 36.962400444249205], [-6.533056643697326, 36.96285268089116], [-6.5333128773523415, 36.96304100592143], [-6.53372202942153, 36.96326981863087], [-6.535691039506294, 36.964517510901096], [-6.5362577210420225, 36.964924063366], [-6.536376037249764, 36.96501288219287], [-6.536763699820753, 36.96523557083803], [-6.537368149225983, 36.96559368995289], [-6.5377853016910885, 36.96584702477095], [-6.5382983654824605, 36.96616732300364], [-6.53975856260375, 36.96722516068722], [-6.539903513859665, 36.9673131808616], [-6.540549747502019, 36.96771283105026], [-6.541809184632051, 36.968605453531396], [-6.529758768389225, 36.98205791305344], [-6.529587780363071, 36.98224995147855], [-6.528701670488716, 36.98334846360917], [-6.528650329075305, 36.98341080580917], [-6.528184414259922, 36.9839877683262], [-6.527721264459006, 36.984560141899436], [-6.5265622131636505, 36.98579514529071], [-6.526094193595602, 36.98644874322259], [-6.52532290817747, 36.98701450472262], [-6.5249085377948095, 36.98753811779418], [-6.524446281817571, 36.98788746479509], [-6.524027541131031, 36.98831660390331], [-6.522950172746184, 36.989163987794065], [-6.522535046880331, 36.989671847901484], [-6.522438678311607, 36.98981210647907], [-6.52336553486894, 36.99037694463226], [-6.524386256390287, 36.99096376028373], [-6.524642980525451, 36.99111154244533], [-6.525181765778349, 36.991419868213065], [-6.52600940790412, 36.991967362443816], [-6.527660884197167, 36.99297910853627], [-6.528546104739397, 36.99348432864373], [-6.529472212101785, 36.99390949073052], [-6.530956085220708, 36.99450948718566], [-6.531672069451591, 36.994891337499176], [-6.532619768720146, 36.99545998356716], [-6.533561776263058, 36.996231505265044], [-6.53428514823887, 36.99676853303389], [-6.53434720026544, 36.996827497212465], [-6.535111247957292, 36.9972799683661], [-6.536517759960576, 36.99813221423675], [-6.538993466577953, 36.99960797096764], [-6.53997361119794, 37.00023414934563], [-6.54119662164317, 37.00097243919169], [-6.542542876453818, 37.00180163420537], [-6.5449322846168, 37.00333389709635], [-6.54563644612025, 37.003779079580994], [-6.545760824159538, 37.00389473508979], [-6.546432445988461, 37.00427781880797], [-6.548055460958369, 37.00530363458129], [-6.550965221842939, 37.00715354584703], [-6.552434758748251, 37.00807353021819], [-6.553507868220326, 37.008780142086], [-6.554150681976396, 37.00917981047387], [-6.557753567662843, 37.01154482741207], [-6.559008931831369, 37.01232925456572], [-6.560078801978544, 37.01296382606563], [-6.561348799703054, 37.01374103117523], [-6.561396530787363, 37.01378292416658], [-6.5615944467124425, 37.01395663522718], [-6.56163703045015, 37.01399462673541], [-6.561689699573572, 37.014041615960764], [-6.561836138439613, 37.01418414070489], [-6.561836073760921, 37.01418416796205], [-6.561880710149097, 37.01422760934301], [-6.5619647062213975, 37.01440493596613], [-6.562030639868326, 37.0145290816428], [-6.562091628289599, 37.014753403520594], [-6.562013259264185, 37.014991309398276], [-6.561980588435613, 37.01509048689711], [-6.56180226836015, 37.01563180563028], [-6.561796907214539, 37.01564494044149], [-6.561616727626418, 37.0160864336091], [-6.561310469488202, 37.01683684553454], [-6.560711267142552, 37.01848092843116], [-6.56040296174375, 37.019312386149934], [-6.559996368076496, 37.02038667914179], [-6.5597533441477305, 37.02105136789661], [-6.5595141111094835, 37.02169946365225], [-6.559136690231068, 37.022714280375716], [-6.559043151355469, 37.022970898433854], [-6.558929459674817, 37.02325782049469], [-6.558744283657074, 37.023781607852364], [-6.558651150819995, 37.02403184568323], [-6.558417337317836, 37.02463646124395], [-6.5583409939934425, 37.02487218890588], [-6.5580820168835245, 37.025561596372256], [-6.557895743124527, 37.02606207310935], [-6.557502973631172, 37.02712899137922], [-6.557124595148684, 37.028130116687265], [-6.556793757307621, 37.0290271011967], [-6.5565921960191185, 37.029574721178356], [-6.556144909567814, 37.03079675765685], [-6.555786054171344, 37.031728323533706], [-6.55546149555416, 37.03264484288234], [-6.554967817406617, 37.033935691545715], [-6.5540409779172615, 37.036440784568015], [-6.553994234979793, 37.03656371392142], [-6.55381468511067, 37.037038190102166], [-6.553779994869357, 37.03713038963734], [-6.553577561316707, 37.037527148178675], [-6.553368999457191, 37.03793190354544], [-6.553099479719137, 37.03832454123028], [-6.552967400422898, 37.03851695167715], [-6.552376025996655, 37.03934204493339], [-6.552184622857364, 37.03962236491752], [-6.551826923592694, 37.04014622585735], [-6.551225356881217, 37.041008242568076], [-6.550741278130824, 37.041701957057704], [-6.550027190243481, 37.04273211756326], [-6.549636120362633, 37.04327032106868], [-6.54925361681634, 37.04382032207309], [-6.548675532964688, 37.044649471152184], [-6.54829801686488, 37.04517801311311], [-6.548270731436443, 37.04521621342846], [-6.548272216351577, 37.04521604923555], [-6.548046950319368, 37.04554815556375], [-6.547503943882943, 37.04633097545909], [-6.547389176918867, 37.046496787609], [-6.546852266449979, 37.047309631295946], [-6.546291118536404, 37.04810809528677], [-6.545415443492365, 37.049418693569535], [-6.544759976067213, 37.05035229726687], [-6.5442707625466445, 37.05110402251254], [-6.543502738013009, 37.05221747641646], [-6.543460917843268, 37.0522781053062], [-6.543461150506949, 37.0522785182596], [-6.542965714356386, 37.0530057155963], [-6.5424719841065455, 37.05374119211598], [-6.542042152819508, 37.054353863678244], [-6.541462191488954, 37.05523141281972], [-6.541108494218852, 37.055734862711724], [-6.540587709407627, 37.05651299229456], [-6.540096621103049, 37.057243734916895], [-6.539623860226887, 37.057932079278444], [-6.539216732062026, 37.05853476607875], [-6.538997606913108, 37.058853805074875], [-6.538890681343128, 37.059009484876256], [-6.538891322740256, 37.05900937734591], [-6.538361053516243, 37.059785544272465], [-6.538111360494827, 37.06015568573506], [-6.537840214806092, 37.06056366385612], [-6.5373513264756395, 37.06128038033231], [-6.537112565052902, 37.06163624356311], [-6.536721162795395, 37.06220357869879], [-6.536232902387346, 37.06293422135368], [-6.535651302529688, 37.063779243569975], [-6.535282303357061, 37.064329630698396], [-6.534915912892006, 37.064861340113715], [-6.53447138516692, 37.06553487349734], [-6.53395518715354, 37.066289590788806], [-6.533564494565108, 37.06687316882286], [-6.533283832124257, 37.06729151002331], [-6.533233440230077, 37.067366621087196], [-6.5332336001301945, 37.06736660746817], [-6.53309464872206, 37.067574338043364], [-6.5324923561718276, 37.06848197306975], [-6.532129193353611, 37.06902162821388], [-6.531387344829031, 37.070101399330525], [-6.5306382990024066, 37.07119382298866], [-6.530216579502392, 37.071822072623306], [-6.529954407085031, 37.07218475783238], [-6.529866250914639, 37.07232247950578], [-6.52924728203949, 37.073225163843375], [-6.528655841137895, 37.07411442389921], [-6.528224786345443, 37.07477550953883], [-6.527602149648944, 37.075710868944775], [-6.526738406028554, 37.07698458857519], [-6.526358961245811, 37.07753656339219], [-6.52581394527808, 37.07834291822708], [-6.525479118018874, 37.07882571691997], [-6.5248898591250954, 37.0796831554797], [-6.524279049647649, 37.08057856117154], [-6.523232572528789, 37.082127736721446], [-6.522546191379756, 37.08306893205592], [-6.52200636857271, 37.08389671202616], [-6.521666161303254, 37.084424372178056], [-6.520891225131818, 37.08554690532413], [-6.520702954417939, 37.085821624111325], [-6.520136036625274, 37.08665046971513], [-6.519827493172976, 37.087092520294206], [-6.519374408994803, 37.08774390612881], [-6.518909991671016, 37.08844469748768], [-6.518794740515004, 37.08862834809929], [-6.518567800921402, 37.08895935648623], [-6.518280746069005, 37.08938304121381], [-6.517915773145469, 37.08991221599586], [-6.5175362762604285, 37.09045901690735], [-6.51711952534226, 37.09107570634237], [-6.516811699643842, 37.09151474448062], [-6.516229071215173, 37.09237983920281], [-6.515519783924718, 37.09341659387705], [-6.514038338952017, 37.09559148536155], [-6.513801110953457, 37.0959440377608], [-6.5127433752491415, 37.09750043905203], [-6.512513755981064, 37.0978897419857], [-6.512311533532499, 37.098276656980254], [-6.511768385162265, 37.09940876070928], [-6.511370826750117, 37.10024692312442], [-6.510205118040206, 37.102743359510725], [-6.509185977553751, 37.10490409230348], [-6.508497900385464, 37.10618205048256], [-6.505392337311685, 37.11031453922293], [-6.503652341928852, 37.11263169383514], [-6.50250209053003, 37.114132756093014], [-6.502614012529599, 37.11415441559267], [-6.502614409584949, 37.114153888360576], [-6.502886869508937, 37.1142064238685], [-6.505054471950162, 37.11494234122546], [-6.508878886677226, 37.116300785688914], [-6.513879922848307, 37.11802915925867], [-6.516468565663176, 37.1189301567396], [-6.517596738268936, 37.11932136806483], [-6.520818449915695, 37.12044051117805], [-6.525118768724099, 37.12194229964378], [-6.526020453588864, 37.12219110068163], [-6.528012476714537, 37.122904377362396], [-6.531785726996286, 37.12419664190508], [-6.532525450106898, 37.12438528836713], [-6.537661348554926, 37.12542600415581], [-6.538164197603204, 37.124094221247795], [-6.5384124748797285, 37.12411012351526], [-6.5409713376446526, 37.12465160511616], [-6.544135103464006, 37.12536148439589], [-6.548033044398767, 37.12620085867576], [-6.553121966347313, 37.127284207797004], [-6.5546797654242415, 37.122732881084666], [-6.554995954437936, 37.121903425996955], [-6.555652734301714, 37.120093305302746], [-6.555960992988099, 37.11928061135348], [-6.556507949316829, 37.117910168399106], [-6.556999774239926, 37.116667809592805], [-6.557662253914221, 37.11482895876731], [-6.55858237400522, 37.11207696658628], [-6.559648865588612, 37.108886210252244], [-6.562009527662508, 37.10234990025969], [-6.564111904329284, 37.095417485305546], [-6.564086499973035, 37.094875347524905], [-6.564763609610025, 37.093484790213715], [-6.566088985776835, 37.08961875125638], [-6.562636964955862, 37.08642192514298], [-6.562354285797193, 37.08616014195864], [-6.561628236841863, 37.08548824506088], [-6.559791498292818, 37.08378661329933], [-6.558161136900512, 37.08227696047588], [-6.556100022549681, 37.080417583602866], [-6.554045218863725, 37.07856698924566], [-6.552387878368493, 37.07719320301187], [-6.544418450070918, 37.070587065215705], [-6.544320185158622, 37.07071827230427], [-6.542440851193739, 37.07358202749875], [-6.5409322555398965, 37.075900911206496], [-6.540922036305216, 37.07589625187669], [-6.5409202190134215, 37.07589901837619], [-6.539153546361585, 37.07509419999424], [-6.538229092797621, 37.07467304139843], [-6.5370171549865805, 37.07412167860526], [-6.536040853359377, 37.07367750253885], [-6.531188813558006, 37.071459472406715], [-6.531066356116778, 37.071402092830446], [-6.531026110693715, 37.071383235077555], [-6.531039110214212, 37.07136546320005], [-6.531086740687214, 37.071300342618905], [-6.5311267309887, 37.07123833699363], [-6.531575931749888, 37.07060554615098], [-6.5324215329948325, 37.069357300233044], [-6.534064350426856, 37.066936563580526], [-6.535011005853051, 37.06554338773823], [-6.537078490157533, 37.062504052696546], [-6.53789748599871, 37.06140522071782], [-6.538476894865381, 37.06059058030899], [-6.539396261269882, 37.05925224152851], [-6.539508113200845, 37.05910024406167], [-6.54037709310105, 37.05779718967898], [-6.541553399236352, 37.05607050749943], [-6.542278096227217, 37.055024016935], [-6.54291472238758, 37.0540026807342], [-6.543511107616499, 37.05307939763404], [-6.5437308292467895, 37.052755920230446], [-6.543998333165358, 37.052362090365676], [-6.544130769092778, 37.05217343589669], [-6.544244486824578, 37.05206192176506], [-6.544342947569607, 37.05193960180933], [-6.544399196479428, 37.05187260194948], [-6.54439978397763, 37.05187180399889], [-6.544637109892539, 37.05155015322907], [-6.544783089719464, 37.051331811770154], [-6.545995768640643, 37.04959049274593], [-6.547575665375237, 37.04727282656059], [-6.5485017835173895, 37.04592746654933], [-6.549040302868979, 37.0451311707729], [-6.549204685582809, 37.04488809935323], [-6.550233697655933, 37.043366465234335], [-6.550541999461447, 37.04280314655366], [-6.552665590741943, 37.039772049469555], [-6.552925914426444, 37.039400459804675], [-6.5534123575426975, 37.038650919702135], [-6.553560795160247, 37.03842219821029], [-6.553903847394211, 37.037893588418996], [-6.5542868989128324, 37.037179365194426], [-6.554516918829548, 37.03653504787243], [-6.55466527020881, 37.03604859464327], [-6.554905236272355, 37.035455782184634], [-6.554915513897514, 37.03542897585418], [-6.554924410812101, 37.03540577433721], [-6.555561351382814, 37.033744577494964], [-6.55638008222098, 37.03153747428552], [-6.556629406034823, 37.03085000497101], [-6.556694303025901, 37.030671063727645], [-6.557183621649363, 37.029321813012594], [-6.557771246507621, 37.02773653198758], [-6.558485332598337, 37.02583662565034], [-6.559228052488734, 37.02375341463533], [-6.559409444802471, 37.02326327413637], [-6.559412289766978, 37.02325558926377], [-6.559541780118549, 37.02290568970145], [-6.5595426110601975, 37.02290344268156], [-6.5596181261379005, 37.02269939320257], [-6.5601982401820935, 37.021131809255664], [-6.560689793814001, 37.01988275024096], [-6.560993789096028, 37.0197032387757], [-6.561051481598518, 37.01966917127735], [-6.56119943682076, 37.019344890933844], [-6.561142901348365, 37.01930408117867], [-6.56095380508272, 37.019167576555546], [-6.5612321696330635, 37.01840353258994], [-6.5612390579146735, 37.01838462580378], [-6.561557386715388, 37.01751087754702], [-6.56156015981466, 37.0175032659705], [-6.561599295818342, 37.01739584525625], [-6.561752036366088, 37.01696321076416], [-6.561823331158627, 37.01676127274934], [-6.5618355886706885, 37.01672655121743], [-6.562014107273811, 37.016410360615914], [-6.562281671379518, 37.01621537366377], [-6.56228276193426, 37.01621465854216], [-6.562283119463739, 37.01621442471101], [-6.562368449534262, 37.01615847162203], [-6.562522866338359, 37.01605721613701], [-6.5630203201050366, 37.015886851669556], [-6.563816763740979, 37.01575479448544], [-6.564482164736568, 37.015849269237876], [-6.564654605338496, 37.015873753481245], [-6.56484737212038, 37.01596991655296], [-6.565278644305129, 37.01618505881247], [-6.565610716431371, 37.01635071443692], [-6.565624585521025, 37.01635763252672], [-6.5656893729176575, 37.01638995136668], [-6.566535495185451, 37.016923670009284], [-6.566535577830451, 37.0169237216525], [-6.569093006884174, 37.01853681095381], [-6.569093047308343, 37.01853683605762], [-6.569349856783465, 37.0186988113661], [-6.569831657406319, 37.019150539819215], [-6.569942389138133, 37.019299445628604], [-6.569942404409484, 37.019299468580435], [-6.571132444887177, 37.02089972498781], [-6.571516056954522, 37.02131611414871], [-6.571539822783698, 37.021336035078924], [-6.572019724368021, 37.02173837507039], [-6.572019819589447, 37.02173845468197], [-6.572138461885668, 37.02183792173817], [-6.5724626557868655, 37.02135290636351], [-6.572748297589328, 37.021105545831205], [-6.5730637284249385, 37.02073340795267], [-6.573986137423276, 37.02011548169389], [-6.5744467216357485, 37.0197952728732], [-6.574661171951971, 37.019550056126626], [-6.574965693646765, 37.01894174642601], [-6.575836171936861, 37.01798076253048], [-6.576677157637852, 37.01689678325972], [-6.577022092740665, 37.01639085728097], [-6.577152062792585, 37.0161189053438], [-6.577558035724013, 37.0156494241514], [-6.578008942385921, 37.01512002608407], [-6.578582774511312, 37.01442699766817], [-6.57944673732066, 37.01340793071815], [-6.579497903562604, 37.013347578510675], [-6.580407985878637, 37.01384483399485], [-6.583909812892214, 37.0158494607508], [-6.585247297450767, 37.01686086251872], [-6.587179875460846, 37.01798712531523], [-6.589432312102563, 37.01919376462195], [-6.591440359376294, 37.02042127420248], [-6.595041981133124, 37.02252615325571], [-6.597625471211542, 37.02397934593223], [-6.598376082801707, 37.024639025212274], [-6.600492680697732, 37.02590587318747], [-6.604486163751153, 37.02759087211345], [-6.6056500803220874, 37.02812980687376], [-6.608215092055111, 37.02918016863886], [-6.610874708065656, 37.030484346844794], [-6.611800782190384, 37.0310822883229], [-6.6136724598140715, 37.032155902132345], [-6.617479072627155, 37.03403758293974], [-6.619298612930105, 37.034756829589064], [-6.622865067440164, 37.03653079772963], [-6.625636083529099, 37.038065466742694], [-6.629094659356725, 37.04001597334918], [-6.6317495843648615, 37.04149326795596], [-6.635385791260111, 37.04332103143272], [-6.638108994518068, 37.044877161475966], [-6.641409539619207, 37.04637043781138], [-6.643850740149909, 37.04739003122235], [-6.646691040601746, 37.04873289105969], [-6.647997400332333, 37.049530556442214], [-6.649171750835254, 37.050273692141], [-6.651539145782196, 37.05164676223801], [-6.653744279835986, 37.05264864544154], [-6.655637500856831, 37.05358352423829], [-6.657522742143027, 37.054757370804964], [-6.660260873604349, 37.05637557670476], [-6.665060096958608, 37.058857949304745], [-6.6700622865664965, 37.06139013897905], [-6.675277072367832, 37.06367676487294], [-6.680271980232014, 37.06597224532998], [-6.683068453677761, 37.067252494359366], [-6.687022466554247, 37.069323264329206], [-6.691049770279823, 37.071441163699944], [-6.691512194241984, 37.071681268734764], [-6.692615686533657, 37.072236984141675], [-6.69381904543375, 37.07299678665022], [-6.695503382998185, 37.07386770399342], [-6.696436292403894, 37.07421248493188], [-6.696720619971103, 37.07443109597257], [-6.697474076525776, 37.07475218530573], [-6.6982203528463815, 37.07517484785001], [-6.698633623691162, 37.07535339176607], [-6.700247731865016, 37.075998952011176], [-6.700482351155971, 37.07617405952641], [-6.700599685505119, 37.0761411160772], [-6.7011606151280985, 37.07641864331489], [-6.70173515871919, 37.07673403361961], [-6.701850590436585, 37.07690385234001], [-6.702510534166807, 37.077139992506176], [-6.703134227282025, 37.07748311805162], [-6.7056047380438235, 37.078854093939995], [-6.70628873596239, 37.07921558664673], [-6.707012407975499, 37.079659167682635], [-6.707328233171503, 37.07979118109808], [-6.707538212572539, 37.07994677277781], [-6.708014987121399, 37.080208883437784], [-6.708221791876192, 37.08029925892363], [-6.708269460078437, 37.080545515719535], [-6.7083746060858, 37.080503936909444], [-6.708508193653399, 37.08049074666737], [-6.708509203359769, 37.080491193867125], [-6.708845249632837, 37.08064010766039], [-6.709333263004183, 37.08088384356354], [-6.709652823395152, 37.081092306805836], [-6.7103793179148745, 37.081470464734934], [-6.711220480583993, 37.08188331181395], [-6.712720230527251, 37.08261786338566], [-6.7143103015807375, 37.08325496848861], [-6.714888060242241, 37.08351163201361], [-6.715231066662119, 37.08371033819962], [-6.715523173639692, 37.08384532146073], [-6.7165711024360615, 37.08434624164882], [-6.71779432398541, 37.08502183211421], [-6.719113468539121, 37.085714669112406], [-6.721181131608359, 37.086622723362325], [-6.722749803893455, 37.08730768173912], [-6.724548748521884, 37.08819483752339], [-6.725381608062831, 37.08867541080792], [-6.7256736404802115, 37.08880811937695], [-6.726413547745463, 37.08909115592836], [-6.726818222611285, 37.089335184254395], [-6.72734659010181, 37.08967216654405], [-6.727917590737449, 37.089910957686236], [-6.729033778020669, 37.090342048610495], [-6.729525783505149, 37.09054277768534], [-6.729720416087872, 37.090534396667415], [-6.730049475264648, 37.090726740653224], [-6.730650378121138, 37.091023135442995], [-6.73160535643844, 37.091580898179046], [-6.732575434537353, 37.09213817671728], [-6.7334269008827805, 37.09256630206095], [-6.734589460099301, 37.09308146116535], [-6.735487935283537, 37.09347880994187], [-6.736452097976296, 37.09391462119509], [-6.737357989651503, 37.094383793965875], [-6.737995403634421, 37.09479611427976], [-6.7384352682048405, 37.09506827162867], [-6.739462770209978, 37.09557638104418], [-6.740384673456816, 37.0960630416398], [-6.741125689243119, 37.09645180310827], [-6.741657664367854, 37.096770587299446], [-6.742329597013872, 37.09704440630762], [-6.743064621935533, 37.09738604815052], [-6.743679802615122, 37.09779903996971], [-6.7445548910592565, 37.09825111023507], [-6.745286665876218, 37.09867617456864], [-6.746062951317194, 37.09901649142629], [-6.7466926604499085, 37.099345674681736], [-6.7473897971278225, 37.099677225922385], [-6.748074528970019, 37.10005646113992], [-6.748759760275467, 37.10044919146508], [-6.749427174395585, 37.10085824675916], [-6.75036271586509, 37.101319620753536], [-6.751196577925864, 37.101689611072175], [-6.752123326685378, 37.10212196975552], [-6.7529799116313, 37.102574560882616], [-6.753870753830565, 37.10303732150748], [-6.754823373171923, 37.10354090899108], [-6.756185170633619, 37.10422295543048], [-6.757427801182987, 37.104836692892015], [-6.7583676797186785, 37.105309125136955], [-6.759122755037487, 37.105598224803956], [-6.760149475508317, 37.10608139938099], [-6.761083921033163, 37.10651794411516], [-6.76202145676259, 37.10693861914876], [-6.762767258772696, 37.107345105449575], [-6.763672011384149, 37.107784824469014], [-6.764409976491742, 37.10810371428244], [-6.765139947491599, 37.10848816641851], [-6.765857588215896, 37.10877616001028], [-6.766822435424912, 37.10921844830912], [-6.767842540701982, 37.10964771004537], [-6.769048376257306, 37.110118349255416], [-6.769964396437386, 37.110572440703926], [-6.769966263136521, 37.11057336483649], [-6.770199228629052, 37.11076639940414], [-6.7703816270559045, 37.110974552639625], [-6.770609578152539, 37.1109672964462], [-6.770792049342922, 37.1109502273033], [-6.771030384065906, 37.11100344917465], [-6.772045219825536, 37.111601756200066], [-6.772515527402625, 37.111902087442054], [-6.773347418559701, 37.11238008690068], [-6.774151384687838, 37.112748609095384], [-6.775227284327231, 37.113241340099584], [-6.777091216676545, 37.114003973778075], [-6.778412095877051, 37.11460822996991], [-6.779651816783221, 37.115156503090745], [-6.780497913898197, 37.11554390582234], [-6.78158008557489, 37.11593502719564], [-6.78282811769404, 37.11650101834069], [-6.783008151755099, 37.11658310421246], [-6.78309124591888, 37.116620989198], [-6.783178602588688, 37.116660106242286], [-6.783255564852316, 37.116694567877396], [-6.78347820151572, 37.11679556231887], [-6.78357091933114, 37.11683817922507], [-6.783693072243451, 37.116894327431524], [-6.783693531282569, 37.11689453731386], [-6.783393033141941, 37.117323048531546], [-6.782880752681504, 37.11784390589026], [-6.782640648277406, 37.118126344730385], [-6.782453714256675, 37.11827645601512], [-6.782351666538702, 37.11833600633617], [-6.782293861746808, 37.11858560931205], [-6.782111523507061, 37.118640981180064], [-6.781842570605942, 37.11882073711553], [-6.7816495424143355, 37.11897554668323], [-6.7813555786190625, 37.118960158358625], [-6.781137924012259, 37.118931071458235], [-6.780830308519629, 37.118952152961675], [-6.780667603858711, 37.11909473141856], [-6.779824194503085, 37.11920723503507], [-6.779419560061466, 37.11942284680126], [-6.7789874551384415, 37.11952447295892], [-6.778644176529008, 37.11953542585771], [-6.7783158144449125, 37.11954590170114], [-6.778141326582435, 37.11964606000311], [-6.778147925606512, 37.11977873008131], [-6.77833661942689, 37.11996414919302], [-6.778414716262752, 37.120150279844054], [-6.778414813280804, 37.12015083926751], [-6.778227435492307, 37.12030996892383], [-6.777793852840657, 37.120594064647484], [-6.777373362235938, 37.12083044544174], [-6.777306157472883, 37.12103078358409], [-6.777102092579704, 37.121271522298585], [-6.776787565449273, 37.12146848631711], [-6.776698144450934, 37.12184070108529], [-6.776800351170694, 37.12234418932193], [-6.77656168766434, 37.12282251250792], [-6.776477038516783, 37.123025657430894], [-6.778037942171313, 37.123903787718646], [-6.77920858532708, 37.12459390123982], [-6.779490020319068, 37.1246750085364], [-6.785357345936048, 37.12628938227724], [-6.788621855119591, 37.12716695328957], [-6.788083419311331, 37.13021564322423], [-6.787716947099606, 37.13158093963936], [-6.788153757398062, 37.13460969305841], [-6.788206334893346, 37.13530394139178], [-6.788542355115264, 37.13845753568697], [-6.788949916268093, 37.14268764008504], [-6.789398560972109, 37.146781295212115], [-6.7898601890269425, 37.15113353240501], [-6.7899703215824605, 37.15250384699759], [-6.790038652832875, 37.15268183564258], [-6.7912337912497955, 37.15371336364043], [-6.7928477592864684, 37.15502424825699], [-6.7939788307556634, 37.15608482623647], [-6.79503652603581, 37.157007151738576], [-6.795211970604064, 37.15716013843815], [-6.796495474498834, 37.15829237687275], [-6.797169824511275, 37.15912581665467], [-6.797479487264456, 37.159508527687684], [-6.79773654916613, 37.159883154818026], [-6.798180007896037, 37.16041170449869], [-6.798341168352945, 37.16053941344506], [-6.798488740892889, 37.16080343159042], [-6.798490062314687, 37.16080579551329], [-6.79870604336013, 37.16119220140588], [-6.798812342804333, 37.16138237785635], [-6.798813016540789, 37.161387562410475], [-6.798880204235831, 37.161904960084286], [-6.798629885088638, 37.161903984318116], [-6.798468771344113, 37.162728950403896], [-6.797749574737777, 37.16335336121835], [-6.795791836713225, 37.16494088642383], [-6.7936583415066965, 37.16670517351851], [-6.791285053611495, 37.16847034786387], [-6.790921536857021, 37.16879504578458], [-6.7887947736252405, 37.17034282554353], [-6.788781785782873, 37.17035261719043], [-6.787122703454301, 37.17160350521084], [-6.786593444834988, 37.172003280021194], [-6.786590289951716, 37.17200566220457], [-6.784300197729935, 37.17374552001713], [-6.781001188747898, 37.17615944441583], [-6.779341423699733, 37.1774038611268], [-6.77920435156716, 37.17752310054465], [-6.779044074154166, 37.177413355538505], [-6.778139901854404, 37.178158418709515], [-6.777355574694978, 37.178678933836316], [-6.776930040948254, 37.179226283895076], [-6.776023807014919, 37.17993085708399], [-6.775217360638263, 37.180486954189796], [-6.775136851825895, 37.18054246898552], [-6.773921017123112, 37.181371762777445], [-6.773918137124318, 37.18137382187956], [-6.773115955948646, 37.18194696507199], [-6.772903143261198, 37.18240056678053], [-6.772142593609078, 37.18403024727596], [-6.769270269115648, 37.18978489348045], [-6.768403038235291, 37.191518835874376], [-6.767745297174152, 37.192924913987326], [-6.766532593998485, 37.1952821133143], [-6.7663165078501475, 37.19573062804747], [-6.766233800860249, 37.19583363291909], [-6.766047659153592, 37.196030836404596], [-6.765717653152508, 37.196298826462915], [-6.764741348830378, 37.19705515377542], [-6.763867889031848, 37.19772237102558], [-6.762784634885252, 37.19848637480094], [-6.762229007119074, 37.19887668592552], [-6.762059285717494, 37.19901340510861], [-6.762065079851073, 37.19898568634641], [-6.759640561035237, 37.200803330246906], [-6.757883986345507, 37.202167656196956], [-6.756925617786325, 37.20288725996066], [-6.75636493340342, 37.203319464684384], [-6.7551721413860175, 37.2042379352393], [-6.754371867333718, 37.20485340638687], [-6.753456033104904, 37.20556262650779], [-6.7521484363941795, 37.206552274374864], [-6.75204721692293, 37.20662980798509], [-6.751619793120846, 37.206960920614655], [-6.750606507853407, 37.20771825364007], [-6.749662119774986, 37.208435106500275], [-6.749191905622662, 37.20879459461098], [-6.7486891059817244, 37.209158242771295], [-6.748667580550909, 37.20917381092202], [-6.747956187609424, 37.209667057783264], [-6.747517580680374, 37.209985487354366], [-6.746846825725718, 37.2104724473846], [-6.74627406888372, 37.21088697113112], [-6.745882159078087, 37.21114990258603], [-6.745626388953738, 37.21125341225604], [-6.745458545929423, 37.211389339220354], [-6.7452009674964515, 37.211532610499994], [-6.7450524993361665, 37.21160486845749], [-6.744919785829344, 37.21165410685026], [-6.744730180218979, 37.211691635864554], [-6.744607155042487, 37.21170903998601], [-6.744410591980235, 37.21171976419093], [-6.744191094030454, 37.21172220593259], [-6.744032288956203, 37.21175458887156], [-6.743135772997603, 37.21186126202604], [-6.742795354624062, 37.21195083430684], [-6.742322471577029, 37.21201832572889], [-6.742022620223378, 37.2122642198388], [-6.740024574792031, 37.2140348046117], [-6.739400466655121, 37.21469809304218], [-6.738800073143419, 37.21517675345254], [-6.737679948544288, 37.21610524956862], [-6.735794748580626, 37.21750444926775], [-6.734920733623255, 37.21809680111968], [-6.734005921677239, 37.218861176653114], [-6.732474221354283, 37.220104695788294], [-6.731349834249125, 37.221282815858025], [-6.729964979729029, 37.22250853792968], [-6.729336837258187, 37.223093098605894], [-6.728943677895991, 37.22344697463333], [-6.728386528383731, 37.22380601567944], [-6.728257030845651, 37.22417784826074], [-6.726789434301369, 37.22539300845979], [-6.7259348840395745, 37.22605035311746], [-6.724872939728123, 37.22683242921193], [-6.7237669357469665, 37.227720953369534], [-6.722732313694868, 37.22872542838331], [-6.722136219520109, 37.22929581025211], [-6.721376114534018, 37.22987134906313], [-6.720721125910918, 37.230246567049036], [-6.720160662513599, 37.230540006344306], [-6.719827403712858, 37.23096688147288], [-6.719775682312042, 37.231109386740556], [-6.719258988428632, 37.23152143466382], [-6.718239704211708, 37.23229141314042], [-6.714863289198278, 37.23486237504936], [-6.714146906115418, 37.23540901022598], [-6.713824633710613, 37.23563571873786], [-6.713280028272954, 37.23600269403933], [-6.712989774519826, 37.23624505630457], [-6.7127270550284655, 37.236411580543276], [-6.711988256284299, 37.237067878667354], [-6.7109391902207705, 37.237983821451685], [-6.7099172272276695, 37.23881559875019], [-6.708404639460693, 37.24005428194669], [-6.70694035320825, 37.241216458017895], [-6.705834257598922, 37.242034177967376], [-6.70401145551318, 37.243324177083544], [-6.7032796914759825, 37.24348870336367], [-6.700917467231834, 37.24248799498055], [-6.699923827221352, 37.24208884082515], [-6.699907999804358, 37.24208248183701], [-6.698585624010587, 37.241551250560825], [-6.697877658141897, 37.241266833467535], [-6.695941878536162, 37.240460953820296], [-6.695678691022514, 37.24036582433672], [-6.695672622004457, 37.24033661036431], [-6.6956601983040995, 37.24031175666671], [-6.6956143824279675, 37.24025688083481], [-6.6955165936227665, 37.240165341167256], [-6.695411972231509, 37.24008527747927], [-6.695270410319144, 37.23997708663096], [-6.695137749812949, 37.23990690692218], [-6.694910312552689, 37.23981040721283], [-6.694631985731557, 37.23972450531112], [-6.694274746404333, 37.23961629320539], [-6.693810535693045, 37.23944835573657], [-6.693321367986562, 37.23928119599039], [-6.692759265163806, 37.239091536808786], [-6.692732216890602, 37.23906760597799], [-6.692721670669178, 37.23901388137115], [-6.69274088114154, 37.23889166100189], [-6.692760749180678, 37.23878293278014], [-6.692781295447857, 37.23869895851554], [-6.6927839131386, 37.238669598002794], [-6.692775321651192, 37.23864509132739], [-6.692750425741434, 37.238625597976785], [-6.692657453702769, 37.23858570800193], [-6.692555912634625, 37.23853257092099], [-6.692383352556751, 37.23842759682682], [-6.692342807994721, 37.238403111527916], [-6.692153516794707, 37.238304506573336], [-6.691862615356238, 37.238175851358136], [-6.691849194525902, 37.23816966582698], [-6.691655731549668, 37.23808050372331], [-6.691455159306304, 37.23796100451194], [-6.691193007550176, 37.23780749561752], [-6.690824115277071, 37.23761539754596], [-6.690570027697286, 37.23747361260342], [-6.6904163726645605, 37.23739456733394], [-6.690079147801868, 37.23723741057379], [-6.689830787880311, 37.23713616578491], [-6.689600890134467, 37.237029554835914], [-6.689482586503151, 37.23690748715963], [-6.689486273189073, 37.23682952194214], [-6.689530747880471, 37.23666644654466], [-6.689564931471987, 37.23659950856114], [-6.689545598828753, 37.23651028380927], [-6.689436817339403, 37.23642983861894], [-6.689150491020685, 37.23624114849928], [-6.688696141116302, 37.23598583477919], [-6.688110768334433, 37.23550105344767], [-6.687663321084681, 37.23523354447743], [-6.687687112964974, 37.2351070446466], [-6.686832825909561, 37.23463662759514], [-6.686201871711871, 37.23453771589618], [-6.685757349376701, 37.23432999218047], [-6.685373529798493, 37.234138341552104], [-6.684910851613121, 37.23386530701087], [-6.6843654287085705, 37.23373856957847], [-6.683701518018066, 37.23363947360596], [-6.683453496761381, 37.233598021105664], [-6.683067230172347, 37.23353346207031], [-6.6826049445507385, 37.233422094832974], [-6.682229778443671, 37.23325411781663], [-6.681965914498642, 37.233064710248726], [-6.681849550329994, 37.23298209711919], [-6.681210614601025, 37.23278040560938], [-6.680554689035054, 37.232537319125086], [-6.679288675338839, 37.23222337554078], [-6.678476591135497, 37.23200309885814], [-6.67757869626292, 37.23180464688248], [-6.676942977400958, 37.2316687044923], [-6.6763486421275156, 37.231459611776415], [-6.676111300941255, 37.2313532045102], [-6.675335407165746, 37.23105067052029], [-6.675318478414211, 37.231044070280156], [-6.674930735893179, 37.230892879705266], [-6.673483702684056, 37.23032862885919], [-6.674279857960799, 37.22957903941356], [-6.67717879324788, 37.2268380734907], [-6.677405965505129, 37.2266080403563], [-6.6776393091884065, 37.22638907555292], [-6.677816113805999, 37.22618763320904], [-6.677992713607687, 37.225666280400155], [-6.6780323302100495, 37.22554004705802], [-6.678039461036776, 37.225517322916744], [-6.678059081140881, 37.22536561197078], [-6.678145209813691, 37.22519384453453], [-6.678322357587741, 37.22495089381883], [-6.678490041610238, 37.22479098082007], [-6.678722319891556, 37.224683368875446], [-6.678798029903696, 37.22464829265447], [-6.679065064901713, 37.224496084255435], [-6.67945141593234, 37.22420705061222], [-6.679757080284208, 37.22392412459321], [-6.679774326141018, 37.22388295573642], [-6.68003736812757, 37.22367452455269], [-6.680458274652245, 37.223268792895496], [-6.680805708868183, 37.222905615470374], [-6.681041961296328, 37.22258616816425], [-6.681280168458524, 37.22230692928003], [-6.681871810582735, 37.22204689586639], [-6.682855915874825, 37.22157329136865], [-6.68369063313177, 37.22113453357679], [-6.684388049185748, 37.22072017915697], [-6.685025052638559, 37.220358041012496], [-6.6857224516245255, 37.219943678750305], [-6.686639733937561, 37.219391583490356], [-6.687487641157821, 37.218862784773755], [-6.688281650359364, 37.21836485733196], [-6.689148618033338, 37.21781431072984], [-6.6898711078635325, 37.21739914401044], [-6.690698555953198, 37.21707130852564], [-6.691974081011649, 37.2166388785277], [-6.692749273202924, 37.21627238844386], [-6.692764043302801, 37.21602142746189], [-6.692994565377761, 37.21314280830071], [-6.693029577215968, 37.21282865234073], [-6.693083813899556, 37.212421554561345], [-6.6931519124862895, 37.21200276317297], [-6.692709253256999, 37.21185441471655], [-6.692479399528613, 37.21177149719006], [-6.691957996676485, 37.21157830543876], [-6.691488414039787, 37.211390252820664], [-6.691119589140332, 37.21123283796586], [-6.690096044214041, 37.21081881406035], [-6.68989600556992, 37.21073721322382], [-6.690655411666736, 37.20939371070802], [-6.689629764682671, 37.20896848564356], [-6.689768683751442, 37.20867361235963], [-6.689862260356287, 37.20843420931962], [-6.690333826473109, 37.20765599054863], [-6.691295598748893, 37.20612148835259], [-6.692749475323838, 37.203841895651024], [-6.6920674348342795, 37.19839244887296], [-6.691969549909356, 37.19761171655794], [-6.691698293727845, 37.19533889096578], [-6.69164416933366, 37.19488537555492], [-6.691596835304701, 37.1944243630686], [-6.69138685231041, 37.1923790851115], [-6.691249330121859, 37.19103950801076], [-6.691249285206103, 37.19103906790446], [-6.691123730373784, 37.18981600986118], [-6.691099945680001, 37.189837021515444], [-6.6911634520790395, 37.18965260810706], [-6.689640770841509, 37.190981619345614], [-6.689628974165191, 37.190991814789875], [-6.689083922264876, 37.19146294128267], [-6.688875682002254, 37.19169240604008], [-6.68877457841363, 37.19182393501566], [-6.688109285215926, 37.19238746272491], [-6.687865279428534, 37.19252569571678], [-6.687533698680771, 37.19291440680155], [-6.6873899646420565, 37.19305588264727], [-6.687209964716988, 37.19323305160589], [-6.687008826534986, 37.19335528800524], [-6.6870083252750385, 37.1933555914188], [-6.686909177318829, 37.19341584617575], [-6.686232771062699, 37.193950429895445], [-6.686143272809277, 37.19405744522303], [-6.685892386825149, 37.19435742838271], [-6.685751707058398, 37.19444964692987], [-6.685715995432586, 37.19447920570147], [-6.685562261348117, 37.19460644847077], [-6.685119256267444, 37.19495132441518], [-6.684764606783152, 37.19528314661141], [-6.684693454822785, 37.195349717677985], [-6.684294724109191, 37.195639159557864], [-6.683678935270133, 37.19610996366813], [-6.683652832024609, 37.19612992024947], [-6.683652089117876, 37.19613048984451], [-6.683651509704514, 37.19613093206778], [-6.683651373160589, 37.19613103654126], [-6.683441019162064, 37.19629185967232], [-6.683048862319729, 37.19660811883281], [-6.682975320840683, 37.19667347155242], [-6.68294339830876, 37.19669707236404], [-6.682918078394172, 37.196715793007456], [-6.682847532796578, 37.196783313081774], [-6.6827405200900465, 37.196885733332074], [-6.682282932657358, 37.197307630424945], [-6.681903720538264, 37.197636997920625], [-6.68168937173168, 37.19782495243297], [-6.681530899034121, 37.19796391177475], [-6.6812110359108985, 37.198275937884475], [-6.681210866129312, 37.19827610460799], [-6.681115931271757, 37.19836871335232], [-6.680127941664417, 37.19923953252698], [-6.680050703617948, 37.19931965961648], [-6.679960078877166, 37.199413671686706], [-6.679602316730398, 37.19971499809379], [-6.679227057198566, 37.20003105902118], [-6.679005946772863, 37.20022525560592], [-6.678916008344929, 37.20030424252198], [-6.678280640724234, 37.20092534617105], [-6.677981884416945, 37.201221322299425], [-6.677496722298286, 37.20170196432625], [-6.674738752442231, 37.20430116062853], [-6.673250677004419, 37.205677867717576], [-6.671751174097864, 37.207065078521254], [-6.6711094365235155, 37.20763559199682], [-6.671108963111346, 37.2076360134043], [-6.671108797821346, 37.20763616007416], [-6.671108754702219, 37.20763619799368], [-6.670680148717222, 37.20801722809096], [-6.670557793683963, 37.2081241784031], [-6.670526080459465, 37.20815189810201], [-6.66964190016634, 37.20892474158839], [-6.667770808244227, 37.21056015331357], [-6.666022404630328, 37.21206236703647], [-6.665982207716309, 37.21209690324461], [-6.6656827570112975, 37.21235417939767], [-6.665176331769875, 37.212789278124475], [-6.664431252903533, 37.21342939973063], [-6.6628139628969265, 37.21483759005707], [-6.662817386376498, 37.21484649242351], [-6.662693744955729, 37.21495392310039], [-6.662495673622085, 37.21510127392949], [-6.662497163028839, 37.21510326772649], [-6.662501103039675, 37.215108536586925], [-6.6625068783086485, 37.21511511389851], [-6.662254080709596, 37.215332400220454], [-6.6622411674273865, 37.2153237897903], [-6.660096310329136, 37.217092867723025], [-6.657768044199331, 37.21911532796544], [-6.657763388231242, 37.21911939189003], [-6.657752627312445, 37.21912878376847], [-6.657740491971255, 37.21913937672434], [-6.657535305980599, 37.21931847027617], [-6.65707730262792, 37.21971551239064], [-6.655740236684315, 37.22082171853315], [-6.655738173254115, 37.2208234253286], [-6.655737461788414, 37.22082401405141], [-6.655411643733165, 37.22109356849845], [-6.65527556064573, 37.22120638461228], [-6.653602451123982, 37.22259337645208], [-6.653597015418212, 37.2225978829728], [-6.653004917848139, 37.22308871085721], [-6.652843592999529, 37.223222441225374], [-6.652373323151652, 37.22380969737621], [-6.652365928220246, 37.223818931302624], [-6.650141647474487, 37.22659639412249], [-6.649764240969092, 37.22706750079792], [-6.649414244757999, 37.22587332843138], [-6.649059641087792, 37.22469281084744], [-6.6487353429820315, 37.22358568150293], [-6.648538672121929, 37.2229093072255], [-6.648144442866223, 37.22159261816431], [-6.647831471617865, 37.22054820013016], [-6.647784405286874, 37.220389739239444], [-6.647763645220652, 37.22032055922965], [-6.646684404746753, 37.22052049213882], [-6.6460388268745465, 37.220646242444445], [-6.644571157566734, 37.22092794465809], [-6.642924130629278, 37.221246682938485], [-6.642233624416473, 37.22138280506718], [-6.642111035821202, 37.22140684881116], [-6.642330054968963, 37.21930097920643], [-6.642493976847048, 37.21776212761633], [-6.642517401316394, 37.21754293468139], [-6.642716378151814, 37.215671918369246], [-6.64040807079102, 37.21554925382249], [-6.640054106721314, 37.215530863351795], [-6.638012201944514, 37.215424732642504], [-6.638180416871362, 37.21384521141323], [-6.635709032947118, 37.21369368374185], [-6.633701894768484, 37.213577400264505], [-6.631591584181109, 37.21345298600269], [-6.628470685068816, 37.21325591889217], [-6.628433669089218, 37.21325480213818], [-6.6281435527783135, 37.213238920764695], [-6.6273002000165375, 37.2131926995745], [-6.624062701376954, 37.21301935841249], [-6.6231879677673735, 37.21294253676384], [-6.622814683630826, 37.2129246850787], [-6.621785244857946, 37.21287736339091], [-6.61964891277175, 37.21276028669214], [-6.619134209555008, 37.21273323545221], [-6.61919190026087, 37.21166838457587], [-6.619194427221772, 37.211625513473315], [-6.619339854584782, 37.20894983743762], [-6.619580427011135, 37.2080032702001], [-6.61959299354363, 37.20787225234908], [-6.619595014753034, 37.2078519196781], [-6.619728007635887, 37.206462687099915], [-6.61979060673649, 37.20585039865071], [-6.619863899382207, 37.205134177338714], [-6.619992121312575, 37.203898783490665], [-6.619795097414579, 37.20378443322272], [-6.619786037006621, 37.203779175019434], [-6.618905487703865, 37.20354731858688], [-6.618066093817565, 37.20333037253498], [-6.617719765427752, 37.203276262568764], [-6.617621748450489, 37.20323223545184], [-6.617396547995268, 37.20313108023977], [-6.617079201053182, 37.20298853570464], [-6.616616092574731, 37.20296274597782], [-6.616329062875153, 37.20294676298267], [-6.616162217879112, 37.202855429881524], [-6.615685420872391, 37.202594425015974], [-6.614695463056245, 37.2021879653564], [-6.6138079679797315, 37.20185881233833], [-6.612801732690645, 37.20148560756802], [-6.611796882603717, 37.20102820084968], [-6.6110035956476745, 37.20066708369253], [-6.610545554565784, 37.200389926013116], [-6.6103180750846935, 37.20028364592722], [-6.609889467303068, 37.20019967530172], [-6.60929318178716, 37.19999142411243], [-6.608762855969263, 37.19989437674252], [-6.6071759236293675, 37.19926344236613], [-6.605217147152372, 37.198465897922496], [-6.604097956801121, 37.198132235718326], [-6.603986557621064, 37.198099023332276], [-6.603796174967942, 37.197989106437426], [-6.603321284186263, 37.197714926374466], [-6.603000397881945, 37.19763943081577], [-6.602891740360128, 37.19761386609308], [-6.6026879117238195, 37.19752050222404], [-6.6017520199113795, 37.19709181133898], [-6.601323834337958, 37.196978982780394], [-6.601163553331674, 37.19693674805612], [-6.60065656754153, 37.19679001363675], [-6.600464569717528, 37.196730990915], [-6.599899684812361, 37.19664547214442], [-6.599673950757897, 37.19658747543328], [-6.5995453209923465, 37.19644003907764], [-6.599492571020553, 37.19637931231175], [-6.599430956473537, 37.196308385763054], [-6.598496457049765, 37.19601312812679], [-6.598182473400078, 37.19591392248112], [-6.597649819149004, 37.19569794413088], [-6.5972523963824505, 37.19553679700934], [-6.596253830909283, 37.19514012284385], [-6.59554843512062, 37.194907083492204], [-6.5948603660371745, 37.19467976166468], [-6.594204543777469, 37.19443697172546], [-6.593794353255802, 37.19428511598506], [-6.593748227460907, 37.19428421148039], [-6.593469731756554, 37.194278755112684], [-6.5933195064915795, 37.19424547877501], [-6.593033819773329, 37.1940450454555], [-6.592928109623956, 37.193970880090596], [-6.591767149408669, 37.19356828615965], [-6.590800836149091, 37.19313815594427], [-6.590378437522737, 37.19306448416868], [-6.590277200085145, 37.19302377864089], [-6.590040934182277, 37.192928777522795], [-6.58970282358068, 37.19292281655767], [-6.5892103428874345, 37.19251073311267], [-6.58901827140157, 37.19241243669486], [-6.588836424540303, 37.19231937195784], [-6.588676902610468, 37.19223231893445], [-6.5884281375487195, 37.19211553867268], [-6.588247775602619, 37.19204475338726], [-6.588159644585047, 37.19201016649736], [-6.588150221257695, 37.1919985170694], [-6.588001757588995, 37.191814956940796], [-6.587023780603805, 37.19142298485742], [-6.586686291636399, 37.191287268820666], [-6.586108451228227, 37.19106964562241], [-6.58518702408845, 37.190729996747514], [-6.584471576151768, 37.19045977850228], [-6.5842297909997995, 37.19041293436313], [-6.584157908709092, 37.1903990075668], [-6.583766711267456, 37.19027031428672], [-6.583101817820028, 37.19006882488055], [-6.582551620369771, 37.18986386126356], [-6.582253977075086, 37.18961803729667], [-6.58224226484043, 37.189608364079355], [-6.581957489013903, 37.18944401222817], [-6.580765325817168, 37.18895036126315], [-6.5790131968898065, 37.18818714982076], [-6.577810127247247, 37.187747850087106], [-6.57736917930856, 37.1875665854589], [-6.576930169035946, 37.18742028655364], [-6.576731325151164, 37.18735402195258], [-6.576504896698978, 37.18724453455236], [-6.576330919079584, 37.18716040772386], [-6.576217656793612, 37.187125823606316], [-6.575797821959075, 37.186997631433975], [-6.5756050991946475, 37.1869408453631], [-6.575229972613452, 37.18680907171411], [-6.574786606410046, 37.18665252521631], [-6.574254886406854, 37.18631055418025], [-6.574175584031888, 37.18625955159935], [-6.573976966522541, 37.186077723031595], [-6.57329328750591, 37.1858032105819], [-6.57243922053772, 37.18547122792294], [-6.571768398209414, 37.18523209338458], [-6.5714486824099145, 37.18508969182427], [-6.571106180843206, 37.18501712865226], [-6.57104218576068, 37.18500357086594], [-6.570768384651992, 37.18488661410317], [-6.570380852336749, 37.18472836745942], [-6.56919287978084, 37.18426734305727], [-6.568381983150263, 37.18396156425682], [-6.567822108149442, 37.183758290266354], [-6.5675946133970005, 37.183621443262076], [-6.567225960974053, 37.18339968345703], [-6.567220668998719, 37.18341001733783], [-6.567371932716171, 37.18298803757894], [-6.567616914073911, 37.18245085984466], [-6.5677455285681114, 37.18202530979882], [-6.567864993721107, 37.181405417673886], [-6.567942680026862, 37.18104627579048], [-6.567932247891469, 37.180824659441015], [-6.56793200714298, 37.18081954349766], [-6.567908858456409, 37.18061480957363], [-6.567903775788532, 37.18050684261254], [-6.568105714369482, 37.180281307534685], [-6.568301751018967, 37.18006236073845], [-6.568593298346115, 37.17965352379735], [-6.568828833918676, 37.17920312567107], [-6.569243385761051, 37.17824997135911], [-6.569242051762861, 37.17821500453427], [-6.569212304052212, 37.178196354456915], [-6.569186339147241, 37.17818007705901], [-6.569314888064386, 37.17792347675194], [-6.569418243729401, 37.17771716105294], [-6.569653243906058, 37.17732033244046], [-6.569803510493531, 37.17706658506498], [-6.569877579283641, 37.17696829502756], [-6.570034459268246, 37.176760110030344], [-6.570345408408871, 37.17647451599328], [-6.570481614565509, 37.17633246725412], [-6.570604495113236, 37.176137752562006], [-6.570696416122996, 37.17598664306765], [-6.570734973611613, 37.1758967661404], [-6.570746756813207, 37.17586929943008], [-6.570748866955823, 37.17580624348686], [-6.570903314302622, 37.175742657109275], [-6.571219730590082, 37.175505526696504], [-6.571404814081324, 37.17534160153208], [-6.571404996439336, 37.175341440484175], [-6.571452079838305, 37.175262803233224], [-6.571546967085148, 37.17506689903552], [-6.571698021495109, 37.174877429845814], [-6.571762045323742, 37.17472716172882], [-6.571868941249283, 37.174516671481825], [-6.572023076880689, 37.17424887468535], [-6.5721959738267755, 37.17401682807313], [-6.572476664115403, 37.17367610470415], [-6.572689110290201, 37.17339145816389], [-6.572940796673244, 37.172887188012], [-6.572966941241268, 37.17282461560307], [-6.573046274158969, 37.17263474424033], [-6.573085757810659, 37.17255978765356], [-6.573104284665064, 37.17252461991978], [-6.573231702603297, 37.17235460043488], [-6.57334738405232, 37.17212713556176], [-6.573541315050775, 37.171835896377424], [-6.573696171131052, 37.17157762817282], [-6.573904813838941, 37.17131123181479], [-6.575070298868341, 37.16970064707358], [-6.575239637587591, 37.16936679907091], [-6.575520393453241, 37.16900249323461], [-6.576498986682707, 37.16754625164303], [-6.577013356624526, 37.16696716933227], [-6.577348324020912, 37.16641277021964], [-6.577768080702036, 37.165742135868086], [-6.578494352439579, 37.16467979775132], [-6.578491308049083, 37.164665818247066], [-6.57845667350329, 37.1645067954772], [-6.578155118045579, 37.16445508234772], [-6.577770541187619, 37.16440138764839], [-6.57762604627583, 37.164380978841955], [-6.577066725535552, 37.164292019461286], [-6.576667460324352, 37.16422524849317], [-6.576424211816779, 37.16418079270607], [-6.576027998182618, 37.164100413569955], [-6.575870226170962, 37.16406689127639], [-6.575512305022408, 37.16398535301551], [-6.574844130029248, 37.16379606149638], [-6.574474607138814, 37.163669827036344], [-6.573876297718545, 37.16342887029116], [-6.573582690554454, 37.163293582880385], [-6.572962581717221, 37.162963185779944], [-6.572702874276995, 37.16280434842209], [-6.572492243597364, 37.16267556588983], [-6.571891445843769, 37.162254486884784], [-6.571593044371, 37.162013479810426], [-6.571540800150707, 37.16197225928526], [-6.5714417537041365, 37.16188965780676], [-6.5713751382359105, 37.16184211799547], [-6.571198836674892, 37.16171004284171], [-6.57107527161091, 37.1616146672972], [-6.570885406387417, 37.16147849465046], [-6.570499880010192, 37.16117254271502], [-6.5701996558557125, 37.16091131645805], [-6.570008562635221, 37.160741395413005], [-6.569738344007858, 37.16050854129987], [-6.56941086047609, 37.160198584205894], [-6.569109439765677, 37.15988558606565], [-6.569019143808233, 37.159798214307145], [-6.568918908890534, 37.159708890142724], [-6.568670884040595, 37.15975690809584], [-6.568300300239788, 37.15981312397037], [-6.567605067091956, 37.15988137218941], [-6.567114867221209, 37.15990740357456], [-6.5666372743071255, 37.159928548117314], [-6.566110254289514, 37.15993090991981], [-6.565851503555064, 37.15992293606199], [-6.564277966892686, 37.15969327742861], [-6.563870934847581, 37.15958390242916], [-6.563647653193826, 37.159518549832164], [-6.563239880936879, 37.159393428642865], [-6.562886345363554, 37.15927343180828], [-6.56237009345125, 37.15908175234181], [-6.56219009622114, 37.159012839023944], [-6.5617990074756865, 37.15885342492087], [-6.561487208528774, 37.15873442308212], [-6.56111122854807, 37.15857455377795], [-6.56081766090985, 37.15843923262146], [-6.560758329880287, 37.1584117337922], [-6.560321648040883, 37.15820638788336], [-6.56019726461168, 37.15814931455992], [-6.5600261912456, 37.158086890317044], [-6.559118913469907, 37.15775153909642], [-6.558727590264145, 37.15757185129634], [-6.558332618101706, 37.1573517311367], [-6.5582684379662455, 37.15732212633423], [-6.558089886125431, 37.15723514394822], [-6.557746660516628, 37.15706076577748], [-6.5570847243231105, 37.156668475173], [-6.556788077260074, 37.15646341377192], [-6.556691093345372, 37.15639425034924], [-6.5562849227846165, 37.156100131121036], [-6.556195596109407, 37.15603299136112], [-6.556121550675455, 37.1559766566914], [-6.556070125718714, 37.15594891783831], [-6.5556102889045595, 37.15565415752961], [-6.5554461792785474, 37.15553745818201], [-6.555215191876291, 37.15538222295544], [-6.5546174609710866, 37.154918168519906], [-6.554435685975021, 37.154754699872], [-6.5542726372593805, 37.154615441946525], [-6.5540741455141935, 37.1545155389902], [-6.553893283206478, 37.15442411867698], [-6.553843688117958, 37.154405336001645], [-6.553753909590141, 37.15436973883118], [-6.553604485622412, 37.154322419104716], [-6.553351201136466, 37.15424668542897], [-6.553190501515303, 37.15419519797028], [-6.552889163449856, 37.15409612856362], [-6.5521498616491485, 37.153800728111804], [-6.55198042142026, 37.15372022195051], [-6.551742770315202, 37.1536102282993], [-6.551560091613955, 37.15352110946821], [-6.551261782667687, 37.15337013803941], [-6.5510411681120155, 37.15327089428511], [-6.55055838922379, 37.153060136642374], [-6.550501982210479, 37.15303479954801], [-6.550185304513263, 37.15289338907902], [-6.5499006283997145, 37.15277804440477], [-6.549762628307473, 37.15271911545163], [-6.549352211410338, 37.152539968431284], [-6.549189414222986, 37.1524660157737], [-6.548807801805447, 37.15228600395733], [-6.54849468053844, 37.15212646039599], [-6.548167269770204, 37.151947075694736], [-6.547825944996526, 37.15178612306248], [-6.54731554470998, 37.15155590987585], [-6.547029472614509, 37.15141807446953], [-6.546620057338936, 37.151207356770264], [-6.546205333020019, 37.15101481197465], [-6.545742291915252, 37.150774162152764], [-6.545146284877044, 37.150431632770776], [-6.544751211205, 37.15022272954745], [-6.544347355602698, 37.149991565037645], [-6.543972801248354, 37.14975501398658], [-6.543896451635748, 37.14970549608098], [-6.543570646156924, 37.14949226326625], [-6.543219383321257, 37.14923474212954], [-6.543165051416242, 37.149216099220375], [-6.5427632394812365, 37.149009642852995], [-6.542665851324641, 37.14897651913396], [-6.541842465416684, 37.148550676743895], [-6.541124024293506, 37.14801808594232], [-6.540705942072072, 37.14757561190246], [-6.540582496484037, 37.14753425461941], [-6.540396711408527, 37.147472239775475], [-6.5403299818543035, 37.147451708969285], [-6.540177278137472, 37.147420238604425], [-6.540002714816503, 37.14743671738872], [-6.538987460441959, 37.147451299398504], [-6.538699707598584, 37.147435122067314], [-6.538021683476648, 37.147365287339106], [-6.537742154709667, 37.147321835541554], [-6.537141733350189, 37.14720012540851], [-6.536948149101413, 37.14715185030002], [-6.536745824244911, 37.14709707928082], [-6.536522706982825, 37.147033919135545], [-6.536461122978543, 37.147012886984534], [-6.535861692460797, 37.1468081538364], [-6.5356179355067665, 37.14670957239923], [-6.535001775663508, 37.14636308422178], [-6.5346730416768475, 37.14621072727672], [-6.534591500700214, 37.146170367413994], [-6.5343333230909115, 37.14608188425589], [-6.533461001457871, 37.14578291306812], [-6.5333606740136725, 37.14573184875989], [-6.53330333005749, 37.14570878481487], [-6.532989411984825, 37.145587513889126], [-6.5329444953223215, 37.145570834923774], [-6.532439085177152, 37.14537418926548], [-6.531933608556698, 37.14517979723504], [-6.531700428366793, 37.14508539687012], [-6.5314272911130935, 37.144967408063195], [-6.531292091967903, 37.144915133784366], [-6.530840791843866, 37.144777681538244], [-6.530519535433644, 37.14467238798074], [-6.529967461402751, 37.14447036738075], [-6.529824538542749, 37.144418320465974], [-6.529689576552758, 37.14438630534796], [-6.529052370979033, 37.14419132002596], [-6.528569971179882, 37.144016498603946], [-6.52832212150141, 37.14393153597162], [-6.528276854495938, 37.14391486594995], [-6.527829468331588, 37.1437592674469], [-6.527739044813423, 37.14372817577775], [-6.527689460504668, 37.14370938185287], [-6.527586354571314, 37.143685422205536], [-6.527169088918474, 37.14357622669703], [-6.5267517945195275, 37.143451260291585], [-6.5262358992384035, 37.14329319181797], [-6.5259723146694055, 37.143206440338865], [-6.525635238028735, 37.14308583922672], [-6.525353659306277, 37.143035658881864], [-6.525053860953255, 37.14296800483716], [-6.524411438862653, 37.14278891778172], [-6.524139399350206, 37.1426979093578], [-6.523124712710928, 37.14225735694852], [-6.522751539965487, 37.142052230687106], [-6.5222649064064155, 37.14175137458455], [-6.5218202133913294, 37.14144476135672], [-6.521304101616172, 37.14103891930328], [-6.521042884107992, 37.14080568083708], [-6.520817255156389, 37.14062319077988], [-6.5205418514532125, 37.140383616413956], [-6.52032861116768, 37.14015345731386], [-6.519828209130263, 37.13975614932542], [-6.519796513872073, 37.13972105226232], [-6.519429005902828, 37.13939862484762], [-6.519281955284064, 37.13927235752934], [-6.519202864911513, 37.13920488344323], [-6.518943598544095, 37.13909321016439], [-6.518237208320447, 37.13868624766393], [-6.517882493259133, 37.138575156538685], [-6.517666169057265, 37.13849824626608], [-6.517569594774306, 37.13848985193537], [-6.517249772973616, 37.1384790808089], [-6.517051320754302, 37.13846920697662], [-6.516802662592075, 37.13849911706507], [-6.516207843126697, 37.13859110660756], [-6.515980535223851, 37.1386226307742], [-6.515333811999645, 37.13870264456559], [-6.514683451496893, 37.13875348303022], [-6.514538056473212, 37.13875779834007], [-6.513972247201632, 37.138830896471774], [-6.513273623811888, 37.13888766140899], [-6.512649658507116, 37.13886310371136], [-6.512294700900687, 37.13884913089128], [-6.5121267186375205, 37.13882436264345], [-6.512118036420307, 37.13882308223071], [-6.511836857448158, 37.13878162133799], [-6.511168577352104, 37.13866178944103], [-6.510423911710828, 37.13854421956834], [-6.50973612469837, 37.1383979281526], [-6.509116170371339, 37.13823160729354], [-6.508101186389688, 37.137865259414056], [-6.507608932970174, 37.13763883512521], [-6.50718424723311, 37.13746671841122], [-6.506962806227375, 37.137385433617496], [-6.50687440032529, 37.13735201262729], [-6.506694753438148, 37.1372748884209], [-6.506582873659409, 37.13722685762306], [-6.506177461276737, 37.13705280928199], [-6.5056037827632505, 37.13682203133491], [-6.505518049349163, 37.13678177388266], [-6.505289134360278, 37.136698455246886], [-6.504387827686257, 37.13628366249646], [-6.504053845741719, 37.1360953335812], [-6.502728041976825, 37.13504665482645], [-6.502365144161584, 37.134642946247645], [-6.502166412566239, 37.1344055687313], [-6.502022210505271, 37.13418008801149], [-6.5015364743631325, 37.13402552295606], [-6.500387004498619, 37.13352794057392], [-6.500305636896826, 37.133483045632694], [-6.499768120065097, 37.13331873928828], [-6.499364006646329, 37.13316327654712], [-6.49935008096279, 37.13315792032589], [-6.49895796903621, 37.13300707081871], [-6.497888643268109, 37.13248907649934], [-6.4977835888888835, 37.13247190549868], [-6.497229014846535, 37.13226529814967], [-6.496894382521733, 37.13214228827766], [-6.496239136082133, 37.13180350393765], [-6.496073072620401, 37.1317138058022], [-6.495916232161702, 37.13159905906837], [-6.495509746292265, 37.131446631564245], [-6.495241492280421, 37.13132165944549], [-6.494575579245153, 37.13098768278714], [-6.4938099091958765, 37.13052600969308], [-6.493670127744425, 37.13042652396947], [-6.493547543640739, 37.130337791781024], [-6.493059975833753, 37.13028009510467], [-6.492424461787697, 37.13014792758104], [-6.491521694453029, 37.12984344314067], [-6.4913946996213285, 37.12977736583026], [-6.4911340624247735, 37.12963644544734], [-6.491134035475327, 37.129636416799286], [-6.490924929236737, 37.12955135207245], [-6.490580625649583, 37.12938569574118], [-6.490560683050287, 37.1293761000417], [-6.4903860972714575, 37.129648553548144], [-6.490218799524513, 37.129909634268955], [-6.489721639506921, 37.13068318811793], [-6.489648854409364, 37.130778917800455], [-6.48947921655108, 37.130974622369514], [-6.489220380476707, 37.13117295555464], [-6.488987446425206, 37.131287091311904], [-6.4887693767967445, 37.13140078787575], [-6.488637221143719, 37.13144043943433], [-6.488295297193743, 37.13145051399933], [-6.488190139508284, 37.131429774015764], [-6.488099300968426, 37.1313966934474], [-6.488026063119933, 37.131422688802374], [-6.487453488635945, 37.13127268952962], [-6.487000392779676, 37.13113108654001], [-6.486694318796065, 37.13094939461522], [-6.4867048102202665, 37.13085373318638], [-6.4866728912816, 37.130806997481685], [-6.48656882864247, 37.13081006206025], [-6.486480724574344, 37.13083649377655], [-6.48595015621133, 37.130487229262684], [-6.485943461965859, 37.130482821808414], [-6.485917068564472, 37.13045842539102], [-6.4855707195134285, 37.130138271817685], [-6.4855818792842035, 37.13010777472346], [-6.485573993872649, 37.130072807113436], [-6.485560297259503, 37.13004806893766], [-6.4854975813779445, 37.130049915294926], [-6.485475366939289, 37.13007390576015], [-6.485473648462142, 37.13007576071114], [-6.484989490659971, 37.129652545654324], [-6.48499026231281, 37.12965159811996], [-6.485060830368265, 37.12956496349515], [-6.4849642201527224, 37.12951249594139], [-6.484893802115916, 37.12962016332175], [-6.4848252768294286, 37.12963223704749], [-6.4847104981872565, 37.129621168868795], [-6.484705424502517, 37.12962067970315], [-6.484539876673751, 37.129434474219444], [-6.4844405014437765, 37.129321746590755], [-6.484455554512971, 37.12927413402138], [-6.484251118615558, 37.129100373923045], [-6.4840798988241195, 37.12893687310714], [-6.4839337528088326, 37.12881008769912], [-6.483902463589198, 37.12873984759065], [-6.483778091838088, 37.128679836336104], [-6.483717402555815, 37.12858049858988], [-6.483608970511137, 37.12846009260681], [-6.48344448359271, 37.12834133658855], [-6.483319427325379, 37.12826636330026], [-6.483199041399225, 37.128191253856876], [-6.483057360010912, 37.12816171499048], [-6.482896822086493, 37.128128983939185], [-6.48285876585779, 37.12811512229892], [-6.482853236727222, 37.1280965579818], [-6.482793025348671, 37.12810956517989], [-6.482796990512326, 37.12811803872976], [-6.482798211322814, 37.128120647904005], [-6.482765109302903, 37.12811897697252], [-6.482751328248132, 37.12811828224316], [-6.4827364557402865, 37.12809999367], [-6.482689744243816, 37.12810136665602], [-6.482690773713156, 37.12812380856423], [-6.482569149908501, 37.12812364096973], [-6.48233040106219, 37.12811942603981], [-6.482084884308512, 37.128171590884115], [-6.481868939195686, 37.128256592702556], [-6.481676502095537, 37.128303450306284], [-6.481417828616204, 37.12837472718056], [-6.481334260141955, 37.12838841974696], [-6.481319740672002, 37.12839064860261], [-6.4810791386012445, 37.128329466061615], [-6.480685467199337, 37.128197435509406], [-6.4806518100205865, 37.128186148675226], [-6.480616703859284, 37.12816797041563], [-6.480601986760004, 37.1281603498839], [-6.48045883123632, 37.12808622513244], [-6.4802702820447085, 37.12794594476373], [-6.480176266163717, 37.127812942349934], [-6.480161190636594, 37.12775807353085], [-6.480190277187178, 37.12771493276948], [-6.480215226097567, 37.12767792998912], [-6.480219990761838, 37.12767086376236], [-6.4798622259201455, 37.1275045357963], [-6.479802909263637, 37.1274769591099], [-6.479798939608397, 37.127527358911266], [-6.4792108054053505, 37.127574812862285], [-6.478727903447956, 37.127589001198295], [-6.478186946967007, 37.12756969546336], [-6.477890349311344, 37.12753818029981], [-6.477757595380353, 37.12752737108703], [-6.477663425887424, 37.1275197039364], [-6.477461589714443, 37.12750048914394], [-6.476977368131912, 37.127348773188615], [-6.476595331709543, 37.127234282690324], [-6.476314329705522, 37.12713190840079], [-6.476100767823128, 37.12685658880175], [-6.475762532355735, 37.12646424824479], [-6.475325174084917, 37.12596419240016], [-6.474960482334106, 37.12554245559019], [-6.474380440155147, 37.12486666777194], [-6.474376407617811, 37.12486196991045], [-6.474289252170651, 37.12476042755676], [-6.4742390911434935, 37.124701986027794], [-6.474003993948816, 37.125313160971366], [-6.474003700199699, 37.12531291171902], [-6.473641485104119, 37.12625297613861], [-6.473325137986902, 37.1269818633794], [-6.473151834103963, 37.127459460374666], [-6.472049583284048, 37.13049696734376], [-6.471983002850142, 37.13095492574286], [-6.471901985591318, 37.131512190332415], [-6.471888880967926, 37.131533349976884], [-6.471769006183154, 37.13179914024707], [-6.471651015165528, 37.132015235375675], [-6.4715319425763305, 37.13220773686807], [-6.471396179289095, 37.13241289984892], [-6.471358872255371, 37.13251102795942], [-6.471349407605519, 37.13257822799156], [-6.471348288304669, 37.13264517945199], [-6.471359690620593, 37.13271176775385], [-6.4713673766061595, 37.13278850343345], [-6.47140117302376, 37.13288789366577], [-6.4714118126700155, 37.13293777207253], [-6.471440214704345, 37.13301055426734], [-6.471476963884305, 37.13308309074619], [-6.4715101521424705, 37.13316911546517], [-6.471521551763438, 37.13323570258979], [-6.471549496555278, 37.13329845887971], [-6.471577594959056, 37.133364556748944], [-6.471587928279767, 37.133407751582965], [-6.471613808743112, 37.13349430661109], [-6.471613499722644, 37.13349643576946], [-6.471715530372606, 37.13373621886365], [-6.471827433507569, 37.13399920693933], [-6.470144250278238, 37.133861587328944], [-6.468318682279764, 37.13386325741745], [-6.468142003426298, 37.13386392631225], [-6.463816552451199, 37.1340715970901], [-6.4638187182893345, 37.134072916971995], [-6.463836654052315, 37.13410557526883], [-6.463865926554166, 37.134101687240715], [-6.463967020261289, 37.13422486508921], [-6.463096162882151, 37.13473459958993], [-6.462055680221155, 37.13531911298169], [-6.461268118228413, 37.13575882780524], [-6.461178143867863, 37.13631554855823], [-6.460445097036478, 37.137951947554676], [-6.459722682664772, 37.14045520701842], [-6.4596259574648665, 37.14075985570888], [-6.459506051239063, 37.14125438294563], [-6.460050839034665, 37.14132405789915], [-6.4606886572594435, 37.14139776867259], [-6.461041648453727, 37.1415496268897], [-6.460938031378957, 37.14180717634258], [-6.46077671192023, 37.14206416136056], [-6.460614465400131, 37.14230089973374], [-6.460390310583931, 37.14244484559999], [-6.460196705673889, 37.14325911823136], [-6.460066882047329, 37.14421117360508], [-6.4597867612905935, 37.14502572008851], [-6.4597513020914, 37.14551327517243], [-6.4599759851169924, 37.146013501136416], [-6.460028983023818, 37.146543521145276], [-6.459914393926167, 37.14719330946911], [-6.459733467838057, 37.14766484442926], [-6.459776742380233, 37.147969907303725], [-6.4598617239044485, 37.14856881502146], [-6.460268149586746, 37.14862676411118], [-6.460290196938776, 37.14911038724383], [-6.460049431374614, 37.1501557814705], [-6.459414529979576, 37.15204607989814], [-6.459211186433567, 37.152651160048016], [-6.459096480554926, 37.152665772555615], [-6.458904379424692, 37.15288085797342], [-6.458311906358832, 37.15317521024631], [-6.458069466335013, 37.15355168375734], [-6.4578642363268655, 37.154111769640494], [-6.457422203223318, 37.154539120040475], [-6.4571627769557844, 37.15454669424131], [-6.456584612255793, 37.15451852671599], [-6.456155523875487, 37.15460087635348], [-6.455816103530221, 37.15474817887462], [-6.455385629049428, 37.15542970740473], [-6.455469565832953, 37.15600612527392], [-6.455685856797196, 37.156321907334664], [-6.455794301418266, 37.15680301052854], [-6.455656618431301, 37.156946678212954], [-6.4556702431792115, 37.157245849400915], [-6.455739432320721, 37.15749835173733], [-6.455818048382804, 37.15795780120351], [-6.455721771442252, 37.158377306188825], [-6.455625392093729, 37.15879456084054], [-6.455586729502219, 37.1592123844946], [-6.455515979088754, 37.159559067947846], [-6.455540155447971, 37.16008992943035], [-6.455540428535822, 37.16009023727299], [-6.455550654058715, 37.16010191453131], [-6.455874871316103, 37.160472077888876], [-6.456389301445029, 37.16099989179735], [-6.45643491699684, 37.161367954599456], [-6.4563344404323235, 37.161695235210146], [-6.456032199560027, 37.162026151149576], [-6.455612671050966, 37.16231544153932], [-6.455604867386113, 37.16277741172071], [-6.45594809928313, 37.16334626181388], [-6.456531137343543, 37.16411307811637], [-6.456622373837082, 37.1648492038242], [-6.4568773229012155, 37.16622473537875], [-6.456978520812934, 37.16731419661645], [-6.4570067162347655, 37.16793278485683], [-6.457219917892723, 37.16809098507942], [-6.457455475024814, 37.16829583240045], [-6.457541704308932, 37.16836989627607], [-6.457837355140321, 37.169205913589565], [-6.4581025710498485, 37.16994146141816], [-6.45828602409886, 37.17057353126661], [-6.458697161444834, 37.171117864218665], [-6.458854283076224, 37.1711763414711], [-6.459373476072793, 37.17126252901633], [-6.4599649996193875, 37.171245242983375], [-6.460508845980598, 37.17131268705011], [-6.4607754893131135, 37.171512114152705], [-6.460887783215214, 37.171713799087584], [-6.460974352062502, 37.17191849056467], [-6.461125903240824, 37.17185099120613], [-6.46137745667323, 37.1717197545687], [-6.46163465691549, 37.17171223434214], [-6.461714658179732, 37.171772963049236], [-6.462021383441938, 37.171721199059135], [-6.462109805513637, 37.17196637621184], [-6.46202212634867, 37.17230004308564], [-6.4620343470297845, 37.172567721525276], [-6.461774730319432, 37.17308886068711], [-6.46163362115797, 37.17338129470144], [-6.461265679302428, 37.17378396976555], [-6.46097013626889, 37.17408091838118], [-6.460524882705049, 37.17448585085559], [-6.460199988117916, 37.174702569144635], [-6.45983767690258, 37.17522895806847], [-6.459470638752218, 37.17565187373231], [-6.459081463418316, 37.17615652267964], [-6.458508677830244, 37.17658544765663], [-6.458031461310278, 37.17707241701478], [-6.457770363278012, 37.177339045720004], [-6.456995120781065, 37.178413558109845], [-6.456659344900891, 37.17895943496286], [-6.456478932649121, 37.17952104675536], [-6.456463962224925, 37.180323337574414], [-6.456593283693241, 37.18089842904377], [-6.457034842486286, 37.181545489387716], [-6.457918541282434, 37.182280990092764], [-6.458024203821094, 37.182340970268534], [-6.458072023838616, 37.18338919283814], [-6.458190833221464, 37.185426396740446], [-6.458381895899255, 37.18735787790086], [-6.458423262419762, 37.188264386695195], [-6.458523911460822, 37.18877724495185], [-6.458903560161139, 37.1897549543017], [-6.459138393251136, 37.19038552087801], [-6.459274929089474, 37.19112305945376], [-6.459275253381294, 37.19112481200503], [-6.459281854202, 37.1911626517878], [-6.459344844968036, 37.19152370563692], [-6.45941512646095, 37.19193384013391], [-6.459458371358721, 37.192365039171385], [-6.459462626678205, 37.192407707964186], [-6.459319454086543, 37.192659656296364], [-6.459228872464855, 37.19293033896638], [-6.459499287823283, 37.19321074279939], [-6.4596095910586815, 37.19337194497765], [-6.45926173283798, 37.193650145284266], [-6.4589384291672065, 37.1939073576646], [-6.458824782402311, 37.19423952864771], [-6.458838850917954, 37.194547696680445], [-6.459137057456319, 37.19487008425], [-6.45938349947474, 37.19519173053261], [-6.459556767425027, 37.19559885471004], [-6.45957186541001, 37.19592951626226], [-6.459633167343338, 37.19670930711581], [-6.459814453655883, 37.19729188165178], [-6.459963129326964, 37.19767474356395], [-6.459979188509308, 37.19771609273178], [-6.459989156215702, 37.19774175974444], [-6.460105185312734, 37.197844329676556], [-6.460161706412108, 37.19789429403373], [-6.460257994132459, 37.197979412110385], [-6.460211871032521, 37.19866098295077], [-6.460006315834257, 37.19922207687283], [-6.459976967873917, 37.19930218895448], [-6.459914099278751, 37.199473794242586], [-6.459299006634044, 37.2001089299075], [-6.458973828179295, 37.200325654817505], [-6.45858286519797, 37.20078981035577], [-6.457679990963781, 37.20133199007946], [-6.4572815207616445, 37.20163193717787], [-6.456809511775386, 37.20201736796096], [-6.456056379512533, 37.20245155104745], [-6.455626416173154, 37.202628530527306], [-6.455612841730882, 37.20267602678713], [-6.455537481163379, 37.202939706651684], [-6.455494500370287, 37.2031279098356], [-6.455481464917207, 37.20340533650751], [-6.455387908973628, 37.203615286893616], [-6.455243855134681, 37.203844732602825], [-6.45519787307022, 37.2039093807314], [-6.455172170473301, 37.20394551909268], [-6.455122791878782, 37.20401494379263], [-6.455106293420257, 37.20422039416612], [-6.455120145441966, 37.204258716783634], [-6.45517658120135, 37.20441484828242], [-6.4551773968716475, 37.20441710351679], [-6.455253727619648, 37.20462827815573], [-6.45526871062027, 37.20495669072938], [-6.455028325941811, 37.20533535322353], [-6.454384716278412, 37.20591048388297], [-6.453906102878193, 37.206151944054575], [-6.453084160562906, 37.20677281356089], [-6.452555883802186, 37.20705626109282], [-6.452281408957009, 37.207251215883375], [-6.451907625357175, 37.207530154197826], [-6.4517892139280075, 37.20775884821792], [-6.451621251427745, 37.208031781956414], [-6.4514349336512895, 37.208469675848654], [-6.451037425544812, 37.20879209840023], [-6.450594358480373, 37.209246488244254], [-6.450234699990099, 37.20983583926682], [-6.4501235882709125, 37.21022874454565], [-6.4501073539171, 37.21043643806549], [-6.449995024082383, 37.21084514340017], [-6.4499545334192785, 37.21097245945774], [-6.449902867714016, 37.21109784721724], [-6.449840024271702, 37.21122130883457], [-6.449766502555592, 37.21133832424837], [-6.449684265384575, 37.2114533420101], [-6.449577579664822, 37.21155330489993], [-6.449450138370397, 37.21163810494845], [-6.449304169323238, 37.21169866991458], [-6.449142494131659, 37.21172365251966], [-6.448994839845045, 37.21178201319791], [-6.448873505297956, 37.21187339272982], [-6.4487731751587996, 37.21197767549333], [-6.448685487010662, 37.21211987967991], [-6.448575708391368, 37.21221767825908], [-6.448471409495301, 37.212319822877255], [-6.448287798342801, 37.21252788909645], [-6.448220175863163, 37.21264698362644], [-6.448174233324574, 37.21277445761181], [-6.448150818736695, 37.2129057774403], [-6.448153902653065, 37.21307011398447], [-6.448083291478484, 37.21318929493857], [-6.447986577058376, 37.21329572425645], [-6.447866996022689, 37.213387051876566], [-6.447730601219828, 37.21346084976106], [-6.447576100872434, 37.21350814604359], [-6.4474108369113186, 37.21350845509939], [-6.447245570255211, 37.21350876415519], [-6.447080776112978, 37.2135000504983], [-6.446915612763171, 37.213502608793746], [-6.446589739012368, 37.21354363522699], [-6.446438708856928, 37.21359758330371], [-6.446282597830205, 37.21364042180789], [-6.446122910610371, 37.213674352060764], [-6.445960073897113, 37.21369711410954], [-6.44579549624888, 37.21370866289389], [-6.445630436205306, 37.21371346826934], [-6.4453286040664555, 37.21370648877794], [-6.445208316056652, 37.21379783450129], [-6.445092173771886, 37.213891312731334], [-6.444946454456385, 37.214019436345644], [-6.444803316899011, 37.21408441843523], [-6.444690789434966, 37.21418004108111], [-6.444628639492011, 37.21430347977005], [-6.444559604860769, 37.21442261442117], [-6.444499212022538, 37.21454600120462], [-6.444385352356897, 37.21463941197582], [-6.444235019294105, 37.214693339237954], [-6.444070982431624, 37.21469360751134], [-6.443922161233448, 37.21474974387501], [-6.443817851557616, 37.21485188578055], [-6.443733918367346, 37.21496469620614], [-6.443681534009872, 37.2150901016545], [-6.4436147083358915, 37.215211424874695], [-6.443552803633046, 37.215332601960334], [-6.443436833824789, 37.21542607399642], [-6.4432812429226525, 37.21546889143152], [-6.442992143504661, 37.215502077573916], [-6.442836199564599, 37.21554490569666], [-6.442699970051737, 37.21561869360121], [-6.44261613477785, 37.21573375205333], [-6.442490963526158, 37.215818480872464], [-6.4423371584748175, 37.2158657506386], [-6.442091714484672, 37.21586367101558], [-6.442037278375094, 37.215863210307944], [-6.441991263072974, 37.215878065983105], [-6.4419537458334295, 37.215890178156414], [-6.441883927871251, 37.21591271776763], [-6.441737414445051, 37.21597328931772], [-6.4415989705850105, 37.21604488630089], [-6.4414704593971095, 37.21612971134721], [-6.4413215061465925, 37.21624891465262], [-6.441168153846123, 37.21629842185919], [-6.441023322964453, 37.21636119646965], [-6.4408892269503975, 37.216439423218844], [-6.440767599552521, 37.21652855153745], [-6.440665317374271, 37.21663288438153], [-6.440549517347599, 37.21672634622206], [-6.4404236382234945, 37.21681109181082], [-6.440282629673341, 37.21688051182828], [-6.4401273136556485, 37.21692556970631], [-6.439970384263737, 37.216966170061305], [-6.439811770530634, 37.21700456561244], [-6.439651794053267, 37.217036245218175], [-6.439489858350264, 37.217063474473925], [-6.439258351721752, 37.21708597081217], [-6.439094631964581, 37.217081718634944], [-6.4389441893073425, 37.217133391443106], [-6.438836148029801, 37.21723113201676], [-6.438837682352311, 37.217361726571454], [-6.438624519321896, 37.217532345793565], [-6.4384656262127615, 37.21756849694581], [-6.438313599825641, 37.217620213773365], [-6.43817062576167, 37.21768518274629], [-6.438038912978082, 37.21776559213668], [-6.437922579352167, 37.21785906688121], [-6.437460378172153, 37.21808872466624], [-6.437314838519739, 37.21815151424029], [-6.437178876704845, 37.21822754010965], [-6.43705404771128, 37.21831225182076], [-6.436932935946372, 37.21840136218873], [-6.436861600729629, 37.21852055761242], [-6.436852931987139, 37.21865144895464], [-6.436841201786174, 37.2187846807175], [-6.436824974618872, 37.2189157919309], [-6.436828085484721, 37.21904634136322], [-6.436740416201189, 37.219154750385535], [-6.436579697715387, 37.21920897057606], [-6.435817922761191, 37.21958697067119], [-6.435079180610875, 37.21991023703715], [-6.434612754654111, 37.2201985703726], [-6.434516313321856, 37.220338766120506], [-6.434244724763686, 37.22070027485939], [-6.4341191861010465, 37.220785003823], [-6.433988165020223, 37.22086538844899], [-6.433852020847352, 37.22094141587516], [-6.433710997025847, 37.221010827799645], [-6.433565625358358, 37.22107360850333], [-6.433416253492893, 37.221129747272784], [-6.4332632362640405, 37.221179236254095], [-6.433107276154297, 37.221222049708416], [-6.4329486489464704, 37.221260438086006], [-6.432426332507695, 37.2215976841331], [-6.432356042031643, 37.22171684517755], [-6.432308484322206, 37.221844361063766], [-6.432284236097722, 37.221973450453106], [-6.432284103147051, 37.22210634658337], [-6.432307951621229, 37.22223629391335], [-6.4323020730460225, 37.22242116206332], [-6.432298423191016, 37.22255415969567], [-6.432295022169338, 37.22268489811317], [-6.432292249968396, 37.222817869528974], [-6.432289652938887, 37.22295083641843], [-6.432287483507496, 37.22308153838255], [-6.432285765928646, 37.223214480486455], [-6.432284576559222, 37.22334740804974], [-6.432283461749957, 37.22347807928353], [-6.4322594902066115, 37.223609413384324], [-6.432219140578986, 37.22373671791569], [-6.432162689548218, 37.2238622375369], [-6.4320906383742225, 37.22398145294348], [-6.432003937474562, 37.22409208162211], [-6.431903494147704, 37.224198605000076], [-6.431807272902671, 37.224305007341094], [-6.431714767987997, 37.224415804356724], [-6.431625958742349, 37.22452649462957], [-6.431540764317454, 37.224639333505294], [-6.431459189204798, 37.224754318828396], [-6.431395852587379, 37.2248755335165], [-6.431349874116206, 37.22500300114454], [-6.431321857459132, 37.225134452759704], [-6.431312125111344, 37.2252653741118], [-6.431320779480781, 37.225398014803844], [-6.431309466098102, 37.22552898219247], [-6.431283559583608, 37.22566037280632], [-6.431243205464431, 37.22578767888276], [-6.431188685811522, 37.22591314144375], [-6.431149740250692, 37.22604040417617], [-6.431120317730193, 37.22617189761563], [-6.4311003886056195, 37.22630311472548], [-6.431089952876937, 37.22643405622263], [-6.4311309295286385, 37.226561255846356], [-6.431207890893968, 37.22667840053667], [-6.431117080201886, 37.22691978995376], [-6.43108298374699, 37.22704916463542], [-6.431057954886526, 37.227180529711845], [-6.431042068180725, 37.22731162990726], [-6.431035676667477, 37.22744245449399], [-6.431038705786623, 37.227575258730894], [-6.431032064541714, 37.22770834240536], [-6.43101687942018, 37.22783942237089], [-6.430993609461034, 37.227970736717026], [-6.430961972593355, 37.228100039499374], [-6.43092214668357, 37.22822732929773], [-6.430874408412751, 37.228354847766404], [-6.4308185556599495, 37.22847809660296], [-6.430755140889082, 37.22860156553936], [-6.430683961979235, 37.228720754857214], [-6.4304593831582055, 37.22905611573795], [-6.430232252223456, 37.22933524094094], [-6.430354816564204, 37.229770906909025], [-6.430382988629811, 37.22994577740771], [-6.430366853090679, 37.230079136561145], [-6.430319363653189, 37.23020439528899], [-6.43024280652972, 37.230321488543986], [-6.430004385568482, 37.23044101774621], [-6.429916898642961, 37.23055392144233], [-6.4298790032127044, 37.230681154885545], [-6.429894587186252, 37.23081134206698], [-6.42996216025855, 37.23093101282577], [-6.430209080180693, 37.23108828143565], [-6.430021151724942, 37.23147888954813], [-6.429882046704905, 37.23163383321667], [-6.429783526671066, 37.23174029802077], [-6.429682894697985, 37.23184682633033], [-6.429592843980648, 37.23195755218581], [-6.429513366434181, 37.23207247556872], [-6.429444998352852, 37.2321915814401], [-6.429388009231222, 37.232317115597745], [-6.429342904820826, 37.23244455705771], [-6.429309857598138, 37.23257390151893], [-6.429289044531321, 37.2327051446803], [-6.429007537674131, 37.23405348240272], [-6.428861501253324, 37.23460730126046], [-6.428251091526185, 37.23550117074016], [-6.428104091213091, 37.23679155200666], [-6.427644827524085, 37.237908669417536], [-6.426951990183112, 37.23794436810922], [-6.426661999636368, 37.237991059020175], [-6.426378604520412, 37.23817945654498], [-6.4260228734645155, 37.23827534901573], [-6.425452911281387, 37.23836843217235], [-6.424893024602437, 37.238470231708575], [-6.4243753290974634, 37.23864063082126], [-6.423588098583084, 37.23888189397687], [-6.422495565737902, 37.23925586779193], [-6.42065368523217, 37.239845200330144], [-6.4197595138764605, 37.24008953122019], [-6.419004795188799, 37.239971692925195], [-6.418259748661853, 37.23985356909833], [-6.417419365730382, 37.23977648657201], [-6.416982508719511, 37.23969450227024], [-6.41623622880565, 37.239763351268], [-6.414833980206723, 37.239959244920165], [-6.414597961340557, 37.24012147360283], [-6.413834592775045, 37.24024485767791], [-6.413495207464066, 37.24027041582341], [-6.413335416937965, 37.24018267721551], [-6.413184667056853, 37.23985817470957], [-6.413074661163793, 37.23936356478349], [-6.412993082457915, 37.239061843182235], [-6.4129135105883535, 37.239093419836315], [-6.412275331240842, 37.239224446396285], [-6.411882817767325, 37.23924702694988], [-6.4116836891166304, 37.239329350009974], [-6.411451981265502, 37.23947793335482], [-6.411142716466, 37.23949585885339], [-6.4109435878152725, 37.23957818164166], [-6.410405477197162, 37.23981217651236], [-6.409989624594258, 37.239844434396844], [-6.409670528632288, 37.239909938470696], [-6.409166082379438, 37.24009790997343], [-6.408600776164399, 37.24025609845715], [-6.408104330307466, 37.240355990278374], [-6.407760271960386, 37.240395181328154], [-6.40727963375751, 37.24031442275592], [-6.40631676463877, 37.2401214092389], [-6.405481571274731, 37.23985038736458], [-6.405346714387634, 37.239768676333526], [-6.405125559046143, 37.23988991480089], [-6.404910285873145, 37.23987583908542], [-6.4046172374611805, 37.239722097373196], [-6.40389316839272, 37.23953345697373], [-6.403576207726186, 37.239380401833365], [-6.402936812059771, 37.239218602083874], [-6.402444126550621, 37.239135917029984], [-6.402036613906802, 37.23909132297468], [-6.401248190429711, 37.238798652868795], [-6.401119620851299, 37.238723514519975], [-6.400444927682433, 37.23949972071965], [-6.400289976380764, 37.239769957896385], [-6.4002647139583555, 37.23988105686948], [-6.400200479025639, 37.240164450085246], [-6.400245630148451, 37.24090644955852], [-6.400107146762571, 37.24140596095777], [-6.399489363663591, 37.24252064003641], [-6.398542418979864, 37.24427319444286], [-6.397892734010195, 37.245474373016435], [-6.397733115062307, 37.245641131441964], [-6.3965584456574485, 37.246571324114825], [-6.3962660646937275, 37.24683649168628], [-6.396137401690517, 37.24715552375956], [-6.396108496599612, 37.247361330741064], [-6.396115775648361, 37.24747793111214], [-6.396115818767488, 37.2474782364533], [-6.396134004262095, 37.24755880643313], [-6.396265217582398, 37.248142917618516], [-6.396744750857478, 37.2503230020553], [-6.397102668412744, 37.25204933821679], [-6.397178967719746, 37.25241879415366], [-6.397111102694958, 37.25262120749998], [-6.396977227666488, 37.25271064413586], [-6.396228422588353, 37.253036218192], [-6.395646117553206, 37.25334800079332], [-6.395139789329837, 37.2537634622377], [-6.3949264295683905, 37.254055641641386], [-6.394630793110055, 37.254645247416846], [-6.394140865428827, 37.25555576631855], [-6.393940089267889, 37.25586560225892], [-6.393716324320496, 37.25606347679936], [-6.393064618141457, 37.25642679050833], [-6.392305107840078, 37.25678193005662], [-6.391052844655933, 37.25732237316078], [-6.389553463021953, 37.25793745690341], [-6.388618007790703, 37.25835617551732], [-6.38825588432326, 37.258528723224465], [-6.387669092203278, 37.25874599312327], [-6.387270855563087, 37.25891056080357], [-6.38616491805725, 37.259255307235854], [-6.385708528977156, 37.259450817042506], [-6.385704498236479, 37.25946278494223], [-6.385666402481904, 37.25957590398646], [-6.3852435025956025, 37.25972089973825], [-6.384781794590695, 37.259801683986005], [-6.3842148929677105, 37.25926380826338], [-6.383679212292448, 37.25875431760883], [-6.383277444374868, 37.25857660683764], [-6.383086443680844, 37.258570805494884], [-6.382703466722414, 37.258277681237246], [-6.382283059661025, 37.25767929595658], [-6.381888533961277, 37.25739550743718], [-6.381701841587366, 37.257293209376265], [-6.381701012442345, 37.25729275535661], [-6.381609364520435, 37.25724253647838], [-6.381607242699725, 37.25724137390131], [-6.381220039167851, 37.2571172962259], [-6.380905759074155, 37.25696185153553], [-6.380678065794021, 37.25673410679235], [-6.380371551635934, 37.25655140986003], [-6.380030010368288, 37.25638097545415], [-6.379588636628144, 37.25611653788445], [-6.37928149814094, 37.2559158356402], [-6.378830049794914, 37.25542193528542], [-6.37863214554793, 37.25521811231159], [-6.378409691242536, 37.25509157380584], [-6.378101254689724, 37.25512966179405], [-6.377840206963096, 37.2551641446738], [-6.377647606369575, 37.25512234364503], [-6.377485410155114, 37.25496479841807], [-6.377499180430121, 37.25473691035425], [-6.377847016192962, 37.254382359636], [-6.378159369400417, 37.254163965293], [-6.378188241253629, 37.25400997672997], [-6.378139769957544, 37.25372530205629], [-6.377848234308492, 37.25346112687508], [-6.377777668947963, 37.25339777752011], [-6.376692880478857, 37.25284311570106], [-6.375952057830363, 37.25254891876704], [-6.375224494315427, 37.25255165878713], [-6.374675306571541, 37.25253804377497], [-6.3744543003504015, 37.25240019387281], [-6.374234889537207, 37.25202579047248], [-6.374202092944509, 37.251693367642424], [-6.374149709485332, 37.251588998216405], [-6.373814869649699, 37.25130347921839], [-6.373469052401303, 37.25103629161633], [-6.373032622090187, 37.250877552287726], [-6.372679789897723, 37.25072543545399], [-6.372253216800224, 37.250519109949515], [-6.371853148495185, 37.25010930890387], [-6.371778277509501, 37.2497690748516], [-6.371714239307848, 37.24939924838835], [-6.371466997788843, 37.24920582909655], [-6.371237694727712, 37.249011897318105], [-6.371040726525269, 37.24887560697092], [-6.37085521453761, 37.24872772790774], [-6.370630318611305, 37.24822959150506], [-6.370582112318198, 37.24785928052675], [-6.3705600964072335, 37.24772479582304], [-6.370656576367064, 37.247483289241615], [-6.370843954155527, 37.24726622283871], [-6.370843920019571, 37.24726573944012], [-6.37082777280231, 37.24704144071746], [-6.37073077181963, 37.24673787488164], [-6.370325363928544, 37.246472374444316], [-6.370087990402922, 37.246231370137345], [-6.369880434656522, 37.24558858142858], [-6.369838307262973, 37.24531498552686], [-6.369946268590439, 37.24508216263859], [-6.370045103034629, 37.24486987125626], [-6.370393576601309, 37.24439144006371], [-6.370712648308789, 37.24392510706868], [-6.370755145808242, 37.24380001344632], [-6.370891885564156, 37.24339518529905], [-6.370854833651941, 37.2431011724497], [-6.370752072671638, 37.2429329166472], [-6.3706185641558175, 37.24272273814029], [-6.370618541697923, 37.24272189428709], [-6.370612085505984, 37.2424706515961], [-6.370723976962818, 37.242289542000044], [-6.370912483035303, 37.241984578954046], [-6.371065163395944, 37.24166488780038], [-6.371069101610153, 37.24148458223265], [-6.370828439352256, 37.24134728207763], [-6.3706173523285, 37.24139158874128], [-6.3701219027032145, 37.24097774110439], [-6.369383460590195, 37.240464945794656], [-6.368977952986098, 37.23993140389031], [-6.368617879474165, 37.23934251042029], [-6.36862666769257, 37.23919585202807], [-6.368340490494203, 37.23927382481041], [-6.36802041177531, 37.239587013862966], [-6.36722448467063, 37.23912314277212], [-6.366693325216193, 37.238978335516215], [-6.3661804500710115, 37.23902671357584], [-6.3655355845628705, 37.23863737036776], [-6.365303102363943, 37.238236291316205], [-6.365305638308016, 37.237972684749124], [-6.365417245897201, 37.23774651964809], [-6.365706620199704, 37.23733285010301], [-6.365755166055947, 37.237137760642575], [-6.365818300552453, 37.23697378835552], [-6.365995080915525, 37.23653854520319], [-6.366156846836943, 37.236335728200636], [-6.365409785388773, 37.23623309615981], [-6.365117159184978, 37.2361738461055], [-6.364787242117107, 37.23604808307103], [-6.364549326009038, 37.23587690568752], [-6.3637420792335, 37.235667857541344], [-6.363043674134383, 37.235503010945486], [-6.362922472537932, 37.23546591073869], [-6.362558462608384, 37.23572177262959], [-6.3618181636776985, 37.23596129504756], [-6.361008606435226, 37.23617574923125], [-6.360527504701647, 37.23629302702928], [-6.360029268502365, 37.23641304167582], [-6.3592428024542835, 37.2365727712561], [-6.359073676635745, 37.23666310518957], [-6.359255425580663, 37.23689676295986], [-6.359584906067312, 37.23743700254955], [-6.3596836048658725, 37.23793874683226], [-6.359692296066257, 37.238134460711606], [-6.359699888627024, 37.238305431290385], [-6.359454444636913, 37.23880117812357], [-6.359090592810855, 37.2392079368563], [-6.35847947521127, 37.23963748051171], [-6.3575275942850595, 37.24013750808024], [-6.357007085256644, 37.240458609554366], [-6.356246692809648, 37.240968959821494], [-6.35558220540074, 37.24149009954965], [-6.355052864136395, 37.2420411913093], [-6.354735042883842, 37.24262907967478], [-6.354439179151741, 37.24327941244604], [-6.3541119291819514, 37.2440838002588], [-6.353982396609551, 37.24460553344569], [-6.353890662449387, 37.244855900876765], [-6.353760696889018, 37.24537989774544], [-6.353280588692162, 37.246220149556876], [-6.352982349814469, 37.246841265632256], [-6.35216725266163, 37.2479072417146], [-6.35205684971322, 37.248054524581825], [-6.351969048377348, 37.24816738187637], [-6.351878155040267, 37.24827807446354], [-6.351784348466732, 37.2483865952021], [-6.351687453485243, 37.248492951967215], [-6.351587919253449, 37.248599384380064], [-6.351485469988539, 37.248703647110965], [-6.351380456931813, 37.24880572729755], [-6.351272532435262, 37.24890563996525], [-6.351177845512738, 37.24901418697264], [-6.351097175901923, 37.249129093647916], [-6.351031227881974, 37.24925034137012], [-6.350980603324147, 37.24937565834192], [-6.350946010100854, 37.249505028096436], [-6.350927518280737, 37.24963619315514], [-6.350997704552191, 37.24975358372617], [-6.3510759801528085, 37.24987074600951], [-6.351174509169785, 37.249976071707], [-6.351291188647081, 37.250069621648414], [-6.351423448504703, 37.250149215661644], [-6.351547589388758, 37.25024030129659], [-6.351660672909974, 37.25033620416445], [-6.351765438031667, 37.25043910016413], [-6.351869498874169, 37.250542016759844], [-6.351970496461569, 37.250647273588825], [-6.3520681505194725, 37.2507526225127], [-6.3521626631688255, 37.25086256621723], [-6.352253832288716, 37.25097260557826], [-6.3523416623706614, 37.251082739165305], [-6.352426174075962, 37.251197470359095], [-6.352507166182002, 37.251312302915046], [-6.3525847446899375, 37.25142948279598], [-6.352658800903622, 37.25154676403121], [-6.352729265652843, 37.251666398296834], [-6.3527961380392055, 37.25178838772681], [-6.352859490826306, 37.251910474920116], [-6.352918974569474, 37.252032673462026], [-6.352974865949817, 37.25215722571842], [-6.353026987100941, 37.25228413739798], [-6.35307531376826, 37.25240890446504], [-6.353119873799615, 37.252536030946715], [-6.353173596646864, 37.25268316819438], [-6.353222628491705, 37.25280791457977], [-6.353274046261935, 37.25293484589913], [-6.353327828397993, 37.25305945815683], [-6.353384071917931, 37.25318400013541], [-6.353442426478782, 37.2533084825607], [-6.353503144507163, 37.253430645228825], [-6.353566148747923, 37.253552744061444], [-6.353631616169224, 37.25367477262364], [-6.353699094918393, 37.25379449145831], [-6.353768858981679, 37.253914144320525], [-6.353829326380103, 37.25403856619247], [-6.353882229065502, 37.254163203080395], [-6.353927670344143, 37.25429030372119], [-6.353965195668495, 37.25441762723348], [-6.353994905649899, 37.254547426636535], [-6.3540166242185245, 37.25467970477772], [-6.354030504087977, 37.25480995275876], [-6.354036392544651, 37.25494267875269], [-6.354034188977271, 37.255075636176855], [-6.354023970640921, 37.25520656559417], [-6.354043909646962, 37.25540196221276], [-6.354000072759404, 37.2555293410469], [-6.353829055088879, 37.25599368601795], [-6.353758076503318, 37.25621193277117], [-6.353719513624819, 37.256339162230624], [-6.35368316239854, 37.25646858151824], [-6.353648921314843, 37.25659794052372], [-6.353616967341856, 37.2567272342423], [-6.3535874010909215, 37.256858714195744], [-6.353549366421781, 37.2569859289779], [-6.353506229321862, 37.25711328725884], [-6.353458169454148, 37.25724078689287], [-6.353405259582239, 37.257366170653185], [-6.353347322737971, 37.2574894449853], [-6.353284637399147, 37.2576128521035], [-6.353217003241414, 37.25773189545168], [-6.353144794862226, 37.257851068024245], [-6.3528063482907475, 37.258428273497856], [-6.3522555480709055, 37.259407925916015], [-6.351636572009213, 37.26057420337726], [-6.351270750177753, 37.26096748061896], [-6.350846577378698, 37.26177685798133], [-6.350380135252253, 37.262495080153926], [-6.350081589150719, 37.26354416111101], [-6.3496116076620766, 37.26461611354224], [-6.349186179018246, 37.26539398544708], [-6.34882231731072, 37.26583224972838], [-6.348230787475912, 37.26632425809757], [-6.347412185995163, 37.26688350324929], [-6.344513622610613, 37.26938460404718], [-6.343320404791753, 37.270571581784985], [-6.342660720674659, 37.27032894174877], [-6.3417583593784785, 37.270027834541956], [-6.340855507602184, 37.26971547116155], [-6.340156890500686, 37.26940859673724], [-6.339617555478832, 37.26907469575473], [-6.339193522816958, 37.26871501389579], [-6.338657467544173, 37.26812423860279], [-6.337903131538875, 37.266886414324105], [-6.337559401975167, 37.266362283928345], [-6.336628564084498, 37.264919951933585], [-6.336180907527288, 37.26435144894057], [-6.335387066310702, 37.26353367305477], [-6.334387867525248, 37.262687893375336], [-6.333306841200552, 37.26179936171227], [-6.332584677458803, 37.26128362664491], [-6.332046744707117, 37.260983437735156], [-6.331969831850798, 37.26095643024784], [-6.331986568362853, 37.261052706265524], [-6.332039995664358, 37.26121788162179], [-6.332067034056094, 37.26134776153639], [-6.332081690069972, 37.26146447538806], [-6.3320714681403665, 37.26162018246768], [-6.332027372538011, 37.26177459016313], [-6.331950766007201, 37.26191865153539], [-6.33185887015026, 37.26203160888812], [-6.331914214456603, 37.26210438254916], [-6.331992375971154, 37.262219307151376], [-6.332033800882173, 37.26228796541274], [-6.33210100205194, 37.26240995766141], [-6.332130770423822, 37.26246993491874], [-6.332186460581548, 37.26259450423583], [-6.332211404102053, 37.26265686924793], [-6.332241132049732, 37.26274387604276], [-6.3322734848746975, 37.26281053986055], [-6.332321706439155, 37.26290153011418], [-6.332373170023471, 37.262990179552645], [-6.332428935639687, 37.26307645315231], [-6.332499720189108, 37.26317581855695], [-6.332578425184405, 37.26331100062367], [-6.332635348729045, 37.26343553351788], [-6.332669399369891, 37.26352467277143], [-6.332710335597356, 37.26365416050037], [-6.332732048776098, 37.263739142890174], [-6.332756624885656, 37.26386909066473], [-6.332767805317665, 37.26395887427037], [-6.332775945850761, 37.2640915376736], [-6.332779064801451, 37.26425813049676], [-6.332770442771342, 37.26443406343098], [-6.332766221587815, 37.26455806757019], [-6.332761346430767, 37.264691099532136], [-6.332727732371178, 37.26488350391674], [-6.332687723205051, 37.265010767343334], [-6.332637311547937, 37.26513381969315], [-6.332573882404016, 37.26525723787887], [-6.332511145861224, 37.26536036586331], [-6.332429374915834, 37.26547529050137], [-6.332345424657586, 37.265576764593725], [-6.332245918273568, 37.26568092590327], [-6.332160096824599, 37.2657599257742], [-6.3320584650266145, 37.265843877031664], [-6.331971059847796, 37.265922921770965], [-6.331912470826636, 37.26597637911933], [-6.331876277703847, 37.26611029148701], [-6.3318513701159596, 37.26619658581914], [-6.331891414316373, 37.26630582853827], [-6.331972623814677, 37.266377871725275], [-6.332056615395458, 37.26646109738064], [-6.332151549354683, 37.26656879480961], [-6.332274915890941, 37.26675002048279], [-6.332320866514369, 37.26686134776446], [-6.3323622330348766, 37.266988570673746], [-6.332397780268986, 37.26718353138156], [-6.332505017554358, 37.26735845305249], [-6.332549714129639, 37.267465312055975], [-6.332591786725965, 37.26759251535767], [-6.3326292069474235, 37.26780994855589], [-6.332631109579209, 37.26790900245654], [-6.332642236112325, 37.268005544103964], [-6.332653764192343, 37.26814712218747], [-6.332666321741701, 37.268248128717374], [-6.332675486354223, 37.26830418016987], [-6.332828148748556, 37.26837871496851], [-6.3328536878521025, 37.26839155575536], [-6.332992817126662, 37.26846192054037], [-6.333148769151566, 37.2685431193388], [-6.333327417112136, 37.268659717666246], [-6.333443578261508, 37.268753299451525], [-6.333573542025248, 37.26888027896412], [-6.333667699840048, 37.26899024768284], [-6.333759664867267, 37.26911829839993], [-6.333829239386032, 37.269237968383095], [-6.333895781192395, 37.269384754171334], [-6.333931334714684, 37.269491868369364], [-6.333977036504784, 37.269605454175625], [-6.334140618819699, 37.26966391302866], [-6.334278230839761, 37.269736617120245], [-6.334451859912814, 37.26985110186673], [-6.334569430518899, 37.26994464285333], [-6.334707787242321, 37.27007814283259], [-6.334800896723208, 37.270188139826374], [-6.334838695135411, 37.27023437397327], [-6.334921520702927, 37.270346913523], [-6.33498422400806, 37.27044650595514], [-6.335050382233796, 37.27056852430518], [-6.335094413157461, 37.270664137507886], [-6.335142825164736, 37.270791162408706], [-6.335153523201471, 37.27085392881939], [-6.335220894152822, 37.27091960323719], [-6.335303432259432, 37.27100962506378], [-6.3353929466825685, 37.2711219754465], [-6.335450104687451, 37.2712037039466], [-6.335523632691776, 37.271321010867815], [-6.335595359573952, 37.2714653963945], [-6.335643069997029, 37.27159243995943], [-6.3356800922648056, 37.27172879429048], [-6.3357023920434195, 37.27185880834122], [-6.335712594210122, 37.271998171716646], [-6.33570913030638, 37.27213116194051], [-6.335701569186645, 37.27221922077049], [-6.335682169169762, 37.27235040918539], [-6.335662567031931, 37.27244105908207], [-6.335626178076407, 37.272570474291115], [-6.335594435207539, 37.27266146704874], [-6.335541484911427, 37.27278684515236], [-6.335496721860828, 37.27287820436322], [-6.335531607036542, 37.27297407483549], [-6.33564874555299, 37.27308564668355], [-6.335745101545288, 37.27319329961016], [-6.335838634132674, 37.27331679751529], [-6.335883067501572, 37.27336960268515], [-6.335967472307352, 37.27341001895231], [-6.336083712508501, 37.2734653038299], [-6.336182368187935, 37.273505318306896], [-6.336283662219377, 37.27354525770472], [-6.3363880024379435, 37.27357835394761], [-6.336523075819008, 37.273617340429546], [-6.336715370087052, 37.2736794897252], [-6.336868361264756, 37.273729233000225], [-6.337040048180184, 37.273787457044875], [-6.3371534838409955, 37.27382705317241], [-6.337241239362783, 37.2738516063066], [-6.337370541966459, 37.273879493418995], [-6.3377032285403825, 37.27400525192976], [-6.3378391903552425, 37.27408025001464], [-6.338073756645602, 37.274253826793384], [-6.338178364562136, 37.274356740874275], [-6.3383388674522685, 37.274568444496644], [-6.3384025490227405, 37.27468602495744], [-6.338468013749083, 37.27480806217027], [-6.33854374352416, 37.274959089586154], [-6.338616046226443, 37.27512823530023], [-6.338674204056262, 37.275284264389505], [-6.338724929225398, 37.27543149301498], [-6.33872988343419, 37.27544711396053], [-6.338757026030489, 37.27553194508104], [-6.338810162277868, 37.27563405824878], [-6.338850046578164, 37.27569149666608], [-6.338904382076434, 37.27575303093696], [-6.3390022400519115, 37.275790812542674], [-6.339137877574986, 37.27581851737355], [-6.339295053105303, 37.275859128900144], [-6.339409524523635, 37.27589418843726], [-6.339560959819299, 37.27594847789856], [-6.339659796060116, 37.27598848247786], [-6.339803461826883, 37.27605425177575], [-6.339888145110397, 37.276096910399694], [-6.340010267480007, 37.27616553885238], [-6.340124250214817, 37.27622538863921], [-6.340236276418949, 37.27628078939315], [-6.340361774657419, 37.27633806148086], [-6.340384050181511, 37.27634874361177], [-6.3405248611023035, 37.276416794983206], [-6.340698226070677, 37.276508753087796], [-6.34085545549992, 37.276594411474775], [-6.340998510412261, 37.27667821555362], [-6.3411069415586425, 37.27673596840408], [-6.34124289079711, 37.27680645762974], [-6.3414216770982, 37.27690952476329], [-6.341599733967314, 37.27702387279688], [-6.341752858994018, 37.277132169133125], [-6.341920427133855, 37.27726032894838], [-6.342062437305539, 37.27738020114498], [-6.342206980726338, 37.27751351424306], [-6.342253333795001, 37.27756175891013], [-6.342351539418488, 37.27766710092677], [-6.3423988959053075, 37.2777220738855], [-6.342488252224956, 37.27783442211368], [-6.3426012414230755, 37.277991151811264], [-6.342635654084951, 37.27804423747574], [-6.342706658721662, 37.27816386324982], [-6.342785796704926, 37.27830803408128], [-6.342864829585295, 37.27846572275641], [-6.342932653287583, 37.27861697228129], [-6.342983899479569, 37.27874391299954], [-6.343018228598182, 37.27881502006538], [-6.343055855432173, 37.27887702425688], [-6.343101246405142, 37.278943315683875], [-6.343176262019593, 37.27903804907168], [-6.3432654063367915, 37.27917743346636], [-6.343323028770707, 37.27932896961836], [-6.343339533517413, 37.27940733902762], [-6.343366778521682, 37.27958901556016], [-6.343373801550556, 37.27973973031791], [-6.343366127243086, 37.27987283981415], [-6.343329874831488, 37.28006081668319], [-6.3433781700577745, 37.28021261623777], [-6.343443295220949, 37.2803346587863], [-6.343510539509842, 37.280560254319795], [-6.3435784880779265, 37.28066645129307], [-6.34361276419591, 37.28074431754193], [-6.3436606695533895, 37.28087135045121], [-6.343707555322998, 37.28109076451285], [-6.343715491040223, 37.28123019085105], [-6.3437104137622615, 37.28130771271538], [-6.3437103401004, 37.28130884775993], [-6.343709496582325, 37.28132170992858], [-6.343709494785698, 37.28132174137817], [-6.343705293365139, 37.28138589708504], [-6.343661213034133, 37.281540307849376], [-6.34360616696846, 37.28164998074867], [-6.3435349781771455, 37.28176911975913], [-6.343497548972516, 37.281817418164465], [-6.343406483158891, 37.281934926547805], [-6.343272529977008, 37.28204908182497], [-6.343149324239166, 37.28213140028644], [-6.343075798031469, 37.282189789373376], [-6.3429398919121285, 37.28228372744205], [-6.342805927052115, 37.282361844325685], [-6.342656630645174, 37.2824358884667], [-6.342509377905462, 37.282496360820325], [-6.3423408099407235, 37.28255293058104], [-6.342184035059011, 37.28259339838291], [-6.3420304608746925, 37.28262251520238], [-6.341964949435965, 37.28263112223411], [-6.341874039929204, 37.28266297438982], [-6.341795821820801, 37.282698970654614], [-6.341723411320666, 37.28273480250967], [-6.34163638612922, 37.28278681413377], [-6.341533321518367, 37.282850540457154], [-6.3414334468250715, 37.28291868387087], [-6.341330601403142, 37.28299141518752], [-6.341267562128062, 37.28308779668915], [-6.34126341011481, 37.28310142833582], [-6.341227409231499, 37.28321957226723], [-6.341196213436629, 37.28333082230439], [-6.341168007235033, 37.28344198998169], [-6.3411406526363185, 37.28356439324157], [-6.341092938619988, 37.28373242034754], [-6.34104226465482, 37.28388927070499], [-6.340980276408644, 37.28405319520737], [-6.340913842400099, 37.284208238758445], [-6.340899326523434, 37.284237937462706], [-6.340839213061267, 37.28436125857662], [-6.340756489003357, 37.28451450751297], [-6.340667681554369, 37.28466567698289], [-6.340491619843542, 37.284875621965575], [-6.340192655127094, 37.285143094055464], [-6.340146108920623, 37.28523000053445], [-6.340103188314671, 37.28530329067695], [-6.340000792948687, 37.28543006645225], [-6.339993601934855, 37.28553838571482], [-6.339949511722382, 37.28569279653599], [-6.339847244815516, 37.28591417059705], [-6.339812472827468, 37.285980471549564], [-6.339741550835791, 37.28610185435153], [-6.3397001672473055, 37.28616609032011], [-6.3396821263814305, 37.28625219299092], [-6.339698263717223, 37.28636210560046], [-6.33971679685984, 37.286458436328644], [-6.33974429518899, 37.28657028193717], [-6.3397772193424755, 37.2867450427798], [-6.33979958379978, 37.28692010125074], [-6.339811216084396, 37.28709546235083], [-6.339812540201117, 37.28726886188648], [-6.339803683710733, 37.28744705312128], [-6.339794640370786, 37.287589212146365], [-6.33978414535333, 37.28772240210029], [-6.339769244099378, 37.28787148391609], [-6.339749129023538, 37.28798241975508], [-6.33971520594348, 37.28811176679167], [-6.339686255936788, 37.288198177415076], [-6.339636471303746, 37.28832346746124], [-6.33959756616712, 37.288407903850924], [-6.339532272120691, 37.288529126933625], [-6.339486634110986, 37.28860474591023], [-6.339406711000159, 37.28872187777249], [-6.339343673521739, 37.28880249296985], [-6.339249627098012, 37.28891101106485], [-6.339178900040739, 37.288985085211216], [-6.339071783129644, 37.28908496458924], [-6.338995630248069, 37.2891479301528], [-6.338876501963284, 37.28923913800308], [-6.338798643180987, 37.28929539395002], [-6.338668382074873, 37.28937790674133], [-6.338538472210092, 37.289460408721794], [-6.338367549760959, 37.28955983507314], [-6.338176917376212, 37.289659818032106], [-6.338051567359765, 37.28972191906212], [-6.3379974258976, 37.2897527283523], [-6.3379472792434965, 37.289790182752455], [-6.337867124367318, 37.28986226993121], [-6.3378216911735175, 37.28992662061211], [-6.337789721929179, 37.29000861170877], [-6.337760974941764, 37.29013555751183], [-6.337732839707072, 37.29024446818683], [-6.3376902344098, 37.29038081731735], [-6.337691152488, 37.29045737423274], [-6.337684211205795, 37.29056343360082], [-6.337666044575827, 37.290694588614706], [-6.337646287927763, 37.29078974744921], [-6.3376104235883775, 37.290919146833545], [-6.3375778964902425, 37.29101241507828], [-6.337524939905917, 37.29113779334538], [-6.3374778053029805, 37.29123147368324], [-6.337419705863672, 37.29133221911592], [-6.337366988231208, 37.29143506767972], [-6.337307725473592, 37.29154936219879], [-6.337249716764124, 37.29166812463078], [-6.337212652275517, 37.29173448983573], [-6.337139333578651, 37.291853686490825], [-6.337095129280145, 37.291918000449925], [-6.337010778373292, 37.2920307505661], [-6.336968891728198, 37.29208373842413], [-6.3368744850800685, 37.292192266794466], [-6.336821787210541, 37.29224781087627], [-6.336750856235726, 37.29231738581808], [-6.336704671152021, 37.29237274542565], [-6.336667336270487, 37.29242109991523], [-6.336662954288546, 37.292632953545294], [-6.336641520485868, 37.29276194669414], [-6.336616956054404, 37.292864000037774], [-6.336579361559776, 37.29298218581378], [-6.336414568315839, 37.29356345774118], [-6.3363334216995995, 37.293840544506], [-6.336320815641231, 37.293958025538785], [-6.336305687113512, 37.29404629680888], [-6.336275451617674, 37.29417553837344], [-6.336254521769866, 37.29424820592636], [-6.336210810646468, 37.29437557693272], [-6.336184051630796, 37.29444390286204], [-6.3361273921908685, 37.29456938474993], [-6.336062594912802, 37.29468608783467], [-6.3359556262236945, 37.29481749293018], [-6.335849784021981, 37.29491057625416], [-6.3357315226114626, 37.295001757108736], [-6.335546497510697, 37.295117343981545], [-6.335361443663858, 37.29519238748962], [-6.335504534508851, 37.295364041818694], [-6.335595693747239, 37.29546508257613], [-6.33568484794594, 37.29560447370563], [-6.335742469481525, 37.29575601179577], [-6.3357780697162305, 37.29590366916747], [-6.3357973304942306, 37.296040523285114], [-6.335787118446094, 37.29619623031702], [-6.335755511222819, 37.29635028625292], [-6.335719228268486, 37.296502222312746], [-6.335665208078865, 37.29667943623592], [-6.335645417294844, 37.29673405371955], [-6.33559527064074, 37.29685935027488], [-6.335514901965553, 37.297030549878414], [-6.3354637923174595, 37.29712208975765], [-6.335388076915403, 37.297239098309156], [-6.335339568788371, 37.29730578660623], [-6.335250280740703, 37.2974186729987], [-6.3351765955312205, 37.297501838609286], [-6.335074137283174, 37.29760383621478], [-6.335010446729531, 37.29766194245913], [-6.3348962510939755, 37.29775751266973], [-6.33474870550351, 37.297872040549336], [-6.334648246905302, 37.297951456838575], [-6.3345445633551805, 37.298037719671264], [-6.334447371031351, 37.29811929531848], [-6.334338330827205, 37.29820796116866], [-6.33419414313929, 37.298430512513775], [-6.334335593660549, 37.298572933052405], [-6.334463494892387, 37.29871573491677], [-6.33457586155802, 37.298849966349785], [-6.334683948649612, 37.2989910726675], [-6.334789092860381, 37.29914127478991], [-6.33486023853257, 37.29925188959461], [-6.334912776501946, 37.299320233961616], [-6.3349778549527045, 37.2993972348311], [-6.335050776594221, 37.299476264345465], [-6.3351246585347685, 37.29955301566314], [-6.335202639487937, 37.29962289469493], [-6.335294219137901, 37.29970139946399], [-6.335392584661505, 37.29978196573768], [-6.3354973893090705, 37.299864602084476], [-6.33559970472498, 37.29994280361655], [-6.335703682922482, 37.300018706959406], [-6.335776646784828, 37.30007070592152], [-6.335868947781928, 37.300117657020344], [-6.336028855987348, 37.30016720417499], [-6.336205907641643, 37.30022978244842], [-6.336350397163517, 37.30029328105287], [-6.3364819617250845, 37.300359394261456], [-6.336615180085076, 37.30043897513656], [-6.336718609411952, 37.300510387550965], [-6.336838243448236, 37.30060161306729], [-6.33692919966738, 37.30067788232458], [-6.337033217390756, 37.300778558654756], [-6.337122978850594, 37.30087963787196], [-6.337209894447594, 37.30099205942792], [-6.3372956916420415, 37.30112703638785], [-6.337353318567543, 37.30127857692889], [-6.337366919060932, 37.30133900841411], [-6.3373921159063515, 37.3014824517143], [-6.337414622297465, 37.30163272889317], [-6.337432925471392, 37.301787630462535], [-6.337434924222901, 37.30181010151055], [-6.337443952291497, 37.30191345595442], [-6.337457963314992, 37.3020031577413], [-6.337477255534024, 37.3020927100769], [-6.33750174989688, 37.30218436884412], [-6.337522764186314, 37.30224909556409], [-6.337569313986006, 37.302333374126015], [-6.337602381869961, 37.30237974287231], [-6.337644500280372, 37.3024236020449], [-6.338047194360961, 37.30280641316988], [-6.33819015405191, 37.30293076568208], [-6.3383074371970896, 37.30300854315169], [-6.338383426585294, 37.30304919359669], [-6.338488506117338, 37.30309803283821], [-6.338687843177193, 37.30321403671734], [-6.338809850562475, 37.30330294093909], [-6.338954770377358, 37.30343174286884], [-6.33905283227041, 37.303537091543504], [-6.339167242603305, 37.30368927889875], [-6.339238094526409, 37.303808908920715], [-6.3393113647142325, 37.303971266606396], [-6.339352063786496, 37.30409850539166], [-6.339375881717937, 37.3041946883641], [-6.339399079811816, 37.30432467419648], [-6.339410218023027, 37.30443697984834], [-6.339412423387068, 37.30455854937878], [-6.339418305555529, 37.30467550920523], [-6.339426144254701, 37.30479691972212], [-6.339487843243379, 37.30486500253044], [-6.339561286806042, 37.3049237441067], [-6.339737230837615, 37.30507644526651], [-6.339872804580296, 37.3052010048133], [-6.3399968376665, 37.30532363848087], [-6.340116569619134, 37.30544864420209], [-6.340231925878039, 37.30557827988938], [-6.340337380007573, 37.30569918520375], [-6.340449888607013, 37.305840162202486], [-6.340547644174555, 37.30597029452719], [-6.340649517619325, 37.30611382402586], [-6.340734500940169, 37.306242063810366], [-6.340785910625559, 37.30632845646655], [-6.34084355192408, 37.30647999224263], [-6.34086749651798, 37.306634734492356], [-6.340860798679222, 37.306770069303376], [-6.340840570415647, 37.30691029119001], [-6.340831223445115, 37.3070096616096], [-6.340826100353035, 37.30710891328787], [-6.340825646703834, 37.307226052063925], [-6.340824809473973, 37.30735446429348], [-6.340824850796473, 37.30743104537611], [-6.340906787930193, 37.30751432352624], [-6.341006596148135, 37.30761511431525], [-6.341116937112813, 37.3077268713088], [-6.3412156898103, 37.307827692536875], [-6.3412996634247385, 37.30791316451037], [-6.341381126247957, 37.30798969786631], [-6.341465384628377, 37.30806164828128], [-6.341553160811396, 37.30813349645269], [-6.341644712613583, 37.30820298739342], [-6.341733576656421, 37.308263544783614], [-6.341836996101829, 37.30833044766046], [-6.341938810257824, 37.308392890530016], [-6.34204942520865, 37.30845508469969], [-6.342111141265305, 37.30849163094011], [-6.342245911015784, 37.30857791955204], [-6.34238447165678, 37.30868212066949], [-6.342493513657555, 37.30878039698763], [-6.342612223327426, 37.30890993404576], [-6.342698100471948, 37.30902238218], [-6.342787308569541, 37.30916626738923], [-6.3428474543710704, 37.30929070298355], [-6.342852443614183, 37.30930278156629], [-6.342882398835628, 37.30937530875271], [-6.342926454912112, 37.30950244979633], [-6.342953337895317, 37.30960246340794], [-6.342954096971731, 37.309605280660655], [-6.342979239019894, 37.30973520998353], [-6.342991569295488, 37.309838473511945], [-6.3429978018069155, 37.30997119037667], [-6.3430011965403805, 37.310119067053876], [-6.343001211811732, 37.310119754393114], [-6.343000814756381, 37.310162562324386], [-6.343022508172187, 37.310186724923724], [-6.34311269453512, 37.31028102886383], [-6.3431785257740785, 37.31034674246699], [-6.343230158241682, 37.31039033048917], [-6.343285816060046, 37.3104293007574], [-6.343347283283372, 37.310468105244624], [-6.343422128217908, 37.31050653389208], [-6.34353489104056, 37.31055740385986], [-6.343760499330897, 37.31069292737912], [-6.344256840983267, 37.31107531987571], [-6.344311741521844, 37.311121067349426], [-6.344430083780769, 37.311246109873615], [-6.344492789780859, 37.31133668433743], [-6.344753316484605, 37.31177599144489], [-6.344772616788476, 37.3118085357325], [-6.344848906213978, 37.311887465752676], [-6.344998577218409, 37.31209495915063], [-6.345061448508532, 37.312217064298274], [-6.345121091253487, 37.31236178503751], [-6.345172905180771, 37.31240536617563], [-6.345283538097905, 37.31250359690235], [-6.345294069946309, 37.31251456111476], [-6.345401261417562, 37.31261063472552], [-6.34550757253986, 37.312706734648685], [-6.345518809565752, 37.31271767882648], [-6.345603021233756, 37.31279638283588], [-6.345679923310278, 37.31285727589666], [-6.345773871817655, 37.31292894658522], [-6.345867092689614, 37.31299613466789], [-6.345958783730685, 37.3130566081777], [-6.346053366448612, 37.31311474677921], [-6.346156826318222, 37.31317038257949], [-6.346273435726913, 37.31323240347005], [-6.34681332590764, 37.31350318198653], [-6.346905147204389, 37.313554640782705], [-6.347589057986405, 37.31397675733379], [-6.348275909852617, 37.31435373688991], [-6.3484637835111455, 37.314440767516096], [-6.348575896851862, 37.3145006597319], [-6.3487070419001865, 37.314580284940746], [-6.348798305343172, 37.31464302125828], [-6.348919385667049, 37.31473419390743], [-6.3489883502297175, 37.31479080301274], [-6.349097758743141, 37.31488906348687], [-6.349169256554925, 37.314959115451956], [-6.349221420825143, 37.31501845427569], [-6.34942048389885, 37.31495650558859], [-6.349582142920746, 37.31492940244145], [-6.3497929622465685, 37.31490991597563], [-6.349958183986887, 37.314907486864996], [-6.3502097041816, 37.3149273905668], [-6.350371118861752, 37.31495435296923], [-6.350623508625656, 37.31502152923945], [-6.350772842761843, 37.315078113837345], [-6.350990412028721, 37.31518682264607], [-6.3511197245138655, 37.31526874977109], [-6.351323523505737, 37.315436409571554], [-6.351421619534779, 37.31554174571341], [-6.35156176031237, 37.31574049289724], [-6.351601874581357, 37.31581819138867], [-6.351626104839534, 37.31585579498633], [-6.351653484591066, 37.31588880546267], [-6.351687373535167, 37.31592163088594], [-6.35173157244379, 37.31595641741719], [-6.351786259183325, 37.31599315719501], [-6.351835618014942, 37.31602104083465], [-6.351936298497033, 37.31606548574459], [-6.352062751644617, 37.31612271754718], [-6.35218018121519, 37.3161711939386], [-6.352299895201549, 37.31621960671437], [-6.352410764375586, 37.31625925838632], [-6.352506796076098, 37.3162903240038], [-6.352605619740489, 37.31631680296209], [-6.352715785533665, 37.31634070781717], [-6.35281924091169, 37.31636030036228], [-6.35294371866399, 37.31637704089627], [-6.353078233292926, 37.31639349851219], [-6.353213425251608, 37.31640543306778], [-6.353368444825257, 37.316419057962754], [-6.353602172089128, 37.316457454991074], [-6.353602277192021, 37.316457472851795], [-6.353783252687471, 37.31651991182909], [-6.353783281433579, 37.31651992468881], [-6.354151234967216, 37.31668499832902], [-6.354151581716897, 37.31668515478862], [-6.354151673345068, 37.31668520122639], [-6.354316126127504, 37.31677000657208], [-6.354317185241215, 37.31677055453731], [-6.354437649320817, 37.316859487024516], [-6.354441871402641, 37.31686149456094], [-6.354464470320256, 37.31687224881104], [-6.3546404242332635, 37.316956068039424], [-6.354665264447503, 37.316967902486184], [-6.354774694520489, 37.31703462186882], [-6.355168348854386, 37.31730951104463], [-6.355701558264333, 37.31758719402173], [-6.355789590467226, 37.317636502480575], [-6.35600945852291, 37.31777666980864], [-6.356078202100026, 37.317824272830755], [-6.3561996507331795, 37.317915428047485], [-6.356200705355305, 37.31791628105988], [-6.356231958642355, 37.3179415785165], [-6.356347044508368, 37.31803512687992], [-6.35639675368292, 37.318078763310936], [-6.356505223456843, 37.31817929703645], [-6.356645110909519, 37.31832148656671], [-6.356645345369795, 37.318321725180276], [-6.3566455223379235, 37.31832192593], [-6.356770724132317, 37.31846400731449], [-6.3567712092225825, 37.318464559553796], [-6.356771226290562, 37.31846458241495], [-6.356891849371982, 37.318641273788245], [-6.356891883507973, 37.318641326654486], [-6.356949920065217, 37.31879284475745], [-6.3569770599665585, 37.31889568434623], [-6.356983746127222, 37.318911262690946], [-6.3569989303504935, 37.318935608223924], [-6.357010269784321, 37.31894880044466], [-6.357037071020823, 37.318972816624466], [-6.357339316384671, 37.31920524172521], [-6.3577411094550715, 37.3193852897601], [-6.357862419747672, 37.3194336497432], [-6.357862487121321, 37.319433678319264], [-6.358057191569244, 37.31951589943486], [-6.358057332604755, 37.31951596015893], [-6.3581166528545525, 37.31954580995005], [-6.3582562169137065, 37.31961617548303], [-6.358326854139437, 37.31965471375799], [-6.358460833372504, 37.31973424635047], [-6.358460884576472, 37.31973427706966], [-6.358622421427496, 37.31983542153382], [-6.35862257414107, 37.31983551726305], [-6.358689209372231, 37.319883177561806], [-6.358810312154003, 37.31997433885423], [-6.359011712644057, 37.32013355330149], [-6.359013838956353, 37.32013523570089], [-6.359109394549737, 37.320206850157085], [-6.359213323339899, 37.320280479134084], [-6.359325020760661, 37.32035839439412], [-6.359442882420871, 37.32043613454742], [-6.359494231020825, 37.32047296572084], [-6.359907381491361, 37.32078106925233], [-6.359959987732719, 37.32082237089759], [-6.360046211626954, 37.32089424973678], [-6.36025728337936, 37.32095131926869], [-6.360566802402072, 37.3210776677691], [-6.360587019885881, 37.321088356406825], [-6.36064127094249, 37.32109131967816], [-6.36079508048545, 37.32110947149837], [-6.360956863474845, 37.321136407394114], [-6.361092414759666, 37.32116408838367], [-6.361248914756866, 37.32120694003266], [-6.361383684507377, 37.32125266348108], [-6.361532438331905, 37.321311501554256], [-6.361532480552736, 37.32131152370014], [-6.361725596779258, 37.32140962205779], [-6.361869410768013, 37.32151590067058], [-6.361990012289872, 37.32164311047882], [-6.362160947315396, 37.32186349147857], [-6.362266986248141, 37.322000125473615], [-6.3622989447127125, 37.32203300537807], [-6.362338225345126, 37.32206792624116], [-6.362389123889135, 37.322102517760726], [-6.362467737256261, 37.32214983300722], [-6.362706239065904, 37.32228045002201], [-6.362901186058977, 37.322414555093076], [-6.3630174154803285, 37.32251485942049], [-6.363123308886009, 37.32260870355624], [-6.363223421632835, 37.322691446974915], [-6.3632816135986445, 37.322739344062086], [-6.3633089987400595, 37.32275658609157], [-6.363398602994707, 37.322801336340575], [-6.363477191209046, 37.32284414990883], [-6.363609246250729, 37.32292373198935], [-6.363663767700266, 37.32296047336204], [-6.3637901373045525, 37.32304697324932], [-6.363790215458001, 37.32304703111306], [-6.3639532776483625, 37.32316829694938], [-6.363953498633916, 37.32316846125354], [-6.363953582177246, 37.3231685312614], [-6.364108531682288, 37.3232967898169], [-6.36410871044701, 37.32329693983345], [-6.364108790397086, 37.323297011269894], [-6.364228918506773, 37.323408178460745], [-6.364229143983912, 37.32340838491179], [-6.364295030020093, 37.323462819392525], [-6.36438121349016, 37.32352568973994], [-6.364467370010746, 37.32358405384036], [-6.364506502421138, 37.32360771564426], [-6.364521945359174, 37.32361403274387], [-6.364603630964607, 37.32362747559863], [-6.36475765071332, 37.32366588751783], [-6.364912244485511, 37.3237132939325], [-6.365009973103607, 37.32374655241271], [-6.365158204108625, 37.32380540139187], [-6.365255382957764, 37.32384993599413], [-6.365395839942299, 37.323920267494216], [-6.36539607170765, 37.323920388935164], [-6.3655558469624, 37.3240048332244], [-6.365557600473835, 37.32400575903219], [-6.365627112110535, 37.32404657742826], [-6.365758567077624, 37.32412842703228], [-6.365758717096273, 37.32412852847094], [-6.3659269113618535, 37.32424276330339], [-6.3659272670947376, 37.32424300332683], [-6.36599215150939, 37.324290708692295], [-6.366461553584672, 37.324669265241155], [-6.366476768350644, 37.32468234787405], [-6.366905660898215, 37.325041782213944], [-6.367025700074691, 37.32515999385591], [-6.367278719557626, 37.325461370481776], [-6.367347023858561, 37.32555402584264], [-6.3674420593273915, 37.32570448206981], [-6.367452518412264, 37.325717700247374], [-6.367474677155367, 37.32571256413133], [-6.3676367026899126, 37.32568542485963], [-6.367847192334033, 37.32566591546611], [-6.3680126108053825, 37.32566345455768], [-6.368206272309275, 37.32567370608028], [-6.368328456662653, 37.32568882941298], [-6.3683690003263855, 37.32569384766422], [-6.368600034441024, 37.32574357512323], [-6.368754811469524, 37.32579097022642], [-6.3689347116815815, 37.32586017625269], [-6.369075606145705, 37.32592823712887], [-6.369292426217637, 37.32606621454708], [-6.36947894252175, 37.32621631472328], [-6.36954732587443, 37.32627518176965], [-6.369605750503887, 37.32633207934631], [-6.3697658608302214, 37.32632526529748], [-6.369938976965266, 37.32632934058308], [-6.370103692055755, 37.32634266508673], [-6.370396653331167, 37.326397380318554], [-6.370550199667743, 37.32644480929743], [-6.370798462571248, 37.32655260589156], [-6.370933951872269, 37.32662983031785], [-6.371090996248576, 37.3267409225737], [-6.371114535702284, 37.32675757436139], [-6.371134354334082, 37.32677502905408], [-6.371260287357113, 37.326780447258415], [-6.371260414019569, 37.32678046654537], [-6.371476625932034, 37.326812446443995], [-6.371477317634799, 37.326812548593324], [-6.371753302547964, 37.32688576607302], [-6.371901442823174, 37.32694235673982], [-6.371901472467578, 37.3269423710264], [-6.372108275425744, 37.32704451442185], [-6.3721083895118085, 37.32704457156818], [-6.372252229551714, 37.327150835782774], [-6.372292812741319, 37.32718850871477], [-6.372299311154088, 37.32719454192533], [-6.37249446386133, 37.327391691778836], [-6.372609807543844, 37.32753480750191], [-6.372676409537312, 37.3276365186407], [-6.37273380559576, 37.32771371623737], [-6.3728204283419725, 37.32782161387337], [-6.372909692135119, 37.32796096931016], [-6.372966336303697, 37.328108011273976], [-6.373001122664731, 37.32823540493179], [-6.373017198016757, 37.32846469339924], [-6.373158774302176, 37.32848092693045], [-6.37339359301912, 37.328528286019925], [-6.373548102349652, 37.32857342927619], [-6.3737966051033474, 37.32867445326812], [-6.373933935052388, 37.32874937042642], [-6.373991535028409, 37.32878376386305], [-6.374064892352851, 37.32883795444099], [-6.37413538135656, 37.32889002776084], [-6.374253801768865, 37.32901503429656], [-6.374299151419369, 37.32907906218033], [-6.374373755605416, 37.3291940559397], [-6.374417673341314, 37.32926938473549], [-6.3744754017764205, 37.32942090141108], [-6.374498644786087, 37.32956214036118], [-6.374499701204874, 37.32957787721341], [-6.374540926689869, 37.32958120587407], [-6.374702128469311, 37.32961038807829], [-6.374876887622979, 37.32965495566957], [-6.374973297514236, 37.32968599003503], [-6.375053432627478, 37.329703973346426], [-6.375194286667398, 37.32973148474729], [-6.37519461365414, 37.32973155760625], [-6.375381297943245, 37.32977318862601], [-6.375382326514222, 37.32977341791727], [-6.375693060957541, 37.32983887590245], [-6.375695376814325, 37.329839393057405], [-6.375711037144692, 37.329842890996076], [-6.375841113197836, 37.329872136671554], [-6.375862061910249, 37.32987684677928], [-6.376012798316604, 37.329908582497346], [-6.376030428652372, 37.3299125840155], [-6.376181624097844, 37.329946556196155], [-6.376332364097455, 37.3299782904562], [-6.376349642293627, 37.329982304828064], [-6.376500835044175, 37.330016276262874], [-6.376651575043786, 37.33004800977917], [-6.376755355611927, 37.330074327458526], [-6.376977077790353, 37.33014007090133], [-6.3772887743293305, 37.33028207994151], [-6.3774170824979866, 37.33036400561174], [-6.37763250029975, 37.33054480335112], [-6.3777281151819425, 37.330652437632466], [-6.377870141523308, 37.33087136862495], [-6.377925966428332, 37.33099590757464], [-6.377952405643771, 37.331062724504285], [-6.377995652338203, 37.33118987743656], [-6.378026927184817, 37.33131736872623], [-6.378046682036221, 37.33144744480467], [-6.378054061696276, 37.33156886351273], [-6.3780954129454335, 37.3315789456581], [-6.378207973647172, 37.3316005049447], [-6.3783220947225345, 37.33161751565528], [-6.378437522846675, 37.33163223779182], [-6.378573095691026, 37.33164412921322], [-6.378903660444237, 37.33171126556583], [-6.37924368805064, 37.331832185991935], [-6.379338444143407, 37.331865515164026], [-6.379424544968473, 37.331894589338525], [-6.3795895052990375, 37.33197997108977], [-6.379712763139179, 37.33207104770792], [-6.379712792783583, 37.332071071279174], [-6.379850729993761, 37.33218405190337], [-6.379850941097844, 37.33218422261633], [-6.379897551084677, 37.33222118088765], [-6.3799166411827954, 37.33223415220658], [-6.379943834983062, 37.33224688923962], [-6.3799698708549375, 37.33225740486159], [-6.380055593489259, 37.33228198321153], [-6.380168084122391, 37.33232156355222], [-6.380301600723052, 37.332374058024605], [-6.380426517751532, 37.33243130026457], [-6.380551661155448, 37.3324975466387], [-6.380647071221769, 37.332553380945456], [-6.380761527368749, 37.33262894136974], [-6.38086383380152, 37.33270485028434], [-6.380966644189163, 37.33279200894345], [-6.381052879761493, 37.33287513185616], [-6.381142183978809, 37.332971683002995], [-6.381211617462062, 37.33305754137791], [-6.381229070829735, 37.33308168018907], [-6.381286613313576, 37.33316125999813], [-6.3813176896325, 37.333214202445475], [-6.381369835038112, 37.3333030354755], [-6.381420480257206, 37.33341420643361], [-6.381472442406511, 37.33357038891286], [-6.381497685065983, 37.333689043552525], [-6.381506475979345, 37.333778889562986], [-6.381659563276805, 37.33380379026275], [-6.381802137590499, 37.33383800424793], [-6.381802175319744, 37.333838016390416], [-6.382005447898884, 37.33390643931418], [-6.382005662596223, 37.33390651288331], [-6.38217063011333, 37.33399188877657], [-6.3821707181482115, 37.33399194806038], [-6.382331802248333, 37.33410204089211], [-6.382331955860237, 37.334102144460076], [-6.382425712128134, 37.33417604624069], [-6.382544154100036, 37.33430104398101], [-6.382626950023147, 37.334429315675386], [-6.382685703435976, 37.334540254975714], [-6.382741132183947, 37.3346715604231], [-6.382776744096748, 37.3347854128133], [-6.382809594588371, 37.33497142324869], [-6.382814665578153, 37.33508840432457], [-6.382820896292988, 37.33520760154024], [-6.382820899886243, 37.33520779581659], [-6.382823639747857, 37.33535075022946], [-6.382823656815834, 37.33535167661166], [-6.382823655917537, 37.335351811604895], [-6.382821681420517, 37.33549492002138], [-6.382821667047497, 37.33549588639971], [-6.382820841495731, 37.33552068653561], [-6.382819413174446, 37.335563522140625], [-6.382831888977102, 37.33557442942038], [-6.382853447645611, 37.33558732802128], [-6.38291407314749, 37.33561036750683], [-6.3830188454557275, 37.33565467083854], [-6.383147141047957, 37.335716320336694], [-6.383168401475796, 37.33572700046395], [-6.383289250932654, 37.33578798922534], [-6.383295060337582, 37.33579092049016], [-6.383295095371903, 37.33579093977481], [-6.383441564780645, 37.33586756188195], [-6.383442022023135, 37.33586779972559], [-6.383510496105655, 37.3359086373903], [-6.383645792268932, 37.33600837659346], [-6.383827449585679, 37.336005426766846], [-6.383827606790837, 37.33600542390988], [-6.384041317793582, 37.336021833658386], [-6.384187972255294, 37.33604466302312], [-6.384319683242256, 37.33607242708677], [-6.384500728806279, 37.33613481691158], [-6.3846589868065315, 37.33621587696638], [-6.384883612339944, 37.33635359907806], [-6.385016722902117, 37.33645565182634], [-6.385130235818045, 37.33644417185439], [-6.385203111645477, 37.33643680018728], [-6.385399341432771, 37.336444698248975], [-6.38545502170903, 37.336454306199144], [-6.385567252729033, 37.33647367422885], [-6.385710186368834, 37.33650787199896], [-6.385914954642907, 37.33657633605932], [-6.38608478833389, 37.336663820918425], [-6.386201091417103, 37.336737072366006], [-6.3863401137921745, 37.336841204448], [-6.386458565645512, 37.33696619918172], [-6.386552994751568, 37.33709413420648], [-6.386563648770844, 37.337111552928704], [-6.386623400211947, 37.33720924211636], [-6.386661005486374, 37.33730788396157], [-6.386681160986417, 37.33736075134909], [-6.386681180749353, 37.33736085276989], [-6.386739002609224, 37.33763783313234], [-6.386739119390214, 37.337638388087655], [-6.386748815805384, 37.337701178007656], [-6.386762446841507, 37.337820164665686], [-6.386762846591815, 37.337825849194196], [-6.386766163171866, 37.33787313811229], [-6.38676686116281, 37.33788310513538], [-6.386769699839139, 37.337993391532756], [-6.3867732607609, 37.33806086146742], [-6.386423520569646, 37.33826233384802], [-6.386014339754383, 37.33846325502426], [-6.385771089450149, 37.33859410079897], [-6.385681195039674, 37.33864172348773], [-6.385677317012605, 37.338643840431864], [-6.385643590663578, 37.338656317116715], [-6.385467779582674, 37.33878523345415], [-6.385302821947069, 37.33884176159129], [-6.385188427783855, 37.33892391218943], [-6.385188237341003, 37.33892412288316], [-6.38518206501668, 37.33892855887862], [-6.385114614115254, 37.33900363079486], [-6.385115697483487, 37.339003844345214], [-6.385013814157215, 37.339115817499255], [-6.384844821289349, 37.33926706219838], [-6.384643326476165, 37.33891068633634], [-6.384614334248709, 37.33885940702912], [-6.384614229145814, 37.33885922204702], [-6.384558324290716, 37.338646844435544], [-6.384551214125256, 37.33855920618631], [-6.384539748028971, 37.33843339989201], [-6.3845299393243975, 37.33830529073569], [-6.384526839238347, 37.33825583156794], [-6.384507445509676, 37.338251880489764], [-6.384363375501015, 37.3382199654553], [-6.3841917352980015, 37.3381708212038], [-6.384055839060129, 37.3381206534377], [-6.383966525859643, 37.338081398981814], [-6.383921126801831, 37.33806144284593], [-6.383795895363, 37.337997453329386], [-6.383649303783352, 37.33790930150844], [-6.383600400397631, 37.337872409601786], [-6.38350637283851, 37.33789086662786], [-6.383250876700344, 37.337913946831925], [-6.383103293380634, 37.33791366471283], [-6.382950199794961, 37.33790453190937], [-6.3828857627413305, 37.33789274361331], [-6.382758564890353, 37.33786947056173], [-6.382577517529668, 37.33780707860662], [-6.382456639326739, 37.33774972261564], [-6.382334731654468, 37.337681131778055], [-6.382146754689707, 37.33754686182708], [-6.382028311819474, 37.33742186234579], [-6.381939018381924, 37.33728251588745], [-6.381907064408937, 37.3372226132582], [-6.381825960911857, 37.337191149181294], [-6.381683300359874, 37.33712765888652], [-6.3815570915540345, 37.33706144373647], [-6.381461323059906, 37.33700561992282], [-6.381345977580798, 37.33693008532792], [-6.381240923201606, 37.33685200369262], [-6.381137932252581, 37.33676485045847], [-6.381060194742825, 37.336690493398706], [-6.380970455740914, 37.33659620616695], [-6.3808847187335385, 37.33649279369839], [-6.38081183392297, 37.33638901611071], [-6.380746393451148, 37.336278267386234], [-6.380691519862017, 37.33616721637407], [-6.380646053430557, 37.33605364391887], [-6.380609993258404, 37.33593755072351], [-6.380583797486412, 37.33582117379323], [-6.380567357418398, 37.33570226753537], [-6.380561858830565, 37.33555601610843], [-6.380482066873748, 37.33553802776964], [-6.3803727931076555, 37.33550736723086], [-6.380234996034624, 37.335461751737036], [-6.380109321726391, 37.33541128717648], [-6.380007894744279, 37.33536688584904], [-6.379904455535968, 37.33532479652335], [-6.379709125860565, 37.335226767758314], [-6.37956525976951, 37.33512051496625], [-6.379431829407104, 37.33499143663158], [-6.379354020930444, 37.33490356198458], [-6.379264735577734, 37.334764215139835], [-6.379206991871277, 37.33461270138388], [-6.3791884218977115, 37.33452088216197], [-6.379172689702144, 37.33440195598926], [-6.379168825149797, 37.33424890369986], [-6.379178198171478, 37.33413150990194], [-6.379186218330331, 37.33410190303958], [-6.379225548370085, 37.33395672132005], [-6.379143089315218, 37.33393430273653], [-6.379034576422168, 37.333896859608615], [-6.378899822841337, 37.3338444011993], [-6.378791860615541, 37.33379568121531], [-6.378665057124989, 37.333731732349115], [-6.378573542153716, 37.333680290939114], [-6.378456020056675, 37.333607065081175], [-6.378353210567363, 37.33353567410445], [-6.378248643075032, 37.33344856559265], [-6.378248537073807, 37.33344852773643], [-6.378221548987742, 37.33343807942243], [-6.3781726752463905, 37.333421456257476], [-6.377959624505413, 37.33339600901553], [-6.377758167421474, 37.333365725450676], [-6.377539833688299, 37.33332466355144], [-6.377341471300528, 37.33328077455045], [-6.377302060412369, 37.333270631206304], [-6.377144742948244, 37.33323008424384], [-6.377048429176743, 37.333201303437086], [-6.376904448999624, 37.33315135806139], [-6.376760493077027, 37.33310591541909], [-6.3764495142919975, 37.33295262335047], [-6.376323996290592, 37.33286611058102], [-6.376223354436043, 37.33278789900893], [-6.37610492414227, 37.332662894465145], [-6.376056728628961, 37.3325944446948], [-6.375981664505501, 37.33247721188087], [-6.3759020504151085, 37.33231731002194], [-6.375812066173124, 37.33206760987256], [-6.375792868277187, 37.332005092384634], [-6.375768839241627, 37.33185036236039], [-6.375776932164045, 37.3317239969732], [-6.375595429357499, 37.33168638345809], [-6.375594954148734, 37.33168627417252], [-6.375578147568071, 37.33168237274871], [-6.375427129090727, 37.33164839349586], [-6.375276386396158, 37.331616657084126], [-6.375273733671096, 37.331616057084325], [-6.375258749772177, 37.33161266565669], [-6.375139283720851, 37.33158574065906], [-6.375107911856184, 37.33157867065808], [-6.374797346296152, 37.331513204903025], [-6.374779542585545, 37.33150919489865], [-6.374638127996903, 37.33147720771345], [-6.374496215741568, 37.33144972266615], [-6.374298384258116, 37.3314058168555], [-6.374169098722416, 37.331368964611926], [-6.374030986340738, 37.331422456895034], [-6.373842995901254, 37.331468363413606], [-6.373647986924414, 37.33148744272847], [-6.3734517697135455, 37.33147952628838], [-6.37326015547017, 37.331444450513075], [-6.373140727148089, 37.331407315430624], [-6.372991269044403, 37.33135301670561], [-6.372929667972109, 37.331327746620694], [-6.372764715726353, 37.331242354842466], [-6.372632461258648, 37.331147021480234], [-6.3725208087536735, 37.33105110084994], [-6.372390791989337, 37.33091515974694], [-6.372301526399564, 37.33077580407519], [-6.372271920622756, 37.33070907617715], [-6.372210748945175, 37.33055540492681], [-6.372162407006473, 37.3303653292048], [-6.372159990538347, 37.330342874548876], [-6.3719962833576025, 37.330336281581765], [-6.371804663724344, 37.33030120241549], [-6.371762689942699, 37.330288874345406], [-6.371609053774613, 37.330243712119476], [-6.371470011636605, 37.33019361834618], [-6.371305062085807, 37.33010822599313], [-6.3711581228581835, 37.32999979662952], [-6.371048133134771, 37.3299015730542], [-6.370932812808483, 37.32977872590278], [-6.370843549015336, 37.32963937098027], [-6.370835347396803, 37.32962158480143], [-6.37077778155677, 37.32950137940866], [-6.370776823054367, 37.329499368638395], [-6.3707272998310485, 37.32936563765038], [-6.370703284270245, 37.32921090576145], [-6.3707056504327, 37.32911398405487], [-6.370714934521168, 37.32901010912745], [-6.370715236355093, 37.32895379217042], [-6.370692956339416, 37.328762972368544], [-6.370697385932104, 37.32857814946575], [-6.370311658332262, 37.328499047678825], [-6.3701620304469575, 37.32844475113775], [-6.369990171054986, 37.32836630781007], [-6.369853548080062, 37.328291368125974], [-6.369653093515984, 37.328152929058156], [-6.369476300576486, 37.328169226945455], [-6.369311506434253, 37.32817392287355], [-6.36896416025323, 37.32814102494081], [-6.368804950937118, 37.32810501684935], [-6.368523984865714, 37.32800715867153], [-6.368384496265016, 37.327939055390544], [-6.368279038542227, 37.327878994588666], [-6.368135203892205, 37.32777272211776], [-6.368021221157395, 37.32765208803034], [-6.367953843917797, 37.32756841502378], [-6.367891323868973, 37.327502622185285], [-6.367551369026135, 37.32756410979308], [-6.367386321558985, 37.32757106516572], [-6.367174448509336, 37.32756358262192], [-6.367010585920026, 37.32754572451928], [-6.366816165339718, 37.3275107197685], [-6.3666590473015825, 37.32747014469598], [-6.366464453346401, 37.3274036074442], [-6.366319359258348, 37.32734016602304], [-6.366157944578229, 37.327254663277806], [-6.366029298642997, 37.327172736360026], [-6.365835345186647, 37.327013831843956], [-6.36573492521598, 37.32690857392699], [-6.3656042257320165, 37.326756879316704], [-6.365483967366617, 37.3265981275028], [-6.365449087580784, 37.32654731410782], [-6.3653682616630745, 37.32641897609447], [-6.365206534369231, 37.32622762053142], [-6.364851579457759, 37.32592913933974], [-6.364421179537125, 37.32558325532899], [-6.364350208138108, 37.32553346633034], [-6.364274409192754, 37.325486072493426], [-6.364185406809363, 37.325439050085635], [-6.3641046258074425, 37.325398552472265], [-6.364104008664836, 37.325398326025024], [-6.364054072216486, 37.325379721631855], [-6.36402489493606, 37.32536936577479], [-6.3640246982050295, 37.32536929362596], [-6.3639426568667465, 37.325355861797945], [-6.363787758565672, 37.325317472173], [-6.363633511543194, 37.32527005391212], [-6.363497476066471, 37.32521986681507], [-6.3633522121968, 37.32515642497884], [-6.363214039628016, 37.32508602677269], [-6.363081986382926, 37.32500644198161], [-6.363029322649388, 37.32497190323186], [-6.362902424835741, 37.324885414846854], [-6.3628727337189765, 37.32486372505045], [-6.362751179982928, 37.32477484346668], [-6.3625949351072375, 37.32465090068962], [-6.362536818599952, 37.32460074746794], [-6.362450260532429, 37.324517616829176], [-6.362378261460699, 37.32445659748736], [-6.362300555392008, 37.32439799261294], [-6.36222297149419, 37.32434614048726], [-6.362156982151708, 37.32430522010107], [-6.362057494632329, 37.324256243906504], [-6.361960520599095, 37.32420043772268], [-6.361830303510439, 37.32411854747877], [-6.361723978913419, 37.32404273561378], [-6.361608752011929, 37.32394915758142], [-6.361480953188026, 37.32384242450545], [-6.3613556939014515, 37.323733365320315], [-6.36132800512945, 37.32370937637874], [-6.361176100014903, 37.323625888287495], [-6.36117603623451, 37.32362585114071], [-6.361002388296817, 37.32352267084434], [-6.3609355949622, 37.323479521197726], [-6.360811869099804, 37.32339294179958], [-6.360734516069006, 37.3233343253802], [-6.360621303190375, 37.32323843620888], [-6.360551396294951, 37.32317285103127], [-6.360449052132969, 37.32306764274008], [-6.360379776753205, 37.32298852515079], [-6.360294662278318, 37.322878321736745], [-6.360019500221961, 37.32283884214782], [-6.359861438952772, 37.322800535532544], [-6.359708180077101, 37.322755338802054], [-6.35955794493066, 37.32269879141599], [-6.359390408231887, 37.32261795894794], [-6.35930515451815, 37.32259560627488], [-6.359044258606798, 37.322524183403495], [-6.358885924249792, 37.32246786587144], [-6.358721005241696, 37.322382451879314], [-6.35859258208871, 37.32228924539721], [-6.358341398762209, 37.322075645076296], [-6.357980399087202, 37.32180659766216], [-6.357879058343344, 37.32173965105659], [-6.357726269286587, 37.321633621364654], [-6.357603254889893, 37.32154701769403], [-6.357452982014206, 37.32143416037907], [-6.357252194175172, 37.321275434468106], [-6.357174669566128, 37.321216820683354], [-6.357098351394553, 37.321169433410965], [-6.35701612141008, 37.3211199615325], [-6.356941963686724, 37.321081524022865], [-6.356852137548229, 37.32104353084168], [-6.3567259718615166, 37.32099305445298], [-6.356666245573198, 37.320969972622144], [-6.3561092137402575, 37.32071999829805], [-6.355879579200796, 37.320582361829075], [-6.355438636652026, 37.32024349927245], [-6.355371778638684, 37.32018683140696], [-6.355264110162005, 37.320088527850615], [-6.355173997460902, 37.31999648513213], [-6.355082380081694, 37.319886462359264], [-6.355012136318058, 37.31978934788262], [-6.354937546505066, 37.31966983544442], [-6.354887747498971, 37.319576647030054], [-6.354831720473033, 37.319454353090194], [-6.354796509208837, 37.31935624575075], [-6.3547964373436026, 37.319356175024915], [-6.354777126259966, 37.319336525394185], [-6.354712526611227, 37.31927545612369], [-6.354712355931345, 37.31927529323986], [-6.3546390596923725, 37.31921655858983], [-6.354567198961195, 37.3191622860607], [-6.354425504996489, 37.31907170388], [-6.353871369332024, 37.318783345996124], [-6.3537453419858645, 37.31870808598738], [-6.35334426666938, 37.3184288976012], [-6.353156030091491, 37.3183261209564], [-6.353099594332074, 37.318293928123516], [-6.353065331688812, 37.31827238216473], [-6.352922347743375, 37.31819766674154], [-6.352922230064055, 37.31819760387319], [-6.352908879302326, 37.318186722647155], [-6.352792367809954, 37.318178762655364], [-6.352590201955271, 37.31815521273383], [-6.352408108057302, 37.31813109270284], [-6.35218852117431, 37.31809226930982], [-6.351971524134249, 37.31804436497452], [-6.351773618988967, 37.317993661530785], [-6.351699461265644, 37.31797098813876], [-6.3515453139561435, 37.31792129983021], [-6.351352243543706, 37.31785244227214], [-6.3511673469020264, 37.31778109776541], [-6.350999449080488, 37.31771152780452], [-6.3509993385877115, 37.31771147708086], [-6.350963440112303, 37.31769452894846], [-6.350826217961082, 37.31763334618009], [-6.350825696039902, 37.317633111850874], [-6.3506884792785625, 37.31757167827145], [-6.3505799026051175, 37.31751619504228], [-6.350444098893747, 37.31743895482062], [-6.35037759302, 37.317398043533025], [-6.350322002575252, 37.31736115227025], [-6.350307906211833, 37.31735179764103], [-6.350250644002352, 37.317313796144624], [-6.35017403297999, 37.31725965512404], [-6.3500568944635765, 37.31716612151283], [-6.349987727779961, 37.317105012614405], [-6.349882791978353, 37.317004373860456], [-6.3498115196437075, 37.31692755962461], [-6.349750692020881, 37.31685478538835], [-6.34971956359966, 37.316817540932455], [-6.34950778127985, 37.31683930806586], [-6.349344136082837, 37.316857456626465], [-6.34911352148141, 37.316863988621215], [-6.348948677033539, 37.31685514403012], [-6.348735578681814, 37.31682739286872], [-6.348575972310352, 37.316793620511575], [-6.348345035213733, 37.3167213248118], [-6.348197609997512, 37.31666017911593], [-6.348017277695817, 37.31656843154455], [-6.3478877918358, 37.31648650512163], [-6.347826822279164, 37.31644318282973], [-6.347705133795818, 37.3163542784272], [-6.347646351636883, 37.316308642017106], [-6.347532993231189, 37.31621274531058], [-6.34743876804274, 37.31612306333263], [-6.347374916690651, 37.31605054122696], [-6.347294993579823, 37.31598523054924], [-6.347101360822004, 37.3158916053334], [-6.347033924293631, 37.315857474623726], [-6.346286947287123, 37.315448402863105], [-6.346233870328552, 37.31541611877827], [-6.345568231279433, 37.31500474053586], [-6.345066551837642, 37.3147531467278], [-6.3449089064884445, 37.31467201564872], [-6.344747869999036, 37.31458196746444], [-6.344579116981327, 37.31448087737331], [-6.344414290499731, 37.31437291771554], [-6.344254897028981, 37.31426029968575], [-6.344109334918674, 37.31414954191907], [-6.3439691321573495, 37.31403638128513], [-6.343918905553171, 37.313992753938585], [-6.343816039469974, 37.31389880759461], [-6.34370671090666, 37.31379828814873], [-6.343602085023816, 37.31370439228804], [-6.343521516922607, 37.31363233939014], [-6.343431014352696, 37.31356282131703], [-6.34330062299087, 37.31344037184292], [-6.343204202319848, 37.313332730054164], [-6.343106156596478, 37.313200354919964], [-6.343033704773877, 37.31308077270477], [-6.342945350075793, 37.31286478562541], [-6.342787380434775, 37.312668785103355], [-6.342543874110702, 37.31225671808145], [-6.342297562347993, 37.3120677177933], [-6.342213287797926, 37.31202730442699], [-6.342075059533589, 37.31195462904518], [-6.342011404014233, 37.31191813664456], [-6.3418806227836, 37.311838492897564], [-6.341806963625268, 37.311791021834736], [-6.34168423399452, 37.311702139794605], [-6.341623601306096, 37.311654299976475], [-6.341509727267401, 37.31155841162186], [-6.34144648407478, 37.31149938229326], [-6.341343576669084, 37.31139642612808], [-6.341221443519708, 37.31126923684479], [-6.341142141144743, 37.311185883546344], [-6.341056778734857, 37.31110495724566], [-6.340863968833845, 37.31084236521106], [-6.340805229794037, 37.31071788931579], [-6.340757460082186, 37.310586344810744], [-6.340733512793362, 37.31043160569205], [-6.340735083946785, 37.31034371661165], [-6.340743834435945, 37.31023084747628], [-6.340746593162198, 37.31013391558016], [-6.340744476731403, 37.31003036380325], [-6.340741114337267, 37.30995838026214], [-6.340627571776934, 37.30985797701117], [-6.340447523342855, 37.309748188756444], [-6.3403063935201605, 37.30965757379626], [-6.34014570737372, 37.30954723794551], [-6.340111110557173, 37.30952115100431], [-6.339990534188167, 37.30942998989523], [-6.339850269443077, 37.30931907782556], [-6.339704553720832, 37.30919255236968], [-6.339573749133975, 37.30907236288524], [-6.339543629520828, 37.30904170226439], [-6.339435713109117, 37.308932106447536], [-6.339337840760585, 37.3088312588348], [-6.3392405190793415, 37.30873489816569], [-6.339131689979312, 37.30862535120239], [-6.339033465491186, 37.30852451318128], [-6.338934816099965, 37.30842593929424], [-6.338809284623837, 37.308269560936246], [-6.338735007424567, 37.30815227945508], [-6.338651907870904, 37.30797893520036], [-6.338609270234237, 37.307851750853395], [-6.338570855577759, 37.30762083614019], [-6.338570341741418, 37.30748570363908], [-6.338570431572928, 37.307348304449896], [-6.338571170886405, 37.30721764290905], [-6.338571812283534, 37.30708473112193], [-6.338579509048898, 37.30692008726302], [-6.338584818990541, 37.306856868629815], [-6.338538554855092, 37.30679510613812], [-6.338467413674456, 37.30670476556805], [-6.338393123898793, 37.306619017129464], [-6.338312123707947, 37.30652895501221], [-6.338231145974961, 37.30644339572221], [-6.338147278361712, 37.30636017140448], [-6.338064058433804, 37.30628368497768], [-6.337937531624358, 37.30617238170761], [-6.337852897748186, 37.3061117047361], [-6.337736826430324, 37.306013619281764], [-6.3376312905540875, 37.30591073420274], [-6.337540995495007, 37.30580967175103], [-6.33745513002858, 37.30569722024114], [-6.337378823535067, 37.30557774327507], [-6.337314386481436, 37.30545567879109], [-6.337262269821897, 37.30533326613028], [-6.3372206930956025, 37.3052060494413], [-6.337186654132853, 37.305038078866666], [-6.337175282359696, 37.3048964965783], [-6.337165924609366, 37.30475260462748], [-6.337159350738139, 37.304619897844056], [-6.337148996756161, 37.30455712100795], [-6.337011569789034, 37.304482164728284], [-6.336832519383265, 37.304374594429966], [-6.33676010259495, 37.30432708507095], [-6.336637214860713, 37.304238202067246], [-6.336560857163232, 37.30417728916386], [-6.336366527312765, 37.30400708118545], [-6.33589680453892, 37.30356308981273], [-6.335852122336659, 37.30351704834661], [-6.335754768316087, 37.30341167749271], [-6.335691894331005, 37.3033368686986], [-6.335606817585397, 37.303222141919356], [-6.335563803554646, 37.30315803484238], [-6.335492002112311, 37.30304068036394], [-6.335448370040657, 37.30295857127783], [-6.335390350551391, 37.302834072326974], [-6.335356474183715, 37.30274943633168], [-6.3353147276758355, 37.302622223846285], [-6.335268097926068, 37.30245235390922], [-6.335231249033097, 37.30228446078776], [-6.335203452463277, 37.302114060594405], [-6.335186921665423, 37.301943342746995], [-6.335174406336861, 37.301835578027244], [-6.335139918216496, 37.301825328969905], [-6.335042448313198, 37.30179650255073], [-6.334891841264258, 37.30174218814776], [-6.334795435864586, 37.30170210865213], [-6.334651726080394, 37.30163633533028], [-6.334556858596487, 37.3015872057383], [-6.334421453737094, 37.3015099362883], [-6.33433483727906, 37.301456066856794], [-6.334210826650717, 37.30136946494958], [-6.334070454107809, 37.30126755962865], [-6.334053183996477, 37.30125449435754], [-6.333933327178014, 37.3011633075056], [-6.333789894973223, 37.30104797287923], [-6.33367456296884, 37.30095436979236], [-6.33353596190364, 37.30083664458209], [-6.333409780945577, 37.30072082211175], [-6.333265588766076, 37.30057622545518], [-6.333247281100563, 37.300556465157726], [-6.333149748315235, 37.30045110158901], [-6.333027478621901, 37.30030814080907], [-6.332916827738458, 37.30016485104853], [-6.3328750722474405, 37.30010521038007], [-6.332806944016304, 37.299999014401116], [-6.332745593573966, 37.29991064578665], [-6.332683484055216, 37.29982905636135], [-6.332614414389653, 37.29974541026215], [-6.3325452881302065, 37.299668523368844], [-6.332477517428547, 37.29959835639973], [-6.332253419206198, 37.299419970277576], [-6.332154313470785, 37.29931464441935], [-6.332013199817771, 37.29911590240593], [-6.331950184797213, 37.29899379456201], [-6.331876137566667, 37.29877739399611], [-6.331853129017276, 37.298647400719425], [-6.331849184514888, 37.29842226816277], [-6.3318675379944525, 37.298291110185296], [-6.331940911488543, 37.29805704186336], [-6.332002603290676, 37.29793367387988], [-6.332082213787779, 37.29778502290163], [-6.332097034193327, 37.29775985801086], [-6.332167653452783, 37.297640710731905], [-6.332241536291626, 37.29752600885001], [-6.332332727869376, 37.29738829204131], [-6.33241434520283, 37.29728913829833], [-6.332439740575908, 37.29725690644348], [-6.332554359317963, 37.297111755733575], [-6.332662299085865, 37.297014112320895], [-6.3327720741119045, 37.296914164147054], [-6.332797195498835, 37.29689316088576], [-6.332916683109726, 37.29679296315009], [-6.333031760890865, 37.296697368846196], [-6.333165700598058, 37.296589982503725], [-6.333283615258864, 37.29649881500823], [-6.333346550329348, 37.29644748817777], [-6.333408157689855, 37.29637817860674], [-6.333458039340949, 37.29628667498254], [-6.333482033342189, 37.29622743642948], [-6.3334282134768864, 37.29616588602631], [-6.333333927203001, 37.29603790061646], [-6.333262388967015, 37.29591828681847], [-6.333197097615545, 37.29578047559412], [-6.333150782276128, 37.2956533913882], [-6.333114254980051, 37.29551251749494], [-6.333094238718893, 37.29538244139581], [-6.333086803363283, 37.29523398976027], [-6.333093538032956, 37.29510315924218], [-6.333116900518537, 37.29495384020456], [-6.3331511910095735, 37.29482448420621], [-6.3331706835529245, 37.29476311988962], [-6.333216510208821, 37.29463569236847], [-6.333240679381561, 37.29457644608352], [-6.333291955217951, 37.29446463238599], [-6.333337245579646, 37.29435298860657], [-6.3335056302880774, 37.294095969452094], [-6.333605423234671, 37.293989543449484], [-6.3337530712331045, 37.293861500023844], [-6.333915209057021, 37.29376232519521], [-6.33405558249826, 37.29369304745319], [-6.334094389718537, 37.293622128104126], [-6.334120228859382, 37.29349301279615], [-6.334219215118847, 37.293156862442714], [-6.334383923921156, 37.2925733419229], [-6.3344131119813465, 37.29248017066264], [-6.334412686179922, 37.2922909770204], [-6.334429097501829, 37.29215987338637], [-6.334463294568068, 37.29201250096285], [-6.334506829621701, 37.29188513810481], [-6.334583544848627, 37.291723053058725], [-6.334657220176675, 37.29160384833531], [-6.334698807682734, 37.291544112260205], [-6.334782636668408, 37.29143137928144], [-6.334909021544079, 37.2912769030521], [-6.334971958411191, 37.29120980705134], [-6.335048675434777, 37.291135567147705], [-6.335095918733862, 37.29108017661356], [-6.335136747163542, 37.29102721949424], [-6.335169383856123, 37.29097224053126], [-6.335219039131782, 37.29087173260254], [-6.335281172905021, 37.290750602628336], [-6.335344439453867, 37.29062718692833], [-6.33540961222772, 37.290514979291956], [-6.335432599217514, 37.29044901108623], [-6.335435748710904, 37.29034080537959], [-6.33544312118445, 37.29023248088066], [-6.3354618205153965, 37.290101312196974], [-6.335493186990182, 37.28996978737333], [-6.335521363547374, 37.2898856514735], [-6.335549677546822, 37.28977673527634], [-6.3355606917905005, 37.28973137361126], [-6.33557605837175, 37.28966787538156], [-6.335596358500558, 37.28959297287299], [-6.335637778919991, 37.2894656688114], [-6.3356733998159624, 37.289374566294654], [-6.335731386067537, 37.28925129913673], [-6.33577584997917, 37.28916895773199], [-6.335849520815598, 37.28904975396471], [-6.335911131769361, 37.28896467578824], [-6.335999807166008, 37.28885405872063], [-6.336065433589096, 37.28878012881316], [-6.336168835068196, 37.28867585295048], [-6.3362368941290566, 37.288613116408676], [-6.336351076289889, 37.28851754601568], [-6.336422599254491, 37.28846146959044], [-6.336546329608472, 37.28837464045729], [-6.336621418884751, 37.28832747333735], [-6.336753991356063, 37.288249402669294], [-6.336835866505982, 37.28820429665998], [-6.336965438604256, 37.2881420778815], [-6.337064615306573, 37.2880897269031], [-6.3371541117634, 37.28803764818887], [-6.337265337568619, 37.28796693577474], [-6.3373544567329985, 37.28791036293678], [-6.337429554992449, 37.28784742778443], [-6.337482531339677, 37.28777836043576], [-6.337520934318093, 37.28769844169117], [-6.337535487025672, 37.287601177003175], [-6.337544824114736, 37.2874815347821], [-6.337552477760973, 37.287359688217386], [-6.337558692306093, 37.28724914240504], [-6.3375587614763695, 37.287159044228154], [-6.337553202701397, 37.28706910174988], [-6.337542814583462, 37.28698155129733], [-6.337527146168255, 37.28689414725859], [-6.33750072941071, 37.28678677622567], [-6.337467779206076, 37.28662327864389], [-6.3374419005393925, 37.28644831882777], [-6.337424167795689, 37.286318179170586], [-6.337418555121791, 37.28618319064671], [-6.337425535929868, 37.28605010017307], [-6.337445439003293, 37.28591439358962], [-6.337477077667598, 37.28578511067424], [-6.337522871085835, 37.28565317734663], [-6.33757838607206, 37.28552997985287], [-6.337658900274345, 37.28539030989743], [-6.337695601843625, 37.28533972094647], [-6.337685971903774, 37.28519358379157], [-6.337732877436317, 37.28489944390129], [-6.337780023717382, 37.284774229633186], [-6.337944984946277, 37.28450829147905], [-6.338040889984297, 37.28440197413359], [-6.338200758663845, 37.28426006424774], [-6.33838740881696, 37.284054328781004], [-6.3387036283733895, 37.283770606064614], [-6.338747054730841, 37.28369279869658], [-6.338791642609974, 37.28360144117506], [-6.338833039673215, 37.28350567143624], [-6.338868656077601, 37.2834145681362], [-6.338900628016863, 37.28331681117], [-6.338927343913409, 37.283223706354434], [-6.338952032312371, 37.28311264127822], [-6.338989734604851, 37.28296516822333], [-6.339030077045934, 37.28281762126026], [-6.339035737330545, 37.28279943017604], [-6.3390727524118455, 37.28267901982599], [-6.339107854081562, 37.282556396412026], [-6.339156480786211, 37.28242888603292], [-6.33921674336873, 37.28230555460494], [-6.3392924902117835, 37.282181784829866], [-6.339374542329833, 37.282069100007696], [-6.339460258675941, 37.281967571664005], [-6.33956206115384, 37.281863339252844], [-6.339675327033066, 37.281763285894606], [-6.339795851299773, 37.28167203753334], [-6.339960503508199, 37.28155476746981], [-6.340087207285773, 37.281467848169385], [-6.340270007259561, 37.281354570454475], [-6.340402464746512, 37.2812742460493], [-6.340488455078768, 37.28122676927438], [-6.340627743355147, 37.281157515013476], [-6.340818946170118, 37.28107102768765], [-6.34090877769853, 37.281034703281335], [-6.3410594952402795, 37.2809808928083], [-6.341135746038239, 37.28095621405619], [-6.341294812522213, 37.28089991542165], [-6.3412426716081844, 37.280804533938095], [-6.341181741577389, 37.2806936325478], [-6.341117996226523, 37.280582811763125], [-6.341019117764876, 37.280295040350005], [-6.341002790884597, 37.2801648614607], [-6.340997915727549, 37.28010643577876], [-6.341008116995921, 37.279950729756905], [-6.3410522036151065, 37.27979631859048], [-6.3410796498419915, 37.279743737365685], [-6.341032026555534, 37.279670752737786], [-6.340961727096345, 37.27955110720039], [-6.34093143770158, 37.279495650956186], [-6.340870968506528, 37.279371223964255], [-6.340848445945735, 37.27932005413778], [-6.3408037053530295, 37.279208694528215], [-6.340760091247651, 37.27911082059256], [-6.340714210692829, 37.27901751472258], [-6.340663755916586, 37.27892433525409], [-6.340615659217959, 37.27884460867638], [-6.340569215419456, 37.278778346468755], [-6.340519350836341, 37.27871443299674], [-6.340468300477056, 37.278659564407114], [-6.340403052244713, 37.27859833915678], [-6.340323253999715, 37.27853076795203], [-6.340243125174687, 37.278467709159294], [-6.340158971897195, 37.27840926929371], [-6.340069014604622, 37.278350994499654], [-6.339983855214014, 37.27830159309004], [-6.339863334540562, 37.278237423317414], [-6.339726228271999, 37.27816471242438], [-6.339558997898704, 37.27806807372537], [-6.3394508200772375, 37.27800805957119], [-6.339340100023552, 37.27795036916916], [-6.339228072921089, 37.27789496821444], [-6.339095965777075, 37.277835630119796], [-6.338919631876694, 37.27774825763163], [-6.3387583537404995, 37.277662712781016], [-6.338639672816736, 37.277596237237674], [-6.33854322160298, 37.27755841650942], [-6.338417984774265, 37.277534921057715], [-6.3382440161380424, 37.277497035251855], [-6.338088576152852, 37.27745186704319], [-6.337932111189939, 37.27739546714497], [-6.3377871374761305, 37.27733198495355], [-6.337630712937387, 37.27724855401446], [-6.337500780614679, 37.27716662764293], [-6.337416982171707, 37.27710817604518], [-6.337298444080082, 37.277016919181044], [-6.337217942454223, 37.276949365141576], [-6.337112025692318, 37.27684874126911], [-6.337028148197601, 37.276756504090365], [-6.336937217131309, 37.276644195712215], [-6.336898158382745, 37.27659349223129], [-6.336818388883821, 37.276478614585], [-6.336778382412653, 37.27641442324362], [-6.336710026009419, 37.276294718919274], [-6.3366757274335415, 37.276228113501766], [-6.336619315030349, 37.27610356959754], [-6.3365870349689155, 37.27601888637287], [-6.336548868247436, 37.27590058460118], [-6.33651001970466, 37.275786805284405], [-6.336472822265382, 37.27568649580701], [-6.336434966360998, 37.275595212200734], [-6.336399941048068, 37.27552412353779], [-6.33630388958462, 37.27549529776278], [-6.3361534370459145, 37.27544323106254], [-6.336010043468667, 37.27539546897058], [-6.335867353272313, 37.27534768683335], [-6.3357324290116, 37.27530419001513], [-6.335596118650366, 37.275265238003385], [-6.335403821687398, 37.27520308787241], [-6.3351976322785495, 37.2751255604354], [-6.335011074651902, 37.27504973348245], [-6.334819599647411, 37.27495827611665], [-6.334683529136401, 37.274896791233765], [-6.334551185735482, 37.27482393986738], [-6.334421083631189, 37.27474201586083], [-6.33430832530009, 37.27466185238317], [-6.334192407594132, 37.27456601265331], [-6.3341117918822425, 37.274491702717135], [-6.334011940545139, 37.274388652288394], [-6.333892838311503, 37.27423659008289], [-6.333689473205929, 37.27410717630823], [-6.333570237123327, 37.27401593296202], [-6.333366819017124, 37.273805432282565], [-6.33328617905068, 37.27369057754531], [-6.333224255483195, 37.27358871050451], [-6.333166659100462, 37.273437167085504], [-6.333153071183466, 37.27337673391796], [-6.333130247687044, 37.273246736070526], [-6.333119290935513, 37.27311415027297], [-6.333120397659937, 37.272983477875556], [-6.3331332139241265, 37.272854728181166], [-6.333158247276141, 37.27272338123462], [-6.333194388296632, 37.27259622591747], [-6.333243020391164, 37.272468720110375], [-6.333353672172937, 37.272269638398534], [-6.333407422867963, 37.27219829854225], [-6.333440513209778, 37.27212979371623], [-6.333457426689929, 37.272045975995674], [-6.333367039104346, 37.27196968700573], [-6.333289914245645, 37.27190654122347], [-6.3331716573266785, 37.27178148405302], [-6.3330969246815805, 37.27166871503456], [-6.333030515825887, 37.271548955268635], [-6.332958535618796, 37.27137078715496], [-6.332934501193387, 37.27120928985846], [-6.332834134223316, 37.27117833071962], [-6.332688924252571, 37.271117100099296], [-6.3324584776361, 37.27098844729384], [-6.332335650987298, 37.27089955635423], [-6.332166846765656, 37.27074664070256], [-6.33207313721014, 37.27063891064635], [-6.331921003923532, 37.270388669644255], [-6.331873049158712, 37.2702638837472], [-6.331825368380073, 37.27014134304868], [-6.331776808150742, 37.27001882574143], [-6.331758341483444, 37.269967540897056], [-6.3316605275254245, 37.26991848999187], [-6.331530802713544, 37.26985682156003], [-6.331505718157562, 37.26984405679956], [-6.331387562748234, 37.26978427271191], [-6.331265526616912, 37.269729146692676], [-6.331039538339203, 37.26959360655691], [-6.330922070141054, 37.26950231270322], [-6.330733540712378, 37.26930940540823], [-6.330650094409002, 37.269194628167654], [-6.330516965880521, 37.26890781047732], [-6.33048640968615, 37.268778030101494], [-6.330455014465292, 37.26862124190387], [-6.3304292489863085, 37.26846429681981], [-6.330409389032012, 37.26830943816372], [-6.330396742549441, 37.2681543761608], [-6.330383219311135, 37.26803537645169], [-6.3303362095739955, 37.26797588403292], [-6.330266112235753, 37.26785622562686], [-6.330181693056921, 37.26765137682858], [-6.330149202789733, 37.267521650048955], [-6.330108624990044, 37.26746423041986], [-6.330007907677005, 37.26736119896795], [-6.329940400181728, 37.26728426468375], [-6.329851291797114, 37.2671448689914], [-6.329807127922812, 37.267037995950076], [-6.329766139593016, 37.266915265557245], [-6.329725369553848, 37.26680153771687], [-6.3296827453919375, 37.266685609950066], [-6.329636324051296, 37.266567538009234], [-6.329586322025957, 37.26634820529388], [-6.329576957089117, 37.26621557446237], [-6.3296075824537965, 37.26595117856861], [-6.329644374752883, 37.26583076271458], [-6.329678100203614, 37.26571268585882], [-6.329706361202432, 37.26561053063794], [-6.329728873881758, 37.265501780200594], [-6.329768436585194, 37.26537227634573], [-6.329845051200844, 37.26522821729023], [-6.329864861747801, 37.26520066083944], [-6.329947979267773, 37.26508566857999], [-6.329997551898432, 37.2650234564269], [-6.330091761815531, 37.264914939635275], [-6.330162652366177, 37.264840866106006], [-6.330269924685836, 37.264740990300005], [-6.330397186317174, 37.26462703897996], [-6.3304250592438125, 37.264603738240844], [-6.330494870917811, 37.26454545347502], [-6.330518574763222, 37.264375852171064], [-6.33052578643832, 37.264251764800456], [-6.3305245611362455, 37.26416395402574], [-6.33052025551109, 37.264094249391704], [-6.330494452302897, 37.26400037370036], [-6.330459100901521, 37.26394956232909], [-6.3303622113099145, 37.26380137612224], [-6.330272436375353, 37.263650738124824], [-6.330189852454656, 37.263495391994596], [-6.330116965847461, 37.26334427652408], [-6.330083667994816, 37.263264127363556], [-6.330050732163235, 37.263168198771794], [-6.330022622979692, 37.26310592140533], [-6.32999049203861, 37.263048262480034], [-6.329952204044556, 37.26299077724036], [-6.32988750558117, 37.26292952923799], [-6.32976926932347, 37.26280446788188], [-6.329685138503838, 37.26267394274327], [-6.329616312281723, 37.26254298555359], [-6.329558732966968, 37.26239143920617], [-6.329534832390526, 37.26223669246171], [-6.329535103681716, 37.26216685949855], [-6.329541843741304, 37.2620360286877], [-6.329556490772012, 37.26188470223907], [-6.329563046676963, 37.26176964414575], [-6.3296133783840025, 37.26154073069466], [-6.329662460534513, 37.26141546470086], [-6.3296169303226595, 37.261245559642184], [-6.329516283976524, 37.26104792535553], [-6.329458708255023, 37.26089637885963], [-6.329434806780252, 37.26074163333311], [-6.329445033201443, 37.260585926582024], [-6.3294685564854705, 37.26050417797799], [-6.329481835381998, 37.26043948541302], [-6.329482042892828, 37.260438475887135], [-6.329377088226613, 37.2604189059532], [-6.328682832445823, 37.260096069945725], [-6.328002006478508, 37.25953409396629], [-6.327498555558974, 37.25904821289949], [-6.325360911034153, 37.25698651455836], [-6.324089398750103, 37.25574285651911], [-6.32375565306247, 37.25534228821155], [-6.323473484146885, 37.25489296739797], [-6.323204980403415, 37.25421351410405], [-6.323032111305072, 37.253265583646645], [-6.322934298245383, 37.25266692616579], [-6.32269993317764, 37.25195047296436], [-6.322430231979905, 37.25141971167539], [-6.322288495794369, 37.25113988240349], [-6.321881444884625, 37.2505611716674], [-6.321146372352252, 37.24984750935144], [-6.320565399518667, 37.24938629567324], [-6.3195103345056545, 37.24871989499947], [-6.317700460075175, 37.247702997964424], [-6.31647121262693, 37.24701892971736], [-6.31664995041901, 37.24659721477849], [-6.316883380340541, 37.24621000662555], [-6.31763846194753, 37.24438687191545], [-6.31842806491261, 37.24226769465527], [-6.31886602505465, 37.24150984889523], [-6.319372461974168, 37.240819905272765], [-6.320053478384335, 37.24002370190667], [-6.32139489486885, 37.23872468024345], [-6.321430425034982, 37.23869013906326], [-6.321487944162598, 37.23863422291077], [-6.321620386378197, 37.23850662098839], [-6.322335015051361, 37.23772297387091], [-6.322968716297175, 37.23702944326727], [-6.323017331323728, 37.23696701555928], [-6.323546179412933, 37.236287899110884], [-6.323804241139577, 37.23595633374679], [-6.324071503411325, 37.23579565737186], [-6.324166192130476, 37.2357547052639], [-6.324399016587497, 37.235655813627], [-6.325125130221551, 37.23534709683518], [-6.325802934256231, 37.23503297685269], [-6.326185482718278, 37.23478346364599], [-6.327062824137167, 37.233986207379566], [-6.327501217267175, 37.23364952668141], [-6.327775241158076, 37.23344942831668], [-6.327775507957713, 37.23344923449263], [-6.3280902452938985, 37.2332194053379], [-6.328090689061665, 37.233219079912836], [-6.330285848222552, 37.231616057478455], [-6.330773350452516, 37.2312465253031], [-6.331918743762269, 37.23037854238292], [-6.3326405284149425, 37.22970950959248], [-6.333470209716426, 37.22851261385153], [-6.3343385751689825, 37.227107394721514], [-6.335168314860943, 37.22550954911159], [-6.335719970276923, 37.224768710668634], [-6.33632055063822, 37.22405577193699], [-6.336800248304969, 37.22357598974861], [-6.3374563939581625, 37.22304167380321], [-6.339414856923171, 37.22175658455928], [-6.342636842556078, 37.219654176991526], [-6.344015043254873, 37.21876606498266], [-6.344314724826905, 37.218500815836435], [-6.344858957463701, 37.21786600878937], [-6.345036514869496, 37.21756592018871], [-6.345162040057411, 37.21730333944833], [-6.3453110067826515, 37.21691395846149], [-6.345302357803097, 37.21677004569313], [-6.345298140212858, 37.216698088132915], [-6.34533780981578, 37.21620593026103], [-6.345408041003023, 37.215755707956596], [-6.3454544515638664, 37.21559897538894], [-6.345636177152593, 37.2148595390672], [-6.345953530382893, 37.21440908480804], [-6.346047306413726, 37.21430056809444], [-6.346145753684, 37.21419417238707], [-6.346248342187793, 37.21408991200288], [-6.346355526472536, 37.213990024014024], [-6.346466850194104, 37.21389227423338], [-6.346582144469244, 37.213796662669274], [-6.346699919891199, 37.21370548578008], [-6.346825807100179, 37.2136185847618], [-6.347047065747936, 37.21349520003865], [-6.347182707762563, 37.21309943653293], [-6.3473165953674595, 37.211967170244144], [-6.347786384616656, 37.210115879819774], [-6.347992275784834, 37.20922709389526], [-6.348105625207358, 37.20913153651701], [-6.348222239107667, 37.20903813895933], [-6.34834176354947, 37.20894691124642], [-6.348464376399229, 37.20885785052448], [-6.348589826128656, 37.20877321190526], [-6.348717908820174, 37.20868849949947], [-6.348849006257818, 37.208608206354334], [-6.348982486027565, 37.20853009812072], [-6.349118627505511, 37.208456419902674], [-6.34936226947518, 37.20833014273477], [-6.350467621279444, 37.20768618806498], [-6.351128118371878, 37.20737466805425], [-6.351233778215613, 37.207272568255384], [-6.351300498786699, 37.20715355181412], [-6.351323378876971, 37.207022262756205], [-6.351300553583922, 37.2068922663236], [-6.351229610032681, 37.206772641132396], [-6.350196383962572, 37.20293893819702], [-6.350135190725427, 37.202816783857216], [-6.350126080910129, 37.20268640096058], [-6.350170076799473, 37.20255901725977], [-6.350262428102243, 37.20245053716728], [-6.3504038534706835, 37.20238121263111], [-6.35053997967728, 37.20230753341852], [-6.350670361157604, 37.20222725995826], [-6.350893031058668, 37.202061030158134], [-6.3510243881094075, 37.20198298026011], [-6.351131725107757, 37.201883086261546], [-6.351210139947224, 37.20176599035821], [-6.351255891144631, 37.201638555733204], [-6.351263303144049, 37.20150770499724], [-6.3512896974437325, 37.2013763152464], [-6.351334923126704, 37.20124889713608], [-6.351398372033527, 37.20112771889834], [-6.351518665433248, 37.2009666420405], [-6.351983373811161, 37.20038811571891], [-6.352071021535129, 37.20028877772475], [-6.352159886476297, 37.20015336526927], [-6.352267041116637, 37.200053474573586], [-6.352389284758822, 37.199964419813625], [-6.352524780348088, 37.1998885029073], [-6.352671342283299, 37.199828039370736], [-6.352826334907503, 37.199783106519156], [-6.352989176112313, 37.19976047264763], [-6.35314710443083, 37.199722212144586], [-6.353297027861846, 37.19966615690562], [-6.3534368632122575, 37.19959687346], [-6.353568642471165, 37.19951655776231], [-6.353664070503795, 37.199410240669685], [-6.353714312379324, 37.19928493295093], [-6.353749764392009, 37.19915553712709], [-6.353751018440157, 37.19902485882617], [-6.35371764692565, 37.1988951620274], [-6.353651354850946, 37.19877315641691], [-6.353555177623371, 37.198667764195896], [-6.353433157661697, 37.19857887023066], [-6.353290589636215, 37.19851083155814], [-6.353133147306261, 37.198472496004534], [-6.352984397074987, 37.19841589458843], [-6.352847158754085, 37.19834094569592], [-6.352724359054764, 37.19825432536868], [-6.3525876705028175, 37.19811629177131], [-6.352433293224593, 37.198075616158285], [-6.352334053640212, 37.19797256139465], [-6.352323534368235, 37.19784221735691], [-6.3524195678653745, 37.19773363316989], [-6.352515171967801, 37.197627311419524], [-6.352609976569611, 37.19751876127019], [-6.352694912279742, 37.19740598415439], [-6.352797120796129, 37.197301729197115], [-6.35291511540701, 37.197208287661425], [-6.353046989887344, 37.197130220581094], [-6.35324482676068, 37.19704352802385], [-6.35336548307976, 37.19695451694015], [-6.3534675128314255, 37.196850264221595], [-6.353548832822505, 37.19673533726267], [-6.353607431725133, 37.196612044434126], [-6.353642179458626, 37.196482671935826], [-6.353652049248669, 37.19635174857654], [-6.3536363305278245, 37.19621929867765], [-6.353597084929698, 37.196092022132454], [-6.3535350140384885, 37.19596989535316], [-6.3534512721894005, 37.19585514022293], [-6.353347816811375, 37.19575220622265], [-6.3532114588394615, 37.19567723250272], [-6.353100217762893, 37.19558127728152], [-6.3530199928181075, 37.19546642137969], [-6.3529751246646144, 37.19533930313938], [-6.352968019889038, 37.19520660959807], [-6.353000661971534, 37.19507729623133], [-6.35304447370624, 37.1949499154325], [-6.35314297577377, 37.19474215353237], [-6.353185381645086, 37.19461481367209], [-6.353197534952551, 37.194483826248714], [-6.353178754773232, 37.19435371590959], [-6.353129668131169, 37.194226718161616], [-6.353052158793509, 37.19410953238212], [-6.352894262814321, 37.19396534355396], [-6.352808515925511, 37.19385289817433], [-6.352741703726254, 37.19373090588271], [-6.352694828736412, 37.1936060960941], [-6.352668743457196, 37.19347393978218], [-6.3526638476388815, 37.193343435554986], [-6.35268021943495, 37.19321232928312], [-6.352725614899505, 37.193084906695326], [-6.352770130015106, 37.192957507507366], [-6.352813589610251, 37.19283014030659], [-6.352867406780595, 37.192666437365006], [-6.352877627811903, 37.192535505956656], [-6.352872987115131, 37.1924027430829], [-6.352853504453248, 37.192272652056964], [-6.352819259776297, 37.192142979438415], [-6.352770703140254, 37.19201596509088], [-6.352708111226195, 37.19189385247092], [-6.3526204320612285, 37.19178146053966], [-6.352543978244025, 37.191664246634126], [-6.352478850385927, 37.191544458478944], [-6.352412181018775, 37.19138191848952], [-6.352314685064361, 37.19127430898512], [-6.352242275462591, 37.191156979077654], [-6.3521967102164165, 37.19102988005957], [-6.352179591022064, 37.19089746948667], [-6.352187703707384, 37.19076659726997], [-6.352232568267622, 37.19063918987661], [-6.352311949694333, 37.190524317869134], [-6.3524322466872745, 37.19043531770566], [-6.352503168678985, 37.190316182399435], [-6.352482358307092, 37.19018387720359], [-6.3524774651837355, 37.19005337301484], [-6.352488640225895, 37.18992016065459], [-6.352513899953345, 37.18979105578581], [-6.352569058308422, 37.18966560758072], [-6.352656721303741, 37.18955500642729], [-6.352711352347756, 37.18942957357402], [-6.352730535870639, 37.18929838822704], [-6.3527133403194656, 37.189168232454755], [-6.35265074840544, 37.18904612095455], [-6.35258517228799, 37.188924094418034], [-6.35251670629031, 37.18880440067438], [-6.3524452524959845, 37.18868479190244], [-6.3523709133129485, 37.18856751522275], [-6.352293760606471, 37.18845032137576], [-6.352213797969771, 37.18833320606787], [-6.352118475040002, 37.18820301070272], [-6.3514422673115645, 37.18746308051741], [-6.351347062061149, 37.18735540531341], [-6.35128272022891, 37.187233341693336], [-6.35125217122105, 37.18710356452279], [-6.35111036317028, 37.187076044634665], [-6.35090918276748, 37.18710651732444], [-6.350068367746372, 37.187148337457145], [-6.349445916102842, 37.18718622575021], [-6.349095435699813, 37.187218667881304], [-6.348676030259955, 37.1872643202883], [-6.348166618120216, 37.187323780519264], [-6.347593411222272, 37.18738504272163], [-6.347068101596934, 37.187447200157436], [-6.346754773717395, 37.18747633084676], [-6.3461108541352305, 37.18751030506709], [-6.3454040363134965, 37.187566322814284], [-6.345132837624167, 37.187585249682726], [-6.344649063402623, 37.187623698112354], [-6.343873393307625, 37.18769066238413], [-6.343172139650746, 37.187753268281575], [-6.3422419943611725, 37.187824585739946], [-6.340997342602401, 37.187902520743656], [-6.340470041412098, 37.187919656257144], [-6.339799278372601, 37.18794759449265], [-6.33959174777902, 37.187957954945865], [-6.339329487326776, 37.18805995849486], [-6.339202418833214, 37.188203195339575], [-6.339284231999401, 37.188606330277146], [-6.339351160081316, 37.1889152834581], [-6.33944039243343, 37.18960652203873], [-6.339519715469663, 37.1901966826506], [-6.339620700480637, 37.19079524005573], [-6.33970379194946, 37.19134700211215], [-6.339813320837128, 37.19189576530133], [-6.33853262866914, 37.19200397503308], [-6.337194320355516, 37.192138570568346], [-6.336169139597078, 37.19223504683448], [-6.334692700935433, 37.19237801241622], [-6.333656592171572, 37.19247026844578], [-6.332604860806588, 37.192567459177894], [-6.3314363170136705, 37.19268144430574], [-6.330204067395727, 37.19279946311707], [-6.329045938670191, 37.19290637416691], [-6.3279358850836855, 37.19301417312642], [-6.327367586580449, 37.19306844430302], [-6.326215094783333, 37.19317967290038], [-6.325381135704471, 37.19325941785161], [-6.323829651784005, 37.19339759987089], [-6.323772909699079, 37.1930748374794], [-6.323740634129231, 37.192704087455766], [-6.323693987311485, 37.192250397352964], [-6.323602253151287, 37.19137451185645], [-6.323531009562749, 37.19072104287374], [-6.32340018970454, 37.189684073771154], [-6.323357296946365, 37.189315871938625], [-6.323216180598393, 37.18816431710102], [-6.3232129188155985, 37.18801799716862], [-6.321509623205352, 37.18792165005661], [-6.316843120544425, 37.18773265394963], [-6.316114566187757, 37.18689036850172], [-6.313578528715916, 37.183740347942745], [-6.312381590075146, 37.18234356039535], [-6.3118738245473205, 37.18180137027254], [-6.310936510701776, 37.18067879193682], [-6.310445929945326, 37.18009113641436], [-6.308651051091893, 37.17792037113773], [-6.304424471391897, 37.180185045743954], [-6.303598425572401, 37.17529543658568], [-6.302915252307236, 37.171158666018734], [-6.302155224576262, 37.16685058981515], [-6.30174616862683, 37.164048629290754], [-6.299595207476235, 37.16129521185985], [-6.295871563062772, 37.1564929516116], [-6.292605526743265, 37.15223869080263], [-6.292588740823868, 37.15211526877805], [-6.298567124261109, 37.14921884729016], [-6.30301319831763, 37.146984304215295], [-6.303195833001419, 37.14689359727917], [-6.309049905772986, 37.143984357288296], [-6.311623319448861, 37.14269155846332], [-6.312659395873394, 37.14206116025325], [-6.313183787420499, 37.14162977722241], [-6.313527600527504, 37.14129579593717], [-6.313687133237138, 37.14097823321693], [-6.313816113345624, 37.14049258666361], [-6.313844345598369, 37.1395479957395], [-6.313848343101386, 37.139191989149474], [-6.313885784882441, 37.1358639876771], [-6.313903343352974, 37.13216037319569], [-6.313912962513027, 37.128274523846954], [-6.3139314687061985, 37.12406406480382], [-6.313911256612306, 37.12187969653098], [-6.3139172528668315, 37.121751134396824], [-6.313915383472738, 37.118262046026636], [-6.313932303241102, 37.118121917215845], [-6.315237337058306, 37.118103418497206], [-6.315497221466627, 37.11836644585488], [-6.316078101773744, 37.118701577735884], [-6.316721291923932, 37.118877284265274], [-6.317114122502724, 37.11887529365845], [-6.317232637238157, 37.118851697192014], [-6.318351376635132, 37.11862890355207], [-6.320759225414228, 37.117930721548426], [-6.325200759385319, 37.116704644405246], [-6.329773297369188, 37.11543868189753], [-6.332936153195183, 37.11457261908578], [-6.340463782849519, 37.112454964887384], [-6.346999897907307, 37.11065993738138], [-6.351614561488131, 37.10931762591838], [-6.351763376398095, 37.10928413378896], [-6.352484748724068, 37.10900468372676], [-6.357690721154147, 37.107062008844395], [-6.3594904212657015, 37.10636902743606], [-6.3608831297563535, 37.10583397825748], [-6.361427143204191, 37.105595548942], [-6.3621555771866145, 37.105083836431156], [-6.364163164522931, 37.10358525927999], [-6.367372888152224, 37.10118979066369], [-6.3687540577830255, 37.10015943877772], [-6.3707577060068035, 37.098446883848176], [-6.373336246368013, 37.09628095197071], [-6.374889949127209, 37.09484918484968], [-6.376756440776788, 37.093176482437926], [-6.3771097508729735, 37.092806017031826], [-6.3773680686194565, 37.09238194945401], [-6.379828627844508, 37.08809067414231], [-6.380871392226331, 37.085693589822945], [-6.381650741820741, 37.08373648823778], [-6.382747418594301, 37.08099322411141], [-6.382788273075129, 37.08087267867629], [-6.384648262718649, 37.07624707474418], [-6.3845415958635, 37.07627039350042], [-6.383252115477141, 37.075906277928446], [-6.380809737255111, 37.07530925573541], [-6.377638116566904, 37.07450321839856], [-6.375436875811534, 37.073973541126556], [-6.371201023701199, 37.07291382499819], [-6.370503924752496, 37.072760213571776], [-6.367821651433858, 37.07211342807206], [-6.36761692178736, 37.07206068132004], [-6.367377642036697, 37.072029188928525], [-6.366980216575219, 37.07192560540212], [-6.366330961000262, 37.071772861390116], [-6.365910346428044, 37.071681194909594], [-6.365840620094003, 37.071653893196824], [-6.365462295510408, 37.07162859837444], [-6.364505159439777, 37.07151387025477], [-6.362819579505289, 37.07140629084805], [-6.3603809113254055, 37.071428164687525], [-6.354504792998402, 37.071416693071505], [-6.353639877974863, 37.071420900406075], [-6.3531589415313166, 37.07142324633541], [-6.352764839836399, 37.071418630452335], [-6.352660235513153, 37.07141708370138], [-6.350057166653097, 37.07141636193206], [-6.349586778227603, 37.07142289871067], [-6.349373204667114, 37.071424429692975], [-6.349229199337176, 37.071457780872755], [-6.349078701882682, 37.071491316243], [-6.348874844500332, 37.071593934899816], [-6.347880546923042, 37.071644548928745], [-6.3446030993044715, 37.07187448553684], [-6.341586901533477, 37.07229293246563], [-6.336062552691971, 37.073182873601034], [-6.335326570166205, 37.073363515069715], [-6.334871332726323, 37.07349570787894], [-6.3345931235845105, 37.07359814034021], [-6.3335028571888055, 37.074178421104556], [-6.333579155597444, 37.073838399809794], [-6.333698340476079, 37.073310215151714], [-6.334116167575971, 37.07144915834953], [-6.334171329524337, 37.07120433633816], [-6.282340890318339, 37.07150673069627], [-6.282340923556031, 37.07150759294794], [-6.2822169066394755, 37.07238415167589], [-6.282138041744062, 37.07262510377956], [-6.281683519363104, 37.07364006983527], [-6.2798669848231095, 37.07774267505411], [-6.279169093560366, 37.07935002821992], [-6.27678733994192, 37.07788191748526], [-6.275694061495045, 37.077195827557965], [-6.274077118238152, 37.07626289747002], [-6.271681840483102, 37.0748761448893], [-6.27070018489683, 37.07434460315524], [-6.270612163473702, 37.07464212705267], [-6.270095768729259, 37.07639758509179], [-6.268814922051071, 37.08053481088196], [-6.268276077509365, 37.08198904961038], [-6.267736413704107, 37.083195528896475], [-6.266683536088827, 37.08524734530002], [-6.2653882480941325, 37.08724951729421], [-6.263952119534242, 37.08930060554916], [-6.261194242204654, 37.09316532366061], [-6.260711834320697, 37.093854363075316], [-6.258963868186317, 37.09627888911822], [-6.258584160197193, 37.09683895329682], [-6.2584091216674596, 37.09722895392562], [-6.258354348689637, 37.097620151975285], [-6.2583790101391195, 37.0979168114185], [-6.258642139262257, 37.09849974407713], [-6.258941568407704, 37.09909294027533], [-6.259066250975875, 37.09960309334435], [-6.259149371190806, 37.099943196108995], [-6.259187102229393, 37.10009758357296], [-6.259273133884149, 37.10071466958908], [-6.259262782597129, 37.10158443882711], [-6.259156618798522, 37.102445581230654], [-6.2589310042199715, 37.10329198720222], [-6.258626224708678, 37.104100026081355], [-6.2577022912693, 37.1057472676569], [-6.2567818720393005, 37.106783964791454], [-6.255495612113203, 37.10789828624952], [-6.2545547166846305, 37.10845798871365], [-6.253866634126461, 37.108801254740555], [-6.25291404892106, 37.109084200849104], [-6.251733769537261, 37.10933734966722], [-6.250253553459856, 37.10954014678882], [-6.249874743786028, 37.10959784136424], [-6.249594160396921, 37.109720417923306], [-6.249338046217818, 37.109860342351595], [-6.249018820898467, 37.11019346302017], [-6.247736590814749, 37.11196533708989], [-6.2446721310550934, 37.11621652473792], [-6.241415492011789, 37.12071391799461], [-6.2381475162295805, 37.125238571454624], [-6.237761810189302, 37.125821264465486], [-6.236172000545538, 37.1279460693856], [-6.234960193888507, 37.12970462922736], [-6.232399692596511, 37.13322769798644], [-6.231771263563095, 37.134141363881845], [-6.229880507519385, 37.13692528839728], [-6.229018482376142, 37.13819445354134], [-6.228037425067804, 37.13964255912655], [-6.227605782777149, 37.14014087540228], [-6.226823532522713, 37.14080191560564], [-6.225554540911318, 37.141505490034184], [-6.223509342012395, 37.14273250020517], [-6.216841559086774, 37.14665528581905], [-6.215597610708863, 37.14739411771188], [-6.208708233165602, 37.15145312099751], [-6.2056325507531085, 37.153264126863434], [-6.205123095494243, 37.15362030635577], [-6.20425922880465, 37.15433071430677], [-6.203585413289816, 37.155026964613405], [-6.203063521754133, 37.15565152567848], [-6.20275908360267, 37.15606071586437], [-6.202084125430795, 37.157155693877016], [-6.201781022175818, 37.157880204729146], [-6.201526286012397, 37.15862142696835], [-6.201362994751608, 37.159274580861265], [-6.2012381864193085, 37.15998526070858], [-6.201187180077482, 37.16047319327591], [-6.201209796961371, 37.161434427413546], [-6.201533564162814, 37.16458377021659], [-6.201721760316532, 37.16636270628962], [-6.201995285642445, 37.16719551376376], [-6.202638541369621, 37.169018451202746], [-6.202669874606747, 37.16908968613418], [-6.202736371497322, 37.169360446837125], [-6.203459659929804, 37.17152360138975], [-6.204004324656237, 37.173130699317866], [-6.205140789610405, 37.17646750013359], [-6.20549201202187, 37.17744235625291], [-6.206462706365058, 37.18023851236446], [-6.206828364703147, 37.18099222142389], [-6.207243275871627, 37.18178288784049], [-6.207813998029499, 37.18272926285029], [-6.210656440963313, 37.18622024510776], [-6.21129033714353, 37.18711082701199], [-6.2143638887521755, 37.190985128748316], [-6.215019294193596, 37.19181653844453], [-6.218289742139448, 37.195962443373475], [-6.2202478511682004, 37.19843653462578], [-6.220141549927371, 37.198531781402245], [-6.21968103219025, 37.198728407548586], [-6.21935833937387, 37.198866185292395], [-6.215414949973958, 37.200128907613184], [-6.215398610517253, 37.20014095934762], [-6.215354708951002, 37.20017334224771], [-6.21494480409358, 37.20019798950569], [-6.21440385839243, 37.20036134625639], [-6.2129541500003835, 37.20076336016112], [-6.212589669353657, 37.20088813092724], [-6.21242702218492, 37.200987151870265], [-6.212340739900206, 37.20113140241743], [-6.212259972373008, 37.20126874646146], [-6.212245167238812, 37.2014425933003], [-6.212212067015562, 37.201824169841004], [-6.212050481655494, 37.20195244345349], [-6.210307083454356, 37.20274307215643], [-6.20862990456439, 37.203552155375995], [-6.208261226090327, 37.203692394936674], [-6.208260092416457, 37.20369282566772], [-6.208190406506585, 37.203593348922595], [-6.208090877664673, 37.20321311502646], [-6.208132192981246, 37.20278401285455], [-6.208463001177871, 37.20158120467959], [-6.208758024985187, 37.20107539616507], [-6.208863182670645, 37.20089459499411], [-6.209007956060134, 37.2006519030346], [-6.208908429014883, 37.20027166791537], [-6.208656123692606, 37.199945132556145], [-6.2082431501901985, 37.1994900498783], [-6.207974418274632, 37.19905808654685], [-6.20788261404586, 37.19886009886], [-6.207576726911813, 37.198676921058365], [-6.207199627630292, 37.19822086259317], [-6.206419858522638, 37.19698281605469], [-6.205997782391441, 37.19644913180913], [-6.2057177209235155, 37.19625624001304], [-6.20550628265846, 37.196108792992554], [-6.204988602424837, 37.19598990921731], [-6.2044534876881805, 37.196024666737195], [-6.20376684872268, 37.19614686856285], [-6.203492593066427, 37.196145279994084], [-6.203179243627358, 37.19606816137893], [-6.202808095684574, 37.19603090009051], [-6.202328686376994, 37.195976292577306], [-6.202003560024509, 37.195899490073145], [-6.201424883284806, 37.19575295614552], [-6.20020195099299, 37.19559455480942], [-6.199208310982474, 37.19550653022995], [-6.1985687131951455, 37.19546749904012], [-6.198253755771705, 37.19535211987696], [-6.198049433061992, 37.195310333626416], [-6.197734856524221, 37.1952039519323], [-6.197440580115257, 37.19501142333284], [-6.197178489444599, 37.19482253155642], [-6.196843506776828, 37.195133417848936], [-6.196458898477836, 37.19534427927681], [-6.196067657018777, 37.195402145276546], [-6.195761809410601, 37.19521893618562], [-6.195300244237831, 37.19473583348685], [-6.195014797369805, 37.19475254740142], [-6.193195685563238, 37.19176744454415], [-6.1929104515959255, 37.191293483959114], [-6.190586607872265, 37.187431794988385], [-6.190446971049545, 37.18709091742716], [-6.190460836545978, 37.18685177370418], [-6.190590949430036, 37.18654417255556], [-6.194645157698382, 37.183152884427095], [-6.195166155410319, 37.182643265163556], [-6.195418264899861, 37.182120628093045], [-6.195550248076343, 37.181574200800526], [-6.195701485742647, 37.18006091139743], [-6.195768311416626, 37.179392352115805], [-6.195860645651417, 37.17833116212537], [-6.195821669547886, 37.17740641563542], [-6.195727842313086, 37.17687509101144], [-6.195648487835821, 37.17652808616175], [-6.19555226479416, 37.17610720458642], [-6.195217966642645, 37.17496291887028], [-6.194111482961105, 37.171194966080655], [-6.193944168146183, 37.17061832115733], [-6.193393203534672, 37.16871400225337], [-6.193271338981528, 37.16825551439127], [-6.193170736652852, 37.16753740883981], [-6.192748890490379, 37.16487950150241], [-6.192742451366418, 37.16472650035846], [-6.192372137060241, 37.162159544426906], [-6.191997204515152, 37.158344787954285], [-6.19179270214242, 37.15532734835563], [-6.1918252175624255, 37.153407282189576], [-6.191905910529465, 37.15249056332705], [-6.1920642745309085, 37.151722671844524], [-6.19249153304296, 37.150690741504405], [-6.193005437657449, 37.14987497151183], [-6.193526148806812, 37.14922120226704], [-6.19428430894032, 37.148543004563386], [-6.195148596041455, 37.14784166946032], [-6.196087500803392, 37.147217152007556], [-6.197049052093624, 37.14670464604494], [-6.197704071259458, 37.14640989695855], [-6.201689021215983, 37.14482230411973], [-6.203707291317649, 37.144080696698644], [-6.206968681550501, 37.14300130591003], [-6.208861208173658, 37.14238690752739], [-6.209792536544476, 37.141866108786196], [-6.211534442643901, 37.14078946699576], [-6.214422877523611, 37.13906899555122], [-6.215125411279787, 37.13849579714393], [-6.217434255833144, 37.136459858153074], [-6.220861762528324, 37.13313202726289], [-6.221970978884968, 37.132034146078226], [-6.222617612277631, 37.13140611127683], [-6.22390016305988, 37.12990254175124], [-6.225952881756072, 37.12746119434825], [-6.227406115137296, 37.125628569816286], [-6.229141047615188, 37.123281424133566], [-6.22941906361919, 37.12295172963731], [-6.229667008519089, 37.12248544846901], [-6.230373531693408, 37.12116870802624], [-6.231114432495349, 37.11982174356788], [-6.231643091040066, 37.118804933303174], [-6.231780205393436, 37.11839122796204], [-6.232682809234732, 37.115523868502606], [-6.233554095110254, 37.11290514031329], [-6.233820550694909, 37.11244960791702], [-6.234434299459958, 37.11175708342049], [-6.235188377648789, 37.11099990668654], [-6.23658449883918, 37.109522386722645], [-6.236982292609903, 37.109072268557846], [-6.238296741669618, 37.10721402336629], [-6.241100116871731, 37.10326521271845], [-6.243958602818175, 37.09921797777994], [-6.246414063205702, 37.095675031241974], [-6.245755121995341, 37.09568632363941], [-6.244644790829432, 37.09562212175173], [-6.24392591043004, 37.09551791197379], [-6.242384160653989, 37.095388909559844], [-6.241678676830444, 37.095322613014496], [-6.241225779501868, 37.095314726928144], [-6.240144571717494, 37.09509651287661], [-6.238554170982272, 37.09466244887787], [-6.2368982453336335, 37.09408824135454], [-6.235638495589879, 37.09358879069118], [-6.235530169546391, 37.0935624663496], [-6.233621233397956, 37.09264146619257], [-6.232038305747621, 37.09168226074415], [-6.230011464819815, 37.0902215488551], [-6.228428395235673, 37.088834307068694], [-6.227535070092963, 37.08784723801766], [-6.22682731443006, 37.086884391008674], [-6.226241353251692, 37.085983547601295], [-6.22566477856973, 37.084740055244374], [-6.225189149372869, 37.08349381209746], [-6.2247818675961035, 37.0823132809761], [-6.224739011668842, 37.08220181903094], [-6.224737776485333, 37.08219783158954], [-6.224586745431563, 37.081710396114964], [-6.224369744798247, 37.08023860942724], [-6.224129648479023, 37.07878547234612], [-6.224075261776751, 37.07810667215399], [-6.223826356577823, 37.07499812827812], [-6.22371504543268, 37.07278912253206], [-6.223597987764639, 37.07058928215406], [-6.223579753760988, 37.07001762384949], [-6.2233936650549255, 37.069556399750574], [-6.223033870020694, 37.06921253088136], [-6.222371531381943, 37.0687439828735], [-6.21804084592369, 37.067640755625824], [-6.217707565563386, 37.06764079504912], [-6.21731658731071, 37.06768069431217], [-6.21552665458123, 37.067281006883235], [-6.2133610176538205, 37.06686219755769], [-6.2122229348338465, 37.066683559103005], [-6.209671556831873, 37.0662863974424], [-6.208277501766639, 37.06596147750671], [-6.206765608397385, 37.065524846074425], [-6.205436179930336, 37.06503595652492], [-6.204085093081767, 37.064320125677284], [-6.203515345595944, 37.06386925298665], [-6.202546383204627, 37.06310251402034], [-6.201595589239938, 37.06227897365102], [-6.2012908510511435, 37.061962831477565], [-6.2007195836159, 37.061111011216695], [-6.200282728401656, 37.06062723808238], [-6.199936540149025, 37.06003514230072], [-6.199249781707578, 37.05869987197164], [-6.198919915843675, 37.05792712420719], [-6.198561387433982, 37.05689835351136], [-6.1983128550359154, 37.05579903529393], [-6.198113501806379, 37.054448350641835], [-6.198016898777347, 37.05356569083681], [-6.197757440170483, 37.05064432881363], [-6.197721712374991, 37.04922391108145], [-6.197707043784719, 37.048451668354176], [-6.197727342116867, 37.04819883094548], [-6.197832072204274, 37.04689401056381], [-6.197918080502839, 37.04611004140229], [-6.198103865578315, 37.04486610600863], [-6.198364383298923, 37.04356158684463], [-6.199081295489507, 37.04136849376262], [-6.1997770227107765, 37.03981795434617], [-6.200472794847766, 37.03867062455313], [-6.200718658351156, 37.038578386732674], [-6.201437914246301, 37.03757683696622], [-6.201542464670655, 37.037459079348665], [-6.201367121612039, 37.03737150964061], [-6.200842490214743, 37.03711086222154], [-6.199966187248333, 37.03663894934115], [-6.199352115089795, 37.03618022789227], [-6.1983538631286486, 37.03563500831254], [-6.198131626215551, 37.035440522469585], [-6.197391931851044, 37.0348207416743], [-6.196174087616988, 37.03386244270212], [-6.195278832893047, 37.03321755653248], [-6.194041143976044, 37.03235437784383], [-6.193979604887517, 37.032306480594144], [-6.1936047531908, 37.032014732043265], [-6.19319678689778, 37.03164503205558], [-6.192875924847985, 37.03136759488796], [-6.191989312815384, 37.03093194265399], [-6.190227215283298, 37.03032161784906], [-6.190028586095889, 37.030333719590374], [-6.1838977100459, 37.02782695205791], [-6.1702041700455075, 37.02222371718674], [-6.162395696490639, 37.01902747469405], [-6.162395126958779, 37.01902779458613], [-6.16199325932822, 37.01886330530592], [-6.161774816898896, 37.018773893060335], [-6.1617751501738525, 37.018773507180185], [-6.161775197784566, 37.01877345051751], [-6.1617893157075825, 37.01875709221079], [-6.161789457641391, 37.018756805311014], [-6.16215308219365, 37.01802267398497], [-6.162162440842311, 37.01800377858019], [-6.162302118987497, 37.01773336376376], [-6.162426715317413, 37.01749214626777], [-6.162426762928127, 37.017492117577305], [-6.162612267729242, 37.01738132427938], [-6.162915685394536, 37.01695424565096], [-6.163084353970617, 37.01671997960194], [-6.163084373733553, 37.016719872011684], [-6.163113612997744, 37.01656602130768], [-6.163113860034446, 37.01656558735922], [-6.163257861771095, 37.016314380288826], [-6.163393721178053, 37.016148573240336], [-6.163557271153607, 37.016078885010074], [-6.163703846563574, 37.01588350127072], [-6.163703875309682, 37.01588336355359], [-6.163723603211638, 37.015788364513696], [-6.16368520292818, 37.015721810458565], [-6.163771104327224, 37.015214933429974], [-6.1638491751119355, 37.01480287337187], [-6.164191868918091, 37.01388817801761], [-6.164398998863033, 37.013434381149345], [-6.164399083304694, 37.01343429937718], [-6.164478952516595, 37.013355658900664], [-6.164746205805207, 37.013204360718625], [-6.164746305518184, 37.013203990590846], [-6.164762635991752, 37.013143839066124], [-6.164787478900915, 37.013052333455285], [-6.1647453012016955, 37.012979403040845], [-6.164710500467606, 37.01291922910187], [-6.164611157576961, 37.01281826052675], [-6.164666748920006, 37.01229191784674], [-6.16475190561569, 37.01205086886182], [-6.164752061922551, 37.01205067375276], [-6.16491022020976, 37.01185517134211], [-6.164910291176697, 37.011854931041704], [-6.164972738461957, 37.01164400869143], [-6.164897993240433, 37.01156040467812], [-6.1647981859207865, 37.01144818459331], [-6.164983043934925, 37.011033275709316], [-6.164983187665361, 37.011033044014226], [-6.165128115565084, 37.01080188939874], [-6.1652211998931525, 37.01075209916807], [-6.165362559684572, 37.010719041954644], [-6.165361964101529, 37.010718770088396], [-6.165301899148371, 37.010691376863555], [-6.165228739453324, 37.01064602609138], [-6.165304393769912, 37.010463797087844], [-6.165391133297114, 37.010260998222286], [-6.165433347827282, 37.01013597760322], [-6.165417210491523, 37.01003053563601], [-6.165265960248794, 37.00982507932749], [-6.165164566504374, 37.00967460694314], [-6.165090194982009, 37.00960000404687], [-6.165155511486298, 37.00945634663842], [-6.165114780973003, 37.00933353840219], [-6.165115148383949, 37.00933341501997], [-6.165302445324073, 37.00926996210714], [-6.16530239681503, 37.00926958335215], [-6.165284639816838, 37.00912852209131], [-6.165284938955805, 37.00912843385844], [-6.165425622315843, 37.009086465132675], [-6.165425825335087, 37.00908599886121], [-6.165501648534962, 37.008913237189375], [-6.16554282281599, 37.00875896036029], [-6.165534888895426, 37.00856769975548], [-6.165649301923245, 37.00831685791965], [-6.165649363008715, 37.00831678690223], [-6.165808073759837, 37.008132410307944], [-6.165808171676187, 37.00813209826081], [-6.1658289892345906, 37.008066243373456], [-6.165923684241955, 37.00776665287941], [-6.166028760180744, 37.00743045953938], [-6.166006568199949, 37.00718326387176], [-6.165818884085975, 37.00695850860221], [-6.1656343755165075, 37.0068102550833], [-6.165581718969479, 37.00668776753745], [-6.165582024396692, 37.0066874038342], [-6.1657289384714975, 37.0065126381318], [-6.165728930386691, 37.006512445160595], [-6.165721844475719, 37.00634162815941], [-6.165785747031777, 37.00615971308667], [-6.1658493782966115, 37.00597555292758], [-6.165849473518037, 37.00597549553797], [-6.166093026554493, 37.005827133930936], [-6.166288134345979, 37.00565973654211], [-6.1662882286690746, 37.00565936494287], [-6.166349608755816, 37.00541931790047], [-6.166211234964416, 37.00524054918845], [-6.166137332362603, 37.00517719759615], [-6.1661377994865605, 37.005176881949986], [-6.166241497409701, 37.00510683860015], [-6.166296846207597, 37.00501075002091], [-6.166410145324517, 37.00501673583273], [-6.16648728725123, 37.0048705087138], [-6.166487534287932, 37.004870000808396], [-6.166552970268168, 37.004735850530686], [-6.166589847907213, 37.00447806827078], [-6.166628310174405, 37.004258537618774], [-6.166620000758019, 37.004058276099464], [-6.166636287214129, 37.00387537919491], [-6.166675964901927, 37.00368510060738], [-6.166678562829699, 37.00346427420449], [-6.166728949333995, 37.00324442497078], [-6.166740565448929, 37.00294902301652], [-6.166740807095748, 37.00294859688166], [-6.166851339401574, 37.00275459123128], [-6.167024729522767, 37.00263507938919], [-6.1670809972972265, 37.00255698731307], [-6.167081076348971, 37.00255669389551], [-6.167122083543373, 37.00240496457965], [-6.167114520626976, 37.00222270505815], [-6.1671090112593445, 37.002089946900014], [-6.167109269075844, 37.00208971230804], [-6.167167386481461, 37.00203634224769], [-6.167194915353345, 37.002011063680875], [-6.167194768927952, 37.00201089724235], [-6.167030524554676, 37.00182358262799], [-6.167007708244764, 37.00179755931935], [-6.166995383359054, 37.00150054330485], [-6.16720985433651, 37.00036174960285], [-6.1674049684162435, 36.99933610246558], [-6.167520561830349, 36.99897034432622], [-6.167520677713042, 36.998970200839004], [-6.167591882674038, 36.998881933177], [-6.1675925680885895, 36.99888108875359], [-6.167594851606045, 36.998878256312096], [-6.167594777944183, 36.99887810349798], [-6.167522588429635, 36.99873151302722], [-6.167519153272, 36.99864874282519], [-6.167519129915809, 36.99864815022034], [-6.167515493535525, 36.99856050492248], [-6.1676866746994214, 36.997812577865766], [-6.168054015582039, 36.996352096906826], [-6.168446935992375, 36.99464539897635], [-6.168768261572872, 36.99351051910219], [-6.169472630587152, 36.991146751387284], [-6.169472744673183, 36.99114648232107], [-6.169646053946003, 36.990741156963686], [-6.169744686269279, 36.990538040722534], [-6.169744753642928, 36.99053771210031], [-6.169757342633319, 36.99047646062548], [-6.16978425885415, 36.990345511629], [-6.16978443312732, 36.99034510766661], [-6.169874377843466, 36.99013607441944], [-6.169979386408606, 36.989892032714835], [-6.169979470850233, 36.98989169476204], [-6.170030329868369, 36.98969019068091], [-6.169997153288299, 36.989605478344416], [-6.1699973841553195, 36.989604812481645], [-6.170060859113293, 36.98942356843244], [-6.170340064486752, 36.98869978117451], [-6.170340109402507, 36.9886995623269], [-6.170458695104845, 36.988124454505055], [-6.170458801106069, 36.98812432606562], [-6.170628499151424, 36.98791943481683], [-6.170685595172574, 36.98786159314111], [-6.170782632087872, 36.98762022488082], [-6.17096761496784, 36.98718053030981], [-6.171009787277144, 36.98708028886829], [-6.171009942685709, 36.98707973348586], [-6.1710380689372295, 36.9869803579935], [-6.171237838086755, 36.9862745229846], [-6.171237885697468, 36.98627439167188], [-6.1715180576581705, 36.98557999164787], [-6.171518222049873, 36.985579396070946], [-6.171693851671063, 36.984944565852466], [-6.1716940537920095, 36.98494383177991], [-6.171800736816839, 36.984547505452944], [-6.171801958525625, 36.98454296752583], [-6.172015638985602, 36.983679017045866], [-6.172015749478412, 36.98367867978307], [-6.1722686324173885, 36.982899613043266], [-6.172369584190703, 36.98275274779331], [-6.172423324105964, 36.98261840708478], [-6.172423359140251, 36.98261807914589], [-6.172500166893677, 36.981891018040194], [-6.172500357336529, 36.98189040018887], [-6.1727449164861, 36.981096632944265], [-6.172793376104089, 36.98093934098326], [-6.172919631622345, 36.98054401351933], [-6.1729196352155995, 36.98054384918663], [-6.1729283255176535, 36.98003920046309], [-6.172928524943642, 36.980038688803745], [-6.173014271832453, 36.97981840155562], [-6.173014285307175, 36.97981807719282], [-6.173020583395659, 36.97968307683483], [-6.173014695837282, 36.9795413205678], [-6.173017085355928, 36.97931149253584], [-6.173317881737258, 36.977397753815026], [-6.173533994835042, 36.976162059367944], [-6.173689892062688, 36.97533569227164], [-6.173728701079593, 36.97512516380079], [-6.173724028941822, 36.97501265885349], [-6.173724250825672, 36.97501248948524], [-6.173827775373973, 36.974933296139135], [-6.1738273244196975, 36.974932915777806], [-6.1737292212041455, 36.97485033282324], [-6.173669384423084, 36.97455459020706], [-6.173669576662563, 36.974553713218555], [-6.173678981125277, 36.97451080392555], [-6.173749338974943, 36.97418978509393], [-6.173882977746509, 36.97397671935345], [-6.17407930904341, 36.97326640739684], [-6.174570166480967, 36.97148949468639], [-6.175185902319429, 36.97029040998935], [-6.175819765261987, 36.96895793418087], [-6.176150170115083, 36.96818546335461], [-6.176340201526905, 36.96789429763861], [-6.17641261921355, 36.96763556367815], [-6.1764126210101775, 36.96763519763492], [-6.176414075382612, 36.967387739832574], [-6.176414246960824, 36.967387352256125], [-6.176631359883543, 36.96689536332744], [-6.176963740131923, 36.96631430854591], [-6.177484883370957, 36.965698914329984], [-6.1778820474226785, 36.96496294642299], [-6.177981029190592, 36.96475834235296], [-6.178133769738339, 36.96444261392422], [-6.1784502551960765, 36.963623205406805], [-6.178782646224254, 36.96275606591371], [-6.179266066509574, 36.96180829263305], [-6.179464435185558, 36.96143130080045], [-6.179552880613482, 36.961275756214114], [-6.1796498303921945, 36.96132046170414], [-6.179724806480772, 36.961406304468994], [-6.1797915620861446, 36.96129864443489], [-6.179791480339476, 36.96129793741023], [-6.179754800329793, 36.96098426546836], [-6.179755033891771, 36.96098380177315], [-6.180429674958338, 36.95964166073496], [-6.180666175321515, 36.95904289240027], [-6.1810658869953725, 36.95836541340023], [-6.1819405954521685, 36.956825972955976], [-6.1819677802692645, 36.956800466886314], [-6.182017666411944, 36.95667974220409], [-6.182380014458228, 36.95596496825515], [-6.183018227043399, 36.95473821632128], [-6.183125342157866, 36.954458274542574], [-6.18343341848624, 36.95386884503051], [-6.183731269291754, 36.95302965094958], [-6.184004982365559, 36.95247042573363], [-6.1841366708946275, 36.95220784609545], [-6.1847992511801975, 36.9507123719215], [-6.186050273790951, 36.947513899555965], [-6.186422872512913, 36.946760539961815], [-6.186508870930011, 36.94629419873049], [-6.186743532441795, 36.945758537047666], [-6.187636887228909, 36.94381759001224], [-6.187997550035705, 36.942778467608214], [-6.188222131551693, 36.942182254065244], [-6.188298721014491, 36.94205855821662], [-6.188359074326851, 36.9419610861629], [-6.188444813130853, 36.941822614030016], [-6.188583147396381, 36.941438208498894], [-6.188720440514507, 36.94102454611605], [-6.1889066244419935, 36.94064786639764], [-6.189307515603841, 36.9397202873002], [-6.189495842013273, 36.9393908511592], [-6.189612483761325, 36.939054331949045], [-6.189842202742413, 36.938581869939846], [-6.190010636858186, 36.93834757861184], [-6.19015424603107, 36.93794275540662], [-6.190291522979548, 36.93781517253466], [-6.190337405330997, 36.937775645201064], [-6.190363496000095, 36.937547432266456], [-6.191069302318831, 36.93623997112948], [-6.191348827492523, 36.93582248214068], [-6.191478591830275, 36.93580097206536], [-6.191515280823095, 36.93554093569079], [-6.192204825838573, 36.9344163665798], [-6.192539785150119, 36.93390277610036], [-6.193177267404983, 36.9328088849146], [-6.193467460971005, 36.932361818742095], [-6.193925309813416, 36.93166245691449], [-6.194464012421314, 36.93090460196395], [-6.195247577809368, 36.929757211088955], [-6.196568622299874, 36.927966867045974], [-6.196707762354232, 36.927888783794316], [-6.1967643247761055, 36.92781968254531], [-6.196793873060733, 36.92767472030581], [-6.197014599905842, 36.927270064461176], [-6.197770146840161, 36.92630587286846], [-6.198160813377444, 36.92584708034502], [-6.198417743226812, 36.92545721616251], [-6.199073176515974, 36.92465790038397], [-6.199391548435815, 36.924315934381205], [-6.199604197629891, 36.92400384949564], [-6.200080721548761, 36.92346840097058], [-6.200739223482942, 36.922743329483325], [-6.201612687773057, 36.921757912758785], [-6.201739133734131, 36.921657641188176], [-6.201862851511686, 36.92149211689821], [-6.202467012557714, 36.920885637173], [-6.203107700899819, 36.92016328672423], [-6.2038953042150595, 36.919398672799105], [-6.204488651341663, 36.918819506497606], [-6.205014835027777, 36.91833676089327], [-6.205449755270906, 36.91794432665378], [-6.206044306140019, 36.91739440540018], [-6.206410285176637, 36.91706014479862], [-6.206730195910573, 36.91675641317711], [-6.20770771295835, 36.91585148829513], [-6.208846779433545, 36.91497372468123], [-6.20953276083227, 36.91435148390638], [-6.210248800758739, 36.91385682245513], [-6.211697283848712, 36.91271161563106], [-6.212445491547177, 36.9121484946328], [-6.214250917520364, 36.91087871412686], [-6.215357228725361, 36.91007611313887], [-6.217009969846355, 36.908992887790845], [-6.218325811294738, 36.90808771923922], [-6.220445965620973, 36.90668542208919], [-6.221868088547251, 36.90577057488472], [-6.222830931614875, 36.90522859451872], [-6.224696548305346, 36.904130474727324], [-6.225745937762396, 36.90352980547998], [-6.227371009874291, 36.902645419894824], [-6.229566587650091, 36.90148869762537], [-6.230084784415012, 36.901247087180145], [-6.230699756685476, 36.9009059795245], [-6.231957310946657, 36.90031761277253], [-6.232621810033693, 36.90002470351823], [-6.234960729284411, 36.89889101156104], [-6.236756525317778, 36.8981189818474], [-6.237155996243148, 36.89795011769272], [-6.23943373123989, 36.89698724076395], [-6.241339557420807, 36.8962864811997], [-6.242499474692065, 36.895921429128194], [-6.243992085723755, 36.89555628622767], [-6.244838595165464, 36.895361958737645], [-6.245927997381862, 36.8951497228341], [-6.246598780184296, 36.89500749097752], [-6.246889581909753, 36.89486663678022], [-6.247043662743936, 36.89486242254439], [-6.24714961184517, 36.89483925286413], [-6.247538935401093, 36.89478129953682], [-6.247774177224536, 36.89472756256424], [-6.248009041755565, 36.894664823043776], [-6.248744239153768, 36.89464470874114], [-6.24886477869186, 36.894688714069574], [-6.2489818642076775, 36.894647216743046], [-6.2495601250274255, 36.89456381467815], [-6.250072462980043, 36.89460835743122], [-6.251188013357754, 36.89459583609318], [-6.251352376308648, 36.89455304268609], [-6.251684134024539, 36.894534946396924], [-6.252497081508889, 36.894665854693656], [-6.252987313719, 36.89474703242375], [-6.253773267727404, 36.89494399447604], [-6.254438258192886, 36.89522310885098], [-6.254901452909557, 36.89550549672377], [-6.255288513609292, 36.89567509188126], [-6.256036507508715, 36.89595191976658], [-6.256946591621375, 36.896136446706514], [-6.257638538731891, 36.896212071041894], [-6.257939461775678, 36.896309685642365], [-6.2583586192805045, 36.89639278981752], [-6.259108845493415, 36.8967258521729], [-6.260954034494324, 36.89809430310655], [-6.261365842881829, 36.898560534774354], [-6.261541980949477, 36.89879446921203], [-6.263269174441173, 36.900882140011745], [-6.263269415189695, 36.90088243166619], [-6.263990920466306, 36.90208257011596], [-6.26399146484538, 36.90208347379943], [-6.264418921885124, 36.90265216155342], [-6.264419451891144, 36.90265286696722], [-6.2647015049240355, 36.903151182711966], [-6.264701926233908, 36.90315192619313], [-6.26490304914456, 36.90341219731006], [-6.265214567817111, 36.903774404866], [-6.265215324198567, 36.90377528266941], [-6.265310320141559, 36.904058205660135], [-6.265310499804612, 36.904058740098215], [-6.265547656836267, 36.90432928237079], [-6.265786115526749, 36.904637644956615], [-6.2657864443101206, 36.90463807236018], [-6.266079498112001, 36.90510530202106], [-6.2666601134161075, 36.90606157723229], [-6.266660623659193, 36.90606241981211], [-6.266861380955525, 36.906313687766264], [-6.267110665243496, 36.906592902782194], [-6.267320201775095, 36.906778284633816], [-6.267320552118064, 36.906778594223326], [-6.267461313631516, 36.9070303583209], [-6.26746194694377, 36.907031493957575], [-6.2676697137942545, 36.9071874157769], [-6.267670412683563, 36.907187940136836], [-6.267725889940543, 36.90737742418775], [-6.267726023789544, 36.907377878153014], [-6.267925636632175, 36.90760214457246], [-6.2683289164143705, 36.90817082351703], [-6.268329872221849, 36.9081721767792], [-6.268618509905765, 36.908535863679305], [-6.268618539550169, 36.90853590174861], [-6.269022399644023, 36.909113571666204], [-6.26902334646833, 36.909114925629936], [-6.270446887834458, 36.91061196240036], [-6.270545839059636, 36.91070384332074], [-6.270787257698989, 36.910794052004086], [-6.271631639930072, 36.91138122897377], [-6.272081068863355, 36.911616622394575], [-6.272242452102477, 36.911800253854494], [-6.27224342677456, 36.911801363562866], [-6.272253606483335, 36.912039677550986], [-6.272253614568176, 36.912039852087055], [-6.272341138324644, 36.91214331027113], [-6.272448734037792, 36.91215836488651], [-6.273116579349249, 36.91260379197445], [-6.273191572505806, 36.912653808753184], [-6.2732300123151035, 36.91267944667598], [-6.273230365353029, 36.91267968154361], [-6.273268740483635, 36.9127448863665], [-6.2732695022550065, 36.91274617993281], [-6.273311058320035, 36.91275147630037], [-6.273316181412115, 36.91275212847038], [-6.274388256025001, 36.91288877376246], [-6.274984570287016, 36.91280700051094], [-6.276726690185518, 36.91256971242729], [-6.27819968919791, 36.912648429780106], [-6.278954817517314, 36.91260279791607], [-6.2797565459420825, 36.91260542886682], [-6.281535229069278, 36.91254275863207], [-6.28264369982423, 36.91242876710766], [-6.283649859654827, 36.91235363720016], [-6.285262015789588, 36.912214426064565], [-6.285838727015476, 36.912162423742465], [-6.286222145945044, 36.91210450655537], [-6.287166980486122, 36.911981488769825], [-6.289493734751312, 36.911547617728935], [-6.289711871753422, 36.91150140844297], [-6.290655932845099, 36.91130141711763], [-6.293658053117279, 36.910693317818144], [-6.294438851694241, 36.91055226703704], [-6.295541652283115, 36.91030766639605], [-6.29691083299812, 36.91004439845828], [-6.297838701956781, 36.909874466760215], [-6.298501239123224, 36.90974794090392], [-6.298768113322793, 36.9097405261283], [-6.298886665787438, 36.90973723210879], [-6.299249729791009, 36.90954919263207], [-6.29999976376444, 36.9093864390456], [-6.300470464803625, 36.90928775800426], [-6.300711911290753, 36.909377902280404], [-6.3007659647180345, 36.909257016986], [-6.30089532661052, 36.909158814871844], [-6.30186561311856, 36.90894036898063], [-6.302401877698801, 36.90883760534447], [-6.3032438605297365, 36.908742102729924], [-6.30411854383368, 36.90871776430132], [-6.30445303871626, 36.908737738420164], [-6.304535284870415, 36.90874220831809], [-6.305372701564804, 36.90854094700753], [-6.305858176297153, 36.908419307619255], [-6.305961746659507, 36.908393898835655], [-6.306163107623722, 36.908343240703516], [-6.306444592921381, 36.90827233247861], [-6.307897401399444, 36.907884973641714], [-6.31000585337249, 36.907553656610695], [-6.310848782129436, 36.90748059778443], [-6.311253593539183, 36.90758850554058], [-6.311254231343022, 36.907588675058776], [-6.311347031803474, 36.90770381518911], [-6.311348341547142, 36.90770543063774], [-6.311448406683288, 36.9076192967937], [-6.311706516020611, 36.90740937270603], [-6.312115569275119, 36.907256053743595], [-6.312954404409325, 36.90708848766825], [-6.3144894949741595, 36.906890220196175], [-6.31513940452267, 36.90681350887303], [-6.315642287706937, 36.90677468879825], [-6.3159127470827885, 36.906850480012416], [-6.3159578083740575, 36.90686273715869], [-6.31624723118557, 36.906687964892384], [-6.316908145994588, 36.90652534239842], [-6.317896755439491, 36.9063918505757], [-6.3187566866098335, 36.90636781739693], [-6.319042035561543, 36.906443184495075], [-6.319517851607967, 36.90646367064486], [-6.319770407560199, 36.90647012464284], [-6.31999987591133, 36.906283506549535], [-6.320493761569703, 36.906033179484936], [-6.320960799279157, 36.90585117692622], [-6.3221403034168935, 36.90566500698453], [-6.323974901280623, 36.90553031837719], [-6.3245530803536685, 36.90551412966777], [-6.325157414774536, 36.90541386331796], [-6.326218577551679, 36.90523997485735], [-6.3263122790223205, 36.90514499498638], [-6.326374851173443, 36.905080175152285], [-6.3266519976082884, 36.904966540975586], [-6.327299548180821, 36.90484027491401], [-6.327624193036294, 36.904795136177555], [-6.3278715243868415, 36.904849669864994], [-6.327872627518011, 36.90484991265825], [-6.327877996748462, 36.9048581022617], [-6.327879286729227, 36.90486006831231], [-6.328050932322124, 36.90471109511899], [-6.329002081121366, 36.90439835893365], [-6.331496109777274, 36.9037224758072], [-6.3321282704124, 36.903585353642754], [-6.332466713390623, 36.90351503577775], [-6.332897645113906, 36.90352771943302], [-6.3332662642991595, 36.90347006793967], [-6.333630011920621, 36.903304431624576], [-6.334303193224871, 36.90308279749964], [-6.334698070165885, 36.9026054382914], [-6.335477339810253, 36.90209475188319], [-6.335940786953541, 36.90183170199814], [-6.336570061301626, 36.90162480852398], [-6.337648769074579, 36.901175519372735], [-6.337736734802153, 36.90115052266927], [-6.338229935045974, 36.900886627610596], [-6.338862746061331, 36.90059627935069], [-6.3390010416993166, 36.90053157130888], [-6.340142115010894, 36.89986877208976], [-6.340361803403492, 36.899740955248916], [-6.3407159668992215, 36.89953727370019], [-6.340969888290675, 36.89939047181855], [-6.341112809354083, 36.899267067877936], [-6.341326338897114, 36.89905833127665], [-6.341802078586751, 36.89873634719498], [-6.34238867577233, 36.89823103427933], [-6.342543824703362, 36.89804646427175], [-6.342683284557952, 36.89783981556309], [-6.342770655600815, 36.89780131563475], [-6.3429449054097296, 36.89771306716249], [-6.343143822058043, 36.89752726457799], [-6.3433707239224, 36.89731589748712], [-6.343429649811771, 36.89726017234572], [-6.343629437825903, 36.897074349980244], [-6.343861289407466, 36.89694843652328], [-6.344743633544158, 36.89607888445857], [-6.344996897368837, 36.89576090227518], [-6.345164366693993, 36.89551741660243], [-6.345276116217019, 36.89535884441892], [-6.345490211698688, 36.89516359901096], [-6.345600390966588, 36.894969032725356], [-6.345798107465679, 36.89473595656652], [-6.346263880347254, 36.89418673585849], [-6.346407867710883, 36.89408806748763], [-6.346408894485232, 36.894085843963445], [-6.346719343264274, 36.89341358019227], [-6.346719831049498, 36.89341252769092], [-6.34702753547534, 36.89298489124105], [-6.347185002059784, 36.892849805946774], [-6.347332612328973, 36.89283437824507], [-6.34730022716468, 36.892742942071145], [-6.347265093155602, 36.89264482143906], [-6.3473557664054265, 36.892344931819736], [-6.347360187014943, 36.892333840526625], [-6.347617001879949, 36.8916896116631], [-6.347617102491257, 36.89168935589585], [-6.3476295827854985, 36.89165920481719], [-6.347745854427647, 36.891367602959924], [-6.3477897200613125, 36.89125633434006], [-6.347790019200279, 36.89125558284], [-6.34785018925633, 36.89110463536252], [-6.347850700397712, 36.89110335436136], [-6.347904043257622, 36.8909802143443], [-6.347972015181898, 36.89082287422544], [-6.348335949652956, 36.88998143194497], [-6.34879887846832, 36.889026818222355], [-6.3492230198263435, 36.888203953282996], [-6.3493434470750305, 36.887903216369644], [-6.3494689722629465, 36.887719482131736], [-6.349476991523468, 36.887566082654374], [-6.349823916394619, 36.88667329178024], [-6.350203883996873, 36.885862907002206], [-6.350669396366988, 36.88496902634957], [-6.350887308790291, 36.88452137508043], [-6.351007120693, 36.88420714067971], [-6.351040670073932, 36.88395615344959], [-6.35112496798019, 36.88384791049715], [-6.351164361800338, 36.88339403310083], [-6.351865669356143, 36.881828982136994], [-6.351921522108911, 36.88170351345817], [-6.351957420584318, 36.881578610066], [-6.352117144635067, 36.881020330815154], [-6.3521215158372435, 36.881005063833214], [-6.352611720199577, 36.87929302421042], [-6.352616623204402, 36.87927590226948], [-6.352800035829244, 36.878721096274965], [-6.35291282110979, 36.87858726479708], [-6.353060084629266, 36.87856057780356], [-6.352906031642861, 36.878432030422516], [-6.352894127168725, 36.878159806863984], [-6.35302831211596, 36.87783389958], [-6.353174491368907, 36.87778246665503], [-6.353033837653273, 36.87761975095015], [-6.353246821020636, 36.87706411301901], [-6.353359430231384, 36.87658564039014], [-6.353525252944627, 36.876306146004765], [-6.353711484482795, 36.87581207795754], [-6.353969856128203, 36.87561331532052], [-6.354087361157233, 36.87558746732974], [-6.353802912317482, 36.875190043848164], [-6.353786773185096, 36.87482107869104], [-6.353972051610743, 36.873968881345085], [-6.354236395256156, 36.87288919509458], [-6.354494612391297, 36.87201015971462], [-6.354618940124947, 36.87145927428728], [-6.354767803543922, 36.8711329525018], [-6.354855449471263, 36.87076104861491], [-6.3550620682748225, 36.87039705522713], [-6.355230525746786, 36.87017830794847], [-6.355223733584933, 36.87002307301209], [-6.355093341324809, 36.86975419643608], [-6.355098774335622, 36.86964486399594], [-6.355122752167214, 36.869162266500545], [-6.355124835360349, 36.869120336321224], [-6.355203315776838, 36.86887934065112], [-6.355301873539921, 36.86875717738895], [-6.355374912860724, 36.86873258473865], [-6.3552522029929115, 36.86863919440044], [-6.355227976327991, 36.86842588454669], [-6.355440912982937, 36.867525600504386], [-6.355638794772061, 36.86662574137525], [-6.355749310908206, 36.8661000236668], [-6.3558999152622215, 36.86580968899433], [-6.355900090433688, 36.86580951363378], [-6.356098594755301, 36.86561292632492], [-6.356098927131927, 36.86561259357027], [-6.356278014368679, 36.865296684426355], [-6.356313113343437, 36.86508169929956], [-6.356216926234394, 36.86491772828234], [-6.356212547845708, 36.86491131964245], [-6.356125727470133, 36.864784215439215], [-6.356121825188541, 36.864778503927525], [-6.356068517362951, 36.8645772790551], [-6.356146336619376, 36.86364477010158], [-6.356303265112991, 36.86316279161171], [-6.35634388423518, 36.862733655397086], [-6.356542734408174, 36.861856292077924], [-6.356674010610541, 36.86180527531949], [-6.3567540478074, 36.861600284376735], [-6.356870130803357, 36.86153843833037], [-6.356838820024126, 36.861506157245884], [-6.356668114068994, 36.86133015415688], [-6.356706564658122, 36.860851524039674], [-6.356879763438133, 36.86040511858231], [-6.357078433948075, 36.86019677813287], [-6.357215358756924, 36.859598231379465], [-6.357357117400355, 36.85876977726605], [-6.357523968684574, 36.85851503430394], [-6.357569798933759, 36.858205135576064], [-6.357475690526266, 36.8580884106611], [-6.357568366120889, 36.85715548038776], [-6.357723699206558, 36.85663750344191], [-6.357801658600164, 36.85638526478767], [-6.357870759706758, 36.85593054566765], [-6.358123281523035, 36.85492326660627], [-6.358305623356037, 36.85434594995945], [-6.358402092536068, 36.854176540466554], [-6.358692027387293, 36.85402417122789], [-6.358836359703973, 36.85387464886389], [-6.358842647012659, 36.85375350100329], [-6.358843084492179, 36.853745091714025], [-6.358714110671905, 36.85351221822308], [-6.358529543711961, 36.85336201127147], [-6.35848953544413, 36.85312437018464], [-6.358624080615802, 36.85213168858747], [-6.358629564830616, 36.852106895786335], [-6.359063681081576, 36.85014440336506], [-6.3590698426261, 36.85011654982494], [-6.359090446385461, 36.85003967578424], [-6.35936719756155, 36.84900708894842], [-6.359375835761339, 36.84897485504708], [-6.359544561829568, 36.84808707496828], [-6.359526934188758, 36.84768436355041], [-6.35946870988362, 36.84703051341914], [-6.359504485289793, 36.84649113748567], [-6.359598509255659, 36.84592984204684], [-6.35982939424998, 36.84544576485081], [-6.3597946069905795, 36.84532736342565], [-6.359791297597074, 36.84532510109988], [-6.359615788350128, 36.84520508127904], [-6.359611143161803, 36.8452019045286], [-6.359485903638165, 36.845050019184356], [-6.359574901529971, 36.844714121883186], [-6.359658068457283, 36.84458112153977], [-6.359579336512541, 36.84447522389113], [-6.359457249177217, 36.84439533202046], [-6.35938465182752, 36.84375315095462], [-6.35939581608988, 36.842991459530104], [-6.359548252108744, 36.84274838289788], [-6.359593480486674, 36.84242498525019], [-6.359574181081132, 36.84198402795084], [-6.3595132312874005, 36.841271687973716], [-6.3595128396219325, 36.84126732268267], [-6.359460439094777, 36.84068398542287], [-6.359455508242209, 36.840629085265505], [-6.359495025131559, 36.84017520056526], [-6.359399359943663, 36.84002247918246], [-6.359169408298927, 36.839851029964855], [-6.359031995704854, 36.83942467385067], [-6.359070735551481, 36.83861265262157], [-6.359044749086946, 36.83801870926437], [-6.35893186589005, 36.837472275030095], [-6.358981645133209, 36.8372568730101], [-6.359025888059255, 36.83691097881596], [-6.358996943442478, 36.83658967886914], [-6.358828577598685, 36.836128157744604], [-6.35866948506353, 36.8358826212631], [-6.358786643342879, 36.835509885814055], [-6.358829314217205, 36.835127995225264], [-6.358847955157675, 36.83487743272835], [-6.358845981558985, 36.8348765462241], [-6.358772383486087, 36.834843526989744], [-6.358772220891012, 36.83484326743729], [-6.358676729077989, 36.83469080502622], [-6.358638627035201, 36.83450041513895], [-6.358456580747944, 36.83406630941144], [-6.358396504116691, 36.833709850293644], [-6.3582733540743686, 36.8336052073335], [-6.358271409221786, 36.83360415975997], [-6.358106190176425, 36.8335153237474], [-6.358053396187175, 36.833325350828105], [-6.3580625599013985, 36.83319444165428], [-6.358045919509065, 36.833044511146554], [-6.358025760415768, 36.83286288393494], [-6.358013713109495, 36.832754318382214], [-6.3578350417927325, 36.8324012094652], [-6.357629773157076, 36.83177629035536], [-6.357593423727424, 36.831621889126936], [-6.357587451727388, 36.83160850759096], [-6.357491891642419, 36.83139434373805], [-6.357478282165858, 36.831363843146605], [-6.357480659108112, 36.831077697826046], [-6.357360205808309, 36.83069816075481], [-6.357383880009281, 36.830222196256194], [-6.357331088714989, 36.83003221875405], [-6.357234956403169, 36.829868236545046], [-6.357305483136123, 36.82978289858645], [-6.357347839600099, 36.82973440363209], [-6.357348959799246, 36.82942351533576], [-6.357086155866258, 36.82883625886645], [-6.3567677372340015, 36.82799828343259], [-6.35655381782213, 36.82751551717503], [-6.356496410085587, 36.827219796207125], [-6.356298934335017, 36.82677260617836], [-6.355970563267718, 36.826043033807764], [-6.355772821615807, 36.82524895158999], [-6.355517954298342, 36.824506037282475], [-6.354476328082009, 36.82204408976003], [-6.353683569335359, 36.82052795070806], [-6.353649549237214, 36.82044970073745], [-6.352799822928499, 36.81849521971264], [-6.352777060517513, 36.818442859439905], [-6.352307738392273, 36.817539296424044], [-6.352180500117126, 36.81734015427428], [-6.351632821542898, 36.81634193956409], [-6.3505730197134245, 36.81447739706108], [-6.34921266225111, 36.812179806177504], [-6.347681251185686, 36.80969554469246], [-6.34684814999792, 36.80826383477999], [-6.345781533548698, 36.80589935600349], [-6.345370189590226, 36.80462244901654], [-6.344937380388009, 36.80216803305489], [-6.344855669629758, 36.80131209178327], [-6.344939784279708, 36.800521312822724], [-6.3450302590018755, 36.79987677386662], [-6.34503668465108, 36.79934047358631], [-6.345143117944283, 36.79906265764114], [-6.345160755466561, 36.79904932579957], [-6.345415583258154, 36.7988567015059], [-6.345415623682324, 36.798856670575155], [-6.345239848534071, 36.79877504210178], [-6.343573726108613, 36.798001274950934], [-6.34357396146722, 36.798000907374316], [-6.3440755268229445, 36.797218539942676], [-6.3448668267056085, 36.796410111361446], [-6.345814187309291, 36.79577299026372], [-6.346276991258825, 36.79552640784513], [-6.347550569668031, 36.79484782570658], [-6.348783604413538, 36.79431977223609], [-6.35060620797159, 36.793671458360954], [-6.351590962745614, 36.79332381906978], [-6.352488492902171, 36.79305972351262], [-6.353786292586415, 36.79271466688876], [-6.353786116516618, 36.79271443381038], [-6.353785733834288, 36.79271392377162], [-6.353805474312671, 36.79270885359779], [-6.354015324356292, 36.79268280852368], [-6.354144416754214, 36.79266678509768], [-6.3542167778469745, 36.792657805100376], [-6.354217298869824, 36.79265834175653], [-6.354722905746025, 36.792595686769396], [-6.356028225227505, 36.79228626191532], [-6.357593076977712, 36.79187938791508], [-6.3604992194483065, 36.7911304672717], [-6.363472683462945, 36.790197109499324], [-6.366596594626407, 36.789259418860134], [-6.3691026409441855, 36.787976496336], [-6.37279925505072, 36.78635563910632], [-6.377258936787172, 36.78495626383954], [-6.383916787938984, 36.78385906520597], [-6.391453064776248, 36.78388524709923]], [[-6.218136289227671, 37.02057495715775], [-6.217478131348245, 37.02090593117213], [-6.217274079929755, 37.02135072169625], [-6.217208603525349, 37.0217714798476], [-6.217106839674992, 37.02189813379958], [-6.216799729933895, 37.02223083986584], [-6.21550749980442, 37.02317368848396], [-6.2145873240178675, 37.02391271227029], [-6.2139493890121, 37.024578752927276], [-6.213119440910979, 37.02548876904648], [-6.212837289961704, 37.02584782015318], [-6.212682123064363, 37.026120083666314], [-6.211931484524753, 37.02707524589124], [-6.210427684976214, 37.02892705907349], [-6.209623115180192, 37.02987465885306], [-6.209044372863468, 37.0305390723999], [-6.207283152087083, 37.03263658884973], [-6.205726599871793, 37.03437489054615], [-6.203796623382775, 37.03670668546415], [-6.202820298399379, 37.03782106763333], [-6.202221600906931, 37.0388576647803], [-6.200913749972962, 37.04099915696175], [-6.200482461618532, 37.041916343829655], [-6.200024687336279, 37.043482989026444], [-6.1996104346329055, 37.04496961534862], [-6.199396009469535, 37.04607466504935], [-6.199258881641409, 37.04677441614247], [-6.199272956445265, 37.047109671806275], [-6.199339278164405, 37.048689198397625], [-6.199448116247572, 37.05043201358439], [-6.199565822499252, 37.05267015905625], [-6.199708547729925, 37.05380160901436], [-6.199984462574483, 37.05612109030696], [-6.20044292227132, 37.05740395518399], [-6.200897521009066, 37.058594563366434], [-6.201221621485465, 37.05936745989306], [-6.201578720675508, 37.0599389841235], [-6.201985538921604, 37.06055646806896], [-6.202674854866689, 37.061387071591426], [-6.203160134664634, 37.06188980179016], [-6.204282499662059, 37.06283258164361], [-6.205038358311804, 37.063402324259144], [-6.206012965716383, 37.06393911097845], [-6.2067927375189615, 37.064375291341015], [-6.207191937153141, 37.064526674679286], [-6.2075722128775315, 37.064658297969835], [-6.209409022393482, 37.06503881660619], [-6.2099703338004275, 37.06517228479665], [-6.212522619999167, 37.065508595324125], [-6.216424735405039, 37.06604925149332], [-6.218984541401015, 37.06636269150459], [-6.220995667201199, 37.06678334360319], [-6.222058884425404, 37.06716441354442], [-6.22315245841799, 37.06769782266142], [-6.223959258730869, 37.068200730373064], [-6.224654331978584, 37.06887786600864], [-6.225034373242666, 37.069421659121645], [-6.225195376494415, 37.06988356281784], [-6.225373042596358, 37.0703945676294], [-6.225392539631295, 37.07073868200468], [-6.2254441406578325, 37.071649572628765], [-6.225778240281691, 37.07490221340181], [-6.22588076051347, 37.07563376436765], [-6.225829163080187, 37.07750480666442], [-6.225830432399685, 37.078658093405956], [-6.2259073066284305, 37.07977102610311], [-6.2261526886348095, 37.08134790696582], [-6.226318470923884, 37.08188851686549], [-6.22656596037792, 37.082814345300534], [-6.226738436014168, 37.083230880058835], [-6.227266796318182, 37.084464419552155], [-6.22771090093677, 37.08533533273278], [-6.228215641837034, 37.08606943808479], [-6.2290029927256905, 37.08723058608956], [-6.229667534033524, 37.08802340165869], [-6.230552084432552, 37.08895212756393], [-6.231156183494814, 37.089442484552855], [-6.231912714982685, 37.09002103676859], [-6.232870479873983, 37.09071122692141], [-6.23429882992184, 37.09154849741307], [-6.2352851729172665, 37.092066693039115], [-6.236401653051307, 37.09257006109333], [-6.238445079574157, 37.093313890109805], [-6.239843773539535, 37.093732925220095], [-6.240594789371561, 37.093894846138696], [-6.241422777348715, 37.09405240729368], [-6.24314395931457, 37.09421480545946], [-6.245493157987106, 37.09431267712268], [-6.247246101686468, 37.09456424734462], [-6.2509810522960665, 37.08929897747254], [-6.253132507520064, 37.086304854589585], [-6.256184879549243, 37.08211912401137], [-6.257142152163766, 37.08070974953887], [-6.257766053688178, 37.07943567538299], [-6.258220957853103, 37.078105425115446], [-6.258695390493997, 37.07653811647623], [-6.2595072114909875, 37.073540166061164], [-6.260678035208104, 37.06961779606371], [-6.261775694738623, 37.065659135586706], [-6.262851693192664, 37.062025431061556], [-6.262910188789025, 37.06176702814436], [-6.263188918953721, 37.06087184835488], [-6.264155470266796, 37.05732674310129], [-6.265204835469325, 37.05391225025177], [-6.265847605207937, 37.05183571912985], [-6.266795263153992, 37.04882498748908], [-6.267735735476064, 37.045652263381946], [-6.268937871769075, 37.041641129705795], [-6.270113549982006, 37.037576654830005], [-6.271251030032394, 37.033729468028724], [-6.27235072873859, 37.0301130731687], [-6.273444250628911, 37.02635492961602], [-6.273463334438816, 37.026235018121305], [-6.273668608464388, 37.02562566967323], [-6.2746864769363855, 37.022324620190844], [-6.27553652753692, 37.01938184548302], [-6.275662278201974, 37.01939803797198], [-6.277527765535063, 37.01347697582841], [-6.277693498416763, 37.01294980563746], [-6.269961890107502, 37.01289964094629], [-6.269930676346356, 37.01294555202301], [-6.269802253193338, 37.01313605418229], [-6.268853284605284, 37.01453626816468], [-6.268661724260834, 37.014818609925044], [-6.267951666215871, 37.01489899404431], [-6.266317765461335, 37.01501607796284], [-6.262231396607538, 37.01530648306019], [-6.261225878174035, 37.0154287400981], [-6.260973358154387, 37.01543568194218], [-6.260484476112147, 37.01536352417528], [-6.260458189610314, 37.015345198348115], [-6.260456092044126, 37.01537331148061], [-6.260455932144009, 37.015373744001295], [-6.260178657250112, 37.016074729837364], [-6.260069650283624, 37.016330011807206], [-6.259611157349128, 37.017182817333754], [-6.25902297733203, 37.01827570440565], [-6.257654700322171, 37.020487012233644], [-6.256249792710002, 37.022537128061735], [-6.2549924199085005, 37.02456515922141], [-6.254363926196393, 37.02562534335421], [-6.25436232000865, 37.02562757379838], [-6.2543028865711525, 37.02571017046973], [-6.254297786835263, 37.02571725983148], [-6.252751241852239, 37.02764958575936], [-6.251877465846731, 37.0286376447931], [-6.251154665199472, 37.029303946659496], [-6.250750386490671, 37.02967769199146], [-6.249983687870419, 37.03038573805179], [-6.24906567702367, 37.031059583168464], [-6.248564930931497, 37.03142700051327], [-6.246583609435781, 37.03265259134565], [-6.245128639611135, 37.03355064257046], [-6.244265781729582, 37.03395718679971], [-6.244052377052381, 37.03403060048613], [-6.2434922415401015, 37.034226126871665], [-6.241251292554267, 37.034677092507486], [-6.239036448610551, 37.034899805250895], [-6.23816250102683, 37.0349056610652], [-6.237102271599271, 37.03486704107955], [-6.235771242334361, 37.034617305059044], [-6.234399363978538, 37.03424477586072], [-6.2331371690205835, 37.033650739557665], [-6.232249372110145, 37.032911325743264], [-6.231630102299368, 37.0320519579563], [-6.231430253199801, 37.03126449871661], [-6.231409273944654, 37.0307695043403], [-6.231480875961, 37.029231295755], [-6.231453550108359, 37.0277453380523], [-6.231321978360281, 37.02660461463408], [-6.230898576315735, 37.02405046848754], [-6.230845531696528, 37.02372979070525], [-6.230804694283711, 37.02363405486669], [-6.230571539246658, 37.02309077133134], [-6.230221088488, 37.02254393298579], [-6.229375589651026, 37.021738017894165], [-6.228515801312821, 37.0212163114647], [-6.227366773419413, 37.02065967300384], [-6.2256699896966925, 37.020149464358255], [-6.224574753820809, 37.0199382315137], [-6.223262169663634, 37.01984778197069], [-6.222059434194361, 37.019880475876604], [-6.219714849269117, 37.020144653136875], [-6.218871614186628, 37.02032523223891], [-6.218136289227671, 37.02057495715775]]], [[[-6.184269921593981, 37.19764157891898], [-6.184352036594093, 37.19767531815627], [-6.184638897410417, 37.19795142105786], [-6.185235233231996, 37.19866069959389], [-6.185885022406228, 37.19948566934332], [-6.186049767141155, 37.199753793822474], [-6.186203273053528, 37.20002672574289], [-6.186344395689713, 37.20030224404073], [-6.186497376985948, 37.20057518900424], [-6.186681531619193, 37.20083603484997], [-6.186790510737904, 37.20112142729284], [-6.186847306721724, 37.20141723522029], [-6.186935990203212, 37.201705426721915], [-6.18718174680708, 37.20222140204584], [-6.187398472555884, 37.20246560011957], [-6.187612563545968, 37.20270986823861], [-6.187827357916946, 37.20295411696394], [-6.188013888594113, 37.20321264207795], [-6.188358850646339, 37.20365160927932], [-6.188707833557807, 37.20463333023841], [-6.188819954983365, 37.20499297097128], [-6.188963380899941, 37.20526842320369], [-6.189155804525401, 37.205524535653275], [-6.189469842073981, 37.205817915872686], [-6.190023690277575, 37.20628053156034], [-6.190176763201981, 37.20645886217726], [-6.191119996945264, 37.206174396424906], [-6.191821740183961, 37.20592346338581], [-6.192345464282822, 37.205675076625454], [-6.192546834230177, 37.205462412417575], [-6.192674386017344, 37.20503098911436], [-6.192915587264398, 37.20422257642581], [-6.193220401809978, 37.20377510812206], [-6.19358064510353, 37.203486073791076], [-6.19406877256094, 37.20316205302764], [-6.194609213408889, 37.20292672019613], [-6.194535276671119, 37.20386126991908], [-6.1945282186079575, 37.20484582291867], [-6.194626697319263, 37.20564507148437], [-6.194834131793121, 37.206340014020256], [-6.195345221985804, 37.207711534022266], [-6.195601952409182, 37.20842316483936], [-6.194886278097031, 37.209879605687895], [-6.194593898929937, 37.21062633029599], [-6.194327071442784, 37.211590863296806], [-6.194223857711578, 37.212215350285106], [-6.19356434068111, 37.21385272458289], [-6.193367463208507, 37.21455632438396], [-6.193294979046545, 37.21514168854911], [-6.193090854864558, 37.21682984466478], [-6.192754633419989, 37.219222105168996], [-6.192559744817427, 37.21997745809171], [-6.192279765096203, 37.22216771861598], [-6.192372607777453, 37.22244903316522], [-6.192571822666436, 37.22294822694056], [-6.190644971416287, 37.22410167459779], [-6.190293404950067, 37.22421476875789], [-6.189740192753684, 37.224150840456744], [-6.189252831559231, 37.2241121667124], [-6.188460259662143, 37.22413352075046], [-6.186945210511287, 37.22429821552415], [-6.185007489646225, 37.22712099573074], [-6.183745295586601, 37.2271414455212], [-6.18047142056792, 37.227844424260944], [-6.178919933952496, 37.228300579075096], [-6.177037623869097, 37.228979588657104], [-6.175768616986352, 37.22961057497864], [-6.174518881661406, 37.23031536459484], [-6.173595792638366, 37.230698279972195], [-6.172601478891428, 37.23093217580878], [-6.1718918942586, 37.23100300687449], [-6.171518613715341, 37.23101526467389], [-6.171145512835101, 37.23099823335581], [-6.170776286388709, 37.23095181491229], [-6.170428437151145, 37.23084400219319], [-6.169712479869708, 37.230775333158235], [-6.169532330824321, 37.230728348819746], [-6.169655836599461, 37.23058313133822], [-6.1718010161928705, 37.229994050400094], [-6.1728351854940655, 37.22955185973702], [-6.173091445200198, 37.22933550200968], [-6.173345757358823, 37.2291146904596], [-6.173598756180491, 37.22889616638287], [-6.173860032079182, 37.22868192538326], [-6.174060961852057, 37.22843100855015], [-6.174183975350422, 37.22814839449867], [-6.174305230845801, 37.22786582588064], [-6.1744796540295885, 37.227448932022185], [-6.174942484030271, 37.226130041164275], [-6.175175017433133, 37.22549534267362], [-6.175396400048389, 37.22305440429034], [-6.175429970090555, 37.222310163257426], [-6.175364069681286, 37.22189746412557], [-6.175330530181855, 37.221483895038645], [-6.175431320258426, 37.221183855882146], [-6.175547006199032, 37.22046669351154], [-6.175287852121019, 37.218921637817104], [-6.175313831399044, 37.21838258039562], [-6.175356786140986, 37.2174759003148], [-6.175348576437612, 37.217280149264845], [-6.174872485506676, 37.216736540335276], [-6.173227885817144, 37.215357033943135], [-6.172653913554539, 37.21479576737774], [-6.1722986370462065, 37.21442911309869], [-6.17090604264162, 37.21365100623412], [-6.169892417811011, 37.213031673506194], [-6.168636795825985, 37.21204263501715], [-6.16801708584073, 37.21154789342147], [-6.167412147751979, 37.21101896388769], [-6.166328137223894, 37.21064701206667], [-6.16622949681581, 37.21035907148592], [-6.166148253181516, 37.210066159647894], [-6.166085116888416, 37.20977276231831], [-6.166039821136838, 37.20947663657103], [-6.1660123686217405, 37.20917778022761], [-6.166003375587431, 37.208878429754925], [-6.166011705665082, 37.20858086959072], [-6.1660368234587235, 37.208280605974004], [-6.166080765449176, 37.207984344872884], [-6.166137810266325, 37.20768998573789], [-6.166207690212303, 37.207395284177906], [-6.166290592136605, 37.20710473904974], [-6.166386599582595, 37.2068160945232], [-6.166492720262043, 37.20652943218407], [-6.166608602933714, 37.206244762787136], [-6.16673407601933, 37.20596208707045], [-6.16686922935047, 37.20568365953747], [-6.1670130074066085, 37.205409503846106], [-6.167176137868951, 37.20513933742597], [-6.167358453650804, 37.20487766646815], [-6.167559526255818, 37.204626757021586], [-6.167778025278992, 37.20438438973296], [-6.168013344357552, 37.20415283638327], [-6.168264508819415, 37.20392986758111], [-6.168531099151335, 37.203722254176675], [-6.168816360068128, 37.203527655175606], [-6.168886954174732, 37.203481861630934], [-6.168887557842614, 37.203481452363796], [-6.169106126036065, 37.20333968767355], [-6.169400465327125, 37.20315611218916], [-6.169699119226477, 37.20297466417558], [-6.169867846193037, 37.202877310110885], [-6.169868050110611, 37.20287719133662], [-6.169912674820657, 37.202851445933256], [-6.1699130503164445, 37.20285122841883], [-6.170002085937528, 37.20279985922208], [-6.170308101530628, 37.20262948215572], [-6.170623837793419, 37.202470089954865], [-6.170948011033382, 37.20232199679943], [-6.17094853564952, 37.20232175781809], [-6.171281499802813, 37.20218668100831], [-6.173007703351109, 37.201599213600566], [-6.173853527378234, 37.201311348687206], [-6.174139071264312, 37.20121003277004], [-6.175831384071879, 37.200609558027175], [-6.179179777038317, 37.19939338539367], [-6.182381745511768, 37.19816755539157], [-6.184022720499146, 37.19754001836415], [-6.184215484586073, 37.197619213454956], [-6.184269921593981, 37.19764157891898]]]]}}