{"type": "Feature", "properties": {"slug": "mar-menor", "name": "Mar Menor", "natura_codes": ["ES6200030"], "natura_names": ["Mar Menor"], "sea_clipped": false}, "geometry": {"type": "Polygon", "coordinates": [[[-0.7328623452967616, 37.631717885645095], [-0.7329506892150802, 37.6319551225719], [-0.7330149996062535, 37.63212781675395], [-0.7330552638939222, 37.632229429292096], [-0.7339678246618131, 37.632023899789296], [-0.7346157453402828, 37.63191797362797], [-0.7353308986295506, 37.63184575018862], [-0.7362982449516571, 37.63181456361342], [-0.7373152456511255, 37.63182589157616], [-0.7384432071528017, 37.63183852001519], [-0.7389054936727073, 37.63197145392981], [-0.7393151164591415, 37.63199531921927], [-0.7398661718004929, 37.63202742202684], [-0.7399557374275973, 37.632039867596845], [-0.7399759001141497, 37.63203161726694], [-0.7399807815593772, 37.632029618889916], [-0.7400122432555879, 37.632030221462145], [-0.740077501369399, 37.63204279864424], [-0.7404861665517275, 37.63212156267413], [-0.7405709441583358, 37.6321222989923], [-0.7406570108473789, 37.63212304740455], [-0.7406464727107954, 37.63213604715344], [-0.7406313163353339, 37.63215474464855], [-0.7406689243046853, 37.63217513531379], [-0.7408639476545452, 37.63219496537619], [-0.740945010727489, 37.63219115359951], [-0.7409497170012491, 37.63219124394956], [-0.7410169226626009, 37.63219253161584], [-0.7410385612811844, 37.63220846950763], [-0.7410543141379853, 37.632220072017546], [-0.7412844804800947, 37.632267399055635], [-0.7414656958257363, 37.632297691901314], [-0.7415527434750766, 37.63231903155709], [-0.7415953963830607, 37.63232424126075], [-0.7416916400859876, 37.632335997418544], [-0.7419355614317199, 37.6323746443957], [-0.7420479236057664, 37.63237679571791], [-0.7421663251534657, 37.632402310650534], [-0.7423654115833641, 37.632436521917796], [-0.7425391825902592, 37.63248991932231], [-0.7427106521133571, 37.63254506178808], [-0.7427535574479591, 37.63256002923517], [-0.7427974293698044, 37.63257533460096], [-0.7429000475179682, 37.6326023341862], [-0.7429762372304917, 37.63261094585098], [-0.7430295261914429, 37.63260923418933], [-0.7430460102769144, 37.632608704897436], [-0.7431934669341671, 37.63263379859357], [-0.7431945206579958, 37.6326386525684], [-0.7432069138156522, 37.632695687993866], [-0.74320722193779, 37.63269711010842], [-0.7432243285557502, 37.632700159224484], [-0.744720428644, 37.632957227142946], [-0.7448838708217353, 37.63304938604802], [-0.7452117567987694, 37.63323435587627], [-0.7459947239088237, 37.63356509007252], [-0.7467520602871937, 37.63388550747402], [-0.7468248849106567, 37.6339162770104], [-0.7468429868619675, 37.634042456732885], [-0.7468487369780883, 37.63408253913862], [-0.7469526451069839, 37.634127860267405], [-0.7472554114937152, 37.63425991506721], [-0.7480588548023758, 37.63458605833612], [-0.748730461359914, 37.634922340351366], [-0.7492026311446192, 37.6349833087284], [-0.7498008130041, 37.63524554836911], [-0.7503893415675382, 37.63557604383648], [-0.751190489680648, 37.635988542379444], [-0.7517022176772034, 37.63630750594412], [-0.7521024342042635, 37.63656574084456], [-0.7522436547568324, 37.636925967950724], [-0.7522893125294408, 37.637748660009656], [-0.7520757883762921, 37.63826796006604], [-0.7520350749310081, 37.63835437527573], [-0.7519386318020922, 37.63855906992014], [-0.7519784065079428, 37.6385684263965], [-0.7518671483633623, 37.638710786536016], [-0.75172690068625, 37.63900845190332], [-0.7512796241164125, 37.63933203054372], [-0.7512563254111928, 37.639351698642606], [-0.751241531056795, 37.63936418922363], [-0.7510095195750807, 37.639551880597146], [-0.7506873352051909, 37.63976783111646], [-0.7505186055436733, 37.64002859704079], [-0.750560181371671, 37.64043061916175], [-0.7508683286669494, 37.64097665942917], [-0.7508959410821309, 37.64135998978161], [-0.7509065151513651, 37.64150681527274], [-0.7509949848337772, 37.641526201821165], [-0.7514150101111999, 37.64127377724054], [-0.7514215776942462, 37.641269830065404], [-0.7519349711673201, 37.641180070719514], [-0.7525156879810322, 37.641187402415746], [-0.7525377649774659, 37.64118781498812], [-0.7532945381121556, 37.641044171370794], [-0.7536984907324773, 37.64099980978154], [-0.7540176370001171, 37.640964743165675], [-0.7548026127431481, 37.64108077513926], [-0.7547962266197822, 37.641090065855394], [-0.7547981553027172, 37.64113459241986], [-0.7547981768622808, 37.64113509959973], [-0.7553850615087642, 37.64122193044872], [-0.7557875768246299, 37.64128148308755], [-0.7566934819745924, 37.641414956368465], [-0.7569450506783152, 37.64145201947288], [-0.7582619728000073, 37.6416642356922], [-0.7595221645148676, 37.64195439115641], [-0.7607253239889716, 37.642238313598696], [-0.7608455652863932, 37.64230620068259], [-0.7611201829636758, 37.64263366938358], [-0.7609469186066102, 37.643108712248306], [-0.7609491931409278, 37.6431481929717], [-0.760949972878575, 37.643161757708015], [-0.7609615818069987, 37.64318067435823], [-0.7609747609905488, 37.64324535540914], [-0.7609372015302073, 37.64338945285431], [-0.7610355715453972, 37.64343360175742], [-0.7615568648030795, 37.64382508167385], [-0.7617075176661049, 37.64394315702785], [-0.7617337323027361, 37.64386836608123], [-0.7618107646349701, 37.643679592333], [-0.7618244504683165, 37.64364605202677], [-0.7626352401993733, 37.64388967609568], [-0.7630256552083697, 37.64400730535892], [-0.7630686683408233, 37.643924439737376], [-0.7640189296045334, 37.644208054480245], [-0.7648804328266298, 37.64445822066981], [-0.7648734169842654, 37.64450967896707], [-0.7649275045475364, 37.644569189137506], [-0.7659085052619575, 37.64486342818922], [-0.7666682311590067, 37.64509230598099], [-0.7665808430481664, 37.64535103883702], [-0.7666378950518591, 37.64556930410656], [-0.7666540440657132, 37.64564547324125], [-0.7666672519953371, 37.64574744783245], [-0.7666840316265204, 37.64594733728496], [-0.7666873059857408, 37.64605515751412], [-0.7666839516764787, 37.646166077362594], [-0.7666834019075218, 37.64617286372326], [-0.7671046929111548, 37.64620223405497], [-0.767281575682162, 37.6462130974899], [-0.7674351247136965, 37.64621412600597], [-0.7676195030274515, 37.646217617696905], [-0.7676901609144153, 37.646218954909955], [-0.768135432444565, 37.64621422131795], [-0.7681360073663407, 37.64621421562769], [-0.7684042802427906, 37.64621136338051], [-0.7685400758693547, 37.646209919474785], [-0.7687057126313322, 37.64618909237645], [-0.7702962894363183, 37.64642168395229], [-0.7703762942938479, 37.64643430991061], [-0.7703764245495605, 37.64643412070971], [-0.7703778349045701, 37.646434339073174], [-0.7703958838552522, 37.64640827558196], [-0.7704705940424894, 37.64639821592401], [-0.7711697142005617, 37.646563901012335], [-0.7711809763792724, 37.64656013833988], [-0.7712432655610766, 37.646560769956785], [-0.7712571669900928, 37.64656215837579], [-0.7712646436682017, 37.64656227502576], [-0.7712758276934983, 37.64656163202841], [-0.7712795269558457, 37.646561200281305], [-0.771283622375213, 37.64656057008699], [-0.7712875956237083, 37.646559865208296], [-0.7712895710190256, 37.64655946191234], [-0.7712922677615122, 37.64655885021135], [-0.7712959364811248, 37.64655789922958], [-0.7713002151568333, 37.646556660179336], [-0.7713045261718706, 37.64655522125931], [-0.7713053023162627, 37.64655497586759], [-0.7713075723589947, 37.646554168564435], [-0.7714263637755343, 37.64650505891015], [-0.7714802474212309, 37.646519557656276], [-0.7716748377831232, 37.646555423974185], [-0.7718402616443887, 37.6465889494524], [-0.7720008148401585, 37.646634901681416], [-0.7721346647158094, 37.64667140738364], [-0.7722722066672976, 37.646734807227396], [-0.7723761947462683, 37.64679220880955], [-0.772474187469044, 37.64682445957126], [-0.7726816776384223, 37.64688023866086], [-0.7728066961765081, 37.646911213353576], [-0.7731914922233932, 37.64697928109878], [-0.7734083482279431, 37.647022718015], [-0.7737560618199121, 37.647127638238224], [-0.7740411574466727, 37.647220644475894], [-0.7741122438300522, 37.64723303557804], [-0.7741244707993788, 37.64727116411228], [-0.7741413905677761, 37.64732392706928], [-0.7743443568213716, 37.64738792951491], [-0.7742556275257982, 37.64802643594138], [-0.7752218132245883, 37.64805964068596], [-0.775412043164103, 37.6480328145765], [-0.7757735872181842, 37.64798182815599], [-0.7758920848856399, 37.64797595309331], [-0.7758961982713156, 37.64797696522578], [-0.7758437582182881, 37.64809546073919], [-0.775819276431858, 37.64817508758664], [-0.7763564078863321, 37.64830061931497], [-0.7763487731047342, 37.648322667060505], [-0.7764057703111704, 37.6483353282588], [-0.7764167629953186, 37.64831472864947], [-0.7772107587221051, 37.64850402833171], [-0.7777235045098718, 37.64844664869909], [-0.7785155985032365, 37.64855228030583], [-0.7785150667005881, 37.64857557695085], [-0.7785745477487989, 37.648582822565885], [-0.7785760200875415, 37.64856049750578], [-0.7793993413168078, 37.648690347352705], [-0.7793971269696292, 37.64870782371659], [-0.779450014383678, 37.648722261575635], [-0.7794575126213504, 37.64870005107029], [-0.780386985072798, 37.64893550755209], [-0.7806692959221898, 37.64900051788257], [-0.7807281858789438, 37.64901396632658], [-0.7811222696075528, 37.649099716103095], [-0.7811157999408904, 37.64911654441669], [-0.7811765152743131, 37.64913009526049], [-0.7811826597508597, 37.64911286153417], [-0.781944547892789, 37.649279555526576], [-0.7819360561183935, 37.64930154892618], [-0.781994142981309, 37.64931608411159], [-0.7820027263838417, 37.64929243705054], [-0.7826921492284138, 37.64945733330485], [-0.7826864431297174, 37.64947489412729], [-0.7827418377417319, 37.64949247983939], [-0.7827483442393421, 37.64947102135816], [-0.7832543364927969, 37.64962365880735], [-0.7834149229262258, 37.64968163853717], [-0.7834080624923926, 37.649697323739815], [-0.7834620970550681, 37.64971695210938], [-0.7834700767897181, 37.64970155283347], [-0.7838612760279807, 37.649842794181104], [-0.7840427734446109, 37.64994974672301], [-0.7840913767930687, 37.64997838937753], [-0.7842377671500665, 37.64999867628781], [-0.7843332634546751, 37.650011735498886], [-0.7847643469932007, 37.65014457644263], [-0.7847544017447016, 37.65016516700948], [-0.7848110971172131, 37.650182775318015], [-0.7848209660089257, 37.65016202330327], [-0.7851355021225279, 37.65025894754517], [-0.7856354289511807, 37.650414951112296], [-0.7856282352423909, 37.650429734303636], [-0.7856823317887995, 37.65044729276243], [-0.7856907157653434, 37.65043220231752], [-0.7861108200944773, 37.65056329498778], [-0.7869287280758342, 37.65087864689472], [-0.7872908147123625, 37.65101418899074], [-0.7872774711371103, 37.65103351615882], [-0.7873314158682427, 37.65105624232452], [-0.7873464698357685, 37.65103502184842], [-0.7879115820147008, 37.65124656062039], [-0.7881655519151985, 37.6513506349089], [-0.7886913915465578, 37.651583888836136], [-0.7886794376650486, 37.65160058572015], [-0.7887320519912463, 37.651624320238966], [-0.788746249864305, 37.65160822221757], [-0.7891519820472435, 37.65178819496771], [-0.789649403474558, 37.65193222605363], [-0.7896681719757818, 37.65193932411684], [-0.7896597224222164, 37.65196017876308], [-0.7897163594042499, 37.65197985134197], [-0.7897267960312282, 37.65196150449305], [-0.7901785345331157, 37.65213319059426], [-0.7905352258880098, 37.65228738869019], [-0.7905301513049731, 37.65229702294898], [-0.7905802889759399, 37.652316574530325], [-0.7905860956859445, 37.65230937906538], [-0.7906073704868034, 37.65231857591783], [-0.7912465811002495, 37.65264314207606], [-0.791233485460063, 37.65265554792039], [-0.7912886384252248, 37.65268139727523], [-0.7913015777585831, 37.65267106749144], [-0.791331396436136, 37.65268620726696], [-0.7920857054919875, 37.65294229851643], [-0.7920868750985084, 37.652942856823465], [-0.792075107168265, 37.652955653788176], [-0.7921238551454889, 37.65297827979502], [-0.7921356904493477, 37.65296611866392], [-0.7927099564610365, 37.65323978239343], [-0.7936946115220501, 37.65368562334221], [-0.7946693482840108, 37.65414534652172], [-0.7947454876908634, 37.654177877862004], [-0.7947420103123991, 37.6541852473917], [-0.794736969865352, 37.65420018274207], [-0.794738075691479, 37.65423188905849], [-0.7947416689526021, 37.65424861023935], [-0.7947568504809158, 37.65427083117577], [-0.7947772332546903, 37.65428989790601], [-0.7948134973444174, 37.654307636809634], [-0.7948409624359083, 37.65431180661065], [-0.7948690608396862, 37.654311926093264], [-0.7948983234600691, 37.65430719230585], [-0.7949247518957093, 37.65429468787982], [-0.7949477119360565, 37.654278462420166], [-0.7949579033229605, 37.65426863497031], [-0.7956354225916941, 37.654558108937024], [-0.7956393563143506, 37.65455172801749], [-0.7956496510074873, 37.65453832964937], [-0.7956737590947582, 37.65453332206291], [-0.795690452487687, 37.65452764736681], [-0.7957099432344104, 37.65451612870673], [-0.7957604069938237, 37.654449331679984], [-0.7963728073876296, 37.654731921929645], [-0.7964324168949252, 37.65476592235562], [-0.7966591292147616, 37.65487268076147], [-0.7969837579005536, 37.655033645206984], [-0.7972698201145911, 37.65517159921404], [-0.7972408467517069, 37.65520337552425], [-0.7973238142530641, 37.65524169981294], [-0.7973120463228207, 37.655260423496934], [-0.797336900910113, 37.6552731460978], [-0.7973958088331756, 37.65523060798193], [-0.7972595874051874, 37.65542213527951], [-0.7972595640489962, 37.65542216799446], [-0.7976256481885081, 37.65563738038409], [-0.7978470317020623, 37.65565582304703], [-0.7980991232253293, 37.655755823136744], [-0.7983586977148512, 37.655836278842976], [-0.7986859629560243, 37.65597738690921], [-0.7990249664830031, 37.656177829869186], [-0.79942818607806, 37.65636865633842], [-0.799832659721265, 37.65659771416325], [-0.8001561259870796, 37.65677905238091], [-0.8005131200742625, 37.65697884600245], [-0.800884467443035, 37.65720036629937], [-0.8018022653890374, 37.65770627907555], [-0.8019658360258575, 37.65785477408853], [-0.8021530611007478, 37.65791310511106], [-0.8026423168421465, 37.65820734890153], [-0.8029298352252457, 37.65833238363341], [-0.8035440636906449, 37.65874733022454], [-0.8038703264119573, 37.65897276943353], [-0.804217434539416, 37.659203365995616], [-0.8043891142683014, 37.659280479077324], [-0.8047483559403221, 37.6595065311064], [-0.8049261028906372, 37.65958137244247], [-0.8050402006098093, 37.659678870381214], [-0.8053615297835958, 37.659868449024], [-0.8056633520409442, 37.66000759233822], [-0.8057695805182427, 37.66006679425146], [-0.8059362054270274, 37.66017225145381], [-0.806004896003548, 37.66022377353385], [-0.8065390926619714, 37.660619981536854], [-0.8067100061279329, 37.66072330380852], [-0.8068843421751356, 37.6608299988904], [-0.8071332437807759, 37.66101730107339], [-0.807244433653377, 37.66106649642373], [-0.8073341376210345, 37.661121181748655], [-0.8074236933666374, 37.66115751534522], [-0.8075810018476246, 37.66123568955097], [-0.8077176706366339, 37.66133727009811], [-0.8077905886848951, 37.66142099383512], [-0.8079897577597931, 37.66149814372593], [-0.8082838131832037, 37.661668170031376], [-0.8084599880817983, 37.6618288751145], [-0.8091040702590372, 37.6622421409631], [-0.8093947129826746, 37.66244466199312], [-0.809531117667004, 37.66259979585169], [-0.8096743773952508, 37.66262391655193], [-0.8099851280082175, 37.6628681276223], [-0.810357220978681, 37.663168315236504], [-0.8106784944569141, 37.66346278993435], [-0.8110141454712251, 37.66367646291665], [-0.8113165399554247, 37.66389905550072], [-0.81186325912892, 37.66438130810601], [-0.8120249989991889, 37.66438907839983], [-0.8123584230899622, 37.6646773538043], [-0.8125970650367527, 37.66481923154945], [-0.8127607237084884, 37.66494714293938], [-0.8128270858517656, 37.664989475667994], [-0.8129961155505802, 37.66516106977892], [-0.8132344350021794, 37.66534974483504], [-0.8134020983634422, 37.66556014133357], [-0.8135562483679014, 37.665655126935214], [-0.813743163523993, 37.66586779807318], [-0.8138252605578292, 37.66594993167068], [-0.8139142000591568, 37.66604562715597], [-0.8140513494468467, 37.66614413488948], [-0.814083782221853, 37.66619080104265], [-0.8140706461574637, 37.66622702407189], [-0.814063118275387, 37.66631901014936], [-0.8142002101708959, 37.66641943746319], [-0.8144971276267924, 37.66658616513462], [-0.8146685369627849, 37.666595840914354], [-0.8147586460706333, 37.66664283459503], [-0.8148677383770451, 37.66671011414587], [-0.8147726112800437, 37.666742896683076], [-0.8147870831392836, 37.666825695599925], [-0.8149143555504204, 37.666931697846834], [-0.8153004469679533, 37.6671864450792], [-0.8160957569300269, 37.66773091127453], [-0.8161734818633231, 37.667797607467065], [-0.8162537301642994, 37.66786051285242], [-0.8164019405080835, 37.66799377055151], [-0.8167481934394054, 37.668289999519416], [-0.817081993025932, 37.66851690299555], [-0.8173446334655476, 37.66870026139729], [-0.8176232028317953, 37.66889035030052], [-0.8179753711692372, 37.669176412458135], [-0.8182833621576875, 37.66946041214761], [-0.8185394969979899, 37.669701228174404], [-0.8187171783713169, 37.669817755654236], [-0.8187324829687994, 37.66982817122344], [-0.8190192665300063, 37.669715103770535], [-0.8195875812029243, 37.66949103611219], [-0.8194756645932381, 37.66973070865789], [-0.8202878619843466, 37.67048256084244], [-0.8206806153080209, 37.67082342587274], [-0.8211696258093455, 37.67129070868895], [-0.8219902341264441, 37.672036793497035], [-0.8219902664658063, 37.67203682975991], [-0.8225527914967313, 37.67248014316207], [-0.823212326493474, 37.6730064414697], [-0.823881150070271, 37.673537232546856], [-0.8246661195251223, 37.67415595548286], [-0.8251394472382194, 37.674529391475176], [-0.8252101653123222, 37.67457701648788], [-0.8252969326873014, 37.674556449755535], [-0.8253179388918949, 37.67460973511412], [-0.8256259011342378, 37.67458677725826], [-0.8259671899752993, 37.67456133654132], [-0.8262305104395843, 37.67465261620897], [-0.8268979506108513, 37.674746299690035], [-0.8269121610603024, 37.67492373066447], [-0.8266783700160383, 37.67524257678775], [-0.8266940959234264, 37.67559342019885], [-0.8265991996934455, 37.67586922736853], [-0.8267479283651215, 37.676309125005375], [-0.8266600677404414, 37.67644087657921], [-0.8267198676905884, 37.67647738895681], [-0.826854565575866, 37.67655963239239], [-0.8263014261430485, 37.67682617816598], [-0.8263117792266966, 37.676852558746205], [-0.8263116238181656, 37.6768526042496], [-0.8263109761328248, 37.67685279692788], [-0.8262106594684248, 37.676882476491315], [-0.826266213980556, 37.67700932051504], [-0.826483931469422, 37.67700391486879], [-0.8266583223138477, 37.676997855112525], [-0.8268633690656543, 37.67751682952836], [-0.8265917014557397, 37.67758301212788], [-0.8266274535057547, 37.677661511727], [-0.8267985277701297, 37.67802328708723], [-0.8268274175896839, 37.678081564578754], [-0.8268872849134798, 37.678192078962105], [-0.8269660842318712, 37.67830901969419], [-0.8271641798200045, 37.67866217632997], [-0.827204003034865, 37.678738890247615], [-0.8272307620505707, 37.67880472480298], [-0.82727449653016, 37.678878470270824], [-0.8273124988599374, 37.67895211186369], [-0.8273507221753008, 37.67901815880966], [-0.8274183626212477, 37.67905891440355], [-0.8276209138531843, 37.678997304654736], [-0.8277331430765602, 37.67921363529982], [-0.8277581629538517, 37.67920801723485], [-0.8277689193810633, 37.6792325292572], [-0.8278031442950793, 37.67930458006644], [-0.8286476900195671, 37.681040772821554], [-0.8287638879998863, 37.68130304818653], [-0.8286793214973626, 37.681533502856276], [-0.8286005329587363, 37.681565798246346], [-0.828626879647674, 37.68171370449792], [-0.8288003326509633, 37.68211530543123], [-0.8290338542006316, 37.68266571214309], [-0.8292781842798099, 37.68312557078753], [-0.8294707399576098, 37.68326104831914], [-0.8301595474562034, 37.68372945213642], [-0.8306975565647085, 37.684100364516794], [-0.8311141709389855, 37.6843841492626], [-0.8313116511811403, 37.684537647650714], [-0.8318591087697829, 37.68492720252083], [-0.8324094634252316, 37.68531870039185], [-0.832974925947132, 37.685736698025934], [-0.8334762891819436, 37.68614431983734], [-0.8340572422525923, 37.686618397595254], [-0.8345021248121985, 37.68705688790792], [-0.8350092291799933, 37.68756948069605], [-0.8350640380904001, 37.687634470700736], [-0.83506807601762, 37.68774520828836], [-0.8349536108875018, 37.68821322266031], [-0.8349403903814518, 37.68828093335168], [-0.8351182550110866, 37.68874199766179], [-0.8351411557626253, 37.689269957789314], [-0.8351753222861298, 37.68933317481473], [-0.8352646004523298, 37.68959053719594], [-0.8353730630397429, 37.68985691956686], [-0.8355685912427714, 37.69032803560518], [-0.8357178373440756, 37.69062807090856], [-0.8361862881034974, 37.691365896653885], [-0.8362672900910052, 37.69148126696525], [-0.8364501942693566, 37.69169206350526], [-0.8368022350460441, 37.69204544929365], [-0.8373550780348529, 37.69261353410087], [-0.8379077763948621, 37.69314846624714], [-0.8380714126087037, 37.69332499239006], [-0.8381075554258559, 37.693367916690114], [-0.8381124269896154, 37.693369240969666], [-0.8381680389939274, 37.693429228037886], [-0.838405471808358, 37.69370003574433], [-0.8387353412655166, 37.69412006885607], [-0.8390306534320333, 37.694490290244175], [-0.8392345521368826, 37.69471487949056], [-0.8393471568560789, 37.694867158769995], [-0.8397915956479524, 37.69541089228374], [-0.8400241182710484, 37.695689435601096], [-0.8401302515269211, 37.69582480986141], [-0.8404180744388696, 37.69616645833536], [-0.8406130295167834, 37.696407436458436], [-0.8406073126383219, 37.69641039979452], [-0.8403105928117536, 37.696564199549336], [-0.8403148211818248, 37.69657027121235], [-0.8403169654603962, 37.69657336319698], [-0.8403609981806889, 37.696636653605886], [-0.840454989807159, 37.69681004890539], [-0.8406768395463735, 37.697185958860935], [-0.8407203710067189, 37.697256957313556], [-0.840974715504673, 37.697575344939075], [-0.841121043877938, 37.69780057947747], [-0.8413617744077799, 37.69807733613971], [-0.8416052133582042, 37.69832622761027], [-0.8418588742382337, 37.69858285084064], [-0.8419916245759705, 37.69868712814069], [-0.8422500896461774, 37.698909134498756], [-0.8426885806925353, 37.69922357519965], [-0.8431281048014886, 37.69958927262756], [-0.8433694237278295, 37.699798908884944], [-0.8438411201003644, 37.700198376964266], [-0.8440781127403173, 37.70044675098544], [-0.8443139267906117, 37.70070203348698], [-0.8444871857577612, 37.70081965801871], [-0.8445937933241013, 37.70089820694462], [-0.8448059116138258, 37.70110881537064], [-0.8453338281501076, 37.70156887309744], [-0.8457124743305972, 37.70187306558192], [-0.8460853209875586, 37.70215884917097], [-0.8465038820110459, 37.70252415116012], [-0.846637783988995, 37.70266727496091], [-0.8468644253419274, 37.70292415679892], [-0.8471870139537111, 37.70328770305062], [-0.8474034549365684, 37.70348240413038], [-0.8483470417177446, 37.70457974779934], [-0.848540355573628, 37.704847938410666], [-0.8487067765648384, 37.70500834457318], [-0.8488331362876573, 37.705101256252185], [-0.8491227118127764, 37.70536166831386], [-0.8492845163617362, 37.70547430120259], [-0.8494282530954084, 37.705588989306825], [-0.8495389956069881, 37.70570307596996], [-0.8496764603033593, 37.705827185633936], [-0.84978803195996, 37.70591267361595], [-0.8498957076231825, 37.70602908664665], [-0.8500035898989039, 37.70613835118036], [-0.8501439166277608, 37.70626728155937], [-0.8502931753054576, 37.706398758887474], [-0.8504981160560734, 37.70657655620389], [-0.8506087238203551, 37.706695406617264], [-0.8508086699380092, 37.70694225644563], [-0.8510621978673683, 37.70720439045911], [-0.8512830747311263, 37.707454005334554], [-0.8515647702345397, 37.70767611904724], [-0.8521931660302963, 37.70825981732145], [-0.8523833932748528, 37.70842780410932], [-0.8526025166271767, 37.70863446744726], [-0.8527925390558617, 37.7088096028645], [-0.852897705724491, 37.708909277610466], [-0.8531227615509128, 37.709118431252556], [-0.8532274907400224, 37.70919124472448], [-0.8533551952407963, 37.70928003348451], [-0.8535720817880472, 37.70946042567891], [-0.8538042882041649, 37.70967560287192], [-0.8539145132861499, 37.70984038699702], [-0.8540407723976607, 37.710008949399985], [-0.8541776325278185, 37.710154502744594], [-0.8543434750039981, 37.710323429006394], [-0.8547138351242606, 37.7107102814872], [-0.854885593904924, 37.71089461793718], [-0.8549871529393431, 37.71099732867267], [-0.8552260464144544, 37.71126562184812], [-0.855493296109777, 37.71157329726421], [-0.8556591960781376, 37.71175275931342], [-0.8558054058737856, 37.71188655785576], [-0.8565082711082571, 37.71270048697284], [-0.8568552669463454, 37.713157439729926], [-0.8570015279459614, 37.71339376548951], [-0.857096745772803, 37.71352663581745], [-0.8571537887933579, 37.71363020064418], [-0.8572304761725066, 37.71373553481098], [-0.8572573950883289, 37.71383280666824], [-0.8574017507612012, 37.713982823811826], [-0.8574643947775586, 37.71409358600339], [-0.8575887755118053, 37.71426280814627], [-0.857722776304402, 37.714500385351414], [-0.8579118860447694, 37.714744344644984], [-0.8580069394799087, 37.71485457486068], [-0.858056232734504, 37.71497892999804], [-0.8582195581312498, 37.715209772471205], [-0.8583396000026825, 37.715307451000356], [-0.8584538701983974, 37.71543772413305], [-0.8586682549375653, 37.715675597451586], [-0.8587370578034895, 37.715772219389855], [-0.8587502208173585, 37.71583023271323], [-0.8589018303861928, 37.71587523674599], [-0.8590810496752506, 37.71598694122633], [-0.8591339379875964, 37.71609599210626], [-0.8591762324678054, 37.71628961706957], [-0.8591834450412342, 37.716322601538565], [-0.8592440346104965, 37.71658121114806], [-0.8592293812916095, 37.716673140469425], [-0.8592843752549851, 37.71670910861056], [-0.8593537216016535, 37.71680256415716], [-0.8594320124736211, 37.716918996322136], [-0.8595645445207301, 37.71709929601729], [-0.8595831100027098, 37.717177183883194], [-0.8596515840852298, 37.717327677464695], [-0.8596820702110259, 37.717492406200535], [-0.8596627411610802, 37.71759279763158], [-0.8596534444961852, 37.717670985561924], [-0.8596313989408167, 37.71770812641655], [-0.8596437175383141, 37.71776409028111], [-0.8596368229684911, 37.71784045534914], [-0.8595934972223477, 37.71787698003141], [-0.8596463594835443, 37.71791711736767], [-0.8596851137032255, 37.71803806716672], [-0.8597214640312073, 37.718103485954124], [-0.8597457212387964, 37.718199300334035], [-0.8597716744656723, 37.718340446840365], [-0.8598508043641291, 37.718511173552216], [-0.8599036899815169, 37.71865519521924], [-0.8599879016495205, 37.718849930537544], [-0.8600784518301438, 37.719113364723576], [-0.860113231004702, 37.71926499485843], [-0.860158342601642, 37.71938840959847], [-0.8601988197900228, 37.71953513403088], [-0.8602693393364671, 37.719883437206796], [-0.860363156689767, 37.72022273505919], [-0.8603674901626984, 37.720354859829094], [-0.860325334921373, 37.720463774244934], [-0.8603028752426425, 37.72061834764084], [-0.8602407980632535, 37.720793661509234], [-0.8601605299993409, 37.72087088679449], [-0.8600744695985107, 37.7209408535539], [-0.8599995510021136, 37.72097166659083], [-0.8599482284533086, 37.720977132272516], [-0.859686559092522, 37.720964802512604], [-0.8596494604679248, 37.721002278524516], [-0.8596675785888833, 37.72110274975655], [-0.8597275635919657, 37.72120875046772], [-0.8597637710878089, 37.721202255194626], [-0.8598927772474437, 37.72120459863751], [-0.8599482086903725, 37.72128127564943], [-0.859997815456988, 37.72141394424348], [-0.860027714982913, 37.72159740707545], [-0.8600344415677453, 37.721880044281086], [-0.8599414084436782, 37.72191363023539], [-0.8599530479148031, 37.72203067397314], [-0.8599013498702114, 37.72213274682454], [-0.8599169401319711, 37.722242224938604], [-0.859900275485116, 37.72240405647882], [-0.8599010121036694, 37.72248275377127], [-0.8598560083045479, 37.72248193663579], [-0.8598171247274846, 37.7225813727188], [-0.8598329988568604, 37.72265557487788], [-0.8597833310048089, 37.722816807232476], [-0.8596665769673196, 37.722968773691875], [-0.8595969350749396, 37.72309387833637], [-0.8595348048949217, 37.7231666645744], [-0.8594200217611976, 37.72329571667158], [-0.8592309192073737, 37.72339957479728], [-0.859198171123686, 37.72349435346117], [-0.8591348731338082, 37.72360765156715], [-0.8590051582034303, 37.72367533348345], [-0.8589158503928261, 37.723761627943645], [-0.8588944426412967, 37.723829272060655], [-0.8589187806972579, 37.72392225677486], [-0.8588565579908058, 37.7239720911051], [-0.8588853525889343, 37.72402760188815], [-0.8589200589999276, 37.7240537162777], [-0.858899500156322, 37.7242757560735], [-0.8588631830660328, 37.724494454986804], [-0.858799263441997, 37.72462920039517], [-0.8587327575682508, 37.72474959283698], [-0.8586282089405246, 37.72483591304576], [-0.858254180100616, 37.724898258474596], [-0.8580522019938277, 37.72510972024986], [-0.8575534807042798, 37.72523035633167], [-0.857268156905423, 37.72532411447002], [-0.8569895246571119, 37.72534497193785], [-0.8565580485547879, 37.72557532595483], [-0.8561768466673563, 37.725877757992656], [-0.8560906829602265, 37.72596207180139], [-0.8558643227800191, 37.7263007542136], [-0.855869535703609, 37.72633635460676], [-0.8557752907521906, 37.72647269745285], [-0.8556068126189603, 37.72661796195909], [-0.8554511723094833, 37.72685303549176], [-0.8552326113025425, 37.727027396731955], [-0.8551787716743038, 37.727100221734915], [-0.8551395988397085, 37.72719169677745], [-0.8550348229382165, 37.727299731480755], [-0.8549379028039087, 37.72737132135706], [-0.8547267394233322, 37.72746227810678], [-0.8546553709689642, 37.72752523022686], [-0.8543981042513521, 37.727947949890385], [-0.854250240657281, 37.72828645341237], [-0.854168400541648, 37.728417652232594], [-0.8540330828188064, 37.72858149447762], [-0.8539255005803822, 37.72864591139437], [-0.8538126452312291, 37.72880816234307], [-0.8536805434771298, 37.72892855935961], [-0.853603611756204, 37.72902967206967], [-0.853389275526046, 37.72920652341934], [-0.8531008031321294, 37.72950805891677], [-0.8528053229806556, 37.72976017983735], [-0.8525019403496488, 37.72997400784121], [-0.8522515313709453, 37.73022456554408], [-0.8520988213659001, 37.73031476994617], [-0.8519217301857328, 37.730521362287845], [-0.8514601802843136, 37.73080621621748], [-0.8513793435868385, 37.730902498708005], [-0.8513402489056907, 37.73097680549536], [-0.8513584379935532, 37.73101093083478], [-0.8514592352566337, 37.73109982204106], [-0.8515564257838681, 37.73127425782822], [-0.8515746984150607, 37.73139183170192], [-0.8515302596562802, 37.73145320182504], [-0.8520936309001709, 37.73165209523837], [-0.8517767690483168, 37.73222765459007], [-0.8518441373047433, 37.73224175578064], [-0.8518824630280424, 37.73234309060283], [-0.8519227875028165, 37.73247722707905], [-0.8519059665491333, 37.732549472674286], [-0.8518592864936947, 37.732635215427706], [-0.8518745461754224, 37.73270261414816], [-0.8519416548187209, 37.733196452996616], [-0.8519987319752657, 37.73370947056532], [-0.8520016290420382, 37.733739196283096], [-0.8520011125107404, 37.733750777239315], [-0.8519472189836094, 37.73375393019183], [-0.8519861636461085, 37.734031534416026], [-0.8519860827977364, 37.734033733233304], [-0.8519860792044813, 37.734033839089115], [-0.8519744702760575, 37.73434905787292], [-0.8518312617517787, 37.73507566688669], [-0.8518312536669381, 37.73507573579856], [-0.8517583526866886, 37.735067948755635], [-0.8517041582239298, 37.73529013384674], [-0.8515037845082241, 37.735514116363234], [-0.8510390518757553, 37.73603679311842], [-0.8506006237114608, 37.73652423870159], [-0.8504978636294891, 37.736482193319105], [-0.850376739288154, 37.736589338523935], [-0.8503468451521117, 37.736651281197524], [-0.8501271962853526, 37.737249840317816], [-0.8499391124210705, 37.73765065803332], [-0.8498916014240167, 37.73770429658782], [-0.8498494443860303, 37.73767870774001], [-0.8498130069214967, 37.73770967578593], [-0.8498416586874532, 37.737735992078996], [-0.8497693236458418, 37.73780037119493], [-0.8496270808105094, 37.73786639413194], [-0.8492785533448699, 37.73802549981226], [-0.8489748518119269, 37.73815870318153], [-0.8488178388766848, 37.7382282614674], [-0.8487144670419897, 37.738272868274954], [-0.8486777322350836, 37.73829723289678], [-0.8486424643770376, 37.738322817268426], [-0.8485992446320849, 37.73836375409165], [-0.8485128922787647, 37.7384945095279], [-0.8484061382870309, 37.73865588713001], [-0.8483745077075658, 37.738711342151404], [-0.84835648570633, 37.73876346750349], [-0.848351931247846, 37.738817032791275], [-0.8483549837231831, 37.73886715972682], [-0.848381146257516, 37.73894870596712], [-0.8484939342330201, 37.73920112223347], [-0.8485984451314681, 37.739428350766275], [-0.8486332647301958, 37.73952197655591], [-0.8486866587940742, 37.73964813018502], [-0.8487120110480252, 37.73970581721048], [-0.848773148589617, 37.73992748543011], [-0.8488209030301176, 37.74009287783822], [-0.8488330949651576, 37.74013840275812], [-0.8489290026981701, 37.74050734360394], [-0.8489741717872574, 37.74065838223702], [-0.8490423296628326, 37.740896869307335], [-0.8490569722019543, 37.74096151348586], [-0.849068440094867, 37.74103206082109], [-0.8491071251442718, 37.74140710995556], [-0.8491139200010835, 37.741483533049184], [-0.8491273722724513, 37.74164114486391], [-0.849125130077496, 37.74171859632879], [-0.8491231816316583, 37.741837777515734], [-0.8491192488073324, 37.74207733343681], [-0.8491151956087619, 37.742165480392636], [-0.8490991723590682, 37.742252215752465], [-0.8490958962032202, 37.74226169341357], [-0.8490514673259079, 37.7423443348445], [-0.8488283249110035, 37.74279209455335], [-0.8487654060102008, 37.74289108780653], [-0.8486337749732805, 37.74308181693013], [-0.8485758749599612, 37.743163019688616], [-0.8483298740143485, 37.74341484406854], [-0.8482793222200531, 37.7434496861025], [-0.8479225086942535, 37.74363987818309], [-0.8478711457212457, 37.743650861607385], [-0.8476717314062735, 37.74369371342664], [-0.8473862360292045, 37.743754066078566], [-0.8473436001891985, 37.74377474716129], [-0.8473006876680531, 37.74380495968809], [-0.8472652437402094, 37.74383649984248], [-0.8472107222906737, 37.743904649857775], [-0.8471351389409912, 37.74412978122105], [-0.8469180062553353, 37.74478389301265], [-0.8466260627711675, 37.745584465850364], [-0.8465235146915773, 37.74585917658576], [-0.8463076692917623, 37.74641674382258], [-0.8461855918379068, 37.74674355131238], [-0.8461708423992638, 37.74678619961035], [-0.8460502992679174, 37.74711184410159], [-0.846029098128887, 37.74716987265462], [-0.8458804610853483, 37.747376977691026], [-0.8456691746355693, 37.747673541592775], [-0.8454952473218461, 37.74792429368697], [-0.8453763076832854, 37.74814267059543], [-0.8453130698805464, 37.748252385144276], [-0.8452544359436319, 37.74835860838496], [-0.8450467948572745, 37.74873630533136], [-0.8449984089011143, 37.74879979765941], [-0.8448349882829428, 37.74894702211447], [-0.8443063117719499, 37.74931526771289], [-0.8441930863168927, 37.74938830235009], [-0.8440170578437252, 37.749504299017126], [-0.8437864171911482, 37.74977079986829], [-0.8437350227771088, 37.749817078846284], [-0.8433215120821703, 37.7500846305071], [-0.8426921964115526, 37.750560989823626], [-0.8422757769717123, 37.75098699724966], [-0.8419412506481004, 37.75147325979585], [-0.841604145261322, 37.75194809942906], [-0.8411643372847526, 37.75226294148711], [-0.8407220652293448, 37.7525664520767], [-0.8400821296754409, 37.75286417279406], [-0.8394421887316547, 37.753161890182724], [-0.8388054188408223, 37.75317886037946], [-0.8382851766120105, 37.753247710628635], [-0.8374911404610214, 37.753139259222976], [-0.8373188408946054, 37.75311543147049], [-0.8372469307560875, 37.75311753312569], [-0.8368787625251095, 37.75315573650565], [-0.8367946766212663, 37.75319023942224], [-0.8358911412270134, 37.753714961187036], [-0.8357802999007529, 37.75379704932707], [-0.835562745006928, 37.753981164193696], [-0.8351633234888657, 37.75432040666539], [-0.8349053740516597, 37.75444100722759], [-0.8344490343789057, 37.75465094638434], [-0.8344063311652509, 37.75466866057491], [-0.8343619058811934, 37.754677322706726], [-0.8340876071058138, 37.75472164118575], [-0.8340708283729275, 37.754722867065524], [-0.8337536628905211, 37.75474767159464], [-0.8333193867394778, 37.7547444577452], [-0.8330292371909136, 37.7546913564093], [-0.8322615746783417, 37.75450654584916], [-0.8312689344927622, 37.754260275704624], [-0.8311193937440434, 37.754258511449514], [-0.8310231293798832, 37.75429792166067], [-0.830844873983111, 37.75444756350721], [-0.830544282417686, 37.7547209330733], [-0.8302635049924727, 37.75505026856644], [-0.8299693444661683, 37.755390802318274], [-0.8299417715768258, 37.75541376213913], [-0.8297687677312188, 37.75554301371657], [-0.8297496884128993, 37.75555490944696], [-0.8297325593370449, 37.75556038749091], [-0.8293890857932091, 37.75563851189604], [-0.8293184647371596, 37.7556624531837], [-0.8292680387069912, 37.75567070397361], [-0.8290207953913593, 37.75569653660356], [-0.8284127248772297, 37.75575826016046], [-0.8283389597176725, 37.75576553934075], [-0.8283132984432531, 37.7557629498305], [-0.8280573037400978, 37.755787785261155], [-0.8279965407959623, 37.755800943746245], [-0.8279800791683849, 37.75580294163122], [-0.8279011343228969, 37.75581926277974], [-0.8278517997458353, 37.7558307209625], [-0.8276532316438288, 37.755893944417345], [-0.8275680623717526, 37.755926068911734], [-0.8274999224625196, 37.75595643414914], [-0.8274157952361431, 37.756001376865164], [-0.827389259002651, 37.75601165319565], [-0.8272725723388441, 37.75613980713403], [-0.8270939585142634, 37.75642929756938], [-0.8270902879979897, 37.75644581886364], [-0.8270365067602623, 37.75653108294467], [-0.8269387305314873, 37.756681686889834], [-0.8269285921451787, 37.75671571373249], [-0.8269032973834086, 37.756866099973664], [-0.8268755331529176, 37.75699362601671], [-0.8268468634206191, 37.75704968803145], [-0.8267198434361002, 37.75761615304584], [-0.8264921744104884, 37.758131015529386], [-0.8256921716493778, 37.75875534400888], [-0.8250150665039727, 37.75895794234333], [-0.824316578759857, 37.75925097985171], [-0.8234670276226089, 37.75973686068598], [-0.8229424797686425, 37.76016341113019], [-0.8224859047372824, 37.760547872008644], [-0.8222177935575765, 37.760803255620765], [-0.8216787343185313, 37.76147626843555], [-0.8214903854512055, 37.76174635729404], [-0.821490261483706, 37.76174653412782], [-0.8214732563753846, 37.76179726835675], [-0.8214732096630022, 37.76179739192722], [-0.8214428232501837, 37.761881348090384], [-0.8213904775202513, 37.76196588863111], [-0.8213061885971641, 37.76205142189688], [-0.8212180962071328, 37.7621986412894], [-0.8210885016509992, 37.762468605361114], [-0.8210435858867933, 37.76257299016312], [-0.8207622371330593, 37.7624766721684], [-0.8205172449955204, 37.762392799770836], [-0.8199581012233369, 37.76295833403451], [-0.8191885980627456, 37.76353252364877], [-0.8188128633221158, 37.76385750287952], [-0.8186309957995814, 37.76411434934233], [-0.8184045377029904, 37.76434281871161], [-0.8180923839215238, 37.764659920263675], [-0.8180286071296266, 37.764803585152485], [-0.8179032490283378, 37.76493001525047], [-0.8176691309973302, 37.765006146327075], [-0.8171477461114772, 37.765328419125346], [-0.816875862007562, 37.7654823073105], [-0.8168121175550269, 37.76566990827888], [-0.8166353731245393, 37.76585071276679], [-0.8165114649041659, 37.76597875592201], [-0.8163816080399464, 37.76603674979449], [-0.8159170919014782, 37.766307892878814], [-0.8158123070168488, 37.766512686842795], [-0.8157047373548171, 37.766669203589856], [-0.8154817189074456, 37.76710726138852], [-0.8152978589216157, 37.76753184987388], [-0.8157028383163198, 37.76786706988219], [-0.8156945297982655, 37.76788249149135], [-0.8156944866791047, 37.76788257102441], [-0.8156241773384479, 37.7680130662415], [-0.8153543764277018, 37.768250830312404], [-0.8149768576329365, 37.768676916953524], [-0.8145264324680055, 37.769045869609585], [-0.8139191048606088, 37.76955383698842], [-0.8134737812281945, 37.76979453733341], [-0.8134724274670352, 37.769795268734846], [-0.8138773349965381, 37.77012434894028], [-0.8140818894715688, 37.77028517754387], [-0.8146333194104097, 37.770739196617065], [-0.8147122148485574, 37.77078617682782], [-0.8147717857283111, 37.77080776423922], [-0.8148135627788919, 37.77084950608481], [-0.8148033579172649, 37.77090393575732], [-0.8146943895783525, 37.77100205065816], [-0.8145658640173983, 37.77108273423692], [-0.8143780523426366, 37.77122945421463], [-0.8141398532652818, 37.77143213483446], [-0.8137640924735028, 37.771730122594114], [-0.8135702126789812, 37.77188810810174], [-0.8134417176607617, 37.77196765316932], [-0.8132508355443543, 37.772121141257315], [-0.8129957723941558, 37.77231212664025], [-0.812775964525577, 37.77247418175151], [-0.8126340630500416, 37.77261947456502], [-0.8124512370251042, 37.7727913187343], [-0.8123410550622467, 37.77293037439441], [-0.8121683485589788, 37.773147921981504], [-0.8120343702242429, 37.77331612087085], [-0.8119499761982619, 37.77345565412659], [-0.811787475454918, 37.77361877182413], [-0.8115976389774988, 37.77383372424777], [-0.8114824605850519, 37.773947651107896], [-0.8113292250655714, 37.77408818151231], [-0.8111889926598096, 37.77417660843927], [-0.8109652573568543, 37.77427713886641], [-0.8107243067397566, 37.77447520927521], [-0.8104300294324629, 37.774731459341126], [-0.8101009594758877, 37.77500071731839], [-0.8099776504318117, 37.77509856051511], [-0.809316502060782, 37.7756415688032], [-0.809285785067965, 37.77561368685564], [-0.8090737494232402, 37.775220576405104], [-0.8087625846869114, 37.77468907141003], [-0.8087468012873759, 37.77464098457799], [-0.8086661173035073, 37.77455755271763], [-0.8086047309285528, 37.77459737601506], [-0.8084715700607423, 37.77464041511632], [-0.8084299520119479, 37.774576412426185], [-0.808397736629239, 37.774584475782596], [-0.808352753491384, 37.774595732953834], [-0.8080559959355709, 37.774073795040984], [-0.8070174518389781, 37.77440317004872], [-0.8068443195342526, 37.77467116177939], [-0.8070505358925802, 37.775062454588486], [-0.8071847495859222, 37.77545121259919], [-0.807165217516699, 37.77557422480751], [-0.8070924261308953, 37.775902864629884], [-0.8069924993353355, 37.776276517172256], [-0.8069532726018143, 37.776439646397044], [-0.8068193589457695, 37.776799008979665], [-0.8066406436115835, 37.77721898486079], [-0.806443817342949, 37.77757262441358], [-0.806306118186302, 37.77786591761715], [-0.8061343126932563, 37.778342916685425], [-0.8060570728501927, 37.7783369269869], [-0.8053607931650424, 37.77822381844062], [-0.8050090497307276, 37.77819222904392], [-0.8050076797999206, 37.77785082896004], [-0.8049797224316203, 37.77772968931844], [-0.8049411514682804, 37.77767662649455], [-0.8046474284215291, 37.77760661111436], [-0.8046473161320918, 37.77760658413342], [-0.804399802423567, 37.77780260360021], [-0.8040338242852124, 37.77775301922677], [-0.8038841559757393, 37.77821096712223], [-0.80388412273808, 37.77821108569517], [-0.8037094875519105, 37.77891021760218], [-0.8037094758737815, 37.778910270853004], [-0.8037094659923134, 37.77891030209349], [-0.8038713415082107, 37.77893535411514], [-0.8036776198171782, 37.77963464886322], [-0.803798755836609, 37.77977242926727], [-0.8038856777218222, 37.779835487416335], [-0.8040275603327519, 37.77996461963665], [-0.8041813016037318, 37.780077710609326], [-0.8042667367771488, 37.780149208966996], [-0.8028850676830609, 37.78130124087858], [-0.8016102451071743, 37.782290604626525], [-0.8013155006759233, 37.78254162915761], [-0.8010244420322963, 37.7827784704012], [-0.8008643424857275, 37.78294779469456], [-0.8006779663187609, 37.78306739721715], [-0.8005325263793254, 37.78320184572448], [-0.8004898303521804, 37.78325882219215], [-0.8004733579448379, 37.78336536363862], [-0.8004763673010142, 37.783413560520394], [-0.8006142227645227, 37.7842028259584], [-0.800738689737024, 37.7849448725301], [-0.8007807003496169, 37.78517461934437], [-0.8007494749103428, 37.78517990705749], [-0.8007982695999488, 37.78548023050845], [-0.8008352370705032, 37.785480920577726], [-0.8008620266289102, 37.78567515849702], [-0.8008948699340235, 37.78586481179667], [-0.8009993350184197, 37.7864831996587], [-0.801025968269965, 37.786632815432036], [-0.8009977000846022, 37.78663815699598], [-0.8010436776574774, 37.78693373145298], [-0.8010776887724508, 37.78693436755369], [-0.801138698753288, 37.78732180513298], [-0.8012421756908435, 37.78792373611731], [-0.8012640254135117, 37.788085003777745], [-0.801225301736565, 37.788093674064505], [-0.8012684630910063, 37.788384497595224], [-0.8012402631776231, 37.788387494167175], [-0.8012233029850566, 37.788610268825835], [-0.8011894149392521, 37.788954841515526], [-0.801149020395871, 37.78941905453592], [-0.8011586934548497, 37.78949203324686], [-0.8012009520024749, 37.78971356649752], [-0.8012183478779336, 37.7898254357129], [-0.8012361641649675, 37.78992322379171], [-0.8012805265669615, 37.79022346407513], [-0.8012973843515923, 37.79030362122573], [-0.8013079629123785, 37.79034608965044], [-0.8014117021580198, 37.79058990406544], [-0.801578370185932, 37.790957006700495], [-0.8016396092371624, 37.79108730643234], [-0.8016434198906166, 37.79110851380155], [-0.801620471528365, 37.79113391663545], [-0.8016224550084894, 37.79116683013102], [-0.801661130176426, 37.791209822670375], [-0.8017033887240178, 37.791231746286044], [-0.8018545922543306, 37.79157155262294], [-0.801873800031735, 37.791722204468826], [-0.8018932332862776, 37.791815326080155], [-0.8019736495722112, 37.79229706019506], [-0.8019921791215737, 37.79242069390976], [-0.802031484008509, 37.79264216868841], [-0.8021262383046817, 37.79313943443157], [-0.8021734591459063, 37.79344325004597], [-0.802217496357751, 37.79370473636546], [-0.8022588898277379, 37.79395560570819], [-0.8023100273236075, 37.794277105632666], [-0.8023596682261792, 37.79454926459677], [-0.802380999620922, 37.794728135789306], [-0.8024265001883718, 37.79504013731904], [-0.8024397754916446, 37.79503508740339], [-0.802640228259095, 37.79495882895023], [-0.8026750658241313, 37.79504515954993], [-0.8028237199356817, 37.79529421989346], [-0.8028534236288392, 37.795284411136535], [-0.8032389832437239, 37.79595476760487], [-0.8030483050448911, 37.79603537780839], [-0.802986509936524, 37.79608309934817], [-0.8029119066488081, 37.796136181610144], [-0.8029104414965754, 37.79614184333727], [-0.8029036053172638, 37.796147122457285], [-0.8029089826325558, 37.79615627449279], [-0.8029069209989504, 37.79617663711107], [-0.802966451454535, 37.79627507551951], [-0.8030596732248261, 37.79642094550227], [-0.8031364621136133, 37.79649711300612], [-0.8033664371145743, 37.79673784558504], [-0.8033795076019422, 37.796767614835126], [-0.8034105012758986, 37.796816832952175], [-0.8034644073794559, 37.79682284528754], [-0.8035958659397999, 37.79707135803268], [-0.803606143564992, 37.79707089805869], [-0.8036188143020515, 37.79707033160917], [-0.803640996401379, 37.79706933925779], [-0.803679648213091, 37.797286078282845], [-0.8037356985952533, 37.797341485806044], [-0.8036997075934106, 37.797460984112035], [-0.8037084859303468, 37.797529815139406], [-0.8037232209959697, 37.79758016067098], [-0.8037274817053697, 37.797618867066916], [-0.8037208072228021, 37.79766165922877], [-0.8036981678809855, 37.79769557138715], [-0.8036954334092876, 37.79772699344583], [-0.8037129442691082, 37.79774448649839], [-0.8037097022492502, 37.79779306582784], [-0.8037084742522512, 37.797834530508275], [-0.8036894389513896, 37.797868509311215], [-0.8036706587720702, 37.79789390982087], [-0.8036498205524005, 37.79792785452475], [-0.8036291943351793, 37.79795465124564], [-0.8036249129645128, 37.79797746014454], [-0.8036424660451637, 37.797993524964646], [-0.8036006845029974, 37.798004190123635], [-0.8035819456461779, 37.798028160994534], [-0.803573545499953, 37.79805624104626], [-0.803587204383853, 37.798078626857055], [-0.8035801247610947, 37.798089641948316], [-0.8035576120817688, 37.79811926442948], [-0.8035388741232463, 37.79814323455315], [-0.8035128427429564, 37.79816993040066], [-0.8034741558969242, 37.798197820165235], [-0.8034515165551408, 37.798231732077475], [-0.8034469800629319, 37.7982631198365], [-0.8034406855677367, 37.79829304605304], [-0.8034183004491653, 37.79831837827358], [-0.8033850618853626, 37.79834493919113], [-0.8033558917914473, 37.79835583996101], [-0.8033408836380069, 37.798375587975315], [-0.803340206308262, 37.798398464177524], [-0.8033487924057529, 37.798412930383364], [-0.8033104433262626, 37.79842938196258], [-0.8032974500940117, 37.79844201539866], [-0.803300587010976, 37.798457810384924], [-0.8032900524676475, 37.798509115674115], [-0.8032783096902563, 37.79854036915884], [-0.8032446049007932, 37.79858265752308], [-0.803202145130585, 37.798616199441625], [-0.8031708334530228, 37.79863850487293], [-0.8031682274403764, 37.79866563779123], [-0.8031629669060737, 37.79869695864271], [-0.8031509052267797, 37.7987224532736], [-0.8031333368747446, 37.79874796067251], [-0.803096397251967, 37.79878124982005], [-0.8030696741688785, 37.79879271412254], [-0.8030612830058248, 37.79880670112286], [-0.8030642510395012, 37.798828215047784], [-0.8030707799950056, 37.79885122597551], [-0.8030709021658775, 37.798851658255465], [-0.8030410026399526, 37.798869935391906], [-0.8030308453890382, 37.79885658795075], [-0.803018879829467, 37.79885337317902], [-0.8030010563558896, 37.79886978916916], [-0.80298933064651, 37.79888392592669], [-0.8029858559629703, 37.79889941275708], [-0.8029853600929393, 37.798916150994664], [-0.8029939228342389, 37.79893246049806], [-0.8029935149990899, 37.798946208972886], [-0.802977614818565, 37.7989740246233], [-0.8029571053822997, 37.799004744838065], [-0.8029238425639752, 37.79903343283224], [-0.8028861106270909, 37.799060242638625], [-0.8028773628328559, 37.7990756321871], [-0.8028723843695418, 37.799116509838925], [-0.8028607017792895, 37.79915457304598], [-0.8028417338520434, 37.79918412624788], [-0.8028213672479501, 37.799210063635805], [-0.8027969393604122, 37.799220374421076], [-0.8027691715366662, 37.799216268136455], [-0.8027536782929598, 37.79923033384612], [-0.8027446645974174, 37.79925468903909], [-0.8027455880655, 37.79927444462109], [-0.8027512240956229, 37.79928770893832], [-0.8027507623615481, 37.79930325104962], [-0.8027473424752648, 37.7993169440899], [-0.8027347831292786, 37.79930833616429], [-0.802719067103392, 37.79930445418608], [-0.802703839760993, 37.79930955349693], [-0.8026914151623049, 37.79932188227194], [-0.8026805796833488, 37.79934411012032], [-0.8026859695750669, 37.79936574455717], [-0.8026870340786606, 37.79938071667121], [-0.8026775577507463, 37.79942061461104], [-0.802655745757323, 37.7994698529647], [-0.8026182725352361, 37.799513415620986], [-0.8025699584443104, 37.79954122466948], [-0.8025513803859381, 37.79955762489083], [-0.8025239673967122, 37.799599232672655], [-0.8023711037797633, 37.79989036582164], [-0.8023662708435456, 37.799931762602746], [-0.8023610983441252, 37.799984597925096], [-0.8023509033639661, 37.80002446359741], [-0.8023370603254277, 37.80006569278877], [-0.8023071275618434, 37.80010232879394], [-0.8022883869083964, 37.800126299693815], [-0.8022873709138126, 37.800160614600784], [-0.8022773016977806, 37.80019619081787], [-0.8022563359173898, 37.800234425951466], [-0.8022337378981063, 37.80026690667014], [-0.8022039740177763, 37.80029782438297], [-0.8021762008041478, 37.80030418281999], [-0.802159638565262, 37.8003211670417], [-0.8021589908799214, 37.80034299851819], [-0.8021660282818494, 37.80036149248587], [-0.8021419660086637, 37.80038250270647], [-0.8021409913365798, 37.80041538794853], [-0.802140059783623, 37.80044684292086], [-0.8021260469634998, 37.800493790764094], [-0.8020996337992101, 37.8005333544952], [-0.8020660969947042, 37.80056992354699], [-0.8020382186781818, 37.80059801469913], [-0.8020411867118918, 37.80061952952197], [-0.802044027184814, 37.80064533367284], [-0.8020412091697526, 37.80067961426821], [-0.8020258183340153, 37.80071223036323], [-0.8019996593929375, 37.80074321390117], [-0.801953507546892, 37.80077954932455], [-0.8019573029289621, 37.80080068790015], [-0.8019685255818005, 37.80080908909994], [-0.8019336197448182, 37.800825731081744], [-0.8019201728633332, 37.800853694372584], [-0.8019273890300169, 37.80088113453037], [-0.8019368707478474, 37.8009095265192], [-0.8019349950655077, 37.800934065706336], [-0.8019330133820108, 37.80096224402527], [-0.80191994379294, 37.80097747276295], [-0.8018964627297095, 37.80099569258947], [-0.8018713889535255, 37.80102890051679], [-0.8018385070208369, 37.80105468181114], [-0.8018172771357328, 37.801074309148035], [-0.8017983137001057, 37.801094889028434], [-0.8017975591152438, 37.8011203594084], [-0.8018170480653397, 37.80112072353452], [-0.8018190450202207, 37.80113077213784], [-0.8018179382957966, 37.80116806914563], [-0.8018023606104631, 37.801190532091034], [-0.801782089227762, 37.80121654827167], [-0.8017699502933174, 37.801239075793795], [-0.8017633279130483, 37.80126898802834], [-0.8017476145820862, 37.80129599931513], [-0.8017436898426008, 37.80131230900282], [-0.8017029988551775, 37.80133066289815], [-0.8016739599153052, 37.8013428635726], [-0.8016644377733056, 37.80135451699289], [-0.8016626168882224, 37.801377236827435], [-0.8016630615542856, 37.80140090919965], [-0.8016641143797838, 37.801442797021764], [-0.8016620231018076, 37.80147461355158], [-0.8016588673202376, 37.80150368032626], [-0.8016416025987885, 37.8015443145948], [-0.8016190387154611, 37.801570288773], [-0.8015965817316887, 37.80159262312354], [-0.801573005447066, 37.80161402763872], [-0.8015517216630361, 37.80163547402554], [-0.8015500633730275, 37.80165273617971], [-0.8015540006889057, 37.80167465385727], [-0.8015610830065886, 37.80170664205686], [-0.8015571025715831, 37.80172477014041], [-0.8015482694373905, 37.80175191044253], [-0.8015209705342293, 37.80178280198127], [-0.8015031533488651, 37.80180340295798], [-0.8014976763205954, 37.8018333362577], [-0.801490258931295, 37.801851401138784], [-0.8014884380462117, 37.801874120820436], [-0.8014541385720368, 37.801908977195005], [-0.8014365378806731, 37.8019223013713], [-0.8014052594408037, 37.80193263874997], [-0.8013940233132086, 37.80196337405945], [-0.8014004714203409, 37.801978058182236], [-0.8014139048270694, 37.80198923097503], [-0.801427499930609, 37.801994945487735], [-0.8014341357856012, 37.802003260667185], [-0.8014373059402248, 37.80201242120441], [-0.8014300762988178, 37.802024118525985], [-0.8014127181526037, 37.802029255977644], [-0.8013959519961436, 37.80201438022198], [-0.8013709195424259, 37.802007541404976], [-0.8013525220454034, 37.802009017766125], [-0.8013452654545502, 37.80202162574743], [-0.8013449151115821, 37.80203345082951], [-0.8013534661747528, 37.80205454361976], [-0.8013640941428795, 37.802082957160984], [-0.8013642693143801, 37.80211572666027], [-0.8013635147295516, 37.802141198107805], [-0.8013547875965499, 37.80216469917644], [-0.8013449411627314, 37.8021872689966], [-0.8013168598269316, 37.8022058583238], [-0.8012219995295681, 37.802310121720375], [-0.8012122348424188, 37.80232996236924], [-0.8012207059555477, 37.80235378562054], [-0.8012290144736355, 37.80238306569461], [-0.8012284197888901, 37.80240307738217], [-0.8012276382546156, 37.802429457965125], [-0.8012152010795013, 37.802461992372], [-0.8011983953971687, 37.80248716275152], [-0.8011674816732874, 37.80252390260372], [-0.8011381184415963, 37.80254701813793], [-0.801109754136511, 37.80257515893278], [-0.8010845033921653, 37.802652961108855], [-0.8010709217634157, 37.80268547341402], [-0.8010723240335513, 37.8027155348269], [-0.8010645006057631, 37.80274724505091], [-0.8010592131219807, 37.802770810516826], [-0.8010437153866887, 37.80279054386492], [-0.8010294986490246, 37.80280575093221], [-0.8010162143625806, 37.80282825738594], [-0.8010167937759419, 37.80284738101688], [-0.8010136101465952, 37.80287735719018], [-0.800997950714559, 37.80290254943132], [-0.8009755485280096, 37.80292306563181], [-0.8009534149377254, 37.802934483865556], [-0.8009300542487393, 37.80294861061802], [-0.8009159722583731, 37.802959269383386], [-0.8009154871681071, 37.802975643293735], [-0.800925399178947, 37.802989481158065], [-0.8009341936855644, 37.80300238778908], [-0.8009384561915918, 37.80301338866032], [-0.8009161465315099, 37.80306940300711], [-0.8008963997649471, 37.80311636195942], [-0.8008666852919909, 37.803151303630855], [-0.8008384683105961, 37.80317444097182], [-0.8007903841883607, 37.8032099504378], [-0.8007678185084395, 37.80323592332046], [-0.8007482873375467, 37.803275605535006], [-0.8007600076570437, 37.8033058597669], [-0.8007810354212008, 37.803331737505836], [-0.8007800643424052, 37.80336448515781], [-0.800773683608922, 37.803386209978186], [-0.8007662913724403, 37.803403364547115], [-0.8007564188874727, 37.80342684463062], [-0.8007267044145165, 37.80346178615516], [-0.8007041926334876, 37.80348594050617], [-0.8006676806087617, 37.80351802445063], [-0.8006624470239386, 37.80353977051906], [-0.8006593981418565, 37.80356519817923], [-0.8006573068638803, 37.80359701521434], [-0.8006450861827332, 37.8036222717994], [-0.8006304921526548, 37.80365021415786], [-0.8006053096802884, 37.8036870598974], [-0.8005770657494474, 37.8037111069991], [-0.800549724625456, 37.803743362610646], [-0.800547929791522, 37.80376517249219], [-0.80054152390522, 37.80378780712234], [-0.8005136563684628, 37.803799118756615], [-0.800488191825108, 37.80380683468561], [-0.8004875980387267, 37.803826847406924], [-0.8005005993558181, 37.80385257449179], [-0.8004762118924831, 37.80390126833583], [-0.8004475906692278, 37.803938050070855], [-0.8004074216029847, 37.803977346503025], [-0.8003688326733028, 37.80400211108748], [-0.8003574617984432, 37.8040373944488], [-0.8003327769927691, 37.80409609449453], [-0.800309698374805, 37.80413935135119], [-0.8002729429066324, 37.80417962218794], [-0.8002351750371308, 37.80421532209818], [-0.8001862680581208, 37.80423989354606], [-0.8001734131663896, 37.80424784436206], [-0.8001666012415997, 37.80428412411907], [-0.8001424832728605, 37.80432372059846], [-0.8000996713630568, 37.80437479965641], [-0.8000821497234376, 37.804385395046694], [-0.8000440997829475, 37.804391965351954], [-0.8000331870488744, 37.80441178485838], [-0.8000315826577582, 37.80442722794378], [-0.8000379211704112, 37.8044455491256], [-0.8000194158755703, 37.8044506644061], [-0.799997928173966, 37.80444025143496], [-0.7999711547852402, 37.804453403391356], [-0.7999661098466074, 37.8044687825892], [-0.7999725570554093, 37.80448346550414], [-0.7999857479170216, 37.8045028250582], [-0.799994351980821, 37.804522099435495], [-0.7999914926432597, 37.804541159458736], [-0.7999698836691139, 37.804573521882205], [-0.7999425694945687, 37.80460486648976], [-0.7999201924608713, 37.80462447300988], [-0.7998921641256669, 37.80464124188948], [-0.7998666977856845, 37.80464895773049], [-0.7998513347976904, 37.80466414383195], [-0.7998412979210207, 37.804693080884256], [-0.799821280761565, 37.80474913725264], [-0.7997998604336095, 37.80477513230642], [-0.7997773477542836, 37.804799285518136], [-0.7997536358240325, 37.80482523725878], [-0.7997218157000465, 37.804853768264294], [-0.7996739992757795, 37.80488017920145], [-0.7996359888611616, 37.804924067286166], [-0.7995780574068106, 37.8049047809479], [-0.7995188278868538, 37.805006523014995], [-0.7994688384379415, 37.80506748074561], [-0.7994411999715775, 37.80510974195092], [-0.799417567093071, 37.80513296455917], [-0.799400614087048, 37.80512445596785], [-0.7993730699438125, 37.80512485130363], [-0.7993565867566379, 37.8051391061035], [-0.7993424239178996, 37.80515249357539], [-0.7992984100622127, 37.80520537058768], [-0.7992723229863693, 37.80523400861981], [-0.79928564949361, 37.805248819848806], [-0.7993083085983296, 37.80525834479898], [-0.7993091314551375, 37.805269282165746], [-0.7992912585742533, 37.80529170269789], [-0.7992779715928848, 37.805314208394066], [-0.7991839952377319, 37.80542713210644], [-0.7991318480354913, 37.80548349879065], [-0.7990728484842582, 37.80553882564058], [-0.7991110457484724, 37.80556593473149], [-0.7991025602622898, 37.80558124840023], [-0.7990836219794814, 37.805600918539064], [-0.7990771352448073, 37.80562628161174], [-0.7990763788633513, 37.80565175113874], [-0.799070900936751, 37.80568168429836], [-0.7990456627688314, 37.80572034954175], [-0.7990242424408759, 37.80574634425368], [-0.7989948235136314, 37.80577127858566], [-0.7989562597368015, 37.805795132665736], [-0.7989190039070456, 37.805813550034536], [-0.7988952102300919, 37.805842230415934], [-0.7988635239550734, 37.80586621151867], [-0.7988534879767342, 37.80589515022927], [-0.7988339011102881, 37.805936650817316], [-0.7988100256866653, 37.80596806085318], [-0.7987818608075354, 37.8059893782205], [-0.7987583096757315, 37.80600987085152], [-0.7987415560956973, 37.80603322235129], [-0.7987399768574334, 37.806047755197916], [-0.7987599661691459, 37.806069973214996], [-0.798742335833378, 37.8060842065399], [-0.7987341746390143, 37.80608860485961], [-0.7987148464873655, 37.806082782781694], [-0.7986893262484572, 37.80609231685105], [-0.7986818531636035, 37.80611220048836], [-0.7986938699271428, 37.806132448931486], [-0.7986829032941771, 37.80615408776779], [-0.7986603358175949, 37.806180061034524], [-0.7986102250961077, 37.80620642891241], [-0.7985796599185668, 37.806231341796604], [-0.798559492740429, 37.80625371874205], [-0.7985447891158712, 37.8062853004021], [-0.7985452068324548, 37.80630988251728], [-0.7985269279130827, 37.80634594691759], [-0.7985054258384245, 37.806374669677034], [-0.7984727837559612, 37.806392262885126], [-0.7984584313726685, 37.80641201868727], [-0.7984104891842412, 37.80648120476356], [-0.7984076019989367, 37.806501174885135], [-0.798407089060894, 37.80651845790426], [-0.7984063317811074, 37.80654392783333], [-0.7983946087666524, 37.8065910378814], [-0.7983787579934678, 37.806622597395055], [-0.7983584830175117, 37.806648613081705], [-0.7983336230403367, 37.80667454288013], [-0.7983158579572709, 37.80669332483802], [-0.7983081414290037, 37.80672139449817], [-0.7983073841492172, 37.806746865067005], [-0.798318161237662, 37.80677027595217], [-0.7983265227563452, 37.80679773733329], [-0.7983259280716334, 37.80681774995388], [-0.7983229330884437, 37.80684135812496], [-0.7983094565625544, 37.80687023115715], [-0.7983007824301814, 37.80689191307147], [-0.7982657652020924, 37.8069121918197], [-0.7982442622291371, 37.80694091506866], [-0.7982423865468311, 37.80696545509088], [-0.7982449072195199, 37.80699644807113], [-0.7982555621370927, 37.80702395195263], [-0.7982584879499725, 37.80704129943578], [-0.7982574602772929, 37.807075865217115], [-0.7982473165011018, 37.80710844158099], [-0.7982410435654703, 37.80712652788351], [-0.7982254901346584, 37.8071480812597], [-0.7982122831033316, 37.80716785744207], [-0.7982002232206651, 37.80718765562112], [-0.7981883259330397, 37.80720199590123], [-0.7981762669486367, 37.80722179336137], [-0.7981711124155583, 37.807240811522995], [-0.79817024733792, 37.80726991932244], [-0.7981694918547946, 37.80729539041183], [-0.798170043420379, 37.80731542418968], [-0.7981682476881146, 37.80733723443584], [-0.7981586976983382, 37.80734979821351], [-0.7981399750111664, 37.807362190942285], [-0.7981277534317222, 37.807387446949456], [-0.7981282780478605, 37.80740838987559], [-0.7981264284167036, 37.80743202056946], [-0.7981313502861338, 37.80745941711848], [-0.7981457691447449, 37.807476068957556], [-0.7981545358036191, 37.807489885396265], [-0.7981574346670525, 37.807508142651756], [-0.7981546292284172, 37.807525384270456], [-0.7981437416471627, 37.80754429376438], [-0.7981238727096944, 37.80755666516846], [-0.7980959503757143, 37.80756979527781], [-0.7980847941982279, 37.80759780072861], [-0.7980750277144509, 37.80761764279591], [-0.7980709385832633, 37.80763940965899], [-0.7980747142023972, 37.80766678554873], [-0.7980859090074924, 37.80767609584723], [-0.798100463511732, 37.807688200369064], [-0.7980977101753617, 37.80770362218705], [-0.7980796055291263, 37.80777245644484], [-0.7980723749894223, 37.807784152854126], [-0.7980561882463232, 37.807788400609084], [-0.798041969711998, 37.80780360735696], [-0.798038097973108, 37.8078180979809], [-0.7980316624424352, 37.80784164195625], [-0.7980262932119838, 37.80786793684817], [-0.7980233242799433, 37.80789063409676], [-0.798019425591607, 37.807906034580505], [-0.798018803957449, 37.807926956777315], [-0.79800261721435, 37.8079312052338], [-0.7979784588214082, 37.807933484183586], [-0.7979566746757616, 37.8079330760876], [-0.797936009830965, 37.8079336005796], [-0.7979131333339481, 37.80793135143861], [-0.7978969726419982, 37.80793469001837], [-0.7978727073495351, 37.8079406077641], [-0.797851744264069, 37.807951137347466], [-0.7978315779842282, 37.807973514481525], [-0.7978226864595577, 37.80800247294853], [-0.7978019093253573, 37.808083999041756], [-0.7977084881290774, 37.80806222876107], [-0.7976973939353238, 37.80809730223155], [-0.7976337869249778, 37.808298384224265], [-0.7975770565181795, 37.80847025402487], [-0.7975583985096986, 37.80851905341242], [-0.7975640767606182, 37.808520980319706], [-0.7975830195350122, 37.8086942647934], [-0.7975019941913467, 37.80887296191832], [-0.797420335535394, 37.80903435418328], [-0.7974031489673589, 37.809072258979384], [-0.7973194673053761, 37.809224511039325], [-0.7972527296663121, 37.809347045458544], [-0.7971827679736654, 37.80946223764839], [-0.7971695609423386, 37.80948201392074], [-0.7970759394217392, 37.80962133837229], [-0.7969883186472507, 37.80975167260659], [-0.7968854426826201, 37.80989355293649], [-0.7968701847975198, 37.80990509997006], [-0.796813997871432, 37.80998141112527], [-0.7967864905591109, 37.810019123813056], [-0.7967221693881391, 37.810098925210546], [-0.7966104153735276, 37.81023062763248], [-0.7965368119107145, 37.810313895021174], [-0.7964348531259869, 37.81042484803559], [-0.7963590919098791, 37.81050352410839], [-0.7962916814326223, 37.81057143455685], [-0.7961960216346421, 37.81066339120005], [-0.796129784357195, 37.810730413660266], [-0.7960037453329397, 37.81084091467692], [-0.7959412719964972, 37.81089708560883], [-0.7958542602797408, 37.81096826955492], [-0.7957895752910777, 37.81102166829238], [-0.7957016059702824, 37.81108646338325], [-0.7956174553877147, 37.81113858812148], [-0.7955417085446269, 37.811178126988295], [-0.7955010103706935, 37.81119647843175], [-0.7954533511516187, 37.811217429503685], [-0.7953929969409291, 37.81124087445652], [-0.7953072033397035, 37.811271124005906], [-0.7952169307385168, 37.81129764832894], [-0.7951232984381188, 37.81132137926523], [-0.7950367897779369, 37.811337052267746], [-0.794982657298911, 37.81134423016679], [-0.7949032174817225, 37.81135366419892], [-0.7948526315514375, 37.81135726734173], [-0.7947916997240477, 37.81136158728047], [-0.7947618343341125, 37.811362847706135], [-0.7947318602480284, 37.81136774746867], [-0.7947075662094581, 37.811374573354044], [-0.7946831356269959, 37.81138594840883], [-0.7946552114963882, 37.81139907783726], [-0.7946142141834547, 37.81142743526563], [-0.7945773706803998, 37.81147043304634], [-0.7945540153813297, 37.81152278532641], [-0.7945495741105465, 37.81155637814407], [-0.794547300474593, 37.81163278907931], [-0.7945462090215195, 37.811746538440964], [-0.7945469043175396, 37.81180025101046], [-0.7945378780455712, 37.811833757828865], [-0.7945210130744302, 37.81186074679962], [-0.7944915088072281, 37.81188840996985], [-0.7944633951320995, 37.81190790597298], [-0.7944285360074995, 37.81192272650882], [-0.7944029322252613, 37.81193498930589], [-0.7943750889430257, 37.81194538986512], [-0.7943562288136313, 37.8119623288281], [-0.794347579834077, 37.811983100840095], [-0.7943514084538399, 37.812008657595946], [-0.7943655829707071, 37.812033496843675], [-0.7943857618269407, 37.8120493478278], [-0.7943801186103077, 37.81208473876593], [-0.7943535671054649, 37.812128839734555], [-0.7943176533587059, 37.81217913628189], [-0.7942997777828636, 37.81220155471612], [-0.7942657945156669, 37.81222549259157], [-0.7942068668296683, 37.812278087760106], [-0.7941432714974512, 37.8123333271953], [-0.7941137133313232, 37.812362809122725], [-0.7940716227686888, 37.812389325247025], [-0.7940355625965695, 37.8124059419093], [-0.7940030786175619, 37.81241807617245], [-0.7939697196795147, 37.81242109164081], [-0.7939301390097705, 37.812440373177346], [-0.7939122625355978, 37.81246279224189], [-0.7938904595253455, 37.81250152135513], [-0.7938545897960442, 37.81251177138069], [-0.7938231712189942, 37.8125266549575], [-0.7937903342020938, 37.812550614018235], [-0.7936669335298473, 37.81264933080196], [-0.7935530037955989, 37.81273821191743], [-0.793410878639553, 37.81284931741946], [-0.7932428775117483, 37.81298178352278], [-0.7932099605448063, 37.81300847045844], [-0.7931939705327382, 37.813044577716646], [-0.7931872080152886, 37.81307903707412], [-0.7930673089759944, 37.81309863353777], [-0.7930422289115974, 37.813131840281095], [-0.7930046146539995, 37.81316207982984], [-0.7929647087941394, 37.81319227749501], [-0.7929297688211673, 37.81320982578823], [-0.7928771679696925, 37.81324251583372], [-0.7928338772578358, 37.81327082926354], [-0.7927871720495784, 37.81329816900081], [-0.7927287034026965, 37.8133352994761], [-0.7926809875897378, 37.81335806956049], [-0.7926286301817432, 37.81338257196609], [-0.7925878754139261, 37.81340274247989], [-0.7925390663512663, 37.813423670925715], [-0.7924835405852423, 37.81343901206179], [-0.7923931835423951, 37.8134682643214], [-0.7922705024206567, 37.81350419038666], [-0.7921535821948711, 37.813539314498136], [-0.7920077254371155, 37.813582998017054], [-0.7919278499370014, 37.81360698512204], [-0.7917807651822804, 37.813653375309464], [-0.7917771862941774, 37.81365439653481], [-0.7915154675260504, 37.81371962434688], [-0.7915129477516921, 37.81372025241055], [-0.7912912040137019, 37.813775517024766], [-0.7911775913847623, 37.813797697942576], [-0.7908234081260974, 37.813863866657265], [-0.7907253749791524, 37.81388114014666], [-0.7906515029200737, 37.81389613699535], [-0.7905997410950881, 37.81390062639782], [-0.7905412904145149, 37.81389861943769], [-0.7904277478541823, 37.813897399506764], [-0.7901901856823363, 37.813938449212294], [-0.7901267412670648, 37.8139499998713], [-0.7897495692220124, 37.814017553732334], [-0.7897004960546727, 37.81402652471579], [-0.7892801249258675, 37.81410157690991], [-0.7888913915631042, 37.81417074229769], [-0.788838387368066, 37.81417974590747], [-0.7887069377908595, 37.81420185147861], [-0.788657388516425, 37.814209112840395], [-0.7886114962835074, 37.81420916038842], [-0.7885680321967775, 37.81420470435928], [-0.7885236958459327, 37.81419726557909], [-0.7884790576611632, 37.814187560105886], [-0.7884146556418193, 37.81419272154995], [-0.7883959302597229, 37.814205111710905], [-0.7883445547102891, 37.81423566236583], [-0.7883140506181842, 37.814249016963025], [-0.7882600016824884, 37.81425971738725], [-0.787355083781036, 37.81423441689234], [-0.7872830353019986, 37.81423937110904], [-0.7872284240209197, 37.814253574472474], [-0.7871989646695059, 37.81427014245751], [-0.7871553182247987, 37.814305276849616], [-0.7870496116686805, 37.814410238510966], [-0.7869868005656961, 37.814459768480575], [-0.7869169763152719, 37.81450004078591], [-0.7868107990419748, 37.814536973368874], [-0.7865384415259227, 37.8145851101749], [-0.7863906156610629, 37.814575211013256], [-0.7862640735802665, 37.8145522844675], [-0.7850551720748824, 37.81452737651963], [-0.784951838867729, 37.814480463145635], [-0.7849149836865784, 37.81444796029128], [-0.7848141702538168, 37.81430620651843], [-0.7847598841628873, 37.81427195637704], [-0.7847056762253719, 37.81424178966938], [-0.784660773037592, 37.81422220699288], [-0.7846245511686952, 37.8142048697128], [-0.7846268742120226, 37.81412718757727], [-0.7846378803708939, 37.813936203802584], [-0.7846158132559283, 37.81384202285509], [-0.7841282589236653, 37.81386862644786], [-0.7841281169898573, 37.81392537700938], [-0.7841358146535187, 37.813927989321144], [-0.7841349298129777, 37.813957582030625], [-0.784064765999384, 37.81396366464777], [-0.784087621835168, 37.81416288338811], [-0.7841555704032526, 37.81503784796735], [-0.784202335798649, 37.81564001582076], [-0.7842235207679982, 37.81591281211191], [-0.7842877314461603, 37.81683392556882], [-0.7842952260905776, 37.81686000720309], [-0.7843968228542749, 37.816858197605086], [-0.7846997168017942, 37.81684914819497], [-0.7847421199781184, 37.81684458162036], [-0.785053463479203, 37.81683568904046], [-0.7850970811778031, 37.816903568826966], [-0.7853203583400055, 37.8168997239656], [-0.7853290953544418, 37.816946828825834], [-0.7853532241029795, 37.81721417590799], [-0.7853531648141712, 37.81738584470613], [-0.785321808220854, 37.81758642878297], [-0.7852581131756592, 37.817850781010584], [-0.7851533776983701, 37.81807412535764], [-0.7849975882685415, 37.8183085811627], [-0.7847955391948156, 37.81822430801499], [-0.7844264978013589, 37.81807728181228], [-0.7840078685059255, 37.8179061433011], [-0.7839739274595593, 37.81798762155811], [-0.7839721209475297, 37.817991960269055], [-0.7844770594771557, 37.81820324609978], [-0.7847002620791657, 37.81829664088779], [-0.784890463272573, 37.81837459326344], [-0.7849715389219095, 37.81840666506196], [-0.7850311421410255, 37.818429036188704], [-0.7850660812156671, 37.818436334745215], [-0.7851128528992765, 37.818439870127385], [-0.7851615361977758, 37.818435473252975], [-0.7851631630467526, 37.81848457403396], [-0.7848732174157629, 37.818784129107], [-0.7846653553438527, 37.81901662196161], [-0.7846642558059389, 37.81901745293312], [-0.7846018184021136, 37.81906460114838], [-0.7846005841169017, 37.819065398766995], [-0.7845129938851481, 37.81911243057315], [-0.7832996600921183, 37.81955957930618], [-0.7831001316911147, 37.81959902850873], [-0.7824430724512725, 37.819638120751605], [-0.782268877439581, 37.81964552492181], [-0.7812904764495596, 37.81968710790316], [-0.7808601115632453, 37.81971552175601], [-0.7808315118995537, 37.81971534718978], [-0.7805509096458413, 37.81971364197572], [-0.7798635951472236, 37.81969781818346], [-0.7796519224218593, 37.819719572969774], [-0.7793984070689265, 37.819778456403625], [-0.7792058208484253, 37.819813866344376], [-0.7790480129041519, 37.81983126049582], [-0.7784165520566322, 37.819845132101605], [-0.7782806881581221, 37.81985760504872], [-0.7781445808161653, 37.81988541424217], [-0.7778073918860566, 37.81997700092831], [-0.7773569936706054, 37.82018303702744], [-0.7773139230459708, 37.820192341489964], [-0.7772425474050928, 37.82020205043136], [-0.7771880115825035, 37.82020102078125], [-0.7771188574752806, 37.8201878326009], [-0.7770553070588184, 37.820166262452304], [-0.7767738837449255, 37.81998864785994], [-0.7766664991358626, 37.81983307711713], [-0.7765802321225, 37.81978152621203], [-0.7765791954666831, 37.81978125513783], [-0.776574361632135, 37.81977999201747], [-0.776425152361745, 37.82009943447722], [-0.7763562183417777, 37.820092407867826], [-0.7763272602503112, 37.82008945586852], [-0.7762938545998147, 37.82008256692355], [-0.7762385713789404, 37.82007308788175], [-0.7761851764167649, 37.82005793120512], [-0.7761331136561516, 37.82003734454603], [-0.7760846145122571, 37.81999328804011], [-0.7760175364116932, 37.819889297976935], [-0.7759634551366353, 37.81981014936582], [-0.7754888374428062, 37.81912026128047], [-0.7752460767204239, 37.818771868866854], [-0.7748567298082762, 37.818207810461395], [-0.7745296073992751, 37.817740174814496], [-0.774234235045653, 37.81733157416403], [-0.774130076286767, 37.81716426032108], [-0.773863877620315, 37.81676594210979], [-0.773854891772516, 37.81675249571377], [-0.7738542512737188, 37.816751646265935], [-0.7737802435690452, 37.816653492751044], [-0.7735884388828187, 37.81634247313244], [-0.7734309435522686, 37.816102311145606], [-0.7733945312405538, 37.81600156014146], [-0.7732437750712622, 37.81581750107452], [-0.7727864535398807, 37.81515228755238], [-0.7723203725362021, 37.81460097338524], [-0.7720825794973354, 37.81422749688503], [-0.7720090002890438, 37.81406541410453], [-0.7718835065421601, 37.813908750753626], [-0.7716254529003908, 37.813530858681915], [-0.7713692902122782, 37.81301397405224], [-0.7710735720072734, 37.81254765816888], [-0.7708910567994318, 37.8122927322184], [-0.7706806102744391, 37.81195479543275], [-0.7703638750850423, 37.81161076293472], [-0.7698886483334478, 37.81099439939211], [-0.7698294071353954, 37.81091756481296], [-0.7696784353704338, 37.81069824413607], [-0.7695105384471923, 37.81048524346345], [-0.7692467742151745, 37.81025507997683], [-0.7691334158094467, 37.810034616115416], [-0.768944809125654, 37.809924851993564], [-0.7686989599953508, 37.80959081987437], [-0.7641621156709516, 37.80312429941062], [-0.7634588713474049, 37.80210020572465], [-0.7633004543453661, 37.801878855831504], [-0.7628299275793187, 37.80121357919228], [-0.7626998757806959, 37.8010235933537], [-0.7621703207173416, 37.80028152014971], [-0.7621024628790971, 37.80017827956005], [-0.7619754779288316, 37.80000170217792], [-0.761771469629503, 37.79972828848024], [-0.7615730659192321, 37.79928069809357], [-0.761543355039531, 37.799094947020606], [-0.7615453933169117, 37.79907633277668], [-0.7615504993409803, 37.79905768587645], [-0.7615571729252172, 37.799039789248724], [-0.7615659943813142, 37.799022204936406], [-0.7615784171833749, 37.799005679668234], [-0.7615926276328595, 37.79899017937356], [-0.7616083957610444, 37.79897570050403], [-0.7616246849120791, 37.798962853503895], [-0.7616357764109082, 37.79894575681855], [-0.7616533357797386, 37.79893100182086], [-0.7616831293044728, 37.79893413708951], [-0.761687008229873, 37.798933579172136], [-0.7617104686318367, 37.798934320222735], [-0.7617262574212549, 37.798934818515335], [-0.7617372707666362, 37.79893516632645], [-0.7617484574868575, 37.798933306601796], [-0.7617570229231151, 37.798930775388705], [-0.7617646702811057, 37.798927888556406], [-0.7617739085554892, 37.79892334074834], [-0.7617868460922201, 37.7989143920638], [-0.7617949947101578, 37.79890577344398], [-0.7617996812210153, 37.798899315511896], [-0.7618031927354357, 37.79889234438011], [-0.7618039086927224, 37.7988909261618], [-0.7618064275687837, 37.79888299677352], [-0.7618078469069309, 37.798873338265], [-0.7618074399701126, 37.798864229155235], [-0.7617887451307174, 37.79882890854151], [-0.7617820266307256, 37.79882202258146], [-0.7617769062336034, 37.798818003582504], [-0.7617742606950848, 37.79881592735993], [-0.7617653350344245, 37.79881062074767], [-0.7617558146890524, 37.798806203539165], [-0.7617458083550838, 37.79880285957806], [-0.7617352019465543, 37.798800585315306], [-0.76172992434424, 37.7988000430129], [-0.7617244464176397, 37.79879947941597], [-0.761713323477779, 37.798799267889606], [-0.7617022724031528, 37.798800409989795], [-0.7616990618243266, 37.79880104456874], [-0.7616968259175843, 37.79880148678648], [-0.7616948208778962, 37.798801882865945], [-0.7616918762003774, 37.79880246491821], [-0.7616708160968579, 37.7988088334215], [-0.761636435774311, 37.79881908605754], [-0.7615762387688136, 37.79883702461811], [-0.7615225275996598, 37.798853050921025], [-0.7614617565706837, 37.798871170477284], [-0.7613977507083597, 37.79884327954728], [-0.7613167469242578, 37.7987314381822], [-0.7612774851564499, 37.79858371373813], [-0.7612607055252666, 37.79820671286031], [-0.7612555006865173, 37.795626259530344], [-0.7613214891306352, 37.795208568915406], [-0.7613240313628877, 37.79519589943361], [-0.7613475591385005, 37.795078659063634], [-0.7614425074707795, 37.79495674126145], [-0.7616472757448527, 37.79478712362739], [-0.7616954308339586, 37.794703546270135], [-0.7623335005870244, 37.79407042154077], [-0.7624130589818299, 37.79395541617383], [-0.7624089231382598, 37.79384404585937], [-0.7624219585913409, 37.793765802804984], [-0.7624101026262489, 37.79364320065178], [-0.7624386573741856, 37.79354741152193], [-0.762469778608863, 37.79331018880514], [-0.7624623675077756, 37.79325471720931], [-0.7624331462098926, 37.793229560010886], [-0.7624131335419888, 37.793061115384276], [-0.7622601971615084, 37.79258230953524], [-0.7622506327986786, 37.79251604082524], [-0.7622123591776778, 37.79250852532279], [-0.7619107929401686, 37.79222818098945], [-0.7619074098848331, 37.79220856266022], [-0.7618992495887664, 37.79218921195181], [-0.7618905781513514, 37.79217174526933], [-0.7618823486850081, 37.79215473645763], [-0.761874474951549, 37.792137194519306], [-0.7618660712120691, 37.79211838117443], [-0.7618572003486317, 37.79210001008268], [-0.7618478219370676, 37.792083430024654], [-0.7618361276687197, 37.79206455490614], [-0.7618249454400505, 37.792047489279035], [-0.7618143022005733, 37.79203142671535], [-0.761804260832318, 37.79201420419598], [-0.7617919197769598, 37.791997930079276], [-0.7617789418160261, 37.79198020069393], [-0.7617659629567956, 37.791962470594434], [-0.7617570606523598, 37.79194517920013], [-0.7617484386222518, 37.791926091790415], [-0.7617388401234322, 37.79190923767736], [-0.7617276435217429, 37.791892714367435], [-0.7617159690162977, 37.7918769016501], [-0.7617035282479284, 37.7918601745955], [-0.7616882128706473, 37.79184465363465], [-0.7616700031215181, 37.7918309705675], [-0.7616531731846974, 37.79181668196425], [-0.7616371687995758, 37.79180141797341], [-0.7616210521250838, 37.79178606311379], [-0.7616048420257602, 37.79177007503144], [-0.7615904258620736, 37.79175484226598], [-0.7615774514944285, 37.79173702124682], [-0.7615666052357072, 37.7917201443742], [-0.761551834237467, 37.79170535456861], [-0.7615469168596223, 37.79170273863118], [-0.7622238055110269, 37.79059737219983], [-0.7622339358124948, 37.790577739239644], [-0.7622407100080401, 37.79056020544564], [-0.7622445808485996, 37.79054108502282], [-0.7622449266999821, 37.79052207675909], [-0.7622414699827845, 37.79050119506549], [-0.7622358330543646, 37.790480992030204], [-0.762229340929808, 37.79046284485971], [-0.7622229934340174, 37.79044362005635], [-0.7622166100056096, 37.79042565532109], [-0.7622061886500154, 37.79040599320929], [-0.762195786159027, 37.790389484471156], [-0.7621856801120807, 37.79037063873572], [-0.7621753863172408, 37.790354221566936], [-0.7621633704519987, 37.790334708515424], [-0.7621531170813283, 37.79031703126367], [-0.7621435590067114, 37.790295132223214], [-0.7621335535710733, 37.79027673796126], [-0.7621239496823711, 37.79026006449696], [-0.7621156384693588, 37.790241973354476], [-0.7621089352407175, 37.79022328234015], [-0.7621020676203742, 37.79020251485638], [-0.762095137117934, 37.7901800350816], [-0.7620895774446647, 37.790161095585574], [-0.7620828463682467, 37.79014330470784], [-0.7620753921479987, 37.79012315765706], [-0.7620686637665389, 37.790105276612465], [-0.7620625579175341, 37.79008560589659], [-0.7620574114692628, 37.790068025842125], [-0.7620506022394308, 37.79004906147076], [-0.7620459875938078, 37.790028878899044], [-0.7620423871461413, 37.7900089852529], [-0.7620401171034427, 37.78999010747477], [-0.7620415732725042, 37.78997193178753], [-0.7620505770865786, 37.789959577315386], [-0.7620677834175499, 37.78994629712514], [-0.7620729424422139, 37.7899334187388], [-0.7620699214079085, 37.78992065535484], [-0.7620589484867298, 37.78990792036485], [-0.7620431120865989, 37.78989464158515], [-0.7620251071533413, 37.78988168368037], [-0.7620080858753386, 37.78986622051617], [-0.7619926653951639, 37.7898504279524], [-0.761978703779042, 37.78983520260017], [-0.7619646316701103, 37.78981988637682], [-0.7619509853626363, 37.78980169360993], [-0.7619367785064067, 37.7897833112936], [-0.7619238382747513, 37.78976810651481], [-0.7619090520051605, 37.78975007133451], [-0.7618970253601197, 37.789734703980194], [-0.7618833934256992, 37.78971606111121], [-0.7618703570742876, 37.78969652872372], [-0.7618587274846307, 37.7896792751341], [-0.7618477761229823, 37.789662125186936], [-0.7618381722342801, 37.78964545158396], [-0.7618277859129727, 37.78962840243594], [-0.7618166539899743, 37.789609716945655], [-0.7618056657974116, 37.78959004396815], [-0.7617933975055852, 37.789571335751134], [-0.7617795832131539, 37.7895512488866], [-0.761764992776297, 37.789530514579724], [-0.761751780355121, 37.78951305152817], [-0.7617401238159845, 37.78949669948044], [-0.761727448587306, 37.789480237393164], [-0.7617146916119584, 37.789462692690115], [-0.7616984770210827, 37.789446885132016], [-0.7616830259982066, 37.78943208280289], [-0.7616677402653297, 37.7894155702976], [-0.7616524850751875, 37.78939806888371], [-0.7616370807646936, 37.7893817352682], [-0.7616205149325194, 37.78936249598537], [-0.7616073878512677, 37.78934593448067], [-0.7615957223289935, 37.789329852872015], [-0.7615818505443813, 37.78931165714484], [-0.7615693046731183, 37.789294656903664], [-0.7615553870744207, 37.789277991026815], [-0.7615436245340934, 37.789261366321035], [-0.7615322329979672, 37.789243756964076], [-0.761521397519011, 37.789226519596724], [-0.7615115600683636, 37.78921011140254], [-0.7615001083450985, 37.7891944833982], [-0.7614875031850271, 37.78917946520517], [-0.7614735334840648, 37.789160726357935], [-0.7614596868522712, 37.78914171915898], [-0.7614479198203583, 37.78912527474043], [-0.7614369549839868, 37.78910857403964], [-0.7614238853949493, 37.789090122689245], [-0.7614125558425562, 37.78907044247431], [-0.7614030238190884, 37.78905142744305], [-0.7613958211271278, 37.789034258892464], [-0.7613893352907841, 37.78901584159938], [-0.7613834082065352, 37.78899779558674], [-0.7613781638419135, 37.788979672189114], [-0.7613729248671746, 37.78896136988854], [-0.761369832865965, 37.78894346797526], [-0.7613723247925802, 37.788924862532184], [-0.7613779976535839, 37.788906225848116], [-0.7613814085567295, 37.78888727679676], [-0.7613820894796961, 37.78886845552523], [-0.7613852847871717, 37.78884914085772], [-0.7613927452955993, 37.78883144053327], [-0.7613987424484554, 37.78881335117079], [-0.7613948805910333, 37.788798318702014], [-0.7609002834669598, 37.78829309676764], [-0.7608970288706757, 37.788273028723566], [-0.7608934311179671, 37.78825304515462], [-0.7608884822990907, 37.78823267467311], [-0.7608820674296176, 37.78821191656886], [-0.7608745602088076, 37.788193569353105], [-0.7608662471991677, 37.78817556857464], [-0.7608567034975711, 37.78815691466349], [-0.7608461015805936, 37.78813950098187], [-0.7608352256774682, 37.788123613629416], [-0.7608206298507287, 37.78810684454969], [-0.7608074030564658, 37.7880898319626], [-0.7607938340041088, 37.7880729024326], [-0.7607795957068475, 37.788055599479215], [-0.7607668153753088, 37.78803886517024], [-0.7607531052874407, 37.7880228336817], [-0.7607388903464041, 37.78800850529623], [-0.7607250688674292, 37.78799238222093], [-0.7607125050298575, 37.78797601350848], [-0.7607000543800202, 37.7879596447924], [-0.7606868985526948, 37.787940290131566], [-0.7606761538035788, 37.7879238653235], [-0.7606647038769746, 37.78790445243949], [-0.7606530886603378, 37.787882965860206], [-0.7606423439112219, 37.78786275500985], [-0.760630644252958, 37.7878440584242], [-0.7606188439833859, 37.78782499977193], [-0.7606089346675038, 37.787807148698], [-0.7605977470489521, 37.78778657008538], [-0.7605874487625269, 37.787766638209504], [-0.7605777900766019, 37.78774807151603], [-0.7605667129508265, 37.78772758446746], [-0.7605554274159245, 37.787706463448856], [-0.7605476515988155, 37.787689464258214], [-0.7605389702798991, 37.78767235715481], [-0.7605306869146635, 37.787653364481514], [-0.7605227053833861, 37.78763564115301], [-0.7605144013568839, 37.78761358513382], [-0.7605065159453291, 37.787592708297716], [-0.760497205805711, 37.78757009284269], [-0.7604899051974, 37.78755238156298], [-0.7604823566540567, 37.787535385886585], [-0.7604726099332495, 37.78751222092948], [-0.7604643589073427, 37.78749214841375], [-0.7604560782370651, 37.78747306695304], [-0.7604477993634149, 37.78745389532638], [-0.760439948986147, 37.787435633113915], [-0.7604323797815705, 37.78741557264618], [-0.7604256810444814, 37.7873967020147], [-0.7604182088579582, 37.78737718463253], [-0.7604113439325394, 37.7873563276077], [-0.7604045356010045, 37.78733736396028], [-0.7603974820293953, 37.7873152418286], [-0.7603890809848733, 37.787292642617025], [-0.760381748935497, 37.78727222714519], [-0.7603765494866639, 37.78725266358466], [-0.7603711326454996, 37.78723273511438], [-0.7603647240642396, 37.78721179640667], [-0.7603599324505218, 37.787193772671344], [-0.7603555935877078, 37.787175757450726], [-0.7603514739138189, 37.7871580162594], [-0.7603476542772272, 37.78713784780662], [-0.7603434753145298, 37.78711830337869], [-0.7603385651231617, 37.787096671744656], [-0.76033296592402, 37.78707529851972], [-0.7603273038427815, 37.7870559968722], [-0.7603242163331241, 37.787037914884344], [-0.7603212491977446, 37.78701956453732], [-0.7603174888499613, 37.78700119998716], [-0.7603062221796985, 37.78698701764986], [-0.7601159518159811, 37.78679018907517], [-0.7601033610289631, 37.786774720294524], [-0.7600880654146183, 37.78675856926256], [-0.7600726188832941, 37.78674367694305], [-0.7600577472737792, 37.78672852407407], [-0.7600452876408041, 37.78671242698715], [-0.7600338673585708, 37.78669580809362], [-0.7600202713567676, 37.786679780573294], [-0.760006540607633, 37.78667573393624], [-0.7599707652014603, 37.78647296944861], [-0.7599721009962775, 37.78644758205087], [-0.7599685382778557, 37.786437691896495], [-0.7599561280522211, 37.78639744475457], [-0.7599470865088684, 37.786373482178966], [-0.7599321987296724, 37.78635887091785], [-0.7599158305268932, 37.78634441087099], [-0.7599013954985675, 37.78632980741349], [-0.759887415916137, 37.786315213892216], [-0.7598717528908457, 37.78629995586429], [-0.7598617151158454, 37.786282643266496], [-0.759860694629676, 37.78626379009426], [-0.7598645744534067, 37.78624439807236], [-0.7598703524173042, 37.78622603545932], [-0.759878466000955, 37.78620555366832], [-0.7598873961532009, 37.78618806072341], [-0.7598964269167549, 37.786171020716885], [-0.7599061278235103, 37.786154353425616], [-0.7599163093289126, 37.78613679444401], [-0.7599261872037963, 37.78611805766497], [-0.7599352350353286, 37.78610047808646], [-0.7599423658620548, 37.78608241006362], [-0.7599474431400496, 37.78606466364024], [-0.7599619706948095, 37.7860356433266], [-0.7599706124878538, 37.78601478095351], [-0.760029756667853, 37.785886837100264], [-0.7600360628411438, 37.78581065936804], [-0.760113749146898, 37.78554511687178], [-0.7601040042227183, 37.78551682618011], [-0.7601047471294512, 37.78550718367285], [-0.7599119605846306, 37.78484342586037], [-0.7599445236153829, 37.78483052599607], [-0.7599680855269519, 37.78482484636326], [-0.7599915926412981, 37.78482096859373], [-0.7600141978471251, 37.78481689274675], [-0.7600261669999849, 37.784807839410256], [-0.7601950889009479, 37.784508934561174], [-0.7600715921089451, 37.784418935367114], [-0.7600328630420826, 37.7843430706336], [-0.7600271829945688, 37.78421775002816], [-0.7599828277790849, 37.78411924017863], [-0.7599462241261883, 37.78403794819053], [-0.7599992202363859, 37.783994339491194], [-0.7599947268633378, 37.7839341524294], [-0.7599558486761572, 37.78386329315009], [-0.7599699737856841, 37.783813477134096], [-0.759980361903619, 37.783776840860945], [-0.759901069410121, 37.783691961753156], [-0.7599104774660893, 37.78358946758375], [-0.7599150660605631, 37.78353946608192], [-0.7599067305930627, 37.78351269821115], [-0.7598842475581076, 37.7834534599834], [-0.7598152335880985, 37.78339983613385], [-0.7597886668119053, 37.7833392268667], [-0.7597514532029462, 37.783254335186875], [-0.7597308530368406, 37.783207340179914], [-0.7596676655397392, 37.78316663547802], [-0.7596373716534218, 37.78314712052856], [-0.7596227830132258, 37.78308564417978], [-0.7595135640443232, 37.78294082418757], [-0.7593475104640591, 37.78279742456882], [-0.759308151678198, 37.78276343528485], [-0.7593849854827736, 37.782707391341766], [-0.7595761927893302, 37.78253883185188], [-0.7595436243686954, 37.78251556167203], [-0.7593158331722116, 37.78227789459086], [-0.7593213227769076, 37.78226406349663], [-0.759101203192936, 37.78228651515045], [-0.7590178808570923, 37.78229583858761], [-0.7589156831204701, 37.782210739815355], [-0.7588785916823829, 37.782096034061006], [-0.7588043755685493, 37.782035609029734], [-0.7587651389535935, 37.78199194377038], [-0.7587566256196342, 37.78193813568516], [-0.758716295754944, 37.78193066028583], [-0.7586642635370655, 37.78191894132327], [-0.7585636782763999, 37.7818022727226], [-0.7585077581499501, 37.781616291689986], [-0.7584471308514096, 37.78145085649257], [-0.7582566323156296, 37.78119833018031], [-0.758429757433845, 37.78012911102153], [-0.7583697418880279, 37.780022699810154], [-0.7582899265750191, 37.77992383433879], [-0.7581893278395971, 37.77986870414486], [-0.7580673887263281, 37.77982109212337], [-0.7577438667649602, 37.77960561608479], [-0.7575862932809626, 37.779563443949776], [-0.7573389646253731, 37.77948039181747], [-0.7569305240218523, 37.77926819147047], [-0.7567431462333889, 37.7792080687209], [-0.7564950836542041, 37.77903099391422], [-0.7563143668735516, 37.7789381934479], [-0.7561187066181496, 37.77888060517004], [-0.7557240587475299, 37.778722521002194], [-0.755571672135973, 37.77864526163535], [-0.7555569119175648, 37.77865214379574], [-0.7552878431337531, 37.77877759596], [-0.75519544422027, 37.77871128504969], [-0.7545351258925582, 37.77823738332435], [-0.7544947151795295, 37.77819867458552], [-0.7537740264714806, 37.77750833883207], [-0.753932606966891, 37.77730003512927], [-0.753595657886974, 37.7768174917999], [-0.7533098750490005, 37.776823653449036], [-0.7531392679085493, 37.776416918183855], [-0.7531205533062515, 37.776393996834095], [-0.7529373041748145, 37.77616958208782], [-0.7532153246704023, 37.77594838881917], [-0.753306027564632, 37.77588823354785], [-0.7533652993054192, 37.7758361435777], [-0.7534387841905821, 37.775778136089194], [-0.7534930056028205, 37.77573832620858], [-0.7535013222057154, 37.77572115669541], [-0.7529444574594015, 37.77516099851985], [-0.7525875765599864, 37.77479401978458], [-0.7526107054835878, 37.77475114195426], [-0.7524199608094364, 37.77445911946035], [-0.7523585420951197, 37.77449561834115], [-0.7523550162076457, 37.77448990667184], [-0.752210390141847, 37.77450823527786], [-0.7512577339695751, 37.77343030273133], [-0.7513125877957701, 37.77333567959946], [-0.7513778638758899, 37.77329188564973], [-0.7509175752091288, 37.77273603623668], [-0.7508204358858959, 37.77279968051472], [-0.7508194118064715, 37.77279747858874], [-0.750577458669513, 37.77227763406265], [-0.7504434399106078, 37.771950033301266], [-0.7500718239455364, 37.77126275291928], [-0.7494697523808903, 37.77039606286407], [-0.7496034091187318, 37.770308775376414], [-0.7496449463191542, 37.77025459521891], [-0.7495082353093481, 37.770078131662], [-0.749330138016065, 37.76983509530736], [-0.7492397234810033, 37.76980459516767], [-0.7491154765957576, 37.7695783702568], [-0.7491267693172031, 37.76947814020478], [-0.7490553307942281, 37.769464375595575], [-0.7490545214121432, 37.76943955966884], [-0.748975199274241, 37.769325203351165], [-0.7489102663505793, 37.769199963090486], [-0.7488733788300667, 37.76912857770154], [-0.7488571085436375, 37.76909850617398], [-0.7488235825188968, 37.76907161519645], [-0.7482681047714014, 37.76802084413715], [-0.7483145270103397, 37.767932830947316], [-0.7482373042352543, 37.767653744748536], [-0.7481078902404705, 37.76749178204015], [-0.7481057118259092, 37.76748790194108], [-0.7480957010003886, 37.76747007862114], [-0.7483642855922313, 37.766811641736666], [-0.7484604502434138, 37.76591342133111], [-0.7484974563415433, 37.76556926104876], [-0.7485566220811062, 37.76501853621653], [-0.7485982616894644, 37.764417010262505], [-0.7484988190858067, 37.76403546195113], [-0.7484907890454859, 37.76402429549214], [-0.7480823178992975, 37.763456262516485], [-0.7479037013797587, 37.76315898637571], [-0.7476102505225279, 37.762362980455265], [-0.7475842380068437, 37.76190371290136], [-0.7479116281138466, 37.76144927668177], [-0.7479703051698885, 37.761436260526935], [-0.7479688867300383, 37.76127907152773], [-0.7479447247438414, 37.76119184358697], [-0.7477902522442244, 37.760913856881125], [-0.7477529586851901, 37.76091969175063], [-0.7476662020900096, 37.76092458207546], [-0.7473174850798492, 37.760592130155956], [-0.7473200848042826, 37.76053559571048], [-0.7471583781716731, 37.76013041280998], [-0.7471869634623445, 37.759991890581425], [-0.7473420306466734, 37.75924044474825], [-0.7473481463771462, 37.75878476564407], [-0.7472386399473725, 37.758510795344705], [-0.7467430438966932, 37.75770037886472], [-0.7462463671727391, 37.75689246414284], [-0.7460133765273886, 37.756510333694024], [-0.7459291495880344, 37.75637220099349], [-0.7457413235402192, 37.756128542181656], [-0.7456005772981513, 37.756003930855506], [-0.7452051865207987, 37.755783321446806], [-0.7442403761426981, 37.75543754937822], [-0.7439616971820046, 37.75533786195987], [-0.7436660652152546, 37.755202162478454], [-0.7433511571991541, 37.754957685166765], [-0.742661940068784, 37.75424257917246], [-0.7425964663592695, 37.754174541663026], [-0.7423206521260197, 37.75388792531475], [-0.7419024809713728, 37.753437898126705], [-0.7416864738747801, 37.753143859566435], [-0.7416865870625144, 37.75314372319686], [-0.7417241959301965, 37.75309869777543], [-0.7417635906486748, 37.75305153586682], [-0.7417883895404138, 37.75298271384549], [-0.741805638990479, 37.75293484231286], [-0.741898577791451, 37.75284387992321], [-0.7420790107044875, 37.75276986214281], [-0.7423757377175659, 37.75264813735122], [-0.742832977502245, 37.75243254519336], [-0.7430897770958662, 37.7522741715147], [-0.7433037270504723, 37.752127835832184], [-0.7435236525983375, 37.75193880057589], [-0.7436067638300966, 37.75188719021478], [-0.7438073926673447, 37.75168513221144], [-0.7439364203865431, 37.75153523689235], [-0.7441514447262112, 37.75120064746046], [-0.744252336312387, 37.751037858894776], [-0.7442628906186515, 37.7510118939469], [-0.744281483948408, 37.750966145584506], [-0.744170030869424, 37.750930244510855], [-0.7439368147469355, 37.75083929883442], [-0.7434535381920842, 37.750657086098705], [-0.7433632619976089, 37.75081184222734], [-0.7432966285630749, 37.75078585731232], [-0.7433919640692362, 37.750635316655654], [-0.7433612398899092, 37.75062237459836], [-0.7432707750492102, 37.75078330314185], [-0.7432298702627443, 37.75076398846785], [-0.7433175566142542, 37.75060918322959], [-0.7427255147397345, 37.75037958683765], [-0.7426969420254892, 37.75033702584478], [-0.7426780172174038, 37.75031671523402], [-0.7426200363557125, 37.750295655976544], [-0.7428110056087049, 37.74998235681836], [-0.7427456639515637, 37.7499279089079], [-0.7427044977553425, 37.74972098574211], [-0.7421776502142734, 37.74978846692749], [-0.7421307967839949, 37.749689871429204], [-0.7420122811502308, 37.74915065379886], [-0.7419208173829595, 37.748721580797245], [-0.7418468213563814, 37.748366014017044], [-0.7418009399032289, 37.74826688247411], [-0.7416803653308509, 37.74811362616285], [-0.7415305919184838, 37.748007219311106], [-0.7413849166204421, 37.7479410370759], [-0.7413485815638109, 37.74799629264762], [-0.7413054345824233, 37.74798263484874], [-0.7405336991083449, 37.74773028759531], [-0.7401233504831893, 37.74757642711804], [-0.7397951698587406, 37.747453078531436], [-0.7397266346907846, 37.74743169029433], [-0.7393968344039026, 37.74733287145864], [-0.7391713563692782, 37.74726501298781], [-0.738730206309645, 37.74716886116508], [-0.7385441768923915, 37.74715338267398], [-0.7385434735115308, 37.74717329992777], [-0.7378452283125648, 37.74713246386918], [-0.7377212679898597, 37.74718298792243], [-0.7374333157204959, 37.74730035185005], [-0.7371618664012093, 37.74741098679314], [-0.7367940494114964, 37.747679201349506], [-0.7365747805321095, 37.74795310876436], [-0.736514072385197, 37.74796584600948], [-0.7360730813273835, 37.7476286911309], [-0.7355548863591236, 37.74748347139676], [-0.7344633138129711, 37.7472138965876], [-0.733882106519077, 37.74707035877969], [-0.7337616101001464, 37.74704059863707], [-0.7337665149015986, 37.74675697919638], [-0.7337768706801712, 37.74650527841866], [-0.7337800875472106, 37.74643299814022], [-0.7338572707964238, 37.7464063475356], [-0.7345592673600355, 37.746061717181604], [-0.7349036751517525, 37.745804527459875], [-0.734938451631353, 37.74555675512602], [-0.7350760376002654, 37.74545811136982], [-0.7352465737738125, 37.745503409235475], [-0.7360357392593395, 37.745283279959224], [-0.7365758836632785, 37.745154305959254], [-0.7368681882701794, 37.745017910851104], [-0.7374298069009999, 37.74482616525034], [-0.7377112445879129, 37.744701780667036], [-0.7382081638570168, 37.74449982238109], [-0.7385605001794494, 37.74442034508948], [-0.7388665049927503, 37.74436638464381], [-0.7388897183580122, 37.74418852742901], [-0.739185793194198, 37.744136141648774], [-0.7391317873776295, 37.743962469952606], [-0.7390964242981578, 37.743955513529215], [-0.7390931903631404, 37.74393191084082], [-0.7391167307151457, 37.7438727240139], [-0.7391415790142251, 37.74383553519029], [-0.7392020769553501, 37.74379589138513], [-0.7392620493820399, 37.743773500500055], [-0.7393052179230247, 37.743783745852745], [-0.7393281564038082, 37.74380929707281], [-0.7395285435942369, 37.74371897698649], [-0.7399429014005051, 37.74354644371365], [-0.7404334605973589, 37.743337704802556], [-0.7406839387463389, 37.74322480271502], [-0.7409832735686912, 37.74313009973891], [-0.7412955261648384, 37.74306546384748], [-0.7414800787517303, 37.743040752010614], [-0.7415928559474693, 37.743036636211734], [-0.7416675796094295, 37.74304905393282], [-0.7417403287743695, 37.74306143400297], [-0.7418228102871302, 37.74307870983756], [-0.7419129068185525, 37.74310554775345], [-0.7419751124570599, 37.743139698047834], [-0.7420256570648118, 37.74316734645561], [-0.742107663368808, 37.74320030616855], [-0.7430870668786564, 37.743474409878786], [-0.7436904688482706, 37.74364751941307], [-0.744030915069588, 37.74357430578487], [-0.7440289046399838, 37.74356799148167], [-0.7439483778612739, 37.74333215339779], [-0.7438778583148631, 37.743149196905925], [-0.7437666352045694, 37.74292661060852], [-0.7436193914480288, 37.74267343417535], [-0.743235057135185, 37.74217035206689], [-0.742819894438451, 37.74174906116512], [-0.7422864909923977, 37.74121874134776], [-0.7418033949988962, 37.74075653015337], [-0.7412441218693308, 37.740201163664416], [-0.7408024534817724, 37.73977121970137], [-0.7402105661174868, 37.73919183882799], [-0.7397664309561989, 37.738756853712964], [-0.7395774784210236, 37.738545298773204], [-0.739309319630605, 37.73813369488954], [-0.7392315776292971, 37.737974899177814], [-0.7390970917464013, 37.737623307356884], [-0.7390277831289777, 37.73732995260084], [-0.7389296430825114, 37.73713293713969], [-0.7388712373176931, 37.73701568425366], [-0.7388473717755384, 37.73696777397576], [-0.738844415419924, 37.73696603630409], [-0.7391309025370886, 37.73614427144508], [-0.7392801989440302, 37.735903313839], [-0.739519857783735, 37.73568528515886], [-0.739949684579188, 37.73534577112788], [-0.7401725413298154, 37.73514840653792], [-0.7403298471158779, 37.734957652710584], [-0.7404289869872469, 37.73471555170447], [-0.7404819714193489, 37.73443483619557], [-0.74049354711008, 37.73354102531642], [-0.7405089415391056, 37.732643620822415], [-0.7405108908832738, 37.73209755662884], [-0.7405054255330997, 37.73184453711586], [-0.7404471212778865, 37.73165820736512], [-0.7403667355346877, 37.7314726785516], [-0.7402161805880125, 37.731288786902134], [-0.7401345982888464, 37.73117400216693], [-0.7400695072616955, 37.73066180539068], [-0.7400682379421969, 37.73065181541357], [-0.7401292146853748, 37.730509866083565], [-0.740059719218355, 37.73015577558169], [-0.7400530213795964, 37.73012635819429], [-0.7399884450870822, 37.72986022853111], [-0.7399169724281175, 37.72960688662881], [-0.7399253456248963, 37.729581204750815], [-0.7398704181368391, 37.72935445470365], [-0.7398414977745837, 37.72905713604657], [-0.739829126176491, 37.728750658659266], [-0.7397847224519972, 37.72874851368254], [-0.7397468665476135, 37.728495387519864], [-0.739741018515109, 37.728473739447765], [-0.7397402639302805, 37.72847248826587], [-0.7397401938616736, 37.728470208997514], [-0.7397398192642174, 37.72845841904028], [-0.7397321701095658, 37.72821623923344], [-0.7398458483154934, 37.72752945914777], [-0.7398622928750926, 37.72730219196425], [-0.7397994898569489, 37.72709824936392], [-0.740062613590203, 37.726389918227554], [-0.7400626252682986, 37.726389879859724], [-0.7400634669897123, 37.726387616869125], [-0.7400780421552184, 37.726348382214], [-0.7402029340308468, 37.726238357387125], [-0.7405076353886928, 37.725922232268644], [-0.7406555421018911, 37.725641371161366], [-0.7409673778797518, 37.72477995665529], [-0.7412620091232686, 37.723910920838456], [-0.741424030166229, 37.72343392602848], [-0.7414875248871378, 37.7232093335609], [-0.7415042353480445, 37.723010750719126], [-0.741507327349254, 37.72297401042979], [-0.7414338289893346, 37.722649081152724], [-0.7411688035226253, 37.72205354395445], [-0.7411354068553333, 37.72198436980688], [-0.7411159430580561, 37.721931561165285], [-0.7411007246988282, 37.72187771720242], [-0.7410860489220471, 37.72180603461723], [-0.7410798954623294, 37.721731167944284], [-0.7410807614382646, 37.72165643549165], [-0.7410856168323764, 37.72163533184166], [-0.7411069527187047, 37.72163109334697], [-0.7411144779058234, 37.721629888235924], [-0.7412742567538285, 37.721738093059656], [-0.7415405766928553, 37.72177808192874], [-0.7416242718295613, 37.72179729474015], [-0.7416985310625221, 37.721429838111135], [-0.7418672481476136, 37.720860705774925], [-0.7419503773456815, 37.72053351400607], [-0.7420377286256074, 37.72023346828259], [-0.7421797450855047, 37.71968862288867], [-0.7421896427232909, 37.7196506537804], [-0.7422030419940966, 37.719595089265944], [-0.7422294443785877, 37.71946196335272], [-0.7422955702649617, 37.71910758553639], [-0.7423017641488486, 37.71907894824673], [-0.7423922262945897, 37.71853973715998], [-0.7425226994030846, 37.71780701037815], [-0.7425397763766405, 37.71767299300331], [-0.7425550782791986, 37.71753385124931], [-0.742533930140797, 37.71701561948126], [-0.742611010083744, 37.71689537861917], [-0.7427973395382947, 37.71660471027943], [-0.7428662169643782, 37.7163253864256], [-0.7429214903038178, 37.715426349235415], [-0.7429762237557684, 37.71519990476876], [-0.7430144317997478, 37.71504182877174], [-0.7432011205804042, 37.71465277819299], [-0.7432756780540348, 37.714655926984214], [-0.7433359370432986, 37.714638274991245], [-0.7435629961128145, 37.714571758776216], [-0.7437301743838114, 37.71437535715459], [-0.7434417253460859, 37.71427746491787], [-0.7433536015150228, 37.71373283012852], [-0.7437016115510675, 37.71337630009418], [-0.7438014601932131, 37.71311680876115], [-0.7438300409922656, 37.712406030760576], [-0.7437370078681984, 37.71198571395019], [-0.7437768966600804, 37.7117373658032], [-0.7437593534608976, 37.71155999162798], [-0.7439020122162194, 37.71096025552028], [-0.74415844889048, 37.71066824134749], [-0.7444509421436047, 37.7103351635753], [-0.7446176119681779, 37.70996328016791], [-0.7447787823065536, 37.70969002105335], [-0.7445637013730351, 37.70963255369621], [-0.7445322890841647, 37.70962415990352], [-0.7438505648015845, 37.7092289413173], [-0.743637540111722, 37.70855150340876], [-0.743772979107105, 37.70813266500213], [-0.7439308714930389, 37.70768194461058], [-0.7440974245365891, 37.7074454229605], [-0.7444058278517404, 37.7072379823558], [-0.7445968770547744, 37.70720685658501], [-0.7447665203029401, 37.70734293188255], [-0.744956855345315, 37.70730530113603], [-0.7453230841136264, 37.70697321246985], [-0.7453215426045737, 37.70693425252344], [-0.7453142824204654, 37.70674730575821], [-0.745621008580969, 37.70612913327972], [-0.7455650462337223, 37.70601091449063], [-0.7452614848379597, 37.706101979199765], [-0.7448121017187619, 37.7062438686988], [-0.7445243892995563, 37.706464425327404], [-0.7443206585796308, 37.70662060072003], [-0.74358006500153, 37.70640027908938], [-0.7429269053483546, 37.70592006643656], [-0.7424867551136242, 37.70541253003228], [-0.7422744338046557, 37.70532881968761], [-0.7421344107063845, 37.70487502258861], [-0.7419834946369763, 37.7044139015244], [-0.7419976655605551, 37.704085897966316], [-0.741808937604221, 37.703240910976476], [-0.7418180258599558, 37.70294147398082], [-0.7417627561137713, 37.70262750392551], [-0.7417590325969023, 37.70232588672652], [-0.7416199132038112, 37.70182750150267], [-0.7416693205444377, 37.701823509926804], [-0.7415539517091394, 37.701436896781246], [-0.7414873380375414, 37.701213371288], [-0.7414423953238892, 37.70116059190868], [-0.7414137669140906, 37.70097347492451], [-0.7412105536237932, 37.699945258440685], [-0.7411956020642032, 37.69983017352365], [-0.7411755444805446, 37.69972134036876], [-0.7411802615341032, 37.699444448399795], [-0.7411824947458875, 37.69904684915615], [-0.7411911266574637, 37.69851942846607], [-0.7410848891969941, 37.69801019378299], [-0.7409668586534961, 37.697526038031334], [-0.7409124773411409, 37.69729946423358], [-0.7409427622443208, 37.69677272058741], [-0.7409845788208071, 37.69620238951671], [-0.7409067613610099, 37.6961424864347], [-0.7407385302644814, 37.69556326253914], [-0.7407260176308776, 37.69550461139021], [-0.7405305909374543, 37.69501410448444], [-0.7404029232675948, 37.694713110262406], [-0.7403883247458973, 37.69452137088655], [-0.7403794987982483, 37.69447156508379], [-0.7403727838915115, 37.69442007175687], [-0.7401473022635987, 37.69359887979092], [-0.7401472268051091, 37.69359859972404], [-0.740146058096952, 37.69359654755906], [-0.7401233549747748, 37.69355394255407], [-0.7401645975277826, 37.69354615896526], [-0.740124268561423, 37.69340405892293], [-0.7401201605656296, 37.693111903075845], [-0.7401289263261398, 37.6931064467121], [-0.7400278523819532, 37.6927392238368], [-0.740108419584866, 37.692389591752686], [-0.7401328519639557, 37.691627727482675], [-0.7401356969284634, 37.69162182033176], [-0.7403356574191375, 37.6912066914569], [-0.7403370102819329, 37.69119020820749], [-0.7403071188408484, 37.69118921088116], [-0.740261847343792, 37.69116147909199], [-0.7403327603523316, 37.691014601803914], [-0.7406825032385104, 37.690700500909784], [-0.7408535038410569, 37.6907231530865], [-0.7408711413633684, 37.690777198823426], [-0.7414211348960504, 37.69077426653984], [-0.741525800304766, 37.690773708517355], [-0.7417988953376351, 37.69068314887994], [-0.7426016622148811, 37.69005898989935], [-0.741960653174246, 37.68978105028223], [-0.741785239148693, 37.689735695585675], [-0.7414123358978476, 37.68939728748225], [-0.741175405241661, 37.68926406253539], [-0.7408898918982835, 37.689281928856985], [-0.7404274005624729, 37.689450277833664], [-0.7402505842667843, 37.68933312789728], [-0.7402862231290314, 37.689304856573976], [-0.7399892275196874, 37.68910437369793], [-0.739937298608075, 37.68906915848045], [-0.7396261940588517, 37.68867888107696], [-0.7395274844804922, 37.6885480071348], [-0.7390793167819006, 37.687872129707976], [-0.7390492259148272, 37.687826803701114], [-0.7386967404720431, 37.687272528945144], [-0.7386374013576406, 37.687154255203936], [-0.7385051432966797, 37.68687401206742], [-0.7384500424337828, 37.68688874889907], [-0.7383625707796124, 37.686660694501626], [-0.7382751404479754, 37.68643132637388], [-0.7382766505159628, 37.68621814118415], [-0.7381410911463355, 37.68582859522689], [-0.7381236027443757, 37.68580456879902], [-0.7380534074897501, 37.68582559592268], [-0.7379677064150257, 37.68570286747463], [-0.7379518754047774, 37.68567887228582], [-0.7379320127555221, 37.6856784912405], [-0.7378801188781965, 37.68547875852152], [-0.737928677310866, 37.68546126522113], [-0.7377184886023735, 37.68496631266093], [-0.7375685175606451, 37.68491604829999], [-0.7375655540185206, 37.68490975601061], [-0.7375651668446382, 37.684907966642946], [-0.7374986933102209, 37.68446073498546], [-0.7374964592001396, 37.68444570477342], [-0.7374921913041962, 37.684416982287125], [-0.7374918140117819, 37.68441444857686], [-0.7374064803480036, 37.68422526036607], [-0.7373126099940749, 37.684044464097326], [-0.7371763481418839, 37.68384179513143], [-0.7368314822093806, 37.68330112193463], [-0.7366886743337071, 37.682954046652576], [-0.736635125759628, 37.68286713876875], [-0.7363378597573911, 37.68244574303874], [-0.7362762047861712, 37.68246494329743], [-0.7362622485598983, 37.682441863458344], [-0.7361189816451416, 37.68223283361284], [-0.7361905755766477, 37.68220591463225], [-0.7361781905038317, 37.68218678255665], [-0.7360259772671481, 37.68193308995732], [-0.7359143032026116, 37.68176777315199], [-0.7358919001177316, 37.6817226844245], [-0.7358818839022949, 37.68169673000939], [-0.7358154633685063, 37.6815357167396], [-0.7358075016001651, 37.6815132345165], [-0.7355864109373644, 37.68096622755087], [-0.735574547785729, 37.68092992995673], [-0.735480187849982, 37.6806928060925], [-0.7354448265671378, 37.68064746929974], [-0.7352534243261778, 37.68019034598978], [-0.7352265476311858, 37.680150326148514], [-0.7351396257459724, 37.679952848640184], [-0.735062826975717, 37.67977789530886], [-0.7349049211150601, 37.679285346285326], [-0.7348877282588453, 37.67921115971113], [-0.7347763883675957, 37.67889298046949], [-0.7346575789847475, 37.678820277299884], [-0.734419976388732, 37.67831932529223], [-0.7340677945765336, 37.677247546805845], [-0.73404588466676, 37.67724580133451], [-0.7340458460391849, 37.677245797068565], [-0.7338827964252145, 37.67673519338968], [-0.7338827802555669, 37.67673514290931], [-0.7338806207056112, 37.676728341567205], [-0.7338805820780359, 37.67672821998771], [-0.7338801544799843, 37.67672687265929], [-0.7339304556443229, 37.67672285484749], [-0.7338365376796813, 37.6763294367157], [-0.7337630824388892, 37.676334716565], [-0.7336084482425279, 37.675813224050394], [-0.7337372693491939, 37.67580790079298], [-0.7337175028196948, 37.675738441029665], [-0.7336944789989538, 37.67561626398297], [-0.7336482795421955, 37.67541683194341], [-0.7336252350602213, 37.675335232833284], [-0.7336009293435889, 37.67529515349262], [-0.7335662759331909, 37.67523555276409], [-0.7335595071275283, 37.67517841846794], [-0.7335451250998313, 37.67513176720922], [-0.7333467555255166, 37.67513954633162], [-0.7333028728238726, 37.6749039290736], [-0.7335155408825542, 37.674905602788215], [-0.7334824020317292, 37.67467647062926], [-0.733434298146591, 37.67449970670443], [-0.7333603048149375, 37.674175107404935], [-0.7333539465393819, 37.674104456582654], [-0.7333037136469893, 37.673877894414986], [-0.7332755182251582, 37.67368605424552], [-0.7332719267606626, 37.67348454367685], [-0.7332758847378074, 37.673314577146144], [-0.7332802379736749, 37.673131574992624], [-0.7332904122925673, 37.673091796647775], [-0.7332850780964361, 37.67299749461738], [-0.7332919915308647, 37.67283024167839], [-0.733311109476726, 37.672681340049955], [-0.7333264841428155, 37.67254411610264], [-0.7332629103701621, 37.672534431854984], [-0.7332539020645022, 37.6724806714588], [-0.7332611361974614, 37.67235953284449], [-0.733264681847905, 37.67218473581081], [-0.7332745606210858, 37.67210992922407], [-0.733436418170641, 37.67155630139739], [-0.733557198457221, 37.671181849292125], [-0.733608526395942, 37.67089301040401], [-0.7336537062648278, 37.670606467793945], [-0.7336491509080468, 37.67045663662556], [-0.7334953063308008, 37.670120379677485], [-0.7334061656068234, 37.66994650174262], [-0.7333339024304464, 37.66995041041869], [-0.7329117750952823, 37.669401893945555], [-0.7328937252462698, 37.66839292358136], [-0.7328494167432018, 37.66831860736722], [-0.7340941475536843, 37.66778723569966], [-0.7339012756689396, 37.66767855462179], [-0.7336762935043463, 37.6676430938659], [-0.7326319669522706, 37.66744373852663], [-0.7323593597045587, 37.66719948420132], [-0.7321871643427059, 37.66695920474777], [-0.732155276845071, 37.66668223667602], [-0.7324472886012182, 37.66637993213459], [-0.7328311530951467, 37.666323568953636], [-0.7328960635609478, 37.66632211832805], [-0.73368169507416, 37.666304554379046], [-0.7339665400709637, 37.66619848581596], [-0.7343137793524653, 37.6660088899173], [-0.7345895693311935, 37.665561660950594], [-0.7345414411915336, 37.665432099446605], [-0.7343497757442241, 37.66491612954796], [-0.7337916973739649, 37.66435985677186], [-0.7337128037324447, 37.66407163133439], [-0.7339049821177971, 37.66386598015051], [-0.7341380410351269, 37.663676137225366], [-0.7341909913312057, 37.6634931397487], [-0.7338560850202551, 37.6631338215844], [-0.7333415273305762, 37.663108592411085], [-0.7329130372282374, 37.66312099508456], [-0.7326321807513131, 37.66310327748688], [-0.7319977204290515, 37.663103352865804], [-0.7318696386358635, 37.66309599346586], [-0.7318073880816012, 37.66310200244546], [-0.7313560960424379, 37.66307766500837], [-0.7313508274232947, 37.66306454622759], [-0.7313199981410405, 37.6630424886366], [-0.7312618582775631, 37.66303063706996], [-0.7310952854710432, 37.663032797460104], [-0.7309706217674774, 37.66301618279257], [-0.7307900029032086, 37.66287936551492], [-0.7308846323335513, 37.66283377249992], [-0.7302482029042189, 37.66269809908735], [-0.7298574977393599, 37.66230242414457], [-0.7298311672200698, 37.662280452373835], [-0.7297631521766667, 37.66200189026294], [-0.7297498616020431, 37.66192114185098], [-0.7297113301645421, 37.66178266845637], [-0.7296802682186397, 37.66169442230686], [-0.7296389052913875, 37.661648907500116], [-0.7295536713406203, 37.66164011217278], [-0.72950016229238, 37.661647903376455], [-0.729445188990271, 37.661655909342265], [-0.7294335486208156, 37.66159486898682], [-0.7294057313897292, 37.6615478265974], [-0.7293525259720746, 37.66152175916573], [-0.7292738209767784, 37.661520243021705], [-0.7292038790470677, 37.66151624429844], [-0.7291650466739724, 37.661512751193364], [-0.7291369213207484, 37.66150866286639], [-0.728912486230154, 37.66149003036136], [-0.7288811682644122, 37.66148406107495], [-0.7287578700000679, 37.66146916345775], [-0.7286873423688165, 37.66149463710838], [-0.7286236167808869, 37.66151845095654], [-0.7285675071099162, 37.661513792297974], [-0.7284942818378479, 37.66148018466531], [-0.7284077677877835, 37.66143432340312], [-0.7283005116378055, 37.66137567300156], [-0.7282530419632516, 37.66134853666803], [-0.7281984612248739, 37.661322794156845], [-0.7280616720616202, 37.66125541371902], [-0.7278344854313163, 37.66117948602605], [-0.7278218757796928, 37.661176911698334], [-0.7277055861712028, 37.661150170686355], [-0.7275579354778439, 37.66112228330574], [-0.7275310291384476, 37.66111752435149], [-0.727522127732309, 37.661115706675474], [-0.7274005820811019, 37.66109420817346], [-0.7272848045123576, 37.66108677959364], [-0.727283899908847, 37.66108679097193], [-0.727239601287247, 37.661083949251896], [-0.727113456261801, 37.661088672651275], [-0.7270655706672575, 37.661089274276655], [-0.726846351195211, 37.66105311700979], [-0.7266042318699563, 37.66067969427504], [-0.7262604475090249, 37.66049543210401], [-0.7262856632190503, 37.66045538528411], [-0.7259122694880563, 37.660258629801895], [-0.7257897689277013, 37.66019427434014], [-0.7257916302369873, 37.6601823888947], [-0.7258040925649203, 37.660167131174475], [-0.7258044204499942, 37.660156407032694], [-0.7257841652369741, 37.66013217388012], [-0.7257646816767608, 37.660131798392776], [-0.7257466246412382, 37.66013383441595], [-0.7257328453830938, 37.660143104970096], [-0.7257176404985889, 37.66014996472423], [-0.7254308928700328, 37.66025888083752], [-0.725382971342872, 37.66025676374679], [-0.7251605215290632, 37.66012610279006], [-0.7251610308738173, 37.66010942275728], [-0.7251479433184713, 37.66009605668268], [-0.7251289322720978, 37.66008019162191], [-0.7251109480001069, 37.66007984458034], [-0.7250929996607332, 37.66007830565008], [-0.7248571721357155, 37.65994380984738], [-0.7248606782602535, 37.65992718666583], [-0.7248551212819087, 37.65991277374212], [-0.7248375726928432, 37.65989812897995], [-0.7248168458642804, 37.65988938393702], [-0.7247928662360943, 37.65988892026552], [-0.7247777332168239, 37.65989339768217], [-0.7245435523037195, 37.65975416312623], [-0.7245409543759136, 37.65974100037776], [-0.7245309004312657, 37.65972649923478], [-0.7245192376039159, 37.65971554603773], [-0.7245029340798277, 37.659709270101125], [-0.7244879474859509, 37.65970898066129], [-0.7244668559413998, 37.65971215027607], [-0.7242970824375217, 37.65960382219725], [-0.7242877642130965, 37.659585900369656], [-0.7242989087125209, 37.65956465601833], [-0.7244854681357619, 37.65949553520749], [-0.724521654970372, 37.65948908075202], [-0.7245385046701288, 37.65947748463441], [-0.7245392323055111, 37.65945365519726], [-0.7245262525479833, 37.659436714729964], [-0.7245041000930601, 37.65942555809919], [-0.7244613366922997, 37.65945095991306], [-0.724238775487384, 37.65927499248986], [-0.724273972378526, 37.65925182863226], [-0.7235308320765871, 37.65859252114053], [-0.7234534107738433, 37.658574336648805], [-0.7234627424729915, 37.65836708006573], [-0.723176775480413, 37.657959800618656], [-0.7232189864172919, 37.65760892647053], [-0.7233324409427423, 37.65757654598014], [-0.723368643947, 37.657422262858795], [-0.7235472065675794, 37.657172972415424], [-0.7235413145176507, 37.657120404207205], [-0.7235227580188085, 37.656647949348006], [-0.7235156999556472, 37.656339043245396], [-0.7234736884447575, 37.65624166537848], [-0.7234575250578495, 37.656181745671006], [-0.7231814377367154, 37.65579492233936], [-0.7231382566193381, 37.65568679336848], [-0.7227864224551496, 37.65517809813912], [-0.7226093950553762, 37.65519715396846], [-0.7225291332796768, 37.654867358846836], [-0.7225247827387672, 37.65484948423753], [-0.7225245833127782, 37.65484868698137], [-0.7225881139663043, 37.654842452594245], [-0.7225483024295394, 37.6546635896105], [-0.7224838653758753, 37.65467327334512], [-0.7224837108656746, 37.65465660986738], [-0.7224743782681624, 37.653656674873886], [-0.7231658573564239, 37.65347285044962], [-0.7233371867423747, 37.653068507089735], [-0.7235408599701193, 37.653030383665374], [-0.7235496122559398, 37.65302853805391], [-0.7235506758612367, 37.653018595221255], [-0.72362774861764, 37.652665158661065], [-0.7236648436489822, 37.652535684177415], [-0.7237105328626559, 37.652380027164305], [-0.7235778561867808, 37.652320119987486], [-0.7235744380971251, 37.65231884689457], [-0.7235744084527208, 37.65231883693742], [-0.7238947216318901, 37.65153342405331], [-0.7239166926270995, 37.65147954673963], [-0.7239166926270995, 37.65147950833303], [-0.7238454247840398, 37.651479055277534], [-0.7236790999125522, 37.65147799340642], [-0.7234753880572657, 37.65147669398341], [-0.7231628785429487, 37.651502905054905], [-0.7230582194224796, 37.651291543399424], [-0.7226896343731817, 37.65065725496477], [-0.7225945908195104, 37.650493697799554], [-0.7225539384596289, 37.650206835329065], [-0.7223672999846098, 37.650217170434324], [-0.7223795521067887, 37.65031671482824], [-0.7223335107535196, 37.65032190548884], [-0.7223111319231612, 37.65022013917184], [-0.7217918931125408, 37.65027901531552], [-0.7217509173591709, 37.65028531623153], [-0.7211579879491522, 37.65033668514253], [-0.7211131395585952, 37.65023802698665], [-0.7207086093215064, 37.65036966836868], [-0.7206087885271374, 37.650402150864736], [-0.7204310775094397, 37.65019861404378], [-0.7202347938232186, 37.64999811297992], [-0.7201405282105671, 37.64994264206846], [-0.71997834726749, 37.649779160855594], [-0.7198287418400802, 37.64962128607424], [-0.719768014828562, 37.649400753857165], [-0.7197643757533536, 37.64937266718], [-0.7197413492376544, 37.64934122550896], [-0.7196881285486493, 37.64926747487275], [-0.7194495315176136, 37.64893084241392], [-0.719354459217835, 37.648803827353746], [-0.7193041266124648, 37.648733708586015], [-0.7192703185167355, 37.648711594815346], [-0.719246415245336, 37.64870874764293], [-0.7192010979342276, 37.648719792793706], [-0.7190971341097451, 37.64844239250599], [-0.7190235117823263, 37.64825141479481], [-0.7190186465067464, 37.6482143629068], [-0.719002669969435, 37.64808326253396], [-0.7189861463580911, 37.64794057041165], [-0.7189803890554268, 37.64783891534576], [-0.7191735142650864, 37.64775663368279], [-0.7191167434340854, 37.647657768676375], [-0.7191632608944495, 37.647613261669946], [-0.7199132894779983, 37.647566806466635], [-0.720867709941503, 37.64750711305609], [-0.7220609753710421, 37.64744310573422], [-0.7219754503661154, 37.646221351224135], [-0.7219985900695154, 37.645228318132546], [-0.7221002757664253, 37.644466767654755], [-0.7222014997292605, 37.643708721094725], [-0.7222729939477888, 37.643225582355555], [-0.7223456676542728, 37.64273456192858], [-0.7220085613691638, 37.64253119899634], [-0.7214934018082295, 37.64222041745533], [-0.7204114376423646, 37.64177522469417], [-0.7195212224671729, 37.64121802452801], [-0.7185973105873587, 37.64069666016465], [-0.7184151124847923, 37.64065882843972], [-0.7179052511874054, 37.64029327797808], [-0.7171155997133155, 37.639647304939544], [-0.7167366319359988, 37.63922042257338], [-0.7173028517376521, 37.63919361390075], [-0.7173101191083039, 37.63919527846163], [-0.7179612539588549, 37.639817564094976], [-0.7186805053624479, 37.640474326659444], [-0.7195916997927869, 37.64096717379332], [-0.7205226769223394, 37.6414809428227], [-0.7214525958364444, 37.641984150116436], [-0.7218970490013715, 37.642273337645484], [-0.7221895072202095, 37.642326479018685], [-0.7224821702549524, 37.64220597264186], [-0.7228138543089812, 37.64187642996549], [-0.7230973769856908, 37.641728620017666], [-0.7240606557362069, 37.64106824714621], [-0.7240606422614837, 37.641068222960904], [-0.7240490162650819, 37.6410523417421], [-0.7240544465809693, 37.64103317700597], [-0.7240893712825908, 37.64100045069306], [-0.7242230477834019, 37.640907968033744], [-0.7243746411825216, 37.640810692993426], [-0.7244146431621379, 37.64077035600227], [-0.7244531099209146, 37.640727420478406], [-0.7244687765394608, 37.64069046869235], [-0.72449168537584, 37.64062796424235], [-0.7245113656670844, 37.64056539643069], [-0.7245368364986522, 37.64052477903913], [-0.7245546276328673, 37.64047116902765], [-0.724573798579324, 37.640425291944176], [-0.724572096271891, 37.640375158888354], [-0.7245766103061724, 37.64028018291394], [-0.7245725427345818, 37.64020174194482], [-0.7245605969379132, 37.64011672524811], [-0.7245587778494574, 37.640070443903284], [-0.7245439188163686, 37.63997509408405], [-0.7245117366713191, 37.63991794971971], [-0.7244742436862959, 37.63987611770954], [-0.7244380020544628, 37.63979320124218], [-0.7244146772981276, 37.639710535076006], [-0.7244039559052028, 37.63963838892254], [-0.7243750741704892, 37.639526068642155], [-0.7241602034427582, 37.63936776659846], [-0.7241120753030985, 37.639303890264685], [-0.723982890378708, 37.639143386115464], [-0.7239135691848583, 37.63903285484919], [-0.7238667031781871, 37.63898056474335], [-0.7238373992353045, 37.63893503743657], [-0.7238354480945088, 37.63878726645178], [-0.7238563887220808, 37.63873628577799], [-0.7238739444976897, 37.638690377746286], [-0.7236323866194542, 37.63860759369056], [-0.7242671379958419, 37.63738044751679], [-0.724267777596342, 37.637379212581635], [-0.7244692319853225, 37.637397539557504], [-0.7247375946933157, 37.637421951568875], [-0.7251361924562395, 37.636957348008146], [-0.7259352007823298, 37.63615145282858], [-0.7263883217914169, 37.63573656067182], [-0.7267706268100175, 37.635443849098266], [-0.7272622621885939, 37.63508854260605], [-0.7278444181034229, 37.63471506328838], [-0.7284026617637148, 37.63438617743959], [-0.7292204682354332, 37.633954631491314], [-0.7293724200623615, 37.63388285750299], [-0.7293639741020511, 37.63387509184226], [-0.7291098083688196, 37.63369540008838], [-0.7291089684440334, 37.63369480677788], [-0.7281355387308163, 37.63300659332416], [-0.7281675708572173, 37.632983806857396], [-0.7282735406197183, 37.63290841867514], [-0.7295300061227517, 37.63255774915227], [-0.731134187014415, 37.63227096183246], [-0.7314526002567898, 37.632270638137676], [-0.7314336116683104, 37.63221660670255], [-0.7314260182092125, 37.63219499596715], [-0.73160321449224, 37.63213613821499], [-0.7317418281338655, 37.632090094492845], [-0.7328623452967616, 37.631717885645095]], [[-0.7357046840259789, 37.6581223627702], [-0.7356483363014774, 37.658167891828874], [-0.7355707227592546, 37.65818970551497], [-0.735514552002848, 37.658229412196164], [-0.7354646434023078, 37.65830419579274], [-0.7354624317500538, 37.65837698306798], [-0.7354991755401309, 37.6584942146017], [-0.7354934793229025, 37.65856110826391], [-0.735499387542546, 37.65860783323291], [-0.7355350362862612, 37.65864056387764], [-0.735529993144256, 37.65880651749719], [-0.7355123358590419, 37.658905225429], [-0.7355390688235983, 37.65899022133163], [-0.73557767122797, 37.65904631343948], [-0.735575458677419, 37.65911910069832], [-0.7355742207989521, 37.65915986082095], [-0.7355987061786706, 37.659198202268755], [-0.7356166985355023, 37.65932964144308], [-0.7356211029753377, 37.65942586105207], [-0.7355763848404931, 37.65952577997041], [-0.7355511664355097, 37.659541681418595], [-0.7355606706112342, 37.65956808236647], [-0.7355743941738253, 37.65959128737237], [-0.735578015282725, 37.65960774421878], [-0.7355689800275855, 37.65963378885449], [-0.7355389457543959, 37.65967253897147], [-0.7355317700119148, 37.65970517527443], [-0.7355307737802672, 37.659737928903496], [-0.7355526890799232, 37.659762930942016], [-0.7355417107688286, 37.65985284561891], [-0.7355193193620776, 37.65991140761844], [-0.7354410078288431, 37.65997872669478], [-0.7354298121254845, 37.66000800765065], [-0.7354392156898671, 37.660037684706204], [-0.7354425897620652, 37.660062329645996], [-0.7353913067391324, 37.66012197456225], [-0.7353700094803794, 37.660144507358204], [-0.7353488811048806, 37.66022931196512], [-0.7353184973870202, 37.660279526913996], [-0.73517986667745, 37.66043253683312], [-0.735119797232707, 37.660510037635326], [-0.7350010498336251, 37.66061918576497], [-0.7349674429605123, 37.66063984311955], [-0.7349479558070774, 37.66067060299653], [-0.7349059083635702, 37.660697652107004], [-0.7348683785476328, 37.660711679437846], [-0.734813773554767, 37.660745041362475], [-0.7347695665613042, 37.660775326862726], [-0.7346389371459477, 37.66080067416781], [-0.7345746276530715, 37.66081418589999], [-0.7345245393894785, 37.66083452674143], [-0.7343997921425826, 37.660869817942356], [-0.7342066624413375, 37.66091690556343], [-0.7341376862005733, 37.66094835300036], [-0.7340789588388607, 37.660981636592936], [-0.73392756486573, 37.661147508887325], [-0.7339271157080811, 37.661162247984734], [-0.7339636492923708, 37.66118097586484], [-0.734160021013474, 37.66123063263644], [-0.7342866987398988, 37.661267478910915], [-0.7343416720420413, 37.66128983784121], [-0.734388406894703, 37.66131203818074], [-0.7344183612178509, 37.661343748571596], [-0.7344321341877823, 37.66136531669292], [-0.7344266194302344, 37.66141109266116], [-0.7344172832395005, 37.66144696387636], [-0.7344071520397355, 37.66150903763561], [-0.7344101263616251, 37.66154678407103], [-0.7344598849435168, 37.66160509370319], [-0.7344757177504261, 37.66162670086109], [-0.7344742741577571, 37.66167419334929], [-0.7344937289718634, 37.66171225757812], [-0.7345113727823545, 37.661742092535434], [-0.7345230374063315, 37.66176525774943], [-0.7345446517703599, 37.66180008484833], [-0.7345623961921927, 37.661826644287025], [-0.7345741084268491, 37.66184817173343], [-0.7346057255315912, 37.661893022930556], [-0.7346153788276337, 37.661914511245406], [-0.7346395021862888, 37.66193463915659], [-0.7346635249336021, 37.66195804111769], [-0.7347037811364303, 37.66198995034972], [-0.7347152948434283, 37.662018027276616], [-0.7347309794282832, 37.66204454752511], [-0.7347427419686106, 37.66206443788309], [-0.7347651540366282, 37.66207306177737], [-0.7347997265986541, 37.66208847342144], [-0.7348362601829438, 37.662107201067876], [-0.7348602847269181, 37.662130604396864], [-0.734878178269069, 37.662152250513984], [-0.7348839104188811, 37.662167108170735], [-0.7348976851854401, 37.66218867534175], [-0.734913468585009, 37.6622119207741], [-0.734931360330499, 37.66223356615642], [-0.7349285036878958, 37.66225973005179], [-0.7349214770657663, 37.662287452023], [-0.7349165111788781, 37.66231521380714], [-0.7349477303299392, 37.66237316727134], [-0.7349703912312862, 37.66237360248216], [-0.7350032021970373, 37.66237914928657], [-0.7350025060026868, 37.66240207607371], [-0.7350202504244862, 37.662428636719305], [-0.7350403035165927, 37.66244704640564], [-0.7350623679366003, 37.6624671336382], [-0.7351052310503717, 37.662481066765814], [-0.7351664862712833, 37.662500269346424], [-0.7352029210408924, 37.66252227163055], [-0.7352600556895845, 37.66254139526542], [-0.7353252320567264, 37.66256722624493], [-0.7353761368889143, 37.66258786741265], [-0.7354334700652985, 37.66260044013241], [-0.7355466775540471, 37.66260589234002], [-0.7355840070456651, 37.66259841484375], [-0.7356339964946108, 37.662581350646875], [-0.7356633354717803, 37.66256552736266], [-0.7357014626673875, 37.66253184767115], [-0.7357263334243275, 37.6625274102368], [-0.7357390912980055, 37.662514545231275], [-0.735786822382315, 37.662503992099246], [-0.7358138023835732, 37.662497955337216], [-0.735845101484676, 37.66248544660162], [-0.7358787604600537, 37.66246315132183], [-0.7358955886002804, 37.66245200439054], [-0.7358983455299059, 37.662429116019766], [-0.735898993215213, 37.662407826258736], [-0.73592647088313, 37.66238541219715], [-0.7359560092862882, 37.662363038663145], [-0.7359708782008787, 37.66234857643337], [-0.7359961460132026, 37.66233103572249], [-0.7360170453182748, 37.662321605437526], [-0.7360373472437106, 37.66233182649813], [-0.736051668185938, 37.66233537929952], [-0.7360745294116045, 37.662329263588475], [-0.7360911581258421, 37.66232466756016], [-0.7360873860999633, 37.66231312379795], [-0.7360836634814247, 37.66229994301379], [-0.7360984344796315, 37.66228875694589], [-0.7361192331734289, 37.66228260140771], [-0.7361386206138861, 37.662255115529845], [-0.736161480042925, 37.66224900052328], [-0.7361784591000973, 37.66223293965076], [-0.7361829273203266, 37.66222155445626], [-0.7362226166862197, 37.66220429176734], [-0.7362684855629461, 37.66218714712213], [-0.7362980724751144, 37.66216313508303], [-0.7363014465473459, 37.66218778002836], [-0.736311598408344, 37.662192890923635], [-0.7363201872007928, 37.662181585369645], [-0.736336866220668, 37.66217535088711], [-0.7363595774276857, 37.66217414907622], [-0.7363602233163654, 37.662152857819784], [-0.7363606212700463, 37.66213975665387], [-0.736375043721946, 37.66214003257272], [-0.7363938319861058, 37.66213220017509], [-0.736395025847115, 37.66209289523718], [-0.7363954732081361, 37.662078157035644], [-0.7364181844151205, 37.662076953800955], [-0.7364370238832818, 37.662067483660294], [-0.7364640029862096, 37.66206144757396], [-0.7364787218821179, 37.66205189778458], [-0.7364772091192059, 37.66203384356626], [-0.7364776079711839, 37.66202074237934], [-0.7364925262931146, 37.66200464163398], [-0.7364948843707286, 37.66199485431907], [-0.7366390999064539, 37.661861614295034], [-0.7366968606808896, 37.66179226165957], [-0.7367360020744531, 37.66179301332859], [-0.7367835328344431, 37.661789008219806], [-0.7368423096034962, 37.66175408653478], [-0.7368674067359048, 37.661674274418736], [-0.7368785530319567, 37.661646629732324], [-0.7369037723352372, 37.66163072873501], [-0.7369145197792777, 37.6616161867153], [-0.7369255169550115, 37.66159345667019], [-0.7369259643159993, 37.661578716947254], [-0.7369200830458357, 37.661568770992766], [-0.7369268105289984, 37.661550875951555], [-0.7369313775639086, 37.661536215867514], [-0.7369215742492173, 37.66151964139982], [-0.7369157926920314, 37.66150642065111], [-0.7369103084772516, 37.66148337411628], [-0.7369108061439102, 37.66146699662192], [-0.7369362733822231, 37.66144290612467], [-0.7370506998847995, 37.661340227724], [-0.7371483476544898, 37.661247059962754], [-0.7372747361233825, 37.66115772086478], [-0.7372881407840373, 37.66112356620369], [-0.7374491530189573, 37.66104799963578], [-0.7375781690600601, 37.661007870621525], [-0.7376503702527041, 37.661005978984086], [-0.737670869807468, 37.66100964918731], [-0.7376971536143757, 37.66102654164918], [-0.7377196653954046, 37.66103188872345], [-0.7377180529194478, 37.66101711048739], [-0.7377347319393565, 37.66101087448475], [-0.7377966330489476, 37.66100878586109], [-0.737869231296942, 37.66100053945952], [-0.7381866887318385, 37.66105841928023], [-0.7384782603134745, 37.66111062344053], [-0.7386218119942114, 37.661103019921725], [-0.7386666028925875, 37.661129773751234], [-0.7387315528842608, 37.661136198196175], [-0.7387906216057706, 37.66112179404091], [-0.7388355688110082, 37.6611433721827], [-0.7389260929405157, 37.66116582430969], [-0.739029950763774, 37.66117817397231], [-0.7390694865177299, 37.661163395765314], [-0.7391152188505308, 37.66115909336586], [-0.7391404776796836, 37.6611854724043], [-0.7392640256756543, 37.66119302115688], [-0.739614510570269, 37.66123599391877], [-0.7396993079398468, 37.66123244035368], [-0.739757748738952, 37.66123873962909], [-0.7398485854821827, 37.66125083895839], [-0.739962014854781, 37.66128327687085], [-0.7401997135705525, 37.66129948728809], [-0.7402817863498337, 37.661251536586335], [-0.7403301031357173, 37.66122915631032], [-0.7403522537939796, 37.661223754492525], [-0.7403956720666242, 37.66124206634038], [-0.7404179098614716, 37.661233753117564], [-0.7404197648825445, 37.66117261214422], [-0.7404702879307662, 37.66107744515465], [-0.7404973371022675, 37.66103135181152], [-0.740467644188875, 37.66092299650084], [-0.7404662760546955, 37.660847227052855], [-0.7404936782641229, 37.66078948858515], [-0.7404994589229784, 37.66071968337121], [-0.7404989756293399, 37.6606148001299], [-0.740460414547468, 37.660436356405675], [-0.7404354413825588, 37.66029313261266], [-0.7404072037399309, 37.66025763277093], [-0.7404080858855473, 37.66022851903358], [-0.7404128945672432, 37.66019073921502], [-0.7404144845853057, 37.660138331730046], [-0.7404056164168263, 37.660068246421574], [-0.7403881001670897, 37.66004169204292], [-0.74037870289092, 37.659989074663], [-0.7403589363613876, 37.65991586654373], [-0.740356863948017, 37.65986338988289], [-0.7403478188114428, 37.65979912581728], [-0.7403303914949189, 37.659769660590165], [-0.740306785565892, 37.65970220407146], [-0.7402657532186718, 37.65960528362143], [-0.7402566191488515, 37.6595439315159], [-0.7402170411740653, 37.65951986812972], [-0.7401746829134623, 37.65946661816166], [-0.7401107938321612, 37.65939839047313], [-0.7400687895077812, 37.65933349591908], [-0.740037242471613, 37.659286279996394], [-0.7400094450034627, 37.65923622225292], [-0.7399778979673277, 37.65918900769068], [-0.7399211567807308, 37.65912674353414], [-0.7398386914376514, 37.659066899404515], [-0.7398209092866074, 37.659049078432076], [-0.7397883929682373, 37.659033888750365], [-0.7397671262522191, 37.659010176512425], [-0.7397679203629198, 37.65898397306899], [-0.7397324458923413, 37.658945422429035], [-0.739682587597472, 37.658897854945465], [-0.7396798082099523, 37.65886866955865], [-0.739626641419873, 37.65880938632857], [-0.7395867104071941, 37.65879696871144], [-0.7395505298607971, 37.65878170928414], [-0.7394600344773968, 37.65874501609836], [-0.7393747017119154, 37.65865889769765], [-0.739284032055345, 37.658628027467785], [-0.7392441881792513, 37.65861269688928], [-0.7391905812146607, 37.65856797100893], [-0.7390633752788425, 37.65853348659788], [-0.738969395330468, 37.65849090056828], [-0.7388822084422443, 37.65846592228102], [-0.7387659898006917, 37.658431649039], [-0.7386534335905054, 37.658397445475586], [-0.7384788864392516, 37.658353312579074], [-0.738300498990106, 37.658314933003034], [-0.7382059890357106, 37.658289815267686], [-0.7381218474363139, 37.6582852872614], [-0.7378845996748186, 37.658254517150965], [-0.7376506631034913, 37.65823546210628], [-0.7375268554943927, 37.65820978109846], [-0.7374644225821531, 37.658214408672904], [-0.7373766185513234, 37.65820981096753], [-0.7371316946857304, 37.658190545405425], [-0.7368496191949447, 37.6581880435133], [-0.7367725347604123, 37.658192389466286], [-0.7367144712537214, 37.65817379595439], [-0.7366031915495773, 37.658218271029675], [-0.7365409338088049, 37.65821707697761], [-0.7364090081245035, 37.65821745674162], [-0.7363098637615489, 37.65822429249402], [-0.736254753915481, 37.658229060167734], [-0.7361824826542634, 37.658195628129135], [-0.7361239771764339, 37.658191590823655], [-0.7360664427774333, 37.658155528864505], [-0.7359386214956701, 37.65814142068853], [-0.7359013809372313, 37.658161098030334], [-0.7358108873504586, 37.65812440311552], [-0.7357486296096863, 37.658123206928394], [-0.7357046840259789, 37.6581223627702]], [[-0.738945420193834, 37.74462056610024], [-0.7386134253227096, 37.74469396693341], [-0.7381480773442958, 37.74478864801904], [-0.7380076248513119, 37.74488109213033], [-0.737793501521866, 37.74499522838737], [-0.7376214175510866, 37.74516197047395], [-0.7371588085359562, 37.74565917415579], [-0.7367586315347684, 37.74611282798468], [-0.7365550086126945, 37.74634168964394], [-0.7365700571903377, 37.746370302895386], [-0.7369718682270124, 37.74644208245756], [-0.7374765615165643, 37.74654896960612], [-0.7381088928316049, 37.74668101686299], [-0.7381890234532614, 37.74670305881161], [-0.7384949537064033, 37.74672005108887], [-0.7386949402482266, 37.74672069108718], [-0.7387759287609779, 37.74670451070605], [-0.7387052870436617, 37.74636639966835], [-0.7384603308387399, 37.74640914265663], [-0.738418104630477, 37.74628199188993], [-0.7386762714599806, 37.74623223082065], [-0.7386662184136297, 37.74619667693024], [-0.7394040909947558, 37.74605165043617], [-0.738945420193834, 37.74462056610024]], [[-0.7409451122370942, 37.66857458852213], [-0.740871295873569, 37.66861169495778], [-0.7408143588542383, 37.66866288408873], [-0.7407711768385304, 37.66871708669077], [-0.7407119491152345, 37.66872971028028], [-0.7406704361693003, 37.66872891388426], [-0.740618793820262, 37.66871967000082], [-0.7405707770717089, 37.668704990711646], [-0.7404808305589352, 37.6687032677935], [-0.7404011796376286, 37.668704492252864], [-0.7403038965839266, 37.66871638486661], [-0.7402583394226264, 37.66873477308361], [-0.7401545552611968, 37.66873278351569], [-0.7401244203766991, 37.66869918697324], [-0.740067984617282, 37.66873387571593], [-0.7400377230702934, 37.66881859371483], [-0.7399984172850611, 37.668859112437545], [-0.739941981525644, 37.668893801105476], [-0.7398777915086817, 37.66895585512707], [-0.7397585823755585, 37.669005850142106], [-0.7394882415773235, 37.66901717598864], [-0.7394191350808135, 37.66901309874099], [-0.7393629472564286, 37.66903953756205], [-0.739271832933795, 37.669076310276026], [-0.7392154789210804, 37.66910824844589], [-0.7391011027241413, 37.6692271226541], [-0.739064337374534, 37.66929795801885], [-0.7390519558949732, 37.669363757576356], [-0.7389987271211272, 37.66940676187214], [-0.7390585782752421, 37.66948770408207], [-0.739085754109201, 37.66950473398247], [-0.7391885752766422, 37.66965253842123], [-0.7393545039910764, 37.66977403627235], [-0.7394933395165515, 37.66987575374577], [-0.7395656565918544, 37.6698881460448], [-0.7397008665168442, 37.66999529725023], [-0.739799023631322, 37.67006871941127], [-0.7398396193973196, 37.670099764069235], [-0.7398596257770104, 37.6701249126503], [-0.7399070586206501, 37.67015884060965], [-0.7399541581892999, 37.670203767845244], [-0.7400054663650848, 37.670224012965654], [-0.7400183041888044, 37.67025727675593], [-0.7400420197123105, 37.67027424106285], [-0.7400764485439009, 37.67028040304879], [-0.7401302172052356, 37.67033371352061], [-0.7402081173100324, 37.67039023790916], [-0.740231750188539, 37.67040995182303], [-0.7402583430158814, 37.670446232521414], [-0.7402886440887424, 37.670474327581225], [-0.7403532913481606, 37.670511337075176], [-0.7404047684071997, 37.67052608142377], [-0.740434030129252, 37.67047436242269], [-0.7404383231779806, 37.67044692935182], [-0.7404632900546769, 37.67042264409667], [-0.7405057228754388, 37.67039319090806], [-0.7405417363351757, 37.670347104771764], [-0.7405576607702223, 37.67027862114982], [-0.7405844629050553, 37.67019383797851], [-0.7406133913521513, 37.67015311946726], [-0.7406261887516682, 37.67007356951775], [-0.7406417790134278, 37.67001608638508], [-0.7406744992493388, 37.66996443315679], [-0.7407067200219636, 37.66992928066942], [-0.7407408586976914, 37.66983087964097], [-0.7407609072982123, 37.669740463666216], [-0.7407760816399825, 37.669696729306565], [-0.7407872944113528, 37.66966942891622], [-0.740791503018488, 37.66964474592459], [-0.7407958805088437, 37.66961456288028], [-0.7408066755636306, 37.669601011508526], [-0.7408241406093657, 37.66959584281643], [-0.740860070525806, 37.669552507276244], [-0.7409947019357317, 37.669450529111444], [-0.741047594739663, 37.66941852424915], [-0.74116134121757, 37.669434460553354], [-0.7413127271058937, 37.669464877609926], [-0.7413335680204879, 37.66946252399845], [-0.7413445301619015, 37.669443473252876], [-0.741345697073431, 37.66940497355268], [-0.7413397789723529, 37.66937184305993], [-0.7412890529048874, 37.66933234925775], [-0.7412757982628811, 37.669312834866126], [-0.7412836351653925, 37.669282717815655], [-0.7412625876382993, 37.669177756368335], [-0.7410914882210721, 37.66899837897908], [-0.741052144706595, 37.66892608422091], [-0.7410710254972226, 37.66887416713936], [-0.7410932839533365, 37.66882506655792], [-0.7410911585393707, 37.6687810010125], [-0.7410756958383989, 37.66872017130377], [-0.7410564395519512, 37.66867027422374], [-0.7410082575133655, 37.668661095751354], [-0.7409919611758208, 37.66862776511622], [-0.7409969207744956, 37.66857833301341], [-0.7409451122370942, 37.66857458852213]], [[-0.748892223688077, 37.66495725626181], [-0.748859306721135, 37.66497640344683], [-0.7488014677932516, 37.66499705105567], [-0.7487513265290298, 37.665009935541875], [-0.7487186485139491, 37.66502117666577], [-0.7486881578965674, 37.66504234621192], [-0.7486297233856418, 37.66508275748638], [-0.748604204045064, 37.66510402230275], [-0.7485692191563372, 37.6651092865954], [-0.7485341147916629, 37.66511850248435], [-0.7484710638384868, 37.665146961512036], [-0.7484455462945366, 37.66516822702113], [-0.7484100835020537, 37.66518930123772], [-0.748419967665117, 37.66519146725384], [-0.7484091276945753, 37.665220922506805], [-0.7483535956403717, 37.66524754614286], [-0.748315527733573, 37.665272526414974], [-0.7482797065132816, 37.66530545962943], [-0.7482264804343938, 37.66533806003428], [-0.7481760409295022, 37.665360827332144], [-0.74811571546492, 37.665381426479286], [-0.7480526654100743, 37.66540988398395], [-0.7479995013149194, 37.665440508908816], [-0.7479590654490385, 37.665461487760794], [-0.7478906246041778, 37.66550368508723], [-0.7478088572520764, 37.66557529056956], [-0.7476919244498647, 37.665658087233446], [-0.7476938728957023, 37.66567592155237], [-0.7477109759204075, 37.66568613575124], [-0.7477380861773447, 37.665694562962074], [-0.7477623505714773, 37.66571480220157], [-0.7477763103910051, 37.66574670910758], [-0.7478029418459229, 37.66577094682721], [-0.747893973523557, 37.66580432567764], [-0.7479129675019189, 37.66583435027501], [-0.7479397777215591, 37.66585265885224], [-0.7479679381091034, 37.66590856657895], [-0.7480226338318093, 37.66590961188849], [-0.7480924859299768, 37.66590303639347], [-0.7481336754823893, 37.66593941742612], [-0.748175940318194, 37.66594022522963], [-0.7482002648994655, 37.66595848755961], [-0.7482425899223757, 37.66595731780924], [-0.7482821894567255, 37.66596400636346], [-0.7483338021613932, 37.66598476747267], [-0.7483722671235423, 37.666029006763004], [-0.7484268424720039, 37.66603400290768], [-0.7484687497783306, 37.666046668908145], [-0.7484930141724632, 37.666066906629425], [-0.7485442684492886, 37.666099525188294], [-0.7486013312327797, 37.66610456968257], [-0.7486711222455112, 37.66609997033253], [-0.7487001216595113, 37.66612820925627], [-0.7487419687787324, 37.666142849945025], [-0.7487815072276464, 37.666151515319974], [-0.748816254062809, 37.66615415631786], [-0.7488554969660114, 37.6661727030322], [-0.7488873988366999, 37.66618715456161], [-0.7489043239949462, 37.66620329706534], [-0.7489492541322057, 37.666198222000766], [-0.7489916393422549, 37.66619507684009], [-0.7490286337622889, 37.66620567069072], [-0.7490807845577844, 37.66620864376666], [-0.7491553689808946, 37.66621006808404], [-0.7491975161373795, 37.66621482742296], [-0.7492774311633995, 37.66620448814458], [-0.74932230111352, 37.66620138991626], [-0.7493826867652079, 37.66617881273786], [-0.7495536577233503, 37.66611879794212], [-0.7496849689600038, 37.66605406997004], [-0.7497846163795329, 37.66596698584894], [-0.749898643131801, 37.66589797268592], [-0.7500184783907011, 37.66580138671811], [-0.750047676332393, 37.665740642032134], [-0.7500691775087206, 37.665687659632276], [-0.7500724994786537, 37.66566003919558], [-0.7500759993149786, 37.66562648890575], [-0.75009459623799, 37.665587294616046], [-0.7500876953799875, 37.66548631151907], [-0.7500146237198227, 37.66535242639416], [-0.7499154982214737, 37.665257592580836], [-0.7498724177154046, 37.665201401345335], [-0.7497971972850828, 37.66513866365971], [-0.7496874698697563, 37.66506537955306], [-0.7496186930549812, 37.665036382900034], [-0.7495441086319043, 37.66503495856013], [-0.7495339253298411, 37.665042674030545], [-0.7495065779176365, 37.66504215208073], [-0.7494570942202234, 37.66503329813387], [-0.7494105740649013, 37.66500867973299], [-0.7493821136400598, 37.66496265425239], [-0.7493551237573669, 37.66495027464198], [-0.7493103732831602, 37.66494942060589], [-0.7492508248613005, 37.66494432767805], [-0.7491539253882257, 37.6649405012264], [-0.7491240905410251, 37.66493993092081], [-0.7490862615860876, 37.664957006664295], [-0.7490258768326968, 37.66497958350323], [-0.7489711829066185, 37.66497853889171], [-0.748914478550936, 37.66496163666257], [-0.748892223688077, 37.66495725626181]], [[-0.7685262534920828, 37.69029016661281], [-0.7683948721868222, 37.6903200832037], [-0.7683002652143737, 37.69034745561205], [-0.768197023635391, 37.69039086644238], [-0.7681024166629423, 37.690418236692], [-0.7680572008614057, 37.69043034192682], [-0.7680453475912381, 37.69046453783615], [-0.7680438087771769, 37.69046897359997], [-0.7680361093168546, 37.69047284565189], [-0.7679817082415632, 37.690500200232336], [-0.7679109713028214, 37.690547466671575], [-0.7677293265625006, 37.69062179474266], [-0.7675687374341137, 37.69067383948936], [-0.7673785524103539, 37.69076096641095], [-0.7672698742272707, 37.690849637209205], [-0.767215825291575, 37.69088425801682], [-0.7671461573480458, 37.690895898986994], [-0.7670721199989344, 37.69091717986421], [-0.7670143861739449, 37.69093876782471], [-0.7669282197718905, 37.69095657687444], [-0.7667963524781005, 37.69100268433003], [-0.7665728830764192, 37.69111186154112], [-0.7665701270451243, 37.691130905301314], [-0.766566922754511, 37.69113210308897], [-0.7665343381642284, 37.69114788900451], [-0.7665236383308673, 37.69119872208921], [-0.7665118479427632, 37.691209435347474], [-0.7664860851587388, 37.69122717395785], [-0.7664390897946523, 37.691264560514156], [-0.7663900202205676, 37.69129461532798], [-0.7662555307444501, 37.6913431032141], [-0.7661832091775281, 37.69138365441975], [-0.7661503506010643, 37.69140854841052], [-0.7661000224872795, 37.69148050280168], [-0.7660485517164534, 37.691514159402736], [-0.7660106149636975, 37.691555362363545], [-0.7659518840087298, 37.69160163791802], [-0.7656781179343289, 37.69139959809057], [-0.7656593413482312, 37.69141382363228], [-0.7659240479130044, 37.69161204758577], [-0.7659027048401659, 37.69163533782589], [-0.7658225769134673, 37.69170672687306], [-0.7657155947496375, 37.691755734119035], [-0.7655285978468434, 37.69179593322983], [-0.7652225597958497, 37.69182840897172], [-0.7649626430481669, 37.69185264314777], [-0.7648249888073083, 37.69185367813997], [-0.7648039754161714, 37.691866038334226], [-0.7648037562272463, 37.69187332592885], [-0.7648443627730425, 37.69189596779547], [-0.7649256872557082, 37.69193760913579], [-0.7650067350572679, 37.69198835851031], [-0.7650060783887896, 37.69201021841253], [-0.7650282919291489, 37.69203433523983], [-0.7650399718244766, 37.692027265890324], [-0.7650454883786186, 37.69199638466073], [-0.7650592424839445, 37.69199664482998], [-0.7650866411001168, 37.69200081038111], [-0.765129650639282, 37.6920198517805], [-0.7651792627957801, 37.69204813344225], [-0.7652321484132013, 37.69212022156233], [-0.7653041331118448, 37.69224370638997], [-0.7653918913285892, 37.692376604683666], [-0.7654383315338362, 37.69251054198727], [-0.7654529525133944, 37.692634762593954], [-0.7654426874646618, 37.69267102176164], [-0.7654165419983071, 37.6927015117493], [-0.7654134293358644, 37.69272879300215], [-0.765394488358098, 37.69274848392026], [-0.7653687785746355, 37.6927644002858], [-0.7653634273104926, 37.69278981698927], [-0.7653788747401138, 37.69281015901804], [-0.7653683366035302, 37.692855526761804], [-0.7653531604651326, 37.69290262891827], [-0.7653382565162554, 37.692940623816185], [-0.7653141295643453, 37.69298026498966], [-0.7653084504151286, 37.69301661142113], [-0.7652936569590277, 37.69305096252144], [-0.7652628698976037, 37.69308318678905], [-0.7652390699324706, 37.693111898100035], [-0.7652148872850071, 37.69315336175988], [-0.7651399435357912, 37.6932047990998], [-0.7650420199833254, 37.69325762394977], [-0.7650138542058985, 37.69327896172668], [-0.7649803919615518, 37.69332389415432], [-0.7649415784530955, 37.69339424447274], [-0.7649187594482258, 37.69346671868692], [-0.7649063671888999, 37.693497469222166], [-0.7649076194403871, 37.69353212504589], [-0.7649340361979653, 37.693569079677225], [-0.7649422746474126, 37.693600221837116], [-0.7649409065132332, 37.693645762539816], [-0.7649353926540492, 37.69367664308252], [-0.764895052907891, 37.69372144660922], [-0.7648823327634575, 37.69376312673078], [-0.7648598946442907, 37.693822850474206], [-0.7648528150215324, 37.693903161133605], [-0.764857875231549, 37.69392438072759], [-0.7648746818121785, 37.69393375226276], [-0.7648988554764711, 37.693950808539135], [-0.7649002092376304, 37.69396894029128], [-0.7648972241359421, 37.69400509502601], [-0.7648943288657636, 37.69403823442205], [-0.7648934691780414, 37.69406688565387], [-0.7648926076936916, 37.69409553829629], [-0.7648917021918841, 37.69412569716476], [-0.7648963994825067, 37.694158980093384], [-0.7648975277664943, 37.69418465150465], [-0.764924004711178, 37.694188171504756], [-0.7649523357786041, 37.69419323541411], [-0.7649576663815137, 37.69420540756098], [-0.7649627706089548, 37.694225119411655], [-0.7649658410506006, 37.6942493186849], [-0.7649821499645715, 37.69427527794825], [-0.7649773592491508, 37.694308380971535], [-0.7649958375945454, 37.69432532911667], [-0.765000897804562, 37.69434654858983], [-0.7650059122004599, 37.69436927642155], [-0.765022175300379, 37.69439674400701], [-0.7650484716836794, 37.694406296031254], [-0.7650830343642372, 37.694456741617095], [-0.7651243281212129, 37.69453598464825], [-0.7651480930520593, 37.69456661176818], [-0.7651736195791806, 37.69460179949636], [-0.7651759201646138, 37.694651633644426], [-0.7651710827368107, 37.694686246279595], [-0.7651666091266986, 37.69470879345919], [-0.765148940163389, 37.69472807370913], [-0.7651258947830841, 37.69473668883169], [-0.7651234082463851, 37.6947562569558], [-0.7651168110189348, 37.694786308932855], [-0.7650945768173424, 37.69483115159489], [-0.7650933074978437, 37.69487337557874], [-0.7650922214346528, 37.694909566834944], [-0.7650910437433248, 37.69494877406846], [-0.7651015702018127, 37.694977641747435], [-0.7651236193504697, 37.69500220044803], [-0.7651492357091007, 37.69503437197812], [-0.7651747631345189, 37.69506955948432], [-0.7651795960707699, 37.69509831907232], [-0.7651784641934937, 37.69513601785704], [-0.7651753883619654, 37.69517518943007], [-0.7651724041586078, 37.69521134499827], [-0.7651560440406355, 37.69525026490342], [-0.765142126441938, 37.69527112444024], [-0.7651318173757476, 37.69536145883351], [-0.7651129258053215, 37.69542145353054], [-0.7651039776867672, 37.69546654956816], [-0.7650575204135419, 37.69555921589352], [-0.7650356446397583, 37.695655366493], [-0.7650376748322985, 37.6957142492465], [-0.7650551569460453, 37.69576437336766], [-0.765075983487586, 37.695829647621984], [-0.7650995669587186, 37.6958663068338], [-0.76511208138895, 37.69589219302864], [-0.7651561338721786, 37.69594282099174], [-0.7652149142344867, 37.69600881513591], [-0.7652381365828863, 37.69605753805936], [-0.7652372759968336, 37.6960861892217], [-0.7652366426845799, 37.69610730085928], [-0.7652515071075848, 37.69611814561823], [-0.7652592308223953, 37.696177135335745], [-0.765258008215279, 37.69621785093681], [-0.7652610328428395, 37.696243558597054], [-0.7652622967724556, 37.69626470644086], [-0.765267446813982, 37.69628291012916], [-0.7652800977881054, 37.696304274045985], [-0.7652852478296317, 37.696322477013815], [-0.7652754418200161, 37.696332852611036], [-0.7652824891034121, 37.69635109324442], [-0.7653099595847855, 37.696384808053004], [-0.7653181351522029, 37.6964287185971], [-0.7653546867028012, 37.696476185257545], [-0.7653990562913051, 37.69651625670816], [-0.7654466777811353, 37.69657449621385], [-0.7654771755850271, 37.696633917734914], [-0.7654686317083667, 37.696665442439674], [-0.7654620335826192, 37.69669549293203], [-0.7654614892035447, 37.69671358918385], [-0.7654772115176445, 37.696759152141496], [-0.7654877370778352, 37.69678801911561], [-0.7654868782884101, 37.69681667141729], [-0.7654822205236598, 37.69684525120644], [-0.7654549288070421, 37.69686887458881], [-0.7654736344262024, 37.69687828271331], [-0.7654986677782171, 37.696866685330235], [-0.7655098733630774, 37.69687293466808], [-0.76550734191059, 37.696894009120136], [-0.7654970822517401, 37.696919465634316], [-0.7654905739575024, 37.69694650011012], [-0.7655071110435694, 37.69696492042422], [-0.7655390120159274, 37.696977595360465], [-0.7655882181339375, 37.69698305499334], [-0.7656469589703733, 37.696987186146046], [-0.7657076886768496, 37.69698833763731], [-0.7657642600818616, 37.69700148027391], [-0.7657889314128127, 37.697001948689135], [-0.7658788033654275, 37.69704439036208], [-0.765917389600118, 37.697087368661784], [-0.7659186535297342, 37.69710851697565], [-0.7659182456945852, 37.69712208891163], [-0.7659042813835054, 37.697144456229985], [-0.7659079429166079, 37.69714905294481], [-0.7659463962006615, 37.69713318372222], [-0.7659534883998125, 37.69714991585057], [-0.7659525837963355, 37.69718007560908], [-0.7659519495857513, 37.69720118622437], [-0.7659531236838244, 37.69722535040815], [-0.7659411491410819, 37.69724473875525], [-0.7659480607788831, 37.69726750194913], [-0.7659475163998086, 37.69728559735052], [-0.7659564627217356, 37.697303873289165], [-0.7659577715671065, 37.697323512525934], [-0.7659611150965698, 37.69733866451698], [-0.7659491854696158, 37.697356543819765], [-0.7659483697993513, 37.6973836875984], [-0.7659628722012926, 37.69740659504061], [-0.7659884912548814, 37.69743876694896], [-0.7659935065491099, 37.697461493832854], [-0.7660269867597319, 37.69748476091192], [-0.7660644905245536, 37.697500559690866], [-0.7661423915276474, 37.697499019404226], [-0.7662369643641398, 37.697511372971114], [-0.7663048320838524, 37.69752774748583], [-0.7664312169594901, 37.69755579390714], [-0.7665383509385961, 37.69759252689855], [-0.7666077098616905, 37.69762250877923], [-0.7666727757360227, 37.69766900728945], [-0.7667219342433199, 37.69773934495569], [-0.7667438028305936, 37.697769936634494], [-0.7667638190917524, 37.69779898304472], [-0.7667781418306409, 37.697827922825255], [-0.7667758367536222, 37.69784145766851], [-0.7667621446320628, 37.69785477785106], [-0.766758032144684, 37.697865261984546], [-0.7667732145713281, 37.69786554914316], [-0.7668001011477548, 37.697855497169286], [-0.7668486748518083, 37.69788206786971], [-0.7668863591779798, 37.69789183410303], [-0.766937238857349, 37.69790486925043], [-0.7669987806408346, 37.69794224675354], [-0.7670614057925532, 37.69800680546], [-0.7671149956891321, 37.69805610351856], [-0.7672111926796767, 37.69814091171147], [-0.767249327960091, 37.6981989694014], [-0.7672631072182355, 37.69824600419278], [-0.7672833956689483, 37.698266003547886], [-0.767320220307364, 37.69830442216814], [-0.7673477833152386, 37.69833512023135], [-0.767373403267158, 37.69836729173682], [-0.7674118089404988, 37.69841630097763], [-0.7674166427750467, 37.69844506068904], [-0.7674123048105298, 37.69846308472475], [-0.7673891237846301, 37.698476224967585], [-0.7673888524934066, 37.698485273232066], [-0.7674115358526478, 37.69848871981741], [-0.7674283909423205, 37.69849658391658], [-0.7674452891511206, 37.69850293902357], [-0.7674507562979559, 37.69851058704341], [-0.7674692831523604, 37.69852602594789], [-0.7674896156204974, 37.69854451765855], [-0.7674832887859735, 37.69856552055722], [-0.767473302214941, 37.69858192895662], [-0.7674614624194966, 37.69859679282391], [-0.7674606485458597, 37.698623937570055], [-0.7674734809796968, 37.69863926841217], [-0.7674892509045093, 37.69861995221868], [-0.7675011814297938, 37.69860207179903], [-0.7675163647547351, 37.69860235966558], [-0.7675372398052855, 37.69860275486017], [-0.7675540041651182, 37.69861363479314], [-0.7675742018859908, 37.69863664918324], [-0.7676073685845926, 37.69867047241279], [-0.7676065538126251, 37.69869761571032], [-0.7676058746862526, 37.69872023630204], [-0.767608946026229, 37.69874443481895], [-0.7676313589925436, 37.69875692962357], [-0.7676439192368603, 37.69878130937737], [-0.7676606377826076, 37.698793696848014], [-0.7676713457008093, 37.698816532776604], [-0.7676781684053978, 37.698842311324476], [-0.7677082628657262, 37.6988519345647], [-0.7677721106245277, 37.69887577622756], [-0.7678264703773192, 37.698899438055726], [-0.7678808741475684, 37.698921592315145], [-0.7678972315705828, 37.698946043092604], [-0.7679022001523952, 37.69897027849626], [-0.7679205006313645, 37.69899325794757], [-0.7679122307408521, 37.699015734161165], [-0.7679325182932343, 37.69903573330862], [-0.7679811387096702, 37.69906079460611], [-0.7680827642194412, 37.69909138716117], [-0.7681424096593876, 37.699128728527164], [-0.7681626972117698, 37.69914872764419], [-0.7681641884151181, 37.69916233545624], [-0.7681733602141831, 37.69917307101953], [-0.7681961352015615, 37.69917350246063], [-0.7682150231787326, 37.69917687793633], [-0.7682297088370151, 37.69919375389102], [-0.768244439411019, 37.69920912086487], [-0.7682826232005101, 37.69920229954943], [-0.76829590658859, 37.69920255045331], [-0.7683165130429086, 37.69921199382052], [-0.768348549660895, 37.699220144996325], [-0.7683786890369784, 37.69922825921091], [-0.7683994760526468, 37.69923167093371], [-0.7684438923535666, 37.699270233340854], [-0.7684529303036307, 37.69928549226108], [-0.7684765613855097, 37.69932064221096], [-0.7684991549132076, 37.69932710670665], [-0.7685252285143279, 37.69934419657022], [-0.7685580322935689, 37.69939008344569], [-0.7686123004181897, 37.69948013206499], [-0.7685513416413203, 37.69954989299798], [-0.7685582532791215, 37.69957265690558], [-0.7685872176588348, 37.69961997726647], [-0.768624316283432, 37.69964934919601], [-0.7686564445295557, 37.69965448309877], [-0.7686925038033778, 37.699655165439424], [-0.7687056075284385, 37.699661449369955], [-0.7687411242198138, 37.69968022865981], [-0.7687714908696961, 37.69968080367375], [-0.7688314084991295, 37.69970909520728], [-0.7688655247169965, 37.69971125097565], [-0.7688881631604829, 37.69971620575984], [-0.7689085432393328, 37.69973318891815], [-0.7689558089963123, 37.6997401189326], [-0.768982015548103, 37.69975268535729], [-0.7690142354223973, 37.69975480416427], [-0.7690539104152367, 37.69976159131191], [-0.769087844275093, 37.69976977725504], [-0.7691139636902986, 37.699785359472884], [-0.7691384086458145, 37.69979336701012], [-0.7691857660309648, 37.69979728193211], [-0.7692194303962251, 37.69981451526282], [-0.7692808383307432, 37.699856415851585], [-0.7693048781460682, 37.69987799410178], [-0.769320016555221, 37.699879790215945], [-0.7693281499018081, 37.699861838312394], [-0.7693469938615214, 37.6998667220096], [-0.7693456374054375, 37.699911959629546], [-0.7693529128609298, 37.69992266096738], [-0.7693658351262765, 37.69993497503816], [-0.7693807022442394, 37.69994581852643], [-0.7693953879024886, 37.699962693595296], [-0.7694066393014343, 37.699967432999834], [-0.7694121073465664, 37.69997508086853], [-0.7694329841937778, 37.6999754760558], [-0.7694369601372312, 37.69996951555151], [-0.7694654735626681, 37.69996854677407], [-0.769484271708296, 37.69997493729331], [-0.7694849939537958, 37.70001418094044], [-0.7694923592407978, 37.70002186505347], [-0.7695074069201105, 37.70002667624179], [-0.7695263416096639, 37.70002854271841], [-0.7695398064574577, 37.70002276275343], [-0.769547307390088, 37.700025922117], [-0.7695661953672591, 37.7000292975539], [-0.7695889254388827, 37.700031235817995], [-0.7696000861079881, 37.70003899100607], [-0.7696394898096042, 37.70005482548982], [-0.769731309309726, 37.700095793416104], [-0.7698395347419055, 37.7001597027388], [-0.7698962894032588, 37.700230183748964], [-0.7699287338563608, 37.700288133187904], [-0.7699339306102695, 37.70030482835524], [-0.769933298196313, 37.70032594021304], [-0.7699324016776764, 37.700355848490304], [-0.7699781106542527, 37.70040767815077], [-0.7699532075579504, 37.70045012498168], [-0.7699521628172928, 37.70048497585863], [-0.7699687097848279, 37.700496018990975], [-0.7699682291861474, 37.700512103565835], [-0.7699707992661766, 37.70053897680994], [-0.7700239804293095, 37.70056680602019], [-0.7700966828818673, 37.700619146571235], [-0.7701486585058954, 37.700687188521584], [-0.7701708307237548, 37.700735892022955], [-0.7701693044860862, 37.70078682728087], [-0.7701617514511575, 37.700813508520056], [-0.7701366884547386, 37.70086131638096], [-0.7700836662934253, 37.70094078427434], [-0.7700831039480421, 37.700959550446385], [-0.7700753128595825, 37.70099427456884], [-0.7700506496134721, 37.70102867883381], [-0.7700162656976366, 37.70104948699173], [-0.7700150610568623, 37.70108969954357], [-0.7700134539708217, 37.70114331766692], [-0.7700104805472291, 37.70124250874741], [-0.7700080703673166, 37.701322934330605], [-0.770013773771055, 37.701357912733194], [-0.7700396416579732, 37.701395954472595], [-0.7700647855027642, 37.7014581255911], [-0.7700634200635428, 37.701503699847954], [-0.7700900110942578, 37.701517614984056], [-0.7701063999583038, 37.701534019176286], [-0.7701195746502684, 37.70154499747382], [-0.7701223863771167, 37.70156382746067], [-0.7701179675642277, 37.70159861526783], [-0.7701168419751645, 37.70163614727416], [-0.7700956336496241, 37.70166793354088], [-0.7700679179281764, 37.70169155183274], [-0.7700806901748746, 37.701715934175205], [-0.770127124990239, 37.70174363642983], [-0.7701642397845174, 37.70174433794155], [-0.7701833595270063, 37.70178225296891], [-0.7702258561281622, 37.70182865718323], [-0.7702622486769408, 37.701853487253366], [-0.7702706829591556, 37.70190997696463], [-0.7702534927978653, 37.701920380920626], [-0.7702360591931617, 37.70193882771811], [-0.7702620869801967, 37.7019715086884], [-0.7703181616168806, 37.70201548699843], [-0.7703201684531962, 37.70206112630146], [-0.7703453149929451, 37.702123296862084], [-0.7703933559960533, 37.702210040741534], [-0.7703990602980887, 37.70224501943629], [-0.7704047628035301, 37.70227999811449], [-0.7704176967469725, 37.70229901981616], [-0.770437619583333, 37.70231012593467], [-0.7704400306615761, 37.70234235968221], [-0.7704425216898606, 37.702371913194696], [-0.7704586680087568, 37.70239635928042], [-0.7704879908162786, 37.70243178565648], [-0.7705139395515689, 37.702467147337934], [-0.7705099231839463, 37.70248853079499], [-0.7704958636514072, 37.702507040707324], [-0.7705054235226851, 37.702525999094505], [-0.7705451901436617, 37.70255089289797], [-0.7706221524073222, 37.70257380656167], [-0.7706558140776582, 37.70257712644457], [-0.7706854575837102, 37.70260182833022], [-0.7706205453212815, 37.702627423611574], [-0.7706395842153982, 37.70266801910843], [-0.7706918841312453, 37.70272533834565], [-0.7708078907704163, 37.70279727464703], [-0.7708617151273045, 37.70280365710428], [-0.7709157011809367, 37.70280467843952], [-0.7709120064101749, 37.70281533742607], [-0.7709316085479717, 37.702837167838794], [-0.7709923427460335, 37.70283831639623], [-0.7710085699133017, 37.70286008212475], [-0.7710950938448342, 37.70290195469465], [-0.7710767771962171, 37.70294988985252], [-0.7711504462360184, 37.702970060648376], [-0.771238494608592, 37.70296099587352], [-0.7712527948896197, 37.702934441918984], [-0.7713103966622692, 37.70292748448429], [-0.7714023006040183, 37.70290239961808], [-0.7714288116846916, 37.702918994692986], [-0.7714689789543071, 37.70293048380755], [-0.7715330881228639, 37.70293169561936], [-0.7715804068804724, 37.70292990810806], [-0.771617361774634, 37.70293597214232], [-0.7716848450153888, 37.702937247209974], [-0.7717500770780507, 37.7029009276748], [-0.7718052677724907, 37.70286173601849], [-0.7718398915384845, 37.70283288420271], [-0.7718803822015884, 37.70283364967078], [-0.7718877726414426, 37.702812330990724], [-0.7719226371559251, 37.70277543711517], [-0.772021209292062, 37.70275315820622], [-0.7720723045671013, 37.70273803006557], [-0.7721301461899426, 37.70272302914465], [-0.772137455781391, 37.70270439135264], [-0.7721582616616987, 37.702686008001706], [-0.7721791501870057, 37.702664943725075], [-0.7721969026936456, 37.70263577270913], [-0.772214736946988, 37.702603921469056], [-0.7722320088549472, 37.70259083597437], [-0.7722325703019999, 37.70257206950454], [-0.7722095132435995, 37.70255285739362], [-0.7721998725239831, 37.70253658207151], [-0.7722005956677798, 37.702512454445326], [-0.7722046120354025, 37.70249107028443], [-0.7722466262412504, 37.702440900248256], [-0.7722779567834183, 37.702409304081904], [-0.7723116984037958, 37.70240994162024], [-0.772345439125876, 37.702410579158574], [-0.7723663258545557, 37.70238951480367], [-0.7723905875537302, 37.702368515120604], [-0.7724175792330842, 37.70236902472511], [-0.7724347711910018, 37.70235862012132], [-0.7724288261404442, 37.70233168428049], [-0.77239235274326, 37.70230953530472], [-0.7723659225109922, 37.702290259869336], [-0.7723498534471795, 37.702263132102146], [-0.7723262349417267, 37.7022626850426], [-0.7723071143009074, 37.70222477168244], [-0.7723092010873316, 37.702155069415745], [-0.7723189190620651, 37.70205600535884], [-0.7722961027521534, 37.702028750281855], [-0.7722973073929612, 37.70198853681794], [-0.772348317328043, 37.70186342994037], [-0.772450498894984, 37.701720513548516], [-0.7725369392831865, 37.701652405025186], [-0.7727176919964561, 37.70159144448182], [-0.7728058993708493, 37.70157701690661], [-0.77286663177225, 37.70157816477281], [-0.7729033450195926, 37.70159226966596], [-0.7729430325888581, 37.70161984403137], [-0.7729625538782827, 37.701644354332856], [-0.772975409668311, 37.70166605502278], [-0.772995654101566, 37.701666437407475], [-0.7730128442628562, 37.70165603341584], [-0.7730233689247166, 37.70164282052909], [-0.7730505214024842, 37.70163796893278], [-0.7730677133604019, 37.70162756422637], [-0.7731014540824822, 37.7016282024822], [-0.773118083695017, 37.70163656377508], [-0.7731513429200865, 37.70165328564731], [-0.7731674101872714, 37.70168041363769], [-0.7732044450314748, 37.701683795396015], [-0.773231840054392, 37.701670900931234], [-0.7732661413251946, 37.701652772484124], [-0.7732904012277416, 37.70163177188158], [-0.7732945783938114, 37.70160502696913], [-0.773312091050293, 37.701583899128295], [-0.7733206034859218, 37.70152504804528], [-0.7733408479191767, 37.701525430430664], [-0.7733400457236019, 37.70155223933965], [-0.7733773222146579, 37.701547578930004], [-0.7733850324547453, 37.70151553531884], [-0.773424879924094, 37.701537746367435], [-0.7734587005962495, 37.70153570437277], [-0.773540400574702, 37.7015131059628], [-0.7736637114154389, 37.70145374094825], [-0.7737124728673523, 37.70140369743508], [-0.7737728863668503, 37.70141556703815], [-0.7738377950360238, 37.70138996991686], [-0.7738463892183551, 37.701328436999546], [-0.7738481526112574, 37.701269459199125], [-0.7739092066095526, 37.70125988318263], [-0.7739978155308481, 37.701232049968006], [-0.7740323575501394, 37.70120587849197], [-0.7740728464166492, 37.701206643266126], [-0.7741061855917937, 37.701220684972625], [-0.7741257077795154, 37.701245195406095], [-0.7741531827525077, 37.70122961918115], [-0.7741674003885024, 37.70120574629128], [-0.7742017825076769, 37.701184937466394], [-0.7741895690130733, 37.70114178811734], [-0.7742443554656194, 37.701116000418516], [-0.7742927153706304, 37.70107935943917], [-0.7743296702647922, 37.70108542220333], [-0.7744007665296395, 37.701078717624824], [-0.7744506553672437, 37.70110380097588], [-0.774467926376906, 37.70109071592714], [-0.7745330757945683, 37.7010570743344], [-0.7746048134565434, 37.70102892333468], [-0.7746553436912751, 37.70103255957416], [-0.774703061300828, 37.70101736640336], [-0.774704103346561, 37.700982515776644], [-0.7747049046438054, 37.70095570666167], [-0.7746513219337364, 37.7009412832273], [-0.7746315589974926, 37.70092481635703], [-0.7745986204709535, 37.70089737038063], [-0.7746031174372902, 37.70085990125789], [-0.7746043193831398, 37.70081968929216], [-0.7746386206539423, 37.7008015599261], [-0.7746865799103143, 37.70077832373997], [-0.7747477929104292, 37.70076338496942], [-0.7748219416506137, 37.70076746829054], [-0.7748296518906678, 37.70073542576364], [-0.7748683692794347, 37.70068250815628], [-0.7749421110828009, 37.70058733497811], [-0.7749507825202159, 37.700523121817426], [-0.7749800999378216, 37.70044588669656], [-0.7749918256472347, 37.70039245997514], [-0.7750719140480944, 37.70031081939547], [-0.775097696595055, 37.70023888210262], [-0.7750988194891602, 37.70020135009962], [-0.7751163303489808, 37.700180220437154], [-0.775102993960272, 37.7001746046711], [-0.7750837924710806, 37.70013937125565], [-0.7750955981305353, 37.70008326400953], [-0.7751208201287739, 37.7000300929032], [-0.7752037184598211, 37.69996728160612], [-0.7752454892222221, 37.69992515079091], [-0.7752832445152976, 37.69990440557586], [-0.7753009970219376, 37.69987523418429], [-0.775365743994367, 37.69985499715549], [-0.7753999653150943, 37.699839549287766], [-0.7754376406581281, 37.699821482940536], [-0.7754778079277437, 37.69983297111362], [-0.7755081736792956, 37.69983354399408], [-0.775579668796121, 37.6998134348925], [-0.7755904324098426, 37.699792178602344], [-0.7756077824712495, 37.699776411585646], [-0.7756085038184187, 37.6997522837719], [-0.7756325220741801, 37.69973932571254], [-0.7756666634448658, 37.699726558137485], [-0.7756673856903655, 37.699702431018295], [-0.7756682660393209, 37.69967294112172], [-0.7756486647998212, 37.69965111262025], [-0.7756465717252174, 37.69960815499757], [-0.775638372801609, 37.69954362327341], [-0.7756391740988533, 37.69951681363806], [-0.7756163577889418, 37.699489560470575], [-0.7755899275566739, 37.69947028501275], [-0.775590969602407, 37.699435432947936], [-0.7756198037263742, 37.69937428222632], [-0.7757230264407514, 37.69930917172788], [-0.7757852823848628, 37.69925938122447], [-0.775802952246503, 37.69923289062456], [-0.7758043949408414, 37.699184634635365], [-0.7758190931755501, 37.69914467764038], [-0.775814108424023, 37.699085570873514], [-0.7758393286256339, 37.69903239976239], [-0.7758742694969031, 37.69899282224075], [-0.7759288143026635, 37.69897507553729], [-0.7759456846636867, 37.698975393965824], [-0.7759562874789947, 37.698959500256876], [-0.7759778129098105, 37.69891698860242], [-0.7759786142070548, 37.69889017945124], [-0.7759797353045325, 37.69885264676543], [-0.7759882459435337, 37.69879379635717], [-0.7759906498352331, 37.6987133708732], [-0.7760027752949546, 37.69864653828231], [-0.7760281562949793, 37.6985880061407], [-0.7760290375422653, 37.698558517222395], [-0.7760367468840557, 37.69852647374076], [-0.7760143303244526, 37.698485814137705], [-0.7759633123044968, 37.69838560365877], [-0.7759172790361016, 37.698344499738475], [-0.7758436144878526, 37.69832433337022], [-0.7757368488180232, 37.69828208292027], [-0.775641810654201, 37.698186405556534], [-0.7755653227010413, 37.698034750057566], [-0.7755797011354831, 37.69800551395947], [-0.7755812246781937, 37.69795457750135], [-0.7755545527991067, 37.697943344920866], [-0.7755334199320223, 37.69785979388715], [-0.7755630562515644, 37.697771833731814], [-0.7755647307112541, 37.69760287530799], [-0.775618465236599, 37.69749927742176], [-0.7757612021453685, 37.69735444058164], [-0.7757902752212305, 37.69728524763977], [-0.7757925192128132, 37.69721018346726], [-0.77581846076156, 37.6971328837664], [-0.7759003781323435, 37.69687692153488], [-0.7760012562437961, 37.696664235501], [-0.7761395662548359, 37.696441525834196], [-0.7761629251471609, 37.69622469385099], [-0.7761376160123372, 37.69616788705333], [-0.776100176027943, 37.69606524959315], [-0.7761075538913711, 37.69593127037562], [-0.7760938087692163, 37.69582639780695], [-0.7760724189839622, 37.695722765452025], [-0.7760525482498998, 37.695696873511565], [-0.7759857863562808, 37.695628173035715], [-0.7759172206455902, 37.69554303641707], [-0.7758867057737203, 37.6954896011866], [-0.7758661208789654, 37.69541083755122], [-0.775852904864501, 37.69531580758692], [-0.7758643556894356, 37.695162917217594], [-0.7758734098091807, 37.69509018094885], [-0.7758829615956181, 37.695077602360826], [-0.7758787583783991, 37.69506476361224], [-0.7758625958897882, 37.694991550289515], [-0.7758385201418796, 37.694952819325735], [-0.7758128624607153, 37.69489036340048], [-0.7758031956899497, 37.69483003205693], [-0.7757744819402268, 37.69479303682658], [-0.775768584500382, 37.69476011598918], [-0.7756886676777346, 37.69467111862516], [-0.7756508378245, 37.694632128755664], [-0.7756092413352691, 37.694565726796924], [-0.7755660045223383, 37.694477420117714], [-0.7755160545992648, 37.69438352058575], [-0.7755055649716911, 37.694273960793076], [-0.7754933299175238, 37.69414614118573], [-0.7754708405943891, 37.694131134972075], [-0.7753965490220994, 37.6940841650986], [-0.7753479663348749, 37.69402127697057], [-0.7753354096838468, 37.693980940455106], [-0.7753155946453044, 37.6939532253481], [-0.7752399358371324, 37.69387524341193], [-0.7751855644062453, 37.69377579226278], [-0.7751600702184862, 37.693707871207444], [-0.7751163995192573, 37.69363413906126], [-0.775018253184578, 37.69354115116724], [-0.7749163932145312, 37.69341893022573], [-0.7748288344237758, 37.69327875203106], [-0.7747820546553592, 37.69323230194747], [-0.7747158407340697, 37.693145384782156], [-0.7747059026720806, 37.6930941613622], [-0.7747119582154145, 37.69304506330312], [-0.7746566085191884, 37.69297840117894], [-0.7745984210449646, 37.69292991222968], [-0.7745471658698085, 37.69287973145792], [-0.7745073714010218, 37.69282976745744], [-0.7744857552403659, 37.69278561451898], [-0.7744693214605316, 37.69272150975665], [-0.7744516363275408, 37.692699303885895], [-0.7743887542576524, 37.69265437107978], [-0.7743393011029406, 37.69262062827385], [-0.7742871745619667, 37.69259959525751], [-0.7740941652349659, 37.69245742516048], [-0.7740294838395579, 37.69239605400936], [-0.7740009344815038, 37.69235359332623], [-0.7738718456768695, 37.69229829765625], [-0.7736834815381929, 37.69223094392168], [-0.7736409606825488, 37.69219551053843], [-0.7735284646595013, 37.69212229935849], [-0.7733582213367748, 37.69206258135387], [-0.7732107952222234, 37.692006937152854], [-0.7730842181071067, 37.69194439699906], [-0.7730263603146178, 37.69188497740642], [-0.7729635896358027, 37.69183640101883], [-0.7728281147078025, 37.6917645791906], [-0.772769821232388, 37.691719733252285], [-0.7726871268189154, 37.6916470845945], [-0.7724823369852786, 37.69159217865365], [-0.7723137896817719, 37.6915525395815], [-0.7721325240304928, 37.69147802833326], [-0.7720563828270127, 37.691416440272974], [-0.7720007070423401, 37.6913607074416], [-0.7719406124447785, 37.69129942210671], [-0.7718732037641828, 37.69125258123628], [-0.7717801418940085, 37.69121983511833], [-0.7716757289118772, 37.69118323047752], [-0.7715612512053328, 37.69112484669905], [-0.7715239531547465, 37.691085681516505], [-0.7713548237429542, 37.69101443688573], [-0.7710766280758656, 37.69077263085871], [-0.771029276080598, 37.69071988954135], [-0.7709858057056885, 37.69067370229385], [-0.7707767012637594, 37.69057577804015], [-0.7706165981239355, 37.690475539098586], [-0.7703624728148731, 37.69038324175427], [-0.7701762682261523, 37.690337595973055], [-0.7699855046873618, 37.69030806396509], [-0.7698062880932286, 37.6903014323415], [-0.7695986407186916, 37.69029102320064], [-0.7694972442793138, 37.69027290263379], [-0.7694033182298317, 37.69027760498209], [-0.76931366097459, 37.6902759081559], [-0.7691506490898644, 37.690272823728165], [-0.7690732170073219, 37.69027135793182], [-0.7688482016050693, 37.69029626153716], [-0.7686280380036734, 37.69029533528499], [-0.7685262534920828, 37.69029016661281]], [[-0.797484883081801, 37.696015655936925], [-0.7974563705546946, 37.69603485979076], [-0.7974218716545307, 37.696046551130344], [-0.7973871535654082, 37.696065638404], [-0.7973898197651936, 37.69608049069209], [-0.7973463026778682, 37.696082144737076], [-0.7972280206060829, 37.69609226945357], [-0.797118245580077, 37.696129691229565], [-0.7970618789909366, 37.696145906829095], [-0.7970093446148138, 37.696137524303595], [-0.796959696525665, 37.69613659670275], [-0.7969286642242002, 37.69613601597488], [-0.7969219475208025, 37.696153160595266], [-0.7969515191616535, 37.69620305482986], [-0.7969158515532992, 37.69625419720289], [-0.7968607623684979, 37.696332114086346], [-0.7967614293593196, 37.696436341241956], [-0.796686332896497, 37.696560759982546], [-0.7966596834753041, 37.69662193932452], [-0.7966207666605482, 37.69667795465386], [-0.7965946283807369, 37.69672187355391], [-0.7965839312423338, 37.696768548196395], [-0.7965327479323789, 37.6968193994627], [-0.7965248634191212, 37.696875995364955], [-0.7965047106140369, 37.696927427279235], [-0.7965066464834819, 37.69696693766695], [-0.7965240962579001, 37.697006737327925], [-0.7965138374973472, 37.697038617272426], [-0.7965276742476725, 37.697095619582676], [-0.7965143854696767, 37.69712497616405], [-0.7964920803011467, 37.69714429487942], [-0.7964872967722696, 37.69720094881883], [-0.7964941239684435, 37.697284957635695], [-0.7965082517728951, 37.69733209678285], [-0.7965291717392339, 37.69735962582048], [-0.796528367747065, 37.69738674827421], [-0.7965274918896617, 37.69741633788036], [-0.7965363636513961, 37.69743130575711], [-0.7965354877939927, 37.697460894634716], [-0.7965472431478101, 37.697483318003506], [-0.7965654241508321, 37.697498460721555], [-0.796589591526945, 37.69752111579716], [-0.7966200399234964, 37.69754142169906], [-0.7966473100805838, 37.69756413575723], [-0.7966497561930801, 37.697586384950874], [-0.796658627954848, 37.69760135350405], [-0.7966802036913345, 37.6976066908349], [-0.7966859717737639, 37.69762160109912], [-0.7967038617226597, 37.69764660672219], [-0.7967034224464791, 37.69766140183026], [-0.7966750572430632, 37.697675673793626], [-0.7966773569301995, 37.69770285441652], [-0.7966949540283081, 37.697737722933226], [-0.7967217139422773, 37.69777769632383], [-0.7967760377624515, 37.69783052004829], [-0.7968181678509918, 37.69787571484181], [-0.7968724189076011, 37.69793100564169], [-0.7969156440424697, 37.697939214532184], [-0.7969274730581156, 37.6979591720336], [-0.7968989614293063, 37.69797837609478], [-0.7969045830863755, 37.6979982184381], [-0.7969353961989151, 37.69800619631529], [-0.7969725604005339, 37.69800935718635], [-0.7969877113861128, 37.69802197650266], [-0.796986981954103, 37.69804663299422], [-0.7969924571857787, 37.69807140604668], [-0.7970354631316888, 37.69808701278823], [-0.7972200130236562, 37.698250823315014], [-0.7972595505742397, 37.698278699585224], [-0.7973330785785633, 37.698312146262346], [-0.797373274594286, 37.698317831115574], [-0.7974038676196036, 37.6983332060896], [-0.7974157693987809, 37.69835069777528], [-0.7974499053795842, 37.69835133605931], [-0.7974964524843524, 37.69835220534813], [-0.797523870863461, 37.6983699870291], [-0.7975429277238862, 37.69835554105734], [-0.7975863711493496, 37.698356352772585], [-0.7977104266934469, 37.69836113848082], [-0.7977972425774694, 37.69836522762052], [-0.7978754786521808, 37.69834448623356], [-0.7979633886842014, 37.69831158829659], [-0.7980176900464813, 37.69829637253381], [-0.7980541832066017, 37.698286146476136], [-0.7980858730748751, 37.69826453506647], [-0.798158267405295, 37.69823134780445], [-0.7982175193831461, 37.69822258666615], [-0.7982886740384715, 37.6982313172407], [-0.7983532566191988, 37.69825226123296], [-0.7984533262468969, 37.69833307743766], [-0.798569755094237, 37.69849067802368], [-0.7986244849529327, 37.69863479191179], [-0.7986603043765631, 37.698788420729706], [-0.7986635598711442, 37.69899324870747], [-0.7986378985967585, 37.69912599274822], [-0.7985508284895241, 37.699235385446656], [-0.7984766294436686, 37.69930182942367], [-0.7984455764809373, 37.69932963564276], [-0.7983479906949801, 37.69937468736759], [-0.7982634017345955, 37.699400244670684], [-0.7982010451791425, 37.6994089488079], [-0.7981486536351248, 37.6993956353015], [-0.7980938177752384, 37.69936007100578], [-0.7980405521704783, 37.69937634560375], [-0.7979802779098638, 37.699419627473574], [-0.7978995211624303, 37.69942058630739], [-0.7977207402512227, 37.69948138871194], [-0.7974851507797694, 37.69957320206793], [-0.7973778892398755, 37.699630408553226], [-0.7973075017458047, 37.6997006384537], [-0.7972291174490722, 37.69972631221081], [-0.7971094429885858, 37.69978328615605], [-0.7969512146327709, 37.69988394537344], [-0.7967791126956829, 37.7000336872564], [-0.7966447597634908, 37.700166866555634], [-0.796605038956566, 37.70025000487736], [-0.7965730571358025, 37.700281479001646], [-0.7965307419943604, 37.70034729798949], [-0.7964975932620673, 37.70041822518125], [-0.796495914310792, 37.70047493703367], [-0.7964700643901825, 37.70050899255486], [-0.796459585542374, 37.70054827003589], [-0.7964583449689825, 37.7005901872682], [-0.7964334454659352, 37.70059218877545], [-0.7964328615609885, 37.70061191456494], [-0.7964415150321282, 37.70063428011964], [-0.796440857465353, 37.700656472241754], [-0.7964308169953946, 37.700680954431306], [-0.7964056255398908, 37.70069281988556], [-0.7964047496824875, 37.70072240817224], [-0.7964138406331804, 37.70072997991159], [-0.7964071948966868, 37.70074465712883], [-0.7963786087077183, 37.70076632609786], [-0.7963654654568189, 37.70079075139028], [-0.7963648815518721, 37.700810476416144], [-0.7963828442642995, 37.70083301675799], [-0.7964073053894629, 37.700845810440576], [-0.7963943067673296, 37.70086530445484], [-0.7963903281289183, 37.70089483439033], [-0.7963892330825898, 37.70093182088986], [-0.7963787542348147, 37.70097109743609], [-0.7963777319520179, 37.70100561685469], [-0.7963770016216776, 37.70103027448624], [-0.7963702103581208, 37.701049883594806], [-0.7963590029766664, 37.701113819814495], [-0.7963501662492188, 37.701202468992335], [-0.7963642958502979, 37.70124960778081], [-0.7963730202883417, 37.701269507530554], [-0.7963759056770521, 37.70127696265009], [-0.7963506414579832, 37.70129129291015], [-0.7963663395175946, 37.70139027056617], [-0.7963940139165425, 37.70150427413698], [-0.7964077051397714, 37.701566206351615], [-0.7964486683167487, 37.7016508541635], [-0.7964761603576858, 37.701666170164614], [-0.7964692963305975, 37.70168824541449], [-0.7964801021651493, 37.70174272382495], [-0.7965002918011813, 37.70179490931273], [-0.796541109451062, 37.70188448804801], [-0.7966461485589034, 37.70200733897297], [-0.796695144471126, 37.70203045821106], [-0.7966852504265947, 37.702050010905914], [-0.7967117929482997, 37.702097381570006], [-0.7967483768382269, 37.70212026907625], [-0.7967817824887232, 37.70214556529916], [-0.7968123054454337, 37.70216340435153], [-0.7968338820802509, 37.70216874348622], [-0.7968489603022983, 37.702183826965964], [-0.7968637474701861, 37.70220877419037], [-0.7968851058143751, 37.70222150864352], [-0.796906171307777, 37.70224410612682], [-0.7969368406899145, 37.70225701541755], [-0.7969581990341036, 37.70226974915172], [-0.796983536915001, 37.70225295350092], [-0.7970052599752115, 37.70225336004797], [-0.7970079261749635, 37.70226821180715], [-0.7970102977273007, 37.70229292729989], [-0.7970403095426296, 37.702328027493074], [-0.7970677297183656, 37.702345810352675], [-0.7971009889434684, 37.70237603693965], [-0.7971283354573423, 37.70239628394142], [-0.79715294390623, 37.702404145493844], [-0.797177769747415, 37.70240461032115], [-0.7972057010645328, 37.70240513129736], [-0.7972298702372733, 37.702427787005746], [-0.7972881780857414, 37.70245108095588], [-0.7973093154443778, 37.70247121279656], [-0.797340204015407, 37.70247672319842], [-0.7973747792723909, 37.702462568010695], [-0.7973894927784168, 37.70248998071344], [-0.797392012552775, 37.70250976427885], [-0.7974069452477593, 37.70252977954158], [-0.7974628051870702, 37.7025308236244], [-0.7975069088742669, 37.70250944373328], [-0.7975503567912822, 37.7025102561138], [-0.7975944595801483, 37.702488876216755], [-0.7976435300525634, 37.702509530444054], [-0.7976420711885438, 37.70255884540919], [-0.7976538993058926, 37.70257880237766], [-0.797730900197095, 37.7025999782655], [-0.7978638337911397, 37.702619731950435], [-0.7979844263298265, 37.70263678693928], [-0.7980279461120763, 37.702635133040474], [-0.79809837403035, 37.70266852089267], [-0.7982392325618552, 37.702735296552035], [-0.7984324826373448, 37.7028153878887], [-0.7986045935576038, 37.70287534528122], [-0.7987267590463415, 37.702944238048566], [-0.7987385880619873, 37.70296419562403], [-0.7987380769206055, 37.70298145593739], [-0.7987439204615244, 37.70299390027612], [-0.7987711205500049, 37.70301907963964], [-0.798799051867156, 37.70301960203298], [-0.7988142765145636, 37.70302975352081], [-0.7988165762016998, 37.70305693431291], [-0.7988470281915062, 37.7030772408307], [-0.7989017203209572, 37.70311773515641], [-0.7990477657249032, 37.70321914607054], [-0.7990805174018458, 37.70326663183759], [-0.7991561312942631, 37.70333465572163], [-0.7992866609966084, 37.70343577706976], [-0.7994029856393852, 37.70349222435251], [-0.7994671361304752, 37.703527961506516], [-0.7995253712153784, 37.703553719936934], [-0.7995873675463953, 37.70355734468084], [-0.7995900319495531, 37.703572197600245], [-0.7996143502426116, 37.70358992045972], [-0.7996609000423044, 37.70359078897636], [-0.7997987303529608, 37.70365503999147], [-0.799869597547415, 37.70367363205756], [-0.799928490199127, 37.703677199226206], [-0.7999590859194025, 37.70369257237802], [-0.7999903392064533, 37.703685754318094], [-0.7999915061180163, 37.70364630223763], [-0.8000042846529276, 37.70363420626779], [-0.8000240718436932, 37.70359510170875], [-0.8000329445037581, 37.703610069759414], [-0.8000317048286636, 37.70365198739255], [-0.8000374010458584, 37.70366936339519], [-0.8000737666451908, 37.703699647011874], [-0.8001606624792549, 37.703701268903885], [-0.8001979030376938, 37.70370196400048], [-0.8002723122893033, 37.703705820435985], [-0.8003467943044443, 37.70370721062908], [-0.8003778284025701, 37.70370778987614], [-0.8003930548466385, 37.703717942691256], [-0.8004240889447642, 37.703718521938285], [-0.8004555596241126, 37.70370430728615], [-0.8005053604268346, 37.70370030088592], [-0.8005155455255255, 37.70367088649601], [-0.8005527860839309, 37.703671580882144], [-0.8005708970183792, 37.703689189289896], [-0.8006116041754837, 37.70367761358353], [-0.8006343486201607, 37.70364349839502], [-0.8006492103482076, 37.70366597959527], [-0.8007802817347028, 37.703643754969725], [-0.8008621371216865, 37.70360580891148], [-0.8009753176609888, 37.70355857922597], [-0.8011012758368384, 37.70349925138626], [-0.8011450866732479, 37.70348773321977], [-0.801207520483818, 37.70347656402228], [-0.8013238029057644, 37.70342939111325], [-0.8014595823626474, 37.70335297707762], [-0.8014667347489373, 37.70332103872516], [-0.801497768847063, 37.70332161726454], [-0.801541799770728, 37.70330270172507], [-0.801567210415157, 37.70328343863052], [-0.8015913077226628, 37.703308559615266], [-0.8016227065367768, 37.70329680971902], [-0.8016327461084046, 37.703272326261214], [-0.8016274855741019, 37.703240155462936], [-0.8016686302107261, 37.70321378497869], [-0.8017088298197037, 37.70321946874528], [-0.8016988639099379, 37.70324148738429], [-0.8017230797950607, 37.703262634653335], [-0.8017898030611045, 37.70324633603271], [-0.8019940673802723, 37.70324576033569], [-0.8020732502793245, 37.703181447131634], [-0.8024225125668564, 37.70313094280505], [-0.8024680751180391, 37.70308354721481], [-0.8026169070960146, 37.703090708616884], [-0.8028178557334961, 37.70301550675336], [-0.8029306580820202, 37.70293427844881], [-0.8030924653259714, 37.70287589112999], [-0.8032336292846566, 37.70276887341636], [-0.8033683711873584, 37.702692438799055], [-0.8034716900214582, 37.7025583997729], [-0.8035798804193509, 37.702446382222575], [-0.8037259123485403, 37.702361384921566], [-0.8038632387043584, 37.702197277856506], [-0.8039531942002698, 37.70214193693248], [-0.8040343138670639, 37.70201187141886], [-0.8041781916362136, 37.70181279749132], [-0.8042223393408681, 37.70170753237837], [-0.804223922172387, 37.70165391466314], [-0.8042502149624324, 37.70152565005352], [-0.8042531677247918, 37.701425561668934], [-0.8040956400548795, 37.70127241381187], [-0.8038181208192055, 37.701066957424544], [-0.8035821091395496, 37.700980300341506], [-0.8033271546854998, 37.70092547736322], [-0.803084746102713, 37.700903075647616], [-0.8028144996275732, 37.700908768120485], [-0.8025127618118518, 37.70091387208416], [-0.8024186022004245, 37.700901387593724], [-0.8022844837284746, 37.70087027479862], [-0.8021990054359303, 37.70086868056428], [-0.8020553603304288, 37.70085527207823], [-0.8019510434680872, 37.700881938366834], [-0.8018367849504678, 37.7008686528446], [-0.8017312338028809, 37.700856380153], [-0.8014985629577638, 37.70080912170677], [-0.8012987569773237, 37.700715981468576], [-0.8010648644234543, 37.70055782766448], [-0.8007340050228274, 37.70032990983582], [-0.8004966701247804, 37.7001359261686], [-0.8003163423146378, 37.69999307610152], [-0.8000835106710735, 37.69979917542375], [-0.7999263099879381, 37.69963529866262], [-0.7997911836062785, 37.69948613880887], [-0.7997479926073995, 37.69942453110158], [-0.7997281425345705, 37.69933474824444], [-0.7996625637221956, 37.69926914656561], [-0.7995068138182392, 37.69913002000818], [-0.7993082573943616, 37.6989263417371], [-0.799142614344171, 37.69875302033282], [-0.7989380140550886, 37.698532094607124], [-0.7987441109043758, 37.698264495973284], [-0.7986806224716466, 37.698206566276035], [-0.7985634632939999, 37.69807362299029], [-0.7985006324280793, 37.697993501652824], [-0.7984810257986971, 37.697921589832085], [-0.79847613177701, 37.697877090928486], [-0.7984829949058013, 37.69785501596531], [-0.7984870463077107, 37.697823019091636], [-0.798460285495411, 37.697783045725465], [-0.7984406061024637, 37.69771359943148], [-0.7984066506830437, 37.69760194630392], [-0.7984101523160296, 37.69748359094772], [-0.7984578052468915, 37.697373708060134], [-0.7984745417589475, 37.69730610873638], [-0.798498023720475, 37.69727610398231], [-0.798517255752401, 37.697256947362426], [-0.7985421256110439, 37.69724648375598], [-0.7985616927145539, 37.69724919117256], [-0.7987562974494997, 37.697279366528115], [-0.7988596809622905, 37.69730471558012], [-0.7988603933263223, 37.697272429886475], [-0.798613309910807, 37.6972283421434], [-0.7985328073866188, 37.69711581898173], [-0.7984178679459997, 37.696937185108744], [-0.7983576745337573, 37.696843634850744], [-0.7983258741727075, 37.69676409361784], [-0.7982906799764901, 37.69669435778464], [-0.7982759655721338, 37.6966669443604], [-0.7982381797363571, 37.69657989119348], [-0.798219706780845, 37.6965746113636], [-0.7981776485575728, 37.69652695213899], [-0.7980944097650257, 37.69640204146621], [-0.7980757912824505, 37.696401693883686], [-0.797985398306986, 37.696308723676566], [-0.7979747371011667, 37.69624931397853], [-0.7978621099241098, 37.69617319605519], [-0.7977409792945951, 37.69606978240238], [-0.7977006395484368, 37.69606902894811], [-0.7976483971247708, 37.69605078326971], [-0.7975994039074727, 37.69602766429916], [-0.7975377076137864, 37.696014175327235], [-0.797484883081801, 37.696015655936925]]]}}