{"type": "Feature", "properties": {"slug": "tablas-daimiel", "name": "Tablas de Daimiel", "natura_codes": ["ES0000013"], "natura_names": ["Tablas de Daimiel"], "sea_clipped": false}, "geometry": {"type": "Polygon", "coordinates": [[[-3.7318113130023467, 39.112734108964396], [-3.7317810649301144, 39.11281968063557], [-3.731293578869831, 39.11419684400797], [-3.7311662597462782, 39.11459750983967], [-3.7311782818997337, 39.1146095384918], [-3.7312669474149134, 39.11462061644786], [-3.7313626925528514, 39.11466284495358], [-3.7314936148189615, 39.11473911575856], [-3.731569990482751, 39.114798515888594], [-3.7315670970091994, 39.11480166975921], [-3.732091670914315, 39.11523566400998], [-3.732500727762112, 39.11553663415967], [-3.7326025679692223, 39.11557077505379], [-3.732728632146296, 39.115592116589106], [-3.732728846843669, 39.11559211519513], [-3.7328909990406394, 39.1155910983011], [-3.7328912128396814, 39.11559108924037], [-3.7332480775694488, 39.11557620662149], [-3.7338077199066215, 39.115522100716674], [-3.733807933705664, 39.11552209514085], [-3.7339538183111625, 39.11551802128772], [-3.7341084605923984, 39.11555498914386], [-3.7341083653709726, 39.11555576209524], [-3.7341383080160244, 39.11555800637247], [-3.7341764468897276, 39.11557502175495], [-3.734231845094997, 39.115657277232884], [-3.7342680472009246, 39.1156772979662], [-3.7342771498297127, 39.11577209545158], [-3.734253450475888, 39.115835481423595], [-3.7341960553157367, 39.11587807441738], [-3.7341582613951196, 39.11595741339175], [-3.7341547912031654, 39.115963399722915], [-3.7339101565951047, 39.116385320835036], [-3.7339104674122003, 39.11638515425869], [-3.7339103703941476, 39.11638531944111], [-3.7339017690253056, 39.116414100906404], [-3.7338933033020596, 39.11644444915236], [-3.7338873151323746, 39.11647184989302], [-3.733885180735271, 39.1165080206108], [-3.733885515806855, 39.11654026736475], [-3.7338871157063855, 39.116573482195804], [-3.733892518174496, 39.11661058331649], [-3.7338965848477894, 39.116639875568595], [-3.73390058145251, 39.116662327052616], [-3.733909625690787, 39.11668767861886], [-3.7339263172870547, 39.11672470719461], [-3.733961845656559, 39.116763573657074], [-3.733996163995373, 39.11679910022648], [-3.7339992559965487, 39.116818103759066], [-3.733999495846741, 39.116818250819314], [-3.7340649893191578, 39.11685569820403], [-3.7341268850388665, 39.11689017370026], [-3.7341746628355583, 39.11691166259299], [-3.734242017617262, 39.11693303020696], [-3.7343289296210074, 39.1169520943395], [-3.734413066728818, 39.1169733553053], [-3.7345141020454626, 39.11700540390786], [-3.734603810504672, 39.11702444989971], [-3.7346878811371655, 39.117039174698405], [-3.734700338075216, 39.11704200019784], [-3.734771995787116, 39.117058255529436], [-3.734867232478596, 39.117070729122474], [-3.7349566696465826, 39.11706362913433], [-3.735029302928897, 39.11705445497568], [-3.7351241542431226, 39.11702988693112], [-3.735202198976686, 39.11700324540362], [-3.7352745609677767, 39.11696792454227], [-3.7353806681725006, 39.116949822228065], [-3.7354701511545723, 39.116947078967], [-3.7355736191089894, 39.11694424649408], [-3.7355753124333186, 39.1169442360396], [-3.735671515712043, 39.11694362898155], [-3.7357442172663036, 39.11694099096219], [-3.735842113869323, 39.11694037344964], [-3.7358980537587088, 39.116940020087455], [-3.735968072045206, 39.11694829378002], [-3.7360437964303994, 39.11696742760513], [-3.7360999420339542, 39.11698668478805], [-3.7361813051441954, 39.11701014118675], [-3.7362542779896795, 39.117033649153065], [-3.7363357093718665, 39.117063641679714], [-3.736405977390023, 39.11709588469455], [-3.7364706722601544, 39.11713034055823], [-3.7365381887385682, 39.117166958389284], [-3.736597084085238, 39.11718183997514], [-3.736655876125642, 39.11717816906346], [-3.7367213237839736, 39.1171280768161], [-3.736765140010266, 39.11711238255758], [-3.736813337320236, 39.1170949479732], [-3.7368770494334425, 39.11708940570508], [-3.7369231195327846, 39.11707883692192], [-3.7369536514726667, 39.11705466127754], [-3.737056091754405, 39.11706410098008], [-3.737726968879933, 39.117082868866895], [-3.7377271844756037, 39.1170828744426], [-3.7378018838830416, 39.117084963247876], [-3.7378841129692186, 39.117135256251736], [-3.737901379487295, 39.11714581805678], [-3.7380694425988668, 39.11718320184361], [-3.7380695503966845, 39.11718317675293], [-3.738315623207532, 39.11712779524227], [-3.7383158370065406, 39.117127787575676], [-3.738542608615186, 39.117118659425024], [-3.738542647242761, 39.117118662212874], [-3.738709749156971, 39.117134080471956], [-3.7387101093813744, 39.117145932359016], [-3.738710324078747, 39.11714592538935], [-3.738833026760015, 39.11714220777914], [-3.7390277042585267, 39.11717125308482], [-3.7392590024778785, 39.1172323643019], [-3.7395525162171728, 39.11729509869358], [-3.7395527309145127, 39.117295104966246], [-3.7396068822581774, 39.117296494014084], [-3.740260603358405, 39.11717699328438], [-3.7405468524220056, 39.11713248163451], [-3.7405508759761714, 39.11713185576002], [-3.7408495325704827, 39.117085393972445], [-3.740930615406328, 39.117072803988826], [-3.7409306702035514, 39.117072826291675], [-3.7412427341534746, 39.1172069125688], [-3.741596043351364, 39.117468432556436], [-3.742144658868399, 39.11801846413036], [-3.742391345228597, 39.11817478912964], [-3.7423914745859785, 39.11817473407022], [-3.7424837998376335, 39.11813606283665], [-3.743036682352281, 39.118056179205134], [-3.743505994596053, 39.117754839974914], [-3.7438152028017027, 39.11719902084304], [-3.7441031272232905, 39.117057949561534], [-3.7446920528420793, 39.116913439162104], [-3.7446922055556855, 39.11691345240449], [-3.7454145920796154, 39.11697705619726], [-3.7454147492848073, 39.11697704922757], [-3.7454148058786574, 39.11697704853059], [-3.7464258076286425, 39.11693698549387], [-3.746594623528415, 39.116880572278], [-3.7479909028222953, 39.115850739658605], [-3.747341199886318, 39.11518964564799], [-3.7464719963056026, 39.11431517605607], [-3.746087667382674, 39.11453945333801], [-3.7460815741100957, 39.114543010080716], [-3.74608074137182, 39.114543495883126], [-3.746079309457246, 39.11454433087777], [-3.745759751761236, 39.11473083344274], [-3.74575929272212, 39.114731121996044], [-3.7457307963646937, 39.11474776678033], [-3.7427034226532436, 39.11171570330693], [-3.742581380233675, 39.11171335714266], [-3.742584732746309, 39.1117121004183], [-3.7427347711616865, 39.111666248433835], [-3.742741749274839, 39.111665153417015], [-3.742760923814585, 39.11166214090083], [-3.7432806135794814, 39.1115812517974], [-3.7432837990054892, 39.1115803296402], [-3.7435359318512225, 39.11150430216151], [-3.7438172356891677, 39.111482340433696], [-3.7443793403085515, 39.11151787733304], [-3.7443864648470644, 39.111518632206135], [-3.7450877966573577, 39.11160714329078], [-3.7452928245445585, 39.11165399902122], [-3.7454981866050128, 39.11170118859247], [-3.7455033833589217, 39.11170202780288], [-3.745505462958802, 39.111702354007605], [-3.7455135262368158, 39.11170361979339], [-3.74585694139014, 39.11175986220238], [-3.745857946604959, 39.11175994514753], [-3.7462534146374287, 39.111792718231676], [-3.746257104018308, 39.1117926338925], [-3.746720298734979, 39.11179087252868], [-3.7468930537472565, 39.111709145756706], [-3.7468752024259357, 39.11203194127951], [-3.7470467015934714, 39.11212380784412], [-3.7470776000459685, 39.112124707689794], [-3.747078844212649, 39.11212474254053], [-3.747096491616395, 39.11212524439091], [-3.7480203693602534, 39.11215213589978], [-3.7480175055311062, 39.112093376186614], [-3.748007289889714, 39.11188390760775], [-3.7481668836847835, 39.11181651510985], [-3.7481806297052356, 39.11175247590173], [-3.7486439977967803, 39.11167955800992], [-3.7487826320996387, 39.11165775525707], [-3.7488246256442204, 39.11165289354895], [-3.7489963745434154, 39.11163436817261], [-3.7489977157281147, 39.11163411654864], [-3.7505497431293247, 39.11120486148464], [-3.7505521739705046, 39.111204526216305], [-3.7507615586867944, 39.11114015118342], [-3.7507644090411847, 39.11113956359206], [-3.7508721170437687, 39.11111642796144], [-3.7511755499804464, 39.11106009930488], [-3.7511793229046226, 39.11105942876682], [-3.751918874437024, 39.110967222060154], [-3.751926250503791, 39.11096629989486], [-3.7529413225203583, 39.11085875359563], [-3.7536969691676876, 39.11077844907334], [-3.7536988125106316, 39.11077844977038], [-3.7537903876690097, 39.110777276672685], [-3.7539090362534444, 39.11077652109456], [-3.754090509415553, 39.11078942795673], [-3.754674493401975, 39.11098498018651], [-3.75486887445641, 39.111008030126136], [-3.75525704996541, 39.111021858413444], [-3.755352186045582, 39.11101733193065], [-3.7560003034550826, 39.11216685126146], [-3.756128187618909, 39.11229405132729], [-3.756204494112422, 39.112369948309734], [-3.7562897990301267, 39.11238452770856], [-3.7562898843700503, 39.112384504707194], [-3.75637582439667, 39.11236081187562], [-3.7564812713396605, 39.11228621063023], [-3.756619072005946, 39.112172631598554], [-3.756658800897678, 39.11206793862859], [-3.7567344058069576, 39.111798621971545], [-3.756841945824551, 39.11160683869328], [-3.756878995041808, 39.11155570671348], [-3.7568866217385652, 39.11150466112711], [-3.7568893032097015, 39.1114511829002], [-3.7568582044328847, 39.111323020816194], [-3.756858564657321, 39.11132362164947], [-3.756961390316314, 39.111495188616864], [-3.756961585250717, 39.11149515655394], [-3.75700086947642, 39.11148865056268], [-3.7570202326623554, 39.111461743466165], [-3.757084438848965, 39.11134799791142], [-3.7571493996204373, 39.111309355691255], [-3.757198350616905, 39.11130013547691], [-3.7572440326440346, 39.11129343011921], [-3.757244194340779, 39.11129343639241], [-3.757244245544747, 39.11129343708945], [-3.7573012822770893, 39.11129560761796], [-3.757411256729117, 39.11133056190084], [-3.7574986825692025, 39.11140776056308], [-3.7575403410421995, 39.11147875704969], [-3.7576342230742235, 39.11154698699185], [-3.7577298631092675, 39.111615132528556], [-3.7578400890895503, 39.11168068090727], [-3.757995743772114, 39.11171529694517], [-3.7584293515765834, 39.11174178294585], [-3.7586472029144504, 39.11178243512837], [-3.758773269786482, 39.111796851546636], [-3.75877332099045, 39.11179683203017], [-3.7588026069670244, 39.11178520089508], [-3.7588138386030336, 39.11176734608484], [-3.758855750400946, 39.11173749628363], [-3.7588558483172956, 39.11173757783475], [-3.758962119015425, 39.11182493089849], [-3.7590711708976334, 39.11188654024025], [-3.7593345371760045, 39.11198938638785], [-3.759958420734107, 39.11216071405267], [-3.7599586345331164, 39.11216072311385], [-3.760060347179472, 39.11216507178463], [-3.7600603876036747, 39.11216506411745], [-3.7601814679275525, 39.11213900345456], [-3.7602776945624674, 39.11208409961667], [-3.7604127302143207, 39.112062138766525], [-3.7606320502976756, 39.11202714720771], [-3.760632210197792, 39.11202712141812], [-3.7606321922314834, 39.1120270921435], [-3.7606545539938305, 39.112018382935446], [-3.761352614139894, 39.11188032633525], [-3.7613528252439794, 39.11188033679047], [-3.761671803526628, 39.111897170442646], [-3.761671945460436, 39.111897162775485], [-3.76167201732567, 39.1118971592904], [-3.7620689496120754, 39.111872193542055], [-3.76271537190062, 39.11143028411332], [-3.7628994295158114, 39.11135576134345], [-3.762970645256606, 39.111326926929415], [-3.7631890436684725, 39.111238499832666], [-3.7631890688212914, 39.11123857371713], [-3.763205129800263, 39.11128728516712], [-3.7633426915146537, 39.111704794966755], [-3.7633642349118115, 39.11176422483824], [-3.7634642362675637, 39.112058939467325], [-3.763476550373476, 39.112090207557486], [-3.7634923885702345, 39.11213044342139], [-3.763492570029915, 39.112130941089674], [-3.763884864314506, 39.11325782938353], [-3.7640182264049664, 39.11363896296499], [-3.7640328967918646, 39.113680789890516], [-3.763437341606263, 39.11400175443496], [-3.7633644532024064, 39.11404103502068], [-3.7633642591663334, 39.11404114026702], [-3.762778689653434, 39.11446519383374], [-3.7627064642062686, 39.11453591192887], [-3.7627063528151616, 39.114536023447386], [-3.762618811990715, 39.11444078449744], [-3.7626186754468227, 39.114440635341275], [-3.7624064430710336, 39.1148605791574], [-3.762024283579496, 39.11601064704531], [-3.761963882656424, 39.116192414668525], [-3.761941829016215, 39.11660277864517], [-3.7619348868356792, 39.1167314670961], [-3.7619702579999914, 39.116731718701864], [-3.7631972318122826, 39.11674126856874], [-3.765360994853979, 39.11738324498107], [-3.7661444749020765, 39.117758340101695], [-3.7666857107590888, 39.1180175127852], [-3.7672041464758372, 39.11826570470762], [-3.7672378413838326, 39.11826738018431], [-3.7677665053184324, 39.11870492425747], [-3.768161389445989, 39.11890667965588], [-3.768932215824971, 39.119669363841105], [-3.769017546793825, 39.11982443277932], [-3.769140767803019, 39.12004827436398], [-3.76938401810722, 39.120412519391415], [-3.769671443963851, 39.12072986548013], [-3.7698134388641846, 39.1208700519773], [-3.7701293628748687, 39.12110688999405], [-3.770213268217362, 39.121150643666205], [-3.7708010260262905, 39.12155658676793], [-3.7710380761584243, 39.121861610373166], [-3.7711057192992956, 39.12201475099629], [-3.7712402554878297, 39.12231927293074], [-3.771559368517776, 39.122823705551966], [-3.771768001344196, 39.12306737225715], [-3.7718205572799164, 39.123109031903624], [-3.772330277541792, 39.12351254407744], [-3.77253169959141, 39.12360742858683], [-3.7726019424567485, 39.123640537641876], [-3.7729864312798265, 39.12373014087358], [-3.7730622877173596, 39.123747826790506], [-3.7737390613844357, 39.12389333715846], [-3.7735701628396643, 39.12397749451416], [-3.7733924194825708, 39.1240239301528], [-3.773081655394881, 39.124086799270025], [-3.771754425105329, 39.124350925189916], [-3.771692155686461, 39.124366181580804], [-3.769549232661028, 39.12479644431213], [-3.768481480741275, 39.1250015593805], [-3.76839933609676, 39.125018743916556], [-3.7669955046662804, 39.12531270901127], [-3.7664836113797255, 39.1254504312713], [-3.765942798629213, 39.125617278014595], [-3.7646246323408743, 39.126041293966416], [-3.7633640525538006, 39.126460908009065], [-3.7624571889014358, 39.12673026061102], [-3.7623611158784236, 39.126758794642676], [-3.762190310210314, 39.12680952534331], [-3.76182213030124, 39.12689694613362], [-3.761625707376136, 39.12694358333312], [-3.76077356909088, 39.12714590607949], [-3.7579328823634586, 39.128001815208506], [-3.755642480222912, 39.12866434785362], [-3.7537210152711924, 39.12922587497909], [-3.75180592027319, 39.12978974737105], [-3.751529813189154, 39.129855549215485], [-3.75112110309107, 39.1299863116367], [-3.7505912740415344, 39.13020818790971], [-3.7502410694212807, 39.13032646101152], [-3.749001107766622, 39.130651524440935], [-3.7486540921656313, 39.130818833404646], [-3.748231469858766, 39.13110173098343], [-3.7475029038239693, 39.131669958121584], [-3.7469382875151016, 39.13194070255668], [-3.7465029235042064, 39.13219392869811], [-3.7457236870975317, 39.132644050821526], [-3.7454474560459614, 39.132801049233954], [-3.745105429688083, 39.133020578152305], [-3.7448310419794915, 39.13325905043624], [-3.7444630695812138, 39.133522920377445], [-3.744241198282469, 39.133682013505215], [-3.7439951856587603, 39.13393549050375], [-3.7437334992299625, 39.13421319070423], [-3.743455886569523, 39.134429617971996], [-3.743225714837531, 39.13454294511792], [-3.743052122595392, 39.13461922296889], [-3.742434952147432, 39.13489617072783], [-3.742435538747303, 39.134936489027595], [-3.74238692372075, 39.13495895279701], [-3.74254652470233, 39.13565433108897], [-3.742726746511282, 39.136094223306394], [-3.742818702555329, 39.13660536474188], [-3.743046111967813, 39.13682162091603], [-3.743393384486974, 39.137013151610276], [-3.743826073314946, 39.13730308671862], [-3.7442334458215507, 39.13764448767132], [-3.744435708694286, 39.137905002307924], [-3.7445526414965307, 39.13808672597969], [-3.7445969014905556, 39.1382268751456], [-3.7447770406545082, 39.13899760870339], [-3.744937226439332, 39.13939508801192], [-3.7450982530472716, 39.14001737437762], [-3.745105127854125, 39.14009683735681], [-3.745173870532944, 39.14090026051937], [-3.745199089836225, 39.140998945948155], [-3.745444205042966, 39.141958082016714], [-3.745486290215718, 39.14268103881574], [-3.7455376019847244, 39.14384564828711], [-3.7454491017595775, 39.14491935325316], [-3.74542588390273, 39.14520179010286], [-3.7454605867204687, 39.145381418120685], [-3.7455724898554315, 39.14558443334529], [-3.7458143190248574, 39.14602323452425], [-3.7459594167061656, 39.14636505647947], [-3.7462657907270738, 39.14711290665574], [-3.7465089592846046, 39.14740317845956], [-3.747083724759579, 39.14781641337526], [-3.747778523122816, 39.148381950987535], [-3.748466956023953, 39.14941252711164], [-3.748681790819101, 39.14966591821767], [-3.748785983713976, 39.14988234326466], [-3.7487574056098487, 39.150386527606116], [-3.748738475411847, 39.151554824301485], [-3.748621468049476, 39.15223101126043], [-3.748555923373057, 39.152500663055136], [-3.7485519824639244, 39.15251625399204], [-3.7486233194772605, 39.15283586290943], [-3.748716194497872, 39.15302555069086], [-3.7488772175125233, 39.15327885634083], [-3.749003537709471, 39.15344842565952], [-3.749357263725646, 39.15370667636527], [-3.7496415876996, 39.15393056211905], [-3.7497173632887613, 39.15403877408922], [-3.7497331233321054, 39.1541740605866], [-3.749725104969881, 39.154814905171165], [-3.749722905894053, 39.15499047818315], [-3.7496631436731507, 39.155133058226355], [-3.7494696250013955, 39.15551226137498], [-3.749410846435715, 39.15562743675279], [-3.7492781598783385, 39.155785020588624], [-3.7491219239858196, 39.15626774706074], [-3.7490678615754005, 39.15645089658599], [-3.7489577236300002, 39.156722309864605], [-3.7488981275973945, 39.15683672469482], [-3.748865947248973, 39.15687076267733], [-3.7488317429962232, 39.156906967676726], [-3.7484148222964357, 39.157325152319586], [-3.748373330910099, 39.15736387796041], [-3.747853395006797, 39.15787829064711], [-3.747790026948346, 39.15793839135697], [-3.7477870930506256, 39.15794107311711], [-3.747785658441128, 39.15794255121968], [-3.7477843271378624, 39.15794392344492], [-3.7477813087985155, 39.15794677237952], [-3.747776280927894, 39.15795163437518], [-3.7477720884904406, 39.15795549053655], [-3.7477619474092068, 39.15796521382983], [-3.7475350455448497, 39.15818088684184], [-3.7472467043049424, 39.15844073340252], [-3.7472061363867217, 39.158477363189654], [-3.7472024470058423, 39.158480631429185], [-3.7472002676929845, 39.15848264377862], [-3.747029275175278, 39.15863670849713], [-3.746855265216522, 39.15875757935029], [-3.7468236642814605, 39.15877350533585], [-3.746814477211045, 39.15877802387388], [-3.7468134378602707, 39.15877853444703], [-3.746597432560305, 39.158886748713215], [-3.7465808370837603, 39.158898399236044], [-3.746576981514551, 39.15890108165616], [-3.746529903505465, 39.158934420695665], [-3.7460814348712126, 39.15925103734536], [-3.745482456206073, 39.1597145704663], [-3.745282628666069, 39.15986083887842], [-3.7452377829704697, 39.15989352967929], [-3.7451910966268183, 39.15993057872443], [-3.74509741581741, 39.160004685811245], [-3.7449965493840534, 39.160084475192264], [-3.744875597519261, 39.16022428940678], [-3.7445969823389276, 39.16087390394772], [-3.744540909498905, 39.16103433738006], [-3.7445269119501656, 39.16107432030556], [-3.7445262004844313, 39.16107632213287], [-3.7445228874976695, 39.1610856368283], [-3.744490787099322, 39.16128655547607], [-3.74450478824135, 39.16154614956843], [-3.7444799785698124, 39.16163491609898], [-3.743653237454263, 39.16025799141207], [-3.7433701684267873, 39.15976948314883], [-3.743365138759505, 39.15976093377994], [-3.7433203775055333, 39.15968365089324], [-3.743142758115973, 39.15937686655683], [-3.743093218723007, 39.15929136886171], [-3.741932192032367, 39.15728696162136], [-3.741479801353587, 39.15654514671406], [-3.7414784610671843, 39.1565429678278], [-3.741398075323985, 39.15641111721947], [-3.7413883510610386, 39.15639510780655], [-3.7413791316512603, 39.156380019960736], [-3.7412187787798103, 39.156116822209604], [-3.740408885567424, 39.15478843049007], [-3.738916513487595, 39.15230380985123], [-3.738599330937177, 39.15174388718261], [-3.7385870922897544, 39.15172200975221], [-3.7385777048950195, 39.151705580602105], [-3.73818072140468, 39.151005088760385], [-3.7370821491858437, 39.14931282871109], [-3.736848446176462, 39.1484716007652], [-3.7372371993021947, 39.147861717941225], [-3.7372563100615457, 39.14768904615907], [-3.737210624441128, 39.14759717860151], [-3.735969974676958, 39.14586569013609], [-3.734834102610909, 39.144263118406116], [-3.7347709618262233, 39.14417406800127], [-3.734763119533796, 39.14416299329938], [-3.7347327627654145, 39.144120120615135], [-3.7347043472563284, 39.14408474786154], [-3.7330761040914795, 39.14193918489722], [-3.733041654598656, 39.1419573734532], [-3.7330396037448486, 39.14195827709809], [-3.7307648457649543, 39.1429626095795], [-3.730761154587447, 39.142964239182646], [-3.7307593274141513, 39.14296149623797], [-3.7307542824755187, 39.14295392927738], [-3.730422849051447, 39.14246416314568], [-3.7303465713040413, 39.142352932624966], [-3.730345313662638, 39.142351173418604], [-3.729451349817759, 39.1410496858992], [-3.7289268756256537, 39.140291273587174], [-3.727992341167596, 39.13893999732711], [-3.727314723982478, 39.13805384319434], [-3.7271816143186025, 39.13787974686584], [-3.7271330810387515, 39.13781109719555], [-3.727118429516492, 39.13779039992728], [-3.7271119571548716, 39.13778125633832], [-3.727088353022439, 39.13774787522622], [-3.7270542880085737, 39.13769969906784], [-3.7270515220958105, 39.137696263337226], [-3.7268776747321284, 39.137476568533984], [-3.726874155132834, 39.137472041660544], [-3.726636938812404, 39.137149834407836], [-3.7254819775465666, 39.13765184269021], [-3.7252109019264057, 39.13776969568531], [-3.7251306024214954, 39.13780104433697], [-3.7246466233840803, 39.13799039848027], [-3.7242063159441914, 39.13812660837282], [-3.723805904482694, 39.13818117767845], [-3.7233567109080172, 39.138290314769314], [-3.722936518544001, 39.138399198072335], [-3.7224580713320785, 39.138497186769634], [-3.722053135056536, 39.138673966852764], [-3.7218596792668435, 39.13878829954624], [-3.7215856715455904, 39.138991397886315], [-3.7212255809656463, 39.139294580435404], [-3.7206362448167503, 39.139904631549705], [-3.72008219628887, 39.14044703984462], [-3.720318909552759, 39.14070981824333], [-3.720465262180546, 39.14081308424617], [-3.720394100338677, 39.14095826394357], [-3.720228556103167, 39.141051640918676], [-3.7199381172970702, 39.141074189131324], [-3.7198294022830733, 39.141151808074106], [-3.719807778935874, 39.1413057867195], [-3.7200335929404127, 39.14136664150553], [-3.7200337618237005, 39.14148952280947], [-3.7197622675886253, 39.14157845747076], [-3.7195888442297744, 39.14171877456301], [-3.719551798605772, 39.141836889684356], [-3.719576861602191, 39.141971998286174], [-3.7194097165688533, 39.14209750585668], [-3.7194096402120667, 39.14209756229079], [-3.719299256128262, 39.14205359380407], [-3.719299164500125, 39.142053556878], [-3.719138336419843, 39.14210289496937], [-3.7191382295203224, 39.142102927715094], [-3.718958225103701, 39.1420491522246], [-3.718958097542913, 39.1420491146018], [-3.7183429411178457, 39.14233000093159], [-3.717996264181694, 39.14268707930962], [-3.717835242963636, 39.14267744169096], [-3.71773063145388, 39.142380043904886], [-3.717597520891707, 39.142185915121914], [-3.7174016306675814, 39.14206571600528], [-3.7173349065032073, 39.141856751092206], [-3.7170756581021314, 39.14167274841938], [-3.7170755628807055, 39.1416726801406], [-3.716422772435104, 39.14205205614673], [-3.7163977956769396, 39.14224627029819], [-3.7165212673160903, 39.142435622239894], [-3.7164682954604142, 39.14274291030851], [-3.7160237147347335, 39.143040894583656], [-3.715809220401086, 39.14324290424404], [-3.7155504732599236, 39.143830072150216], [-3.716026670192017, 39.14463919554558], [-3.7161943110953852, 39.14472008222302], [-3.7174420701267175, 39.144949748436524], [-3.7179916836720603, 39.14510163010353], [-3.718551442790223, 39.14542702243517], [-3.718902658015178, 39.145879905902326], [-3.7188402116281813, 39.14603045002872], [-3.718652945230791, 39.14613853899133], [-3.718652875162218, 39.146138578701965], [-3.7184758441691557, 39.14609071691395], [-3.7182776075455455, 39.14593229764682], [-3.7179336066906465, 39.14596699926618], [-3.717293705272732, 39.14631984918147], [-3.717258520059653, 39.14633925091169], [-3.717035389322877, 39.14641628302201], [-3.7168762994826787, 39.146472611972186], [-3.71667521699623, 39.14681409803956], [-3.7167086172568107, 39.14693189459323], [-3.716732470222539, 39.147016023024634], [-3.7185968400514056, 39.14943442406943], [-3.7189613826819317, 39.14990725722675], [-3.7189553486981617, 39.149910525864364], [-3.718948017547116, 39.14991442914134], [-3.718485651077135, 39.15016062634904], [-3.7184286233279313, 39.15019099349341], [-3.7181114461674296, 39.150359139362216], [-3.718111618643972, 39.150359335813604], [-3.718075369825629, 39.15039981175391], [-3.7180204737786036, 39.150461888239036], [-3.717936432790515, 39.15055644524509], [-3.717876312141804, 39.15059327558741], [-3.717812582062289, 39.15065899320348], [-3.717787352877541, 39.150672820673606], [-3.7177404760910706, 39.15066855100973], [-3.717719857958657, 39.1506304291484], [-3.7177126328088352, 39.150617070504325], [-3.7176534140686774, 39.15055059073125], [-3.717618014158291, 39.150523463092554], [-3.7175593353055887, 39.150510150406056], [-3.7175046359896275, 39.15050441083313], [-3.7174734159402356, 39.15050460310428], [-3.717457316333722, 39.15050037522827], [-3.7174225434474097, 39.15049124304303], [-3.717369455709042, 39.1504520705598], [-3.7173242390092076, 39.15041892673887], [-3.717321854880445, 39.15037640409319], [-3.7173529994713466, 39.15034623905333], [-3.7173507923107114, 39.15033744959316], [-3.7173388707685646, 39.1502899891367], [-3.717207939519283, 39.1500408741597], [-3.7168867325164023, 39.14959184482665], [-3.7166339259342123, 39.14928128873123], [-3.7165919314913007, 39.14922269792499], [-3.716565107796904, 39.14911289297702], [-3.716542052535131, 39.14887249381253], [-3.716480444276327, 39.1487767704388], [-3.716398297835184, 39.14862899441667], [-3.7162943546719682, 39.148221958948696], [-3.716280128951133, 39.148184972010704], [-3.716264554859054, 39.14814447807683], [-3.7161910008035814, 39.147953228463635], [-3.7160947723720383, 39.14781442162056], [-3.716079885491139, 39.147797195970846], [-3.715808269983523, 39.14748290967754], [-3.7156604908310795, 39.147330523885934], [-3.7156027372431533, 39.147268160398795], [-3.71548370867138, 39.14699062942713], [-3.715300723644624, 39.14653187735831], [-3.715220754719711, 39.14634688508592], [-3.7151554579783244, 39.146232552824515], [-3.715098290990304, 39.146154850309145], [-3.7147826185078734, 39.14585502325861], [-3.7146179923505973, 39.14566701326852], [-3.7144806920459277, 39.14549341996238], [-3.714191002434811, 39.145170709487864], [-3.714113803015917, 39.14510784456171], [-3.7139714739422964, 39.14502570080638], [-3.713819423300688, 39.14497063031282], [-3.7136391233383215, 39.144916147782574], [-3.7134747514042568, 39.14485981898015], [-3.7132604196656844, 39.14476568975274], [-3.7130850658272703, 39.14467222922418], [-3.7129982526382057, 39.14463929865615], [-3.7129016648805573, 39.14460265818204], [-3.712891526494249, 39.14460249863932], [-3.712816755221575, 39.144601317744495], [-3.7126876727051545, 39.14465814837239], [-3.712470996363657, 39.144792514460015], [-3.71236219870466, 39.14487491068942], [-3.7122544071587784, 39.14494624339073], [-3.712151391056934, 39.14500927705996], [-3.711654086410575, 39.14525923193677], [-3.7112883795634777, 39.14546333852185], [-3.711103388598702, 39.14558747854831], [-3.7110391824120925, 39.1456521035633], [-3.7110396863669637, 39.1457035709801], [-3.711044240825448, 39.145769635232625], [-3.711044297419332, 39.14577046010358], [-3.7113215875845795, 39.14661244139109], [-3.711461572953639, 39.14694386965369], [-3.7115842136511747, 39.14775425095724], [-3.711644649608534, 39.14785559150549], [-3.711728221676037, 39.1479958236327], [-3.711755631072008, 39.14814242572218], [-3.7117175775382294, 39.148218619870285], [-3.711657061630796, 39.14829481323923], [-3.7115886630067654, 39.14833370617079], [-3.711428818581739, 39.148422640544965], [-3.7110206142351543, 39.14864988077463], [-3.7109400632019565, 39.14871920120152], [-3.710869572401619, 39.148818864913814], [-3.7107893618298875, 39.14924643687687], [-3.710777040537466, 39.14930821342799], [-3.710719205202838, 39.14938147204196], [-3.710890872355297, 39.14964860942391], [-3.711205876491154, 39.14995036533369], [-3.711434791480073, 39.1500905967703], [-3.7114571712087283, 39.150118844073994], [-3.7110884487172076, 39.150366536244206], [-3.7101926639872453, 39.150869258371365], [-3.7100825269401425, 39.15112268951334], [-3.7089087091381656, 39.151613381818144], [-3.707479409571077, 39.15235000528745], [-3.706930555102181, 39.15257204932994], [-3.706523608397, 39.15283809903262], [-3.7057374666407035, 39.15366482792844], [-3.7049317901202583, 39.15433037081539], [-3.7047953315370368, 39.15447923757618], [-3.7043042351476188, 39.15504243195656], [-3.7042405356108383, 39.155238405371385], [-3.7041663572262493, 39.15552800837625], [-3.703883889171665, 39.156116097767345], [-3.7035520506074024, 39.15653922791702], [-3.703527408920856, 39.1566882613617], [-3.7035624450135503, 39.156721454472795], [-3.7036816397736536, 39.15680343063507], [-3.7037578321811013, 39.15686495535913], [-3.7037586721058875, 39.156947687133616], [-3.7036980708585294, 39.157014744589134], [-3.703404198691427, 39.15723594917552], [-3.703157516822814, 39.15738573761571], [-3.7030366493996487, 39.15750074066145], [-3.703033464871972, 39.157528988473445], [-3.703130281700047, 39.15782747506056], [-3.7032131809293913, 39.15794616567488], [-3.703361294255122, 39.158056557971136], [-3.7035107478672558, 39.158093857351986], [-3.703566236802365, 39.15813006799104], [-3.703562800746401, 39.158193688196285], [-3.703485771109091, 39.15825294998094], [-3.7033021213290493, 39.15826996689027], [-3.703128108675368, 39.15822176994925], [-3.702959879375467, 39.158144906093426], [-3.702785950265117, 39.15811255091819], [-3.702500289598015, 39.158136525094484], [-3.702217480183634, 39.158182795412614], [-3.702128211000605, 39.15819922444358], [-3.7020030666983583, 39.158199979512965], [-3.7019198332957277, 39.158192770828684], [-3.701622689464363, 39.15823702945], [-3.7015055922704483, 39.158284640575566], [-3.7014252927655042, 39.15833686078773], [-3.701325547429625, 39.1584327522621], [-3.7012604204698234, 39.15853275188846], [-3.7011843143006637, 39.15873760986999], [-3.7011400614931156, 39.15901958448038], [-3.701116845432929, 39.159250427169226], [-3.701046104002602, 39.159459729114495], [-3.7009995874405677, 39.15966282840942], [-3.7010076363455275, 39.15983482860004], [-3.7010986671248314, 39.15999735681027], [-3.7012466124656056, 39.160099953698975], [-3.7014135014791028, 39.16018939003506], [-3.7014559136385987, 39.16021696739408], [-3.701471589240316, 39.16025167032829], [-3.701432446948422, 39.16042693931805], [-3.7013959870259945, 39.160608161153135], [-3.701413921890645, 39.16077289837267], [-3.70172079627317, 39.16082575963741], [-3.7019159301158053, 39.16087638638786], [-3.70204613013645, 39.16091025594494], [-3.702051050209286, 39.16091153408053], [-3.702118626874839, 39.16092909294483], [-3.7021715080006747, 39.16095111935649], [-3.7022268262558695, 39.16097421563288], [-3.70243126305158, 39.161059450084046], [-3.702603262580732, 39.16114394193169], [-3.7027541409208955, 39.161217955798584], [-3.7029512896847216, 39.16133957864578], [-3.702989772613179, 39.161355265138006], [-3.7029932751444954, 39.16135671252165], [-3.703075844692138, 39.16139038751644], [-3.703124617822181, 39.16141029216331], [-3.703140073336642, 39.161416595033295], [-3.7032261732633445, 39.16145172504293], [-3.703371677881505, 39.16151112408481], [-3.7035371915742803, 39.16156444310845], [-3.7035571341736104, 39.161570865070416], [-3.7036937849963105, 39.16161488753435], [-3.7039122058660716, 39.16168520375644], [-3.704133591176253, 39.161753634419696], [-3.704397747972069, 39.16183528222874], [-3.7043977874979417, 39.161835294766156], [-3.7044632953434125, 39.16185559839439], [-3.7045340736046537, 39.16187753466453], [-3.704541657182284, 39.16187987915789], [-3.705005557076443, 39.16202327618912], [-3.7052264249570634, 39.16201454808832], [-3.705836051353266, 39.161990405282445], [-3.706012936819231, 39.161969869055056], [-3.7062732066048065, 39.161939685303324], [-3.7062841058641567, 39.161938420420334], [-3.7064235908715664, 39.161922243010366], [-3.7064895676376226, 39.16191462167008], [-3.7064993188500153, 39.161913497484015], [-3.706528944389792, 39.1619078396377], [-3.706530224489056, 39.16190759655158], [-3.7065307985125346, 39.16190748719768], [-3.7065411911220556, 39.16190550211056], [-3.7066421024711667, 39.16188623213535], [-3.7079231620500677, 39.16164148153859], [-3.708214884548717, 39.16163457131938], [-3.7085752284535753, 39.16162598595788], [-3.7085773673422646, 39.16162594764906], [-3.708583100390407, 39.16162584456338], [-3.70879863407483, 39.161624386737444], [-3.7088002034316587, 39.16162437628955], [-3.708806101769801, 39.16162433589117], [-3.708806583266778, 39.161624333105074], [-3.7088145701879713, 39.16162427877612], [-3.708976025292327, 39.16162318592904], [-3.70919024024991, 39.16162171904816], [-3.709208662001455, 39.161621592977205], [-3.7092115976958024, 39.161621575564105], [-3.7092145630345543, 39.16162156024056], [-3.7092230116897893, 39.161621508697756], [-3.7092236656633095, 39.16164087974146], [-3.709227250839626, 39.16175647693127], [-3.709227281382327, 39.16175743395426], [-3.7092277745574336, 39.16177331746937], [-3.7092279497289007, 39.16177880467831], [-3.7092289971645163, 39.16181449102875], [-3.709230425485835, 39.161831291851136], [-3.709231755890769, 39.16184699634334], [-3.709232150251162, 39.16185150562917], [-3.7092322508625037, 39.16185329081589], [-3.709232293083301, 39.161854028433076], [-3.709248992764442, 39.16205324676968], [-3.709250065352876, 39.16207283222276], [-3.709265281915476, 39.16235059346561], [-3.7092782266387174, 39.162573051022655], [-3.709278373962442, 39.16257560235782], [-3.7092823526008196, 39.162643983398866], [-3.709282612213947, 39.162646951247105], [-3.7092828592506493, 39.162649433624686], [-3.70929110488664, 39.16273232227784], [-3.709291120157991, 39.16273349938586], [-3.709304653277764, 39.16287128078848], [-3.7093105093951086, 39.16291489219313], [-3.7093108920774056, 39.16291773117525], [-3.709339810643034, 39.163133012193185], [-3.7093437569420824, 39.163178681620316], [-3.709343800959507, 39.1631792026092], [-3.709362730259178, 39.163398247447496], [-3.7093628955492104, 39.163399170319316], [-3.709362972804328, 39.163399597278136], [-3.7093633581815824, 39.16340445750398], [-3.7093636366593157, 39.163407970685064], [-3.709365204219484, 39.16342589110978], [-3.7093657315305473, 39.16343237906998], [-3.7093658123789197, 39.1634328735897], [-3.709365982160504, 39.16343391347419], [-3.7093670978680993, 39.1634416495735], [-3.7093836106996445, 39.16355776479024], [-3.709392128525189, 39.163617664930406], [-3.709392497732763, 39.163620004490156], [-3.7093933259794536, 39.16362563155255], [-3.7093938640703144, 39.163629275665464], [-3.709393974563091, 39.16363017137058], [-3.709394250345867, 39.16363242665287], [-3.709407938874171, 39.163728225239275], [-3.7094081014692453, 39.1637298083923], [-3.709418710572767, 39.163832867887415], [-3.7094188462183615, 39.16383471013711], [-3.7094188614897123, 39.16383592762385], [-3.7094192396804573, 39.16383889402877], [-3.7094255467520783, 39.16390055677628], [-3.709425601549301, 39.163901074973815], [-3.7094425958778245, 39.16406718146347], [-3.709457583370031, 39.16424011255193], [-3.70947388060594, 39.164428148143784], [-3.7094778583459878, 39.16470825911194], [-3.709477788277414, 39.16470890127943], [-3.709477322051787, 39.164713056562874], [-3.7094504202039764, 39.16495029456142], [-3.709449313479519, 39.16495481270277], [-3.7094126092153474, 39.16510416542163], [-3.7093837876677727, 39.16516354744966], [-3.7093835837501983, 39.165163966039856], [-3.7093409353337656, 39.16525183371373], [-3.709340496955916, 39.16525240692392], [-3.709339679488991, 39.165253467676166], [-3.7092281320869116, 39.16540679391668], [-3.7092266399852325, 39.16540842021412], [-3.7092250876964146, 39.16541058071721], [-3.7092248226934044, 39.165410950551845], [-3.709091227939296, 39.165558308263826], [-3.709090238894158, 39.16555939965682], [-3.7090503429157664, 39.165603404998464], [-3.7090277628627915, 39.16562561660444], [-3.7089180758716345, 39.16573369706053], [-3.7089169278247103, 39.165734878993746], [-3.708915092566607, 39.165736689155345], [-3.7089108516201432, 39.16574086248665], [-3.708897479298817, 39.16575408314162], [-3.7088970948198594, 39.16575446202873], [-3.7088805909714853, 39.16577077924709], [-3.708880101389634, 39.16577118529697], [-3.7088781870797862, 39.16577277397592], [-3.7088750825021504, 39.16577576885499], [-3.7088719833144306, 39.165777769852035], [-3.708797487824533, 39.16583931319423], [-3.7087949527788244, 39.165841406821684], [-3.7087930178076767, 39.16584298156936], [-3.708791047802275, 39.165844583479874], [-3.708788289076022, 39.16584685540677], [-3.708674638717871, 39.16594071893661], [-3.708553339205035, 39.16603995569139], [-3.7085520959366858, 39.16604097324994], [-3.7085514482513786, 39.16604150187894], [-3.708485893693525, 39.166095134367204], [-3.708474402444388, 39.16610385987226], [-3.7084732382277834, 39.166104806388894], [-3.708466706577354, 39.166110121925854], [-3.708444688869762, 39.166126711385374], [-3.7084254676176007, 39.16614119468584], [-3.7084245450478157, 39.16614191484602], [-3.7084229972505836, 39.166143077270924], [-3.708422225597743, 39.16614365674216], [-3.7084201118618734, 39.166145244716205], [-3.7084008322192674, 39.166159947403976], [-3.708396952395537, 39.16616290883555], [-3.708395680381114, 39.16616387763876], [-3.7082580971071253, 39.16626881197041], [-3.708240266447071, 39.166280723146585], [-3.708238727632977, 39.166281869550176], [-3.708236362368853, 39.1662836316407], [-3.707733107282054, 39.16662197797524], [-3.707616061292108, 39.16670817855778], [-3.7076145188847582, 39.166709386244136], [-3.7076116433775494, 39.166711380946396], [-3.7076107297909013, 39.1667121101549], [-3.707538143221002, 39.1667658243157], [-3.707517539461642, 39.16678107081961], [-3.707510758079553, 39.166785882058626], [-3.707428019648623, 39.166845772485054], [-3.7074149186185203, 39.166855218746356], [-3.7072957445196835, 39.16694154649739], [-3.707098046885198, 39.167199001061], [-3.707096727260062, 39.16720071785805], [-3.707061955272047, 39.16724600228276], [-3.7070501693754947, 39.16725221130301], [-3.7070436269453007, 39.167255657430914], [-3.7070425390854824, 39.16725623062477], [-3.707040323840007, 39.167257396513605], [-3.706847552566537, 39.167358943683844], [-3.7066379423731086, 39.16746455459122], [-3.706636326303897, 39.167465379207876], [-3.70663517196876, 39.167465955185875], [-3.7066332154380817, 39.16746693093581], [-3.7065498374066514, 39.167510683659685], [-3.7065492624848755, 39.16751098453314], [-3.706351438187966, 39.16761479206361], [-3.7063471981397993, 39.16761701378781], [-3.706343952526686, 39.16761871455596], [-3.706271416262458, 39.167657272254196], [-3.7061963844783268, 39.167685206757774], [-3.7061948860884346, 39.16768576601886], [-3.70607928189453, 39.16772880612376], [-3.7060785946833508, 39.16772908122713], [-3.706077664028691, 39.16772945244253], [-3.7058176206185838, 39.16780437174733], [-3.7058166441498726, 39.167804617598925], [-3.705815432322555, 39.16780492404283], [-3.705708736721299, 39.167824209111714], [-3.705442000862316, 39.16787242385023], [-3.7054360872527905, 39.16787354236936], [-3.7054309991950305, 39.167874472147055], [-3.705422429267221, 39.16787596327372], [-3.7054202526492865, 39.167876342149405], [-3.705411704281041, 39.167877833276044], [-3.705401877610125, 39.167879706064156], [-3.7053989967130336, 39.16788025626962], [-3.70511399990092, 39.16796090938455], [-3.7051114594652956, 39.167961646937634], [-3.704901783694845, 39.16805032249354], [-3.7048957901352444, 39.168052879201724], [-3.7048900229511457, 39.168055343280486], [-3.7048876343307966, 39.16805632459393], [-3.7048862176876076, 39.168056906138816], [-3.7048672057429037, 39.16806500597863], [-3.704779593951586, 39.16810233696537], [-3.704669400310633, 39.1681949062493], [-3.7046673305921867, 39.168196632076004], [-3.704662393451406, 39.16820080665424], [-3.7046617816986824, 39.168201356160786], [-3.7046581525049422, 39.16820461210876], [-3.7046541298491062, 39.16820788128928], [-3.7046537588449056, 39.168208139675734], [-3.7046532153641283, 39.16820851785321], [-3.7046514888021735, 39.16821006051073], [-3.7045409475132103, 39.16830290962919], [-3.7044970935576402, 39.16834190572096], [-3.7044964665335995, 39.168342463583876], [-3.7044212694594685, 39.16840932979552], [-3.704420129497386, 39.16841041905493], [-3.7044171982945895, 39.16841307603986], [-3.7044139266303278, 39.16841604364468], [-3.7044108337308215, 39.168418591982096], [-3.704303093388907, 39.168526016959774], [-3.7042511842401984, 39.16857958696193], [-3.70424660103564, 39.16858232542577], [-3.704180425741892, 39.168620705696114], [-3.7041745202172405, 39.16862412947039], [-3.704159528233448, 39.16863282401768], [-3.7040068478728063, 39.16872136291874], [-3.704004086451629, 39.16872227457747], [-3.7037127322622574, 39.16881657582143], [-3.703523180550784, 39.16888034724285], [-3.7035201801777458, 39.168881353617074], [-3.7035059885929, 39.16888621624996], [-3.703491938941862, 39.16889092775226], [-3.703484648214986, 39.16889337439037], [-3.703478936726441, 39.16889523461529], [-3.703396142599957, 39.168922199861974], [-3.703387887980795, 39.16892495015221], [-3.7033870309880306, 39.1689252350012], [-3.703386363539754, 39.168925445329776], [-3.7033814901793667, 39.16892697752487], [-3.7033764191895853, 39.16892870472649], [-3.7033742237070126, 39.16892945132335], [-3.703371287114368, 39.16893032885316], [-3.703370526241293, 39.168930557289535], [-3.7032349560918996, 39.168974807065915], [-3.7032327058121046, 39.16897605092889], [-3.703218648974523, 39.16898369518344], [-3.7032180686628653, 39.16898401067607], [-3.703061910025463, 39.16906892967989], [-3.7030334567871317, 39.16908990190223], [-3.7030092795295837, 39.16910772267982], [-3.7030076706469157, 39.16910890455629], [-3.703006748975427, 39.169109633739936], [-3.702977913054799, 39.16913161162432], [-3.7028529717718297, 39.16923373414143], [-3.7028517985720533, 39.16923469175911], [-3.7028355300822855, 39.169247989063216], [-3.702835140213445, 39.16924834634163], [-3.7028347323782964, 39.16924871894188], [-3.7028199227525147, 39.1692610572331], [-3.702806950181497, 39.16929296433943], [-3.7027978861802837, 39.16931525626474], [-3.7027950187579153, 39.169322798104545], [-3.70279156653227, 39.169331877701346], [-3.702768433117083, 39.16939185162285], [-3.702765907054478, 39.169395865250706], [-3.7027654749648407, 39.16939655403746], [-3.7027581599834765, 39.16940803149357], [-3.7027570541573827, 39.16940976355854], [-3.7027563912006913, 39.16941080335467], [-3.7026072663719622, 39.16964476544834], [-3.702569773386939, 39.169717815545354], [-3.702550190113748, 39.16975596745881], [-3.702549926009034, 39.16975648282743], [-3.702541074908567, 39.16977437795563], [-3.70253243491215, 39.16979180994419], [-3.7024629978356414, 39.169931911299294], [-3.7024560754180422, 39.1699459188426], [-3.702434775464364, 39.169980737461664], [-3.702421310616571, 39.17000282302224], [-3.702401743513027, 39.17003491156323], [-3.702393828457068, 39.17004782428053], [-3.702385113900492, 39.17006204491169], [-3.702358459987714, 39.17010563932205], [-3.7023414854220937, 39.17013340988611], [-3.702333154446145, 39.170147186867624], [-3.702329072501501, 39.17015393746216], [-3.702327564230141, 39.170155620061514], [-3.7023271276489185, 39.17015610826605], [-3.702299483792672, 39.170187595013104], [-3.7022973017848555, 39.17019008339247], [-3.702280797038117, 39.170208882388984], [-3.702225306306414, 39.170272091218095], [-3.7022247646222968, 39.17027270617368], [-3.702214952324435, 39.17028383596384], [-3.702213814158979, 39.170284886193656], [-3.7022128817076916, 39.17028574699204], [-3.70221162586295, 39.17028683622239], [-3.7021830800981506, 39.17031185717547], [-3.7021826965175233, 39.17031219355529], [-3.7021821090193217, 39.17031270891983], [-3.7021356499494686, 39.17035343176029], [-3.7021339323706517, 39.1703549249237], [-3.702132880443451, 39.170355839347], [-3.7021320989091424, 39.17035651767771], [-3.702101300169623, 39.170378479850804], [-3.702039334381341, 39.170422668822575], [-3.7020374146815773, 39.17042414596644], [-3.7020364534842156, 39.17042488697589], [-3.7020290585528097, 39.17043058661981], [-3.7020258713301746, 39.17043300743615], [-3.70194707291008, 39.170495720897314], [-3.7018440235705765, 39.170577687973235], [-3.7017851470885454, 39.17062451979248], [-3.7016680247418132, 39.170752878305414], [-3.7016552722580176, 39.17076687314938], [-3.701641793037204, 39.17078165496093], [-3.701633723470977, 39.17079050524267], [-3.701611313199587, 39.170815057316744], [-3.701610124728494, 39.170816567184744], [-3.701608796120187, 39.17081823305385], [-3.701504271746982, 39.17097061324797], [-3.701483986889558, 39.170996568569294], [-3.7014838287860683, 39.17099676983806], [-3.701473277174729, 39.17095961031717], [-3.7014430901879325, 39.170904466100744], [-3.701423094588007, 39.17087057907], [-3.7013922482377746, 39.170818257429026], [-3.701339956406768, 39.17074088849307], [-3.701283376916916, 39.17066240726514], [-3.7012777615480927, 39.1706528863002], [-3.701260621692473, 39.17062379341027], [-3.701252049968036, 39.17060924765727], [-3.7012439732152993, 39.170601815992256], [-3.7012382087261257, 39.170596511937774], [-3.70121714413102, 39.170577098788414], [-3.701203577773621, 39.17056446961781], [-3.701197214108116, 39.17055856175034], [-3.7011281462391814, 39.17053215915526], [-3.7009580744946673, 39.17053609889579], [-3.700780878211606, 39.17055060009208], [-3.700586247425511, 39.17056728113018], [-3.700379965490195, 39.17059460718593], [-3.700220623223413, 39.170623945929684], [-3.7000391518579314, 39.17069175781999], [-3.699847204339601, 39.170820004084355], [-3.699792555329277, 39.17091354827907], [-3.699770261838876, 39.17106853361537], [-3.6997493912798776, 39.1712106945553], [-3.6997374903989972, 39.17135402868951], [-3.6997477177185183, 39.17146810145558], [-3.6997617583863844, 39.171521068200505], [-3.699762131187247, 39.171522471500076], [-3.6997874726613995, 39.17161798216282], [-3.699849224650673, 39.1717607158456], [-3.6998978594401626, 39.17189315262664], [-3.700045784119669, 39.17220004116048], [-3.7000384421888586, 39.172204766369205], [-3.699934465787983, 39.17227167417595], [-3.699934242107473, 39.17227181554905], [-3.699933898052717, 39.17227203561749], [-3.6999286168571484, 39.172275812298516], [-3.6999280015112035, 39.172276252435374], [-3.699900052227744, 39.17229621250094], [-3.6998994440683086, 39.17229664706633], [-3.699372720494739, 39.17267396025263], [-3.6993034514031544, 39.17272525817623], [-3.699217091863324, 39.172820318018466], [-3.699207465516728, 39.17283091325622], [-3.6991597362290793, 39.172883443716486], [-3.699136427642392, 39.17291433311303], [-3.699135953331924, 39.17291496197379], [-3.6991210682476527, 39.17293468020289], [-3.6989996492589032, 39.17309553949039], [-3.698968255834672, 39.173137283746534], [-3.698953813619869, 39.173156447570626], [-3.698772580307919, 39.17339442035249], [-3.698744931960087, 39.173421381784834], [-3.6987331685214624, 39.17343217540815], [-3.6987290946616587, 39.17343591233163], [-3.698696812803598, 39.17346552636371], [-3.6986848328709727, 39.17347651636709], [-3.698671499177189, 39.173485623980305], [-3.6986507498907653, 39.17349979934626], [-3.6986470632048443, 39.17350231894676], [-3.69859848231428, 39.17353549298172], [-3.6985618526102684, 39.173562910506156], [-3.6985465525043373, 39.173574371264976], [-3.698543167652341, 39.173576905487366], [-3.698537593606018, 39.17358108044265], [-3.698533681442959, 39.173584011616235], [-3.6985317761162144, 39.17358548172967], [-3.698528137041006, 39.17358828894282], [-3.6985253181276483, 39.17359046730113], [-3.698493700124609, 39.17361487842008], [-3.698472254643801, 39.17364863807901], [-3.698450754365804, 39.17368250845014], [-3.6984496242851894, 39.17368428985461], [-3.6984461882292248, 39.17368970022623], [-3.6984418233152616, 39.17369657026238], [-3.6984380584758925, 39.17370483241148], [-3.6983937706340577, 39.173801981534375], [-3.698393670022749, 39.17380220368728], [-3.6982521188901822, 39.1735247892107], [-3.698228895643452, 39.173480802057085], [-3.6982165752493272, 39.17345746405543], [-3.698216341687348, 39.17345701905108], [-3.6982160650062426, 39.173456495352696], [-3.6980757670234925, 39.173190722793095], [-3.6980069264283233, 39.17310299178419], [-3.6980039224620302, 39.17309916291677], [-3.6980036008651354, 39.17309875203429], [-3.6980031310462538, 39.17309815103161], [-3.6978603860526436, 39.172916191142356], [-3.6978206320080598, 39.17287265140174], [-3.697798083396116, 39.172847951013516], [-3.6977932280020043, 39.17284263389658], [-3.6977461724508127, 39.17279107072489], [-3.697648848972908, 39.1727168754323], [-3.697648460002398, 39.172716578759584], [-3.697632664924767, 39.172704534265314], [-3.697486542265704, 39.17261881250564], [-3.6973287486944844, 39.17255997997674], [-3.697326308870167, 39.17255907045704], [-3.697295716743147, 39.17254766385326], [-3.6971385573825115, 39.17248906177887], [-3.6970820605376584, 39.17248147988642], [-3.6968764738983633, 39.17245386903272], [-3.696767266607589, 39.17243920178516], [-3.696750757369299, 39.17243699135595], [-3.696694557866819, 39.172429466564154], [-3.6966944680352753, 39.17242945472506], [-3.6966448585737353, 39.172434679249754], [-3.6966353202620543, 39.1724356827874], [-3.696456835794856, 39.172454465166005], [-3.696293743061792, 39.172492840537465], [-3.6962325264684215, 39.172506867766806], [-3.696222115892593, 39.17250925299443], [-3.696218259425087, 39.17251013605095], [-3.6961200295470773, 39.172532630310094], [-3.6960202842111975, 39.17258395480057], [-3.6959429356719524, 39.17263928155372], [-3.695894682666496, 39.172670466337586], [-3.695892924663476, 39.17267160358363], [-3.6958917388873074, 39.17267236824754], [-3.6958528858529456, 39.172697478885844], [-3.6958194927788752, 39.172719060085356], [-3.6956707730903373, 39.17280527687308], [-3.6956451702064292, 39.17281993777656], [-3.695542761365722, 39.172878579270765], [-3.6954714890310774, 39.17292126381288], [-3.695429967102005, 39.17294613061795], [-3.6954295341140377, 39.17294638829058], [-3.695417529028594, 39.172953577356246], [-3.69536402537027, 39.17298561510557], [-3.6952127275168616, 39.17307967454947], [-3.6951762514247526, 39.17310539997313], [-3.6950137255285904, 39.173219905154326], [-3.694848369939304, 39.17338209880385], [-3.6947179273735107, 39.173512148034185], [-3.6947165691207995, 39.17351350115271], [-3.694672875065413, 39.173557054424705], [-3.694653561286784, 39.173578519756994], [-3.694651213988935, 39.17358113058386], [-3.6946448682897723, 39.173588181696275], [-3.6945404984268015, 39.17370418475484], [-3.6945296548630044, 39.17371413429207], [-3.6945293117065807, 39.173714449067056], [-3.6945208405934515, 39.17372222373069], [-3.694517810576009, 39.17372500029657], [-3.6945166634273816, 39.17372605256419], [-3.694516263677073, 39.17372641956948], [-3.694441926290698, 39.17379459268746], [-3.6943470354506, 39.173862551943465], [-3.69434496393556, 39.17386403667554], [-3.694313882226721, 39.173886286760506], [-3.6941976599918807, 39.17399294918268], [-3.6941206249646887, 39.17411287300732], [-3.6941151227835998, 39.17412143595263], [-3.6940799878761905, 39.17417613055742], [-3.694050815087351, 39.17428252094425], [-3.6940329925121045, 39.17443537623528], [-3.6940296328129265, 39.17457669051486], [-3.694035298487454, 39.174639460170695], [-3.694042232583116, 39.174716277451], [-3.6940915977029114, 39.17490954349885], [-3.694124350278185, 39.17503211901314], [-3.6941245119749295, 39.17503272278484], [-3.6941472483347653, 39.17511781415352], [-3.6941642759009814, 39.1752030753385], [-3.6941643836988325, 39.17520362130832], [-3.694167576311351, 39.17521960554911], [-3.694172437095345, 39.175249057963946], [-3.694172552978004, 39.17524975783559], [-3.6941955237981494, 39.175388933959226], [-3.6942226834624603, 39.17546672118493], [-3.6942391163439305, 39.17552054147402], [-3.6942400308289094, 39.17552353384882], [-3.694240158389664, 39.175523948199064], [-3.694261451156831, 39.175593632125256], [-3.6943077691912065, 39.175710945257705], [-3.6943093834637906, 39.1757150365201], [-3.6943095559403005, 39.175715468975184], [-3.6943132830504237, 39.175724906384865], [-3.6943260193645386, 39.17575715944719], [-3.694337328255632, 39.17578826346052], [-3.6943847934386334, 39.175919601423985], [-3.6943994620289047, 39.17595576597857], [-3.6944008966384025, 39.175959301513316], [-3.6944174561823635, 39.1760000830619], [-3.6944619739928886, 39.17612633078125], [-3.6944828984507794, 39.17629994113316], [-3.694416539900758, 39.17634067513038], [-3.6944160296576727, 39.176340987804494], [-3.694415349633003, 39.17634140632822], [-3.694364603802601, 39.176372556044086], [-3.694293105092521, 39.17643578161705], [-3.6942871375840696, 39.176441046930336], [-3.6942737490930955, 39.176455097745276], [-3.6942723818572136, 39.17645653437251], [-3.6942339941501814, 39.176496810062766], [-3.694232473302395, 39.17649840824867], [-3.694193746032193, 39.17653905090555], [-3.694192217997897, 39.176540653268766], [-3.6941540845140772, 39.17658066219864], [-3.694084083295558, 39.176654104114036], [-3.694041806781658, 39.176699384540676], [-3.694021981861681, 39.176720617717145], [-3.694021210208841, 39.176721444314374], [-3.694018437109568, 39.17672441156859], [-3.6940145509976237, 39.176728571713134], [-3.693946238611848, 39.176801712640334], [-3.6939228922959493, 39.17682670968776], [-3.6938976774842205, 39.17685371019374], [-3.6938344208168767, 39.176921442957386], [-3.69379175084088, 39.176970865236314], [-3.6937706314485528, 39.176995410277954], [-3.693762217827605, 39.17700518943462], [-3.693740789414808, 39.17703185770258], [-3.6937384385237046, 39.17703478246502], [-3.693736981456313, 39.17703666127663], [-3.6937365358919187, 39.17703723717624], [-3.693719112168683, 39.177059689597655], [-3.693691027239629, 39.177095868189625], [-3.693664605092201, 39.17712990611843], [-3.6936241117341395, 39.177182065683446], [-3.6936187829278575, 39.17719068953558], [-3.693618449652901, 39.17719123061545], [-3.6936178576631136, 39.1771921909103], [-3.6936160394729884, 39.177195131682545], [-3.6936059999013606, 39.17721137173489], [-3.693605571404978, 39.17721205974866], [-3.693604982110149, 39.17721300611579], [-3.6936020553989386, 39.17721770870379], [-3.6935885447370937, 39.17723941943357], [-3.69354850772319, 39.17730122572267], [-3.6935097418254133, 39.17736115385089], [-3.693507268763437, 39.177364978308], [-3.6935056185582695, 39.17736752632113], [-3.6934754189950474, 39.17741421434486], [-3.6934737993325806, 39.17741671639589], [-3.693461511277818, 39.17743571192537], [-3.6934490067290544, 39.17742883180894], [-3.6928148096131754, 39.177079918497576], [-3.692706886014955, 39.17702055628018], [-3.69249088879983, 39.176901431976674], [-3.6924902536909157, 39.17690108030817], [-3.692375029484383, 39.176837534125234], [-3.6923667901366053, 39.17683341785872], [-3.692336521403107, 39.176818297488715], [-3.692285115310972, 39.176805716096084], [-3.6922567842435456, 39.176805654118766], [-3.692219006492576, 39.17680557403572], [-3.692182611248839, 39.17682452585872], [-3.6920720232474604, 39.17693329104854], [-3.692030797762464, 39.17697383665821], [-3.6920999330050472, 39.177083288935755], [-3.6921731852265625, 39.177173665365224], [-3.692238316677916, 39.17724005034474], [-3.6923161934265214, 39.17731943020792], [-3.692348800474732, 39.177380364573224], [-3.692459012081994, 39.17758629995589], [-3.6924605149634377, 39.17762528950707], [-3.692460711694502, 39.17763040710165], [-3.6924608527300133, 39.17763408948548], [-3.69246115276731, 39.17764189992675], [-3.6924613773461177, 39.17764774034794], [-3.692461509398458, 39.17765116159364], [-3.6924661527901876, 39.17777197191851], [-3.6924585871788667, 39.177802976156784], [-3.6924581470043556, 39.17780478740052], [-3.6924580338166213, 39.177805247001], [-3.692457698745037, 39.177806617446045], [-3.692456958533229, 39.17780964732724], [-3.6924499040633223, 39.17783852276409], [-3.6924475585621015, 39.17784812283799], [-3.6924450217197307, 39.17785851189081], [-3.692429988413472, 39.177920051624895], [-3.692379410568027, 39.17799069415667], [-3.692378216707018, 39.1779923619449], [-3.6923765413489984, 39.17799470033017], [-3.692335172133533, 39.17803838870615], [-3.692270161954754, 39.17806578985119], [-3.6921613966350857, 39.178098712435705], [-3.692151304961193, 39.17810283976996], [-3.6920392967233697, 39.178148631785206], [-3.691912357587189, 39.17819074420164], [-3.691888877422289, 39.178201448655116], [-3.691877610751993, 39.17820658640218], [-3.6918680661520993, 39.17821093586903], [-3.691720908633847, 39.178278016925226], [-3.691695394683152, 39.178297892420346], [-3.6916781470296804, 39.17831131962257], [-3.69162996139784, 39.17834882970526], [-3.691620957583766, 39.17835583786162], [-3.6915742218327736, 39.178430732615], [-3.6915062103826255, 39.17854395061256], [-3.69145187039277, 39.178627071222], [-3.691449370381314, 39.17863089700299], [-3.6914245364552887, 39.17866886790268], [-3.6914033290280788, 39.1787312146995], [-3.691401022154432, 39.17873799093157], [-3.6913671484816817, 39.17883753412944], [-3.691293052742126, 39.179008064783474], [-3.6912912992306914, 39.179012102931225], [-3.6912672845681853, 39.179067358473006], [-3.691240730368384, 39.17908301942463], [-3.6912397727642787, 39.179083584862184], [-3.6912035131661702, 39.17910497887221], [-3.6911058438368833, 39.17916408446524], [-3.6910022788644117, 39.17920815928544], [-3.690999575833746, 39.179209252555644], [-3.6909208591603204, 39.17924109526204], [-3.6907733117732278, 39.179281597759875], [-3.6907383493423613, 39.17928556556055], [-3.6907369641402044, 39.17928572363196], [-3.6907361331985555, 39.17928581763915], [-3.690731407161859, 39.17928635452478], [-3.690698640213566, 39.179290078602826], [-3.6906822019421797, 39.179291947605265], [-3.6906586885396204, 39.179294620891476], [-3.690531638910664, 39.17929825792537], [-3.6905169325911475, 39.179298679216885], [-3.6904958212836605, 39.17929928643371], [-3.6903542387100288, 39.17931101922652], [-3.6901711791231118, 39.17934537152899], [-3.690031840541096, 39.1793824214698], [-3.689925445875468, 39.17942561457613], [-3.689924305015054, 39.17942607834412], [-3.6899228793886936, 39.1794266563132], [-3.6899210638935265, 39.179427394442435], [-3.6899145421245656, 39.17943004474397], [-3.689884885143757, 39.17945541479581], [-3.68984770387416, 39.17948722048429], [-3.6898333443043243, 39.17949394720275], [-3.689745106387229, 39.17946995175551], [-3.689555755000076, 39.179434831441796], [-3.689271771487622, 39.1793858816266], [-3.688927267576149, 39.17932879981101], [-3.6888809989491476, 39.17935688008972], [-3.688799610686088, 39.17943089498518], [-3.6886923212984506, 39.179547322228686], [-3.688615879159343, 39.17965503242021], [-3.6886085039908396, 39.179668108404925], [-3.6885519253993175, 39.17976877766833], [-3.688393340412322, 39.18003382136203], [-3.6883173177864585, 39.18017539526622], [-3.6883103621311992, 39.180263407824626], [-3.6883364806480743, 39.18031125750871], [-3.6883687867606567, 39.180370446344625], [-3.6884624990110964, 39.1804518371797], [-3.688595355350024, 39.18056926963569], [-3.68882661943342, 39.180769266385276], [-3.688967020722436, 39.18086976625536], [-3.689165592417664, 39.18104749553733], [-3.6891830987859326, 39.18104827403677], [-3.689189263923713, 39.18104854769536], [-3.6892113265470927, 39.18104979900439], [-3.689229465329318, 39.1810508281834], [-3.6894811768651787, 39.18102889092994], [-3.689486725758684, 39.181027952273794], [-3.6894874533940656, 39.18102829347671], [-3.689488820629948, 39.18102893131717], [-3.6895278802768092, 39.18105453127802], [-3.6895406893544553, 39.1810628044001], [-3.6895678481204355, 39.18108250293599], [-3.6896275294929652, 39.18113991965568], [-3.6897059874515596, 39.18125928118951], [-3.689749406622502, 39.18133932986517], [-3.689802299426433, 39.18143287468861], [-3.689817052458331, 39.181489872629115], [-3.6898104300780625, 39.18153371132881], [-3.6897580439239603, 39.18157578899021], [-3.6895956851144582, 39.181659610697146], [-3.6894590585462455, 39.18171375978562], [-3.689253111682547, 39.18176966983855], [-3.689151604750393, 39.18178718798306], [-3.6890065133572647, 39.181806467128496], [-3.6888931872908994, 39.181827758646506], [-3.6887401314344714, 39.18186564634965], [-3.6886258845949813, 39.181892803682295], [-3.6884522097078425, 39.181931026978276], [-3.6883125648002824, 39.18194385255955], [-3.6881906867724155, 39.18195264781945], [-3.688190606822374, 39.181952652693745], [-3.6879873045988307, 39.181945788338524], [-3.6879870899014913, 39.18194578137527], [-3.687802814894002, 39.181942766991405], [-3.68780260109496, 39.18194276350983], [-3.6877120383379105, 39.1819447710101], [-3.6877118236405373, 39.18194477588434], [-3.687639486802299, 39.18195592471674], [-3.6875806157101505, 39.1819677775301], [-3.6875805761842777, 39.18196778031539], [-3.6875620843641603, 39.18196719192234], [-3.687561869666787, 39.18196718495909], [-3.687551957655947, 39.181966870917385], [-3.687551744755235, 39.18196686395414], [-3.687488166490996, 39.18196475409497], [-3.6874880757611557, 39.181964670536225], [-3.687272230361308, 39.18214314002499], [-3.6872641706765825, 39.182150048925486], [-3.6869587883957373, 39.182437848384986], [-3.686671497286437, 39.18268310107238], [-3.6861381791803414, 39.18310804197352], [-3.686047065756005, 39.18318057256218], [-3.6860390707500037, 39.18318685816235], [-3.686038251486451, 39.1831875029464], [-3.6859583607149857, 39.183250295552405], [-3.6859066761450845, 39.18329093569876], [-3.6858786415217004, 39.18331298017434], [-3.6858782651276165, 39.18331327610599], [-3.6858778860385746, 39.18331357273395], [-3.6858625176606647, 39.18332565788582], [-3.685862068503049, 39.18332601091483], [-3.68586109652589, 39.18332686737576], [-3.6858162696948966, 39.183366295899624], [-3.68559046108024, 39.1835657659428], [-3.685577104030298, 39.183580602160916], [-3.685497906758226, 39.18366858887052], [-3.6854705279049895, 39.183706136480545], [-3.6854702305626175, 39.18370654451581], [-3.685469668217267, 39.18370731811164], [-3.685409017562536, 39.18379049040956], [-3.6853757412694548, 39.18383366688139], [-3.685322692158662, 39.18389769067204], [-3.6853221307116093, 39.18389836956843], [-3.685262904784941, 39.183969850708834], [-3.6850802215921425, 39.18418811777991], [-3.685079267581291, 39.18418925832117], [-3.685078878610781, 39.18418972484293], [-3.6850206004067174, 39.184259353527914], [-3.6847067137750833, 39.184605502420084], [-3.68462323243742, 39.18469682519405], [-3.684622451801442, 39.184697680245655], [-3.6845381880311736, 39.184789857950406], [-3.684455524160402, 39.1848604977568], [-3.6844550678162435, 39.18486088907433], [-3.684360768965933, 39.18494147327628], [-3.684297313770896, 39.184995000135785], [-3.684296549304566, 39.18499564559956], [-3.684296044451397, 39.18499607033835], [-3.684279677146915, 39.18500987574093], [-3.6842294783905123, 39.1850522173053], [-3.6842280824085565, 39.18505339612865], [-3.684225709059591, 39.185055352710705], [-3.6842227778567955, 39.18505747709924], [-3.6842176044590778, 39.185061223849246], [-3.684217436474121, 39.18506134500412], [-3.6839218485248284, 39.18527682839855], [-3.683915953779942, 39.18528112659873], [-3.6839042981391357, 39.185289623428886], [-3.6838813704381512, 39.18530633717745], [-3.6838799735578642, 39.18530703834153], [-3.6838792953298225, 39.185307378131064], [-3.683878648542812, 39.18530770260223], [-3.6838777421427076, 39.185308156583346], [-3.683871002981449, 39.18531153358995], [-3.6838641793785305, 39.185311781469245], [-3.6838613559736193, 39.18531188312754], [-3.6838590275403766, 39.18531196807496], [-3.6838571815024745, 39.18531203422249], [-3.6837982619013165, 39.18531415233666], [-3.6837980472039433, 39.18531415999582], [-3.6835410167433014, 39.185323464518234], [-3.6835408029442585, 39.18532347217745], [-3.683500130821441, 39.18532496014891], [-3.6834999170223988, 39.18532496780812], [-3.6834309165271124, 39.185343654136986], [-3.6833742543922603, 39.185358993397195], [-3.683362991315219, 39.185362051500775], [-3.683362786499348, 39.18536210581139], [-3.6833563985793543, 39.185363847231386], [-3.6833182291629503, 39.185374235173555], [-3.6833157453211762, 39.18537491127053], [-3.6828990779463036, 39.185617573271024], [-3.6828896231779527, 39.18562282745237], [-3.682760776918435, 39.18569443634836], [-3.6827503115453823, 39.18570096820901], [-3.6827496009779783, 39.18570141383217], [-3.682746251160269, 39.185703513831164], [-3.6826178684314534, 39.185785889305464], [-3.6820781498289716, 39.18613223260178], [-3.6809084004969157, 39.186303386834446], [-3.680905525888005, 39.18630389094127], [-3.680797203437805, 39.18632295717881], [-3.6806322071746247, 39.18634714315634], [-3.68060415638156, 39.18635125886582], [-3.680601345553008, 39.18635167175967], [-3.6806042587894954, 39.18635704773507], [-3.680605866773833, 39.186360014582604], [-3.6806100313635106, 39.186367688976134], [-3.680627718293129, 39.186400340301574], [-3.6806282141631597, 39.186401255212495], [-3.6806134629278895, 39.186408093370275], [-3.68061855996882, 39.18650457183131], [-3.680669223154222, 39.18661630350357], [-3.680702551549568, 39.186689800385146], [-3.680780014174812, 39.186813614226324], [-3.68078053879095, 39.18681453470206], [-3.680716752117585, 39.18680724191604], [-3.680307619811299, 39.186781266668966], [-3.680307458114555, 39.1867812569211], [-3.6797334589025374, 39.18690849627025], [-3.678847984137062, 39.187157528040295], [-3.678845433819969, 39.18715826608831], [-3.678844919085332, 39.18715841369792], [-3.678841023990251, 39.18715952703639], [-3.6788071161815443, 39.18716922053036], [-3.6785759212684246, 39.18720912802231], [-3.677075647607394, 39.18753277711244], [-3.677073980334214, 39.18753314613449], [-3.6770706933986013, 39.18753386746816], [-3.6762520811380535, 39.18771594479377], [-3.6761403271234414, 39.187740791744595], [-3.676140104341261, 39.18774084187571], [-3.676100220939262, 39.187751274027555], [-3.676099281301498, 39.1877515198094], [-3.676098440478382, 39.1877517398294], [-3.676097350821936, 39.187752023905894], [-3.6760812071979636, 39.18775624118787], [-3.676101537869473, 39.18758207774369], [-3.6761218874056216, 39.187407906208946], [-3.676059890176274, 39.187381853897925], [-3.6759429474925946, 39.18736875288982], [-3.6758214539436858, 39.187366577743475], [-3.6758212401446437, 39.18736657356584], [-3.6755490757663676, 39.18733681708351], [-3.6753629942468486, 39.18730848446119], [-3.675147492003458, 39.18729574410749], [-3.6749258713346373, 39.18727495556049], [-3.674796284863344, 39.18726498148406], [-3.6746599924684182, 39.18726003517714], [-3.674477850959736, 39.18723279358049], [-3.674138378512172, 39.1872084011152], [-3.6738063665730696, 39.18718652287762], [-3.673490531495598, 39.1871642268702], [-3.673469996008184, 39.1871628016021], [-3.673466475510592, 39.187148885915164], [-3.6734473638529104, 39.18707437017063], [-3.673431102549652, 39.18701058531015], [-3.6734148385514356, 39.18701225845456], [-3.672776968224359, 39.187076297453], [-3.6726181290141517, 39.18709230614913], [-3.6725206097035463, 39.1870945648566], [-3.672520395006173, 39.18709456973053], [-3.672455397403787, 39.18709607367878], [-3.6724553578779147, 39.18709607437506], [-3.6724551827064476, 39.18709607855271], [-3.672308497702001, 39.18708543254794], [-3.6722322208529263, 39.187080152017636], [-3.672150663706612, 39.187074535187215], [-3.6720002902196174, 39.18705441847805], [-3.671818482884188, 39.18702441120522], [-3.6716040415511704, 39.18697458797767], [-3.671603818768957, 39.18697453645344], [-3.6715837414223618, 39.18701929429449], [-3.6715837036931176, 39.187019381328646], [-3.6713741527884975, 39.18707218805244], [-3.671194527460885, 39.18711158383949], [-3.671188139540925, 39.187113616954235], [-3.671101570693604, 39.18714117261567], [-3.6710911250834886, 39.187144438130694], [-3.671090956200234, 39.18714449174366], [-3.6710905842977026, 39.18714454187525], [-3.671087656688195, 39.187144945016634], [-3.670584387228343, 39.18721662755912], [-3.67027322788193, 39.18728952989433], [-3.6702452974631092, 39.187296073443335], [-3.67016270006769, 39.187315423489935], [-3.6701216820934897, 39.18732503271374], [-3.6700913379015017, 39.187332140934416], [-3.670014585843628, 39.187350120015815], [-3.669424537330735, 39.18748507090144], [-3.669320546556806, 39.18750099177462], [-3.6693200803311794, 39.18750106488278], [-3.669309497278807, 39.187502685099176], [-3.6689973390057884, 39.18755046092498], [-3.668997192580395, 39.1875504839018], [-3.668922450952126, 39.18752735805839], [-3.6689185181278003, 39.187526139589245], [-3.6688811940260653, 39.18751458223465], [-3.6688559450783798, 39.18748871725939], [-3.6688543972811476, 39.18748713046356], [-3.6688218153857894, 39.18745373881302], [-3.6687599825481443, 39.18740834833992], [-3.6687599582936565, 39.187408330933216], [-3.668679311140702, 39.18734912852762], [-3.668679037154521, 39.18734913200897], [-3.6686783346719904, 39.187349142452994], [-3.6685220781182046, 39.18735110384506], [-3.6685218643191617, 39.187351107326414], [-3.6674999642081576, 39.18758808513957], [-3.6664892382409477, 39.18779678264433], [-3.666226236678599, 39.18785108784233], [-3.665094181554183, 39.18806866052353], [-3.665068260666636, 39.188073642282916], [-3.6649386445509387, 39.1880985468971], [-3.6649385493295137, 39.188098566392426], [-3.6649151787590926, 39.188095245220715], [-3.664906380659187, 39.18809399473338], [-3.664866010370327, 39.188088256138094], [-3.664706872021119, 39.18796575769577], [-3.664705162527109, 39.18796445359379], [-3.6647034090156754, 39.18796311676742], [-3.664587563174952, 39.18797530138182], [-3.664411432293848, 39.18799382756178], [-3.6641833751960236, 39.188017813136796], [-3.6641049549666738, 39.188026062462676], [-3.6641030065208033, 39.188026266467794], [-3.6641017372013045, 39.1880264001503], [-3.664089886626095, 39.18802764646124], [-3.664046097349249, 39.18803225224155], [-3.6639778649135146, 39.18803942792822], [-3.663716126382452, 39.18806695607242], [-3.663674274771678, 39.18807677755354], [-3.6636655018246245, 39.188078836402056], [-3.6635735026614165, 39.18810042402048], [-3.6635417723689736, 39.18810787054624], [-3.6635417948268345, 39.188115314286165], [-3.663542889873163, 39.18848154448127], [-3.66354300845078, 39.18852821259123], [-3.6635431449947053, 39.18858112958266], [-3.6634833001288034, 39.18859099276735], [-3.663483221077059, 39.188591005996265], [-3.663439253933788, 39.18858717309852], [-3.6634378795113953, 39.18858705264595], [-3.6634373225559282, 39.18858699694533], [-3.6632610443511013, 39.18857163541313], [-3.663235818759607, 39.18856943732749], [-3.663235074056247, 39.188569372575515], [-3.663057838247314, 39.18855392261471], [-3.6627175743840077, 39.18852425923738], [-3.6625121000341156, 39.188529337744384], [-3.6625102773524048, 39.188529382304935], [-3.662509443715798, 39.188529403888936], [-3.6625086451135123, 39.188529421991646], [-3.662430426106779, 39.18853134296779], [-3.6624302114094394, 39.188531347841575], [-3.662292232876729, 39.188534767861334], [-3.6622920190777193, 39.188534773431435], [-3.6620039868582803, 39.188565230538146], [-3.6619995267228913, 39.18856570190465], [-3.6619983535231153, 39.18856582514229], [-3.6619509907480823, 39.18857083193172], [-3.6617507499830473, 39.18859200094823], [-3.6617506763211853, 39.18859200791083], [-3.661382022101644, 39.18857509233259], [-3.6613818092008987, 39.1885750818887], [-3.661176692380519, 39.18856566987682], [-3.6611747906470637, 39.188565582844575], [-3.6611744555754457, 39.18856556752691], [-3.661173506954511, 39.18856552366265], [-3.6611719798185454, 39.18856545334062], [-3.661152690294439, 39.18856456770073], [-3.6611524782920237, 39.188564557256896], [-3.6611224224592376, 39.18856317866643], [-3.6611222095585245, 39.18856316822259], [-3.66110242326609, 39.18856226099867], [-3.6611022103653443, 39.188562251947324], [-3.6610493651721256, 39.18849455546459], [-3.66103965707886, 39.18848211819837], [-3.6610386006600733, 39.1884807646716], [-3.6609945311088667, 39.18842428345405], [-3.66075457582512, 39.1877006025666], [-3.6607227673792297, 39.18760466326572], [-3.6607215582468697, 39.18760102248395], [-3.6607212627011245, 39.187600131958064], [-3.660721114479103, 39.18759968216937], [-3.6607208530693818, 39.18759889469095], [-3.6605771199289645, 39.18716537432589], [-3.6604966775919148, 39.18690609690936], [-3.6604962392140314, 39.18690468138387], [-3.6604955196634896, 39.1869023669683], [-3.660493357418609, 39.18689539587019], [-3.6603653286260167, 39.186482735151316], [-3.6603411837077977, 39.18638951594395], [-3.6603409447559367, 39.186389433783], [-3.6602746410031375, 39.186205895008214], [-3.660273929537403, 39.186203930102785], [-3.6602722407046935, 39.186199255270836], [-3.660267849739581, 39.18618710098491], [-3.660263908830414, 39.1861495470411], [-3.660252566701662, 39.18610077109807], [-3.66025038738877, 39.18607852557488], [-3.6602602571787797, 39.18602497865203], [-3.6602667196589325, 39.185989919404655], [-3.6602728335927774, 39.18595690651736], [-3.6603317513973086, 39.185638823250045], [-3.66038198339137, 39.1853676301721], [-3.660369775286649, 39.185339324607575], [-3.6603629067680084, 39.185323396281866], [-3.660354220957507, 39.18530325261245], [-3.660350080622385, 39.1852936535566], [-3.6603173630813983, 39.18521778364816], [-3.660311700101863, 39.18521478750822], [-3.6598890454556354, 39.18499114824201], [-3.6597198190257565, 39.18487253250949], [-3.659716583294111, 39.184870259108386], [-3.659711709035394, 39.184866835428835], [-3.659681127688172, 39.18484535752811], [-3.659298358240539, 39.18404040708672], [-3.6592366987777667, 39.18390910727174], [-3.6592362621965444, 39.18390817909864], [-3.6588157967446437, 39.1830128275323], [-3.6585695092364565, 39.182487197154266], [-3.6585675095866517, 39.18248292802856], [-3.6582551447011, 39.181816274165286], [-3.657699222287508, 39.18060266177149], [-3.6576989653693386, 39.18060214926769], [-3.6576985099235104, 39.18060122871061], [-3.6577178964656367, 39.18059427161062], [-3.6577288711834766, 39.18058942998115], [-3.657743142718397, 39.18058313300735], [-3.6581959538087183, 39.180385222655616], [-3.6586940220230435, 39.18019135609387], [-3.658695069458659, 39.180190948038195], [-3.6586961546235193, 39.180190526055725], [-3.658696751104892, 39.180190293477864], [-3.658842874662252, 39.180133417736144], [-3.660814421589352, 39.17941446116434], [-3.6610962698063725, 39.17931086672595], [-3.6638212328639757, 39.17830023915174], [-3.6659603865584547, 39.177474913952146], [-3.6659733124170897, 39.17746992795973], [-3.6659808708418673, 39.17746701157184], [-3.6664617659629473, 39.17728147320317], [-3.66811339317294, 39.17664893700571], [-3.6681241226507053, 39.17664517239794], [-3.6681355411362775, 39.17664122325036], [-3.668151118821611, 39.17663583399718], [-3.668151152957601, 39.176635824944285], [-3.6680526751445925, 39.17647737068717], [-3.6680208693936267, 39.176426172297404], [-3.6679994679303105, 39.1763918735824], [-3.6679618330114794, 39.176331358276926], [-3.6678879852069226, 39.17621266316867], [-3.667551187043951, 39.175670844606444], [-3.667018410622006, 39.17504872517066], [-3.666758987049396, 39.174745794841364], [-3.6664296305302804, 39.17437215164911], [-3.666386231122275, 39.17432291766041], [-3.6663297351757183, 39.17425879322496], [-3.6663252921083407, 39.17424395712874], [-3.6663253415156816, 39.17424398080637], [-3.6663350990162873, 39.174248652254946], [-3.6664827092854773, 39.1743204029641], [-3.6665394540653296, 39.17431537357124], [-3.6666723095059597, 39.17433029391663], [-3.6668111989303607, 39.17431059557807], [-3.667007253546155, 39.17422476295949], [-3.6672284529051047, 39.17408955958944], [-3.6672519231885365, 39.17406935977448], [-3.6674432823103356, 39.17390523797754], [-3.6675950787287332, 39.17370851082245], [-3.6676913853137236, 39.17355754887328], [-3.6678141796231625, 39.17339527136309], [-3.667876120258659, 39.17326057059859], [-3.667883410087172, 39.17314481333749], [-3.667876449940361, 39.172945319993794], [-3.667861360938515, 39.17279117309778], [-3.666942664677248, 39.17112330093423], [-3.6663798971012067, 39.17128851147463], [-3.6660508190597914, 39.1713777810675], [-3.6658585364698757, 39.17140913007133], [-3.6657885469294524, 39.17143813210078], [-3.6657664205256784, 39.17153963910977], [-3.665763570171288, 39.17157283217773], [-3.665777067358444, 39.171669225839146], [-3.6657579574973895, 39.171740557843535], [-3.665713701096587, 39.17178724612148], [-3.665447488955411, 39.1718975540193], [-3.6654196744192835, 39.17190908469187], [-3.6653920988349826, 39.171920515774026], [-3.6653709174589215, 39.17187981125163], [-3.665327986073171, 39.17179731153629], [-3.66531843967665, 39.1717790735858], [-3.665318058790947, 39.17177835000121], [-3.6653178216357127, 39.17177790080772], [-3.6653177470755542, 39.171777755255064], [-3.665317583582182, 39.17177744256065], [-3.6653175072253625, 39.17177727750816], [-3.665315843545471, 39.17177347712197], [-3.6653075565869804, 39.17175444733086], [-3.6652436252848495, 39.17160840770251], [-3.665240590775821, 39.17160147130185], [-3.664866758666943, 39.170746776845036], [-3.6648667442939233, 39.170746739934025], [-3.6646462698753974, 39.17019526699357], [-3.6646100947189164, 39.17010478966448], [-3.6643473312100983, 39.169447660043], [-3.664179401947528, 39.1690276809714], [-3.6641156565966626, 39.16883683704033], [-3.6641028115863996, 39.16879832874048], [-3.664101094007583, 39.16879320493141], [-3.6640993629540093, 39.16878804003123], [-3.664097941819234, 39.168783804199926], [-3.6640969563673846, 39.168780857504224], [-3.664085082435951, 39.16874533765833], [-3.6640819859431564, 39.16873598706511], [-3.664081603260859, 39.16873483443343], [-3.6640806582331797, 39.16873201449037], [-3.664080649250008, 39.168731989418], [-3.664073866071326, 39.16871171772216], [-3.6640624170430183, 39.168713133613984], [-3.6639856452222093, 39.16872960406231], [-3.6639691934761003, 39.16873313369229], [-3.663854308832737, 39.16873991437013], [-3.6637292408872777, 39.16873431487863], [-3.6636954687241987, 39.168725137004635], [-3.663661698357714, 39.168715958432976], [-3.6636422534250763, 39.16871112573589], [-3.6635837272859804, 39.16869657819431], [-3.6635073336559154, 39.16868511176535], [-3.6634352133116437, 39.168672547721755], [-3.663351535242916, 39.168649689374796], [-3.6633045569468408, 39.168620131816915], [-3.663277011006944, 39.168602799827504], [-3.663224553885939, 39.16853876001879], [-3.6631934784653133, 39.16849995765114], [-3.663177932221011, 39.16848054670887], [-3.663138511451384, 39.16843590381961], [-3.6631123507137118, 39.1683992820037], [-3.6630756877720065, 39.168377681370615], [-3.663043927835126, 39.16837033095537], [-3.6630110701569927, 39.168362728421606], [-3.6628549663168135, 39.168382179094486], [-3.6626053469572253, 39.16846225636041], [-3.6625679599734267, 39.16847550157629], [-3.662534511203803, 39.16848735248351], [-3.662478544364971, 39.16851818670164], [-3.6624761261002505, 39.16851951902258], [-3.6624722139371912, 39.168521673858415], [-3.662463988962434, 39.1685327370659], [-3.6624424850911823, 39.16856167620769], [-3.6624358106086143, 39.16858275722829], [-3.662425849190434, 39.16861421542866], [-3.662425254505689, 39.16867476801961], [-3.6624085242818456, 39.16874226908155], [-3.6623757303840727, 39.168782635550585], [-3.6623564570296803, 39.16880635815316], [-3.662304387980854, 39.16885774874042], [-3.6622348017839936, 39.168918335247874], [-3.662141070668949, 39.168962804414335], [-3.662131199980609, 39.16896748735697], [-3.6620973855966663, 39.16898299455298], [-3.662004063215067, 39.16902579358834], [-3.6619271916812464, 39.169073805532385], [-3.6619017936132434, 39.1691065213027], [-3.6618749214098374, 39.169141139063264], [-3.661846349593889, 39.16921781052392], [-3.661845841147432, 39.16922346081776], [-3.6618436259019562, 39.169248094227044], [-3.661705104786832, 39.169289251571485], [-3.6616111338215944, 39.169291950310175], [-3.6614792000524528, 39.16928305596362], [-3.661052160729293, 39.16928213456187], [-3.6608890500299203, 39.1692891554616], [-3.6608448062055428, 39.169291060945206], [-3.6608431964245445, 39.16960311174625], [-3.6608415983216416, 39.169913104567904], [-3.6608445007783303, 39.16997580317097], [-3.660845616485925, 39.17000021484827], [-3.660845665893265, 39.170001303386584], [-3.6608457772843384, 39.17000347976671], [-3.660845948862584, 39.170006793435896], [-3.6608461671531796, 39.17001148745211], [-3.6608470573836365, 39.17003058805544], [-3.660847144520221, 39.17003246008977], [-3.660847668238029, 39.17004409692719], [-3.6608492690358565, 39.17007751216926], [-3.6608488108950703, 39.17007766538625], [-3.6608092679545705, 39.17009093536979], [-3.660803130664567, 39.17009298360199], [-3.660648345551194, 39.170144865632366], [-3.6604641118662045, 39.17020335265839], [-3.6604542339913544, 39.170206488029606], [-3.660435886800003, 39.170212311657444], [-3.660305982325071, 39.17024942630467], [-3.660296161044071, 39.17025223156169], [-3.6602646625169455, 39.17026123025154], [-3.6602591809970906, 39.170262795846554], [-3.6600127219106913, 39.17033319813946], [-3.6595973112788913, 39.17046320425779], [-3.659527432231278, 39.170477763969764], [-3.6594267014435156, 39.17049870303942], [-3.6593860841179215, 39.170509852990506], [-3.6593803977821944, 39.17051141509779], [-3.659378575998781, 39.17051191513928], [-3.6593762394807303, 39.17051255655739], [-3.659361384040896, 39.17051663419344], [-3.6593609034422157, 39.1705167665164], [-3.659360068008982, 39.170516995644], [-3.6593067233524774, 39.17053161802415], [-3.659228292343329, 39.17054321438566], [-3.659227182923946, 39.170543378744604], [-3.6592265325436815, 39.17054347554927], [-3.659220671036454, 39.17054434261243], [-3.659196919580364, 39.170547847079675], [-3.659144626851027, 39.1705521628949], [-3.659141766615169, 39.17055239968316], [-3.659140084070639, 39.17055253618469], [-3.6590562523900076, 39.17055943090266], [-3.6590481145518683, 39.17055911541709], [-3.658985744521692, 39.17055639513751], [-3.6589850330559575, 39.17055636379787], [-3.6589842146907348, 39.17055632827966], [-3.6589822051594614, 39.170556239832266], [-3.6589718017701425, 39.1705557822737], [-3.658964068173864, 39.17055544310931], [-3.658930033702699, 39.170553947164414], [-3.6588650253205484, 39.17053843404682], [-3.6588643012784203, 39.17053825993776], [-3.658863486506453, 39.17053806632844], [-3.658841857769371, 39.17053290503859], [-3.6588405480256694, 39.17053259233865], [-3.6588395805401293, 39.170532360425355], [-3.65883773989211, 39.17053192097397], [-3.658816790281367, 39.17052691568543], [-3.658668413749253, 39.170494301559195], [-3.6586354680362043, 39.17049130618458], [-3.6586340756475026, 39.17049117873667], [-3.6586315010759214, 39.17049094334099], [-3.65856150165403, 39.170484487371596], [-3.658452766877096, 39.17048230961346], [-3.6584308911032792, 39.170484091099006], [-3.6584266187157835, 39.17048443862102], [-3.6584245498957015, 39.170484606462296], [-3.6584206574955784, 39.17048492403748], [-3.658296062962289, 39.17049506972892], [-3.658246505603014, 39.17050706027962], [-3.658244457444165, 39.1705075561425], [-3.6582431441072085, 39.170507874414035], [-3.658240786927925, 39.17050844409919], [-3.6581540312310414, 39.17052942703522], [-3.6581240436702345, 39.17053667902727], [-3.6581018903170137, 39.17054203740833], [-3.6579614279425288, 39.17058729043132], [-3.6579060539918142, 39.170605127543965], [-3.657748917089039, 39.17068927711918], [-3.6576226507910183, 39.170750981915006], [-3.657593347746466, 39.17076530199413], [-3.657538691549633, 39.17079412391275], [-3.657537040446134, 39.17079499515144], [-3.657536152012305, 39.17079546385138], [-3.6575342251260308, 39.170796480644675], [-3.6575180617391227, 39.17080500011855], [-3.6575131407679895, 39.17080759363756], [-3.6575114869695664, 39.170808465572485], [-3.6575066118125186, 39.170811034019756], [-3.6573841795241093, 39.170801631468706], [-3.6572635699174447, 39.17062892753253], [-3.657235367309104, 39.17054432520154], [-3.6572351382387103, 39.17054363851537], [-3.6572350052880402, 39.17054323945737], [-3.657234569605114, 39.170541931549984], [-3.6572343369414657, 39.17054123441728], [-3.6572268791279963, 39.17051885373669], [-3.65721962343544, 39.17049709566342], [-3.657218450235664, 39.17049357656849], [-3.657218184334357, 39.17049277636263], [-3.657217923822899, 39.17049199983564], [-3.6572177010407185, 39.17049132916702], [-3.6571797220671325, 39.1703774700158], [-3.6570943722336726, 39.170360212978366], [-3.6570460006505665, 39.17035043150464], [-3.6569859078496325, 39.170338282139305], [-3.65670107992084, 39.17028077441859], [-3.6566549981433676, 39.1702943682078], [-3.656603069231756, 39.17030970866244], [-3.6565380527647635, 39.17034886103648], [-3.6565125954079187, 39.170364192425545], [-3.6564850225185763, 39.17038427142823], [-3.6563976128481723, 39.17044792233736], [-3.6563600147602893, 39.17044021347328], [-3.6563379898661537, 39.17043569707726], [-3.6563287731513343, 39.17043380624979], [-3.6563193237728657, 39.17043186945746], [-3.656306804851049, 39.170436815555625], [-3.6563010376669167, 39.17043909429852], [-3.656291746391938, 39.170442765915936], [-3.6562434331993425, 39.17046185386626], [-3.656229071832879, 39.170479341399385], [-3.656226694890659, 39.1704822350947], [-3.65622550731783, 39.1704836815941], [-3.6562227890157795, 39.170486991758516], [-3.6562218709375793, 39.17048811093246], [-3.656221602341314, 39.170488436864915], [-3.65619169293392, 39.17052487930522], [-3.6561784329019984, 39.170550592431255], [-3.65616536870281, 39.170575986580204], [-3.6561642916227903, 39.170578089120326], [-3.6561620215800916, 39.17058251497056], [-3.656131736676912, 39.17061268944205], [-3.6561231182400595, 39.17062188169486], [-3.6561177813489696, 39.17062757226916], [-3.656112709460858, 39.170632981483045], [-3.6560904986154568, 39.170656603174784], [-3.6560805210275946, 39.170667211970766], [-3.65606961098848, 39.17067881388139], [-3.656064926274283, 39.17068493136563], [-3.6560642749956878, 39.17068577962334], [-3.656062601434328, 39.17068796503593], [-3.6560435266075944, 39.17071286745243], [-3.656042884312136, 39.17071370595967], [-3.6560425483422216, 39.17071414680275], [-3.656041928504691, 39.17071495814908], [-3.6560222760612238, 39.17074064056245], [-3.6560152215912836, 39.17080986679699], [-3.6560147248229558, 39.17081476690396], [-3.6560142424276476, 39.17081949708072], [-3.6560142029017757, 39.1708198759406], [-3.6560141633759033, 39.170820263157665], [-3.6560136693024665, 39.17082510545988], [-3.6560149610798587, 39.17083491959994], [-3.656016030075038, 39.17084302538777], [-3.6560163579601124, 39.1708455255833], [-3.656022029922819, 39.17088850595059], [-3.65606059459798, 39.171066882377275], [-3.656061265639511, 39.17106998637059], [-3.6560614246412975, 39.17107072249823], [-3.656063833922879, 39.17108187026929], [-3.656074025309783, 39.171128985896516], [-3.6561332988471977, 39.17134139547984], [-3.6560913088958715, 39.17135118169072], [-3.6560493207411726, 39.1713609665074], [-3.6560084114631213, 39.17137039405513], [-3.6559996412109923, 39.171372012553995], [-3.6559037146133746, 39.17138974361053], [-3.655788122995896, 39.17142746770688], [-3.6557840185933577, 39.17142880763343], [-3.6557798189693935, 39.17143017750634], [-3.6557734328460616, 39.17143226191381], [-3.655759874573469, 39.17143959250909], [-3.655757827312951, 39.171440699132226], [-3.6557540319308477, 39.171442750110835], [-3.6557442313111137, 39.171448049922944], [-3.655722631320106, 39.17145972761536], [-3.6557099803459487, 39.17146656861946], [-3.655701009769534, 39.17147141784146], [-3.655692166753873, 39.17147620020614], [-3.655657911297156, 39.171494722377325], [-3.6556490404337194, 39.171500465809444], [-3.6555524957951975, 39.17156300351565], [-3.6555030417421555, 39.171600180824825], [-3.6554643971169534, 39.171629239185975], [-3.655461004180116, 39.171631790889045], [-3.6554553672517294, 39.17163602933456], [-3.6554371943335147, 39.17164969459362], [-3.6553533617545866, 39.17172529848629], [-3.6553517986859703, 39.17172671013886], [-3.655350891387535, 39.17172752843772], [-3.6553239033014697, 39.1717518740431], [-3.6552480881864358, 39.1718162180488], [-3.655245722922279, 39.171818226534654], [-3.65524531598546, 39.17181857196078], [-3.6552448829974926, 39.17181893827964], [-3.6552406312712633, 39.17182254645048], [-3.6552386486894357, 39.17182423040273], [-3.655236976026374, 39.1718256518033], [-3.6552339522971105, 39.171828219516996], [-3.6552270604222454, 39.171834068081786], [-3.655213222773623, 39.17191470412683], [-3.6552129811268035, 39.172013277119675], [-3.6552375913723187, 39.17212109774485], [-3.655239661090765, 39.17213135810961], [-3.6552619051738255, 39.17224238347613], [-3.6552649001569812, 39.172257325153986], [-3.6552652424151084, 39.17225903486336], [-3.655265966457203, 39.17226264927939], [-3.6552679373609345, 39.17227248202215], [-3.6552683478910413, 39.17227465276065], [-3.6552837719644717, 39.172356122609656], [-3.655355431472999, 39.17244212673863], [-3.6553860262949445, 39.172471226536935], [-3.6554237582318283, 39.17250710245926], [-3.655424777819667, 39.17250807396073], [-3.6554255952865597, 39.17250885116193], [-3.65542728591593, 39.17251045779551], [-3.655430977991767, 39.17251396634325], [-3.655547002597213, 39.17259232223919], [-3.6555760074011294, 39.17261191102541], [-3.655840965494156, 39.172695941898006], [-3.6558481645928618, 39.172697669007114], [-3.655856636604288, 39.17269970044947], [-3.655883277940674, 39.17270609005612], [-3.65610236446205, 39.172758634537935], [-3.6561358042485024, 39.17276896932601], [-3.6561367654458636, 39.17276926599852], [-3.656137922475959, 39.17276962325899], [-3.6561428632100275, 39.172771149798976], [-3.656484335307397, 39.172876673187936], [-3.6564953522460337, 39.172879280558796], [-3.6564962640360537, 39.172879495750465], [-3.656506247912128, 39.172881846841214], [-3.6565087847544655, 39.17288244366724], [-3.656511826450037, 39.17288316027632], [-3.656526199494563, 39.17288654484396], [-3.6565828472563955, 39.17290000581105], [-3.6565950203267956, 39.172902898013916], [-3.656605622243807, 39.17290541693937], [-3.656618566068717, 39.17290849160222], [-3.65662400087619, 39.1729097778768], [-3.6566322303425, 39.17291171042238], [-3.6566436155904127, 39.1729143957902], [-3.6566494142155768, 39.17291576284851], [-3.656959761484981, 39.17301368329305], [-3.6569937528370176, 39.173030892323375], [-3.6570048928448564, 39.17303653325745], [-3.657005998670983, 39.17303709177956], [-3.657072936634367, 39.17307098264122], [-3.657217353392708, 39.17312608824897], [-3.6572203501724916, 39.17312721504147], [-3.6572247779685187, 39.1731288773738], [-3.6573168283356945, 39.173164061425155], [-3.6575396177126733, 39.17324921216078], [-3.657630651186935, 39.1732838411139], [-3.657643011106932, 39.173288541179005], [-3.6578174998677078, 39.173341264898994], [-3.657937766317948, 39.173352664410004], [-3.6579965817145434, 39.17334115625929], [-3.658234999082526, 39.17331016746374], [-3.658239224757639, 39.17330709142561], [-3.6582430255295915, 39.17330432250376], [-3.6582496541980736, 39.17329949499684], [-3.658323617885323, 39.17324562634827], [-3.658471736600937, 39.17316781646954], [-3.6584809254679795, 39.17316299104246], [-3.6584818363596696, 39.17316251191218], [-3.6585065957255365, 39.173149504358555], [-3.658555550315259, 39.173139607668645], [-3.658559715803234, 39.17313876501186], [-3.658561000394083, 39.17313850525073], [-3.6585650293381318, 39.173137690450304], [-3.658571188187732, 39.17313644387536], [-3.658573836421175, 39.17313590833562], [-3.658577020050555, 39.17313526485221], [-3.658593689188962, 39.17313189213552], [-3.6586443056619817, 39.173118082311085], [-3.6586450827046715, 39.17311786920935], [-3.658646522704085, 39.17311747643366], [-3.6586975254526566, 39.173103559359106], [-3.6587224770580025, 39.1731035029498], [-3.658747415188591, 39.173103446540495], [-3.6588721408758897, 39.173133202083946], [-3.658920494492688, 39.173148358763335], [-3.658924958221332, 39.173149755762736], [-3.6589968476985835, 39.17317222753219], [-3.6591345199057836, 39.173228393692575], [-3.659166323860089, 39.17324413394266], [-3.659180538801159, 39.17325116698217], [-3.6591833370532503, 39.17325255283699], [-3.6592386050028076, 39.17327989943805], [-3.659310531310973, 39.17331887744905], [-3.6593222471388844, 39.1733230886329], [-3.6593271142111257, 39.17332483731528], [-3.659346908588401, 39.17333195321935], [-3.659367785435613, 39.17333945284391], [-3.659454190789528, 39.17337851021243], [-3.6594791711409473, 39.17340198612906], [-3.659498938568777, 39.17342059345122], [-3.6595155205705985, 39.17343623546479], [-3.659517977462894, 39.173438517592544], [-3.6595207146295827, 39.17344105669466], [-3.6595215824021454, 39.17344186174181], [-3.659523897360633, 39.17344400528431], [-3.6595293573209244, 39.17344915870005], [-3.659540606024912, 39.17345977125317], [-3.6595828852337373, 39.17357451542107], [-3.6595845884395337, 39.17358112779824], [-3.65958969626023, 39.1736009642296], [-3.6595908263408785, 39.173605343926795], [-3.659591105716909, 39.17360642962363], [-3.6596118298505136, 39.17368689440991], [-3.6595867767355625, 39.173730471948666], [-3.65955733984201, 39.1737774040398], [-3.6595507542926553, 39.17378082756302], [-3.6595299717685723, 39.17379162809521], [-3.6595042314424084, 39.17380500601697], [-3.6594566333087695, 39.17382637725902], [-3.659407286155282, 39.173848534037866], [-3.6593000722261007, 39.17386013472721], [-3.6592947092838624, 39.173859409074836], [-3.6592075762945644, 39.173847594589446], [-3.6590416871060025, 39.17386024406253], [-3.658984320691959, 39.173877862370766], [-3.6589130806966423, 39.17389969321674], [-3.6589108906039853, 39.173900365245686], [-3.6588805589884235, 39.173911885143724], [-3.6588383687127783, 39.17392783764367], [-3.658768316290325, 39.173954324621405], [-3.6586215360644525, 39.17402876792017], [-3.658519397616639, 39.17407413221285], [-3.6585166460769294, 39.17407535439713], [-3.6584920439162554, 39.17408627884352], [-3.6584914357568197, 39.17408643065896], [-3.658482592741159, 39.174088671677964], [-3.658419426803621, 39.17410472790154], [-3.658383266020194, 39.17411391830506], [-3.6583446537343205, 39.174118983228794], [-3.6583439988624695, 39.17411906888609], [-3.6583432433793446, 39.17411916707863], [-3.6583297255309217, 39.17412094011524], [-3.658320706445497, 39.17412212260386], [-3.658286371038705, 39.17412662622796], [-3.658211489273256, 39.174135474695895], [-3.658204632432677, 39.17413628460992], [-3.6581894500060668, 39.17413807993089], [-3.6580778927224857, 39.174092221234645], [-3.6579667819016297, 39.17403590812707], [-3.6579653284274922, 39.17403517342329], [-3.657963081740985, 39.174034033413704], [-3.6579596852108924, 39.174032312605036], [-3.6579516848149765, 39.17402825885048], [-3.6579401800911153, 39.17402242787821], [-3.657915003906963, 39.17400453034898], [-3.6579058851085264, 39.173998046846016], [-3.657904811621762, 39.17399728358933], [-3.657828891403834, 39.17394331031856], [-3.6577937708694788, 39.17391064763574], [-3.657791899678758, 39.17390890871763], [-3.657789912605345, 39.173907060464174], [-3.6577647301329788, 39.17388364042837], [-3.657761768387482, 39.17388088754645], [-3.657761237483164, 39.173880393100205], [-3.657760362524091, 39.17387958109403], [-3.657742595644398, 39.17386306101436], [-3.657688203552244, 39.173819594285995], [-3.657672264744177, 39.173806887700486], [-3.657627715492587, 39.173796626187325], [-3.6576272519619186, 39.17379652033394], [-3.6576249163421646, 39.173795982709976], [-3.657592969555721, 39.1737886419143], [-3.657497408572422, 39.173748854245204], [-3.657436140775118, 39.17372331221139], [-3.6572983050745456, 39.17366587898856], [-3.6570897836391993, 39.17355054023858], [-3.65685077607809, 39.17339356794903], [-3.656838415259762, 39.17338563934285], [-3.656837263619584, 39.17338490045381], [-3.6567128065285504, 39.17327206135227], [-3.656653887825689, 39.17320958853918], [-3.6565592035981234, 39.17317407441212], [-3.656473254588367, 39.17316788819982], [-3.656453737790494, 39.17316795018029], [-3.6564506664505516, 39.17316795993005], [-3.6564388895371707, 39.17316799753622], [-3.6564293781749355, 39.173168066480805], [-3.656407758420991, 39.173168226655186], [-3.656387589446226, 39.173168374294185], [-3.6563839881002624, 39.1731684780593], [-3.6563800714456174, 39.17316859157418], [-3.656303106487032, 39.17317101438554], [-3.656249847170452, 39.17319055008338], [-3.6562060767582447, 39.17320660511919], [-3.656070784188256, 39.173272069012754], [-3.656032659687573, 39.17328277769714], [-3.656001733387299, 39.17329146470431], [-3.655958012382433, 39.17329522879522], [-3.655873356048366, 39.17330244011037], [-3.6558714354502713, 39.17330260446287], [-3.6558651167005882, 39.17330314000134], [-3.6558638357029936, 39.17330299166627], [-3.65585218545207, 39.17330163366879], [-3.6557840015253795, 39.17329368624924], [-3.655767698001291, 39.17329177878482], [-3.655737648456717, 39.17328826261537], [-3.655695569572179, 39.173286986793876], [-3.655659947777876, 39.1732859073598], [-3.65555132529038, 39.17328255484617], [-3.6554503537541287, 39.173267265181515], [-3.6554497267300547, 39.17326716838064], [-3.6554261558353147, 39.173263509446066], [-3.6554155763761984, 39.17326186661641], [-3.655302167664833, 39.17324123896813], [-3.655273341625706, 39.17322896753417], [-3.655260735567304, 39.17322358219787], [-3.6551844326670797, 39.1731909881253], [-3.655176069351769, 39.173188478263405], [-3.6551390452873647, 39.17317736703961], [-3.6550538319978303, 39.17315198566905], [-3.654914161039122, 39.17309692047337], [-3.654783316028095, 39.17304851501785], [-3.6547806965407252, 39.17304754561311], [-3.6547798359547063, 39.173047227353074], [-3.6547757270605823, 39.17304570778315], [-3.6547372567085503, 39.17303148357685], [-3.654736166153774, 39.173031010016906], [-3.654730371121899, 39.173028546808894], [-3.654628238063968, 39.17298552596482], [-3.6544104999138343, 39.17293563568101], [-3.654409619564846, 39.17293576173164], [-3.6543930357663963, 39.17293817480124], [-3.6542940566934417, 39.17295233495653], [-3.654029926847071, 39.17296725280548], [-3.6539095364293317, 39.172967902558135], [-3.6539030407115196, 39.17296793877156], [-3.653728084826786, 39.17293775486446], [-3.653657303870587, 39.17293269124849], [-3.653502314839672, 39.17292162107264], [-3.6533653927257475, 39.172915311573014], [-3.6533555130542705, 39.17291485681549], [-3.6533535547269644, 39.172914765585375], [-3.653352404883379, 39.172914713354416], [-3.6533487352654364, 39.17291454412615], [-3.6533274236336633, 39.172911277950014], [-3.6533207994567336, 39.17291026327651], [-3.6533200763129368, 39.17291015254686], [-3.6533066977034307, 39.172908101611], [-3.6532219129102788, 39.17289511350996], [-3.6531983878296246, 39.172891509572594], [-3.6531784209757725, 39.17288703581519], [-3.6531765057675942, 39.172886607521164], [-3.6531610259986103, 39.172883137991136], [-3.6531097348908372, 39.172871644388195], [-3.653080294404029, 39.17286504865825], [-3.6530670074226608, 39.17285553983056], [-3.653060945591147, 39.172851203264294], [-3.6530431553552623, 39.172838472825696], [-3.6530425004834117, 39.17283800483581], [-3.6530111753311263, 39.17281562488616], [-3.65294345942669, 39.172766341755064], [-3.652905381638457, 39.1727020376179], [-3.6529048507341058, 39.17269966841437], [-3.6529045462052223, 39.172698304833936], [-3.6528808414615153, 39.17259207988642], [-3.652839201853157, 39.172668787976924], [-3.652814689523992, 39.172698831323615], [-3.652812939605813, 39.172700973495914], [-3.652799022905446, 39.172718048891156], [-3.65275885563583, 39.172792501159265], [-3.652748277075044, 39.17282427782683], [-3.652748030038342, 39.17282501672176], [-3.652745409652642, 39.17283289733858], [-3.6527448176628883, 39.17283467876457], [-3.652734854448047, 39.17286463498876], [-3.6527277541640557, 39.172894522255326], [-3.652727065156215, 39.17289743117236], [-3.6527152639883465, 39.1729472156286], [-3.652714866932996, 39.17303206159849], [-3.6527233290629537, 39.173107739913775], [-3.6527243001417826, 39.17311243233015], [-3.6527247430112184, 39.17311457657907], [-3.6527319726526253, 39.17314953639346], [-3.6527392022940326, 39.17318449688684], [-3.6527509181219777, 39.17321690223533], [-3.6527530156881665, 39.1732227068108], [-3.6527611804757854, 39.17324535126652], [-3.652760818454721, 39.173307204243905], [-3.65273686847094, 39.173370321844324], [-3.6527174262332265, 39.17340449319771], [-3.652716971685695, 39.17340529197765], [-3.652716525223004, 39.17340607752582], [-3.6527056529131, 39.17342518765324], [-3.6526928609034663, 39.17344164794469], [-3.6526919958258617, 39.173442762196785], [-3.6526911181718305, 39.17344389107346], [-3.6526744238805713, 39.17346537385046], [-3.6526495657000235, 39.17351706397017], [-3.652649092287887, 39.173518048689395], [-3.652654019547199, 39.17353245316665], [-3.6526547983865827, 39.17353473041645], [-3.6526560182987082, 39.17353829392924], [-3.652663612656137, 39.1735604953688], [-3.652668579441355, 39.17356826935304], [-3.65268124748349, 39.17358805355756], [-3.652734133999208, 39.17361127312684], [-3.6527431018806658, 39.17365467312905], [-3.6527442993349633, 39.17378251077201], [-3.652621561619374, 39.17376269040918], [-3.652603632144606, 39.173759795456], [-3.6525620751812475, 39.17375290105187], [-3.652551838878589, 39.17375120391405], [-3.6525461211017975, 39.173750256107546], [-3.6525372214922855, 39.17374877972991], [-3.652457546316491, 39.173735566148984], [-3.652429120027639, 39.17372735135905], [-3.6523777543596734, 39.17371251236508], [-3.6523026974227566, 39.173690827009686], [-3.652282322733789, 39.17368611652537], [-3.652213076998429, 39.17367010686537], [-3.65220485471863, 39.173668207768074], [-3.6522043274075666, 39.17366808520073], [-3.6522019953810685, 39.173667545486595], [-3.6520138144987335, 39.173624066798425], [-3.651898051303009, 39.17361083230191], [-3.651784489878071, 39.173611492494715], [-3.6516339187617146, 39.1736123901619], [-3.6514252491043813, 39.17363490565704], [-3.651373332769161, 39.17364051659728], [-3.651207537005364, 39.17364604814679], [-3.6511276156911645, 39.173655169666155], [-3.6511141373686473, 39.17365671081142], [-3.651108768138196, 39.17365732434462], [-3.6511049637729545, 39.17365775959802], [-3.651099262165844, 39.17365841143354], [-3.6510584364311227, 39.17366308083177], [-3.650999334471954, 39.17367054699351], [-3.650986076236692, 39.17367222115187], [-3.6508101708326937, 39.17369374912548], [-3.6506858053698314, 39.17370596964079], [-3.6506569173469043, 39.17370880888378], [-3.650644543952184, 39.17371002411035], [-3.6506137793486544, 39.17371304581123], [-3.6504637032040326, 39.173738041171156], [-3.6503312609884326, 39.173755718007996], [-3.650325720179769, 39.17375645689313], [-3.65031297308589, 39.17375815890558], [-3.6501535454791494, 39.17376913911361], [-3.6501411900507383, 39.17377116216817], [-3.6501237312931827, 39.17377401951503], [-3.650091655149324, 39.173779268313915], [-3.6499415574451377, 39.17380383396904], [-3.649807315904019, 39.173868272200856], [-3.6496342078538153, 39.17392086734806], [-3.6496305957280533, 39.1739219641825], [-3.649543498671372, 39.17394842469918], [-3.649512409776024, 39.17396027955893], [-3.6495063919619346, 39.17396257490133], [-3.649500622082878, 39.17396477414017], [-3.649485719032297, 39.17397045747986], [-3.649483440904759, 39.17397132728642], [-3.649482963899333, 39.17397151044022], [-3.6494427912398346, 39.17398684591429], [-3.6493245406090815, 39.17400470653871], [-3.6493238093804443, 39.174004817266635], [-3.6493233449514446, 39.174004884817634], [-3.649218557371857, 39.174011329321424], [-3.649177894232211, 39.17400774354777], [-3.6491762080944254, 39.17400759591054], [-3.649173858101652, 39.174007389079186], [-3.649173338875396, 39.17400734242023], [-3.6491288111834033, 39.17400342237341], [-3.649087617139405, 39.173999796904376], [-3.6490345815033685, 39.17398626929327], [-3.649033323861966, 39.173985947555465], [-3.6490222871603923, 39.17398313269775], [-3.6489427916476176, 39.17395375566053], [-3.648940524299843, 39.173952917888336], [-3.648939967344376, 39.1739527124496], [-3.6489388740946755, 39.173952308536094], [-3.6489309895814177, 39.17394939548432], [-3.6488908106337066, 39.173923996982325], [-3.648816522654672, 39.17387703991856], [-3.6487852298417485, 39.173860169547396], [-3.6487369525817375, 39.173834140071435], [-3.648718401472811, 39.17382368774764], [-3.64866887375794, 39.173795775877984], [-3.6486328459251505, 39.17375488441184], [-3.648631001683875, 39.17374439168481], [-3.648624412541266, 39.17370690003779], [-3.6486247071886804, 39.17367739335383], [-3.648625074599626, 39.173640221321286], [-3.6486252336014457, 39.17361994407614], [-3.6486505472278217, 39.17354133095845], [-3.648659564516653, 39.173513333318674], [-3.6486637830052224, 39.173498110559265], [-3.648685001212231, 39.17342154892268], [-3.6487015912988934, 39.173368510486355], [-3.6487179496202042, 39.173316210899735], [-3.6487332955402207, 39.17322223116298], [-3.64874311682122, 39.17316637072178], [-3.648748583069725, 39.17313528365531], [-3.648749420299553, 39.17312425042108], [-3.648751894259859, 39.17309164655275], [-3.6487546026804414, 39.17308979967066], [-3.6486912373169145, 39.173063103443866], [-3.648688197418003, 39.17306406936638], [-3.6486356621435503, 39.17306625679428], [-3.6485407587270595, 39.173106968986886], [-3.6484528909158693, 39.17315674911635], [-3.6484372746029607, 39.173167186218244], [-3.6483593484470145, 39.17321926376096], [-3.6483131436003737, 39.173248246937234], [-3.64825978816407, 39.1732817191552], [-3.6481515887830405, 39.173348823020866], [-3.648042183862905, 39.17337366947887], [-3.6480035221696916, 39.17337622738631], [-3.6479992416973888, 39.17337652057416], [-3.647947660433753, 39.17338004857813], [-3.6479501891912824, 39.17332786251476], [-3.647962992879046, 39.17305719508994], [-3.6479802980246645, 39.17269223905954], [-3.6479803914494626, 39.17269027656203], [-3.6480150771991893, 39.171958830151766], [-3.6480586248292157, 39.171039879649165], [-3.6481153022354524, 39.169842398205255], [-3.648115355236048, 39.16984130339649], [-3.648124457864836, 39.16964899147756], [-3.6481267701283646, 39.169598875267575], [-3.648137544521885, 39.169372663093576], [-3.6481377295748203, 39.16936881452254], [-3.6481394893744676, 39.16933199749045], [-3.6481730576200055, 39.16862388919329], [-3.648174495822792, 39.168593535575845], [-3.6481751749491305, 39.168579245002135], [-3.6481932238998134, 39.168199114954156], [-3.6482092255899765, 39.16784286317984], [-3.6482249263445126, 39.16749334303929], [-3.6482250260575233, 39.16749114290164], [-3.648232721924557, 39.16731978198416], [-3.6482407205238463, 39.16699286322837], [-3.648260545443857, 39.16618596718384], [-3.648260557121952, 39.166185511686265], [-3.6482605670034203, 39.16618511469302], [-3.648262524432429, 39.16610541441616], [-3.6482640659414485, 39.16604265525125], [-3.6482674930142416, 39.16596303212244], [-3.648282952121992, 39.16560382497904], [-3.64828305183497, 39.16560193053928], [-3.648283244972779, 39.16559891684769], [-3.6482833455840873, 39.165596431788266], [-3.6482834542802363, 39.16559489812773], [-3.6482834776364275, 39.165593550428646], [-3.6482835288403948, 39.16559039604667], [-3.6482836303500337, 39.16558886308245], [-3.648283614180353, 39.16558768880814], [-3.6482839133193528, 39.165582415020864], [-3.648284115440266, 39.165578854587345], [-3.6483347067604344, 39.16440679354752], [-3.648397826883887, 39.1643619412128], [-3.648432081442307, 39.16434793395033], [-3.6484624148544964, 39.16433552932646], [-3.6484760252293533, 39.164334487365814], [-3.648478016794352, 39.164334334136306], [-3.648482250554272, 39.164334010961326], [-3.64853598418132, 39.1643298946594], [-3.648589686367336, 39.16432909507992], [-3.6485911272650475, 39.16432907348848], [-3.648592279803556, 39.164329056772516], [-3.6486352147825625, 39.16432841669103], [-3.648642483051511, 39.16432830734089], [-3.64864410001902, 39.16432828296346], [-3.6486451986586035, 39.16432826555098], [-3.6487285632153115, 39.16432700488995], [-3.6487675438104277, 39.164329542928016], [-3.6488170742202564, 39.16433274542487], [-3.648979477047217, 39.1643362592561], [-3.6490129276134344, 39.16433703794059], [-3.6490141627969437, 39.164337067193465], [-3.6490146640568906, 39.164337078337454], [-3.649032740855349, 39.164337487878115], [-3.6493799720520097, 39.164345040699125], [-3.6493818225814976, 39.164345080399485], [-3.6493828628306035, 39.16434510199092], [-3.649709581896041, 39.164342361272574], [-3.649781469576665, 39.16434172119121], [-3.6497826463696956, 39.16434171144023], [-3.649790925243346, 39.164341634128974], [-3.649807370701242, 39.16434148089948], [-3.649812845034587, 39.16434145025359], [-3.64982926893292, 39.16434135204741], [-3.6498317967921525, 39.164341335331486], [-3.649841788753034, 39.1643412475728], [-3.64988283367668, 39.16434087633952], [-3.6499583173133847, 39.164340264118], [-3.6499711075263916, 39.16434015964334], [-3.6499766995390566, 39.16434011506752], [-3.6499934001184955, 39.16433997994695], [-3.6499959180962263, 39.16433995835552], [-3.649997933017416, 39.16433994163961], [-3.650021929713614, 39.164339741744755], [-3.650168008355219, 39.16433848108387], [-3.6503311918181565, 39.16433278512525], [-3.650340586399402, 39.16432826903347], [-3.6503766843007655, 39.164310910912505], [-3.6504034316383422, 39.16429949530941], [-3.650406536215978, 39.164298169873526], [-3.650408207082413, 39.164297457355914], [-3.6504252517166065, 39.16429018382558], [-3.6504584597377074, 39.16427585407007], [-3.6504590265746426, 39.16427560959917], [-3.650497169041634, 39.164259150644796], [-3.650571184831149, 39.16422641590369], [-3.650587552135631, 39.16421917788743], [-3.650629050708478, 39.164200825138884], [-3.650634686738567, 39.16419833167208], [-3.6506403748709553, 39.16419581731022], [-3.6507132084775558, 39.164163605610774], [-3.650719844332548, 39.16416113303763], [-3.65074585954319, 39.16415144263974], [-3.650749624382559, 39.16415003919304], [-3.650751671643077, 39.16414927582948], [-3.6507564686467107, 39.16414748861149], [-3.6508674348388013, 39.16410615482968], [-3.6509482365019896, 39.164082097714676], [-3.6509552900735986, 39.16407999567687], [-3.6509713654255913, 39.16407520514772], [-3.650972579947867, 39.16407484366405], [-3.6509863735790318, 39.164070774709], [-3.6509909513937404, 39.16406942489125], [-3.6511335293006897, 39.164041780785354], [-3.651289955636061, 39.164022342145685], [-3.651349165393048, 39.1640149188392], [-3.6513839517541165, 39.164010557350274], [-3.6513923986127237, 39.164007635528634], [-3.6514054574220296, 39.1640031201125], [-3.651430562639279, 39.16399443822643], [-3.6514548665592836, 39.16398600011469], [-3.6514730269010727, 39.163979694688926], [-3.6516876478971767, 39.16394407072908], [-3.6518566219004382, 39.16392134248423], [-3.6519595508656977, 39.16390750020498], [-3.652077207710037, 39.163891143550316], [-3.652077929057206, 39.163891043950485], [-3.6522330573269706, 39.16386947815096], [-3.652562293471876, 39.163811499180404], [-3.652665174826423, 39.16379691440724], [-3.6527680382146603, 39.16378233032763], [-3.653114949611088, 39.16374370155126], [-3.653339849130648, 39.16370648735335], [-3.653379818770903, 39.16367720910582], [-3.6533803927943813, 39.16367678841722], [-3.653418031306467, 39.163649206146], [-3.6534372444737544, 39.16363383777142], [-3.653454332227109, 39.16362017095483], [-3.6535056323180197, 39.163609981784845], [-3.6535542707007638, 39.16360032126067], [-3.653688865279809, 39.16358125791535], [-3.653735071923077, 39.163574714944964], [-3.653780740475484, 39.16356820679926], [-3.6538982931152266, 39.16355145445052], [-3.654081760537291, 39.16354015434414], [-3.654090378075814, 39.16353971763508], [-3.65409379616547, 39.16353954281217], [-3.6542310865886707, 39.163539221723084], [-3.6542585031711177, 39.16353915764457], [-3.654294987348068, 39.163545349579415], [-3.6543613351183244, 39.16355660859118], [-3.6543712093999194, 39.16356078344481], [-3.654520410585469, 39.16362347447717], [-3.654690969216877, 39.16365523369612], [-3.654718737040656, 39.163657730664646], [-3.6547342949630535, 39.16365913063859], [-3.6548778466437573, 39.16367202363135], [-3.6549921123479194, 39.163678300528005], [-3.6549983888768063, 39.16367864529764], [-3.655129289583353, 39.16367835973089], [-3.655197005487789, 39.16368263348091], [-3.655353279109553, 39.16369249737294], [-3.655480682674733, 39.163700539209074], [-3.655576957818692, 39.16370069035047], [-3.6557688981504795, 39.16370099124016], [-3.656157633309904, 39.16370628954619], [-3.6561974556264674, 39.16370687600256], [-3.6562011602786972, 39.16370694356345], [-3.6562744035170742, 39.16370392630814], [-3.656278334544739, 39.16370371666041], [-3.656376218571366, 39.163699658827944], [-3.656574721994648, 39.16369917336461], [-3.656787886821691, 39.163681478676864], [-3.6568467588121365, 39.16367718124564], [-3.656849248043794, 39.163677000154536], [-3.6569148906365294, 39.16367220820499], [-3.6569851496715486, 39.163659736597495], [-3.657088132535734, 39.16364146171147], [-3.657145085724746, 39.16363135473211], [-3.6571681257151347, 39.16363131572787], [-3.6572142955274884, 39.16363123702279], [-3.6572178753138886, 39.16363121682418], [-3.6572254094841785, 39.16363117294437], [-3.657239534593706, 39.163631094935866], [-3.657274550025167, 39.16363101274827], [-3.657321477117308, 39.16363090200406], [-3.6574309125801436, 39.163636593840465], [-3.6576552829920472, 39.16364163932014], [-3.6577927979940554, 39.16364131753501], [-3.6578199908959923, 39.163641254153106], [-3.6579934322211862, 39.16364666947635], [-3.658119671569728, 39.1636554482195], [-3.6581222012255874, 39.163655623042125], [-3.6582331835873587, 39.1636633410079], [-3.6584112018288972, 39.16369964420138], [-3.6584218010509164, 39.1637018751038], [-3.6585280439012684, 39.16372423984461], [-3.658530830475265, 39.16372482630078], [-3.6585316479421905, 39.163724999730256], [-3.658532486968646, 39.1637251766422], [-3.658589240731669, 39.163737138397394], [-3.6586327227847075, 39.16375175731163], [-3.65863652265833, 39.163753034699084], [-3.658691875947844, 39.16377165711127], [-3.6587086995964855, 39.16377731620065], [-3.658722485142843, 39.16378195491235], [-3.65874516131554, 39.16378958440837], [-3.658940806299592, 39.16382692602236], [-3.659048181027187, 39.16383815852195], [-3.6592349326899067, 39.163843522985374], [-3.659339204636527, 39.16384042215564], [-3.6594451537377615, 39.16383723635241], [-3.6596539491592557, 39.16380815178719], [-3.6598272898731077, 39.16378015514797], [-3.660031726668818, 39.16373832802568], [-3.6602241772437245, 39.163696585852044], [-3.6604240047837284, 39.16365593229012], [-3.6605548479981276, 39.163631540698866], [-3.660719471460446, 39.16359910237687], [-3.6608591145713776, 39.16358619265466], [-3.660995825581218, 39.16357085421603], [-3.661080724460401, 39.16357730803409], [-3.661200277648279, 39.16372548240735], [-3.6612571805316536, 39.163795997809174], [-3.6613601148867954, 39.16392348910287], [-3.6614181604272114, 39.16399321795643], [-3.6614358895776595, 39.16401451904765], [-3.661707218522702, 39.16421359475196], [-3.6618999242191173, 39.16432180762286], [-3.662107291319326, 39.16445246423715], [-3.662136299716464, 39.16441233418135], [-3.6629770734150733, 39.1626836930725], [-3.663006912753859, 39.16262225283957], [-3.6630984411998218, 39.16243415809194], [-3.663116041891185, 39.16239786399661], [-3.66324830713869, 39.16212611669119], [-3.6633931434102753, 39.16182838317292], [-3.664118444967287, 39.16206375377842], [-3.664133616614132, 39.16206869907201], [-3.6643780383214475, 39.16214807795169], [-3.6658718926215204, 39.16263306762275], [-3.6659635926456953, 39.16265519588846], [-3.6661869749107914, 39.162709511452775], [-3.666186052340972, 39.16271160726296], [-3.6662573013194266, 39.16273038318384], [-3.666485376383559, 39.16284270427796], [-3.6668197383154357, 39.162959886842344], [-3.6672077449411806, 39.16308662324147], [-3.6677781455021927, 39.16327237179759], [-3.668321890353764, 39.16342383711131], [-3.6679844400139343, 39.164031455162316], [-3.667969939408587, 39.16405735523497], [-3.667945296823743, 39.16410186438937], [-3.6671587490289586, 39.165518355746364], [-3.6665804064625083, 39.16662990595102], [-3.666568916111701, 39.16665078905539], [-3.66618134786384, 39.167350515029845], [-3.6661750632501127, 39.16736116054087], [-3.6660907410893326, 39.16750575198156], [-3.6659491297696265, 39.167770458846626], [-3.6658405450113407, 39.16797338858696], [-3.6656039269688776, 39.16841562925256], [-3.6661250405635073, 39.168611602328035], [-3.6662882392977956, 39.16864873523137], [-3.6665133822608365, 39.16870171176079], [-3.666625868402416, 39.1686794976439], [-3.666872634712622, 39.16866449391788], [-3.666965339951649, 39.1686491544973], [-3.6671567017684064, 39.16860355687463], [-3.66739366027237, 39.168483189065576], [-3.667557945968146, 39.168387467297435], [-3.667543025849621, 39.16837782762671], [-3.667696920732504, 39.168387467297435], [-3.667836061685193, 39.168328540689096], [-3.6679213899590546, 39.1682989516556], [-3.668224484230894, 39.16827447531357], [-3.668379383430265, 39.16821814849316], [-3.668496310842594, 39.16815419399876], [-3.6685779506339418, 39.168077748424714], [-3.668644921834984, 39.16794774207547], [-3.6686925280534632, 39.1677387767039], [-3.668669559029979, 39.16757658187845], [-3.668727477907904, 39.16747649969176], [-3.6687275910956383, 39.16747667032613], [-3.668741726984963, 39.167497957826036], [-3.6687419201227396, 39.16749792648508], [-3.6690910889854726, 39.16744121180709], [-3.6691860588773157, 39.167434088342254], [-3.6692770034183653, 39.167478763208365], [-3.6693454846873945, 39.167484966636344], [-3.6693456266212365, 39.16748495897524], [-3.669345697588141, 39.167484955492895], [-3.6694302272597503, 39.16748035602751], [-3.669430441058759, 39.16748034349116], [-3.669440285695983, 39.167479768906176], [-3.66952167485734, 39.1674752439624], [-3.6698587047856295, 39.166760669017286], [-3.669999520198007, 39.16651021173908], [-3.6700003574278353, 39.16650870386805], [-3.670528494949703, 39.165569573221745], [-3.670738466265898, 39.165646017343015], [-3.670821366393573, 39.165676193235996], [-3.6708459254351196, 39.16568516256259], [-3.6717053400741646, 39.16598574508145], [-3.6721250293816396, 39.166129833705206], [-3.672463488529577, 39.165574434690605], [-3.6726537553000056, 39.16525356866701], [-3.672893978281688, 39.164848377558506], [-3.6726323735995923, 39.16477034038638], [-3.672451321747356, 39.16471635933739], [-3.672411337734048, 39.16470018186983], [-3.6722126007488214, 39.16464502717346], [-3.672215029793339, 39.164613343622946], [-3.6723790630625315, 39.1643481324522], [-3.6724514807491757, 39.16423095150393], [-3.6724932227654694, 39.1641422690432], [-3.673250625619158, 39.1643873619737], [-3.674626460155498, 39.16483262219595], [-3.6747360150942816, 39.164868077154594], [-3.674858287482574, 39.16490761005668], [-3.6748419641955494, 39.164885426780174], [-3.674862161916389, 39.16470890127943], [-3.674894516537981, 39.16465416587969], [-3.67496844429258, 39.16452935672286], [-3.674989477446653, 39.164456519240254], [-3.675015547454518, 39.16436623999521], [-3.672816508469901, 39.163598102892124], [-3.672451469071046, 39.16348603304987], [-3.6715490556726014, 39.16325376527289], [-3.671601861339948, 39.16316172928061], [-3.671821967449196, 39.16277766181783], [-3.672452551540982, 39.16299274684831], [-3.672994034434663, 39.16316575371171], [-3.6732689575391926, 39.16268512440898], [-3.672456230142063, 39.16239493514285], [-3.6721101344159335, 39.16227213700453], [-3.6718107259317185, 39.16216962338339], [-3.6720995630416566, 39.16161221427253], [-3.672190672872705, 39.16147114280065], [-3.676556900175219, 39.163024097500205], [-3.676559666087948, 39.163021668070684], [-3.6768035811454673, 39.16285964137129], [-3.6770890702343566, 39.16269786713323], [-3.677339439687188, 39.1625188259], [-3.677408003601251, 39.162446069221], [-3.677400541296196, 39.162356463714076], [-3.6773997876096645, 39.16234757893818], [-3.677380004012154, 39.16225772255921], [-3.677387379180657, 39.16219074880755], [-3.677457618452707, 39.16212553649033], [-3.6775287829895005, 39.162124447133586], [-3.6776115133355907, 39.162123107029764], [-3.677747469760602, 39.16208278828118], [-3.6778486407228415, 39.16205512737462], [-3.6775468849408113, 39.161952698412854], [-3.6726929056767075, 39.16030519299896], [-3.6727565243651488, 39.16019865678671], [-3.673146792050421, 39.1595321754367], [-3.6731860915474743, 39.159465222076264], [-3.6729262951740353, 39.15938275377057], [-3.672451736769015, 39.159232114917224], [-3.6724078747286377, 39.15921955197127], [-3.6720111095288925, 39.159105910703204], [-3.6710723637687748, 39.15883703231787], [-3.671044974135773, 39.158829186353486], [-3.6709179864905837, 39.158793311812595], [-3.6708448106258547, 39.15877269176214], [-3.6705371044033854, 39.15868585246692], [-3.6703964111618785, 39.15864613705382], [-3.6691272910914337, 39.15828788165832], [-3.6689692783312555, 39.15824327687963], [-3.6688756091999433, 39.15821687314432], [-3.66889640699541, 39.15818008858556], [-3.6689241397848695, 39.1581310410842], [-3.6689644561748027, 39.15806490554474], [-3.669063110057643, 39.15792492404349], [-3.669171403761768, 39.15776063570725], [-3.6692777687829916, 39.157588298880874], [-3.669493685149711, 39.15727380276269], [-3.669607176506075, 39.15712367903443], [-3.669701890378079, 39.156991745229305], [-3.6698609784216165, 39.15674631725352], [-3.670233384005803, 39.15622989571861], [-3.6707419912550416, 39.15532462895922], [-3.671025213894454, 39.154858416384734], [-3.671353445722871, 39.15436194336223], [-3.671457130171289, 39.15422766311331], [-3.671488645766392, 39.15420184649649], [-3.6724561906161903, 39.15451533653054], [-3.6728013565860245, 39.154608235072466], [-3.6727970886901153, 39.15457476650625], [-3.6727912208946742, 39.15456604862686], [-3.672785102469277, 39.15455691139654], [-3.672758530303167, 39.154529418196695], [-3.6727358146045646, 39.15448457558606], [-3.6727334673067484, 39.154450794189586], [-3.6727422672032484, 39.15440720818817], [-3.672751822582941, 39.15438851572727], [-3.6732493652828304, 39.15342305946076], [-3.673256072104727, 39.15340889885673], [-3.6742833046153014, 39.15123928135324], [-3.6746515501013968, 39.15046141522379], [-3.674648531762049, 39.15034490429824], [-3.674692283309617, 39.150162760151474], [-3.674700916119524, 39.150126970361626], [-3.6749705634183325, 39.14994516212808], [-3.675303494333999, 39.14971951581867], [-3.6761268550891377, 39.14925715827548], [-3.6762994394215003, 39.14911256764219], [-3.6772312600690937, 39.14840528616284], [-3.6779895783060916, 39.14800478824677], [-3.678441364418658, 39.147697667357676], [-3.678726012684431, 39.14736347270151], [-3.6792252424204364, 39.14698979899713], [-3.6794245426493437, 39.14687321196062], [-3.6800942843043742, 39.14648142490526], [-3.680631317842465, 39.146225769280576], [-3.6808526860846684, 39.146090650729484], [-3.6811529282054556, 39.1458425401326], [-3.6815066443401636, 39.14559929151025], [-3.6816265900918403, 39.14538999013728], [-3.681773522132988, 39.145073481109335], [-3.6821552288736217, 39.14429629229706], [-3.6824101905141817, 39.14391048600143], [-3.683174547226501, 39.14290461059365], [-3.68318569442085, 39.14286546593654], [-3.6835917967096594, 39.14233705866019], [-3.6841940353609655, 39.14156607252103], [-3.684813707617009, 39.14077320685851], [-3.6858651353514067, 39.139498453487384], [-3.6862473514368284, 39.138982282323326], [-3.687168690541655, 39.13779646244032], [-3.689760059743447, 39.13453482190866], [-3.6909460569040373, 39.13304206212473], [-3.690992760315667, 39.132983278025044], [-3.691107080817053, 39.13283938979436], [-3.6912306431860777, 39.13268386940367], [-3.691319763248755, 39.132571695974015], [-3.691392005763932, 39.13248076889598], [-3.691392034510005, 39.13248079955575], [-3.6913921638674214, 39.13248063789514], [-3.6914391116207943, 39.13239342680835], [-3.691590657409202, 39.132285464465966], [-3.6916343245151753, 39.13222795908809], [-3.6919457910854288, 39.13181777741092], [-3.6920905554917804, 39.13162713148458], [-3.6920907037138018, 39.131627070164285], [-3.6922700667333284, 39.13155137300919], [-3.692276035140077, 39.131554503134744], [-3.6924722784020956, 39.13165705717483], [-3.6924855590952506, 39.13166399821062], [-3.692700353466195, 39.13177624834268], [-3.6930147674089255, 39.131940621028946], [-3.6931051271466973, 39.13198781164621], [-3.693169074618543, 39.13202125959633], [-3.693245025379172, 39.132060986550705], [-3.6940428371492957, 39.132435329004615], [-3.694301845700213, 39.132561060529156], [-3.694344342301368, 39.13258168059478], [-3.6945527568371936, 39.132682809554076], [-3.694554398957521, 39.132683606009095], [-3.6945661327517745, 39.132689473854775], [-3.694755066422311, 39.132783603899256], [-3.6948921143003624, 39.13277865794124], [-3.694892178979086, 39.13277857083995], [-3.6950165920526614, 39.13261311168962], [-3.6950291837380105, 39.13259636660436], [-3.695052375543708, 39.13256558423427], [-3.6950997329288584, 39.132505066066535], [-3.695215147578242, 39.132357763862466], [-3.6952248368069025, 39.13234539819516], [-3.695254570144464, 39.1323074496725], [-3.6953340027751427, 39.13220607210781], [-3.6954510200190143, 39.132056705305594], [-3.6954810506989495, 39.13201836989363], [-3.6955713637243726, 39.13190308341125], [-3.695608814488565, 39.131855278839446], [-3.696139700855184, 39.131177774247504], [-3.696215451291493, 39.13108110978764], [-3.6962174509413326, 39.131078546161376], [-3.6962178956073957, 39.131077974066436], [-3.6962284445237774, 39.1310644723463], [-3.6963837722195647, 39.13088514575995], [-3.696438830861631, 39.1308215991209], [-3.6964964982113027, 39.1307681209221], [-3.6964701784717775, 39.13074800343681], [-3.6964092403561746, 39.13070374703944], [-3.696359532978251, 39.130674325449725], [-3.696327513428243, 39.13065345396635], [-3.696312928381302, 39.130628811225456], [-3.696237657645343, 39.13058840892995], [-3.696091975160758, 39.13051489871257], [-3.6960599556107825, 39.13049654135436], [-3.696058194912805, 39.13048287855435], [-3.6959284395582244, 39.13041305656674], [-3.6957283586933056, 39.13031146583089], [-3.695675466787705, 39.13028556518354], [-3.6956790708286262, 39.13028070336708], [-3.695738330891284, 39.13020258186749], [-3.694851839232928, 39.12995832941464], [-3.69374162574634, 39.12950243072158], [-3.693060161076854, 39.12935675215503], [-3.692630999933017, 39.12938340782571], [-3.6923519607478874, 39.12949505812715], [-3.692287754561278, 39.12952079251993], [-3.691914837835675, 39.129670245534264], [-3.691058110955946, 39.130013495271925], [-3.691017623886097, 39.12988994378841], [-3.690967664081589, 39.129809726458994], [-3.6909130977162654, 39.12987753727111], [-3.6908848510904995, 39.12987334717915], [-3.690707151750864, 39.12984727912926], [-3.6906944738272607, 39.12984694116227], [-3.6904497368112645, 39.12984040690152], [-3.6904478278912656, 39.12984055811559], [-3.6904470966626284, 39.129840616650085], [-3.690040690743267, 39.129865114027474], [-3.690039270506789, 39.129865051311995], [-3.6900382024099403, 39.129865003230066], [-3.69003742357059, 39.129864969084956], [-3.6899612374513215, 39.12986233224634], [-3.689877790249648, 39.12985944454561], [-3.6898775764506055, 39.12985943618351], [-3.6898702848254317, 39.12985901668643], [-3.689870032398847, 39.12985859718937], [-3.6898008791899555, 39.12975767671063], [-3.689598702555475, 39.12974518794291], [-3.689540987595125, 39.129514704208034], [-3.689229618042924, 39.128271279686274], [-3.6893235809233205, 39.128225765302695], [-3.6893237947223634, 39.128225769483855], [-3.689513182940431, 39.12823070948992], [-3.689513396739473, 39.1282307087931], [-3.68956657700431, 39.12818435606605], [-3.6895724439014197, 39.128181757491596], [-3.689588416845476, 39.128068873065516], [-3.689563693412226, 39.12803664343495], [-3.6896047958280542, 39.1279822641751], [-3.6896050096270963, 39.127982253722266], [-3.689779729254926, 39.12797421616652], [-3.689779941257308, 39.12797420153252], [-3.6899208842304403, 39.12796365459115], [-3.6900940569593352, 39.12791168431406], [-3.6902619493909907, 39.127867091642216], [-3.690650206646693, 39.12778762810139], [-3.6910584118915737, 39.12771378046768], [-3.6914245400485766, 39.1276517522144], [-3.6914247547459165, 39.12765174524577], [-3.6919447319717174, 39.127635154380826], [-3.6919449439741325, 39.12763513835301], [-3.692316225765884, 39.1276059830761], [-3.6925583558709376, 39.12753570248863], [-3.6925879715292127, 39.127527105998524], [-3.69277354999219, 39.12749516949915], [-3.692840355903233, 39.127485110986626], [-3.69292376807062, 39.12742168183707], [-3.6929238273594285, 39.12742179821321], [-3.6929804212223347, 39.127534817473865], [-3.6929806125634834, 39.127534770784145], [-3.693659535000717, 39.127372620565716], [-3.693659747003131, 39.12737261080961], [-3.6942045383920226, 39.12734588051033], [-3.6948829011788304, 39.12749868447298], [-3.695223418367052, 39.127700189601285], [-3.6957947163450307, 39.12842758611592], [-3.6960945479357448, 39.12869380233818], [-3.6976820426209893, 39.12950451428068], [-3.698222602046587, 39.12959797334287], [-3.6982228032692044, 39.12959796637444], [-3.6984898238941333, 39.12958875273435], [-3.6984900376931753, 39.12958874506907], [-3.698632401801083, 39.12958380655195], [-3.699222356889212, 39.129469380866105], [-3.6993330365187287, 39.12933679593442], [-3.6993333158947923, 39.12918955400056], [-3.6993688613322746, 39.12903591748972], [-3.699368759822636, 39.12903569798289], [-3.6993667484947017, 39.129031256279], [-3.699401533059143, 39.12892547340156], [-3.6995248322217833, 39.12882731877399], [-3.699872431727722, 39.12845883997364], [-3.6998600619262563, 39.128274595320924], [-3.6996526445204094, 39.1277728498004], [-3.699553218086433, 39.127426281133545], [-3.6995489528854812, 39.12741141286136], [-3.6995543266075184, 39.127401240748206], [-3.6996534736654305, 39.127213552905594], [-3.699757996241974, 39.12701569239401], [-3.6998750898426334, 39.126777473535086], [-3.700194485841899, 39.1264581142466], [-3.700176250939951, 39.126233306254], [-3.700046658180445, 39.125884946700225], [-3.7001010565607784, 39.125683439863124], [-3.700233658676494, 39.12551906651057], [-3.700559131778658, 39.125258884459136], [-3.7007110117403847, 39.125032901869275], [-3.7007524141935093, 39.124804321946016], [-3.700992223950194, 39.12465788520174], [-3.7015917092651627, 39.12452888368969], [-3.7015918017916305, 39.1245289080809], [-3.701774857785291, 39.12457833720093], [-3.702362209555699, 39.12594026139554], [-3.702748124005137, 39.12617604890008], [-3.7029440151275597, 39.1262369021283], [-3.703216181302463, 39.1262986765716], [-3.7034702437294285, 39.126366236405346], [-3.7036461841677135, 39.12642432427727], [-3.7039278230772767, 39.126538236437575], [-3.704109377087758, 39.12660055487312], [-3.704413817934179, 39.12665089056202], [-3.7044139823258813, 39.12665088080582], [-3.7044140308349243, 39.12665087732146], [-3.704661591255865, 39.12663664025068], [-3.703484457772168, 39.12381245930824], [-3.7041951715872803, 39.12364280326545], [-3.7052969948091454, 39.123506423885594], [-3.7057075482501727, 39.123428133887565], [-3.7070674170289664, 39.12666110947389], [-3.707067465537976, 39.126661102505174], [-3.7073350565931293, 39.12662330423124], [-3.7075843390844723, 39.12658164387559], [-3.707652583198302, 39.12656957963636], [-3.7078621197299015, 39.12653252417873], [-3.707862188001848, 39.126532548569244], [-3.7081684030209696, 39.12664098802798], [-3.708376364805857, 39.1267810526567], [-3.708540569653295, 39.126808293975486], [-3.7085407744691667, 39.12680828840055], [-3.7087647909448136, 39.12680343191898], [-3.709007031542643, 39.126760012074], [-3.7090074250047387, 39.12676084204574], [-3.709007786127505, 39.126761604421176], [-3.709202115977972, 39.12670443808986], [-3.709216079390755, 39.12670033003979], [-3.7094308647785286, 39.126604436445824], [-3.709541301862928, 39.12651592259704], [-3.709604669921413, 39.126424977247254], [-3.7097025701176882, 39.12628985762769], [-3.7098413768970895, 39.126248114146726], [-3.7098415278140346, 39.12624813226545], [-3.710008683627171, 39.12626789563009], [-3.7101790931382603, 39.12629983059533], [-3.7101793051406755, 39.12629983756409], [-3.710381184432783, 39.126307289239755], [-3.710381396435198, 39.12630728087723], [-3.7105357494588684, 39.12629999714829], [-3.7106118583230194, 39.12625381179433], [-3.7113976730925065, 39.12591181971708], [-3.711584088785345, 39.1256857542026], [-3.7117292628234733, 39.12544728136177], [-3.711707383456401, 39.125280142918164], [-3.711810482203245, 39.12517762976798], [-3.711820960152723, 39.125167152096374], [-3.711988513919507, 39.124982660497686], [-3.712157662195938, 39.124823987454384], [-3.712203260679738, 39.124781237493586], [-3.712225809291715, 39.12476623486032], [-3.7123022523291196, 39.12471535494738], [-3.712345000458529, 39.12468693925613], [-3.712477352842619, 39.12459892615309], [-3.7128537038275238, 39.12434871952195], [-3.7128537936590673, 39.124348801058474], [-3.7129851372350497, 39.124468331437164], [-3.7129908370455325, 39.12447336090899], [-3.713062002480657, 39.12453807081292], [-3.7130621641774013, 39.124538022727364], [-3.7135828618520748, 39.124383334911656], [-3.7138259423746898, 39.124294987616985], [-3.71399735350731, 39.12419934790267], [-3.7140373375206175, 39.12417696641922], [-3.7143468008477774, 39.12400999500428], [-3.714599435851755, 39.12392902181302], [-3.7147980892936854, 39.12387204064838], [-3.714872708751082, 39.12380861521419], [-3.7149067252559385, 39.12376049781549], [-3.7149302413534557, 39.12371244589253], [-3.7149699639570084, 39.123635080910525], [-3.7150068613589884, 39.12357526102973], [-3.7150408086935682, 39.12352013333755], [-3.71505130820261, 39.123507232291715], [-3.715158766473535, 39.123421065203786], [-3.7151856719146004, 39.12340446846403], [-3.715180977318936, 39.12339038684335], [-3.7149820660605046, 39.12305644337327], [-3.71489480730708, 39.122909338145455], [-3.714882569557955, 39.12289299217196], [-3.714886843742078, 39.122864828026316], [-3.7149155107794183, 39.122849406143004], [-3.714846606403889, 39.12273540996329], [-3.7147495407424844, 39.12257522722699], [-3.7141533109220957, 39.121589242394485], [-3.713672755364253, 39.12079478720447], [-3.714957218659756, 39.12028657591644], [-3.7153403636031763, 39.12017274633861], [-3.7158329772470915, 39.12009940157526], [-3.7165224027866217, 39.12006167992791], [-3.717190873325526, 39.120028987352605], [-3.7179058649180163, 39.119938458759236], [-3.718004857465695, 39.11993368055797], [-3.718737032931296, 39.11993024117279], [-3.7187392113458566, 39.11993376279655], [-3.7191309145389573, 39.12060139689601], [-3.719200176443999, 39.12069941523752], [-3.719261007660114, 39.12078555080803], [-3.719263186074675, 39.12078882010087], [-3.7194550563378894, 39.12110281367613], [-3.719495459864408, 39.12116894770629], [-3.719534018251355, 39.121232064688904], [-3.719537118337405, 39.12123709439179], [-3.7195398851484653, 39.12124170454592], [-3.71972756297426, 39.121548656501744], [-3.7198536325412492, 39.12172937421571], [-3.720483712678164, 39.121612693079356], [-3.720540291269686, 39.12160774773066], [-3.721586541114814, 39.121515122038325], [-3.7217817351445897, 39.12126603207689], [-3.721936823888482, 39.12106793602408], [-3.7219690940684473, 39.12102703203261], [-3.7207137667308356, 39.11898557265892], [-3.7210721819527937, 39.118792532130925], [-3.7214712513312267, 39.11860242453813], [-3.721922456233839, 39.11846474743375], [-3.7223788605852834, 39.11837090769929], [-3.722690086407048, 39.118293959204955], [-3.7230533651079587, 39.118136625279334], [-3.7235018023011452, 39.11785858987558], [-3.724219052258272, 39.11742120921138], [-3.7248619522526307, 39.11695005013614], [-3.724973181651104, 39.116868491044], [-3.7256491055118928, 39.11631493565819], [-3.7261352611672414, 39.115793482926485], [-3.726642203838292, 39.115321234037445], [-3.7274224005439978, 39.11455879552035], [-3.72801241042935, 39.11416030757577], [-3.728361688886563, 39.11397480996323], [-3.7284191909462012, 39.11395326790012], [-3.7288773533006654, 39.11379023538465], [-3.729298552676128, 39.11367099775017], [-3.73013801303778, 39.11337380853542], [-3.7306000327580815, 39.113199626104304], [-3.7314896191126055, 39.112829722422916], [-3.7318113130023467, 39.112734108964396]]]}}