{"type": "FeatureCollection", "features": [{"type": "Feature", "geometry": {"type": "MultiPolygon", "coordinates": [[[[-6.797262, 37.252812], [-6.79715, 37.252816], [-6.797271, 37.252992], [-6.797159, 37.252995], [-6.797186, 37.253535], [-6.797074, 37.253539], [-6.797092, 37.253898], [-6.796979, 37.253902], [-6.79697, 37.253722], [-6.796858, 37.253726], [-6.796871, 37.253996], [-6.796984, 37.253992], [-6.796988, 37.254082], [-6.796426, 37.2541], [-6.79643, 37.25419], [-6.796093, 37.254201], [-6.796088, 37.254111], [-6.795975, 37.254114], [-6.795872, 37.254298], [-6.795759, 37.254302], [-6.795746, 37.254032], [-6.795633, 37.254035], [-6.795642, 37.254215], [-6.79553, 37.254219], [-6.795521, 37.254039], [-6.795408, 37.254043], [-6.795404, 37.253953], [-6.795516, 37.253949], [-6.795507, 37.253769], [-6.79562, 37.253766], [-6.795615, 37.253676], [-6.795503, 37.253679], [-6.795498, 37.253589], [-6.795611, 37.253586], [-6.795602, 37.253406], [-6.795489, 37.253409], [-6.79548, 37.25323], [-6.795026, 37.253154], [-6.794895, 37.252798], [-6.79467, 37.252805], [-6.794656, 37.252535], [-6.794427, 37.252453], [-6.79453, 37.252269], [-6.794418, 37.252273], [-6.794409, 37.252093], [-6.794296, 37.252096], [-6.794292, 37.252006], [-6.794517, 37.251999], [-6.794494, 37.25155], [-6.794607, 37.251546], [-6.794625, 37.251906], [-6.794737, 37.251902], [-6.794746, 37.252082], [-6.794859, 37.252078], [-6.79485, 37.251898], [-6.794962, 37.251895], [-6.794971, 37.252075], [-6.795084, 37.252071], [-6.795079, 37.251981], [-6.795192, 37.251978], [-6.795187, 37.251888], [-6.795075, 37.251891], [-6.795061, 37.251621], [-6.795174, 37.251618], [-6.795165, 37.251438], [-6.79494, 37.251445], [-6.794917, 37.250995], [-6.794692, 37.251003], [-6.794679, 37.250733], [-6.794791, 37.250729], [-6.794787, 37.250639], [-6.794899, 37.250636], [-6.794908, 37.250816], [-6.795021, 37.250812], [-6.795048, 37.251352], [-6.795385, 37.251341], [-6.795381, 37.251251], [-6.795268, 37.251254], [-6.795241, 37.250715], [-6.795129, 37.250718], [-6.795232, 37.250535], [-6.79602, 37.25051], [-6.796015, 37.25042], [-6.796128, 37.250416], [-6.796132, 37.250506], [-6.796245, 37.250502], [-6.796254, 37.250682], [-6.796366, 37.250679], [-6.796375, 37.250859], [-6.796488, 37.250855], [-6.796492, 37.250945], [-6.796717, 37.250938], [-6.796713, 37.250848], [-6.796825, 37.250844], [-6.796695, 37.250488], [-6.796807, 37.250484], [-6.796798, 37.250304], [-6.797586, 37.250279], [-6.797581, 37.250189], [-6.797806, 37.250182], [-6.797838, 37.250812], [-6.797951, 37.250808], [-6.797982, 37.251438], [-6.798095, 37.251434], [-6.798126, 37.252064], [-6.798239, 37.25206], [-6.798266, 37.2526], [-6.798379, 37.252596], [-6.798401, 37.253046], [-6.798514, 37.253042], [-6.798532, 37.253402], [-6.798419, 37.253405], [-6.798424, 37.253495], [-6.797861, 37.253513], [-6.797956, 37.25315], [-6.797726, 37.253067], [-6.797717, 37.252887], [-6.797942, 37.25288], [-6.797937, 37.25279], [-6.797708, 37.252708], [-6.797703, 37.252618], [-6.797816, 37.252614], [-6.797807, 37.252434], [-6.797577, 37.252351], [-6.797586, 37.252531], [-6.797474, 37.252535], [-6.797487, 37.252805], [-6.7976, 37.252801], [-6.797604, 37.252891], [-6.797492, 37.252895], [-6.797506, 37.253164], [-6.797393, 37.253168], [-6.797366, 37.252628], [-6.797253, 37.252632], [-6.797262, 37.252812]], [[-6.798014, 37.252067], [-6.798, 37.251797], [-6.797888, 37.251801], [-6.79791, 37.252251], [-6.798135, 37.252243], [-6.798126, 37.252064], [-6.798014, 37.252067]], [[-6.798163, 37.252783], [-6.798158, 37.252693], [-6.797933, 37.2527], [-6.797937, 37.25279], [-6.798163, 37.252783]], [[-6.797573, 37.252261], [-6.797348, 37.252269], [-6.797352, 37.252359], [-6.797577, 37.252351], [-6.797573, 37.252261]], [[-6.797685, 37.252258], [-6.797681, 37.252168], [-6.797568, 37.252172], [-6.797573, 37.252261], [-6.797685, 37.252258]], [[-6.797564, 37.252082], [-6.797451, 37.252085], [-6.797415, 37.251366], [-6.797303, 37.251369], [-6.797312, 37.251549], [-6.797199, 37.251553], [-6.797204, 37.251643], [-6.797316, 37.251639], [-6.797343, 37.252179], [-6.797568, 37.252172], [-6.797564, 37.252082]], [[-6.797275, 37.25083], [-6.797163, 37.250833], [-6.797177, 37.251103], [-6.797064, 37.251107], [-6.797069, 37.251197], [-6.797181, 37.251193], [-6.79719, 37.251373], [-6.797303, 37.251369], [-6.797275, 37.25083]], [[-6.797249, 37.252542], [-6.797136, 37.252546], [-6.797141, 37.252636], [-6.797253, 37.252632], [-6.797249, 37.252542]], [[-6.797361, 37.252539], [-6.797357, 37.252449], [-6.797244, 37.252452], [-6.797249, 37.252542], [-6.797361, 37.252539]], [[-6.797231, 37.252182], [-6.797118, 37.252186], [-6.7971, 37.251826], [-6.796988, 37.25183], [-6.797006, 37.25219], [-6.796785, 37.252287], [-6.796664, 37.25211], [-6.796551, 37.252114], [-6.796565, 37.252384], [-6.797015, 37.252369], [-6.797019, 37.252459], [-6.797244, 37.252452], [-6.797231, 37.252182]], [[-6.796628, 37.253643], [-6.796515, 37.253647], [-6.796412, 37.25383], [-6.796642, 37.253913], [-6.796628, 37.253643]], [[-6.795836, 37.253578], [-6.795723, 37.253582], [-6.795732, 37.253762], [-6.795957, 37.253755], [-6.795836, 37.253578]], [[-6.797055, 37.253179], [-6.79683, 37.253186], [-6.796839, 37.253366], [-6.797064, 37.253359], [-6.797055, 37.253179]], [[-6.796929, 37.252913], [-6.796817, 37.252916], [-6.796826, 37.253096], [-6.797051, 37.253089], [-6.796929, 37.252913]], [[-6.795345, 37.252783], [-6.795233, 37.252787], [-6.795242, 37.252967], [-6.795354, 37.252963], [-6.795345, 37.252783]], [[-6.795332, 37.252514], [-6.795107, 37.252521], [-6.795102, 37.252431], [-6.794764, 37.252442], [-6.794769, 37.252532], [-6.794994, 37.252524], [-6.794891, 37.252708], [-6.795341, 37.252693], [-6.795332, 37.252514]], [[-6.796907, 37.252463], [-6.796794, 37.252467], [-6.796799, 37.252557], [-6.796911, 37.252553], [-6.796907, 37.252463]], [[-6.794863, 37.252168], [-6.794751, 37.252172], [-6.794755, 37.252262], [-6.794868, 37.252258], [-6.794863, 37.252168]], [[-6.797667, 37.251898], [-6.797555, 37.251902], [-6.797559, 37.251992], [-6.797672, 37.251988], [-6.797667, 37.251898]], [[-6.796646, 37.251751], [-6.796533, 37.251754], [-6.796542, 37.251934], [-6.796655, 37.251931], [-6.796646, 37.251751]], [[-6.797771, 37.251715], [-6.797658, 37.251718], [-6.797663, 37.251808], [-6.797775, 37.251805], [-6.797771, 37.251715]], [[-6.796871, 37.251743], [-6.796758, 37.251747], [-6.796763, 37.251837], [-6.796875, 37.251833], [-6.796871, 37.251743]], [[-6.79539, 37.251431], [-6.795277, 37.251434], [-6.7953, 37.251884], [-6.795412, 37.25188], [-6.79539, 37.251431]], [[-6.796947, 37.25102], [-6.796722, 37.251028], [-6.796745, 37.251477], [-6.796857, 37.251474], [-6.796866, 37.251654], [-6.796979, 37.25165], [-6.796947, 37.25102]], [[-6.797865, 37.251351], [-6.797528, 37.251362], [-6.797532, 37.251452], [-6.79787, 37.251441], [-6.797865, 37.251351]], [[-6.795948, 37.251323], [-6.795835, 37.251326], [-6.79584, 37.251416], [-6.795952, 37.251413], [-6.795948, 37.251323]], [[-6.797631, 37.251179], [-6.797519, 37.251182], [-6.797523, 37.251272], [-6.797636, 37.251268], [-6.797631, 37.251179]], [[-6.796258, 37.250772], [-6.796033, 37.250779], [-6.796038, 37.250869], [-6.796263, 37.250862], [-6.796258, 37.250772]], [[-6.797154, 37.250653], [-6.797041, 37.250657], [-6.797032, 37.250477], [-6.79692, 37.250481], [-6.796933, 37.250751], [-6.797158, 37.250743], [-6.797154, 37.250653]]], [[[-6.797731, 37.253157], [-6.797762, 37.253787], [-6.797542, 37.253884], [-6.797645, 37.253701], [-6.797533, 37.253704], [-6.797528, 37.253614], [-6.797641, 37.253611], [-6.797636, 37.253521], [-6.797524, 37.253524], [-6.797506, 37.253164], [-6.797731, 37.253157]]], [[[-6.794382, 37.251553], [-6.794391, 37.251733], [-6.794278, 37.251737], [-6.794247, 37.251107], [-6.794467, 37.25101], [-6.794458, 37.25083], [-6.794571, 37.250826], [-6.794584, 37.251096], [-6.794472, 37.2511], [-6.794481, 37.25128], [-6.794701, 37.251183], [-6.794715, 37.251452], [-6.79449, 37.25146], [-6.794494, 37.25155], [-6.794382, 37.251553]]]]}, "properties": {"id": "donana-2026-163340-4129610", "ha": 9.24, "plastic_dates": 3.1, "valid_dates": 8.9, "admin_zone": "Zona A", "plan_zone": "Zona A - Suelo Forestal", "distance_to_irrigable_m": 16, "sigpac_ref": "21:50:0:0:27:2:17", "sigpac_use": "IV", "sigpac_irrigation_coef": 100, "sigpac_url": "https://sigpac-hubcloud.es/servicioconsultassigpac/query/recinfo/21/50/0/0/27/2/17.json", "declared_greenhouse_share": 0.94, "declared_irrigated_share": 1.0, "lon": -6.795545, "lat": 37.252282}}, {"type": "Feature", "geometry": {"type": "Polygon", "coordinates": [[[-6.768069, 37.293385], [-6.768065, 37.293295], [-6.767952, 37.293298], [-6.767943, 37.293118], [-6.767831, 37.293122], [-6.767799, 37.292492], [-6.767912, 37.292489], [-6.767907, 37.292399], [-6.768245, 37.292388], [-6.768241, 37.292298], [-6.769479, 37.292259], [-6.769475, 37.292169], [-6.769925, 37.292154], [-6.76992, 37.292064], [-6.770371, 37.29205], [-6.770366, 37.29196], [-6.771938, 37.29182], [-6.771933, 37.29173], [-6.772609, 37.291708], [-6.772604, 37.291618], [-6.773392, 37.291593], [-6.773388, 37.291503], [-6.773951, 37.291485], [-6.773946, 37.291395], [-6.774622, 37.291374], [-6.774617, 37.291284], [-6.77518, 37.291266], [-6.775176, 37.291176], [-6.775626, 37.291162], [-6.77563, 37.291251], [-6.775968, 37.291241], [-6.775973, 37.291331], [-6.77631, 37.29132], [-6.776315, 37.29141], [-6.776427, 37.291406], [-6.776454, 37.291946], [-6.776342, 37.291949], [-6.776351, 37.292129], [-6.774887, 37.292176], [-6.774892, 37.292266], [-6.773991, 37.292295], [-6.773996, 37.292385], [-6.773771, 37.292392], [-6.773775, 37.292482], [-6.772874, 37.292511], [-6.77287, 37.292421], [-6.77242, 37.292435], [-6.772316, 37.292618], [-6.771528, 37.292644], [-6.771523, 37.292554], [-6.771411, 37.292557], [-6.771415, 37.292647], [-6.771078, 37.292658], [-6.771082, 37.292748], [-6.770744, 37.292759], [-6.770641, 37.292942], [-6.770303, 37.292953], [-6.770312, 37.293133], [-6.769637, 37.293154], [-6.769641, 37.293244], [-6.768628, 37.293277], [-6.768632, 37.293367], [-6.768069, 37.293385]]]}, "properties": {"id": "donana-2026-165660-4133970", "ha": 7.78, "plastic_dates": 6.1, "valid_dates": 10.6, "admin_zone": "Zona C", "plan_zone": "Zona C - No regable", "distance_to_irrigable_m": 16, "sigpac_ref": "21:46:0:0:20:1:2", "sigpac_use": "IV", "sigpac_irrigation_coef": 0, "sigpac_url": "https://sigpac-hubcloud.es/servicioconsultassigpac/query/recinfo/21/46/0/0/20/1/2.json", "declared_greenhouse_share": 1.0, "declared_irrigated_share": 0.0, "lon": -6.7714, "lat": 37.292332}}, {"type": "Feature", "geometry": {"type": "MultiPolygon", "coordinates": [[[[-6.736455, 37.233308], [-6.736464, 37.233488], [-6.736351, 37.233492], [-6.736347, 37.233402], [-6.736235, 37.233405], [-6.736243, 37.233585], [-6.736356, 37.233581], [-6.73636, 37.233671], [-6.736248, 37.233675], [-6.736257, 37.233855], [-6.736482, 37.233848], [-6.736477, 37.233758], [-6.73659, 37.233754], [-6.736576, 37.233484], [-6.736689, 37.233481], [-6.736693, 37.233571], [-6.736806, 37.233567], [-6.736824, 37.233927], [-6.736603, 37.234024], [-6.736612, 37.234204], [-6.736725, 37.2342], [-6.736729, 37.23429], [-6.736616, 37.234294], [-6.73663, 37.234564], [-6.736517, 37.234567], [-6.736531, 37.234837], [-6.73631, 37.234934], [-6.736323, 37.235204], [-6.736098, 37.235211], [-6.736112, 37.235481], [-6.735999, 37.235485], [-6.736008, 37.235664], [-6.735896, 37.235668], [-6.735905, 37.235848], [-6.735792, 37.235851], [-6.735797, 37.235941], [-6.735572, 37.235949], [-6.735589, 37.236308], [-6.735364, 37.236315], [-6.73536, 37.236226], [-6.735247, 37.236229], [-6.735252, 37.236319], [-6.735027, 37.236326], [-6.735018, 37.236146], [-6.734905, 37.23615], [-6.734901, 37.23606], [-6.735351, 37.236046], [-6.735455, 37.235862], [-6.735567, 37.235859], [-6.735563, 37.235769], [-6.735675, 37.235765], [-6.735671, 37.235675], [-6.735783, 37.235672], [-6.735779, 37.235582], [-6.735891, 37.235578], [-6.735869, 37.235128], [-6.73564, 37.235046], [-6.735635, 37.234956], [-6.735523, 37.234959], [-6.735518, 37.234869], [-6.735406, 37.234873], [-6.735401, 37.234783], [-6.735176, 37.23479], [-6.735172, 37.2347], [-6.735059, 37.234703], [-6.735055, 37.234614], [-6.734717, 37.234624], [-6.734708, 37.234444], [-6.734596, 37.234448], [-6.734578, 37.234088], [-6.734691, 37.234084], [-6.73462, 37.232645], [-6.734507, 37.232649], [-6.734476, 37.232019], [-6.734364, 37.232023], [-6.73435, 37.231753], [-6.735363, 37.231721], [-6.735372, 37.231901], [-6.736046, 37.23188], [-6.736051, 37.231969], [-6.736501, 37.231955], [-6.736505, 37.232045], [-6.736393, 37.232049], [-6.736397, 37.232139], [-6.73651, 37.232135], [-6.736519, 37.232315], [-6.736406, 37.232319], [-6.736415, 37.232499], [-6.736528, 37.232495], [-6.736523, 37.232405], [-6.736748, 37.232398], [-6.736627, 37.232222], [-6.736739, 37.232218], [-6.736726, 37.231948], [-6.736951, 37.231941], [-6.737072, 37.232117], [-6.737185, 37.232114], [-6.737194, 37.232294], [-6.737306, 37.23229], [-6.737319, 37.23256], [-6.737207, 37.232564], [-6.737216, 37.232743], [-6.737103, 37.232747], [-6.737121, 37.233107], [-6.736901, 37.233204], [-6.736896, 37.233114], [-6.736559, 37.233125], [-6.736568, 37.233304], [-6.736455, 37.233308]], [[-6.735355, 37.236136], [-6.735468, 37.236132], [-6.735463, 37.236042], [-6.735351, 37.236046], [-6.735355, 37.236136]], [[-6.736081, 37.234851], [-6.736072, 37.234671], [-6.735622, 37.234686], [-6.735613, 37.234506], [-6.735388, 37.234513], [-6.735518, 37.234869], [-6.736081, 37.234851]], [[-6.735284, 37.234696], [-6.735275, 37.234516], [-6.735163, 37.23452], [-6.735172, 37.2347], [-6.735284, 37.234696]], [[-6.734821, 37.234441], [-6.734817, 37.234351], [-6.734704, 37.234354], [-6.734708, 37.234444], [-6.734821, 37.234441]], [[-6.73696, 37.232121], [-6.736969, 37.232301], [-6.736856, 37.232304], [-6.736861, 37.232394], [-6.737086, 37.232387], [-6.737072, 37.232117], [-6.73696, 37.232121]], [[-6.736554, 37.233035], [-6.736442, 37.233038], [-6.736446, 37.233128], [-6.736559, 37.233125], [-6.736554, 37.233035]], [[-6.736266, 37.234035], [-6.736153, 37.234038], [-6.736166, 37.234308], [-6.736279, 37.234305], [-6.736266, 37.234035]], [[-6.735253, 37.234067], [-6.735141, 37.23407], [-6.735145, 37.23416], [-6.735258, 37.234157], [-6.735253, 37.234067]], [[-6.73569, 37.233783], [-6.735465, 37.23379], [-6.735469, 37.23388], [-6.735694, 37.233873], [-6.73569, 37.233783]], [[-6.736014, 37.233502], [-6.735901, 37.233506], [-6.73591, 37.233686], [-6.736135, 37.233679], [-6.736014, 37.233502]], [[-6.735006, 37.233624], [-6.734893, 37.233628], [-6.734898, 37.233718], [-6.73501, 37.233714], [-6.735006, 37.233624]], [[-6.736334, 37.233132], [-6.736221, 37.233135], [-6.736226, 37.233225], [-6.736338, 37.233222], [-6.736334, 37.233132]], [[-6.736109, 37.233139], [-6.735996, 37.233142], [-6.736001, 37.233232], [-6.736113, 37.233229], [-6.736109, 37.233139]], [[-6.735092, 37.233081], [-6.734979, 37.233084], [-6.734988, 37.233264], [-6.735101, 37.233261], [-6.735092, 37.233081]], [[-6.736208, 37.232865], [-6.736195, 37.232596], [-6.73597, 37.232603], [-6.735983, 37.232873], [-6.735758, 37.23288], [-6.735637, 37.232703], [-6.735412, 37.23271], [-6.735533, 37.232887], [-6.735645, 37.232883], [-6.73565, 37.232973], [-6.735875, 37.232966], [-6.735879, 37.233056], [-6.735992, 37.233052], [-6.735987, 37.232962], [-6.736212, 37.232955], [-6.736217, 37.233045], [-6.736329, 37.233042], [-6.736433, 37.232858], [-6.736208, 37.232865]], [[-6.73677, 37.232848], [-6.736766, 37.232758], [-6.736428, 37.232768], [-6.736433, 37.232858], [-6.73677, 37.232848]], [[-6.736995, 37.232841], [-6.736883, 37.232844], [-6.736887, 37.232934], [-6.737, 37.23293], [-6.736995, 37.232841]], [[-6.735065, 37.232541], [-6.734953, 37.232545], [-6.734962, 37.232725], [-6.735074, 37.232721], [-6.735065, 37.232541]], [[-6.735853, 37.232516], [-6.735628, 37.232523], [-6.735632, 37.232613], [-6.735857, 37.232606], [-6.735853, 37.232516]], [[-6.735619, 37.232343], [-6.735506, 37.232347], [-6.735511, 37.232437], [-6.735623, 37.232433], [-6.735619, 37.232343]], [[-6.735389, 37.232261], [-6.735164, 37.232268], [-6.735173, 37.232448], [-6.735398, 37.232441], [-6.735389, 37.232261]], [[-6.73628, 37.232052], [-6.735605, 37.232074], [-6.73561, 37.232164], [-6.735835, 37.232156], [-6.735839, 37.232246], [-6.736064, 37.232239], [-6.73606, 37.232149], [-6.736172, 37.232146], [-6.736177, 37.232236], [-6.736289, 37.232232], [-6.73628, 37.232052]], [[-6.735255, 37.231814], [-6.735142, 37.231818], [-6.735147, 37.231908], [-6.735259, 37.231904], [-6.735255, 37.231814]]], [[[-6.736793, 37.233297], [-6.736797, 37.233387], [-6.736572, 37.233394], [-6.736568, 37.233304], [-6.736793, 37.233297]]], [[[-6.734605, 37.234628], [-6.734492, 37.234631], [-6.734483, 37.234451], [-6.734596, 37.234448], [-6.734605, 37.234628]]]]}, "properties": {"id": "donana-2026-168570-4127370", "ha": 6.15, "plastic_dates": 3.2, "valid_dates": 10.8, "admin_zone": "Zona A", "plan_zone": "Zona A - Suelo Forestal", "distance_to_irrigable_m": 18, "sigpac_ref": "21:46:0:0:16:9:2", "sigpac_use": "IV", "sigpac_irrigation_coef": 100, "sigpac_url": "https://sigpac-hubcloud.es/servicioconsultassigpac/query/recinfo/21/46/0/0/16/9/2.json", "declared_greenhouse_share": 1.0, "declared_irrigated_share": 0.93, "lon": -6.735701, "lat": 37.234008}}, {"type": "Feature", "geometry": {"type": "Polygon", "coordinates": [[[-6.772955, 37.29413], [-6.772843, 37.294133], [-6.772847, 37.294223], [-6.77251, 37.294234], [-6.772523, 37.294504], [-6.772973, 37.294489], [-6.772978, 37.294579], [-6.771965, 37.294612], [-6.771969, 37.294702], [-6.771857, 37.294705], [-6.771852, 37.294615], [-6.771627, 37.294622], [-6.7716, 37.294083], [-6.771487, 37.294086], [-6.771478, 37.293906], [-6.771591, 37.293903], [-6.771586, 37.293813], [-6.771474, 37.293817], [-6.771433, 37.293007], [-6.771321, 37.293011], [-6.771312, 37.292831], [-6.771875, 37.292813], [-6.77187, 37.292723], [-6.771983, 37.292719], [-6.771987, 37.292809], [-6.772212, 37.292802], [-6.772208, 37.292712], [-6.772433, 37.292705], [-6.772442, 37.292885], [-6.77233, 37.292888], [-6.772334, 37.292978], [-6.772447, 37.292975], [-6.772456, 37.293155], [-6.772568, 37.293151], [-6.772586, 37.293511], [-6.772699, 37.293507], [-6.772685, 37.293237], [-6.773023, 37.293227], [-6.773018, 37.293137], [-6.772793, 37.293144], [-6.772789, 37.293054], [-6.772901, 37.29305], [-6.772892, 37.29287], [-6.773005, 37.292867], [-6.772996, 37.292687], [-6.773784, 37.292662], [-6.77378, 37.292572], [-6.77423, 37.292557], [-6.774225, 37.292467], [-6.774338, 37.292464], [-6.774347, 37.292644], [-6.77446, 37.29264], [-6.774563, 37.292457], [-6.775234, 37.292345], [-6.77523, 37.292255], [-6.775684, 37.292331], [-6.775689, 37.292421], [-6.775576, 37.292424], [-6.775594, 37.292784], [-6.775482, 37.292788], [-6.7755, 37.293147], [-6.775387, 37.293151], [-6.775405, 37.293511], [-6.775293, 37.293514], [-6.775311, 37.293874], [-6.775198, 37.293878], [-6.775207, 37.294058], [-6.775094, 37.294061], [-6.775103, 37.294241], [-6.774991, 37.294245], [-6.775112, 37.294421], [-6.773424, 37.294475], [-6.773406, 37.294115], [-6.773293, 37.294119], [-6.773311, 37.294479], [-6.773086, 37.294486], [-6.773081, 37.294396], [-6.773194, 37.294392], [-6.773176, 37.294032], [-6.773063, 37.294036], [-6.773054, 37.293856], [-6.772942, 37.29386], [-6.772955, 37.29413]], [[-6.772937, 37.29377], [-6.77305, 37.293766], [-6.773036, 37.293496], [-6.772924, 37.2935], [-6.772928, 37.29359], [-6.772703, 37.293597], [-6.772712, 37.293777], [-6.772942, 37.29386], [-6.772937, 37.29377]], [[-6.772406, 37.294417], [-6.772181, 37.294425], [-6.772185, 37.294515], [-6.77241, 37.294507], [-6.772406, 37.294417]], [[-6.771834, 37.294255], [-6.771722, 37.294259], [-6.771735, 37.294529], [-6.771848, 37.294525], [-6.771834, 37.294255]], [[-6.774748, 37.293892], [-6.774635, 37.293896], [-6.774631, 37.293806], [-6.774743, 37.293802], [-6.774712, 37.293173], [-6.774599, 37.293176], [-6.774608, 37.293356], [-6.774496, 37.29336], [-6.774473, 37.29291], [-6.77436, 37.292914], [-6.774383, 37.293363], [-6.774162, 37.29346], [-6.774198, 37.29418], [-6.774311, 37.294176], [-6.774315, 37.294266], [-6.77409, 37.294274], [-6.774095, 37.294363], [-6.77477, 37.294342], [-6.774748, 37.293892]], [[-6.774261, 37.293187], [-6.774041, 37.293284], [-6.774045, 37.293374], [-6.77427, 37.293367], [-6.774261, 37.293187]], [[-6.771654, 37.29291], [-6.771541, 37.292913], [-6.771546, 37.293003], [-6.771659, 37.293], [-6.771654, 37.29291]], [[-6.774464, 37.29273], [-6.774351, 37.292734], [-6.774356, 37.292824], [-6.774469, 37.29282], [-6.774464, 37.29273]], [[-6.773226, 37.29277], [-6.773113, 37.292773], [-6.773118, 37.292863], [-6.77323, 37.29286], [-6.773226, 37.29277]], [[-6.774793, 37.292539], [-6.77468, 37.292543], [-6.774685, 37.292633], [-6.774797, 37.292629], [-6.774793, 37.292539]]]}, "properties": {"id": "donana-2026-165590-4134110", "ha": 5.87, "plastic_dates": 3.9, "valid_dates": 8.2, "admin_zone": "Zona C", "plan_zone": "Zona C - No regable", "distance_to_irrigable_m": 19, "sigpac_ref": "21:46:0:0:1:3:34", "sigpac_use": "IV", "sigpac_irrigation_coef": 0, "sigpac_url": "https://sigpac-hubcloud.es/servicioconsultassigpac/query/recinfo/21/46/0/0/1/3/34.json", "declared_greenhouse_share": 0.99, "declared_irrigated_share": 0.0, "lon": -6.772194, "lat": 37.293568}}, {"type": "Feature", "geometry": {"type": "MultiPolygon", "coordinates": [[[[-6.733902, 37.243208], [-6.733906, 37.243298], [-6.733794, 37.243302], [-6.733807, 37.243572], [-6.73392, 37.243568], [-6.733929, 37.243748], [-6.733708, 37.243845], [-6.733712, 37.243935], [-6.733938, 37.243928], [-6.733942, 37.244018], [-6.734054, 37.244014], [-6.734068, 37.244284], [-6.733955, 37.244288], [-6.733964, 37.244468], [-6.733852, 37.244471], [-6.733861, 37.244651], [-6.733748, 37.244655], [-6.733761, 37.244925], [-6.733649, 37.244928], [-6.733658, 37.245108], [-6.733545, 37.245112], [-6.733563, 37.245471], [-6.733225, 37.245482], [-6.733221, 37.245392], [-6.732658, 37.24541], [-6.732654, 37.24532], [-6.732429, 37.245327], [-6.732425, 37.245237], [-6.7322, 37.245244], [-6.732195, 37.245154], [-6.731858, 37.245165], [-6.731736, 37.244988], [-6.731511, 37.244996], [-6.731502, 37.244816], [-6.731277, 37.244823], [-6.731273, 37.244733], [-6.73116, 37.244736], [-6.731264, 37.244553], [-6.731039, 37.24456], [-6.731026, 37.24429], [-6.730913, 37.244294], [-6.730904, 37.244114], [-6.730675, 37.244031], [-6.73067, 37.243941], [-6.730445, 37.243948], [-6.730441, 37.243858], [-6.730666, 37.243851], [-6.730661, 37.243761], [-6.730432, 37.243678], [-6.730427, 37.243588], [-6.730315, 37.243592], [-6.730311, 37.243502], [-6.730198, 37.243505], [-6.730202, 37.243595], [-6.73009, 37.243599], [-6.730081, 37.243419], [-6.729969, 37.243423], [-6.729964, 37.243333], [-6.730189, 37.243326], [-6.730194, 37.243416], [-6.730644, 37.243401], [-6.730522, 37.243225], [-6.730635, 37.243221], [-6.730639, 37.243311], [-6.730864, 37.243304], [-6.73086, 37.243214], [-6.731085, 37.243207], [-6.731089, 37.243297], [-6.731427, 37.243287], [-6.731431, 37.243376], [-6.731544, 37.243373], [-6.73144, 37.243556], [-6.73189, 37.243542], [-6.731872, 37.243182], [-6.732435, 37.243165], [-6.732439, 37.243255], [-6.732664, 37.243247], [-6.73266, 37.243158], [-6.73311, 37.243143], [-6.733128, 37.243503], [-6.73324, 37.2435], [-6.733236, 37.24341], [-6.733686, 37.243395], [-6.733789, 37.243212], [-6.733902, 37.243208]], [[-6.731849, 37.244985], [-6.731844, 37.244895], [-6.731732, 37.244899], [-6.731736, 37.244988], [-6.731849, 37.244985]], [[-6.731138, 37.244287], [-6.731134, 37.244197], [-6.731021, 37.2442], [-6.731026, 37.24429], [-6.731138, 37.244287]], [[-6.730977, 37.243301], [-6.730981, 37.243391], [-6.731094, 37.243387], [-6.731089, 37.243297], [-6.730977, 37.243301]], [[-6.731615, 37.244812], [-6.731727, 37.244809], [-6.731723, 37.244719], [-6.73161, 37.244722], [-6.731615, 37.244812]], [[-6.731606, 37.244632], [-6.731493, 37.244636], [-6.731484, 37.244456], [-6.731372, 37.244459], [-6.731385, 37.244729], [-6.73161, 37.244722], [-6.731606, 37.244632]], [[-6.731368, 37.244369], [-6.731255, 37.244373], [-6.731259, 37.244463], [-6.731372, 37.244459], [-6.731368, 37.244369]], [[-6.732168, 37.244614], [-6.732056, 37.244618], [-6.73206, 37.244708], [-6.732173, 37.244704], [-6.732168, 37.244614]], [[-6.731826, 37.244535], [-6.731714, 37.244539], [-6.731718, 37.244629], [-6.731831, 37.244625], [-6.731826, 37.244535]], [[-6.733262, 37.243949], [-6.73315, 37.243953], [-6.733159, 37.244133], [-6.733271, 37.244129], [-6.733262, 37.243949]]], [[[-6.733227, 37.24323], [-6.733222, 37.24314], [-6.733785, 37.243122], [-6.733789, 37.243212], [-6.733227, 37.24323]]], [[[-6.730436, 37.243768], [-6.730211, 37.243775], [-6.730202, 37.243595], [-6.730315, 37.243592], [-6.730319, 37.243682], [-6.730432, 37.243678], [-6.730436, 37.243768]]]]}, "properties": {"id": "donana-2026-168880-4128510", "ha": 5.64, "plastic_dates": 4.3, "valid_dates": 9.1, "admin_zone": "Zona A", "plan_zone": "Zona A - Suelo Forestal", "distance_to_irrigable_m": 17, "sigpac_ref": "21:46:0:0:11:14:3", "sigpac_use": "IV", "sigpac_irrigation_coef": 0, "sigpac_url": "https://sigpac-hubcloud.es/servicioconsultassigpac/query/recinfo/21/46/0/0/11/14/3.json", "declared_greenhouse_share": 0.99, "declared_irrigated_share": 0.0, "lon": -6.732664, "lat": 37.244374}}, {"type": "Feature", "geometry": {"type": "MultiPolygon", "coordinates": [[[[-6.643705, 37.237553], [-6.643593, 37.237557], [-6.643597, 37.237647], [-6.643147, 37.237661], [-6.643143, 37.237571], [-6.642918, 37.237578], [-6.642909, 37.237398], [-6.642796, 37.237401], [-6.642792, 37.237311], [-6.643017, 37.237304], [-6.643013, 37.237214], [-6.642788, 37.237221], [-6.642783, 37.237131], [-6.642671, 37.237135], [-6.642675, 37.237225], [-6.642563, 37.237228], [-6.642554, 37.237048], [-6.642325, 37.236965], [-6.64232, 37.236875], [-6.642095, 37.236882], [-6.641974, 37.236706], [-6.641862, 37.236709], [-6.641857, 37.236619], [-6.64197, 37.236616], [-6.641965, 37.236526], [-6.641853, 37.236529], [-6.641849, 37.236439], [-6.641736, 37.236443], [-6.641732, 37.236353], [-6.641619, 37.236356], [-6.641615, 37.236266], [-6.641502, 37.23627], [-6.641507, 37.23636], [-6.641394, 37.236363], [-6.641498, 37.23618], [-6.641386, 37.236183], [-6.641381, 37.236093], [-6.641156, 37.2361], [-6.641035, 37.235924], [-6.640923, 37.235927], [-6.640918, 37.235837], [-6.640806, 37.235841], [-6.640797, 37.235661], [-6.641018, 37.235564], [-6.641013, 37.235474], [-6.641238, 37.235467], [-6.641117, 37.235291], [-6.64078, 37.235301], [-6.640784, 37.235391], [-6.640559, 37.235398], [-6.640455, 37.235581], [-6.640118, 37.235592], [-6.639996, 37.235415], [-6.639659, 37.235426], [-6.639538, 37.235249], [-6.639425, 37.235253], [-6.639421, 37.235163], [-6.639642, 37.235066], [-6.639637, 37.234976], [-6.63975, 37.234972], [-6.639745, 37.234883], [-6.639858, 37.234879], [-6.639979, 37.235056], [-6.640092, 37.235052], [-6.640096, 37.235142], [-6.640434, 37.235132], [-6.640438, 37.235222], [-6.64055, 37.235218], [-6.640546, 37.235128], [-6.640771, 37.235121], [-6.640775, 37.235211], [-6.640888, 37.235208], [-6.640879, 37.235028], [-6.640992, 37.235024], [-6.640987, 37.234934], [-6.641212, 37.234927], [-6.641316, 37.234744], [-6.641762, 37.23464], [-6.641758, 37.23455], [-6.64232, 37.234533], [-6.642329, 37.234713], [-6.642216, 37.234716], [-6.642221, 37.234806], [-6.641996, 37.234813], [-6.641892, 37.234997], [-6.641667, 37.235004], [-6.641693, 37.235543], [-6.641922, 37.235626], [-6.641926, 37.235716], [-6.642039, 37.235713], [-6.642043, 37.235803], [-6.642156, 37.235799], [-6.64216, 37.235889], [-6.642273, 37.235886], [-6.642277, 37.235976], [-6.643177, 37.235948], [-6.643168, 37.235768], [-6.643393, 37.235761], [-6.643497, 37.235578], [-6.64361, 37.235574], [-6.643614, 37.235664], [-6.643727, 37.235661], [-6.643731, 37.235751], [-6.643843, 37.235747], [-6.643848, 37.235837], [-6.64396, 37.235834], [-6.643956, 37.235744], [-6.644069, 37.23574], [-6.644064, 37.23565], [-6.644402, 37.23564], [-6.644415, 37.23591], [-6.644635, 37.235813], [-6.644532, 37.235996], [-6.644757, 37.235989], [-6.644761, 37.236079], [-6.644873, 37.236076], [-6.644891, 37.236436], [-6.644445, 37.23654], [-6.644462, 37.236899], [-6.643675, 37.236924], [-6.643679, 37.237014], [-6.644129, 37.237], [-6.644138, 37.23718], [-6.643917, 37.237277], [-6.643922, 37.237367], [-6.643584, 37.237377], [-6.643705, 37.237553]], [[-6.641494, 37.23609], [-6.641489, 37.236], [-6.641377, 37.236003], [-6.641381, 37.236093], [-6.641494, 37.23609]], [[-6.641243, 37.235557], [-6.641355, 37.235554], [-6.641351, 37.235464], [-6.641238, 37.235467], [-6.641243, 37.235557]], [[-6.64113, 37.235561], [-6.641135, 37.235651], [-6.641247, 37.235647], [-6.641243, 37.235557], [-6.64113, 37.235561]], [[-6.64136, 37.235644], [-6.641472, 37.23564], [-6.641468, 37.23555], [-6.641355, 37.235554], [-6.64136, 37.235644]], [[-6.641476, 37.23573], [-6.641589, 37.235727], [-6.641585, 37.235637], [-6.641472, 37.23564], [-6.641476, 37.23573]], [[-6.641593, 37.235817], [-6.641706, 37.235813], [-6.641701, 37.235723], [-6.641589, 37.235727], [-6.641593, 37.235817]], [[-6.64171, 37.235903], [-6.641823, 37.2359], [-6.641818, 37.23581], [-6.641706, 37.235813], [-6.64171, 37.235903]], [[-6.641827, 37.23599], [-6.641939, 37.235986], [-6.641935, 37.235896], [-6.641823, 37.2359], [-6.641827, 37.23599]], [[-6.641944, 37.236076], [-6.642056, 37.236073], [-6.642052, 37.235983], [-6.641939, 37.235986], [-6.641944, 37.236076]], [[-6.642061, 37.236163], [-6.642173, 37.236159], [-6.642169, 37.236069], [-6.642056, 37.236073], [-6.642061, 37.236163]], [[-6.640555, 37.235308], [-6.640667, 37.235305], [-6.640663, 37.235215], [-6.64055, 37.235218], [-6.640555, 37.235308]], [[-6.641662, 37.234914], [-6.64155, 37.234917], [-6.641554, 37.235007], [-6.641667, 37.235004], [-6.641662, 37.234914]], [[-6.641546, 37.234827], [-6.641433, 37.234831], [-6.641437, 37.234921], [-6.64155, 37.234917], [-6.641546, 37.234827]], [[-6.643965, 37.235924], [-6.644077, 37.23592], [-6.644073, 37.23583], [-6.64396, 37.235834], [-6.643965, 37.235924]], [[-6.644082, 37.23601], [-6.644194, 37.236007], [-6.64419, 37.235917], [-6.644077, 37.23592], [-6.644082, 37.23601]], [[-6.644302, 37.235913], [-6.644307, 37.236003], [-6.644419, 37.236], [-6.644415, 37.23591], [-6.644302, 37.235913]], [[-6.64358, 37.237287], [-6.643467, 37.23729], [-6.643471, 37.23738], [-6.643584, 37.237377], [-6.64358, 37.237287]], [[-6.643121, 37.237121], [-6.643346, 37.237114], [-6.643337, 37.236934], [-6.643117, 37.237031], [-6.643121, 37.237121]], [[-6.643108, 37.236851], [-6.642995, 37.236855], [-6.643004, 37.237034], [-6.643117, 37.237031], [-6.643108, 37.236851]], [[-6.64322, 37.236848], [-6.643216, 37.236758], [-6.643104, 37.236761], [-6.643108, 37.236851], [-6.64322, 37.236848]], [[-6.642991, 37.236765], [-6.642879, 37.236768], [-6.642883, 37.236858], [-6.642995, 37.236855], [-6.642991, 37.236765]], [[-6.642874, 37.236678], [-6.642762, 37.236682], [-6.642766, 37.236772], [-6.642879, 37.236768], [-6.642874, 37.236678]], [[-6.642757, 37.236592], [-6.642645, 37.236595], [-6.642649, 37.236685], [-6.642762, 37.236682], [-6.642757, 37.236592]], [[-6.642641, 37.236505], [-6.642528, 37.236509], [-6.642532, 37.236599], [-6.642645, 37.236595], [-6.642641, 37.236505]], [[-6.642524, 37.236419], [-6.642411, 37.236422], [-6.642416, 37.236512], [-6.642528, 37.236509], [-6.642524, 37.236419]], [[-6.643774, 37.23665], [-6.643887, 37.236647], [-6.643883, 37.236557], [-6.64377, 37.23656], [-6.643774, 37.23665]], [[-6.643766, 37.23647], [-6.643653, 37.236474], [-6.643657, 37.236564], [-6.64377, 37.23656], [-6.643766, 37.23647]], [[-6.643649, 37.236384], [-6.643536, 37.236387], [-6.643541, 37.236477], [-6.643653, 37.236474], [-6.643649, 37.236384]], [[-6.643532, 37.236297], [-6.643419, 37.236301], [-6.643424, 37.236391], [-6.643536, 37.236387], [-6.643532, 37.236297]], [[-6.643415, 37.236211], [-6.643186, 37.236128], [-6.643207, 37.236578], [-6.64332, 37.236574], [-6.643307, 37.236304], [-6.643419, 37.236301], [-6.643415, 37.236211]], [[-6.644553, 37.236446], [-6.644666, 37.236443], [-6.644661, 37.236353], [-6.644549, 37.236356], [-6.644553, 37.236446]], [[-6.644545, 37.236266], [-6.644432, 37.23627], [-6.644436, 37.23636], [-6.644549, 37.236356], [-6.644545, 37.236266]], [[-6.644428, 37.23618], [-6.644315, 37.236183], [-6.64432, 37.236273], [-6.644432, 37.23627], [-6.644428, 37.23618]], [[-6.641109, 37.235111], [-6.640996, 37.235114], [-6.641, 37.235204], [-6.641113, 37.235201], [-6.641109, 37.235111]], [[-6.641879, 37.234727], [-6.641766, 37.23473], [-6.641771, 37.23482], [-6.641883, 37.234817], [-6.641879, 37.234727]]], [[[-6.643605, 37.235484], [-6.643718, 37.235481], [-6.643714, 37.235391], [-6.643826, 37.235388], [-6.643835, 37.235567], [-6.643947, 37.235564], [-6.644051, 37.235381], [-6.644164, 37.235377], [-6.644172, 37.235557], [-6.64406, 37.23556], [-6.644064, 37.23565], [-6.643952, 37.235654], [-6.643956, 37.235744], [-6.643843, 37.235747], [-6.643839, 37.235657], [-6.643727, 37.235661], [-6.643722, 37.235571], [-6.64361, 37.235574], [-6.643605, 37.235484]]], [[[-6.642316, 37.234443], [-6.642541, 37.234436], [-6.642645, 37.234253], [-6.642757, 37.234249], [-6.642753, 37.234159], [-6.642865, 37.234156], [-6.642658, 37.234523], [-6.64232, 37.234533], [-6.642316, 37.234443]]], [[[-6.64068, 37.235574], [-6.640685, 37.235664], [-6.64046, 37.235671], [-6.640455, 37.235581], [-6.64068, 37.235574]]], [[[-6.641511, 37.23645], [-6.641507, 37.23636], [-6.641619, 37.236356], [-6.641624, 37.236446], [-6.641511, 37.23645]]], [[[-6.641628, 37.236536], [-6.641624, 37.236446], [-6.641736, 37.236443], [-6.64174, 37.236533], [-6.641628, 37.236536]]], [[[-6.641745, 37.236623], [-6.64174, 37.236533], [-6.641853, 37.236529], [-6.641857, 37.236619], [-6.641745, 37.236623]]], [[[-6.64268, 37.237315], [-6.642675, 37.237225], [-6.642788, 37.237221], [-6.642792, 37.237311], [-6.64268, 37.237315]]]]}, "properties": {"id": "donana-2026-176750-4127260", "ha": 5.39, "plastic_dates": 3.6, "valid_dates": 9.5, "admin_zone": "Zona C", "plan_zone": "Zona C - No regable", "distance_to_irrigable_m": 13, "sigpac_ref": "21:5:0:0:40:2:23", "sigpac_use": "IV", "sigpac_irrigation_coef": 0, "sigpac_url": "https://sigpac-hubcloud.es/servicioconsultassigpac/query/recinfo/21/5/0/0/40/2/23.json", "declared_greenhouse_share": 1.0, "declared_irrigated_share": 0.1, "lon": -6.643569, "lat": 37.235891}}, {"type": "Feature", "geometry": {"type": "Polygon", "coordinates": [[[-6.77002, 37.291791], [-6.770011, 37.291611], [-6.769898, 37.291615], [-6.769893, 37.291525], [-6.770335, 37.29133], [-6.770326, 37.291151], [-6.770213, 37.291154], [-6.770204, 37.290974], [-6.769754, 37.290989], [-6.769749, 37.290899], [-6.7702, 37.290884], [-6.770303, 37.290701], [-6.770641, 37.29069], [-6.770637, 37.2906], [-6.771199, 37.290582], [-6.771195, 37.290492], [-6.771645, 37.290478], [-6.771641, 37.290388], [-6.772204, 37.29037], [-6.772307, 37.290186], [-6.77242, 37.290183], [-6.772415, 37.290093], [-6.772528, 37.290089], [-6.772523, 37.289999], [-6.772861, 37.289989], [-6.772866, 37.290079], [-6.772978, 37.290075], [-6.772969, 37.289895], [-6.773424, 37.289971], [-6.773428, 37.290061], [-6.773654, 37.290053], [-6.773775, 37.29023], [-6.774113, 37.290219], [-6.774117, 37.290309], [-6.77468, 37.290291], [-6.774802, 37.290467], [-6.774914, 37.290464], [-6.774923, 37.290643], [-6.774811, 37.290647], [-6.774815, 37.290737], [-6.774928, 37.290733], [-6.774932, 37.290823], [-6.77527, 37.290813], [-6.775266, 37.290723], [-6.775378, 37.290719], [-6.775387, 37.290899], [-6.7755, 37.290895], [-6.775504, 37.290985], [-6.775054, 37.291], [-6.775058, 37.29109], [-6.773712, 37.291223], [-6.773717, 37.291313], [-6.773041, 37.291334], [-6.773046, 37.291424], [-6.772595, 37.291438], [-6.7726, 37.291528], [-6.771812, 37.291554], [-6.771816, 37.291643], [-6.771028, 37.291669], [-6.771033, 37.291759], [-6.77002, 37.291791]], [[-6.770344, 37.29151], [-6.770119, 37.291517], [-6.770128, 37.291697], [-6.77024, 37.291694], [-6.770344, 37.29151]], [[-6.772366, 37.291356], [-6.772253, 37.291359], [-6.772258, 37.291449], [-6.77237, 37.291446], [-6.772366, 37.291356]], [[-6.771911, 37.29128], [-6.772023, 37.291277], [-6.771902, 37.2911], [-6.772014, 37.291097], [-6.771983, 37.290467], [-6.771758, 37.290474], [-6.771762, 37.290564], [-6.771537, 37.290571], [-6.771542, 37.290661], [-6.771316, 37.290668], [-6.77133, 37.290938], [-6.771555, 37.290931], [-6.771452, 37.291115], [-6.771564, 37.291111], [-6.771569, 37.291201], [-6.771456, 37.291205], [-6.771461, 37.291294], [-6.771573, 37.291291], [-6.771578, 37.291381], [-6.771798, 37.291284], [-6.771803, 37.291374], [-6.771915, 37.29137], [-6.771911, 37.29128]], [[-6.774937, 37.290913], [-6.774824, 37.290917], [-6.774829, 37.291007], [-6.774941, 37.291003], [-6.774937, 37.290913]], [[-6.773361, 37.290964], [-6.773365, 37.291054], [-6.773478, 37.29105], [-6.773473, 37.29096], [-6.773361, 37.290964]], [[-6.773699, 37.290953], [-6.773694, 37.290863], [-6.773469, 37.29087], [-6.773473, 37.29096], [-6.773699, 37.290953]], [[-6.7711, 37.290856], [-6.770988, 37.290859], [-6.770992, 37.290949], [-6.771105, 37.290945], [-6.7711, 37.290856]], [[-6.773681, 37.290593], [-6.773568, 37.290597], [-6.773577, 37.290776], [-6.77369, 37.290773], [-6.773681, 37.290593]], [[-6.774005, 37.290312], [-6.773892, 37.290316], [-6.773901, 37.290496], [-6.774014, 37.290492], [-6.774005, 37.290312]], [[-6.773663, 37.290233], [-6.77355, 37.290237], [-6.773563, 37.290507], [-6.773676, 37.290503], [-6.773663, 37.290233]], [[-6.773212, 37.290248], [-6.773325, 37.290244], [-6.773316, 37.290064], [-6.773091, 37.290071], [-6.773104, 37.290341], [-6.773217, 37.290338], [-6.773212, 37.290248]]]}, "properties": {"id": "donana-2026-165470-4133810", "ha": 4.9, "plastic_dates": 3.8, "valid_dates": 8.4, "admin_zone": "Zona C", "plan_zone": "Zona C - No regable", "distance_to_irrigable_m": 20, "sigpac_ref": "21:46:0:0:20:5:7", "sigpac_use": "IV", "sigpac_irrigation_coef": 100, "sigpac_url": "https://sigpac-hubcloud.es/servicioconsultassigpac/query/recinfo/21/46/0/0/20/5/7.json", "declared_greenhouse_share": 0.99, "declared_irrigated_share": 0.92, "lon": -6.773467, "lat": 37.290825}}, {"type": "Feature", "geometry": {"type": "Polygon", "coordinates": [[[-6.833611, 37.236234], [-6.83349, 37.236058], [-6.83304, 37.236073], [-6.833035, 37.235983], [-6.832698, 37.235994], [-6.832689, 37.235814], [-6.832801, 37.23581], [-6.832783, 37.23545], [-6.832895, 37.235447], [-6.832886, 37.235267], [-6.832999, 37.235263], [-6.832985, 37.234993], [-6.833098, 37.23499], [-6.833084, 37.23472], [-6.832971, 37.234723], [-6.83298, 37.234903], [-6.832868, 37.234907], [-6.832882, 37.235177], [-6.832661, 37.235274], [-6.832675, 37.235544], [-6.832562, 37.235548], [-6.832572, 37.235727], [-6.832459, 37.235731], [-6.832464, 37.235821], [-6.832239, 37.235828], [-6.832234, 37.235738], [-6.831784, 37.235753], [-6.83178, 37.235663], [-6.831555, 37.23567], [-6.83155, 37.23558], [-6.8311, 37.235595], [-6.831096, 37.235505], [-6.831208, 37.235501], [-6.831194, 37.235231], [-6.831307, 37.235228], [-6.831298, 37.235048], [-6.831523, 37.235041], [-6.831527, 37.235131], [-6.83164, 37.235127], [-6.831635, 37.235037], [-6.832648, 37.235004], [-6.832742, 37.234641], [-6.832854, 37.234637], [-6.832845, 37.234457], [-6.833066, 37.23436], [-6.833061, 37.23427], [-6.833174, 37.234266], [-6.833169, 37.234177], [-6.833394, 37.234169], [-6.833389, 37.234079], [-6.833727, 37.234068], [-6.833722, 37.233978], [-6.83406, 37.233967], [-6.834064, 37.234057], [-6.834177, 37.234054], [-6.834186, 37.234234], [-6.834523, 37.234223], [-6.834528, 37.234313], [-6.834753, 37.234305], [-6.834757, 37.234395], [-6.83487, 37.234392], [-6.834893, 37.234841], [-6.83478, 37.234845], [-6.834771, 37.234665], [-6.834659, 37.234669], [-6.834686, 37.235208], [-6.834466, 37.235306], [-6.83447, 37.235396], [-6.834358, 37.235399], [-6.834371, 37.235669], [-6.834259, 37.235673], [-6.834268, 37.235853], [-6.834048, 37.23595], [-6.834052, 37.23604], [-6.83394, 37.236043], [-6.833949, 37.236223], [-6.833611, 37.236234]], [[-6.833187, 37.234536], [-6.833075, 37.23454], [-6.833079, 37.23463], [-6.833192, 37.234626], [-6.833187, 37.234536]], [[-6.833291, 37.234353], [-6.833178, 37.234356], [-6.833183, 37.234446], [-6.833295, 37.234443], [-6.833291, 37.234353]]]}, "properties": {"id": "donana-2026-159860-4127840", "ha": 4.23, "plastic_dates": 4.0, "valid_dates": 9.5, "admin_zone": "Zona C", "plan_zone": "Zona C - No regable", "distance_to_irrigable_m": 18, "sigpac_ref": "21:50:0:0:22:32:10", "sigpac_use": "TA", "sigpac_irrigation_coef": 0, "sigpac_url": "https://sigpac-hubcloud.es/servicioconsultassigpac/query/recinfo/21/50/0/0/22/32/10.json", "declared_greenhouse_share": 0.28, "declared_irrigated_share": 0.28, "lon": -6.833836, "lat": 37.235101}}, {"type": "Feature", "geometry": {"type": "Polygon", "coordinates": [[[-6.786018, 37.282541], [-6.786004, 37.282271], [-6.785892, 37.282275], [-6.785874, 37.281915], [-6.785986, 37.281911], [-6.785991, 37.282001], [-6.786891, 37.281973], [-6.786887, 37.281883], [-6.787224, 37.281872], [-6.787346, 37.282048], [-6.787459, 37.282044], [-6.787463, 37.282134], [-6.787688, 37.282127], [-6.787702, 37.282397], [-6.787814, 37.282393], [-6.787819, 37.282483], [-6.787706, 37.282487], [-6.787711, 37.282577], [-6.787936, 37.28257], [-6.787922, 37.2823], [-6.788035, 37.282296], [-6.788039, 37.282386], [-6.788265, 37.282379], [-6.788269, 37.282469], [-6.788494, 37.282462], [-6.788499, 37.282552], [-6.788724, 37.282544], [-6.788728, 37.282634], [-6.788953, 37.282627], [-6.788958, 37.282717], [-6.789183, 37.28271], [-6.789089, 37.283073], [-6.788976, 37.283077], [-6.788985, 37.283257], [-6.788873, 37.28326], [-6.788882, 37.28344], [-6.788769, 37.283444], [-6.788783, 37.283714], [-6.787769, 37.283746], [-6.787774, 37.283836], [-6.786648, 37.283872], [-6.786635, 37.283602], [-6.786522, 37.283606], [-6.786513, 37.283426], [-6.786626, 37.283422], [-6.786612, 37.283153], [-6.7865, 37.283156], [-6.786482, 37.282796], [-6.786369, 37.2828], [-6.786266, 37.282984], [-6.786378, 37.28298], [-6.786383, 37.28307], [-6.786162, 37.283167], [-6.786167, 37.283257], [-6.786279, 37.283253], [-6.786297, 37.283613], [-6.786527, 37.283696], [-6.786531, 37.283786], [-6.786419, 37.283789], [-6.786423, 37.283879], [-6.785973, 37.283894], [-6.785946, 37.283354], [-6.786058, 37.283351], [-6.78604, 37.282991], [-6.786153, 37.282987], [-6.78613, 37.282537], [-6.786018, 37.282541]], [[-6.786356, 37.28253], [-6.786351, 37.28244], [-6.786126, 37.282447], [-6.78613, 37.282537], [-6.786356, 37.28253]], [[-6.788071, 37.283016], [-6.787958, 37.283019], [-6.787855, 37.283203], [-6.787742, 37.283206], [-6.787747, 37.283296], [-6.787977, 37.283379], [-6.787986, 37.283559], [-6.788098, 37.283555], [-6.788071, 37.283016]], [[-6.786846, 37.283325], [-6.786734, 37.283329], [-6.786747, 37.283599], [-6.78686, 37.283595], [-6.786846, 37.283325]], [[-6.787738, 37.283117], [-6.787513, 37.283124], [-6.787522, 37.283304], [-6.787634, 37.2833], [-6.787738, 37.283117]], [[-6.786837, 37.283145], [-6.786725, 37.283149], [-6.786729, 37.283239], [-6.786842, 37.283235], [-6.786837, 37.283145]], [[-6.788058, 37.282746], [-6.787945, 37.28275], [-6.78794, 37.28266], [-6.787603, 37.28267], [-6.787607, 37.28276], [-6.787382, 37.282768], [-6.787387, 37.282858], [-6.787612, 37.28285], [-6.787616, 37.28294], [-6.787841, 37.282933], [-6.787837, 37.282843], [-6.787949, 37.28284], [-6.787954, 37.282929], [-6.788067, 37.282926], [-6.788058, 37.282746]], [[-6.786473, 37.282617], [-6.78636, 37.28262], [-6.786365, 37.28271], [-6.786477, 37.282707], [-6.786473, 37.282617]], [[-6.786337, 37.28217], [-6.786225, 37.282174], [-6.786229, 37.282264], [-6.786342, 37.28226], [-6.786337, 37.28217]]]}, "properties": {"id": "donana-2026-164090-4132980", "ha": 4.09, "plastic_dates": 3.0, "valid_dates": 10.7, "admin_zone": "Zona A", "plan_zone": "Zona A - Suelo Forestal", "distance_to_irrigable_m": 15, "sigpac_ref": "21:50:0:0:9:206:17", "sigpac_use": "FY", "sigpac_irrigation_coef": 100, "sigpac_url": "https://sigpac-hubcloud.es/servicioconsultassigpac/query/recinfo/21/50/0/0/9/206/17.json", "declared_greenhouse_share": 0.06, "declared_irrigated_share": 1.0, "lon": -6.788627, "lat": 37.282863}}, {"type": "Feature", "geometry": {"type": "Polygon", "coordinates": [[[-6.799079, 37.223926], [-6.799065, 37.223656], [-6.799177, 37.223652], [-6.799168, 37.223472], [-6.798831, 37.223483], [-6.798817, 37.223213], [-6.798705, 37.223217], [-6.798719, 37.223487], [-6.798494, 37.223494], [-6.798503, 37.223674], [-6.79839, 37.223678], [-6.798395, 37.223767], [-6.797949, 37.223872], [-6.79794, 37.223692], [-6.797828, 37.223696], [-6.797814, 37.223426], [-6.797702, 37.223429], [-6.797693, 37.223249], [-6.79758, 37.223253], [-6.797571, 37.223073], [-6.797459, 37.223077], [-6.797445, 37.222807], [-6.797333, 37.222811], [-6.797324, 37.222631], [-6.797211, 37.222634], [-6.797198, 37.222365], [-6.797085, 37.222368], [-6.797076, 37.222188], [-6.797414, 37.222177], [-6.797409, 37.222087], [-6.797522, 37.222084], [-6.797526, 37.222174], [-6.797639, 37.22217], [-6.79763, 37.22199], [-6.797742, 37.221987], [-6.797747, 37.222077], [-6.797971, 37.222069], [-6.79785, 37.221893], [-6.798079, 37.221976], [-6.79807, 37.221796], [-6.798183, 37.221792], [-6.798192, 37.221972], [-6.798304, 37.221969], [-6.7983, 37.221879], [-6.798525, 37.221871], [-6.798403, 37.221695], [-6.798849, 37.221591], [-6.798745, 37.221774], [-6.79897, 37.221767], [-6.798975, 37.221857], [-6.799087, 37.221853], [-6.799096, 37.222033], [-6.798984, 37.222037], [-6.798988, 37.222127], [-6.799213, 37.22212], [-6.799227, 37.222389], [-6.799339, 37.222386], [-6.799348, 37.222566], [-6.799461, 37.222562], [-6.799474, 37.222832], [-6.799699, 37.222825], [-6.799713, 37.223095], [-6.7996, 37.223098], [-6.799722, 37.223274], [-6.799609, 37.223278], [-6.799636, 37.223818], [-6.799411, 37.223825], [-6.799407, 37.223735], [-6.799294, 37.223739], [-6.799191, 37.223922], [-6.799079, 37.223926]], [[-6.79951, 37.223551], [-6.799398, 37.223555], [-6.79938, 37.223195], [-6.799267, 37.223199], [-6.79929, 37.223649], [-6.799515, 37.223641], [-6.79951, 37.223551]], [[-6.798579, 37.222951], [-6.798466, 37.222954], [-6.798471, 37.223044], [-6.798583, 37.223041], [-6.798579, 37.222951]], [[-6.79821, 37.222332], [-6.798097, 37.222336], [-6.798102, 37.222426], [-6.798214, 37.222422], [-6.79821, 37.222332]], [[-6.798538, 37.222141], [-6.798426, 37.222145], [-6.798435, 37.222325], [-6.798547, 37.222321], [-6.798538, 37.222141]]]}, "properties": {"id": "donana-2026-162950-4126350", "ha": 3.44, "plastic_dates": 5.0, "valid_dates": 9.7, "admin_zone": "Zona A", "plan_zone": "Zona A - Suelo Forestal", "distance_to_irrigable_m": 20, "sigpac_ref": "21:50:0:0:33:30:9", "sigpac_use": "IV", "sigpac_irrigation_coef": 100, "sigpac_url": "https://sigpac-hubcloud.es/servicioconsultassigpac/query/recinfo/21/50/0/0/33/30/9.json", "declared_greenhouse_share": 0.97, "declared_irrigated_share": 1.0, "lon": -6.79846, "lat": 37.222819}}, {"type": "Feature", "geometry": {"type": "MultiPolygon", "coordinates": [[[[-6.595783, 37.236858], [-6.595778, 37.236768], [-6.596904, 37.236734], [-6.596891, 37.236464], [-6.597003, 37.23646], [-6.597025, 37.23691], [-6.596687, 37.236921], [-6.596691, 37.237011], [-6.597029, 37.237], [-6.597033, 37.23709], [-6.596246, 37.237114], [-6.596259, 37.237384], [-6.596146, 37.237387], [-6.59615, 37.237477], [-6.595925, 37.237484], [-6.595921, 37.237394], [-6.595808, 37.237398], [-6.5958, 37.237218], [-6.595579, 37.237315], [-6.595575, 37.237225], [-6.595462, 37.237228], [-6.595445, 37.236868], [-6.595783, 37.236858]], [[-6.595675, 37.236951], [-6.595562, 37.236955], [-6.595571, 37.237135], [-6.595683, 37.237131], [-6.595675, 37.236951]]], [[[-6.595156, 37.235526], [-6.59516, 37.235616], [-6.595273, 37.235612], [-6.595277, 37.235702], [-6.59539, 37.235699], [-6.595394, 37.235789], [-6.595506, 37.235785], [-6.595511, 37.235875], [-6.595623, 37.235872], [-6.595627, 37.235962], [-6.595515, 37.235965], [-6.595523, 37.236145], [-6.595749, 37.236138], [-6.595757, 37.236318], [-6.59587, 37.236315], [-6.595882, 37.236585], [-6.595995, 37.236581], [-6.595999, 37.236671], [-6.595212, 37.236695], [-6.595216, 37.236785], [-6.595441, 37.236778], [-6.595445, 37.236868], [-6.595108, 37.236878], [-6.595112, 37.236968], [-6.594999, 37.236972], [-6.595004, 37.237062], [-6.593991, 37.237093], [-6.593995, 37.237183], [-6.59377, 37.237189], [-6.593762, 37.237009], [-6.593649, 37.237013], [-6.593636, 37.236743], [-6.594649, 37.236712], [-6.594645, 37.236622], [-6.593745, 37.23665], [-6.59374, 37.23656], [-6.593853, 37.236556], [-6.59384, 37.236286], [-6.593953, 37.236283], [-6.593935, 37.235923], [-6.594048, 37.23592], [-6.594039, 37.23574], [-6.594152, 37.235736], [-6.594148, 37.235646], [-6.595048, 37.235619], [-6.595043, 37.235529], [-6.595156, 37.235526]]], [[[-6.594143, 37.235556], [-6.594139, 37.235466], [-6.594252, 37.235463], [-6.594239, 37.235193], [-6.594351, 37.23519], [-6.594343, 37.23501], [-6.594572, 37.235093], [-6.594576, 37.235183], [-6.594689, 37.235179], [-6.594693, 37.235269], [-6.594806, 37.235266], [-6.59481, 37.235356], [-6.594922, 37.235353], [-6.594927, 37.235443], [-6.595039, 37.235439], [-6.595043, 37.235529], [-6.594143, 37.235556]]], [[[-6.595337, 37.236962], [-6.595233, 37.237145], [-6.59512, 37.237148], [-6.595112, 37.236968], [-6.595337, 37.236962]]]]}, "properties": {"id": "donana-2026-181080-4127140", "ha": 3.33, "plastic_dates": 3.3, "valid_dates": 10.4, "admin_zone": "Zona C", "plan_zone": "Zona C - No regable", "distance_to_irrigable_m": 13, "sigpac_ref": "21:5:0:0:42:24:12", "sigpac_use": "IV", "sigpac_irrigation_coef": 100, "sigpac_url": "https://sigpac-hubcloud.es/servicioconsultassigpac/query/recinfo/21/5/0/0/42/24/12.json", "declared_greenhouse_share": 1.0, "declared_irrigated_share": 0.87, "lon": -6.594799, "lat": 37.236302}}, {"type": "Feature", "geometry": {"type": "Polygon", "coordinates": [[[-6.726691, 37.27749], [-6.726686, 37.2774], [-6.726236, 37.277414], [-6.726232, 37.277324], [-6.725219, 37.277356], [-6.725214, 37.277266], [-6.725102, 37.277269], [-6.725093, 37.277089], [-6.724868, 37.277097], [-6.724859, 37.276917], [-6.724971, 37.276913], [-6.724967, 37.276823], [-6.724742, 37.27683], [-6.724737, 37.27674], [-6.724625, 37.276744], [-6.724607, 37.276384], [-6.724377, 37.276301], [-6.724373, 37.276211], [-6.72426, 37.276215], [-6.724256, 37.276125], [-6.724143, 37.276128], [-6.724139, 37.276038], [-6.724026, 37.276042], [-6.724022, 37.275952], [-6.723567, 37.275876], [-6.723662, 37.275513], [-6.723775, 37.275509], [-6.72377, 37.275419], [-6.724108, 37.275409], [-6.724112, 37.275499], [-6.72445, 37.275488], [-6.724571, 37.275664], [-6.724797, 37.275657], [-6.724801, 37.275747], [-6.725026, 37.27574], [-6.725039, 37.27601], [-6.724927, 37.276014], [-6.724936, 37.276194], [-6.725161, 37.276186], [-6.725148, 37.275917], [-6.725373, 37.27591], [-6.725494, 37.276086], [-6.725832, 37.276075], [-6.725836, 37.276165], [-6.726174, 37.276155], [-6.726178, 37.276244], [-6.726404, 37.276237], [-6.726408, 37.276327], [-6.726633, 37.27632], [-6.726638, 37.27641], [-6.726525, 37.276414], [-6.726538, 37.276684], [-6.726768, 37.276766], [-6.726772, 37.276856], [-6.726885, 37.276853], [-6.726889, 37.276943], [-6.727002, 37.276939], [-6.727011, 37.277119], [-6.726786, 37.277126], [-6.726907, 37.277303], [-6.726794, 37.277306], [-6.726803, 37.277486], [-6.726691, 37.27749]], [[-6.724832, 37.276377], [-6.72472, 37.276381], [-6.724724, 37.27647], [-6.724837, 37.276467], [-6.724832, 37.276377]]]}, "properties": {"id": "donana-2026-169650-4132060", "ha": 3.1, "plastic_dates": 4.4, "valid_dates": 9.8, "admin_zone": "Zona C", "plan_zone": "Zona C - No regable", "distance_to_irrigable_m": 16, "sigpac_ref": "21:46:0:0:24:21:2", "sigpac_use": "IV", "sigpac_irrigation_coef": 100, "sigpac_url": "https://sigpac-hubcloud.es/servicioconsultassigpac/query/recinfo/21/46/0/0/24/21/2.json", "declared_greenhouse_share": 1.0, "declared_irrigated_share": 0.66, "lon": -6.725575, "lat": 37.276579}}, {"type": "Feature", "geometry": {"type": "Polygon", "coordinates": [[[-6.748711, 37.278235], [-6.748703, 37.278055], [-6.748477, 37.278062], [-6.748356, 37.277886], [-6.748243, 37.277889], [-6.74823, 37.277619], [-6.748117, 37.277623], [-6.748113, 37.277533], [-6.748, 37.277537], [-6.748009, 37.277716], [-6.74778, 37.277634], [-6.747775, 37.277544], [-6.74755, 37.277551], [-6.747446, 37.277734], [-6.747221, 37.277741], [-6.747212, 37.277562], [-6.746983, 37.277479], [-6.746974, 37.277299], [-6.746636, 37.27731], [-6.746618, 37.27695], [-6.746731, 37.276946], [-6.746722, 37.276766], [-6.746609, 37.27677], [-6.746596, 37.2765], [-6.746821, 37.276493], [-6.746925, 37.276309], [-6.747037, 37.276306], [-6.747033, 37.276216], [-6.747596, 37.276198], [-6.7476, 37.276288], [-6.747713, 37.276284], [-6.747708, 37.276194], [-6.747821, 37.276191], [-6.747942, 37.276367], [-6.748167, 37.27636], [-6.748172, 37.27645], [-6.748284, 37.276446], [-6.748289, 37.276536], [-6.748514, 37.276529], [-6.748518, 37.276619], [-6.748744, 37.276612], [-6.748748, 37.276702], [-6.748861, 37.276698], [-6.748874, 37.276968], [-6.748987, 37.276965], [-6.748996, 37.277145], [-6.749108, 37.277141], [-6.749117, 37.277321], [-6.749004, 37.277325], [-6.749036, 37.277954], [-6.748923, 37.277958], [-6.748932, 37.278138], [-6.74882, 37.278141], [-6.748824, 37.278231], [-6.748711, 37.278235]], [[-6.748104, 37.277353], [-6.748217, 37.27735], [-6.748212, 37.27726], [-6.7481, 37.277263], [-6.748104, 37.277353]], [[-6.748325, 37.277256], [-6.748311, 37.276986], [-6.748199, 37.27699], [-6.748212, 37.27726], [-6.748325, 37.277256]], [[-6.748095, 37.277173], [-6.747982, 37.277177], [-6.747987, 37.277267], [-6.7481, 37.277263], [-6.748095, 37.277173]], [[-6.748649, 37.276975], [-6.748536, 37.276979], [-6.74855, 37.277249], [-6.748662, 37.277245], [-6.748649, 37.276975]], [[-6.747757, 37.277184], [-6.747645, 37.277187], [-6.747649, 37.277277], [-6.747762, 37.277274], [-6.747757, 37.277184]]]}, "properties": {"id": "donana-2026-167740-4132210", "ha": 2.95, "plastic_dates": 3.4, "valid_dates": 9.5, "admin_zone": "Zona A", "plan_zone": "Zona A - Suelo Forestal", "distance_to_irrigable_m": 21, "sigpac_ref": "21:46:0:0:19:7:4", "sigpac_use": "IV", "sigpac_irrigation_coef": 0, "sigpac_url": "https://sigpac-hubcloud.es/servicioconsultassigpac/query/recinfo/21/46/0/0/19/7/4.json", "declared_greenhouse_share": 1.0, "declared_irrigated_share": 0.0, "lon": -6.747141, "lat": 37.277248}}, {"type": "Feature", "geometry": {"type": "Polygon", "coordinates": [[[-6.730814, 37.23772], [-6.730476, 37.237731], [-6.730472, 37.237641], [-6.730247, 37.237648], [-6.730256, 37.237828], [-6.730035, 37.237925], [-6.730044, 37.238105], [-6.730382, 37.238094], [-6.730386, 37.238184], [-6.730724, 37.238174], [-6.730715, 37.237994], [-6.730827, 37.23799], [-6.730733, 37.238354], [-6.730395, 37.238364], [-6.730391, 37.238274], [-6.730278, 37.238278], [-6.730174, 37.238461], [-6.730062, 37.238465], [-6.730053, 37.238285], [-6.730166, 37.238281], [-6.730161, 37.238191], [-6.729711, 37.238206], [-6.729716, 37.238296], [-6.729603, 37.238299], [-6.729616, 37.238569], [-6.729729, 37.238565], [-6.729733, 37.238655], [-6.730071, 37.238645], [-6.730075, 37.238735], [-6.72985, 37.238742], [-6.729755, 37.239105], [-6.729643, 37.239109], [-6.729652, 37.239289], [-6.729539, 37.239292], [-6.729548, 37.239472], [-6.729436, 37.239476], [-6.729453, 37.239835], [-6.729116, 37.239846], [-6.729125, 37.240026], [-6.729345, 37.239929], [-6.729242, 37.240112], [-6.729467, 37.240105], [-6.729458, 37.239925], [-6.72957, 37.239922], [-6.729588, 37.240282], [-6.729813, 37.240274], [-6.729804, 37.240095], [-6.729917, 37.240091], [-6.729822, 37.240454], [-6.729143, 37.240386], [-6.729138, 37.240296], [-6.728913, 37.240303], [-6.728909, 37.240213], [-6.728571, 37.240223], [-6.72845, 37.240047], [-6.728337, 37.240051], [-6.728441, 37.239867], [-6.728553, 37.239864], [-6.728558, 37.239954], [-6.728783, 37.239947], [-6.72877, 37.239677], [-6.728882, 37.239673], [-6.728878, 37.239583], [-6.72854, 37.239594], [-6.728527, 37.239324], [-6.728747, 37.239227], [-6.728756, 37.239407], [-6.728869, 37.239403], [-6.728855, 37.239133], [-6.728968, 37.23913], [-6.728964, 37.23904], [-6.728851, 37.239044], [-6.728842, 37.238864], [-6.728622, 37.238961], [-6.728617, 37.238871], [-6.72873, 37.238867], [-6.728721, 37.238687], [-6.728833, 37.238684], [-6.728811, 37.238234], [-6.728924, 37.23823], [-6.728928, 37.23832], [-6.729378, 37.238306], [-6.729369, 37.238126], [-6.729482, 37.238123], [-6.729473, 37.237943], [-6.729135, 37.237953], [-6.729131, 37.237864], [-6.729018, 37.237867], [-6.729122, 37.237684], [-6.72981, 37.237932], [-6.729801, 37.237752], [-6.729914, 37.237749], [-6.729901, 37.237479], [-6.729788, 37.237482], [-6.729784, 37.237392], [-6.730004, 37.237295], [-6.73, 37.237205], [-6.730112, 37.237202], [-6.730099, 37.236932], [-6.730211, 37.236929], [-6.730207, 37.236839], [-6.73032, 37.236835], [-6.730324, 37.236925], [-6.730774, 37.236911], [-6.730778, 37.237001], [-6.731228, 37.236987], [-6.731233, 37.237077], [-6.73112, 37.23708], [-6.731134, 37.23735], [-6.731021, 37.237353], [-6.731026, 37.237443], [-6.730801, 37.23745], [-6.730814, 37.23772]], [[-6.730796, 37.237361], [-6.730571, 37.237368], [-6.730576, 37.237458], [-6.730801, 37.23745], [-6.730796, 37.237361]], [[-6.729387, 37.238486], [-6.729157, 37.238403], [-6.729054, 37.238587], [-6.728941, 37.23859], [-6.728955, 37.23886], [-6.729292, 37.238849], [-6.729387, 37.238486]], [[-6.729508, 37.238662], [-6.729396, 37.238666], [-6.7294, 37.238756], [-6.729513, 37.238752], [-6.729508, 37.238662]], [[-6.730117, 37.237292], [-6.730126, 37.237472], [-6.730351, 37.237465], [-6.730229, 37.237288], [-6.730117, 37.237292]], [[-6.730342, 37.237285], [-6.730333, 37.237105], [-6.73022, 37.237108], [-6.730229, 37.237288], [-6.730342, 37.237285]]]}, "properties": {"id": "donana-2026-169110-4127870", "ha": 2.91, "plastic_dates": 3.0, "valid_dates": 8.8, "admin_zone": "Zona A", "plan_zone": "Zona A - Suelo Forestal", "distance_to_irrigable_m": 13, "sigpac_ref": "21:46:0:0:11:16:8", "sigpac_use": "IV", "sigpac_irrigation_coef": 0, "sigpac_url": "https://sigpac-hubcloud.es/servicioconsultassigpac/query/recinfo/21/46/0/0/11/16/8.json", "declared_greenhouse_share": 1.0, "declared_irrigated_share": 0.0, "lon": -6.729792, "lat": 37.238699}}, {"type": "Feature", "geometry": {"type": "MultiPolygon", "coordinates": [[[[-6.79698, 37.278586], [-6.796989, 37.278766], [-6.797102, 37.278762], [-6.797111, 37.278942], [-6.797224, 37.278938], [-6.797215, 37.278759], [-6.797552, 37.278748], [-6.797557, 37.278838], [-6.797669, 37.278834], [-6.797678, 37.279014], [-6.797791, 37.27901], [-6.7978, 37.27919], [-6.797912, 37.279187], [-6.797926, 37.279456], [-6.797813, 37.27946], [-6.797818, 37.27955], [-6.797593, 37.279557], [-6.797588, 37.279467], [-6.797476, 37.279471], [-6.797485, 37.279651], [-6.797147, 37.279662], [-6.797152, 37.279752], [-6.796814, 37.279762], [-6.79681, 37.279672], [-6.796697, 37.279676], [-6.796688, 37.279496], [-6.7968, 37.279493], [-6.796778, 37.279043], [-6.796553, 37.27905], [-6.796557, 37.27914], [-6.796445, 37.279144], [-6.796436, 37.278964], [-6.796323, 37.278967], [-6.796319, 37.278877], [-6.796206, 37.278881], [-6.796211, 37.278971], [-6.795985, 37.278978], [-6.795981, 37.278888], [-6.795868, 37.278892], [-6.795765, 37.279075], [-6.795427, 37.279086], [-6.795432, 37.279176], [-6.794982, 37.279191], [-6.794986, 37.279281], [-6.794761, 37.279288], [-6.794765, 37.279378], [-6.79454, 37.279385], [-6.794527, 37.279115], [-6.794414, 37.279119], [-6.794518, 37.278935], [-6.794405, 37.278939], [-6.794369, 37.278219], [-6.794482, 37.278216], [-6.794454, 37.277676], [-6.794567, 37.277672], [-6.794572, 37.277762], [-6.794909, 37.277752], [-6.794923, 37.278021], [-6.795035, 37.278018], [-6.795053, 37.278378], [-6.794828, 37.278385], [-6.794833, 37.278475], [-6.79472, 37.278478], [-6.794734, 37.278748], [-6.794954, 37.278651], [-6.79495, 37.278561], [-6.795175, 37.278554], [-6.79517, 37.278464], [-6.7954, 37.278547], [-6.795396, 37.278457], [-6.795621, 37.278449], [-6.795612, 37.27827], [-6.795837, 37.278262], [-6.795841, 37.278352], [-6.795954, 37.278349], [-6.795972, 37.278708], [-6.796202, 37.278791], [-6.796305, 37.278608], [-6.79608, 37.278615], [-6.796071, 37.278435], [-6.796301, 37.278518], [-6.796296, 37.278428], [-6.796409, 37.278424], [-6.796399, 37.278244], [-6.796625, 37.278237], [-6.796616, 37.278057], [-6.796728, 37.278054], [-6.796742, 37.278323], [-6.796854, 37.27832], [-6.796868, 37.27859], [-6.79698, 37.278586]], [[-6.796755, 37.278593], [-6.79676, 37.278683], [-6.796872, 37.278679], [-6.796868, 37.27859], [-6.796755, 37.278593]], [[-6.797467, 37.279291], [-6.797354, 37.279295], [-6.797359, 37.279385], [-6.797471, 37.279381], [-6.797467, 37.279291]], [[-6.797012, 37.279216], [-6.797125, 37.279212], [-6.797116, 37.279032], [-6.796895, 37.279129], [-6.796904, 37.279309], [-6.797017, 37.279305], [-6.797012, 37.279216]], [[-6.797345, 37.279115], [-6.797233, 37.279118], [-6.797237, 37.279208], [-6.79735, 37.279205], [-6.797345, 37.279115]], [[-6.795531, 37.278903], [-6.795418, 37.278906], [-6.795423, 37.278996], [-6.795535, 37.278993], [-6.795531, 37.278903]], [[-6.795301, 37.27882], [-6.795189, 37.278824], [-6.795198, 37.279004], [-6.79531, 37.279], [-6.795301, 37.27882]], [[-6.79653, 37.2786], [-6.79631, 37.278698], [-6.796314, 37.278787], [-6.796539, 37.27878], [-6.79653, 37.2786]]], [[[-6.795949, 37.278259], [-6.796062, 37.278255], [-6.796066, 37.278345], [-6.795954, 37.278349], [-6.795949, 37.278259]]], [[[-6.795017, 37.277658], [-6.795022, 37.277748], [-6.794909, 37.277752], [-6.794905, 37.277662], [-6.795017, 37.277658]]], [[[-6.794792, 37.277665], [-6.794783, 37.277485], [-6.794896, 37.277482], [-6.794905, 37.277662], [-6.794792, 37.277665]]]]}, "properties": {"id": "donana-2026-163470-4132540", "ha": 2.76, "plastic_dates": 2.2, "valid_dates": 9.9, "admin_zone": "Zona C", "plan_zone": "Zona C - No regable", "distance_to_irrigable_m": 16, "sigpac_ref": "21:50:0:0:9:209:20", "sigpac_use": "IV", "sigpac_irrigation_coef": 0, "sigpac_url": "https://sigpac-hubcloud.es/servicioconsultassigpac/query/recinfo/21/50/0/0/9/209/20.json", "declared_greenhouse_share": 1.0, "declared_irrigated_share": 0.0, "lon": -6.795407, "lat": 37.278682}}, {"type": "Feature", "geometry": {"type": "Polygon", "coordinates": [[[-6.515418, 37.229093], [-6.515409, 37.228913], [-6.515184, 37.22892], [-6.515063, 37.228743], [-6.514613, 37.228757], [-6.514592, 37.228307], [-6.514822, 37.22839], [-6.514813, 37.22821], [-6.514701, 37.228214], [-6.514697, 37.228124], [-6.514917, 37.228027], [-6.514913, 37.227937], [-6.515026, 37.227934], [-6.515017, 37.227754], [-6.515238, 37.227657], [-6.515234, 37.227567], [-6.515347, 37.227564], [-6.515342, 37.227474], [-6.515567, 37.227467], [-6.515555, 37.227197], [-6.515776, 37.227101], [-6.515771, 37.227011], [-6.515997, 37.227004], [-6.515992, 37.226914], [-6.51633, 37.226904], [-6.516326, 37.226814], [-6.516551, 37.226807], [-6.516555, 37.226897], [-6.516667, 37.226894], [-6.51668, 37.227164], [-6.516792, 37.22716], [-6.516797, 37.22725], [-6.516684, 37.227254], [-6.516709, 37.227794], [-6.516822, 37.22779], [-6.51683, 37.22797], [-6.516718, 37.227973], [-6.516722, 37.228063], [-6.516384, 37.228073], [-6.516388, 37.228163], [-6.516163, 37.22817], [-6.516293, 37.228527], [-6.516072, 37.228623], [-6.516076, 37.228713], [-6.515963, 37.228717], [-6.515972, 37.228897], [-6.515747, 37.228903], [-6.515751, 37.228993], [-6.515638, 37.228997], [-6.515643, 37.229087], [-6.515418, 37.229093]], [[-6.51538, 37.228284], [-6.515267, 37.228287], [-6.515272, 37.228377], [-6.515384, 37.228374], [-6.51538, 37.228284]], [[-6.515813, 37.22791], [-6.515701, 37.227914], [-6.515705, 37.228004], [-6.515817, 37.228], [-6.515813, 37.22791]]]}, "properties": {"id": "donana-2026-188010-4125950", "ha": 2.75, "plastic_dates": 3.1, "valid_dates": 10.7, "admin_zone": "Zona C", "plan_zone": "Zona C - No regable", "distance_to_irrigable_m": 19, "sigpac_ref": "21:5:0:0:31:50:28", "sigpac_use": "IV", "sigpac_irrigation_coef": 19, "sigpac_url": "https://sigpac-hubcloud.es/servicioconsultassigpac/query/recinfo/21/5/0/0/31/50/28.json", "declared_greenhouse_share": 0.99, "declared_irrigated_share": 1.0, "lon": -6.516322, "lat": 37.22794}}, {"type": "Feature", "geometry": {"type": "MultiPolygon", "coordinates": [[[[-6.77846, 37.226118], [-6.778347, 37.226121], [-6.778469, 37.226298], [-6.778581, 37.226294], [-6.778478, 37.226478], [-6.77859, 37.226474], [-6.778595, 37.226564], [-6.778374, 37.226661], [-6.778388, 37.226931], [-6.777933, 37.226855], [-6.777924, 37.226675], [-6.777812, 37.226679], [-6.777807, 37.226589], [-6.77792, 37.226585], [-6.777915, 37.226495], [-6.778028, 37.226492], [-6.778032, 37.226582], [-6.778257, 37.226575], [-6.778248, 37.226395], [-6.778361, 37.226391], [-6.778356, 37.226301], [-6.778244, 37.226305], [-6.778235, 37.226125], [-6.778455, 37.226028], [-6.77846, 37.226118]]], [[[-6.778793, 37.226017], [-6.778455, 37.226028], [-6.778451, 37.225938], [-6.778788, 37.225927], [-6.778793, 37.226017]]], [[[-6.778779, 37.225747], [-6.778892, 37.225744], [-6.778878, 37.225474], [-6.778991, 37.22547], [-6.778986, 37.22538], [-6.779211, 37.225373], [-6.779314, 37.22519], [-6.779427, 37.225186], [-6.779422, 37.225096], [-6.779535, 37.225092], [-6.77953, 37.225002], [-6.779643, 37.224999], [-6.779638, 37.224909], [-6.779868, 37.224992], [-6.779886, 37.225351], [-6.779998, 37.225348], [-6.780003, 37.225438], [-6.77989, 37.225441], [-6.779895, 37.225531], [-6.779557, 37.225542], [-6.779463, 37.225905], [-6.779575, 37.225902], [-6.77958, 37.225992], [-6.779467, 37.225995], [-6.779472, 37.226085], [-6.779026, 37.22619], [-6.779018, 37.22601], [-6.778788, 37.225927], [-6.778779, 37.225747]], [[-6.779449, 37.225636], [-6.779337, 37.225639], [-6.779341, 37.225729], [-6.779454, 37.225726], [-6.779449, 37.225636]], [[-6.77976, 37.225085], [-6.779647, 37.225089], [-6.779652, 37.225179], [-6.779764, 37.225175], [-6.77976, 37.225085]]], [[[-6.778136, 37.226398], [-6.77814, 37.226488], [-6.778028, 37.226492], [-6.778023, 37.226402], [-6.778136, 37.226398]]], [[[-6.778001, 37.225952], [-6.777897, 37.226136], [-6.778127, 37.226218], [-6.778023, 37.226402], [-6.777911, 37.226406], [-6.777915, 37.226495], [-6.777803, 37.226499], [-6.777807, 37.226589], [-6.777695, 37.226593], [-6.777699, 37.226683], [-6.777587, 37.226686], [-6.777596, 37.226866], [-6.777483, 37.22687], [-6.777362, 37.226693], [-6.777249, 37.226697], [-6.77724, 37.226517], [-6.776903, 37.226528], [-6.777006, 37.226344], [-6.777231, 37.226337], [-6.777222, 37.226157], [-6.777335, 37.226154], [-6.77733, 37.226064], [-6.777443, 37.22606], [-6.777438, 37.22597], [-6.778001, 37.225952]], [[-6.777474, 37.22669], [-6.77747, 37.2266], [-6.777357, 37.226603], [-6.777362, 37.226693], [-6.777474, 37.22669]]], [[[-6.776331, 37.226366], [-6.776327, 37.226276], [-6.776777, 37.226262], [-6.776772, 37.226172], [-6.776323, 37.226186], [-6.7763, 37.225736], [-6.776525, 37.225729], [-6.776521, 37.225639], [-6.776296, 37.225646], [-6.776269, 37.225107], [-6.776606, 37.225096], [-6.776611, 37.225186], [-6.776835, 37.225179], [-6.776831, 37.225089], [-6.776943, 37.225085], [-6.776948, 37.225175], [-6.77706, 37.225171], [-6.776957, 37.225355], [-6.777186, 37.225438], [-6.777191, 37.225528], [-6.777303, 37.225524], [-6.777312, 37.225704], [-6.777425, 37.2257], [-6.777438, 37.22597], [-6.777326, 37.225974], [-6.77733, 37.226064], [-6.777218, 37.226067], [-6.777222, 37.226157], [-6.776997, 37.226164], [-6.777006, 37.226344], [-6.776331, 37.226366]], [[-6.7772, 37.225708], [-6.776862, 37.225718], [-6.776867, 37.225808], [-6.777204, 37.225797], [-6.7772, 37.225708]]]]}, "properties": {"id": "donana-2026-164880-4126630", "ha": 2.57, "plastic_dates": 2.8, "valid_dates": 10.0, "admin_zone": "Zona A", "plan_zone": "Zona A - Suelo Forestal", "distance_to_irrigable_m": 17, "sigpac_ref": "21:50:0:0:32:53:29", "sigpac_use": "IV", "sigpac_irrigation_coef": 100, "sigpac_url": "https://sigpac-hubcloud.es/servicioconsultassigpac/query/recinfo/21/50/0/0/32/53/29.json", "declared_greenhouse_share": 0.98, "declared_irrigated_share": 0.83, "lon": -6.776822, "lat": 37.226035}}, {"type": "Feature", "geometry": {"type": "Polygon", "coordinates": [[[-6.768121, 37.276356], [-6.768112, 37.276176], [-6.768, 37.27618], [-6.767964, 37.27546], [-6.768635, 37.275349], [-6.76863, 37.275259], [-6.768968, 37.275248], [-6.769071, 37.275065], [-6.769184, 37.275061], [-6.76922, 37.275781], [-6.769332, 37.275777], [-6.769301, 37.275148], [-6.769756, 37.275223], [-6.769765, 37.275403], [-6.769877, 37.275399], [-6.769913, 37.276119], [-6.770026, 37.276115], [-6.770035, 37.276295], [-6.769922, 37.276299], [-6.769931, 37.276479], [-6.770044, 37.276475], [-6.770053, 37.276655], [-6.76994, 37.276659], [-6.769945, 37.276749], [-6.769719, 37.276756], [-6.769724, 37.276846], [-6.769499, 37.276853], [-6.769476, 37.276403], [-6.769364, 37.276407], [-6.769382, 37.276767], [-6.769044, 37.276777], [-6.769053, 37.276957], [-6.768823, 37.276874], [-6.768819, 37.276785], [-6.768706, 37.276788], [-6.768702, 37.276698], [-6.768589, 37.276702], [-6.768459, 37.276346], [-6.768121, 37.276356]], [[-6.768571, 37.276342], [-6.768567, 37.276252], [-6.768454, 37.276256], [-6.768459, 37.276346], [-6.768571, 37.276342]], [[-6.769697, 37.276306], [-6.769584, 37.27631], [-6.769589, 37.2764], [-6.769701, 37.276396], [-6.769697, 37.276306]]]}, "properties": {"id": "donana-2026-165800-4132150", "ha": 2.54, "plastic_dates": 4.0, "valid_dates": 8.6, "admin_zone": "Zona C", "plan_zone": "Zona C - No regable", "distance_to_irrigable_m": 11, "sigpac_ref": "21:50:0:0:10:101:11", "sigpac_use": "IV", "sigpac_irrigation_coef": 0, "sigpac_url": "https://sigpac-hubcloud.es/servicioconsultassigpac/query/recinfo/21/50/0/0/10/101/11.json", "declared_greenhouse_share": 1.0, "declared_irrigated_share": 0.11, "lon": -6.768947, "lat": 37.27597}}, {"type": "Feature", "geometry": {"type": "Polygon", "coordinates": [[[-6.714911, 37.253446], [-6.714902, 37.253266], [-6.714564, 37.253277], [-6.71446, 37.25346], [-6.714235, 37.253467], [-6.714227, 37.253287], [-6.714002, 37.253295], [-6.713997, 37.253205], [-6.714335, 37.253194], [-6.71433, 37.253104], [-6.713993, 37.253115], [-6.713984, 37.252935], [-6.713759, 37.252942], [-6.71375, 37.252762], [-6.713637, 37.252765], [-6.713602, 37.252046], [-6.713827, 37.252039], [-6.713809, 37.251679], [-6.714034, 37.251672], [-6.714039, 37.251762], [-6.714376, 37.251751], [-6.714381, 37.251841], [-6.714718, 37.251831], [-6.714615, 37.252014], [-6.71484, 37.252007], [-6.714844, 37.252097], [-6.715294, 37.252083], [-6.71529, 37.251993], [-6.715628, 37.251982], [-6.715632, 37.252072], [-6.715744, 37.252069], [-6.715749, 37.252159], [-6.715636, 37.252162], [-6.715658, 37.252612], [-6.715546, 37.252615], [-6.715564, 37.252975], [-6.715343, 37.253072], [-6.715361, 37.253432], [-6.714911, 37.253446]], [[-6.715109, 37.252899], [-6.714884, 37.252906], [-6.714888, 37.252996], [-6.715001, 37.252993], [-6.71501, 37.253173], [-6.715122, 37.253169], [-6.715109, 37.252899]], [[-6.714542, 37.252827], [-6.714655, 37.252824], [-6.71465, 37.252734], [-6.714425, 37.252741], [-6.714443, 37.2531], [-6.714555, 37.253097], [-6.714542, 37.252827]], [[-6.714191, 37.252568], [-6.714079, 37.252571], [-6.714083, 37.252661], [-6.714196, 37.252658], [-6.714191, 37.252568]]]}, "properties": {"id": "donana-2026-170490-4129360", "ha": 2.45, "plastic_dates": 3.1, "valid_dates": 11.0, "admin_zone": "Zona C", "plan_zone": "Zona C - No regable", "distance_to_irrigable_m": 19, "sigpac_ref": "21:46:0:0:9:100:4", "sigpac_use": "IV", "sigpac_irrigation_coef": 0, "sigpac_url": "https://sigpac-hubcloud.es/servicioconsultassigpac/query/recinfo/21/46/0/0/9/100/4.json", "declared_greenhouse_share": 1.0, "declared_irrigated_share": 0.0, "lon": -6.714925, "lat": 37.25259}}, {"type": "Feature", "geometry": {"type": "Polygon", "coordinates": [[[-6.787258, 37.262322], [-6.787245, 37.262052], [-6.787695, 37.262037], [-6.787681, 37.261768], [-6.787569, 37.261771], [-6.787573, 37.261861], [-6.787236, 37.261872], [-6.787164, 37.260433], [-6.787051, 37.260437], [-6.787047, 37.260347], [-6.787267, 37.260249], [-6.787263, 37.26016], [-6.787938, 37.260138], [-6.788059, 37.260314], [-6.788172, 37.260311], [-6.788176, 37.260401], [-6.787951, 37.260408], [-6.78796, 37.260588], [-6.788073, 37.260584], [-6.788077, 37.260674], [-6.788302, 37.260667], [-6.788311, 37.260847], [-6.788424, 37.260843], [-6.788456, 37.261473], [-6.788343, 37.261476], [-6.788384, 37.262286], [-6.787258, 37.262322]]]}, "properties": {"id": "donana-2026-164060-4130570", "ha": 2.24, "plastic_dates": 3.5, "valid_dates": 10.7, "admin_zone": "Zona A", "plan_zone": "Zona A - Suelo Forestal", "distance_to_irrigable_m": 16, "sigpac_ref": "21:50:0:0:29:74:1", "sigpac_use": "IV", "sigpac_irrigation_coef": 100, "sigpac_url": "https://sigpac-hubcloud.es/servicioconsultassigpac/query/recinfo/21/50/0/0/29/74/1.json", "declared_greenhouse_share": 1.0, "declared_irrigated_share": 1.0, "lon": -6.787821, "lat": 37.261178}}, {"type": "Feature", "geometry": {"type": "MultiPolygon", "coordinates": [[[[-6.729393, 37.243171], [-6.729397, 37.24326], [-6.729735, 37.24325], [-6.729739, 37.24334], [-6.72906, 37.243271], [-6.729055, 37.243181], [-6.729393, 37.243171]]], [[[-6.727926, 37.243127], [-6.727917, 37.242947], [-6.728029, 37.242943], [-6.72802, 37.242763], [-6.728133, 37.24276], [-6.728124, 37.24258], [-6.727899, 37.242587], [-6.727795, 37.24277], [-6.727683, 37.242774], [-6.727561, 37.242598], [-6.727336, 37.242605], [-6.727341, 37.242695], [-6.727116, 37.242702], [-6.727125, 37.242882], [-6.7269, 37.242889], [-6.726895, 37.242799], [-6.727008, 37.242795], [-6.726994, 37.242525], [-6.727107, 37.242522], [-6.727103, 37.242432], [-6.726878, 37.242439], [-6.726864, 37.242169], [-6.727085, 37.242072], [-6.727071, 37.241802], [-6.727292, 37.241705], [-6.727288, 37.241615], [-6.727625, 37.241605], [-6.727612, 37.241335], [-6.727724, 37.241331], [-6.727707, 37.240971], [-6.727936, 37.241054], [-6.727932, 37.240964], [-6.728157, 37.240957], [-6.728152, 37.240867], [-6.728265, 37.240864], [-6.728256, 37.240684], [-6.728368, 37.24068], [-6.728386, 37.24104], [-6.728499, 37.241037], [-6.728547, 37.242026], [-6.72821, 37.242037], [-6.728232, 37.242486], [-6.728345, 37.242483], [-6.728349, 37.242573], [-6.728237, 37.242576], [-6.72825, 37.242846], [-6.728137, 37.24285], [-6.728142, 37.24294], [-6.728371, 37.243023], [-6.728376, 37.243113], [-6.729051, 37.243091], [-6.729055, 37.243181], [-6.728043, 37.243213], [-6.728038, 37.243123], [-6.727926, 37.243127]], [[-6.728263, 37.243116], [-6.728259, 37.243026], [-6.728034, 37.243033], [-6.728038, 37.243123], [-6.728263, 37.243116]], [[-6.727782, 37.242501], [-6.72767, 37.242504], [-6.727674, 37.242594], [-6.727786, 37.242591], [-6.727782, 37.242501]], [[-6.728111, 37.24231], [-6.727998, 37.242314], [-6.728007, 37.242494], [-6.72812, 37.24249], [-6.728111, 37.24231]], [[-6.727553, 37.242418], [-6.72744, 37.242421], [-6.727445, 37.242511], [-6.727557, 37.242508], [-6.727553, 37.242418]], [[-6.727323, 37.242335], [-6.727211, 37.242338], [-6.727215, 37.242428], [-6.727328, 37.242425], [-6.727323, 37.242335]], [[-6.727094, 37.242252], [-6.726981, 37.242256], [-6.726986, 37.242346], [-6.727098, 37.242342], [-6.727094, 37.242252]], [[-6.728391, 37.24113], [-6.728278, 37.241134], [-6.728282, 37.241224], [-6.728395, 37.24122], [-6.728391, 37.24113]], [[-6.728161, 37.241047], [-6.728049, 37.241051], [-6.728053, 37.241141], [-6.728166, 37.241137], [-6.728161, 37.241047]]]]}, "properties": {"id": "donana-2026-169320-4128240", "ha": 2.12, "plastic_dates": 3.2, "valid_dates": 9.2, "admin_zone": "Zona A", "plan_zone": "Zona A - Suelo Forestal", "distance_to_irrigable_m": 0, "sigpac_ref": "21:46:0:0:11:16:4", "sigpac_use": "IV", "sigpac_irrigation_coef": 38, "sigpac_url": "https://sigpac-hubcloud.es/servicioconsultassigpac/query/recinfo/21/46/0/0/11/16/4.json", "declared_greenhouse_share": 1.0, "declared_irrigated_share": 0.87, "lon": -6.727593, "lat": 37.242101}}, {"type": "Feature", "geometry": {"type": "MultiPolygon", "coordinates": [[[[-6.738051, 37.23596], [-6.737938, 37.235964], [-6.737934, 37.235874], [-6.738046, 37.23587], [-6.738051, 37.23596]]], [[[-6.738159, 37.235867], [-6.738046, 37.23587], [-6.738042, 37.23578], [-6.73793, 37.235784], [-6.737934, 37.235874], [-6.737821, 37.235877], [-6.737808, 37.235608], [-6.737921, 37.235604], [-6.737925, 37.235694], [-6.738038, 37.23569], [-6.738159, 37.235867]]], [[[-6.738812, 37.235396], [-6.738699, 37.235399], [-6.738695, 37.235309], [-6.73847, 37.235316], [-6.738366, 37.2355], [-6.738254, 37.235503], [-6.738258, 37.235593], [-6.738146, 37.235597], [-6.73815, 37.235687], [-6.738038, 37.23569], [-6.738033, 37.2356], [-6.737921, 37.235604], [-6.737916, 37.235514], [-6.737804, 37.235518], [-6.737795, 37.235338], [-6.737565, 37.235255], [-6.737561, 37.235165], [-6.737448, 37.235169], [-6.737444, 37.235079], [-6.737331, 37.235082], [-6.737327, 37.234992], [-6.737215, 37.234996], [-6.73721, 37.234906], [-6.737323, 37.234902], [-6.737314, 37.234722], [-6.737534, 37.234625], [-6.737525, 37.234445], [-6.73775, 37.234438], [-6.737746, 37.234348], [-6.738308, 37.234331], [-6.738317, 37.23451], [-6.738542, 37.234503], [-6.738664, 37.23468], [-6.738889, 37.234673], [-6.738893, 37.234763], [-6.739118, 37.234755], [-6.739239, 37.234932], [-6.739352, 37.234928], [-6.739356, 37.235018], [-6.739469, 37.235015], [-6.739473, 37.235105], [-6.739586, 37.235101], [-6.73959, 37.235191], [-6.739365, 37.235198], [-6.739262, 37.235381], [-6.739149, 37.235385], [-6.739154, 37.235475], [-6.738816, 37.235486], [-6.738812, 37.235396]], [[-6.737669, 37.235071], [-6.737665, 37.234982], [-6.73744, 37.234989], [-6.737444, 37.235079], [-6.737669, 37.235071]], [[-6.737673, 37.235161], [-6.737786, 37.235158], [-6.737781, 37.235068], [-6.737669, 37.235071], [-6.737673, 37.235161]], [[-6.738024, 37.235421], [-6.738029, 37.235511], [-6.738141, 37.235507], [-6.738137, 37.235417], [-6.738024, 37.235421]], [[-6.738362, 37.23541], [-6.738348, 37.23514], [-6.738236, 37.235144], [-6.738245, 37.235324], [-6.738132, 37.235327], [-6.738137, 37.235417], [-6.738362, 37.23541]], [[-6.739023, 37.235119], [-6.739136, 37.235115], [-6.739131, 37.235025], [-6.738794, 37.235036], [-6.738798, 37.235126], [-6.738911, 37.235122], [-6.73892, 37.235302], [-6.739145, 37.235295], [-6.739023, 37.235119]], [[-6.738673, 37.23486], [-6.73856, 37.234863], [-6.738564, 37.234953], [-6.738677, 37.23495], [-6.738673, 37.23486]], [[-6.737881, 37.234795], [-6.737768, 37.234798], [-6.737773, 37.234888], [-6.737885, 37.234884], [-6.737881, 37.234795]], [[-6.737975, 37.234431], [-6.737863, 37.234435], [-6.737867, 37.234525], [-6.73798, 37.234521], [-6.737975, 37.234431]]], [[[-6.738713, 37.235669], [-6.7386, 37.235673], [-6.738596, 37.235583], [-6.738816, 37.235486], [-6.738713, 37.235669]]], [[[-6.737583, 37.235615], [-6.737596, 37.235885], [-6.737484, 37.235888], [-6.73748, 37.235798], [-6.737255, 37.235805], [-6.737124, 37.235449], [-6.736895, 37.235366], [-6.73689, 37.235276], [-6.736778, 37.23528], [-6.736769, 37.2351], [-6.736881, 37.235096], [-6.736877, 37.235006], [-6.737215, 37.234996], [-6.737219, 37.235086], [-6.737331, 37.235082], [-6.737336, 37.235172], [-6.737448, 37.235169], [-6.737453, 37.235258], [-6.737565, 37.235255], [-6.737574, 37.235435], [-6.737804, 37.235518], [-6.737808, 37.235608], [-6.737583, 37.235615]], [[-6.736994, 37.235093], [-6.736998, 37.235183], [-6.737223, 37.235176], [-6.737219, 37.235086], [-6.736994, 37.235093]], [[-6.73734, 37.235262], [-6.737228, 37.235266], [-6.737232, 37.235356], [-6.737345, 37.235352], [-6.73734, 37.235262]]]]}, "properties": {"id": "donana-2026-168380-4127510", "ha": 2.03, "plastic_dates": 3.5, "valid_dates": 7.9, "admin_zone": "Zona C", "plan_zone": "Zona C - No regable", "distance_to_irrigable_m": 10, "sigpac_ref": "21:46:0:0:16:6:48", "sigpac_use": "IV", "sigpac_irrigation_coef": 100, "sigpac_url": "https://sigpac-hubcloud.es/servicioconsultassigpac/query/recinfo/21/46/0/0/16/6/48.json", "declared_greenhouse_share": 1.0, "declared_irrigated_share": 1.0, "lon": -6.737901, "lat": 37.235199}}, {"type": "Feature", "geometry": {"type": "MultiPolygon", "coordinates": [[[[-6.740454, 37.252641], [-6.740233, 37.252738], [-6.740247, 37.253008], [-6.740022, 37.253015], [-6.739918, 37.253198], [-6.739805, 37.253202], [-6.73981, 37.253292], [-6.739697, 37.253295], [-6.739706, 37.253475], [-6.739486, 37.253572], [-6.73949, 37.253662], [-6.739378, 37.253666], [-6.739382, 37.253756], [-6.739153, 37.253673], [-6.739148, 37.253583], [-6.738927, 37.25368], [-6.738932, 37.25377], [-6.739157, 37.253763], [-6.739161, 37.253853], [-6.739049, 37.253856], [-6.739058, 37.254036], [-6.738837, 37.254133], [-6.738846, 37.254313], [-6.738626, 37.25441], [-6.73863, 37.2545], [-6.738292, 37.254511], [-6.738275, 37.254151], [-6.7385, 37.254144], [-6.738491, 37.253964], [-6.738828, 37.253953], [-6.738824, 37.253864], [-6.738599, 37.253871], [-6.738594, 37.253781], [-6.738819, 37.253774], [-6.738811, 37.253594], [-6.739036, 37.253587], [-6.739031, 37.253497], [-6.738806, 37.253504], [-6.738797, 37.253324], [-6.738685, 37.253327], [-6.738676, 37.253148], [-6.738788, 37.253144], [-6.738784, 37.253054], [-6.738221, 37.253072], [-6.7381, 37.252895], [-6.738325, 37.252888], [-6.73832, 37.252798], [-6.73877, 37.252784], [-6.738766, 37.252694], [-6.738879, 37.252691], [-6.738865, 37.252421], [-6.739203, 37.25241], [-6.739194, 37.25223], [-6.739419, 37.252223], [-6.739423, 37.252313], [-6.739536, 37.25231], [-6.739531, 37.25222], [-6.739981, 37.252205], [-6.73999, 37.252385], [-6.740103, 37.252382], [-6.740116, 37.252652], [-6.740337, 37.252554], [-6.740332, 37.252465], [-6.740445, 37.252461], [-6.740454, 37.252641]], [[-6.73872, 37.254047], [-6.738608, 37.254051], [-6.738612, 37.254141], [-6.738725, 37.254137], [-6.73872, 37.254047]], [[-6.739585, 37.253299], [-6.739126, 37.253133], [-6.739135, 37.253313], [-6.739364, 37.253396], [-6.739369, 37.253486], [-6.739481, 37.253482], [-6.739585, 37.253299]], [[-6.739797, 37.253022], [-6.739684, 37.253026], [-6.739688, 37.253115], [-6.739801, 37.253112], [-6.739797, 37.253022]], [[-6.739788, 37.252842], [-6.739675, 37.252846], [-6.73968, 37.252936], [-6.739792, 37.252932], [-6.739788, 37.252842]]], [[[-6.74044, 37.252371], [-6.740553, 37.252367], [-6.740557, 37.252457], [-6.740445, 37.252461], [-6.74044, 37.252371]]]]}, "properties": {"id": "donana-2026-168360-4129530", "ha": 2.0, "plastic_dates": 2.8, "valid_dates": 9.6, "admin_zone": "Zona C", "plan_zone": "Zona C - No regable", "distance_to_irrigable_m": 391, "sigpac_ref": "21:46:0:0:26:65:8", "sigpac_use": "IV", "sigpac_irrigation_coef": 0, "sigpac_url": "https://sigpac-hubcloud.es/servicioconsultassigpac/query/recinfo/21/46/0/0/26/65/8.json", "declared_greenhouse_share": 0.99, "declared_irrigated_share": 0.0, "lon": -6.739024, "lat": 37.253362}}, {"type": "Feature", "geometry": {"type": "Polygon", "coordinates": [[[-6.722753, 37.286803], [-6.722749, 37.286713], [-6.722299, 37.286727], [-6.722294, 37.286637], [-6.721956, 37.286648], [-6.721948, 37.286468], [-6.721835, 37.286471], [-6.721831, 37.286381], [-6.721605, 37.286388], [-6.721619, 37.286658], [-6.721168, 37.286672], [-6.721164, 37.286582], [-6.720826, 37.286593], [-6.720813, 37.286323], [-6.720926, 37.28632], [-6.720903, 37.28587], [-6.721016, 37.285866], [-6.720998, 37.285507], [-6.721449, 37.285492], [-6.72157, 37.285669], [-6.721683, 37.285665], [-6.721691, 37.285845], [-6.721804, 37.285842], [-6.721808, 37.285932], [-6.723272, 37.285885], [-6.723294, 37.286335], [-6.723182, 37.286339], [-6.723195, 37.286609], [-6.723082, 37.286612], [-6.723091, 37.286792], [-6.722753, 37.286803]], [[-6.721376, 37.286306], [-6.721263, 37.286309], [-6.721268, 37.286399], [-6.72138, 37.286395], [-6.721376, 37.286306]]]}, "properties": {"id": "donana-2026-170000-4133110", "ha": 1.96, "plastic_dates": 6.5, "valid_dates": 10.0, "admin_zone": "Zona C", "plan_zone": "Zona C - No regable", "distance_to_irrigable_m": 154, "sigpac_ref": "21:46:0:0:23:294:4", "sigpac_use": "IV", "sigpac_irrigation_coef": 100, "sigpac_url": "https://sigpac-hubcloud.es/servicioconsultassigpac/query/recinfo/21/46/0/0/23/294/4.json", "declared_greenhouse_share": 1.0, "declared_irrigated_share": 0.79, "lon": -6.722099, "lat": 37.286103}}, {"type": "Feature", "geometry": {"type": "MultiPolygon", "coordinates": [[[[-6.581719, 37.265844], [-6.581711, 37.265664], [-6.581823, 37.265661], [-6.581815, 37.265481], [-6.581589, 37.265488], [-6.581602, 37.265758], [-6.58149, 37.265761], [-6.581473, 37.265401], [-6.581923, 37.265388], [-6.581927, 37.265478], [-6.582265, 37.265467], [-6.582269, 37.265557], [-6.582382, 37.265554], [-6.58239, 37.265734], [-6.582278, 37.265737], [-6.58229, 37.266007], [-6.582178, 37.266011], [-6.582186, 37.26619], [-6.582412, 37.266184], [-6.582499, 37.26564], [-6.582719, 37.265544], [-6.582732, 37.265814], [-6.58262, 37.265817], [-6.582628, 37.265997], [-6.582516, 37.266], [-6.582528, 37.26627], [-6.582416, 37.266274], [-6.582424, 37.266454], [-6.582312, 37.266457], [-6.582325, 37.266727], [-6.581874, 37.26674], [-6.581862, 37.266471], [-6.581749, 37.266474], [-6.581753, 37.266564], [-6.581416, 37.266574], [-6.581411, 37.266484], [-6.581074, 37.266494], [-6.581069, 37.266404], [-6.581182, 37.266401], [-6.581173, 37.266221], [-6.581286, 37.266218], [-6.581273, 37.265948], [-6.581719, 37.265844]], [[-6.581949, 37.265927], [-6.581836, 37.265931], [-6.581844, 37.266111], [-6.58207, 37.266104], [-6.581949, 37.265927]], [[-6.581723, 37.265934], [-6.581611, 37.265938], [-6.581615, 37.266028], [-6.581728, 37.266024], [-6.581723, 37.265934]]], [[[-6.579931, 37.266169], [-6.580156, 37.266162], [-6.580135, 37.265712], [-6.580472, 37.265702], [-6.580468, 37.265612], [-6.580243, 37.265619], [-6.580239, 37.265529], [-6.580126, 37.265532], [-6.580122, 37.265442], [-6.580351, 37.265525], [-6.580343, 37.265345], [-6.580564, 37.265249], [-6.580685, 37.265425], [-6.580572, 37.265428], [-6.580576, 37.265518], [-6.580689, 37.265515], [-6.580693, 37.265605], [-6.580581, 37.265608], [-6.580589, 37.265788], [-6.580814, 37.265782], [-6.58081, 37.265692], [-6.580923, 37.265688], [-6.580931, 37.265868], [-6.581269, 37.265858], [-6.581273, 37.265948], [-6.581048, 37.265955], [-6.581061, 37.266225], [-6.58084, 37.266321], [-6.580848, 37.266501], [-6.580961, 37.266498], [-6.580965, 37.266588], [-6.580853, 37.266591], [-6.580857, 37.266681], [-6.580744, 37.266685], [-6.58074, 37.266595], [-6.580515, 37.266601], [-6.580511, 37.266511], [-6.580286, 37.266518], [-6.58039, 37.266335], [-6.579944, 37.266439], [-6.579939, 37.266349], [-6.580165, 37.266342], [-6.58016, 37.266252], [-6.579935, 37.266259], [-6.579931, 37.266169]], [[-6.580732, 37.266415], [-6.580619, 37.266418], [-6.580623, 37.266508], [-6.580736, 37.266505], [-6.580732, 37.266415]], [[-6.580819, 37.265871], [-6.580593, 37.265878], [-6.580598, 37.265968], [-6.580823, 37.265961], [-6.580819, 37.265871]]], [[[-6.579827, 37.266352], [-6.579823, 37.266262], [-6.579935, 37.266259], [-6.579939, 37.266349], [-6.579827, 37.266352]]]]}, "properties": {"id": "donana-2026-182470-4130390", "ha": 1.96, "plastic_dates": 2.4, "valid_dates": 10.4, "admin_zone": "Zona C", "plan_zone": "Zona C - No regable", "distance_to_irrigable_m": 20, "sigpac_ref": "21:5:0:0:16:42:25", "sigpac_use": "IV", "sigpac_irrigation_coef": 31, "sigpac_url": "https://sigpac-hubcloud.es/servicioconsultassigpac/query/recinfo/21/5/0/0/16/42/25.json", "declared_greenhouse_share": 1.0, "declared_irrigated_share": 1.0, "lon": -6.5806, "lat": 37.266013}}, {"type": "Feature", "geometry": {"type": "Polygon", "coordinates": [[[-6.797836, 37.221623], [-6.797499, 37.221634], [-6.797368, 37.221278], [-6.797256, 37.221282], [-6.797247, 37.221102], [-6.797134, 37.221105], [-6.797121, 37.220835], [-6.796896, 37.220843], [-6.796882, 37.220573], [-6.797107, 37.220566], [-6.797103, 37.220476], [-6.797553, 37.220461], [-6.797548, 37.220371], [-6.797998, 37.220357], [-6.797994, 37.220267], [-6.798219, 37.22026], [-6.798214, 37.22017], [-6.798776, 37.220152], [-6.798772, 37.220062], [-6.798884, 37.220058], [-6.799006, 37.220234], [-6.799118, 37.220231], [-6.799127, 37.220411], [-6.799352, 37.220403], [-6.799483, 37.22076], [-6.799595, 37.220756], [-6.799604, 37.220936], [-6.799492, 37.22094], [-6.799487, 37.22085], [-6.799262, 37.220857], [-6.799384, 37.221033], [-6.799159, 37.22104], [-6.799163, 37.22113], [-6.799051, 37.221134], [-6.799042, 37.220954], [-6.798929, 37.220958], [-6.798939, 37.221137], [-6.798493, 37.221242], [-6.798498, 37.221332], [-6.798273, 37.221339], [-6.798277, 37.221429], [-6.798052, 37.221436], [-6.798057, 37.221526], [-6.797832, 37.221533], [-6.797836, 37.221623]], [[-6.799244, 37.220497], [-6.799132, 37.220501], [-6.79915, 37.22086], [-6.799262, 37.220857], [-6.799244, 37.220497]], [[-6.797935, 37.22135], [-6.79771, 37.221357], [-6.797719, 37.221537], [-6.797832, 37.221533], [-6.797935, 37.22135]], [[-6.797692, 37.220997], [-6.79758, 37.221001], [-6.797584, 37.221091], [-6.797472, 37.221094], [-6.797481, 37.221274], [-6.79771, 37.221357], [-6.797692, 37.220997]], [[-6.797458, 37.220825], [-6.797688, 37.220907], [-6.797683, 37.220817], [-6.797796, 37.220814], [-6.797787, 37.220634], [-6.797674, 37.220638], [-6.79767, 37.220548], [-6.797557, 37.220551], [-6.797566, 37.220731], [-6.797454, 37.220735], [-6.797449, 37.220645], [-6.797112, 37.220656], [-6.797242, 37.221012], [-6.797472, 37.221094], [-6.797458, 37.220825]], [[-6.798025, 37.220897], [-6.797913, 37.2209], [-6.797917, 37.22099], [-6.79803, 37.220986], [-6.798025, 37.220897]], [[-6.798916, 37.220688], [-6.798803, 37.220691], [-6.798812, 37.220871], [-6.798925, 37.220868], [-6.798916, 37.220688]], [[-6.798358, 37.220796], [-6.798246, 37.220799], [-6.79825, 37.220889], [-6.798363, 37.220886], [-6.798358, 37.220796]], [[-6.798677, 37.220425], [-6.798565, 37.220429], [-6.798583, 37.220789], [-6.798695, 37.220785], [-6.798677, 37.220425]], [[-6.798237, 37.220619], [-6.798012, 37.220627], [-6.798016, 37.220717], [-6.798241, 37.220709], [-6.798237, 37.220619]], [[-6.79901, 37.220324], [-6.798898, 37.220328], [-6.798907, 37.220508], [-6.799019, 37.220504], [-6.79901, 37.220324]], [[-6.798336, 37.220346], [-6.798223, 37.22035], [-6.798228, 37.22044], [-6.79834, 37.220436], [-6.798336, 37.220346]]]}, "properties": {"id": "donana-2026-162980-4126130", "ha": 1.92, "plastic_dates": 3.1, "valid_dates": 8.3, "admin_zone": "Zona A", "plan_zone": "Zona A - Suelo Forestal", "distance_to_irrigable_m": 88, "sigpac_ref": "21:50:0:0:33:37:1", "sigpac_use": "IV", "sigpac_irrigation_coef": 100, "sigpac_url": "https://sigpac-hubcloud.es/servicioconsultassigpac/query/recinfo/21/50/0/0/33/37/1.json", "declared_greenhouse_share": 0.98, "declared_irrigated_share": 0.98, "lon": -6.797967, "lat": 37.220853}}, {"type": "Feature", "geometry": {"type": "Polygon", "coordinates": [[[-6.708512, 37.265449], [-6.708517, 37.265539], [-6.708292, 37.265546], [-6.708309, 37.265906], [-6.708089, 37.266003], [-6.708093, 37.266092], [-6.707981, 37.266096], [-6.707985, 37.266186], [-6.707872, 37.26619], [-6.707881, 37.266369], [-6.707769, 37.266373], [-6.70776, 37.266193], [-6.707647, 37.266197], [-6.707625, 37.265747], [-6.707738, 37.265743], [-6.707724, 37.265473], [-6.707837, 37.26547], [-6.707811, 37.26493], [-6.707923, 37.264927], [-6.707914, 37.264747], [-6.708027, 37.264743], [-6.708014, 37.264473], [-6.708126, 37.26447], [-6.708117, 37.26429], [-6.70823, 37.264286], [-6.708351, 37.264463], [-6.708806, 37.264539], [-6.70881, 37.264629], [-6.709035, 37.264622], [-6.709044, 37.264801], [-6.709265, 37.264704], [-6.709274, 37.264884], [-6.709499, 37.264877], [-6.709516, 37.265237], [-6.709629, 37.265234], [-6.70962, 37.265054], [-6.709845, 37.265047], [-6.709967, 37.265223], [-6.709854, 37.265226], [-6.709863, 37.265406], [-6.70975, 37.26541], [-6.709759, 37.26559], [-6.70953, 37.265507], [-6.70966, 37.265863], [-6.709547, 37.265867], [-6.709543, 37.265777], [-6.709318, 37.265784], [-6.709313, 37.265694], [-6.709093, 37.265791], [-6.709196, 37.265607], [-6.709426, 37.26569], [-6.709413, 37.26542], [-6.709192, 37.265517], [-6.709071, 37.265341], [-6.708958, 37.265345], [-6.708971, 37.265615], [-6.708859, 37.265618], [-6.708863, 37.265708], [-6.708751, 37.265712], [-6.708854, 37.265528], [-6.708742, 37.265532], [-6.708737, 37.265442], [-6.708512, 37.265449]], [[-6.708239, 37.264466], [-6.708243, 37.264556], [-6.708356, 37.264553], [-6.708351, 37.264463], [-6.708239, 37.264466]], [[-6.70985, 37.265136], [-6.709737, 37.26514], [-6.709741, 37.26523], [-6.709854, 37.265226], [-6.70985, 37.265136]], [[-6.709746, 37.26532], [-6.709633, 37.265323], [-6.709638, 37.265413], [-6.70975, 37.26541], [-6.709746, 37.26532]], [[-6.70885, 37.265438], [-6.708846, 37.265348], [-6.708733, 37.265352], [-6.708737, 37.265442], [-6.70885, 37.265438]], [[-6.708724, 37.265172], [-6.708612, 37.265175], [-6.708616, 37.265265], [-6.708391, 37.265272], [-6.708395, 37.265362], [-6.708733, 37.265352], [-6.708724, 37.265172]], [[-6.708071, 37.265643], [-6.707958, 37.265646], [-6.707963, 37.265736], [-6.708075, 37.265733], [-6.708071, 37.265643]], [[-6.708058, 37.265373], [-6.707945, 37.265376], [-6.707954, 37.265556], [-6.708067, 37.265553], [-6.708058, 37.265373]], [[-6.708945, 37.265075], [-6.708832, 37.265078], [-6.708841, 37.265258], [-6.708954, 37.265255], [-6.708945, 37.265075]], [[-6.708044, 37.265103], [-6.707932, 37.265107], [-6.707936, 37.265197], [-6.708049, 37.265193], [-6.708044, 37.265103]], [[-6.709049, 37.264891], [-6.708936, 37.264895], [-6.70894, 37.264985], [-6.709053, 37.264981], [-6.709049, 37.264891]], [[-6.708148, 37.26492], [-6.708036, 37.264923], [-6.70804, 37.265013], [-6.708153, 37.26501], [-6.708148, 37.26492]], [[-6.708247, 37.264646], [-6.708135, 37.26465], [-6.708144, 37.26483], [-6.708256, 37.264826], [-6.708247, 37.264646]]]}, "properties": {"id": "donana-2026-171050-4130750", "ha": 1.89, "plastic_dates": 3.4, "valid_dates": 11.0, "admin_zone": "Zona A", "plan_zone": "Zona A - Suelo Forestal", "distance_to_irrigable_m": 19, "sigpac_ref": "21:46:0:0:9:70:3", "sigpac_use": "TA", "sigpac_irrigation_coef": 0, "sigpac_url": "https://sigpac-hubcloud.es/servicioconsultassigpac/query/recinfo/21/46/0/0/9/70/3.json", "declared_greenhouse_share": 0.04, "declared_irrigated_share": 0.0, "lon": -6.709294, "lat": 37.265289}}, {"type": "Feature", "geometry": {"type": "Polygon", "coordinates": [[[-6.793584, 37.246894], [-6.793562, 37.246444], [-6.793449, 37.246448], [-6.793431, 37.246088], [-6.793544, 37.246085], [-6.793539, 37.245995], [-6.793652, 37.245991], [-6.793656, 37.246081], [-6.795681, 37.246016], [-6.795686, 37.246106], [-6.796473, 37.246081], [-6.796501, 37.24662], [-6.794138, 37.246696], [-6.794142, 37.246786], [-6.793692, 37.246801], [-6.793697, 37.246891], [-6.793584, 37.246894]], [[-6.796365, 37.246174], [-6.796253, 37.246178], [-6.796257, 37.246268], [-6.79637, 37.246264], [-6.796365, 37.246174]]]}, "properties": {"id": "donana-2026-163360-4128970", "ha": 1.85, "plastic_dates": 6.4, "valid_dates": 10.0, "admin_zone": "Zona A", "plan_zone": "Zona A - Suelo Forestal", "distance_to_irrigable_m": 16, "sigpac_ref": "21:50:0:0:27:3:11", "sigpac_use": "IV", "sigpac_irrigation_coef": 100, "sigpac_url": "https://sigpac-hubcloud.es/servicioconsultassigpac/query/recinfo/21/50/0/0/27/3/11.json", "declared_greenhouse_share": 0.92, "declared_irrigated_share": 1.0, "lon": -6.795031, "lat": 37.246532}}, {"type": "Feature", "geometry": {"type": "MultiPolygon", "coordinates": [[[[-6.704622, 37.294129], [-6.704626, 37.294219], [-6.704401, 37.294226], [-6.704397, 37.294136], [-6.704284, 37.29414], [-6.704275, 37.29396], [-6.703712, 37.293977], [-6.703721, 37.294157], [-6.7035, 37.294254], [-6.703509, 37.294434], [-6.703288, 37.294531], [-6.703297, 37.294711], [-6.703185, 37.294715], [-6.703158, 37.294175], [-6.703271, 37.294171], [-6.703262, 37.293992], [-6.703375, 37.293988], [-6.703366, 37.293808], [-6.703478, 37.293805], [-6.703461, 37.293445], [-6.703573, 37.293441], [-6.703564, 37.293261], [-6.70379, 37.293254], [-6.703776, 37.292984], [-6.704114, 37.292974], [-6.70411, 37.292884], [-6.704222, 37.29288], [-6.704213, 37.2927], [-6.704439, 37.292693], [-6.704542, 37.29251], [-6.704655, 37.292506], [-6.704659, 37.292596], [-6.704772, 37.292593], [-6.704781, 37.292773], [-6.704893, 37.292769], [-6.704911, 37.293129], [-6.704798, 37.293133], [-6.704807, 37.293312], [-6.704582, 37.29332], [-6.704587, 37.293409], [-6.704357, 37.293327], [-6.704366, 37.293506], [-6.704591, 37.293499], [-6.704604, 37.293769], [-6.704717, 37.293766], [-6.704712, 37.293676], [-6.704938, 37.293669], [-6.704946, 37.293849], [-6.704726, 37.293946], [-6.704734, 37.294126], [-6.704622, 37.294129]], [[-6.704353, 37.293237], [-6.704127, 37.293244], [-6.704132, 37.293334], [-6.704357, 37.293327], [-6.704353, 37.293237]]], [[[-6.704955, 37.294029], [-6.704964, 37.294208], [-6.704739, 37.294215], [-6.704734, 37.294126], [-6.704955, 37.294029]]]]}, "properties": {"id": "donana-2026-171640-4133880", "ha": 1.7, "plastic_dates": 3.5, "valid_dates": 10.2, "admin_zone": "Zona C", "plan_zone": "Zona C - No regable", "distance_to_irrigable_m": 13, "sigpac_ref": "21:46:0:0:8:245:4", "sigpac_use": "IV", "sigpac_irrigation_coef": 52, "sigpac_url": "https://sigpac-hubcloud.es/servicioconsultassigpac/query/recinfo/21/46/0/0/8/245/4.json", "declared_greenhouse_share": 1.0, "declared_irrigated_share": 1.0, "lon": -6.704032, "lat": 37.293607}}, {"type": "Feature", "geometry": {"type": "Polygon", "coordinates": [[[-6.724651, 37.247554], [-6.724637, 37.247284], [-6.72475, 37.247281], [-6.724741, 37.247101], [-6.724511, 37.247018], [-6.724615, 37.246835], [-6.724386, 37.246752], [-6.724381, 37.246662], [-6.724269, 37.246665], [-6.724264, 37.246575], [-6.72381, 37.2465], [-6.723801, 37.24632], [-6.724026, 37.246313], [-6.724013, 37.246043], [-6.724688, 37.246021], [-6.724697, 37.246201], [-6.725147, 37.246187], [-6.725142, 37.246097], [-6.724805, 37.246108], [-6.724796, 37.245928], [-6.725133, 37.245917], [-6.725255, 37.246094], [-6.72548, 37.246087], [-6.725601, 37.246263], [-6.725714, 37.246259], [-6.725718, 37.246349], [-6.725943, 37.246342], [-6.726064, 37.246519], [-6.725844, 37.246616], [-6.725853, 37.246796], [-6.725632, 37.246893], [-6.725637, 37.246983], [-6.725524, 37.246986], [-6.725533, 37.247166], [-6.725312, 37.247263], [-6.725317, 37.247353], [-6.725204, 37.247357], [-6.725195, 37.247177], [-6.725083, 37.24718], [-6.725078, 37.24709], [-6.724966, 37.247094], [-6.724975, 37.247274], [-6.724862, 37.247277], [-6.724871, 37.247457], [-6.724759, 37.247461], [-6.724763, 37.247551], [-6.724651, 37.247554]], [[-6.725723, 37.246439], [-6.725497, 37.246446], [-6.725502, 37.246536], [-6.725727, 37.246529], [-6.725723, 37.246439]], [[-6.725264, 37.246274], [-6.725151, 37.246277], [-6.725155, 37.246367], [-6.725268, 37.246364], [-6.725264, 37.246274]], [[-6.724472, 37.246208], [-6.724359, 37.246212], [-6.724363, 37.246302], [-6.724476, 37.246298], [-6.724472, 37.246208]]]}, "properties": {"id": "donana-2026-169560-4128750", "ha": 1.7, "plastic_dates": 4.7, "valid_dates": 9.8, "admin_zone": "Zona C", "plan_zone": "Zona C - No regable", "distance_to_irrigable_m": 22, "sigpac_ref": "21:46:0:0:10:162:1", "sigpac_use": "IV", "sigpac_irrigation_coef": 0, "sigpac_url": "https://sigpac-hubcloud.es/servicioconsultassigpac/query/recinfo/21/46/0/0/10/162/1.json", "declared_greenhouse_share": 0.99, "declared_irrigated_share": 0.0, "lon": -6.725175, "lat": 37.246772}}, {"type": "Feature", "geometry": {"type": "Polygon", "coordinates": [[[-6.756172, 37.278629], [-6.756154, 37.278269], [-6.756266, 37.278265], [-6.756262, 37.278175], [-6.756037, 37.278182], [-6.756032, 37.278092], [-6.755244, 37.278117], [-6.75524, 37.278027], [-6.755127, 37.278031], [-6.755123, 37.277941], [-6.755235, 37.277938], [-6.755226, 37.277758], [-6.755339, 37.277754], [-6.755317, 37.277304], [-6.755542, 37.277297], [-6.755533, 37.277117], [-6.755753, 37.27702], [-6.755749, 37.27693], [-6.755862, 37.276927], [-6.755848, 37.276657], [-6.755627, 37.276754], [-6.755623, 37.276664], [-6.755736, 37.27666], [-6.755704, 37.276031], [-6.755929, 37.276024], [-6.755943, 37.276293], [-6.756055, 37.27629], [-6.756046, 37.27611], [-6.756609, 37.276092], [-6.756614, 37.276182], [-6.756163, 37.276196], [-6.756186, 37.276646], [-6.756415, 37.276729], [-6.756402, 37.276459], [-6.756515, 37.276455], [-6.75651, 37.276366], [-6.756285, 37.276373], [-6.75628, 37.276283], [-6.756731, 37.276268], [-6.756749, 37.276628], [-6.756636, 37.276632], [-6.75664, 37.276722], [-6.756866, 37.276715], [-6.756879, 37.276984], [-6.756766, 37.276988], [-6.756775, 37.277168], [-6.7561, 37.277189], [-6.756087, 37.27692], [-6.755866, 37.277017], [-6.755871, 37.277107], [-6.755645, 37.277114], [-6.755654, 37.277294], [-6.756667, 37.277261], [-6.756676, 37.277441], [-6.756001, 37.277463], [-6.755996, 37.277373], [-6.755659, 37.277384], [-6.755668, 37.277563], [-6.755555, 37.277567], [-6.755573, 37.277927], [-6.755798, 37.27792], [-6.755785, 37.27765], [-6.756005, 37.277553], [-6.756028, 37.278002], [-6.75614, 37.277999], [-6.756122, 37.277639], [-6.756343, 37.277542], [-6.756361, 37.277902], [-6.756248, 37.277905], [-6.756253, 37.277995], [-6.756478, 37.277988], [-6.756487, 37.278168], [-6.756374, 37.278172], [-6.756388, 37.278441], [-6.756275, 37.278445], [-6.756284, 37.278625], [-6.756172, 37.278629]]]}, "properties": {"id": "donana-2026-166960-4132250", "ha": 1.69, "plastic_dates": 2.8, "valid_dates": 10.2, "admin_zone": "Zona A", "plan_zone": "Zona A - Suelo Forestal", "distance_to_irrigable_m": 20, "sigpac_ref": "21:46:0:0:19:2:40", "sigpac_use": "IV", "sigpac_irrigation_coef": 0, "sigpac_url": "https://sigpac-hubcloud.es/servicioconsultassigpac/query/recinfo/21/46/0/0/19/2/40.json", "declared_greenhouse_share": 1.0, "declared_irrigated_share": 0.0, "lon": -6.755994, "lat": 37.277328}}, {"type": "Feature", "geometry": {"type": "Polygon", "coordinates": [[[-6.733088, 37.24954], [-6.733083, 37.24945], [-6.732858, 37.249457], [-6.732854, 37.249368], [-6.732291, 37.249385], [-6.732287, 37.249295], [-6.731837, 37.24931], [-6.731832, 37.24922], [-6.731607, 37.249227], [-6.731603, 37.249137], [-6.731715, 37.249133], [-6.731707, 37.248953], [-6.731927, 37.248856], [-6.731914, 37.248586], [-6.731801, 37.24859], [-6.731797, 37.2485], [-6.731909, 37.248496], [-6.731896, 37.248227], [-6.732009, 37.248223], [-6.732004, 37.248133], [-6.732679, 37.248112], [-6.732693, 37.248382], [-6.732922, 37.248465], [-6.732931, 37.248644], [-6.733043, 37.248641], [-6.733048, 37.248731], [-6.73316, 37.248727], [-6.733169, 37.248907], [-6.733619, 37.248893], [-6.733624, 37.248983], [-6.733511, 37.248986], [-6.733529, 37.249346], [-6.733759, 37.249429], [-6.733767, 37.249609], [-6.733088, 37.24954]], [[-6.732823, 37.248738], [-6.732598, 37.248745], [-6.732602, 37.248835], [-6.732827, 37.248828], [-6.732823, 37.248738]], [[-6.732368, 37.248662], [-6.732143, 37.248669], [-6.732148, 37.248759], [-6.732373, 37.248752], [-6.732368, 37.248662]]]}, "properties": {"id": "donana-2026-168920-4129010", "ha": 1.68, "plastic_dates": 5.3, "valid_dates": 9.1, "admin_zone": "Zona C", "plan_zone": "Zona C - No regable", "distance_to_irrigable_m": 53, "sigpac_ref": "21:46:0:0:11:13:2", "sigpac_use": "IV", "sigpac_irrigation_coef": 100, "sigpac_url": "https://sigpac-hubcloud.es/servicioconsultassigpac/query/recinfo/21/46/0/0/11/13/2.json", "declared_greenhouse_share": 1.0, "declared_irrigated_share": 1.0, "lon": -6.732492, "lat": 37.248883}}, {"type": "Feature", "geometry": {"type": "MultiPolygon", "coordinates": [[[[-6.75576, 37.243147], [-6.755647, 37.24315], [-6.75567, 37.2436], [-6.755557, 37.243604], [-6.755593, 37.244323], [-6.755705, 37.24432], [-6.755728, 37.244769], [-6.75584, 37.244766], [-6.755854, 37.245036], [-6.755966, 37.245032], [-6.755984, 37.245392], [-6.755759, 37.245399], [-6.75575, 37.245219], [-6.75553, 37.245316], [-6.755516, 37.245046], [-6.755737, 37.244949], [-6.755732, 37.244859], [-6.755503, 37.244777], [-6.755485, 37.244417], [-6.755372, 37.24442], [-6.755381, 37.2446], [-6.755269, 37.244604], [-6.75526, 37.244424], [-6.755147, 37.244427], [-6.755129, 37.244068], [-6.755017, 37.244071], [-6.754999, 37.243711], [-6.754887, 37.243715], [-6.754878, 37.243535], [-6.755098, 37.243438], [-6.755094, 37.243348], [-6.754869, 37.243355], [-6.754873, 37.243445], [-6.754761, 37.243449], [-6.754864, 37.243265], [-6.754639, 37.243272], [-6.754635, 37.243183], [-6.754522, 37.243186], [-6.754513, 37.243006], [-6.754734, 37.242909], [-6.754725, 37.242729], [-6.754612, 37.242733], [-6.754608, 37.242643], [-6.755058, 37.242629], [-6.755162, 37.242445], [-6.755387, 37.242438], [-6.755283, 37.242621], [-6.755395, 37.242618], [-6.755413, 37.242978], [-6.755526, 37.242974], [-6.755629, 37.242791], [-6.755742, 37.242787], [-6.75576, 37.243147]], [[-6.755242, 37.244064], [-6.755237, 37.243974], [-6.755125, 37.243978], [-6.755129, 37.244068], [-6.755242, 37.244064]], [[-6.75486, 37.243175], [-6.754855, 37.243085], [-6.75463, 37.243093], [-6.754635, 37.243183], [-6.75486, 37.243175]], [[-6.755741, 37.245039], [-6.755629, 37.245043], [-6.755633, 37.245133], [-6.755746, 37.245129], [-6.755741, 37.245039]], [[-6.755229, 37.243794], [-6.755116, 37.243798], [-6.755121, 37.243888], [-6.755233, 37.243884], [-6.755229, 37.243794]], [[-6.755103, 37.243528], [-6.75499, 37.243532], [-6.754995, 37.243622], [-6.755107, 37.243618], [-6.755103, 37.243528]], [[-6.75508, 37.243078], [-6.755193, 37.243075], [-6.755184, 37.242895], [-6.754963, 37.242992], [-6.754972, 37.243172], [-6.755085, 37.243168], [-6.75508, 37.243078]], [[-6.755062, 37.242719], [-6.754837, 37.242726], [-6.754959, 37.242902], [-6.755071, 37.242898], [-6.755062, 37.242719]]], [[[-6.755742, 37.242787], [-6.755737, 37.242697], [-6.755625, 37.242701], [-6.755612, 37.242431], [-6.755837, 37.242424], [-6.755854, 37.242783], [-6.755742, 37.242787]]], [[[-6.755967, 37.24278], [-6.75598, 37.24305], [-6.756093, 37.243046], [-6.756097, 37.243136], [-6.755985, 37.24314], [-6.755994, 37.24332], [-6.755773, 37.243417], [-6.755764, 37.243237], [-6.755877, 37.243233], [-6.755854, 37.242783], [-6.755967, 37.24278]]], [[[-6.755512, 37.244956], [-6.755399, 37.24496], [-6.75539, 37.24478], [-6.755503, 37.244777], [-6.755512, 37.244956]]]]}, "properties": {"id": "donana-2026-166870-4128540", "ha": 1.66, "plastic_dates": 3.3, "valid_dates": 10.1, "admin_zone": "Zona A", "plan_zone": "Zona A - Suelo Forestal", "distance_to_irrigable_m": 16, "sigpac_ref": "21:50:0:0:31:39:1", "sigpac_use": "IV", "sigpac_irrigation_coef": 100, "sigpac_url": "https://sigpac-hubcloud.es/servicioconsultassigpac/query/recinfo/21/50/0/0/31/39/1.json", "declared_greenhouse_share": 0.98, "declared_irrigated_share": 1.0, "lon": -6.755292, "lat": 37.243927}}, {"type": "Feature", "geometry": {"type": "Polygon", "coordinates": [[[-6.786602, 37.273964], [-6.786377, 37.273971], [-6.786373, 37.273881], [-6.786148, 37.273889], [-6.786143, 37.273799], [-6.78603, 37.273802], [-6.786008, 37.273352], [-6.78612, 37.273349], [-6.786102, 37.272989], [-6.786215, 37.272985], [-6.786206, 37.272806], [-6.786318, 37.272802], [-6.786305, 37.272532], [-6.786418, 37.272529], [-6.786404, 37.272259], [-6.786517, 37.272255], [-6.786503, 37.271985], [-6.786616, 37.271982], [-6.786607, 37.271802], [-6.786719, 37.271798], [-6.786724, 37.271888], [-6.787174, 37.271874], [-6.787183, 37.272054], [-6.787412, 37.272136], [-6.787417, 37.272226], [-6.787304, 37.27223], [-6.787327, 37.27268], [-6.786989, 37.27269], [-6.787111, 37.272867], [-6.787223, 37.272863], [-6.787237, 37.273133], [-6.787016, 37.27323], [-6.787007, 37.27305], [-6.786782, 37.273057], [-6.786778, 37.272967], [-6.786665, 37.272971], [-6.786674, 37.273151], [-6.786899, 37.273144], [-6.786908, 37.273324], [-6.787021, 37.27332], [-6.787025, 37.27341], [-6.786913, 37.273414], [-6.786922, 37.273593], [-6.786701, 37.273691], [-6.786706, 37.273781], [-6.786481, 37.273788], [-6.786602, 37.273964]], [[-6.786985, 37.2726], [-6.786872, 37.272604], [-6.786877, 37.272694], [-6.786989, 37.27269], [-6.786985, 37.2726]], [[-6.786476, 37.273698], [-6.786364, 37.273701], [-6.786368, 37.273791], [-6.786481, 37.273788], [-6.786476, 37.273698]]]}, "properties": {"id": "donana-2026-164210-4131870", "ha": 1.64, "plastic_dates": 2.1, "valid_dates": 10.0, "admin_zone": "Zona A", "plan_zone": "Zona A - Suelo Forestal", "distance_to_irrigable_m": 18, "sigpac_ref": "21:50:0:0:29:166:24", "sigpac_use": "IV", "sigpac_irrigation_coef": 100, "sigpac_url": "https://sigpac-hubcloud.es/servicioconsultassigpac/query/recinfo/21/50/0/0/29/166/24.json", "declared_greenhouse_share": 1.0, "declared_irrigated_share": 1.0, "lon": -6.786719, "lat": 37.272924}}, {"type": "Feature", "geometry": {"type": "MultiPolygon", "coordinates": [[[[-6.766424, 37.251366], [-6.766464, 37.252175], [-6.766352, 37.252179], [-6.766334, 37.251819], [-6.766109, 37.251826], [-6.765987, 37.25165], [-6.7661, 37.251647], [-6.766095, 37.251557], [-6.76632, 37.251549], [-6.766199, 37.251373], [-6.766424, 37.251366]]], [[[-6.765605, 37.250761], [-6.765726, 37.250938], [-6.766289, 37.25092], [-6.766307, 37.25128], [-6.766194, 37.251283], [-6.766199, 37.251373], [-6.766086, 37.251377], [-6.766095, 37.251557], [-6.765983, 37.25156], [-6.765987, 37.25165], [-6.765762, 37.251657], [-6.765753, 37.251477], [-6.765528, 37.251485], [-6.765524, 37.251395], [-6.765299, 37.251402], [-6.765294, 37.251312], [-6.765182, 37.251315], [-6.765164, 37.250956], [-6.765384, 37.250859], [-6.76538, 37.250769], [-6.765605, 37.250761]], [[-6.765285, 37.251132], [-6.76529, 37.251222], [-6.765402, 37.251218], [-6.765398, 37.251128], [-6.765285, 37.251132]], [[-6.76551, 37.251125], [-6.765506, 37.251035], [-6.765393, 37.251038], [-6.765398, 37.251128], [-6.76551, 37.251125]], [[-6.765609, 37.250851], [-6.765497, 37.250855], [-6.765501, 37.250945], [-6.765614, 37.250941], [-6.765609, 37.250851]]], [[[-6.765024, 37.25042], [-6.765029, 37.25051], [-6.765141, 37.250506], [-6.765146, 37.250596], [-6.765258, 37.250592], [-6.765263, 37.250682], [-6.765375, 37.250679], [-6.76538, 37.250769], [-6.765155, 37.250776], [-6.765051, 37.250959], [-6.764826, 37.250966], [-6.764822, 37.250876], [-6.765047, 37.250869], [-6.764925, 37.250693], [-6.765038, 37.250689], [-6.765033, 37.250599], [-6.764921, 37.250603], [-6.764912, 37.250423], [-6.765024, 37.25042]]], [[[-6.764012, 37.250452], [-6.764003, 37.250272], [-6.764223, 37.250175], [-6.764219, 37.250085], [-6.764444, 37.250078], [-6.764565, 37.250254], [-6.76479, 37.250247], [-6.764912, 37.250423], [-6.764799, 37.250427], [-6.764808, 37.250607], [-6.764696, 37.25061], [-6.7647, 37.2507], [-6.764813, 37.250697], [-6.764822, 37.250876], [-6.764709, 37.25088], [-6.764714, 37.25097], [-6.764601, 37.250974], [-6.764597, 37.250884], [-6.764372, 37.250891], [-6.764367, 37.250801], [-6.764142, 37.250808], [-6.764138, 37.250718], [-6.763912, 37.250725], [-6.763791, 37.250549], [-6.763904, 37.250545], [-6.763899, 37.250455], [-6.764012, 37.250452]], [[-6.764588, 37.250704], [-6.764592, 37.250794], [-6.764705, 37.25079], [-6.7647, 37.2507], [-6.764588, 37.250704]]], [[[-6.763566, 37.250556], [-6.763561, 37.250466], [-6.763111, 37.25048], [-6.763107, 37.250391], [-6.763219, 37.250387], [-6.763215, 37.250297], [-6.763553, 37.250286], [-6.763557, 37.250376], [-6.763895, 37.250365], [-6.763899, 37.250455], [-6.763787, 37.250459], [-6.763791, 37.250549], [-6.763566, 37.250556]]], [[[-6.764813, 37.250697], [-6.764808, 37.250607], [-6.764921, 37.250603], [-6.764925, 37.250693], [-6.764813, 37.250697]]]]}, "properties": {"id": "donana-2026-165970-4129380", "ha": 1.58, "plastic_dates": 3.8, "valid_dates": 8.6, "admin_zone": "Zona C", "plan_zone": "Zona C - No regable", "distance_to_irrigable_m": 16, "sigpac_ref": "21:50:0:0:31:23:111", "sigpac_use": "IV", "sigpac_irrigation_coef": 100, "sigpac_url": "https://sigpac-hubcloud.es/servicioconsultassigpac/query/recinfo/21/50/0/0/31/23/111.json", "declared_greenhouse_share": 0.98, "declared_irrigated_share": 0.98, "lon": -6.76585, "lat": 37.251159}}, {"type": "Feature", "geometry": {"type": "Polygon", "coordinates": [[[-6.774373, 37.234536], [-6.774369, 37.234446], [-6.774256, 37.23445], [-6.774243, 37.23418], [-6.774014, 37.234097], [-6.773883, 37.233741], [-6.774108, 37.233734], [-6.774104, 37.233644], [-6.774216, 37.23364], [-6.774095, 37.233464], [-6.774207, 37.233461], [-6.774212, 37.233551], [-6.774999, 37.233525], [-6.774995, 37.233435], [-6.775444, 37.233421], [-6.775548, 37.233238], [-6.77566, 37.233234], [-6.775638, 37.232784], [-6.775751, 37.232781], [-6.775768, 37.23314], [-6.775881, 37.233137], [-6.77589, 37.233317], [-6.776002, 37.233313], [-6.776007, 37.233403], [-6.775894, 37.233407], [-6.775912, 37.233766], [-6.775687, 37.233774], [-6.775705, 37.234133], [-6.775368, 37.234144], [-6.775372, 37.234234], [-6.775147, 37.234241], [-6.775152, 37.234331], [-6.774814, 37.234342], [-6.774819, 37.234432], [-6.774594, 37.234439], [-6.774598, 37.234529], [-6.774373, 37.234536]], [[-6.775004, 37.233615], [-6.774891, 37.233619], [-6.774896, 37.233709], [-6.775008, 37.233705], [-6.775004, 37.233615]], [[-6.775449, 37.233511], [-6.775336, 37.233515], [-6.775341, 37.233605], [-6.775453, 37.233601], [-6.775449, 37.233511]]]}, "properties": {"id": "donana-2026-165040-4127470", "ha": 1.55, "plastic_dates": 2.2, "valid_dates": 10.8, "admin_zone": "Zona A", "plan_zone": "Zona A - Suelo Forestal", "distance_to_irrigable_m": 17, "sigpac_ref": "21:50:0:0:32:51:3", "sigpac_use": "IV", "sigpac_irrigation_coef": 100, "sigpac_url": "https://sigpac-hubcloud.es/servicioconsultassigpac/query/recinfo/21/50/0/0/32/51/3.json", "declared_greenhouse_share": 0.82, "declared_irrigated_share": 0.82, "lon": -6.775456, "lat": 37.233646}}, {"type": "Feature", "geometry": {"type": "Polygon", "coordinates": [[[-6.720877, 37.28533], [-6.720872, 37.28524], [-6.720647, 37.285247], [-6.720643, 37.285157], [-6.720755, 37.285154], [-6.720746, 37.284974], [-6.720967, 37.284877], [-6.720963, 37.284787], [-6.721075, 37.284783], [-6.721058, 37.284424], [-6.721278, 37.284327], [-6.721269, 37.284147], [-6.72149, 37.28405], [-6.721486, 37.28396], [-6.721711, 37.283953], [-6.72172, 37.284133], [-6.721945, 37.284125], [-6.721954, 37.284305], [-6.722183, 37.284388], [-6.722188, 37.284478], [-6.7223, 37.284475], [-6.722305, 37.284565], [-6.722417, 37.284561], [-6.722422, 37.284651], [-6.722534, 37.284647], [-6.722539, 37.284737], [-6.722651, 37.284734], [-6.72266, 37.284914], [-6.722439, 37.285011], [-6.722444, 37.285101], [-6.722331, 37.285104], [-6.722336, 37.285194], [-6.721998, 37.285205], [-6.721994, 37.285115], [-6.721881, 37.285118], [-6.721777, 37.285302], [-6.720877, 37.28533]], [[-6.721872, 37.284939], [-6.721985, 37.284935], [-6.72198, 37.284845], [-6.721868, 37.284849], [-6.721872, 37.284939]], [[-6.721863, 37.284759], [-6.721751, 37.284762], [-6.721755, 37.284852], [-6.721868, 37.284849], [-6.721863, 37.284759]], [[-6.721746, 37.284672], [-6.721634, 37.284676], [-6.721638, 37.284766], [-6.721751, 37.284762], [-6.721746, 37.284672]]]}, "properties": {"id": "donana-2026-170030-4132940", "ha": 1.52, "plastic_dates": 5.9, "valid_dates": 8.3, "admin_zone": "Zona C", "plan_zone": "Zona C - No regable", "distance_to_irrigable_m": 35, "sigpac_ref": "21:46:0:0:23:294:11", "sigpac_use": "IV", "sigpac_irrigation_coef": 0, "sigpac_url": "https://sigpac-hubcloud.es/servicioconsultassigpac/query/recinfo/21/46/0/0/23/294/11.json", "declared_greenhouse_share": 1.0, "declared_irrigated_share": 0.0, "lon": -6.721744, "lat": 37.284627}}, {"type": "Feature", "geometry": {"type": "Polygon", "coordinates": [[[-6.529389, 37.156601], [-6.529385, 37.156511], [-6.529047, 37.156521], [-6.529052, 37.156611], [-6.528827, 37.156618], [-6.528818, 37.156438], [-6.528706, 37.156441], [-6.52871, 37.156531], [-6.528148, 37.156548], [-6.528252, 37.156365], [-6.52814, 37.156368], [-6.528136, 37.156278], [-6.528473, 37.156268], [-6.528469, 37.156178], [-6.528356, 37.156182], [-6.528352, 37.156092], [-6.528127, 37.156098], [-6.528115, 37.155828], [-6.528002, 37.155832], [-6.52804, 37.156641], [-6.527928, 37.156645], [-6.527923, 37.156555], [-6.527361, 37.156572], [-6.52734, 37.156122], [-6.527453, 37.156118], [-6.527449, 37.156028], [-6.527336, 37.156032], [-6.527332, 37.155942], [-6.527445, 37.155938], [-6.527436, 37.155758], [-6.528785, 37.155718], [-6.528802, 37.156078], [-6.528914, 37.156075], [-6.528897, 37.155715], [-6.529459, 37.155698], [-6.529501, 37.156598], [-6.529389, 37.156601]], [[-6.527778, 37.155838], [-6.527665, 37.155842], [-6.527669, 37.155932], [-6.527782, 37.155928], [-6.527778, 37.155838]]]}, "properties": {"id": "donana-2026-186590-4118030", "ha": 1.52, "plastic_dates": 3.0, "valid_dates": 10.9, "admin_zone": "Zona B", "plan_zone": "Zona B - No regable", "distance_to_irrigable_m": 16, "sigpac_ref": "21:5:0:0:44:76:7", "sigpac_use": "IV", "sigpac_irrigation_coef": 0, "sigpac_url": "https://sigpac-hubcloud.es/servicioconsultassigpac/query/recinfo/21/5/0/0/44/76/7.json", "declared_greenhouse_share": 0.99, "declared_irrigated_share": 0.0, "lon": -6.528977, "lat": 37.156208}}, {"type": "Feature", "geometry": {"type": "Polygon", "coordinates": [[[-6.59563, 37.247854], [-6.595759, 37.24821], [-6.595647, 37.248214], [-6.595638, 37.248034], [-6.595526, 37.248037], [-6.595539, 37.248307], [-6.595313, 37.248314], [-6.595318, 37.248404], [-6.595205, 37.248407], [-6.595201, 37.248317], [-6.595088, 37.248321], [-6.595097, 37.248501], [-6.594872, 37.248508], [-6.594768, 37.248691], [-6.594322, 37.248795], [-6.594326, 37.248885], [-6.594097, 37.248801], [-6.594093, 37.248712], [-6.594205, 37.248708], [-6.594197, 37.248528], [-6.593859, 37.248538], [-6.593851, 37.248358], [-6.593625, 37.248365], [-6.593504, 37.248189], [-6.593725, 37.248092], [-6.593721, 37.248002], [-6.593833, 37.247999], [-6.593829, 37.247909], [-6.593942, 37.247905], [-6.593933, 37.247725], [-6.594162, 37.247808], [-6.594171, 37.247988], [-6.594284, 37.247985], [-6.594275, 37.247805], [-6.5945, 37.247798], [-6.594492, 37.247618], [-6.594717, 37.247611], [-6.594821, 37.247428], [-6.595158, 37.247418], [-6.595279, 37.247594], [-6.595392, 37.247591], [-6.5954, 37.247771], [-6.59563, 37.247854]], [[-6.593946, 37.247995], [-6.594058, 37.247992], [-6.594054, 37.247902], [-6.593942, 37.247905], [-6.593946, 37.247995]], [[-6.594288, 37.248075], [-6.5944, 37.248072], [-6.594396, 37.247982], [-6.594284, 37.247985], [-6.594288, 37.248075]], [[-6.594175, 37.248078], [-6.59418, 37.248168], [-6.594292, 37.248165], [-6.594288, 37.248075], [-6.594175, 37.248078]], [[-6.594405, 37.248161], [-6.594517, 37.248158], [-6.594513, 37.248068], [-6.5944, 37.248072], [-6.594405, 37.248161]], [[-6.594638, 37.248335], [-6.594863, 37.248328], [-6.594855, 37.248148], [-6.594742, 37.248151], [-6.594738, 37.248061], [-6.594517, 37.248158], [-6.594638, 37.248335]], [[-6.595288, 37.247774], [-6.595292, 37.247864], [-6.595405, 37.247861], [-6.5954, 37.247771], [-6.595288, 37.247774]], [[-6.594521, 37.248248], [-6.594409, 37.248251], [-6.594413, 37.248341], [-6.594526, 37.248338], [-6.594521, 37.248248]]]}, "properties": {"id": "donana-2026-181200-4128460", "ha": 1.51, "plastic_dates": 2.8, "valid_dates": 8.7, "admin_zone": "Zona C", "plan_zone": "Zona C - No regable", "distance_to_irrigable_m": 20, "sigpac_ref": "21:5:0:0:37:13:35", "sigpac_use": "IV", "sigpac_irrigation_coef": 25, "sigpac_url": "https://sigpac-hubcloud.es/servicioconsultassigpac/query/recinfo/21/5/0/0/37/13/35.json", "declared_greenhouse_share": 1.0, "declared_irrigated_share": 1.0, "lon": -6.594013, "lat": 37.248218}}, {"type": "Feature", "geometry": {"type": "MultiPolygon", "coordinates": [[[[-6.795378, 37.280349], [-6.795148, 37.280266], [-6.795045, 37.28045], [-6.79459, 37.280374], [-6.794549, 37.279565], [-6.794774, 37.279558], [-6.79477, 37.279468], [-6.79522, 37.279453], [-6.795216, 37.279363], [-6.795441, 37.279356], [-6.795436, 37.279266], [-6.795661, 37.279259], [-6.795657, 37.279169], [-6.795995, 37.279158], [-6.79599, 37.279068], [-6.796328, 37.279057], [-6.796341, 37.279327], [-6.796454, 37.279324], [-6.796467, 37.279593], [-6.796355, 37.279597], [-6.796359, 37.279687], [-6.796472, 37.279683], [-6.796481, 37.279863], [-6.796368, 37.279867], [-6.796377, 37.280047], [-6.795927, 37.280061], [-6.795909, 37.279701], [-6.795684, 37.279709], [-6.795689, 37.279799], [-6.795801, 37.279795], [-6.795819, 37.280155], [-6.795932, 37.280151], [-6.795936, 37.280241], [-6.795711, 37.280248], [-6.795707, 37.280158], [-6.795594, 37.280162], [-6.79559, 37.280072], [-6.795477, 37.280076], [-6.795481, 37.280166], [-6.795369, 37.280169], [-6.795378, 37.280349]], [[-6.794784, 37.279738], [-6.794896, 37.279734], [-6.795, 37.27955], [-6.794774, 37.279558], [-6.794784, 37.279738]], [[-6.795225, 37.279543], [-6.795337, 37.27954], [-6.795333, 37.27945], [-6.79522, 37.279453], [-6.795225, 37.279543]], [[-6.79635, 37.279507], [-6.796238, 37.279511], [-6.796242, 37.279601], [-6.796355, 37.279597], [-6.79635, 37.279507]], [[-6.795576, 37.279802], [-6.79558, 37.279892], [-6.795693, 37.279888], [-6.795689, 37.279799], [-6.795576, 37.279802]], [[-6.795355, 37.279899], [-6.795243, 37.279903], [-6.795256, 37.280173], [-6.795369, 37.280169], [-6.795355, 37.279899]], [[-6.794914, 37.280094], [-6.794689, 37.280101], [-6.794698, 37.280281], [-6.795036, 37.28027], [-6.794914, 37.280094]], [[-6.796256, 37.27987], [-6.796031, 37.279878], [-6.796035, 37.279968], [-6.79626, 37.27996], [-6.796256, 37.27987]], [[-6.795787, 37.279525], [-6.79545, 37.279536], [-6.795454, 37.279626], [-6.795792, 37.279615], [-6.795787, 37.279525]]], [[[-6.795603, 37.280342], [-6.795491, 37.280345], [-6.795481, 37.280166], [-6.795594, 37.280162], [-6.795603, 37.280342]]], [[[-6.79658, 37.27959], [-6.796584, 37.27968], [-6.796472, 37.279683], [-6.796467, 37.279593], [-6.79658, 37.27959]]]]}, "properties": {"id": "donana-2026-163500-4132660", "ha": 1.48, "plastic_dates": 2.1, "valid_dates": 9.9, "admin_zone": "Zona C", "plan_zone": "Zona C - No regable", "distance_to_irrigable_m": 18, "sigpac_ref": "21:50:0:0:9:209:23", "sigpac_use": "IV", "sigpac_irrigation_coef": 0, "sigpac_url": "https://sigpac-hubcloud.es/servicioconsultassigpac/query/recinfo/21/50/0/0/9/209/23.json", "declared_greenhouse_share": 1.0, "declared_irrigated_share": 0.0, "lon": -6.795123, "lat": 37.279772}}, {"type": "Feature", "geometry": {"type": "Polygon", "coordinates": [[[-6.745793, 37.239859], [-6.746018, 37.239852], [-6.746014, 37.239762], [-6.745901, 37.239766], [-6.745892, 37.239586], [-6.746342, 37.239572], [-6.746338, 37.239482], [-6.746563, 37.239475], [-6.746559, 37.239385], [-6.746671, 37.239381], [-6.74668, 37.239561], [-6.746905, 37.239554], [-6.746896, 37.239374], [-6.747009, 37.23937], [-6.747013, 37.23946], [-6.747351, 37.23945], [-6.747355, 37.23954], [-6.747692, 37.239529], [-6.747697, 37.239619], [-6.747922, 37.239612], [-6.747926, 37.239702], [-6.748151, 37.239695], [-6.748156, 37.239785], [-6.747931, 37.239792], [-6.747935, 37.239882], [-6.748048, 37.239878], [-6.748057, 37.240058], [-6.747719, 37.240069], [-6.747715, 37.239979], [-6.747602, 37.239982], [-6.747611, 37.240162], [-6.747386, 37.240169], [-6.747368, 37.239809], [-6.747481, 37.239806], [-6.747476, 37.239716], [-6.747251, 37.239723], [-6.74726, 37.239903], [-6.747148, 37.239907], [-6.747152, 37.239997], [-6.747265, 37.239993], [-6.747274, 37.240173], [-6.746824, 37.240187], [-6.746833, 37.240367], [-6.74672, 37.240371], [-6.746725, 37.240461], [-6.746275, 37.240475], [-6.74627, 37.240385], [-6.745933, 37.240396], [-6.745919, 37.240126], [-6.745807, 37.240129], [-6.745816, 37.240309], [-6.745366, 37.240323], [-6.745357, 37.240143], [-6.745586, 37.240226], [-6.745577, 37.240046], [-6.745798, 37.239949], [-6.745793, 37.239859]], [[-6.745802, 37.240039], [-6.745915, 37.240036], [-6.74591, 37.239946], [-6.745798, 37.239949], [-6.745802, 37.240039]], [[-6.746693, 37.239831], [-6.746806, 37.239827], [-6.746797, 37.239647], [-6.746576, 37.239744], [-6.746594, 37.240104], [-6.746482, 37.240108], [-6.746491, 37.240288], [-6.746716, 37.240281], [-6.746693, 37.239831]], [[-6.746252, 37.240025], [-6.74614, 37.240029], [-6.746149, 37.240208], [-6.746261, 37.240205], [-6.746252, 37.240025]], [[-6.746239, 37.239755], [-6.746126, 37.239759], [-6.746131, 37.239849], [-6.746243, 37.239845], [-6.746239, 37.239755]]]}, "properties": {"id": "donana-2026-167530-4128070", "ha": 1.44, "plastic_dates": 3.2, "valid_dates": 9.2, "admin_zone": "Zona C", "plan_zone": "Zona C - No regable", "distance_to_irrigable_m": 13, "sigpac_ref": "21:46:0:0:16:5:10", "sigpac_use": "IV", "sigpac_irrigation_coef": 0, "sigpac_url": "https://sigpac-hubcloud.es/servicioconsultassigpac/query/recinfo/21/46/0/0/16/5/10.json", "declared_greenhouse_share": 1.0, "declared_irrigated_share": 0.0, "lon": -6.747713, "lat": 37.239934}}, {"type": "Feature", "geometry": {"type": "Polygon", "coordinates": [[[-6.75506, 37.238124], [-6.755064, 37.238214], [-6.754952, 37.238218], [-6.754943, 37.238038], [-6.754493, 37.238052], [-6.754587, 37.237689], [-6.754475, 37.237692], [-6.75447, 37.237602], [-6.755258, 37.237577], [-6.755253, 37.237487], [-6.756378, 37.237452], [-6.756383, 37.237542], [-6.756608, 37.237534], [-6.756603, 37.237444], [-6.756941, 37.237434], [-6.756945, 37.237524], [-6.757058, 37.23752], [-6.757071, 37.23779], [-6.756959, 37.237794], [-6.756968, 37.237973], [-6.756855, 37.237977], [-6.75686, 37.238067], [-6.75551, 37.23811], [-6.755505, 37.23802], [-6.755393, 37.238023], [-6.755289, 37.238207], [-6.75506, 37.238124]]]}, "properties": {"id": "donana-2026-166810-4127880", "ha": 1.42, "plastic_dates": 3.0, "valid_dates": 9.8, "admin_zone": "Zona A", "plan_zone": "Zona A - Suelo Forestal", "distance_to_irrigable_m": 77, "sigpac_ref": "21:50:0:0:31:40:5", "sigpac_use": "IV", "sigpac_irrigation_coef": 100, "sigpac_url": "https://sigpac-hubcloud.es/servicioconsultassigpac/query/recinfo/21/50/0/0/31/40/5.json", "declared_greenhouse_share": 0.98, "declared_irrigated_share": 0.92, "lon": -6.755726, "lat": 37.237923}}, {"type": "Feature", "geometry": {"type": "MultiPolygon", "coordinates": [[[[-6.617661, 37.241957], [-6.617549, 37.24196], [-6.617553, 37.24205], [-6.617441, 37.242054], [-6.617445, 37.242143], [-6.616999, 37.242247], [-6.616895, 37.242431], [-6.616783, 37.242434], [-6.616774, 37.242254], [-6.616662, 37.242258], [-6.616653, 37.242078], [-6.616424, 37.241995], [-6.616415, 37.241815], [-6.616302, 37.241818], [-6.616294, 37.241638], [-6.616181, 37.241642], [-6.616173, 37.241462], [-6.61606, 37.241465], [-6.616056, 37.241375], [-6.616277, 37.241278], [-6.616281, 37.241368], [-6.616393, 37.241365], [-6.616406, 37.241635], [-6.616631, 37.241628], [-6.61651, 37.241451], [-6.616623, 37.241448], [-6.616627, 37.241538], [-6.616852, 37.241531], [-6.616861, 37.241711], [-6.616973, 37.241707], [-6.616965, 37.241528], [-6.617423, 37.241694], [-6.617432, 37.241874], [-6.617657, 37.241867], [-6.617661, 37.241957]], [[-6.616978, 37.241797], [-6.61709, 37.241794], [-6.617086, 37.241704], [-6.616973, 37.241707], [-6.616978, 37.241797]], [[-6.617324, 37.241967], [-6.617211, 37.24197], [-6.617216, 37.24206], [-6.617328, 37.242057], [-6.617324, 37.241967]]], [[[-6.617878, 37.24177], [-6.617765, 37.241773], [-6.61777, 37.241863], [-6.617657, 37.241867], [-6.617761, 37.241683], [-6.617873, 37.24168], [-6.617878, 37.24177]]], [[[-6.617752, 37.241503], [-6.61764, 37.241507], [-6.617636, 37.241417], [-6.617865, 37.2415], [-6.617861, 37.24141], [-6.618086, 37.241403], [-6.618094, 37.241583], [-6.617873, 37.24168], [-6.617752, 37.241503]]], [[[-6.616722, 37.241175], [-6.616947, 37.241168], [-6.616956, 37.241348], [-6.617069, 37.241344], [-6.617073, 37.241434], [-6.61696, 37.241438], [-6.616965, 37.241528], [-6.616852, 37.241531], [-6.616848, 37.241441], [-6.616619, 37.241358], [-6.616614, 37.241268], [-6.616277, 37.241278], [-6.616272, 37.241188], [-6.616497, 37.241181], [-6.616601, 37.240998], [-6.616714, 37.240995], [-6.616722, 37.241175]]], [[[-6.617402, 37.241244], [-6.617398, 37.241154], [-6.61751, 37.24115], [-6.617501, 37.240971], [-6.617389, 37.240974], [-6.617385, 37.240884], [-6.616714, 37.240995], [-6.61671, 37.240905], [-6.616935, 37.240898], [-6.617038, 37.240714], [-6.617601, 37.240697], [-6.617597, 37.240607], [-6.617709, 37.240604], [-6.61783, 37.24078], [-6.617943, 37.240777], [-6.617952, 37.240957], [-6.618064, 37.240953], [-6.618068, 37.241043], [-6.617843, 37.24105], [-6.617848, 37.24114], [-6.617735, 37.241144], [-6.617739, 37.241234], [-6.617402, 37.241244]], [[-6.617839, 37.24096], [-6.617727, 37.240964], [-6.617731, 37.241054], [-6.617843, 37.24105], [-6.617839, 37.24096]]], [[[-6.617964, 37.241227], [-6.617969, 37.241317], [-6.617744, 37.241323], [-6.617739, 37.241234], [-6.617964, 37.241227]]]]}, "properties": {"id": "donana-2026-179050-4127800", "ha": 1.34, "plastic_dates": 2.8, "valid_dates": 9.6, "admin_zone": "Zona C", "plan_zone": "Zona C - No regable", "distance_to_irrigable_m": 19, "sigpac_ref": "21:5:0:0:40:28:47", "sigpac_use": "IV", "sigpac_irrigation_coef": 30, "sigpac_url": "https://sigpac-hubcloud.es/servicioconsultassigpac/query/recinfo/21/5/0/0/40/28/47.json", "declared_greenhouse_share": 0.98, "declared_irrigated_share": 1.0, "lon": -6.617923, "lat": 37.241543}}, {"type": "Feature", "geometry": {"type": "Polygon", "coordinates": [[[-6.713452, 37.274213], [-6.713443, 37.274033], [-6.713556, 37.274029], [-6.713551, 37.273939], [-6.713326, 37.273946], [-6.713335, 37.274126], [-6.71311, 37.274133], [-6.713214, 37.27395], [-6.712876, 37.27396], [-6.712885, 37.27414], [-6.71221, 37.274161], [-6.712205, 37.274072], [-6.712543, 37.274061], [-6.712538, 37.273971], [-6.712426, 37.273974], [-6.712417, 37.273795], [-6.712755, 37.273784], [-6.71275, 37.273694], [-6.712187, 37.273712], [-6.712183, 37.273622], [-6.711733, 37.273636], [-6.711728, 37.273546], [-6.712741, 37.273514], [-6.712737, 37.273424], [-6.712962, 37.273417], [-6.712966, 37.273507], [-6.713304, 37.273496], [-6.713399, 37.273133], [-6.713624, 37.273126], [-6.713633, 37.273306], [-6.713858, 37.273299], [-6.713867, 37.273479], [-6.713642, 37.273486], [-6.713646, 37.273576], [-6.713871, 37.273569], [-6.713876, 37.273659], [-6.714326, 37.273645], [-6.714322, 37.273555], [-6.714434, 37.273551], [-6.714439, 37.273641], [-6.715001, 37.273623], [-6.714984, 37.273264], [-6.714871, 37.273267], [-6.714867, 37.273177], [-6.715092, 37.27317], [-6.715096, 37.27326], [-6.715434, 37.273249], [-6.715438, 37.273339], [-6.715101, 37.27335], [-6.715118, 37.27371], [-6.715343, 37.273703], [-6.715465, 37.273879], [-6.715577, 37.273875], [-6.715586, 37.274055], [-6.715474, 37.274059], [-6.715469, 37.273969], [-6.715244, 37.273976], [-6.71524, 37.273886], [-6.715015, 37.273893], [-6.71501, 37.273803], [-6.714447, 37.273821], [-6.714443, 37.273731], [-6.713543, 37.273759], [-6.713547, 37.273849], [-6.713772, 37.273842], [-6.713781, 37.274022], [-6.713668, 37.274026], [-6.713673, 37.274115], [-6.713785, 37.274112], [-6.71379, 37.274202], [-6.713452, 37.274213]], [[-6.713088, 37.273683], [-6.712863, 37.27369], [-6.712872, 37.27387], [-6.713209, 37.27386], [-6.713088, 37.273683]]]}, "properties": {"id": "donana-2026-170660-4131700", "ha": 1.31, "plastic_dates": 3.6, "valid_dates": 9.9, "admin_zone": "Zona C", "plan_zone": "Zona C - No regable", "distance_to_irrigable_m": 19, "sigpac_ref": "21:46:0:0:9:35:2", "sigpac_use": "IV", "sigpac_irrigation_coef": 100, "sigpac_url": "https://sigpac-hubcloud.es/servicioconsultassigpac/query/recinfo/21/46/0/0/9/35/2.json", "declared_greenhouse_share": 1.0, "declared_irrigated_share": 1.0, "lon": -6.714103, "lat": 37.273697}}, {"type": "Feature", "geometry": {"type": "Polygon", "coordinates": [[[-6.766196, 37.240022], [-6.766075, 37.239846], [-6.76585, 37.239853], [-6.765954, 37.23967], [-6.765504, 37.239684], [-6.765382, 37.239508], [-6.764928, 37.239432], [-6.764806, 37.239256], [-6.764581, 37.239263], [-6.764577, 37.239173], [-6.764464, 37.239176], [-6.764451, 37.238907], [-6.764226, 37.238914], [-6.76423, 37.239004], [-6.764118, 37.239007], [-6.764221, 37.238824], [-6.764334, 37.23882], [-6.76432, 37.23855], [-6.764433, 37.238547], [-6.764428, 37.238457], [-6.764653, 37.23845], [-6.764775, 37.238626], [-6.764887, 37.238622], [-6.764892, 37.238712], [-6.765117, 37.238705], [-6.765238, 37.238881], [-6.765351, 37.238878], [-6.765355, 37.238968], [-6.765468, 37.238964], [-6.765472, 37.239054], [-6.765585, 37.239051], [-6.765589, 37.239141], [-6.765702, 37.239137], [-6.765706, 37.239227], [-6.766161, 37.239303], [-6.766282, 37.239479], [-6.766395, 37.239475], [-6.766399, 37.239565], [-6.766512, 37.239562], [-6.76652, 37.239742], [-6.766408, 37.239745], [-6.766412, 37.239835], [-6.766525, 37.239831], [-6.766534, 37.240011], [-6.766196, 37.240022]], [[-6.76594, 37.2394], [-6.765828, 37.239403], [-6.765832, 37.239493], [-6.765945, 37.23949], [-6.76594, 37.2394]]]}, "properties": {"id": "donana-2026-165960-4128060", "ha": 1.3, "plastic_dates": 2.2, "valid_dates": 8.3, "admin_zone": "Zona C", "plan_zone": "Zona C - No regable", "distance_to_irrigable_m": 16, "sigpac_ref": "21:50:0:0:32:65:3", "sigpac_use": "IV", "sigpac_irrigation_coef": 100, "sigpac_url": "https://sigpac-hubcloud.es/servicioconsultassigpac/query/recinfo/21/50/0/0/32/65/3.json", "declared_greenhouse_share": 0.98, "declared_irrigated_share": 0.98, "lon": -6.765371, "lat": 37.239283}}, {"type": "Feature", "geometry": {"type": "Polygon", "coordinates": [[[-6.777797, 37.239922], [-6.777793, 37.239832], [-6.77768, 37.239836], [-6.777676, 37.239746], [-6.777563, 37.23975], [-6.777559, 37.23966], [-6.777338, 37.239757], [-6.777334, 37.239667], [-6.777446, 37.239663], [-6.777437, 37.239483], [-6.77755, 37.23948], [-6.777523, 37.23894], [-6.777973, 37.238926], [-6.777977, 37.239016], [-6.778202, 37.239009], [-6.778207, 37.239098], [-6.778319, 37.239095], [-6.778324, 37.239185], [-6.778661, 37.239174], [-6.778666, 37.239264], [-6.779003, 37.239253], [-6.779008, 37.239343], [-6.77912, 37.23934], [-6.779026, 37.239703], [-6.778913, 37.239706], [-6.778922, 37.239886], [-6.778702, 37.239984], [-6.778706, 37.240073], [-6.778594, 37.240077], [-6.778603, 37.240257], [-6.778378, 37.240264], [-6.778369, 37.240084], [-6.778144, 37.240091], [-6.778139, 37.240001], [-6.777914, 37.240009], [-6.77791, 37.239919], [-6.777797, 37.239922]], [[-6.778022, 37.239915], [-6.778018, 37.239825], [-6.777905, 37.239829], [-6.77791, 37.239919], [-6.778022, 37.239915]], [[-6.778805, 37.2398], [-6.778693, 37.239804], [-6.778697, 37.239894], [-6.77881, 37.23989], [-6.778805, 37.2398]], [[-6.778355, 37.239814], [-6.77858, 37.239807], [-6.778576, 37.239717], [-6.778351, 37.239724], [-6.778355, 37.239814]], [[-6.778346, 37.239635], [-6.778009, 37.239645], [-6.778013, 37.239735], [-6.778351, 37.239724], [-6.778346, 37.239635]], [[-6.778004, 37.239555], [-6.777892, 37.239559], [-6.777896, 37.239649], [-6.778009, 37.239645], [-6.778004, 37.239555]], [[-6.778225, 37.239458], [-6.778112, 37.239462], [-6.778117, 37.239552], [-6.778229, 37.239548], [-6.778225, 37.239458]], [[-6.777775, 37.239473], [-6.777662, 37.239476], [-6.777667, 37.239566], [-6.777779, 37.239563], [-6.777775, 37.239473]], [[-6.778328, 37.239275], [-6.778216, 37.239278], [-6.77822, 37.239368], [-6.778333, 37.239365], [-6.778328, 37.239275]]]}, "properties": {"id": "donana-2026-164790-4128140", "ha": 1.24, "plastic_dates": 3.3, "valid_dates": 10.7, "admin_zone": "Zona A", "plan_zone": "Zona A - Suelo Forestal", "distance_to_irrigable_m": 16, "sigpac_ref": "21:50:0:0:32:13:17", "sigpac_use": "IV", "sigpac_irrigation_coef": 100, "sigpac_url": "https://sigpac-hubcloud.es/servicioconsultassigpac/query/recinfo/21/50/0/0/32/13/17.json", "declared_greenhouse_share": 1.0, "declared_irrigated_share": 1.0, "lon": -6.778513, "lat": 37.239584}}, {"type": "Feature", "geometry": {"type": "MultiPolygon", "coordinates": [[[[-6.708, 37.241231], [-6.708013, 37.241501], [-6.707788, 37.241508], [-6.707793, 37.241598], [-6.707567, 37.241605], [-6.707559, 37.241425], [-6.707334, 37.241432], [-6.70732, 37.241162], [-6.707545, 37.241155], [-6.707532, 37.240885], [-6.707987, 37.240961], [-6.707982, 37.240871], [-6.70787, 37.240874], [-6.707852, 37.240515], [-6.70819, 37.240504], [-6.708185, 37.240414], [-6.708298, 37.240411], [-6.708284, 37.240141], [-6.708509, 37.240134], [-6.708505, 37.240044], [-6.709293, 37.240019], [-6.709414, 37.240195], [-6.709189, 37.240202], [-6.709198, 37.240382], [-6.708973, 37.240389], [-6.708982, 37.240569], [-6.709094, 37.240566], [-6.709098, 37.240656], [-6.708761, 37.240666], [-6.708765, 37.240756], [-6.70854, 37.240763], [-6.708549, 37.240943], [-6.708324, 37.24095], [-6.70832, 37.24086], [-6.708207, 37.240864], [-6.708216, 37.241044], [-6.708441, 37.241037], [-6.70845, 37.241217], [-6.708, 37.241231]], [[-6.707667, 37.241331], [-6.707779, 37.241328], [-6.70777, 37.241148], [-6.707545, 37.241155], [-6.707667, 37.241331]], [[-6.709072, 37.240116], [-6.708734, 37.240127], [-6.708739, 37.240217], [-6.709076, 37.240206], [-6.709072, 37.240116]]], [[[-6.7089, 37.241202], [-6.709021, 37.241379], [-6.708792, 37.241296], [-6.708796, 37.241386], [-6.708684, 37.241389], [-6.708679, 37.241299], [-6.708454, 37.241307], [-6.70845, 37.241217], [-6.7089, 37.241202]]]]}, "properties": {"id": "donana-2026-171040-4128030", "ha": 1.23, "plastic_dates": 2.8, "valid_dates": 10.8, "admin_zone": "Zona A", "plan_zone": "Zona A - Suelo Forestal", "distance_to_irrigable_m": 111, "sigpac_ref": "21:46:0:0:9:107:19", "sigpac_use": "IV", "sigpac_irrigation_coef": 100, "sigpac_url": "https://sigpac-hubcloud.es/servicioconsultassigpac/query/recinfo/21/46/0/0/9/107/19.json", "declared_greenhouse_share": 1.0, "declared_irrigated_share": 1.0, "lon": -6.708205, "lat": 37.240819}}, {"type": "Feature", "geometry": {"type": "Polygon", "coordinates": [[[-6.719225, 37.260968], [-6.71932, 37.260605], [-6.719095, 37.260612], [-6.7191, 37.260702], [-6.718987, 37.260705], [-6.718952, 37.259986], [-6.718839, 37.259989], [-6.718883, 37.260889], [-6.718771, 37.260892], [-6.718775, 37.260982], [-6.71855, 37.260989], [-6.718636, 37.260446], [-6.718411, 37.260453], [-6.718416, 37.260543], [-6.718078, 37.260554], [-6.71806, 37.260194], [-6.718623, 37.260176], [-6.718614, 37.259996], [-6.718727, 37.259993], [-6.718709, 37.259633], [-6.71893, 37.259536], [-6.718947, 37.259896], [-6.719177, 37.259979], [-6.71919, 37.260248], [-6.719303, 37.260245], [-6.719298, 37.260155], [-6.719523, 37.260148], [-6.719532, 37.260328], [-6.720095, 37.26031], [-6.720099, 37.2604], [-6.720324, 37.260393], [-6.720329, 37.260483], [-6.720441, 37.260479], [-6.720338, 37.260663], [-6.720112, 37.26067], [-6.720117, 37.26076], [-6.720004, 37.260763], [-6.720013, 37.260943], [-6.719225, 37.260968]], [[-6.719662, 37.260684], [-6.719775, 37.260681], [-6.719762, 37.260411], [-6.719649, 37.260414], [-6.719658, 37.260594], [-6.719545, 37.260598], [-6.719554, 37.260778], [-6.719667, 37.260774], [-6.719662, 37.260684]], [[-6.719307, 37.260335], [-6.719082, 37.260342], [-6.719091, 37.260522], [-6.719428, 37.260511], [-6.719307, 37.260335]], [[-6.718627, 37.260266], [-6.718515, 37.26027], [-6.718519, 37.26036], [-6.718632, 37.260356], [-6.718627, 37.260266]]]}, "properties": {"id": "donana-2026-170140-4130230", "ha": 1.2, "plastic_dates": 3.5, "valid_dates": 10.0, "admin_zone": "Zona A", "plan_zone": "Zona A - Suelo Forestal", "distance_to_irrigable_m": 16, "sigpac_ref": "21:46:0:0:10:1:12", "sigpac_use": "IV", "sigpac_irrigation_coef": 100, "sigpac_url": "https://sigpac-hubcloud.es/servicioconsultassigpac/query/recinfo/21/46/0/0/10/1/12.json", "declared_greenhouse_share": 1.0, "declared_irrigated_share": 1.0, "lon": -6.719248, "lat": 37.260292}}, {"type": "Feature", "geometry": {"type": "Polygon", "coordinates": [[[-6.784827, 37.261048], [-6.784823, 37.260958], [-6.785044, 37.260861], [-6.785039, 37.260771], [-6.785264, 37.260764], [-6.785246, 37.260404], [-6.785476, 37.260487], [-6.785462, 37.260217], [-6.785917, 37.260293], [-6.785899, 37.259933], [-6.786011, 37.259929], [-6.78602, 37.260109], [-6.786358, 37.260098], [-6.786349, 37.259919], [-6.786574, 37.259911], [-6.786565, 37.259731], [-6.786902, 37.259721], [-6.786893, 37.259541], [-6.787123, 37.259623], [-6.787132, 37.259803], [-6.787245, 37.2598], [-6.787249, 37.25989], [-6.787028, 37.259987], [-6.787033, 37.260077], [-6.78692, 37.26008], [-6.786925, 37.26017], [-6.786812, 37.260174], [-6.786817, 37.260264], [-6.786704, 37.260267], [-6.786713, 37.260447], [-6.786493, 37.260545], [-6.786497, 37.260634], [-6.785827, 37.260746], [-6.785831, 37.260836], [-6.785606, 37.260843], [-6.785611, 37.260933], [-6.785273, 37.260944], [-6.785278, 37.261034], [-6.784827, 37.261048]]]}, "properties": {"id": "donana-2026-164210-4130470", "ha": 1.19, "plastic_dates": 3.1, "valid_dates": 10.0, "admin_zone": "Zona C", "plan_zone": "Zona C - No regable", "distance_to_irrigable_m": 17, "sigpac_ref": "21:50:0:0:29:68:1", "sigpac_use": "IV", "sigpac_irrigation_coef": 100, "sigpac_url": "https://sigpac-hubcloud.es/servicioconsultassigpac/query/recinfo/21/50/0/0/29/68/1.json", "declared_greenhouse_share": 1.0, "declared_irrigated_share": 0.95, "lon": -6.786088, "lat": 37.260332}}, {"type": "Feature", "geometry": {"type": "Polygon", "coordinates": [[[-6.754266, 37.22896], [-6.754262, 37.22887], [-6.754374, 37.228867], [-6.754271, 37.22905], [-6.754383, 37.229047], [-6.754401, 37.229406], [-6.754181, 37.229503], [-6.754185, 37.229593], [-6.754073, 37.229597], [-6.754077, 37.229687], [-6.753965, 37.229691], [-6.753969, 37.22978], [-6.753632, 37.229791], [-6.753618, 37.229521], [-6.753506, 37.229525], [-6.753497, 37.229345], [-6.753384, 37.229349], [-6.753375, 37.229169], [-6.753263, 37.229172], [-6.753254, 37.228992], [-6.753142, 37.228996], [-6.753245, 37.228812], [-6.75302, 37.22882], [-6.753011, 37.22864], [-6.753236, 37.228633], [-6.753227, 37.228453], [-6.753115, 37.228456], [-6.75311, 37.228366], [-6.753223, 37.228363], [-6.753218, 37.228273], [-6.753106, 37.228276], [-6.753101, 37.228186], [-6.753326, 37.228179], [-6.753331, 37.228269], [-6.753781, 37.228255], [-6.753799, 37.228615], [-6.754028, 37.228698], [-6.754033, 37.228787], [-6.754145, 37.228784], [-6.754149, 37.228874], [-6.753925, 37.228881], [-6.753929, 37.228971], [-6.754266, 37.22896]], [[-6.753609, 37.229341], [-6.753605, 37.229251], [-6.753492, 37.229255], [-6.753497, 37.229345], [-6.753609, 37.229341]], [[-6.753816, 37.228975], [-6.753821, 37.229064], [-6.753933, 37.229061], [-6.753929, 37.228971], [-6.753816, 37.228975]], [[-6.753592, 37.228982], [-6.753479, 37.228985], [-6.753483, 37.229075], [-6.753596, 37.229072], [-6.753592, 37.228982]]]}, "properties": {"id": "donana-2026-166910-4126880", "ha": 1.17, "plastic_dates": 3.4, "valid_dates": 9.2, "admin_zone": "Zona C", "plan_zone": "Zona C - No regable", "distance_to_irrigable_m": 5, "sigpac_ref": "21:46:0:0:13:2:10", "sigpac_use": "IV", "sigpac_irrigation_coef": 100, "sigpac_url": "https://sigpac-hubcloud.es/servicioconsultassigpac/query/recinfo/21/46/0/0/13/2/10.json", "declared_greenhouse_share": 1.0, "declared_irrigated_share": 1.0, "lon": -6.7541, "lat": 37.229011}}, {"type": "Feature", "geometry": {"type": "Polygon", "coordinates": [[[-6.721145, 37.258746], [-6.72137, 37.258738], [-6.721374, 37.258828], [-6.721487, 37.258825], [-6.721478, 37.258645], [-6.721253, 37.258652], [-6.721248, 37.258562], [-6.721811, 37.258544], [-6.721933, 37.258721], [-6.72227, 37.25871], [-6.722275, 37.2588], [-6.7225, 37.258793], [-6.722508, 37.258973], [-6.722959, 37.258959], [-6.722967, 37.259139], [-6.722747, 37.259236], [-6.722751, 37.259326], [-6.722639, 37.259329], [-6.722643, 37.259419], [-6.722189, 37.259343], [-6.722175, 37.259073], [-6.72195, 37.259081], [-6.721959, 37.25926], [-6.721847, 37.259264], [-6.721851, 37.259354], [-6.721513, 37.259365], [-6.721509, 37.259275], [-6.721284, 37.259282], [-6.721279, 37.259192], [-6.720829, 37.259206], [-6.720812, 37.258846], [-6.720699, 37.25885], [-6.720695, 37.25876], [-6.720582, 37.258763], [-6.720591, 37.258943], [-6.720478, 37.258947], [-6.720573, 37.258583], [-6.720461, 37.258587], [-6.720456, 37.258497], [-6.720677, 37.2584], [-6.720672, 37.25831], [-6.720898, 37.258303], [-6.720906, 37.258483], [-6.721019, 37.258479], [-6.721023, 37.258569], [-6.720911, 37.258573], [-6.72092, 37.258753], [-6.721032, 37.258749], [-6.721037, 37.258839], [-6.721149, 37.258835], [-6.721145, 37.258746]], [[-6.722288, 37.25907], [-6.722283, 37.25898], [-6.722171, 37.258984], [-6.722175, 37.259073], [-6.722288, 37.25907]], [[-6.722396, 37.258976], [-6.722392, 37.258886], [-6.722279, 37.25889], [-6.722283, 37.25898], [-6.722396, 37.258976]], [[-6.721842, 37.259174], [-6.72173, 37.259178], [-6.721734, 37.259268], [-6.721847, 37.259264], [-6.721842, 37.259174]], [[-6.721154, 37.258925], [-6.721266, 37.258922], [-6.721262, 37.258832], [-6.721149, 37.258835], [-6.721154, 37.258925]], [[-6.721833, 37.258994], [-6.721721, 37.258998], [-6.721725, 37.259088], [-6.721838, 37.259084], [-6.721833, 37.258994]], [[-6.721158, 37.259015], [-6.721163, 37.259105], [-6.721388, 37.259098], [-6.721383, 37.259008], [-6.721158, 37.259015]], [[-6.721608, 37.259001], [-6.721604, 37.258911], [-6.721379, 37.258918], [-6.721383, 37.259008], [-6.721608, 37.259001]], [[-6.720794, 37.258486], [-6.720681, 37.25849], [-6.72069, 37.25867], [-6.720803, 37.258666], [-6.720794, 37.258486]]]}, "properties": {"id": "donana-2026-169900-4130080", "ha": 1.16, "plastic_dates": 3.6, "valid_dates": 10.3, "admin_zone": "Zona C", "plan_zone": "Zona C - No regable", "distance_to_irrigable_m": 31, "sigpac_ref": "21:46:0:0:10:65:26", "sigpac_use": "IV", "sigpac_irrigation_coef": 100, "sigpac_url": "https://sigpac-hubcloud.es/servicioconsultassigpac/query/recinfo/21/46/0/0/10/65/26.json", "declared_greenhouse_share": 1.0, "declared_irrigated_share": 0.75, "lon": -6.721883, "lat": 37.258857}}, {"type": "Feature", "geometry": {"type": "MultiPolygon", "coordinates": [[[[-6.739441, 37.236727], [-6.739328, 37.236731], [-6.739324, 37.236641], [-6.739437, 37.236637], [-6.739441, 37.236727]]], [[[-6.738748, 37.236389], [-6.738744, 37.236299], [-6.738294, 37.236313], [-6.738289, 37.236223], [-6.738627, 37.236212], [-6.73873, 37.236029], [-6.738843, 37.236025], [-6.738834, 37.235845], [-6.738946, 37.235842], [-6.738942, 37.235752], [-6.739167, 37.235745], [-6.739271, 37.235561], [-6.739383, 37.235558], [-6.739379, 37.235468], [-6.739491, 37.235464], [-6.739487, 37.235374], [-6.739599, 37.235371], [-6.739595, 37.235281], [-6.739707, 37.235277], [-6.739712, 37.235367], [-6.739824, 37.235364], [-6.739838, 37.235634], [-6.73995, 37.23563], [-6.739977, 37.23617], [-6.740089, 37.236166], [-6.740107, 37.236526], [-6.739995, 37.236529], [-6.739999, 37.236619], [-6.739437, 37.236637], [-6.739432, 37.236547], [-6.73932, 37.236551], [-6.739315, 37.236461], [-6.739203, 37.236464], [-6.739198, 37.236374], [-6.739086, 37.236378], [-6.739081, 37.236288], [-6.738969, 37.236292], [-6.738973, 37.236382], [-6.738748, 37.236389]], [[-6.739545, 37.236544], [-6.739536, 37.236364], [-6.739423, 37.236367], [-6.739432, 37.236547], [-6.739545, 37.236544]], [[-6.739311, 37.236371], [-6.739306, 37.236281], [-6.739194, 37.236285], [-6.739198, 37.236374], [-6.739311, 37.236371]], [[-6.738964, 37.236202], [-6.738852, 37.236205], [-6.738856, 37.236295], [-6.738969, 37.236292], [-6.738964, 37.236202]], [[-6.739077, 37.236198], [-6.739072, 37.236108], [-6.73896, 37.236112], [-6.738964, 37.236202], [-6.739077, 37.236198]], [[-6.738847, 37.236115], [-6.738735, 37.236119], [-6.738739, 37.236209], [-6.738852, 37.236205], [-6.738847, 37.236115]], [[-6.739864, 37.236173], [-6.739752, 37.236177], [-6.739756, 37.236267], [-6.739869, 37.236263], [-6.739864, 37.236173]], [[-6.73963, 37.236], [-6.739518, 37.236004], [-6.739522, 37.236094], [-6.739635, 37.23609], [-6.73963, 37.236]], [[-6.739396, 37.235828], [-6.739284, 37.235831], [-6.739288, 37.235921], [-6.739401, 37.235918], [-6.739396, 37.235828]]], [[[-6.738978, 37.236472], [-6.738973, 37.236382], [-6.739086, 37.236378], [-6.73909, 37.236468], [-6.738978, 37.236472]]], [[[-6.739095, 37.236558], [-6.73909, 37.236468], [-6.739203, 37.236464], [-6.739207, 37.236554], [-6.739095, 37.236558]]], [[[-6.739212, 37.236644], [-6.739207, 37.236554], [-6.73932, 37.236551], [-6.739324, 37.236641], [-6.739212, 37.236644]]]]}, "properties": {"id": "donana-2026-168270-4127610", "ha": 1.14, "plastic_dates": 3.3, "valid_dates": 8.8, "admin_zone": "Zona C", "plan_zone": "Zona C - No regable", "distance_to_irrigable_m": 18, "sigpac_ref": "21:46:0:0:16:6:42", "sigpac_use": "IV", "sigpac_irrigation_coef": 100, "sigpac_url": "https://sigpac-hubcloud.es/servicioconsultassigpac/query/recinfo/21/46/0/0/16/6/42.json", "declared_greenhouse_share": 1.0, "declared_irrigated_share": 1.0, "lon": -6.739126, "lat": 37.236061}}, {"type": "Feature", "geometry": {"type": "Polygon", "coordinates": [[[-6.738399, 37.233877], [-6.738394, 37.233787], [-6.738169, 37.233794], [-6.738165, 37.233704], [-6.738052, 37.233708], [-6.738043, 37.233528], [-6.737818, 37.233535], [-6.737814, 37.233445], [-6.737701, 37.233449], [-6.737805, 37.233265], [-6.737918, 37.233262], [-6.737904, 37.232992], [-6.738242, 37.232981], [-6.738246, 37.233071], [-6.738359, 37.233068], [-6.73835, 37.232888], [-6.738012, 37.232898], [-6.738008, 37.232809], [-6.737895, 37.232812], [-6.737999, 37.232629], [-6.738111, 37.232625], [-6.738098, 37.232355], [-6.738327, 37.232438], [-6.738332, 37.232528], [-6.738444, 37.232524], [-6.738449, 37.232614], [-6.738674, 37.232607], [-6.738795, 37.232784], [-6.738908, 37.23278], [-6.738917, 37.23296], [-6.739029, 37.232956], [-6.739051, 37.233406], [-6.738939, 37.23341], [-6.738948, 37.23359], [-6.738835, 37.233593], [-6.738844, 37.233773], [-6.738732, 37.233777], [-6.738736, 37.233867], [-6.738399, 37.233877]], [[-6.738601, 37.23342], [-6.738376, 37.233428], [-6.738385, 37.233607], [-6.738498, 37.233604], [-6.738601, 37.23342]], [[-6.738588, 37.233151], [-6.738476, 37.233154], [-6.73848, 37.233244], [-6.738592, 37.233241], [-6.738588, 37.233151]], [[-6.738683, 37.232787], [-6.73857, 37.232791], [-6.738579, 37.232971], [-6.738692, 37.232967], [-6.738683, 37.232787]]]}, "properties": {"id": "donana-2026-168320-4127280", "ha": 1.13, "plastic_dates": 2.4, "valid_dates": 10.3, "admin_zone": "Zona A", "plan_zone": "Zona A - Suelo Forestal", "distance_to_irrigable_m": 17, "sigpac_ref": "21:46:0:0:16:12:41", "sigpac_use": "IV", "sigpac_irrigation_coef": 100, "sigpac_url": "https://sigpac-hubcloud.es/servicioconsultassigpac/query/recinfo/21/46/0/0/16/12/41.json", "declared_greenhouse_share": 1.0, "declared_irrigated_share": 1.0, "lon": -6.738473, "lat": 37.233109}}, {"type": "Feature", "geometry": {"type": "Polygon", "coordinates": [[[-6.748861, 37.233546], [-6.748838, 37.233096], [-6.748951, 37.233093], [-6.748946, 37.233003], [-6.749171, 37.232996], [-6.749167, 37.232906], [-6.749392, 37.232899], [-6.749495, 37.232715], [-6.749608, 37.232712], [-6.749603, 37.232622], [-6.750166, 37.232604], [-6.750144, 37.232154], [-6.750481, 37.232143], [-6.750486, 37.232233], [-6.750373, 37.232237], [-6.750391, 37.232597], [-6.750728, 37.232586], [-6.750733, 37.232676], [-6.750845, 37.232672], [-6.750841, 37.232582], [-6.751066, 37.232575], [-6.75107, 37.232665], [-6.750958, 37.232669], [-6.750967, 37.232849], [-6.751187, 37.232752], [-6.751201, 37.233021], [-6.750976, 37.233029], [-6.75098, 37.233119], [-6.750643, 37.233129], [-6.750521, 37.232953], [-6.749846, 37.232974], [-6.749851, 37.233064], [-6.749626, 37.233071], [-6.749747, 37.233248], [-6.749635, 37.233251], [-6.749639, 37.233341], [-6.749414, 37.233348], [-6.749419, 37.233438], [-6.748969, 37.233453], [-6.748973, 37.233543], [-6.748861, 37.233546]], [[-6.749729, 37.232888], [-6.749504, 37.232895], [-6.749509, 37.232985], [-6.749734, 37.232978], [-6.749729, 37.232888]]]}, "properties": {"id": "donana-2026-167280-4127290", "ha": 1.12, "plastic_dates": 3.3, "valid_dates": 10.6, "admin_zone": "Zona A", "plan_zone": "Zona A - Suelo Forestal", "distance_to_irrigable_m": 10, "sigpac_ref": "21:46:0:0:16:10:10", "sigpac_use": "IV", "sigpac_irrigation_coef": 88, "sigpac_url": "https://sigpac-hubcloud.es/servicioconsultassigpac/query/recinfo/21/46/0/0/16/10/10.json", "declared_greenhouse_share": 1.0, "declared_irrigated_share": 1.0, "lon": -6.750177, "lat": 37.232829}}, {"type": "Feature", "geometry": {"type": "MultiPolygon", "coordinates": [[[[-6.71398, 37.236809], [-6.714205, 37.236802], [-6.714327, 37.236978], [-6.714781, 37.237054], [-6.714794, 37.237324], [-6.714682, 37.237327], [-6.714691, 37.237507], [-6.714578, 37.237511], [-6.714587, 37.237691], [-6.715041, 37.237766], [-6.715046, 37.237856], [-6.715271, 37.237849], [-6.715275, 37.237939], [-6.7155, 37.237932], [-6.715505, 37.238022], [-6.714492, 37.238054], [-6.714488, 37.237964], [-6.714038, 37.237978], [-6.714033, 37.237888], [-6.713358, 37.237909], [-6.713354, 37.237819], [-6.713466, 37.237816], [-6.713457, 37.237636], [-6.71357, 37.237632], [-6.713557, 37.237363], [-6.713669, 37.237359], [-6.713665, 37.237269], [-6.713777, 37.237266], [-6.713786, 37.237446], [-6.713899, 37.237442], [-6.713894, 37.237352], [-6.714119, 37.237345], [-6.714106, 37.237075], [-6.714218, 37.237072], [-6.714214, 37.236982], [-6.714102, 37.236985], [-6.71398, 37.236809]], [[-6.714474, 37.237694], [-6.714249, 37.237701], [-6.714254, 37.237791], [-6.714479, 37.237784], [-6.714474, 37.237694]], [[-6.714124, 37.237435], [-6.714011, 37.237438], [-6.714024, 37.237708], [-6.714137, 37.237705], [-6.714124, 37.237435]], [[-6.714353, 37.237518], [-6.714241, 37.237521], [-6.714245, 37.237611], [-6.714357, 37.237608], [-6.714353, 37.237518]]], [[[-6.713993, 37.237079], [-6.714002, 37.237259], [-6.71389, 37.237262], [-6.713877, 37.236992], [-6.714102, 37.236985], [-6.714106, 37.237075], [-6.713993, 37.237079]]]]}, "properties": {"id": "donana-2026-170470-4127680", "ha": 1.09, "plastic_dates": 3.0, "valid_dates": 10.8, "admin_zone": "Zona A", "plan_zone": "Zona A - Suelo Forestal", "distance_to_irrigable_m": 15, "sigpac_ref": "21:46:0:0:11:1:20", "sigpac_use": "IV", "sigpac_irrigation_coef": 0, "sigpac_url": "https://sigpac-hubcloud.es/servicioconsultassigpac/query/recinfo/21/46/0/0/11/1/20.json", "declared_greenhouse_share": 1.0, "declared_irrigated_share": 0.0, "lon": -6.714407, "lat": 37.237471}}, {"type": "Feature", "geometry": {"type": "MultiPolygon", "coordinates": [[[[-6.743025, 37.268145], [-6.7428, 37.268152], [-6.742796, 37.268062], [-6.743021, 37.268055], [-6.743025, 37.268145]]], [[[-6.743358, 37.268044], [-6.743021, 37.268055], [-6.743007, 37.267785], [-6.742787, 37.267882], [-6.742791, 37.267972], [-6.742679, 37.267976], [-6.742557, 37.267799], [-6.742445, 37.267803], [-6.74244, 37.267713], [-6.742328, 37.267716], [-6.742431, 37.267533], [-6.742544, 37.267529], [-6.742548, 37.267619], [-6.742773, 37.267612], [-6.742643, 37.267256], [-6.742868, 37.267249], [-6.74285, 37.266889], [-6.74308, 37.266972], [-6.743084, 37.267062], [-6.743197, 37.267058], [-6.743066, 37.266702], [-6.743287, 37.266605], [-6.743283, 37.266515], [-6.743395, 37.266511], [-6.743391, 37.266422], [-6.743841, 37.266407], [-6.743845, 37.266497], [-6.743508, 37.266508], [-6.743512, 37.266598], [-6.7434, 37.266601], [-6.743413, 37.266871], [-6.7433, 37.266875], [-6.743305, 37.266965], [-6.74353, 37.266958], [-6.743534, 37.267048], [-6.743647, 37.267044], [-6.743656, 37.267224], [-6.743877, 37.267127], [-6.743885, 37.267307], [-6.743998, 37.267303], [-6.743985, 37.267033], [-6.744097, 37.26703], [-6.744119, 37.26748], [-6.743894, 37.267487], [-6.744016, 37.267663], [-6.743903, 37.267667], [-6.743899, 37.267577], [-6.743786, 37.26758], [-6.743777, 37.2674], [-6.743548, 37.267317], [-6.743444, 37.267501], [-6.743219, 37.267508], [-6.743116, 37.267691], [-6.743228, 37.267688], [-6.743233, 37.267778], [-6.743345, 37.267774], [-6.743358, 37.268044]], [[-6.743098, 37.267332], [-6.742985, 37.267335], [-6.742994, 37.267515], [-6.743107, 37.267512], [-6.743098, 37.267332]], [[-6.743426, 37.267141], [-6.743206, 37.267238], [-6.74321, 37.267328], [-6.743435, 37.267321], [-6.743426, 37.267141]]], [[[-6.74357, 37.267767], [-6.743345, 37.267774], [-6.743341, 37.267684], [-6.743566, 37.267677], [-6.74357, 37.267767]]], [[[-6.743561, 37.267587], [-6.743674, 37.267584], [-6.743678, 37.267674], [-6.743566, 37.267677], [-6.743561, 37.267587]]], [[[-6.742413, 37.267173], [-6.742409, 37.267083], [-6.742639, 37.267166], [-6.742634, 37.267076], [-6.742747, 37.267073], [-6.742643, 37.267256], [-6.742413, 37.267173]]]]}, "properties": {"id": "donana-2026-168070-4131090", "ha": 1.08, "plastic_dates": 2.8, "valid_dates": 8.6, "admin_zone": "Zona C", "plan_zone": "Zona C - No regable", "distance_to_irrigable_m": 150, "sigpac_ref": "21:46:0:0:27:5:2", "sigpac_use": "IV", "sigpac_irrigation_coef": 0, "sigpac_url": "https://sigpac-hubcloud.es/servicioconsultassigpac/query/recinfo/21/46/0/0/27/5/2.json", "declared_greenhouse_share": 1.0, "declared_irrigated_share": 0.0, "lon": -6.742927, "lat": 37.267292}}, {"type": "Feature", "geometry": {"type": "MultiPolygon", "coordinates": [[[[-6.798237, 37.225124], [-6.79835, 37.22512], [-6.798345, 37.22503], [-6.798233, 37.225034], [-6.798219, 37.224764], [-6.798332, 37.22476], [-6.798327, 37.224671], [-6.798552, 37.224663], [-6.798557, 37.224753], [-6.798894, 37.224742], [-6.798899, 37.224832], [-6.799011, 37.224829], [-6.799106, 37.224465], [-6.798768, 37.224476], [-6.798777, 37.224656], [-6.798665, 37.22466], [-6.79866, 37.22457], [-6.798548, 37.224573], [-6.79853, 37.224214], [-6.798759, 37.224296], [-6.79875, 37.224116], [-6.7992, 37.224102], [-6.799205, 37.224192], [-6.79943, 37.224185], [-6.799344, 37.224728], [-6.799232, 37.224732], [-6.799362, 37.225088], [-6.799137, 37.225095], [-6.799155, 37.225455], [-6.79893, 37.225462], [-6.798935, 37.225552], [-6.79871, 37.225559], [-6.798696, 37.225289], [-6.798476, 37.225386], [-6.798481, 37.225476], [-6.798251, 37.225394], [-6.798237, 37.225124]], [[-6.7988, 37.225106], [-6.798575, 37.225113], [-6.798579, 37.225203], [-6.798804, 37.225196], [-6.7988, 37.225106]]], [[[-6.798256, 37.225484], [-6.798143, 37.225487], [-6.798139, 37.225397], [-6.798251, 37.225394], [-6.798256, 37.225484]]]]}, "properties": {"id": "donana-2026-162930-4126580", "ha": 1.04, "plastic_dates": 2.3, "valid_dates": 10.0, "admin_zone": "Zona A", "plan_zone": "Zona A - Suelo Forestal", "distance_to_irrigable_m": 17, "sigpac_ref": "21:50:0:0:33:30:13", "sigpac_use": "FY", "sigpac_irrigation_coef": 100, "sigpac_url": "https://sigpac-hubcloud.es/servicioconsultassigpac/query/recinfo/21/50/0/0/33/30/13.json", "declared_greenhouse_share": 0.0, "declared_irrigated_share": 1.0, "lon": -6.798732, "lat": 37.224883}}, {"type": "Feature", "geometry": {"type": "Polygon", "coordinates": [[[-6.471834, 37.202541], [-6.471822, 37.202271], [-6.471709, 37.202274], [-6.471705, 37.202184], [-6.471368, 37.202194], [-6.471351, 37.201834], [-6.471126, 37.201841], [-6.471135, 37.202021], [-6.471247, 37.202017], [-6.471251, 37.202107], [-6.471022, 37.202024], [-6.471018, 37.201934], [-6.470793, 37.201941], [-6.470797, 37.202031], [-6.470685, 37.202034], [-6.470781, 37.201671], [-6.471006, 37.201664], [-6.47101, 37.201754], [-6.471572, 37.201738], [-6.471564, 37.201558], [-6.471676, 37.201554], [-6.471664, 37.201284], [-6.471777, 37.201281], [-6.471897, 37.201458], [-6.47201, 37.201454], [-6.472014, 37.201544], [-6.472126, 37.201541], [-6.472135, 37.201721], [-6.47236, 37.201714], [-6.472368, 37.201894], [-6.47248, 37.201891], [-6.472497, 37.202251], [-6.472609, 37.202248], [-6.472618, 37.202428], [-6.47228, 37.202438], [-6.472284, 37.202528], [-6.471834, 37.202541]]]}, "properties": {"id": "donana-2026-191850-4122920", "ha": 1.03, "plastic_dates": 2.3, "valid_dates": 10.0, "admin_zone": "Zona B", "plan_zone": "Zona B - No regable", "distance_to_irrigable_m": 16, "sigpac_ref": "21:5:0:0:47:48:1", "sigpac_use": "IV", "sigpac_irrigation_coef": 0, "sigpac_url": "https://sigpac-hubcloud.es/servicioconsultassigpac/query/recinfo/21/5/0/0/47/48/1.json", "declared_greenhouse_share": 1.0, "declared_irrigated_share": 0.0, "lon": -6.47192, "lat": 37.201953}}, {"type": "Feature", "geometry": {"type": "Polygon", "coordinates": [[[-6.758704, 37.272872], [-6.758699, 37.272783], [-6.758812, 37.272779], [-6.758821, 37.272959], [-6.758595, 37.272966], [-6.758604, 37.273146], [-6.75883, 37.273139], [-6.758825, 37.273049], [-6.758938, 37.273045], [-6.758929, 37.272865], [-6.759154, 37.272858], [-6.759149, 37.272768], [-6.759262, 37.272765], [-6.759275, 37.273034], [-6.7595, 37.273027], [-6.759424, 37.27375], [-6.759086, 37.273761], [-6.759081, 37.273671], [-6.758631, 37.273686], [-6.758618, 37.273416], [-6.758393, 37.273423], [-6.758388, 37.273333], [-6.758051, 37.273344], [-6.758042, 37.273164], [-6.758262, 37.273067], [-6.758258, 37.272977], [-6.758033, 37.272984], [-6.758037, 37.273074], [-6.757925, 37.273077], [-6.757934, 37.273257], [-6.757821, 37.273261], [-6.757808, 37.272991], [-6.75792, 37.272987], [-6.757911, 37.272808], [-6.758024, 37.272804], [-6.758015, 37.272624], [-6.758127, 37.272621], [-6.758118, 37.272441], [-6.758681, 37.272423], [-6.758686, 37.272513], [-6.758461, 37.27252], [-6.758582, 37.272696], [-6.758244, 37.272707], [-6.758249, 37.272797], [-6.758474, 37.27279], [-6.758478, 37.27288], [-6.758704, 37.272872]], [[-6.758366, 37.272883], [-6.75837, 37.272973], [-6.758483, 37.27297], [-6.758478, 37.27288], [-6.758366, 37.272883]], [[-6.759293, 37.273394], [-6.759068, 37.273401], [-6.759073, 37.273491], [-6.759298, 37.273484], [-6.759293, 37.273394]], [[-6.758843, 37.273409], [-6.75873, 37.273412], [-6.758735, 37.273502], [-6.758847, 37.273499], [-6.758843, 37.273409]], [[-6.759059, 37.273222], [-6.758834, 37.273229], [-6.758838, 37.273319], [-6.759064, 37.273311], [-6.759059, 37.273222]], [[-6.759172, 37.273218], [-6.759284, 37.273214], [-6.75928, 37.273124], [-6.759167, 37.273128], [-6.759172, 37.273218]], [[-6.759158, 37.272948], [-6.759046, 37.272952], [-6.759055, 37.273132], [-6.759167, 37.273128], [-6.759158, 37.272948]], [[-6.758487, 37.27306], [-6.758375, 37.273063], [-6.758384, 37.273243], [-6.758496, 37.273239], [-6.758487, 37.27306]]]}, "properties": {"id": "donana-2026-166640-4131790", "ha": 1.02, "plastic_dates": 2.6, "valid_dates": 9.8, "admin_zone": "Zona A", "plan_zone": "Zona A - Suelo Forestal", "distance_to_irrigable_m": 27, "sigpac_ref": "21:46:0:0:18:10:10", "sigpac_use": "IV", "sigpac_irrigation_coef": 99, "sigpac_url": "https://sigpac-hubcloud.es/servicioconsultassigpac/query/recinfo/21/46/0/0/18/10/10.json", "declared_greenhouse_share": 1.0, "declared_irrigated_share": 1.0, "lon": -6.759334, "lat": 37.273078}}, {"type": "Feature", "geometry": {"type": "Polygon", "coordinates": [[[-6.75206, 37.245787], [-6.752069, 37.245967], [-6.751843, 37.245974], [-6.751852, 37.246154], [-6.751627, 37.246161], [-6.751623, 37.246071], [-6.75151, 37.246074], [-6.751515, 37.246164], [-6.751402, 37.246168], [-6.751398, 37.246078], [-6.751285, 37.246082], [-6.751263, 37.245632], [-6.751376, 37.245628], [-6.751371, 37.245538], [-6.751146, 37.245545], [-6.751133, 37.245276], [-6.751245, 37.245272], [-6.751241, 37.245182], [-6.751128, 37.245186], [-6.751124, 37.245096], [-6.751349, 37.245089], [-6.751353, 37.245179], [-6.751466, 37.245175], [-6.751439, 37.244635], [-6.751326, 37.244639], [-6.751322, 37.244549], [-6.751547, 37.244542], [-6.751543, 37.244452], [-6.751993, 37.244438], [-6.751997, 37.244527], [-6.75211, 37.244524], [-6.752101, 37.244344], [-6.752551, 37.24433], [-6.752546, 37.24424], [-6.752771, 37.244233], [-6.752785, 37.244503], [-6.752897, 37.244499], [-6.752906, 37.244679], [-6.753019, 37.244675], [-6.753028, 37.244855], [-6.752798, 37.244772], [-6.752794, 37.244682], [-6.752569, 37.24469], [-6.752564, 37.2446], [-6.751777, 37.244625], [-6.751673, 37.244808], [-6.75156, 37.244812], [-6.751587, 37.245351], [-6.751817, 37.245434], [-6.751947, 37.24579], [-6.75206, 37.245787]], [[-6.751835, 37.245794], [-6.751839, 37.245884], [-6.751952, 37.24588], [-6.751947, 37.24579], [-6.751835, 37.245794]], [[-6.751605, 37.245711], [-6.751493, 37.245715], [-6.751497, 37.245805], [-6.75161, 37.245801], [-6.751605, 37.245711]], [[-6.751704, 37.245438], [-6.751592, 37.245441], [-6.751596, 37.245531], [-6.751709, 37.245528], [-6.751704, 37.245438]]]}, "properties": {"id": "donana-2026-167220-4128670", "ha": 1.02, "plastic_dates": 3.7, "valid_dates": 10.1, "admin_zone": "Zona A", "plan_zone": "Zona A - Suelo Forestal", "distance_to_irrigable_m": 12, "sigpac_ref": "21:46:0:0:17:30:22", "sigpac_use": "IV", "sigpac_irrigation_coef": 39, "sigpac_url": "https://sigpac-hubcloud.es/servicioconsultassigpac/query/recinfo/21/46/0/0/17/30/22.json", "declared_greenhouse_share": 1.0, "declared_irrigated_share": 1.0, "lon": -6.751412, "lat": 37.245222}}, {"type": "Feature", "geometry": {"type": "Polygon", "coordinates": [[[-6.722767, 37.261938], [-6.722758, 37.261758], [-6.722646, 37.261761], [-6.722655, 37.261941], [-6.72243, 37.261948], [-6.722421, 37.261768], [-6.722083, 37.261779], [-6.721962, 37.261603], [-6.721849, 37.261606], [-6.721858, 37.261786], [-6.721633, 37.261793], [-6.721629, 37.261703], [-6.721291, 37.261714], [-6.721386, 37.261351], [-6.721048, 37.261361], [-6.720927, 37.261185], [-6.720706, 37.261282], [-6.720702, 37.261192], [-6.720814, 37.261188], [-6.720805, 37.261008], [-6.721481, 37.260987], [-6.721602, 37.261164], [-6.721827, 37.261156], [-6.721832, 37.261246], [-6.722052, 37.261149], [-6.722048, 37.261059], [-6.72216, 37.261056], [-6.722057, 37.261239], [-6.722169, 37.261236], [-6.722187, 37.261596], [-6.722299, 37.261592], [-6.722286, 37.261322], [-6.722507, 37.261225], [-6.722525, 37.261585], [-6.722637, 37.261581], [-6.722615, 37.261132], [-6.722952, 37.261121], [-6.722849, 37.261304], [-6.723074, 37.261297], [-6.723083, 37.261477], [-6.722745, 37.261488], [-6.722754, 37.261668], [-6.722867, 37.261664], [-6.72288, 37.261934], [-6.722767, 37.261938]], [[-6.722065, 37.261419], [-6.721953, 37.261423], [-6.721957, 37.261513], [-6.72207, 37.261509], [-6.722065, 37.261419]], [[-6.721606, 37.261254], [-6.721494, 37.261257], [-6.721498, 37.261347], [-6.721611, 37.261343], [-6.721606, 37.261254]], [[-6.721485, 37.261077], [-6.721373, 37.261081], [-6.721377, 37.261171], [-6.72149, 37.261167], [-6.721485, 37.261077]]]}, "properties": {"id": "donana-2026-169930-4130370", "ha": 1.01, "plastic_dates": 4.2, "valid_dates": 10.0, "admin_zone": "Zona C", "plan_zone": "Zona C - No regable", "distance_to_irrigable_m": 37, "sigpac_ref": "21:46:0:0:10:43:1", "sigpac_use": "IV", "sigpac_irrigation_coef": 0, "sigpac_url": "https://sigpac-hubcloud.es/servicioconsultassigpac/query/recinfo/21/46/0/0/10/43/1.json", "declared_greenhouse_share": 1.0, "declared_irrigated_share": 0.0, "lon": -6.721674, "lat": 37.261477}}, {"type": "Feature", "geometry": {"type": "MultiPolygon", "coordinates": [[[[-6.785554, 37.284538], [-6.785667, 37.284534], [-6.785671, 37.284624], [-6.786009, 37.284613], [-6.786018, 37.284793], [-6.785568, 37.284808], [-6.785563, 37.284718], [-6.785451, 37.284721], [-6.785455, 37.284811], [-6.784892, 37.284829], [-6.784879, 37.284559], [-6.784991, 37.284556], [-6.784973, 37.284196], [-6.785086, 37.284192], [-6.785077, 37.284013], [-6.784964, 37.284016], [-6.784969, 37.284106], [-6.784406, 37.284124], [-6.784402, 37.284034], [-6.784176, 37.284041], [-6.78428, 37.283858], [-6.784393, 37.283854], [-6.784384, 37.283674], [-6.784604, 37.283577], [-6.7846, 37.283487], [-6.784712, 37.283484], [-6.784708, 37.283394], [-6.784933, 37.283387], [-6.784937, 37.283477], [-6.785275, 37.283466], [-6.78528, 37.283556], [-6.785505, 37.283548], [-6.785509, 37.283638], [-6.785284, 37.283646], [-6.785293, 37.283825], [-6.785406, 37.283822], [-6.78541, 37.283912], [-6.785185, 37.283919], [-6.785194, 37.284099], [-6.785424, 37.284182], [-6.785433, 37.284362], [-6.785545, 37.284358], [-6.785554, 37.284538]], [[-6.784825, 37.28348], [-6.784834, 37.28366], [-6.784946, 37.283656], [-6.784937, 37.283477], [-6.784825, 37.28348]], [[-6.78532, 37.284365], [-6.785316, 37.284275], [-6.785091, 37.284282], [-6.7851, 37.284462], [-6.785329, 37.284545], [-6.785433, 37.284362], [-6.78532, 37.284365]], [[-6.785334, 37.284635], [-6.785109, 37.284642], [-6.785113, 37.284732], [-6.785338, 37.284725], [-6.785334, 37.284635]], [[-6.785171, 37.283649], [-6.785059, 37.283653], [-6.785068, 37.283833], [-6.785181, 37.283829], [-6.785171, 37.283649]], [[-6.784951, 37.283746], [-6.784501, 37.283761], [-6.784505, 37.283851], [-6.784955, 37.283836], [-6.784951, 37.283746]]], [[[-6.785523, 37.283908], [-6.785635, 37.283905], [-6.785649, 37.284174], [-6.785878, 37.284257], [-6.785883, 37.284347], [-6.785996, 37.284344], [-6.786, 37.284433], [-6.78577, 37.284351], [-6.785775, 37.284441], [-6.785662, 37.284444], [-6.785658, 37.284354], [-6.785545, 37.284358], [-6.785523, 37.283908]]]]}, "properties": {"id": "donana-2026-164400-4133110", "ha": 0.98, "plastic_dates": 3.0, "valid_dates": 10.3, "admin_zone": "Zona A", "plan_zone": "Zona A - Suelo Forestal", "distance_to_irrigable_m": 17, "sigpac_ref": "21:50:0:0:10:75:4", "sigpac_use": "IV", "sigpac_irrigation_coef": 100, "sigpac_url": "https://sigpac-hubcloud.es/servicioconsultassigpac/query/recinfo/21/50/0/0/10/75/4.json", "declared_greenhouse_share": 1.0, "declared_irrigated_share": 1.0, "lon": -6.785196, "lat": 37.284144}}, {"type": "Feature", "geometry": {"type": "MultiPolygon", "coordinates": [[[[-6.707515, 37.277282], [-6.707736, 37.277185], [-6.707745, 37.277365], [-6.707632, 37.277368], [-6.707637, 37.277458], [-6.707182, 37.277382], [-6.707178, 37.277292], [-6.707065, 37.277296], [-6.707069, 37.277386], [-6.706844, 37.277393], [-6.706831, 37.277123], [-6.706606, 37.27713], [-6.706601, 37.27704], [-6.706714, 37.277037], [-6.706705, 37.276857], [-6.70648, 37.276864], [-6.706476, 37.276774], [-6.706363, 37.276777], [-6.706467, 37.276594], [-6.706579, 37.27659], [-6.706575, 37.2765], [-6.706688, 37.276497], [-6.706683, 37.276407], [-6.706796, 37.276403], [-6.706791, 37.276313], [-6.707016, 37.276306], [-6.70712, 37.276123], [-6.707233, 37.276119], [-6.707228, 37.276029], [-6.707458, 37.276112], [-6.707489, 37.276742], [-6.707376, 37.276746], [-6.707385, 37.276925], [-6.707498, 37.276922], [-6.707515, 37.277282]], [[-6.707056, 37.277116], [-6.706944, 37.277119], [-6.706948, 37.277209], [-6.707061, 37.277206], [-6.707056, 37.277116]], [[-6.707272, 37.276929], [-6.707047, 37.276936], [-6.707052, 37.277026], [-6.707277, 37.277019], [-6.707272, 37.276929]], [[-6.707367, 37.276566], [-6.707255, 37.276569], [-6.707259, 37.276659], [-6.707372, 37.276656], [-6.707367, 37.276566]]], [[[-6.707601, 37.276738], [-6.70761, 37.276918], [-6.707498, 37.276922], [-6.707489, 37.276742], [-6.707601, 37.276738]]]]}, "properties": {"id": "donana-2026-171310-4132020", "ha": 0.97, "plastic_dates": 3.0, "valid_dates": 9.2, "admin_zone": "Zona C", "plan_zone": "Zona C - No regable", "distance_to_irrigable_m": 11, "sigpac_ref": "21:46:0:0:9:29:45", "sigpac_use": "IV", "sigpac_irrigation_coef": 0, "sigpac_url": "https://sigpac-hubcloud.es/servicioconsultassigpac/query/recinfo/21/46/0/0/9/29/45.json", "declared_greenhouse_share": 0.98, "declared_irrigated_share": 0.0, "lon": -6.706928, "lat": 37.276805}}, {"type": "Feature", "geometry": {"type": "MultiPolygon", "coordinates": [[[[-6.735948, 37.239], [-6.73606, 37.238996], [-6.736065, 37.239086], [-6.735727, 37.239097], [-6.735831, 37.238913], [-6.735943, 37.23891], [-6.735948, 37.239]]], [[[-6.736056, 37.238906], [-6.735943, 37.23891], [-6.735934, 37.23873], [-6.736047, 37.238726], [-6.736056, 37.238906]]], [[[-6.736605, 37.238619], [-6.736384, 37.238716], [-6.736389, 37.238806], [-6.736164, 37.238813], [-6.736159, 37.238723], [-6.736047, 37.238726], [-6.736042, 37.238636], [-6.73593, 37.23864], [-6.735925, 37.23855], [-6.735813, 37.238554], [-6.735692, 37.238377], [-6.735917, 37.23837], [-6.735921, 37.23846], [-6.736033, 37.238456], [-6.736137, 37.238273], [-6.73625, 37.238269], [-6.736245, 37.238179], [-6.736133, 37.238183], [-6.736124, 37.238003], [-6.736344, 37.237906], [-6.73634, 37.237816], [-6.736452, 37.237813], [-6.736448, 37.237723], [-6.73656, 37.237719], [-6.736556, 37.237629], [-6.736781, 37.237622], [-6.73666, 37.237446], [-6.736772, 37.237442], [-6.736777, 37.237532], [-6.737002, 37.237525], [-6.736997, 37.237435], [-6.73711, 37.237431], [-6.737132, 37.237881], [-6.737244, 37.237878], [-6.737253, 37.238058], [-6.737024, 37.237975], [-6.73692, 37.238158], [-6.736695, 37.238165], [-6.7367, 37.238255], [-6.736587, 37.238259], [-6.736592, 37.238349], [-6.736479, 37.238352], [-6.736483, 37.238442], [-6.736596, 37.238439], [-6.736605, 37.238619]], [[-6.736267, 37.238629], [-6.736263, 37.238539], [-6.736038, 37.238546], [-6.736042, 37.238636], [-6.736267, 37.238629]], [[-6.736475, 37.238262], [-6.736362, 37.238266], [-6.736367, 37.238356], [-6.736479, 37.238352], [-6.736475, 37.238262]]], [[[-6.737042, 37.238335], [-6.737046, 37.238424], [-6.736821, 37.238432], [-6.736825, 37.238522], [-6.736713, 37.238525], [-6.736708, 37.238435], [-6.736596, 37.238439], [-6.736592, 37.238349], [-6.737042, 37.238335]]], [[[-6.737096, 37.237162], [-6.737209, 37.237158], [-6.737222, 37.237428], [-6.73711, 37.237431], [-6.737096, 37.237162]]], [[[-6.735592, 37.238651], [-6.735588, 37.238561], [-6.735813, 37.238554], [-6.735817, 37.238643], [-6.735592, 37.238651]]], [[[-6.735822, 37.238733], [-6.735817, 37.238643], [-6.73593, 37.23864], [-6.735934, 37.23873], [-6.735822, 37.238733]]]]}, "properties": {"id": "donana-2026-168510-4127830", "ha": 0.95, "plastic_dates": 3.4, "valid_dates": 10.2, "admin_zone": "Zona A", "plan_zone": "Zona A - Suelo Forestal", "distance_to_irrigable_m": 114, "sigpac_ref": "21:46:0:0:16:6:12", "sigpac_use": "IV", "sigpac_irrigation_coef": 100, "sigpac_url": "https://sigpac-hubcloud.es/servicioconsultassigpac/query/recinfo/21/46/0/0/16/6/12.json", "declared_greenhouse_share": 1.0, "declared_irrigated_share": 1.0, "lon": -6.736524, "lat": 37.238126}}, {"type": "Feature", "geometry": {"type": "Polygon", "coordinates": [[[-6.710535, 37.279079], [-6.710539, 37.279169], [-6.710877, 37.279158], [-6.710773, 37.279342], [-6.710661, 37.279345], [-6.710665, 37.279435], [-6.710102, 37.279453], [-6.709981, 37.279276], [-6.709868, 37.27928], [-6.709873, 37.27937], [-6.709535, 37.279381], [-6.709526, 37.279201], [-6.709297, 37.279118], [-6.709288, 37.278938], [-6.7094, 37.278934], [-6.709405, 37.279024], [-6.70963, 37.279017], [-6.709621, 37.278837], [-6.709396, 37.278844], [-6.709387, 37.278664], [-6.709612, 37.278657], [-6.709608, 37.278567], [-6.710058, 37.278553], [-6.710054, 37.278463], [-6.710508, 37.278539], [-6.710638, 37.278895], [-6.710526, 37.278899], [-6.71053, 37.278989], [-6.710305, 37.278996], [-6.71031, 37.279086], [-6.710535, 37.279079]], [[-6.710089, 37.279183], [-6.710093, 37.279273], [-6.710431, 37.279262], [-6.71031, 37.279086], [-6.710089, 37.279183]]]}, "properties": {"id": "donana-2026-171040-4132270", "ha": 0.91, "plastic_dates": 2.4, "valid_dates": 11.0, "admin_zone": "Zona A", "plan_zone": "Zona A - Suelo Forestal", "distance_to_irrigable_m": 20, "sigpac_ref": "21:46:0:0:9:29:42", "sigpac_use": "IV", "sigpac_irrigation_coef": 100, "sigpac_url": "https://sigpac-hubcloud.es/servicioconsultassigpac/query/recinfo/21/46/0/0/9/29/42.json", "declared_greenhouse_share": 1.0, "declared_irrigated_share": 1.0, "lon": -6.710078, "lat": 37.278958}}, {"type": "Feature", "geometry": {"type": "Polygon", "coordinates": [[[-6.745756, 37.243644], [-6.745751, 37.243554], [-6.745639, 37.243558], [-6.745634, 37.243468], [-6.745409, 37.243475], [-6.745288, 37.243299], [-6.745175, 37.243302], [-6.745166, 37.243122], [-6.745387, 37.243025], [-6.745382, 37.242935], [-6.745495, 37.242932], [-6.74549, 37.242842], [-6.745945, 37.242918], [-6.745954, 37.243097], [-6.746179, 37.24309], [-6.746183, 37.24318], [-6.746408, 37.243173], [-6.746399, 37.242993], [-6.746737, 37.242983], [-6.746732, 37.242893], [-6.746957, 37.242886], [-6.746953, 37.242796], [-6.747178, 37.242788], [-6.747174, 37.242698], [-6.747286, 37.242695], [-6.747299, 37.242965], [-6.747079, 37.243062], [-6.747088, 37.243242], [-6.746413, 37.243263], [-6.746309, 37.243447], [-6.746197, 37.24345], [-6.746201, 37.24354], [-6.746089, 37.243544], [-6.746093, 37.243634], [-6.745981, 37.243637], [-6.745985, 37.243727], [-6.745756, 37.243644]]]}, "properties": {"id": "donana-2026-167680-4128430", "ha": 0.88, "plastic_dates": 4.2, "valid_dates": 9.2, "admin_zone": "Zona C", "plan_zone": "Zona C - No regable", "distance_to_irrigable_m": 21, "sigpac_ref": "21:46:0:0:16:5:74", "sigpac_use": "IV", "sigpac_irrigation_coef": 0, "sigpac_url": "https://sigpac-hubcloud.es/servicioconsultassigpac/query/recinfo/21/46/0/0/16/5/74.json", "declared_greenhouse_share": 1.0, "declared_irrigated_share": 0.18, "lon": -6.746129, "lat": 37.243227}}, {"type": "Feature", "geometry": {"type": "MultiPolygon", "coordinates": [[[[-6.753681, 37.267086], [-6.753456, 37.267093], [-6.753447, 37.266913], [-6.75356, 37.26691], [-6.753564, 37.267], [-6.753677, 37.266996], [-6.753681, 37.267086]]], [[[-6.7541, 37.266442], [-6.753988, 37.266446], [-6.753992, 37.266536], [-6.753762, 37.266453], [-6.753771, 37.266633], [-6.753884, 37.266629], [-6.753888, 37.266719], [-6.753663, 37.266726], [-6.753668, 37.266816], [-6.75378, 37.266813], [-6.753789, 37.266993], [-6.753677, 37.266996], [-6.753672, 37.266906], [-6.75356, 37.26691], [-6.753546, 37.26664], [-6.753434, 37.266644], [-6.753443, 37.266824], [-6.752993, 37.266838], [-6.752997, 37.266928], [-6.752885, 37.266931], [-6.752853, 37.266302], [-6.753074, 37.266205], [-6.753069, 37.266115], [-6.753299, 37.266197], [-6.753294, 37.266108], [-6.753407, 37.266104], [-6.753411, 37.266194], [-6.753524, 37.26619], [-6.753628, 37.266007], [-6.753515, 37.26601], [-6.753511, 37.26592], [-6.753961, 37.265906], [-6.753965, 37.265996], [-6.754303, 37.265985], [-6.754307, 37.266075], [-6.754532, 37.266068], [-6.754429, 37.266252], [-6.754204, 37.266259], [-6.754199, 37.266169], [-6.754087, 37.266172], [-6.7541, 37.266442]], [[-6.753659, 37.266636], [-6.753654, 37.266547], [-6.753542, 37.26655], [-6.753546, 37.26664], [-6.753659, 37.266636]], [[-6.754082, 37.266083], [-6.75397, 37.266086], [-6.753974, 37.266176], [-6.754087, 37.266172], [-6.754082, 37.266083]], [[-6.753979, 37.266266], [-6.753866, 37.26627], [-6.753871, 37.26636], [-6.753983, 37.266356], [-6.753979, 37.266266]], [[-6.753749, 37.266183], [-6.753862, 37.26618], [-6.753853, 37.266], [-6.753632, 37.266097], [-6.753641, 37.266277], [-6.753754, 37.266273], [-6.753749, 37.266183]]]]}, "properties": {"id": "donana-2026-167150-4131040", "ha": 0.86, "plastic_dates": 3.3, "valid_dates": 10.3, "admin_zone": "Zona A", "plan_zone": "Zona A - Suelo Forestal", "distance_to_irrigable_m": 30, "sigpac_ref": "21:46:0:0:18:11:81", "sigpac_use": "IV", "sigpac_irrigation_coef": 0, "sigpac_url": "https://sigpac-hubcloud.es/servicioconsultassigpac/query/recinfo/21/46/0/0/18/11/81.json", "declared_greenhouse_share": 1.0, "declared_irrigated_share": 0.0, "lon": -6.753315, "lat": 37.266512}}, {"type": "Feature", "geometry": {"type": "MultiPolygon", "coordinates": [[[[-6.539234, 37.230005], [-6.539009, 37.230011], [-6.539017, 37.230191], [-6.53868, 37.230202], [-6.538676, 37.230112], [-6.538563, 37.230115], [-6.538559, 37.230025], [-6.538446, 37.230028], [-6.53855, 37.229845], [-6.538325, 37.229852], [-6.538321, 37.229762], [-6.538546, 37.229755], [-6.538542, 37.229665], [-6.538204, 37.229675], [-6.538209, 37.229765], [-6.538096, 37.229769], [-6.5382, 37.229585], [-6.538313, 37.229582], [-6.538304, 37.229402], [-6.538642, 37.229392], [-6.538638, 37.229302], [-6.538525, 37.229305], [-6.538517, 37.229125], [-6.538287, 37.229042], [-6.538283, 37.228952], [-6.538513, 37.229035], [-6.538617, 37.228852], [-6.538842, 37.228845], [-6.538963, 37.229022], [-6.539188, 37.229015], [-6.539196, 37.229195], [-6.539309, 37.229192], [-6.539317, 37.229372], [-6.539204, 37.229375], [-6.539221, 37.229735], [-6.538996, 37.229742], [-6.539, 37.229832], [-6.539225, 37.229825], [-6.539234, 37.230005]], [[-6.538788, 37.230108], [-6.538784, 37.230018], [-6.538671, 37.230022], [-6.538676, 37.230112], [-6.538788, 37.230108]], [[-6.538646, 37.229482], [-6.538759, 37.229478], [-6.538754, 37.229388], [-6.538642, 37.229392], [-6.538646, 37.229482]], [[-6.539083, 37.229198], [-6.538971, 37.229202], [-6.538967, 37.229112], [-6.538854, 37.229115], [-6.538863, 37.229295], [-6.538975, 37.229292], [-6.538979, 37.229382], [-6.539204, 37.229375], [-6.539083, 37.229198]]], [[[-6.539334, 37.229731], [-6.539338, 37.229821], [-6.539225, 37.229825], [-6.539221, 37.229735], [-6.539334, 37.229731]]]]}, "properties": {"id": "donana-2026-186030-4126200", "ha": 0.85, "plastic_dates": 2.3, "valid_dates": 10.7, "admin_zone": "Zona C", "plan_zone": "Zona C - No regable", "distance_to_irrigable_m": 16, "sigpac_ref": "21:5:0:0:33:15:118", "sigpac_use": "IV", "sigpac_irrigation_coef": 0, "sigpac_url": "https://sigpac-hubcloud.es/servicioconsultassigpac/query/recinfo/21/5/0/0/33/15/118.json", "declared_greenhouse_share": 1.0, "declared_irrigated_share": 0.0, "lon": -6.538761, "lat": 37.229523}}, {"type": "Feature", "geometry": {"type": "MultiPolygon", "coordinates": [[[[-6.735925, 37.224856], [-6.735938, 37.225126], [-6.736051, 37.225123], [-6.736033, 37.224763], [-6.736145, 37.224759], [-6.736168, 37.225209], [-6.736388, 37.225112], [-6.736397, 37.225292], [-6.736509, 37.225288], [-6.736505, 37.225198], [-6.736842, 37.225188], [-6.736856, 37.225458], [-6.736743, 37.225461], [-6.736748, 37.225551], [-6.736518, 37.225468], [-6.736514, 37.225378], [-6.736289, 37.225385], [-6.736185, 37.225569], [-6.736073, 37.225572], [-6.736082, 37.225752], [-6.736194, 37.225749], [-6.736199, 37.225839], [-6.736536, 37.225828], [-6.736532, 37.225738], [-6.736644, 37.225735], [-6.736541, 37.225918], [-6.736653, 37.225914], [-6.736658, 37.226004], [-6.736545, 37.226008], [-6.736554, 37.226188], [-6.736441, 37.226191], [-6.736446, 37.226281], [-6.736108, 37.226292], [-6.736212, 37.226109], [-6.735987, 37.226116], [-6.735991, 37.226206], [-6.735879, 37.226209], [-6.735974, 37.225846], [-6.735744, 37.225763], [-6.73574, 37.225673], [-6.735852, 37.22567], [-6.735839, 37.2254], [-6.735952, 37.225396], [-6.735943, 37.225216], [-6.735718, 37.225223], [-6.735596, 37.225047], [-6.735259, 37.225058], [-6.73525, 37.224878], [-6.735475, 37.224871], [-6.735479, 37.224961], [-6.735592, 37.224957], [-6.735587, 37.224867], [-6.735925, 37.224856]], [[-6.736734, 37.225281], [-6.736622, 37.225285], [-6.736626, 37.225375], [-6.736739, 37.225371], [-6.736734, 37.225281]], [[-6.735817, 37.22495], [-6.735704, 37.224953], [-6.735709, 37.225043], [-6.735821, 37.22504], [-6.735817, 37.22495]]], [[[-6.73547, 37.224781], [-6.735583, 37.224777], [-6.735587, 37.224867], [-6.735475, 37.224871], [-6.73547, 37.224781]]], [[[-6.735614, 37.225407], [-6.73561, 37.225317], [-6.735835, 37.22531], [-6.735839, 37.2254], [-6.735614, 37.225407]]]]}, "properties": {"id": "donana-2026-168500-4126430", "ha": 0.83, "plastic_dates": 3.1, "valid_dates": 10.9, "admin_zone": "Zona C", "plan_zone": "Zona C - No regable", "distance_to_irrigable_m": 30, "sigpac_ref": "21:46:0:0:12:6:84", "sigpac_use": "IV", "sigpac_irrigation_coef": 100, "sigpac_url": "https://sigpac-hubcloud.es/servicioconsultassigpac/query/recinfo/21/46/0/0/12/6/84.json", "declared_greenhouse_share": 1.0, "declared_irrigated_share": 1.0, "lon": -6.736014, "lat": 37.225529}}, {"type": "Feature", "geometry": {"type": "Polygon", "coordinates": [[[-6.795249, 37.286749], [-6.795235, 37.28648], [-6.795123, 37.286483], [-6.795114, 37.286303], [-6.795001, 37.286307], [-6.794988, 37.286037], [-6.794875, 37.286041], [-6.794861, 37.285771], [-6.794974, 37.285767], [-6.794979, 37.285857], [-6.795316, 37.285846], [-6.795307, 37.285666], [-6.79542, 37.285663], [-6.795424, 37.285753], [-6.795649, 37.285746], [-6.795645, 37.285656], [-6.79587, 37.285648], [-6.795897, 37.286188], [-6.79601, 37.286184], [-6.796028, 37.286544], [-6.795807, 37.286641], [-6.795812, 37.286731], [-6.795474, 37.286742], [-6.795479, 37.286832], [-6.795249, 37.286749]], [[-6.795568, 37.286379], [-6.795456, 37.286382], [-6.79546, 37.286472], [-6.795573, 37.286469], [-6.795568, 37.286379]], [[-6.795325, 37.286026], [-6.7951, 37.286033], [-6.795105, 37.286123], [-6.79533, 37.286116], [-6.795325, 37.286026]], [[-6.795766, 37.285832], [-6.795654, 37.285835], [-6.795658, 37.285925], [-6.795433, 37.285933], [-6.795438, 37.286023], [-6.795776, 37.286012], [-6.795766, 37.285832]]]}, "properties": {"id": "donana-2026-163490-4133380", "ha": 0.8, "plastic_dates": 2.8, "valid_dates": 10.5, "admin_zone": "Zona C", "plan_zone": "Zona C - No regable", "distance_to_irrigable_m": 106, "sigpac_ref": "21:50:0:0:9:139:3", "sigpac_use": "IV", "sigpac_irrigation_coef": 100, "sigpac_url": "https://sigpac-hubcloud.es/servicioconsultassigpac/query/recinfo/21/50/0/0/9/139/3.json", "declared_greenhouse_share": 1.0, "declared_irrigated_share": 0.96, "lon": -6.795505, "lat": 37.286246}}, {"type": "Feature", "geometry": {"type": "Polygon", "coordinates": [[[-6.813713, 37.221473], [-6.813699, 37.221203], [-6.813469, 37.22112], [-6.813456, 37.22085], [-6.813681, 37.220843], [-6.813676, 37.220753], [-6.813789, 37.22075], [-6.813784, 37.22066], [-6.813672, 37.220663], [-6.813663, 37.220483], [-6.814108, 37.220379], [-6.814113, 37.220469], [-6.814225, 37.220465], [-6.814328, 37.220282], [-6.814441, 37.220278], [-6.814445, 37.220368], [-6.81467, 37.220361], [-6.814675, 37.220451], [-6.814787, 37.220447], [-6.814796, 37.220627], [-6.814684, 37.220631], [-6.814688, 37.220721], [-6.814464, 37.220728], [-6.81436, 37.220911], [-6.814248, 37.220915], [-6.814257, 37.221095], [-6.814144, 37.221098], [-6.814158, 37.221368], [-6.814045, 37.221372], [-6.81405, 37.221462], [-6.813713, 37.221473]], [[-6.814562, 37.220454], [-6.81445, 37.220458], [-6.814459, 37.220638], [-6.814571, 37.220634], [-6.814562, 37.220454]]]}, "properties": {"id": "donana-2026-161570-4126190", "ha": 0.78, "plastic_dates": 4.2, "valid_dates": 9.9, "admin_zone": "Zona A", "plan_zone": "Zona A - Suelo Forestal", "distance_to_irrigable_m": 556, "sigpac_ref": "21:50:0:0:33:3:3", "sigpac_use": "FO", "sigpac_irrigation_coef": 0, "sigpac_url": "https://sigpac-hubcloud.es/servicioconsultassigpac/query/recinfo/21/50/0/0/33/3/3.json", "declared_greenhouse_share": 0.0, "declared_irrigated_share": 0.0, "lon": -6.813908, "lat": 37.220881}}, {"type": "Feature", "geometry": {"type": "Polygon", "coordinates": [[[-6.65823, 37.286205], [-6.658109, 37.286028], [-6.657884, 37.286035], [-6.657762, 37.285859], [-6.657537, 37.285866], [-6.657533, 37.285776], [-6.65742, 37.285779], [-6.657412, 37.285599], [-6.657637, 37.285592], [-6.657624, 37.285322], [-6.657736, 37.285319], [-6.657732, 37.285229], [-6.657957, 37.285222], [-6.657966, 37.285402], [-6.658303, 37.285392], [-6.658308, 37.285481], [-6.658533, 37.285474], [-6.658537, 37.285564], [-6.65865, 37.285561], [-6.658555, 37.285924], [-6.658784, 37.286007], [-6.658793, 37.286187], [-6.65868, 37.286191], [-6.658685, 37.286281], [-6.65823, 37.286205]]]}, "properties": {"id": "donana-2026-175680-4132850", "ha": 0.77, "plastic_dates": 5.6, "valid_dates": 11.3, "admin_zone": "Zona C", "plan_zone": "Zona C - No regable", "distance_to_irrigable_m": 17, "sigpac_ref": "21:14:0:0:10:226:1", "sigpac_use": "IV", "sigpac_irrigation_coef": 100, "sigpac_url": "https://sigpac-hubcloud.es/servicioconsultassigpac/query/recinfo/21/14/0/0/10/226/1.json", "declared_greenhouse_share": 1.0, "declared_irrigated_share": 0.96, "lon": -6.658042, "lat": 37.285805}}, {"type": "Feature", "geometry": {"type": "Polygon", "coordinates": [[[-6.794479, 37.287134], [-6.79447, 37.286955], [-6.794357, 37.286958], [-6.794339, 37.286598], [-6.794227, 37.286602], [-6.794213, 37.286332], [-6.794101, 37.286336], [-6.794092, 37.286156], [-6.794317, 37.286149], [-6.794312, 37.286059], [-6.794087, 37.286066], [-6.794083, 37.285976], [-6.794758, 37.285954], [-6.794898, 37.28649], [-6.79501, 37.286487], [-6.795024, 37.286757], [-6.795136, 37.286753], [-6.795145, 37.286933], [-6.794925, 37.28703], [-6.794929, 37.28712], [-6.794479, 37.287134]], [[-6.79465, 37.286048], [-6.794537, 37.286052], [-6.794542, 37.286141], [-6.794654, 37.286138], [-6.79465, 37.286048]]]}, "properties": {"id": "donana-2026-163570-4133410", "ha": 0.76, "plastic_dates": 2.7, "valid_dates": 10.9, "admin_zone": "Zona C", "plan_zone": "Zona C - No regable", "distance_to_irrigable_m": 94, "sigpac_ref": "21:50:0:0:9:139:4", "sigpac_use": "IV", "sigpac_irrigation_coef": 100, "sigpac_url": "https://sigpac-hubcloud.es/servicioconsultassigpac/query/recinfo/21/50/0/0/9/139/4.json", "declared_greenhouse_share": 1.0, "declared_irrigated_share": 0.99, "lon": -6.794618, "lat": 37.286544}}, {"type": "Feature", "geometry": {"type": "Polygon", "coordinates": [[[-6.793709, 37.287519], [-6.793696, 37.28725], [-6.793925, 37.287332], [-6.793916, 37.287152], [-6.793578, 37.287163], [-6.79356, 37.286804], [-6.793448, 37.286807], [-6.793421, 37.286268], [-6.793533, 37.286264], [-6.793529, 37.286174], [-6.793866, 37.286163], [-6.793871, 37.286253], [-6.793984, 37.286249], [-6.793997, 37.286519], [-6.79411, 37.286516], [-6.794119, 37.286696], [-6.794231, 37.286692], [-6.794249, 37.287052], [-6.794362, 37.287048], [-6.79438, 37.287408], [-6.79393, 37.287422], [-6.793934, 37.287512], [-6.793709, 37.287519]], [[-6.794254, 37.287142], [-6.794029, 37.287149], [-6.794033, 37.287239], [-6.794258, 37.287232], [-6.794254, 37.287142]], [[-6.793763, 37.286347], [-6.793538, 37.286354], [-6.793542, 37.286444], [-6.793767, 37.286437], [-6.793763, 37.286347]]]}, "properties": {"id": "donana-2026-163640-4133450", "ha": 0.75, "plastic_dates": 2.7, "valid_dates": 10.7, "admin_zone": "Zona C", "plan_zone": "Zona C - No regable", "distance_to_irrigable_m": 58, "sigpac_ref": "21:50:0:0:9:139:5", "sigpac_use": "IV", "sigpac_irrigation_coef": 100, "sigpac_url": "https://sigpac-hubcloud.es/servicioconsultassigpac/query/recinfo/21/50/0/0/9/139/5.json", "declared_greenhouse_share": 1.0, "declared_irrigated_share": 0.99, "lon": -6.793905, "lat": 37.286928}}, {"type": "Feature", "geometry": {"type": "Polygon", "coordinates": [[[-6.750987, 37.271856], [-6.750866, 37.27168], [-6.750753, 37.271684], [-6.750749, 37.271594], [-6.750524, 37.271601], [-6.750402, 37.271424], [-6.75029, 37.271428], [-6.750285, 37.271338], [-6.75006, 37.271345], [-6.750033, 37.270806], [-6.750259, 37.270798], [-6.750263, 37.270888], [-6.750601, 37.270878], [-6.750605, 37.270968], [-6.75083, 37.27096], [-6.750835, 37.27105], [-6.750947, 37.271047], [-6.751078, 37.271403], [-6.751303, 37.271396], [-6.751312, 37.271576], [-6.751424, 37.271572], [-6.751438, 37.271842], [-6.750987, 37.271856]], [[-6.750502, 37.271151], [-6.750389, 37.271155], [-6.750393, 37.271245], [-6.750506, 37.271241], [-6.750502, 37.271151]]]}, "properties": {"id": "donana-2026-167400-4131570", "ha": 0.75, "plastic_dates": 2.8, "valid_dates": 11.5, "admin_zone": "Zona C", "plan_zone": "Zona C - No regable", "distance_to_irrigable_m": 205, "sigpac_ref": "21:46:0:0:18:12:3", "sigpac_use": "IV", "sigpac_irrigation_coef": 0, "sigpac_url": "https://sigpac-hubcloud.es/servicioconsultassigpac/query/recinfo/21/46/0/0/18/12/3.json", "declared_greenhouse_share": 1.0, "declared_irrigated_share": 0.0, "lon": -6.750682, "lat": 37.271371}}, {"type": "Feature", "geometry": {"type": "Polygon", "coordinates": [[[-6.758086, 37.258208], [-6.7581, 37.258478], [-6.757987, 37.258481], [-6.757992, 37.258571], [-6.758217, 37.258564], [-6.758113, 37.258747], [-6.758338, 37.25874], [-6.758347, 37.25892], [-6.758122, 37.258927], [-6.758118, 37.258837], [-6.758005, 37.258841], [-6.758014, 37.259021], [-6.757789, 37.259028], [-6.757794, 37.259118], [-6.757681, 37.259121], [-6.757668, 37.258852], [-6.757555, 37.258855], [-6.757551, 37.258765], [-6.757438, 37.258769], [-6.757429, 37.258589], [-6.757317, 37.258593], [-6.757308, 37.258413], [-6.757195, 37.258416], [-6.757177, 37.258056], [-6.757407, 37.258139], [-6.757398, 37.257959], [-6.757285, 37.257963], [-6.757272, 37.257693], [-6.757722, 37.257679], [-6.757735, 37.257949], [-6.757848, 37.257945], [-6.757857, 37.258125], [-6.758086, 37.258208]], [[-6.757663, 37.258762], [-6.757659, 37.258672], [-6.757546, 37.258675], [-6.757551, 37.258765], [-6.757663, 37.258762]], [[-6.757645, 37.258402], [-6.757632, 37.258132], [-6.757411, 37.258229], [-6.757416, 37.258319], [-6.757303, 37.258323], [-6.757308, 37.258413], [-6.757645, 37.258402]], [[-6.757744, 37.258129], [-6.757749, 37.258218], [-6.757861, 37.258215], [-6.757857, 37.258125], [-6.757744, 37.258129]], [[-6.75787, 37.258395], [-6.757983, 37.258391], [-6.757974, 37.258211], [-6.757861, 37.258215], [-6.75787, 37.258395]], [[-6.757875, 37.258485], [-6.757762, 37.258488], [-6.757767, 37.258578], [-6.757879, 37.258575], [-6.757875, 37.258485]]]}, "properties": {"id": "donana-2026-166720-4130160", "ha": 0.75, "plastic_dates": 4.2, "valid_dates": 9.5, "admin_zone": "Zona A", "plan_zone": "Zona A - Suelo Forestal", "distance_to_irrigable_m": 14, "sigpac_ref": "21:46:0:0:18:46:26", "sigpac_use": "IV", "sigpac_irrigation_coef": 100, "sigpac_url": "https://sigpac-hubcloud.es/servicioconsultassigpac/query/recinfo/21/46/0/0/18/46/26.json", "declared_greenhouse_share": 0.99, "declared_irrigated_share": 1.0, "lon": -6.757704, "lat": 37.258445}}, {"type": "Feature", "geometry": {"type": "Polygon", "coordinates": [[[-6.765859, 37.237781], [-6.765738, 37.237604], [-6.765625, 37.237608], [-6.765621, 37.237518], [-6.765508, 37.237522], [-6.765504, 37.237432], [-6.765279, 37.237439], [-6.76559, 37.236888], [-6.76604, 37.236874], [-6.766161, 37.23705], [-6.766616, 37.237126], [-6.766521, 37.237489], [-6.7663, 37.237586], [-6.766305, 37.237676], [-6.766192, 37.23768], [-6.766197, 37.23777], [-6.765859, 37.237781]]]}, "properties": {"id": "donana-2026-165900-4127850", "ha": 0.75, "plastic_dates": 3.3, "valid_dates": 9.4, "admin_zone": "Zona C", "plan_zone": "Zona C - No regable", "distance_to_irrigable_m": 21, "sigpac_ref": "21:50:0:0:32:65:10", "sigpac_use": "IV", "sigpac_irrigation_coef": 100, "sigpac_url": "https://sigpac-hubcloud.es/servicioconsultassigpac/query/recinfo/21/50/0/0/32/65/10.json", "declared_greenhouse_share": 0.97, "declared_irrigated_share": 0.97, "lon": -6.765895, "lat": 37.237374}}, {"type": "Feature", "geometry": {"type": "Polygon", "coordinates": [[[-6.752214, 37.278394], [-6.752552, 37.278383], [-6.752561, 37.278563], [-6.752899, 37.278552], [-6.752916, 37.278912], [-6.752804, 37.278916], [-6.752813, 37.279096], [-6.752475, 37.279106], [-6.75248, 37.279196], [-6.751917, 37.279214], [-6.751813, 37.279398], [-6.751701, 37.279401], [-6.751705, 37.279491], [-6.751367, 37.279502], [-6.751358, 37.279322], [-6.751579, 37.279225], [-6.751561, 37.278865], [-6.751786, 37.278858], [-6.7518, 37.279128], [-6.751912, 37.279124], [-6.751899, 37.278854], [-6.752011, 37.278851], [-6.751994, 37.278491], [-6.752106, 37.278487], [-6.75212, 37.278757], [-6.752232, 37.278754], [-6.752214, 37.278394]], [[-6.752246, 37.279023], [-6.752471, 37.279016], [-6.752462, 37.278836], [-6.752232, 37.278754], [-6.752246, 37.279023]]]}, "properties": {"id": "donana-2026-167260-4132420", "ha": 0.74, "plastic_dates": 2.4, "valid_dates": 10.1, "admin_zone": "Zona A", "plan_zone": "Zona A - Suelo Forestal", "distance_to_irrigable_m": 10, "sigpac_ref": "21:46:0:0:19:4:10", "sigpac_use": "IV", "sigpac_irrigation_coef": 100, "sigpac_url": "https://sigpac-hubcloud.es/servicioconsultassigpac/query/recinfo/21/46/0/0/19/4/10.json", "declared_greenhouse_share": 1.0, "declared_irrigated_share": 1.0, "lon": -6.752637, "lat": 37.278966}}, {"type": "Feature", "geometry": {"type": "Polygon", "coordinates": [[[-6.72077, 37.260289], [-6.720649, 37.260113], [-6.720311, 37.260123], [-6.720293, 37.259763], [-6.720181, 37.259767], [-6.72019, 37.259947], [-6.719964, 37.259954], [-6.720276, 37.259404], [-6.720955, 37.259472], [-6.72096, 37.259562], [-6.721185, 37.259555], [-6.721189, 37.259645], [-6.721527, 37.259634], [-6.721423, 37.259818], [-6.721198, 37.259825], [-6.721319, 37.260001], [-6.721099, 37.260098], [-6.721108, 37.260278], [-6.72077, 37.260289]], [[-6.720986, 37.260102], [-6.720874, 37.260105], [-6.720878, 37.260195], [-6.720991, 37.260192], [-6.720986, 37.260102]], [[-6.721077, 37.259649], [-6.720851, 37.259656], [-6.720856, 37.259746], [-6.721081, 37.259739], [-6.721077, 37.259649]]]}, "properties": {"id": "donana-2026-170010-4130190", "ha": 0.74, "plastic_dates": 2.2, "valid_dates": 10.0, "admin_zone": "Zona C", "plan_zone": "Zona C - No regable", "distance_to_irrigable_m": 108, "sigpac_ref": "21:46:0:0:10:102:1", "sigpac_use": "IV", "sigpac_irrigation_coef": 100, "sigpac_url": "https://sigpac-hubcloud.es/servicioconsultassigpac/query/recinfo/21/46/0/0/10/102/1.json", "declared_greenhouse_share": 1.0, "declared_irrigated_share": 0.88, "lon": -6.72075, "lat": 37.259884}}, {"type": "Feature", "geometry": {"type": "Polygon", "coordinates": [[[-6.724088, 37.229284], [-6.72408, 37.229104], [-6.723742, 37.229114], [-6.723724, 37.228755], [-6.723949, 37.228748], [-6.72381, 37.228211], [-6.723923, 37.228208], [-6.723905, 37.227848], [-6.724018, 37.227845], [-6.724026, 37.228024], [-6.724139, 37.228021], [-6.724143, 37.228111], [-6.724364, 37.228014], [-6.724368, 37.228104], [-6.724593, 37.228097], [-6.724598, 37.228187], [-6.724373, 37.228194], [-6.724494, 37.22837], [-6.724607, 37.228367], [-6.724611, 37.228456], [-6.724386, 37.228464], [-6.724507, 37.22864], [-6.724395, 37.228643], [-6.724399, 37.228733], [-6.724629, 37.228816], [-6.724638, 37.228996], [-6.724413, 37.229003], [-6.724421, 37.229183], [-6.724196, 37.22919], [-6.724201, 37.22928], [-6.724088, 37.229284]], [[-6.724516, 37.22882], [-6.724404, 37.228823], [-6.724408, 37.228913], [-6.724521, 37.22891], [-6.724516, 37.22882]]]}, "properties": {"id": "donana-2026-169560-4126730", "ha": 0.74, "plastic_dates": 2.4, "valid_dates": 10.1, "admin_zone": "Zona A", "plan_zone": "Zona A - Suelo Forestal", "distance_to_irrigable_m": 13, "sigpac_ref": "21:46:0:0:12:1:5", "sigpac_use": "IV", "sigpac_irrigation_coef": 100, "sigpac_url": "https://sigpac-hubcloud.es/servicioconsultassigpac/query/recinfo/21/46/0/0/12/1/5.json", "declared_greenhouse_share": 1.0, "declared_irrigated_share": 1.0, "lon": -6.724224, "lat": 37.228604}}, {"type": "Feature", "geometry": {"type": "Polygon", "coordinates": [[[-6.499842, 37.19685], [-6.499826, 37.196491], [-6.499713, 37.196494], [-6.499696, 37.196134], [-6.499584, 37.196137], [-6.499571, 37.195867], [-6.499801, 37.195951], [-6.499805, 37.196041], [-6.500592, 37.196017], [-6.5006, 37.196197], [-6.500713, 37.196194], [-6.500738, 37.196734], [-6.49995, 37.196757], [-6.499955, 37.196847], [-6.499842, 37.19685]]]}, "properties": {"id": "donana-2026-189310-4122390", "ha": 0.72, "plastic_dates": 4.0, "valid_dates": 11.0, "admin_zone": "Zona B", "plan_zone": "Zona B - No regable", "distance_to_irrigable_m": 18, "sigpac_ref": "21:5:0:0:46:13:23", "sigpac_use": "FY", "sigpac_irrigation_coef": 0, "sigpac_url": "https://sigpac-hubcloud.es/servicioconsultassigpac/query/recinfo/21/5/0/0/46/13/23.json", "declared_greenhouse_share": 0.0, "declared_irrigated_share": 0.0, "lon": -6.500213, "lat": 37.196344}}, {"type": "Feature", "geometry": {"type": "Polygon", "coordinates": [[[-6.756873, 37.267796], [-6.756751, 37.267619], [-6.756639, 37.267623], [-6.75663, 37.267443], [-6.756855, 37.267436], [-6.756846, 37.267256], [-6.757296, 37.267242], [-6.757301, 37.267332], [-6.757751, 37.267317], [-6.757755, 37.267407], [-6.75798, 37.2674], [-6.758102, 37.267576], [-6.757989, 37.26758], [-6.757998, 37.26776], [-6.757886, 37.267763], [-6.757895, 37.267943], [-6.757782, 37.267947], [-6.757786, 37.268037], [-6.757561, 37.268044], [-6.757557, 37.267954], [-6.757219, 37.267965], [-6.757098, 37.267788], [-6.756873, 37.267796]], [[-6.75721, 37.267785], [-6.757206, 37.267695], [-6.757093, 37.267699], [-6.757098, 37.267788], [-6.75721, 37.267785]], [[-6.757089, 37.267609], [-6.756976, 37.267612], [-6.756981, 37.267702], [-6.757093, 37.267699], [-6.757089, 37.267609]]]}, "properties": {"id": "donana-2026-166780-4131180", "ha": 0.71, "plastic_dates": 2.8, "valid_dates": 8.8, "admin_zone": "Zona A", "plan_zone": "Zona A - Suelo Forestal", "distance_to_irrigable_m": 19, "sigpac_ref": "21:46:0:0:18:11:58", "sigpac_use": "IV", "sigpac_irrigation_coef": 0, "sigpac_url": "https://sigpac-hubcloud.es/servicioconsultassigpac/query/recinfo/21/46/0/0/18/11/58.json", "declared_greenhouse_share": 1.0, "declared_irrigated_share": 0.0, "lon": -6.757541, "lat": 37.267639}}, {"type": "Feature", "geometry": {"type": "MultiPolygon", "coordinates": [[[[-6.844617, 37.257678], [-6.844626, 37.257858], [-6.844739, 37.257854], [-6.844744, 37.257944], [-6.844519, 37.257951], [-6.844523, 37.258041], [-6.844298, 37.258048], [-6.844303, 37.258138], [-6.843965, 37.258149], [-6.84396, 37.258059], [-6.84351, 37.258074], [-6.843407, 37.258258], [-6.843295, 37.258261], [-6.843281, 37.257991], [-6.843618, 37.25798], [-6.843609, 37.257801], [-6.843384, 37.257808], [-6.84338, 37.257718], [-6.843267, 37.257722], [-6.84337, 37.257538], [-6.842925, 37.257643], [-6.842916, 37.257463], [-6.843253, 37.257452], [-6.843249, 37.257362], [-6.843361, 37.257358], [-6.843483, 37.257534], [-6.843708, 37.257527], [-6.843703, 37.257437], [-6.843928, 37.25743], [-6.843938, 37.25761], [-6.84405, 37.257606], [-6.844055, 37.257696], [-6.844617, 37.257678]], [[-6.843713, 37.257617], [-6.843825, 37.257613], [-6.843821, 37.257523], [-6.843708, 37.257527], [-6.843713, 37.257617]], [[-6.843717, 37.257707], [-6.843722, 37.257797], [-6.844059, 37.257786], [-6.844055, 37.257696], [-6.843717, 37.257707]]], [[[-6.843168, 37.257995], [-6.843159, 37.257815], [-6.843047, 37.257819], [-6.843042, 37.257729], [-6.843267, 37.257722], [-6.843272, 37.257811], [-6.843384, 37.257808], [-6.843389, 37.257898], [-6.843276, 37.257901], [-6.843281, 37.257991], [-6.843168, 37.257995]]]]}, "properties": {"id": "donana-2026-159050-4130400", "ha": 0.7, "plastic_dates": 2.3, "valid_dates": 10.7, "admin_zone": "Zona C", "plan_zone": "Zona C - No regable", "distance_to_irrigable_m": 14, "sigpac_ref": "21:50:0:0:20:191:1", "sigpac_use": "IV", "sigpac_irrigation_coef": 0, "sigpac_url": "https://sigpac-hubcloud.es/servicioconsultassigpac/query/recinfo/21/50/0/0/20/191/1.json", "declared_greenhouse_share": 0.97, "declared_irrigated_share": 0.0, "lon": -6.844118, "lat": 37.257829}}, {"type": "Feature", "geometry": {"type": "Polygon", "coordinates": [[[-6.59955, 37.259176], [-6.599546, 37.259086], [-6.599433, 37.25909], [-6.599425, 37.25891], [-6.599312, 37.258913], [-6.599308, 37.258823], [-6.599195, 37.258827], [-6.599291, 37.258464], [-6.599516, 37.258457], [-6.599507, 37.258277], [-6.599962, 37.258353], [-6.600083, 37.25853], [-6.600195, 37.258526], [-6.6002, 37.258616], [-6.600312, 37.258613], [-6.600316, 37.258703], [-6.600541, 37.258696], [-6.600437, 37.258879], [-6.600212, 37.258886], [-6.600217, 37.258976], [-6.600104, 37.258979], [-6.600108, 37.259069], [-6.599883, 37.259076], [-6.599779, 37.25926], [-6.59955, 37.259176]]]}, "properties": {"id": "donana-2026-180730-4129650", "ha": 0.7, "plastic_dates": 2.1, "valid_dates": 10.9, "admin_zone": "Zona C", "plan_zone": "Zona C - No regable", "distance_to_irrigable_m": 22, "sigpac_ref": "21:5:0:0:38:9:28", "sigpac_use": "IV", "sigpac_irrigation_coef": 0, "sigpac_url": "https://sigpac-hubcloud.es/servicioconsultassigpac/query/recinfo/21/5/0/0/38/9/28.json", "declared_greenhouse_share": 1.0, "declared_irrigated_share": 0.0, "lon": -6.599868, "lat": 37.258761}}, {"type": "Feature", "geometry": {"type": "MultiPolygon", "coordinates": [[[[-6.676349, 37.304021], [-6.676354, 37.304111], [-6.676466, 37.304107], [-6.676362, 37.304291], [-6.676025, 37.304301], [-6.676029, 37.304391], [-6.676479, 37.304377], [-6.676475, 37.304287], [-6.676588, 37.304284], [-6.676718, 37.30464], [-6.67683, 37.304637], [-6.676839, 37.304816], [-6.676393, 37.30492], [-6.676398, 37.30501], [-6.676172, 37.305017], [-6.676177, 37.305107], [-6.675839, 37.305118], [-6.675834, 37.305028], [-6.675947, 37.305024], [-6.675943, 37.304934], [-6.676281, 37.304924], [-6.676276, 37.304834], [-6.676614, 37.304823], [-6.676596, 37.304464], [-6.676371, 37.304471], [-6.676376, 37.304561], [-6.676038, 37.304571], [-6.676042, 37.304661], [-6.675817, 37.304668], [-6.675821, 37.304758], [-6.675709, 37.304761], [-6.675713, 37.304851], [-6.675601, 37.304855], [-6.675592, 37.304675], [-6.675479, 37.304679], [-6.675475, 37.304589], [-6.675813, 37.304578], [-6.675808, 37.304488], [-6.675921, 37.304485], [-6.675912, 37.304305], [-6.675574, 37.304315], [-6.67547, 37.304499], [-6.675358, 37.304502], [-6.675349, 37.304322], [-6.67557, 37.304225], [-6.675565, 37.304135], [-6.675228, 37.304146], [-6.675223, 37.304056], [-6.675674, 37.304042], [-6.675678, 37.304132], [-6.675903, 37.304125], [-6.675899, 37.304035], [-6.676349, 37.304021]]], [[[-6.675669, 37.303952], [-6.675894, 37.303945], [-6.67589, 37.303855], [-6.676003, 37.303851], [-6.675899, 37.304035], [-6.675674, 37.304042], [-6.675669, 37.303952]]], [[[-6.675722, 37.305031], [-6.675713, 37.304851], [-6.675826, 37.304848], [-6.675834, 37.305028], [-6.675722, 37.305031]]]]}, "properties": {"id": "donana-2026-174160-4134990", "ha": 0.69, "plastic_dates": 3.1, "valid_dates": 10.0, "admin_zone": "Zona C", "plan_zone": "Zona C - No regable", "distance_to_irrigable_m": 18, "sigpac_ref": "21:14:0:0:22:283:1", "sigpac_use": "PS", "sigpac_irrigation_coef": 0, "sigpac_url": "https://sigpac-hubcloud.es/servicioconsultassigpac/query/recinfo/21/14/0/0/22/283/1.json", "declared_greenhouse_share": 0.1, "declared_irrigated_share": 0.0, "lon": -6.676092, "lat": 37.304524}}, {"type": "Feature", "geometry": {"type": "MultiPolygon", "coordinates": [[[[-6.726483, 37.227587], [-6.726488, 37.227677], [-6.7266, 37.227673], [-6.726605, 37.227763], [-6.726717, 37.22776], [-6.726722, 37.227849], [-6.726947, 37.227842], [-6.726956, 37.228022], [-6.726731, 37.228029], [-6.726627, 37.228213], [-6.726514, 37.228216], [-6.726519, 37.228306], [-6.726406, 37.22831], [-6.726411, 37.2284], [-6.726186, 37.228407], [-6.726289, 37.228223], [-6.726065, 37.228231], [-6.726069, 37.22832], [-6.725844, 37.228328], [-6.725948, 37.228144], [-6.72606, 37.228141], [-6.726056, 37.228051], [-6.726168, 37.228047], [-6.726164, 37.227957], [-6.726051, 37.227961], [-6.726042, 37.227781], [-6.726267, 37.227774], [-6.726371, 37.22759], [-6.726483, 37.227587]], [[-6.726497, 37.227857], [-6.726384, 37.22786], [-6.726398, 37.22813], [-6.72651, 37.228126], [-6.726497, 37.227857]]], [[[-6.726029, 37.227511], [-6.72625, 37.227414], [-6.726371, 37.22759], [-6.726142, 37.227507], [-6.72615, 37.227687], [-6.726038, 37.227691], [-6.726029, 37.227511]]], [[[-6.725367, 37.227802], [-6.725363, 37.227712], [-6.726038, 37.227691], [-6.726042, 37.227781], [-6.725817, 37.227788], [-6.725822, 37.227878], [-6.725597, 37.227885], [-6.725601, 37.227975], [-6.725376, 37.227982], [-6.725255, 37.227806], [-6.725367, 37.227802]]], [[[-6.725251, 37.227716], [-6.725255, 37.227806], [-6.725142, 37.227809], [-6.725138, 37.227719], [-6.725026, 37.227723], [-6.725021, 37.227633], [-6.725251, 37.227716]]], [[[-6.725021, 37.227633], [-6.724909, 37.227636], [-6.724904, 37.227546], [-6.725017, 37.227543], [-6.725021, 37.227633]]], [[[-6.724792, 37.22755], [-6.724783, 37.22737], [-6.725008, 37.227363], [-6.725003, 37.227273], [-6.725116, 37.227269], [-6.725129, 37.227539], [-6.725017, 37.227543], [-6.725012, 37.227453], [-6.7249, 37.227456], [-6.724904, 37.227546], [-6.724792, 37.22755]]], [[[-6.725848, 37.228418], [-6.725736, 37.228421], [-6.725615, 37.228245], [-6.725844, 37.228328], [-6.725848, 37.228418]]]]}, "properties": {"id": "donana-2026-169370-4126650", "ha": 0.68, "plastic_dates": 2.8, "valid_dates": 10.3, "admin_zone": "Zona C", "plan_zone": "Zona C - No regable", "distance_to_irrigable_m": 22, "sigpac_ref": "21:46:0:0:12:2:43", "sigpac_use": "IV", "sigpac_irrigation_coef": 0, "sigpac_url": "https://sigpac-hubcloud.es/servicioconsultassigpac/query/recinfo/21/46/0/0/12/2/43.json", "declared_greenhouse_share": 1.0, "declared_irrigated_share": 0.0, "lon": -6.726382, "lat": 37.227815}}, {"type": "Feature", "geometry": {"type": "Polygon", "coordinates": [[[-6.742377, 37.241409], [-6.742368, 37.241229], [-6.741806, 37.241247], [-6.741801, 37.241157], [-6.741576, 37.241164], [-6.741567, 37.240984], [-6.741792, 37.240977], [-6.741788, 37.240887], [-6.7419, 37.240884], [-6.741891, 37.240704], [-6.742112, 37.240607], [-6.742107, 37.240517], [-6.74222, 37.240513], [-6.742215, 37.240423], [-6.742328, 37.24042], [-6.742341, 37.240689], [-6.742571, 37.240772], [-6.742575, 37.240862], [-6.742688, 37.240859], [-6.742692, 37.240949], [-6.742805, 37.240945], [-6.742809, 37.241035], [-6.743034, 37.241028], [-6.743043, 37.241208], [-6.742931, 37.241211], [-6.742935, 37.241301], [-6.742598, 37.241312], [-6.742602, 37.241402], [-6.742377, 37.241409]]]}, "properties": {"id": "donana-2026-168020-4128160", "ha": 0.67, "plastic_dates": 3.3, "valid_dates": 9.5, "admin_zone": "Zona C", "plan_zone": "Zona C - No regable", "distance_to_irrigable_m": 16, "sigpac_ref": "21:46:0:0:16:5:54", "sigpac_use": "IV", "sigpac_irrigation_coef": 100, "sigpac_url": "https://sigpac-hubcloud.es/servicioconsultassigpac/query/recinfo/21/46/0/0/16/5/54.json", "declared_greenhouse_share": 0.93, "declared_irrigated_share": 0.9, "lon": -6.74224, "lat": 37.240918}}, {"type": "Feature", "geometry": {"type": "MultiPolygon", "coordinates": [[[[-6.802155, 37.222385], [-6.802174, 37.222745], [-6.802061, 37.222749], [-6.80207, 37.222929], [-6.801958, 37.222932], [-6.801949, 37.222752], [-6.801611, 37.222763], [-6.80162, 37.222943], [-6.801508, 37.222947], [-6.801512, 37.223037], [-6.801175, 37.223048], [-6.801161, 37.222778], [-6.801382, 37.222681], [-6.80126, 37.222504], [-6.801148, 37.222508], [-6.801157, 37.222688], [-6.800932, 37.222695], [-6.800941, 37.222875], [-6.800603, 37.222886], [-6.800698, 37.222522], [-6.80081, 37.222519], [-6.800801, 37.222339], [-6.800914, 37.222335], [-6.800905, 37.222155], [-6.801017, 37.222152], [-6.801022, 37.222242], [-6.801584, 37.222224], [-6.801607, 37.222673], [-6.801719, 37.22267], [-6.801715, 37.22258], [-6.80194, 37.222573], [-6.801935, 37.222483], [-6.802155, 37.222385]], [[-6.801373, 37.222501], [-6.801364, 37.222321], [-6.801026, 37.222332], [-6.801031, 37.222422], [-6.801256, 37.222414], [-6.80126, 37.222504], [-6.801373, 37.222501]]], [[[-6.80171, 37.22249], [-6.801701, 37.22231], [-6.80193, 37.222393], [-6.801935, 37.222483], [-6.80171, 37.22249]]]]}, "properties": {"id": "donana-2026-162640-4126340", "ha": 0.67, "plastic_dates": 3.8, "valid_dates": 10.0, "admin_zone": "Zona C", "plan_zone": "Zona C - No regable", "distance_to_irrigable_m": 40, "sigpac_ref": "21:50:0:0:33:31:1", "sigpac_use": "IV", "sigpac_irrigation_coef": 100, "sigpac_url": "https://sigpac-hubcloud.es/servicioconsultassigpac/query/recinfo/21/50/0/0/33/31/1.json", "declared_greenhouse_share": 1.0, "declared_irrigated_share": 1.0, "lon": -6.801942, "lat": 37.222617}}, {"type": "Feature", "geometry": {"type": "MultiPolygon", "coordinates": [[[[-6.760653, 37.271279], [-6.760649, 37.271189], [-6.760086, 37.271207], [-6.760095, 37.271387], [-6.760208, 37.271383], [-6.760212, 37.271473], [-6.7601, 37.271477], [-6.760108, 37.271657], [-6.759888, 37.271754], [-6.759892, 37.271844], [-6.759555, 37.271854], [-6.75955, 37.271764], [-6.759325, 37.271772], [-6.759321, 37.271682], [-6.759541, 37.271585], [-6.759532, 37.271405], [-6.759753, 37.271308], [-6.759748, 37.271218], [-6.759861, 37.271214], [-6.759856, 37.271124], [-6.760194, 37.271113], [-6.76019, 37.271023], [-6.760415, 37.271016], [-6.76041, 37.270926], [-6.760635, 37.270919], [-6.760757, 37.271095], [-6.761095, 37.271085], [-6.761099, 37.271175], [-6.761324, 37.271168], [-6.761338, 37.271437], [-6.761, 37.271448], [-6.760995, 37.271358], [-6.76077, 37.271365], [-6.760766, 37.271275], [-6.760653, 37.271279]], [[-6.760878, 37.271272], [-6.760874, 37.271182], [-6.760761, 37.271185], [-6.760766, 37.271275], [-6.760878, 37.271272]], [[-6.759987, 37.27148], [-6.759874, 37.271484], [-6.759879, 37.271574], [-6.759991, 37.27157], [-6.759987, 37.27148]]], [[[-6.760775, 37.271455], [-6.76055, 37.271462], [-6.760545, 37.271372], [-6.76077, 37.271365], [-6.760775, 37.271455]]], [[[-6.76132, 37.271078], [-6.761432, 37.271074], [-6.761437, 37.271164], [-6.761324, 37.271168], [-6.76132, 37.271078]]]]}, "properties": {"id": "donana-2026-166590-4131610", "ha": 0.66, "plastic_dates": 2.6, "valid_dates": 8.8, "admin_zone": "Zona C", "plan_zone": "Zona C - No regable", "distance_to_irrigable_m": 20, "sigpac_ref": "21:46:0:0:18:10:29", "sigpac_use": "IV", "sigpac_irrigation_coef": 52, "sigpac_url": "https://sigpac-hubcloud.es/servicioconsultassigpac/query/recinfo/21/46/0/0/18/10/29.json", "declared_greenhouse_share": 1.0, "declared_irrigated_share": 1.0, "lon": -6.759872, "lat": 37.271439}}, {"type": "Feature", "geometry": {"type": "Polygon", "coordinates": [[[-6.772173, 37.280732], [-6.772168, 37.280642], [-6.771943, 37.280649], [-6.771822, 37.280472], [-6.771709, 37.280476], [-6.7717, 37.280296], [-6.771588, 37.2803], [-6.77157, 37.27994], [-6.771682, 37.279936], [-6.771678, 37.279846], [-6.772015, 37.279836], [-6.772006, 37.279656], [-6.772119, 37.279652], [-6.772132, 37.279922], [-6.772245, 37.279918], [-6.772249, 37.280008], [-6.772475, 37.280001], [-6.772479, 37.280091], [-6.772592, 37.280088], [-6.772587, 37.279998], [-6.7727, 37.279994], [-6.772596, 37.280177], [-6.772709, 37.280174], [-6.772718, 37.280354], [-6.772492, 37.280361], [-6.772497, 37.280451], [-6.772384, 37.280454], [-6.772393, 37.280634], [-6.772281, 37.280638], [-6.772285, 37.280728], [-6.772173, 37.280732]], [[-6.77202, 37.279926], [-6.771907, 37.279929], [-6.771912, 37.280019], [-6.772024, 37.280016], [-6.77202, 37.279926]]]}, "properties": {"id": "donana-2026-165540-4132630", "ha": 0.65, "plastic_dates": 4.2, "valid_dates": 9.9, "admin_zone": "Zona A", "plan_zone": "Zona A - Suelo Forestal", "distance_to_irrigable_m": 18, "sigpac_ref": "21:50:0:0:10:89:11", "sigpac_use": "IV", "sigpac_irrigation_coef": 100, "sigpac_url": "https://sigpac-hubcloud.es/servicioconsultassigpac/query/recinfo/21/50/0/0/10/89/11.json", "declared_greenhouse_share": 0.97, "declared_irrigated_share": 0.89, "lon": -6.772148, "lat": 37.280237}}, {"type": "Feature", "geometry": {"type": "Polygon", "coordinates": [[[-6.739546, 37.241138], [-6.739997, 37.241124], [-6.740001, 37.241214], [-6.740226, 37.241207], [-6.74023, 37.241297], [-6.740455, 37.24129], [-6.74046, 37.24138], [-6.740685, 37.241372], [-6.740689, 37.241462], [-6.740914, 37.241455], [-6.740919, 37.241545], [-6.740694, 37.241552], [-6.740703, 37.241732], [-6.74059, 37.241736], [-6.740712, 37.241912], [-6.740487, 37.241919], [-6.740478, 37.241739], [-6.740257, 37.241836], [-6.740379, 37.242013], [-6.740266, 37.242016], [-6.740262, 37.241926], [-6.740037, 37.241933], [-6.74014, 37.24175], [-6.740253, 37.241746], [-6.740248, 37.241657], [-6.739578, 37.241768], [-6.739569, 37.241588], [-6.739798, 37.241671], [-6.739902, 37.241487], [-6.739452, 37.241502], [-6.739456, 37.241591], [-6.739344, 37.241595], [-6.739339, 37.241505], [-6.739114, 37.241512], [-6.73911, 37.241422], [-6.739335, 37.241415], [-6.739438, 37.241232], [-6.739551, 37.241228], [-6.739546, 37.241138]], [[-6.73956, 37.241408], [-6.739672, 37.241404], [-6.739663, 37.241225], [-6.739551, 37.241228], [-6.73956, 37.241408]], [[-6.740118, 37.2413], [-6.739893, 37.241307], [-6.739897, 37.241397], [-6.740122, 37.24139], [-6.740118, 37.2413]]]}, "properties": {"id": "donana-2026-168200-4128230", "ha": 0.65, "plastic_dates": 3.0, "valid_dates": 9.1, "admin_zone": "Zona A", "plan_zone": "Zona A - Suelo Forestal", "distance_to_irrigable_m": 55, "sigpac_ref": "21:46:0:0:16:6:16", "sigpac_use": "IV", "sigpac_irrigation_coef": 0, "sigpac_url": "https://sigpac-hubcloud.es/servicioconsultassigpac/query/recinfo/21/46/0/0/16/6/16.json", "declared_greenhouse_share": 1.0, "declared_irrigated_share": 0.0, "lon": -6.740246, "lat": 37.241612}}, {"type": "Feature", "geometry": {"type": "Polygon", "coordinates": [[[-6.648214, 37.235252], [-6.648205, 37.235072], [-6.648093, 37.235076], [-6.648075, 37.234716], [-6.648296, 37.234619], [-6.648292, 37.234529], [-6.648404, 37.234526], [-6.6484, 37.234436], [-6.648625, 37.234429], [-6.648621, 37.234339], [-6.648958, 37.234328], [-6.648971, 37.234598], [-6.649084, 37.234595], [-6.649092, 37.234775], [-6.649205, 37.234771], [-6.649214, 37.234951], [-6.648989, 37.234958], [-6.648993, 37.235048], [-6.648655, 37.235058], [-6.64866, 37.235148], [-6.648435, 37.235155], [-6.648439, 37.235245], [-6.648214, 37.235252]]]}, "properties": {"id": "donana-2026-176300-4127170", "ha": 0.65, "plastic_dates": 3.5, "valid_dates": 9.3, "admin_zone": "Zona C", "plan_zone": "Zona C - No regable", "distance_to_irrigable_m": 20, "sigpac_ref": "21:5:0:0:40:1:88", "sigpac_use": "IV", "sigpac_irrigation_coef": 40, "sigpac_url": "https://sigpac-hubcloud.es/servicioconsultassigpac/query/recinfo/21/5/0/0/40/1/88.json", "declared_greenhouse_share": 1.0, "declared_irrigated_share": 1.0, "lon": -6.648647, "lat": 37.234879}}, {"type": "Feature", "geometry": {"type": "Polygon", "coordinates": [[[-6.795558, 37.212147], [-6.795554, 37.212057], [-6.795442, 37.212061], [-6.795428, 37.211791], [-6.79554, 37.211787], [-6.795518, 37.211338], [-6.79563, 37.211334], [-6.795603, 37.210794], [-6.795828, 37.210787], [-6.795833, 37.210877], [-6.79617, 37.210866], [-6.796193, 37.211316], [-6.79608, 37.21132], [-6.795995, 37.211863], [-6.795882, 37.211866], [-6.795891, 37.212046], [-6.795779, 37.21205], [-6.795783, 37.21214], [-6.795558, 37.212147]]]}, "properties": {"id": "donana-2026-163130-4125080", "ha": 0.65, "plastic_dates": 6.0, "valid_dates": 9.4, "admin_zone": "Zona C", "plan_zone": "Zona C - No regable", "distance_to_irrigable_m": 16, "sigpac_ref": "21:50:0:0:33:54:3", "sigpac_use": "IV", "sigpac_irrigation_coef": 100, "sigpac_url": "https://sigpac-hubcloud.es/servicioconsultassigpac/query/recinfo/21/50/0/0/33/54/3.json", "declared_greenhouse_share": 1.0, "declared_irrigated_share": 1.0, "lon": -6.795806, "lat": 37.211464}}, {"type": "Feature", "geometry": {"type": "Polygon", "coordinates": [[[-6.726989, 37.262976], [-6.726868, 37.262799], [-6.726755, 37.262803], [-6.726728, 37.262263], [-6.726949, 37.262166], [-6.726945, 37.262076], [-6.727174, 37.262159], [-6.727179, 37.262249], [-6.727404, 37.262242], [-6.727408, 37.262332], [-6.727858, 37.262318], [-6.727867, 37.262498], [-6.727646, 37.262595], [-6.727651, 37.262685], [-6.727538, 37.262688], [-6.727543, 37.262778], [-6.72743, 37.262782], [-6.727435, 37.262872], [-6.72721, 37.262879], [-6.727214, 37.262969], [-6.726989, 37.262976]]]}, "properties": {"id": "donana-2026-169440-4130510", "ha": 0.61, "plastic_dates": 4.3, "valid_dates": 10.2, "admin_zone": "Zona C", "plan_zone": "Zona C - No regable", "distance_to_irrigable_m": 19, "sigpac_ref": "21:46:0:0:10:52:1", "sigpac_use": "IV", "sigpac_irrigation_coef": 0, "sigpac_url": "https://sigpac-hubcloud.es/servicioconsultassigpac/query/recinfo/21/46/0/0/10/52/1.json", "declared_greenhouse_share": 1.0, "declared_irrigated_share": 0.34, "lon": -6.72725, "lat": 37.262562}}, {"type": "Feature", "geometry": {"type": "MultiPolygon", "coordinates": [[[[-6.748881, 37.270302], [-6.74889, 37.270481], [-6.749115, 37.270474], [-6.749111, 37.270384], [-6.749223, 37.270381], [-6.749228, 37.270471], [-6.749565, 37.27046], [-6.749462, 37.270643], [-6.749124, 37.270654], [-6.74912, 37.270564], [-6.749007, 37.270568], [-6.749016, 37.270748], [-6.749241, 37.270741], [-6.749246, 37.270831], [-6.748908, 37.270841], [-6.748899, 37.270661], [-6.748561, 37.270672], [-6.748552, 37.270492], [-6.748665, 37.270489], [-6.748661, 37.270399], [-6.748548, 37.270402], [-6.748544, 37.270312], [-6.748881, 37.270302]]], [[[-6.748535, 37.270132], [-6.748544, 37.270312], [-6.748431, 37.270316], [-6.74844, 37.270496], [-6.74821, 37.270413], [-6.748206, 37.270323], [-6.748318, 37.270319], [-6.748309, 37.270139], [-6.748535, 37.270132]]], [[[-6.748305, 37.27005], [-6.748309, 37.270139], [-6.748197, 37.270143], [-6.748192, 37.270053], [-6.748305, 37.27005]]], [[[-6.747391, 37.269808], [-6.747279, 37.269812], [-6.747274, 37.269722], [-6.747499, 37.269715], [-6.747504, 37.269805], [-6.747616, 37.269801], [-6.747612, 37.269711], [-6.747837, 37.269704], [-6.747846, 37.269884], [-6.748071, 37.269877], [-6.748192, 37.270053], [-6.747972, 37.27015], [-6.747976, 37.27024], [-6.747639, 37.270251], [-6.747517, 37.270075], [-6.74763, 37.270071], [-6.747625, 37.269981], [-6.7474, 37.269988], [-6.747391, 37.269808]], [[-6.747963, 37.26997], [-6.747742, 37.270067], [-6.747747, 37.270157], [-6.747972, 37.27015], [-6.747963, 37.26997]], [[-6.747738, 37.269977], [-6.747733, 37.269887], [-6.747621, 37.269891], [-6.747625, 37.269981], [-6.747738, 37.269977]]], [[[-6.747405, 37.270078], [-6.74718, 37.270085], [-6.747171, 37.269905], [-6.7474, 37.269988], [-6.747405, 37.270078]]]]}, "properties": {"id": "donana-2026-167600-4131440", "ha": 0.6, "plastic_dates": 2.4, "valid_dates": 10.2, "admin_zone": "Zona C", "plan_zone": "Zona C - No regable", "distance_to_irrigable_m": 165, "sigpac_ref": "21:46:0:0:18:12:3", "sigpac_use": "IV", "sigpac_irrigation_coef": 0, "sigpac_url": "https://sigpac-hubcloud.es/servicioconsultassigpac/query/recinfo/21/46/0/0/18/12/3.json", "declared_greenhouse_share": 1.0, "declared_irrigated_share": 0.0, "lon": -6.748429, "lat": 37.270271}}, {"type": "Feature", "geometry": {"type": "Polygon", "coordinates": [[[-6.793295, 37.286001], [-6.793286, 37.285821], [-6.793173, 37.285825], [-6.793159, 37.285555], [-6.79293, 37.285472], [-6.792925, 37.285383], [-6.792813, 37.285386], [-6.792781, 37.284757], [-6.793011, 37.284839], [-6.793015, 37.284929], [-6.793353, 37.284918], [-6.793362, 37.285098], [-6.793474, 37.285095], [-6.793614, 37.285631], [-6.793727, 37.285627], [-6.79374, 37.285897], [-6.793628, 37.285901], [-6.793619, 37.285721], [-6.793394, 37.285728], [-6.793398, 37.285818], [-6.793511, 37.285814], [-6.79352, 37.285994], [-6.793295, 37.286001]]]}, "properties": {"id": "donana-2026-163690-4133280", "ha": 0.59, "plastic_dates": 2.2, "valid_dates": 9.9, "admin_zone": "Zona C", "plan_zone": "Zona C - No regable", "distance_to_irrigable_m": 12, "sigpac_ref": "21:50:0:0:9:144:2", "sigpac_use": "IV", "sigpac_irrigation_coef": 0, "sigpac_url": "https://sigpac-hubcloud.es/servicioconsultassigpac/query/recinfo/21/50/0/0/9/144/2.json", "declared_greenhouse_share": 1.0, "declared_irrigated_share": 0.0, "lon": -6.793265, "lat": 37.285417}}, {"type": "Feature", "geometry": {"type": "Polygon", "coordinates": [[[-6.807127, 37.224928], [-6.807006, 37.224752], [-6.806893, 37.224755], [-6.806889, 37.224665], [-6.806664, 37.224673], [-6.80665, 37.224403], [-6.806538, 37.224407], [-6.806533, 37.224317], [-6.806646, 37.224313], [-6.806637, 37.224133], [-6.807316, 37.224201], [-6.807321, 37.224291], [-6.807771, 37.224277], [-6.807676, 37.22464], [-6.807564, 37.224644], [-6.807568, 37.224734], [-6.807343, 37.224741], [-6.807352, 37.224921], [-6.807127, 37.224928]]]}, "properties": {"id": "donana-2026-162180-4126580", "ha": 0.59, "plastic_dates": 4.6, "valid_dates": 10.0, "admin_zone": "Zona C", "plan_zone": "Zona C - No regable", "distance_to_irrigable_m": 411, "sigpac_ref": "21:50:0:0:33:23:1", "sigpac_use": "IV", "sigpac_irrigation_coef": 0, "sigpac_url": "https://sigpac-hubcloud.es/servicioconsultassigpac/query/recinfo/21/50/0/0/33/23/1.json", "declared_greenhouse_share": 0.88, "declared_irrigated_share": 0.0, "lon": -6.807166, "lat": 37.224566}}, {"type": "Feature", "geometry": {"type": "MultiPolygon", "coordinates": [[[[-6.77094, 37.267348], [-6.770828, 37.267351], [-6.770823, 37.267261], [-6.770936, 37.267258], [-6.77094, 37.267348]]], [[[-6.77135, 37.266524], [-6.771013, 37.266535], [-6.771017, 37.266625], [-6.77113, 37.266621], [-6.771134, 37.266711], [-6.771359, 37.266704], [-6.771355, 37.266614], [-6.771467, 37.26661], [-6.771476, 37.26679], [-6.771364, 37.266794], [-6.771373, 37.266974], [-6.770918, 37.266898], [-6.77104, 37.267074], [-6.771152, 37.267071], [-6.771157, 37.267161], [-6.770936, 37.267258], [-6.770932, 37.267168], [-6.770819, 37.267171], [-6.770923, 37.266988], [-6.770472, 37.267002], [-6.770477, 37.267092], [-6.770364, 37.267096], [-6.77036, 37.267006], [-6.770247, 37.26701], [-6.770234, 37.26674], [-6.770679, 37.266635], [-6.770783, 37.266452], [-6.771346, 37.266434], [-6.77135, 37.266524]]], [[[-6.771224, 37.266258], [-6.771337, 37.266254], [-6.771458, 37.26643], [-6.771571, 37.266427], [-6.771575, 37.266517], [-6.771346, 37.266434], [-6.771224, 37.266258]]], [[[-6.770711, 37.267265], [-6.770706, 37.267175], [-6.770594, 37.267179], [-6.770589, 37.267089], [-6.770819, 37.267171], [-6.770823, 37.267261], [-6.770711, 37.267265]]]]}, "properties": {"id": "donana-2026-165600-4131140", "ha": 0.56, "plastic_dates": 3.4, "valid_dates": 9.6, "admin_zone": "Zona C", "plan_zone": "Zona C - No regable", "distance_to_irrigable_m": 19, "sigpac_ref": "21:50:0:0:30:58:25", "sigpac_use": "IV", "sigpac_irrigation_coef": 100, "sigpac_url": "https://sigpac-hubcloud.es/servicioconsultassigpac/query/recinfo/21/50/0/0/30/58/25.json", "declared_greenhouse_share": 1.0, "declared_irrigated_share": 0.98, "lon": -6.770803, "lat": 37.266857}}, {"type": "Feature", "geometry": {"type": "Polygon", "coordinates": [[[-6.759155, 37.223039], [-6.75915, 37.222949], [-6.7587, 37.222964], [-6.758696, 37.222874], [-6.758583, 37.222877], [-6.758565, 37.222517], [-6.758678, 37.222514], [-6.758673, 37.222424], [-6.758898, 37.222417], [-6.759002, 37.222233], [-6.759114, 37.22223], [-6.759119, 37.22232], [-6.759569, 37.222305], [-6.759573, 37.222395], [-6.759686, 37.222392], [-6.759582, 37.222575], [-6.75947, 37.222579], [-6.759483, 37.222849], [-6.759263, 37.222946], [-6.759267, 37.223036], [-6.759155, 37.223039]]]}, "properties": {"id": "donana-2026-166450-4126200", "ha": 0.56, "plastic_dates": 4.2, "valid_dates": 9.8, "admin_zone": "Zona A", "plan_zone": "Zona A - Suelo Forestal", "distance_to_irrigable_m": 20, "sigpac_ref": "21:50:0:0:32:69:82", "sigpac_use": "IV", "sigpac_irrigation_coef": 100, "sigpac_url": "https://sigpac-hubcloud.es/servicioconsultassigpac/query/recinfo/21/50/0/0/32/69/82.json", "declared_greenhouse_share": 1.0, "declared_irrigated_share": 1.0, "lon": -6.759027, "lat": 37.222728}}, {"type": "Feature", "geometry": {"type": "Polygon", "coordinates": [[[-6.840829, 37.265188], [-6.840825, 37.265098], [-6.840037, 37.265123], [-6.840028, 37.264944], [-6.84014, 37.26494], [-6.840131, 37.26476], [-6.840244, 37.264756], [-6.840239, 37.264666], [-6.840464, 37.264659], [-6.84046, 37.264569], [-6.840572, 37.264566], [-6.840568, 37.264476], [-6.840793, 37.264468], [-6.840788, 37.264378], [-6.841126, 37.264367], [-6.841247, 37.264544], [-6.84136, 37.26454], [-6.841364, 37.26463], [-6.841252, 37.264634], [-6.841261, 37.264813], [-6.841036, 37.264821], [-6.841139, 37.264637], [-6.840802, 37.264648], [-6.840942, 37.265184], [-6.840829, 37.265188]]]}, "properties": {"id": "donana-2026-159410-4131160", "ha": 0.54, "plastic_dates": 2.6, "valid_dates": 11.1, "admin_zone": "Zona C", "plan_zone": "Zona C - No regable", "distance_to_irrigable_m": 18, "sigpac_ref": "21:50:0:0:14:362:2", "sigpac_use": "IV", "sigpac_irrigation_coef": 0, "sigpac_url": "https://sigpac-hubcloud.es/servicioconsultassigpac/query/recinfo/21/50/0/0/14/362/2.json", "declared_greenhouse_share": 1.0, "declared_irrigated_share": 0.0, "lon": -6.840471, "lat": 37.264794}}, {"type": "Feature", "geometry": {"type": "Polygon", "coordinates": [[[-6.741868, 37.233407], [-6.741864, 37.233317], [-6.741639, 37.233324], [-6.741634, 37.233234], [-6.741747, 37.233231], [-6.741738, 37.233051], [-6.74185, 37.233047], [-6.741841, 37.232867], [-6.741954, 37.232864], [-6.741945, 37.232684], [-6.742058, 37.23268], [-6.742049, 37.232501], [-6.742161, 37.232497], [-6.742152, 37.232317], [-6.742265, 37.232314], [-6.742256, 37.232134], [-6.742368, 37.23213], [-6.742359, 37.23195], [-6.742584, 37.231943], [-6.742598, 37.232213], [-6.742485, 37.232216], [-6.742503, 37.232576], [-6.742391, 37.23258], [-6.742404, 37.23285], [-6.742291, 37.232853], [-6.7423, 37.233033], [-6.742188, 37.233037], [-6.742206, 37.233396], [-6.741868, 37.233407]]]}, "properties": {"id": "donana-2026-167990-4127260", "ha": 0.54, "plastic_dates": 3.8, "valid_dates": 8.9, "admin_zone": "Zona A", "plan_zone": "Zona A - Suelo Forestal", "distance_to_irrigable_m": 19, "sigpac_ref": "21:46:0:0:16:12:15", "sigpac_use": "IV", "sigpac_irrigation_coef": 21, "sigpac_url": "https://sigpac-hubcloud.es/servicioconsultassigpac/query/recinfo/21/46/0/0/16/12/15.json", "declared_greenhouse_share": 1.0, "declared_irrigated_share": 1.0, "lon": -6.742174, "lat": 37.232767}}, {"type": "Feature", "geometry": {"type": "MultiPolygon", "coordinates": [[[[-6.796806, 37.221296], [-6.79682, 37.221566], [-6.797045, 37.221559], [-6.79704, 37.221469], [-6.797153, 37.221465], [-6.797157, 37.221555], [-6.79727, 37.221551], [-6.797283, 37.221821], [-6.797058, 37.221828], [-6.797063, 37.221918], [-6.796838, 37.221926], [-6.796833, 37.221836], [-6.796721, 37.221839], [-6.79659, 37.221483], [-6.796478, 37.221487], [-6.796469, 37.221307], [-6.796806, 37.221296]]], [[[-6.796239, 37.221224], [-6.796235, 37.221134], [-6.796014, 37.221231], [-6.79601, 37.221141], [-6.795672, 37.221152], [-6.795663, 37.220972], [-6.795888, 37.220965], [-6.795893, 37.221055], [-6.796005, 37.221051], [-6.795996, 37.220872], [-6.796442, 37.220767], [-6.796437, 37.220677], [-6.796775, 37.220666], [-6.796779, 37.220756], [-6.796667, 37.22076], [-6.796676, 37.22094], [-6.796563, 37.220943], [-6.796559, 37.220854], [-6.796334, 37.220861], [-6.796455, 37.221037], [-6.796343, 37.221041], [-6.796347, 37.221131], [-6.79646, 37.221127], [-6.796469, 37.221307], [-6.796239, 37.221224]]]]}, "properties": {"id": "donana-2026-163100-4126190", "ha": 0.54, "plastic_dates": 3.2, "valid_dates": 8.8, "admin_zone": "Zona A", "plan_zone": "Zona A - Suelo Forestal", "distance_to_irrigable_m": 20, "sigpac_ref": "21:50:0:0:33:37:1", "sigpac_use": "IV", "sigpac_irrigation_coef": 100, "sigpac_url": "https://sigpac-hubcloud.es/servicioconsultassigpac/query/recinfo/21/50/0/0/33/37/1.json", "declared_greenhouse_share": 1.0, "declared_irrigated_share": 1.0, "lon": -6.796642, "lat": 37.221391}}, {"type": "Feature", "geometry": {"type": "MultiPolygon", "coordinates": [[[[-6.755262, 37.278477], [-6.755487, 37.27847], [-6.755609, 37.278646], [-6.755721, 37.278643], [-6.755717, 37.278553], [-6.755942, 37.278546], [-6.756064, 37.278722], [-6.756401, 37.278711], [-6.75641, 37.278891], [-6.756298, 37.278895], [-6.756293, 37.278805], [-6.75573, 37.278823], [-6.755726, 37.278733], [-6.755613, 37.278736], [-6.755627, 37.279006], [-6.756077, 37.278992], [-6.756082, 37.279082], [-6.755969, 37.279085], [-6.755978, 37.279265], [-6.75564, 37.279276], [-6.755631, 37.279096], [-6.755181, 37.27911], [-6.755145, 37.278391], [-6.755258, 37.278387], [-6.755262, 37.278477]], [[-6.755856, 37.279089], [-6.755744, 37.279093], [-6.755748, 37.279182], [-6.755861, 37.279179], [-6.755856, 37.279089]]], [[[-6.755249, 37.278207], [-6.755478, 37.27829], [-6.755483, 37.27838], [-6.755258, 37.278387], [-6.755249, 37.278207]]]]}, "properties": {"id": "donana-2026-166960-4132410", "ha": 0.53, "plastic_dates": 2.5, "valid_dates": 10.4, "admin_zone": "Zona A", "plan_zone": "Zona A - Suelo Forestal", "distance_to_irrigable_m": 20, "sigpac_ref": "21:46:0:0:19:2:40", "sigpac_use": "IV", "sigpac_irrigation_coef": 0, "sigpac_url": "https://sigpac-hubcloud.es/servicioconsultassigpac/query/recinfo/21/46/0/0/19/2/40.json", "declared_greenhouse_share": 1.0, "declared_irrigated_share": 0.0, "lon": -6.756066, "lat": 37.278767}}, {"type": "Feature", "geometry": {"type": "MultiPolygon", "coordinates": [[[[-6.777887, 37.25073], [-6.777662, 37.250737], [-6.777671, 37.250917], [-6.777333, 37.250928], [-6.777315, 37.250568], [-6.777203, 37.250572], [-6.777198, 37.250482], [-6.777086, 37.250485], [-6.777081, 37.250395], [-6.777644, 37.250377], [-6.777639, 37.250287], [-6.778089, 37.250273], [-6.778085, 37.250183], [-6.778198, 37.25018], [-6.778189, 37.25], [-6.778414, 37.249992], [-6.778423, 37.250172], [-6.778535, 37.250169], [-6.778553, 37.250529], [-6.777878, 37.25055], [-6.777887, 37.25073]], [[-6.777873, 37.25046], [-6.777423, 37.250475], [-6.777432, 37.250654], [-6.777657, 37.250647], [-6.777653, 37.250557], [-6.777878, 37.25055], [-6.777873, 37.25046]], [[-6.778094, 37.250363], [-6.778098, 37.250453], [-6.778211, 37.250449], [-6.778207, 37.250359], [-6.778094, 37.250363]], [[-6.778319, 37.250356], [-6.778315, 37.250266], [-6.778202, 37.25027], [-6.778207, 37.250359], [-6.778319, 37.250356]]], [[[-6.77709, 37.250575], [-6.77664, 37.25059], [-6.776636, 37.2505], [-6.777086, 37.250485], [-6.77709, 37.250575]]]]}, "properties": {"id": "donana-2026-164870-4129350", "ha": 0.53, "plastic_dates": 2.3, "valid_dates": 11.3, "admin_zone": "Zona A", "plan_zone": "Zona A - Suelo Forestal", "distance_to_irrigable_m": 86, "sigpac_ref": "21:50:0:0:31:24:4", "sigpac_use": "IV", "sigpac_irrigation_coef": 0, "sigpac_url": "https://sigpac-hubcloud.es/servicioconsultassigpac/query/recinfo/21/50/0/0/31/24/4.json", "declared_greenhouse_share": 1.0, "declared_irrigated_share": 0.0, "lon": -6.778213, "lat": 37.250494}}, {"type": "Feature", "geometry": {"type": "Polygon", "coordinates": [[[-6.796674, 37.211931], [-6.79667, 37.211841], [-6.79622, 37.211856], [-6.796211, 37.211676], [-6.796323, 37.211672], [-6.79631, 37.211402], [-6.796422, 37.211399], [-6.796409, 37.211129], [-6.796971, 37.211111], [-6.796975, 37.211201], [-6.797088, 37.211197], [-6.797101, 37.211467], [-6.796989, 37.211471], [-6.797011, 37.21192], [-6.796674, 37.211931]]]}, "properties": {"id": "donana-2026-163060-4125100", "ha": 0.53, "plastic_dates": 5.1, "valid_dates": 11.5, "admin_zone": "Zona C", "plan_zone": "Zona C - No regable", "distance_to_irrigable_m": 69, "sigpac_ref": "21:50:0:0:33:53:3", "sigpac_use": "IV", "sigpac_irrigation_coef": 100, "sigpac_url": "https://sigpac-hubcloud.es/servicioconsultassigpac/query/recinfo/21/50/0/0/33/53/3.json", "declared_greenhouse_share": 1.0, "declared_irrigated_share": 0.91, "lon": -6.796656, "lat": 37.211571}}, {"type": "Feature", "geometry": {"type": "Polygon", "coordinates": [[[-6.704112, 37.295226], [-6.704107, 37.295136], [-6.703882, 37.295143], [-6.703873, 37.294963], [-6.704094, 37.294866], [-6.704085, 37.294686], [-6.704198, 37.294683], [-6.704189, 37.294503], [-6.704414, 37.294496], [-6.704419, 37.294586], [-6.704644, 37.294579], [-6.704648, 37.294669], [-6.704874, 37.294662], [-6.704878, 37.294752], [-6.704991, 37.294748], [-6.704999, 37.294928], [-6.704779, 37.295025], [-6.704783, 37.295115], [-6.704558, 37.295122], [-6.704562, 37.295212], [-6.704112, 37.295226]]]}, "properties": {"id": "donana-2026-171600-4134020", "ha": 0.51, "plastic_dates": 4.7, "valid_dates": 10.7, "admin_zone": "Zona C", "plan_zone": "Zona C - No regable", "distance_to_irrigable_m": 21, "sigpac_ref": "21:46:0:0:8:245:2", "sigpac_use": "IV", "sigpac_irrigation_coef": 0, "sigpac_url": "https://sigpac-hubcloud.es/servicioconsultassigpac/query/recinfo/21/46/0/0/8/245/2.json", "declared_greenhouse_share": 1.0, "declared_irrigated_share": 0.0, "lon": -6.704491, "lat": 37.294899}}, {"type": "Feature", "geometry": {"type": "Polygon", "coordinates": [[[-6.745448, 37.276086], [-6.745417, 37.275456], [-6.745529, 37.275453], [-6.745525, 37.275363], [-6.745863, 37.275352], [-6.745858, 37.275262], [-6.746083, 37.275255], [-6.746097, 37.275525], [-6.746209, 37.275521], [-6.746232, 37.275971], [-6.745781, 37.275985], [-6.745786, 37.276075], [-6.745448, 37.276086]]]}, "properties": {"id": "donana-2026-167850-4132040", "ha": 0.51, "plastic_dates": 3.1, "valid_dates": 10.0, "admin_zone": "Zona A", "plan_zone": "Zona A - Suelo Forestal", "distance_to_irrigable_m": 17, "sigpac_ref": "21:46:0:0:19:7:9", "sigpac_use": "IV", "sigpac_irrigation_coef": 0, "sigpac_url": "https://sigpac-hubcloud.es/servicioconsultassigpac/query/recinfo/21/46/0/0/19/7/9.json", "declared_greenhouse_share": 1.0, "declared_irrigated_share": 0.0, "lon": -6.745827, "lat": 37.275759}}, {"type": "Feature", "geometry": {"type": "Polygon", "coordinates": [[[-6.733039, 37.241704], [-6.733034, 37.241614], [-6.732814, 37.241711], [-6.732818, 37.241801], [-6.732706, 37.241805], [-6.732697, 37.241625], [-6.732917, 37.241528], [-6.732913, 37.241438], [-6.733026, 37.241434], [-6.733021, 37.241344], [-6.733134, 37.241341], [-6.733142, 37.241521], [-6.733363, 37.241424], [-6.733368, 37.241514], [-6.733593, 37.241506], [-6.733696, 37.241323], [-6.733471, 37.24133], [-6.733467, 37.24124], [-6.733804, 37.24123], [-6.733926, 37.241406], [-6.734038, 37.241402], [-6.734065, 37.241942], [-6.73384, 37.241949], [-6.733844, 37.242039], [-6.733619, 37.242046], [-6.733498, 37.24187], [-6.733385, 37.241873], [-6.733376, 37.241693], [-6.733039, 37.241704]], [[-6.733601, 37.241686], [-6.733597, 37.241596], [-6.733372, 37.241604], [-6.733376, 37.241693], [-6.733601, 37.241686]], [[-6.73361, 37.241866], [-6.733723, 37.241863], [-6.733714, 37.241683], [-6.733601, 37.241686], [-6.73361, 37.241866]]]}, "properties": {"id": "donana-2026-168770-4128210", "ha": 0.51, "plastic_dates": 2.4, "valid_dates": 8.9, "admin_zone": "Zona C", "plan_zone": "Zona C - No regable", "distance_to_irrigable_m": 90, "sigpac_ref": "21:46:0:0:11:15:4", "sigpac_use": "IV", "sigpac_irrigation_coef": 0, "sigpac_url": "https://sigpac-hubcloud.es/servicioconsultassigpac/query/recinfo/21/46/0/0/11/15/4.json", "declared_greenhouse_share": 1.0, "declared_irrigated_share": 0.0, "lon": -6.733824, "lat": 37.241634}}]}