{"type": "FeatureCollection", "features": [{"type": "Feature", "geometry": {"type": "Polygon", "coordinates": [[[-6.771852, 37.294615], [-6.771834, 37.294255], [-6.771722, 37.294259], [-6.771739, 37.294619], [-6.771627, 37.294622], [-6.771622, 37.294532], [-6.771172, 37.294547], [-6.771168, 37.294457], [-6.771055, 37.29446], [-6.770951, 37.294644], [-6.770839, 37.294648], [-6.770942, 37.294464], [-6.770713, 37.294381], [-6.770708, 37.294291], [-6.770821, 37.294288], [-6.770812, 37.294108], [-6.770699, 37.294111], [-6.77065, 37.293122], [-6.77087, 37.293025], [-6.770866, 37.292935], [-6.771091, 37.292928], [-6.771087, 37.292838], [-6.771537, 37.292824], [-6.77155, 37.293093], [-6.771663, 37.29309], [-6.771758, 37.292726], [-6.77187, 37.292723], [-6.771875, 37.292813], [-6.772212, 37.292802], [-6.772208, 37.292712], [-6.772433, 37.292705], [-6.772438, 37.292795], [-6.772888, 37.29278], [-6.772883, 37.29269], [-6.772996, 37.292687], [-6.773, 37.292777], [-6.773451, 37.292762], [-6.773329, 37.292586], [-6.773217, 37.29259], [-6.773212, 37.2925], [-6.772424, 37.292525], [-6.772429, 37.292615], [-6.77119, 37.292654], [-6.771195, 37.292744], [-6.770857, 37.292755], [-6.770861, 37.292845], [-6.770636, 37.292852], [-6.770641, 37.292942], [-6.770416, 37.292949], [-6.77042, 37.293039], [-6.770195, 37.293047], [-6.7702, 37.293136], [-6.769637, 37.293154], [-6.769641, 37.293244], [-6.768853, 37.29327], [-6.768858, 37.293359], [-6.768182, 37.293381], [-6.768187, 37.293471], [-6.768074, 37.293475], [-6.767952, 37.293298], [-6.76784, 37.293302], [-6.767795, 37.292402], [-6.76802, 37.292395], [-6.768016, 37.292305], [-6.769479, 37.292259], [-6.769475, 37.292169], [-6.769925, 37.292154], [-6.76992, 37.292064], [-6.770371, 37.29205], [-6.770366, 37.29196], [-6.771938, 37.29182], [-6.771933, 37.29173], [-6.772609, 37.291708], [-6.772604, 37.291618], [-6.773392, 37.291593], [-6.773388, 37.291503], [-6.773951, 37.291485], [-6.773946, 37.291395], [-6.774622, 37.291374], [-6.774617, 37.291284], [-6.77518, 37.291266], [-6.775176, 37.291176], [-6.775626, 37.291162], [-6.77563, 37.291251], [-6.775968, 37.291241], [-6.775973, 37.291331], [-6.77631, 37.29132], [-6.776315, 37.29141], [-6.776427, 37.291406], [-6.776454, 37.291946], [-6.776342, 37.291949], [-6.776351, 37.292129], [-6.775563, 37.292154], [-6.775567, 37.292244], [-6.775455, 37.292248], [-6.775459, 37.292338], [-6.775684, 37.292331], [-6.775689, 37.292421], [-6.775576, 37.292424], [-6.775594, 37.292784], [-6.775482, 37.292788], [-6.7755, 37.293147], [-6.775387, 37.293151], [-6.775405, 37.293511], [-6.775293, 37.293514], [-6.775311, 37.293874], [-6.775198, 37.293878], [-6.775207, 37.294058], [-6.774986, 37.294155], [-6.774982, 37.294065], [-6.774869, 37.294068], [-6.774878, 37.294248], [-6.774766, 37.294252], [-6.77477, 37.294342], [-6.774432, 37.294353], [-6.774428, 37.294263], [-6.774315, 37.294266], [-6.774212, 37.29445], [-6.773424, 37.294475], [-6.773406, 37.294115], [-6.773293, 37.294119], [-6.773311, 37.294479], [-6.773086, 37.294486], [-6.773081, 37.294396], [-6.772744, 37.294407], [-6.772753, 37.294586], [-6.771852, 37.294615]], [[-6.771609, 37.294263], [-6.771379, 37.29418], [-6.771393, 37.29445], [-6.771618, 37.294443], [-6.771609, 37.294263]], [[-6.774536, 37.294169], [-6.774541, 37.294259], [-6.774653, 37.294256], [-6.774649, 37.294166], [-6.774536, 37.294169]], [[-6.774761, 37.294162], [-6.774757, 37.294072], [-6.774644, 37.294076], [-6.774649, 37.294166], [-6.774761, 37.294162]], [[-6.77464, 37.293986], [-6.774527, 37.293989], [-6.774532, 37.294079], [-6.774644, 37.294076], [-6.77464, 37.293986]], [[-6.772735, 37.294227], [-6.772622, 37.29423], [-6.772627, 37.29432], [-6.772739, 37.294317], [-6.772735, 37.294227]], [[-6.771159, 37.294277], [-6.771046, 37.294281], [-6.771051, 37.294371], [-6.771163, 37.294367], [-6.771159, 37.294277]], [[-6.771478, 37.293906], [-6.771366, 37.29391], [-6.771375, 37.29409], [-6.771487, 37.294086], [-6.771478, 37.293906]], [[-6.774405, 37.293813], [-6.774293, 37.293817], [-6.774297, 37.293907], [-6.77441, 37.293903], [-6.774405, 37.293813]], [[-6.773045, 37.293676], [-6.772933, 37.29368], [-6.772937, 37.29377], [-6.77305, 37.293766], [-6.773045, 37.293676]], [[-6.772708, 37.293687], [-6.772595, 37.293691], [-6.7726, 37.293781], [-6.772712, 37.293777], [-6.772708, 37.293687]], [[-6.773374, 37.293486], [-6.773262, 37.293489], [-6.773271, 37.293669], [-6.773383, 37.293665], [-6.773374, 37.293486]], [[-6.775058, 37.293342], [-6.774946, 37.293345], [-6.774955, 37.293525], [-6.775067, 37.293522], [-6.775058, 37.293342]], [[-6.772919, 37.29341], [-6.772807, 37.293414], [-6.772811, 37.293504], [-6.772924, 37.2935], [-6.772919, 37.29341]], [[-6.774487, 37.29318], [-6.774374, 37.293183], [-6.774378, 37.293273], [-6.774491, 37.29327], [-6.774487, 37.29318]], [[-6.774932, 37.293075], [-6.77482, 37.293079], [-6.774824, 37.293169], [-6.774937, 37.293165], [-6.774932, 37.293075]], [[-6.773235, 37.29295], [-6.773122, 37.292953], [-6.773131, 37.293133], [-6.773244, 37.293129], [-6.773235, 37.29295]], [[-6.774806, 37.292809], [-6.774694, 37.292813], [-6.774698, 37.292903], [-6.774811, 37.292899], [-6.774806, 37.292809]], [[-6.77491, 37.292626], [-6.774797, 37.292629], [-6.774802, 37.292719], [-6.774914, 37.292716], [-6.77491, 37.292626]], [[-6.77378, 37.292572], [-6.774342, 37.292554], [-6.774338, 37.292464], [-6.774901, 37.292446], [-6.774896, 37.292356], [-6.775234, 37.292345], [-6.77523, 37.292255], [-6.774216, 37.292288], [-6.774221, 37.292378], [-6.773883, 37.292388], [-6.773888, 37.292478], [-6.773437, 37.292493], [-6.773442, 37.292583], [-6.773667, 37.292575], [-6.773671, 37.292665], [-6.773784, 37.292662], [-6.77378, 37.292572]]]}, "properties": {"id": "donana-2025-165500-4134040", "ha": 15.94, "plastic_dates": 6.6, "valid_dates": 9.3, "admin_zone": "Zona C", "plan_zone": "Zona C - No regable", "distance_to_irrigable_m": 16, "sigpac_ref": "21:46:0:0:20:1:2", "sigpac_use": "IV", "sigpac_irrigation_coef": 0, "sigpac_url": "https://sigpac-hubcloud.es/servicioconsultassigpac/query/recinfo/21/46/0/0/20/1/2.json", "declared_greenhouse_share": 1.0, "declared_irrigated_share": 0.0, "lon": -6.773176, "lat": 37.292906}}, {"type": "Feature", "geometry": {"type": "MultiPolygon", "coordinates": [[[[-6.796177, 37.251405], [-6.796402, 37.251398], [-6.796407, 37.251488], [-6.79652, 37.251485], [-6.796542, 37.251934], [-6.79643, 37.251938], [-6.796439, 37.252118], [-6.796659, 37.252021], [-6.796655, 37.251931], [-6.79688, 37.251923], [-6.796884, 37.252013], [-6.796997, 37.25201], [-6.79701, 37.25228], [-6.797235, 37.252272], [-6.797442, 37.251905], [-6.797217, 37.251913], [-6.797222, 37.252002], [-6.797109, 37.252006], [-6.797091, 37.251646], [-6.797204, 37.251643], [-6.79719, 37.251373], [-6.797078, 37.251376], [-6.797087, 37.251556], [-6.796974, 37.25156], [-6.796951, 37.25111], [-6.797064, 37.251107], [-6.79705, 37.250837], [-6.796938, 37.25084], [-6.796947, 37.25102], [-6.796834, 37.251024], [-6.796812, 37.250574], [-6.797041, 37.250657], [-6.797023, 37.250297], [-6.797586, 37.250279], [-6.797581, 37.250189], [-6.797806, 37.250182], [-6.797973, 37.251258], [-6.798086, 37.251254], [-6.798117, 37.251884], [-6.79823, 37.25188], [-6.798248, 37.25224], [-6.79836, 37.252236], [-6.798397, 37.252956], [-6.798509, 37.252952], [-6.798527, 37.253312], [-6.79864, 37.253308], [-6.798649, 37.253488], [-6.798424, 37.253495], [-6.798428, 37.253585], [-6.798091, 37.253596], [-6.797987, 37.25378], [-6.797758, 37.253697], [-6.797753, 37.253607], [-6.797641, 37.253611], [-6.797654, 37.25388], [-6.797542, 37.253884], [-6.797546, 37.253974], [-6.796876, 37.254086], [-6.796871, 37.253996], [-6.796759, 37.253999], [-6.796768, 37.254179], [-6.79643, 37.25419], [-6.796435, 37.25428], [-6.79621, 37.254287], [-6.796214, 37.254377], [-6.796102, 37.254381], [-6.796097, 37.254291], [-6.795872, 37.254298], [-6.795877, 37.254388], [-6.795651, 37.254395], [-6.79553, 37.254219], [-6.795417, 37.254223], [-6.795408, 37.254043], [-6.795179, 37.25396], [-6.79517, 37.25378], [-6.795057, 37.253784], [-6.795053, 37.253694], [-6.79539, 37.253683], [-6.795404, 37.253953], [-6.795516, 37.253949], [-6.795525, 37.254129], [-6.795638, 37.254125], [-6.795615, 37.253676], [-6.795728, 37.253672], [-6.795714, 37.253402], [-6.795494, 37.253499], [-6.79548, 37.25323], [-6.79526, 37.253327], [-6.795264, 37.253417], [-6.795035, 37.253334], [-6.794931, 37.253517], [-6.795044, 37.253514], [-6.795048, 37.253604], [-6.794936, 37.253607], [-6.794814, 37.253431], [-6.794702, 37.253435], [-6.794693, 37.253255], [-6.79458, 37.253258], [-6.794571, 37.253079], [-6.794459, 37.253082], [-6.794436, 37.252632], [-6.794886, 37.252618], [-6.794895, 37.252798], [-6.795008, 37.252794], [-6.795017, 37.252974], [-6.795129, 37.252971], [-6.795134, 37.25306], [-6.795471, 37.25305], [-6.795476, 37.25314], [-6.795588, 37.253136], [-6.795575, 37.252866], [-6.795354, 37.252963], [-6.795336, 37.252604], [-6.795449, 37.2526], [-6.795435, 37.25233], [-6.795215, 37.252427], [-6.795196, 37.252068], [-6.795421, 37.25206], [-6.795408, 37.25179], [-6.795183, 37.251798], [-6.795178, 37.251708], [-6.795066, 37.251711], [-6.795057, 37.251531], [-6.795169, 37.251528], [-6.795156, 37.251258], [-6.794931, 37.251265], [-6.794917, 37.250995], [-6.79503, 37.250992], [-6.795016, 37.250722], [-6.794904, 37.250726], [-6.794913, 37.250905], [-6.7948, 37.250909], [-6.794787, 37.250639], [-6.795237, 37.250625], [-6.795232, 37.250535], [-6.795907, 37.250513], [-6.795934, 37.251053], [-6.796164, 37.251136], [-6.796173, 37.251315], [-6.79606, 37.251319], [-6.796078, 37.251679], [-6.796191, 37.251675], [-6.796177, 37.251405]], [[-6.795854, 37.253938], [-6.795741, 37.253942], [-6.795759, 37.254302], [-6.795872, 37.254298], [-6.795854, 37.253938]], [[-6.796196, 37.251765], [-6.796308, 37.251762], [-6.796304, 37.251672], [-6.796191, 37.251675], [-6.796196, 37.251765]], [[-6.796839, 37.253366], [-6.796619, 37.253463], [-6.796633, 37.253733], [-6.796745, 37.253729], [-6.796839, 37.253366]], [[-6.797177, 37.253355], [-6.797407, 37.253438], [-6.79751, 37.253254], [-6.797623, 37.253251], [-6.797614, 37.253071], [-6.797388, 37.253078], [-6.797375, 37.252808], [-6.79715, 37.252816], [-6.797154, 37.252906], [-6.797042, 37.252909], [-6.797051, 37.253089], [-6.796713, 37.2531], [-6.796592, 37.252924], [-6.796479, 37.252927], [-6.796493, 37.253197], [-6.796605, 37.253193], [-6.79661, 37.253283], [-6.796835, 37.253276], [-6.79683, 37.253186], [-6.796943, 37.253183], [-6.796961, 37.253542], [-6.797074, 37.253539], [-6.797177, 37.253355]], [[-6.796695, 37.25274], [-6.796808, 37.252736], [-6.796799, 37.252557], [-6.796574, 37.252564], [-6.796587, 37.252834], [-6.7967, 37.25283], [-6.796695, 37.25274]], [[-6.797253, 37.252632], [-6.797141, 37.252636], [-6.797145, 37.252726], [-6.797483, 37.252715], [-6.797469, 37.252445], [-6.797249, 37.252542], [-6.797253, 37.252632]], [[-6.79724, 37.252362], [-6.797015, 37.252369], [-6.797136, 37.252546], [-6.797249, 37.252542], [-6.79724, 37.252362]], [[-6.796452, 37.252388], [-6.79634, 37.252391], [-6.796353, 37.252661], [-6.796466, 37.252657], [-6.796452, 37.252388]], [[-6.796313, 37.251851], [-6.7962, 37.251855], [-6.796214, 37.252125], [-6.796326, 37.252121], [-6.796313, 37.251851]], [[-6.795259, 37.251075], [-6.795147, 37.251078], [-6.795151, 37.251168], [-6.795264, 37.251164], [-6.795259, 37.251075]]], [[[-6.794881, 37.252528], [-6.794994, 37.252524], [-6.794999, 37.252614], [-6.794886, 37.252618], [-6.794881, 37.252528]]]]}, "properties": {"id": "donana-2025-163220-4129620", "ha": 9.03, "plastic_dates": 5.5, "valid_dates": 8.3, "admin_zone": "Zona A", "plan_zone": "Zona A - Suelo Forestal", "distance_to_irrigable_m": 11, "sigpac_ref": "21:50:0:0:27:2:17", "sigpac_use": "FY", "sigpac_irrigation_coef": 100, "sigpac_url": "https://sigpac-hubcloud.es/servicioconsultassigpac/query/recinfo/21/50/0/0/27/2/17.json", "declared_greenhouse_share": 0.0, "declared_irrigated_share": 1.0, "lon": -6.7969, "lat": 37.252328}}, {"type": "Feature", "geometry": {"type": "MultiPolygon", "coordinates": [[[[-6.753959, 37.245456], [-6.753837, 37.24528], [-6.753725, 37.245283], [-6.75372, 37.245194], [-6.753495, 37.245201], [-6.753374, 37.245024], [-6.753261, 37.245028], [-6.753257, 37.244938], [-6.753145, 37.244942], [-6.753136, 37.244762], [-6.752915, 37.244859], [-6.752794, 37.244682], [-6.752569, 37.24469], [-6.752564, 37.2446], [-6.751777, 37.244625], [-6.751673, 37.244808], [-6.75156, 37.244812], [-6.751587, 37.245351], [-6.751817, 37.245434], [-6.751947, 37.24579], [-6.75206, 37.245787], [-6.752069, 37.245967], [-6.751848, 37.246064], [-6.751852, 37.246154], [-6.751402, 37.246168], [-6.751398, 37.246078], [-6.751285, 37.246082], [-6.751272, 37.245812], [-6.751159, 37.245815], [-6.751142, 37.245456], [-6.751029, 37.245459], [-6.75102, 37.245279], [-6.751133, 37.245276], [-6.751119, 37.245006], [-6.751232, 37.245002], [-6.751227, 37.244912], [-6.751115, 37.244916], [-6.751097, 37.244556], [-6.75121, 37.244552], [-6.751201, 37.244373], [-6.751088, 37.244376], [-6.751075, 37.244106], [-6.751187, 37.244103], [-6.751165, 37.243653], [-6.751277, 37.243649], [-6.751273, 37.243559], [-6.75161, 37.243549], [-6.751606, 37.243459], [-6.751943, 37.243448], [-6.751939, 37.243358], [-6.752164, 37.243351], [-6.752169, 37.243441], [-6.752281, 37.243437], [-6.752277, 37.243347], [-6.752389, 37.243344], [-6.75251, 37.24352], [-6.752848, 37.24351], [-6.752852, 37.243599], [-6.753077, 37.243592], [-6.753086, 37.243772], [-6.753199, 37.243769], [-6.753203, 37.243859], [-6.753766, 37.243841], [-6.75377, 37.243931], [-6.753883, 37.243927], [-6.753892, 37.244107], [-6.754004, 37.244103], [-6.754013, 37.244283], [-6.754126, 37.24428], [-6.754139, 37.24455], [-6.754252, 37.244546], [-6.754261, 37.244726], [-6.75449, 37.244809], [-6.754504, 37.245079], [-6.754616, 37.245075], [-6.754625, 37.245255], [-6.754738, 37.245251], [-6.754751, 37.245521], [-6.754413, 37.245532], [-6.754418, 37.245622], [-6.754305, 37.245625], [-6.754296, 37.245445], [-6.753959, 37.245456]], [[-6.754148, 37.244729], [-6.754153, 37.244819], [-6.754265, 37.244816], [-6.754261, 37.244726], [-6.754148, 37.244729]], [[-6.754634, 37.245435], [-6.754512, 37.245258], [-6.7544, 37.245262], [-6.754396, 37.245172], [-6.754283, 37.245176], [-6.754296, 37.245445], [-6.754634, 37.245435]], [[-6.751484, 37.245535], [-6.751259, 37.245542], [-6.751263, 37.245632], [-6.751488, 37.245625], [-6.751484, 37.245535]], [[-6.754175, 37.245269], [-6.754062, 37.245273], [-6.754067, 37.245363], [-6.754179, 37.245359], [-6.754175, 37.245269]], [[-6.754054, 37.245093], [-6.753941, 37.245096], [-6.753945, 37.245186], [-6.754058, 37.245183], [-6.754054, 37.245093]], [[-6.754382, 37.244902], [-6.754162, 37.244999], [-6.754166, 37.245089], [-6.754391, 37.245082], [-6.754382, 37.244902]], [[-6.753928, 37.244827], [-6.753815, 37.24483], [-6.75382, 37.24492], [-6.753932, 37.244917], [-6.753928, 37.244827]], [[-6.753478, 37.244841], [-6.753365, 37.244844], [-6.75337, 37.244934], [-6.753482, 37.244931], [-6.753478, 37.244841]], [[-6.753806, 37.24465], [-6.753694, 37.244654], [-6.753698, 37.244744], [-6.753811, 37.24474], [-6.753806, 37.24465]], [[-6.753014, 37.244585], [-6.752902, 37.244589], [-6.752906, 37.244679], [-6.753019, 37.244675], [-6.753014, 37.244585]], [[-6.751439, 37.244635], [-6.751326, 37.244639], [-6.751331, 37.244729], [-6.751443, 37.244725], [-6.751439, 37.244635]], [[-6.753685, 37.244474], [-6.753572, 37.244478], [-6.753577, 37.244567], [-6.753689, 37.244564], [-6.753685, 37.244474]], [[-6.752893, 37.244409], [-6.75278, 37.244413], [-6.752785, 37.244503], [-6.752897, 37.244499], [-6.752893, 37.244409]], [[-6.752105, 37.244434], [-6.751993, 37.244438], [-6.751997, 37.244527], [-6.75211, 37.244524], [-6.752105, 37.244434]], [[-6.753563, 37.244298], [-6.753451, 37.244301], [-6.753455, 37.244391], [-6.753568, 37.244388], [-6.753563, 37.244298]], [[-6.751984, 37.244258], [-6.751871, 37.244261], [-6.751876, 37.244351], [-6.751988, 37.244348], [-6.751984, 37.244258]], [[-6.753437, 37.244031], [-6.753325, 37.244035], [-6.753334, 37.244215], [-6.753446, 37.244211], [-6.753437, 37.244031]], [[-6.752767, 37.244143], [-6.752654, 37.244146], [-6.752659, 37.244236], [-6.752771, 37.244233], [-6.752767, 37.244143]], [[-6.751862, 37.244081], [-6.75175, 37.244085], [-6.751754, 37.244175], [-6.751867, 37.244171], [-6.751862, 37.244081]], [[-6.753095, 37.243952], [-6.752983, 37.243956], [-6.752987, 37.244046], [-6.7531, 37.244042], [-6.753095, 37.243952]], [[-6.752645, 37.243966], [-6.752533, 37.24397], [-6.752537, 37.24406], [-6.75265, 37.244056], [-6.752645, 37.243966]], [[-6.752524, 37.24379], [-6.752411, 37.243794], [-6.752416, 37.243884], [-6.752528, 37.24388], [-6.752524, 37.24379]], [[-6.751736, 37.243815], [-6.751624, 37.243819], [-6.751628, 37.243909], [-6.751741, 37.243905], [-6.751736, 37.243815]], [[-6.752402, 37.243614], [-6.75229, 37.243617], [-6.752294, 37.243707], [-6.752407, 37.243704], [-6.752402, 37.243614]], [[-6.751615, 37.243639], [-6.751502, 37.243642], [-6.751507, 37.243732], [-6.751619, 37.243729], [-6.751615, 37.243639]]], [[[-6.754945, 37.244884], [-6.754954, 37.245064], [-6.754841, 37.245068], [-6.754846, 37.245158], [-6.754958, 37.245154], [-6.754967, 37.245334], [-6.754854, 37.245338], [-6.754724, 37.244981], [-6.754612, 37.244985], [-6.754603, 37.244805], [-6.75449, 37.244809], [-6.75436, 37.244453], [-6.754247, 37.244456], [-6.754238, 37.244276], [-6.754126, 37.24428], [-6.754117, 37.2441], [-6.754004, 37.244103], [-6.753986, 37.243744], [-6.754099, 37.24374], [-6.754103, 37.24383], [-6.754891, 37.243805], [-6.754887, 37.243715], [-6.754774, 37.243719], [-6.754765, 37.243539], [-6.754653, 37.243542], [-6.754644, 37.243362], [-6.754531, 37.243366], [-6.754509, 37.242916], [-6.754621, 37.242913], [-6.754603, 37.242553], [-6.755053, 37.242539], [-6.755049, 37.242449], [-6.755837, 37.242424], [-6.755854, 37.242783], [-6.755967, 37.24278], [-6.75598, 37.24305], [-6.756093, 37.243046], [-6.756097, 37.243136], [-6.755985, 37.24314], [-6.755994, 37.24332], [-6.755881, 37.243323], [-6.755886, 37.243413], [-6.755661, 37.24342], [-6.75567, 37.2436], [-6.755557, 37.243604], [-6.755593, 37.244323], [-6.755705, 37.24432], [-6.755723, 37.244679], [-6.755836, 37.244676], [-6.755845, 37.244856], [-6.75562, 37.244863], [-6.755624, 37.244953], [-6.755849, 37.244946], [-6.755854, 37.245036], [-6.755966, 37.245032], [-6.755984, 37.245392], [-6.755872, 37.245395], [-6.755876, 37.245485], [-6.755651, 37.245493], [-6.755642, 37.245313], [-6.75553, 37.245316], [-6.755516, 37.245046], [-6.755404, 37.24505], [-6.755395, 37.24487], [-6.755282, 37.244874], [-6.755305, 37.245323], [-6.75508, 37.245331], [-6.755057, 37.244881], [-6.754945, 37.244884]], [[-6.754756, 37.243359], [-6.754761, 37.243449], [-6.754986, 37.243442], [-6.755089, 37.243258], [-6.754977, 37.243262], [-6.754972, 37.243172], [-6.755085, 37.243168], [-6.75508, 37.243078], [-6.754635, 37.243183], [-6.754644, 37.243362], [-6.754756, 37.243359]], [[-6.754999, 37.243711], [-6.755224, 37.243704], [-6.755328, 37.243521], [-6.75544, 37.243517], [-6.755431, 37.243337], [-6.755319, 37.243341], [-6.755314, 37.243251], [-6.755094, 37.243348], [-6.755098, 37.243438], [-6.754986, 37.243442], [-6.754999, 37.243711]], [[-6.75517, 37.244877], [-6.755165, 37.244787], [-6.755053, 37.244791], [-6.755057, 37.244881], [-6.75517, 37.244877]], [[-6.755746, 37.245129], [-6.755633, 37.245133], [-6.755638, 37.245223], [-6.75575, 37.245219], [-6.755746, 37.245129]], [[-6.755147, 37.244427], [-6.755035, 37.244431], [-6.755044, 37.244611], [-6.755156, 37.244607], [-6.755147, 37.244427]], [[-6.754927, 37.244525], [-6.754814, 37.244528], [-6.754819, 37.244618], [-6.754931, 37.244615], [-6.754927, 37.244525]], [[-6.754913, 37.244255], [-6.754801, 37.244258], [-6.754805, 37.244348], [-6.754918, 37.244345], [-6.754913, 37.244255]], [[-6.755863, 37.242963], [-6.755751, 37.242967], [-6.75576, 37.243147], [-6.755872, 37.243143], [-6.755863, 37.242963]], [[-6.755071, 37.242898], [-6.754959, 37.242902], [-6.754963, 37.242992], [-6.755076, 37.242988], [-6.755071, 37.242898]]]]}, "properties": {"id": "donana-2025-167140-4128580", "ha": 7.67, "plastic_dates": 5.4, "valid_dates": 8.2, "admin_zone": "Zona A", "plan_zone": "Zona A - Suelo Forestal", "distance_to_irrigable_m": 12, "sigpac_ref": "21:50:0:0:31:39:1", "sigpac_use": "IV", "sigpac_irrigation_coef": 100, "sigpac_url": "https://sigpac-hubcloud.es/servicioconsultassigpac/query/recinfo/21/50/0/0/31/39/1.json", "declared_greenhouse_share": 0.96, "declared_irrigated_share": 0.99, "lon": -6.752328, "lat": 37.244382}}, {"type": "Feature", "geometry": {"type": "MultiPolygon", "coordinates": [[[[-6.735135, 37.236233], [-6.735022, 37.236236], [-6.73504, 37.236596], [-6.734595, 37.2367], [-6.734608, 37.23697], [-6.734383, 37.236977], [-6.73437, 37.236707], [-6.734482, 37.236704], [-6.734473, 37.236524], [-6.734586, 37.23652], [-6.734563, 37.23607], [-6.735013, 37.236056], [-6.735018, 37.236146], [-6.73513, 37.236143], [-6.735135, 37.236233]]], [[[-6.736923, 37.233654], [-6.73681, 37.233657], [-6.736828, 37.234017], [-6.736716, 37.234021], [-6.736733, 37.23438], [-6.736621, 37.234384], [-6.736634, 37.234654], [-6.736522, 37.234657], [-6.736531, 37.234837], [-6.736418, 37.234841], [-6.736427, 37.235021], [-6.736315, 37.235024], [-6.736323, 37.235204], [-6.736211, 37.235208], [-6.73622, 37.235388], [-6.736107, 37.235391], [-6.736116, 37.235571], [-6.735896, 37.235668], [-6.735909, 37.235938], [-6.735688, 37.236035], [-6.735697, 37.236215], [-6.735247, 37.236229], [-6.735243, 37.236139], [-6.73513, 37.236143], [-6.735234, 37.235959], [-6.735347, 37.235956], [-6.735342, 37.235866], [-6.735455, 37.235862], [-6.73545, 37.235772], [-6.735675, 37.235765], [-6.735779, 37.235582], [-6.735891, 37.235578], [-6.735869, 37.235128], [-6.73564, 37.235046], [-6.735635, 37.234956], [-6.735523, 37.234959], [-6.735518, 37.234869], [-6.735406, 37.234873], [-6.735401, 37.234783], [-6.735176, 37.23479], [-6.73528, 37.234606], [-6.734717, 37.234624], [-6.734704, 37.234354], [-6.734592, 37.234358], [-6.734587, 37.234268], [-6.7347, 37.234264], [-6.734578, 37.234088], [-6.734691, 37.234084], [-6.734677, 37.233815], [-6.73479, 37.233811], [-6.734781, 37.233631], [-6.734893, 37.233628], [-6.734889, 37.233538], [-6.734664, 37.233545], [-6.734646, 37.233185], [-6.734871, 37.233178], [-6.734858, 37.232908], [-6.734629, 37.232825], [-6.73462, 37.232645], [-6.734507, 37.232649], [-6.73435, 37.231753], [-6.7348, 37.231739], [-6.734805, 37.231829], [-6.734917, 37.231825], [-6.734913, 37.231735], [-6.735138, 37.231728], [-6.735147, 37.231908], [-6.735259, 37.231904], [-6.735255, 37.231814], [-6.735592, 37.231804], [-6.735597, 37.231894], [-6.735709, 37.23189], [-6.735705, 37.2318], [-6.735817, 37.231797], [-6.735938, 37.231973], [-6.736051, 37.231969], [-6.73606, 37.232149], [-6.736172, 37.232146], [-6.736163, 37.231966], [-6.736276, 37.231962], [-6.736285, 37.232142], [-6.73651, 37.232135], [-6.736613, 37.231952], [-6.736951, 37.231941], [-6.737072, 37.232117], [-6.737185, 37.232114], [-6.737194, 37.232294], [-6.737306, 37.23229], [-6.737315, 37.23247], [-6.737203, 37.232474], [-6.737216, 37.232743], [-6.737103, 37.232747], [-6.737126, 37.233197], [-6.737013, 37.2332], [-6.737022, 37.23338], [-6.73691, 37.233384], [-6.736914, 37.233474], [-6.736801, 37.233477], [-6.736923, 37.233654]], [[-6.734898, 37.233718], [-6.735123, 37.23371], [-6.735118, 37.233621], [-6.734893, 37.233628], [-6.734898, 37.233718]], [[-6.73696, 37.232121], [-6.736964, 37.232211], [-6.737077, 37.232207], [-6.737072, 37.232117], [-6.73696, 37.232121]], [[-6.736955, 37.232031], [-6.736618, 37.232042], [-6.736622, 37.232132], [-6.73696, 37.232121], [-6.736955, 37.232031]], [[-6.736797, 37.233387], [-6.736572, 37.233394], [-6.736576, 37.233484], [-6.736801, 37.233477], [-6.736797, 37.233387]], [[-6.736568, 37.233304], [-6.736455, 37.233308], [-6.73646, 37.233398], [-6.736572, 37.233394], [-6.736568, 37.233304]], [[-6.736351, 37.233492], [-6.736347, 37.233402], [-6.736235, 37.233405], [-6.736243, 37.233585], [-6.736581, 37.233574], [-6.736576, 37.233484], [-6.736351, 37.233492]], [[-6.736477, 37.233758], [-6.736482, 37.233848], [-6.736594, 37.233844], [-6.73659, 37.233754], [-6.736477, 37.233758]], [[-6.736702, 37.233751], [-6.736698, 37.233661], [-6.736585, 37.233664], [-6.73659, 37.233754], [-6.736702, 37.233751]], [[-6.73569, 37.233783], [-6.735352, 37.233793], [-6.735357, 37.233883], [-6.735694, 37.233873], [-6.73569, 37.233783]], [[-6.735127, 37.2338], [-6.735015, 37.233804], [-6.735019, 37.233894], [-6.735132, 37.23389], [-6.735127, 37.2338]], [[-6.73636, 37.233671], [-6.736135, 37.233679], [-6.73614, 37.233768], [-6.736365, 37.233761], [-6.73636, 37.233671]], [[-6.735897, 37.233416], [-6.735677, 37.233513], [-6.735681, 37.233603], [-6.735906, 37.233596], [-6.735897, 37.233416]], [[-6.73556, 37.233426], [-6.735672, 37.233423], [-6.735659, 37.233153], [-6.735546, 37.233157], [-6.735555, 37.233336], [-6.735443, 37.23334], [-6.735452, 37.23352], [-6.735564, 37.233516], [-6.73556, 37.233426]], [[-6.735429, 37.23307], [-6.735317, 37.233074], [-6.735321, 37.233164], [-6.735434, 37.23316], [-6.735429, 37.23307]], [[-6.736078, 37.232509], [-6.735965, 37.232513], [-6.73597, 37.232603], [-6.736082, 37.232599], [-6.736078, 37.232509]], [[-6.736523, 37.232405], [-6.736636, 37.232401], [-6.736631, 37.232312], [-6.736519, 37.232315], [-6.736523, 37.232405]], [[-6.736514, 37.232225], [-6.736289, 37.232232], [-6.736294, 37.232322], [-6.736519, 37.232315], [-6.736514, 37.232225]], [[-6.736177, 37.232236], [-6.736064, 37.232239], [-6.736069, 37.232329], [-6.736181, 37.232326], [-6.736177, 37.232236]], [[-6.735389, 37.232261], [-6.735277, 37.232264], [-6.735281, 37.232354], [-6.735394, 37.232351], [-6.735389, 37.232261]], [[-6.735943, 37.232063], [-6.73583, 37.232067], [-6.735835, 37.232156], [-6.735947, 37.232153], [-6.735943, 37.232063]]]]}, "properties": {"id": "donana-2025-168570-4127410", "ha": 7.16, "plastic_dates": 3.9, "valid_dates": 7.4, "admin_zone": "Zona A", "plan_zone": "Zona A - Suelo Forestal", "distance_to_irrigable_m": 19, "sigpac_ref": "21:46:0:0:16:9:2", "sigpac_use": "IV", "sigpac_irrigation_coef": 100, "sigpac_url": "https://sigpac-hubcloud.es/servicioconsultassigpac/query/recinfo/21/46/0/0/16/9/2.json", "declared_greenhouse_share": 1.0, "declared_irrigated_share": 0.89, "lon": -6.735719, "lat": 37.234367}}, {"type": "Feature", "geometry": {"type": "MultiPolygon", "coordinates": [[[[-6.745862, 37.277604], [-6.746087, 37.277597], [-6.745965, 37.277421], [-6.74574, 37.277428], [-6.745745, 37.277518], [-6.745294, 37.277532], [-6.745303, 37.277712], [-6.745074, 37.277629], [-6.74506, 37.277359], [-6.745173, 37.277356], [-6.745164, 37.277176], [-6.745385, 37.277079], [-6.745376, 37.276899], [-6.745488, 37.276895], [-6.745412, 37.275366], [-6.7453, 37.27537], [-6.745287, 37.2751], [-6.745174, 37.275104], [-6.745152, 37.274654], [-6.745489, 37.274643], [-6.745498, 37.274823], [-6.745723, 37.274816], [-6.745728, 37.274906], [-6.74584, 37.274902], [-6.745971, 37.275259], [-6.746083, 37.275255], [-6.746101, 37.275615], [-6.746214, 37.275611], [-6.746218, 37.275701], [-6.746331, 37.275698], [-6.746317, 37.275428], [-6.746205, 37.275431], [-6.746191, 37.275161], [-6.746079, 37.275165], [-6.746074, 37.275075], [-6.746187, 37.275072], [-6.746178, 37.274892], [-6.746408, 37.274974], [-6.746412, 37.275064], [-6.746525, 37.275061], [-6.746628, 37.274877], [-6.746853, 37.27487], [-6.746862, 37.27505], [-6.746975, 37.275047], [-6.747011, 37.275766], [-6.74656, 37.27578], [-6.746565, 37.27587], [-6.746452, 37.275874], [-6.746448, 37.275784], [-6.746335, 37.275788], [-6.746232, 37.275971], [-6.745894, 37.275982], [-6.745898, 37.276072], [-6.746461, 37.276054], [-6.74651, 37.277043], [-6.746623, 37.27704], [-6.746583, 37.27623], [-6.747371, 37.276205], [-6.747375, 37.276295], [-6.7476, 37.276288], [-6.747596, 37.276198], [-6.747821, 37.276191], [-6.747942, 37.276367], [-6.748167, 37.27636], [-6.748172, 37.27645], [-6.748284, 37.276446], [-6.748289, 37.276536], [-6.748514, 37.276529], [-6.748518, 37.276619], [-6.748744, 37.276612], [-6.748748, 37.276702], [-6.748861, 37.276698], [-6.748874, 37.276968], [-6.749104, 37.277051], [-6.749117, 37.277321], [-6.749004, 37.277325], [-6.74904, 37.278044], [-6.748928, 37.278048], [-6.748932, 37.278138], [-6.748594, 37.278148], [-6.748473, 37.277972], [-6.74836, 37.277976], [-6.748356, 37.277886], [-6.748243, 37.277889], [-6.748239, 37.277799], [-6.748014, 37.277806], [-6.748009, 37.277716], [-6.747897, 37.27772], [-6.747888, 37.27754], [-6.74755, 37.277551], [-6.747559, 37.277731], [-6.747221, 37.277741], [-6.747212, 37.277562], [-6.746983, 37.277479], [-6.746978, 37.277389], [-6.746753, 37.277396], [-6.746749, 37.277306], [-6.746524, 37.277313], [-6.746528, 37.277403], [-6.746416, 37.277407], [-6.746537, 37.277583], [-6.746312, 37.27759], [-6.746303, 37.27741], [-6.74619, 37.277414], [-6.746204, 37.277684], [-6.745866, 37.277694], [-6.745862, 37.277604]], [[-6.748325, 37.277256], [-6.748212, 37.27726], [-6.748217, 37.27735], [-6.748329, 37.277346], [-6.748325, 37.277256]], [[-6.748761, 37.276972], [-6.748649, 37.276975], [-6.748653, 37.277065], [-6.748766, 37.277062], [-6.748761, 37.276972]]], [[[-6.745871, 37.277784], [-6.74542, 37.277798], [-6.745416, 37.277709], [-6.745866, 37.277694], [-6.745871, 37.277784]]]]}, "properties": {"id": "donana-2025-167720-4132120", "ha": 6.51, "plastic_dates": 6.1, "valid_dates": 9.1, "admin_zone": "Zona A", "plan_zone": "Zona A - Suelo Forestal", "distance_to_irrigable_m": 15, "sigpac_ref": "21:46:0:0:19:7:4", "sigpac_use": "IV", "sigpac_irrigation_coef": 0, "sigpac_url": "https://sigpac-hubcloud.es/servicioconsultassigpac/query/recinfo/21/46/0/0/19/7/4.json", "declared_greenhouse_share": 1.0, "declared_irrigated_share": 0.0, "lon": -6.747382, "lat": 37.27643}}, {"type": "Feature", "geometry": {"type": "Polygon", "coordinates": [[[-6.771033, 37.291759], [-6.771028, 37.291669], [-6.770916, 37.291672], [-6.77092, 37.291762], [-6.770695, 37.291769], [-6.77069, 37.291679], [-6.770578, 37.291683], [-6.770582, 37.291773], [-6.77002, 37.291791], [-6.770011, 37.291611], [-6.769781, 37.291528], [-6.76965, 37.291172], [-6.769538, 37.291176], [-6.769524, 37.290906], [-6.769862, 37.290895], [-6.769857, 37.290805], [-6.76997, 37.290802], [-6.769975, 37.290891], [-6.770087, 37.290888], [-6.770083, 37.290798], [-6.770195, 37.290794], [-6.7702, 37.290884], [-6.770425, 37.290877], [-6.770416, 37.290697], [-6.770641, 37.29069], [-6.770637, 37.2906], [-6.770974, 37.290589], [-6.77097, 37.290499], [-6.77142, 37.290485], [-6.771416, 37.290395], [-6.772091, 37.290373], [-6.772195, 37.29019], [-6.77242, 37.290183], [-6.772411, 37.290003], [-6.772857, 37.289899], [-6.772852, 37.289809], [-6.77319, 37.289798], [-6.773194, 37.289888], [-6.773419, 37.289881], [-6.773541, 37.290057], [-6.773654, 37.290053], [-6.773658, 37.290143], [-6.773771, 37.29014], [-6.773775, 37.29023], [-6.774113, 37.290219], [-6.774117, 37.290309], [-6.774793, 37.290287], [-6.774797, 37.290377], [-6.77536, 37.290359], [-6.775369, 37.290539], [-6.775482, 37.290535], [-6.775509, 37.291075], [-6.774721, 37.2911], [-6.774725, 37.29119], [-6.774162, 37.291208], [-6.774167, 37.291298], [-6.773937, 37.291215], [-6.773942, 37.291305], [-6.773266, 37.291327], [-6.773271, 37.291417], [-6.772595, 37.291438], [-6.7726, 37.291528], [-6.772037, 37.291546], [-6.772041, 37.291636], [-6.771253, 37.291661], [-6.771258, 37.291751], [-6.771033, 37.291759]], [[-6.770119, 37.291517], [-6.770128, 37.291697], [-6.77024, 37.291694], [-6.770231, 37.291514], [-6.770119, 37.291517]], [[-6.770344, 37.29151], [-6.770339, 37.29142], [-6.770227, 37.291424], [-6.770231, 37.291514], [-6.770344, 37.29151]], [[-6.772023, 37.291277], [-6.771911, 37.29128], [-6.771915, 37.29137], [-6.772028, 37.291366], [-6.772023, 37.291277]], [[-6.769997, 37.291341], [-6.770222, 37.291334], [-6.770209, 37.291064], [-6.769988, 37.291161], [-6.769993, 37.291251], [-6.76988, 37.291255], [-6.769889, 37.291435], [-6.770002, 37.291431], [-6.769997, 37.291341]], [[-6.770546, 37.291053], [-6.770434, 37.291057], [-6.770447, 37.291327], [-6.77056, 37.291323], [-6.770546, 37.291053]], [[-6.77178, 37.290924], [-6.772001, 37.290827], [-6.771992, 37.290647], [-6.771767, 37.290654], [-6.771771, 37.290744], [-6.771659, 37.290748], [-6.771537, 37.290571], [-6.771425, 37.290575], [-6.771434, 37.290755], [-6.771546, 37.290751], [-6.771551, 37.290841], [-6.771325, 37.290848], [-6.77133, 37.290938], [-6.771443, 37.290935], [-6.771447, 37.291025], [-6.771672, 37.291017], [-6.771677, 37.291107], [-6.771902, 37.2911], [-6.77178, 37.290924]], [[-6.771204, 37.290672], [-6.771091, 37.290676], [-6.771096, 37.290766], [-6.771208, 37.290762], [-6.771204, 37.290672]], [[-6.772775, 37.290532], [-6.772663, 37.290535], [-6.772667, 37.290625], [-6.77278, 37.290622], [-6.772775, 37.290532]], [[-6.772438, 37.290543], [-6.772213, 37.29055], [-6.772217, 37.29064], [-6.772442, 37.290633], [-6.772438, 37.290543]], [[-6.774009, 37.290402], [-6.773897, 37.290406], [-6.773901, 37.290496], [-6.774014, 37.290492], [-6.774009, 37.290402]], [[-6.773663, 37.290233], [-6.77355, 37.290237], [-6.773559, 37.290417], [-6.773672, 37.290413], [-6.773663, 37.290233]]]}, "properties": {"id": "donana-2025-165440-4133800", "ha": 6.02, "plastic_dates": 4.4, "valid_dates": 6.8, "admin_zone": "Zona C", "plan_zone": "Zona C - No regable", "distance_to_irrigable_m": 15, "sigpac_ref": "21:46:0:0:20:5:7", "sigpac_use": "IV", "sigpac_irrigation_coef": 100, "sigpac_url": "https://sigpac-hubcloud.es/servicioconsultassigpac/query/recinfo/21/46/0/0/20/5/7.json", "declared_greenhouse_share": 0.98, "declared_irrigated_share": 0.91, "lon": -6.773744, "lat": 37.290726}}, {"type": "Feature", "geometry": {"type": "MultiPolygon", "coordinates": [[[[-6.730864, 37.243304], [-6.730855, 37.243124], [-6.730968, 37.243121], [-6.730972, 37.243211], [-6.731422, 37.243197], [-6.731431, 37.243376], [-6.731877, 37.243272], [-6.731872, 37.243182], [-6.732885, 37.24315], [-6.73288, 37.24306], [-6.733106, 37.243053], [-6.73311, 37.243143], [-6.733222, 37.24314], [-6.733218, 37.24305], [-6.733443, 37.243043], [-6.733447, 37.243133], [-6.733785, 37.243122], [-6.733906, 37.243298], [-6.733794, 37.243302], [-6.733816, 37.243752], [-6.733929, 37.243748], [-6.733942, 37.244018], [-6.734054, 37.244014], [-6.734068, 37.244284], [-6.733843, 37.244291], [-6.733964, 37.244468], [-6.733852, 37.244471], [-6.733861, 37.244651], [-6.733748, 37.244655], [-6.733761, 37.244925], [-6.733649, 37.244928], [-6.733658, 37.245108], [-6.733545, 37.245112], [-6.733567, 37.245561], [-6.733455, 37.245565], [-6.733446, 37.245385], [-6.733221, 37.245392], [-6.733212, 37.245212], [-6.733442, 37.245295], [-6.733433, 37.245115], [-6.733095, 37.245126], [-6.733104, 37.245306], [-6.732992, 37.245309], [-6.732996, 37.245399], [-6.732771, 37.245406], [-6.732767, 37.245316], [-6.732542, 37.245323], [-6.732537, 37.245233], [-6.7322, 37.245244], [-6.732078, 37.245068], [-6.731741, 37.245078], [-6.731736, 37.244988], [-6.731624, 37.244992], [-6.731619, 37.244902], [-6.731394, 37.244909], [-6.731273, 37.244733], [-6.73116, 37.244736], [-6.731151, 37.244556], [-6.731039, 37.24456], [-6.731026, 37.24429], [-6.730796, 37.244207], [-6.730792, 37.244117], [-6.730679, 37.244121], [-6.730675, 37.244031], [-6.730562, 37.244035], [-6.730558, 37.243945], [-6.730445, 37.243948], [-6.730436, 37.243768], [-6.730549, 37.243765], [-6.730544, 37.243675], [-6.730432, 37.243678], [-6.730427, 37.243588], [-6.730315, 37.243592], [-6.730311, 37.243502], [-6.730198, 37.243505], [-6.730202, 37.243595], [-6.729977, 37.243603], [-6.729964, 37.243333], [-6.730635, 37.243221], [-6.730639, 37.243311], [-6.730864, 37.243304]], [[-6.731849, 37.244985], [-6.731844, 37.244895], [-6.731732, 37.244899], [-6.731736, 37.244988], [-6.731849, 37.244985]], [[-6.731138, 37.244287], [-6.731134, 37.244197], [-6.731021, 37.2442], [-6.731026, 37.24429], [-6.731138, 37.244287]], [[-6.730553, 37.243855], [-6.730666, 37.243851], [-6.730661, 37.243761], [-6.730549, 37.243765], [-6.730553, 37.243855]], [[-6.730302, 37.243322], [-6.730306, 37.243412], [-6.730644, 37.243401], [-6.730639, 37.243311], [-6.730302, 37.243322]], [[-6.731615, 37.244812], [-6.731727, 37.244809], [-6.731723, 37.244719], [-6.73161, 37.244722], [-6.731615, 37.244812]], [[-6.731606, 37.244632], [-6.731493, 37.244636], [-6.731498, 37.244726], [-6.73161, 37.244722], [-6.731606, 37.244632]], [[-6.733631, 37.244568], [-6.733519, 37.244572], [-6.733523, 37.244662], [-6.733636, 37.244658], [-6.733631, 37.244568]], [[-6.732731, 37.244597], [-6.732618, 37.2446], [-6.732623, 37.24469], [-6.732735, 37.244687], [-6.732731, 37.244597]], [[-6.733613, 37.244208], [-6.733501, 37.244212], [-6.73351, 37.244392], [-6.733397, 37.244395], [-6.733402, 37.244485], [-6.733627, 37.244478], [-6.733613, 37.244208]], [[-6.731376, 37.244549], [-6.731489, 37.244546], [-6.731484, 37.244456], [-6.731372, 37.244459], [-6.731376, 37.244549]], [[-6.731368, 37.244369], [-6.731255, 37.244373], [-6.731259, 37.244463], [-6.731372, 37.244459], [-6.731368, 37.244369]], [[-6.73238, 37.244338], [-6.732268, 37.244341], [-6.732272, 37.244431], [-6.732385, 37.244427], [-6.73238, 37.244338]], [[-6.732034, 37.244168], [-6.731921, 37.244172], [-6.731818, 37.244355], [-6.732047, 37.244438], [-6.732034, 37.244168]], [[-6.733821, 37.243842], [-6.733708, 37.243845], [-6.733604, 37.244029], [-6.733834, 37.244111], [-6.733821, 37.243842]], [[-6.732137, 37.243985], [-6.731912, 37.243992], [-6.731917, 37.244082], [-6.732142, 37.244075], [-6.732137, 37.243985]], [[-6.732241, 37.243801], [-6.732016, 37.243808], [-6.73202, 37.243898], [-6.732245, 37.243891], [-6.732241, 37.243801]], [[-6.73257, 37.243611], [-6.732457, 37.243614], [-6.732462, 37.243704], [-6.732574, 37.243701], [-6.73257, 37.243611]], [[-6.733578, 37.243489], [-6.733465, 37.243492], [-6.73347, 37.243582], [-6.733582, 37.243579], [-6.733578, 37.243489]], [[-6.73234, 37.243528], [-6.732115, 37.243535], [-6.73212, 37.243625], [-6.732345, 37.243618], [-6.73234, 37.243528]], [[-6.733231, 37.24332], [-6.733119, 37.243323], [-6.733128, 37.243503], [-6.73324, 37.2435], [-6.733231, 37.24332]]], [[[-6.730211, 37.243775], [-6.730202, 37.243595], [-6.730315, 37.243592], [-6.730319, 37.243682], [-6.730432, 37.243678], [-6.730436, 37.243768], [-6.730211, 37.243775]]]]}, "properties": {"id": "donana-2025-168860-4128510", "ha": 5.76, "plastic_dates": 4.7, "valid_dates": 8.2, "admin_zone": "Zona A", "plan_zone": "Zona A - Suelo Forestal", "distance_to_irrigable_m": 17, "sigpac_ref": "21:46:0:0:11:14:3", "sigpac_use": "IV", "sigpac_irrigation_coef": 0, "sigpac_url": "https://sigpac-hubcloud.es/servicioconsultassigpac/query/recinfo/21/46/0/0/11/14/3.json", "declared_greenhouse_share": 0.99, "declared_irrigated_share": 0.0, "lon": -6.732945, "lat": 37.244365}}, {"type": "Feature", "geometry": {"type": "MultiPolygon", "coordinates": [[[[-6.643705, 37.237553], [-6.643593, 37.237557], [-6.643597, 37.237647], [-6.643147, 37.237661], [-6.643143, 37.237571], [-6.642918, 37.237578], [-6.642909, 37.237398], [-6.642796, 37.237401], [-6.642792, 37.237311], [-6.643017, 37.237304], [-6.643013, 37.237214], [-6.642788, 37.237221], [-6.642783, 37.237131], [-6.642671, 37.237135], [-6.642675, 37.237225], [-6.642563, 37.237228], [-6.642554, 37.237048], [-6.642325, 37.236965], [-6.64232, 37.236875], [-6.642095, 37.236882], [-6.641974, 37.236706], [-6.641862, 37.236709], [-6.641857, 37.236619], [-6.64197, 37.236616], [-6.641965, 37.236526], [-6.641853, 37.236529], [-6.641849, 37.236439], [-6.641736, 37.236443], [-6.641732, 37.236353], [-6.641619, 37.236356], [-6.641615, 37.236266], [-6.641502, 37.23627], [-6.641507, 37.23636], [-6.641394, 37.236363], [-6.641498, 37.23618], [-6.641386, 37.236183], [-6.641381, 37.236093], [-6.641156, 37.2361], [-6.641035, 37.235924], [-6.640923, 37.235927], [-6.640918, 37.235837], [-6.640806, 37.235841], [-6.640797, 37.235661], [-6.641135, 37.235651], [-6.641126, 37.235471], [-6.641238, 37.235467], [-6.641234, 37.235377], [-6.64078, 37.235301], [-6.640793, 37.235571], [-6.640563, 37.235488], [-6.640572, 37.235668], [-6.640347, 37.235675], [-6.640343, 37.235585], [-6.640118, 37.235592], [-6.640113, 37.235502], [-6.640001, 37.235505], [-6.639996, 37.235415], [-6.639542, 37.235339], [-6.639421, 37.235163], [-6.639646, 37.235156], [-6.639637, 37.234976], [-6.639858, 37.234879], [-6.639979, 37.235056], [-6.640092, 37.235052], [-6.640096, 37.235142], [-6.640434, 37.235132], [-6.640438, 37.235222], [-6.64055, 37.235218], [-6.640546, 37.235128], [-6.640771, 37.235121], [-6.640767, 37.235031], [-6.640992, 37.235024], [-6.641096, 37.234841], [-6.641541, 37.234737], [-6.641537, 37.234647], [-6.641766, 37.23473], [-6.641758, 37.23455], [-6.64232, 37.234533], [-6.642329, 37.234713], [-6.642216, 37.234716], [-6.642221, 37.234806], [-6.641996, 37.234813], [-6.641892, 37.234997], [-6.641667, 37.235004], [-6.641693, 37.235543], [-6.641922, 37.235626], [-6.641926, 37.235716], [-6.642039, 37.235713], [-6.642043, 37.235803], [-6.642156, 37.235799], [-6.64216, 37.235889], [-6.642273, 37.235886], [-6.642277, 37.235976], [-6.643177, 37.235948], [-6.643168, 37.235768], [-6.643393, 37.235761], [-6.643497, 37.235578], [-6.64361, 37.235574], [-6.643601, 37.235394], [-6.643939, 37.235384], [-6.644043, 37.235201], [-6.644268, 37.235194], [-6.644289, 37.235644], [-6.644519, 37.235727], [-6.644523, 37.235817], [-6.644635, 37.235813], [-6.644644, 37.235993], [-6.644757, 37.235989], [-6.644761, 37.236079], [-6.644873, 37.236076], [-6.644891, 37.236436], [-6.644445, 37.23654], [-6.644462, 37.236899], [-6.64435, 37.236903], [-6.644341, 37.236723], [-6.644229, 37.236726], [-6.644237, 37.236906], [-6.643675, 37.236924], [-6.643684, 37.237104], [-6.643796, 37.2371], [-6.643792, 37.23701], [-6.644242, 37.236996], [-6.644246, 37.237086], [-6.644025, 37.237183], [-6.64403, 37.237273], [-6.643917, 37.237277], [-6.643922, 37.237367], [-6.643809, 37.23737], [-6.643813, 37.23746], [-6.643701, 37.237463], [-6.643705, 37.237553]], [[-6.641243, 37.235557], [-6.641355, 37.235554], [-6.641351, 37.235464], [-6.641238, 37.235467], [-6.641243, 37.235557]], [[-6.64136, 37.235644], [-6.641472, 37.23564], [-6.641468, 37.23555], [-6.641355, 37.235554], [-6.64136, 37.235644]], [[-6.641476, 37.23573], [-6.641589, 37.235727], [-6.641585, 37.235637], [-6.641472, 37.23564], [-6.641476, 37.23573]], [[-6.641593, 37.235817], [-6.641706, 37.235813], [-6.641701, 37.235723], [-6.641589, 37.235727], [-6.641593, 37.235817]], [[-6.64171, 37.235903], [-6.641823, 37.2359], [-6.641818, 37.23581], [-6.641706, 37.235813], [-6.64171, 37.235903]], [[-6.641827, 37.23599], [-6.641939, 37.235986], [-6.641935, 37.235896], [-6.641823, 37.2359], [-6.641827, 37.23599]], [[-6.641944, 37.236076], [-6.642056, 37.236073], [-6.642052, 37.235983], [-6.641939, 37.235986], [-6.641944, 37.236076]], [[-6.642061, 37.236163], [-6.642173, 37.236159], [-6.642169, 37.236069], [-6.642056, 37.236073], [-6.642061, 37.236163]], [[-6.640555, 37.235308], [-6.640667, 37.235305], [-6.640663, 37.235215], [-6.64055, 37.235218], [-6.640555, 37.235308]], [[-6.641662, 37.234914], [-6.64155, 37.234917], [-6.641554, 37.235007], [-6.641667, 37.235004], [-6.641662, 37.234914]], [[-6.641546, 37.234827], [-6.641433, 37.234831], [-6.641437, 37.234921], [-6.64155, 37.234917], [-6.641546, 37.234827]], [[-6.643614, 37.235664], [-6.643727, 37.235661], [-6.643722, 37.235571], [-6.64361, 37.235574], [-6.643614, 37.235664]], [[-6.643731, 37.235751], [-6.643843, 37.235747], [-6.643839, 37.235657], [-6.643727, 37.235661], [-6.643731, 37.235751]], [[-6.643848, 37.235837], [-6.64396, 37.235834], [-6.643956, 37.235744], [-6.643843, 37.235747], [-6.643848, 37.235837]], [[-6.643965, 37.235924], [-6.644077, 37.23592], [-6.644073, 37.23583], [-6.64396, 37.235834], [-6.643965, 37.235924]], [[-6.644082, 37.23601], [-6.644194, 37.236007], [-6.64419, 37.235917], [-6.644077, 37.23592], [-6.644082, 37.23601]], [[-6.643692, 37.237284], [-6.643805, 37.23728], [-6.6438, 37.23719], [-6.643571, 37.237107], [-6.64358, 37.237287], [-6.643467, 37.23729], [-6.643471, 37.23738], [-6.643701, 37.237463], [-6.643692, 37.237284]], [[-6.643121, 37.237121], [-6.643346, 37.237114], [-6.643337, 37.236934], [-6.643117, 37.237031], [-6.643121, 37.237121]], [[-6.643108, 37.236851], [-6.642995, 37.236855], [-6.643004, 37.237034], [-6.643117, 37.237031], [-6.643108, 37.236851]], [[-6.64322, 37.236848], [-6.643216, 37.236758], [-6.643104, 37.236761], [-6.643108, 37.236851], [-6.64322, 37.236848]], [[-6.642991, 37.236765], [-6.642879, 37.236768], [-6.642883, 37.236858], [-6.642995, 37.236855], [-6.642991, 37.236765]], [[-6.642874, 37.236678], [-6.642762, 37.236682], [-6.642766, 37.236772], [-6.642879, 37.236768], [-6.642874, 37.236678]], [[-6.642757, 37.236592], [-6.642645, 37.236595], [-6.642649, 37.236685], [-6.642762, 37.236682], [-6.642757, 37.236592]], [[-6.642641, 37.236505], [-6.642528, 37.236509], [-6.642532, 37.236599], [-6.642645, 37.236595], [-6.642641, 37.236505]], [[-6.642524, 37.236419], [-6.642411, 37.236422], [-6.642416, 37.236512], [-6.642528, 37.236509], [-6.642524, 37.236419]], [[-6.643774, 37.23665], [-6.643887, 37.236647], [-6.643883, 37.236557], [-6.64377, 37.23656], [-6.643774, 37.23665]], [[-6.643766, 37.23647], [-6.643653, 37.236474], [-6.643657, 37.236564], [-6.64377, 37.23656], [-6.643766, 37.23647]], [[-6.643649, 37.236384], [-6.643536, 37.236387], [-6.643541, 37.236477], [-6.643653, 37.236474], [-6.643649, 37.236384]], [[-6.643532, 37.236297], [-6.643419, 37.236301], [-6.643424, 37.236391], [-6.643536, 37.236387], [-6.643532, 37.236297]], [[-6.643415, 37.236211], [-6.643186, 37.236128], [-6.643207, 37.236578], [-6.64332, 37.236574], [-6.643307, 37.236304], [-6.643419, 37.236301], [-6.643415, 37.236211]], [[-6.644553, 37.236446], [-6.644666, 37.236443], [-6.644661, 37.236353], [-6.644549, 37.236356], [-6.644553, 37.236446]], [[-6.644545, 37.236266], [-6.644432, 37.23627], [-6.644436, 37.23636], [-6.644549, 37.236356], [-6.644545, 37.236266]], [[-6.644428, 37.23618], [-6.644315, 37.236183], [-6.64432, 37.236273], [-6.644432, 37.23627], [-6.644428, 37.23618]], [[-6.6401, 37.235232], [-6.639988, 37.235235], [-6.639992, 37.235325], [-6.640105, 37.235322], [-6.6401, 37.235232]]], [[[-6.642316, 37.234443], [-6.642541, 37.234436], [-6.642645, 37.234253], [-6.64287, 37.234246], [-6.642974, 37.234062], [-6.643086, 37.234059], [-6.643082, 37.233969], [-6.643194, 37.233966], [-6.64319, 37.233876], [-6.643415, 37.233869], [-6.643406, 37.233689], [-6.643744, 37.233678], [-6.64364, 37.233862], [-6.643527, 37.233865], [-6.643532, 37.233955], [-6.643307, 37.233962], [-6.643203, 37.234145], [-6.642978, 37.234152], [-6.642987, 37.234332], [-6.642762, 37.234339], [-6.642658, 37.234523], [-6.64232, 37.234533], [-6.642316, 37.234443]]], [[[-6.641511, 37.23645], [-6.641507, 37.23636], [-6.641619, 37.236356], [-6.641624, 37.236446], [-6.641511, 37.23645]]], [[[-6.641628, 37.236536], [-6.641624, 37.236446], [-6.641736, 37.236443], [-6.64174, 37.236533], [-6.641628, 37.236536]]], [[[-6.641745, 37.236623], [-6.64174, 37.236533], [-6.641853, 37.236529], [-6.641857, 37.236619], [-6.641745, 37.236623]]], [[[-6.64268, 37.237315], [-6.642675, 37.237225], [-6.642788, 37.237221], [-6.642792, 37.237311], [-6.64268, 37.237315]]]]}, "properties": {"id": "donana-2025-176960-4127240", "ha": 5.71, "plastic_dates": 4.3, "valid_dates": 6.0, "admin_zone": "Zona C", "plan_zone": "Zona C - No regable", "distance_to_irrigable_m": 13, "sigpac_ref": "21:5:0:0:40:2:23", "sigpac_use": "IV", "sigpac_irrigation_coef": 0, "sigpac_url": "https://sigpac-hubcloud.es/servicioconsultassigpac/query/recinfo/21/5/0/0/40/2/23.json", "declared_greenhouse_share": 1.0, "declared_irrigated_share": 0.09, "lon": -6.641197, "lat": 37.235784}}, {"type": "Feature", "geometry": {"type": "MultiPolygon", "coordinates": [[[[-6.797643, 37.22226], [-6.79763, 37.22199], [-6.797859, 37.222073], [-6.79785, 37.221893], [-6.797962, 37.22189], [-6.797967, 37.221979], [-6.798079, 37.221976], [-6.79807, 37.221796], [-6.798183, 37.221792], [-6.798192, 37.221972], [-6.798304, 37.221969], [-6.798291, 37.221699], [-6.798516, 37.221692], [-6.798511, 37.221602], [-6.798849, 37.221591], [-6.798853, 37.221681], [-6.798628, 37.221688], [-6.798633, 37.221778], [-6.79852, 37.221782], [-6.798529, 37.221961], [-6.79875, 37.221864], [-6.798754, 37.221954], [-6.798867, 37.221951], [-6.798858, 37.221771], [-6.79897, 37.221767], [-6.798979, 37.221947], [-6.799092, 37.221943], [-6.799096, 37.222033], [-6.798984, 37.222037], [-6.798993, 37.222217], [-6.799213, 37.22212], [-6.799344, 37.222476], [-6.799456, 37.222472], [-6.799465, 37.222652], [-6.799695, 37.222735], [-6.799708, 37.223005], [-6.799596, 37.223008], [-6.799591, 37.222918], [-6.799366, 37.222925], [-6.799371, 37.223015], [-6.799258, 37.223019], [-6.799263, 37.223109], [-6.799713, 37.223095], [-6.799722, 37.223274], [-6.799609, 37.223278], [-6.799627, 37.223638], [-6.799515, 37.223641], [-6.799636, 37.223818], [-6.799524, 37.223821], [-6.799556, 37.224451], [-6.799443, 37.224454], [-6.799452, 37.224634], [-6.79934, 37.224638], [-6.799362, 37.225088], [-6.79925, 37.225091], [-6.799259, 37.225271], [-6.799146, 37.225275], [-6.799155, 37.225455], [-6.799043, 37.225458], [-6.799052, 37.225638], [-6.798598, 37.225563], [-6.798593, 37.225473], [-6.798143, 37.225487], [-6.798125, 37.225127], [-6.798237, 37.225124], [-6.798219, 37.224764], [-6.798332, 37.22476], [-6.798323, 37.224581], [-6.798435, 37.224577], [-6.798426, 37.224397], [-6.798539, 37.224393], [-6.798417, 37.224217], [-6.798305, 37.224221], [-6.7983, 37.224131], [-6.798521, 37.224034], [-6.798512, 37.223854], [-6.798741, 37.223937], [-6.798737, 37.223847], [-6.798962, 37.223839], [-6.798957, 37.223749], [-6.79907, 37.223746], [-6.799065, 37.223656], [-6.79929, 37.223649], [-6.799285, 37.223559], [-6.799056, 37.223476], [-6.79906, 37.223566], [-6.798723, 37.223577], [-6.79862, 37.22376], [-6.798282, 37.223771], [-6.798291, 37.223951], [-6.798066, 37.223958], [-6.798062, 37.223868], [-6.797949, 37.223872], [-6.79794, 37.223692], [-6.797828, 37.223696], [-6.797823, 37.223606], [-6.798048, 37.223598], [-6.798044, 37.223508], [-6.797819, 37.223516], [-6.797814, 37.223426], [-6.797702, 37.223429], [-6.797571, 37.223073], [-6.797459, 37.223077], [-6.797445, 37.222807], [-6.797333, 37.222811], [-6.797324, 37.222631], [-6.797211, 37.222634], [-6.797198, 37.222365], [-6.797085, 37.222368], [-6.797076, 37.222188], [-6.797414, 37.222177], [-6.797418, 37.222267], [-6.797643, 37.22226]], [[-6.798719, 37.223487], [-6.798606, 37.22349], [-6.798611, 37.22358], [-6.798723, 37.223577], [-6.798719, 37.223487]], [[-6.798943, 37.22348], [-6.798939, 37.22339], [-6.798714, 37.223397], [-6.798719, 37.223487], [-6.798943, 37.22348]], [[-6.798498, 37.223584], [-6.798503, 37.223674], [-6.798615, 37.22367], [-6.798611, 37.22358], [-6.798498, 37.223584]], [[-6.798494, 37.223494], [-6.798381, 37.223498], [-6.798386, 37.223588], [-6.798498, 37.223584], [-6.798494, 37.223494]], [[-6.798174, 37.223865], [-6.798278, 37.223681], [-6.798053, 37.223688], [-6.798062, 37.223868], [-6.798174, 37.223865]], [[-6.797306, 37.222271], [-6.79731, 37.222361], [-6.797423, 37.222357], [-6.797418, 37.222267], [-6.797306, 37.222271]], [[-6.798678, 37.222677], [-6.79879, 37.222674], [-6.798781, 37.222494], [-6.798669, 37.222497], [-6.798678, 37.222677]], [[-6.798664, 37.222408], [-6.798552, 37.222411], [-6.798556, 37.222501], [-6.798669, 37.222497], [-6.798664, 37.222408]], [[-6.798543, 37.222231], [-6.79843, 37.222235], [-6.798439, 37.222415], [-6.798552, 37.222411], [-6.798543, 37.222231]], [[-6.798894, 37.22249], [-6.799119, 37.222483], [-6.799114, 37.222393], [-6.798889, 37.2224], [-6.798894, 37.22249]], [[-6.799227, 37.222389], [-6.799222, 37.222299], [-6.79911, 37.222303], [-6.799114, 37.222393], [-6.799227, 37.222389]], [[-6.798885, 37.22231], [-6.798772, 37.222314], [-6.798777, 37.222404], [-6.798889, 37.2224], [-6.798885, 37.22231]], [[-6.798871, 37.222041], [-6.798759, 37.222044], [-6.798763, 37.222134], [-6.798876, 37.22213], [-6.798871, 37.222041]]], [[[-6.797409, 37.222087], [-6.797522, 37.222084], [-6.797526, 37.222174], [-6.797414, 37.222177], [-6.797409, 37.222087]]]]}, "properties": {"id": "donana-2025-162980-4126440", "ha": 5.21, "plastic_dates": 4.0, "valid_dates": 6.9, "admin_zone": "Zona A", "plan_zone": "Zona A - Suelo Forestal", "distance_to_irrigable_m": 17, "sigpac_ref": "21:50:0:0:33:30:13", "sigpac_use": "IV", "sigpac_irrigation_coef": 100, "sigpac_url": "https://sigpac-hubcloud.es/servicioconsultassigpac/query/recinfo/21/50/0/0/33/30/13.json", "declared_greenhouse_share": 0.95, "declared_irrigated_share": 1.0, "lon": -6.798163, "lat": 37.22364}}, {"type": "Feature", "geometry": {"type": "MultiPolygon", "coordinates": [[[[-6.796711, 37.279946], [-6.796598, 37.27995], [-6.796467, 37.279593], [-6.796247, 37.279691], [-6.796238, 37.279511], [-6.79635, 37.279507], [-6.796346, 37.279417], [-6.796121, 37.279424], [-6.796148, 37.279964], [-6.796373, 37.279957], [-6.796377, 37.280047], [-6.796152, 37.280054], [-6.796049, 37.280237], [-6.795711, 37.280248], [-6.795716, 37.280338], [-6.795265, 37.280353], [-6.795261, 37.280263], [-6.795148, 37.280266], [-6.795153, 37.280356], [-6.794928, 37.280363], [-6.794932, 37.280453], [-6.79482, 37.280457], [-6.794811, 37.280277], [-6.795036, 37.28027], [-6.795027, 37.28009], [-6.794914, 37.280094], [-6.794905, 37.279914], [-6.79468, 37.279921], [-6.794671, 37.279741], [-6.794558, 37.279745], [-6.794527, 37.279115], [-6.794414, 37.279119], [-6.794509, 37.278755], [-6.794396, 37.278759], [-6.794369, 37.278219], [-6.794482, 37.278216], [-6.794459, 37.277766], [-6.794572, 37.277762], [-6.794567, 37.277672], [-6.794792, 37.277665], [-6.794783, 37.277485], [-6.794896, 37.277482], [-6.794923, 37.278021], [-6.795152, 37.278104], [-6.795161, 37.278284], [-6.795049, 37.278288], [-6.795062, 37.278557], [-6.795283, 37.27846], [-6.795278, 37.27837], [-6.795504, 37.278363], [-6.795499, 37.278273], [-6.796062, 37.278255], [-6.796183, 37.278431], [-6.796296, 37.278428], [-6.796282, 37.278158], [-6.796508, 37.278151], [-6.796517, 37.278331], [-6.796629, 37.278327], [-6.796611, 37.277967], [-6.796724, 37.277964], [-6.796737, 37.278233], [-6.79685, 37.27823], [-6.796863, 37.2785], [-6.796976, 37.278496], [-6.796985, 37.278676], [-6.797097, 37.278672], [-6.797102, 37.278762], [-6.79744, 37.278751], [-6.797435, 37.278661], [-6.797548, 37.278658], [-6.797557, 37.278838], [-6.797669, 37.278834], [-6.797678, 37.279014], [-6.797791, 37.27901], [-6.7978, 37.27919], [-6.797912, 37.279187], [-6.797922, 37.279366], [-6.798034, 37.279363], [-6.798039, 37.279453], [-6.797588, 37.279467], [-6.797485, 37.279651], [-6.797147, 37.279662], [-6.797152, 37.279752], [-6.796927, 37.279759], [-6.796931, 37.279849], [-6.796819, 37.279852], [-6.79681, 37.279672], [-6.796697, 37.279676], [-6.796711, 37.279946]], [[-6.794752, 37.279108], [-6.794747, 37.279018], [-6.794972, 37.279011], [-6.794963, 37.278831], [-6.794522, 37.279025], [-6.794527, 37.279115], [-6.794752, 37.279108]], [[-6.794621, 37.278752], [-6.794617, 37.278662], [-6.794504, 37.278665], [-6.794509, 37.278755], [-6.794621, 37.278752]], [[-6.797444, 37.278841], [-6.797449, 37.278931], [-6.797561, 37.278928], [-6.797557, 37.278838], [-6.797444, 37.278841]], [[-6.796688, 37.279496], [-6.796575, 37.2795], [-6.796584, 37.27968], [-6.796697, 37.279676], [-6.796688, 37.279496]], [[-6.795333, 37.27945], [-6.79522, 37.279453], [-6.795225, 37.279543], [-6.795337, 37.27954], [-6.795333, 37.27945]], [[-6.797467, 37.279291], [-6.797354, 37.279295], [-6.797359, 37.279385], [-6.797471, 37.279381], [-6.797467, 37.279291]], [[-6.796562, 37.27923], [-6.796449, 37.279234], [-6.796458, 37.279413], [-6.796571, 37.27941], [-6.796562, 37.27923]], [[-6.795103, 37.279367], [-6.794991, 37.279371], [-6.794995, 37.27946], [-6.795108, 37.279457], [-6.795103, 37.279367]], [[-6.797012, 37.279216], [-6.796899, 37.279219], [-6.796904, 37.279309], [-6.797017, 37.279305], [-6.797012, 37.279216]], [[-6.795999, 37.279248], [-6.795886, 37.279252], [-6.795891, 37.279342], [-6.796004, 37.279338], [-6.795999, 37.279248]], [[-6.797345, 37.279115], [-6.797233, 37.279118], [-6.797237, 37.279208], [-6.79735, 37.279205], [-6.797345, 37.279115]], [[-6.79644, 37.279054], [-6.796328, 37.279057], [-6.796332, 37.279147], [-6.796445, 37.279144], [-6.79644, 37.279054]], [[-6.796886, 37.278949], [-6.796773, 37.278953], [-6.796778, 37.279043], [-6.79689, 37.279039], [-6.796886, 37.278949]], [[-6.797219, 37.278849], [-6.797106, 37.278852], [-6.797111, 37.278942], [-6.797224, 37.278938], [-6.797219, 37.278849]], [[-6.796093, 37.278885], [-6.795981, 37.278888], [-6.795985, 37.278978], [-6.796098, 37.278975], [-6.796093, 37.278885]], [[-6.795301, 37.27882], [-6.795189, 37.278824], [-6.795198, 37.279004], [-6.79531, 37.279], [-6.795301, 37.27882]], [[-6.79653, 37.2786], [-6.796418, 37.278604], [-6.796422, 37.278694], [-6.796535, 37.27869], [-6.79653, 37.2786]], [[-6.79472, 37.278478], [-6.794608, 37.278482], [-6.794612, 37.278572], [-6.794725, 37.278568], [-6.79472, 37.278478]], [[-6.795841, 37.278352], [-6.795729, 37.278356], [-6.795733, 37.278446], [-6.795846, 37.278442], [-6.795841, 37.278352]], [[-6.794941, 37.278381], [-6.794828, 37.278385], [-6.794833, 37.278475], [-6.794945, 37.278471], [-6.794941, 37.278381]]], [[[-6.796498, 37.277971], [-6.796489, 37.277791], [-6.796602, 37.277787], [-6.796611, 37.277967], [-6.796498, 37.277971]]], [[[-6.794685, 37.280011], [-6.794797, 37.280007], [-6.794806, 37.280187], [-6.794581, 37.280194], [-6.794577, 37.280105], [-6.794689, 37.280101], [-6.794567, 37.279925], [-6.79468, 37.279921], [-6.794685, 37.280011]]]]}, "properties": {"id": "donana-2025-163360-4132570", "ha": 5.1, "plastic_dates": 3.9, "valid_dates": 7.9, "admin_zone": "Zona C", "plan_zone": "Zona C - No regable", "distance_to_irrigable_m": 16, "sigpac_ref": "21:50:0:0:9:209:20", "sigpac_use": "IV", "sigpac_irrigation_coef": 0, "sigpac_url": "https://sigpac-hubcloud.es/servicioconsultassigpac/query/recinfo/21/50/0/0/9/209/20.json", "declared_greenhouse_share": 1.0, "declared_irrigated_share": 0.0, "lon": -6.796602, "lat": 37.278913}}, {"type": "Feature", "geometry": {"type": "Polygon", "coordinates": [[[-6.787688, 37.282127], [-6.787693, 37.282217], [-6.787805, 37.282214], [-6.787702, 37.282397], [-6.787927, 37.28239], [-6.787922, 37.2823], [-6.788035, 37.282296], [-6.788039, 37.282386], [-6.788265, 37.282379], [-6.788269, 37.282469], [-6.788494, 37.282462], [-6.788499, 37.282552], [-6.788724, 37.282544], [-6.788728, 37.282634], [-6.788953, 37.282627], [-6.788958, 37.282717], [-6.789183, 37.28271], [-6.789089, 37.283073], [-6.788976, 37.283077], [-6.788985, 37.283257], [-6.788873, 37.28326], [-6.788882, 37.28344], [-6.788769, 37.283444], [-6.788783, 37.283714], [-6.787769, 37.283746], [-6.787774, 37.283836], [-6.786311, 37.283883], [-6.786315, 37.283973], [-6.78609, 37.28398], [-6.785968, 37.283804], [-6.785856, 37.283807], [-6.785851, 37.283718], [-6.785964, 37.283714], [-6.785946, 37.283354], [-6.786058, 37.283351], [-6.786004, 37.282271], [-6.785892, 37.282275], [-6.785874, 37.281915], [-6.787224, 37.281872], [-6.787346, 37.282048], [-6.787459, 37.282044], [-6.787463, 37.282134], [-6.787688, 37.282127]], [[-6.787351, 37.282138], [-6.787369, 37.282498], [-6.787481, 37.282494], [-6.787463, 37.282134], [-6.787351, 37.282138]], [[-6.786855, 37.283505], [-6.786743, 37.283509], [-6.786747, 37.283599], [-6.78686, 37.283595], [-6.786855, 37.283505]], [[-6.788427, 37.283365], [-6.788314, 37.283368], [-6.788319, 37.283458], [-6.788431, 37.283455], [-6.788427, 37.283365]], [[-6.7865, 37.283156], [-6.786387, 37.28316], [-6.786392, 37.28325], [-6.786504, 37.283246], [-6.7865, 37.283156]], [[-6.78627, 37.283073], [-6.786495, 37.283066], [-6.786482, 37.282796], [-6.786261, 37.282894], [-6.786266, 37.282984], [-6.786153, 37.282987], [-6.786162, 37.283167], [-6.786275, 37.283163], [-6.78627, 37.283073]], [[-6.787936, 37.28257], [-6.787823, 37.282573], [-6.787828, 37.282663], [-6.78794, 37.28266], [-6.787936, 37.28257]]]}, "properties": {"id": "donana-2025-164160-4132980", "ha": 4.72, "plastic_dates": 5.3, "valid_dates": 8.7, "admin_zone": "Zona A", "plan_zone": "Zona A - Suelo Forestal", "distance_to_irrigable_m": 15, "sigpac_ref": "21:50:0:0:9:206:17", "sigpac_use": "IV", "sigpac_irrigation_coef": 100, "sigpac_url": "https://sigpac-hubcloud.es/servicioconsultassigpac/query/recinfo/21/50/0/0/9/206/17.json", "declared_greenhouse_share": 1.0, "declared_irrigated_share": 1.0, "lon": -6.787839, "lat": 37.282888}}, {"type": "Feature", "geometry": {"type": "Polygon", "coordinates": [[[-6.833611, 37.236234], [-6.833607, 37.236144], [-6.833382, 37.236152], [-6.833377, 37.236062], [-6.83304, 37.236073], [-6.833035, 37.235983], [-6.832698, 37.235994], [-6.832576, 37.235817], [-6.832126, 37.235832], [-6.832122, 37.235742], [-6.831784, 37.235753], [-6.83178, 37.235663], [-6.83133, 37.235678], [-6.831325, 37.235588], [-6.830875, 37.235602], [-6.830871, 37.235512], [-6.830983, 37.235509], [-6.830969, 37.235239], [-6.831419, 37.235224], [-6.831424, 37.235314], [-6.831761, 37.235303], [-6.831752, 37.235123], [-6.831865, 37.23512], [-6.83186, 37.23503], [-6.832648, 37.235004], [-6.832742, 37.234641], [-6.832854, 37.234637], [-6.832845, 37.234457], [-6.833066, 37.23436], [-6.833061, 37.23427], [-6.833174, 37.234266], [-6.833169, 37.234177], [-6.833394, 37.234169], [-6.833389, 37.234079], [-6.833727, 37.234068], [-6.833722, 37.233978], [-6.83406, 37.233967], [-6.834163, 37.233784], [-6.834276, 37.23378], [-6.834181, 37.234144], [-6.834294, 37.23414], [-6.834298, 37.23423], [-6.834523, 37.234223], [-6.834528, 37.234313], [-6.834753, 37.234305], [-6.834757, 37.234395], [-6.834982, 37.234388], [-6.834992, 37.234568], [-6.834879, 37.234572], [-6.834893, 37.234841], [-6.834672, 37.234939], [-6.834578, 37.235302], [-6.834466, 37.235306], [-6.834475, 37.235486], [-6.834362, 37.235489], [-6.834371, 37.235669], [-6.834259, 37.235673], [-6.834268, 37.235853], [-6.834048, 37.23595], [-6.834057, 37.23613], [-6.833944, 37.236133], [-6.833949, 37.236223], [-6.833611, 37.236234]]]}, "properties": {"id": "donana-2025-159910-4127830", "ha": 4.58, "plastic_dates": 5.6, "valid_dates": 9.7, "admin_zone": "Zona C", "plan_zone": "Zona C - No regable", "distance_to_irrigable_m": 16, "sigpac_ref": "21:50:0:0:22:32:10", "sigpac_use": "TA", "sigpac_irrigation_coef": 0, "sigpac_url": "https://sigpac-hubcloud.es/servicioconsultassigpac/query/recinfo/21/50/0/0/22/32/10.json", "declared_greenhouse_share": 0.28, "declared_irrigated_share": 0.28, "lon": -6.833269, "lat": 37.235029}}, {"type": "Feature", "geometry": {"type": "Polygon", "coordinates": [[[-6.75542, 37.279373], [-6.755415, 37.279283], [-6.75519, 37.27929], [-6.755109, 37.277671], [-6.754997, 37.277675], [-6.754979, 37.277315], [-6.755429, 37.277301], [-6.75542, 37.277121], [-6.755533, 37.277117], [-6.755506, 37.276578], [-6.755619, 37.276574], [-6.755605, 37.276304], [-6.755384, 37.276401], [-6.755376, 37.276221], [-6.755488, 37.276218], [-6.755479, 37.276038], [-6.756154, 37.276016], [-6.756159, 37.276106], [-6.756722, 37.276089], [-6.756726, 37.276179], [-6.756951, 37.276171], [-6.75683, 37.275995], [-6.757055, 37.275988], [-6.757068, 37.276258], [-6.757181, 37.276254], [-6.757199, 37.276614], [-6.757086, 37.276617], [-6.757091, 37.276707], [-6.756866, 37.276715], [-6.756879, 37.276984], [-6.756766, 37.276988], [-6.756784, 37.277348], [-6.756672, 37.277351], [-6.756685, 37.277621], [-6.756573, 37.277625], [-6.756586, 37.277895], [-6.756474, 37.277898], [-6.756487, 37.278168], [-6.756374, 37.278172], [-6.756406, 37.278801], [-6.756518, 37.278798], [-6.756523, 37.278888], [-6.75641, 37.278891], [-6.756428, 37.279251], [-6.756316, 37.279255], [-6.75632, 37.279344], [-6.75542, 37.279373]], [[-6.755595, 37.278377], [-6.755258, 37.278387], [-6.755262, 37.278477], [-6.7556, 37.278466], [-6.755595, 37.278377]], [[-6.755704, 37.278283], [-6.755708, 37.278373], [-6.755933, 37.278366], [-6.755929, 37.278276], [-6.755704, 37.278283]], [[-6.756041, 37.278272], [-6.756032, 37.278092], [-6.75592, 37.278096], [-6.755929, 37.278276], [-6.756041, 37.278272]], [[-6.756127, 37.277729], [-6.756014, 37.277733], [-6.756028, 37.278002], [-6.75614, 37.277999], [-6.756127, 37.277729]], [[-6.755996, 37.277373], [-6.755884, 37.277376], [-6.755893, 37.277556], [-6.756005, 37.277553], [-6.755996, 37.277373]], [[-6.755875, 37.277197], [-6.755762, 37.2772], [-6.755767, 37.27729], [-6.755879, 37.277286], [-6.755875, 37.277197]], [[-6.75574, 37.27675], [-6.755627, 37.276754], [-6.755641, 37.277024], [-6.755753, 37.27702], [-6.75574, 37.27675]]]}, "properties": {"id": "donana-2025-166970-4132290", "ha": 4.39, "plastic_dates": 5.7, "valid_dates": 9.9, "admin_zone": "Zona A", "plan_zone": "Zona A - Suelo Forestal", "distance_to_irrigable_m": 15, "sigpac_ref": "21:46:0:0:19:2:40", "sigpac_use": "IV", "sigpac_irrigation_coef": 0, "sigpac_url": "https://sigpac-hubcloud.es/servicioconsultassigpac/query/recinfo/21/46/0/0/19/2/40.json", "declared_greenhouse_share": 1.0, "declared_irrigated_share": 0.01, "lon": -6.755843, "lat": 37.277693}}, {"type": "Feature", "geometry": {"type": "MultiPolygon", "coordinates": [[[[-6.525876, 37.158508], [-6.525538, 37.158518], [-6.525534, 37.158428], [-6.526546, 37.158398], [-6.526542, 37.158308], [-6.525755, 37.158331], [-6.525751, 37.158241], [-6.525638, 37.158245], [-6.525634, 37.158155], [-6.525859, 37.158148], [-6.525738, 37.157971], [-6.525626, 37.157975], [-6.525621, 37.157885], [-6.525734, 37.157881], [-6.525713, 37.157432], [-6.525938, 37.157425], [-6.525934, 37.157335], [-6.525709, 37.157342], [-6.525692, 37.156982], [-6.525804, 37.156978], [-6.5258, 37.156888], [-6.525571, 37.156805], [-6.525675, 37.156622], [-6.525788, 37.156618], [-6.525784, 37.156528], [-6.526008, 37.156522], [-6.526013, 37.156612], [-6.52635, 37.156602], [-6.526346, 37.156512], [-6.527245, 37.156485], [-6.527158, 37.157028], [-6.527045, 37.157031], [-6.527174, 37.157388], [-6.526949, 37.157395], [-6.526954, 37.157485], [-6.527178, 37.157478], [-6.527183, 37.157568], [-6.52707, 37.157571], [-6.527087, 37.157931], [-6.527199, 37.157928], [-6.527208, 37.158108], [-6.527095, 37.158111], [-6.527116, 37.158561], [-6.527004, 37.158564], [-6.527008, 37.158654], [-6.52712, 37.158651], [-6.527125, 37.158741], [-6.527012, 37.158744], [-6.527025, 37.159014], [-6.527137, 37.159011], [-6.527171, 37.159731], [-6.526946, 37.159737], [-6.52695, 37.159827], [-6.527062, 37.159824], [-6.527075, 37.160094], [-6.526963, 37.160097], [-6.526967, 37.160187], [-6.527079, 37.160184], [-6.527088, 37.160364], [-6.526863, 37.16037], [-6.526859, 37.16028], [-6.52551, 37.160321], [-6.525493, 37.159961], [-6.525605, 37.159957], [-6.525601, 37.159867], [-6.525489, 37.159871], [-6.525484, 37.159781], [-6.525822, 37.159771], [-6.525818, 37.159681], [-6.525593, 37.159687], [-6.525584, 37.159508], [-6.525697, 37.159504], [-6.525693, 37.159414], [-6.52603, 37.159404], [-6.526021, 37.159224], [-6.526134, 37.159221], [-6.526155, 37.159671], [-6.52638, 37.159664], [-6.526363, 37.159304], [-6.526475, 37.159301], [-6.526471, 37.159211], [-6.526921, 37.159197], [-6.526917, 37.159107], [-6.525905, 37.159138], [-6.525909, 37.159228], [-6.525684, 37.159234], [-6.525667, 37.158874], [-6.52578, 37.158871], [-6.525784, 37.158961], [-6.526234, 37.158948], [-6.526213, 37.158498], [-6.5261, 37.158501], [-6.526105, 37.158591], [-6.52588, 37.158598], [-6.525876, 37.158508]], [[-6.525826, 37.159861], [-6.525713, 37.159864], [-6.525718, 37.159954], [-6.526055, 37.159944], [-6.526059, 37.160034], [-6.526171, 37.160031], [-6.526276, 37.159847], [-6.525938, 37.159857], [-6.525934, 37.159767], [-6.525822, 37.159771], [-6.525826, 37.159861]], [[-6.526176, 37.160121], [-6.525838, 37.160131], [-6.525843, 37.160221], [-6.526742, 37.160194], [-6.526738, 37.160104], [-6.526288, 37.160117], [-6.526284, 37.160027], [-6.526171, 37.160031], [-6.526176, 37.160121]], [[-6.526396, 37.160024], [-6.526392, 37.159934], [-6.52628, 37.159937], [-6.526284, 37.160027], [-6.526396, 37.160024]], [[-6.526505, 37.159931], [-6.5265, 37.159841], [-6.526388, 37.159844], [-6.526392, 37.159934], [-6.526505, 37.159931]], [[-6.526529, 37.158038], [-6.526979, 37.158024], [-6.526975, 37.157935], [-6.525963, 37.157965], [-6.525971, 37.158145], [-6.526533, 37.158128], [-6.526529, 37.158038]], [[-6.526292, 37.157775], [-6.526179, 37.157778], [-6.526183, 37.157868], [-6.526296, 37.157865], [-6.526292, 37.157775]], [[-6.526616, 37.157495], [-6.52583, 37.157518], [-6.525834, 37.157608], [-6.526621, 37.157585], [-6.526616, 37.157495]], [[-6.526591, 37.156955], [-6.526371, 37.157052], [-6.526366, 37.156962], [-6.526254, 37.156965], [-6.526262, 37.157145], [-6.5266, 37.157135], [-6.526591, 37.156955]], [[-6.527033, 37.156762], [-6.525908, 37.156795], [-6.525913, 37.156885], [-6.527037, 37.156852], [-6.527033, 37.156762]]], [[[-6.525884, 37.158688], [-6.525659, 37.158694], [-6.525655, 37.158604], [-6.52588, 37.158598], [-6.525884, 37.158688]]]]}, "properties": {"id": "donana-2025-186840-4118270", "ha": 4.28, "plastic_dates": 3.9, "valid_dates": 7.1, "admin_zone": "Zona B", "plan_zone": "Zona B - No regable", "distance_to_irrigable_m": 17, "sigpac_ref": "21:5:0:0:44:80:1", "sigpac_use": "IV", "sigpac_irrigation_coef": 0, "sigpac_url": "https://sigpac-hubcloud.es/servicioconsultassigpac/query/recinfo/21/5/0/0/44/80/1.json", "declared_greenhouse_share": 1.0, "declared_irrigated_share": 0.0, "lon": -6.526323, "lat": 37.158449}}, {"type": "Feature", "geometry": {"type": "MultiPolygon", "coordinates": [[[[-6.709781, 37.26604], [-6.709894, 37.266036], [-6.709903, 37.266216], [-6.70979, 37.266219], [-6.709795, 37.266309], [-6.709457, 37.26632], [-6.709353, 37.266503], [-6.709241, 37.266507], [-6.709254, 37.266777], [-6.709033, 37.266874], [-6.709038, 37.266964], [-6.708925, 37.266967], [-6.708921, 37.266877], [-6.708583, 37.266888], [-6.708579, 37.266798], [-6.708128, 37.266812], [-6.70812, 37.266632], [-6.70789, 37.266549], [-6.70776, 37.266193], [-6.707647, 37.266197], [-6.707724, 37.265473], [-6.707945, 37.265376], [-6.70795, 37.265466], [-6.708062, 37.265463], [-6.708053, 37.265283], [-6.707824, 37.2652], [-6.707815, 37.26502], [-6.70759, 37.265027], [-6.707572, 37.264667], [-6.707685, 37.264664], [-6.707676, 37.264484], [-6.707788, 37.26448], [-6.70778, 37.264301], [-6.707892, 37.264297], [-6.707888, 37.264207], [-6.708, 37.264204], [-6.708005, 37.264293], [-6.70823, 37.264286], [-6.708351, 37.264463], [-6.708576, 37.264456], [-6.708581, 37.264546], [-6.708806, 37.264539], [-6.70881, 37.264629], [-6.709035, 37.264622], [-6.709044, 37.264801], [-6.709265, 37.264704], [-6.709386, 37.264881], [-6.709499, 37.264877], [-6.709503, 37.264967], [-6.709616, 37.264964], [-6.70962, 37.265054], [-6.709845, 37.265047], [-6.70985, 37.265136], [-6.709737, 37.26514], [-6.709741, 37.26523], [-6.709854, 37.265226], [-6.709858, 37.265316], [-6.709971, 37.265313], [-6.709967, 37.265223], [-6.710421, 37.265299], [-6.710317, 37.265482], [-6.710205, 37.265486], [-6.710214, 37.265666], [-6.710101, 37.265669], [-6.71011, 37.265849], [-6.709998, 37.265853], [-6.710002, 37.265943], [-6.709777, 37.26595], [-6.709781, 37.26604]], [[-6.708166, 37.265279], [-6.708157, 37.2651], [-6.707932, 37.265107], [-6.708053, 37.265283], [-6.708166, 37.265279]], [[-6.708239, 37.264466], [-6.708243, 37.264556], [-6.708356, 37.264553], [-6.708351, 37.264463], [-6.708239, 37.264466]], [[-6.709772, 37.26586], [-6.709547, 37.265867], [-6.709552, 37.265957], [-6.709777, 37.26595], [-6.709772, 37.26586]], [[-6.709543, 37.265777], [-6.709318, 37.265784], [-6.709322, 37.265874], [-6.709547, 37.265867], [-6.709543, 37.265777]], [[-6.709313, 37.265694], [-6.709201, 37.265697], [-6.709205, 37.265787], [-6.709318, 37.265784], [-6.709313, 37.265694]], [[-6.709426, 37.26569], [-6.709422, 37.2656], [-6.709309, 37.265604], [-6.709313, 37.265694], [-6.709426, 37.26569]], [[-6.70921, 37.265877], [-6.709214, 37.265967], [-6.709327, 37.265964], [-6.709322, 37.265874], [-6.70921, 37.265877]], [[-6.709102, 37.265971], [-6.709106, 37.266061], [-6.709219, 37.266057], [-6.709214, 37.265967], [-6.709102, 37.265971]], [[-6.708565, 37.266528], [-6.70857, 37.266618], [-6.708682, 37.266615], [-6.708678, 37.266525], [-6.708565, 37.266528]], [[-6.70879, 37.266521], [-6.708786, 37.266431], [-6.708673, 37.266435], [-6.708678, 37.266525], [-6.70879, 37.266521]], [[-6.708899, 37.266428], [-6.708894, 37.266338], [-6.708782, 37.266341], [-6.708786, 37.266431], [-6.708899, 37.266428]], [[-6.709007, 37.266334], [-6.709002, 37.266244], [-6.70889, 37.266248], [-6.708894, 37.266338], [-6.709007, 37.266334]], [[-6.708985, 37.265884], [-6.708872, 37.265888], [-6.708876, 37.265978], [-6.708989, 37.265974], [-6.708985, 37.265884]], [[-6.709655, 37.265773], [-6.709768, 37.26577], [-6.709764, 37.26568], [-6.709651, 37.265683], [-6.709655, 37.265773]], [[-6.709642, 37.265503], [-6.70953, 37.265507], [-6.709538, 37.265687], [-6.709651, 37.265683], [-6.709642, 37.265503]], [[-6.708413, 37.265722], [-6.7083, 37.265726], [-6.708305, 37.265816], [-6.708417, 37.265812], [-6.708413, 37.265722]], [[-6.708742, 37.265532], [-6.708746, 37.265622], [-6.708859, 37.265618], [-6.708854, 37.265528], [-6.708742, 37.265532]], [[-6.709079, 37.265521], [-6.709075, 37.265431], [-6.70885, 37.265438], [-6.708854, 37.265528], [-6.709079, 37.265521]], [[-6.708846, 37.265348], [-6.708733, 37.265352], [-6.708737, 37.265442], [-6.70885, 37.265438], [-6.708846, 37.265348]], [[-6.708512, 37.265449], [-6.708521, 37.265629], [-6.708634, 37.265625], [-6.708737, 37.265442], [-6.708512, 37.265449]], [[-6.709746, 37.26532], [-6.709633, 37.265323], [-6.709638, 37.265413], [-6.70975, 37.26541], [-6.709746, 37.26532]], [[-6.708503, 37.265269], [-6.708391, 37.265272], [-6.708395, 37.265362], [-6.708508, 37.265359], [-6.708503, 37.265269]], [[-6.708945, 37.265075], [-6.708832, 37.265078], [-6.708841, 37.265258], [-6.708954, 37.265255], [-6.708945, 37.265075]], [[-6.709049, 37.264891], [-6.708936, 37.264895], [-6.70894, 37.264985], [-6.709053, 37.264981], [-6.709049, 37.264891]], [[-6.708148, 37.26492], [-6.708036, 37.264923], [-6.70804, 37.265013], [-6.708153, 37.26501], [-6.708148, 37.26492]], [[-6.708247, 37.264646], [-6.708135, 37.26465], [-6.708144, 37.26483], [-6.708256, 37.264826], [-6.708247, 37.264646]], [[-6.708473, 37.264639], [-6.70836, 37.264643], [-6.708364, 37.264733], [-6.708477, 37.264729], [-6.708473, 37.264639]]], [[[-6.709962, 37.265133], [-6.709967, 37.265223], [-6.709854, 37.265226], [-6.70985, 37.265136], [-6.709962, 37.265133]]]]}, "properties": {"id": "donana-2025-171150-4130780", "ha": 4.13, "plastic_dates": 4.1, "valid_dates": 8.3, "admin_zone": "Zona A", "plan_zone": "Zona A - Suelo Forestal", "distance_to_irrigable_m": 14, "sigpac_ref": "21:46:0:0:9:70:3", "sigpac_use": "TA", "sigpac_irrigation_coef": 0, "sigpac_url": "https://sigpac-hubcloud.es/servicioconsultassigpac/query/recinfo/21/46/0/0/9/70/3.json", "declared_greenhouse_share": 0.24, "declared_irrigated_share": 0.0, "lon": -6.708125, "lat": 37.265596}}, {"type": "Feature", "geometry": {"type": "MultiPolygon", "coordinates": [[[[-6.707091, 37.241079], [-6.707312, 37.240982], [-6.707307, 37.240892], [-6.707645, 37.240881], [-6.707631, 37.240612], [-6.707856, 37.240605], [-6.70796, 37.240421], [-6.708298, 37.240411], [-6.708284, 37.240141], [-6.708509, 37.240134], [-6.708613, 37.23995], [-6.708726, 37.239947], [-6.70873, 37.240037], [-6.708951, 37.23994], [-6.708955, 37.24003], [-6.709293, 37.240019], [-6.709297, 37.240109], [-6.709635, 37.240098], [-6.709639, 37.240188], [-6.710314, 37.240167], [-6.710435, 37.240343], [-6.710323, 37.240347], [-6.710349, 37.240887], [-6.710237, 37.24089], [-6.710272, 37.24161], [-6.709822, 37.241624], [-6.709818, 37.241534], [-6.70948, 37.241545], [-6.709476, 37.241455], [-6.708913, 37.241472], [-6.708922, 37.241652], [-6.70881, 37.241656], [-6.708814, 37.241746], [-6.708926, 37.241742], [-6.708931, 37.241832], [-6.708818, 37.241836], [-6.708823, 37.241926], [-6.70871, 37.241929], [-6.708706, 37.241839], [-6.708143, 37.241857], [-6.708139, 37.241767], [-6.708364, 37.24176], [-6.708359, 37.24167], [-6.708134, 37.241677], [-6.70813, 37.241587], [-6.707793, 37.241598], [-6.707801, 37.241777], [-6.707689, 37.241781], [-6.707684, 37.241691], [-6.707572, 37.241695], [-6.707559, 37.241425], [-6.707109, 37.241439], [-6.707104, 37.241349], [-6.707217, 37.241345], [-6.707212, 37.241255], [-6.7071, 37.241259], [-6.707091, 37.241079]], [[-6.708662, 37.24094], [-6.708549, 37.240943], [-6.708554, 37.241033], [-6.708666, 37.24103], [-6.708662, 37.24094]], [[-6.708761, 37.240666], [-6.708536, 37.240673], [-6.70854, 37.240763], [-6.708765, 37.240756], [-6.708761, 37.240666]]], [[[-6.706992, 37.241352], [-6.706987, 37.241262], [-6.7071, 37.241259], [-6.707104, 37.241349], [-6.706992, 37.241352]]]]}, "properties": {"id": "donana-2025-170930-4128050", "ha": 4.05, "plastic_dates": 5.5, "valid_dates": 9.8, "admin_zone": "Zona A", "plan_zone": "Zona A - Suelo Forestal", "distance_to_irrigable_m": 16, "sigpac_ref": "21:46:0:0:9:107:19", "sigpac_use": "IV", "sigpac_irrigation_coef": 100, "sigpac_url": "https://sigpac-hubcloud.es/servicioconsultassigpac/query/recinfo/21/46/0/0/9/107/19.json", "declared_greenhouse_share": 1.0, "declared_irrigated_share": 1.0, "lon": -6.709451, "lat": 37.24096}}, {"type": "Feature", "geometry": {"type": "MultiPolygon", "coordinates": [[[[-6.800724, 37.238737], [-6.800949, 37.23873], [-6.800958, 37.23891], [-6.801183, 37.238903], [-6.801192, 37.239083], [-6.800967, 37.23909], [-6.800976, 37.23927], [-6.800639, 37.23928], [-6.800535, 37.239464], [-6.800423, 37.239468], [-6.800432, 37.239647], [-6.80032, 37.239651], [-6.800324, 37.239741], [-6.800212, 37.239745], [-6.800207, 37.239655], [-6.799757, 37.239669], [-6.799734, 37.239219], [-6.799622, 37.239223], [-6.799613, 37.239043], [-6.79995, 37.239032], [-6.800045, 37.238669], [-6.80027, 37.238662], [-6.800261, 37.238482], [-6.800373, 37.238478], [-6.800378, 37.238568], [-6.800715, 37.238557], [-6.800724, 37.238737]], [[-6.800184, 37.239205], [-6.799955, 37.239122], [-6.799851, 37.239306], [-6.800081, 37.239388], [-6.800184, 37.239205]]], [[[-6.80094, 37.23855], [-6.800715, 37.238557], [-6.800819, 37.238374], [-6.801044, 37.238367], [-6.80094, 37.23855]]], [[[-6.802884, 37.239118], [-6.802209, 37.23914], [-6.802205, 37.23905], [-6.801867, 37.239061], [-6.80184, 37.238521], [-6.801165, 37.238543], [-6.801269, 37.238359], [-6.801044, 37.238367], [-6.801035, 37.238187], [-6.80126, 37.238179], [-6.801255, 37.23809], [-6.801593, 37.238079], [-6.801588, 37.237989], [-6.801813, 37.237982], [-6.801916, 37.237798], [-6.802029, 37.237794], [-6.802038, 37.237974], [-6.80215, 37.237971], [-6.80216, 37.238151], [-6.802272, 37.238147], [-6.802281, 37.238327], [-6.802394, 37.238323], [-6.802403, 37.238503], [-6.802515, 37.238499], [-6.802524, 37.238679], [-6.802637, 37.238676], [-6.802646, 37.238856], [-6.802758, 37.238852], [-6.802763, 37.238942], [-6.802875, 37.238938], [-6.802884, 37.239118]]], [[[-6.802866, 37.238758], [-6.802979, 37.238755], [-6.80297, 37.238575], [-6.803195, 37.238568], [-6.80319, 37.238478], [-6.803303, 37.238474], [-6.80328, 37.238024], [-6.803505, 37.238017], [-6.803528, 37.238467], [-6.803415, 37.238471], [-6.803429, 37.23874], [-6.803204, 37.238748], [-6.803213, 37.238927], [-6.802875, 37.238938], [-6.802866, 37.238758]]], [[[-6.803487, 37.237657], [-6.803262, 37.237665], [-6.803271, 37.237845], [-6.802821, 37.237859], [-6.802853, 37.238489], [-6.80274, 37.238492], [-6.802749, 37.238672], [-6.802637, 37.238676], [-6.802628, 37.238496], [-6.802515, 37.238499], [-6.802506, 37.23832], [-6.802394, 37.238323], [-6.802385, 37.238143], [-6.802605, 37.238046], [-6.802591, 37.237776], [-6.802366, 37.237784], [-6.80238, 37.238053], [-6.802268, 37.238057], [-6.802258, 37.237877], [-6.802146, 37.237881], [-6.802137, 37.237701], [-6.802024, 37.237704], [-6.802015, 37.237525], [-6.801903, 37.237528], [-6.801898, 37.237438], [-6.802236, 37.237427], [-6.802231, 37.237337], [-6.802456, 37.23733], [-6.802447, 37.23715], [-6.802335, 37.237154], [-6.80233, 37.237064], [-6.802443, 37.23706], [-6.802438, 37.23697], [-6.803338, 37.236942], [-6.803343, 37.237031], [-6.80323, 37.237035], [-6.803244, 37.237305], [-6.803131, 37.237309], [-6.80314, 37.237488], [-6.803478, 37.237478], [-6.803487, 37.237657]], [[-6.802357, 37.237604], [-6.802245, 37.237607], [-6.802254, 37.237787], [-6.802366, 37.237784], [-6.802357, 37.237604]], [[-6.80247, 37.2376], [-6.802465, 37.23751], [-6.802353, 37.237514], [-6.802357, 37.237604], [-6.80247, 37.2376]], [[-6.802564, 37.237237], [-6.802569, 37.237327], [-6.802681, 37.237323], [-6.802677, 37.237233], [-6.802564, 37.237237]], [[-6.802789, 37.237229], [-6.80278, 37.23705], [-6.802668, 37.237053], [-6.802677, 37.237233], [-6.802789, 37.237229]]], [[[-6.803581, 37.237294], [-6.803694, 37.23729], [-6.803689, 37.2372], [-6.803914, 37.237193], [-6.803923, 37.237373], [-6.804036, 37.23737], [-6.80404, 37.237459], [-6.803478, 37.237478], [-6.803581, 37.237294]]], [[[-6.799635, 37.239493], [-6.79941, 37.2395], [-6.799397, 37.23923], [-6.799622, 37.239223], [-6.799635, 37.239493]]]]}, "properties": {"id": "donana-2025-162720-4128090", "ha": 3.65, "plastic_dates": 2.0, "valid_dates": 11.7, "admin_zone": "Zona A", "plan_zone": "Zona A - Suelo Forestal", "distance_to_irrigable_m": 19, "sigpac_ref": "21:50:0:0:26:24:1", "sigpac_use": "FO", "sigpac_irrigation_coef": 0, "sigpac_url": "https://sigpac-hubcloud.es/servicioconsultassigpac/query/recinfo/21/50/0/0/26/24/1.json", "declared_greenhouse_share": 0.0, "declared_irrigated_share": 0.0, "lon": -6.801833, "lat": 37.238386}}, {"type": "Feature", "geometry": {"type": "MultiPolygon", "coordinates": [[[[-6.796325, 37.220681], [-6.796554, 37.220764], [-6.79655, 37.220674], [-6.796775, 37.220666], [-6.79677, 37.220576], [-6.796995, 37.220569], [-6.79699, 37.220479], [-6.79744, 37.220465], [-6.797436, 37.220375], [-6.797886, 37.22036], [-6.797881, 37.220271], [-6.798106, 37.220263], [-6.798102, 37.220173], [-6.798776, 37.220152], [-6.798772, 37.220062], [-6.798884, 37.220058], [-6.799006, 37.220234], [-6.799118, 37.220231], [-6.799127, 37.220411], [-6.799357, 37.220493], [-6.79937, 37.220763], [-6.799595, 37.220756], [-6.799604, 37.220936], [-6.799379, 37.220943], [-6.799384, 37.221033], [-6.799046, 37.221044], [-6.799051, 37.221134], [-6.798714, 37.221145], [-6.798718, 37.221235], [-6.798493, 37.221242], [-6.798498, 37.221332], [-6.798273, 37.221339], [-6.798277, 37.221429], [-6.798052, 37.221436], [-6.798057, 37.221526], [-6.797832, 37.221533], [-6.797836, 37.221623], [-6.797499, 37.221634], [-6.797504, 37.221724], [-6.797279, 37.221731], [-6.797283, 37.221821], [-6.797058, 37.221828], [-6.797063, 37.221918], [-6.796838, 37.221926], [-6.796833, 37.221836], [-6.796721, 37.221839], [-6.796716, 37.221749], [-6.796941, 37.221742], [-6.796932, 37.221562], [-6.796712, 37.221659], [-6.796707, 37.221569], [-6.79682, 37.221566], [-6.796815, 37.221476], [-6.796703, 37.22148], [-6.796689, 37.22121], [-6.796577, 37.221213], [-6.796572, 37.221123], [-6.79646, 37.221127], [-6.796451, 37.220947], [-6.796676, 37.22094], [-6.796671, 37.22085], [-6.796334, 37.220861], [-6.796325, 37.220681]], [[-6.79668, 37.22103], [-6.796905, 37.221023], [-6.796901, 37.220933], [-6.796676, 37.22094], [-6.79668, 37.22103]], [[-6.797013, 37.220929], [-6.797008, 37.220839], [-6.796896, 37.220843], [-6.796901, 37.220933], [-6.797013, 37.220929]], [[-6.797148, 37.221375], [-6.797036, 37.221379], [-6.79704, 37.221469], [-6.797153, 37.221465], [-6.797148, 37.221375]], [[-6.798034, 37.221076], [-6.798147, 37.221073], [-6.798142, 37.220983], [-6.79803, 37.220986], [-6.798034, 37.221076]], [[-6.798016, 37.220717], [-6.797791, 37.220724], [-6.797796, 37.220814], [-6.797571, 37.220821], [-6.797575, 37.220911], [-6.797913, 37.2209], [-6.797917, 37.22099], [-6.79803, 37.220986], [-6.798016, 37.220717]], [[-6.798241, 37.220709], [-6.798345, 37.220526], [-6.798457, 37.220522], [-6.798336, 37.220346], [-6.798223, 37.22035], [-6.798228, 37.22044], [-6.798003, 37.220447], [-6.798016, 37.220717], [-6.798241, 37.220709]], [[-6.797346, 37.220828], [-6.797233, 37.220832], [-6.797238, 37.220922], [-6.79735, 37.220918], [-6.797346, 37.220828]], [[-6.797557, 37.220551], [-6.797332, 37.220558], [-6.797341, 37.220738], [-6.797566, 37.220731], [-6.797557, 37.220551]], [[-6.797224, 37.220652], [-6.797112, 37.220656], [-6.797116, 37.220746], [-6.797229, 37.220742], [-6.797224, 37.220652]]], [[[-6.793895, 37.22166], [-6.79412, 37.221652], [-6.794116, 37.221563], [-6.794791, 37.221541], [-6.794894, 37.221357], [-6.795232, 37.221347], [-6.795335, 37.221163], [-6.795447, 37.221159], [-6.795443, 37.22107], [-6.795668, 37.221062], [-6.795663, 37.220972], [-6.795893, 37.221055], [-6.795888, 37.220965], [-6.796113, 37.220958], [-6.796109, 37.220868], [-6.796334, 37.220861], [-6.796347, 37.221131], [-6.79646, 37.221127], [-6.796469, 37.221307], [-6.796356, 37.22131], [-6.796352, 37.221221], [-6.796127, 37.221228], [-6.796131, 37.221318], [-6.796019, 37.221321], [-6.79601, 37.221141], [-6.796122, 37.221138], [-6.796118, 37.221048], [-6.795672, 37.221152], [-6.795569, 37.221336], [-6.795681, 37.221332], [-6.795686, 37.221422], [-6.795241, 37.221526], [-6.795137, 37.22171], [-6.794912, 37.221717], [-6.794917, 37.221807], [-6.794692, 37.221814], [-6.794687, 37.221724], [-6.794462, 37.221732], [-6.794467, 37.221822], [-6.794129, 37.221832], [-6.794125, 37.221742], [-6.7939, 37.22175], [-6.793895, 37.22166]], [[-6.7948, 37.221721], [-6.794795, 37.221631], [-6.794683, 37.221634], [-6.794687, 37.221724], [-6.7948, 37.221721]]], [[[-6.793904, 37.22184], [-6.793567, 37.22185], [-6.793563, 37.22176], [-6.7939, 37.22175], [-6.793904, 37.22184]]], [[[-6.794701, 37.221994], [-6.794588, 37.221998], [-6.794579, 37.221818], [-6.794692, 37.221814], [-6.794701, 37.221994]]], [[[-6.796703, 37.22148], [-6.796707, 37.221569], [-6.796595, 37.221573], [-6.79659, 37.221483], [-6.796703, 37.22148]]], [[[-6.796478, 37.221487], [-6.796473, 37.221397], [-6.796586, 37.221393], [-6.79659, 37.221483], [-6.796478, 37.221487]]]]}, "properties": {"id": "donana-2025-163050-4126150", "ha": 3.55, "plastic_dates": 4.9, "valid_dates": 7.7, "admin_zone": "Zona A", "plan_zone": "Zona A - Suelo Forestal", "distance_to_irrigable_m": 16, "sigpac_ref": "21:50:0:0:33:37:1", "sigpac_use": "IV", "sigpac_irrigation_coef": 100, "sigpac_url": "https://sigpac-hubcloud.es/servicioconsultassigpac/query/recinfo/21/50/0/0/33/37/1.json", "declared_greenhouse_share": 0.99, "declared_irrigated_share": 0.99, "lon": -6.797245, "lat": 37.221057}}, {"type": "Feature", "geometry": {"type": "Polygon", "coordinates": [[[-6.726691, 37.27749], [-6.726686, 37.2774], [-6.726011, 37.277421], [-6.726007, 37.277331], [-6.725219, 37.277356], [-6.725223, 37.277446], [-6.72511, 37.277449], [-6.725106, 37.277359], [-6.724881, 37.277366], [-6.724863, 37.277007], [-6.724751, 37.27701], [-6.724737, 37.27674], [-6.724625, 37.276744], [-6.724607, 37.276384], [-6.724377, 37.276301], [-6.724373, 37.276211], [-6.72426, 37.276215], [-6.724256, 37.276125], [-6.724143, 37.276128], [-6.724139, 37.276038], [-6.724026, 37.276042], [-6.724022, 37.275952], [-6.723567, 37.275876], [-6.723662, 37.275513], [-6.724103, 37.275319], [-6.724108, 37.275409], [-6.724333, 37.275402], [-6.724337, 37.275492], [-6.724563, 37.275485], [-6.724684, 37.275661], [-6.725022, 37.27565], [-6.725143, 37.275827], [-6.725256, 37.275823], [-6.72526, 37.275913], [-6.725715, 37.275989], [-6.725719, 37.276079], [-6.726399, 37.276147], [-6.726521, 37.276324], [-6.726633, 37.27632], [-6.726638, 37.27641], [-6.726525, 37.276414], [-6.726538, 37.276684], [-6.726768, 37.276766], [-6.726772, 37.276856], [-6.726885, 37.276853], [-6.726889, 37.276943], [-6.727002, 37.276939], [-6.727015, 37.277209], [-6.726903, 37.277213], [-6.726911, 37.277393], [-6.726799, 37.277396], [-6.726803, 37.277486], [-6.726691, 37.27749]]]}, "properties": {"id": "donana-2025-169650-4132040", "ha": 3.5, "plastic_dates": 6.4, "valid_dates": 8.7, "admin_zone": "Zona C", "plan_zone": "Zona C - No regable", "distance_to_irrigable_m": 15, "sigpac_ref": "21:46:0:0:24:21:2", "sigpac_use": "IV", "sigpac_irrigation_coef": 100, "sigpac_url": "https://sigpac-hubcloud.es/servicioconsultassigpac/query/recinfo/21/46/0/0/24/21/2.json", "declared_greenhouse_share": 1.0, "declared_irrigated_share": 0.61, "lon": -6.725622, "lat": 37.276397}}, {"type": "Feature", "geometry": {"type": "Polygon", "coordinates": [[[-6.777243, 37.251381], [-6.777234, 37.251201], [-6.777122, 37.251205], [-6.777117, 37.251115], [-6.776892, 37.251122], [-6.77687, 37.250672], [-6.776645, 37.25068], [-6.77655, 37.251043], [-6.776325, 37.25105], [-6.77633, 37.25114], [-6.776217, 37.251144], [-6.776321, 37.25096], [-6.776433, 37.250957], [-6.776429, 37.250867], [-6.776204, 37.250874], [-6.776195, 37.250694], [-6.775965, 37.250611], [-6.775947, 37.250251], [-6.77606, 37.250248], [-6.776051, 37.250068], [-6.776163, 37.250064], [-6.776159, 37.249974], [-6.776271, 37.249971], [-6.776262, 37.249791], [-6.776487, 37.249784], [-6.776483, 37.249694], [-6.776933, 37.249679], [-6.777036, 37.249496], [-6.777149, 37.249492], [-6.777144, 37.249402], [-6.777257, 37.249399], [-6.777252, 37.249309], [-6.77759, 37.249298], [-6.777711, 37.249474], [-6.778274, 37.249456], [-6.77827, 37.249366], [-6.778495, 37.249359], [-6.778549, 37.250439], [-6.778436, 37.250442], [-6.778454, 37.250802], [-6.778008, 37.250906], [-6.777905, 37.25109], [-6.777792, 37.251093], [-6.777797, 37.251183], [-6.777684, 37.251187], [-6.777689, 37.251277], [-6.777576, 37.25128], [-6.777581, 37.25137], [-6.777243, 37.251381]], [[-6.777873, 37.25046], [-6.777761, 37.250464], [-6.777765, 37.250554], [-6.777878, 37.25055], [-6.777873, 37.25046]], [[-6.776402, 37.250327], [-6.776289, 37.250331], [-6.776298, 37.25051], [-6.776411, 37.250507], [-6.776402, 37.250327]], [[-6.777185, 37.250212], [-6.77696, 37.250219], [-6.776969, 37.250399], [-6.777194, 37.250392], [-6.777185, 37.250212]]]}, "properties": {"id": "donana-2025-164900-4129330", "ha": 3.49, "plastic_dates": 4.6, "valid_dates": 10.4, "admin_zone": "Zona A", "plan_zone": "Zona A - Suelo Forestal", "distance_to_irrigable_m": 42, "sigpac_ref": "21:50:0:0:31:24:4", "sigpac_use": "IV", "sigpac_irrigation_coef": 0, "sigpac_url": "https://sigpac-hubcloud.es/servicioconsultassigpac/query/recinfo/21/50/0/0/31/24/4.json", "declared_greenhouse_share": 0.99, "declared_irrigated_share": 0.19, "lon": -6.777867, "lat": 37.250325}}, {"type": "Feature", "geometry": {"type": "MultiPolygon", "coordinates": [[[[-6.595156, 37.235526], [-6.59516, 37.235616], [-6.595273, 37.235612], [-6.595277, 37.235702], [-6.59539, 37.235699], [-6.595394, 37.235789], [-6.595506, 37.235785], [-6.595511, 37.235875], [-6.595736, 37.235868], [-6.595757, 37.236318], [-6.59587, 37.236315], [-6.595882, 37.236585], [-6.595995, 37.236581], [-6.595999, 37.236671], [-6.595212, 37.236695], [-6.595216, 37.236785], [-6.595441, 37.236778], [-6.595445, 37.236868], [-6.595783, 37.236858], [-6.595778, 37.236768], [-6.596679, 37.236741], [-6.596674, 37.236651], [-6.596899, 37.236644], [-6.596891, 37.236464], [-6.597003, 37.23646], [-6.597033, 37.23709], [-6.596246, 37.237114], [-6.59615, 37.237477], [-6.595925, 37.237484], [-6.595921, 37.237394], [-6.595808, 37.237398], [-6.5958, 37.237218], [-6.595579, 37.237315], [-6.595458, 37.237138], [-6.595233, 37.237145], [-6.595112, 37.236968], [-6.594999, 37.236972], [-6.595004, 37.237062], [-6.593991, 37.237093], [-6.593995, 37.237183], [-6.593545, 37.237196], [-6.593541, 37.237106], [-6.593653, 37.237103], [-6.593636, 37.236743], [-6.594649, 37.236712], [-6.594645, 37.236622], [-6.593745, 37.23665], [-6.59374, 37.23656], [-6.593853, 37.236556], [-6.59384, 37.236286], [-6.593953, 37.236283], [-6.593935, 37.235923], [-6.594048, 37.23592], [-6.594039, 37.23574], [-6.594152, 37.235736], [-6.594148, 37.235646], [-6.595048, 37.235619], [-6.595043, 37.235529], [-6.595156, 37.235526]], [[-6.595337, 37.236962], [-6.595333, 37.236872], [-6.595108, 37.236878], [-6.595112, 37.236968], [-6.595337, 37.236962]], [[-6.595675, 37.236951], [-6.595562, 37.236955], [-6.595571, 37.237135], [-6.595683, 37.237131], [-6.595675, 37.236951]], [[-6.594091, 37.236819], [-6.593978, 37.236823], [-6.593987, 37.237003], [-6.594099, 37.236999], [-6.594091, 37.236819]]], [[[-6.594143, 37.235556], [-6.594139, 37.235466], [-6.594252, 37.235463], [-6.594239, 37.235193], [-6.594351, 37.23519], [-6.594343, 37.23501], [-6.594572, 37.235093], [-6.594576, 37.235183], [-6.594689, 37.235179], [-6.594693, 37.235269], [-6.594806, 37.235266], [-6.59481, 37.235356], [-6.594922, 37.235353], [-6.594927, 37.235443], [-6.595039, 37.235439], [-6.595043, 37.235529], [-6.594143, 37.235556]]]]}, "properties": {"id": "donana-2025-181080-4127140", "ha": 3.46, "plastic_dates": 3.7, "valid_dates": 7.4, "admin_zone": "Zona C", "plan_zone": "Zona C - No regable", "distance_to_irrigable_m": 13, "sigpac_ref": "21:5:0:0:42:24:12", "sigpac_use": "IV", "sigpac_irrigation_coef": 100, "sigpac_url": "https://sigpac-hubcloud.es/servicioconsultassigpac/query/recinfo/21/5/0/0/42/24/12.json", "declared_greenhouse_share": 1.0, "declared_irrigated_share": 0.86, "lon": -6.594799, "lat": 37.236302}}, {"type": "Feature", "geometry": {"type": "MultiPolygon", "coordinates": [[[[-6.714525, 37.273098], [-6.714529, 37.273188], [-6.714416, 37.273191], [-6.714425, 37.273371], [-6.714646, 37.273274], [-6.71465, 37.273364], [-6.714988, 37.273353], [-6.714997, 37.273533], [-6.715109, 37.27353], [-6.715114, 37.27362], [-6.715335, 37.273523], [-6.715343, 37.273703], [-6.715456, 37.273699], [-6.71546, 37.273789], [-6.715348, 37.273793], [-6.715352, 37.273883], [-6.715127, 37.27389], [-6.715136, 37.27407], [-6.715361, 37.274062], [-6.715366, 37.274152], [-6.715478, 37.274149], [-6.715474, 37.274059], [-6.715811, 37.274048], [-6.715807, 37.273958], [-6.715582, 37.273965], [-6.715577, 37.273875], [-6.715915, 37.273865], [-6.715911, 37.273775], [-6.716023, 37.273771], [-6.716014, 37.273591], [-6.716352, 37.273581], [-6.716473, 37.273757], [-6.716699, 37.27375], [-6.71682, 37.273926], [-6.717045, 37.273919], [-6.71705, 37.274009], [-6.717162, 37.274006], [-6.717166, 37.274096], [-6.717054, 37.274099], [-6.717063, 37.274279], [-6.71695, 37.274283], [-6.716937, 37.274013], [-6.716712, 37.27402], [-6.716716, 37.27411], [-6.716604, 37.274113], [-6.716599, 37.274024], [-6.716487, 37.274027], [-6.716491, 37.274117], [-6.716379, 37.274121], [-6.716374, 37.274031], [-6.716262, 37.274034], [-6.716167, 37.274397], [-6.715491, 37.274419], [-6.715487, 37.274329], [-6.715149, 37.274339], [-6.715253, 37.274156], [-6.713227, 37.27422], [-6.713223, 37.27413], [-6.711984, 37.274169], [-6.71198, 37.274079], [-6.711642, 37.274089], [-6.71162, 37.273639], [-6.711733, 37.273636], [-6.711728, 37.273546], [-6.712066, 37.273535], [-6.712057, 37.273355], [-6.712282, 37.273348], [-6.712287, 37.273438], [-6.712737, 37.273424], [-6.712741, 37.273514], [-6.712854, 37.273511], [-6.712958, 37.273327], [-6.71307, 37.273324], [-6.713079, 37.273504], [-6.713304, 37.273496], [-6.713399, 37.273133], [-6.713962, 37.273115], [-6.713858, 37.273299], [-6.714083, 37.273292], [-6.714079, 37.273202], [-6.714304, 37.273195], [-6.714299, 37.273105], [-6.714525, 37.273098]], [[-6.71582, 37.274228], [-6.715708, 37.274232], [-6.715712, 37.274322], [-6.715825, 37.274318], [-6.71582, 37.274228]], [[-6.716032, 37.273951], [-6.71592, 37.273955], [-6.715924, 37.274045], [-6.716036, 37.274041], [-6.716032, 37.273951]], [[-6.714456, 37.274001], [-6.714794, 37.27399], [-6.714673, 37.273814], [-6.714452, 37.273911], [-6.71433, 37.273734], [-6.713543, 37.273759], [-6.713547, 37.273849], [-6.71411, 37.273831], [-6.714119, 37.274011], [-6.714006, 37.274015], [-6.71401, 37.274105], [-6.714461, 37.274091], [-6.714456, 37.274001]], [[-6.713893, 37.274018], [-6.713781, 37.274022], [-6.713785, 37.274112], [-6.713898, 37.274108], [-6.713893, 37.274018]], [[-6.712876, 37.27396], [-6.712763, 37.273964], [-6.712768, 37.274054], [-6.71288, 37.27405], [-6.712876, 37.27396]], [[-6.712313, 37.273978], [-6.712201, 37.273982], [-6.712205, 37.274072], [-6.712318, 37.274068], [-6.712313, 37.273978]], [[-6.713092, 37.273773], [-6.71298, 37.273777], [-6.712984, 37.273867], [-6.713097, 37.273863], [-6.713092, 37.273773]], [[-6.712863, 37.27369], [-6.712525, 37.273701], [-6.712529, 37.273791], [-6.712755, 37.273784], [-6.712759, 37.273874], [-6.712872, 37.27387], [-6.712863, 37.27369]], [[-6.714767, 37.27345], [-6.71443, 37.273461], [-6.714434, 37.273551], [-6.714772, 37.27354], [-6.714767, 37.27345]]], [[[-6.714074, 37.273112], [-6.713953, 37.272936], [-6.714291, 37.272925], [-6.714299, 37.273105], [-6.714074, 37.273112]]]]}, "properties": {"id": "donana-2025-170660-4131700", "ha": 3.34, "plastic_dates": 3.4, "valid_dates": 10.2, "admin_zone": "Zona C", "plan_zone": "Zona C - No regable", "distance_to_irrigable_m": 19, "sigpac_ref": "21:46:0:0:9:35:2", "sigpac_use": "IV", "sigpac_irrigation_coef": 100, "sigpac_url": "https://sigpac-hubcloud.es/servicioconsultassigpac/query/recinfo/21/46/0/0/9/35/2.json", "declared_greenhouse_share": 0.99, "declared_irrigated_share": 0.99, "lon": -6.714103, "lat": 37.273697}}, {"type": "Feature", "geometry": {"type": "Polygon", "coordinates": [[[-6.714712, 37.253993], [-6.714703, 37.253813], [-6.714474, 37.25373], [-6.714469, 37.25364], [-6.714357, 37.253644], [-6.714352, 37.253554], [-6.71424, 37.253557], [-6.714231, 37.253377], [-6.714002, 37.253295], [-6.713997, 37.253205], [-6.713885, 37.253208], [-6.71388, 37.253118], [-6.713768, 37.253122], [-6.713763, 37.253032], [-6.713651, 37.253035], [-6.71352, 37.252679], [-6.713295, 37.252686], [-6.713291, 37.252596], [-6.713404, 37.252593], [-6.713386, 37.252233], [-6.713606, 37.252136], [-6.713598, 37.251956], [-6.71371, 37.251952], [-6.713706, 37.251862], [-6.713818, 37.251859], [-6.713809, 37.251679], [-6.714034, 37.251672], [-6.714039, 37.251762], [-6.714376, 37.251751], [-6.714381, 37.251841], [-6.714831, 37.251827], [-6.714835, 37.251917], [-6.715173, 37.251906], [-6.715177, 37.251996], [-6.715628, 37.251982], [-6.715632, 37.252072], [-6.715857, 37.252065], [-6.715866, 37.252245], [-6.715645, 37.252342], [-6.715658, 37.252612], [-6.715546, 37.252615], [-6.715564, 37.252975], [-6.715339, 37.252982], [-6.715343, 37.253072], [-6.715456, 37.253069], [-6.715464, 37.253249], [-6.715244, 37.253346], [-6.715248, 37.253436], [-6.715136, 37.253439], [-6.715257, 37.253615], [-6.715144, 37.253619], [-6.715153, 37.253799], [-6.714933, 37.253896], [-6.714937, 37.253986], [-6.714712, 37.253993]], [[-6.713876, 37.253028], [-6.713988, 37.253025], [-6.713984, 37.252935], [-6.713871, 37.252938], [-6.713876, 37.253028]], [[-6.713867, 37.252848], [-6.713754, 37.252852], [-6.713759, 37.252942], [-6.713871, 37.252938], [-6.713867, 37.252848]], [[-6.7151, 37.252719], [-6.714988, 37.252723], [-6.714997, 37.252903], [-6.715109, 37.252899], [-6.7151, 37.252719]], [[-6.714092, 37.252841], [-6.714204, 37.252838], [-6.7142, 37.252748], [-6.714088, 37.252751], [-6.714092, 37.252841]], [[-6.714083, 37.252661], [-6.713971, 37.252665], [-6.713975, 37.252755], [-6.714088, 37.252751], [-6.714083, 37.252661]]]}, "properties": {"id": "donana-2025-170540-4129390", "ha": 3.31, "plastic_dates": 5.5, "valid_dates": 10.2, "admin_zone": "Zona C", "plan_zone": "Zona C - No regable", "distance_to_irrigable_m": 19, "sigpac_ref": "21:46:0:0:9:100:4", "sigpac_use": "IV", "sigpac_irrigation_coef": 0, "sigpac_url": "https://sigpac-hubcloud.es/servicioconsultassigpac/query/recinfo/21/46/0/0/9/100/4.json", "declared_greenhouse_share": 1.0, "declared_irrigated_share": 0.0, "lon": -6.714432, "lat": 37.252876}}, {"type": "Feature", "geometry": {"type": "MultiPolygon", "coordinates": [[[[-6.712631, 37.24604], [-6.712401, 37.245957], [-6.712406, 37.246047], [-6.712293, 37.246051], [-6.712284, 37.245871], [-6.712172, 37.245875], [-6.712181, 37.246054], [-6.711843, 37.246065], [-6.711839, 37.245975], [-6.711726, 37.245979], [-6.711731, 37.246069], [-6.711168, 37.246086], [-6.711164, 37.245996], [-6.710376, 37.246021], [-6.710272, 37.246204], [-6.71016, 37.246208], [-6.710164, 37.246298], [-6.710052, 37.246301], [-6.710065, 37.246571], [-6.709952, 37.246575], [-6.709961, 37.246755], [-6.709736, 37.246762], [-6.709615, 37.246585], [-6.709502, 37.246589], [-6.709498, 37.246499], [-6.709385, 37.246503], [-6.709377, 37.246323], [-6.709597, 37.246226], [-6.709593, 37.246136], [-6.709705, 37.246132], [-6.709701, 37.246042], [-6.709813, 37.246039], [-6.709809, 37.245949], [-6.709922, 37.245945], [-6.709917, 37.245855], [-6.71003, 37.245852], [-6.710025, 37.245762], [-6.710138, 37.245758], [-6.710133, 37.245668], [-6.710246, 37.245665], [-6.710241, 37.245575], [-6.710354, 37.245571], [-6.71035, 37.245481], [-6.710462, 37.245478], [-6.710458, 37.245388], [-6.71057, 37.245384], [-6.710561, 37.245204], [-6.710786, 37.245197], [-6.710782, 37.245107], [-6.710894, 37.245104], [-6.710886, 37.244924], [-6.710998, 37.24492], [-6.710994, 37.24483], [-6.711453, 37.244996], [-6.711556, 37.244813], [-6.711669, 37.244809], [-6.711664, 37.244719], [-6.711777, 37.244716], [-6.711768, 37.244536], [-6.712556, 37.244511], [-6.712569, 37.244781], [-6.712794, 37.244774], [-6.71279, 37.244684], [-6.713127, 37.244673], [-6.713131, 37.244763], [-6.713244, 37.24476], [-6.713253, 37.24494], [-6.713028, 37.244947], [-6.712924, 37.24513], [-6.712812, 37.245134], [-6.71282, 37.245314], [-6.71237, 37.245328], [-6.712375, 37.245418], [-6.7126, 37.245411], [-6.712609, 37.245591], [-6.712496, 37.245594], [-6.712501, 37.245684], [-6.712388, 37.245688], [-6.712397, 37.245867], [-6.712509, 37.245864], [-6.712631, 37.24604]], [[-6.709926, 37.246035], [-6.710038, 37.246032], [-6.710034, 37.245942], [-6.709922, 37.245945], [-6.709926, 37.246035]], [[-6.710358, 37.245661], [-6.710471, 37.245658], [-6.710466, 37.245568], [-6.710354, 37.245571], [-6.710358, 37.245661]], [[-6.711457, 37.245086], [-6.71157, 37.245083], [-6.711565, 37.244993], [-6.711453, 37.244996], [-6.711457, 37.245086]], [[-6.711574, 37.245173], [-6.711686, 37.245169], [-6.711682, 37.245079], [-6.71157, 37.245083], [-6.711574, 37.245173]], [[-6.713023, 37.244857], [-6.712798, 37.244864], [-6.712803, 37.244954], [-6.713028, 37.244947], [-6.713023, 37.244857]], [[-6.71269, 37.244957], [-6.712695, 37.245047], [-6.712807, 37.245044], [-6.712803, 37.244954], [-6.71269, 37.244957]], [[-6.712492, 37.245504], [-6.712379, 37.245508], [-6.712384, 37.245598], [-6.712496, 37.245594], [-6.712492, 37.245504]], [[-6.711384, 37.245899], [-6.711497, 37.245896], [-6.711492, 37.245806], [-6.71138, 37.245809], [-6.711384, 37.245899]], [[-6.711375, 37.245719], [-6.711263, 37.245723], [-6.711267, 37.245813], [-6.71138, 37.245809], [-6.711375, 37.245719]], [[-6.710921, 37.245644], [-6.711033, 37.24564], [-6.711029, 37.24555], [-6.710917, 37.245554], [-6.710921, 37.245644]], [[-6.710912, 37.245464], [-6.7108, 37.245467], [-6.710804, 37.245557], [-6.710917, 37.245554], [-6.710912, 37.245464]], [[-6.712037, 37.245428], [-6.71215, 37.245425], [-6.712145, 37.245335], [-6.712033, 37.245338], [-6.712037, 37.245428]], [[-6.712028, 37.245248], [-6.711916, 37.245252], [-6.71192, 37.245342], [-6.712033, 37.245338], [-6.712028, 37.245248]], [[-6.712573, 37.244871], [-6.712461, 37.244874], [-6.712465, 37.244964], [-6.712578, 37.244961], [-6.712573, 37.244871]]], [[[-6.712838, 37.245673], [-6.712829, 37.245494], [-6.712942, 37.24549], [-6.712964, 37.24594], [-6.712509, 37.245864], [-6.712501, 37.245684], [-6.712613, 37.245681], [-6.712618, 37.24577], [-6.71273, 37.245767], [-6.712726, 37.245677], [-6.712838, 37.245673]]], [[[-6.712721, 37.245587], [-6.712726, 37.245677], [-6.712613, 37.245681], [-6.712609, 37.245591], [-6.712721, 37.245587]]]]}, "properties": {"id": "donana-2025-170780-4128580", "ha": 3.31, "plastic_dates": 5.8, "valid_dates": 9.7, "admin_zone": "Zona A", "plan_zone": "Zona A - Suelo Forestal", "distance_to_irrigable_m": 15, "sigpac_ref": "21:46:0:0:9:104:32", "sigpac_use": "IV", "sigpac_irrigation_coef": 0, "sigpac_url": "https://sigpac-hubcloud.es/servicioconsultassigpac/query/recinfo/21/46/0/0/9/104/32.json", "declared_greenhouse_share": 0.96, "declared_irrigated_share": 0.0, "lon": -6.711317, "lat": 37.245676}}, {"type": "Feature", "geometry": {"type": "Polygon", "coordinates": [[[-6.738517, 37.254504], [-6.738513, 37.254414], [-6.738175, 37.254425], [-6.738126, 37.253435], [-6.738014, 37.253439], [-6.738005, 37.253259], [-6.737893, 37.253262], [-6.73787, 37.252813], [-6.738433, 37.252795], [-6.738428, 37.252705], [-6.738766, 37.252694], [-6.738762, 37.252604], [-6.738874, 37.252601], [-6.738865, 37.252421], [-6.73909, 37.252414], [-6.739194, 37.25223], [-6.739981, 37.252205], [-6.739977, 37.252115], [-6.740202, 37.252108], [-6.740207, 37.252198], [-6.740432, 37.252191], [-6.740553, 37.252367], [-6.740666, 37.252364], [-6.74067, 37.252454], [-6.740449, 37.252551], [-6.740454, 37.252641], [-6.740341, 37.252644], [-6.740247, 37.253008], [-6.740026, 37.253105], [-6.74003, 37.253195], [-6.739805, 37.253202], [-6.739814, 37.253382], [-6.739594, 37.253479], [-6.739603, 37.253659], [-6.739378, 37.253666], [-6.739274, 37.253849], [-6.739161, 37.253853], [-6.739166, 37.253943], [-6.739053, 37.253946], [-6.739058, 37.254036], [-6.738945, 37.25404], [-6.73895, 37.25413], [-6.738837, 37.254133], [-6.738846, 37.254313], [-6.738626, 37.25441], [-6.73863, 37.2545], [-6.738517, 37.254504]]]}, "properties": {"id": "donana-2025-168370-4129530", "ha": 3.27, "plastic_dates": 6.3, "valid_dates": 8.9, "admin_zone": "Zona C", "plan_zone": "Zona C - No regable", "distance_to_irrigable_m": 375, "sigpac_ref": "21:46:0:0:26:65:8", "sigpac_use": "IV", "sigpac_irrigation_coef": 0, "sigpac_url": "https://sigpac-hubcloud.es/servicioconsultassigpac/query/recinfo/21/46/0/0/26/65/8.json", "declared_greenhouse_share": 0.99, "declared_irrigated_share": 0.0, "lon": -6.73891, "lat": 37.25332}}, {"type": "Feature", "geometry": {"type": "MultiPolygon", "coordinates": [[[[-6.778329, 37.225762], [-6.778554, 37.225754], [-6.778559, 37.225844], [-6.778671, 37.225841], [-6.778667, 37.225751], [-6.778779, 37.225747], [-6.77877, 37.225567], [-6.778991, 37.22547], [-6.778986, 37.22538], [-6.779211, 37.225373], [-6.779314, 37.22519], [-6.779427, 37.225186], [-6.779422, 37.225096], [-6.779535, 37.225092], [-6.77953, 37.225002], [-6.779643, 37.224999], [-6.779638, 37.224909], [-6.779751, 37.224905], [-6.779764, 37.225175], [-6.779994, 37.225258], [-6.779998, 37.225348], [-6.780111, 37.225344], [-6.780115, 37.225434], [-6.780003, 37.225438], [-6.780007, 37.225528], [-6.779557, 37.225542], [-6.779584, 37.226082], [-6.779472, 37.226085], [-6.779476, 37.226175], [-6.779251, 37.226183], [-6.779148, 37.226366], [-6.778923, 37.226373], [-6.77882, 37.226557], [-6.778482, 37.226567], [-6.778604, 37.226744], [-6.778383, 37.226841], [-6.778388, 37.226931], [-6.778275, 37.226934], [-6.77828, 37.227024], [-6.778167, 37.227028], [-6.778172, 37.227118], [-6.778059, 37.227121], [-6.778064, 37.227211], [-6.777951, 37.227215], [-6.77796, 37.227395], [-6.777848, 37.227399], [-6.777839, 37.227219], [-6.777726, 37.227222], [-6.777722, 37.227132], [-6.777609, 37.227136], [-6.777596, 37.226866], [-6.777371, 37.226873], [-6.777249, 37.226697], [-6.777024, 37.226704], [-6.777006, 37.226344], [-6.777119, 37.226341], [-6.777114, 37.226251], [-6.777227, 37.226247], [-6.777222, 37.226157], [-6.777335, 37.226154], [-6.77733, 37.226064], [-6.777443, 37.22606], [-6.777438, 37.22597], [-6.778113, 37.225949], [-6.778109, 37.225859], [-6.778334, 37.225851], [-6.778329, 37.225762]], [[-6.778338, 37.225941], [-6.778451, 37.225938], [-6.778446, 37.225848], [-6.778334, 37.225851], [-6.778338, 37.225941]], [[-6.777695, 37.226593], [-6.777699, 37.226683], [-6.777812, 37.226679], [-6.777807, 37.226589], [-6.777695, 37.226593]], [[-6.77792, 37.226585], [-6.777915, 37.226495], [-6.777803, 37.226499], [-6.777807, 37.226589], [-6.77792, 37.226585]], [[-6.778028, 37.226492], [-6.778023, 37.226402], [-6.777911, 37.226406], [-6.777915, 37.226495], [-6.778028, 37.226492]], [[-6.778136, 37.226398], [-6.778131, 37.226308], [-6.778019, 37.226312], [-6.778023, 37.226402], [-6.778136, 37.226398]], [[-6.778244, 37.226305], [-6.778239, 37.226215], [-6.778127, 37.226218], [-6.778131, 37.226308], [-6.778244, 37.226305]], [[-6.778248, 37.226395], [-6.778361, 37.226391], [-6.778356, 37.226301], [-6.778244, 37.226305], [-6.778248, 37.226395]], [[-6.77823, 37.226035], [-6.777893, 37.226046], [-6.778014, 37.226222], [-6.778127, 37.226218], [-6.77823, 37.226035]]], [[[-6.776331, 37.226366], [-6.7763, 37.225736], [-6.776525, 37.225729], [-6.776521, 37.225639], [-6.776296, 37.225646], [-6.776291, 37.225556], [-6.777078, 37.225531], [-6.777083, 37.225621], [-6.777308, 37.225614], [-6.777429, 37.22579], [-6.777317, 37.225794], [-6.777312, 37.225704], [-6.776862, 37.225718], [-6.776867, 37.225808], [-6.777204, 37.225797], [-6.777213, 37.225977], [-6.777434, 37.22588], [-6.777438, 37.22597], [-6.777326, 37.225974], [-6.77733, 37.226064], [-6.777218, 37.226067], [-6.777222, 37.226157], [-6.77711, 37.226161], [-6.777114, 37.226251], [-6.777002, 37.226254], [-6.777006, 37.226344], [-6.776331, 37.226366]], [[-6.776547, 37.226179], [-6.776435, 37.226182], [-6.776439, 37.226272], [-6.776552, 37.226269], [-6.776547, 37.226179]]]]}, "properties": {"id": "donana-2025-164710-4126650", "ha": 3.18, "plastic_dates": 4.3, "valid_dates": 9.7, "admin_zone": "Zona A", "plan_zone": "Zona A - Suelo Forestal", "distance_to_irrigable_m": 18, "sigpac_ref": "21:50:0:0:32:53:29", "sigpac_use": "IV", "sigpac_irrigation_coef": 100, "sigpac_url": "https://sigpac-hubcloud.es/servicioconsultassigpac/query/recinfo/21/50/0/0/32/53/29.json", "declared_greenhouse_share": 0.99, "declared_irrigated_share": 0.9, "lon": -6.778799, "lat": 37.226152}}, {"type": "Feature", "geometry": {"type": "Polygon", "coordinates": [[[-6.724215, 37.270721], [-6.72421, 37.270631], [-6.723985, 37.270638], [-6.723864, 37.270462], [-6.723639, 37.270469], [-6.723617, 37.270019], [-6.723387, 37.269936], [-6.723383, 37.269846], [-6.72327, 37.26985], [-6.723252, 37.26949], [-6.723473, 37.269393], [-6.723469, 37.269303], [-6.723581, 37.269299], [-6.723577, 37.269209], [-6.723802, 37.269202], [-6.723905, 37.269019], [-6.724018, 37.269015], [-6.724005, 37.268745], [-6.72423, 37.268738], [-6.724333, 37.268555], [-6.724788, 37.268631], [-6.724793, 37.268721], [-6.724905, 37.268717], [-6.724901, 37.268627], [-6.725126, 37.26862], [-6.725247, 37.268796], [-6.725472, 37.268789], [-6.725594, 37.268966], [-6.725706, 37.268962], [-6.725733, 37.269502], [-6.72562, 37.269505], [-6.725629, 37.269685], [-6.725409, 37.269782], [-6.725413, 37.269872], [-6.725188, 37.269879], [-6.725084, 37.270063], [-6.724747, 37.270073], [-6.724643, 37.270257], [-6.72453, 37.27026], [-6.724535, 37.27035], [-6.724422, 37.270354], [-6.724436, 37.270624], [-6.724323, 37.270627], [-6.724327, 37.270717], [-6.724215, 37.270721]], [[-6.725292, 37.269696], [-6.725066, 37.269703], [-6.725071, 37.269793], [-6.725296, 37.269786], [-6.725292, 37.269696]], [[-6.72517, 37.26952], [-6.725058, 37.269523], [-6.725062, 37.269613], [-6.725175, 37.26961], [-6.72517, 37.26952]], [[-6.724261, 37.269368], [-6.724373, 37.269364], [-6.724369, 37.269275], [-6.724256, 37.269278], [-6.724261, 37.269368]], [[-6.724248, 37.269098], [-6.724022, 37.269105], [-6.724027, 37.269195], [-6.723914, 37.269199], [-6.723919, 37.269289], [-6.724256, 37.269278], [-6.724248, 37.269098]]]}, "properties": {"id": "donana-2025-169720-4131290", "ha": 3.05, "plastic_dates": 6.3, "valid_dates": 8.5, "admin_zone": "Zona A", "plan_zone": "Zona A - Suelo Forestal", "distance_to_irrigable_m": 19, "sigpac_ref": "21:46:0:0:24:285:15", "sigpac_use": "IV", "sigpac_irrigation_coef": 0, "sigpac_url": "https://sigpac-hubcloud.es/servicioconsultassigpac/query/recinfo/21/46/0/0/24/285/15.json", "declared_greenhouse_share": 0.99, "declared_irrigated_share": 0.0, "lon": -6.724445, "lat": 37.269678}}, {"type": "Feature", "geometry": {"type": "Polygon", "coordinates": [[[-6.723069, 37.261207], [-6.723074, 37.261297], [-6.723299, 37.26129], [-6.723308, 37.26147], [-6.72342, 37.261467], [-6.723416, 37.261377], [-6.723641, 37.26137], [-6.72365, 37.26155], [-6.723762, 37.261546], [-6.723776, 37.261816], [-6.723888, 37.261812], [-6.723879, 37.261632], [-6.723992, 37.261629], [-6.723996, 37.261719], [-6.724334, 37.261708], [-6.724338, 37.261798], [-6.724113, 37.261805], [-6.724118, 37.261895], [-6.72423, 37.261892], [-6.724127, 37.262075], [-6.724239, 37.262072], [-6.724248, 37.262251], [-6.724136, 37.262255], [-6.724144, 37.262435], [-6.723915, 37.262352], [-6.72391, 37.262262], [-6.723685, 37.262269], [-6.723681, 37.262179], [-6.723231, 37.262193], [-6.723109, 37.262017], [-6.722997, 37.262021], [-6.722992, 37.261931], [-6.72288, 37.261934], [-6.722884, 37.262024], [-6.722659, 37.262031], [-6.722655, 37.261941], [-6.72243, 37.261948], [-6.722425, 37.261858], [-6.722088, 37.261869], [-6.722083, 37.261779], [-6.721971, 37.261783], [-6.721962, 37.261603], [-6.721849, 37.261606], [-6.721858, 37.261786], [-6.721404, 37.26171], [-6.721412, 37.26189], [-6.72175, 37.26188], [-6.721754, 37.26197], [-6.722317, 37.261952], [-6.72233, 37.262222], [-6.722443, 37.262218], [-6.722439, 37.262128], [-6.722776, 37.262118], [-6.722781, 37.262208], [-6.723006, 37.2622], [-6.723019, 37.26247], [-6.722339, 37.262402], [-6.722335, 37.262312], [-6.72211, 37.262319], [-6.722105, 37.262229], [-6.721768, 37.262239], [-6.721763, 37.262149], [-6.721651, 37.262153], [-6.721655, 37.262243], [-6.721093, 37.262261], [-6.720971, 37.262084], [-6.720859, 37.262088], [-6.720854, 37.261998], [-6.721192, 37.261987], [-6.721187, 37.261897], [-6.720737, 37.261911], [-6.720733, 37.261822], [-6.720845, 37.261818], [-6.720841, 37.261728], [-6.721066, 37.261721], [-6.72107, 37.261811], [-6.721295, 37.261804], [-6.721282, 37.261534], [-6.721395, 37.26153], [-6.721386, 37.261351], [-6.720936, 37.261365], [-6.720931, 37.261275], [-6.720819, 37.261278], [-6.720823, 37.261368], [-6.720711, 37.261372], [-6.720805, 37.261008], [-6.721256, 37.260994], [-6.721251, 37.260904], [-6.721364, 37.260901], [-6.721368, 37.260991], [-6.721593, 37.260984], [-6.721598, 37.261074], [-6.72171, 37.26107], [-6.721715, 37.26116], [-6.722052, 37.261149], [-6.722156, 37.260966], [-6.722268, 37.260962], [-6.722264, 37.260872], [-6.722377, 37.260869], [-6.722385, 37.261049], [-6.722606, 37.260952], [-6.72261, 37.261042], [-6.722836, 37.261035], [-6.722957, 37.261211], [-6.723069, 37.261207]], [[-6.722767, 37.261938], [-6.722758, 37.261758], [-6.722646, 37.261761], [-6.722655, 37.261941], [-6.722767, 37.261938]], [[-6.722057, 37.261239], [-6.722169, 37.261236], [-6.722165, 37.261146], [-6.722052, 37.261149], [-6.722057, 37.261239]], [[-6.722273, 37.261052], [-6.722277, 37.261142], [-6.72239, 37.261139], [-6.722385, 37.261049], [-6.722273, 37.261052]], [[-6.722844, 37.261215], [-6.722849, 37.261304], [-6.722961, 37.261301], [-6.722957, 37.261211], [-6.722844, 37.261215]], [[-6.72356, 37.262003], [-6.723447, 37.262006], [-6.723451, 37.262096], [-6.723564, 37.262093], [-6.72356, 37.262003]], [[-6.721417, 37.26198], [-6.721304, 37.261984], [-6.721309, 37.262074], [-6.721421, 37.26207], [-6.721417, 37.26198]], [[-6.723659, 37.261729], [-6.723546, 37.261733], [-6.723551, 37.261823], [-6.723663, 37.261819], [-6.723659, 37.261729]], [[-6.722871, 37.261754], [-6.722984, 37.261751], [-6.722979, 37.261661], [-6.722867, 37.261664], [-6.722871, 37.261754]], [[-6.722858, 37.261484], [-6.722745, 37.261488], [-6.722754, 37.261668], [-6.722867, 37.261664], [-6.722858, 37.261484]], [[-6.722065, 37.261419], [-6.721953, 37.261423], [-6.721957, 37.261513], [-6.72207, 37.261509], [-6.722065, 37.261419]], [[-6.721485, 37.261077], [-6.721373, 37.261081], [-6.721377, 37.261171], [-6.72149, 37.261167], [-6.721485, 37.261077]]]}, "properties": {"id": "donana-2025-169870-4130400", "ha": 2.93, "plastic_dates": 4.8, "valid_dates": 9.1, "admin_zone": "Zona C", "plan_zone": "Zona C - No regable", "distance_to_irrigable_m": 37, "sigpac_ref": "21:46:0:0:10:43:6", "sigpac_use": "IV", "sigpac_irrigation_coef": 0, "sigpac_url": "https://sigpac-hubcloud.es/servicioconsultassigpac/query/recinfo/21/46/0/0/10/43/6.json", "declared_greenhouse_share": 1.0, "declared_irrigated_share": 0.05, "lon": -6.722419, "lat": 37.261723}}, {"type": "Feature", "geometry": {"type": "Polygon", "coordinates": [[[-6.753307, 37.26863], [-6.753411, 37.268446], [-6.753298, 37.26845], [-6.75328, 37.26809], [-6.753168, 37.268094], [-6.753159, 37.267914], [-6.753271, 37.26791], [-6.753262, 37.26773], [-6.753042, 37.267827], [-6.752902, 37.267291], [-6.75279, 37.267295], [-6.752781, 37.267115], [-6.752668, 37.267118], [-6.75265, 37.266759], [-6.752763, 37.266755], [-6.752754, 37.266575], [-6.752867, 37.266572], [-6.752853, 37.266302], [-6.753074, 37.266205], [-6.753069, 37.266115], [-6.753182, 37.266111], [-6.753177, 37.266021], [-6.75329, 37.266018], [-6.753285, 37.265928], [-6.753398, 37.265924], [-6.753394, 37.265834], [-6.753619, 37.265827], [-6.753623, 37.265917], [-6.753961, 37.265906], [-6.753965, 37.265996], [-6.754303, 37.265985], [-6.754307, 37.266075], [-6.754532, 37.266068], [-6.754555, 37.266518], [-6.754442, 37.266522], [-6.75446, 37.266881], [-6.754239, 37.266978], [-6.754248, 37.267158], [-6.754136, 37.267162], [-6.754149, 37.267432], [-6.754037, 37.267435], [-6.754046, 37.267615], [-6.753933, 37.267619], [-6.753947, 37.267889], [-6.753834, 37.267892], [-6.753843, 37.268072], [-6.75373, 37.268076], [-6.753739, 37.268256], [-6.753627, 37.268259], [-6.753636, 37.268439], [-6.753523, 37.268443], [-6.753537, 37.268712], [-6.753307, 37.26863]], [[-6.753366, 37.267547], [-6.753253, 37.26755], [-6.753258, 37.26764], [-6.75337, 37.267637], [-6.753366, 37.267547]], [[-6.75347, 37.267363], [-6.753357, 37.267367], [-6.753361, 37.267457], [-6.753474, 37.267453], [-6.75347, 37.267363]], [[-6.753569, 37.26709], [-6.753456, 37.267093], [-6.753465, 37.267273], [-6.753578, 37.26727], [-6.753569, 37.26709]], [[-6.753672, 37.266906], [-6.75356, 37.26691], [-6.753564, 37.267], [-6.753677, 37.266996], [-6.753672, 37.266906]], [[-6.753776, 37.266723], [-6.753663, 37.266726], [-6.753668, 37.266816], [-6.75378, 37.266813], [-6.753776, 37.266723]], [[-6.753875, 37.266449], [-6.753762, 37.266453], [-6.753771, 37.266633], [-6.753884, 37.266629], [-6.753875, 37.266449]], [[-6.753979, 37.266266], [-6.753866, 37.26627], [-6.753871, 37.26636], [-6.753983, 37.266356], [-6.753979, 37.266266]], [[-6.754082, 37.266083], [-6.75397, 37.266086], [-6.753974, 37.266176], [-6.754087, 37.266172], [-6.754082, 37.266083]]]}, "properties": {"id": "donana-2025-167130-4131130", "ha": 2.88, "plastic_dates": 5.1, "valid_dates": 9.5, "admin_zone": "Zona A", "plan_zone": "Zona A - Suelo Forestal", "distance_to_irrigable_m": 20, "sigpac_ref": "21:46:0:0:18:11:32", "sigpac_use": "IV", "sigpac_irrigation_coef": 0, "sigpac_url": "https://sigpac-hubcloud.es/servicioconsultassigpac/query/recinfo/21/46/0/0/18/11/32.json", "declared_greenhouse_share": 1.0, "declared_irrigated_share": 0.0, "lon": -6.753524, "lat": 37.267316}}, {"type": "Feature", "geometry": {"type": "Polygon", "coordinates": [[[-6.779962, 37.240394], [-6.780074, 37.24039], [-6.780079, 37.24048], [-6.779849, 37.240397], [-6.779863, 37.240667], [-6.77975, 37.240671], [-6.779759, 37.240851], [-6.779647, 37.240854], [-6.779642, 37.240764], [-6.779417, 37.240771], [-6.779413, 37.240681], [-6.779188, 37.240689], [-6.779183, 37.240599], [-6.778958, 37.240606], [-6.778954, 37.240516], [-6.778616, 37.240527], [-6.778495, 37.24035], [-6.778382, 37.240354], [-6.778369, 37.240084], [-6.777914, 37.240009], [-6.77791, 37.239919], [-6.777797, 37.239922], [-6.777793, 37.239832], [-6.77768, 37.239836], [-6.777676, 37.239746], [-6.777338, 37.239757], [-6.777545, 37.23939], [-6.77732, 37.239397], [-6.777307, 37.239127], [-6.777527, 37.23903], [-6.777518, 37.23885], [-6.777973, 37.238926], [-6.777977, 37.239016], [-6.778315, 37.239005], [-6.778324, 37.239185], [-6.778661, 37.239174], [-6.778666, 37.239264], [-6.779116, 37.23925], [-6.779125, 37.239429], [-6.779345, 37.239332], [-6.779467, 37.239509], [-6.779804, 37.239498], [-6.779926, 37.239674], [-6.780151, 37.239667], [-6.780155, 37.239757], [-6.780268, 37.239753], [-6.780272, 37.239843], [-6.78016, 37.239847], [-6.780169, 37.240027], [-6.780623, 37.240102], [-6.780628, 37.240192], [-6.780853, 37.240185], [-6.780857, 37.240275], [-6.780407, 37.240289], [-6.780403, 37.240199], [-6.780178, 37.240207], [-6.780173, 37.240117], [-6.780061, 37.24012], [-6.78007, 37.2403], [-6.779957, 37.240304], [-6.779962, 37.240394]], [[-6.778022, 37.239915], [-6.778018, 37.239825], [-6.777905, 37.239829], [-6.77791, 37.239919], [-6.778022, 37.239915]], [[-6.779953, 37.240214], [-6.77984, 37.240217], [-6.779845, 37.240307], [-6.779957, 37.240304], [-6.779953, 37.240214]], [[-6.778715, 37.240253], [-6.778603, 37.240257], [-6.778607, 37.240347], [-6.77872, 37.240343], [-6.778715, 37.240253]], [[-6.779723, 37.240131], [-6.779611, 37.240135], [-6.779615, 37.240225], [-6.779728, 37.240221], [-6.779723, 37.240131]], [[-6.779494, 37.240048], [-6.779381, 37.240052], [-6.779386, 37.240142], [-6.779498, 37.240138], [-6.779494, 37.240048]], [[-6.778819, 37.24007], [-6.778706, 37.240073], [-6.778711, 37.240163], [-6.778823, 37.24016], [-6.778819, 37.24007]], [[-6.779264, 37.239966], [-6.779152, 37.239969], [-6.779156, 37.240059], [-6.779269, 37.240055], [-6.779264, 37.239966]], [[-6.778814, 37.23998], [-6.779039, 37.239973], [-6.779035, 37.239883], [-6.77881, 37.23989], [-6.778814, 37.23998]], [[-6.778805, 37.2398], [-6.778693, 37.239804], [-6.778697, 37.239894], [-6.77881, 37.23989], [-6.778805, 37.2398]], [[-6.779026, 37.239703], [-6.778913, 37.239706], [-6.778918, 37.239796], [-6.77903, 37.239793], [-6.779026, 37.239703]], [[-6.778355, 37.239814], [-6.77858, 37.239807], [-6.778576, 37.239717], [-6.778351, 37.239724], [-6.778355, 37.239814]], [[-6.778346, 37.239635], [-6.778009, 37.239645], [-6.778013, 37.239735], [-6.778351, 37.239724], [-6.778346, 37.239635]], [[-6.778004, 37.239555], [-6.777892, 37.239559], [-6.777896, 37.239649], [-6.778009, 37.239645], [-6.778004, 37.239555]], [[-6.779129, 37.239519], [-6.779017, 37.239523], [-6.779021, 37.239613], [-6.779134, 37.239609], [-6.779129, 37.239519]], [[-6.778225, 37.239458], [-6.778112, 37.239462], [-6.778117, 37.239552], [-6.778229, 37.239548], [-6.778225, 37.239458]], [[-6.777775, 37.239473], [-6.777662, 37.239476], [-6.777667, 37.239566], [-6.777779, 37.239563], [-6.777775, 37.239473]], [[-6.778328, 37.239275], [-6.778216, 37.239278], [-6.77822, 37.239368], [-6.778333, 37.239365], [-6.778328, 37.239275]]]}, "properties": {"id": "donana-2025-164700-4128170", "ha": 2.88, "plastic_dates": 5.5, "valid_dates": 9.8, "admin_zone": "Zona A", "plan_zone": "Zona A - Suelo Forestal", "distance_to_irrigable_m": 5, "sigpac_ref": "21:50:0:0:32:13:13", "sigpac_use": "IV", "sigpac_irrigation_coef": 100, "sigpac_url": "https://sigpac-hubcloud.es/servicioconsultassigpac/query/recinfo/21/50/0/0/32/13/13.json", "declared_greenhouse_share": 1.0, "declared_irrigated_share": 1.0, "lon": -6.779539, "lat": 37.239822}}, {"type": "Feature", "geometry": {"type": "MultiPolygon", "coordinates": [[[[-6.76917, 37.277044], [-6.769188, 37.277403], [-6.769076, 37.277407], [-6.769058, 37.277047], [-6.76917, 37.277044]]], [[[-6.769179, 37.274971], [-6.769404, 37.274964], [-6.7694, 37.274874], [-6.769513, 37.274871], [-6.769531, 37.27523], [-6.769756, 37.275223], [-6.769765, 37.275403], [-6.769877, 37.275399], [-6.769913, 37.276119], [-6.770026, 37.276115], [-6.77003, 37.276205], [-6.769918, 37.276209], [-6.769931, 37.276479], [-6.770044, 37.276475], [-6.770057, 37.276745], [-6.769836, 37.276842], [-6.769841, 37.276932], [-6.769503, 37.276943], [-6.769476, 37.276403], [-6.769364, 37.276407], [-6.769382, 37.276767], [-6.769157, 37.276774], [-6.769161, 37.276864], [-6.769049, 37.276867], [-6.769058, 37.277047], [-6.768945, 37.277051], [-6.768936, 37.276871], [-6.768706, 37.276788], [-6.768702, 37.276698], [-6.768589, 37.276702], [-6.768585, 37.276612], [-6.768472, 37.276615], [-6.768463, 37.276436], [-6.768351, 37.276439], [-6.768346, 37.276349], [-6.768121, 37.276356], [-6.768112, 37.276176], [-6.768, 37.27618], [-6.767964, 37.27546], [-6.768076, 37.275457], [-6.768072, 37.275367], [-6.768409, 37.275356], [-6.768405, 37.275266], [-6.768743, 37.275255], [-6.768738, 37.275166], [-6.768963, 37.275158], [-6.768959, 37.275068], [-6.769184, 37.275061], [-6.769179, 37.274971]], [[-6.76922, 37.275781], [-6.769332, 37.275777], [-6.769296, 37.275058], [-6.769184, 37.275061], [-6.76922, 37.275781]]]]}, "properties": {"id": "donana-2025-165790-4132170", "ha": 2.82, "plastic_dates": 6.5, "valid_dates": 7.9, "admin_zone": "Zona C", "plan_zone": "Zona C - No regable", "distance_to_irrigable_m": 11, "sigpac_ref": "21:50:0:0:10:101:11", "sigpac_use": "IV", "sigpac_irrigation_coef": 0, "sigpac_url": "https://sigpac-hubcloud.es/servicioconsultassigpac/query/recinfo/21/50/0/0/10/101/11.json", "declared_greenhouse_share": 1.0, "declared_irrigated_share": 0.13, "lon": -6.769071, "lat": 37.276191}}, {"type": "Feature", "geometry": {"type": "MultiPolygon", "coordinates": [[[[-6.729393, 37.243171], [-6.729397, 37.24326], [-6.72906, 37.243271], [-6.729055, 37.243181], [-6.729393, 37.243171]]], [[[-6.728484, 37.243019], [-6.728488, 37.243109], [-6.729051, 37.243091], [-6.729055, 37.243181], [-6.72793, 37.243217], [-6.727917, 37.242947], [-6.728029, 37.242943], [-6.72802, 37.242763], [-6.728133, 37.24276], [-6.728124, 37.24258], [-6.727899, 37.242587], [-6.727795, 37.24277], [-6.727566, 37.242688], [-6.72757, 37.242778], [-6.727458, 37.242781], [-6.727453, 37.242691], [-6.727341, 37.242695], [-6.72735, 37.242875], [-6.727125, 37.242882], [-6.727134, 37.243062], [-6.726684, 37.243076], [-6.726666, 37.242716], [-6.726778, 37.242712], [-6.726774, 37.242622], [-6.726661, 37.242626], [-6.726657, 37.242536], [-6.726882, 37.242529], [-6.726761, 37.242353], [-6.726873, 37.242349], [-6.726864, 37.242169], [-6.726977, 37.242166], [-6.726972, 37.242076], [-6.727085, 37.242072], [-6.727076, 37.241892], [-6.727297, 37.241795], [-6.727283, 37.241525], [-6.727396, 37.241522], [-6.727387, 37.241342], [-6.727499, 37.241338], [-6.72749, 37.241158], [-6.727711, 37.241061], [-6.727707, 37.240971], [-6.727936, 37.241054], [-6.728031, 37.240691], [-6.728143, 37.240687], [-6.72813, 37.240418], [-6.728355, 37.24041], [-6.728364, 37.24059], [-6.728251, 37.240594], [-6.728256, 37.240684], [-6.728481, 37.240677], [-6.728602, 37.240853], [-6.728827, 37.240846], [-6.728832, 37.240936], [-6.728719, 37.24094], [-6.728728, 37.241119], [-6.728616, 37.241123], [-6.72862, 37.241213], [-6.728507, 37.241216], [-6.728525, 37.241576], [-6.728413, 37.24158], [-6.728417, 37.24167], [-6.72853, 37.241666], [-6.728547, 37.242026], [-6.728318, 37.241943], [-6.728322, 37.242033], [-6.72821, 37.242037], [-6.728232, 37.242486], [-6.728457, 37.242479], [-6.728462, 37.242569], [-6.728237, 37.242576], [-6.728259, 37.243026], [-6.728484, 37.243019]], [[-6.728146, 37.24303], [-6.728151, 37.24312], [-6.728263, 37.243116], [-6.728259, 37.243026], [-6.728146, 37.24303]], [[-6.727012, 37.242885], [-6.7269, 37.242889], [-6.726904, 37.242979], [-6.727017, 37.242975], [-6.727012, 37.242885]], [[-6.727782, 37.242501], [-6.72767, 37.242504], [-6.727674, 37.242594], [-6.727786, 37.242591], [-6.727782, 37.242501]], [[-6.727553, 37.242418], [-6.72744, 37.242421], [-6.727445, 37.242511], [-6.727557, 37.242508], [-6.727553, 37.242418]], [[-6.727323, 37.242335], [-6.727211, 37.242338], [-6.727215, 37.242428], [-6.727328, 37.242425], [-6.727323, 37.242335]], [[-6.727094, 37.242252], [-6.726981, 37.242256], [-6.726986, 37.242346], [-6.727098, 37.242342], [-6.727094, 37.242252]], [[-6.728391, 37.24113], [-6.728278, 37.241134], [-6.728282, 37.241224], [-6.728395, 37.24122], [-6.728391, 37.24113]], [[-6.728161, 37.241047], [-6.728049, 37.241051], [-6.728053, 37.241141], [-6.728166, 37.241137], [-6.728161, 37.241047]], [[-6.728607, 37.240943], [-6.728382, 37.24095], [-6.728386, 37.24104], [-6.728611, 37.241033], [-6.728607, 37.240943]]]]}, "properties": {"id": "donana-2025-169300-4128220", "ha": 2.73, "plastic_dates": 5.0, "valid_dates": 7.6, "admin_zone": "Zona A", "plan_zone": "Zona A - Suelo Forestal", "distance_to_irrigable_m": 0, "sigpac_ref": "21:46:0:0:11:16:4", "sigpac_use": "IV", "sigpac_irrigation_coef": 38, "sigpac_url": "https://sigpac-hubcloud.es/servicioconsultassigpac/query/recinfo/21/46/0/0/11/16/4.json", "declared_greenhouse_share": 1.0, "declared_irrigated_share": 0.89, "lon": -6.727809, "lat": 37.241914}}, {"type": "Feature", "geometry": {"type": "Polygon", "coordinates": [[[-6.798833, 37.252671], [-6.798829, 37.252581], [-6.798716, 37.252585], [-6.798721, 37.252675], [-6.798608, 37.252679], [-6.798585, 37.252229], [-6.798473, 37.252233], [-6.798446, 37.251693], [-6.798333, 37.251697], [-6.798311, 37.251247], [-6.798198, 37.25125], [-6.798167, 37.250621], [-6.798617, 37.250606], [-6.798612, 37.250516], [-6.798837, 37.250509], [-6.798869, 37.251139], [-6.799094, 37.251132], [-6.799098, 37.251221], [-6.800111, 37.251189], [-6.800016, 37.251552], [-6.800129, 37.251549], [-6.800143, 37.251819], [-6.800255, 37.251815], [-6.800264, 37.251995], [-6.800152, 37.251998], [-6.80017, 37.252358], [-6.799832, 37.252369], [-6.799837, 37.252459], [-6.799387, 37.252473], [-6.799391, 37.252563], [-6.799054, 37.252574], [-6.799058, 37.252664], [-6.798833, 37.252671]], [[-6.799022, 37.251945], [-6.798797, 37.251952], [-6.798801, 37.252042], [-6.799026, 37.252035], [-6.799022, 37.251945]], [[-6.799467, 37.25184], [-6.799242, 37.251847], [-6.799247, 37.251937], [-6.799472, 37.25193], [-6.799467, 37.25184]], [[-6.799913, 37.251736], [-6.799688, 37.251743], [-6.799693, 37.251833], [-6.799918, 37.251826], [-6.799913, 37.251736]], [[-6.799229, 37.251578], [-6.799116, 37.251581], [-6.799125, 37.251761], [-6.79935, 37.251754], [-6.799229, 37.251578]]]}, "properties": {"id": "donana-2025-162970-4129550", "ha": 2.56, "plastic_dates": 4.9, "valid_dates": 9.9, "admin_zone": "Zona A", "plan_zone": "Zona A - Suelo Forestal", "distance_to_irrigable_m": 70, "sigpac_ref": "21:50:0:0:27:2:15", "sigpac_use": "IV", "sigpac_irrigation_coef": 100, "sigpac_url": "https://sigpac-hubcloud.es/servicioconsultassigpac/query/recinfo/21/50/0/0/27/2/15.json", "declared_greenhouse_share": 1.0, "declared_irrigated_share": 1.0, "lon": -6.799681, "lat": 37.251608}}, {"type": "Feature", "geometry": {"type": "Polygon", "coordinates": [[[-6.787263, 37.262412], [-6.787164, 37.260433], [-6.787051, 37.260437], [-6.787047, 37.260347], [-6.787267, 37.260249], [-6.787263, 37.26016], [-6.78805, 37.260134], [-6.788172, 37.260311], [-6.788284, 37.260307], [-6.788293, 37.260487], [-6.788406, 37.260483], [-6.788419, 37.260753], [-6.788532, 37.260749], [-6.788437, 37.261113], [-6.78855, 37.261109], [-6.788555, 37.261199], [-6.788442, 37.261203], [-6.788456, 37.261473], [-6.788343, 37.261476], [-6.788384, 37.262286], [-6.787708, 37.262307], [-6.787713, 37.262397], [-6.787263, 37.262412]]]}, "properties": {"id": "donana-2025-164060-4130590", "ha": 2.55, "plastic_dates": 8.1, "valid_dates": 10.4, "admin_zone": "Zona A", "plan_zone": "Zona A - Suelo Forestal", "distance_to_irrigable_m": 16, "sigpac_ref": "21:50:0:0:29:74:1", "sigpac_use": "IV", "sigpac_irrigation_coef": 100, "sigpac_url": "https://sigpac-hubcloud.es/servicioconsultassigpac/query/recinfo/21/50/0/0/29/74/1.json", "declared_greenhouse_share": 1.0, "declared_irrigated_share": 1.0, "lon": -6.78783, "lat": 37.261358}}, {"type": "Feature", "geometry": {"type": "MultiPolygon", "coordinates": [[[[-6.651399, 37.31047], [-6.651377, 37.31002], [-6.65149, 37.310017], [-6.651481, 37.309837], [-6.651936, 37.309913], [-6.652057, 37.310089], [-6.65217, 37.310086], [-6.652174, 37.310176], [-6.6524, 37.310169], [-6.652521, 37.310345], [-6.652746, 37.310338], [-6.652868, 37.310515], [-6.65298, 37.310511], [-6.652984, 37.310601], [-6.653439, 37.310677], [-6.653448, 37.310857], [-6.653223, 37.310864], [-6.653353, 37.31122], [-6.65324, 37.311224], [-6.653245, 37.311314], [-6.653357, 37.31131], [-6.653362, 37.3114], [-6.653699, 37.31139], [-6.653704, 37.31148], [-6.653929, 37.311473], [-6.653942, 37.311743], [-6.653829, 37.311746], [-6.653838, 37.311926], [-6.6535, 37.311937], [-6.653379, 37.31176], [-6.653266, 37.311764], [-6.653262, 37.311674], [-6.6536, 37.311663], [-6.653591, 37.311483], [-6.653253, 37.311494], [-6.653249, 37.311404], [-6.653136, 37.311407], [-6.653141, 37.311497], [-6.652578, 37.311515], [-6.652586, 37.311695], [-6.652023, 37.311712], [-6.652019, 37.311622], [-6.651906, 37.311626], [-6.651911, 37.311716], [-6.651573, 37.311726], [-6.651568, 37.311636], [-6.651343, 37.311643], [-6.65133, 37.311373], [-6.651217, 37.311377], [-6.651191, 37.310837], [-6.651304, 37.310833], [-6.651313, 37.311013], [-6.651538, 37.311006], [-6.651542, 37.311096], [-6.651655, 37.311093], [-6.651646, 37.310913], [-6.651417, 37.31083], [-6.651412, 37.31074], [-6.651525, 37.310736], [-6.651529, 37.310826], [-6.65198, 37.310812], [-6.651858, 37.310636], [-6.651633, 37.310643], [-6.651512, 37.310467], [-6.651399, 37.31047]], [[-6.653232, 37.311044], [-6.653011, 37.311141], [-6.653006, 37.311051], [-6.652894, 37.311054], [-6.652902, 37.311234], [-6.653015, 37.311231], [-6.653019, 37.311321], [-6.652907, 37.311324], [-6.652911, 37.311414], [-6.653136, 37.311407], [-6.653232, 37.311044]], [[-6.653119, 37.311048], [-6.653115, 37.310958], [-6.653002, 37.310961], [-6.653006, 37.311051], [-6.653119, 37.311048]], [[-6.651681, 37.311633], [-6.651677, 37.311543], [-6.651564, 37.311546], [-6.651568, 37.311636], [-6.651681, 37.311633]], [[-6.651971, 37.310633], [-6.651967, 37.310543], [-6.651854, 37.310546], [-6.651858, 37.310636], [-6.651971, 37.310633]], [[-6.651624, 37.310463], [-6.65162, 37.310373], [-6.651507, 37.310377], [-6.651512, 37.310467], [-6.651624, 37.310463]], [[-6.652231, 37.311345], [-6.652344, 37.311342], [-6.652352, 37.311522], [-6.652465, 37.311518], [-6.652569, 37.311335], [-6.652456, 37.311338], [-6.652452, 37.311248], [-6.652227, 37.311255], [-6.652231, 37.311345]], [[-6.652222, 37.311165], [-6.65211, 37.311169], [-6.652114, 37.311259], [-6.652227, 37.311255], [-6.652222, 37.311165]], [[-6.652439, 37.310978], [-6.652448, 37.311158], [-6.652677, 37.311241], [-6.652681, 37.311331], [-6.652794, 37.311328], [-6.652785, 37.311148], [-6.652673, 37.311151], [-6.652668, 37.311061], [-6.652781, 37.311058], [-6.652777, 37.310968], [-6.652664, 37.310971], [-6.65266, 37.310882], [-6.652547, 37.310885], [-6.652551, 37.310975], [-6.652439, 37.310978]], [[-6.652322, 37.310892], [-6.652097, 37.310899], [-6.652105, 37.311079], [-6.652335, 37.311162], [-6.652322, 37.310892]], [[-6.651984, 37.310902], [-6.651759, 37.310909], [-6.651763, 37.310999], [-6.651988, 37.310992], [-6.651984, 37.310902]], [[-6.652313, 37.310712], [-6.6522, 37.310716], [-6.652205, 37.310806], [-6.652317, 37.310802], [-6.652313, 37.310712]], [[-6.651737, 37.31046], [-6.652187, 37.310446], [-6.652192, 37.310536], [-6.652304, 37.310532], [-6.652408, 37.310349], [-6.652296, 37.310352], [-6.652291, 37.310262], [-6.651728, 37.31028], [-6.651737, 37.31046]], [[-6.651724, 37.31019], [-6.651499, 37.310197], [-6.651503, 37.310287], [-6.651728, 37.31028], [-6.651724, 37.31019]]], [[[-6.652556, 37.311065], [-6.652551, 37.310975], [-6.652664, 37.310971], [-6.652668, 37.311061], [-6.652556, 37.311065]]]]}, "properties": {"id": "donana-2025-176240-4135620", "ha": 2.34, "plastic_dates": 3.3, "valid_dates": 5.2, "admin_zone": "Zona C", "plan_zone": "Zona C - No regable", "distance_to_irrigable_m": 29, "sigpac_ref": "21:14:0:0:7:366:2", "sigpac_use": "IV", "sigpac_irrigation_coef": 100, "sigpac_url": "https://sigpac-hubcloud.es/servicioconsultassigpac/query/recinfo/21/14/0/0/7/366/2.json", "declared_greenhouse_share": 1.0, "declared_irrigated_share": 0.55, "lon": -6.652943, "lat": 37.310918}}, {"type": "Feature", "geometry": {"type": "Polygon", "coordinates": [[[-6.720355, 37.261023], [-6.720346, 37.260843], [-6.720126, 37.26094], [-6.720229, 37.260756], [-6.720004, 37.260763], [-6.720013, 37.260943], [-6.719676, 37.260954], [-6.719671, 37.260864], [-6.719446, 37.260871], [-6.719451, 37.260961], [-6.719, 37.260975], [-6.718996, 37.260885], [-6.718883, 37.260889], [-6.718888, 37.260979], [-6.717988, 37.261007], [-6.717979, 37.260827], [-6.718091, 37.260824], [-6.718073, 37.260464], [-6.718524, 37.26045], [-6.718519, 37.26036], [-6.718632, 37.260356], [-6.718709, 37.259633], [-6.718821, 37.259629], [-6.718799, 37.25918], [-6.719137, 37.259169], [-6.719141, 37.259259], [-6.719366, 37.259252], [-6.719371, 37.259342], [-6.719483, 37.259338], [-6.719505, 37.259788], [-6.719618, 37.259785], [-6.719631, 37.260054], [-6.719856, 37.260047], [-6.719865, 37.260227], [-6.720315, 37.260213], [-6.720108, 37.26058], [-6.720221, 37.260576], [-6.720225, 37.260666], [-6.720788, 37.260649], [-6.720792, 37.260739], [-6.72068, 37.260742], [-6.720693, 37.261012], [-6.720355, 37.261023]], [[-6.71977, 37.260591], [-6.719658, 37.260594], [-6.719662, 37.260684], [-6.719775, 37.260681], [-6.71977, 37.260591]], [[-6.718969, 37.260346], [-6.718857, 37.260349], [-6.718866, 37.260529], [-6.718978, 37.260525], [-6.718969, 37.260346]], [[-6.718947, 37.259896], [-6.718835, 37.259899], [-6.718848, 37.260169], [-6.718961, 37.260166], [-6.718947, 37.259896]], [[-6.71951, 37.259878], [-6.719397, 37.259882], [-6.719402, 37.259972], [-6.719514, 37.259968], [-6.71951, 37.259878]]]}, "properties": {"id": "donana-2025-170130-4130210", "ha": 2.34, "plastic_dates": 4.9, "valid_dates": 9.4, "admin_zone": "Zona A", "plan_zone": "Zona A - Suelo Forestal", "distance_to_irrigable_m": 16, "sigpac_ref": "21:46:0:0:10:1:12", "sigpac_use": "IV", "sigpac_irrigation_coef": 100, "sigpac_url": "https://sigpac-hubcloud.es/servicioconsultassigpac/query/recinfo/21/46/0/0/10/1/12.json", "declared_greenhouse_share": 1.0, "declared_irrigated_share": 0.91, "lon": -6.719408, "lat": 37.260106}}, {"type": "Feature", "geometry": {"type": "Polygon", "coordinates": [[[-6.735579, 37.224687], [-6.735565, 37.224417], [-6.735795, 37.2245], [-6.735691, 37.224684], [-6.735916, 37.224677], [-6.735903, 37.224407], [-6.736015, 37.224403], [-6.73602, 37.224493], [-6.736807, 37.224468], [-6.736811, 37.224558], [-6.736924, 37.224555], [-6.736829, 37.224918], [-6.736717, 37.224922], [-6.736726, 37.225101], [-6.736838, 37.225098], [-6.736847, 37.225278], [-6.736959, 37.225274], [-6.736964, 37.225364], [-6.736851, 37.225368], [-6.73686, 37.225548], [-6.736523, 37.225558], [-6.736527, 37.225648], [-6.73664, 37.225645], [-6.736658, 37.226004], [-6.736437, 37.226101], [-6.736446, 37.226281], [-6.736333, 37.226285], [-6.736338, 37.226375], [-6.736108, 37.226292], [-6.736104, 37.226202], [-6.735425, 37.226133], [-6.735416, 37.225954], [-6.735641, 37.225946], [-6.735645, 37.226036], [-6.735758, 37.226033], [-6.735744, 37.225763], [-6.735524, 37.22586], [-6.735506, 37.2255], [-6.735394, 37.225504], [-6.735385, 37.225324], [-6.73516, 37.225331], [-6.735137, 37.224881], [-6.734912, 37.224888], [-6.734904, 37.224709], [-6.735133, 37.224791], [-6.73512, 37.224522], [-6.735345, 37.224514], [-6.735241, 37.224698], [-6.735354, 37.224694], [-6.735358, 37.224784], [-6.735579, 37.224687]], [[-6.735246, 37.224788], [-6.73525, 37.224878], [-6.735362, 37.224874], [-6.735358, 37.224784], [-6.735246, 37.224788]], [[-6.736734, 37.225281], [-6.736622, 37.225285], [-6.736626, 37.225375], [-6.736739, 37.225371], [-6.736734, 37.225281]], [[-6.736505, 37.225198], [-6.736393, 37.225202], [-6.736397, 37.225292], [-6.736509, 37.225288], [-6.736505, 37.225198]], [[-6.736276, 37.225116], [-6.736163, 37.225119], [-6.736168, 37.225209], [-6.73628, 37.225206], [-6.736276, 37.225116]], [[-6.736046, 37.225033], [-6.735934, 37.225036], [-6.735938, 37.225126], [-6.736051, 37.225123], [-6.736046, 37.225033]], [[-6.735817, 37.22495], [-6.735704, 37.224953], [-6.735709, 37.225043], [-6.735821, 37.22504], [-6.735817, 37.22495]], [[-6.735587, 37.224867], [-6.735475, 37.224871], [-6.735479, 37.224961], [-6.735592, 37.224957], [-6.735587, 37.224867]], [[-6.736483, 37.224749], [-6.736708, 37.224742], [-6.736703, 37.224652], [-6.736478, 37.224659], [-6.736483, 37.224749]], [[-6.736474, 37.224569], [-6.736249, 37.224576], [-6.736253, 37.224666], [-6.736478, 37.224659], [-6.736474, 37.224569]]]}, "properties": {"id": "donana-2025-168490-4126420", "ha": 2.25, "plastic_dates": 4.2, "valid_dates": 7.8, "admin_zone": "Zona C", "plan_zone": "Zona C - No regable", "distance_to_irrigable_m": 19, "sigpac_ref": "21:46:0:0:12:6:84", "sigpac_use": "IV", "sigpac_irrigation_coef": 100, "sigpac_url": "https://sigpac-hubcloud.es/servicioconsultassigpac/query/recinfo/21/46/0/0/12/6/84.json", "declared_greenhouse_share": 1.0, "declared_irrigated_share": 1.0, "lon": -6.736122, "lat": 37.225436}}, {"type": "Feature", "geometry": {"type": "Polygon", "coordinates": [[[-6.721779, 37.264762], [-6.720879, 37.26479], [-6.720875, 37.2647], [-6.720424, 37.264714], [-6.72042, 37.264624], [-6.720195, 37.264631], [-6.72019, 37.264541], [-6.719965, 37.264548], [-6.719952, 37.264279], [-6.719727, 37.264286], [-6.719736, 37.264466], [-6.719623, 37.264469], [-6.71961, 37.264199], [-6.719497, 37.264203], [-6.719493, 37.264113], [-6.719714, 37.264016], [-6.719709, 37.263926], [-6.719822, 37.263922], [-6.719817, 37.263832], [-6.720155, 37.263822], [-6.720034, 37.263645], [-6.720371, 37.263635], [-6.720475, 37.263451], [-6.720587, 37.263448], [-6.720583, 37.263358], [-6.720921, 37.263347], [-6.720929, 37.263527], [-6.721384, 37.263603], [-6.721505, 37.263779], [-6.72196, 37.263855], [-6.721965, 37.263945], [-6.72219, 37.263938], [-6.722203, 37.264208], [-6.722428, 37.264201], [-6.722324, 37.264384], [-6.722212, 37.264388], [-6.722216, 37.264478], [-6.722104, 37.264481], [-6.722108, 37.264571], [-6.721883, 37.264578], [-6.721887, 37.264668], [-6.721775, 37.264672], [-6.721779, 37.264762]], [[-6.721437, 37.264682], [-6.721433, 37.264592], [-6.721208, 37.264599], [-6.721199, 37.264419], [-6.721424, 37.264412], [-6.72142, 37.264322], [-6.720965, 37.264247], [-6.720844, 37.26407], [-6.720618, 37.264077], [-6.720627, 37.264257], [-6.72074, 37.264254], [-6.720744, 37.264344], [-6.721082, 37.264333], [-6.721095, 37.264603], [-6.72087, 37.26461], [-6.720875, 37.2647], [-6.721437, 37.264682]], [[-6.721532, 37.264319], [-6.721528, 37.264229], [-6.721415, 37.264232], [-6.72142, 37.264322], [-6.721532, 37.264319]], [[-6.720614, 37.263987], [-6.720501, 37.263991], [-6.720506, 37.264081], [-6.720618, 37.264077], [-6.720614, 37.263987]], [[-6.720497, 37.263901], [-6.720385, 37.263905], [-6.720389, 37.263995], [-6.720501, 37.263991], [-6.720497, 37.263901]], [[-6.720159, 37.263912], [-6.720272, 37.263908], [-6.720268, 37.263818], [-6.720155, 37.263822], [-6.720159, 37.263912]], [[-6.722099, 37.264391], [-6.721987, 37.264395], [-6.721991, 37.264485], [-6.722104, 37.264481], [-6.722099, 37.264391]], [[-6.721766, 37.264492], [-6.721545, 37.264589], [-6.72155, 37.264679], [-6.721775, 37.264672], [-6.721766, 37.264492]], [[-6.721753, 37.264222], [-6.72164, 37.264225], [-6.721645, 37.264315], [-6.721757, 37.264312], [-6.721753, 37.264222]], [[-6.721294, 37.264056], [-6.721181, 37.26406], [-6.721186, 37.26415], [-6.721298, 37.264146], [-6.721294, 37.264056]], [[-6.719943, 37.264099], [-6.719831, 37.264102], [-6.719835, 37.264192], [-6.719948, 37.264189], [-6.719943, 37.264099]], [[-6.720047, 37.263915], [-6.719934, 37.263919], [-6.719939, 37.264009], [-6.720051, 37.264005], [-6.720047, 37.263915]]]}, "properties": {"id": "donana-2025-169940-4130660", "ha": 2.17, "plastic_dates": 3.9, "valid_dates": 8.7, "admin_zone": "Zona C", "plan_zone": "Zona C - No regable", "distance_to_irrigable_m": 25, "sigpac_ref": "21:46:0:0:10:4:3", "sigpac_use": "IV", "sigpac_irrigation_coef": 100, "sigpac_url": "https://sigpac-hubcloud.es/servicioconsultassigpac/query/recinfo/21/46/0/0/10/4/3.json", "declared_greenhouse_share": 1.0, "declared_irrigated_share": 1.0, "lon": -6.721746, "lat": 37.264087}}, {"type": "Feature", "geometry": {"type": "Polygon", "coordinates": [[[-6.767497, 37.23899], [-6.767493, 37.2389], [-6.76738, 37.238903], [-6.767371, 37.238723], [-6.767146, 37.238731], [-6.767043, 37.238914], [-6.76693, 37.238918], [-6.766935, 37.239008], [-6.766822, 37.239011], [-6.766926, 37.238828], [-6.767038, 37.238824], [-6.767029, 37.238644], [-6.767142, 37.238641], [-6.767133, 37.238461], [-6.766903, 37.238378], [-6.766899, 37.238288], [-6.766786, 37.238292], [-6.766782, 37.238202], [-6.766669, 37.238205], [-6.766665, 37.238115], [-6.76644, 37.238123], [-6.766318, 37.237946], [-6.766206, 37.23795], [-6.766201, 37.23786], [-6.766089, 37.237863], [-6.766084, 37.237773], [-6.765859, 37.237781], [-6.765738, 37.237604], [-6.765625, 37.237608], [-6.765621, 37.237518], [-6.765508, 37.237522], [-6.765504, 37.237432], [-6.765391, 37.237435], [-6.765378, 37.237165], [-6.765599, 37.237068], [-6.76559, 37.236888], [-6.76604, 37.236874], [-6.766161, 37.23705], [-6.766499, 37.23704], [-6.766503, 37.23713], [-6.766616, 37.237126], [-6.766624, 37.237306], [-6.766962, 37.237295], [-6.767083, 37.237471], [-6.767308, 37.237464], [-6.767205, 37.237648], [-6.767664, 37.237813], [-6.767673, 37.237993], [-6.767902, 37.238076], [-6.767907, 37.238166], [-6.767682, 37.238173], [-6.767686, 37.238263], [-6.767799, 37.238259], [-6.767812, 37.238529], [-6.767587, 37.238536], [-6.767596, 37.238716], [-6.767484, 37.23872], [-6.767488, 37.23881], [-6.767718, 37.238893], [-6.767722, 37.238983], [-6.767497, 37.23899]], [[-6.767214, 37.237828], [-6.767101, 37.237831], [-6.767106, 37.237921], [-6.767218, 37.237918], [-6.767214, 37.237828]]]}, "properties": {"id": "donana-2025-165810-4127920", "ha": 2.15, "plastic_dates": 4.2, "valid_dates": 11.1, "admin_zone": "Zona C", "plan_zone": "Zona C - No regable", "distance_to_irrigable_m": 21, "sigpac_ref": "21:50:0:0:32:65:10", "sigpac_use": "IV", "sigpac_irrigation_coef": 100, "sigpac_url": "https://sigpac-hubcloud.es/servicioconsultassigpac/query/recinfo/21/50/0/0/32/65/10.json", "declared_greenhouse_share": 0.96, "declared_irrigated_share": 0.96, "lon": -6.766996, "lat": 37.23797}}, {"type": "Feature", "geometry": {"type": "Polygon", "coordinates": [[[-6.604489, 37.249296], [-6.604043, 37.2494], [-6.604056, 37.24967], [-6.603831, 37.249676], [-6.603818, 37.249407], [-6.603705, 37.24941], [-6.603697, 37.24923], [-6.603584, 37.249233], [-6.603576, 37.249054], [-6.603346, 37.24897], [-6.603342, 37.24888], [-6.603229, 37.248884], [-6.603225, 37.248794], [-6.602888, 37.248804], [-6.602879, 37.248624], [-6.602992, 37.248621], [-6.602987, 37.248531], [-6.603212, 37.248524], [-6.603316, 37.248341], [-6.603546, 37.248424], [-6.60365, 37.24824], [-6.603762, 37.248237], [-6.603758, 37.248147], [-6.603983, 37.24814], [-6.604087, 37.247957], [-6.604312, 37.24795], [-6.604416, 37.247767], [-6.604641, 37.24776], [-6.604637, 37.24767], [-6.604749, 37.247666], [-6.604753, 37.247756], [-6.604866, 37.247753], [-6.604883, 37.248113], [-6.604996, 37.248109], [-6.605004, 37.248289], [-6.605117, 37.248286], [-6.605121, 37.248376], [-6.605234, 37.248372], [-6.605363, 37.248729], [-6.605251, 37.248732], [-6.605255, 37.248822], [-6.60503, 37.248829], [-6.605034, 37.248919], [-6.604809, 37.248926], [-6.604705, 37.249109], [-6.604593, 37.249113], [-6.604597, 37.249203], [-6.604485, 37.249206], [-6.604489, 37.249296]], [[-6.60355, 37.248514], [-6.603662, 37.24851], [-6.603658, 37.24842], [-6.603546, 37.248424], [-6.60355, 37.248514]], [[-6.60448, 37.249116], [-6.604368, 37.24912], [-6.604372, 37.249209], [-6.604485, 37.249206], [-6.60448, 37.249116]], [[-6.604259, 37.249213], [-6.604147, 37.249216], [-6.604151, 37.249306], [-6.604264, 37.249303], [-6.604259, 37.249213]], [[-6.604034, 37.24922], [-6.603922, 37.249223], [-6.603926, 37.249313], [-6.604039, 37.24931], [-6.604034, 37.24922]], [[-6.604138, 37.249036], [-6.604026, 37.24904], [-6.60403, 37.24913], [-6.604143, 37.249126], [-6.604138, 37.249036]], [[-6.603913, 37.249043], [-6.603801, 37.249047], [-6.603805, 37.249137], [-6.603918, 37.249133], [-6.603913, 37.249043]], [[-6.603909, 37.248953], [-6.604022, 37.24895], [-6.604017, 37.24886], [-6.603905, 37.248863], [-6.603909, 37.248953]], [[-6.6039, 37.248773], [-6.603788, 37.248777], [-6.603792, 37.248867], [-6.603905, 37.248863], [-6.6039, 37.248773]], [[-6.603567, 37.248874], [-6.603571, 37.248964], [-6.603796, 37.248957], [-6.603792, 37.248867], [-6.603567, 37.248874]], [[-6.604805, 37.248836], [-6.604918, 37.248832], [-6.604913, 37.248743], [-6.604801, 37.248746], [-6.604805, 37.248836]], [[-6.604796, 37.248656], [-6.604571, 37.248663], [-6.604576, 37.248753], [-6.604801, 37.248746], [-6.604796, 37.248656]], [[-6.603779, 37.248597], [-6.603667, 37.2486], [-6.603671, 37.24869], [-6.603784, 37.248687], [-6.603779, 37.248597]], [[-6.604675, 37.248479], [-6.604563, 37.248483], [-6.604567, 37.248573], [-6.60468, 37.248569], [-6.604675, 37.248479]], [[-6.604446, 37.248396], [-6.604558, 37.248393], [-6.604554, 37.248303], [-6.604442, 37.248306], [-6.604446, 37.248396]], [[-6.604437, 37.248216], [-6.604325, 37.24822], [-6.604329, 37.24831], [-6.604442, 37.248306], [-6.604437, 37.248216]], [[-6.604316, 37.24804], [-6.604204, 37.248043], [-6.604208, 37.248133], [-6.604321, 37.24813], [-6.604316, 37.24804]]]}, "properties": {"id": "donana-2025-180340-4128550", "ha": 2.09, "plastic_dates": 2.2, "valid_dates": 7.8, "admin_zone": "Zona C", "plan_zone": "Zona C - No regable", "distance_to_irrigable_m": 20, "sigpac_ref": "21:5:0:0:39:4:13", "sigpac_use": "IV", "sigpac_irrigation_coef": 8, "sigpac_url": "https://sigpac-hubcloud.es/servicioconsultassigpac/query/recinfo/21/5/0/0/39/4/13.json", "declared_greenhouse_share": 1.0, "declared_irrigated_share": 1.0, "lon": -6.603729, "lat": 37.248734}}, {"type": "Feature", "geometry": {"type": "MultiPolygon", "coordinates": [[[[-6.752009, 37.272004], [-6.752018, 37.272184], [-6.751906, 37.272188], [-6.751897, 37.272008], [-6.752009, 37.272004]]], [[[-6.749687, 37.270636], [-6.749696, 37.270816], [-6.749921, 37.270809], [-6.749925, 37.270899], [-6.750038, 37.270895], [-6.750033, 37.270806], [-6.750259, 37.270798], [-6.750263, 37.270888], [-6.750601, 37.270878], [-6.750722, 37.271054], [-6.750947, 37.271047], [-6.750956, 37.271227], [-6.751069, 37.271223], [-6.751073, 37.271313], [-6.750961, 37.271317], [-6.750965, 37.271407], [-6.751303, 37.271396], [-6.751312, 37.271576], [-6.751649, 37.271565], [-6.751663, 37.271835], [-6.751892, 37.271918], [-6.751897, 37.272008], [-6.751451, 37.272112], [-6.751442, 37.271932], [-6.750987, 37.271856], [-6.750974, 37.271586], [-6.750862, 37.27159], [-6.750866, 37.27168], [-6.750753, 37.271684], [-6.750744, 37.271504], [-6.750407, 37.271514], [-6.750402, 37.271424], [-6.75029, 37.271428], [-6.750276, 37.271158], [-6.750164, 37.271162], [-6.750173, 37.271342], [-6.75006, 37.271345], [-6.750056, 37.271255], [-6.749831, 37.271262], [-6.749822, 37.271083], [-6.749709, 37.271086], [-6.749714, 37.271176], [-6.749601, 37.27118], [-6.74948, 37.271003], [-6.749367, 37.271007], [-6.749363, 37.270917], [-6.749475, 37.270913], [-6.749462, 37.270643], [-6.749687, 37.270636]], [[-6.751087, 37.271583], [-6.751082, 37.271493], [-6.75097, 37.271497], [-6.750974, 37.271586], [-6.751087, 37.271583]], [[-6.749934, 37.271079], [-6.74993, 37.270989], [-6.749817, 37.270993], [-6.749822, 37.271083], [-6.749934, 37.271079]]], [[[-6.749241, 37.270741], [-6.749246, 37.270831], [-6.748908, 37.270841], [-6.748786, 37.270665], [-6.748674, 37.270668], [-6.748669, 37.270579], [-6.748444, 37.270586], [-6.74844, 37.270496], [-6.748327, 37.270499], [-6.748323, 37.270409], [-6.747868, 37.270334], [-6.747864, 37.270244], [-6.747639, 37.270251], [-6.747634, 37.270161], [-6.747297, 37.270172], [-6.747292, 37.270082], [-6.74718, 37.270085], [-6.747166, 37.269815], [-6.747279, 37.269812], [-6.747274, 37.269722], [-6.747837, 37.269704], [-6.747958, 37.26988], [-6.748184, 37.269873], [-6.748188, 37.269963], [-6.748301, 37.26996], [-6.748309, 37.270139], [-6.748535, 37.270132], [-6.748539, 37.270222], [-6.748652, 37.270219], [-6.748656, 37.270309], [-6.748881, 37.270302], [-6.748886, 37.270391], [-6.749223, 37.270381], [-6.749228, 37.270471], [-6.749565, 37.27046], [-6.749462, 37.270643], [-6.749241, 37.270741]]]]}, "properties": {"id": "donana-2025-167460-4131520", "ha": 2.04, "plastic_dates": 4.9, "valid_dates": 9.3, "admin_zone": "Zona C", "plan_zone": "Zona C - No regable", "distance_to_irrigable_m": 162, "sigpac_ref": "21:46:0:0:18:12:3", "sigpac_use": "IV", "sigpac_irrigation_coef": 0, "sigpac_url": "https://sigpac-hubcloud.es/servicioconsultassigpac/query/recinfo/21/46/0/0/18/12/3.json", "declared_greenhouse_share": 1.0, "declared_irrigated_share": 0.0, "lon": -6.749984, "lat": 37.270942}}, {"type": "Feature", "geometry": {"type": "MultiPolygon", "coordinates": [[[[-6.730188, 37.238731], [-6.729738, 37.238745], [-6.729729, 37.238565], [-6.729958, 37.238648], [-6.729954, 37.238558], [-6.730066, 37.238555], [-6.730071, 37.238645], [-6.730183, 37.238641], [-6.730188, 37.238731]]], [[[-6.729991, 37.237026], [-6.730103, 37.237022], [-6.730099, 37.236932], [-6.730211, 37.236929], [-6.730207, 37.236839], [-6.73032, 37.236835], [-6.730324, 37.236925], [-6.730774, 37.236911], [-6.730778, 37.237001], [-6.731228, 37.236987], [-6.731134, 37.23735], [-6.731021, 37.237353], [-6.73103, 37.237533], [-6.73081, 37.23763], [-6.730814, 37.23772], [-6.730926, 37.237717], [-6.730935, 37.237897], [-6.730485, 37.237911], [-6.73049, 37.238001], [-6.730827, 37.23799], [-6.730832, 37.23808], [-6.730607, 37.238087], [-6.730611, 37.238177], [-6.730724, 37.238174], [-6.730733, 37.238354], [-6.73062, 37.238357], [-6.730629, 37.238537], [-6.730516, 37.238541], [-6.730521, 37.23863], [-6.730183, 37.238641], [-6.730179, 37.238551], [-6.730404, 37.238544], [-6.730399, 37.238454], [-6.729949, 37.238468], [-6.729945, 37.238378], [-6.72972, 37.238385], [-6.729702, 37.238026], [-6.729365, 37.238036], [-6.729356, 37.237856], [-6.729018, 37.237867], [-6.729009, 37.237687], [-6.72923, 37.23759], [-6.729234, 37.23768], [-6.729347, 37.237677], [-6.729343, 37.237587], [-6.729572, 37.237669], [-6.729676, 37.237486], [-6.729446, 37.237403], [-6.729437, 37.237223], [-6.729887, 37.237209], [-6.729991, 37.237026]], [[-6.729896, 37.237389], [-6.730009, 37.237385], [-6.73, 37.237205], [-6.729887, 37.237209], [-6.729896, 37.237389]], [[-6.730112, 37.237202], [-6.730108, 37.237112], [-6.729995, 37.237116], [-6.73, 37.237205], [-6.730112, 37.237202]], [[-6.729936, 37.238198], [-6.729824, 37.238202], [-6.729828, 37.238292], [-6.729941, 37.238288], [-6.729936, 37.238198]], [[-6.730148, 37.237922], [-6.730035, 37.237925], [-6.73004, 37.238015], [-6.730152, 37.238011], [-6.730148, 37.237922]], [[-6.730251, 37.237738], [-6.729914, 37.237749], [-6.729918, 37.237839], [-6.730256, 37.237828], [-6.730251, 37.237738]], [[-6.729801, 37.237752], [-6.729689, 37.237756], [-6.729693, 37.237846], [-6.729806, 37.237842], [-6.729801, 37.237752]]], [[[-6.729226, 37.2375], [-6.729338, 37.237497], [-6.729334, 37.237407], [-6.729446, 37.237403], [-6.729343, 37.237587], [-6.72923, 37.23759], [-6.729226, 37.2375]]], [[[-6.729023, 37.237957], [-6.72891, 37.237961], [-6.728906, 37.237871], [-6.729018, 37.237867], [-6.729023, 37.237957]]]]}, "properties": {"id": "donana-2025-169040-4127770", "ha": 2.03, "plastic_dates": 3.6, "valid_dates": 7.8, "admin_zone": "Zona A", "plan_zone": "Zona A - Suelo Forestal", "distance_to_irrigable_m": 6, "sigpac_ref": "21:46:0:0:11:16:8", "sigpac_use": "IV", "sigpac_irrigation_coef": 0, "sigpac_url": "https://sigpac-hubcloud.es/servicioconsultassigpac/query/recinfo/21/46/0/0/11/16/8.json", "declared_greenhouse_share": 1.0, "declared_irrigated_share": 0.0, "lon": -6.730591, "lat": 37.237772}}, {"type": "Feature", "geometry": {"type": "Polygon", "coordinates": [[[-6.682115, 37.285823], [-6.682089, 37.285284], [-6.682201, 37.28528], [-6.682162, 37.284471], [-6.681824, 37.284481], [-6.68182, 37.284391], [-6.681369, 37.284405], [-6.681365, 37.284315], [-6.681252, 37.284319], [-6.681248, 37.284229], [-6.681586, 37.284218], [-6.681581, 37.284128], [-6.681356, 37.284135], [-6.681334, 37.283686], [-6.681559, 37.283679], [-6.681564, 37.283768], [-6.682014, 37.283754], [-6.682018, 37.283844], [-6.682131, 37.283841], [-6.682235, 37.283657], [-6.682347, 37.283654], [-6.682343, 37.283564], [-6.682456, 37.283561], [-6.682451, 37.283471], [-6.682564, 37.283467], [-6.682559, 37.283377], [-6.682784, 37.28337], [-6.682888, 37.283187], [-6.683001, 37.283183], [-6.683023, 37.283633], [-6.68291, 37.283636], [-6.682937, 37.284176], [-6.682824, 37.28418], [-6.682842, 37.284539], [-6.682729, 37.284543], [-6.682747, 37.284903], [-6.682634, 37.284906], [-6.682638, 37.284996], [-6.682751, 37.284993], [-6.68276, 37.285173], [-6.682647, 37.285176], [-6.682673, 37.285716], [-6.682561, 37.285719], [-6.682565, 37.285809], [-6.682115, 37.285823]]]}, "properties": {"id": "donana-2025-173510-4132790", "ha": 2.02, "plastic_dates": 4.7, "valid_dates": 8.5, "admin_zone": "Zona C", "plan_zone": "Zona C - No regable", "distance_to_irrigable_m": 15, "sigpac_ref": "21:14:0:0:15:23:1", "sigpac_use": "IV", "sigpac_irrigation_coef": 100, "sigpac_url": "https://sigpac-hubcloud.es/servicioconsultassigpac/query/recinfo/21/14/0/0/15/23/1.json", "declared_greenhouse_share": 1.0, "declared_irrigated_share": 1.0, "lon": -6.682502, "lat": 37.284505}}, {"type": "Feature", "geometry": {"type": "Polygon", "coordinates": [[[-6.746172, 37.279306], [-6.746158, 37.279036], [-6.745929, 37.278954], [-6.745924, 37.278864], [-6.745812, 37.278867], [-6.745794, 37.278507], [-6.745681, 37.278511], [-6.745672, 37.278331], [-6.745785, 37.278327], [-6.74578, 37.278238], [-6.746676, 37.278119], [-6.746672, 37.278029], [-6.747235, 37.278011], [-6.747239, 37.278101], [-6.747352, 37.278098], [-6.747361, 37.278278], [-6.74759, 37.27836], [-6.747599, 37.27854], [-6.747824, 37.278533], [-6.74782, 37.278443], [-6.747932, 37.27844], [-6.747937, 37.27853], [-6.748275, 37.278519], [-6.748284, 37.278699], [-6.748396, 37.278695], [-6.748405, 37.278875], [-6.74818, 37.278882], [-6.748184, 37.278972], [-6.747847, 37.278983], [-6.747743, 37.279166], [-6.747518, 37.279173], [-6.747509, 37.278994], [-6.747279, 37.278911], [-6.747284, 37.279001], [-6.747059, 37.279008], [-6.747068, 37.279188], [-6.746505, 37.279206], [-6.746509, 37.279295], [-6.746172, 37.279306]], [[-6.747838, 37.278803], [-6.747613, 37.27881], [-6.747617, 37.2789], [-6.747842, 37.278893], [-6.747838, 37.278803]], [[-6.747383, 37.278727], [-6.74727, 37.278731], [-6.747275, 37.278821], [-6.747388, 37.278817], [-6.747383, 37.278727]], [[-6.74637, 37.278759], [-6.746145, 37.278767], [-6.746149, 37.278856], [-6.746374, 37.278849], [-6.74637, 37.278759]], [[-6.746928, 37.278652], [-6.746591, 37.278662], [-6.746595, 37.278752], [-6.746933, 37.278742], [-6.746928, 37.278652]], [[-6.747374, 37.278547], [-6.747036, 37.278558], [-6.747041, 37.278648], [-6.747379, 37.278637], [-6.747374, 37.278547]]]}, "properties": {"id": "donana-2025-167710-4132370", "ha": 1.99, "plastic_dates": 5.2, "valid_dates": 8.0, "admin_zone": "Zona A", "plan_zone": "Zona A - Suelo Forestal", "distance_to_irrigable_m": 19, "sigpac_ref": "21:46:0:0:19:7:5", "sigpac_use": "IV", "sigpac_irrigation_coef": 21, "sigpac_url": "https://sigpac-hubcloud.es/servicioconsultassigpac/query/recinfo/21/46/0/0/19/7/5.json", "declared_greenhouse_share": 1.0, "declared_irrigated_share": 1.0, "lon": -6.747606, "lat": 37.278675}}, {"type": "Feature", "geometry": {"type": "Polygon", "coordinates": [[[-6.516076, 37.228713], [-6.515963, 37.228717], [-6.515968, 37.228807], [-6.515855, 37.22881], [-6.515859, 37.2289], [-6.515747, 37.228903], [-6.515751, 37.228993], [-6.515638, 37.228997], [-6.515643, 37.229087], [-6.515413, 37.229003], [-6.515409, 37.228913], [-6.515297, 37.228917], [-6.515293, 37.228827], [-6.51518, 37.22883], [-6.515176, 37.22874], [-6.514951, 37.228747], [-6.515055, 37.228563], [-6.514601, 37.228487], [-6.514592, 37.228307], [-6.514705, 37.228304], [-6.514697, 37.228124], [-6.514917, 37.228027], [-6.514913, 37.227937], [-6.515026, 37.227934], [-6.515017, 37.227754], [-6.515238, 37.227657], [-6.515234, 37.227567], [-6.515347, 37.227564], [-6.515342, 37.227474], [-6.515567, 37.227467], [-6.515572, 37.227557], [-6.515909, 37.227547], [-6.515667, 37.227194], [-6.515892, 37.227187], [-6.515997, 37.227004], [-6.516222, 37.226997], [-6.516217, 37.226907], [-6.516555, 37.226897], [-6.516451, 37.22708], [-6.516338, 37.227084], [-6.516342, 37.227174], [-6.51668, 37.227164], [-6.516688, 37.227344], [-6.516576, 37.227347], [-6.516588, 37.227617], [-6.516701, 37.227614], [-6.516718, 37.227973], [-6.516493, 37.22798], [-6.516497, 37.22807], [-6.516159, 37.22808], [-6.516176, 37.22844], [-6.516288, 37.228437], [-6.516293, 37.228527], [-6.516072, 37.228623], [-6.516076, 37.228713]], [[-6.514938, 37.228477], [-6.515276, 37.228467], [-6.515155, 37.22829], [-6.515042, 37.228294], [-6.515147, 37.22811], [-6.514917, 37.228027], [-6.514938, 37.228477]], [[-6.515372, 37.228104], [-6.515376, 37.228194], [-6.515488, 37.22819], [-6.515592, 37.228007], [-6.51548, 37.22801], [-6.515476, 37.22792], [-6.515255, 37.228017], [-6.515251, 37.227927], [-6.515138, 37.22793], [-6.515147, 37.22811], [-6.515372, 37.228104]], [[-6.516059, 37.228353], [-6.515947, 37.228357], [-6.515943, 37.228267], [-6.51583, 37.22827], [-6.515834, 37.22836], [-6.515609, 37.228367], [-6.515622, 37.228637], [-6.516072, 37.228623], [-6.516059, 37.228353]], [[-6.515397, 37.228643], [-6.515284, 37.228647], [-6.515288, 37.228737], [-6.515401, 37.228733], [-6.515397, 37.228643]], [[-6.516255, 37.227717], [-6.516026, 37.227634], [-6.516038, 37.227904], [-6.516151, 37.2279], [-6.516255, 37.227717]]]}, "properties": {"id": "donana-2025-188040-4125960", "ha": 1.99, "plastic_dates": 3.2, "valid_dates": 7.2, "admin_zone": "Zona C", "plan_zone": "Zona C - No regable", "distance_to_irrigable_m": 22, "sigpac_ref": "21:5:0:0:31:50:28", "sigpac_use": "IV", "sigpac_irrigation_coef": 19, "sigpac_url": "https://sigpac-hubcloud.es/servicioconsultassigpac/query/recinfo/21/5/0/0/31/50/28.json", "declared_greenhouse_share": 1.0, "declared_irrigated_share": 1.0, "lon": -6.516045, "lat": 37.228039}}, {"type": "Feature", "geometry": {"type": "Polygon", "coordinates": [[[-6.722528, 37.28681], [-6.722524, 37.28672], [-6.721961, 37.286738], [-6.721956, 37.286648], [-6.721168, 37.286672], [-6.721164, 37.286582], [-6.720826, 37.286593], [-6.720903, 37.28587], [-6.721016, 37.285866], [-6.721003, 37.285597], [-6.72089, 37.2856], [-6.720886, 37.28551], [-6.721223, 37.2855], [-6.721219, 37.28541], [-6.721332, 37.285406], [-6.721453, 37.285582], [-6.721566, 37.285579], [-6.72157, 37.285669], [-6.721683, 37.285665], [-6.721687, 37.285755], [-6.722142, 37.285831], [-6.722146, 37.285921], [-6.723272, 37.285885], [-6.723299, 37.286425], [-6.723186, 37.286429], [-6.723199, 37.286699], [-6.723087, 37.286702], [-6.723091, 37.286792], [-6.722528, 37.28681]], [[-6.722736, 37.286443], [-6.722623, 37.286446], [-6.722632, 37.286626], [-6.722745, 37.286623], [-6.722736, 37.286443]], [[-6.72251, 37.28645], [-6.722398, 37.286454], [-6.722407, 37.286633], [-6.722519, 37.28663], [-6.72251, 37.28645]], [[-6.723069, 37.286342], [-6.723182, 37.286339], [-6.723173, 37.286159], [-6.722952, 37.286256], [-6.722961, 37.286436], [-6.723073, 37.286432], [-6.723069, 37.286342]], [[-6.721376, 37.286306], [-6.721151, 37.286313], [-6.72116, 37.286493], [-6.721385, 37.286485], [-6.721376, 37.286306]], [[-6.722718, 37.286083], [-6.722943, 37.286076], [-6.722939, 37.285986], [-6.722488, 37.286], [-6.722502, 37.28627], [-6.722727, 37.286263], [-6.722718, 37.286083]], [[-6.721354, 37.285856], [-6.721241, 37.285859], [-6.721246, 37.285949], [-6.721358, 37.285946], [-6.721354, 37.285856]], [[-6.72134, 37.285586], [-6.721228, 37.285589], [-6.721237, 37.285769], [-6.721349, 37.285766], [-6.72134, 37.285586]]]}, "properties": {"id": "donana-2025-170040-4133110", "ha": 1.97, "plastic_dates": 5.9, "valid_dates": 7.0, "admin_zone": "Zona C", "plan_zone": "Zona C - No regable", "distance_to_irrigable_m": 149, "sigpac_ref": "21:46:0:0:23:294:4", "sigpac_use": "IV", "sigpac_irrigation_coef": 100, "sigpac_url": "https://sigpac-hubcloud.es/servicioconsultassigpac/query/recinfo/21/46/0/0/23/294/4.json", "declared_greenhouse_share": 0.98, "declared_irrigated_share": 0.78, "lon": -6.721707, "lat": 37.28616}}, {"type": "Feature", "geometry": {"type": "Polygon", "coordinates": [[[-6.750848, 37.248618], [-6.750843, 37.248528], [-6.750731, 37.248532], [-6.750735, 37.248622], [-6.750623, 37.248625], [-6.750501, 37.248449], [-6.750389, 37.248452], [-6.750384, 37.248362], [-6.750272, 37.248366], [-6.750263, 37.248186], [-6.750033, 37.248103], [-6.750029, 37.248013], [-6.749804, 37.24802], [-6.749799, 37.24793], [-6.749579, 37.248028], [-6.749574, 37.247938], [-6.749462, 37.247941], [-6.749358, 37.248125], [-6.749133, 37.248132], [-6.749138, 37.248222], [-6.748688, 37.248236], [-6.748584, 37.248419], [-6.748134, 37.248434], [-6.748139, 37.248524], [-6.747914, 37.248531], [-6.747909, 37.248441], [-6.747797, 37.248444], [-6.747788, 37.248265], [-6.74835, 37.248247], [-6.748346, 37.248157], [-6.748571, 37.24815], [-6.748566, 37.24806], [-6.748796, 37.248142], [-6.748899, 37.247959], [-6.749124, 37.247952], [-6.74912, 37.247862], [-6.749232, 37.247858], [-6.749228, 37.247768], [-6.749566, 37.247758], [-6.749561, 37.247668], [-6.749786, 37.247661], [-6.749782, 37.247571], [-6.750232, 37.247556], [-6.750223, 37.247377], [-6.750335, 37.247373], [-6.750344, 37.247553], [-6.750457, 37.247549], [-6.750448, 37.247369], [-6.75056, 37.247366], [-6.750556, 37.247276], [-6.750893, 37.247265], [-6.750889, 37.247175], [-6.751001, 37.247172], [-6.751006, 37.247262], [-6.751118, 37.247258], [-6.751141, 37.247708], [-6.751253, 37.247704], [-6.751267, 37.247974], [-6.751492, 37.247967], [-6.751501, 37.248147], [-6.751613, 37.248143], [-6.751622, 37.248323], [-6.751735, 37.24832], [-6.751739, 37.248409], [-6.751293, 37.248514], [-6.751289, 37.248424], [-6.750951, 37.248434], [-6.751073, 37.248611], [-6.750848, 37.248618]], [[-6.750722, 37.248352], [-6.750609, 37.248355], [-6.750614, 37.248445], [-6.750726, 37.248442], [-6.750722, 37.248352]], [[-6.750484, 37.248089], [-6.750492, 37.248269], [-6.750605, 37.248265], [-6.750596, 37.248085], [-6.750484, 37.248089]], [[-6.750709, 37.248082], [-6.750704, 37.247992], [-6.750592, 37.247995], [-6.750596, 37.248085], [-6.750709, 37.248082]], [[-6.750475, 37.247909], [-6.750362, 37.247913], [-6.750367, 37.248003], [-6.750479, 37.247999], [-6.750475, 37.247909]], [[-6.750349, 37.247643], [-6.750236, 37.247646], [-6.750245, 37.247826], [-6.750358, 37.247823], [-6.750349, 37.247643]]]}, "properties": {"id": "donana-2025-167280-4128970", "ha": 1.95, "plastic_dates": 5.0, "valid_dates": 8.4, "admin_zone": "Zona A", "plan_zone": "Zona A - Suelo Forestal", "distance_to_irrigable_m": 19, "sigpac_ref": "21:46:0:0:17:30:7", "sigpac_use": "IV", "sigpac_irrigation_coef": 0, "sigpac_url": "https://sigpac-hubcloud.es/servicioconsultassigpac/query/recinfo/21/46/0/0/17/30/7.json", "declared_greenhouse_share": 0.95, "declared_irrigated_share": 0.0, "lon": -6.750871, "lat": 37.247942}}, {"type": "Feature", "geometry": {"type": "MultiPolygon", "coordinates": [[[[-6.782162, 37.241585], [-6.78205, 37.241588], [-6.782045, 37.241498], [-6.782158, 37.241495], [-6.782162, 37.241585]]], [[[-6.781348, 37.24107], [-6.781343, 37.24098], [-6.781231, 37.240984], [-6.781213, 37.240624], [-6.781433, 37.240527], [-6.781429, 37.240437], [-6.781541, 37.240433], [-6.781537, 37.240343], [-6.781649, 37.24034], [-6.781645, 37.24025], [-6.781757, 37.240246], [-6.781753, 37.240156], [-6.781978, 37.240149], [-6.782081, 37.239966], [-6.782194, 37.239962], [-6.782185, 37.239782], [-6.782405, 37.239685], [-6.782401, 37.239595], [-6.782626, 37.239588], [-6.782747, 37.239764], [-6.782972, 37.239757], [-6.782977, 37.239847], [-6.783089, 37.239843], [-6.783107, 37.240203], [-6.782882, 37.24021], [-6.782891, 37.24039], [-6.782671, 37.240487], [-6.782702, 37.241117], [-6.782482, 37.241214], [-6.782486, 37.241304], [-6.782374, 37.241308], [-6.782378, 37.241397], [-6.782266, 37.241401], [-6.78227, 37.241491], [-6.782158, 37.241495], [-6.782153, 37.241405], [-6.781816, 37.241415], [-6.781807, 37.241236], [-6.781582, 37.241243], [-6.781685, 37.241059], [-6.781348, 37.24107]], [[-6.781798, 37.241056], [-6.781793, 37.240966], [-6.781681, 37.240969], [-6.781685, 37.241059], [-6.781798, 37.241056]], [[-6.781906, 37.240962], [-6.781901, 37.240872], [-6.781789, 37.240876], [-6.781793, 37.240966], [-6.781906, 37.240962]], [[-6.782014, 37.240869], [-6.782009, 37.240779], [-6.781897, 37.240782], [-6.781901, 37.240872], [-6.782014, 37.240869]], [[-6.782122, 37.240775], [-6.782117, 37.240685], [-6.782005, 37.240689], [-6.782009, 37.240779], [-6.782122, 37.240775]], [[-6.78223, 37.240682], [-6.782225, 37.240592], [-6.782113, 37.240595], [-6.782117, 37.240685], [-6.78223, 37.240682]], [[-6.782338, 37.240588], [-6.782333, 37.240498], [-6.782221, 37.240502], [-6.782225, 37.240592], [-6.782338, 37.240588]], [[-6.78277, 37.240214], [-6.782657, 37.240217], [-6.782662, 37.240307], [-6.782774, 37.240304], [-6.78277, 37.240214]]]]}, "properties": {"id": "donana-2025-164520-4128270", "ha": 1.87, "plastic_dates": 6.0, "valid_dates": 9.0, "admin_zone": "Zona A", "plan_zone": "Zona A - Suelo Forestal", "distance_to_irrigable_m": 15, "sigpac_ref": "21:50:0:0:27:16:1", "sigpac_use": "IV", "sigpac_irrigation_coef": 100, "sigpac_url": "https://sigpac-hubcloud.es/servicioconsultassigpac/query/recinfo/21/50/0/0/27/16/1.json", "declared_greenhouse_share": 0.98, "declared_irrigated_share": 0.98, "lon": -6.781665, "lat": 37.240655}}, {"type": "Feature", "geometry": {"type": "Polygon", "coordinates": [[[-6.72318, 37.229132], [-6.723171, 37.228952], [-6.723058, 37.228956], [-6.723032, 37.228416], [-6.723252, 37.228319], [-6.723248, 37.228229], [-6.72336, 37.228226], [-6.723356, 37.228136], [-6.723468, 37.228132], [-6.72346, 37.227952], [-6.723797, 37.227942], [-6.723793, 37.227852], [-6.724018, 37.227845], [-6.724139, 37.228021], [-6.724364, 37.228014], [-6.724373, 37.228194], [-6.72426, 37.228197], [-6.724265, 37.228287], [-6.724377, 37.228284], [-6.724399, 37.228733], [-6.724629, 37.228816], [-6.724525, 37.229], [-6.724638, 37.228996], [-6.724651, 37.229266], [-6.72443, 37.229363], [-6.724435, 37.229453], [-6.724322, 37.229457], [-6.724327, 37.229547], [-6.724102, 37.229554], [-6.724106, 37.229644], [-6.723652, 37.229568], [-6.723643, 37.229388], [-6.723413, 37.229305], [-6.723409, 37.229215], [-6.723297, 37.229219], [-6.723292, 37.229129], [-6.72318, 37.229132]], [[-6.723405, 37.229125], [-6.7234, 37.229035], [-6.723288, 37.229039], [-6.723292, 37.229129], [-6.723405, 37.229125]], [[-6.723513, 37.229032], [-6.723508, 37.228942], [-6.723396, 37.228945], [-6.7234, 37.229035], [-6.723513, 37.229032]], [[-6.723621, 37.228938], [-6.723616, 37.228848], [-6.723504, 37.228852], [-6.723508, 37.228942], [-6.723621, 37.228938]], [[-6.723729, 37.228845], [-6.723724, 37.228755], [-6.723612, 37.228758], [-6.723616, 37.228848], [-6.723729, 37.228845]], [[-6.723837, 37.228751], [-6.723832, 37.228661], [-6.72372, 37.228665], [-6.723724, 37.228755], [-6.723837, 37.228751]]]}, "properties": {"id": "donana-2025-169570-4126750", "ha": 1.87, "plastic_dates": 4.4, "valid_dates": 7.6, "admin_zone": "Zona A", "plan_zone": "Zona A - Suelo Forestal", "distance_to_irrigable_m": 13, "sigpac_ref": "21:46:0:0:12:1:5", "sigpac_use": "IV", "sigpac_irrigation_coef": 100, "sigpac_url": "https://sigpac-hubcloud.es/servicioconsultassigpac/query/recinfo/21/46/0/0/12/1/5.json", "declared_greenhouse_share": 1.0, "declared_irrigated_share": 1.0, "lon": -6.72412, "lat": 37.228787}}, {"type": "Feature", "geometry": {"type": "Polygon", "coordinates": [[[-6.7332, 37.249537], [-6.733196, 37.249447], [-6.732746, 37.249461], [-6.732741, 37.249371], [-6.732291, 37.249385], [-6.732287, 37.249295], [-6.731837, 37.24931], [-6.731832, 37.24922], [-6.73172, 37.249223], [-6.731693, 37.248683], [-6.731581, 37.248687], [-6.731576, 37.248597], [-6.731797, 37.2485], [-6.731792, 37.24841], [-6.731905, 37.248407], [-6.732, 37.248043], [-6.732454, 37.248119], [-6.73245, 37.248029], [-6.732562, 37.248025], [-6.732567, 37.248115], [-6.732792, 37.248108], [-6.73281, 37.248468], [-6.732922, 37.248465], [-6.732931, 37.248644], [-6.73316, 37.248727], [-6.733165, 37.248817], [-6.73339, 37.24881], [-6.733394, 37.2489], [-6.733619, 37.248893], [-6.733646, 37.249433], [-6.733759, 37.249429], [-6.733763, 37.249519], [-6.7332, 37.249537]], [[-6.732823, 37.248738], [-6.732598, 37.248745], [-6.732602, 37.248835], [-6.732827, 37.248828], [-6.732823, 37.248738]], [[-6.732368, 37.248662], [-6.732143, 37.248669], [-6.732148, 37.248759], [-6.732373, 37.248752], [-6.732368, 37.248662]], [[-6.731914, 37.248586], [-6.731689, 37.248594], [-6.73181, 37.24877], [-6.731923, 37.248766], [-6.731914, 37.248586]]]}, "properties": {"id": "donana-2025-168950-4129000", "ha": 1.83, "plastic_dates": 6.4, "valid_dates": 7.9, "admin_zone": "Zona C", "plan_zone": "Zona C - No regable", "distance_to_irrigable_m": 53, "sigpac_ref": "21:46:0:0:11:13:2", "sigpac_use": "IV", "sigpac_irrigation_coef": 100, "sigpac_url": "https://sigpac-hubcloud.es/servicioconsultassigpac/query/recinfo/21/46/0/0/11/13/2.json", "declared_greenhouse_share": 1.0, "declared_irrigated_share": 1.0, "lon": -6.73215, "lat": 37.248804}}, {"type": "Feature", "geometry": {"type": "Polygon", "coordinates": [[[-6.725312, 37.247263], [-6.725308, 37.247173], [-6.725083, 37.24718], [-6.724962, 37.247004], [-6.724849, 37.247007], [-6.724845, 37.246917], [-6.72439, 37.246842], [-6.724386, 37.246752], [-6.724161, 37.246759], [-6.724039, 37.246582], [-6.723927, 37.246586], [-6.723922, 37.246496], [-6.72381, 37.2465], [-6.723801, 37.24632], [-6.724021, 37.246223], [-6.724013, 37.246043], [-6.724125, 37.246039], [-6.724121, 37.245949], [-6.72435, 37.246032], [-6.724454, 37.245849], [-6.724566, 37.245845], [-6.724562, 37.245755], [-6.724674, 37.245752], [-6.724796, 37.245928], [-6.725133, 37.245917], [-6.725255, 37.246094], [-6.72548, 37.246087], [-6.725601, 37.246263], [-6.725714, 37.246259], [-6.725718, 37.246349], [-6.725943, 37.246342], [-6.725948, 37.246432], [-6.72606, 37.246429], [-6.725956, 37.246612], [-6.725844, 37.246616], [-6.725853, 37.246796], [-6.725632, 37.246893], [-6.725641, 37.247073], [-6.72542, 37.24717], [-6.725425, 37.24726], [-6.725312, 37.247263]], [[-6.72503, 37.246101], [-6.724917, 37.246104], [-6.724922, 37.246194], [-6.725034, 37.246191], [-6.72503, 37.246101]]]}, "properties": {"id": "donana-2025-169570-4128720", "ha": 1.78, "plastic_dates": 4.8, "valid_dates": 7.4, "admin_zone": "Zona C", "plan_zone": "Zona C - No regable", "distance_to_irrigable_m": 22, "sigpac_ref": "21:46:0:0:10:162:1", "sigpac_use": "IV", "sigpac_irrigation_coef": 0, "sigpac_url": "https://sigpac-hubcloud.es/servicioconsultassigpac/query/recinfo/21/46/0/0/10/162/1.json", "declared_greenhouse_share": 0.99, "declared_irrigated_share": 0.0, "lon": -6.724993, "lat": 37.246507}}, {"type": "Feature", "geometry": {"type": "MultiPolygon", "coordinates": [[[[-6.786971, 37.272331], [-6.787196, 37.272323], [-6.787201, 37.272413], [-6.787313, 37.27241], [-6.78734, 37.272949], [-6.787228, 37.272953], [-6.787133, 37.273316], [-6.787021, 37.27332], [-6.78703, 37.2735], [-6.786809, 37.273597], [-6.786818, 37.273777], [-6.786598, 37.273874], [-6.786602, 37.273964], [-6.786377, 37.273971], [-6.786373, 37.273881], [-6.786148, 37.273889], [-6.786143, 37.273799], [-6.78603, 37.273802], [-6.786008, 37.273352], [-6.78612, 37.273349], [-6.786102, 37.272989], [-6.786215, 37.272985], [-6.786206, 37.272806], [-6.786318, 37.272802], [-6.786305, 37.272532], [-6.786418, 37.272529], [-6.786404, 37.272259], [-6.786517, 37.272255], [-6.786503, 37.271985], [-6.786616, 37.271982], [-6.78662, 37.272072], [-6.786733, 37.272068], [-6.786737, 37.272158], [-6.78685, 37.272154], [-6.786854, 37.272244], [-6.786967, 37.272241], [-6.786971, 37.272331]]], [[[-6.786607, 37.271802], [-6.786719, 37.271798], [-6.786724, 37.271888], [-6.787174, 37.271874], [-6.787183, 37.272054], [-6.787412, 37.272136], [-6.787417, 37.272226], [-6.786967, 37.272241], [-6.786962, 37.272151], [-6.78685, 37.272154], [-6.786845, 37.272064], [-6.786733, 37.272068], [-6.786728, 37.271978], [-6.786616, 37.271982], [-6.786607, 37.271802]]]]}, "properties": {"id": "donana-2025-164210-4131870", "ha": 1.76, "plastic_dates": 4.2, "valid_dates": 10.7, "admin_zone": "Zona A", "plan_zone": "Zona A - Suelo Forestal", "distance_to_irrigable_m": 16, "sigpac_ref": "21:50:0:0:29:166:24", "sigpac_use": "IV", "sigpac_irrigation_coef": 100, "sigpac_url": "https://sigpac-hubcloud.es/servicioconsultassigpac/query/recinfo/21/50/0/0/29/166/24.json", "declared_greenhouse_share": 1.0, "declared_irrigated_share": 1.0, "lon": -6.786773, "lat": 37.272878}}, {"type": "Feature", "geometry": {"type": "Polygon", "coordinates": [[[-6.746162, 37.240478], [-6.746158, 37.240388], [-6.745595, 37.240406], [-6.745591, 37.240316], [-6.745366, 37.240323], [-6.745357, 37.240143], [-6.745582, 37.240136], [-6.745685, 37.239953], [-6.745798, 37.239949], [-6.745793, 37.239859], [-6.745906, 37.239856], [-6.745892, 37.239586], [-6.746342, 37.239572], [-6.746338, 37.239482], [-6.746563, 37.239475], [-6.746559, 37.239385], [-6.747009, 37.23937], [-6.747013, 37.23946], [-6.747692, 37.239529], [-6.747697, 37.239619], [-6.747922, 37.239612], [-6.747926, 37.239702], [-6.748039, 37.239698], [-6.748043, 37.239788], [-6.747706, 37.239799], [-6.74771, 37.239889], [-6.747935, 37.239882], [-6.748057, 37.240058], [-6.747607, 37.240072], [-6.747611, 37.240162], [-6.746824, 37.240187], [-6.746833, 37.240367], [-6.746612, 37.240464], [-6.746617, 37.240554], [-6.746162, 37.240478]]]}, "properties": {"id": "donana-2025-167610-4128070", "ha": 1.76, "plastic_dates": 6.5, "valid_dates": 10.5, "admin_zone": "Zona C", "plan_zone": "Zona C - No regable", "distance_to_irrigable_m": 13, "sigpac_ref": "21:46:0:0:16:5:10", "sigpac_use": "IV", "sigpac_irrigation_coef": 0, "sigpac_url": "https://sigpac-hubcloud.es/servicioconsultassigpac/query/recinfo/21/46/0/0/16/5/10.json", "declared_greenhouse_share": 1.0, "declared_irrigated_share": 0.0, "lon": -6.746813, "lat": 37.239962}}, {"type": "Feature", "geometry": {"type": "MultiPolygon", "coordinates": [[[[-6.766424, 37.251366], [-6.766455, 37.251996], [-6.766343, 37.251999], [-6.766334, 37.251819], [-6.766109, 37.251826], [-6.766104, 37.251737], [-6.765992, 37.25174], [-6.765987, 37.25165], [-6.7661, 37.251647], [-6.766095, 37.251557], [-6.766208, 37.251553], [-6.766199, 37.251373], [-6.766424, 37.251366]]], [[[-6.765024, 37.25042], [-6.765029, 37.25051], [-6.765141, 37.250506], [-6.765146, 37.250596], [-6.765258, 37.250592], [-6.765263, 37.250682], [-6.765375, 37.250679], [-6.76538, 37.250769], [-6.765605, 37.250761], [-6.765726, 37.250938], [-6.766289, 37.25092], [-6.766302, 37.25119], [-6.76619, 37.251193], [-6.766199, 37.251373], [-6.766086, 37.251377], [-6.766095, 37.251557], [-6.765983, 37.25156], [-6.765987, 37.25165], [-6.765762, 37.251657], [-6.765641, 37.251481], [-6.765528, 37.251485], [-6.765524, 37.251395], [-6.765299, 37.251402], [-6.765177, 37.251226], [-6.765065, 37.251229], [-6.76506, 37.251139], [-6.764948, 37.251143], [-6.764943, 37.251053], [-6.764718, 37.25106], [-6.764597, 37.250884], [-6.764142, 37.250808], [-6.764138, 37.250718], [-6.763912, 37.250725], [-6.763791, 37.250549], [-6.763904, 37.250545], [-6.763899, 37.250455], [-6.764012, 37.250452], [-6.764003, 37.250272], [-6.764223, 37.250175], [-6.764219, 37.250085], [-6.764444, 37.250078], [-6.764565, 37.250254], [-6.76479, 37.250247], [-6.764912, 37.250423], [-6.765024, 37.25042]], [[-6.764799, 37.250427], [-6.764808, 37.250607], [-6.764921, 37.250603], [-6.764912, 37.250423], [-6.764799, 37.250427]], [[-6.764696, 37.25061], [-6.7647, 37.2507], [-6.764813, 37.250697], [-6.764808, 37.250607], [-6.764696, 37.25061]], [[-6.764588, 37.250704], [-6.764592, 37.250794], [-6.764705, 37.25079], [-6.7647, 37.2507], [-6.764588, 37.250704]], [[-6.765285, 37.251132], [-6.76529, 37.251222], [-6.765402, 37.251218], [-6.765398, 37.251128], [-6.765285, 37.251132]], [[-6.76551, 37.251125], [-6.765506, 37.251035], [-6.765393, 37.251038], [-6.765398, 37.251128], [-6.76551, 37.251125]], [[-6.765609, 37.250851], [-6.765497, 37.250855], [-6.765501, 37.250945], [-6.765614, 37.250941], [-6.765609, 37.250851]]], [[[-6.763566, 37.250556], [-6.763561, 37.250466], [-6.763111, 37.25048], [-6.763107, 37.250391], [-6.763219, 37.250387], [-6.763215, 37.250297], [-6.763553, 37.250286], [-6.763557, 37.250376], [-6.763782, 37.250369], [-6.763791, 37.250549], [-6.763566, 37.250556]]]]}, "properties": {"id": "donana-2025-165960-4129370", "ha": 1.72, "plastic_dates": 6.2, "valid_dates": 10.1, "admin_zone": "Zona C", "plan_zone": "Zona C - No regable", "distance_to_irrigable_m": 16, "sigpac_ref": "21:50:0:0:31:23:111", "sigpac_use": "IV", "sigpac_irrigation_coef": 100, "sigpac_url": "https://sigpac-hubcloud.es/servicioconsultassigpac/query/recinfo/21/50/0/0/31/23/111.json", "declared_greenhouse_share": 0.99, "declared_irrigated_share": 0.99, "lon": -6.765902, "lat": 37.251067}}, {"type": "Feature", "geometry": {"type": "Polygon", "coordinates": [[[-6.774373, 37.234536], [-6.774252, 37.23436], [-6.77414, 37.234364], [-6.774131, 37.234184], [-6.774018, 37.234187], [-6.774009, 37.234007], [-6.774234, 37.234], [-6.77423, 37.23391], [-6.773892, 37.233921], [-6.773771, 37.233745], [-6.774108, 37.233734], [-6.774104, 37.233644], [-6.774216, 37.23364], [-6.774095, 37.233464], [-6.774207, 37.233461], [-6.774212, 37.233551], [-6.774999, 37.233525], [-6.774995, 37.233435], [-6.775332, 37.233425], [-6.775328, 37.233335], [-6.775552, 37.233328], [-6.775548, 37.233238], [-6.77566, 37.233234], [-6.775638, 37.232784], [-6.775751, 37.232781], [-6.77589, 37.233317], [-6.776002, 37.233313], [-6.776016, 37.233583], [-6.776128, 37.233579], [-6.776146, 37.233939], [-6.776034, 37.233943], [-6.776038, 37.234033], [-6.775701, 37.234043], [-6.775597, 37.234227], [-6.775368, 37.234144], [-6.775264, 37.234328], [-6.774594, 37.234439], [-6.774598, 37.234529], [-6.774373, 37.234536]], [[-6.774675, 37.233806], [-6.77445, 37.233813], [-6.774455, 37.233903], [-6.77468, 37.233896], [-6.774675, 37.233806]], [[-6.775224, 37.233518], [-6.775004, 37.233615], [-6.775008, 37.233705], [-6.774783, 37.233712], [-6.774788, 37.233802], [-6.775237, 37.233788], [-6.775224, 37.233518]]]}, "properties": {"id": "donana-2025-165020-4127470", "ha": 1.72, "plastic_dates": 4.8, "valid_dates": 9.8, "admin_zone": "Zona A", "plan_zone": "Zona A - Suelo Forestal", "distance_to_irrigable_m": 17, "sigpac_ref": "21:50:0:0:32:51:3", "sigpac_use": "IV", "sigpac_irrigation_coef": 100, "sigpac_url": "https://sigpac-hubcloud.es/servicioconsultassigpac/query/recinfo/21/50/0/0/32/51/3.json", "declared_greenhouse_share": 0.74, "declared_irrigated_share": 0.74, "lon": -6.775681, "lat": 37.233639}}, {"type": "Feature", "geometry": {"type": "MultiPolygon", "coordinates": [[[[-6.739333, 37.236821], [-6.73922, 37.236824], [-6.739216, 37.236734], [-6.738991, 37.236741], [-6.738995, 37.236831], [-6.738883, 37.236835], [-6.738878, 37.236745], [-6.738653, 37.236752], [-6.738662, 37.236932], [-6.738433, 37.236849], [-6.738428, 37.236759], [-6.738316, 37.236763], [-6.738312, 37.236673], [-6.738199, 37.236676], [-6.73819, 37.236496], [-6.738078, 37.2365], [-6.738073, 37.23641], [-6.738294, 37.236313], [-6.738289, 37.236223], [-6.738514, 37.236216], [-6.73851, 37.236126], [-6.738735, 37.236119], [-6.738739, 37.236209], [-6.738852, 37.236205], [-6.738856, 37.236295], [-6.738969, 37.236292], [-6.738973, 37.236382], [-6.739086, 37.236378], [-6.73909, 37.236468], [-6.739203, 37.236464], [-6.739207, 37.236554], [-6.73932, 37.236551], [-6.739324, 37.236641], [-6.739437, 37.236637], [-6.739333, 37.236821]]], [[[-6.738726, 37.235939], [-6.738946, 37.235842], [-6.738942, 37.235752], [-6.739055, 37.235748], [-6.73905, 37.235658], [-6.739275, 37.235651], [-6.739379, 37.235468], [-6.739491, 37.235464], [-6.739487, 37.235374], [-6.739599, 37.235371], [-6.739595, 37.235281], [-6.739707, 37.235277], [-6.739712, 37.235367], [-6.739824, 37.235364], [-6.739838, 37.235634], [-6.73995, 37.23563], [-6.739846, 37.235813], [-6.739959, 37.23581], [-6.739977, 37.23617], [-6.740089, 37.236166], [-6.740107, 37.236526], [-6.739995, 37.236529], [-6.739999, 37.236619], [-6.739437, 37.236637], [-6.739432, 37.236547], [-6.73932, 37.236551], [-6.739315, 37.236461], [-6.739203, 37.236464], [-6.739198, 37.236374], [-6.739086, 37.236378], [-6.739081, 37.236288], [-6.738969, 37.236292], [-6.738964, 37.236202], [-6.738852, 37.236205], [-6.738847, 37.236115], [-6.738735, 37.236119], [-6.738726, 37.235939]]]]}, "properties": {"id": "donana-2025-168250-4127620", "ha": 1.67, "plastic_dates": 5.3, "valid_dates": 8.5, "admin_zone": "Zona C", "plan_zone": "Zona C - No regable", "distance_to_irrigable_m": 18, "sigpac_ref": "21:46:0:0:16:6:42", "sigpac_use": "IV", "sigpac_irrigation_coef": 100, "sigpac_url": "https://sigpac-hubcloud.es/servicioconsultassigpac/query/recinfo/21/46/0/0/16/6/42.json", "declared_greenhouse_share": 1.0, "declared_irrigated_share": 1.0, "lon": -6.739412, "lat": 37.236142}}, {"type": "Feature", "geometry": {"type": "MultiPolygon", "coordinates": [[[[-6.738051, 37.23596], [-6.737938, 37.235964], [-6.737943, 37.236054], [-6.737718, 37.236061], [-6.737596, 37.235885], [-6.737484, 37.235888], [-6.73748, 37.235798], [-6.737367, 37.235802], [-6.737363, 37.235712], [-6.73725, 37.235715], [-6.737246, 37.235625], [-6.737133, 37.235629], [-6.737129, 37.235539], [-6.737016, 37.235543], [-6.737012, 37.235453], [-6.736899, 37.235456], [-6.736886, 37.235186], [-6.737111, 37.235179], [-6.737106, 37.235089], [-6.736881, 37.235096], [-6.736877, 37.235006], [-6.737215, 37.234996], [-6.737206, 37.234816], [-6.737426, 37.234719], [-6.737323, 37.234902], [-6.737435, 37.234899], [-6.737444, 37.235079], [-6.737669, 37.235071], [-6.737678, 37.235251], [-6.73779, 37.235248], [-6.737795, 37.235338], [-6.738249, 37.235413], [-6.73824, 37.235234], [-6.738353, 37.23523], [-6.738348, 37.23514], [-6.738236, 37.235144], [-6.738227, 37.234964], [-6.737998, 37.234881], [-6.737989, 37.234701], [-6.738101, 37.234697], [-6.738106, 37.234787], [-6.738331, 37.23478], [-6.738452, 37.234957], [-6.738673, 37.23486], [-6.738664, 37.23468], [-6.738776, 37.234676], [-6.738781, 37.234766], [-6.739006, 37.234759], [-6.73901, 37.234849], [-6.738785, 37.234856], [-6.738789, 37.234946], [-6.738677, 37.23495], [-6.738686, 37.235129], [-6.738798, 37.235126], [-6.738803, 37.235216], [-6.73914, 37.235205], [-6.739136, 37.235115], [-6.739361, 37.235108], [-6.739356, 37.235018], [-6.739469, 37.235015], [-6.73959, 37.235191], [-6.739478, 37.235194], [-6.739482, 37.235284], [-6.739257, 37.235292], [-6.739154, 37.235475], [-6.739041, 37.235479], [-6.739046, 37.235568], [-6.738933, 37.235572], [-6.738938, 37.235662], [-6.738713, 37.235669], [-6.738609, 37.235853], [-6.738496, 37.235856], [-6.738501, 37.235946], [-6.738271, 37.235863], [-6.738267, 37.235773], [-6.738155, 37.235777], [-6.738051, 37.23596]], [[-6.737219, 37.235086], [-6.737331, 37.235082], [-6.737327, 37.234992], [-6.737215, 37.234996], [-6.737219, 37.235086]], [[-6.737565, 37.235255], [-6.73757, 37.235345], [-6.737682, 37.235341], [-6.737678, 37.235251], [-6.737565, 37.235255]], [[-6.73815, 37.235687], [-6.738038, 37.23569], [-6.738042, 37.23578], [-6.738155, 37.235777], [-6.73815, 37.235687]], [[-6.738033, 37.2356], [-6.737921, 37.235604], [-6.737925, 37.235694], [-6.738038, 37.23569], [-6.738033, 37.2356]], [[-6.737916, 37.235514], [-6.737804, 37.235518], [-6.737808, 37.235608], [-6.737921, 37.235604], [-6.737916, 37.235514]], [[-6.737799, 37.235428], [-6.737687, 37.235431], [-6.737691, 37.235521], [-6.737804, 37.235518], [-6.737799, 37.235428]], [[-6.738704, 37.235489], [-6.738816, 37.235486], [-6.738812, 37.235396], [-6.738357, 37.23532], [-6.738479, 37.235496], [-6.738258, 37.235593], [-6.738263, 37.235683], [-6.7386, 37.235673], [-6.738704, 37.235489]], [[-6.737453, 37.235258], [-6.737228, 37.235266], [-6.737232, 37.235356], [-6.737457, 37.235348], [-6.737453, 37.235258]]], [[[-6.737755, 37.234528], [-6.737984, 37.234611], [-6.737989, 37.234701], [-6.737764, 37.234708], [-6.737642, 37.234532], [-6.737422, 37.234629], [-6.737417, 37.234539], [-6.73753, 37.234535], [-6.737525, 37.234445], [-6.73775, 37.234438], [-6.737755, 37.234528]]], [[[-6.737746, 37.234348], [-6.738308, 37.234331], [-6.738317, 37.23451], [-6.738205, 37.234514], [-6.7382, 37.234424], [-6.73775, 37.234438], [-6.737746, 37.234348]]], [[[-6.738128, 37.235237], [-6.738123, 37.235147], [-6.738236, 37.235144], [-6.73824, 37.235234], [-6.738128, 37.235237]]]]}, "properties": {"id": "donana-2025-168430-4127510", "ha": 1.63, "plastic_dates": 3.6, "valid_dates": 6.4, "admin_zone": "Zona C", "plan_zone": "Zona C - No regable", "distance_to_irrigable_m": 10, "sigpac_ref": "21:46:0:0:16:6:48", "sigpac_use": "IV", "sigpac_irrigation_coef": 100, "sigpac_url": "https://sigpac-hubcloud.es/servicioconsultassigpac/query/recinfo/21/46/0/0/16/6/48.json", "declared_greenhouse_share": 1.0, "declared_irrigated_share": 1.0, "lon": -6.737282, "lat": 37.235219}}, {"type": "Feature", "geometry": {"type": "MultiPolygon", "coordinates": [[[[-6.721145, 37.258746], [-6.72137, 37.258738], [-6.721374, 37.258828], [-6.721487, 37.258825], [-6.721478, 37.258645], [-6.721253, 37.258652], [-6.721248, 37.258562], [-6.721811, 37.258544], [-6.721816, 37.258634], [-6.722041, 37.258627], [-6.722045, 37.258717], [-6.72227, 37.25871], [-6.722275, 37.2588], [-6.7225, 37.258793], [-6.722508, 37.258973], [-6.722959, 37.258959], [-6.722967, 37.259139], [-6.722747, 37.259236], [-6.722756, 37.259416], [-6.722643, 37.259419], [-6.722648, 37.259509], [-6.722418, 37.259426], [-6.722414, 37.259336], [-6.722301, 37.25934], [-6.722297, 37.25925], [-6.722184, 37.259253], [-6.72218, 37.259163], [-6.722067, 37.259167], [-6.722063, 37.259077], [-6.72195, 37.259081], [-6.721946, 37.258991], [-6.721721, 37.258998], [-6.721716, 37.258908], [-6.721266, 37.258922], [-6.721262, 37.258832], [-6.721149, 37.258835], [-6.721145, 37.258746]]], [[[-6.721959, 37.25926], [-6.721847, 37.259264], [-6.721851, 37.259354], [-6.721171, 37.259285], [-6.721167, 37.259195], [-6.721054, 37.259199], [-6.721059, 37.259289], [-6.720834, 37.259296], [-6.720829, 37.259206], [-6.720267, 37.259224], [-6.720245, 37.258774], [-6.720357, 37.25877], [-6.720353, 37.25868], [-6.720015, 37.258691], [-6.720011, 37.258601], [-6.720123, 37.258598], [-6.72011, 37.258328], [-6.720339, 37.258411], [-6.72033, 37.258231], [-6.720556, 37.258224], [-6.720564, 37.258403], [-6.720677, 37.2584], [-6.720668, 37.25822], [-6.720893, 37.258213], [-6.720906, 37.258483], [-6.721019, 37.258479], [-6.721037, 37.258839], [-6.721149, 37.258835], [-6.721154, 37.258925], [-6.720929, 37.258933], [-6.720933, 37.259022], [-6.721721, 37.258998], [-6.721725, 37.259088], [-6.72195, 37.259081], [-6.721959, 37.25926]], [[-6.720478, 37.258947], [-6.720366, 37.25895], [-6.720375, 37.25913], [-6.720487, 37.259127], [-6.720478, 37.258947]], [[-6.720573, 37.258583], [-6.720348, 37.25859], [-6.72047, 37.258767], [-6.720582, 37.258763], [-6.720573, 37.258583]], [[-6.720911, 37.258573], [-6.720798, 37.258576], [-6.720803, 37.258666], [-6.720915, 37.258663], [-6.720911, 37.258573]]]]}, "properties": {"id": "donana-2025-169900-4130080", "ha": 1.62, "plastic_dates": 4.9, "valid_dates": 8.6, "admin_zone": "Zona C", "plan_zone": "Zona C - No regable", "distance_to_irrigable_m": 21, "sigpac_ref": "21:46:0:0:10:65:19", "sigpac_use": "IV", "sigpac_irrigation_coef": 100, "sigpac_url": "https://sigpac-hubcloud.es/servicioconsultassigpac/query/recinfo/21/46/0/0/10/65/19.json", "declared_greenhouse_share": 1.0, "declared_irrigated_share": 0.8, "lon": -6.721883, "lat": 37.258857}}, {"type": "Feature", "geometry": {"type": "Polygon", "coordinates": [[[-6.710942, 37.271318], [-6.710821, 37.271142], [-6.710708, 37.271146], [-6.710704, 37.271056], [-6.710592, 37.271059], [-6.710695, 37.270876], [-6.710583, 37.270879], [-6.710569, 37.270609], [-6.710457, 37.270613], [-6.710452, 37.270523], [-6.710565, 37.270519], [-6.710561, 37.270429], [-6.710786, 37.270422], [-6.710889, 37.270239], [-6.711002, 37.270235], [-6.710998, 37.270145], [-6.71111, 37.270142], [-6.711106, 37.270052], [-6.711331, 37.270045], [-6.711326, 37.269955], [-6.712227, 37.269927], [-6.712366, 37.270463], [-6.712145, 37.27056], [-6.712163, 37.27092], [-6.711825, 37.27093], [-6.71183, 37.27102], [-6.711604, 37.271027], [-6.711609, 37.271117], [-6.711384, 37.271124], [-6.711388, 37.271214], [-6.711163, 37.271221], [-6.711168, 37.271311], [-6.710942, 37.271318]], [[-6.711907, 37.270297], [-6.712132, 37.27029], [-6.712119, 37.27002], [-6.712006, 37.270024], [-6.71201, 37.270114], [-6.711673, 37.270124], [-6.711677, 37.270214], [-6.71179, 37.270211], [-6.711799, 37.270391], [-6.711911, 37.270387], [-6.711907, 37.270297]]]}, "properties": {"id": "donana-2025-170890-4131360", "ha": 1.6, "plastic_dates": 4.7, "valid_dates": 9.4, "admin_zone": "Zona A", "plan_zone": "Zona A - Suelo Forestal", "distance_to_irrigable_m": 21, "sigpac_ref": "21:46:0:0:9:68:2", "sigpac_use": "IV", "sigpac_irrigation_coef": 100, "sigpac_url": "https://sigpac-hubcloud.es/servicioconsultassigpac/query/recinfo/21/46/0/0/9/68/2.json", "declared_greenhouse_share": 1.0, "declared_irrigated_share": 1.0, "lon": -6.711364, "lat": 37.27072}}, {"type": "Feature", "geometry": {"type": "Polygon", "coordinates": [[[-6.703185, 37.294715], [-6.703158, 37.294175], [-6.703271, 37.294171], [-6.703262, 37.293992], [-6.703375, 37.293988], [-6.703366, 37.293808], [-6.703478, 37.293805], [-6.703456, 37.293355], [-6.703677, 37.293258], [-6.703668, 37.293078], [-6.703889, 37.292981], [-6.703884, 37.292891], [-6.704114, 37.292974], [-6.704218, 37.29279], [-6.70433, 37.292787], [-6.704326, 37.292697], [-6.704439, 37.292693], [-6.70443, 37.292513], [-6.704655, 37.292506], [-6.704668, 37.292776], [-6.704893, 37.292769], [-6.704898, 37.292859], [-6.70501, 37.292856], [-6.705019, 37.293036], [-6.704907, 37.293039], [-6.70492, 37.293309], [-6.704807, 37.293312], [-6.704821, 37.293582], [-6.7046, 37.293679], [-6.704514, 37.294223], [-6.704289, 37.29423], [-6.704275, 37.29396], [-6.703712, 37.293977], [-6.703721, 37.294157], [-6.7035, 37.294254], [-6.703509, 37.294434], [-6.703288, 37.294531], [-6.703297, 37.294711], [-6.703185, 37.294715]], [[-6.704236, 37.29315], [-6.70401, 37.293157], [-6.703915, 37.293521], [-6.703695, 37.293618], [-6.703699, 37.293708], [-6.703586, 37.293711], [-6.703708, 37.293887], [-6.70382, 37.293884], [-6.704236, 37.29315]], [[-6.704699, 37.293406], [-6.704587, 37.293409], [-6.704591, 37.293499], [-6.704704, 37.293496], [-6.704699, 37.293406]]]}, "properties": {"id": "donana-2025-171610-4133880", "ha": 1.59, "plastic_dates": 6.2, "valid_dates": 11.1, "admin_zone": "Zona C", "plan_zone": "Zona C - No regable", "distance_to_irrigable_m": 13, "sigpac_ref": "21:46:0:0:8:245:4", "sigpac_use": "IV", "sigpac_irrigation_coef": 52, "sigpac_url": "https://sigpac-hubcloud.es/servicioconsultassigpac/query/recinfo/21/46/0/0/8/245/4.json", "declared_greenhouse_share": 0.99, "declared_irrigated_share": 0.99, "lon": -6.704316, "lat": 37.293643}}, {"type": "Feature", "geometry": {"type": "Polygon", "coordinates": [[[-6.696302, 37.287723], [-6.696297, 37.287633], [-6.696185, 37.287636], [-6.696176, 37.287457], [-6.696397, 37.28736], [-6.696492, 37.286996], [-6.696713, 37.286899], [-6.696699, 37.286629], [-6.696812, 37.286626], [-6.696816, 37.286716], [-6.697379, 37.286698], [-6.69737, 37.286518], [-6.696807, 37.286536], [-6.696803, 37.286446], [-6.697028, 37.286439], [-6.696907, 37.286263], [-6.697019, 37.286259], [-6.697015, 37.286169], [-6.69724, 37.286162], [-6.697119, 37.285986], [-6.697231, 37.285982], [-6.697218, 37.285712], [-6.698128, 37.285864], [-6.698136, 37.286044], [-6.698249, 37.28604], [-6.698253, 37.28613], [-6.698141, 37.286134], [-6.69815, 37.286314], [-6.698037, 37.286317], [-6.698046, 37.286497], [-6.697821, 37.286504], [-6.697829, 37.286684], [-6.697717, 37.286688], [-6.697721, 37.286778], [-6.697384, 37.286788], [-6.697388, 37.286878], [-6.697501, 37.286875], [-6.697509, 37.287055], [-6.697397, 37.287058], [-6.697406, 37.287238], [-6.697293, 37.287241], [-6.697302, 37.287421], [-6.697189, 37.287425], [-6.697194, 37.287515], [-6.696743, 37.287529], [-6.696739, 37.287439], [-6.696514, 37.287446], [-6.69641, 37.287629], [-6.696523, 37.287626], [-6.696527, 37.287716], [-6.696302, 37.287723]], [[-6.697271, 37.286792], [-6.697158, 37.286795], [-6.697163, 37.286885], [-6.697275, 37.286882], [-6.697271, 37.286792]], [[-6.697573, 37.286062], [-6.697348, 37.286069], [-6.697353, 37.286159], [-6.697578, 37.286151], [-6.697573, 37.286062]]]}, "properties": {"id": "donana-2025-172210-4133090", "ha": 1.58, "plastic_dates": 4.4, "valid_dates": 9.7, "admin_zone": "Zona C", "plan_zone": "Zona C - No regable", "distance_to_irrigable_m": 20, "sigpac_ref": "21:14:0:0:16:131:4", "sigpac_use": "IV", "sigpac_irrigation_coef": 0, "sigpac_url": "https://sigpac-hubcloud.es/servicioconsultassigpac/query/recinfo/21/14/0/0/16/131/4.json", "declared_greenhouse_share": 1.0, "declared_irrigated_share": 0.0, "lon": -6.697213, "lat": 37.286748}}, {"type": "Feature", "geometry": {"type": "MultiPolygon", "coordinates": [[[[-6.616272, 37.241188], [-6.616497, 37.241181], [-6.616601, 37.240998], [-6.616826, 37.240991], [-6.61693, 37.240808], [-6.617043, 37.240804], [-6.617038, 37.240714], [-6.617601, 37.240697], [-6.617597, 37.240607], [-6.617709, 37.240604], [-6.61783, 37.24078], [-6.617943, 37.240777], [-6.617956, 37.241047], [-6.617735, 37.241144], [-6.617739, 37.241234], [-6.617964, 37.241227], [-6.617973, 37.241407], [-6.618086, 37.241403], [-6.618099, 37.241673], [-6.617873, 37.24168], [-6.61777, 37.241863], [-6.617657, 37.241867], [-6.617661, 37.241957], [-6.617436, 37.241964], [-6.617445, 37.242143], [-6.616999, 37.242247], [-6.617003, 37.242337], [-6.616778, 37.242344], [-6.61677, 37.242164], [-6.61654, 37.242081], [-6.616532, 37.241901], [-6.616419, 37.241905], [-6.616411, 37.241725], [-6.616631, 37.241628], [-6.616649, 37.241988], [-6.616874, 37.241981], [-6.616869, 37.241891], [-6.616982, 37.241887], [-6.616986, 37.241977], [-6.617211, 37.24197], [-6.617207, 37.24188], [-6.617094, 37.241884], [-6.617082, 37.241614], [-6.616852, 37.241531], [-6.616844, 37.241351], [-6.616731, 37.241354], [-6.616727, 37.241265], [-6.616506, 37.241361], [-6.616502, 37.241271], [-6.616277, 37.241278], [-6.616272, 37.241188]], [[-6.617307, 37.241607], [-6.617294, 37.241337], [-6.617069, 37.241344], [-6.617082, 37.241614], [-6.617307, 37.241607]], [[-6.617744, 37.241323], [-6.617519, 37.24133], [-6.617523, 37.24142], [-6.617748, 37.241413], [-6.617744, 37.241323]], [[-6.617389, 37.240974], [-6.617276, 37.240977], [-6.617281, 37.241067], [-6.617393, 37.241064], [-6.617389, 37.240974]]], [[[-6.616186, 37.241732], [-6.616056, 37.241375], [-6.616277, 37.241278], [-6.616281, 37.241368], [-6.616168, 37.241372], [-6.616177, 37.241552], [-6.616406, 37.241635], [-6.616411, 37.241725], [-6.616186, 37.241732]]]]}, "properties": {"id": "donana-2025-179070-4127790", "ha": 1.58, "plastic_dates": 3.9, "valid_dates": 6.0, "admin_zone": "Zona C", "plan_zone": "Zona C - No regable", "distance_to_irrigable_m": 19, "sigpac_ref": "21:5:0:0:40:28:47", "sigpac_use": "IV", "sigpac_irrigation_coef": 30, "sigpac_url": "https://sigpac-hubcloud.es/servicioconsultassigpac/query/recinfo/21/5/0/0/40/28/47.json", "declared_greenhouse_share": 0.99, "declared_irrigated_share": 1.0, "lon": -6.617694, "lat": 37.24146}}, {"type": "Feature", "geometry": {"type": "MultiPolygon", "coordinates": [[[[-6.736173, 37.238993], [-6.73606, 37.238996], [-6.736065, 37.239086], [-6.735727, 37.239097], [-6.735723, 37.239007], [-6.735498, 37.239014], [-6.735502, 37.239104], [-6.73539, 37.239107], [-6.735381, 37.238928], [-6.735156, 37.238935], [-6.735151, 37.238845], [-6.735372, 37.238748], [-6.735367, 37.238658], [-6.73548, 37.238654], [-6.735475, 37.238564], [-6.735588, 37.238561], [-6.735583, 37.238471], [-6.735696, 37.238467], [-6.7357, 37.238557], [-6.735813, 37.238554], [-6.735817, 37.238643], [-6.73593, 37.23864], [-6.735934, 37.23873], [-6.736047, 37.238726], [-6.736051, 37.238816], [-6.736164, 37.238813], [-6.736173, 37.238993]], [[-6.735484, 37.238744], [-6.735597, 37.238741], [-6.735592, 37.238651], [-6.73548, 37.238654], [-6.735484, 37.238744]]], [[[-6.737033, 37.238155], [-6.737145, 37.238151], [-6.737154, 37.238331], [-6.737042, 37.238335], [-6.737046, 37.238424], [-6.736821, 37.238432], [-6.736825, 37.238522], [-6.7366, 37.238529], [-6.736497, 37.238712], [-6.736384, 37.238716], [-6.736389, 37.238806], [-6.736164, 37.238813], [-6.736159, 37.238723], [-6.736047, 37.238726], [-6.736042, 37.238636], [-6.73593, 37.23864], [-6.735925, 37.23855], [-6.735813, 37.238554], [-6.735808, 37.238464], [-6.735696, 37.238467], [-6.735692, 37.238377], [-6.735917, 37.23837], [-6.73602, 37.238187], [-6.736133, 37.238183], [-6.736124, 37.238003], [-6.736236, 37.238], [-6.736232, 37.23791], [-6.736457, 37.237903], [-6.73656, 37.237719], [-6.736673, 37.237716], [-6.736664, 37.237536], [-6.736885, 37.237439], [-6.73688, 37.237349], [-6.736993, 37.237345], [-6.736988, 37.237255], [-6.737213, 37.237248], [-6.737335, 37.237424], [-6.737447, 37.237421], [-6.737452, 37.237511], [-6.737564, 37.237507], [-6.737568, 37.237597], [-6.737348, 37.237694], [-6.737253, 37.238058], [-6.737028, 37.238065], [-6.737033, 37.238155]], [[-6.737024, 37.237975], [-6.736911, 37.237978], [-6.736916, 37.238068], [-6.737028, 37.238065], [-6.737024, 37.237975]]]]}, "properties": {"id": "donana-2025-168510-4127840", "ha": 1.57, "plastic_dates": 3.9, "valid_dates": 9.1, "admin_zone": "Zona A", "plan_zone": "Zona A - Suelo Forestal", "distance_to_irrigable_m": 100, "sigpac_ref": "21:46:0:0:16:6:12", "sigpac_use": "IV", "sigpac_irrigation_coef": 100, "sigpac_url": "https://sigpac-hubcloud.es/servicioconsultassigpac/query/recinfo/21/46/0/0/16/6/12.json", "declared_greenhouse_share": 1.0, "declared_irrigated_share": 1.0, "lon": -6.736585, "lat": 37.238214}}, {"type": "Feature", "geometry": {"type": "Polygon", "coordinates": [[[-6.736302, 37.248448], [-6.736298, 37.248358], [-6.735848, 37.248372], [-6.735843, 37.248282], [-6.735731, 37.248286], [-6.735704, 37.247746], [-6.735591, 37.24775], [-6.735578, 37.24748], [-6.735465, 37.247483], [-6.735461, 37.247393], [-6.735686, 37.247386], [-6.735677, 37.247206], [-6.736015, 37.247196], [-6.736019, 37.247286], [-6.736919, 37.247257], [-6.736924, 37.247347], [-6.737036, 37.247344], [-6.737045, 37.247523], [-6.737158, 37.24752], [-6.737149, 37.24734], [-6.737261, 37.247336], [-6.73727, 37.247516], [-6.737495, 37.247509], [-6.7375, 37.247599], [-6.737612, 37.247596], [-6.737621, 37.247776], [-6.737396, 37.247783], [-6.737392, 37.247693], [-6.737279, 37.247696], [-6.737284, 37.247786], [-6.737171, 37.24779], [-6.737167, 37.2477], [-6.736942, 37.247707], [-6.736946, 37.247797], [-6.736833, 37.2478], [-6.736842, 37.24798], [-6.736955, 37.247977], [-6.736968, 37.248247], [-6.736856, 37.24825], [-6.73686, 37.24834], [-6.736523, 37.248351], [-6.736527, 37.248441], [-6.736302, 37.248448]]]}, "properties": {"id": "donana-2025-168580-4128920", "ha": 1.56, "plastic_dates": 3.0, "valid_dates": 7.9, "admin_zone": "Zona C", "plan_zone": "Zona C - No regable", "distance_to_irrigable_m": 18, "sigpac_ref": "21:46:0:0:16:1:78", "sigpac_use": "IV", "sigpac_irrigation_coef": 0, "sigpac_url": "https://sigpac-hubcloud.es/servicioconsultassigpac/query/recinfo/21/46/0/0/16/1/78.json", "declared_greenhouse_share": 0.99, "declared_irrigated_share": 0.0, "lon": -6.736275, "lat": 37.247908}}, {"type": "Feature", "geometry": {"type": "MultiPolygon", "coordinates": [[[[-6.721877, 37.285029], [-6.722102, 37.285021], [-6.722106, 37.285111], [-6.722219, 37.285108], [-6.722088, 37.284752], [-6.722201, 37.284748], [-6.722188, 37.284478], [-6.722075, 37.284482], [-6.722071, 37.284392], [-6.722183, 37.284388], [-6.722305, 37.284565], [-6.722417, 37.284561], [-6.722422, 37.284651], [-6.722534, 37.284647], [-6.722539, 37.284737], [-6.722651, 37.284734], [-6.722557, 37.285097], [-6.722444, 37.285101], [-6.722453, 37.285281], [-6.721998, 37.285205], [-6.721994, 37.285115], [-6.721773, 37.285212], [-6.721877, 37.285029]]], [[[-6.721832, 37.284129], [-6.721945, 37.284125], [-6.721949, 37.284215], [-6.721612, 37.284226], [-6.721625, 37.284496], [-6.721512, 37.284499], [-6.72153, 37.284859], [-6.721305, 37.284866], [-6.721426, 37.285043], [-6.721201, 37.28505], [-6.721206, 37.28514], [-6.721318, 37.285136], [-6.721323, 37.285226], [-6.721773, 37.285212], [-6.721777, 37.285302], [-6.720877, 37.28533], [-6.720872, 37.28524], [-6.720647, 37.285247], [-6.720638, 37.285068], [-6.720859, 37.28497], [-6.720855, 37.284881], [-6.720967, 37.284877], [-6.720963, 37.284787], [-6.721075, 37.284783], [-6.721058, 37.284424], [-6.72117, 37.28442], [-6.721161, 37.28424], [-6.721382, 37.284143], [-6.721373, 37.283963], [-6.721711, 37.283953], [-6.721832, 37.284129]], [[-6.721391, 37.284323], [-6.721503, 37.28432], [-6.721495, 37.28414], [-6.721274, 37.284237], [-6.721283, 37.284417], [-6.721395, 37.284413], [-6.721391, 37.284323]]], [[[-6.721698, 37.283683], [-6.72181, 37.283679], [-6.721806, 37.283589], [-6.722031, 37.283582], [-6.722035, 37.283672], [-6.722148, 37.283669], [-6.722157, 37.283849], [-6.722382, 37.283841], [-6.722391, 37.284021], [-6.72262, 37.284104], [-6.722625, 37.284194], [-6.72285, 37.284187], [-6.722971, 37.284363], [-6.723084, 37.28436], [-6.723088, 37.28445], [-6.723201, 37.284446], [-6.723205, 37.284536], [-6.722985, 37.284633], [-6.72298, 37.284543], [-6.722642, 37.284554], [-6.722634, 37.284374], [-6.722521, 37.284378], [-6.722517, 37.284288], [-6.722291, 37.284295], [-6.72217, 37.284118], [-6.722057, 37.284122], [-6.722053, 37.284032], [-6.72194, 37.284036], [-6.721936, 37.283946], [-6.721711, 37.283953], [-6.721698, 37.283683]], [[-6.722859, 37.284367], [-6.722746, 37.284371], [-6.722751, 37.28446], [-6.722863, 37.284457], [-6.722859, 37.284367]], [[-6.72204, 37.283762], [-6.721927, 37.283766], [-6.721932, 37.283856], [-6.722044, 37.283852], [-6.72204, 37.283762]]]]}, "properties": {"id": "donana-2025-170060-4132920", "ha": 1.45, "plastic_dates": 4.8, "valid_dates": 5.8, "admin_zone": "Zona C", "plan_zone": "Zona C - No regable", "distance_to_irrigable_m": 22, "sigpac_ref": "21:46:0:0:23:294:11", "sigpac_use": "IV", "sigpac_irrigation_coef": 0, "sigpac_url": "https://sigpac-hubcloud.es/servicioconsultassigpac/query/recinfo/21/46/0/0/23/294/11.json", "declared_greenhouse_share": 1.0, "declared_irrigated_share": 0.0, "lon": -6.721341, "lat": 37.28446}}, {"type": "Feature", "geometry": {"type": "Polygon", "coordinates": [[[-6.688398, 37.280582], [-6.688394, 37.280492], [-6.688169, 37.2805], [-6.688164, 37.28041], [-6.687602, 37.280427], [-6.687597, 37.280337], [-6.686809, 37.280362], [-6.686688, 37.280185], [-6.686575, 37.280189], [-6.686558, 37.279829], [-6.686445, 37.279833], [-6.686436, 37.279653], [-6.686549, 37.279649], [-6.686545, 37.279559], [-6.686432, 37.279563], [-6.686428, 37.279473], [-6.687103, 37.279452], [-6.687107, 37.279542], [-6.687332, 37.279535], [-6.687337, 37.279625], [-6.687112, 37.279632], [-6.687121, 37.279811], [-6.687008, 37.279815], [-6.687012, 37.279905], [-6.687463, 37.279891], [-6.687467, 37.279981], [-6.68758, 37.279977], [-6.687562, 37.279618], [-6.687675, 37.279614], [-6.687688, 37.279884], [-6.688138, 37.27987], [-6.688242, 37.279686], [-6.688805, 37.279669], [-6.688701, 37.279852], [-6.688813, 37.279849], [-6.688844, 37.280478], [-6.688732, 37.280482], [-6.688736, 37.280572], [-6.688398, 37.280582]], [[-6.688264, 37.280136], [-6.688151, 37.28014], [-6.688156, 37.28023], [-6.688268, 37.280226], [-6.688264, 37.280136]], [[-6.687809, 37.28006], [-6.687471, 37.280071], [-6.68748, 37.280251], [-6.687818, 37.28024], [-6.687809, 37.28006]], [[-6.687359, 37.280074], [-6.687021, 37.280085], [-6.68703, 37.280265], [-6.687255, 37.280258], [-6.687359, 37.280074]], [[-6.686995, 37.279545], [-6.686882, 37.279549], [-6.686887, 37.279639], [-6.686999, 37.279635], [-6.686995, 37.279545]]]}, "properties": {"id": "donana-2025-173030-4132310", "ha": 1.45, "plastic_dates": 3.3, "valid_dates": 8.7, "admin_zone": "Zona C", "plan_zone": "Zona C - No regable", "distance_to_irrigable_m": 331, "sigpac_ref": "21:14:0:0:15:15:27", "sigpac_use": "TA", "sigpac_irrigation_coef": 100, "sigpac_url": "https://sigpac-hubcloud.es/servicioconsultassigpac/query/recinfo/21/14/0/0/15/15/27.json", "declared_greenhouse_share": 0.0, "declared_irrigated_share": 1.0, "lon": -6.687694, "lat": 37.280019}}, {"type": "Feature", "geometry": {"type": "Polygon", "coordinates": [[[-6.733582, 37.280065], [-6.733596, 37.280335], [-6.733708, 37.280331], [-6.733713, 37.280421], [-6.7336, 37.280425], [-6.733609, 37.280605], [-6.73338, 37.280522], [-6.733393, 37.280792], [-6.732605, 37.280816], [-6.73256, 37.279917], [-6.732448, 37.279921], [-6.732439, 37.279741], [-6.731989, 37.279755], [-6.731975, 37.279485], [-6.732196, 37.279388], [-6.732187, 37.279208], [-6.7323, 37.279204], [-6.732295, 37.279115], [-6.73252, 37.279107], [-6.732642, 37.279284], [-6.732754, 37.27928], [-6.732763, 37.27946], [-6.732993, 37.279543], [-6.732997, 37.279633], [-6.733222, 37.279626], [-6.733344, 37.279802], [-6.733456, 37.279799], [-6.73347, 37.280068], [-6.733582, 37.280065]], [[-6.732885, 37.279636], [-6.732889, 37.279726], [-6.733002, 37.279723], [-6.732997, 37.279633], [-6.732885, 37.279636]], [[-6.733231, 37.279806], [-6.733236, 37.279896], [-6.733348, 37.279892], [-6.733344, 37.279802], [-6.733231, 37.279806]], [[-6.733357, 37.280072], [-6.733362, 37.280162], [-6.733474, 37.280158], [-6.73347, 37.280068], [-6.733357, 37.280072]]]}, "properties": {"id": "donana-2025-169010-4132470", "ha": 1.43, "plastic_dates": 3.7, "valid_dates": 6.7, "admin_zone": "Zona C", "plan_zone": "Zona C - No regable", "distance_to_irrigable_m": 12, "sigpac_ref": "21:46:0:0:25:26:10", "sigpac_use": "IV", "sigpac_irrigation_coef": 0, "sigpac_url": "https://sigpac-hubcloud.es/servicioconsultassigpac/query/recinfo/21/46/0/0/25/26/10.json", "declared_greenhouse_share": 1.0, "declared_irrigated_share": 0.0, "lon": -6.733015, "lat": 37.279993}}, {"type": "Feature", "geometry": {"type": "Polygon", "coordinates": [[[-6.802079, 37.223109], [-6.802084, 37.223198], [-6.801971, 37.223202], [-6.801962, 37.223022], [-6.800612, 37.223066], [-6.800617, 37.223156], [-6.800505, 37.223159], [-6.800482, 37.222709], [-6.800702, 37.222612], [-6.800693, 37.222432], [-6.800806, 37.222429], [-6.800797, 37.222249], [-6.800909, 37.222245], [-6.800905, 37.222155], [-6.801242, 37.222145], [-6.801247, 37.222234], [-6.801359, 37.222231], [-6.801355, 37.222141], [-6.801467, 37.222137], [-6.801589, 37.222314], [-6.802263, 37.222292], [-6.802281, 37.222652], [-6.802394, 37.222648], [-6.802417, 37.223098], [-6.802304, 37.223101], [-6.802309, 37.223191], [-6.802079, 37.223109]]]}, "properties": {"id": "donana-2025-162680-4126370", "ha": 1.42, "plastic_dates": 6.5, "valid_dates": 10.8, "admin_zone": "Zona C", "plan_zone": "Zona C - No regable", "distance_to_irrigable_m": 26, "sigpac_ref": "21:50:0:0:33:31:1", "sigpac_use": "IV", "sigpac_irrigation_coef": 0, "sigpac_url": "https://sigpac-hubcloud.es/servicioconsultassigpac/query/recinfo/21/50/0/0/33/31/1.json", "declared_greenhouse_share": 0.99, "declared_irrigated_share": 0.0, "lon": -6.801447, "lat": 37.222859}}, {"type": "Feature", "geometry": {"type": "Polygon", "coordinates": [[[-6.784861, 37.2842], [-6.784856, 37.28411], [-6.784406, 37.284124], [-6.784402, 37.284034], [-6.784176, 37.284041], [-6.78428, 37.283858], [-6.784393, 37.283854], [-6.784384, 37.283674], [-6.784604, 37.283577], [-6.7846, 37.283487], [-6.784712, 37.283484], [-6.784708, 37.283394], [-6.785617, 37.283545], [-6.785626, 37.283725], [-6.785514, 37.283728], [-6.785527, 37.283998], [-6.78564, 37.283995], [-6.785649, 37.284174], [-6.785874, 37.284167], [-6.786005, 37.284523], [-6.786117, 37.28452], [-6.786122, 37.28461], [-6.786009, 37.284613], [-6.786018, 37.284793], [-6.785568, 37.284808], [-6.785563, 37.284718], [-6.785451, 37.284721], [-6.785455, 37.284811], [-6.784892, 37.284829], [-6.784879, 37.284559], [-6.784991, 37.284556], [-6.784973, 37.284196], [-6.784861, 37.2842]], [[-6.785086, 37.284192], [-6.785077, 37.284013], [-6.784964, 37.284016], [-6.784973, 37.284196], [-6.785086, 37.284192]], [[-6.785658, 37.284354], [-6.785545, 37.284358], [-6.785554, 37.284538], [-6.785667, 37.284534], [-6.785658, 37.284354]], [[-6.785171, 37.283649], [-6.785059, 37.283653], [-6.785068, 37.283833], [-6.785181, 37.283829], [-6.785171, 37.283649]]]}, "properties": {"id": "donana-2025-164380-4133110", "ha": 1.39, "plastic_dates": 5.7, "valid_dates": 9.1, "admin_zone": "Zona A", "plan_zone": "Zona A - Suelo Forestal", "distance_to_irrigable_m": 17, "sigpac_ref": "21:50:0:0:10:75:4", "sigpac_use": "IV", "sigpac_irrigation_coef": 100, "sigpac_url": "https://sigpac-hubcloud.es/servicioconsultassigpac/query/recinfo/21/50/0/0/10/75/4.json", "declared_greenhouse_share": 1.0, "declared_irrigated_share": 1.0, "lon": -6.785365, "lat": 37.284138}}, {"type": "Feature", "geometry": {"type": "Polygon", "coordinates": [[[-6.765967, 37.239939], [-6.765845, 37.239763], [-6.765733, 37.239767], [-6.765729, 37.239677], [-6.765504, 37.239684], [-6.765382, 37.239508], [-6.765157, 37.239515], [-6.765153, 37.239425], [-6.764928, 37.239432], [-6.764806, 37.239256], [-6.764581, 37.239263], [-6.764577, 37.239173], [-6.764127, 37.239187], [-6.764113, 37.238917], [-6.764334, 37.23882], [-6.76432, 37.23855], [-6.764545, 37.238543], [-6.764541, 37.238453], [-6.764653, 37.23845], [-6.764775, 37.238626], [-6.764887, 37.238622], [-6.764892, 37.238712], [-6.765117, 37.238705], [-6.765238, 37.238881], [-6.765351, 37.238878], [-6.765355, 37.238968], [-6.765468, 37.238964], [-6.765472, 37.239054], [-6.765585, 37.239051], [-6.765589, 37.239141], [-6.765702, 37.239137], [-6.765706, 37.239227], [-6.766161, 37.239303], [-6.766282, 37.239479], [-6.766395, 37.239475], [-6.766399, 37.239565], [-6.766512, 37.239562], [-6.76652, 37.239742], [-6.766291, 37.239659], [-6.766295, 37.239749], [-6.766183, 37.239752], [-6.766187, 37.239842], [-6.766412, 37.239835], [-6.766421, 37.240015], [-6.765967, 37.239939]]]}, "properties": {"id": "donana-2025-165960-4128060", "ha": 1.36, "plastic_dates": 6.6, "valid_dates": 11.9, "admin_zone": "Zona C", "plan_zone": "Zona C - No regable", "distance_to_irrigable_m": 16, "sigpac_ref": "21:50:0:0:32:65:3", "sigpac_use": "IV", "sigpac_irrigation_coef": 100, "sigpac_url": "https://sigpac-hubcloud.es/servicioconsultassigpac/query/recinfo/21/50/0/0/32/65/3.json", "declared_greenhouse_share": 0.98, "declared_irrigated_share": 0.98, "lon": -6.765371, "lat": 37.239283}}, {"type": "Feature", "geometry": {"type": "Polygon", "coordinates": [[[-6.785917, 37.260293], [-6.785687, 37.26021], [-6.785669, 37.25985], [-6.785782, 37.259847], [-6.785786, 37.259937], [-6.786124, 37.259926], [-6.786119, 37.259836], [-6.786457, 37.259825], [-6.786452, 37.259735], [-6.786677, 37.259728], [-6.786673, 37.259638], [-6.786898, 37.259631], [-6.786893, 37.259541], [-6.787123, 37.259623], [-6.787132, 37.259803], [-6.787245, 37.2598], [-6.787249, 37.25989], [-6.787028, 37.259987], [-6.787033, 37.260077], [-6.78692, 37.26008], [-6.786925, 37.26017], [-6.786812, 37.260174], [-6.786821, 37.260354], [-6.786601, 37.260451], [-6.786605, 37.260541], [-6.786493, 37.260545], [-6.786497, 37.260634], [-6.785827, 37.260746], [-6.785831, 37.260836], [-6.785606, 37.260843], [-6.785611, 37.260933], [-6.785273, 37.260944], [-6.785278, 37.261034], [-6.784827, 37.261048], [-6.784823, 37.260958], [-6.784936, 37.260955], [-6.784927, 37.260775], [-6.785039, 37.260771], [-6.785035, 37.260681], [-6.785147, 37.260678], [-6.785242, 37.260314], [-6.785471, 37.260397], [-6.78548, 37.260577], [-6.785593, 37.260573], [-6.785597, 37.260663], [-6.78571, 37.26066], [-6.785701, 37.26048], [-6.785926, 37.260473], [-6.785917, 37.260293]], [[-6.78593, 37.260563], [-6.786043, 37.260559], [-6.786038, 37.260469], [-6.785926, 37.260473], [-6.78593, 37.260563]]]}, "properties": {"id": "donana-2025-164190-4130470", "ha": 1.34, "plastic_dates": 6.6, "valid_dates": 11.1, "admin_zone": "Zona C", "plan_zone": "Zona C - No regable", "distance_to_irrigable_m": 17, "sigpac_ref": "21:50:0:0:29:68:1", "sigpac_use": "IV", "sigpac_irrigation_coef": 100, "sigpac_url": "https://sigpac-hubcloud.es/servicioconsultassigpac/query/recinfo/21/50/0/0/29/68/1.json", "declared_greenhouse_share": 1.0, "declared_irrigated_share": 0.96, "lon": -6.786369, "lat": 37.260323}}, {"type": "Feature", "geometry": {"type": "MultiPolygon", "coordinates": [[[[-6.738053, 37.247402], [-6.738166, 37.247398], [-6.738044, 37.247222], [-6.738157, 37.247218], [-6.738148, 37.247038], [-6.738261, 37.247035], [-6.738252, 37.246855], [-6.738481, 37.246938], [-6.738454, 37.246398], [-6.738567, 37.246394], [-6.738545, 37.245945], [-6.739233, 37.246193], [-6.739238, 37.246283], [-6.739125, 37.246287], [-6.739138, 37.246556], [-6.739026, 37.24656], [-6.739044, 37.24692], [-6.738823, 37.247017], [-6.738828, 37.247107], [-6.73894, 37.247103], [-6.738949, 37.247283], [-6.738837, 37.247287], [-6.738854, 37.247646], [-6.738742, 37.24765], [-6.73876, 37.24801], [-6.738197, 37.248028], [-6.73817, 37.247488], [-6.738058, 37.247491], [-6.738053, 37.247402]], [[-6.738616, 37.247384], [-6.738391, 37.247391], [-6.738395, 37.247481], [-6.73862, 37.247474], [-6.738616, 37.247384]], [[-6.73881, 37.246747], [-6.738697, 37.246751], [-6.738702, 37.24684], [-6.738814, 37.246837], [-6.73881, 37.246747]]], [[[-6.738076, 37.247851], [-6.737851, 37.247858], [-6.737837, 37.247589], [-6.737725, 37.247592], [-6.73772, 37.247502], [-6.738058, 37.247491], [-6.738076, 37.247851]]]]}, "properties": {"id": "donana-2025-168370-4128820", "ha": 1.31, "plastic_dates": 3.9, "valid_dates": 8.6, "admin_zone": "Zona C", "plan_zone": "Zona C - No regable", "distance_to_irrigable_m": 18, "sigpac_ref": "21:46:0:0:16:4:40", "sigpac_use": "IV", "sigpac_irrigation_coef": 100, "sigpac_url": "https://sigpac-hubcloud.es/servicioconsultassigpac/query/recinfo/21/46/0/0/16/4/40.json", "declared_greenhouse_share": 1.0, "declared_irrigated_share": 0.96, "lon": -6.738596, "lat": 37.246979}}, {"type": "Feature", "geometry": {"type": "MultiPolygon", "coordinates": [[[[-6.587773, 37.236651], [-6.58779, 37.237011], [-6.587902, 37.237007], [-6.587915, 37.237277], [-6.588028, 37.237274], [-6.588049, 37.237724], [-6.588161, 37.23772], [-6.588174, 37.23799], [-6.588287, 37.237987], [-6.588295, 37.238166], [-6.58807, 37.238173], [-6.588074, 37.238263], [-6.587399, 37.238284], [-6.587395, 37.238194], [-6.587283, 37.238197], [-6.58727, 37.237927], [-6.587157, 37.237931], [-6.587149, 37.237751], [-6.587036, 37.237754], [-6.587028, 37.237574], [-6.586798, 37.237491], [-6.586794, 37.237401], [-6.586682, 37.237405], [-6.586673, 37.237225], [-6.58656, 37.237228], [-6.586552, 37.237048], [-6.586664, 37.237045], [-6.586669, 37.237135], [-6.587231, 37.237118], [-6.587227, 37.237028], [-6.58734, 37.237024], [-6.587348, 37.237204], [-6.587573, 37.237197], [-6.587452, 37.237021], [-6.587673, 37.236924], [-6.58766, 37.236654], [-6.587773, 37.236651]], [[-6.587716, 37.237824], [-6.587491, 37.237831], [-6.587495, 37.237921], [-6.58772, 37.237914], [-6.587716, 37.237824]], [[-6.587482, 37.237651], [-6.587707, 37.237644], [-6.587703, 37.237554], [-6.587365, 37.237564], [-6.587369, 37.237654], [-6.587257, 37.237657], [-6.587261, 37.237747], [-6.587486, 37.237741], [-6.587482, 37.237651]]], [[[-6.587548, 37.236658], [-6.587552, 37.236748], [-6.587327, 37.236754], [-6.587431, 37.236571], [-6.587656, 37.236564], [-6.58766, 37.236654], [-6.587548, 37.236658]]]]}, "properties": {"id": "donana-2025-181740-4127240", "ha": 1.3, "plastic_dates": 3.2, "valid_dates": 4.6, "admin_zone": "Zona C", "plan_zone": "Zona C - No regable", "distance_to_irrigable_m": 20, "sigpac_ref": "21:5:0:0:42:25:35", "sigpac_use": "IV", "sigpac_irrigation_coef": 0, "sigpac_url": "https://sigpac-hubcloud.es/servicioconsultassigpac/query/recinfo/21/5/0/0/42/25/35.json", "declared_greenhouse_share": 0.99, "declared_irrigated_share": 0.0, "lon": -6.587415, "lat": 37.237427}}, {"type": "Feature", "geometry": {"type": "MultiPolygon", "coordinates": [[[[-6.760018, 37.27211], [-6.759906, 37.272114], [-6.759901, 37.272024], [-6.760014, 37.27202], [-6.760018, 37.27211]]], [[[-6.759789, 37.272027], [-6.759784, 37.271937], [-6.759672, 37.271941], [-6.759667, 37.271851], [-6.759442, 37.271858], [-6.759438, 37.271768], [-6.759325, 37.271772], [-6.759429, 37.271588], [-6.759541, 37.271585], [-6.759532, 37.271405], [-6.759753, 37.271308], [-6.759748, 37.271218], [-6.759861, 37.271214], [-6.759856, 37.271124], [-6.760082, 37.271117], [-6.760077, 37.271027], [-6.760415, 37.271016], [-6.76041, 37.270926], [-6.761198, 37.270901], [-6.761194, 37.270811], [-6.761306, 37.270808], [-6.761311, 37.270898], [-6.761423, 37.270894], [-6.76145, 37.271434], [-6.760662, 37.271459], [-6.760667, 37.271549], [-6.760442, 37.271556], [-6.760446, 37.271646], [-6.760334, 37.271649], [-6.760343, 37.271829], [-6.760122, 37.271926], [-6.760126, 37.272016], [-6.760014, 37.27202], [-6.760009, 37.27193], [-6.759897, 37.271934], [-6.759901, 37.272024], [-6.759789, 37.272027]], [[-6.760874, 37.271182], [-6.760761, 37.271185], [-6.760766, 37.271275], [-6.760878, 37.271272], [-6.760874, 37.271182]]]]}, "properties": {"id": "donana-2025-166570-4131620", "ha": 1.27, "plastic_dates": 5.5, "valid_dates": 9.0, "admin_zone": "Zona C", "plan_zone": "Zona C - No regable", "distance_to_irrigable_m": 20, "sigpac_ref": "21:46:0:0:18:10:29", "sigpac_use": "IV", "sigpac_irrigation_coef": 52, "sigpac_url": "https://sigpac-hubcloud.es/servicioconsultassigpac/query/recinfo/21/46/0/0/18/10/29.json", "declared_greenhouse_share": 1.0, "declared_irrigated_share": 1.0, "lon": -6.760102, "lat": 37.271522}}, {"type": "Feature", "geometry": {"type": "Polygon", "coordinates": [[[-6.528344, 37.155912], [-6.528231, 37.155915], [-6.528227, 37.155825], [-6.528002, 37.155832], [-6.528036, 37.156551], [-6.527923, 37.156555], [-6.527915, 37.156375], [-6.527803, 37.156378], [-6.527798, 37.156288], [-6.527574, 37.156295], [-6.52747, 37.156478], [-6.527357, 37.156482], [-6.527345, 37.156212], [-6.527457, 37.156208], [-6.527453, 37.156118], [-6.52734, 37.156122], [-6.527332, 37.155942], [-6.527445, 37.155938], [-6.527436, 37.155758], [-6.528335, 37.155732], [-6.52834, 37.155822], [-6.528452, 37.155818], [-6.528448, 37.155728], [-6.528785, 37.155718], [-6.528802, 37.156078], [-6.528914, 37.156075], [-6.528897, 37.155715], [-6.529459, 37.155698], [-6.529355, 37.155881], [-6.529468, 37.155878], [-6.529476, 37.156058], [-6.529364, 37.156061], [-6.529368, 37.156151], [-6.52948, 37.156148], [-6.529497, 37.156508], [-6.528823, 37.156528], [-6.528818, 37.156438], [-6.528706, 37.156441], [-6.52871, 37.156531], [-6.528373, 37.156541], [-6.528369, 37.156451], [-6.528481, 37.156448], [-6.528473, 37.156268], [-6.528252, 37.156365], [-6.528236, 37.156005], [-6.528348, 37.156002], [-6.528344, 37.155912]], [[-6.528352, 37.156092], [-6.528577, 37.156085], [-6.528573, 37.155995], [-6.528348, 37.156002], [-6.528352, 37.156092]], [[-6.527786, 37.156018], [-6.527674, 37.156022], [-6.527682, 37.156202], [-6.527794, 37.156198], [-6.527786, 37.156018]]]}, "properties": {"id": "donana-2025-186610-4118020", "ha": 1.24, "plastic_dates": 3.3, "valid_dates": 8.0, "admin_zone": "Zona B", "plan_zone": "Zona B - No regable", "distance_to_irrigable_m": 16, "sigpac_ref": "21:5:0:0:44:76:7", "sigpac_use": "IV", "sigpac_irrigation_coef": 0, "sigpac_url": "https://sigpac-hubcloud.es/servicioconsultassigpac/query/recinfo/21/5/0/0/44/76/7.json", "declared_greenhouse_share": 0.98, "declared_irrigated_share": 0.0, "lon": -6.528804, "lat": 37.156123}}, {"type": "Feature", "geometry": {"type": "Polygon", "coordinates": [[[-6.707601, 37.276738], [-6.70761, 37.276918], [-6.707498, 37.276922], [-6.707502, 37.277012], [-6.707615, 37.277008], [-6.707623, 37.277188], [-6.707736, 37.277185], [-6.707745, 37.277365], [-6.707857, 37.277361], [-6.707866, 37.277541], [-6.707979, 37.277537], [-6.707992, 37.277807], [-6.707762, 37.277724], [-6.707758, 37.277634], [-6.707645, 37.277638], [-6.707641, 37.277548], [-6.707528, 37.277552], [-6.707524, 37.277462], [-6.707412, 37.277465], [-6.707407, 37.277375], [-6.706732, 37.277396], [-6.706723, 37.277216], [-6.70661, 37.27722], [-6.706597, 37.27695], [-6.706484, 37.276954], [-6.706476, 37.276774], [-6.706363, 37.276777], [-6.706467, 37.276594], [-6.706579, 37.27659], [-6.706575, 37.2765], [-6.706688, 37.276497], [-6.706683, 37.276407], [-6.706796, 37.276403], [-6.706791, 37.276313], [-6.707016, 37.276306], [-6.70712, 37.276123], [-6.707233, 37.276119], [-6.707228, 37.276029], [-6.707458, 37.276112], [-6.707489, 37.276742], [-6.707601, 37.276738]], [[-6.707376, 37.276746], [-6.707381, 37.276835], [-6.707493, 37.276832], [-6.707489, 37.276742], [-6.707376, 37.276746]], [[-6.707367, 37.276566], [-6.707255, 37.276569], [-6.707259, 37.276659], [-6.707372, 37.276656], [-6.707367, 37.276566]]]}, "properties": {"id": "donana-2025-171300-4132040", "ha": 1.23, "plastic_dates": 7.2, "valid_dates": 9.1, "admin_zone": "Zona C", "plan_zone": "Zona C - No regable", "distance_to_irrigable_m": 11, "sigpac_ref": "21:46:0:0:9:29:45", "sigpac_use": "IV", "sigpac_irrigation_coef": 0, "sigpac_url": "https://sigpac-hubcloud.es/servicioconsultassigpac/query/recinfo/21/46/0/0/9/29/45.json", "declared_greenhouse_share": 0.98, "declared_irrigated_share": 0.0, "lon": -6.70705, "lat": 37.276981}}, {"type": "Feature", "geometry": {"type": "Polygon", "coordinates": [[[-6.639997, 37.2401], [-6.640001, 37.24019], [-6.639888, 37.240194], [-6.63988, 37.240014], [-6.63965, 37.239931], [-6.639646, 37.239841], [-6.639534, 37.239844], [-6.639404, 37.239488], [-6.639291, 37.239491], [-6.639278, 37.239221], [-6.639166, 37.239225], [-6.639157, 37.239045], [-6.639045, 37.239048], [-6.639023, 37.238599], [-6.63891, 37.238602], [-6.639014, 37.238419], [-6.639127, 37.238415], [-6.639122, 37.238325], [-6.63946, 37.238315], [-6.639473, 37.238585], [-6.639586, 37.238581], [-6.639594, 37.238761], [-6.639707, 37.238758], [-6.639715, 37.238938], [-6.639828, 37.238934], [-6.639837, 37.239114], [-6.639949, 37.239111], [-6.639958, 37.23929], [-6.64007, 37.239287], [-6.640079, 37.239467], [-6.640191, 37.239463], [-6.6402, 37.239643], [-6.640313, 37.23964], [-6.640321, 37.23982], [-6.640434, 37.239816], [-6.640442, 37.239996], [-6.640555, 37.239993], [-6.640559, 37.240083], [-6.640222, 37.240093], [-6.640226, 37.240183], [-6.639997, 37.2401]]]}, "properties": {"id": "donana-2025-177120-4127620", "ha": 1.23, "plastic_dates": 5.2, "valid_dates": 8.3, "admin_zone": "Zona C", "plan_zone": "Zona C - No regable", "distance_to_irrigable_m": 18, "sigpac_ref": "21:5:0:0:40:3:13", "sigpac_use": "IV", "sigpac_irrigation_coef": 0, "sigpac_url": "https://sigpac-hubcloud.es/servicioconsultassigpac/query/recinfo/21/5/0/0/40/3/13.json", "declared_greenhouse_share": 1.0, "declared_irrigated_share": 0.0, "lon": -6.639618, "lat": 37.239256}}, {"type": "Feature", "geometry": {"type": "MultiPolygon", "coordinates": [[[[-6.710661, 37.279345], [-6.710665, 37.279435], [-6.709877, 37.27946], [-6.709881, 37.27955], [-6.709652, 37.279467], [-6.709647, 37.279377], [-6.709535, 37.279381], [-6.709526, 37.279201], [-6.709297, 37.279118], [-6.709288, 37.278938], [-6.709058, 37.278855], [-6.709054, 37.278765], [-6.709391, 37.278754], [-6.709387, 37.278664], [-6.709612, 37.278657], [-6.709608, 37.278567], [-6.709945, 37.278557], [-6.709941, 37.278467], [-6.710166, 37.27846], [-6.710162, 37.27837], [-6.710387, 37.278363], [-6.710517, 37.278719], [-6.71063, 37.278716], [-6.710643, 37.278985], [-6.710755, 37.278982], [-6.710764, 37.279162], [-6.710877, 37.279158], [-6.710886, 37.279338], [-6.710661, 37.279345]], [[-6.710539, 37.279169], [-6.710427, 37.279172], [-6.710431, 37.279262], [-6.710544, 37.279259], [-6.710539, 37.279169]]], [[[-6.710998, 37.279335], [-6.711003, 37.279425], [-6.71089, 37.279428], [-6.710886, 37.279338], [-6.710998, 37.279335]]]]}, "properties": {"id": "donana-2025-171050-4132270", "ha": 1.22, "plastic_dates": 3.1, "valid_dates": 7.1, "admin_zone": "Zona A", "plan_zone": "Zona A - Suelo Forestal", "distance_to_irrigable_m": 17, "sigpac_ref": "21:46:0:0:9:29:42", "sigpac_use": "IV", "sigpac_irrigation_coef": 100, "sigpac_url": "https://sigpac-hubcloud.es/servicioconsultassigpac/query/recinfo/21/46/0/0/9/29/42.json", "declared_greenhouse_share": 1.0, "declared_irrigated_share": 1.0, "lon": -6.709965, "lat": 37.278962}}, {"type": "Feature", "geometry": {"type": "MultiPolygon", "coordinates": [[[[-6.806237, 37.225137], [-6.806457, 37.22504], [-6.806448, 37.22486], [-6.806561, 37.224856], [-6.806552, 37.224676], [-6.806664, 37.224673], [-6.806659, 37.224583], [-6.806547, 37.224586], [-6.806533, 37.224317], [-6.806421, 37.22432], [-6.806407, 37.22405], [-6.806745, 37.22404], [-6.806749, 37.224129], [-6.807312, 37.224111], [-6.807316, 37.224201], [-6.807541, 37.224194], [-6.807546, 37.224284], [-6.807771, 37.224277], [-6.807784, 37.224547], [-6.807559, 37.224554], [-6.807568, 37.224734], [-6.807348, 37.224831], [-6.807352, 37.224921], [-6.80724, 37.224924], [-6.807249, 37.225104], [-6.807024, 37.225112], [-6.807033, 37.225291], [-6.806813, 37.225389], [-6.806817, 37.225479], [-6.806705, 37.225482], [-6.806714, 37.225662], [-6.806601, 37.225666], [-6.806579, 37.225216], [-6.806466, 37.22522], [-6.806471, 37.22531], [-6.806246, 37.225317], [-6.806237, 37.225137]], [[-6.806691, 37.225212], [-6.806687, 37.225122], [-6.806574, 37.225126], [-6.806579, 37.225216], [-6.806691, 37.225212]], [[-6.807127, 37.224928], [-6.807015, 37.224932], [-6.80702, 37.225022], [-6.807132, 37.225018], [-6.807127, 37.224928]]], [[[-6.80625, 37.225407], [-6.806138, 37.22541], [-6.806133, 37.22532], [-6.806246, 37.225317], [-6.80625, 37.225407]]]]}, "properties": {"id": "donana-2025-162210-4126610", "ha": 1.21, "plastic_dates": 6.4, "valid_dates": 10.6, "admin_zone": "Zona C", "plan_zone": "Zona C - No regable", "distance_to_irrigable_m": 385, "sigpac_ref": "21:50:0:0:33:23:1", "sigpac_use": "IV", "sigpac_irrigation_coef": 0, "sigpac_url": "https://sigpac-hubcloud.es/servicioconsultassigpac/query/recinfo/21/50/0/0/33/23/1.json", "declared_greenhouse_share": 0.56, "declared_irrigated_share": 0.0, "lon": -6.8069, "lat": 37.22489}}, {"type": "Feature", "geometry": {"type": "MultiPolygon", "coordinates": [[[[-6.596781, 37.255477], [-6.59679, 37.255657], [-6.596902, 37.255653], [-6.596907, 37.255743], [-6.596794, 37.255747], [-6.596799, 37.255837], [-6.596461, 37.255847], [-6.59634, 37.25567], [-6.596115, 37.255677], [-6.596106, 37.255497], [-6.595885, 37.255594], [-6.595989, 37.255411], [-6.596102, 37.255407], [-6.596098, 37.255317], [-6.59621, 37.255314], [-6.596197, 37.255044], [-6.596085, 37.255048], [-6.596089, 37.255137], [-6.595864, 37.255144], [-6.59586, 37.255054], [-6.595972, 37.255051], [-6.595964, 37.254871], [-6.596076, 37.254868], [-6.596072, 37.254778], [-6.596184, 37.254774], [-6.596176, 37.254594], [-6.596401, 37.254587], [-6.596392, 37.254408], [-6.596505, 37.254404], [-6.596501, 37.254314], [-6.596726, 37.254307], [-6.59673, 37.254397], [-6.596843, 37.254394], [-6.596972, 37.25475], [-6.597202, 37.254833], [-6.59721, 37.255013], [-6.597098, 37.255017], [-6.597102, 37.255107], [-6.597327, 37.2551], [-6.597336, 37.25528], [-6.597115, 37.255377], [-6.597119, 37.255467], [-6.597006, 37.25547], [-6.597002, 37.25538], [-6.59689, 37.255383], [-6.596894, 37.255473], [-6.596781, 37.255477]], [[-6.596214, 37.255404], [-6.596327, 37.255401], [-6.596323, 37.255311], [-6.59621, 37.255314], [-6.596214, 37.255404]], [[-6.596656, 37.25521], [-6.596543, 37.255214], [-6.596548, 37.255304], [-6.59666, 37.2553], [-6.596656, 37.25521]], [[-6.596427, 37.255127], [-6.596314, 37.255131], [-6.596318, 37.255221], [-6.596431, 37.255217], [-6.596427, 37.255127]], [[-6.596405, 37.254677], [-6.596293, 37.254681], [-6.596297, 37.254771], [-6.596409, 37.254767], [-6.596405, 37.254677]], [[-6.596743, 37.254667], [-6.596855, 37.254664], [-6.596851, 37.254574], [-6.596739, 37.254577], [-6.596743, 37.254667]], [[-6.596734, 37.254487], [-6.596509, 37.254494], [-6.596513, 37.254584], [-6.596739, 37.254577], [-6.596734, 37.254487]]], [[[-6.597011, 37.25556], [-6.596898, 37.255563], [-6.596894, 37.255473], [-6.597006, 37.25547], [-6.597011, 37.25556]]]]}, "properties": {"id": "donana-2025-181000-4129230", "ha": 1.19, "plastic_dates": 3.9, "valid_dates": 6.6, "admin_zone": "Zona C", "plan_zone": "Zona C - No regable", "distance_to_irrigable_m": 20, "sigpac_ref": "21:5:0:0:38:83:3", "sigpac_use": "IV", "sigpac_irrigation_coef": 0, "sigpac_url": "https://sigpac-hubcloud.es/servicioconsultassigpac/query/recinfo/21/5/0/0/38/83/3.json", "declared_greenhouse_share": 0.97, "declared_irrigated_share": 0.0, "lon": -6.59665, "lat": 37.255075}}, {"type": "Feature", "geometry": {"type": "MultiPolygon", "coordinates": [[[[-6.758307, 37.258111], [-6.758316, 37.258291], [-6.758428, 37.258287], [-6.75846, 37.258917], [-6.758122, 37.258927], [-6.758127, 37.259017], [-6.757902, 37.259024], [-6.757906, 37.259114], [-6.757681, 37.259121], [-6.757551, 37.258765], [-6.757321, 37.258682], [-6.757312, 37.258503], [-6.757425, 37.258499], [-6.75742, 37.258409], [-6.757308, 37.258413], [-6.757294, 37.258143], [-6.757519, 37.258136], [-6.75751, 37.257956], [-6.757285, 37.257963], [-6.757281, 37.257873], [-6.757393, 37.257869], [-6.757384, 37.25769], [-6.757609, 37.257682], [-6.757614, 37.257772], [-6.757726, 37.257769], [-6.75774, 37.258039], [-6.757852, 37.258035], [-6.757848, 37.257945], [-6.75796, 37.257941], [-6.757947, 37.257672], [-6.758168, 37.257575], [-6.758172, 37.257664], [-6.758397, 37.257657], [-6.758402, 37.257747], [-6.758181, 37.257844], [-6.758303, 37.258021], [-6.758073, 37.257938], [-6.758086, 37.258208], [-6.758307, 37.258111]], [[-6.758177, 37.257754], [-6.758064, 37.257758], [-6.758069, 37.257848], [-6.758181, 37.257844], [-6.758177, 37.257754]], [[-6.757861, 37.258215], [-6.75787, 37.258395], [-6.757983, 37.258391], [-6.758086, 37.258208], [-6.757861, 37.258215]], [[-6.757857, 37.258125], [-6.757744, 37.258129], [-6.757749, 37.258218], [-6.757861, 37.258215], [-6.757857, 37.258125]], [[-6.758109, 37.258657], [-6.758113, 37.258747], [-6.758226, 37.258744], [-6.758221, 37.258654], [-6.758109, 37.258657]], [[-6.758334, 37.25865], [-6.758329, 37.25856], [-6.758217, 37.258564], [-6.758221, 37.258654], [-6.758334, 37.25865]], [[-6.7581, 37.258478], [-6.757987, 37.258481], [-6.757992, 37.258571], [-6.758104, 37.258568], [-6.7581, 37.258478]]], [[[-6.757191, 37.258326], [-6.757195, 37.258416], [-6.757308, 37.258413], [-6.757312, 37.258503], [-6.756975, 37.258513], [-6.756966, 37.258333], [-6.757191, 37.258326]]], [[[-6.756741, 37.258341], [-6.756736, 37.258251], [-6.756961, 37.258243], [-6.756966, 37.258333], [-6.756741, 37.258341]]]]}, "properties": {"id": "donana-2025-166730-4130150", "ha": 1.15, "plastic_dates": 4.1, "valid_dates": 7.3, "admin_zone": "Zona A", "plan_zone": "Zona A - Suelo Forestal", "distance_to_irrigable_m": 14, "sigpac_ref": "21:46:0:0:18:46:26", "sigpac_use": "IV", "sigpac_irrigation_coef": 100, "sigpac_url": "https://sigpac-hubcloud.es/servicioconsultassigpac/query/recinfo/21/46/0/0/18/46/26.json", "declared_greenhouse_share": 0.99, "declared_irrigated_share": 1.0, "lon": -6.757587, "lat": 37.258359}}, {"type": "Feature", "geometry": {"type": "Polygon", "coordinates": [[[-6.753744, 37.229788], [-6.753848, 37.229604], [-6.753735, 37.229608], [-6.753726, 37.229428], [-6.753389, 37.229439], [-6.75338, 37.229259], [-6.753267, 37.229262], [-6.753254, 37.228992], [-6.753142, 37.228996], [-6.753133, 37.228816], [-6.75302, 37.22882], [-6.753011, 37.22864], [-6.753232, 37.228543], [-6.753227, 37.228453], [-6.753115, 37.228456], [-6.753097, 37.228096], [-6.753326, 37.228179], [-6.753331, 37.228269], [-6.753781, 37.228255], [-6.753799, 37.228615], [-6.754028, 37.228698], [-6.754033, 37.228787], [-6.75437, 37.228777], [-6.754383, 37.229047], [-6.754271, 37.22905], [-6.75428, 37.22923], [-6.754505, 37.229223], [-6.754509, 37.229313], [-6.754289, 37.22941], [-6.754284, 37.22932], [-6.753947, 37.229331], [-6.753969, 37.22978], [-6.753744, 37.229788]], [[-6.753605, 37.229251], [-6.753492, 37.229255], [-6.753497, 37.229345], [-6.753609, 37.229341], [-6.753605, 37.229251]]]}, "properties": {"id": "donana-2025-166940-4126870", "ha": 1.15, "plastic_dates": 6.3, "valid_dates": 8.3, "admin_zone": "Zona C", "plan_zone": "Zona C - No regable", "distance_to_irrigable_m": 5, "sigpac_ref": "21:46:0:0:13:2:10", "sigpac_use": "IV", "sigpac_irrigation_coef": 100, "sigpac_url": "https://sigpac-hubcloud.es/servicioconsultassigpac/query/recinfo/21/46/0/0/13/2/10.json", "declared_greenhouse_share": 1.0, "declared_irrigated_share": 1.0, "lon": -6.753756, "lat": 37.228886}}, {"type": "Feature", "geometry": {"type": "MultiPolygon", "coordinates": [[[[-6.699366, 37.285825], [-6.699141, 37.285832], [-6.699262, 37.286009], [-6.699033, 37.285926], [-6.699046, 37.286196], [-6.699271, 37.286189], [-6.69928, 37.286369], [-6.699167, 37.286372], [-6.699172, 37.286462], [-6.698946, 37.286469], [-6.698951, 37.286559], [-6.698721, 37.286476], [-6.69873, 37.286656], [-6.698505, 37.286663], [-6.69841, 37.287026], [-6.698523, 37.287023], [-6.698527, 37.287113], [-6.698302, 37.28712], [-6.698198, 37.287303], [-6.697973, 37.28731], [-6.69796, 37.28704], [-6.698185, 37.287033], [-6.698176, 37.286853], [-6.698289, 37.28685], [-6.69828, 37.28667], [-6.698055, 37.286677], [-6.69805, 37.286587], [-6.698275, 37.28658], [-6.698262, 37.28631], [-6.698483, 37.286213], [-6.698362, 37.286037], [-6.698582, 37.28594], [-6.698578, 37.28585], [-6.698807, 37.285933], [-6.698799, 37.285753], [-6.699028, 37.285836], [-6.699132, 37.285652], [-6.699245, 37.285649], [-6.699366, 37.285825]]], [[[-6.69924, 37.285559], [-6.699015, 37.285566], [-6.699011, 37.285476], [-6.699123, 37.285473], [-6.699114, 37.285293], [-6.699227, 37.285289], [-6.699218, 37.285109], [-6.699331, 37.285106], [-6.699322, 37.284926], [-6.699434, 37.284922], [-6.699456, 37.285372], [-6.699682, 37.285365], [-6.699699, 37.285725], [-6.699587, 37.285728], [-6.699582, 37.285638], [-6.699245, 37.285649], [-6.69924, 37.285559]]], [[[-6.697942, 37.286681], [-6.698055, 37.286677], [-6.698176, 37.286853], [-6.697951, 37.286861], [-6.697942, 37.286681]]], [[[-6.697838, 37.286864], [-6.697951, 37.286861], [-6.697955, 37.28695], [-6.697843, 37.286954], [-6.697838, 37.286864]]], [[[-6.697856, 37.287224], [-6.697631, 37.287231], [-6.697626, 37.287141], [-6.697739, 37.287137], [-6.69773, 37.286958], [-6.697843, 37.286954], [-6.697856, 37.287224]]]]}, "properties": {"id": "donana-2025-172070-4133030", "ha": 1.13, "plastic_dates": 2.9, "valid_dates": 8.9, "admin_zone": "Zona C", "plan_zone": "Zona C - No regable", "distance_to_irrigable_m": 16, "sigpac_ref": "21:14:0:0:16:132:3", "sigpac_use": "IV", "sigpac_irrigation_coef": 0, "sigpac_url": "https://sigpac-hubcloud.es/servicioconsultassigpac/query/recinfo/21/14/0/0/16/132/3.json", "declared_greenhouse_share": 1.0, "declared_irrigated_share": 0.0, "lon": -6.698762, "lat": 37.286159}}, {"type": "Feature", "geometry": {"type": "MultiPolygon", "coordinates": [[[[-6.71173, 37.291924], [-6.711501, 37.291841], [-6.711496, 37.291751], [-6.711721, 37.291744], [-6.71173, 37.291924]]], [[[-6.712046, 37.291464], [-6.711825, 37.291561], [-6.711834, 37.291741], [-6.711721, 37.291744], [-6.711717, 37.291654], [-6.711492, 37.291661], [-6.711496, 37.291751], [-6.711384, 37.291755], [-6.711366, 37.291395], [-6.711253, 37.291399], [-6.711262, 37.291578], [-6.711037, 37.291586], [-6.711041, 37.291675], [-6.710929, 37.291679], [-6.71092, 37.291499], [-6.710695, 37.291506], [-6.710682, 37.291236], [-6.710794, 37.291233], [-6.71079, 37.291143], [-6.710902, 37.291139], [-6.710916, 37.291409], [-6.711141, 37.291402], [-6.711136, 37.291312], [-6.711474, 37.291302], [-6.711487, 37.291571], [-6.711929, 37.291377], [-6.711924, 37.291287], [-6.712037, 37.291284], [-6.712046, 37.291464]]], [[[-6.711222, 37.290769], [-6.711335, 37.290765], [-6.71133, 37.290675], [-6.711443, 37.290672], [-6.71143, 37.290402], [-6.711542, 37.290398], [-6.711547, 37.290488], [-6.711772, 37.290481], [-6.711776, 37.290571], [-6.711997, 37.290474], [-6.712002, 37.290564], [-6.712114, 37.290561], [-6.712123, 37.290741], [-6.712236, 37.290737], [-6.712244, 37.290917], [-6.712357, 37.290913], [-6.712361, 37.291003], [-6.712587, 37.290996], [-6.712591, 37.291086], [-6.712366, 37.291093], [-6.712375, 37.291273], [-6.712262, 37.291277], [-6.712267, 37.291367], [-6.712037, 37.291284], [-6.712033, 37.291194], [-6.71192, 37.291197], [-6.711924, 37.291287], [-6.711587, 37.291298], [-6.711578, 37.291118], [-6.711353, 37.291125], [-6.711231, 37.290949], [-6.711344, 37.290945], [-6.711339, 37.290855], [-6.711227, 37.290859], [-6.711222, 37.290769]], [[-6.71169, 37.291115], [-6.711686, 37.291025], [-6.711573, 37.291028], [-6.711578, 37.291118], [-6.71169, 37.291115]]], [[[-6.711119, 37.290952], [-6.711127, 37.291132], [-6.71124, 37.291129], [-6.711244, 37.291219], [-6.711019, 37.291226], [-6.711006, 37.290956], [-6.711227, 37.290859], [-6.711231, 37.290949], [-6.711119, 37.290952]]]]}, "properties": {"id": "donana-2025-170920-4133630", "ha": 1.08, "plastic_dates": 3.3, "valid_dates": 8.7, "admin_zone": "Zona C", "plan_zone": "Zona C - No regable", "distance_to_irrigable_m": 18, "sigpac_ref": "21:46:0:0:8:80:14", "sigpac_use": "IV", "sigpac_irrigation_coef": 0, "sigpac_url": "https://sigpac-hubcloud.es/servicioconsultassigpac/query/recinfo/21/46/0/0/8/80/14.json", "declared_greenhouse_share": 0.99, "declared_irrigated_share": 0.0, "lon": -6.711974, "lat": 37.291151}}, {"type": "Feature", "geometry": {"type": "MultiPolygon", "coordinates": [[[[-6.758712, 37.273052], [-6.758699, 37.272783], [-6.758812, 37.272779], [-6.758816, 37.272869], [-6.759041, 37.272862], [-6.759037, 37.272772], [-6.759262, 37.272765], [-6.759275, 37.273034], [-6.7595, 37.273027], [-6.759518, 37.273387], [-6.759406, 37.273391], [-6.759419, 37.273661], [-6.758744, 37.273682], [-6.758501, 37.273329], [-6.758163, 37.27334], [-6.758042, 37.273164], [-6.757817, 37.273171], [-6.757911, 37.272808], [-6.758024, 37.272804], [-6.758015, 37.272624], [-6.758127, 37.272621], [-6.758118, 37.272441], [-6.758681, 37.272423], [-6.758686, 37.272513], [-6.758573, 37.272516], [-6.758582, 37.272696], [-6.758357, 37.272703], [-6.75837, 37.272973], [-6.758483, 37.27297], [-6.758487, 37.27306], [-6.758712, 37.273052]], [[-6.758375, 37.273063], [-6.758379, 37.273153], [-6.758492, 37.273149], [-6.758487, 37.27306], [-6.758375, 37.273063]], [[-6.759397, 37.273211], [-6.759284, 37.273214], [-6.759289, 37.273304], [-6.759401, 37.273301], [-6.759397, 37.273211]], [[-6.759167, 37.273128], [-6.758717, 37.273142], [-6.758838, 37.273319], [-6.759064, 37.273311], [-6.759167, 37.273128]], [[-6.758258, 37.272977], [-6.758145, 37.27298], [-6.75815, 37.27307], [-6.758262, 37.273067], [-6.758258, 37.272977]]], [[[-6.758474, 37.27279], [-6.758587, 37.272786], [-6.758595, 37.272966], [-6.758483, 37.27297], [-6.758474, 37.27279]]]]}, "properties": {"id": "donana-2025-166670-4131790", "ha": 1.06, "plastic_dates": 4.6, "valid_dates": 9.0, "admin_zone": "Zona A", "plan_zone": "Zona A - Suelo Forestal", "distance_to_irrigable_m": 37, "sigpac_ref": "21:46:0:0:18:10:10", "sigpac_use": "IV", "sigpac_irrigation_coef": 99, "sigpac_url": "https://sigpac-hubcloud.es/servicioconsultassigpac/query/recinfo/21/46/0/0/18/10/10.json", "declared_greenhouse_share": 1.0, "declared_irrigated_share": 1.0, "lon": -6.758996, "lat": 37.273088}}, {"type": "Feature", "geometry": {"type": "MultiPolygon", "coordinates": [[[[-6.794907, 37.246311], [-6.794925, 37.246671], [-6.794588, 37.246682], [-6.794583, 37.246592], [-6.794133, 37.246606], [-6.794142, 37.246786], [-6.793917, 37.246793], [-6.793913, 37.246703], [-6.793575, 37.246714], [-6.793539, 37.245995], [-6.793652, 37.245991], [-6.793656, 37.246081], [-6.795006, 37.246038], [-6.795011, 37.246128], [-6.795123, 37.246124], [-6.795119, 37.246034], [-6.795456, 37.246023], [-6.795578, 37.2462], [-6.79569, 37.246196], [-6.795812, 37.246372], [-6.795699, 37.246376], [-6.795713, 37.246646], [-6.795488, 37.246653], [-6.795483, 37.246563], [-6.795596, 37.246559], [-6.795582, 37.24629], [-6.79547, 37.246293], [-6.795461, 37.246113], [-6.795348, 37.246117], [-6.795245, 37.2463], [-6.795132, 37.246304], [-6.795128, 37.246214], [-6.795015, 37.246218], [-6.79502, 37.246308], [-6.794907, 37.246311]], [[-6.794786, 37.246135], [-6.794673, 37.246139], [-6.794687, 37.246408], [-6.794799, 37.246405], [-6.794786, 37.246135]], [[-6.79412, 37.246336], [-6.794007, 37.24634], [-6.794012, 37.24643], [-6.794124, 37.246426], [-6.79412, 37.246336]]], [[[-6.795254, 37.24648], [-6.795029, 37.246487], [-6.79502, 37.246308], [-6.795132, 37.246304], [-6.795254, 37.24648]]], [[[-6.795686, 37.246106], [-6.796248, 37.246088], [-6.796253, 37.246178], [-6.79569, 37.246196], [-6.795686, 37.246106]]]]}, "properties": {"id": "donana-2025-163410-4128950", "ha": 1.06, "plastic_dates": 3.3, "valid_dates": 9.6, "admin_zone": "Zona A", "plan_zone": "Zona A - Suelo Forestal", "distance_to_irrigable_m": 16, "sigpac_ref": "21:50:0:0:27:3:11", "sigpac_use": "FY", "sigpac_irrigation_coef": 100, "sigpac_url": "https://sigpac-hubcloud.es/servicioconsultassigpac/query/recinfo/21/50/0/0/27/3/11.json", "declared_greenhouse_share": 0.0, "declared_irrigated_share": 1.0, "lon": -6.794403, "lat": 37.246372}}, {"type": "Feature", "geometry": {"type": "Polygon", "coordinates": [[[-6.719809, 37.256806], [-6.719805, 37.256716], [-6.71958, 37.256723], [-6.719576, 37.256633], [-6.719238, 37.256643], [-6.719234, 37.256553], [-6.719008, 37.256561], [-6.718986, 37.256111], [-6.719211, 37.256104], [-6.719194, 37.255744], [-6.719756, 37.255726], [-6.719752, 37.255636], [-6.719864, 37.255633], [-6.719869, 37.255723], [-6.720094, 37.255716], [-6.720098, 37.255806], [-6.720323, 37.255798], [-6.720319, 37.255708], [-6.720431, 37.255705], [-6.720328, 37.255888], [-6.720557, 37.255971], [-6.720566, 37.256151], [-6.720346, 37.256248], [-6.720341, 37.256158], [-6.720116, 37.256165], [-6.720021, 37.256529], [-6.719909, 37.256532], [-6.719922, 37.256802], [-6.719809, 37.256806]], [[-6.720332, 37.255978], [-6.72022, 37.255982], [-6.720224, 37.256072], [-6.720337, 37.256068], [-6.720332, 37.255978]]]}, "properties": {"id": "donana-2025-170100-4129780", "ha": 1.05, "plastic_dates": 5.5, "valid_dates": 9.5, "admin_zone": "Zona A", "plan_zone": "Zona A - Suelo Forestal", "distance_to_irrigable_m": 11, "sigpac_ref": "21:46:0:0:10:123:51", "sigpac_use": "IV", "sigpac_irrigation_coef": 100, "sigpac_url": "https://sigpac-hubcloud.es/servicioconsultassigpac/query/recinfo/21/46/0/0/10/123/51.json", "declared_greenhouse_share": 0.63, "declared_irrigated_share": 0.6, "lon": -6.719556, "lat": 37.256228}}, {"type": "Feature", "geometry": {"type": "Polygon", "coordinates": [[[-6.749981, 37.23342], [-6.749968, 37.233151], [-6.749743, 37.233158], [-6.749738, 37.233068], [-6.749626, 37.233071], [-6.749617, 37.232891], [-6.749504, 37.232895], [-6.749491, 37.232625], [-6.750166, 37.232604], [-6.750144, 37.232154], [-6.750369, 37.232147], [-6.750373, 37.232237], [-6.750486, 37.232233], [-6.750494, 37.232413], [-6.750724, 37.232496], [-6.750728, 37.232586], [-6.751178, 37.232572], [-6.751183, 37.232662], [-6.750958, 37.232669], [-6.750962, 37.232759], [-6.751192, 37.232842], [-6.751201, 37.233021], [-6.750755, 37.233126], [-6.750751, 37.233036], [-6.750638, 37.233039], [-6.750647, 37.233219], [-6.75031, 37.23323], [-6.750305, 37.23314], [-6.75008, 37.233147], [-6.750085, 37.233237], [-6.750197, 37.233233], [-6.750206, 37.233413], [-6.749981, 37.23342]]]}, "properties": {"id": "donana-2025-167270-4127290", "ha": 1.05, "plastic_dates": 5.0, "valid_dates": 11.0, "admin_zone": "Zona A", "plan_zone": "Zona A - Suelo Forestal", "distance_to_irrigable_m": 8, "sigpac_ref": "21:46:0:0:16:10:10", "sigpac_use": "IV", "sigpac_irrigation_coef": 88, "sigpac_url": "https://sigpac-hubcloud.es/servicioconsultassigpac/query/recinfo/21/46/0/0/16/10/10.json", "declared_greenhouse_share": 1.0, "declared_irrigated_share": 1.0, "lon": -6.75029, "lat": 37.232825}}, {"type": "Feature", "geometry": {"type": "Polygon", "coordinates": [[[-6.738174, 37.233884], [-6.738165, 37.233704], [-6.738052, 37.233708], [-6.738039, 37.233438], [-6.737818, 37.233535], [-6.737805, 37.233265], [-6.737918, 37.233262], [-6.737904, 37.232992], [-6.738017, 37.232988], [-6.737999, 37.232629], [-6.738111, 37.232625], [-6.738102, 37.232445], [-6.738215, 37.232442], [-6.738219, 37.232532], [-6.738444, 37.232524], [-6.738449, 37.232614], [-6.738674, 37.232607], [-6.738795, 37.232784], [-6.738908, 37.23278], [-6.738921, 37.23305], [-6.739034, 37.233046], [-6.739051, 37.233406], [-6.738939, 37.23341], [-6.738948, 37.23359], [-6.738835, 37.233593], [-6.738844, 37.233773], [-6.738282, 37.233791], [-6.738286, 37.233881], [-6.738174, 37.233884]], [[-6.738489, 37.233424], [-6.738376, 37.233428], [-6.738385, 37.233607], [-6.738498, 37.233604], [-6.738489, 37.233424]], [[-6.738588, 37.233151], [-6.738476, 37.233154], [-6.73848, 37.233244], [-6.738592, 37.233241], [-6.738588, 37.233151]], [[-6.738345, 37.232798], [-6.73812, 37.232805], [-6.738129, 37.232985], [-6.738359, 37.233068], [-6.738345, 37.232798]], [[-6.738683, 37.232787], [-6.73857, 37.232791], [-6.738579, 37.232971], [-6.738692, 37.232967], [-6.738683, 37.232787]]]}, "properties": {"id": "donana-2025-168340-4127290", "ha": 1.05, "plastic_dates": 4.1, "valid_dates": 7.7, "admin_zone": "Zona A", "plan_zone": "Zona A - Suelo Forestal", "distance_to_irrigable_m": 17, "sigpac_ref": "21:46:0:0:16:12:41", "sigpac_use": "IV", "sigpac_irrigation_coef": 100, "sigpac_url": "https://sigpac-hubcloud.es/servicioconsultassigpac/query/recinfo/21/46/0/0/16/12/41.json", "declared_greenhouse_share": 1.0, "declared_irrigated_share": 1.0, "lon": -6.738197, "lat": 37.233208}}, {"type": "Feature", "geometry": {"type": "Polygon", "coordinates": [[[-6.675228, 37.304146], [-6.675223, 37.304056], [-6.675111, 37.304059], [-6.675214, 37.303876], [-6.675327, 37.303872], [-6.675318, 37.303693], [-6.675093, 37.3037], [-6.675097, 37.30379], [-6.674985, 37.303793], [-6.674863, 37.303617], [-6.674751, 37.30362], [-6.674746, 37.30353], [-6.674634, 37.303534], [-6.674625, 37.303354], [-6.674513, 37.303357], [-6.674508, 37.303267], [-6.674729, 37.30317], [-6.674733, 37.30326], [-6.674846, 37.303257], [-6.674837, 37.303077], [-6.675283, 37.302973], [-6.675279, 37.302883], [-6.675504, 37.302876], [-6.675625, 37.303052], [-6.675738, 37.303049], [-6.675747, 37.303229], [-6.675859, 37.303225], [-6.675873, 37.303495], [-6.675647, 37.303502], [-6.675652, 37.303592], [-6.675877, 37.303585], [-6.675881, 37.303675], [-6.675994, 37.303672], [-6.67599, 37.303582], [-6.676102, 37.303578], [-6.676111, 37.303758], [-6.676224, 37.303754], [-6.676228, 37.303844], [-6.675782, 37.303948], [-6.675786, 37.304038], [-6.675448, 37.304049], [-6.675453, 37.304139], [-6.675228, 37.304146]], [[-6.675544, 37.303686], [-6.675431, 37.303689], [-6.67544, 37.303869], [-6.675552, 37.303865], [-6.675544, 37.303686]], [[-6.675769, 37.303679], [-6.675656, 37.303682], [-6.675661, 37.303772], [-6.675773, 37.303769], [-6.675769, 37.303679]]]}, "properties": {"id": "donana-2025-174240-4134880", "ha": 1.04, "plastic_dates": 4.8, "valid_dates": 9.7, "admin_zone": "Zona C", "plan_zone": "Zona C - No regable", "distance_to_irrigable_m": 23, "sigpac_ref": "21:14:0:0:22:247:2", "sigpac_use": "IV", "sigpac_irrigation_coef": 0, "sigpac_url": "https://sigpac-hubcloud.es/servicioconsultassigpac/query/recinfo/21/14/0/0/22/247/2.json", "declared_greenhouse_share": 1.0, "declared_irrigated_share": 0.0, "lon": -6.675199, "lat": 37.303561}}, {"type": "Feature", "geometry": {"type": "Polygon", "coordinates": [[[-6.743905, 37.283612], [-6.743883, 37.283162], [-6.744103, 37.283065], [-6.744086, 37.282706], [-6.744198, 37.282702], [-6.744189, 37.282522], [-6.744302, 37.282519], [-6.744288, 37.282249], [-6.744509, 37.282152], [-6.744505, 37.282062], [-6.744279, 37.282069], [-6.744275, 37.281979], [-6.744162, 37.281982], [-6.744158, 37.281892], [-6.744379, 37.281795], [-6.74437, 37.281615], [-6.744482, 37.281612], [-6.744473, 37.281432], [-6.744586, 37.281428], [-6.744581, 37.281339], [-6.744807, 37.281331], [-6.744811, 37.281421], [-6.744924, 37.281418], [-6.744937, 37.281688], [-6.74505, 37.281684], [-6.745054, 37.281774], [-6.744833, 37.281871], [-6.744838, 37.281961], [-6.745067, 37.282044], [-6.745198, 37.2824], [-6.745085, 37.282404], [-6.74509, 37.282494], [-6.744752, 37.282504], [-6.744756, 37.282594], [-6.744531, 37.282601], [-6.744549, 37.282961], [-6.744328, 37.283058], [-6.744324, 37.282968], [-6.744211, 37.282972], [-6.744108, 37.283155], [-6.74422, 37.283152], [-6.744225, 37.283242], [-6.744, 37.283249], [-6.744018, 37.283609], [-6.743905, 37.283612]]]}, "properties": {"id": "donana-2025-167980-4132780", "ha": 1.03, "plastic_dates": 4.8, "valid_dates": 8.6, "admin_zone": "Zona C", "plan_zone": "Zona C - No regable", "distance_to_irrigable_m": 16, "sigpac_ref": "21:46:0:0:28:29:16", "sigpac_use": "IV", "sigpac_irrigation_coef": 79, "sigpac_url": "https://sigpac-hubcloud.es/servicioconsultassigpac/query/recinfo/21/46/0/0/28/29/16.json", "declared_greenhouse_share": 1.0, "declared_irrigated_share": 1.0, "lon": -6.744693, "lat": 37.282461}}, {"type": "Feature", "geometry": {"type": "Polygon", "coordinates": [[[-6.582108, 37.266914], [-6.582099, 37.266734], [-6.581874, 37.26674], [-6.581995, 37.266917], [-6.581883, 37.26692], [-6.581879, 37.26683], [-6.581653, 37.266837], [-6.581758, 37.266654], [-6.581532, 37.266661], [-6.581537, 37.266751], [-6.581424, 37.266754], [-6.581416, 37.266574], [-6.58119, 37.266581], [-6.581195, 37.266671], [-6.581082, 37.266674], [-6.581069, 37.266404], [-6.581182, 37.266401], [-6.581173, 37.266221], [-6.581286, 37.266218], [-6.581282, 37.266128], [-6.581507, 37.266121], [-6.581386, 37.265944], [-6.581498, 37.265941], [-6.581494, 37.265851], [-6.581719, 37.265844], [-6.581823, 37.265661], [-6.582048, 37.265654], [-6.58204, 37.265474], [-6.58249, 37.26546], [-6.582494, 37.26555], [-6.582157, 37.265561], [-6.582161, 37.265651], [-6.582386, 37.265644], [-6.58239, 37.265734], [-6.582165, 37.265741], [-6.582178, 37.266011], [-6.58229, 37.266007], [-6.582295, 37.266097], [-6.582182, 37.2661], [-6.582186, 37.26619], [-6.582412, 37.266184], [-6.582407, 37.266094], [-6.58252, 37.26609], [-6.582528, 37.26627], [-6.582303, 37.266277], [-6.582325, 37.266727], [-6.582212, 37.26673], [-6.582221, 37.26691], [-6.582108, 37.266914]], [[-6.581636, 37.266477], [-6.581524, 37.266481], [-6.581528, 37.266571], [-6.581641, 37.266567], [-6.581636, 37.266477]], [[-6.582065, 37.266014], [-6.58184, 37.266021], [-6.581844, 37.266111], [-6.58207, 37.266104], [-6.582065, 37.266014]], [[-6.581723, 37.265934], [-6.581611, 37.265938], [-6.581615, 37.266028], [-6.581728, 37.266024], [-6.581723, 37.265934]]]}, "properties": {"id": "donana-2025-182360-4130420", "ha": 1.03, "plastic_dates": 3.7, "valid_dates": 8.2, "admin_zone": "Zona C", "plan_zone": "Zona C - No regable", "distance_to_irrigable_m": 20, "sigpac_ref": "21:5:0:0:16:42:25", "sigpac_use": "IV", "sigpac_irrigation_coef": 31, "sigpac_url": "https://sigpac-hubcloud.es/servicioconsultassigpac/query/recinfo/21/5/0/0/16/42/25.json", "declared_greenhouse_share": 1.0, "declared_irrigated_share": 1.0, "lon": -6.581851, "lat": 37.266246}}, {"type": "Feature", "geometry": {"type": "Polygon", "coordinates": [[[-6.587461, 37.222966], [-6.587574, 37.222963], [-6.58757, 37.222873], [-6.587682, 37.222869], [-6.587674, 37.222689], [-6.587786, 37.222686], [-6.587782, 37.222596], [-6.587894, 37.222593], [-6.587899, 37.222683], [-6.588124, 37.222676], [-6.588128, 37.222766], [-6.588353, 37.222759], [-6.588474, 37.222935], [-6.588699, 37.222929], [-6.58882, 37.223105], [-6.588932, 37.223102], [-6.588941, 37.223282], [-6.58872, 37.223378], [-6.588729, 37.223558], [-6.588391, 37.223569], [-6.58827, 37.223392], [-6.588158, 37.223395], [-6.588153, 37.223305], [-6.587928, 37.223312], [-6.587924, 37.223222], [-6.587812, 37.223226], [-6.587816, 37.223316], [-6.587703, 37.223319], [-6.587712, 37.223499], [-6.587487, 37.223506], [-6.587491, 37.223596], [-6.587379, 37.223599], [-6.587387, 37.223779], [-6.587158, 37.223696], [-6.587154, 37.223606], [-6.587041, 37.223609], [-6.587033, 37.22343], [-6.587145, 37.223426], [-6.587137, 37.223246], [-6.587357, 37.223149], [-6.587353, 37.223059], [-6.587466, 37.223056], [-6.587461, 37.222966]], [[-6.58747, 37.223146], [-6.587582, 37.223143], [-6.587578, 37.223053], [-6.587466, 37.223056], [-6.58747, 37.223146]]]}, "properties": {"id": "donana-2025-181620-4125660", "ha": 1.03, "plastic_dates": 5.1, "valid_dates": 7.8, "admin_zone": "Zona C", "plan_zone": "Zona C - No regable", "distance_to_irrigable_m": 69, "sigpac_ref": "21:5:0:0:42:16:28", "sigpac_use": "IV", "sigpac_irrigation_coef": 0, "sigpac_url": "https://sigpac-hubcloud.es/servicioconsultassigpac/query/recinfo/21/5/0/0/42/16/28.json", "declared_greenhouse_share": 1.0, "declared_irrigated_share": 0.0, "lon": -6.588091, "lat": 37.223172}}, {"type": "Feature", "geometry": {"type": "Polygon", "coordinates": [[[-6.714492, 37.238054], [-6.714488, 37.237964], [-6.714038, 37.237978], [-6.714033, 37.237888], [-6.713358, 37.237909], [-6.713354, 37.237819], [-6.713466, 37.237816], [-6.713453, 37.237546], [-6.713566, 37.237543], [-6.713557, 37.237363], [-6.713669, 37.237359], [-6.713665, 37.237269], [-6.713777, 37.237266], [-6.713786, 37.237446], [-6.714007, 37.237348], [-6.714016, 37.237528], [-6.714236, 37.237431], [-6.714227, 37.237251], [-6.714115, 37.237255], [-6.71411, 37.237165], [-6.714223, 37.237162], [-6.71421, 37.236892], [-6.713985, 37.236899], [-6.71398, 37.236809], [-6.714318, 37.236798], [-6.714439, 37.236975], [-6.714552, 37.236971], [-6.714556, 37.237061], [-6.714781, 37.237054], [-6.714794, 37.237324], [-6.714574, 37.237421], [-6.714587, 37.237691], [-6.715041, 37.237766], [-6.715046, 37.237856], [-6.715271, 37.237849], [-6.715275, 37.237939], [-6.71505, 37.237946], [-6.715055, 37.238036], [-6.714492, 37.238054]], [[-6.714353, 37.237518], [-6.714241, 37.237521], [-6.714245, 37.237611], [-6.714357, 37.237608], [-6.714353, 37.237518]]]}, "properties": {"id": "donana-2025-170480-4127680", "ha": 1.02, "plastic_dates": 3.9, "valid_dates": 6.9, "admin_zone": "Zona A", "plan_zone": "Zona A - Suelo Forestal", "distance_to_irrigable_m": 15, "sigpac_ref": "21:46:0:0:11:1:20", "sigpac_use": "IV", "sigpac_irrigation_coef": 0, "sigpac_url": "https://sigpac-hubcloud.es/servicioconsultassigpac/query/recinfo/21/46/0/0/11/1/20.json", "declared_greenhouse_share": 1.0, "declared_irrigated_share": 0.0, "lon": -6.714351, "lat": 37.237473}}, {"type": "Feature", "geometry": {"type": "Polygon", "coordinates": [[[-6.763048, 37.271833], [-6.762927, 37.271657], [-6.762814, 37.271661], [-6.76281, 37.271571], [-6.762697, 37.271574], [-6.762693, 37.271484], [-6.762805, 37.271481], [-6.762801, 37.271391], [-6.763026, 37.271384], [-6.763021, 37.271294], [-6.763246, 37.271287], [-6.763242, 37.271197], [-6.763467, 37.271189], [-6.763571, 37.271006], [-6.764016, 37.270902], [-6.764012, 37.270812], [-6.764237, 37.270805], [-6.764232, 37.270715], [-6.764345, 37.270711], [-6.764336, 37.270531], [-6.764561, 37.270524], [-6.76457, 37.270704], [-6.764683, 37.2707], [-6.764692, 37.27088], [-6.764804, 37.270877], [-6.764809, 37.270967], [-6.764588, 37.271064], [-6.764592, 37.271154], [-6.764367, 37.271161], [-6.764372, 37.271251], [-6.764259, 37.271254], [-6.764273, 37.271524], [-6.76371, 37.271542], [-6.763606, 37.271726], [-6.763381, 37.271733], [-6.763368, 37.271463], [-6.763255, 37.271466], [-6.76326, 37.271556], [-6.763147, 37.27156], [-6.763156, 37.27174], [-6.763269, 37.271736], [-6.763273, 37.271826], [-6.763048, 37.271833]], [[-6.764039, 37.271351], [-6.763926, 37.271355], [-6.763931, 37.271445], [-6.764043, 37.271441], [-6.764039, 37.271351]]]}, "properties": {"id": "donana-2025-166240-4131600", "ha": 1.01, "plastic_dates": 4.9, "valid_dates": 9.1, "admin_zone": "Zona A", "plan_zone": "Zona A - Suelo Forestal", "distance_to_irrigable_m": 18, "sigpac_ref": "21:50:0:0:30:56:13", "sigpac_use": "IV", "sigpac_irrigation_coef": 100, "sigpac_url": "https://sigpac-hubcloud.es/servicioconsultassigpac/query/recinfo/21/50/0/0/30/56/13.json", "declared_greenhouse_share": 1.0, "declared_irrigated_share": 1.0, "lon": -6.763807, "lat": 37.271224}}, {"type": "Feature", "geometry": {"type": "Polygon", "coordinates": [[[-6.796584, 37.212384], [-6.79658, 37.212295], [-6.796242, 37.212305], [-6.796238, 37.212215], [-6.796125, 37.212219], [-6.796107, 37.211859], [-6.79622, 37.211856], [-6.796211, 37.211676], [-6.796323, 37.211672], [-6.796301, 37.211222], [-6.796413, 37.211219], [-6.796404, 37.211039], [-6.796629, 37.211032], [-6.796633, 37.211122], [-6.796971, 37.211111], [-6.796975, 37.211201], [-6.797088, 37.211197], [-6.797119, 37.211827], [-6.797007, 37.21183], [-6.797034, 37.21237], [-6.796584, 37.212384]]]}, "properties": {"id": "donana-2025-163060-4125120", "ha": 1.01, "plastic_dates": 7.6, "valid_dates": 10.0, "admin_zone": "Zona C", "plan_zone": "Zona C - No regable", "distance_to_irrigable_m": 21, "sigpac_ref": "21:50:0:0:33:53:3", "sigpac_use": "IV", "sigpac_irrigation_coef": 100, "sigpac_url": "https://sigpac-hubcloud.es/servicioconsultassigpac/query/recinfo/21/50/0/0/33/53/3.json", "declared_greenhouse_share": 1.0, "declared_irrigated_share": 0.93, "lon": -6.796665, "lat": 37.211751}}, {"type": "Feature", "geometry": {"type": "Polygon", "coordinates": [[[-6.745872, 37.243731], [-6.745868, 37.243641], [-6.745643, 37.243648], [-6.745522, 37.243472], [-6.745297, 37.243479], [-6.745288, 37.243299], [-6.745175, 37.243302], [-6.745162, 37.243032], [-6.745382, 37.242935], [-6.745378, 37.242845], [-6.745603, 37.242838], [-6.745598, 37.242748], [-6.745711, 37.242745], [-6.745832, 37.242921], [-6.745945, 37.242918], [-6.745949, 37.243008], [-6.746062, 37.243004], [-6.746066, 37.243094], [-6.746179, 37.24309], [-6.746183, 37.24318], [-6.746408, 37.243173], [-6.746399, 37.242993], [-6.746624, 37.242986], [-6.74662, 37.242896], [-6.746957, 37.242886], [-6.747061, 37.242702], [-6.747399, 37.242691], [-6.747403, 37.242781], [-6.747291, 37.242785], [-6.747299, 37.242965], [-6.747079, 37.243062], [-6.747088, 37.243242], [-6.746413, 37.243263], [-6.746309, 37.243447], [-6.746197, 37.24345], [-6.746201, 37.24354], [-6.746089, 37.243544], [-6.746093, 37.243634], [-6.745981, 37.243637], [-6.745985, 37.243727], [-6.745872, 37.243731]]]}, "properties": {"id": "donana-2025-167680-4128430", "ha": 1.0, "plastic_dates": 7.9, "valid_dates": 9.4, "admin_zone": "Zona C", "plan_zone": "Zona C - No regable", "distance_to_irrigable_m": 21, "sigpac_ref": "21:46:0:0:16:5:74", "sigpac_use": "IV", "sigpac_irrigation_coef": 0, "sigpac_url": "https://sigpac-hubcloud.es/servicioconsultassigpac/query/recinfo/21/46/0/0/16/5/74.json", "declared_greenhouse_share": 1.0, "declared_irrigated_share": 0.21, "lon": -6.746129, "lat": 37.243227}}, {"type": "Feature", "geometry": {"type": "Polygon", "coordinates": [[[-6.737683, 37.242188], [-6.737678, 37.242098], [-6.737453, 37.242105], [-6.737449, 37.242015], [-6.737224, 37.242022], [-6.737219, 37.241932], [-6.736544, 37.241954], [-6.736531, 37.241684], [-6.736756, 37.241677], [-6.73686, 37.241493], [-6.736972, 37.24149], [-6.736968, 37.2414], [-6.73708, 37.241396], [-6.737076, 37.241306], [-6.737188, 37.241303], [-6.737184, 37.241213], [-6.737296, 37.241209], [-6.737292, 37.241119], [-6.737517, 37.241112], [-6.737512, 37.241022], [-6.737737, 37.241015], [-6.737742, 37.241105], [-6.738079, 37.241094], [-6.737994, 37.241638], [-6.737881, 37.241641], [-6.73789, 37.241821], [-6.737778, 37.241825], [-6.737795, 37.242185], [-6.737683, 37.242188]]]}, "properties": {"id": "donana-2025-168450-4128220", "ha": 1.0, "plastic_dates": 3.7, "valid_dates": 7.8, "admin_zone": "Zona A", "plan_zone": "Zona A - Suelo Forestal", "distance_to_irrigable_m": 18, "sigpac_ref": "21:46:0:0:16:6:16", "sigpac_use": "IV", "sigpac_irrigation_coef": 0, "sigpac_url": "https://sigpac-hubcloud.es/servicioconsultassigpac/query/recinfo/21/46/0/0/16/6/16.json", "declared_greenhouse_share": 1.0, "declared_irrigated_share": 0.0, "lon": -6.737373, "lat": 37.241612}}, {"type": "Feature", "geometry": {"type": "Polygon", "coordinates": [[[-6.795123, 37.286483], [-6.795109, 37.286213], [-6.794997, 37.286217], [-6.794988, 37.286037], [-6.794875, 37.286041], [-6.794861, 37.285771], [-6.795087, 37.285764], [-6.795082, 37.285674], [-6.795532, 37.285659], [-6.795523, 37.285479], [-6.795636, 37.285476], [-6.79564, 37.285566], [-6.795753, 37.285562], [-6.795762, 37.285742], [-6.795875, 37.285738], [-6.795906, 37.286368], [-6.796019, 37.286364], [-6.796032, 37.286634], [-6.79592, 37.286638], [-6.795924, 37.286728], [-6.795587, 37.286739], [-6.795591, 37.286828], [-6.795366, 37.286836], [-6.795361, 37.286746], [-6.795249, 37.286749], [-6.795235, 37.28648], [-6.795123, 37.286483]], [[-6.795348, 37.286476], [-6.795343, 37.286386], [-6.795231, 37.28639], [-6.795235, 37.28648], [-6.795348, 37.286476]]]}, "properties": {"id": "donana-2025-163500-4133370", "ha": 0.95, "plastic_dates": 4.2, "valid_dates": 10.4, "admin_zone": "Zona C", "plan_zone": "Zona C - No regable", "distance_to_irrigable_m": 88, "sigpac_ref": "21:50:0:0:9:139:3", "sigpac_use": "IV", "sigpac_irrigation_coef": 100, "sigpac_url": "https://sigpac-hubcloud.es/servicioconsultassigpac/query/recinfo/21/50/0/0/9/139/3.json", "declared_greenhouse_share": 1.0, "declared_irrigated_share": 0.91, "lon": -6.795442, "lat": 37.286113}}, {"type": "Feature", "geometry": {"type": "Polygon", "coordinates": [[[-6.750563, 37.274663], [-6.750554, 37.274483], [-6.750329, 37.27449], [-6.750334, 37.27458], [-6.749883, 37.274594], [-6.74987, 37.274324], [-6.749645, 37.274331], [-6.749523, 37.274155], [-6.749069, 37.274079], [-6.749064, 37.273989], [-6.749285, 37.273892], [-6.74928, 37.273802], [-6.749618, 37.273792], [-6.74974, 37.273968], [-6.75019, 37.273954], [-6.750293, 37.27377], [-6.750406, 37.273767], [-6.750527, 37.273943], [-6.750865, 37.273932], [-6.750874, 37.274112], [-6.750987, 37.274109], [-6.751, 37.274378], [-6.750887, 37.274382], [-6.750896, 37.274562], [-6.750784, 37.274565], [-6.750788, 37.274655], [-6.750563, 37.274663]]]}, "properties": {"id": "donana-2025-167450-4131890", "ha": 0.95, "plastic_dates": 6.0, "valid_dates": 9.0, "admin_zone": "Zona A", "plan_zone": "Zona A - Suelo Forestal", "distance_to_irrigable_m": 15, "sigpac_ref": "21:46:0:0:19:51:35", "sigpac_use": "IV", "sigpac_irrigation_coef": 5, "sigpac_url": "https://sigpac-hubcloud.es/servicioconsultassigpac/query/recinfo/21/46/0/0/19/51/35.json", "declared_greenhouse_share": 1.0, "declared_irrigated_share": 1.0, "lon": -6.750318, "lat": 37.274265}}, {"type": "Feature", "geometry": {"type": "Polygon", "coordinates": [[[-6.780543, 37.22497], [-6.780538, 37.22488], [-6.780763, 37.224873], [-6.780867, 37.224689], [-6.780979, 37.224686], [-6.780975, 37.224596], [-6.7812, 37.224589], [-6.781195, 37.224499], [-6.781308, 37.224495], [-6.781299, 37.224315], [-6.781411, 37.224312], [-6.781407, 37.224222], [-6.781519, 37.224218], [-6.781528, 37.224398], [-6.781416, 37.224402], [-6.78142, 37.224492], [-6.78165, 37.224574], [-6.781659, 37.224754], [-6.781771, 37.224751], [-6.781784, 37.22502], [-6.781564, 37.225118], [-6.781569, 37.225208], [-6.781344, 37.225215], [-6.781348, 37.225305], [-6.781011, 37.225315], [-6.781015, 37.225405], [-6.780453, 37.225423], [-6.780448, 37.225333], [-6.780336, 37.225337], [-6.780327, 37.225157], [-6.780097, 37.225074], [-6.780088, 37.224895], [-6.780426, 37.224884], [-6.78043, 37.224974], [-6.780543, 37.22497]], [[-6.780318, 37.224977], [-6.780322, 37.225067], [-6.780435, 37.225064], [-6.78043, 37.224974], [-6.780318, 37.224977]]]}, "properties": {"id": "donana-2025-164480-4126510", "ha": 0.95, "plastic_dates": 4.8, "valid_dates": 9.7, "admin_zone": "Zona A", "plan_zone": "Zona A - Suelo Forestal", "distance_to_irrigable_m": 15, "sigpac_ref": "21:50:0:0:32:53:66", "sigpac_use": "IV", "sigpac_irrigation_coef": 100, "sigpac_url": "https://sigpac-hubcloud.es/servicioconsultassigpac/query/recinfo/21/50/0/0/32/53/66.json", "declared_greenhouse_share": 1.0, "declared_irrigated_share": 1.0, "lon": -6.781267, "lat": 37.224812}}, {"type": "Feature", "geometry": {"type": "Polygon", "coordinates": [[[-6.799573, 37.222558], [-6.799443, 37.222202], [-6.79933, 37.222206], [-6.799321, 37.222026], [-6.799209, 37.22203], [-6.7992, 37.22185], [-6.799087, 37.221853], [-6.799078, 37.221674], [-6.798966, 37.221677], [-6.798952, 37.221407], [-6.799177, 37.2214], [-6.799172, 37.22131], [-6.799397, 37.221303], [-6.799402, 37.221393], [-6.800077, 37.221371], [-6.800095, 37.221731], [-6.799982, 37.221735], [-6.800023, 37.222544], [-6.799798, 37.222551], [-6.799803, 37.222641], [-6.799573, 37.222558]]]}, "properties": {"id": "donana-2025-162840-4126260", "ha": 0.94, "plastic_dates": 6.1, "valid_dates": 9.9, "admin_zone": "Zona A", "plan_zone": "Zona A - Suelo Forestal", "distance_to_irrigable_m": 11, "sigpac_ref": "21:50:0:0:33:30:5", "sigpac_use": "IV", "sigpac_irrigation_coef": 100, "sigpac_url": "https://sigpac-hubcloud.es/servicioconsultassigpac/query/recinfo/21/50/0/0/33/30/5.json", "declared_greenhouse_share": 0.56, "declared_irrigated_share": 1.0, "lon": -6.799598, "lat": 37.221927}}, {"type": "Feature", "geometry": {"type": "Polygon", "coordinates": [[[-6.748485, 37.271395], [-6.74848, 37.271305], [-6.748255, 37.271312], [-6.748246, 37.271132], [-6.748134, 37.271136], [-6.748129, 37.271046], [-6.747679, 37.27106], [-6.74767, 37.27088], [-6.747332, 37.270891], [-6.747323, 37.270711], [-6.747098, 37.270718], [-6.746977, 37.270542], [-6.746864, 37.270546], [-6.746855, 37.270366], [-6.746743, 37.270369], [-6.746738, 37.270279], [-6.747301, 37.270262], [-6.747305, 37.270352], [-6.747531, 37.270344], [-6.747535, 37.270434], [-6.74776, 37.270427], [-6.747765, 37.270517], [-6.74799, 37.27051], [-6.747994, 37.2706], [-6.748219, 37.270593], [-6.748341, 37.270769], [-6.748453, 37.270766], [-6.748458, 37.270856], [-6.748683, 37.270848], [-6.748804, 37.271025], [-6.748917, 37.271021], [-6.748921, 37.271111], [-6.748701, 37.271208], [-6.748705, 37.271298], [-6.748593, 37.271302], [-6.748597, 37.271392], [-6.748485, 37.271395]]]}, "properties": {"id": "donana-2025-167650-4131500", "ha": 0.93, "plastic_dates": 4.5, "valid_dates": 9.0, "admin_zone": "Zona A", "plan_zone": "Zona A - Suelo Forestal", "distance_to_irrigable_m": 145, "sigpac_ref": "21:46:0:0:19:51:22", "sigpac_use": "IV", "sigpac_irrigation_coef": 0, "sigpac_url": "https://sigpac-hubcloud.es/servicioconsultassigpac/query/recinfo/21/46/0/0/19/51/22.json", "declared_greenhouse_share": 1.0, "declared_irrigated_share": 0.0, "lon": -6.747893, "lat": 37.270828}}, {"type": "Feature", "geometry": {"type": "MultiPolygon", "coordinates": [[[[-6.743687, 37.267854], [-6.743575, 37.267857], [-6.743579, 37.267947], [-6.743354, 37.267954], [-6.743358, 37.268044], [-6.743246, 37.268048], [-6.74325, 37.268138], [-6.742688, 37.268155], [-6.742679, 37.267976], [-6.742791, 37.267972], [-6.742796, 37.268062], [-6.743133, 37.268051], [-6.74312, 37.267781], [-6.743007, 37.267785], [-6.743003, 37.267695], [-6.743462, 37.267861], [-6.743566, 37.267677], [-6.743791, 37.26767], [-6.743687, 37.267854]]], [[[-6.743543, 37.267228], [-6.743517, 37.266688], [-6.743296, 37.266785], [-6.743292, 37.266695], [-6.743066, 37.266702], [-6.743062, 37.266612], [-6.743283, 37.266515], [-6.743278, 37.266425], [-6.743503, 37.266418], [-6.743499, 37.266328], [-6.743836, 37.266317], [-6.743845, 37.266497], [-6.744075, 37.26658], [-6.744084, 37.26676], [-6.744313, 37.266843], [-6.74421, 37.267026], [-6.744097, 37.26703], [-6.744128, 37.267659], [-6.743791, 37.26767], [-6.743894, 37.267487], [-6.743665, 37.267404], [-6.743656, 37.267224], [-6.743543, 37.267228]], [[-6.743768, 37.26722], [-6.743755, 37.266951], [-6.743643, 37.266954], [-6.743656, 37.267224], [-6.743768, 37.26722]], [[-6.743868, 37.266947], [-6.743854, 37.266677], [-6.743742, 37.266681], [-6.743755, 37.266951], [-6.743868, 37.266947]]], [[[-6.742557, 37.267799], [-6.742562, 37.267889], [-6.742674, 37.267886], [-6.742679, 37.267976], [-6.742449, 37.267893], [-6.742445, 37.267803], [-6.742557, 37.267799]]], [[[-6.74244, 37.267713], [-6.742445, 37.267803], [-6.742332, 37.267806], [-6.742328, 37.267716], [-6.74244, 37.267713]]], [[[-6.742215, 37.26772], [-6.742211, 37.26763], [-6.742098, 37.267634], [-6.742094, 37.267544], [-6.742323, 37.267626], [-6.742328, 37.267716], [-6.742215, 37.26772]]]]}, "properties": {"id": "donana-2025-167990-4131100", "ha": 0.93, "plastic_dates": 3.1, "valid_dates": 6.0, "admin_zone": "Zona C", "plan_zone": "Zona C - No regable", "distance_to_irrigable_m": 129, "sigpac_ref": "21:46:0:0:27:5:2", "sigpac_use": "IV", "sigpac_irrigation_coef": 0, "sigpac_url": "https://sigpac-hubcloud.es/servicioconsultassigpac/query/recinfo/21/46/0/0/27/5/2.json", "declared_greenhouse_share": 1.0, "declared_irrigated_share": 0.0, "lon": -6.743885, "lat": 37.267307}}, {"type": "Feature", "geometry": {"type": "Polygon", "coordinates": [[[-6.711438, 37.260762], [-6.711213, 37.260769], [-6.711218, 37.260859], [-6.711105, 37.260863], [-6.711096, 37.260683], [-6.710984, 37.260687], [-6.710979, 37.260597], [-6.710867, 37.2606], [-6.710853, 37.26033], [-6.711074, 37.260233], [-6.71107, 37.260143], [-6.711182, 37.26014], [-6.711178, 37.26005], [-6.711403, 37.260043], [-6.711507, 37.259859], [-6.711619, 37.259856], [-6.711615, 37.259766], [-6.71184, 37.259759], [-6.711943, 37.259575], [-6.712168, 37.259568], [-6.712272, 37.259385], [-6.712718, 37.259281], [-6.712839, 37.259457], [-6.712952, 37.259454], [-6.712956, 37.259544], [-6.712844, 37.259547], [-6.712848, 37.259637], [-6.712623, 37.259644], [-6.712627, 37.259734], [-6.71229, 37.259745], [-6.712186, 37.259928], [-6.712074, 37.259932], [-6.712069, 37.259842], [-6.711844, 37.259849], [-6.711875, 37.260478], [-6.711763, 37.260482], [-6.711767, 37.260572], [-6.711542, 37.260579], [-6.711537, 37.260489], [-6.711425, 37.260492], [-6.711438, 37.260762]], [[-6.711304, 37.260316], [-6.711078, 37.260323], [-6.7112, 37.2605], [-6.711425, 37.260492], [-6.711304, 37.260316]], [[-6.712389, 37.259471], [-6.712277, 37.259475], [-6.712281, 37.259565], [-6.712394, 37.259561], [-6.712389, 37.259471]]]}, "properties": {"id": "donana-2025-170830-4130180", "ha": 0.92, "plastic_dates": 3.7, "valid_dates": 7.3, "admin_zone": "Zona C", "plan_zone": "Zona C - No regable", "distance_to_irrigable_m": 20, "sigpac_ref": "21:46:0:0:9:74:15", "sigpac_use": "IV", "sigpac_irrigation_coef": 0, "sigpac_url": "https://sigpac-hubcloud.es/servicioconsultassigpac/query/recinfo/21/46/0/0/9/74/15.json", "declared_greenhouse_share": 1.0, "declared_irrigated_share": 0.0, "lon": -6.711518, "lat": 37.260084}}, {"type": "Feature", "geometry": {"type": "Polygon", "coordinates": [[[-6.763451, 37.241461], [-6.763442, 37.241281], [-6.763105, 37.241292], [-6.763078, 37.240752], [-6.762965, 37.240756], [-6.762961, 37.240666], [-6.763073, 37.240662], [-6.763069, 37.240572], [-6.763519, 37.240558], [-6.763532, 37.240828], [-6.763645, 37.240824], [-6.763654, 37.241004], [-6.763879, 37.240997], [-6.763892, 37.241267], [-6.764005, 37.241263], [-6.763991, 37.240993], [-6.764216, 37.240986], [-6.764221, 37.241076], [-6.764333, 37.241072], [-6.76423, 37.241256], [-6.764117, 37.241259], [-6.764126, 37.241439], [-6.763901, 37.241447], [-6.76391, 37.241626], [-6.764023, 37.241623], [-6.763919, 37.241806], [-6.764032, 37.241803], [-6.764054, 37.242252], [-6.763829, 37.24226], [-6.763833, 37.24235], [-6.763721, 37.242353], [-6.763703, 37.241993], [-6.76359, 37.241997], [-6.763564, 37.241457], [-6.763451, 37.241461]], [[-6.763789, 37.24145], [-6.763784, 37.24136], [-6.763559, 37.241367], [-6.763564, 37.241457], [-6.763789, 37.24145]]]}, "properties": {"id": "donana-2025-166110-4128310", "ha": 0.92, "plastic_dates": 5.1, "valid_dates": 11.7, "admin_zone": "Zona A", "plan_zone": "Zona A - Suelo Forestal", "distance_to_irrigable_m": 15, "sigpac_ref": "21:50:0:0:32:65:55", "sigpac_use": "IV", "sigpac_irrigation_coef": 100, "sigpac_url": "https://sigpac-hubcloud.es/servicioconsultassigpac/query/recinfo/21/50/0/0/32/65/55.json", "declared_greenhouse_share": 0.98, "declared_irrigated_share": 0.97, "lon": -6.763737, "lat": 37.241542}}, {"type": "Feature", "geometry": {"type": "MultiPolygon", "coordinates": [[[[-6.768392, 37.220763], [-6.768504, 37.22076], [-6.768508, 37.22085], [-6.769183, 37.220828], [-6.769174, 37.220648], [-6.769287, 37.220645], [-6.769296, 37.220825], [-6.769633, 37.220814], [-6.769638, 37.220904], [-6.769525, 37.220907], [-6.769534, 37.221087], [-6.769755, 37.22099], [-6.769773, 37.22135], [-6.76966, 37.221354], [-6.769669, 37.221533], [-6.769219, 37.221548], [-6.769228, 37.221728], [-6.769003, 37.221735], [-6.768994, 37.221555], [-6.768544, 37.221569], [-6.768531, 37.221299], [-6.768643, 37.221296], [-6.768639, 37.221206], [-6.768526, 37.22121], [-6.768522, 37.22112], [-6.768409, 37.221123], [-6.768392, 37.220763]], [[-6.769107, 37.221551], [-6.769093, 37.221282], [-6.768981, 37.221285], [-6.768994, 37.221555], [-6.769107, 37.221551]]], [[[-6.768423, 37.221393], [-6.76831, 37.221397], [-6.768297, 37.221127], [-6.768409, 37.221123], [-6.768423, 37.221393]]]]}, "properties": {"id": "donana-2025-165540-4126070", "ha": 0.91, "plastic_dates": 2.1, "valid_dates": 9.9, "admin_zone": "Zona C", "plan_zone": "Zona C - No regable", "distance_to_irrigable_m": 502, "sigpac_ref": "21:50:0:0:32:85:2", "sigpac_use": "FO", "sigpac_irrigation_coef": 0, "sigpac_url": "https://sigpac-hubcloud.es/servicioconsultassigpac/query/recinfo/21/50/0/0/32/85/2.json", "declared_greenhouse_share": 0.0, "declared_irrigated_share": 0.0, "lon": -6.769203, "lat": 37.221233}}, {"type": "Feature", "geometry": {"type": "MultiPolygon", "coordinates": [[[[-6.732667, 37.282076], [-6.732681, 37.282346], [-6.732568, 37.282349], [-6.732555, 37.282079], [-6.732667, 37.282076]]], [[[-6.732442, 37.282083], [-6.732455, 37.282353], [-6.73133, 37.282388], [-6.731321, 37.282208], [-6.731433, 37.282205], [-6.731402, 37.281575], [-6.73174, 37.281564], [-6.731861, 37.281741], [-6.732424, 37.281723], [-6.73242, 37.281633], [-6.732532, 37.28163], [-6.732541, 37.281809], [-6.732654, 37.281806], [-6.732645, 37.281626], [-6.732757, 37.281622], [-6.732762, 37.281712], [-6.732875, 37.281709], [-6.732892, 37.282069], [-6.732663, 37.281986], [-6.732658, 37.281896], [-6.732546, 37.281899], [-6.732555, 37.282079], [-6.732442, 37.282083]]]]}, "properties": {"id": "donana-2025-169110-4132680", "ha": 0.89, "plastic_dates": 4.7, "valid_dates": 8.0, "admin_zone": "Zona C", "plan_zone": "Zona C - No regable", "distance_to_irrigable_m": 19, "sigpac_ref": "21:46:0:0:25:7:2", "sigpac_use": "IV", "sigpac_irrigation_coef": 0, "sigpac_url": "https://sigpac-hubcloud.es/servicioconsultassigpac/query/recinfo/21/46/0/0/25/7/2.json", "declared_greenhouse_share": 1.0, "declared_irrigated_share": 0.0, "lon": -6.731985, "lat": 37.281962}}, {"type": "Feature", "geometry": {"type": "Polygon", "coordinates": [[[-6.715771, 37.268644], [-6.715649, 37.268468], [-6.715195, 37.268392], [-6.715182, 37.268122], [-6.715294, 37.268119], [-6.715285, 37.267939], [-6.71551, 37.267932], [-6.715614, 37.267748], [-6.715839, 37.267741], [-6.715844, 37.267831], [-6.716069, 37.267824], [-6.716073, 37.267914], [-6.716298, 37.267907], [-6.716303, 37.267997], [-6.716528, 37.26799], [-6.716537, 37.26817], [-6.716424, 37.268173], [-6.716437, 37.268443], [-6.716217, 37.26854], [-6.716221, 37.26863], [-6.715771, 37.268644]]]}, "properties": {"id": "donana-2025-170480-4131110", "ha": 0.8, "plastic_dates": 5.7, "valid_dates": 8.4, "admin_zone": "Zona A", "plan_zone": "Zona A - Suelo Forestal", "distance_to_irrigable_m": 16, "sigpac_ref": "21:46:0:0:9:66:51", "sigpac_use": "IV", "sigpac_irrigation_coef": 0, "sigpac_url": "https://sigpac-hubcloud.es/servicioconsultassigpac/query/recinfo/21/46/0/0/9/66/51.json", "declared_greenhouse_share": 1.0, "declared_irrigated_share": 0.0, "lon": -6.715809, "lat": 37.268283}}, {"type": "Feature", "geometry": {"type": "Polygon", "coordinates": [[[-6.720999, 37.260372], [-6.720995, 37.260282], [-6.72077, 37.260289], [-6.720649, 37.260113], [-6.720311, 37.260123], [-6.72019, 37.259947], [-6.719964, 37.259954], [-6.720276, 37.259404], [-6.720955, 37.259472], [-6.721077, 37.259649], [-6.721414, 37.259638], [-6.721319, 37.260001], [-6.721099, 37.260098], [-6.721112, 37.260368], [-6.720999, 37.260372]]]}, "properties": {"id": "donana-2025-170020-4130190", "ha": 0.8, "plastic_dates": 4.3, "valid_dates": 9.7, "admin_zone": "Zona C", "plan_zone": "Zona C - No regable", "distance_to_irrigable_m": 108, "sigpac_ref": "21:46:0:0:10:102:1", "sigpac_use": "IV", "sigpac_irrigation_coef": 100, "sigpac_url": "https://sigpac-hubcloud.es/servicioconsultassigpac/query/recinfo/21/46/0/0/10/102/1.json", "declared_greenhouse_share": 1.0, "declared_irrigated_share": 0.86, "lon": -6.720637, "lat": 37.259888}}, {"type": "Feature", "geometry": {"type": "Polygon", "coordinates": [[[-6.74672, 37.281271], [-6.746563, 37.280375], [-6.747126, 37.280357], [-6.747121, 37.280267], [-6.747346, 37.28026], [-6.747225, 37.280084], [-6.747112, 37.280087], [-6.747108, 37.279997], [-6.74722, 37.279994], [-6.747216, 37.279904], [-6.747666, 37.279889], [-6.747671, 37.279979], [-6.747446, 37.279987], [-6.74745, 37.280076], [-6.747337, 37.28008], [-6.747342, 37.28017], [-6.74768, 37.280159], [-6.747684, 37.280249], [-6.747572, 37.280253], [-6.74758, 37.280433], [-6.747468, 37.280436], [-6.747481, 37.280706], [-6.747369, 37.28071], [-6.747378, 37.28089], [-6.747153, 37.280897], [-6.747161, 37.281077], [-6.747387, 37.281069], [-6.747391, 37.281159], [-6.747166, 37.281167], [-6.74717, 37.281256], [-6.74672, 37.281271]]]}, "properties": {"id": "donana-2025-167770-4132580", "ha": 0.79, "plastic_dates": 3.3, "valid_dates": 8.0, "admin_zone": "Zona A", "plan_zone": "Zona A - Suelo Forestal", "distance_to_irrigable_m": 16, "sigpac_ref": "21:46:0:0:19:140:1", "sigpac_use": "IV", "sigpac_irrigation_coef": 0, "sigpac_url": "https://sigpac-hubcloud.es/servicioconsultassigpac/query/recinfo/21/46/0/0/19/140/1.json", "declared_greenhouse_share": 1.0, "declared_irrigated_share": 0.0, "lon": -6.747024, "lat": 37.280585}}, {"type": "Feature", "geometry": {"type": "Polygon", "coordinates": [[[-6.757449, 37.268048], [-6.757444, 37.267958], [-6.757219, 37.267965], [-6.757215, 37.267875], [-6.75699, 37.267882], [-6.756985, 37.267792], [-6.75676, 37.267799], [-6.756756, 37.267709], [-6.756643, 37.267713], [-6.75663, 37.267443], [-6.756855, 37.267436], [-6.756846, 37.267256], [-6.757296, 37.267242], [-6.757301, 37.267332], [-6.757751, 37.267317], [-6.757755, 37.267407], [-6.758093, 37.267397], [-6.758102, 37.267576], [-6.757989, 37.26758], [-6.758003, 37.26785], [-6.757782, 37.267947], [-6.757786, 37.268037], [-6.757449, 37.268048]]]}, "properties": {"id": "donana-2025-166800-4131180", "ha": 0.79, "plastic_dates": 6.4, "valid_dates": 10.2, "admin_zone": "Zona A", "plan_zone": "Zona A - Suelo Forestal", "distance_to_irrigable_m": 19, "sigpac_ref": "21:46:0:0:18:11:58", "sigpac_use": "IV", "sigpac_irrigation_coef": 0, "sigpac_url": "https://sigpac-hubcloud.es/servicioconsultassigpac/query/recinfo/21/46/0/0/18/11/58.json", "declared_greenhouse_share": 1.0, "declared_irrigated_share": 0.0, "lon": -6.757316, "lat": 37.267646}}, {"type": "Feature", "geometry": {"type": "MultiPolygon", "coordinates": [[[[-6.580957, 37.266408], [-6.580965, 37.266588], [-6.580628, 37.266598], [-6.580636, 37.266778], [-6.580411, 37.266785], [-6.580398, 37.266515], [-6.580511, 37.266511], [-6.580507, 37.266422], [-6.580394, 37.266425], [-6.58039, 37.266335], [-6.580169, 37.266432], [-6.58016, 37.266252], [-6.579823, 37.266262], [-6.579818, 37.266172], [-6.579931, 37.266169], [-6.579918, 37.265899], [-6.580031, 37.265895], [-6.580022, 37.265715], [-6.580243, 37.265619], [-6.580247, 37.265709], [-6.580472, 37.265702], [-6.580468, 37.265612], [-6.580581, 37.265608], [-6.580589, 37.265788], [-6.580814, 37.265782], [-6.58081, 37.265692], [-6.581148, 37.265681], [-6.581152, 37.265771], [-6.580927, 37.265778], [-6.580931, 37.265868], [-6.580706, 37.265875], [-6.58071, 37.265965], [-6.580935, 37.265958], [-6.580953, 37.266318], [-6.580727, 37.266325], [-6.580732, 37.266415], [-6.580957, 37.266408]], [[-6.580273, 37.266248], [-6.580264, 37.266068], [-6.580152, 37.266072], [-6.58016, 37.266252], [-6.580273, 37.266248]], [[-6.580619, 37.266418], [-6.580623, 37.266508], [-6.580736, 37.266505], [-6.580732, 37.266415], [-6.580619, 37.266418]]], [[[-6.580239, 37.265529], [-6.580351, 37.265525], [-6.580339, 37.265255], [-6.580451, 37.265252], [-6.580468, 37.265612], [-6.580243, 37.265619], [-6.580239, 37.265529]]]]}, "properties": {"id": "donana-2025-182480-4130390", "ha": 0.79, "plastic_dates": 3.1, "valid_dates": 8.7, "admin_zone": "Zona C", "plan_zone": "Zona C - No regable", "distance_to_irrigable_m": 20, "sigpac_ref": "21:5:0:0:16:42:25", "sigpac_use": "IV", "sigpac_irrigation_coef": 31, "sigpac_url": "https://sigpac-hubcloud.es/servicioconsultassigpac/query/recinfo/21/5/0/0/16/42/25.json", "declared_greenhouse_share": 1.0, "declared_irrigated_share": 1.0, "lon": -6.580431, "lat": 37.266018}}, {"type": "Feature", "geometry": {"type": "Polygon", "coordinates": [[[-6.538676, 37.230112], [-6.538671, 37.230022], [-6.538446, 37.230028], [-6.538438, 37.229848], [-6.538213, 37.229855], [-6.538209, 37.229765], [-6.538096, 37.229769], [-6.538084, 37.229499], [-6.537854, 37.229415], [-6.53785, 37.229325], [-6.537738, 37.229329], [-6.537733, 37.229239], [-6.538183, 37.229225], [-6.538287, 37.229042], [-6.538513, 37.229035], [-6.538508, 37.228945], [-6.538621, 37.228942], [-6.538617, 37.228852], [-6.538842, 37.228845], [-6.538846, 37.228935], [-6.539071, 37.228928], [-6.538984, 37.229472], [-6.539213, 37.229555], [-6.539217, 37.229645], [-6.538992, 37.229652], [-6.538988, 37.229562], [-6.538875, 37.229565], [-6.538788, 37.230108], [-6.538676, 37.230112]], [[-6.538538, 37.229575], [-6.538763, 37.229568], [-6.538759, 37.229478], [-6.538646, 37.229482], [-6.538638, 37.229302], [-6.538413, 37.229309], [-6.538417, 37.229399], [-6.538304, 37.229402], [-6.538317, 37.229672], [-6.538542, 37.229665], [-6.538538, 37.229575]]]}, "properties": {"id": "donana-2025-186010-4126200", "ha": 0.79, "plastic_dates": 4.1, "valid_dates": 8.7, "admin_zone": "Zona C", "plan_zone": "Zona C - No regable", "distance_to_irrigable_m": 20, "sigpac_ref": "21:5:0:0:33:15:118", "sigpac_use": "IV", "sigpac_irrigation_coef": 0, "sigpac_url": "https://sigpac-hubcloud.es/servicioconsultassigpac/query/recinfo/21/5/0/0/33/15/118.json", "declared_greenhouse_share": 1.0, "declared_irrigated_share": 0.0, "lon": -6.538929, "lat": 37.229518}}, {"type": "Feature", "geometry": {"type": "Polygon", "coordinates": [[[-6.753227, 37.280614], [-6.753231, 37.280704], [-6.753569, 37.280693], [-6.753573, 37.280783], [-6.753911, 37.280772], [-6.753915, 37.280862], [-6.75414, 37.280855], [-6.754149, 37.281035], [-6.75392, 37.280952], [-6.753933, 37.281222], [-6.753821, 37.281226], [-6.753825, 37.281316], [-6.753487, 37.281326], [-6.753483, 37.281236], [-6.753033, 37.281251], [-6.752911, 37.281074], [-6.752573, 37.281085], [-6.752569, 37.280995], [-6.752344, 37.281002], [-6.752339, 37.280912], [-6.752227, 37.280916], [-6.752204, 37.280466], [-6.752542, 37.280455], [-6.752547, 37.280545], [-6.752884, 37.280535], [-6.752889, 37.280625], [-6.753227, 37.280614]], [[-6.752326, 37.280642], [-6.75233, 37.280732], [-6.752893, 37.280715], [-6.752889, 37.280625], [-6.752326, 37.280642]], [[-6.753803, 37.280866], [-6.753348, 37.28079], [-6.75347, 37.280967], [-6.753582, 37.280963], [-6.753587, 37.281053], [-6.753361, 37.28106], [-6.753366, 37.28115], [-6.753596, 37.281233], [-6.753803, 37.280866]], [[-6.753249, 37.281064], [-6.753136, 37.281067], [-6.753141, 37.281157], [-6.753253, 37.281154], [-6.753249, 37.281064]]]}, "properties": {"id": "donana-2025-167250-4132640", "ha": 0.78, "plastic_dates": 4.0, "valid_dates": 9.0, "admin_zone": "Zona C", "plan_zone": "Zona C - No regable", "distance_to_irrigable_m": 26, "sigpac_ref": "21:46:0:0:19:2:41", "sigpac_use": "IV", "sigpac_irrigation_coef": 100, "sigpac_url": "https://sigpac-hubcloud.es/servicioconsultassigpac/query/recinfo/21/46/0/0/19/2/41.json", "declared_greenhouse_share": 1.0, "declared_irrigated_share": 1.0, "lon": -6.752904, "lat": 37.280939}}, {"type": "Feature", "geometry": {"type": "Polygon", "coordinates": [[[-6.840829, 37.265188], [-6.840825, 37.265098], [-6.840037, 37.265123], [-6.840023, 37.264854], [-6.840244, 37.264756], [-6.840239, 37.264666], [-6.840464, 37.264659], [-6.840568, 37.264476], [-6.840905, 37.264465], [-6.840901, 37.264375], [-6.841126, 37.264367], [-6.841247, 37.264544], [-6.84136, 37.26454], [-6.841256, 37.264724], [-6.841369, 37.26472], [-6.841392, 37.26517], [-6.840829, 37.265188]]]}, "properties": {"id": "donana-2025-159380-4131160", "ha": 0.77, "plastic_dates": 6.4, "valid_dates": 9.6, "admin_zone": "Zona C", "plan_zone": "Zona C - No regable", "distance_to_irrigable_m": 17, "sigpac_ref": "21:50:0:0:14:362:2", "sigpac_use": "IV", "sigpac_irrigation_coef": 0, "sigpac_url": "https://sigpac-hubcloud.es/servicioconsultassigpac/query/recinfo/21/50/0/0/14/362/2.json", "declared_greenhouse_share": 1.0, "declared_irrigated_share": 0.0, "lon": -6.840752, "lat": 37.264785}}, {"type": "Feature", "geometry": {"type": "Polygon", "coordinates": [[[-6.740997, 37.254516], [-6.740993, 37.254426], [-6.740768, 37.254433], [-6.740764, 37.254343], [-6.740651, 37.254346], [-6.740642, 37.254166], [-6.74053, 37.25417], [-6.740516, 37.2539], [-6.740629, 37.253897], [-6.740615, 37.253627], [-6.741065, 37.253612], [-6.741187, 37.253789], [-6.741637, 37.253775], [-6.741641, 37.253865], [-6.741754, 37.253861], [-6.741763, 37.254041], [-6.74165, 37.254044], [-6.741664, 37.254314], [-6.741439, 37.254321], [-6.741448, 37.254501], [-6.740997, 37.254516]], [[-6.741326, 37.254325], [-6.741214, 37.254328], [-6.741218, 37.254418], [-6.741331, 37.254415], [-6.741326, 37.254325]]]}, "properties": {"id": "donana-2025-168180-4129620", "ha": 0.77, "plastic_dates": 5.2, "valid_dates": 9.4, "admin_zone": "Zona C", "plan_zone": "Zona C - No regable", "distance_to_irrigable_m": 373, "sigpac_ref": "21:46:0:0:26:7:1", "sigpac_use": "IV", "sigpac_irrigation_coef": 0, "sigpac_url": "https://sigpac-hubcloud.es/servicioconsultassigpac/query/recinfo/21/46/0/0/26/7/1.json", "declared_greenhouse_share": 0.99, "declared_irrigated_share": 0.0, "lon": -6.74109, "lat": 37.254107}}, {"type": "Feature", "geometry": {"type": "Polygon", "coordinates": [[[-6.776501, 37.243297], [-6.77647, 37.242667], [-6.776695, 37.24266], [-6.776686, 37.24248], [-6.776798, 37.242477], [-6.77692, 37.242653], [-6.777145, 37.242646], [-6.777149, 37.242736], [-6.777712, 37.242718], [-6.777725, 37.242988], [-6.777838, 37.242984], [-6.777847, 37.243164], [-6.777734, 37.243168], [-6.777739, 37.243257], [-6.776501, 37.243297]]]}, "properties": {"id": "donana-2025-164930-4128500", "ha": 0.77, "plastic_dates": 5.2, "valid_dates": 9.7, "admin_zone": "Zona A", "plan_zone": "Zona A - Suelo Forestal", "distance_to_irrigable_m": 19, "sigpac_ref": "21:50:0:0:32:6:1", "sigpac_use": "IV", "sigpac_irrigation_coef": 0, "sigpac_url": "https://sigpac-hubcloud.es/servicioconsultassigpac/query/recinfo/21/50/0/0/32/6/1.json", "declared_greenhouse_share": 0.91, "declared_irrigated_share": 0.18, "lon": -6.7771, "lat": 37.242872}}, {"type": "Feature", "geometry": {"type": "Polygon", "coordinates": [[[-6.776288, 37.209701], [-6.776275, 37.209431], [-6.776162, 37.209435], [-6.776158, 37.209345], [-6.775933, 37.209352], [-6.77591, 37.208902], [-6.775461, 37.208917], [-6.775478, 37.209276], [-6.775591, 37.209273], [-6.775595, 37.209363], [-6.775483, 37.209366], [-6.775501, 37.209726], [-6.775388, 37.20973], [-6.775348, 37.20892], [-6.775236, 37.208924], [-6.775213, 37.208474], [-6.775443, 37.208557], [-6.775438, 37.208467], [-6.775663, 37.20846], [-6.775784, 37.208636], [-6.775897, 37.208632], [-6.775901, 37.208722], [-6.776014, 37.208719], [-6.776032, 37.209079], [-6.776252, 37.208981], [-6.776248, 37.208891], [-6.776698, 37.208877], [-6.776576, 37.208701], [-6.776801, 37.208694], [-6.776805, 37.208784], [-6.776918, 37.20878], [-6.776814, 37.208963], [-6.776702, 37.208967], [-6.776706, 37.209057], [-6.776594, 37.209061], [-6.776599, 37.209151], [-6.776823, 37.209143], [-6.776828, 37.209233], [-6.776603, 37.20924], [-6.7765, 37.209424], [-6.776387, 37.209428], [-6.776401, 37.209697], [-6.776288, 37.209701]], [[-6.776374, 37.209158], [-6.776261, 37.209161], [-6.77627, 37.209341], [-6.776383, 37.209338], [-6.776374, 37.209158]], [[-6.775676, 37.20873], [-6.775564, 37.208733], [-6.775568, 37.208823], [-6.775681, 37.208819], [-6.775676, 37.20873]]]}, "properties": {"id": "donana-2025-164860-4124750", "ha": 0.77, "plastic_dates": 4.8, "valid_dates": 9.1, "admin_zone": "Zona C", "plan_zone": "Zona C - No regable", "distance_to_irrigable_m": 748, "sigpac_ref": "21:50:0:0:32:85:2", "sigpac_use": "FO", "sigpac_irrigation_coef": 0, "sigpac_url": "https://sigpac-hubcloud.es/servicioconsultassigpac/query/recinfo/21/50/0/0/32/85/2.json", "declared_greenhouse_share": 0.0, "declared_irrigated_share": 0.0, "lon": -6.776259, "lat": 37.209116}}, {"type": "Feature", "geometry": {"type": "Polygon", "coordinates": [[[-6.770828, 37.267351], [-6.770706, 37.267175], [-6.770594, 37.267179], [-6.770585, 37.266999], [-6.770364, 37.267096], [-6.77036, 37.267006], [-6.770247, 37.26701], [-6.770243, 37.26692], [-6.770468, 37.266912], [-6.770463, 37.266822], [-6.770238, 37.26683], [-6.770234, 37.26674], [-6.770679, 37.266635], [-6.770783, 37.266452], [-6.771008, 37.266445], [-6.771004, 37.266355], [-6.771116, 37.266351], [-6.771112, 37.266261], [-6.771337, 37.266254], [-6.771458, 37.26643], [-6.771571, 37.266427], [-6.771575, 37.266517], [-6.771463, 37.26652], [-6.771476, 37.26679], [-6.771364, 37.266794], [-6.771373, 37.266974], [-6.77126, 37.266977], [-6.771265, 37.267067], [-6.771152, 37.267071], [-6.771161, 37.267251], [-6.771049, 37.267254], [-6.771053, 37.267344], [-6.770828, 37.267351]]]}, "properties": {"id": "donana-2025-165590-4131140", "ha": 0.76, "plastic_dates": 4.8, "valid_dates": 8.8, "admin_zone": "Zona C", "plan_zone": "Zona C - No regable", "distance_to_irrigable_m": 19, "sigpac_ref": "21:50:0:0:30:58:25", "sigpac_use": "IV", "sigpac_irrigation_coef": 100, "sigpac_url": "https://sigpac-hubcloud.es/servicioconsultassigpac/query/recinfo/21/50/0/0/30/58/25.json", "declared_greenhouse_share": 0.99, "declared_irrigated_share": 0.97, "lon": -6.770916, "lat": 37.266853}}, {"type": "Feature", "geometry": {"type": "Polygon", "coordinates": [[[-6.707784, 37.27358], [-6.707663, 37.273403], [-6.70755, 37.273407], [-6.707546, 37.273317], [-6.707433, 37.27332], [-6.707429, 37.27323], [-6.707316, 37.273234], [-6.707308, 37.273054], [-6.70742, 37.27305], [-6.707403, 37.272691], [-6.70729, 37.272694], [-6.707286, 37.272604], [-6.707398, 37.272601], [-6.707394, 37.272511], [-6.707281, 37.272514], [-6.707277, 37.272424], [-6.707389, 37.272421], [-6.70738, 37.272241], [-6.707493, 37.272237], [-6.707497, 37.272327], [-6.707835, 37.272317], [-6.707831, 37.272227], [-6.707943, 37.272223], [-6.708065, 37.2724], [-6.708177, 37.272396], [-6.708182, 37.272486], [-6.707956, 37.272493], [-6.707965, 37.272673], [-6.707853, 37.272677], [-6.707857, 37.272767], [-6.70797, 37.272763], [-6.707983, 37.273033], [-6.708096, 37.273029], [-6.708122, 37.273569], [-6.707784, 37.27358]], [[-6.70787, 37.273036], [-6.707758, 37.27304], [-6.707762, 37.27313], [-6.707875, 37.273126], [-6.70787, 37.273036]], [[-6.707749, 37.27286], [-6.707524, 37.272867], [-6.707528, 37.272957], [-6.707753, 37.27295], [-6.707749, 37.27286]]]}, "properties": {"id": "donana-2025-171210-4131590", "ha": 0.75, "plastic_dates": 3.5, "valid_dates": 9.6, "admin_zone": "Zona C", "plan_zone": "Zona C - No regable", "distance_to_irrigable_m": 25, "sigpac_ref": "21:46:0:0:9:40:2", "sigpac_use": "IV", "sigpac_irrigation_coef": 0, "sigpac_url": "https://sigpac-hubcloud.es/servicioconsultassigpac/query/recinfo/21/46/0/0/9/40/2.json", "declared_greenhouse_share": 1.0, "declared_irrigated_share": 0.0, "lon": -6.707864, "lat": 37.272901}}, {"type": "Feature", "geometry": {"type": "Polygon", "coordinates": [[[-6.733853, 37.242219], [-6.733844, 37.242039], [-6.733619, 37.242046], [-6.73361, 37.241866], [-6.733385, 37.241873], [-6.733376, 37.241693], [-6.732926, 37.241708], [-6.732931, 37.241798], [-6.732593, 37.241808], [-6.732472, 37.241632], [-6.732697, 37.241625], [-6.732801, 37.241441], [-6.732913, 37.241438], [-6.732909, 37.241348], [-6.733134, 37.241341], [-6.733129, 37.241251], [-6.733242, 37.241247], [-6.733237, 37.241157], [-6.733462, 37.24115], [-6.733467, 37.24124], [-6.733804, 37.24123], [-6.733926, 37.241406], [-6.734038, 37.241402], [-6.734056, 37.241762], [-6.733943, 37.241766], [-6.733966, 37.242215], [-6.733853, 37.242219]], [[-6.73393, 37.241496], [-6.733818, 37.241499], [-6.733822, 37.241589], [-6.733934, 37.241586], [-6.73393, 37.241496]]]}, "properties": {"id": "donana-2025-168780-4128220", "ha": 0.75, "plastic_dates": 3.9, "valid_dates": 8.7, "admin_zone": "Zona C", "plan_zone": "Zona C - No regable", "distance_to_irrigable_m": 74, "sigpac_ref": "21:46:0:0:11:15:4", "sigpac_use": "IV", "sigpac_irrigation_coef": 0, "sigpac_url": "https://sigpac-hubcloud.es/servicioconsultassigpac/query/recinfo/21/46/0/0/11/15/4.json", "declared_greenhouse_share": 1.0, "declared_irrigated_share": 0.0, "lon": -6.733716, "lat": 37.241728}}, {"type": "Feature", "geometry": {"type": "Polygon", "coordinates": [[[-6.742494, 37.241495], [-6.742489, 37.241405], [-6.742377, 37.241409], [-6.742368, 37.241229], [-6.741806, 37.241247], [-6.741801, 37.241157], [-6.741576, 37.241164], [-6.741567, 37.240984], [-6.741792, 37.240977], [-6.741788, 37.240887], [-6.7419, 37.240884], [-6.741891, 37.240704], [-6.742112, 37.240607], [-6.742107, 37.240517], [-6.74222, 37.240513], [-6.742215, 37.240423], [-6.742328, 37.24042], [-6.742341, 37.240689], [-6.742571, 37.240772], [-6.742575, 37.240862], [-6.742688, 37.240859], [-6.742692, 37.240949], [-6.742805, 37.240945], [-6.742809, 37.241035], [-6.743372, 37.241017], [-6.743367, 37.240927], [-6.74348, 37.240924], [-6.743376, 37.241107], [-6.743039, 37.241118], [-6.742935, 37.241301], [-6.742823, 37.241305], [-6.742827, 37.241395], [-6.742714, 37.241398], [-6.742719, 37.241488], [-6.742494, 37.241495]]]}, "properties": {"id": "donana-2025-168020-4128170", "ha": 0.75, "plastic_dates": 7.2, "valid_dates": 8.3, "admin_zone": "Zona C", "plan_zone": "Zona C - No regable", "distance_to_irrigable_m": 16, "sigpac_ref": "21:46:0:0:16:5:54", "sigpac_use": "IV", "sigpac_irrigation_coef": 100, "sigpac_url": "https://sigpac-hubcloud.es/servicioconsultassigpac/query/recinfo/21/46/0/0/16/5/54.json", "declared_greenhouse_share": 0.93, "declared_irrigated_share": 0.91, "lon": -6.742188, "lat": 37.24101}}, {"type": "Feature", "geometry": {"type": "Polygon", "coordinates": [[[-6.759852, 37.237071], [-6.759956, 37.236887], [-6.759843, 37.236891], [-6.759839, 37.236801], [-6.760284, 37.236697], [-6.76028, 37.236607], [-6.760617, 37.236596], [-6.760608, 37.236416], [-6.760946, 37.236406], [-6.760941, 37.236316], [-6.761391, 37.236301], [-6.761387, 37.236211], [-6.761724, 37.236201], [-6.76172, 37.236111], [-6.761832, 37.236107], [-6.761738, 37.23647], [-6.761517, 37.236568], [-6.761522, 37.236657], [-6.761409, 37.236661], [-6.761414, 37.236751], [-6.760743, 37.236862], [-6.760748, 37.236952], [-6.760298, 37.236967], [-6.760302, 37.237057], [-6.759852, 37.237071]], [[-6.760626, 37.236776], [-6.760514, 37.23678], [-6.760518, 37.23687], [-6.760631, 37.236866], [-6.760626, 37.236776]]]}, "properties": {"id": "donana-2025-166340-4127750", "ha": 0.75, "plastic_dates": 4.5, "valid_dates": 10.9, "admin_zone": "Zona A", "plan_zone": "Zona A - Suelo Forestal", "distance_to_irrigable_m": 17, "sigpac_ref": "21:50:0:0:32:69:24", "sigpac_use": "IV", "sigpac_irrigation_coef": 100, "sigpac_url": "https://sigpac-hubcloud.es/servicioconsultassigpac/query/recinfo/21/50/0/0/32/69/24.json", "declared_greenhouse_share": 1.0, "declared_irrigated_share": 1.0, "lon": -6.760901, "lat": 37.236632}}, {"type": "Feature", "geometry": {"type": "Polygon", "coordinates": [[[-6.753535, 37.236911], [-6.753413, 37.236735], [-6.753526, 37.236731], [-6.753512, 37.236462], [-6.7534, 37.236465], [-6.753395, 37.236375], [-6.753508, 37.236372], [-6.753499, 37.236192], [-6.754399, 37.236163], [-6.754394, 37.236073], [-6.754507, 37.23607], [-6.754547, 37.236879], [-6.753535, 37.236911]]]}, "properties": {"id": "donana-2025-166950-4127720", "ha": 0.75, "plastic_dates": 8.0, "valid_dates": 11.0, "admin_zone": "Zona A", "plan_zone": "Zona A - Suelo Forestal", "distance_to_irrigable_m": 18, "sigpac_ref": "21:46:0:0:17:33:15", "sigpac_use": "IV", "sigpac_irrigation_coef": 0, "sigpac_url": "https://sigpac-hubcloud.es/servicioconsultassigpac/query/recinfo/21/46/0/0/17/33/15.json", "declared_greenhouse_share": 1.0, "declared_irrigated_share": 0.0, "lon": -6.754025, "lat": 37.23658}}, {"type": "Feature", "geometry": {"type": "Polygon", "coordinates": [[[-6.798328, 37.226923], [-6.798319, 37.226743], [-6.797869, 37.226757], [-6.797972, 37.226574], [-6.798535, 37.226556], [-6.79853, 37.226466], [-6.79808, 37.22648], [-6.798076, 37.22639], [-6.797963, 37.226394], [-6.797954, 37.226214], [-6.798067, 37.22621], [-6.798049, 37.225851], [-6.798161, 37.225847], [-6.798157, 37.225757], [-6.798269, 37.225753], [-6.798274, 37.225843], [-6.798836, 37.225825], [-6.79885, 37.226095], [-6.798737, 37.226099], [-6.798782, 37.226998], [-6.798328, 37.226923]]]}, "properties": {"id": "donana-2025-162970-4126750", "ha": 0.75, "plastic_dates": 4.2, "valid_dates": 10.0, "admin_zone": "Zona A", "plan_zone": "Zona A - Suelo Forestal", "distance_to_irrigable_m": 16, "sigpac_ref": "21:50:0:0:33:30:6", "sigpac_use": "IV", "sigpac_irrigation_coef": 100, "sigpac_url": "https://sigpac-hubcloud.es/servicioconsultassigpac/query/recinfo/21/50/0/0/33/30/6.json", "declared_greenhouse_share": 1.0, "declared_irrigated_share": 1.0, "lon": -6.798415, "lat": 37.226424}}, {"type": "Feature", "geometry": {"type": "Polygon", "coordinates": [[[-6.755477, 37.282795], [-6.755252, 37.282802], [-6.755256, 37.282892], [-6.755031, 37.282899], [-6.755027, 37.282809], [-6.754914, 37.282813], [-6.754919, 37.282902], [-6.754694, 37.28291], [-6.754536, 37.282014], [-6.755212, 37.281992], [-6.755207, 37.281902], [-6.755432, 37.281895], [-6.755437, 37.281985], [-6.755549, 37.281982], [-6.755567, 37.282341], [-6.755347, 37.282438], [-6.755477, 37.282795]], [[-6.755342, 37.282348], [-6.75523, 37.282352], [-6.755234, 37.282442], [-6.755347, 37.282438], [-6.755342, 37.282348]], [[-6.755113, 37.282266], [-6.755, 37.282269], [-6.755004, 37.282359], [-6.755117, 37.282356], [-6.755113, 37.282266]]]}, "properties": {"id": "donana-2025-167080-4132810", "ha": 0.74, "plastic_dates": 3.9, "valid_dates": 8.6, "admin_zone": "Zona A", "plan_zone": "Zona A - Suelo Forestal", "distance_to_irrigable_m": 18, "sigpac_ref": "21:46:0:0:19:2:1", "sigpac_use": "IV", "sigpac_irrigation_coef": 19, "sigpac_url": "https://sigpac-hubcloud.es/servicioconsultassigpac/query/recinfo/21/46/0/0/19/2/1.json", "declared_greenhouse_share": 1.0, "declared_irrigated_share": 1.0, "lon": -6.754894, "lat": 37.282408}}, {"type": "Feature", "geometry": {"type": "MultiPolygon", "coordinates": [[[[-6.75547, 37.275858], [-6.755358, 37.275862], [-6.755353, 37.275772], [-6.755466, 37.275768], [-6.75547, 37.275858]]], [[[-6.755448, 37.275408], [-6.755335, 37.275412], [-6.755326, 37.275232], [-6.755777, 37.275218], [-6.755781, 37.275308], [-6.756006, 37.275301], [-6.75611, 37.275117], [-6.756335, 37.27511], [-6.75633, 37.27502], [-6.756443, 37.275016], [-6.756438, 37.274926], [-6.756326, 37.27493], [-6.756312, 37.27466], [-6.75665, 37.274649], [-6.756781, 37.275006], [-6.756668, 37.275009], [-6.75669, 37.275459], [-6.756465, 37.275466], [-6.75647, 37.275556], [-6.756132, 37.275567], [-6.756137, 37.275657], [-6.755911, 37.275664], [-6.755916, 37.275754], [-6.755466, 37.275768], [-6.755448, 37.275408]]]]}, "properties": {"id": "donana-2025-166920-4132020", "ha": 0.74, "plastic_dates": 5.7, "valid_dates": 9.9, "admin_zone": "Zona A", "plan_zone": "Zona A - Suelo Forestal", "distance_to_irrigable_m": 17, "sigpac_ref": "21:46:0:0:19:118:2", "sigpac_use": "IV", "sigpac_irrigation_coef": 0, "sigpac_url": "https://sigpac-hubcloud.es/servicioconsultassigpac/query/recinfo/21/46/0/0/19/118/2.json", "declared_greenhouse_share": 1.0, "declared_irrigated_share": 0.0, "lon": -6.756342, "lat": 37.275245}}, {"type": "Feature", "geometry": {"type": "Polygon", "coordinates": [[[-6.729337, 37.239749], [-6.729332, 37.239659], [-6.728995, 37.23967], [-6.728873, 37.239493], [-6.728986, 37.23949], [-6.728981, 37.2394], [-6.728869, 37.239403], [-6.728864, 37.239313], [-6.728639, 37.23932], [-6.728635, 37.23923], [-6.72886, 37.239223], [-6.728855, 37.239133], [-6.728968, 37.23913], [-6.728847, 37.238954], [-6.728626, 37.239051], [-6.728617, 37.238871], [-6.72873, 37.238867], [-6.728725, 37.238777], [-6.72895, 37.23877], [-6.728941, 37.23859], [-6.729279, 37.23858], [-6.729288, 37.238759], [-6.729063, 37.238767], [-6.729067, 37.238857], [-6.729742, 37.238835], [-6.729639, 37.239019], [-6.729751, 37.239015], [-6.729755, 37.239105], [-6.729643, 37.239109], [-6.729652, 37.239289], [-6.729539, 37.239292], [-6.729548, 37.239472], [-6.729436, 37.239476], [-6.729449, 37.239745], [-6.729337, 37.239749]]]}, "properties": {"id": "donana-2025-169160-4127920", "ha": 0.71, "plastic_dates": 3.2, "valid_dates": 8.9, "admin_zone": "Zona A", "plan_zone": "Zona A - Suelo Forestal", "distance_to_irrigable_m": 20, "sigpac_ref": "21:46:0:0:11:16:8", "sigpac_use": "IV", "sigpac_irrigation_coef": 0, "sigpac_url": "https://sigpac-hubcloud.es/servicioconsultassigpac/query/recinfo/21/46/0/0/11/16/8.json", "declared_greenhouse_share": 1.0, "declared_irrigated_share": 0.0, "lon": -6.729251, "lat": 37.239166}}, {"type": "Feature", "geometry": {"type": "Polygon", "coordinates": [[[-6.750114, 37.249722], [-6.749889, 37.249729], [-6.749893, 37.249819], [-6.749668, 37.249827], [-6.749547, 37.24965], [-6.749434, 37.249654], [-6.74943, 37.249564], [-6.749317, 37.249567], [-6.749313, 37.249477], [-6.7492, 37.249481], [-6.749196, 37.249391], [-6.748746, 37.249405], [-6.748741, 37.249315], [-6.749416, 37.249294], [-6.749412, 37.249204], [-6.749862, 37.24919], [-6.749858, 37.2491], [-6.750308, 37.249086], [-6.750303, 37.248996], [-6.750641, 37.248985], [-6.750654, 37.249255], [-6.750542, 37.249258], [-6.75055, 37.249438], [-6.750325, 37.249445], [-6.750222, 37.249629], [-6.750109, 37.249632], [-6.750114, 37.249722]], [[-6.750105, 37.249542], [-6.749992, 37.249546], [-6.749997, 37.249636], [-6.750109, 37.249632], [-6.750105, 37.249542]], [[-6.749979, 37.249276], [-6.749866, 37.24928], [-6.749871, 37.24937], [-6.749983, 37.249366], [-6.749979, 37.249276]]]}, "properties": {"id": "donana-2025-167380-4129130", "ha": 0.7, "plastic_dates": 5.5, "valid_dates": 9.8, "admin_zone": "Zona C", "plan_zone": "Zona C - No regable", "distance_to_irrigable_m": 17, "sigpac_ref": "21:46:0:0:17:27:5", "sigpac_use": "IV", "sigpac_irrigation_coef": 0, "sigpac_url": "https://sigpac-hubcloud.es/servicioconsultassigpac/query/recinfo/21/46/0/0/17/27/5.json", "declared_greenhouse_share": 1.0, "declared_irrigated_share": 0.0, "lon": -6.749873, "lat": 37.249415}}, {"type": "Feature", "geometry": {"type": "Polygon", "coordinates": [[[-6.725745, 37.228601], [-6.725731, 37.228331], [-6.725952, 37.228234], [-6.725948, 37.228144], [-6.72606, 37.228141], [-6.726056, 37.228051], [-6.726168, 37.228047], [-6.726159, 37.227867], [-6.726047, 37.227871], [-6.726042, 37.227781], [-6.725817, 37.227788], [-6.725813, 37.227698], [-6.725925, 37.227694], [-6.725917, 37.227514], [-6.726029, 37.227511], [-6.726025, 37.227421], [-6.726137, 37.227417], [-6.726146, 37.227597], [-6.726367, 37.2275], [-6.726371, 37.22759], [-6.726596, 37.227583], [-6.726717, 37.22776], [-6.72683, 37.227756], [-6.726834, 37.227846], [-6.726947, 37.227842], [-6.726956, 37.228022], [-6.726726, 37.227939], [-6.726631, 37.228303], [-6.726406, 37.22831], [-6.726303, 37.228493], [-6.725965, 37.228504], [-6.72597, 37.228594], [-6.725745, 37.228601]]]}, "properties": {"id": "donana-2025-169360-4126670", "ha": 0.7, "plastic_dates": 3.8, "valid_dates": 7.2, "admin_zone": "Zona C", "plan_zone": "Zona C - No regable", "distance_to_irrigable_m": 100, "sigpac_ref": "21:46:0:0:12:2:43", "sigpac_use": "IV", "sigpac_irrigation_coef": 0, "sigpac_url": "https://sigpac-hubcloud.es/servicioconsultassigpac/query/recinfo/21/46/0/0/12/2/43.json", "declared_greenhouse_share": 1.0, "declared_irrigated_share": 0.0, "lon": -6.726447, "lat": 37.227993}}, {"type": "Feature", "geometry": {"type": "Polygon", "coordinates": [[[-6.771831, 37.280652], [-6.771826, 37.280562], [-6.771714, 37.280566], [-6.771696, 37.280206], [-6.771583, 37.28021], [-6.77157, 37.27994], [-6.772011, 37.279746], [-6.772002, 37.279566], [-6.772114, 37.279562], [-6.772132, 37.279922], [-6.772245, 37.279918], [-6.772249, 37.280008], [-6.772812, 37.27999], [-6.772817, 37.28008], [-6.772704, 37.280084], [-6.772713, 37.280264], [-6.772488, 37.280271], [-6.77261, 37.280447], [-6.772384, 37.280454], [-6.772281, 37.280638], [-6.771831, 37.280652]]]}, "properties": {"id": "donana-2025-165540-4132620", "ha": 0.69, "plastic_dates": 4.8, "valid_dates": 9.0, "admin_zone": "Zona A", "plan_zone": "Zona A - Suelo Forestal", "distance_to_irrigable_m": 13, "sigpac_ref": "21:50:0:0:10:89:11", "sigpac_use": "IV", "sigpac_irrigation_coef": 100, "sigpac_url": "https://sigpac-hubcloud.es/servicioconsultassigpac/query/recinfo/21/50/0/0/10/89/11.json", "declared_greenhouse_share": 0.94, "declared_irrigated_share": 0.88, "lon": -6.772144, "lat": 37.280147}}, {"type": "Feature", "geometry": {"type": "MultiPolygon", "coordinates": [[[[-6.72036, 37.272554], [-6.720247, 37.272557], [-6.720252, 37.272647], [-6.720139, 37.272651], [-6.720135, 37.272561], [-6.720355, 37.272464], [-6.72036, 37.272554]]], [[[-6.720468, 37.27246], [-6.720355, 37.272464], [-6.720351, 37.272374], [-6.720463, 37.27237], [-6.720468, 37.27246]]], [[[-6.720684, 37.272273], [-6.720572, 37.272277], [-6.720576, 37.272367], [-6.720463, 37.27237], [-6.720567, 37.272187], [-6.72068, 37.272183], [-6.720675, 37.272094], [-6.720788, 37.27209], [-6.720684, 37.272273]]], [[[-6.721008, 37.271993], [-6.721112, 37.27181], [-6.721225, 37.271806], [-6.721234, 37.271986], [-6.721346, 37.271982], [-6.721351, 37.272072], [-6.720788, 37.27209], [-6.720783, 37.272], [-6.721008, 37.271993]]], [[[-6.719901, 37.272388], [-6.719896, 37.272298], [-6.719671, 37.272305], [-6.719658, 37.272035], [-6.719995, 37.272025], [-6.719991, 37.271935], [-6.720104, 37.271931], [-6.720095, 37.271751], [-6.72032, 37.271744], [-6.720315, 37.271654], [-6.720428, 37.271651], [-6.720432, 37.271741], [-6.72077, 37.27173], [-6.720757, 37.27146], [-6.721094, 37.27145], [-6.721099, 37.27154], [-6.720874, 37.271547], [-6.720878, 37.271637], [-6.721103, 37.27163], [-6.721108, 37.27172], [-6.720887, 37.271817], [-6.720891, 37.271907], [-6.720779, 37.27191], [-6.720783, 37.272], [-6.720558, 37.272007], [-6.720455, 37.272191], [-6.720342, 37.272194], [-6.720351, 37.272374], [-6.719901, 37.272388]]]]}, "properties": {"id": "donana-2025-170120-4131540", "ha": 0.69, "plastic_dates": 5.5, "valid_dates": 8.9, "admin_zone": "Zona C", "plan_zone": "Zona C - No regable", "distance_to_irrigable_m": 19, "sigpac_ref": "21:46:0:0:24:287:1", "sigpac_use": "IV", "sigpac_irrigation_coef": 100, "sigpac_url": "https://sigpac-hubcloud.es/servicioconsultassigpac/query/recinfo/21/46/0/0/24/287/1.json", "declared_greenhouse_share": 1.0, "declared_irrigated_share": 0.84, "lon": -6.72011, "lat": 37.272066}}, {"type": "Feature", "geometry": {"type": "Polygon", "coordinates": [[[-6.795558, 37.212147], [-6.795554, 37.212057], [-6.795442, 37.212061], [-6.795428, 37.211791], [-6.79554, 37.211787], [-6.795518, 37.211338], [-6.79563, 37.211334], [-6.795603, 37.210794], [-6.795828, 37.210787], [-6.795833, 37.210877], [-6.79617, 37.210866], [-6.796175, 37.210956], [-6.796287, 37.210953], [-6.796292, 37.211043], [-6.796179, 37.211046], [-6.796193, 37.211316], [-6.79608, 37.21132], [-6.796098, 37.211679], [-6.795986, 37.211683], [-6.795999, 37.211953], [-6.795887, 37.211956], [-6.795896, 37.212136], [-6.795558, 37.212147]]]}, "properties": {"id": "donana-2025-163130-4125090", "ha": 0.69, "plastic_dates": 5.6, "valid_dates": 7.4, "admin_zone": "Zona C", "plan_zone": "Zona C - No regable", "distance_to_irrigable_m": 16, "sigpac_ref": "21:50:0:0:33:54:3", "sigpac_use": "IV", "sigpac_irrigation_coef": 100, "sigpac_url": "https://sigpac-hubcloud.es/servicioconsultassigpac/query/recinfo/21/50/0/0/33/54/3.json", "declared_greenhouse_share": 0.99, "declared_irrigated_share": 0.99, "lon": -6.795808, "lat": 37.211509}}, {"type": "Feature", "geometry": {"type": "Polygon", "coordinates": [[[-6.65823, 37.286205], [-6.658109, 37.286028], [-6.657884, 37.286035], [-6.657762, 37.285859], [-6.657537, 37.285866], [-6.657533, 37.285776], [-6.65742, 37.285779], [-6.657412, 37.285599], [-6.657749, 37.285589], [-6.657741, 37.285409], [-6.657628, 37.285412], [-6.657624, 37.285322], [-6.657736, 37.285319], [-6.657732, 37.285229], [-6.657957, 37.285222], [-6.657966, 37.285402], [-6.658303, 37.285392], [-6.658308, 37.285481], [-6.658533, 37.285474], [-6.658542, 37.285654], [-6.658429, 37.285658], [-6.658442, 37.285928], [-6.658667, 37.285921], [-6.658685, 37.286281], [-6.65823, 37.286205]]]}, "properties": {"id": "donana-2025-175690-4132850", "ha": 0.68, "plastic_dates": 5.5, "valid_dates": 7.0, "admin_zone": "Zona C", "plan_zone": "Zona C - No regable", "distance_to_irrigable_m": 17, "sigpac_ref": "21:14:0:0:10:226:1", "sigpac_use": "IV", "sigpac_irrigation_coef": 100, "sigpac_url": "https://sigpac-hubcloud.es/servicioconsultassigpac/query/recinfo/21/14/0/0/10/226/1.json", "declared_greenhouse_share": 1.0, "declared_irrigated_share": 0.99, "lon": -6.657985, "lat": 37.285807}}, {"type": "Feature", "geometry": {"type": "MultiPolygon", "coordinates": [[[[-6.740455, 37.24129], [-6.74046, 37.24138], [-6.740685, 37.241372], [-6.740689, 37.241462], [-6.740914, 37.241455], [-6.740811, 37.241639], [-6.740698, 37.241642], [-6.740703, 37.241732], [-6.740478, 37.241739], [-6.740599, 37.241916], [-6.740487, 37.241919], [-6.740491, 37.242009], [-6.740037, 37.241933], [-6.740032, 37.241844], [-6.739807, 37.241851], [-6.739789, 37.241491], [-6.738889, 37.241519], [-6.738885, 37.241429], [-6.740235, 37.241387], [-6.74023, 37.241297], [-6.740455, 37.24129]]], [[[-6.740226, 37.241207], [-6.74023, 37.241297], [-6.740005, 37.241304], [-6.740001, 37.241214], [-6.740226, 37.241207]]], [[[-6.739551, 37.241228], [-6.739546, 37.241138], [-6.739997, 37.241124], [-6.740001, 37.241214], [-6.739551, 37.241228]]], [[[-6.73888, 37.241339], [-6.738885, 37.241429], [-6.73866, 37.241436], [-6.738655, 37.241347], [-6.73888, 37.241339]]], [[[-6.738543, 37.24135], [-6.738534, 37.24117], [-6.738646, 37.241167], [-6.738655, 37.241347], [-6.738543, 37.24135]]]]}, "properties": {"id": "donana-2025-168190-4128230", "ha": 0.68, "plastic_dates": 3.9, "valid_dates": 7.7, "admin_zone": "Zona A", "plan_zone": "Zona A - Suelo Forestal", "distance_to_irrigable_m": 59, "sigpac_ref": "21:46:0:0:16:6:16", "sigpac_use": "IV", "sigpac_irrigation_coef": 0, "sigpac_url": "https://sigpac-hubcloud.es/servicioconsultassigpac/query/recinfo/21/46/0/0/16/6/16.json", "declared_greenhouse_share": 1.0, "declared_irrigated_share": 0.0, "lon": -6.740302, "lat": 37.24161}}, {"type": "Feature", "geometry": {"type": "Polygon", "coordinates": [[[-6.751255, 37.279505], [-6.75125, 37.279415], [-6.751363, 37.279412], [-6.751354, 37.279232], [-6.751467, 37.279228], [-6.751458, 37.279048], [-6.751683, 37.279041], [-6.751678, 37.278951], [-6.751228, 37.278966], [-6.751224, 37.278876], [-6.751336, 37.278872], [-6.751327, 37.278692], [-6.751552, 37.278685], [-6.751557, 37.278775], [-6.751669, 37.278771], [-6.751656, 37.278502], [-6.751881, 37.278494], [-6.751877, 37.278405], [-6.752331, 37.27848], [-6.752453, 37.278657], [-6.752673, 37.278559], [-6.752682, 37.278739], [-6.752462, 37.278836], [-6.752471, 37.279016], [-6.752246, 37.279023], [-6.75225, 37.279113], [-6.752137, 37.279117], [-6.752133, 37.279027], [-6.75202, 37.279031], [-6.751998, 37.278581], [-6.751773, 37.278588], [-6.751894, 37.278764], [-6.751782, 37.278768], [-6.751786, 37.278858], [-6.751899, 37.278854], [-6.751903, 37.278944], [-6.751791, 37.278948], [-6.751813, 37.279398], [-6.751701, 37.279401], [-6.751705, 37.279491], [-6.751255, 37.279505]]]}, "properties": {"id": "donana-2025-167300-4132420", "ha": 0.67, "plastic_dates": 3.7, "valid_dates": 9.5, "admin_zone": "Zona A", "plan_zone": "Zona A - Suelo Forestal", "distance_to_irrigable_m": 20, "sigpac_ref": "21:46:0:0:19:4:10", "sigpac_use": "IV", "sigpac_irrigation_coef": 100, "sigpac_url": "https://sigpac-hubcloud.es/servicioconsultassigpac/query/recinfo/21/46/0/0/19/4/10.json", "declared_greenhouse_share": 1.0, "declared_irrigated_share": 1.0, "lon": -6.752243, "lat": 37.278978}}, {"type": "Feature", "geometry": {"type": "Polygon", "coordinates": [[[-6.740508, 37.244621], [-6.740386, 37.244445], [-6.740274, 37.244448], [-6.740269, 37.244359], [-6.740157, 37.244362], [-6.740148, 37.244182], [-6.740035, 37.244186], [-6.740022, 37.243916], [-6.739909, 37.243919], [-6.739905, 37.243829], [-6.740134, 37.243912], [-6.740139, 37.244002], [-6.740251, 37.243999], [-6.740256, 37.244089], [-6.740593, 37.244078], [-6.740688, 37.243715], [-6.740801, 37.243711], [-6.740792, 37.243531], [-6.741017, 37.243524], [-6.741147, 37.24388], [-6.74126, 37.243877], [-6.741269, 37.244057], [-6.741156, 37.24406], [-6.741165, 37.24424], [-6.740944, 37.244337], [-6.740949, 37.244427], [-6.740836, 37.244431], [-6.740841, 37.244521], [-6.740728, 37.244524], [-6.740733, 37.244614], [-6.740508, 37.244621]]]}, "properties": {"id": "donana-2025-168180-4128510", "ha": 0.67, "plastic_dates": 4.4, "valid_dates": 8.9, "admin_zone": "Zona A", "plan_zone": "Zona A - Suelo Forestal", "distance_to_irrigable_m": 21, "sigpac_ref": "21:46:0:0:16:6:16", "sigpac_use": "IV", "sigpac_irrigation_coef": 0, "sigpac_url": "https://sigpac-hubcloud.es/servicioconsultassigpac/query/recinfo/21/46/0/0/16/6/16.json", "declared_greenhouse_share": 1.0, "declared_irrigated_share": 0.0, "lon": -6.740596, "lat": 37.244123}}, {"type": "Feature", "geometry": {"type": "MultiPolygon", "coordinates": [[[[-6.594846, 37.247968], [-6.594863, 37.248328], [-6.594976, 37.248324], [-6.59498, 37.248414], [-6.594868, 37.248418], [-6.594872, 37.248508], [-6.594643, 37.248425], [-6.594638, 37.248335], [-6.594751, 37.248331], [-6.594747, 37.248241], [-6.594634, 37.248245], [-6.59463, 37.248155], [-6.594517, 37.248158], [-6.594513, 37.248068], [-6.5944, 37.248072], [-6.594405, 37.248161], [-6.594292, 37.248165], [-6.594396, 37.247982], [-6.594284, 37.247985], [-6.594275, 37.247805], [-6.594496, 37.247708], [-6.594492, 37.247618], [-6.594717, 37.247611], [-6.594821, 37.247428], [-6.595158, 37.247418], [-6.595162, 37.247508], [-6.595275, 37.247504], [-6.595284, 37.247684], [-6.595171, 37.247688], [-6.59518, 37.247868], [-6.595067, 37.247871], [-6.595063, 37.247781], [-6.594838, 37.247788], [-6.594959, 37.247964], [-6.594846, 37.247968]], [[-6.594721, 37.247701], [-6.594833, 37.247698], [-6.594829, 37.247608], [-6.594717, 37.247611], [-6.594721, 37.247701]], [[-6.594725, 37.247791], [-6.594504, 37.247888], [-6.594509, 37.247978], [-6.594734, 37.247971], [-6.594725, 37.247791]], [[-6.59505, 37.247511], [-6.594937, 37.247515], [-6.594942, 37.247605], [-6.595054, 37.247601], [-6.59505, 37.247511]]], [[[-6.595513, 37.247767], [-6.595521, 37.247947], [-6.595634, 37.247944], [-6.595638, 37.248034], [-6.595526, 37.248037], [-6.595539, 37.248307], [-6.595426, 37.248311], [-6.595422, 37.248221], [-6.595197, 37.248227], [-6.595076, 37.248051], [-6.594963, 37.248054], [-6.594959, 37.247964], [-6.595184, 37.247958], [-6.59518, 37.247868], [-6.595292, 37.247864], [-6.595284, 37.247684], [-6.595513, 37.247767]]], [[[-6.594409, 37.248251], [-6.594405, 37.248161], [-6.594517, 37.248158], [-6.594521, 37.248248], [-6.594409, 37.248251]]], [[[-6.594526, 37.248338], [-6.594521, 37.248248], [-6.594634, 37.248245], [-6.594638, 37.248335], [-6.594526, 37.248338]]]]}, "properties": {"id": "donana-2025-181090-4128440", "ha": 0.66, "plastic_dates": 4.4, "valid_dates": 6.7, "admin_zone": "Zona C", "plan_zone": "Zona C - No regable", "distance_to_irrigable_m": 22, "sigpac_ref": "21:5:0:0:37:13:35", "sigpac_use": "IV", "sigpac_irrigation_coef": 25, "sigpac_url": "https://sigpac-hubcloud.es/servicioconsultassigpac/query/recinfo/21/5/0/0/37/13/35.json", "declared_greenhouse_share": 1.0, "declared_irrigated_share": 1.0, "lon": -6.595298, "lat": 37.247999}}, {"type": "Feature", "geometry": {"type": "MultiPolygon", "coordinates": [[[[-6.753345, 37.276196], [-6.75357, 37.276189], [-6.753579, 37.276369], [-6.753358, 37.276466], [-6.753363, 37.276556], [-6.752913, 37.27657], [-6.752917, 37.27666], [-6.752805, 37.276663], [-6.752787, 37.276304], [-6.753012, 37.276296], [-6.753007, 37.276207], [-6.752782, 37.276214], [-6.75276, 37.275764], [-6.753323, 37.275746], [-6.753345, 37.276196]]], [[[-6.753318, 37.275656], [-6.753431, 37.275653], [-6.753435, 37.275743], [-6.753323, 37.275746], [-6.753318, 37.275656]]], [[[-6.752197, 37.275782], [-6.752202, 37.275872], [-6.751976, 37.275879], [-6.751972, 37.275789], [-6.751859, 37.275793], [-6.751851, 37.275613], [-6.752413, 37.275595], [-6.752418, 37.275685], [-6.752755, 37.275674], [-6.75276, 37.275764], [-6.752197, 37.275782]]]]}, "properties": {"id": "donana-2025-167210-4132100", "ha": 0.65, "plastic_dates": 6.8, "valid_dates": 10.0, "admin_zone": "Zona A", "plan_zone": "Zona A - Suelo Forestal", "distance_to_irrigable_m": 15, "sigpac_ref": "21:46:0:0:19:134:1", "sigpac_use": "IV", "sigpac_irrigation_coef": 0, "sigpac_url": "https://sigpac-hubcloud.es/servicioconsultassigpac/query/recinfo/21/46/0/0/19/134/1.json", "declared_greenhouse_share": 1.0, "declared_irrigated_share": 0.14, "lon": -6.753055, "lat": 37.276025}}, {"type": "Feature", "geometry": {"type": "Polygon", "coordinates": [[[-6.726759, 37.262893], [-6.726742, 37.262533], [-6.726629, 37.262537], [-6.72662, 37.262357], [-6.726841, 37.26226], [-6.726836, 37.26217], [-6.726949, 37.262166], [-6.726945, 37.262076], [-6.727174, 37.262159], [-6.727179, 37.262249], [-6.727404, 37.262242], [-6.727408, 37.262332], [-6.727971, 37.262314], [-6.727867, 37.262498], [-6.727755, 37.262501], [-6.727759, 37.262591], [-6.727646, 37.262595], [-6.727651, 37.262685], [-6.727538, 37.262688], [-6.727543, 37.262778], [-6.72743, 37.262782], [-6.727435, 37.262872], [-6.72721, 37.262879], [-6.727214, 37.262969], [-6.726759, 37.262893]]]}, "properties": {"id": "donana-2025-169440-4130510", "ha": 0.65, "plastic_dates": 5.6, "valid_dates": 8.0, "admin_zone": "Zona C", "plan_zone": "Zona C - No regable", "distance_to_irrigable_m": 19, "sigpac_ref": "21:46:0:0:10:52:1", "sigpac_use": "IV", "sigpac_irrigation_coef": 0, "sigpac_url": "https://sigpac-hubcloud.es/servicioconsultassigpac/query/recinfo/21/46/0/0/10/52/1.json", "declared_greenhouse_share": 1.0, "declared_irrigated_share": 0.35, "lon": -6.72725, "lat": 37.262562}}, {"type": "Feature", "geometry": {"type": "MultiPolygon", "coordinates": [[[[-6.700686, 37.280559], [-6.700461, 37.280566], [-6.70047, 37.280746], [-6.700357, 37.280749], [-6.700375, 37.281109], [-6.700825, 37.281095], [-6.70083, 37.281185], [-6.700942, 37.281181], [-6.700925, 37.280822], [-6.701037, 37.280818], [-6.701046, 37.280998], [-6.701159, 37.280994], [-6.701172, 37.281264], [-6.700834, 37.281275], [-6.700838, 37.281365], [-6.700501, 37.281375], [-6.700496, 37.281285], [-6.700384, 37.281289], [-6.700388, 37.281379], [-6.700276, 37.281382], [-6.700271, 37.281292], [-6.700159, 37.281296], [-6.700154, 37.281206], [-6.700267, 37.281203], [-6.700249, 37.280843], [-6.70002, 37.28076], [-6.700011, 37.28058], [-6.700123, 37.280576], [-6.70011, 37.280307], [-6.699998, 37.28031], [-6.699975, 37.27986], [-6.700088, 37.279857], [-6.700097, 37.280037], [-6.700209, 37.280033], [-6.700106, 37.280217], [-6.700331, 37.28021], [-6.700227, 37.280393], [-6.700452, 37.280386], [-6.700443, 37.280206], [-6.700556, 37.280202], [-6.70056, 37.280292], [-6.700673, 37.280289], [-6.700682, 37.280469], [-6.700794, 37.280465], [-6.700803, 37.280645], [-6.700691, 37.280649], [-6.700686, 37.280559]]], [[[-6.700704, 37.280919], [-6.700591, 37.280922], [-6.700578, 37.280652], [-6.700691, 37.280649], [-6.700704, 37.280919]]]]}, "properties": {"id": "donana-2025-171920-4132420", "ha": 0.64, "plastic_dates": 3.3, "valid_dates": 9.4, "admin_zone": "Zona C", "plan_zone": "Zona C - No regable", "distance_to_irrigable_m": 18, "sigpac_ref": "21:14:0:0:16:200:2", "sigpac_use": "IV", "sigpac_irrigation_coef": 0, "sigpac_url": "https://sigpac-hubcloud.es/servicioconsultassigpac/query/recinfo/21/14/0/0/16/200/2.json", "declared_greenhouse_share": 1.0, "declared_irrigated_share": 0.0, "lon": -6.700238, "lat": 37.280618}}, {"type": "Feature", "geometry": {"type": "Polygon", "coordinates": [[[-6.648214, 37.235252], [-6.648205, 37.235072], [-6.648093, 37.235076], [-6.64808, 37.234806], [-6.647967, 37.234809], [-6.647963, 37.234719], [-6.648409, 37.234616], [-6.648512, 37.234432], [-6.648625, 37.234429], [-6.648621, 37.234339], [-6.64885, 37.234422], [-6.648846, 37.234332], [-6.648958, 37.234328], [-6.648971, 37.234598], [-6.649084, 37.234595], [-6.649092, 37.234775], [-6.649205, 37.234771], [-6.649214, 37.234951], [-6.648989, 37.234958], [-6.648993, 37.235048], [-6.648655, 37.235058], [-6.64866, 37.235148], [-6.648435, 37.235155], [-6.648439, 37.235245], [-6.648214, 37.235252]]]}, "properties": {"id": "donana-2025-176300-4127170", "ha": 0.63, "plastic_dates": 4.6, "valid_dates": 6.8, "admin_zone": "Zona C", "plan_zone": "Zona C - No regable", "distance_to_irrigable_m": 20, "sigpac_ref": "21:5:0:0:40:1:88", "sigpac_use": "IV", "sigpac_irrigation_coef": 40, "sigpac_url": "https://sigpac-hubcloud.es/servicioconsultassigpac/query/recinfo/21/5/0/0/40/1/88.json", "declared_greenhouse_share": 1.0, "declared_irrigated_share": 1.0, "lon": -6.648647, "lat": 37.234879}}, {"type": "Feature", "geometry": {"type": "MultiPolygon", "coordinates": [[[[-6.755414, 37.281535], [-6.755189, 37.281543], [-6.755203, 37.281812], [-6.75509, 37.281816], [-6.755077, 37.281546], [-6.754401, 37.281568], [-6.754397, 37.281478], [-6.754284, 37.281481], [-6.754271, 37.281211], [-6.754383, 37.281208], [-6.75437, 37.280938], [-6.754483, 37.280934], [-6.754478, 37.280844], [-6.754703, 37.280837], [-6.754699, 37.280747], [-6.754928, 37.28083], [-6.754933, 37.28092], [-6.755045, 37.280916], [-6.75505, 37.281006], [-6.755162, 37.281003], [-6.755185, 37.281453], [-6.75541, 37.281445], [-6.755414, 37.281535]], [[-6.754951, 37.28128], [-6.754838, 37.281283], [-6.754847, 37.281463], [-6.75496, 37.28146], [-6.754951, 37.28128]], [[-6.754726, 37.281287], [-6.754613, 37.281291], [-6.754618, 37.281381], [-6.75473, 37.281377], [-6.754726, 37.281287]], [[-6.754825, 37.281014], [-6.754712, 37.281017], [-6.754717, 37.281107], [-6.754829, 37.281104], [-6.754825, 37.281014]]], [[[-6.755288, 37.281269], [-6.755514, 37.281262], [-6.755518, 37.281352], [-6.755631, 37.281348], [-6.755635, 37.281438], [-6.75541, 37.281445], [-6.755288, 37.281269]]], [[[-6.754289, 37.281571], [-6.754176, 37.281575], [-6.754172, 37.281485], [-6.754284, 37.281481], [-6.754289, 37.281571]]]]}, "properties": {"id": "donana-2025-167110-4132690", "ha": 0.62, "plastic_dates": 3.0, "valid_dates": 9.1, "admin_zone": "Zona A", "plan_zone": "Zona A - Suelo Forestal", "distance_to_irrigable_m": 20, "sigpac_ref": "21:46:0:0:19:2:1", "sigpac_use": "IV", "sigpac_irrigation_coef": 19, "sigpac_url": "https://sigpac-hubcloud.es/servicioconsultassigpac/query/recinfo/21/46/0/0/19/2/1.json", "declared_greenhouse_share": 1.0, "declared_irrigated_share": 1.0, "lon": -6.754446, "lat": 37.281341}}, {"type": "Feature", "geometry": {"type": "Polygon", "coordinates": [[[-6.860769, 37.260575], [-6.860751, 37.260215], [-6.860638, 37.260218], [-6.860601, 37.259499], [-6.861164, 37.259481], [-6.861182, 37.25984], [-6.861295, 37.259837], [-6.861313, 37.260196], [-6.861426, 37.260193], [-6.861435, 37.260373], [-6.861323, 37.260376], [-6.861327, 37.260466], [-6.860877, 37.260481], [-6.860882, 37.260571], [-6.860769, 37.260575]]]}, "properties": {"id": "donana-2025-157570-4130710", "ha": 0.62, "plastic_dates": 5.7, "valid_dates": 10.9, "admin_zone": "Zona C", "plan_zone": "Zona C - No regable", "distance_to_irrigable_m": 18, "sigpac_ref": "21:50:0:0:16:247:1", "sigpac_use": "IV", "sigpac_irrigation_coef": 0, "sigpac_url": "https://sigpac-hubcloud.es/servicioconsultassigpac/query/recinfo/21/50/0/0/16/247/1.json", "declared_greenhouse_share": 1.0, "declared_irrigated_share": 0.0, "lon": -6.860967, "lat": 37.260028}}, {"type": "Feature", "geometry": {"type": "Polygon", "coordinates": [[[-6.776204, 37.241865], [-6.776195, 37.241685], [-6.776083, 37.241689], [-6.776069, 37.241419], [-6.775957, 37.241423], [-6.775943, 37.241153], [-6.775831, 37.241156], [-6.775822, 37.240976], [-6.775484, 37.240987], [-6.775588, 37.240804], [-6.7757, 37.2408], [-6.775696, 37.24071], [-6.775921, 37.240703], [-6.775916, 37.240613], [-6.776029, 37.240609], [-6.776024, 37.240519], [-6.776249, 37.240512], [-6.776258, 37.240692], [-6.776371, 37.240689], [-6.776429, 37.241858], [-6.776204, 37.241865]]]}, "properties": {"id": "donana-2025-165010-4128320", "ha": 0.61, "plastic_dates": 4.6, "valid_dates": 7.9, "admin_zone": "Zona A", "plan_zone": "Zona A - Suelo Forestal", "distance_to_irrigable_m": 13, "sigpac_ref": "21:50:0:0:32:7:1", "sigpac_use": "IV", "sigpac_irrigation_coef": 100, "sigpac_url": "https://sigpac-hubcloud.es/servicioconsultassigpac/query/recinfo/21/50/0/0/32/7/1.json", "declared_greenhouse_share": 0.9, "declared_irrigated_share": 0.92, "lon": -6.776175, "lat": 37.24128}}, {"type": "Feature", "geometry": {"type": "MultiPolygon", "coordinates": [[[[-6.739122, 37.284935], [-6.738897, 37.284942], [-6.738902, 37.285032], [-6.738677, 37.285039], [-6.738681, 37.285129], [-6.738794, 37.285125], [-6.738803, 37.285305], [-6.738577, 37.285312], [-6.738573, 37.285222], [-6.738123, 37.285237], [-6.738001, 37.28506], [-6.737889, 37.285064], [-6.737884, 37.284974], [-6.738222, 37.284963], [-6.738217, 37.284873], [-6.737992, 37.28488], [-6.737983, 37.2847], [-6.738209, 37.284693], [-6.738213, 37.284783], [-6.738434, 37.284686], [-6.738438, 37.284776], [-6.739001, 37.284758], [-6.739005, 37.284848], [-6.739118, 37.284845], [-6.739122, 37.284935]]], [[[-6.739105, 37.284575], [-6.739325, 37.284478], [-6.739447, 37.284654], [-6.739897, 37.28464], [-6.739793, 37.284823], [-6.739118, 37.284845], [-6.739105, 37.284575]]]]}, "properties": {"id": "donana-2025-168530-4133030", "ha": 0.6, "plastic_dates": 3.2, "valid_dates": 8.2, "admin_zone": "Zona C", "plan_zone": "Zona C - No regable", "distance_to_irrigable_m": 16, "sigpac_ref": "21:46:0:0:28:2:1", "sigpac_use": "IV", "sigpac_irrigation_coef": 0, "sigpac_url": "https://sigpac-hubcloud.es/servicioconsultassigpac/query/recinfo/21/46/0/0/28/2/1.json", "declared_greenhouse_share": 1.0, "declared_irrigated_share": 0.28, "lon": -6.73867, "lat": 37.284904}}, {"type": "Feature", "geometry": {"type": "Polygon", "coordinates": [[[-6.758934, 37.223136], [-6.758925, 37.222956], [-6.758705, 37.223054], [-6.758696, 37.222874], [-6.758583, 37.222877], [-6.758565, 37.222517], [-6.758786, 37.22242], [-6.758781, 37.22233], [-6.759006, 37.222323], [-6.759002, 37.222233], [-6.759114, 37.22223], [-6.759119, 37.22232], [-6.759569, 37.222305], [-6.759582, 37.222575], [-6.75947, 37.222579], [-6.759375, 37.222942], [-6.759155, 37.223039], [-6.759159, 37.223129], [-6.758934, 37.223136]]]}, "properties": {"id": "donana-2025-166450-4126200", "ha": 0.6, "plastic_dates": 5.4, "valid_dates": 8.8, "admin_zone": "Zona A", "plan_zone": "Zona A - Suelo Forestal", "distance_to_irrigable_m": 20, "sigpac_ref": "21:50:0:0:32:69:82", "sigpac_use": "IV", "sigpac_irrigation_coef": 100, "sigpac_url": "https://sigpac-hubcloud.es/servicioconsultassigpac/query/recinfo/21/50/0/0/32/69/82.json", "declared_greenhouse_share": 1.0, "declared_irrigated_share": 1.0, "lon": -6.759024, "lat": 37.222683}}, {"type": "Feature", "geometry": {"type": "MultiPolygon", "coordinates": [[[[-6.585918, 37.221301], [-6.585914, 37.221211], [-6.586026, 37.221208], [-6.586022, 37.221118], [-6.586359, 37.221108], [-6.586364, 37.221197], [-6.586143, 37.221294], [-6.586147, 37.221384], [-6.586035, 37.221388], [-6.586039, 37.221478], [-6.585926, 37.221481], [-6.585935, 37.221661], [-6.585822, 37.221664], [-6.585835, 37.221934], [-6.58561, 37.221941], [-6.585619, 37.222121], [-6.585394, 37.222128], [-6.585385, 37.221948], [-6.585606, 37.221851], [-6.585602, 37.221761], [-6.585714, 37.221758], [-6.585697, 37.221398], [-6.585918, 37.221301]]], [[[-6.585585, 37.221401], [-6.585593, 37.221581], [-6.585372, 37.221678], [-6.585377, 37.221768], [-6.585264, 37.221771], [-6.585269, 37.221861], [-6.585156, 37.221865], [-6.58516, 37.221955], [-6.585048, 37.221958], [-6.585052, 37.222048], [-6.58494, 37.222051], [-6.584931, 37.221872], [-6.585044, 37.221868], [-6.585035, 37.221688], [-6.585147, 37.221685], [-6.585143, 37.221595], [-6.585256, 37.221591], [-6.585247, 37.221412], [-6.585468, 37.221315], [-6.585563, 37.220951], [-6.585676, 37.220948], [-6.585667, 37.220768], [-6.58578, 37.220765], [-6.585784, 37.220855], [-6.585897, 37.220851], [-6.585909, 37.221121], [-6.585689, 37.221218], [-6.585697, 37.221398], [-6.585585, 37.221401]]]]}, "properties": {"id": "donana-2025-181810-4125460", "ha": 0.6, "plastic_dates": 4.6, "valid_dates": 7.2, "admin_zone": "Zona C", "plan_zone": "Zona C - No regable", "distance_to_irrigable_m": 16, "sigpac_ref": "21:5:0:0:42:16:3", "sigpac_use": "IV", "sigpac_irrigation_coef": 0, "sigpac_url": "https://sigpac-hubcloud.es/servicioconsultassigpac/query/recinfo/21/5/0/0/42/16/3.json", "declared_greenhouse_share": 0.95, "declared_irrigated_share": 0.0, "lon": -6.585868, "lat": 37.221438}}, {"type": "Feature", "geometry": {"type": "Polygon", "coordinates": [[[-6.712254, 37.275061], [-6.712249, 37.274971], [-6.712137, 37.274975], [-6.712128, 37.274795], [-6.71224, 37.274791], [-6.712236, 37.274701], [-6.712011, 37.274708], [-6.712015, 37.274798], [-6.711903, 37.274802], [-6.711898, 37.274712], [-6.711786, 37.274715], [-6.71179, 37.274805], [-6.711678, 37.274809], [-6.71166, 37.274449], [-6.71143, 37.274366], [-6.711422, 37.274186], [-6.711534, 37.274183], [-6.711539, 37.274273], [-6.712552, 37.274241], [-6.712556, 37.274331], [-6.713006, 37.274317], [-6.712903, 37.2745], [-6.71279, 37.274504], [-6.712786, 37.274414], [-6.712448, 37.274424], [-6.712452, 37.274514], [-6.712565, 37.274511], [-6.712574, 37.274691], [-6.712461, 37.274694], [-6.71247, 37.274874], [-6.712357, 37.274878], [-6.712362, 37.274967], [-6.712587, 37.27496], [-6.712591, 37.27505], [-6.712254, 37.275061]], [[-6.712223, 37.274431], [-6.71211, 37.274435], [-6.712115, 37.274525], [-6.712227, 37.274521], [-6.712223, 37.274431]]]}, "properties": {"id": "donana-2025-170840-4131800", "ha": 0.59, "plastic_dates": 3.5, "valid_dates": 10.0, "admin_zone": "Zona C", "plan_zone": "Zona C - No regable", "distance_to_irrigable_m": 32, "sigpac_ref": "21:46:0:0:9:34:6", "sigpac_use": "IV", "sigpac_irrigation_coef": 0, "sigpac_url": "https://sigpac-hubcloud.es/servicioconsultassigpac/query/recinfo/21/46/0/0/9/34/6.json", "declared_greenhouse_share": 0.97, "declared_irrigated_share": 0.0, "lon": -6.712119, "lat": 37.274615}}, {"type": "Feature", "geometry": {"type": "Polygon", "coordinates": [[[-6.788789, 37.261372], [-6.788752, 37.260652], [-6.789428, 37.260631], [-6.789423, 37.260541], [-6.789648, 37.260534], [-6.789653, 37.260623], [-6.78954, 37.260627], [-6.789558, 37.260987], [-6.789671, 37.260983], [-6.789684, 37.261253], [-6.789347, 37.261264], [-6.789351, 37.261354], [-6.788789, 37.261372]]]}, "properties": {"id": "donana-2025-163940-4130540", "ha": 0.59, "plastic_dates": 6.5, "valid_dates": 12.3, "admin_zone": "Zona A", "plan_zone": "Zona A - Suelo Forestal", "distance_to_irrigable_m": 19, "sigpac_ref": "21:50:0:0:29:73:1", "sigpac_use": "TA", "sigpac_irrigation_coef": 0, "sigpac_url": "https://sigpac-hubcloud.es/servicioconsultassigpac/query/recinfo/21/50/0/0/29/73/1.json", "declared_greenhouse_share": 0.0, "declared_irrigated_share": 0.0, "lon": -6.789155, "lat": 37.26082}}, {"type": "Feature", "geometry": {"type": "Polygon", "coordinates": [[[-6.741134, 37.24361], [-6.741125, 37.243431], [-6.740895, 37.243348], [-6.740886, 37.243168], [-6.740774, 37.243171], [-6.740761, 37.242902], [-6.740986, 37.242894], [-6.740981, 37.242804], [-6.740752, 37.242722], [-6.740734, 37.242362], [-6.740963, 37.242445], [-6.740968, 37.242535], [-6.74108, 37.242531], [-6.741089, 37.242711], [-6.741319, 37.242794], [-6.741323, 37.242884], [-6.741436, 37.24288], [-6.74144, 37.24297], [-6.741553, 37.242967], [-6.741575, 37.243416], [-6.741462, 37.24342], [-6.741471, 37.2436], [-6.741359, 37.243603], [-6.741363, 37.243693], [-6.741134, 37.24361]]]}, "properties": {"id": "donana-2025-168120-4128400", "ha": 0.59, "plastic_dates": 3.1, "valid_dates": 9.0, "admin_zone": "Zona A", "plan_zone": "Zona A - Suelo Forestal", "distance_to_irrigable_m": 34, "sigpac_ref": "21:46:0:0:16:6:16", "sigpac_use": "IV", "sigpac_irrigation_coef": 0, "sigpac_url": "https://sigpac-hubcloud.es/servicioconsultassigpac/query/recinfo/21/46/0/0/16/6/16.json", "declared_greenhouse_share": 1.0, "declared_irrigated_share": 0.0, "lon": -6.741163, "lat": 37.243069}}, {"type": "Feature", "geometry": {"type": "Polygon", "coordinates": [[[-6.725202, 37.238168], [-6.725198, 37.238078], [-6.724973, 37.238085], [-6.724968, 37.237995], [-6.725081, 37.237991], [-6.725067, 37.237721], [-6.72518, 37.237718], [-6.725162, 37.237358], [-6.725275, 37.237354], [-6.72527, 37.237264], [-6.725608, 37.237254], [-6.725621, 37.237524], [-6.725842, 37.237427], [-6.725837, 37.237337], [-6.72595, 37.237333], [-6.725945, 37.237243], [-6.72617, 37.237236], [-6.726175, 37.237326], [-6.7264, 37.237319], [-6.726409, 37.237499], [-6.727084, 37.237478], [-6.727088, 37.237568], [-6.727201, 37.237564], [-6.727205, 37.237654], [-6.72653, 37.237675], [-6.726526, 37.237585], [-6.725401, 37.237621], [-6.725418, 37.237981], [-6.725306, 37.237984], [-6.725315, 37.238164], [-6.725202, 37.238168]], [[-6.726292, 37.237412], [-6.725954, 37.237423], [-6.725959, 37.237513], [-6.726296, 37.237502], [-6.726292, 37.237412]]]}, "properties": {"id": "donana-2025-169510-4127760", "ha": 0.59, "plastic_dates": 4.1, "valid_dates": 7.7, "admin_zone": "Zona A", "plan_zone": "Zona A - Suelo Forestal", "distance_to_irrigable_m": 16, "sigpac_ref": "21:46:0:0:11:27:5", "sigpac_use": "TA", "sigpac_irrigation_coef": 0, "sigpac_url": "https://sigpac-hubcloud.es/servicioconsultassigpac/query/recinfo/21/46/0/0/11/27/5.json", "declared_greenhouse_share": 0.44, "declared_irrigated_share": 0.0, "lon": -6.725243, "lat": 37.237851}}, {"type": "Feature", "geometry": {"type": "Polygon", "coordinates": [[[-6.705209, 37.28312], [-6.705196, 37.28285], [-6.705083, 37.282853], [-6.705065, 37.282494], [-6.70484, 37.282501], [-6.70471, 37.282144], [-6.704251, 37.281979], [-6.704238, 37.281709], [-6.70435, 37.281705], [-6.704355, 37.281795], [-6.70458, 37.281788], [-6.704701, 37.281965], [-6.704926, 37.281957], [-6.705048, 37.282134], [-6.705498, 37.28212], [-6.70552, 37.282569], [-6.705299, 37.282666], [-6.705421, 37.282843], [-6.705308, 37.282846], [-6.705321, 37.283116], [-6.705209, 37.28312]]]}, "properties": {"id": "donana-2025-171490-4132640", "ha": 0.58, "plastic_dates": 4.2, "valid_dates": 8.1, "admin_zone": "Zona C", "plan_zone": "Zona C - No regable", "distance_to_irrigable_m": 0, "sigpac_ref": "21:46:0:0:9:113:3", "sigpac_use": "IV", "sigpac_irrigation_coef": 100, "sigpac_url": "https://sigpac-hubcloud.es/servicioconsultassigpac/query/recinfo/21/46/0/0/9/113/3.json", "declared_greenhouse_share": 1.0, "declared_irrigated_share": 0.81, "lon": -6.705174, "lat": 37.2824}}, {"type": "Feature", "geometry": {"type": "Polygon", "coordinates": [[[-6.704342, 37.295309], [-6.704337, 37.295219], [-6.703999, 37.29523], [-6.703995, 37.29514], [-6.703882, 37.295143], [-6.703873, 37.294963], [-6.704094, 37.294866], [-6.704085, 37.294686], [-6.704198, 37.294683], [-6.704189, 37.294503], [-6.704644, 37.294579], [-6.704648, 37.294669], [-6.704874, 37.294662], [-6.704878, 37.294752], [-6.705103, 37.294745], [-6.704999, 37.294928], [-6.704887, 37.294932], [-6.704896, 37.295111], [-6.70467, 37.295119], [-6.704567, 37.295302], [-6.704342, 37.295309]]]}, "properties": {"id": "donana-2025-171600-4134020", "ha": 0.57, "plastic_dates": 7.2, "valid_dates": 10.5, "admin_zone": "Zona C", "plan_zone": "Zona C - No regable", "distance_to_irrigable_m": 21, "sigpac_ref": "21:46:0:0:8:245:2", "sigpac_use": "IV", "sigpac_irrigation_coef": 0, "sigpac_url": "https://sigpac-hubcloud.es/servicioconsultassigpac/query/recinfo/21/46/0/0/8/245/2.json", "declared_greenhouse_share": 1.0, "declared_irrigated_share": 0.0, "lon": -6.704491, "lat": 37.294899}}, {"type": "Feature", "geometry": {"type": "Polygon", "coordinates": [[[-6.78883, 37.268938], [-6.788826, 37.268848], [-6.788488, 37.268859], [-6.788456, 37.268229], [-6.788569, 37.268226], [-6.788564, 37.268136], [-6.788452, 37.268139], [-6.788434, 37.267779], [-6.788546, 37.267776], [-6.788533, 37.267506], [-6.78887, 37.267495], [-6.788943, 37.268934], [-6.78883, 37.268938]], [[-6.788812, 37.268578], [-6.788699, 37.268582], [-6.788704, 37.268672], [-6.788817, 37.268668], [-6.788812, 37.268578]]]}, "properties": {"id": "donana-2025-164020-4131380", "ha": 0.56, "plastic_dates": 5.9, "valid_dates": 10.3, "admin_zone": "Zona A", "plan_zone": "Zona A - Suelo Forestal", "distance_to_irrigable_m": 15, "sigpac_ref": "21:50:0:0:29:92:8", "sigpac_use": "IV", "sigpac_irrigation_coef": 100, "sigpac_url": "https://sigpac-hubcloud.es/servicioconsultassigpac/query/recinfo/21/50/0/0/29/92/8.json", "declared_greenhouse_share": 0.95, "declared_irrigated_share": 0.95, "lon": -6.78869, "lat": 37.268402}}, {"type": "Feature", "geometry": {"type": "MultiPolygon", "coordinates": [[[[-6.794199, 37.263631], [-6.794425, 37.263623], [-6.794434, 37.263803], [-6.794771, 37.263792], [-6.79478, 37.263972], [-6.794668, 37.263976], [-6.794672, 37.264066], [-6.794785, 37.264062], [-6.794789, 37.264152], [-6.794227, 37.26417], [-6.794105, 37.263994], [-6.793767, 37.264005], [-6.793749, 37.263645], [-6.793974, 37.263638], [-6.793965, 37.263458], [-6.79419, 37.263451], [-6.794199, 37.263631]]], [[[-6.794186, 37.263361], [-6.794298, 37.263357], [-6.794177, 37.263181], [-6.794514, 37.26317], [-6.79451, 37.26308], [-6.794735, 37.263073], [-6.794753, 37.263433], [-6.794641, 37.263436], [-6.794632, 37.263256], [-6.794406, 37.263264], [-6.794415, 37.263444], [-6.79419, 37.263451], [-6.794186, 37.263361]]]]}, "properties": {"id": "donana-2025-163520-4130880", "ha": 0.56, "plastic_dates": 2.0, "valid_dates": 13.0, "admin_zone": "Zona A", "plan_zone": "Zona A - Suelo Forestal", "distance_to_irrigable_m": 130, "sigpac_ref": "21:50:0:0:11:122:1", "sigpac_use": "FO", "sigpac_irrigation_coef": 0, "sigpac_url": "https://sigpac-hubcloud.es/servicioconsultassigpac/query/recinfo/21/50/0/0/11/122/1.json", "declared_greenhouse_share": 0.0, "declared_irrigated_share": 0.0, "lon": -6.794091, "lat": 37.263724}}, {"type": "Feature", "geometry": {"type": "Polygon", "coordinates": [[[-6.762144, 37.24916], [-6.76214, 37.24907], [-6.762027, 37.249074], [-6.762009, 37.248714], [-6.76178, 37.248631], [-6.761762, 37.248271], [-6.761649, 37.248275], [-6.761645, 37.248185], [-6.761757, 37.248181], [-6.761744, 37.247911], [-6.761631, 37.247915], [-6.761618, 37.247645], [-6.76173, 37.247642], [-6.761739, 37.247821], [-6.761852, 37.247818], [-6.761861, 37.247998], [-6.76209, 37.248081], [-6.762099, 37.24826], [-6.762329, 37.248343], [-6.762342, 37.248613], [-6.762455, 37.24861], [-6.762468, 37.248879], [-6.762581, 37.248876], [-6.762585, 37.248966], [-6.762365, 37.249063], [-6.762369, 37.249153], [-6.762144, 37.24916]], [[-6.761982, 37.248174], [-6.76187, 37.248178], [-6.761874, 37.248268], [-6.761987, 37.248264], [-6.761982, 37.248174]]]}, "properties": {"id": "donana-2025-166290-4129070", "ha": 0.56, "plastic_dates": 4.2, "valid_dates": 10.1, "admin_zone": "Zona A", "plan_zone": "Zona A - Suelo Forestal", "distance_to_irrigable_m": 17, "sigpac_ref": "21:50:0:0:31:23:134", "sigpac_use": "IV", "sigpac_irrigation_coef": 100, "sigpac_url": "https://sigpac-hubcloud.es/servicioconsultassigpac/query/recinfo/21/50/0/0/31/23/134.json", "declared_greenhouse_share": 1.0, "declared_irrigated_share": 1.0, "lon": -6.762054, "lat": 37.248487}}, {"type": "Feature", "geometry": {"type": "Polygon", "coordinates": [[[-6.499842, 37.19685], [-6.499821, 37.196401], [-6.499709, 37.196404], [-6.499696, 37.196134], [-6.499584, 37.196137], [-6.499571, 37.195867], [-6.499801, 37.195951], [-6.499805, 37.196041], [-6.500592, 37.196017], [-6.500605, 37.196287], [-6.500717, 37.196284], [-6.500721, 37.196374], [-6.500496, 37.196381], [-6.5005, 37.196471], [-6.500388, 37.196474], [-6.5004, 37.196744], [-6.500063, 37.196754], [-6.500059, 37.196664], [-6.499946, 37.196667], [-6.499955, 37.196847], [-6.499842, 37.19685]], [[-6.500371, 37.196114], [-6.500259, 37.196117], [-6.500267, 37.196297], [-6.50038, 37.196294], [-6.500371, 37.196114]]]}, "properties": {"id": "donana-2025-189310-4122390", "ha": 0.56, "plastic_dates": 3.9, "valid_dates": 8.0, "admin_zone": "Zona B", "plan_zone": "Zona B - No regable", "distance_to_irrigable_m": 18, "sigpac_ref": "21:5:0:0:46:13:23", "sigpac_use": "IV", "sigpac_irrigation_coef": 0, "sigpac_url": "https://sigpac-hubcloud.es/servicioconsultassigpac/query/recinfo/21/5/0/0/46/13/23.json", "declared_greenhouse_share": 0.98, "declared_irrigated_share": 0.0, "lon": -6.500213, "lat": 37.196344}}, {"type": "Feature", "geometry": {"type": "Polygon", "coordinates": [[[-6.704955, 37.280245], [-6.704834, 37.280068], [-6.704721, 37.280072], [-6.704717, 37.279982], [-6.704491, 37.279989], [-6.704388, 37.280173], [-6.704163, 37.28018], [-6.704041, 37.280003], [-6.703929, 37.280007], [-6.703933, 37.280097], [-6.70337, 37.280114], [-6.703344, 37.279575], [-6.703573, 37.279658], [-6.703578, 37.279747], [-6.70369, 37.279744], [-6.703695, 37.279834], [-6.703807, 37.27983], [-6.703812, 37.27992], [-6.703924, 37.279917], [-6.704028, 37.279733], [-6.704141, 37.27973], [-6.704132, 37.27955], [-6.704244, 37.279546], [-6.70424, 37.279456], [-6.704352, 37.279453], [-6.704366, 37.279723], [-6.704478, 37.279719], [-6.704469, 37.279539], [-6.704582, 37.279536], [-6.7046, 37.279896], [-6.704825, 37.279889], [-6.704829, 37.279979], [-6.704942, 37.279975], [-6.704951, 37.280155], [-6.705176, 37.280148], [-6.70518, 37.280238], [-6.704955, 37.280245]], [[-6.704379, 37.279993], [-6.704266, 37.279996], [-6.704271, 37.280086], [-6.704383, 37.280083], [-6.704379, 37.279993]], [[-6.704145, 37.27982], [-6.704032, 37.279823], [-6.704037, 37.279913], [-6.704149, 37.27991], [-6.704145, 37.27982]]]}, "properties": {"id": "donana-2025-171550-4132350", "ha": 0.55, "plastic_dates": 3.0, "valid_dates": 9.2, "admin_zone": "Zona C", "plan_zone": "Zona C - No regable", "distance_to_irrigable_m": 15, "sigpac_ref": "21:46:0:0:9:21:2", "sigpac_use": "IV", "sigpac_irrigation_coef": 0, "sigpac_url": "https://sigpac-hubcloud.es/servicioconsultassigpac/query/recinfo/21/46/0/0/9/21/2.json", "declared_greenhouse_share": 1.0, "declared_irrigated_share": 0.0, "lon": -6.704372, "lat": 37.279858}}, {"type": "Feature", "geometry": {"type": "MultiPolygon", "coordinates": [[[[-6.748487, 37.264638], [-6.7486, 37.264635], [-6.748604, 37.264725], [-6.748267, 37.264736], [-6.748163, 37.264919], [-6.747825, 37.26493], [-6.747821, 37.26484], [-6.747596, 37.264847], [-6.747587, 37.264667], [-6.747362, 37.264674], [-6.747349, 37.264404], [-6.747569, 37.264307], [-6.747574, 37.264397], [-6.748136, 37.264379], [-6.748145, 37.264559], [-6.748258, 37.264556], [-6.748361, 37.264372], [-6.748474, 37.264369], [-6.748487, 37.264638]]], [[[-6.748586, 37.264365], [-6.748474, 37.264369], [-6.748469, 37.264279], [-6.748582, 37.264275], [-6.748586, 37.264365]]], [[[-6.748573, 37.264095], [-6.748686, 37.264092], [-6.748681, 37.264002], [-6.748906, 37.263995], [-6.748803, 37.264178], [-6.74869, 37.264182], [-6.748695, 37.264272], [-6.748582, 37.264275], [-6.748573, 37.264095]]], [[[-6.74756, 37.264127], [-6.74779, 37.26421], [-6.747794, 37.2643], [-6.747569, 37.264307], [-6.74756, 37.264127]]]]}, "properties": {"id": "donana-2025-167630-4130800", "ha": 0.55, "plastic_dates": 4.9, "valid_dates": 9.0, "admin_zone": "Zona A", "plan_zone": "Zona A - Suelo Forestal", "distance_to_irrigable_m": 10, "sigpac_ref": "21:46:0:0:18:13:3", "sigpac_use": "IV", "sigpac_irrigation_coef": 70, "sigpac_url": "https://sigpac-hubcloud.es/servicioconsultassigpac/query/recinfo/21/46/0/0/18/13/3.json", "declared_greenhouse_share": 1.0, "declared_irrigated_share": 1.0, "lon": -6.747749, "lat": 37.264527}}, {"type": "Feature", "geometry": {"type": "Polygon", "coordinates": [[[-6.760291, 37.243633], [-6.760287, 37.243543], [-6.760624, 37.243533], [-6.760615, 37.243353], [-6.760728, 37.243349], [-6.760715, 37.243079], [-6.760602, 37.243083], [-6.760584, 37.242723], [-6.760697, 37.24272], [-6.760692, 37.24263], [-6.760467, 37.242637], [-6.760449, 37.242277], [-6.760787, 37.242266], [-6.760796, 37.242446], [-6.760908, 37.242443], [-6.760922, 37.242712], [-6.761034, 37.242709], [-6.761048, 37.242979], [-6.76116, 37.242975], [-6.761169, 37.243155], [-6.761057, 37.243159], [-6.761074, 37.243518], [-6.760737, 37.243529], [-6.760741, 37.243619], [-6.760291, 37.243633]]]}, "properties": {"id": "donana-2025-166380-4128440", "ha": 0.55, "plastic_dates": 4.5, "valid_dates": 11.0, "admin_zone": "Zona A", "plan_zone": "Zona A - Suelo Forestal", "distance_to_irrigable_m": 11, "sigpac_ref": "21:50:0:0:31:41:28", "sigpac_use": "IV", "sigpac_irrigation_coef": 100, "sigpac_url": "https://sigpac-hubcloud.es/servicioconsultassigpac/query/recinfo/21/50/0/0/31/41/28.json", "declared_greenhouse_share": 0.69, "declared_irrigated_share": 0.62, "lon": -6.760816, "lat": 37.242851}}, {"type": "Feature", "geometry": {"type": "Polygon", "coordinates": [[[-6.694523, 37.288229], [-6.694518, 37.288139], [-6.694293, 37.288146], [-6.694289, 37.288056], [-6.694063, 37.288063], [-6.694059, 37.287973], [-6.693721, 37.287984], [-6.693717, 37.287894], [-6.693604, 37.287897], [-6.693591, 37.287627], [-6.693704, 37.287624], [-6.693695, 37.287444], [-6.694033, 37.287434], [-6.694154, 37.28761], [-6.694492, 37.287599], [-6.694496, 37.287689], [-6.694721, 37.287682], [-6.694739, 37.288042], [-6.694626, 37.288046], [-6.694635, 37.288225], [-6.694523, 37.288229]]]}, "properties": {"id": "donana-2025-172490-4133200", "ha": 0.54, "plastic_dates": 5.7, "valid_dates": 8.3, "admin_zone": "Zona C", "plan_zone": "Zona C - No regable", "distance_to_irrigable_m": 21, "sigpac_ref": "21:14:0:0:16:61:5", "sigpac_use": "IV", "sigpac_irrigation_coef": 100, "sigpac_url": "https://sigpac-hubcloud.es/servicioconsultassigpac/query/recinfo/21/14/0/0/16/61/5.json", "declared_greenhouse_share": 1.0, "declared_irrigated_share": 1.0, "lon": -6.694163, "lat": 37.28779}}, {"type": "Feature", "geometry": {"type": "Polygon", "coordinates": [[[-6.699719, 37.283832], [-6.699693, 37.283293], [-6.699805, 37.283289], [-6.699801, 37.283199], [-6.699913, 37.283196], [-6.699918, 37.283285], [-6.700818, 37.283257], [-6.700832, 37.283527], [-6.700611, 37.283624], [-6.700615, 37.283714], [-6.70039, 37.283721], [-6.700395, 37.283811], [-6.699719, 37.283832]]]}, "properties": {"id": "donana-2025-171930-4132730", "ha": 0.54, "plastic_dates": 6.6, "valid_dates": 10.0, "admin_zone": "Zona C", "plan_zone": "Zona C - No regable", "distance_to_irrigable_m": 19, "sigpac_ref": "21:14:0:0:16:90:7", "sigpac_use": "IV", "sigpac_irrigation_coef": 100, "sigpac_url": "https://sigpac-hubcloud.es/servicioconsultassigpac/query/recinfo/21/14/0/0/16/90/7.json", "declared_greenhouse_share": 1.0, "declared_irrigated_share": 1.0, "lon": -6.700262, "lat": 37.28341}}, {"type": "Feature", "geometry": {"type": "Polygon", "coordinates": [[[-6.743783, 37.274337], [-6.743743, 37.273527], [-6.74363, 37.273531], [-6.743626, 37.273441], [-6.744189, 37.273423], [-6.744184, 37.273333], [-6.744297, 37.27333], [-6.744301, 37.27342], [-6.744414, 37.273416], [-6.744418, 37.273506], [-6.744306, 37.27351], [-6.744328, 37.273959], [-6.744103, 37.273966], [-6.744107, 37.274056], [-6.744445, 37.274046], [-6.744458, 37.274316], [-6.743783, 37.274337]]]}, "properties": {"id": "donana-2025-168000-4131810", "ha": 0.54, "plastic_dates": 3.1, "valid_dates": 8.0, "admin_zone": "Zona C", "plan_zone": "Zona C - No regable", "distance_to_irrigable_m": 18, "sigpac_ref": "21:46:0:0:25:85:16", "sigpac_use": "IV", "sigpac_irrigation_coef": 100, "sigpac_url": "https://sigpac-hubcloud.es/servicioconsultassigpac/query/recinfo/21/46/0/0/25/85/16.json", "declared_greenhouse_share": 1.0, "declared_irrigated_share": 1.0, "lon": -6.744036, "lat": 37.273743}}, {"type": "Feature", "geometry": {"type": "Polygon", "coordinates": [[[-6.710678, 37.27511], [-6.710669, 37.274931], [-6.710556, 37.274934], [-6.710548, 37.274754], [-6.710093, 37.274678], [-6.710089, 37.274588], [-6.709863, 37.274595], [-6.709967, 37.274412], [-6.710192, 37.274405], [-6.710188, 37.274315], [-6.7103, 37.274311], [-6.710287, 37.274042], [-6.710517, 37.274125], [-6.710521, 37.274214], [-6.710634, 37.274211], [-6.710638, 37.274301], [-6.710751, 37.274297], [-6.71076, 37.274477], [-6.710989, 37.27456], [-6.710993, 37.27465], [-6.711106, 37.274647], [-6.71111, 37.274736], [-6.710998, 37.27474], [-6.711011, 37.27501], [-6.710786, 37.275017], [-6.71079, 37.275107], [-6.710678, 37.27511]]]}, "properties": {"id": "donana-2025-170980-4131790", "ha": 0.54, "plastic_dates": 3.2, "valid_dates": 10.0, "admin_zone": "Zona C", "plan_zone": "Zona C - No regable", "distance_to_irrigable_m": 14, "sigpac_ref": "21:46:0:0:9:31:1", "sigpac_use": "IV", "sigpac_irrigation_coef": 100, "sigpac_url": "https://sigpac-hubcloud.es/servicioconsultassigpac/query/recinfo/21/46/0/0/9/31/1.json", "declared_greenhouse_share": 1.0, "declared_irrigated_share": 1.0, "lon": -6.710541, "lat": 37.274619}}, {"type": "Feature", "geometry": {"type": "Polygon", "coordinates": [[[-6.741868, 37.233407], [-6.741864, 37.233317], [-6.741639, 37.233324], [-6.741634, 37.233234], [-6.741747, 37.233231], [-6.741738, 37.233051], [-6.74185, 37.233047], [-6.741841, 37.232867], [-6.741954, 37.232864], [-6.741945, 37.232684], [-6.742058, 37.23268], [-6.742049, 37.232501], [-6.742161, 37.232497], [-6.742152, 37.232317], [-6.742265, 37.232314], [-6.742256, 37.232134], [-6.742368, 37.23213], [-6.742359, 37.23195], [-6.742584, 37.231943], [-6.742598, 37.232213], [-6.742485, 37.232216], [-6.742503, 37.232576], [-6.742391, 37.23258], [-6.742404, 37.23285], [-6.742291, 37.232853], [-6.7423, 37.233033], [-6.742188, 37.233037], [-6.742206, 37.233396], [-6.741868, 37.233407]]]}, "properties": {"id": "donana-2025-167990-4127260", "ha": 0.54, "plastic_dates": 6.9, "valid_dates": 8.7, "admin_zone": "Zona A", "plan_zone": "Zona A - Suelo Forestal", "distance_to_irrigable_m": 19, "sigpac_ref": "21:46:0:0:16:12:15", "sigpac_use": "IV", "sigpac_irrigation_coef": 21, "sigpac_url": "https://sigpac-hubcloud.es/servicioconsultassigpac/query/recinfo/21/46/0/0/16/12/15.json", "declared_greenhouse_share": 1.0, "declared_irrigated_share": 1.0, "lon": -6.742174, "lat": 37.232767}}, {"type": "Feature", "geometry": {"type": "Polygon", "coordinates": [[[-6.731159, 37.226448], [-6.731155, 37.226358], [-6.73093, 37.226365], [-6.73089, 37.225556], [-6.731227, 37.225545], [-6.731232, 37.225635], [-6.731569, 37.225625], [-6.731574, 37.225715], [-6.731686, 37.225711], [-6.731708, 37.226161], [-6.731596, 37.226164], [-6.731605, 37.226344], [-6.731492, 37.226348], [-6.731497, 37.226438], [-6.731159, 37.226448]], [[-6.731263, 37.226265], [-6.731267, 37.226355], [-6.73138, 37.226351], [-6.731375, 37.226261], [-6.731263, 37.226265]], [[-6.731488, 37.226258], [-6.731479, 37.226078], [-6.731366, 37.226081], [-6.731375, 37.226261], [-6.731488, 37.226258]], [[-6.731357, 37.225902], [-6.731245, 37.225905], [-6.731254, 37.226085], [-6.731366, 37.226081], [-6.731357, 37.225902]]]}, "properties": {"id": "donana-2025-168900-4126470", "ha": 0.54, "plastic_dates": 3.1, "valid_dates": 7.5, "admin_zone": "Zona C", "plan_zone": "Zona C - No regable", "distance_to_irrigable_m": 24, "sigpac_ref": "21:46:0:0:12:2:2", "sigpac_use": "IV", "sigpac_irrigation_coef": 100, "sigpac_url": "https://sigpac-hubcloud.es/servicioconsultassigpac/query/recinfo/21/46/0/0/12/2/2.json", "declared_greenhouse_share": 1.0, "declared_irrigated_share": 1.0, "lon": -6.731531, "lat": 37.225986}}, {"type": "Feature", "geometry": {"type": "MultiPolygon", "coordinates": [[[[-6.843702, 37.206448], [-6.843365, 37.206459], [-6.84337, 37.206549], [-6.84314, 37.206467], [-6.843136, 37.206377], [-6.843023, 37.20638], [-6.843014, 37.206201], [-6.842785, 37.206118], [-6.842776, 37.205938], [-6.842888, 37.205934], [-6.842897, 37.206114], [-6.843127, 37.206197], [-6.843131, 37.206287], [-6.843356, 37.20628], [-6.843351, 37.20619], [-6.843464, 37.206186], [-6.843585, 37.206362], [-6.843698, 37.206358], [-6.843702, 37.206448]]], [[[-6.843689, 37.206179], [-6.843801, 37.206175], [-6.843792, 37.205995], [-6.84368, 37.205999], [-6.843675, 37.205909], [-6.8439, 37.205901], [-6.843905, 37.205991], [-6.844017, 37.205988], [-6.844012, 37.205898], [-6.844125, 37.205894], [-6.844139, 37.206164], [-6.843909, 37.206081], [-6.843918, 37.206261], [-6.843698, 37.206358], [-6.843689, 37.206179]]], [[[-6.842659, 37.205852], [-6.842771, 37.205848], [-6.842776, 37.205938], [-6.842546, 37.205855], [-6.842542, 37.205765], [-6.842429, 37.205769], [-6.842425, 37.205679], [-6.842537, 37.205676], [-6.842659, 37.205852]]], [[[-6.842649, 37.205672], [-6.842537, 37.205676], [-6.842528, 37.205496], [-6.842753, 37.205488], [-6.842649, 37.205672]]], [[[-6.842748, 37.205398], [-6.843085, 37.205387], [-6.843076, 37.205208], [-6.843189, 37.205204], [-6.843184, 37.205114], [-6.843634, 37.205099], [-6.843639, 37.205189], [-6.843751, 37.205186], [-6.84376, 37.205366], [-6.84399, 37.205448], [-6.843994, 37.205538], [-6.844107, 37.205534], [-6.844116, 37.205714], [-6.843886, 37.205632], [-6.843877, 37.205452], [-6.843648, 37.205369], [-6.843643, 37.205279], [-6.843193, 37.205294], [-6.843202, 37.205474], [-6.842753, 37.205488], [-6.842748, 37.205398]]]]}, "properties": {"id": "donana-2025-158940-4124630", "ha": 0.54, "plastic_dates": 3.9, "valid_dates": 7.0, "admin_zone": "Zona A", "plan_zone": "Zona A - RedNatura2000", "distance_to_irrigable_m": 419, "sigpac_ref": "21:50:0:0:35:8022:2", "sigpac_use": "IV", "sigpac_irrigation_coef": 100, "sigpac_url": "https://sigpac-hubcloud.es/servicioconsultassigpac/query/recinfo/21/50/0/0/35/8022/2.json", "declared_greenhouse_share": 0.94, "declared_irrigated_share": 0.43, "lon": -6.842717, "lat": 37.205895}}, {"type": "Feature", "geometry": {"type": "Polygon", "coordinates": [[[-6.719601, 37.252578], [-6.719597, 37.252488], [-6.719372, 37.252495], [-6.719367, 37.252405], [-6.71948, 37.252402], [-6.719471, 37.252222], [-6.719584, 37.252218], [-6.71957, 37.251948], [-6.719791, 37.251851], [-6.719782, 37.251671], [-6.720012, 37.251754], [-6.720016, 37.251844], [-6.720128, 37.251841], [-6.720133, 37.251931], [-6.720245, 37.251927], [-6.72025, 37.252017], [-6.720362, 37.252013], [-6.720367, 37.252103], [-6.720254, 37.252107], [-6.720272, 37.252467], [-6.72016, 37.25247], [-6.720164, 37.25256], [-6.719601, 37.252578]]]}, "properties": {"id": "donana-2025-170050-4129330", "ha": 0.53, "plastic_dates": 5.5, "valid_dates": 8.6, "admin_zone": "Zona A", "plan_zone": "Zona A - Suelo Forestal", "distance_to_irrigable_m": 94, "sigpac_ref": "21:46:0:0:10:123:38", "sigpac_use": "IV", "sigpac_irrigation_coef": 38, "sigpac_url": "https://sigpac-hubcloud.es/servicioconsultassigpac/query/recinfo/21/46/0/0/10/123/38.json", "declared_greenhouse_share": 1.0, "declared_irrigated_share": 1.0, "lon": -6.719919, "lat": 37.252163}}, {"type": "Feature", "geometry": {"type": "Polygon", "coordinates": [[[-6.741404, 37.269547], [-6.741395, 37.269368], [-6.740832, 37.269385], [-6.740823, 37.269205], [-6.740936, 37.269202], [-6.740914, 37.268752], [-6.741134, 37.268655], [-6.741125, 37.268475], [-6.741355, 37.268558], [-6.741485, 37.268914], [-6.741598, 37.268911], [-6.741616, 37.26927], [-6.741728, 37.269267], [-6.741737, 37.269447], [-6.741512, 37.269454], [-6.741516, 37.269544], [-6.741404, 37.269547]], [[-6.741377, 37.269008], [-6.741265, 37.269011], [-6.741269, 37.269101], [-6.741382, 37.269098], [-6.741377, 37.269008]]]}, "properties": {"id": "donana-2025-168240-4131280", "ha": 0.52, "plastic_dates": 4.3, "valid_dates": 9.7, "admin_zone": "Zona C", "plan_zone": "Zona C - No regable", "distance_to_irrigable_m": 22, "sigpac_ref": "21:46:0:0:25:165:2", "sigpac_use": "IV", "sigpac_irrigation_coef": 0, "sigpac_url": "https://sigpac-hubcloud.es/servicioconsultassigpac/query/recinfo/21/46/0/0/25/165/2.json", "declared_greenhouse_share": 1.0, "declared_irrigated_share": 0.0, "lon": -6.741098, "lat": 37.269062}}, {"type": "Feature", "geometry": {"type": "Polygon", "coordinates": [[[-6.786335, 37.257397], [-6.786196, 37.25686], [-6.786308, 37.256857], [-6.786304, 37.256767], [-6.786529, 37.25676], [-6.786623, 37.256396], [-6.786848, 37.256389], [-6.786844, 37.256299], [-6.787069, 37.256292], [-6.787064, 37.256202], [-6.787177, 37.256198], [-6.787186, 37.256378], [-6.786961, 37.256386], [-6.786965, 37.256475], [-6.786853, 37.256479], [-6.78688, 37.257019], [-6.786992, 37.257015], [-6.786997, 37.257105], [-6.786884, 37.257109], [-6.786893, 37.257289], [-6.786668, 37.257296], [-6.786673, 37.257386], [-6.786335, 37.257397]]]}, "properties": {"id": "donana-2025-164150-4130080", "ha": 0.52, "plastic_dates": 7.2, "valid_dates": 11.4, "admin_zone": "Zona A", "plan_zone": "Zona A - Suelo Forestal", "distance_to_irrigable_m": 14, "sigpac_ref": "21:50:0:0:28:45:5", "sigpac_use": "IV", "sigpac_irrigation_coef": 0, "sigpac_url": "https://sigpac-hubcloud.es/servicioconsultassigpac/query/recinfo/21/50/0/0/28/45/5.json", "declared_greenhouse_share": 0.85, "declared_irrigated_share": 0.0, "lon": -6.786587, "lat": 37.256803}}, {"type": "Feature", "geometry": {"type": "Polygon", "coordinates": [[[-6.761231, 37.248919], [-6.761226, 37.248829], [-6.760664, 37.248847], [-6.760655, 37.248667], [-6.760542, 37.24867], [-6.760529, 37.248401], [-6.760416, 37.248404], [-6.760407, 37.248224], [-6.761082, 37.248203], [-6.761204, 37.248379], [-6.761316, 37.248375], [-6.761325, 37.248555], [-6.761438, 37.248552], [-6.761447, 37.248732], [-6.761559, 37.248728], [-6.761456, 37.248912], [-6.761231, 37.248919]]]}, "properties": {"id": "donana-2025-166390-4129080", "ha": 0.52, "plastic_dates": 5.7, "valid_dates": 9.2, "admin_zone": "Zona A", "plan_zone": "Zona A - Suelo Forestal", "distance_to_irrigable_m": 21, "sigpac_ref": "21:50:0:0:31:38:17", "sigpac_use": "IV", "sigpac_irrigation_coef": 100, "sigpac_url": "https://sigpac-hubcloud.es/servicioconsultassigpac/query/recinfo/21/50/0/0/31/38/17.json", "declared_greenhouse_share": 1.0, "declared_irrigated_share": 1.0, "lon": -6.76099, "lat": 37.248611}}, {"type": "Feature", "geometry": {"type": "Polygon", "coordinates": [[[-6.744647, 37.237193], [-6.744643, 37.237103], [-6.744418, 37.23711], [-6.744296, 37.236934], [-6.744071, 37.236941], [-6.744067, 37.236851], [-6.743729, 37.236862], [-6.743725, 37.236772], [-6.7435, 37.236779], [-6.743495, 37.236689], [-6.74327, 37.236696], [-6.743266, 37.236606], [-6.742928, 37.236617], [-6.742915, 37.236347], [-6.74337, 37.236423], [-6.743374, 37.236513], [-6.743599, 37.236506], [-6.743603, 37.236595], [-6.743941, 37.236585], [-6.744062, 37.236761], [-6.744283, 37.236664], [-6.744287, 37.236754], [-6.744512, 37.236747], [-6.744517, 37.236837], [-6.744742, 37.23683], [-6.744746, 37.23692], [-6.744971, 37.236912], [-6.744976, 37.237002], [-6.744863, 37.237006], [-6.744872, 37.237186], [-6.745093, 37.237089], [-6.745102, 37.237269], [-6.744647, 37.237193]]]}, "properties": {"id": "donana-2025-167830-4127710", "ha": 0.52, "plastic_dates": 5.5, "valid_dates": 9.3, "admin_zone": "Zona A", "plan_zone": "Zona A - Suelo Forestal", "distance_to_irrigable_m": 19, "sigpac_ref": "21:46:0:0:16:10:3", "sigpac_use": "IV", "sigpac_irrigation_coef": 88, "sigpac_url": "https://sigpac-hubcloud.es/servicioconsultassigpac/query/recinfo/21/46/0/0/16/10/3.json", "declared_greenhouse_share": 0.92, "declared_irrigated_share": 0.92, "lon": -6.744121, "lat": 37.236804}}, {"type": "Feature", "geometry": {"type": "MultiPolygon", "coordinates": [[[[-6.721457, 37.274231], [-6.721678, 37.274134], [-6.721682, 37.274224], [-6.721795, 37.27422], [-6.721804, 37.2744], [-6.721691, 37.274404], [-6.721695, 37.274494], [-6.720795, 37.274522], [-6.720881, 37.273979], [-6.72111, 37.274062], [-6.721106, 37.273972], [-6.721331, 37.273965], [-6.721327, 37.273875], [-6.721439, 37.273871], [-6.721457, 37.274231]]], [[[-6.721435, 37.273781], [-6.72121, 37.273788], [-6.721205, 37.273698], [-6.721768, 37.273681], [-6.721777, 37.273861], [-6.721664, 37.273864], [-6.721669, 37.273954], [-6.721439, 37.273871], [-6.721435, 37.273781]]]]}, "properties": {"id": "donana-2025-170030-4131770", "ha": 0.51, "plastic_dates": 3.1, "valid_dates": 9.0, "admin_zone": "Zona C", "plan_zone": "Zona C - No regable", "distance_to_irrigable_m": 21, "sigpac_ref": "21:46:0:0:24:164:45", "sigpac_use": "IV", "sigpac_irrigation_coef": 0, "sigpac_url": "https://sigpac-hubcloud.es/servicioconsultassigpac/query/recinfo/21/46/0/0/24/164/45.json", "declared_greenhouse_share": 1.0, "declared_irrigated_share": 0.18, "lon": -6.721169, "lat": 37.274105}}, {"type": "Feature", "geometry": {"type": "Polygon", "coordinates": [[[-6.735334, 37.272172], [-6.735325, 37.271992], [-6.735438, 37.271988], [-6.735429, 37.271808], [-6.735541, 37.271805], [-6.735537, 37.271715], [-6.735649, 37.271711], [-6.735636, 37.271442], [-6.735748, 37.271438], [-6.735744, 37.271348], [-6.735857, 37.271344], [-6.735865, 37.271524], [-6.736086, 37.271427], [-6.736091, 37.271517], [-6.736203, 37.271514], [-6.736208, 37.271604], [-6.736095, 37.271607], [-6.736126, 37.272237], [-6.736239, 37.272233], [-6.736243, 37.272323], [-6.735334, 37.272172]]]}, "properties": {"id": "donana-2025-168730-4131580", "ha": 0.51, "plastic_dates": 5.7, "valid_dates": 8.2, "admin_zone": "Zona A", "plan_zone": "Zona A - Suelo Forestal", "distance_to_irrigable_m": 22, "sigpac_ref": "21:46:0:0:25:137:1", "sigpac_use": "IV", "sigpac_irrigation_coef": 0, "sigpac_url": "https://sigpac-hubcloud.es/servicioconsultassigpac/query/recinfo/21/46/0/0/25/137/1.json", "declared_greenhouse_share": 0.94, "declared_irrigated_share": 0.0, "lon": -6.735771, "lat": 37.271888}}, {"type": "Feature", "geometry": {"type": "MultiPolygon", "coordinates": [[[[-6.774272, 37.257332], [-6.774277, 37.257422], [-6.774502, 37.257415], [-6.774506, 37.257504], [-6.774052, 37.257429], [-6.774047, 37.257339], [-6.774272, 37.257332]]], [[[-6.773935, 37.257343], [-6.773939, 37.257432], [-6.773714, 37.25744], [-6.77371, 37.25735], [-6.77326, 37.257364], [-6.773255, 37.257274], [-6.772693, 37.257292], [-6.772684, 37.257112], [-6.772796, 37.257109], [-6.772787, 37.256929], [-6.7729, 37.256925], [-6.773021, 37.257101], [-6.773246, 37.257094], [-6.773237, 37.256914], [-6.77335, 37.256911], [-6.773345, 37.256821], [-6.773458, 37.256817], [-6.773462, 37.256907], [-6.773912, 37.256893], [-6.77393, 37.257253], [-6.774043, 37.257249], [-6.774047, 37.257339], [-6.773935, 37.257343]]]]}, "properties": {"id": "donana-2025-165330-4130080", "ha": 0.51, "plastic_dates": 5.1, "valid_dates": 9.2, "admin_zone": "Zona A", "plan_zone": "Zona A - Suelo Forestal", "distance_to_irrigable_m": 16, "sigpac_ref": "21:50:0:0:30:60:7", "sigpac_use": "IV", "sigpac_irrigation_coef": 0, "sigpac_url": "https://sigpac-hubcloud.es/servicioconsultassigpac/query/recinfo/21/50/0/0/30/60/7.json", "declared_greenhouse_share": 1.0, "declared_irrigated_share": 0.0, "lon": -6.773307, "lat": 37.257182}}, {"type": "Feature", "geometry": {"type": "Polygon", "coordinates": [[[-6.738471, 37.24901], [-6.738467, 37.24892], [-6.738354, 37.248924], [-6.73835, 37.248834], [-6.738462, 37.24883], [-6.738431, 37.2482], [-6.738768, 37.24819], [-6.738782, 37.24846], [-6.739236, 37.248535], [-6.739241, 37.248625], [-6.739466, 37.248618], [-6.739479, 37.248888], [-6.738692, 37.248913], [-6.738696, 37.249003], [-6.738471, 37.24901]]]}, "properties": {"id": "donana-2025-168350-4129000", "ha": 0.51, "plastic_dates": 4.4, "valid_dates": 8.9, "admin_zone": "Zona C", "plan_zone": "Zona C - No regable", "distance_to_irrigable_m": 14, "sigpac_ref": "21:46:0:0:16:4:3", "sigpac_use": "IV", "sigpac_irrigation_coef": 100, "sigpac_url": "https://sigpac-hubcloud.es/servicioconsultassigpac/query/recinfo/21/46/0/0/16/4/3.json", "declared_greenhouse_share": 1.0, "declared_irrigated_share": 1.0, "lon": -6.738845, "lat": 37.248593}}, {"type": "Feature", "geometry": {"type": "Polygon", "coordinates": [[[-6.79706, 37.253269], [-6.797055, 37.253179], [-6.797168, 37.253175], [-6.797172, 37.253265], [-6.79706, 37.253269]]]}, "properties": {"id": "donana-2025-163200-4129720", "ha": 0.01, "plastic_dates": 2.0, "valid_dates": 4.0, "admin_zone": "Zona A", "plan_zone": "Zona A - Suelo Forestal", "distance_to_irrigable_m": 202, "sigpac_ref": "21:50:0:0:27:2:7", "sigpac_use": "FY", "sigpac_irrigation_coef": 100, "sigpac_url": "https://sigpac-hubcloud.es/servicioconsultassigpac/query/recinfo/21/50/0/0/27/2/7.json", "declared_greenhouse_share": 0.0, "declared_irrigated_share": 1.0, "lon": -6.797114, "lat": 37.253222}}]}