{"type": "FeatureCollection", "features": [{"type": "Feature", "geometry": {"type": "Polygon", "coordinates": [[[-6.767957, 37.293388], [-6.767948, 37.293208], [-6.767835, 37.293212], [-6.767795, 37.292402], [-6.768245, 37.292388], [-6.768241, 37.292298], [-6.769479, 37.292259], [-6.769475, 37.292169], [-6.769925, 37.292154], [-6.76992, 37.292064], [-6.770371, 37.29205], [-6.770366, 37.29196], [-6.771154, 37.291935], [-6.77115, 37.291845], [-6.772163, 37.291813], [-6.772158, 37.291723], [-6.772271, 37.291719], [-6.772276, 37.291809], [-6.772388, 37.291805], [-6.772384, 37.291715], [-6.773284, 37.291687], [-6.77328, 37.291597], [-6.773505, 37.29159], [-6.7735, 37.2915], [-6.773726, 37.291492], [-6.77373, 37.291582], [-6.774406, 37.291561], [-6.774401, 37.291471], [-6.774176, 37.291478], [-6.774171, 37.291388], [-6.774959, 37.291363], [-6.774955, 37.291273], [-6.775067, 37.291269], [-6.775072, 37.291359], [-6.775185, 37.291356], [-6.77518, 37.291266], [-6.775518, 37.291255], [-6.775513, 37.291165], [-6.775626, 37.291162], [-6.77563, 37.291251], [-6.775968, 37.291241], [-6.775973, 37.291331], [-6.776198, 37.291323], [-6.776202, 37.291413], [-6.776427, 37.291406], [-6.776454, 37.291946], [-6.776342, 37.291949], [-6.776351, 37.292129], [-6.775225, 37.292165], [-6.775221, 37.292075], [-6.774995, 37.292083], [-6.775, 37.292172], [-6.774775, 37.29218], [-6.77477, 37.29209], [-6.774095, 37.292111], [-6.774099, 37.292201], [-6.774662, 37.292183], [-6.774667, 37.292273], [-6.773653, 37.292306], [-6.77355, 37.292489], [-6.773437, 37.292493], [-6.773433, 37.292403], [-6.772307, 37.292439], [-6.772316, 37.292618], [-6.77119, 37.292654], [-6.771195, 37.292744], [-6.770744, 37.292759], [-6.770641, 37.292942], [-6.770416, 37.292949], [-6.77042, 37.293039], [-6.770308, 37.293043], [-6.770312, 37.293133], [-6.769637, 37.293154], [-6.769641, 37.293244], [-6.76874, 37.293273], [-6.768745, 37.293363], [-6.767957, 37.293388]], [[-6.776004, 37.29196], [-6.775892, 37.291964], [-6.775896, 37.292054], [-6.776009, 37.29205], [-6.776004, 37.29196]]]}, "properties": {"id": "donana-2024-165670-4133970", "ha": 7.37, "plastic_dates": 4.9, "valid_dates": 5.3, "admin_zone": "Zona C", "plan_zone": "Zona C - No regable", "distance_to_irrigable_m": 16, "sigpac_ref": "21:46:0:0:20:1:2", "sigpac_use": "IV", "sigpac_irrigation_coef": 0, "sigpac_url": "https://sigpac-hubcloud.es/servicioconsultassigpac/query/recinfo/21/46/0/0/20/1/2.json", "declared_greenhouse_share": 1.0, "declared_irrigated_share": 0.0, "lon": -6.771231, "lat": 37.292338}}, {"type": "Feature", "geometry": {"type": "MultiPolygon", "coordinates": [[[[-6.772861, 37.294493], [-6.772636, 37.2945], [-6.77264, 37.29459], [-6.772415, 37.294597], [-6.772406, 37.294417], [-6.772068, 37.294428], [-6.772073, 37.294518], [-6.771848, 37.294525], [-6.77183, 37.294166], [-6.771717, 37.294169], [-6.771739, 37.294619], [-6.771514, 37.294626], [-6.77151, 37.294536], [-6.771397, 37.29454], [-6.771402, 37.29463], [-6.770951, 37.294644], [-6.770947, 37.294554], [-6.770834, 37.294558], [-6.770825, 37.294378], [-6.770713, 37.294381], [-6.770699, 37.294111], [-6.770812, 37.294108], [-6.770821, 37.294288], [-6.771046, 37.294281], [-6.771028, 37.293921], [-6.771141, 37.293917], [-6.771127, 37.293647], [-6.770906, 37.293745], [-6.770911, 37.293834], [-6.770798, 37.293838], [-6.770807, 37.294018], [-6.770695, 37.294022], [-6.770672, 37.293572], [-6.770893, 37.293475], [-6.770888, 37.293385], [-6.770663, 37.293392], [-6.77065, 37.293122], [-6.770762, 37.293119], [-6.770758, 37.293029], [-6.770983, 37.293021], [-6.770992, 37.293201], [-6.770767, 37.293208], [-6.770771, 37.293298], [-6.771001, 37.293381], [-6.771006, 37.293471], [-6.771118, 37.293468], [-6.771222, 37.293284], [-6.771334, 37.29328], [-6.77133, 37.29319], [-6.771442, 37.293187], [-6.771433, 37.293007], [-6.771321, 37.293011], [-6.771316, 37.292921], [-6.771537, 37.292824], [-6.771573, 37.293543], [-6.771686, 37.293539], [-6.771654, 37.29291], [-6.771767, 37.292906], [-6.771762, 37.292816], [-6.77255, 37.292791], [-6.772555, 37.292881], [-6.772667, 37.292878], [-6.772663, 37.292788], [-6.773113, 37.292773], [-6.773136, 37.293223], [-6.773248, 37.293219], [-6.77323, 37.29286], [-6.773455, 37.292852], [-6.773559, 37.292669], [-6.774009, 37.292655], [-6.774005, 37.292565], [-6.774117, 37.292561], [-6.774122, 37.292651], [-6.774234, 37.292647], [-6.77423, 37.292557], [-6.774342, 37.292554], [-6.774347, 37.292644], [-6.774572, 37.292637], [-6.774563, 37.292457], [-6.774676, 37.292453], [-6.774689, 37.292723], [-6.774914, 37.292716], [-6.775018, 37.292532], [-6.775356, 37.292521], [-6.775459, 37.292338], [-6.775684, 37.292331], [-6.775689, 37.292421], [-6.775576, 37.292424], [-6.775594, 37.292784], [-6.775482, 37.292788], [-6.7755, 37.293147], [-6.775387, 37.293151], [-6.775405, 37.293511], [-6.775293, 37.293514], [-6.775311, 37.293874], [-6.775198, 37.293878], [-6.775207, 37.294058], [-6.775094, 37.294061], [-6.775085, 37.293881], [-6.77486, 37.293889], [-6.774878, 37.294248], [-6.774423, 37.294173], [-6.774545, 37.294349], [-6.774207, 37.29436], [-6.774212, 37.29445], [-6.773987, 37.294457], [-6.773969, 37.294097], [-6.773748, 37.294194], [-6.773757, 37.294374], [-6.773532, 37.294381], [-6.773401, 37.294025], [-6.773289, 37.294029], [-6.773311, 37.294479], [-6.773081, 37.294396], [-6.773072, 37.294216], [-6.77296, 37.29422], [-6.772955, 37.29413], [-6.772843, 37.294133], [-6.772861, 37.294493]], [[-6.771123, 37.293557], [-6.771235, 37.293554], [-6.771231, 37.293464], [-6.771118, 37.293468], [-6.771123, 37.293557]], [[-6.771249, 37.293824], [-6.771361, 37.29382], [-6.771348, 37.29355], [-6.771235, 37.293554], [-6.771249, 37.293824]], [[-6.771366, 37.29391], [-6.771253, 37.293914], [-6.771262, 37.294094], [-6.77115, 37.294097], [-6.771159, 37.294277], [-6.771379, 37.29418], [-6.771384, 37.29427], [-6.771496, 37.294266], [-6.771487, 37.294086], [-6.771375, 37.29409], [-6.77137, 37.294], [-6.771483, 37.293996], [-6.771474, 37.293817], [-6.771361, 37.29382], [-6.771366, 37.29391]], [[-6.773068, 37.294126], [-6.773063, 37.294036], [-6.772951, 37.29404], [-6.772955, 37.29413], [-6.773068, 37.294126]], [[-6.772838, 37.294043], [-6.772613, 37.29405], [-6.772618, 37.29414], [-6.772843, 37.294133], [-6.772838, 37.294043]], [[-6.774644, 37.294076], [-6.774757, 37.294072], [-6.774752, 37.293982], [-6.77464, 37.293986], [-6.774644, 37.294076]], [[-6.774635, 37.293896], [-6.774748, 37.293892], [-6.774734, 37.293622], [-6.774509, 37.29363], [-6.774527, 37.293989], [-6.77464, 37.293986], [-6.774635, 37.293896]], [[-6.774396, 37.293633], [-6.774171, 37.29364], [-6.774293, 37.293817], [-6.774405, 37.293813], [-6.774396, 37.293633]], [[-6.77305, 37.293766], [-6.772937, 37.29377], [-6.772942, 37.29386], [-6.773054, 37.293856], [-6.77305, 37.293766]], [[-6.771812, 37.293806], [-6.771699, 37.293809], [-6.771704, 37.293899], [-6.771816, 37.293896], [-6.771812, 37.293806]], [[-6.771577, 37.293633], [-6.771465, 37.293637], [-6.771469, 37.293727], [-6.771582, 37.293723], [-6.771577, 37.293633]], [[-6.774392, 37.293543], [-6.774505, 37.29354], [-6.7745, 37.29345], [-6.774387, 37.293453], [-6.774392, 37.293543]], [[-6.77495, 37.293435], [-6.774946, 37.293345], [-6.774721, 37.293353], [-6.774703, 37.292993], [-6.774473, 37.29291], [-6.7745, 37.29345], [-6.77495, 37.293435]], [[-6.775058, 37.293342], [-6.775054, 37.293252], [-6.774941, 37.293255], [-6.774946, 37.293345], [-6.775058, 37.293342]], [[-6.774815, 37.292989], [-6.774811, 37.292899], [-6.774698, 37.292903], [-6.774703, 37.292993], [-6.774815, 37.292989]], [[-6.774383, 37.293363], [-6.774158, 37.29337], [-6.774162, 37.29346], [-6.774387, 37.293453], [-6.774383, 37.293363]], [[-6.77101, 37.293561], [-6.770897, 37.293565], [-6.770902, 37.293655], [-6.771015, 37.293651], [-6.77101, 37.293561]], [[-6.773023, 37.293227], [-6.77291, 37.29323], [-6.772915, 37.29332], [-6.773027, 37.293316], [-6.773023, 37.293227]], [[-6.774252, 37.293007], [-6.77414, 37.293011], [-6.774144, 37.293101], [-6.774257, 37.293097], [-6.774252, 37.293007]], [[-6.772892, 37.29287], [-6.77278, 37.292874], [-6.772784, 37.292964], [-6.772897, 37.29296], [-6.772892, 37.29287]]], [[[-6.775103, 37.294241], [-6.774991, 37.294245], [-6.774982, 37.294065], [-6.775094, 37.294061], [-6.775103, 37.294241]]], [[[-6.770807, 37.294018], [-6.77092, 37.294014], [-6.770924, 37.294104], [-6.770812, 37.294108], [-6.770807, 37.294018]]]]}, "properties": {"id": "donana-2024-165530-4134110", "ha": 6.49, "plastic_dates": 3.1, "valid_dates": 5.7, "admin_zone": "Zona C", "plan_zone": "Zona C - No regable", "distance_to_irrigable_m": 19, "sigpac_ref": "21:46:0:0:1:3:28", "sigpac_use": "IV", "sigpac_irrigation_coef": 0, "sigpac_url": "https://sigpac-hubcloud.es/servicioconsultassigpac/query/recinfo/21/46/0/0/1/3/28.json", "declared_greenhouse_share": 1.0, "declared_irrigated_share": 0.0, "lon": -6.77287, "lat": 37.293547}}, {"type": "Feature", "geometry": {"type": "MultiPolygon", "coordinates": [[[[-6.730855, 37.243124], [-6.730968, 37.243121], [-6.730972, 37.243211], [-6.731422, 37.243197], [-6.731544, 37.243373], [-6.731656, 37.243369], [-6.731652, 37.243279], [-6.731877, 37.243272], [-6.731872, 37.243182], [-6.732885, 37.24315], [-6.73288, 37.24306], [-6.732993, 37.243057], [-6.732997, 37.243147], [-6.733222, 37.24314], [-6.733218, 37.24305], [-6.733331, 37.243046], [-6.733335, 37.243136], [-6.733673, 37.243126], [-6.733677, 37.243216], [-6.733902, 37.243208], [-6.733911, 37.243388], [-6.733798, 37.243392], [-6.733812, 37.243662], [-6.733699, 37.243665], [-6.733704, 37.243755], [-6.733929, 37.243748], [-6.734068, 37.244284], [-6.733955, 37.244288], [-6.733964, 37.244468], [-6.733852, 37.244471], [-6.733861, 37.244651], [-6.733748, 37.244655], [-6.733761, 37.244925], [-6.733649, 37.244928], [-6.733658, 37.245108], [-6.733545, 37.245112], [-6.733563, 37.245471], [-6.733334, 37.245388], [-6.733338, 37.245478], [-6.733225, 37.245482], [-6.733104, 37.245306], [-6.732883, 37.245403], [-6.732879, 37.245313], [-6.732654, 37.24532], [-6.73265, 37.24523], [-6.732537, 37.245233], [-6.732533, 37.245144], [-6.73242, 37.245147], [-6.732425, 37.245237], [-6.7322, 37.245244], [-6.732195, 37.245154], [-6.73197, 37.245161], [-6.731966, 37.245071], [-6.731741, 37.245078], [-6.731736, 37.244988], [-6.731511, 37.244996], [-6.731502, 37.244816], [-6.731277, 37.244823], [-6.731273, 37.244733], [-6.73116, 37.244736], [-6.731151, 37.244556], [-6.731039, 37.24456], [-6.731026, 37.24429], [-6.730913, 37.244294], [-6.730904, 37.244114], [-6.730679, 37.244121], [-6.730558, 37.243945], [-6.730445, 37.243948], [-6.730441, 37.243858], [-6.730328, 37.243862], [-6.730324, 37.243772], [-6.730211, 37.243775], [-6.730207, 37.243685], [-6.730094, 37.243689], [-6.73009, 37.243599], [-6.729977, 37.243603], [-6.729964, 37.243333], [-6.730077, 37.243329], [-6.730081, 37.243419], [-6.730531, 37.243405], [-6.730536, 37.243495], [-6.730761, 37.243488], [-6.730752, 37.243308], [-6.730864, 37.243304], [-6.730855, 37.243124]], [[-6.731849, 37.244985], [-6.731844, 37.244895], [-6.731732, 37.244899], [-6.731736, 37.244988], [-6.731849, 37.244985]], [[-6.731138, 37.244287], [-6.731134, 37.244197], [-6.731021, 37.2442], [-6.731026, 37.24429], [-6.731138, 37.244287]], [[-6.730873, 37.243484], [-6.730986, 37.243481], [-6.73099, 37.243571], [-6.730878, 37.243574], [-6.730891, 37.243844], [-6.730778, 37.243848], [-6.730787, 37.244027], [-6.7309, 37.244024], [-6.730895, 37.243934], [-6.731008, 37.24393], [-6.730999, 37.24375], [-6.731111, 37.243747], [-6.731098, 37.243477], [-6.731211, 37.243474], [-6.731202, 37.243294], [-6.730864, 37.243304], [-6.730873, 37.243484]], [[-6.732065, 37.244798], [-6.731952, 37.244801], [-6.731957, 37.244891], [-6.732069, 37.244888], [-6.732065, 37.244798]], [[-6.731615, 37.244812], [-6.731727, 37.244809], [-6.731723, 37.244719], [-6.73161, 37.244722], [-6.731615, 37.244812]], [[-6.731835, 37.244715], [-6.731831, 37.244625], [-6.731718, 37.244629], [-6.731723, 37.244719], [-6.731835, 37.244715]], [[-6.731606, 37.244632], [-6.731493, 37.244636], [-6.731498, 37.244726], [-6.73161, 37.244722], [-6.731606, 37.244632]], [[-6.732479, 37.244064], [-6.732254, 37.244071], [-6.732376, 37.244248], [-6.732263, 37.244251], [-6.732277, 37.244521], [-6.732164, 37.244525], [-6.732168, 37.244614], [-6.732393, 37.244607], [-6.732479, 37.244064]], [[-6.732722, 37.244417], [-6.73261, 37.24442], [-6.732614, 37.24451], [-6.732727, 37.244507], [-6.732722, 37.244417]], [[-6.731376, 37.244549], [-6.731489, 37.244546], [-6.731484, 37.244456], [-6.731372, 37.244459], [-6.731376, 37.244549]], [[-6.731368, 37.244369], [-6.731255, 37.244373], [-6.731259, 37.244463], [-6.731372, 37.244459], [-6.731368, 37.244369]], [[-6.732043, 37.244348], [-6.73193, 37.244352], [-6.731935, 37.244442], [-6.732047, 37.244438], [-6.732043, 37.244348]], [[-6.732821, 37.244143], [-6.732709, 37.244147], [-6.732713, 37.244237], [-6.732826, 37.244233], [-6.732821, 37.244143]], [[-6.731683, 37.243909], [-6.731795, 37.243906], [-6.731786, 37.243726], [-6.731449, 37.243736], [-6.731445, 37.243646], [-6.731332, 37.24365], [-6.731336, 37.24374], [-6.731224, 37.243743], [-6.731233, 37.243923], [-6.731453, 37.243826], [-6.731462, 37.244006], [-6.731687, 37.243999], [-6.731683, 37.243909]], [[-6.732574, 37.243701], [-6.732462, 37.243704], [-6.73247, 37.243884], [-6.732583, 37.243881], [-6.732574, 37.243701]], [[-6.730553, 37.243855], [-6.730666, 37.243851], [-6.730661, 37.243761], [-6.730549, 37.243765], [-6.730553, 37.243855]], [[-6.730544, 37.243675], [-6.730432, 37.243678], [-6.730436, 37.243768], [-6.730549, 37.243765], [-6.730544, 37.243675]], [[-6.730427, 37.243588], [-6.730315, 37.243592], [-6.730319, 37.243682], [-6.730432, 37.243678], [-6.730427, 37.243588]], [[-6.730311, 37.243502], [-6.730198, 37.243505], [-6.730202, 37.243595], [-6.730315, 37.243592], [-6.730311, 37.243502]], [[-6.733681, 37.243305], [-6.733344, 37.243316], [-6.733339, 37.243226], [-6.733114, 37.243233], [-6.733128, 37.243503], [-6.733587, 37.243669], [-6.733681, 37.243305]]], [[[-6.730527, 37.243315], [-6.730522, 37.243225], [-6.730747, 37.243218], [-6.730752, 37.243308], [-6.730527, 37.243315]]]]}, "properties": {"id": "donana-2024-168830-4128500", "ha": 5.4, "plastic_dates": 2.4, "valid_dates": 6.7, "admin_zone": "Zona A", "plan_zone": "Zona A - Suelo Forestal", "distance_to_irrigable_m": 17, "sigpac_ref": "21:46:0:0:11:14:3", "sigpac_use": "IV", "sigpac_irrigation_coef": 0, "sigpac_url": "https://sigpac-hubcloud.es/servicioconsultassigpac/query/recinfo/21/46/0/0/11/14/3.json", "declared_greenhouse_share": 0.99, "declared_irrigated_share": 0.0, "lon": -6.733278, "lat": 37.244264}}, {"type": "Feature", "geometry": {"type": "Polygon", "coordinates": [[[-6.79763, 37.22199], [-6.797854, 37.221983], [-6.79785, 37.221893], [-6.798079, 37.221976], [-6.798183, 37.221792], [-6.798633, 37.221778], [-6.798628, 37.221688], [-6.798858, 37.221771], [-6.798988, 37.222127], [-6.799101, 37.222123], [-6.79911, 37.222303], [-6.799222, 37.222299], [-6.799236, 37.222569], [-6.799461, 37.222562], [-6.79947, 37.222742], [-6.799699, 37.222825], [-6.799722, 37.223274], [-6.799492, 37.223192], [-6.799623, 37.223548], [-6.79951, 37.223551], [-6.799519, 37.223731], [-6.799632, 37.223728], [-6.799636, 37.223818], [-6.799524, 37.223821], [-6.799547, 37.224271], [-6.799434, 37.224275], [-6.799461, 37.224814], [-6.799349, 37.224818], [-6.799362, 37.225088], [-6.79925, 37.225091], [-6.799259, 37.225271], [-6.799146, 37.225275], [-6.799155, 37.225455], [-6.799043, 37.225458], [-6.799047, 37.225548], [-6.798143, 37.225487], [-6.798139, 37.225397], [-6.798364, 37.22539], [-6.798359, 37.2253], [-6.798247, 37.225304], [-6.798228, 37.224944], [-6.798453, 37.224937], [-6.798449, 37.224847], [-6.798336, 37.22485], [-6.798309, 37.224311], [-6.79853, 37.224214], [-6.798525, 37.224124], [-6.798413, 37.224127], [-6.798404, 37.223947], [-6.798629, 37.22394], [-6.798732, 37.223757], [-6.79907, 37.223746], [-6.799065, 37.223656], [-6.799402, 37.223645], [-6.799393, 37.223465], [-6.799506, 37.223462], [-6.799501, 37.223372], [-6.799272, 37.223289], [-6.799267, 37.223199], [-6.79893, 37.22321], [-6.799051, 37.223386], [-6.798939, 37.22339], [-6.798943, 37.22348], [-6.798719, 37.223487], [-6.798723, 37.223577], [-6.798273, 37.223591], [-6.798269, 37.223501], [-6.798156, 37.223505], [-6.79817, 37.223775], [-6.797945, 37.223782], [-6.79794, 37.223692], [-6.798053, 37.223688], [-6.798044, 37.223508], [-6.797819, 37.223516], [-6.79781, 37.223336], [-6.79758, 37.223253], [-6.797571, 37.223073], [-6.797459, 37.223077], [-6.797445, 37.222807], [-6.797333, 37.222811], [-6.797324, 37.222631], [-6.797211, 37.222634], [-6.797198, 37.222365], [-6.797085, 37.222368], [-6.797076, 37.222188], [-6.797414, 37.222177], [-6.797409, 37.222087], [-6.797634, 37.22208], [-6.79763, 37.22199]], [[-6.797643, 37.22226], [-6.797868, 37.222253], [-6.797747, 37.222077], [-6.797634, 37.22208], [-6.797643, 37.22226]], [[-6.799016, 37.224919], [-6.798791, 37.224926], [-6.798786, 37.224836], [-6.798561, 37.224843], [-6.79857, 37.225023], [-6.79902, 37.225009], [-6.799016, 37.224919]], [[-6.798147, 37.223325], [-6.798035, 37.223329], [-6.798039, 37.223419], [-6.798152, 37.223415], [-6.798147, 37.223325]], [[-6.798116, 37.222695], [-6.797891, 37.222703], [-6.797895, 37.222793], [-6.79812, 37.222785], [-6.798116, 37.222695]], [[-6.797985, 37.222339], [-6.797873, 37.222343], [-6.797886, 37.222613], [-6.797999, 37.222609], [-6.797985, 37.222339]], [[-6.798754, 37.221954], [-6.798529, 37.221961], [-6.798538, 37.222141], [-6.798651, 37.222138], [-6.798754, 37.221954]]]}, "properties": {"id": "donana-2024-162860-4126440", "ha": 4.81, "plastic_dates": 2.2, "valid_dates": 7.0, "admin_zone": "Zona A", "plan_zone": "Zona A - Suelo Forestal", "distance_to_irrigable_m": 17, "sigpac_ref": "21:50:0:0:33:30:13", "sigpac_use": "IV", "sigpac_irrigation_coef": 100, "sigpac_url": "https://sigpac-hubcloud.es/servicioconsultassigpac/query/recinfo/21/50/0/0/33/30/13.json", "declared_greenhouse_share": 0.94, "declared_irrigated_share": 1.0, "lon": -6.799456, "lat": 37.223598}}, {"type": "Feature", "geometry": {"type": "MultiPolygon", "coordinates": [[[[-6.777536, 37.250471], [-6.777311, 37.250478], [-6.777329, 37.250838], [-6.777558, 37.250921], [-6.777554, 37.250831], [-6.777666, 37.250827], [-6.777689, 37.251277], [-6.777351, 37.251288], [-6.777356, 37.251378], [-6.777018, 37.251388], [-6.777009, 37.251208], [-6.776897, 37.251212], [-6.77687, 37.250672], [-6.776645, 37.25068], [-6.776676, 37.251309], [-6.776451, 37.251316], [-6.776312, 37.25078], [-6.776082, 37.250698], [-6.776078, 37.250608], [-6.775965, 37.250611], [-6.775943, 37.250161], [-6.776163, 37.250064], [-6.776154, 37.249884], [-6.776375, 37.249787], [-6.77637, 37.249697], [-6.77682, 37.249683], [-6.776816, 37.249593], [-6.777041, 37.249586], [-6.777036, 37.249496], [-6.777149, 37.249492], [-6.777144, 37.249402], [-6.777369, 37.249395], [-6.777365, 37.249305], [-6.77759, 37.249298], [-6.777711, 37.249474], [-6.778274, 37.249456], [-6.77827, 37.249366], [-6.778495, 37.249359], [-6.77854, 37.250259], [-6.778427, 37.250262], [-6.778454, 37.250802], [-6.778229, 37.250809], [-6.778098, 37.250453], [-6.777873, 37.25046], [-6.777882, 37.25064], [-6.777995, 37.250636], [-6.777999, 37.250726], [-6.777779, 37.250824], [-6.777765, 37.250554], [-6.77754, 37.250561], [-6.777536, 37.250471]], [[-6.776537, 37.250773], [-6.776532, 37.250683], [-6.776307, 37.25069], [-6.776312, 37.25078], [-6.776537, 37.250773]], [[-6.77619, 37.250604], [-6.776177, 37.250334], [-6.776064, 37.250338], [-6.776078, 37.250608], [-6.77619, 37.250604]], [[-6.777567, 37.251101], [-6.777455, 37.251104], [-6.777459, 37.251194], [-6.777572, 37.251191], [-6.777567, 37.251101]], [[-6.776397, 37.250237], [-6.77651, 37.250233], [-6.776514, 37.250323], [-6.776739, 37.250316], [-6.77673, 37.250136], [-6.777068, 37.250126], [-6.777063, 37.250036], [-6.777176, 37.250032], [-6.777162, 37.249762], [-6.77705, 37.249766], [-6.777054, 37.249856], [-6.776829, 37.249863], [-6.776834, 37.249953], [-6.776384, 37.249967], [-6.776393, 37.250147], [-6.77628, 37.250151], [-6.776298, 37.25051], [-6.776411, 37.250507], [-6.776397, 37.250237]], [[-6.777738, 37.250014], [-6.777851, 37.25001], [-6.777846, 37.249921], [-6.777621, 37.249928], [-6.777626, 37.250018], [-6.777513, 37.250021], [-6.777522, 37.250201], [-6.777747, 37.250194], [-6.777738, 37.250014]]], [[[-6.777662, 37.250737], [-6.777549, 37.250741], [-6.777428, 37.250564], [-6.77754, 37.250561], [-6.777662, 37.250737]]]]}, "properties": {"id": "donana-2024-164940-4129340", "ha": 2.97, "plastic_dates": 2.5, "valid_dates": 6.6, "admin_zone": "Zona A", "plan_zone": "Zona A - Suelo Forestal", "distance_to_irrigable_m": 21, "sigpac_ref": "21:50:0:0:31:24:4", "sigpac_use": "IV", "sigpac_irrigation_coef": 0, "sigpac_url": "https://sigpac-hubcloud.es/servicioconsultassigpac/query/recinfo/21/50/0/0/31/24/4.json", "declared_greenhouse_share": 0.98, "declared_irrigated_share": 0.18, "lon": -6.777419, "lat": 37.250385}}, {"type": "Feature", "geometry": {"type": "Polygon", "coordinates": [[[-6.779863, 37.240667], [-6.77975, 37.240671], [-6.779759, 37.240851], [-6.779305, 37.240775], [-6.7793, 37.240685], [-6.779075, 37.240692], [-6.779071, 37.240602], [-6.778846, 37.24061], [-6.778841, 37.24052], [-6.778616, 37.240527], [-6.778612, 37.240437], [-6.778499, 37.24044], [-6.77849, 37.240261], [-6.778378, 37.240264], [-6.778369, 37.240084], [-6.777914, 37.240009], [-6.77791, 37.239919], [-6.777797, 37.239922], [-6.777793, 37.239832], [-6.77768, 37.239836], [-6.777676, 37.239746], [-6.777563, 37.23975], [-6.777523, 37.23894], [-6.777748, 37.238933], [-6.777752, 37.239023], [-6.778202, 37.239009], [-6.778324, 37.239185], [-6.778774, 37.23917], [-6.778778, 37.23926], [-6.779116, 37.23925], [-6.779125, 37.239429], [-6.77935, 37.239422], [-6.779354, 37.239512], [-6.779804, 37.239498], [-6.779809, 37.239588], [-6.779921, 37.239584], [-6.77993, 37.239764], [-6.780268, 37.239753], [-6.780272, 37.239843], [-6.78016, 37.239847], [-6.780169, 37.240027], [-6.780281, 37.240023], [-6.780286, 37.240113], [-6.780061, 37.24012], [-6.780065, 37.24021], [-6.780853, 37.240185], [-6.780857, 37.240275], [-6.780632, 37.240282], [-6.780637, 37.240372], [-6.780866, 37.240455], [-6.780871, 37.240545], [-6.780533, 37.240556], [-6.780529, 37.240466], [-6.780416, 37.240469], [-6.780421, 37.240559], [-6.780308, 37.240563], [-6.780304, 37.240473], [-6.780191, 37.240476], [-6.780182, 37.240297], [-6.779957, 37.240304], [-6.779863, 37.240667]], [[-6.778022, 37.239915], [-6.778018, 37.239825], [-6.777905, 37.239829], [-6.77791, 37.239919], [-6.778022, 37.239915]], [[-6.779953, 37.240214], [-6.77984, 37.240217], [-6.779845, 37.240307], [-6.779957, 37.240304], [-6.779953, 37.240214]], [[-6.778715, 37.240253], [-6.778603, 37.240257], [-6.778607, 37.240347], [-6.77872, 37.240343], [-6.778715, 37.240253]], [[-6.779723, 37.240131], [-6.779611, 37.240135], [-6.779615, 37.240225], [-6.779728, 37.240221], [-6.779723, 37.240131]], [[-6.779494, 37.240048], [-6.779381, 37.240052], [-6.779386, 37.240142], [-6.779498, 37.240138], [-6.779494, 37.240048]], [[-6.778819, 37.24007], [-6.778706, 37.240073], [-6.778711, 37.240163], [-6.778823, 37.24016], [-6.778819, 37.24007]], [[-6.779264, 37.239966], [-6.779152, 37.239969], [-6.779156, 37.240059], [-6.779269, 37.240055], [-6.779264, 37.239966]], [[-6.778814, 37.23998], [-6.779039, 37.239973], [-6.779035, 37.239883], [-6.77881, 37.23989], [-6.778814, 37.23998]], [[-6.778805, 37.2398], [-6.778693, 37.239804], [-6.778697, 37.239894], [-6.77881, 37.23989], [-6.778805, 37.2398]], [[-6.779026, 37.239703], [-6.778913, 37.239706], [-6.778918, 37.239796], [-6.77903, 37.239793], [-6.779026, 37.239703]], [[-6.778355, 37.239814], [-6.77858, 37.239807], [-6.778576, 37.239717], [-6.778351, 37.239724], [-6.778355, 37.239814]], [[-6.778346, 37.239635], [-6.778009, 37.239645], [-6.778013, 37.239735], [-6.778351, 37.239724], [-6.778346, 37.239635]], [[-6.778004, 37.239555], [-6.777892, 37.239559], [-6.777896, 37.239649], [-6.778009, 37.239645], [-6.778004, 37.239555]], [[-6.779129, 37.239519], [-6.779017, 37.239523], [-6.779021, 37.239613], [-6.779134, 37.239609], [-6.779129, 37.239519]], [[-6.778225, 37.239458], [-6.778112, 37.239462], [-6.778117, 37.239552], [-6.778229, 37.239548], [-6.778225, 37.239458]], [[-6.777775, 37.239473], [-6.777662, 37.239476], [-6.777667, 37.239566], [-6.777779, 37.239563], [-6.777775, 37.239473]], [[-6.778328, 37.239275], [-6.778216, 37.239278], [-6.77822, 37.239368], [-6.778333, 37.239365], [-6.778328, 37.239275]]]}, "properties": {"id": "donana-2024-164700-4128180", "ha": 2.83, "plastic_dates": 3.0, "valid_dates": 6.5, "admin_zone": "Zona A", "plan_zone": "Zona A - Suelo Forestal", "distance_to_irrigable_m": 5, "sigpac_ref": "21:50:0:0:32:13:5", "sigpac_use": "IV", "sigpac_irrigation_coef": 100, "sigpac_url": "https://sigpac-hubcloud.es/servicioconsultassigpac/query/recinfo/21/50/0/0/32/13/5.json", "declared_greenhouse_share": 1.0, "declared_irrigated_share": 1.0, "lon": -6.7796, "lat": 37.23991}}, {"type": "Feature", "geometry": {"type": "Polygon", "coordinates": [[[-6.70284, 37.292293], [-6.702792, 37.291304], [-6.702679, 37.291307], [-6.702666, 37.291037], [-6.702553, 37.291041], [-6.70254, 37.290771], [-6.702427, 37.290774], [-6.702405, 37.290325], [-6.702293, 37.290328], [-6.70228, 37.290058], [-6.702167, 37.290062], [-6.702158, 37.289882], [-6.702046, 37.289885], [-6.702037, 37.289706], [-6.701807, 37.289623], [-6.701798, 37.289443], [-6.701569, 37.28936], [-6.701673, 37.289176], [-6.701785, 37.289173], [-6.701781, 37.289083], [-6.702006, 37.289076], [-6.70211, 37.288893], [-6.702222, 37.288889], [-6.702218, 37.288799], [-6.702443, 37.288792], [-6.702461, 37.289152], [-6.702573, 37.289148], [-6.702578, 37.289238], [-6.702465, 37.289242], [-6.702469, 37.289332], [-6.702807, 37.289321], [-6.702937, 37.289677], [-6.70305, 37.289674], [-6.703059, 37.289854], [-6.703171, 37.28985], [-6.703311, 37.290386], [-6.703423, 37.290383], [-6.703432, 37.290563], [-6.703545, 37.290559], [-6.703558, 37.290829], [-6.70367, 37.290826], [-6.703684, 37.291095], [-6.703796, 37.291092], [-6.703805, 37.291272], [-6.703918, 37.291268], [-6.703926, 37.291448], [-6.703706, 37.291545], [-6.70371, 37.291635], [-6.703597, 37.291639], [-6.703602, 37.291729], [-6.703489, 37.291732], [-6.703494, 37.291822], [-6.703269, 37.291829], [-6.703273, 37.291919], [-6.703048, 37.291926], [-6.703052, 37.292016], [-6.70294, 37.29202], [-6.703061, 37.292196], [-6.702948, 37.2922], [-6.702953, 37.292289], [-6.70284, 37.292293]], [[-6.703575, 37.291189], [-6.703346, 37.291106], [-6.703341, 37.291016], [-6.703121, 37.291113], [-6.703224, 37.29093], [-6.703112, 37.290933], [-6.703103, 37.290753], [-6.702765, 37.290764], [-6.702774, 37.290944], [-6.703004, 37.291027], [-6.703017, 37.291297], [-6.703129, 37.291293], [-6.703134, 37.291383], [-6.703472, 37.291372], [-6.703575, 37.291189]], [[-6.70201, 37.289166], [-6.701898, 37.289169], [-6.701902, 37.289259], [-6.702015, 37.289256], [-6.70201, 37.289166]]]}, "properties": {"id": "donana-2024-171720-4133530", "ha": 2.71, "plastic_dates": 2.6, "valid_dates": 6.1, "admin_zone": "Zona C", "plan_zone": "Zona C - No regable", "distance_to_irrigable_m": 18, "sigpac_ref": "21:46:0:0:8:232:9", "sigpac_use": "IV", "sigpac_irrigation_coef": 0, "sigpac_url": "https://sigpac-hubcloud.es/servicioconsultassigpac/query/recinfo/21/46/0/0/8/232/9.json", "declared_greenhouse_share": 1.0, "declared_irrigated_share": 0.0, "lon": -6.702921, "lat": 37.290489}}, {"type": "Feature", "geometry": {"type": "Polygon", "coordinates": [[[-6.725556, 37.277345], [-6.725106, 37.277359], [-6.724985, 37.277183], [-6.724872, 37.277187], [-6.724863, 37.277007], [-6.724751, 37.27701], [-6.724728, 37.27656], [-6.724616, 37.276564], [-6.724607, 37.276384], [-6.724377, 37.276301], [-6.724373, 37.276211], [-6.72426, 37.276215], [-6.724256, 37.276125], [-6.724143, 37.276128], [-6.724139, 37.276038], [-6.724026, 37.276042], [-6.724022, 37.275952], [-6.723909, 37.275956], [-6.723887, 37.275506], [-6.72445, 37.275488], [-6.724571, 37.275664], [-6.724797, 37.275657], [-6.724805, 37.275837], [-6.725031, 37.27583], [-6.725039, 37.27601], [-6.725377, 37.275999], [-6.725382, 37.276089], [-6.725944, 37.276072], [-6.725949, 37.276162], [-6.726174, 37.276155], [-6.726178, 37.276244], [-6.726404, 37.276237], [-6.726408, 37.276327], [-6.726295, 37.276331], [-6.726304, 37.276511], [-6.726525, 37.276414], [-6.726547, 37.276863], [-6.726435, 37.276867], [-6.726439, 37.276957], [-6.726777, 37.276946], [-6.726781, 37.277036], [-6.726894, 37.277033], [-6.726686, 37.2774], [-6.726349, 37.27741], [-6.72634, 37.27723], [-6.726227, 37.277234], [-6.726236, 37.277414], [-6.726011, 37.277421], [-6.725993, 37.277061], [-6.725881, 37.277065], [-6.72589, 37.277245], [-6.725552, 37.277255], [-6.725556, 37.277345]], [[-6.725547, 37.277165], [-6.725435, 37.277169], [-6.725439, 37.277259], [-6.725552, 37.277255], [-6.725547, 37.277165]], [[-6.726556, 37.277043], [-6.726331, 37.27705], [-6.726335, 37.27714], [-6.72656, 37.277133], [-6.726556, 37.277043]], [[-6.725647, 37.276892], [-6.725534, 37.276895], [-6.725543, 37.277075], [-6.725656, 37.277072], [-6.725647, 37.276892]], [[-6.726088, 37.276698], [-6.726101, 37.276968], [-6.726214, 37.276964], [-6.726201, 37.276694], [-6.726088, 37.276698]], [[-6.726313, 37.276691], [-6.726309, 37.276601], [-6.726196, 37.276604], [-6.726201, 37.276694], [-6.726313, 37.276691]], [[-6.724454, 37.275578], [-6.724342, 37.275582], [-6.724346, 37.275672], [-6.724459, 37.275668], [-6.724454, 37.275578]]]}, "properties": {"id": "donana-2024-169660-4132050", "ha": 2.69, "plastic_dates": 3.3, "valid_dates": 5.1, "admin_zone": "Zona C", "plan_zone": "Zona C - No regable", "distance_to_irrigable_m": 16, "sigpac_ref": "21:46:0:0:24:21:2", "sigpac_use": "IV", "sigpac_irrigation_coef": 100, "sigpac_url": "https://sigpac-hubcloud.es/servicioconsultassigpac/query/recinfo/21/46/0/0/24/21/2.json", "declared_greenhouse_share": 1.0, "declared_irrigated_share": 0.68, "lon": -6.725458, "lat": 37.276492}}, {"type": "Feature", "geometry": {"type": "MultiPolygon", "coordinates": [[[[-6.653686, 37.31112], [-6.653691, 37.31121], [-6.654029, 37.3112], [-6.654037, 37.311379], [-6.653925, 37.311383], [-6.653942, 37.311743], [-6.653604, 37.311753], [-6.653609, 37.311843], [-6.653834, 37.311836], [-6.653838, 37.311926], [-6.653613, 37.311933], [-6.653617, 37.312023], [-6.653388, 37.31194], [-6.653379, 37.31176], [-6.653266, 37.311764], [-6.653262, 37.311674], [-6.653487, 37.311667], [-6.653483, 37.311577], [-6.653253, 37.311494], [-6.653249, 37.311404], [-6.653136, 37.311407], [-6.653132, 37.311317], [-6.653019, 37.311321], [-6.653015, 37.311231], [-6.65324, 37.311224], [-6.653362, 37.3114], [-6.653812, 37.311386], [-6.653808, 37.311297], [-6.65347, 37.311307], [-6.653461, 37.311127], [-6.653686, 37.31112]]], [[[-6.65152, 37.310646], [-6.651516, 37.310557], [-6.651629, 37.310553], [-6.65162, 37.310373], [-6.651399, 37.31047], [-6.651377, 37.31002], [-6.65149, 37.310017], [-6.651481, 37.309837], [-6.651706, 37.30983], [-6.651828, 37.310006], [-6.65194, 37.310003], [-6.651945, 37.310093], [-6.65217, 37.310086], [-6.652174, 37.310176], [-6.652287, 37.310172], [-6.652291, 37.310262], [-6.652517, 37.310255], [-6.652638, 37.310432], [-6.652751, 37.310428], [-6.652755, 37.310518], [-6.65321, 37.310594], [-6.653331, 37.310771], [-6.653444, 37.310767], [-6.653461, 37.311127], [-6.65324, 37.311224], [-6.653344, 37.311041], [-6.653119, 37.311048], [-6.653123, 37.311137], [-6.653011, 37.311141], [-6.653015, 37.311231], [-6.65279, 37.311238], [-6.652668, 37.311061], [-6.652331, 37.311072], [-6.652326, 37.310982], [-6.652214, 37.310985], [-6.652205, 37.310806], [-6.652092, 37.310809], [-6.652088, 37.310719], [-6.651863, 37.310726], [-6.651858, 37.310636], [-6.65152, 37.310646]], [[-6.653006, 37.311051], [-6.652894, 37.311054], [-6.652898, 37.311144], [-6.653011, 37.311141], [-6.653006, 37.311051]], [[-6.652781, 37.311058], [-6.652777, 37.310968], [-6.652664, 37.310971], [-6.652668, 37.311061], [-6.652781, 37.311058]], [[-6.65266, 37.310882], [-6.652547, 37.310885], [-6.652551, 37.310975], [-6.652664, 37.310971], [-6.65266, 37.310882]], [[-6.652317, 37.310802], [-6.652313, 37.310712], [-6.6522, 37.310716], [-6.652205, 37.310806], [-6.652317, 37.310802]], [[-6.651971, 37.310633], [-6.651967, 37.310543], [-6.651854, 37.310546], [-6.651858, 37.310636], [-6.651971, 37.310633]]], [[[-6.652222, 37.311165], [-6.65211, 37.311169], [-6.652114, 37.311259], [-6.652227, 37.311255], [-6.652235, 37.311435], [-6.652348, 37.311432], [-6.652352, 37.311522], [-6.652578, 37.311515], [-6.652586, 37.311695], [-6.652136, 37.311709], [-6.652131, 37.311619], [-6.651906, 37.311626], [-6.651911, 37.311716], [-6.65146, 37.311729], [-6.651339, 37.311553], [-6.651226, 37.311556], [-6.651196, 37.310927], [-6.651308, 37.310923], [-6.651295, 37.310653], [-6.651525, 37.310736], [-6.651533, 37.310916], [-6.651646, 37.310913], [-6.651642, 37.310823], [-6.65198, 37.310812], [-6.651984, 37.310902], [-6.651871, 37.310906], [-6.65188, 37.311086], [-6.652105, 37.311079], [-6.652101, 37.310989], [-6.652214, 37.310985], [-6.652222, 37.311165]]]]}, "properties": {"id": "donana-2024-176230-4135620", "ha": 2.52, "plastic_dates": 3.1, "valid_dates": 6.8, "admin_zone": "Zona C", "plan_zone": "Zona C - No regable", "distance_to_irrigable_m": 29, "sigpac_ref": "21:14:0:0:7:366:2", "sigpac_use": "IV", "sigpac_irrigation_coef": 100, "sigpac_url": "https://sigpac-hubcloud.es/servicioconsultassigpac/query/recinfo/21/14/0/0/7/366/2.json", "declared_greenhouse_share": 1.0, "declared_irrigated_share": 0.57, "lon": -6.653056, "lat": 37.310914}}, {"type": "Feature", "geometry": {"type": "MultiPolygon", "coordinates": [[[[-6.738842, 37.254223], [-6.738729, 37.254227], [-6.738725, 37.254137], [-6.738837, 37.254133], [-6.738842, 37.254223]]], [[[-6.73895, 37.25413], [-6.738837, 37.254133], [-6.738828, 37.253953], [-6.738941, 37.25395], [-6.73895, 37.25413]]], [[[-6.738932, 37.25377], [-6.739044, 37.253766], [-6.739036, 37.253587], [-6.738585, 37.253601], [-6.738594, 37.253781], [-6.738257, 37.253791], [-6.738252, 37.253701], [-6.73814, 37.253705], [-6.738113, 37.253165], [-6.737888, 37.253172], [-6.73787, 37.252813], [-6.738325, 37.252888], [-6.73832, 37.252798], [-6.738545, 37.252791], [-6.738541, 37.252701], [-6.738653, 37.252698], [-6.738658, 37.252788], [-6.73877, 37.252784], [-6.738762, 37.252604], [-6.738982, 37.252507], [-6.738978, 37.252417], [-6.73909, 37.252414], [-6.739086, 37.252324], [-6.739198, 37.25232], [-6.739194, 37.25223], [-6.739419, 37.252223], [-6.739423, 37.252313], [-6.739536, 37.25231], [-6.739531, 37.25222], [-6.740319, 37.252195], [-6.74044, 37.252371], [-6.740553, 37.252367], [-6.740562, 37.252547], [-6.740341, 37.252644], [-6.740346, 37.252734], [-6.740233, 37.252738], [-6.740242, 37.252918], [-6.740022, 37.253015], [-6.740026, 37.253105], [-6.739913, 37.253108], [-6.739918, 37.253198], [-6.739805, 37.253202], [-6.739814, 37.253382], [-6.739594, 37.253479], [-6.739598, 37.253569], [-6.739486, 37.253572], [-6.73949, 37.253662], [-6.739265, 37.253669], [-6.739161, 37.253853], [-6.739049, 37.253856], [-6.739053, 37.253946], [-6.738941, 37.25395], [-6.738932, 37.25377]], [[-6.740224, 37.252558], [-6.740112, 37.252562], [-6.740116, 37.252652], [-6.740229, 37.252648], [-6.740224, 37.252558]]]]}, "properties": {"id": "donana-2024-168360-4129530", "ha": 2.5, "plastic_dates": 3.3, "valid_dates": 6.9, "admin_zone": "Zona C", "plan_zone": "Zona C - No regable", "distance_to_irrigable_m": 381, "sigpac_ref": "21:46:0:0:26:65:8", "sigpac_use": "IV", "sigpac_irrigation_coef": 0, "sigpac_url": "https://sigpac-hubcloud.es/servicioconsultassigpac/query/recinfo/21/46/0/0/26/65/8.json", "declared_greenhouse_share": 1.0, "declared_irrigated_share": 0.0, "lon": -6.738966, "lat": 37.253319}}, {"type": "Feature", "geometry": {"type": "Polygon", "coordinates": [[[-6.787263, 37.262412], [-6.787164, 37.260433], [-6.787051, 37.260437], [-6.787047, 37.260347], [-6.787267, 37.260249], [-6.787263, 37.26016], [-6.787825, 37.260141], [-6.78783, 37.260231], [-6.788055, 37.260224], [-6.788176, 37.260401], [-6.788289, 37.260397], [-6.788298, 37.260577], [-6.78841, 37.260573], [-6.788424, 37.260843], [-6.788536, 37.260839], [-6.788545, 37.261019], [-6.788433, 37.261023], [-6.788456, 37.261473], [-6.788343, 37.261476], [-6.788384, 37.262286], [-6.787708, 37.262307], [-6.787713, 37.262397], [-6.787263, 37.262412]]]}, "properties": {"id": "donana-2024-164060-4130580", "ha": 2.49, "plastic_dates": 5.7, "valid_dates": 7.7, "admin_zone": "Zona A", "plan_zone": "Zona A - Suelo Forestal", "distance_to_irrigable_m": 16, "sigpac_ref": "21:50:0:0:29:74:1", "sigpac_use": "IV", "sigpac_irrigation_coef": 100, "sigpac_url": "https://sigpac-hubcloud.es/servicioconsultassigpac/query/recinfo/21/50/0/0/29/74/1.json", "declared_greenhouse_share": 1.0, "declared_irrigated_share": 1.0, "lon": -6.787825, "lat": 37.261268}}, {"type": "Feature", "geometry": {"type": "MultiPolygon", "coordinates": [[[[-6.729237, 37.240022], [-6.729125, 37.240026], [-6.729129, 37.240116], [-6.729354, 37.240109], [-6.729359, 37.240199], [-6.729696, 37.240188], [-6.729701, 37.240278], [-6.729813, 37.240274], [-6.729804, 37.240095], [-6.729917, 37.240091], [-6.729822, 37.240454], [-6.729597, 37.240461], [-6.729593, 37.240371], [-6.729143, 37.240386], [-6.729138, 37.240296], [-6.728913, 37.240303], [-6.728909, 37.240213], [-6.728684, 37.24022], [-6.728679, 37.24013], [-6.728454, 37.240137], [-6.728333, 37.239961], [-6.728562, 37.240044], [-6.728558, 37.239954], [-6.728783, 37.239947], [-6.728787, 37.240036], [-6.7289, 37.240033], [-6.729003, 37.239849], [-6.729228, 37.239842], [-6.729237, 37.240022]]], [[[-6.729652, 37.239289], [-6.729539, 37.239292], [-6.729535, 37.239202], [-6.72931, 37.239209], [-6.729319, 37.239389], [-6.729544, 37.239382], [-6.729548, 37.239472], [-6.729436, 37.239476], [-6.729453, 37.239835], [-6.729228, 37.239842], [-6.729107, 37.239666], [-6.728995, 37.23967], [-6.728999, 37.23976], [-6.728774, 37.239767], [-6.728765, 37.239587], [-6.728653, 37.23959], [-6.728648, 37.2395], [-6.728761, 37.239497], [-6.728756, 37.239407], [-6.728981, 37.2394], [-6.728972, 37.23922], [-6.729197, 37.239213], [-6.729189, 37.239033], [-6.728851, 37.239044], [-6.728838, 37.238774], [-6.72895, 37.23877], [-6.728955, 37.23886], [-6.72918, 37.238853], [-6.729175, 37.238763], [-6.729288, 37.238759], [-6.729297, 37.238939], [-6.729409, 37.238936], [-6.729414, 37.239026], [-6.729639, 37.239019], [-6.729652, 37.239289]]], [[[-6.72963, 37.238839], [-6.729742, 37.238835], [-6.729751, 37.239015], [-6.729639, 37.239019], [-6.72963, 37.238839]]], [[[-6.729171, 37.238673], [-6.729175, 37.238763], [-6.72895, 37.23877], [-6.728946, 37.23868], [-6.729171, 37.238673]]], [[[-6.730408, 37.238634], [-6.730521, 37.23863], [-6.730525, 37.23872], [-6.729738, 37.238745], [-6.729733, 37.238655], [-6.729508, 37.238662], [-6.729504, 37.238572], [-6.729279, 37.23858], [-6.729274, 37.23849], [-6.729049, 37.238497], [-6.729054, 37.238587], [-6.728941, 37.23859], [-6.728946, 37.23868], [-6.728833, 37.238684], [-6.728824, 37.238504], [-6.728937, 37.2385], [-6.728928, 37.23832], [-6.729041, 37.238317], [-6.729032, 37.238137], [-6.729594, 37.238119], [-6.72959, 37.238029], [-6.729477, 37.238033], [-6.729473, 37.237943], [-6.729248, 37.23795], [-6.729243, 37.23786], [-6.729693, 37.237846], [-6.729698, 37.237936], [-6.72981, 37.237932], [-6.729801, 37.237752], [-6.729572, 37.237669], [-6.729676, 37.237486], [-6.729446, 37.237403], [-6.729442, 37.237313], [-6.729554, 37.23731], [-6.72955, 37.23722], [-6.729887, 37.237209], [-6.729896, 37.237389], [-6.730571, 37.237368], [-6.730576, 37.237458], [-6.730351, 37.237465], [-6.730355, 37.237555], [-6.73058, 37.237548], [-6.730585, 37.237637], [-6.730922, 37.237627], [-6.730918, 37.237537], [-6.73103, 37.237533], [-6.731039, 37.237713], [-6.730926, 37.237717], [-6.730935, 37.237897], [-6.730823, 37.2379], [-6.730737, 37.238443], [-6.730516, 37.238541], [-6.73062, 37.238357], [-6.730395, 37.238364], [-6.730408, 37.238634]], [[-6.729815, 37.238022], [-6.73049, 37.238001], [-6.730485, 37.237911], [-6.73071, 37.237904], [-6.730589, 37.237727], [-6.730251, 37.237738], [-6.73026, 37.237918], [-6.72981, 37.237932], [-6.729815, 37.238022]], [[-6.729914, 37.237749], [-6.730018, 37.237565], [-6.72968, 37.237576], [-6.729801, 37.237752], [-6.729914, 37.237749]], [[-6.730391, 37.238274], [-6.730053, 37.238285], [-6.730049, 37.238195], [-6.729936, 37.238198], [-6.729945, 37.238378], [-6.72972, 37.238385], [-6.729724, 37.238475], [-6.729949, 37.238468], [-6.729954, 37.238558], [-6.730174, 37.238461], [-6.730179, 37.238551], [-6.730291, 37.238548], [-6.730283, 37.238368], [-6.730395, 37.238364], [-6.730391, 37.238274]], [[-6.730719, 37.238084], [-6.730494, 37.238091], [-6.730499, 37.238181], [-6.730724, 37.238174], [-6.730719, 37.238084]], [[-6.730134, 37.237652], [-6.730022, 37.237655], [-6.730026, 37.237745], [-6.730139, 37.237742], [-6.730134, 37.237652]]], [[[-6.729018, 37.237867], [-6.729023, 37.237957], [-6.72891, 37.237961], [-6.728906, 37.237871], [-6.729126, 37.237774], [-6.729122, 37.237684], [-6.729234, 37.23768], [-6.729243, 37.23786], [-6.729018, 37.237867]]], [[[-6.728778, 37.239857], [-6.728666, 37.23986], [-6.728662, 37.23977], [-6.728774, 37.239767], [-6.728778, 37.239857]]]]}, "properties": {"id": "donana-2024-169180-4127890", "ha": 2.48, "plastic_dates": 2.1, "valid_dates": 7.8, "admin_zone": "Zona A", "plan_zone": "Zona A - Suelo Forestal", "distance_to_irrigable_m": 6, "sigpac_ref": "21:46:0:0:11:16:8", "sigpac_use": "IV", "sigpac_irrigation_coef": 0, "sigpac_url": "https://sigpac-hubcloud.es/servicioconsultassigpac/query/recinfo/21/46/0/0/11/16/8.json", "declared_greenhouse_share": 1.0, "declared_irrigated_share": 0.0, "lon": -6.729069, "lat": 37.238901}}, {"type": "Feature", "geometry": {"type": "Polygon", "coordinates": [[[-6.734912, 37.224888], [-6.734904, 37.224709], [-6.735133, 37.224791], [-6.73512, 37.224522], [-6.735232, 37.224518], [-6.735228, 37.224428], [-6.735678, 37.224414], [-6.735687, 37.224594], [-6.735907, 37.224497], [-6.735903, 37.224407], [-6.736015, 37.224403], [-6.73602, 37.224493], [-6.736582, 37.224475], [-6.736586, 37.224565], [-6.737036, 37.224551], [-6.737045, 37.224731], [-6.736825, 37.224828], [-6.736847, 37.225278], [-6.736959, 37.225274], [-6.736964, 37.225364], [-6.736851, 37.225368], [-6.73686, 37.225548], [-6.736748, 37.225551], [-6.736757, 37.225731], [-6.736644, 37.225735], [-6.736658, 37.226004], [-6.736437, 37.226101], [-6.73645, 37.226371], [-6.736113, 37.226382], [-6.736108, 37.226292], [-6.735883, 37.226299], [-6.735879, 37.226209], [-6.735654, 37.226216], [-6.73565, 37.226126], [-6.735425, 37.226133], [-6.735416, 37.225954], [-6.735528, 37.22595], [-6.735506, 37.2255], [-6.735277, 37.225417], [-6.735272, 37.225327], [-6.73516, 37.225331], [-6.735146, 37.225061], [-6.735371, 37.225054], [-6.735367, 37.224964], [-6.735254, 37.224968], [-6.73525, 37.224878], [-6.734912, 37.224888]], [[-6.735362, 37.224874], [-6.735358, 37.224784], [-6.735246, 37.224788], [-6.73525, 37.224878], [-6.735362, 37.224874]], [[-6.736734, 37.225281], [-6.736622, 37.225285], [-6.736626, 37.225375], [-6.736739, 37.225371], [-6.736734, 37.225281]], [[-6.736505, 37.225198], [-6.736393, 37.225202], [-6.736397, 37.225292], [-6.736509, 37.225288], [-6.736505, 37.225198]], [[-6.736276, 37.225116], [-6.736163, 37.225119], [-6.736168, 37.225209], [-6.73628, 37.225206], [-6.736276, 37.225116]], [[-6.736046, 37.225033], [-6.735934, 37.225036], [-6.735938, 37.225126], [-6.736051, 37.225123], [-6.736046, 37.225033]], [[-6.735817, 37.22495], [-6.735704, 37.224953], [-6.735709, 37.225043], [-6.735821, 37.22504], [-6.735817, 37.22495]], [[-6.736375, 37.224842], [-6.736262, 37.224846], [-6.736267, 37.224936], [-6.736379, 37.224932], [-6.736375, 37.224842]], [[-6.735587, 37.224867], [-6.735475, 37.224871], [-6.735479, 37.224961], [-6.735592, 37.224957], [-6.735587, 37.224867]], [[-6.735803, 37.22468], [-6.735466, 37.224691], [-6.73547, 37.224781], [-6.735695, 37.224774], [-6.7357, 37.224864], [-6.735812, 37.22486], [-6.735803, 37.22468]], [[-6.736474, 37.224569], [-6.736361, 37.224572], [-6.73637, 37.224752], [-6.736483, 37.224749], [-6.736474, 37.224569]]]}, "properties": {"id": "donana-2024-168490-4126420", "ha": 2.46, "plastic_dates": 3.9, "valid_dates": 6.8, "admin_zone": "Zona C", "plan_zone": "Zona C - No regable", "distance_to_irrigable_m": 19, "sigpac_ref": "21:46:0:0:12:6:84", "sigpac_use": "IV", "sigpac_irrigation_coef": 100, "sigpac_url": "https://sigpac-hubcloud.es/servicioconsultassigpac/query/recinfo/21/46/0/0/12/6/84.json", "declared_greenhouse_share": 1.0, "declared_irrigated_share": 1.0, "lon": -6.736122, "lat": 37.225436}}, {"type": "Feature", "geometry": {"type": "MultiPolygon", "coordinates": [[[[-6.800003, 37.251283], [-6.800021, 37.251642], [-6.800134, 37.251639], [-6.800147, 37.251908], [-6.80026, 37.251905], [-6.800269, 37.252085], [-6.800156, 37.252088], [-6.80017, 37.252358], [-6.799499, 37.25247], [-6.799504, 37.25256], [-6.799054, 37.252574], [-6.799058, 37.252664], [-6.798608, 37.252679], [-6.79859, 37.252319], [-6.79881, 37.252222], [-6.798801, 37.252042], [-6.798689, 37.252045], [-6.798693, 37.252135], [-6.798581, 37.252139], [-6.798585, 37.252229], [-6.798473, 37.252233], [-6.798459, 37.251963], [-6.798572, 37.251959], [-6.798567, 37.251869], [-6.798455, 37.251873], [-6.798446, 37.251693], [-6.798333, 37.251697], [-6.798311, 37.251247], [-6.798198, 37.25125], [-6.798167, 37.250621], [-6.798617, 37.250606], [-6.798612, 37.250516], [-6.799175, 37.250498], [-6.799188, 37.250768], [-6.799076, 37.250772], [-6.799094, 37.251132], [-6.799206, 37.251128], [-6.799211, 37.251218], [-6.800111, 37.251189], [-6.800115, 37.251279], [-6.800003, 37.251283]], [[-6.799026, 37.252035], [-6.799017, 37.251855], [-6.79868, 37.251866], [-6.798801, 37.252042], [-6.799026, 37.252035]], [[-6.799036, 37.252214], [-6.799711, 37.252193], [-6.799715, 37.252283], [-6.799378, 37.252294], [-6.799382, 37.252384], [-6.799832, 37.252369], [-6.799805, 37.251829], [-6.799918, 37.251826], [-6.799913, 37.251736], [-6.799688, 37.251743], [-6.799697, 37.251923], [-6.799472, 37.25193], [-6.79935, 37.251754], [-6.799238, 37.251758], [-6.799252, 37.252027], [-6.799026, 37.252035], [-6.799036, 37.252214]], [[-6.799067, 37.250592], [-6.798842, 37.250599], [-6.798963, 37.250775], [-6.799076, 37.250772], [-6.799067, 37.250592]], [[-6.798815, 37.252312], [-6.798702, 37.252315], [-6.798716, 37.252585], [-6.798829, 37.252581], [-6.798815, 37.252312]]], [[[-6.800228, 37.251275], [-6.800232, 37.251365], [-6.80012, 37.251369], [-6.800115, 37.251279], [-6.800228, 37.251275]]], [[[-6.799364, 37.252024], [-6.799369, 37.252114], [-6.799256, 37.252117], [-6.799252, 37.252027], [-6.799364, 37.252024]]]]}, "properties": {"id": "donana-2024-163010-4129540", "ha": 2.39, "plastic_dates": 2.1, "valid_dates": 5.2, "admin_zone": "Zona A", "plan_zone": "Zona A - Suelo Forestal", "distance_to_irrigable_m": 70, "sigpac_ref": "21:50:0:0:27:2:15", "sigpac_use": "IV", "sigpac_irrigation_coef": 100, "sigpac_url": "https://sigpac-hubcloud.es/servicioconsultassigpac/query/recinfo/21/50/0/0/27/2/15.json", "declared_greenhouse_share": 1.0, "declared_irrigated_share": 1.0, "lon": -6.79917, "lat": 37.251534}}, {"type": "Feature", "geometry": {"type": "MultiPolygon", "coordinates": [[[[-6.738051, 37.23596], [-6.737938, 37.235964], [-6.737943, 37.236054], [-6.737718, 37.236061], [-6.737596, 37.235885], [-6.737484, 37.235888], [-6.737475, 37.235708], [-6.73725, 37.235715], [-6.737241, 37.235535], [-6.737016, 37.235543], [-6.737012, 37.235453], [-6.736899, 37.235456], [-6.73689, 37.235276], [-6.736661, 37.235193], [-6.736652, 37.235014], [-6.737215, 37.234996], [-6.737336, 37.235172], [-6.737448, 37.235169], [-6.737453, 37.235258], [-6.737678, 37.235251], [-6.737556, 37.235075], [-6.737444, 37.235079], [-6.73744, 37.234989], [-6.737327, 37.234992], [-6.737422, 37.234629], [-6.737534, 37.234625], [-6.737525, 37.234445], [-6.73775, 37.234438], [-6.737755, 37.234528], [-6.73798, 37.234521], [-6.738101, 37.234697], [-6.738214, 37.234694], [-6.738209, 37.234604], [-6.738434, 37.234597], [-6.73843, 37.234507], [-6.738542, 37.234503], [-6.738664, 37.23468], [-6.738889, 37.234673], [-6.738898, 37.234852], [-6.73901, 37.234849], [-6.738906, 37.235032], [-6.739244, 37.235022], [-6.739248, 37.235112], [-6.739361, 37.235108], [-6.739356, 37.235018], [-6.739469, 37.235015], [-6.739478, 37.235194], [-6.739257, 37.235292], [-6.739262, 37.235381], [-6.739149, 37.235385], [-6.739154, 37.235475], [-6.738929, 37.235482], [-6.738938, 37.235662], [-6.738713, 37.235669], [-6.738609, 37.235853], [-6.738155, 37.235777], [-6.738051, 37.23596]], [[-6.737539, 37.234715], [-6.737651, 37.234712], [-6.737647, 37.234622], [-6.737534, 37.234625], [-6.737539, 37.234715]], [[-6.73815, 37.235687], [-6.738038, 37.23569], [-6.738042, 37.23578], [-6.738155, 37.235777], [-6.73815, 37.235687]], [[-6.738033, 37.2356], [-6.737921, 37.235604], [-6.737925, 37.235694], [-6.738038, 37.23569], [-6.738033, 37.2356]], [[-6.737916, 37.235514], [-6.737804, 37.235518], [-6.737808, 37.235608], [-6.737921, 37.235604], [-6.737916, 37.235514]], [[-6.737799, 37.235428], [-6.737687, 37.235431], [-6.737691, 37.235521], [-6.737804, 37.235518], [-6.737799, 37.235428]], [[-6.737583, 37.235615], [-6.737588, 37.235705], [-6.737813, 37.235698], [-6.737808, 37.235608], [-6.737583, 37.235615]], [[-6.73734, 37.235262], [-6.737228, 37.235266], [-6.737232, 37.235356], [-6.737345, 37.235352], [-6.73734, 37.235262]], [[-6.738673, 37.23486], [-6.73856, 37.234863], [-6.738564, 37.234953], [-6.738677, 37.23495], [-6.738673, 37.23486]], [[-6.737998, 37.234881], [-6.737885, 37.234884], [-6.73789, 37.234974], [-6.738002, 37.234971], [-6.737998, 37.234881]], [[-6.737876, 37.234705], [-6.737764, 37.234708], [-6.737768, 37.234798], [-6.737881, 37.234795], [-6.737876, 37.234705]]], [[[-6.737746, 37.234348], [-6.738308, 37.234331], [-6.738317, 37.23451], [-6.738205, 37.234514], [-6.7382, 37.234424], [-6.73775, 37.234438], [-6.737746, 37.234348]]]]}, "properties": {"id": "donana-2024-168320-4127510", "ha": 2.33, "plastic_dates": 2.5, "valid_dates": 6.4, "admin_zone": "Zona C", "plan_zone": "Zona C - No regable", "distance_to_irrigable_m": 10, "sigpac_ref": "21:46:0:0:16:6:48", "sigpac_use": "IV", "sigpac_irrigation_coef": 100, "sigpac_url": "https://sigpac-hubcloud.es/servicioconsultassigpac/query/recinfo/21/46/0/0/16/6/48.json", "declared_greenhouse_share": 1.0, "declared_irrigated_share": 1.0, "lon": -6.738576, "lat": 37.235178}}, {"type": "Feature", "geometry": {"type": "MultiPolygon", "coordinates": [[[[-6.643705, 37.237553], [-6.643593, 37.237557], [-6.643597, 37.237647], [-6.643259, 37.237657], [-6.643255, 37.237567], [-6.64348, 37.23756], [-6.643359, 37.237384], [-6.643584, 37.237377], [-6.643705, 37.237553]]], [[[-6.6438, 37.23719], [-6.643796, 37.2371], [-6.643909, 37.237097], [-6.643904, 37.237007], [-6.644129, 37.237], [-6.644138, 37.23718], [-6.643917, 37.237277], [-6.643922, 37.237367], [-6.643584, 37.237377], [-6.64358, 37.237287], [-6.6438, 37.23719]]], [[[-6.64332, 37.236574], [-6.643307, 37.236304], [-6.643536, 37.236387], [-6.643532, 37.236297], [-6.643644, 37.236294], [-6.643541, 37.236477], [-6.64377, 37.23656], [-6.643774, 37.23665], [-6.643999, 37.236643], [-6.644008, 37.236823], [-6.644458, 37.23681], [-6.644462, 37.236899], [-6.643675, 37.236924], [-6.643679, 37.237014], [-6.643567, 37.237017], [-6.64358, 37.237287], [-6.643125, 37.237211], [-6.643121, 37.237121], [-6.643346, 37.237114], [-6.643342, 37.237024], [-6.643454, 37.237021], [-6.643445, 37.236841], [-6.643671, 37.236834], [-6.643666, 37.236744], [-6.643329, 37.236754], [-6.643333, 37.236844], [-6.64322, 37.236848], [-6.643216, 37.236758], [-6.643104, 37.236761], [-6.643099, 37.236671], [-6.64332, 37.236574]]], [[[-6.642974, 37.236405], [-6.643199, 37.236398], [-6.643203, 37.236488], [-6.643091, 37.236491], [-6.643099, 37.236671], [-6.642987, 37.236675], [-6.642991, 37.236765], [-6.642879, 37.236768], [-6.642874, 37.236678], [-6.642762, 37.236682], [-6.642757, 37.236592], [-6.642645, 37.236595], [-6.642649, 37.236685], [-6.642537, 37.236689], [-6.642641, 37.236505], [-6.642528, 37.236509], [-6.642524, 37.236419], [-6.642411, 37.236422], [-6.642416, 37.236512], [-6.642191, 37.236519], [-6.642087, 37.236702], [-6.641862, 37.236709], [-6.641857, 37.236619], [-6.64197, 37.236616], [-6.641965, 37.236526], [-6.641853, 37.236529], [-6.641849, 37.236439], [-6.641736, 37.236443], [-6.641732, 37.236353], [-6.641619, 37.236356], [-6.641615, 37.236266], [-6.641502, 37.23627], [-6.641507, 37.23636], [-6.641394, 37.236363], [-6.641498, 37.23618], [-6.641386, 37.236183], [-6.641381, 37.236093], [-6.641156, 37.2361], [-6.641035, 37.235924], [-6.640923, 37.235927], [-6.640918, 37.235837], [-6.641031, 37.235834], [-6.641022, 37.235654], [-6.641247, 37.235647], [-6.641243, 37.235557], [-6.641355, 37.235554], [-6.64136, 37.235644], [-6.641472, 37.23564], [-6.641476, 37.23573], [-6.641589, 37.235727], [-6.641593, 37.235817], [-6.641706, 37.235813], [-6.64171, 37.235903], [-6.641823, 37.2359], [-6.641818, 37.23581], [-6.641931, 37.235806], [-6.641827, 37.23599], [-6.642056, 37.236073], [-6.642061, 37.236163], [-6.642286, 37.236156], [-6.642407, 37.236332], [-6.642853, 37.236228], [-6.642857, 37.236318], [-6.642969, 37.236315], [-6.642974, 37.236405]]], [[[-6.642961, 37.236135], [-6.642848, 37.236138], [-6.642844, 37.236048], [-6.642956, 37.236045], [-6.642952, 37.235955], [-6.643177, 37.235948], [-6.643298, 37.236125], [-6.643078, 37.236221], [-6.643082, 37.236311], [-6.642969, 37.236315], [-6.642961, 37.236135]]], [[[-6.641814, 37.23572], [-6.641818, 37.23581], [-6.641706, 37.235813], [-6.641701, 37.235723], [-6.641814, 37.23572]]], [[[-6.641697, 37.235633], [-6.641701, 37.235723], [-6.641589, 37.235727], [-6.641585, 37.235637], [-6.641697, 37.235633]]], [[[-6.64158, 37.235547], [-6.641585, 37.235637], [-6.641472, 37.23564], [-6.641468, 37.23555], [-6.64158, 37.235547]]], [[[-6.64123, 37.235287], [-6.641225, 37.235197], [-6.641338, 37.235194], [-6.641234, 37.235377], [-6.641463, 37.23546], [-6.641468, 37.23555], [-6.641355, 37.235554], [-6.641351, 37.235464], [-6.641238, 37.235467], [-6.641117, 37.235291], [-6.64123, 37.235287]]], [[[-6.640775, 37.235211], [-6.641113, 37.235201], [-6.641117, 37.235291], [-6.64078, 37.235301], [-6.640775, 37.235211]]], [[[-6.640555, 37.235308], [-6.64078, 37.235301], [-6.640793, 37.235571], [-6.64068, 37.235574], [-6.640672, 37.235395], [-6.640559, 37.235398], [-6.640438, 37.235222], [-6.64055, 37.235218], [-6.640555, 37.235308]]], [[[-6.640546, 37.235128], [-6.640659, 37.235125], [-6.640663, 37.235215], [-6.64055, 37.235218], [-6.640546, 37.235128]]], [[[-6.640113, 37.235502], [-6.640451, 37.235491], [-6.640447, 37.235402], [-6.640559, 37.235398], [-6.640568, 37.235578], [-6.64068, 37.235574], [-6.640685, 37.235664], [-6.640234, 37.235678], [-6.64023, 37.235588], [-6.640005, 37.235595], [-6.640001, 37.235505], [-6.639888, 37.235509], [-6.639884, 37.235419], [-6.640109, 37.235412], [-6.640113, 37.235502]]], [[[-6.640092, 37.235052], [-6.640096, 37.235142], [-6.640209, 37.235139], [-6.640213, 37.235229], [-6.640325, 37.235225], [-6.640222, 37.235408], [-6.640109, 37.235412], [-6.640105, 37.235322], [-6.63988, 37.235329], [-6.639758, 37.235152], [-6.639983, 37.235145], [-6.639979, 37.235056], [-6.640092, 37.235052]]], [[[-6.639542, 37.235339], [-6.639538, 37.235249], [-6.639425, 37.235253], [-6.639421, 37.235163], [-6.639642, 37.235066], [-6.639637, 37.234976], [-6.63975, 37.234972], [-6.639745, 37.234883], [-6.639858, 37.234879], [-6.639979, 37.235056], [-6.639754, 37.235062], [-6.639758, 37.235152], [-6.639646, 37.235156], [-6.639655, 37.235336], [-6.639542, 37.235339]]], [[[-6.639659, 37.235426], [-6.639655, 37.235336], [-6.63988, 37.235329], [-6.639884, 37.235419], [-6.639659, 37.235426]]], [[[-6.641018, 37.235564], [-6.641013, 37.235474], [-6.641238, 37.235467], [-6.641243, 37.235557], [-6.641018, 37.235564]]], [[[-6.640693, 37.235844], [-6.640797, 37.235661], [-6.64091, 37.235658], [-6.640918, 37.235837], [-6.640693, 37.235844]]], [[[-6.641511, 37.23645], [-6.641507, 37.23636], [-6.641619, 37.236356], [-6.641624, 37.236446], [-6.641511, 37.23645]]], [[[-6.641628, 37.236536], [-6.641624, 37.236446], [-6.641736, 37.236443], [-6.64174, 37.236533], [-6.641628, 37.236536]]], [[[-6.641745, 37.236623], [-6.64174, 37.236533], [-6.641853, 37.236529], [-6.641857, 37.236619], [-6.641745, 37.236623]]], [[[-6.642654, 37.236775], [-6.642649, 37.236685], [-6.642762, 37.236682], [-6.642766, 37.236772], [-6.642654, 37.236775]]], [[[-6.64268, 37.237315], [-6.642783, 37.237131], [-6.642896, 37.237128], [-6.642892, 37.237038], [-6.642779, 37.237041], [-6.642766, 37.236772], [-6.642879, 37.236768], [-6.642883, 37.236858], [-6.642995, 37.236855], [-6.643004, 37.237034], [-6.643225, 37.236938], [-6.643121, 37.237121], [-6.643008, 37.237124], [-6.643013, 37.237214], [-6.642788, 37.237221], [-6.642792, 37.237311], [-6.64268, 37.237315]]], [[[-6.643017, 37.237304], [-6.643026, 37.237484], [-6.642796, 37.237401], [-6.642792, 37.237311], [-6.643017, 37.237304]]], [[[-6.643108, 37.236851], [-6.642995, 37.236855], [-6.642991, 37.236765], [-6.643104, 37.236761], [-6.643108, 37.236851]]]]}, "properties": {"id": "donana-2024-176890-4127300", "ha": 2.33, "plastic_dates": 2.4, "valid_dates": 6.9, "admin_zone": "Zona C", "plan_zone": "Zona C - No regable", "distance_to_irrigable_m": 13, "sigpac_ref": "21:5:0:0:40:2:48", "sigpac_use": "IV", "sigpac_irrigation_coef": 0, "sigpac_url": "https://sigpac-hubcloud.es/servicioconsultassigpac/query/recinfo/21/5/0/0/40/2/48.json", "declared_greenhouse_share": 1.0, "declared_irrigated_share": 0.13, "lon": -6.642011, "lat": 37.236299}}, {"type": "Feature", "geometry": {"type": "MultiPolygon", "coordinates": [[[[-6.751556, 37.244722], [-6.751578, 37.245171], [-6.751353, 37.245179], [-6.751344, 37.244999], [-6.751232, 37.245002], [-6.751227, 37.244912], [-6.751115, 37.244916], [-6.751106, 37.244736], [-6.751218, 37.244732], [-6.751223, 37.244822], [-6.751335, 37.244819], [-6.751331, 37.244729], [-6.751556, 37.244722]]], [[[-6.752002, 37.244617], [-6.752105, 37.244434], [-6.751768, 37.244445], [-6.751772, 37.244535], [-6.751435, 37.244545], [-6.751439, 37.244635], [-6.751326, 37.244639], [-6.751331, 37.244729], [-6.751218, 37.244732], [-6.751201, 37.244373], [-6.751088, 37.244376], [-6.751075, 37.244106], [-6.751187, 37.244103], [-6.751165, 37.243653], [-6.751277, 37.243649], [-6.751273, 37.243559], [-6.75161, 37.243549], [-6.751606, 37.243459], [-6.751718, 37.243455], [-6.751723, 37.243545], [-6.75206, 37.243535], [-6.752065, 37.243624], [-6.752177, 37.243621], [-6.752169, 37.243441], [-6.752281, 37.243437], [-6.752277, 37.243347], [-6.752389, 37.243344], [-6.752394, 37.243434], [-6.752731, 37.243423], [-6.752736, 37.243513], [-6.752961, 37.243506], [-6.753082, 37.243682], [-6.753194, 37.243679], [-6.753203, 37.243859], [-6.753316, 37.243855], [-6.753325, 37.244035], [-6.753095, 37.243952], [-6.753086, 37.243772], [-6.752974, 37.243776], [-6.752978, 37.243866], [-6.752753, 37.243873], [-6.752767, 37.244143], [-6.752987, 37.244046], [-6.752992, 37.244136], [-6.753217, 37.244128], [-6.753226, 37.244308], [-6.753113, 37.244312], [-6.753118, 37.244402], [-6.753005, 37.244405], [-6.753001, 37.244315], [-6.752888, 37.244319], [-6.752893, 37.244409], [-6.752668, 37.244416], [-6.752663, 37.244326], [-6.752551, 37.24433], [-6.752564, 37.2446], [-6.752002, 37.244617]], [[-6.751318, 37.244459], [-6.751543, 37.244452], [-6.751646, 37.244268], [-6.751421, 37.244276], [-6.751412, 37.244096], [-6.751187, 37.244103], [-6.751318, 37.244459]], [[-6.751282, 37.243739], [-6.751394, 37.243736], [-6.75139, 37.243646], [-6.751277, 37.243649], [-6.751282, 37.243739]], [[-6.752969, 37.243686], [-6.752857, 37.243689], [-6.752861, 37.243779], [-6.752974, 37.243776], [-6.752969, 37.243686]], [[-6.752654, 37.244146], [-6.752659, 37.244236], [-6.752771, 37.244233], [-6.752767, 37.244143], [-6.752654, 37.244146]], [[-6.752542, 37.24415], [-6.752317, 37.244157], [-6.752326, 37.244337], [-6.752551, 37.24433], [-6.752542, 37.24415]], [[-6.751871, 37.244261], [-6.751876, 37.244351], [-6.751988, 37.244348], [-6.751984, 37.244258], [-6.751871, 37.244261]], [[-6.752096, 37.244254], [-6.7522, 37.244071], [-6.751975, 37.244078], [-6.751984, 37.244258], [-6.752096, 37.244254]], [[-6.751862, 37.244081], [-6.75175, 37.244085], [-6.751754, 37.244175], [-6.751867, 37.244171], [-6.751862, 37.244081]], [[-6.752645, 37.243966], [-6.752533, 37.24397], [-6.752537, 37.24406], [-6.75265, 37.244056], [-6.752645, 37.243966]], [[-6.75242, 37.243974], [-6.752308, 37.243977], [-6.752312, 37.244067], [-6.752425, 37.244063], [-6.75242, 37.243974]], [[-6.751966, 37.243898], [-6.751853, 37.243901], [-6.751858, 37.243991], [-6.75197, 37.243988], [-6.751966, 37.243898]], [[-6.752524, 37.24379], [-6.752411, 37.243794], [-6.752416, 37.243884], [-6.752528, 37.24388], [-6.752524, 37.24379]], [[-6.751624, 37.243819], [-6.751628, 37.243909], [-6.751741, 37.243905], [-6.751736, 37.243815], [-6.751624, 37.243819]], [[-6.751849, 37.243811], [-6.751844, 37.243722], [-6.751732, 37.243725], [-6.751736, 37.243815], [-6.751849, 37.243811]], [[-6.752402, 37.243614], [-6.75229, 37.243617], [-6.752294, 37.243707], [-6.752407, 37.243704], [-6.752402, 37.243614]], [[-6.751615, 37.243639], [-6.751502, 37.243642], [-6.751507, 37.243732], [-6.751619, 37.243729], [-6.751615, 37.243639]]], [[[-6.752677, 37.244596], [-6.752681, 37.244686], [-6.752569, 37.24469], [-6.752564, 37.2446], [-6.752677, 37.244596]]], [[[-6.752789, 37.244592], [-6.752785, 37.244503], [-6.752897, 37.244499], [-6.752893, 37.244409], [-6.753005, 37.244405], [-6.753014, 37.244585], [-6.752789, 37.244592]]], [[[-6.752915, 37.244859], [-6.752906, 37.244679], [-6.753019, 37.244675], [-6.753014, 37.244585], [-6.753127, 37.244582], [-6.753136, 37.244762], [-6.752915, 37.244859]]], [[[-6.753145, 37.244942], [-6.753136, 37.244762], [-6.753248, 37.244758], [-6.753257, 37.244938], [-6.753145, 37.244942]]], [[[-6.753486, 37.245021], [-6.753261, 37.245028], [-6.753257, 37.244938], [-6.753482, 37.244931], [-6.753486, 37.245021]]], [[[-6.753478, 37.244841], [-6.75359, 37.244837], [-6.753595, 37.244927], [-6.753482, 37.244931], [-6.753478, 37.244841]]], [[[-6.753239, 37.244578], [-6.753464, 37.244571], [-6.753361, 37.244754], [-6.753248, 37.244758], [-6.753239, 37.244578]]], [[[-6.753235, 37.244488], [-6.753122, 37.244492], [-6.753118, 37.244402], [-6.75323, 37.244398], [-6.753235, 37.244488]]], [[[-6.753343, 37.244395], [-6.75323, 37.244398], [-6.753226, 37.244308], [-6.753338, 37.244305], [-6.753343, 37.244395]]], [[[-6.753334, 37.244215], [-6.753559, 37.244208], [-6.753563, 37.244298], [-6.753338, 37.244305], [-6.753334, 37.244215]]], [[[-6.751943, 37.243448], [-6.751939, 37.243358], [-6.752164, 37.243351], [-6.752169, 37.243441], [-6.751943, 37.243448]]], [[[-6.751241, 37.245182], [-6.751128, 37.245186], [-6.751119, 37.245006], [-6.751232, 37.245002], [-6.751241, 37.245182]]]]}, "properties": {"id": "donana-2024-167090-4128570", "ha": 1.99, "plastic_dates": 2.9, "valid_dates": 6.8, "admin_zone": "Zona A", "plan_zone": "Zona A - Suelo Forestal", "distance_to_irrigable_m": 12, "sigpac_ref": "21:46:0:0:17:30:8", "sigpac_use": "IV", "sigpac_irrigation_coef": 39, "sigpac_url": "https://sigpac-hubcloud.es/servicioconsultassigpac/query/recinfo/21/46/0/0/17/30/8.json", "declared_greenhouse_share": 0.94, "declared_irrigated_share": 0.99, "lon": -6.752886, "lat": 37.244274}}, {"type": "Feature", "geometry": {"type": "MultiPolygon", "coordinates": [[[[-6.834344, 37.235129], [-6.834456, 37.235126], [-6.834466, 37.235306], [-6.834353, 37.235309], [-6.834367, 37.235579], [-6.834254, 37.235583], [-6.834263, 37.235763], [-6.834043, 37.23586], [-6.834048, 37.23595], [-6.833935, 37.235953], [-6.833949, 37.236223], [-6.833724, 37.236231], [-6.833715, 37.236051], [-6.833152, 37.236069], [-6.833143, 37.235889], [-6.832918, 37.235896], [-6.832797, 37.23572], [-6.832684, 37.235724], [-6.83268, 37.235634], [-6.832909, 37.235716], [-6.8329, 37.235537], [-6.832787, 37.23554], [-6.832783, 37.23545], [-6.832895, 37.235447], [-6.832882, 37.235177], [-6.833107, 37.23517], [-6.832985, 37.234993], [-6.833098, 37.23499], [-6.833079, 37.23463], [-6.833192, 37.234626], [-6.833201, 37.234806], [-6.833426, 37.234799], [-6.83343, 37.234889], [-6.833543, 37.234885], [-6.833557, 37.235155], [-6.833669, 37.235151], [-6.833763, 37.234788], [-6.833651, 37.234792], [-6.833646, 37.234702], [-6.833871, 37.234694], [-6.833867, 37.234604], [-6.833979, 37.234601], [-6.83397, 37.234421], [-6.833633, 37.234432], [-6.833628, 37.234342], [-6.833403, 37.234349], [-6.833394, 37.234169], [-6.833623, 37.234252], [-6.833614, 37.234072], [-6.833727, 37.234068], [-6.833722, 37.233978], [-6.833947, 37.233971], [-6.833844, 37.234155], [-6.834069, 37.234147], [-6.834073, 37.234237], [-6.833961, 37.234241], [-6.833965, 37.234331], [-6.83419, 37.234324], [-6.834186, 37.234234], [-6.834298, 37.23423], [-6.834312, 37.2345], [-6.8342, 37.234503], [-6.834204, 37.234593], [-6.834429, 37.234586], [-6.834434, 37.234676], [-6.834321, 37.23468], [-6.834326, 37.23477], [-6.834551, 37.234762], [-6.83456, 37.234942], [-6.834672, 37.234939], [-6.834677, 37.235029], [-6.834447, 37.234946], [-6.834452, 37.235036], [-6.834339, 37.235039], [-6.834344, 37.235129]], [[-6.834218, 37.234863], [-6.833993, 37.234871], [-6.834114, 37.235047], [-6.834339, 37.235039], [-6.834218, 37.234863]], [[-6.833687, 37.235511], [-6.833692, 37.235601], [-6.833579, 37.235605], [-6.833584, 37.235695], [-6.833809, 37.235687], [-6.8338, 37.235507], [-6.833687, 37.235511]], [[-6.833912, 37.235504], [-6.834016, 37.23532], [-6.833786, 37.235238], [-6.8338, 37.235507], [-6.833912, 37.235504]], [[-6.833237, 37.235526], [-6.833125, 37.235529], [-6.833129, 37.235619], [-6.833242, 37.235616], [-6.833237, 37.235526]], [[-6.834245, 37.235403], [-6.834133, 37.235407], [-6.834137, 37.235496], [-6.83425, 37.235493], [-6.834245, 37.235403]], [[-6.833345, 37.235432], [-6.833458, 37.235428], [-6.833453, 37.235338], [-6.833341, 37.235342], [-6.833345, 37.235432]], [[-6.833336, 37.235252], [-6.833224, 37.235256], [-6.833228, 37.235346], [-6.833341, 37.235342], [-6.833336, 37.235252]], [[-6.833111, 37.235259], [-6.832999, 37.235263], [-6.833003, 37.235353], [-6.833116, 37.235349], [-6.833111, 37.235259]], [[-6.833327, 37.235072], [-6.83344, 37.235069], [-6.833435, 37.234979], [-6.833323, 37.234982], [-6.833327, 37.235072]], [[-6.833318, 37.234892], [-6.833205, 37.234896], [-6.83321, 37.234986], [-6.833323, 37.234982], [-6.833318, 37.234892]]], [[[-6.834546, 37.234672], [-6.834659, 37.234669], [-6.834663, 37.234759], [-6.834551, 37.234762], [-6.834546, 37.234672]]]]}, "properties": {"id": "donana-2024-159850-4127840", "ha": 1.9, "plastic_dates": 2.5, "valid_dates": 6.8, "admin_zone": "Zona C", "plan_zone": "Zona C - No regable", "distance_to_irrigable_m": 21, "sigpac_ref": "21:50:0:0:22:32:10", "sigpac_use": "TA", "sigpac_irrigation_coef": 0, "sigpac_url": "https://sigpac-hubcloud.es/servicioconsultassigpac/query/recinfo/21/50/0/0/22/32/10.json", "declared_greenhouse_share": 0.0, "declared_irrigated_share": 0.0, "lon": -6.834004, "lat": 37.235095}}, {"type": "Feature", "geometry": {"type": "MultiPolygon", "coordinates": [[[[-6.739333, 37.236821], [-6.739108, 37.236828], [-6.739004, 37.237011], [-6.738892, 37.237015], [-6.738896, 37.237105], [-6.738667, 37.237022], [-6.738662, 37.236932], [-6.73855, 37.236935], [-6.738545, 37.236846], [-6.738433, 37.236849], [-6.738428, 37.236759], [-6.738316, 37.236763], [-6.738312, 37.236673], [-6.738199, 37.236676], [-6.738186, 37.236406], [-6.738298, 37.236403], [-6.738289, 37.236223], [-6.738735, 37.236119], [-6.738739, 37.236209], [-6.738852, 37.236205], [-6.738856, 37.236295], [-6.738969, 37.236292], [-6.738973, 37.236382], [-6.739086, 37.236378], [-6.73909, 37.236468], [-6.739203, 37.236464], [-6.739207, 37.236554], [-6.73932, 37.236551], [-6.739324, 37.236641], [-6.739437, 37.236637], [-6.739333, 37.236821]]], [[[-6.738726, 37.235939], [-6.738946, 37.235842], [-6.738942, 37.235752], [-6.739055, 37.235748], [-6.73905, 37.235658], [-6.739163, 37.235655], [-6.739158, 37.235565], [-6.739271, 37.235561], [-6.739266, 37.235471], [-6.739379, 37.235468], [-6.739374, 37.235378], [-6.739599, 37.235371], [-6.739595, 37.235281], [-6.739707, 37.235277], [-6.739712, 37.235367], [-6.739824, 37.235364], [-6.739838, 37.235634], [-6.73995, 37.23563], [-6.739855, 37.235993], [-6.739968, 37.23599], [-6.739977, 37.23617], [-6.740089, 37.236166], [-6.740107, 37.236526], [-6.739995, 37.236529], [-6.739999, 37.236619], [-6.739437, 37.236637], [-6.739432, 37.236547], [-6.73932, 37.236551], [-6.739315, 37.236461], [-6.739203, 37.236464], [-6.739198, 37.236374], [-6.739086, 37.236378], [-6.739081, 37.236288], [-6.738969, 37.236292], [-6.738964, 37.236202], [-6.738852, 37.236205], [-6.738847, 37.236115], [-6.738735, 37.236119], [-6.738726, 37.235939]]]]}, "properties": {"id": "donana-2024-168240-4127630", "ha": 1.79, "plastic_dates": 2.6, "valid_dates": 6.5, "admin_zone": "Zona C", "plan_zone": "Zona C - No regable", "distance_to_irrigable_m": 18, "sigpac_ref": "21:46:0:0:16:6:42", "sigpac_use": "IV", "sigpac_irrigation_coef": 100, "sigpac_url": "https://sigpac-hubcloud.es/servicioconsultassigpac/query/recinfo/21/46/0/0/16/6/42.json", "declared_greenhouse_share": 1.0, "declared_irrigated_share": 1.0, "lon": -6.739529, "lat": 37.236229}}, {"type": "Feature", "geometry": {"type": "MultiPolygon", "coordinates": [[[[-6.723204, 37.286789], [-6.722528, 37.28681], [-6.722524, 37.28672], [-6.721961, 37.286738], [-6.721956, 37.286648], [-6.721168, 37.286672], [-6.721164, 37.286582], [-6.720826, 37.286593], [-6.720822, 37.286503], [-6.720934, 37.2865], [-6.720813, 37.286323], [-6.720926, 37.28632], [-6.720903, 37.28587], [-6.721016, 37.285866], [-6.720998, 37.285507], [-6.721449, 37.285492], [-6.72157, 37.285669], [-6.721683, 37.285665], [-6.721691, 37.285845], [-6.722029, 37.285835], [-6.722034, 37.285924], [-6.723272, 37.285885], [-6.723299, 37.286425], [-6.723186, 37.286429], [-6.723204, 37.286789]], [[-6.723164, 37.285979], [-6.722488, 37.286], [-6.722515, 37.28654], [-6.722628, 37.286536], [-6.722619, 37.286357], [-6.722956, 37.286346], [-6.722961, 37.286436], [-6.723186, 37.286429], [-6.723164, 37.285979]], [[-6.722402, 37.286543], [-6.722407, 37.286633], [-6.722519, 37.28663], [-6.722515, 37.28654], [-6.722402, 37.286543]], [[-6.722632, 37.286626], [-6.722745, 37.286623], [-6.72274, 37.286533], [-6.722628, 37.286536], [-6.722632, 37.286626]], [[-6.721376, 37.286306], [-6.721038, 37.286316], [-6.72116, 37.286493], [-6.721385, 37.286485], [-6.721376, 37.286306]], [[-6.721232, 37.285679], [-6.721241, 37.285859], [-6.721354, 37.285856], [-6.721345, 37.285676], [-6.721232, 37.285679]], [[-6.721457, 37.285672], [-6.721453, 37.285582], [-6.72134, 37.285586], [-6.721345, 37.285676], [-6.721457, 37.285672]]], [[[-6.722952, 37.286256], [-6.723064, 37.286252], [-6.723069, 37.286342], [-6.722956, 37.286346], [-6.722952, 37.286256]]]]}, "properties": {"id": "donana-2024-170040-4133110", "ha": 1.77, "plastic_dates": 4.6, "valid_dates": 5.6, "admin_zone": "Zona C", "plan_zone": "Zona C - No regable", "distance_to_irrigable_m": 154, "sigpac_ref": "21:46:0:0:23:294:4", "sigpac_use": "IV", "sigpac_irrigation_coef": 100, "sigpac_url": "https://sigpac-hubcloud.es/servicioconsultassigpac/query/recinfo/21/46/0/0/23/294/4.json", "declared_greenhouse_share": 1.0, "declared_irrigated_share": 0.81, "lon": -6.721707, "lat": 37.28616}}, {"type": "Feature", "geometry": {"type": "MultiPolygon", "coordinates": [[[[-6.767727, 37.239072], [-6.767497, 37.23899], [-6.767493, 37.2389], [-6.767605, 37.238896], [-6.76761, 37.238986], [-6.767722, 37.238983], [-6.767727, 37.239072]]], [[[-6.767781, 37.2379], [-6.767785, 37.23799], [-6.767898, 37.237986], [-6.767902, 37.238076], [-6.768015, 37.238072], [-6.768019, 37.238162], [-6.768132, 37.238159], [-6.76815, 37.238518], [-6.768037, 37.238522], [-6.767943, 37.238885], [-6.767722, 37.238983], [-6.767713, 37.238803], [-6.767826, 37.238799], [-6.767812, 37.238529], [-6.768033, 37.238432], [-6.768024, 37.238252], [-6.767794, 37.238169], [-6.76779, 37.23808], [-6.767677, 37.238083], [-6.767668, 37.237903], [-6.767781, 37.2379]]], [[[-6.767443, 37.23791], [-6.76734, 37.238094], [-6.767227, 37.238097], [-6.767232, 37.238187], [-6.767007, 37.238195], [-6.766998, 37.238015], [-6.766885, 37.238018], [-6.766881, 37.237928], [-6.76644, 37.238123], [-6.766318, 37.237946], [-6.766431, 37.237943], [-6.766422, 37.237763], [-6.766309, 37.237766], [-6.766314, 37.237856], [-6.766089, 37.237863], [-6.766084, 37.237773], [-6.765859, 37.237781], [-6.765738, 37.237604], [-6.765625, 37.237608], [-6.765621, 37.237518], [-6.765508, 37.237522], [-6.765504, 37.237432], [-6.765391, 37.237435], [-6.765486, 37.237072], [-6.765599, 37.237068], [-6.76559, 37.236888], [-6.76604, 37.236874], [-6.766049, 37.237054], [-6.766386, 37.237043], [-6.766391, 37.237133], [-6.766616, 37.237126], [-6.766624, 37.237306], [-6.766962, 37.237295], [-6.767083, 37.237471], [-6.767308, 37.237464], [-6.767317, 37.237644], [-6.767547, 37.237727], [-6.767551, 37.237817], [-6.767664, 37.237813], [-6.767668, 37.237903], [-6.767443, 37.23791]], [[-6.7672, 37.237558], [-6.767088, 37.237561], [-6.767092, 37.237651], [-6.767205, 37.237648], [-6.7672, 37.237558]]], [[[-6.767488, 37.23881], [-6.767493, 37.2389], [-6.76738, 37.238903], [-6.767376, 37.238813], [-6.767488, 37.23881]]], [[[-6.767029, 37.238644], [-6.767254, 37.238637], [-6.767376, 37.238813], [-6.767263, 37.238817], [-6.767259, 37.238727], [-6.767038, 37.238824], [-6.767029, 37.238644]]], [[[-6.766926, 37.238828], [-6.767038, 37.238824], [-6.767043, 37.238914], [-6.76693, 37.238918], [-6.766926, 37.238828]]], [[[-6.766935, 37.239008], [-6.766822, 37.239011], [-6.766827, 37.239101], [-6.766714, 37.239105], [-6.76671, 37.239015], [-6.76693, 37.238918], [-6.766935, 37.239008]]]]}, "properties": {"id": "donana-2024-165790-4127920", "ha": 1.74, "plastic_dates": 2.4, "valid_dates": 7.4, "admin_zone": "Zona C", "plan_zone": "Zona C - No regable", "distance_to_irrigable_m": 21, "sigpac_ref": "21:50:0:0:32:65:10", "sigpac_use": "IV", "sigpac_irrigation_coef": 100, "sigpac_url": "https://sigpac-hubcloud.es/servicioconsultassigpac/query/recinfo/21/50/0/0/32/65/10.json", "declared_greenhouse_share": 0.92, "declared_irrigated_share": 0.91, "lon": -6.767164, "lat": 37.237964}}, {"type": "Feature", "geometry": {"type": "MultiPolygon", "coordinates": [[[[-6.757592, 37.241467], [-6.757704, 37.241463], [-6.757709, 37.241553], [-6.757371, 37.241564], [-6.757358, 37.241294], [-6.757583, 37.241287], [-6.757592, 37.241467]]], [[[-6.758438, 37.240359], [-6.758551, 37.240355], [-6.758555, 37.240445], [-6.758893, 37.240435], [-6.758902, 37.240615], [-6.758789, 37.240618], [-6.758798, 37.240798], [-6.758686, 37.240802], [-6.75869, 37.240892], [-6.758578, 37.240895], [-6.758573, 37.240805], [-6.758348, 37.240812], [-6.758353, 37.240902], [-6.758465, 37.240899], [-6.758479, 37.241169], [-6.758591, 37.241165], [-6.758587, 37.241075], [-6.759037, 37.241061], [-6.759041, 37.241151], [-6.758816, 37.241158], [-6.758821, 37.241248], [-6.758371, 37.241262], [-6.758267, 37.241446], [-6.758154, 37.241449], [-6.758141, 37.241179], [-6.758029, 37.241183], [-6.758033, 37.241273], [-6.757583, 37.241287], [-6.757579, 37.241197], [-6.757916, 37.241186], [-6.757907, 37.241007], [-6.75802, 37.241003], [-6.758002, 37.240643], [-6.757889, 37.240647], [-6.757818, 37.239208], [-6.75748, 37.239218], [-6.757471, 37.239038], [-6.758034, 37.239021], [-6.758029, 37.238931], [-6.758479, 37.238916], [-6.758488, 37.239096], [-6.758259, 37.239013], [-6.758263, 37.239103], [-6.758151, 37.239107], [-6.758272, 37.239283], [-6.758385, 37.23928], [-6.75829, 37.239643], [-6.758403, 37.239639], [-6.758407, 37.239729], [-6.758632, 37.239722], [-6.758641, 37.239902], [-6.758528, 37.239906], [-6.758542, 37.240176], [-6.758429, 37.240179], [-6.758438, 37.240359]], [[-6.75842, 37.239999], [-6.758195, 37.240006], [-6.758204, 37.240186], [-6.758429, 37.240179], [-6.75842, 37.239999]], [[-6.758321, 37.240273], [-6.758209, 37.240276], [-6.758222, 37.240546], [-6.758335, 37.240543], [-6.758321, 37.240273]]]]}, "properties": {"id": "donana-2024-166600-4128140", "ha": 1.6, "plastic_dates": 2.9, "valid_dates": 7.5, "admin_zone": "Zona A", "plan_zone": "Zona A - Suelo Forestal", "distance_to_irrigable_m": 17, "sigpac_ref": "21:50:0:0:31:40:26", "sigpac_use": "IV", "sigpac_irrigation_coef": 100, "sigpac_url": "https://sigpac-hubcloud.es/servicioconsultassigpac/query/recinfo/21/50/0/0/31/40/26.json", "declared_greenhouse_share": 0.99, "declared_irrigated_share": 0.99, "lon": -6.75815, "lat": 37.240233}}, {"type": "Feature", "geometry": {"type": "MultiPolygon", "coordinates": [[[[-6.787102, 37.272687], [-6.787327, 37.27268], [-6.78734, 37.272949], [-6.787228, 37.272953], [-6.787237, 37.273133], [-6.787124, 37.273137], [-6.787133, 37.273316], [-6.786913, 37.273414], [-6.786922, 37.273593], [-6.786701, 37.273691], [-6.786706, 37.273781], [-6.786593, 37.273784], [-6.786602, 37.273964], [-6.786377, 37.273971], [-6.786256, 37.273795], [-6.786143, 37.273799], [-6.786139, 37.273709], [-6.786026, 37.273712], [-6.786008, 37.273352], [-6.78612, 37.273349], [-6.786102, 37.272989], [-6.786215, 37.272985], [-6.786206, 37.272806], [-6.786318, 37.272802], [-6.786305, 37.272532], [-6.786418, 37.272529], [-6.786408, 37.272349], [-6.786521, 37.272345], [-6.78653, 37.272525], [-6.787093, 37.272507], [-6.787102, 37.272687]], [[-6.786998, 37.27287], [-6.786886, 37.272874], [-6.78689, 37.272964], [-6.787003, 37.27296], [-6.786998, 37.27287]]], [[[-6.787084, 37.272327], [-6.786971, 37.272331], [-6.786967, 37.272241], [-6.786742, 37.272248], [-6.786737, 37.272158], [-6.786625, 37.272162], [-6.786629, 37.272252], [-6.786517, 37.272255], [-6.786503, 37.271985], [-6.786616, 37.271982], [-6.786607, 37.271802], [-6.786719, 37.271798], [-6.786724, 37.271888], [-6.787174, 37.271874], [-6.787183, 37.272054], [-6.787412, 37.272136], [-6.787417, 37.272226], [-6.787304, 37.27223], [-6.787318, 37.2725], [-6.787093, 37.272507], [-6.787084, 37.272327]]]]}, "properties": {"id": "donana-2024-164230-4131870", "ha": 1.57, "plastic_dates": 2.9, "valid_dates": 8.3, "admin_zone": "Zona A", "plan_zone": "Zona A - Suelo Forestal", "distance_to_irrigable_m": 16, "sigpac_ref": "21:50:0:0:29:166:24", "sigpac_use": "IV", "sigpac_irrigation_coef": 100, "sigpac_url": "https://sigpac-hubcloud.es/servicioconsultassigpac/query/recinfo/21/50/0/0/29/166/24.json", "declared_greenhouse_share": 1.0, "declared_irrigated_share": 1.0, "lon": -6.78655, "lat": 37.27293}}, {"type": "Feature", "geometry": {"type": "MultiPolygon", "coordinates": [[[[-6.724904, 37.245835], [-6.724913, 37.246014], [-6.725133, 37.245917], [-6.725255, 37.246094], [-6.72548, 37.246087], [-6.725601, 37.246263], [-6.725714, 37.246259], [-6.725718, 37.246349], [-6.725943, 37.246342], [-6.725956, 37.246612], [-6.725844, 37.246616], [-6.725853, 37.246796], [-6.72574, 37.246799], [-6.725745, 37.246889], [-6.725632, 37.246893], [-6.725537, 37.247256], [-6.725312, 37.247263], [-6.725191, 37.247087], [-6.724966, 37.247094], [-6.724845, 37.246917], [-6.72462, 37.246925], [-6.724498, 37.246748], [-6.724273, 37.246755], [-6.724152, 37.246579], [-6.723927, 37.246586], [-6.723922, 37.246496], [-6.72381, 37.2465], [-6.723801, 37.24632], [-6.723913, 37.246316], [-6.723905, 37.246136], [-6.724017, 37.246133], [-6.724013, 37.246043], [-6.72435, 37.246032], [-6.724454, 37.245849], [-6.724566, 37.245845], [-6.724571, 37.245935], [-6.724458, 37.245939], [-6.72458, 37.246115], [-6.724805, 37.246108], [-6.724809, 37.246198], [-6.724922, 37.246194], [-6.724791, 37.245838], [-6.724904, 37.245835]], [[-6.724472, 37.246208], [-6.724359, 37.246212], [-6.724355, 37.246122], [-6.72413, 37.246129], [-6.724138, 37.246309], [-6.724026, 37.246313], [-6.72403, 37.246403], [-6.724255, 37.246395], [-6.724264, 37.246575], [-6.724377, 37.246572], [-6.724472, 37.246208]], [[-6.725381, 37.24636], [-6.725268, 37.246364], [-6.725272, 37.246454], [-6.725385, 37.24645], [-6.725381, 37.24636]]], [[[-6.724562, 37.245755], [-6.724787, 37.245748], [-6.724791, 37.245838], [-6.724566, 37.245845], [-6.724562, 37.245755]]]]}, "properties": {"id": "donana-2024-169560-4128720", "ha": 1.55, "plastic_dates": 2.6, "valid_dates": 7.1, "admin_zone": "Zona C", "plan_zone": "Zona C - No regable", "distance_to_irrigable_m": 22, "sigpac_ref": "21:46:0:0:10:162:1", "sigpac_use": "IV", "sigpac_irrigation_coef": 0, "sigpac_url": "https://sigpac-hubcloud.es/servicioconsultassigpac/query/recinfo/21/46/0/0/10/162/1.json", "declared_greenhouse_share": 0.99, "declared_irrigated_share": 0.0, "lon": -6.725162, "lat": 37.246502}}, {"type": "Feature", "geometry": {"type": "Polygon", "coordinates": [[[-6.807407, 37.226], [-6.807402, 37.22591], [-6.807177, 37.225917], [-6.807173, 37.225827], [-6.806835, 37.225838], [-6.806831, 37.225748], [-6.806606, 37.225756], [-6.806484, 37.225579], [-6.806597, 37.225576], [-6.806592, 37.225486], [-6.806367, 37.225493], [-6.806358, 37.225313], [-6.806133, 37.22532], [-6.806129, 37.22523], [-6.806016, 37.225234], [-6.806007, 37.225054], [-6.806228, 37.224957], [-6.806223, 37.224867], [-6.806336, 37.224863], [-6.806327, 37.224684], [-6.806547, 37.224586], [-6.806542, 37.224496], [-6.806655, 37.224493], [-6.806533, 37.224317], [-6.806646, 37.224313], [-6.806641, 37.224223], [-6.806529, 37.224227], [-6.806524, 37.224137], [-6.806862, 37.224126], [-6.806866, 37.224216], [-6.807429, 37.224198], [-6.807433, 37.224288], [-6.807771, 37.224277], [-6.80778, 37.224457], [-6.807559, 37.224554], [-6.807568, 37.224734], [-6.807348, 37.224831], [-6.807352, 37.224921], [-6.80724, 37.224924], [-6.807244, 37.225014], [-6.807132, 37.225018], [-6.807137, 37.225108], [-6.807024, 37.225112], [-6.807033, 37.225291], [-6.806921, 37.225295], [-6.807051, 37.225651], [-6.807389, 37.22564], [-6.807393, 37.22573], [-6.807618, 37.225723], [-6.807623, 37.225813], [-6.807398, 37.22582], [-6.807519, 37.225997], [-6.807407, 37.226]], [[-6.807222, 37.224565], [-6.806997, 37.224572], [-6.807001, 37.224662], [-6.807226, 37.224655], [-6.807222, 37.224565]], [[-6.807213, 37.224385], [-6.8071, 37.224388], [-6.807105, 37.224478], [-6.807217, 37.224475], [-6.807213, 37.224385]]]}, "properties": {"id": "donana-2024-162240-4126630", "ha": 1.52, "plastic_dates": 2.3, "valid_dates": 6.1, "admin_zone": "Zona C", "plan_zone": "Zona C - No regable", "distance_to_irrigable_m": 374, "sigpac_ref": "21:50:0:0:33:23:8", "sigpac_use": "TA", "sigpac_irrigation_coef": 0, "sigpac_url": "https://sigpac-hubcloud.es/servicioconsultassigpac/query/recinfo/21/50/0/0/33/23/8.json", "declared_greenhouse_share": 0.35, "declared_irrigated_share": 0.0, "lon": -6.806572, "lat": 37.225081}}, {"type": "Feature", "geometry": {"type": "Polygon", "coordinates": [[[-6.714232, 37.237341], [-6.714227, 37.237251], [-6.71434, 37.237248], [-6.714331, 37.237068], [-6.714102, 37.236985], [-6.714097, 37.236895], [-6.713985, 37.236899], [-6.71398, 37.236809], [-6.714205, 37.236802], [-6.714327, 37.236978], [-6.714781, 37.237054], [-6.714902, 37.23723], [-6.715127, 37.237223], [-6.715132, 37.237313], [-6.715357, 37.237306], [-6.715478, 37.237482], [-6.715703, 37.237475], [-6.715599, 37.237659], [-6.715487, 37.237662], [-6.715505, 37.238022], [-6.714492, 37.238054], [-6.714488, 37.237964], [-6.714038, 37.237978], [-6.714033, 37.237888], [-6.713358, 37.237909], [-6.713354, 37.237819], [-6.713466, 37.237816], [-6.713453, 37.237546], [-6.713566, 37.237543], [-6.713557, 37.237363], [-6.713669, 37.237359], [-6.713665, 37.237269], [-6.71389, 37.237262], [-6.713885, 37.237172], [-6.713998, 37.237169], [-6.713894, 37.237352], [-6.714232, 37.237341]], [[-6.713782, 37.237356], [-6.713786, 37.237446], [-6.713899, 37.237442], [-6.713894, 37.237352], [-6.713782, 37.237356]], [[-6.715383, 37.237846], [-6.715271, 37.237849], [-6.715275, 37.237939], [-6.715388, 37.237936], [-6.715383, 37.237846]], [[-6.715154, 37.237763], [-6.715041, 37.237766], [-6.715046, 37.237856], [-6.715158, 37.237853], [-6.715154, 37.237763]], [[-6.714924, 37.23768], [-6.714812, 37.237684], [-6.714816, 37.237774], [-6.714929, 37.23777], [-6.714924, 37.23768]], [[-6.714695, 37.237597], [-6.714582, 37.237601], [-6.714587, 37.237691], [-6.714699, 37.237687], [-6.714695, 37.237597]], [[-6.714353, 37.237518], [-6.714241, 37.237521], [-6.714245, 37.237611], [-6.714357, 37.237608], [-6.714353, 37.237518]], [[-6.714124, 37.237435], [-6.714011, 37.237438], [-6.714016, 37.237528], [-6.714128, 37.237525], [-6.714124, 37.237435]], [[-6.71456, 37.237151], [-6.714448, 37.237154], [-6.714452, 37.237244], [-6.714565, 37.237241], [-6.71456, 37.237151]]]}, "properties": {"id": "donana-2024-170440-4127680", "ha": 1.5, "plastic_dates": 2.1, "valid_dates": 6.3, "admin_zone": "Zona A", "plan_zone": "Zona A - Suelo Forestal", "distance_to_irrigable_m": 15, "sigpac_ref": "21:46:0:0:11:1:22", "sigpac_use": "IV", "sigpac_irrigation_coef": 0, "sigpac_url": "https://sigpac-hubcloud.es/servicioconsultassigpac/query/recinfo/21/46/0/0/11/1/22.json", "declared_greenhouse_share": 1.0, "declared_irrigated_share": 0.0, "lon": -6.714801, "lat": 37.237459}}, {"type": "Feature", "geometry": {"type": "MultiPolygon", "coordinates": [[[[-6.705739, 37.28013], [-6.705743, 37.28022], [-6.705856, 37.280217], [-6.705864, 37.280397], [-6.705977, 37.280393], [-6.705981, 37.280483], [-6.706206, 37.280476], [-6.706215, 37.280656], [-6.705995, 37.280753], [-6.705999, 37.280843], [-6.705886, 37.280846], [-6.705878, 37.280666], [-6.705765, 37.28067], [-6.705761, 37.28058], [-6.705535, 37.280587], [-6.705414, 37.280411], [-6.705189, 37.280418], [-6.70518, 37.280238], [-6.704955, 37.280245], [-6.704834, 37.280068], [-6.704721, 37.280072], [-6.704717, 37.279982], [-6.704491, 37.279989], [-6.704388, 37.280173], [-6.704275, 37.280176], [-6.70428, 37.280266], [-6.704167, 37.28027], [-6.704171, 37.280359], [-6.703946, 37.280367], [-6.70396, 37.280636], [-6.703734, 37.280643], [-6.70373, 37.280554], [-6.703617, 37.280557], [-6.7036, 37.280197], [-6.703712, 37.280194], [-6.703708, 37.280104], [-6.703258, 37.280118], [-6.703253, 37.280028], [-6.703366, 37.280024], [-6.703344, 37.279575], [-6.703573, 37.279658], [-6.703578, 37.279747], [-6.70369, 37.279744], [-6.703695, 37.279834], [-6.703807, 37.27983], [-6.703812, 37.27992], [-6.703924, 37.279917], [-6.704028, 37.279733], [-6.704141, 37.27973], [-6.704132, 37.27955], [-6.704244, 37.279546], [-6.70424, 37.279456], [-6.70469, 37.279442], [-6.704699, 37.279622], [-6.705149, 37.279608], [-6.705154, 37.279698], [-6.704928, 37.279705], [-6.704937, 37.279885], [-6.705275, 37.279874], [-6.705279, 37.279964], [-6.705167, 37.279968], [-6.705176, 37.280148], [-6.705396, 37.280051], [-6.705392, 37.279961], [-6.705505, 37.279957], [-6.705626, 37.280134], [-6.705739, 37.28013]], [[-6.70599, 37.280663], [-6.705986, 37.280573], [-6.705873, 37.280576], [-6.705878, 37.280666], [-6.70599, 37.280663]], [[-6.703942, 37.280277], [-6.703829, 37.28028], [-6.703834, 37.28037], [-6.703946, 37.280367], [-6.703942, 37.280277]], [[-6.705513, 37.280137], [-6.705518, 37.280227], [-6.70563, 37.280224], [-6.705626, 37.280134], [-6.705513, 37.280137]]], [[[-6.704681, 37.279262], [-6.704794, 37.279259], [-6.704803, 37.279439], [-6.704915, 37.279435], [-6.70492, 37.279525], [-6.70469, 37.279442], [-6.704681, 37.279262]]], [[[-6.703743, 37.280823], [-6.703631, 37.280827], [-6.703509, 37.280651], [-6.703734, 37.280643], [-6.703743, 37.280823]]]]}, "properties": {"id": "donana-2024-171580-4132380", "ha": 1.49, "plastic_dates": 2.0, "valid_dates": 6.5, "admin_zone": "Zona C", "plan_zone": "Zona C - No regable", "distance_to_irrigable_m": 15, "sigpac_ref": "21:46:0:0:9:21:2", "sigpac_use": "IV", "sigpac_irrigation_coef": 0, "sigpac_url": "https://sigpac-hubcloud.es/servicioconsultassigpac/query/recinfo/21/46/0/0/9/21/2.json", "declared_greenhouse_share": 1.0, "declared_irrigated_share": 0.15, "lon": -6.704048, "lat": 37.280138}}, {"type": "Feature", "geometry": {"type": "Polygon", "coordinates": [[[-6.740508, 37.244621], [-6.740386, 37.244445], [-6.740274, 37.244448], [-6.740269, 37.244359], [-6.740157, 37.244362], [-6.740152, 37.244272], [-6.74004, 37.244276], [-6.740022, 37.243916], [-6.739909, 37.243919], [-6.739905, 37.243829], [-6.740134, 37.243912], [-6.740139, 37.244002], [-6.740251, 37.243999], [-6.740256, 37.244089], [-6.740593, 37.244078], [-6.740688, 37.243715], [-6.740801, 37.243711], [-6.740792, 37.243531], [-6.740904, 37.243528], [-6.740895, 37.243348], [-6.740783, 37.243351], [-6.740756, 37.242812], [-6.740644, 37.242815], [-6.740621, 37.242365], [-6.740734, 37.242362], [-6.740738, 37.242452], [-6.741076, 37.242441], [-6.741085, 37.242621], [-6.741314, 37.242704], [-6.741319, 37.242794], [-6.741431, 37.24279], [-6.74144, 37.24297], [-6.74167, 37.243053], [-6.741674, 37.243143], [-6.741562, 37.243146], [-6.74157, 37.243326], [-6.741458, 37.24333], [-6.741476, 37.24369], [-6.741251, 37.243697], [-6.74126, 37.243877], [-6.741372, 37.243873], [-6.741377, 37.243963], [-6.741264, 37.243967], [-6.741273, 37.244147], [-6.741052, 37.244244], [-6.741057, 37.244334], [-6.740944, 37.244337], [-6.740949, 37.244427], [-6.740836, 37.244431], [-6.740841, 37.244521], [-6.740728, 37.244524], [-6.740733, 37.244614], [-6.740508, 37.244621]], [[-6.741129, 37.24352], [-6.741017, 37.243524], [-6.741026, 37.243704], [-6.741138, 37.2437], [-6.741129, 37.24352]]]}, "properties": {"id": "donana-2024-168120-4128440", "ha": 1.49, "plastic_dates": 3.4, "valid_dates": 6.0, "admin_zone": "Zona A", "plan_zone": "Zona A - Suelo Forestal", "distance_to_irrigable_m": 19, "sigpac_ref": "21:46:0:0:16:6:16", "sigpac_use": "IV", "sigpac_irrigation_coef": 0, "sigpac_url": "https://sigpac-hubcloud.es/servicioconsultassigpac/query/recinfo/21/46/0/0/16/6/16.json", "declared_greenhouse_share": 1.0, "declared_irrigated_share": 0.0, "lon": -6.741181, "lat": 37.243429}}, {"type": "Feature", "geometry": {"type": "MultiPolygon", "coordinates": [[[[-6.765024, 37.25042], [-6.765029, 37.25051], [-6.765141, 37.250506], [-6.765146, 37.250596], [-6.765258, 37.250592], [-6.765263, 37.250682], [-6.765375, 37.250679], [-6.76538, 37.250769], [-6.765605, 37.250761], [-6.765726, 37.250938], [-6.766289, 37.25092], [-6.766302, 37.25119], [-6.76619, 37.251193], [-6.766181, 37.251013], [-6.766068, 37.251017], [-6.766091, 37.251467], [-6.76587, 37.251564], [-6.765875, 37.251654], [-6.765645, 37.251571], [-6.765641, 37.251481], [-6.765528, 37.251485], [-6.765519, 37.251305], [-6.765299, 37.251402], [-6.765177, 37.251226], [-6.765065, 37.251229], [-6.76506, 37.251139], [-6.764948, 37.251143], [-6.764943, 37.251053], [-6.764718, 37.25106], [-6.764714, 37.25097], [-6.764601, 37.250974], [-6.764597, 37.250884], [-6.764142, 37.250808], [-6.764138, 37.250718], [-6.763912, 37.250725], [-6.763791, 37.250549], [-6.763904, 37.250545], [-6.763899, 37.250455], [-6.764012, 37.250452], [-6.764003, 37.250272], [-6.764223, 37.250175], [-6.764219, 37.250085], [-6.764444, 37.250078], [-6.764565, 37.250254], [-6.76479, 37.250247], [-6.764912, 37.250423], [-6.765024, 37.25042]], [[-6.764799, 37.250427], [-6.764808, 37.250607], [-6.764921, 37.250603], [-6.764912, 37.250423], [-6.764799, 37.250427]], [[-6.764696, 37.25061], [-6.7647, 37.2507], [-6.764813, 37.250697], [-6.764808, 37.250607], [-6.764696, 37.25061]], [[-6.764588, 37.250704], [-6.764592, 37.250794], [-6.764705, 37.25079], [-6.7647, 37.2507], [-6.764588, 37.250704]], [[-6.765965, 37.2512], [-6.765852, 37.251204], [-6.765857, 37.251294], [-6.765969, 37.25129], [-6.765965, 37.2512]], [[-6.765285, 37.251132], [-6.76529, 37.251222], [-6.765402, 37.251218], [-6.765398, 37.251128], [-6.765285, 37.251132]], [[-6.76551, 37.251125], [-6.765506, 37.251035], [-6.765393, 37.251038], [-6.765398, 37.251128], [-6.76551, 37.251125]], [[-6.765609, 37.250851], [-6.765497, 37.250855], [-6.765501, 37.250945], [-6.765614, 37.250941], [-6.765609, 37.250851]]], [[[-6.763566, 37.250556], [-6.763561, 37.250466], [-6.763111, 37.25048], [-6.763107, 37.250391], [-6.763219, 37.250387], [-6.763215, 37.250297], [-6.763553, 37.250286], [-6.763557, 37.250376], [-6.763782, 37.250369], [-6.763791, 37.250549], [-6.763566, 37.250556]]]]}, "properties": {"id": "donana-2024-166040-4129350", "ha": 1.48, "plastic_dates": 3.2, "valid_dates": 6.0, "admin_zone": "Zona A", "plan_zone": "Zona A - Suelo Forestal", "distance_to_irrigable_m": 16, "sigpac_ref": "21:50:0:0:31:23:111", "sigpac_use": "IV", "sigpac_irrigation_coef": 100, "sigpac_url": "https://sigpac-hubcloud.es/servicioconsultassigpac/query/recinfo/21/50/0/0/31/23/111.json", "declared_greenhouse_share": 0.99, "declared_irrigated_share": 0.99, "lon": -6.765049, "lat": 37.250914}}, {"type": "Feature", "geometry": {"type": "MultiPolygon", "coordinates": [[[[-6.714979, 37.252543], [-6.714961, 37.252183], [-6.714732, 37.2521], [-6.714727, 37.25201], [-6.714502, 37.252018], [-6.714493, 37.251838], [-6.715173, 37.251906], [-6.715177, 37.251996], [-6.715628, 37.251982], [-6.715632, 37.252072], [-6.715519, 37.252076], [-6.715528, 37.252256], [-6.715308, 37.252353], [-6.715312, 37.252443], [-6.7152, 37.252446], [-6.715213, 37.252716], [-6.715442, 37.252799], [-6.715469, 37.253339], [-6.715248, 37.253436], [-6.715253, 37.253525], [-6.714915, 37.253536], [-6.714794, 37.25336], [-6.714681, 37.253363], [-6.714677, 37.253273], [-6.714452, 37.25328], [-6.71446, 37.25346], [-6.71424, 37.253557], [-6.714335, 37.253194], [-6.714555, 37.253097], [-6.714546, 37.252917], [-6.714659, 37.252914], [-6.714655, 37.252824], [-6.714767, 37.25282], [-6.714758, 37.25264], [-6.714979, 37.252543]], [[-6.714893, 37.253086], [-6.71478, 37.25309], [-6.714785, 37.25318], [-6.714897, 37.253176], [-6.714893, 37.253086]], [[-6.715105, 37.252809], [-6.714992, 37.252813], [-6.714997, 37.252903], [-6.715109, 37.252899], [-6.715105, 37.252809]]], [[[-6.71375, 37.252762], [-6.713862, 37.252758], [-6.713849, 37.252488], [-6.71407, 37.252391], [-6.714065, 37.252302], [-6.714178, 37.252298], [-6.714174, 37.252208], [-6.714286, 37.252205], [-6.714295, 37.252384], [-6.714074, 37.252481], [-6.714083, 37.252661], [-6.713971, 37.252665], [-6.713975, 37.252755], [-6.7142, 37.252748], [-6.714196, 37.252658], [-6.714308, 37.252654], [-6.714299, 37.252474], [-6.714412, 37.252471], [-6.714407, 37.252381], [-6.714637, 37.252464], [-6.714641, 37.252554], [-6.714754, 37.25255], [-6.714758, 37.25264], [-6.714646, 37.252644], [-6.714655, 37.252824], [-6.714542, 37.252827], [-6.714546, 37.252917], [-6.714321, 37.252924], [-6.714326, 37.253014], [-6.714213, 37.253018], [-6.714209, 37.252928], [-6.713759, 37.252942], [-6.71375, 37.252762]]], [[[-6.713763, 37.253032], [-6.713651, 37.253035], [-6.713646, 37.252945], [-6.713759, 37.252942], [-6.713763, 37.253032]]]]}, "properties": {"id": "donana-2024-170490-4129370", "ha": 1.47, "plastic_dates": 2.3, "valid_dates": 5.4, "admin_zone": "Zona C", "plan_zone": "Zona C - No regable", "distance_to_irrigable_m": 19, "sigpac_ref": "21:46:0:0:9:100:4", "sigpac_use": "IV", "sigpac_irrigation_coef": 0, "sigpac_url": "https://sigpac-hubcloud.es/servicioconsultassigpac/query/recinfo/21/46/0/0/9/100/4.json", "declared_greenhouse_share": 1.0, "declared_irrigated_share": 0.0, "lon": -6.714986, "lat": 37.252678}}, {"type": "Feature", "geometry": {"type": "Polygon", "coordinates": [[[-6.773811, 37.290949], [-6.77382, 37.291129], [-6.773708, 37.291133], [-6.773712, 37.291223], [-6.773149, 37.291241], [-6.773154, 37.291331], [-6.772816, 37.291341], [-6.77282, 37.291431], [-6.772258, 37.291449], [-6.772262, 37.291539], [-6.771812, 37.291554], [-6.771807, 37.291464], [-6.77192, 37.29146], [-6.771911, 37.29128], [-6.772136, 37.291273], [-6.772131, 37.291183], [-6.771906, 37.29119], [-6.771902, 37.2911], [-6.772348, 37.290996], [-6.772343, 37.290906], [-6.772906, 37.290888], [-6.77301, 37.290705], [-6.772672, 37.290715], [-6.772663, 37.290535], [-6.772325, 37.290546], [-6.772321, 37.290456], [-6.772208, 37.29046], [-6.772213, 37.29055], [-6.771987, 37.290557], [-6.771983, 37.290467], [-6.771645, 37.290478], [-6.771641, 37.290388], [-6.772204, 37.29037], [-6.772307, 37.290186], [-6.772537, 37.290269], [-6.772523, 37.289999], [-6.772861, 37.289989], [-6.772866, 37.290079], [-6.772978, 37.290075], [-6.772965, 37.289805], [-6.773077, 37.289801], [-6.773199, 37.289978], [-6.773424, 37.289971], [-6.773433, 37.29015], [-6.773203, 37.290068], [-6.773109, 37.290431], [-6.773329, 37.290334], [-6.773334, 37.290424], [-6.773221, 37.290428], [-6.77323, 37.290607], [-6.773343, 37.290604], [-6.773352, 37.290784], [-6.773464, 37.29078], [-6.773473, 37.29096], [-6.773811, 37.290949]], [[-6.773248, 37.290967], [-6.773253, 37.291057], [-6.773478, 37.29105], [-6.773473, 37.29096], [-6.773248, 37.290967]], [[-6.772879, 37.290348], [-6.772893, 37.290618], [-6.773005, 37.290615], [-6.772987, 37.290255], [-6.772762, 37.290262], [-6.772766, 37.290352], [-6.772879, 37.290348]], [[-6.772757, 37.290172], [-6.772645, 37.290176], [-6.772649, 37.290266], [-6.772762, 37.290262], [-6.772757, 37.290172]], [[-6.772654, 37.290356], [-6.772658, 37.290445], [-6.772771, 37.290442], [-6.772766, 37.290352], [-6.772654, 37.290356]]]}, "properties": {"id": "donana-2024-165510-4133790", "ha": 1.45, "plastic_dates": 2.7, "valid_dates": 4.2, "admin_zone": "Zona C", "plan_zone": "Zona C - No regable", "distance_to_irrigable_m": 38, "sigpac_ref": "21:46:0:0:20:5:19", "sigpac_use": "IV", "sigpac_irrigation_coef": 100, "sigpac_url": "https://sigpac-hubcloud.es/servicioconsultassigpac/query/recinfo/21/46/0/0/20/5/19.json", "declared_greenhouse_share": 0.99, "declared_irrigated_share": 0.9, "lon": -6.773007, "lat": 37.29066}}, {"type": "Feature", "geometry": {"type": "Polygon", "coordinates": [[[-6.728197, 37.241767], [-6.728201, 37.241857], [-6.728539, 37.241846], [-6.728547, 37.242026], [-6.728318, 37.241943], [-6.728322, 37.242033], [-6.72821, 37.242037], [-6.728241, 37.242666], [-6.728128, 37.24267], [-6.728124, 37.24258], [-6.727899, 37.242587], [-6.727908, 37.242767], [-6.727683, 37.242774], [-6.727678, 37.242684], [-6.727566, 37.242688], [-6.72757, 37.242778], [-6.727345, 37.242785], [-6.727354, 37.242965], [-6.727242, 37.242968], [-6.727246, 37.243058], [-6.726684, 37.243076], [-6.726657, 37.242536], [-6.726769, 37.242533], [-6.726761, 37.242353], [-6.726873, 37.242349], [-6.726864, 37.242169], [-6.727085, 37.242072], [-6.72708, 37.241982], [-6.727193, 37.241979], [-6.727184, 37.241799], [-6.727409, 37.241792], [-6.727396, 37.241522], [-6.727508, 37.241518], [-6.727513, 37.241608], [-6.727738, 37.241601], [-6.727742, 37.241691], [-6.727967, 37.241684], [-6.727972, 37.241774], [-6.728197, 37.241767]], [[-6.726787, 37.242892], [-6.7269, 37.242889], [-6.726895, 37.242799], [-6.727008, 37.242795], [-6.726999, 37.242615], [-6.727449, 37.242601], [-6.727445, 37.242511], [-6.727219, 37.242518], [-6.727215, 37.242428], [-6.72699, 37.242435], [-6.726986, 37.242346], [-6.726873, 37.242349], [-6.726787, 37.242892]], [[-6.727557, 37.242508], [-6.727553, 37.242418], [-6.72744, 37.242421], [-6.727445, 37.242511], [-6.727557, 37.242508]], [[-6.727328, 37.242425], [-6.727323, 37.242335], [-6.727211, 37.242338], [-6.727215, 37.242428], [-6.727328, 37.242425]], [[-6.727098, 37.242342], [-6.727094, 37.242252], [-6.726981, 37.242256], [-6.726986, 37.242346], [-6.727098, 37.242342]], [[-6.727859, 37.241777], [-6.727863, 37.241867], [-6.727976, 37.241864], [-6.727972, 37.241774], [-6.727859, 37.241777]], [[-6.727782, 37.242501], [-6.72767, 37.242504], [-6.727674, 37.242594], [-6.727786, 37.242591], [-6.727782, 37.242501]]]}, "properties": {"id": "donana-2024-169320-4128260", "ha": 1.37, "plastic_dates": 3.0, "valid_dates": 7.0, "admin_zone": "Zona A", "plan_zone": "Zona A - Suelo Forestal", "distance_to_irrigable_m": 4, "sigpac_ref": "21:46:0:0:11:16:4", "sigpac_use": "IV", "sigpac_irrigation_coef": 38, "sigpac_url": "https://sigpac-hubcloud.es/servicioconsultassigpac/query/recinfo/21/46/0/0/11/16/4.json", "declared_greenhouse_share": 1.0, "declared_irrigated_share": 0.98, "lon": -6.727658, "lat": 37.242279}}, {"type": "Feature", "geometry": {"type": "Polygon", "coordinates": [[[-6.798165, 37.221433], [-6.79794, 37.22144], [-6.797836, 37.221623], [-6.797499, 37.221634], [-6.797368, 37.221278], [-6.797256, 37.221282], [-6.797247, 37.221102], [-6.797017, 37.221019], [-6.797008, 37.220839], [-6.796896, 37.220843], [-6.796882, 37.220573], [-6.797107, 37.220566], [-6.797103, 37.220476], [-6.797553, 37.220461], [-6.797548, 37.220371], [-6.797998, 37.220357], [-6.797994, 37.220267], [-6.798331, 37.220256], [-6.798326, 37.220166], [-6.798664, 37.220155], [-6.798659, 37.220065], [-6.798884, 37.220058], [-6.799006, 37.220234], [-6.799118, 37.220231], [-6.799127, 37.220411], [-6.79924, 37.220407], [-6.799249, 37.220587], [-6.799478, 37.22067], [-6.799492, 37.22094], [-6.799267, 37.220947], [-6.799271, 37.221037], [-6.798934, 37.221048], [-6.799037, 37.220864], [-6.798925, 37.220868], [-6.798916, 37.220688], [-6.798686, 37.220605], [-6.798682, 37.220515], [-6.798569, 37.220519], [-6.79856, 37.220339], [-6.798223, 37.22035], [-6.798228, 37.22044], [-6.798003, 37.220447], [-6.798012, 37.220627], [-6.798241, 37.220709], [-6.798232, 37.22053], [-6.798345, 37.220526], [-6.798349, 37.220616], [-6.798574, 37.220609], [-6.798583, 37.220789], [-6.798695, 37.220785], [-6.7987, 37.220875], [-6.798471, 37.220792], [-6.798466, 37.220702], [-6.798354, 37.220706], [-6.798363, 37.220886], [-6.79825, 37.220889], [-6.798255, 37.220979], [-6.798367, 37.220976], [-6.798376, 37.221156], [-6.798601, 37.221148], [-6.798606, 37.221238], [-6.79816, 37.221343], [-6.798165, 37.221433]], [[-6.798151, 37.221163], [-6.797922, 37.22108], [-6.798025, 37.220897], [-6.797913, 37.2209], [-6.797899, 37.22063], [-6.797112, 37.220656], [-6.797121, 37.220835], [-6.79735, 37.220918], [-6.797364, 37.221188], [-6.797593, 37.221271], [-6.797602, 37.221451], [-6.797715, 37.221447], [-6.797719, 37.221537], [-6.797832, 37.221533], [-6.797823, 37.221353], [-6.79816, 37.221343], [-6.798151, 37.221163]], [[-6.79937, 37.220763], [-6.799145, 37.22077], [-6.79915, 37.22086], [-6.799375, 37.220853], [-6.79937, 37.220763]], [[-6.79901, 37.220324], [-6.798898, 37.220328], [-6.798902, 37.220418], [-6.799015, 37.220414], [-6.79901, 37.220324]]]}, "properties": {"id": "donana-2024-162970-4126130", "ha": 1.35, "plastic_dates": 3.5, "valid_dates": 6.2, "admin_zone": "Zona A", "plan_zone": "Zona A - Suelo Forestal", "distance_to_irrigable_m": 88, "sigpac_ref": "21:50:0:0:33:37:1", "sigpac_use": "IV", "sigpac_irrigation_coef": 100, "sigpac_url": "https://sigpac-hubcloud.es/servicioconsultassigpac/query/recinfo/21/50/0/0/33/37/1.json", "declared_greenhouse_share": 1.0, "declared_irrigated_share": 1.0, "lon": -6.798135, "lat": 37.220848}}, {"type": "Feature", "geometry": {"type": "MultiPolygon", "coordinates": [[[[-6.736168, 37.238903], [-6.735718, 37.238917], [-6.735723, 37.239007], [-6.73606, 37.238996], [-6.736065, 37.239086], [-6.735727, 37.239097], [-6.735606, 37.23892], [-6.735493, 37.238924], [-6.735498, 37.239014], [-6.735273, 37.239021], [-6.735268, 37.238931], [-6.735043, 37.238938], [-6.735039, 37.238848], [-6.735259, 37.238751], [-6.735264, 37.238841], [-6.735376, 37.238838], [-6.735372, 37.238748], [-6.735484, 37.238744], [-6.735475, 37.238564], [-6.735696, 37.238467], [-6.7357, 37.238557], [-6.735813, 37.238554], [-6.735817, 37.238643], [-6.73593, 37.23864], [-6.735934, 37.23873], [-6.736047, 37.238726], [-6.736051, 37.238816], [-6.736164, 37.238813], [-6.736168, 37.238903]]], [[[-6.736933, 37.238428], [-6.736821, 37.238432], [-6.736825, 37.238522], [-6.736488, 37.238532], [-6.736384, 37.238716], [-6.736272, 37.238719], [-6.736276, 37.238809], [-6.736164, 37.238813], [-6.736159, 37.238723], [-6.736047, 37.238726], [-6.736042, 37.238636], [-6.73593, 37.23864], [-6.735925, 37.23855], [-6.735813, 37.238554], [-6.735808, 37.238464], [-6.735696, 37.238467], [-6.735692, 37.238377], [-6.735804, 37.238374], [-6.735795, 37.238194], [-6.73602, 37.238187], [-6.736011, 37.238007], [-6.736232, 37.23791], [-6.736227, 37.23782], [-6.73634, 37.237816], [-6.736335, 37.237726], [-6.736448, 37.237723], [-6.736443, 37.237633], [-6.736556, 37.237629], [-6.736552, 37.237539], [-6.736664, 37.237536], [-6.73666, 37.237446], [-6.736772, 37.237442], [-6.736768, 37.237352], [-6.73688, 37.237349], [-6.736876, 37.237259], [-6.736988, 37.237255], [-6.736984, 37.237165], [-6.737209, 37.237158], [-6.737213, 37.237248], [-6.737101, 37.237252], [-6.73711, 37.237431], [-6.736885, 37.237439], [-6.736889, 37.237529], [-6.737227, 37.237518], [-6.737231, 37.237608], [-6.737343, 37.237604], [-6.737357, 37.237874], [-6.737244, 37.237878], [-6.737253, 37.238058], [-6.736916, 37.238068], [-6.736911, 37.237978], [-6.736799, 37.237982], [-6.736785, 37.237712], [-6.736898, 37.237708], [-6.736893, 37.237618], [-6.736668, 37.237626], [-6.736677, 37.237805], [-6.736452, 37.237813], [-6.736457, 37.237903], [-6.736344, 37.237906], [-6.736353, 37.238086], [-6.736466, 37.238082], [-6.73647, 37.238172], [-6.736695, 37.238165], [-6.736704, 37.238345], [-6.736929, 37.238338], [-6.736933, 37.238428]]], [[[-6.737033, 37.238155], [-6.737145, 37.238151], [-6.73715, 37.238241], [-6.736929, 37.238338], [-6.737033, 37.238155]]], [[[-6.737339, 37.237514], [-6.737452, 37.237511], [-6.737456, 37.237601], [-6.737343, 37.237604], [-6.737339, 37.237514]]]]}, "properties": {"id": "donana-2024-168540-4127830", "ha": 1.31, "plastic_dates": 2.9, "valid_dates": 7.0, "admin_zone": "Zona A", "plan_zone": "Zona A - Suelo Forestal", "distance_to_irrigable_m": 110, "sigpac_ref": "21:46:0:0:16:6:12", "sigpac_use": "IV", "sigpac_irrigation_coef": 100, "sigpac_url": "https://sigpac-hubcloud.es/servicioconsultassigpac/query/recinfo/21/46/0/0/16/6/12.json", "declared_greenhouse_share": 1.0, "declared_irrigated_share": 1.0, "lon": -6.736243, "lat": 37.238135}}, {"type": "Feature", "geometry": {"type": "MultiPolygon", "coordinates": [[[[-6.785278, 37.261034], [-6.785165, 37.261037], [-6.785161, 37.260948], [-6.785273, 37.260944], [-6.785278, 37.261034]]], [[[-6.785831, 37.260836], [-6.785606, 37.260843], [-6.785611, 37.260933], [-6.785273, 37.260944], [-6.78526, 37.260674], [-6.785372, 37.26067], [-6.785377, 37.26076], [-6.785827, 37.260746], [-6.785831, 37.260836]]], [[[-6.785147, 37.260678], [-6.785138, 37.260498], [-6.785251, 37.260494], [-6.785237, 37.260224], [-6.785458, 37.260127], [-6.785453, 37.260037], [-6.785566, 37.260034], [-6.785561, 37.259944], [-6.785674, 37.25994], [-6.785669, 37.25985], [-6.786232, 37.259832], [-6.786227, 37.259742], [-6.786565, 37.259731], [-6.78656, 37.259641], [-6.786785, 37.259634], [-6.786781, 37.259544], [-6.787006, 37.259537], [-6.78701, 37.259627], [-6.787123, 37.259623], [-6.787254, 37.25998], [-6.787033, 37.260077], [-6.787038, 37.260167], [-6.786925, 37.26017], [-6.786929, 37.26026], [-6.786817, 37.260264], [-6.786821, 37.260354], [-6.786709, 37.260357], [-6.786713, 37.260447], [-6.786601, 37.260451], [-6.786605, 37.260541], [-6.786493, 37.260545], [-6.786497, 37.260634], [-6.785827, 37.260746], [-6.785822, 37.260656], [-6.785935, 37.260652], [-6.78593, 37.260563], [-6.786043, 37.260559], [-6.786038, 37.260469], [-6.785926, 37.260473], [-6.785908, 37.260113], [-6.785683, 37.26012], [-6.785687, 37.26021], [-6.785462, 37.260217], [-6.785467, 37.260307], [-6.785354, 37.260311], [-6.785363, 37.260491], [-6.785593, 37.260573], [-6.785597, 37.260663], [-6.785372, 37.26067], [-6.785368, 37.260581], [-6.785255, 37.260584], [-6.78526, 37.260674], [-6.785147, 37.260678]], [[-6.786245, 37.260102], [-6.786254, 37.260282], [-6.786367, 37.260278], [-6.786358, 37.260098], [-6.786245, 37.260102]], [[-6.78647, 37.260095], [-6.786466, 37.260005], [-6.786353, 37.260008], [-6.786358, 37.260098], [-6.78647, 37.260095]], [[-6.786578, 37.260001], [-6.786574, 37.259911], [-6.786461, 37.259915], [-6.786466, 37.260005], [-6.786578, 37.260001]], [[-6.786686, 37.259908], [-6.786682, 37.259818], [-6.786569, 37.259821], [-6.786574, 37.259911], [-6.786686, 37.259908]]], [[[-6.78571, 37.26066], [-6.785701, 37.26048], [-6.785926, 37.260473], [-6.78593, 37.260563], [-6.785818, 37.260566], [-6.785822, 37.260656], [-6.78571, 37.26066]]]]}, "properties": {"id": "donana-2024-164190-4130470", "ha": 1.27, "plastic_dates": 3.1, "valid_dates": 5.8, "admin_zone": "Zona C", "plan_zone": "Zona C - No regable", "distance_to_irrigable_m": 16, "sigpac_ref": "21:50:0:0:29:68:1", "sigpac_use": "IV", "sigpac_irrigation_coef": 100, "sigpac_url": "https://sigpac-hubcloud.es/servicioconsultassigpac/query/recinfo/21/50/0/0/29/68/1.json", "declared_greenhouse_share": 1.0, "declared_irrigated_share": 0.97, "lon": -6.786369, "lat": 37.260323}}, {"type": "Feature", "geometry": {"type": "Polygon", "coordinates": [[[-6.710047, 37.241617], [-6.710034, 37.241347], [-6.709921, 37.241351], [-6.70993, 37.24153], [-6.709251, 37.241462], [-6.709255, 37.241552], [-6.70903, 37.241559], [-6.709026, 37.241469], [-6.709138, 37.241465], [-6.709121, 37.241105], [-6.709233, 37.241102], [-6.70922, 37.240832], [-6.709332, 37.240829], [-6.709306, 37.240289], [-6.709418, 37.240285], [-6.709414, 37.240195], [-6.709526, 37.240192], [-6.709531, 37.240282], [-6.709868, 37.240271], [-6.709873, 37.240361], [-6.709985, 37.240358], [-6.709976, 37.240178], [-6.710431, 37.240254], [-6.710435, 37.240343], [-6.710098, 37.240354], [-6.710111, 37.240624], [-6.710336, 37.240617], [-6.710349, 37.240887], [-6.710237, 37.24089], [-6.710268, 37.24152], [-6.710155, 37.241523], [-6.71016, 37.241613], [-6.710047, 37.241617]], [[-6.709354, 37.241278], [-6.709242, 37.241282], [-6.709246, 37.241372], [-6.709359, 37.241368], [-6.709354, 37.241278]]]}, "properties": {"id": "donana-2024-170900-4128060", "ha": 1.25, "plastic_dates": 2.6, "valid_dates": 7.0, "admin_zone": "Zona A", "plan_zone": "Zona A - Suelo Forestal", "distance_to_irrigable_m": 16, "sigpac_ref": "21:46:0:0:9:107:10", "sigpac_use": "IV", "sigpac_irrigation_coef": 100, "sigpac_url": "https://sigpac-hubcloud.es/servicioconsultassigpac/query/recinfo/21/46/0/0/9/107/10.json", "declared_greenhouse_share": 1.0, "declared_irrigated_share": 1.0, "lon": -6.709735, "lat": 37.240996}}, {"type": "Feature", "geometry": {"type": "MultiPolygon", "coordinates": [[[[-6.736625, 37.234474], [-6.736513, 37.234477], [-6.736508, 37.234387], [-6.736283, 37.234395], [-6.736279, 37.234305], [-6.736616, 37.234294], [-6.736625, 37.234474]]], [[[-6.736729, 37.23429], [-6.736616, 37.234294], [-6.736612, 37.234204], [-6.736383, 37.234121], [-6.736378, 37.234031], [-6.736603, 37.234024], [-6.736599, 37.233934], [-6.736711, 37.233931], [-6.736729, 37.23429]]], [[[-6.736918, 37.233564], [-6.736927, 37.233744], [-6.736815, 37.233747], [-6.736824, 37.233927], [-6.736711, 37.233931], [-6.736698, 37.233661], [-6.73681, 37.233657], [-6.736806, 37.233567], [-6.736918, 37.233564]]], [[[-6.735641, 37.232793], [-6.735645, 37.232883], [-6.735866, 37.232786], [-6.73587, 37.232876], [-6.735983, 37.232873], [-6.735879, 37.233056], [-6.736217, 37.233045], [-6.736221, 37.233135], [-6.736446, 37.233128], [-6.736451, 37.233218], [-6.736676, 37.233211], [-6.73668, 37.233301], [-6.736905, 37.233294], [-6.736896, 37.233114], [-6.737117, 37.233017], [-6.737121, 37.233107], [-6.737009, 37.23311], [-6.737022, 37.23338], [-6.736801, 37.233477], [-6.736806, 37.233567], [-6.736693, 37.233571], [-6.736689, 37.233481], [-6.736351, 37.233492], [-6.736347, 37.233402], [-6.736122, 37.233409], [-6.736126, 37.233499], [-6.736014, 37.233502], [-6.736005, 37.233322], [-6.735893, 37.233326], [-6.735888, 37.233236], [-6.735551, 37.233247], [-6.735546, 37.233157], [-6.735321, 37.233164], [-6.735312, 37.232984], [-6.734975, 37.232994], [-6.734853, 37.232818], [-6.734629, 37.232825], [-6.734498, 37.232469], [-6.734948, 37.232455], [-6.734953, 37.232545], [-6.73529, 37.232534], [-6.735295, 37.232624], [-6.73552, 37.232617], [-6.735528, 37.232797], [-6.735641, 37.232793]], [[-6.734728, 37.232552], [-6.734732, 37.232642], [-6.734957, 37.232635], [-6.734953, 37.232545], [-6.734728, 37.232552]], [[-6.735416, 37.2328], [-6.73542, 37.23289], [-6.735533, 37.232887], [-6.735528, 37.232797], [-6.735416, 37.2328]]], [[[-6.736374, 37.233941], [-6.736378, 37.234031], [-6.736266, 37.234035], [-6.736261, 37.233945], [-6.736374, 37.233941]]], [[[-6.735924, 37.233955], [-6.735919, 37.233866], [-6.735694, 37.233873], [-6.73569, 37.233783], [-6.735577, 37.233786], [-6.735573, 37.233696], [-6.735235, 37.233707], [-6.735231, 37.233617], [-6.735006, 37.233624], [-6.734997, 37.233444], [-6.735452, 37.23352], [-6.735456, 37.23361], [-6.735681, 37.233603], [-6.735685, 37.233693], [-6.73591, 37.233686], [-6.735915, 37.233776], [-6.73614, 37.233768], [-6.736261, 37.233945], [-6.735924, 37.233955]]]]}, "properties": {"id": "donana-2024-168480-4127310", "ha": 1.25, "plastic_dates": 2.4, "valid_dates": 6.5, "admin_zone": "Zona A", "plan_zone": "Zona A - Suelo Forestal", "distance_to_irrigable_m": 20, "sigpac_ref": "21:46:0:0:16:9:2", "sigpac_use": "IV", "sigpac_irrigation_coef": 100, "sigpac_url": "https://sigpac-hubcloud.es/servicioconsultassigpac/query/recinfo/21/46/0/0/16/9/2.json", "declared_greenhouse_share": 1.0, "declared_irrigated_share": 0.94, "lon": -6.73663, "lat": 37.233438}}, {"type": "Feature", "geometry": {"type": "MultiPolygon", "coordinates": [[[[-6.747351, 37.23945], [-6.747247, 37.239633], [-6.747359, 37.23963], [-6.747364, 37.23972], [-6.747476, 37.239716], [-6.747467, 37.239536], [-6.747692, 37.239529], [-6.747701, 37.239709], [-6.747926, 37.239702], [-6.747935, 37.239882], [-6.748048, 37.239878], [-6.748039, 37.239698], [-6.748151, 37.239695], [-6.74816, 37.239874], [-6.74794, 37.239972], [-6.747944, 37.240061], [-6.747607, 37.240072], [-6.747611, 37.240162], [-6.746824, 37.240187], [-6.746833, 37.240367], [-6.74672, 37.240371], [-6.746725, 37.240461], [-6.745595, 37.240406], [-6.745591, 37.240316], [-6.745366, 37.240323], [-6.745357, 37.240143], [-6.745586, 37.240226], [-6.745577, 37.240046], [-6.745798, 37.239949], [-6.745816, 37.240309], [-6.746266, 37.240295], [-6.746243, 37.239845], [-6.746023, 37.239942], [-6.746018, 37.239852], [-6.745906, 37.239856], [-6.745892, 37.239586], [-6.746342, 37.239572], [-6.746338, 37.239482], [-6.746563, 37.239475], [-6.746559, 37.239385], [-6.746671, 37.239381], [-6.74668, 37.239561], [-6.746459, 37.239658], [-6.746482, 37.240108], [-6.746369, 37.240111], [-6.746491, 37.240288], [-6.746603, 37.240284], [-6.746594, 37.240104], [-6.746707, 37.240101], [-6.746698, 37.239921], [-6.746918, 37.239824], [-6.746905, 37.239554], [-6.747017, 37.23955], [-6.747013, 37.23946], [-6.747351, 37.23945]], [[-6.747377, 37.239989], [-6.747265, 37.239993], [-6.747269, 37.240083], [-6.747382, 37.240079], [-6.747377, 37.239989]], [[-6.746923, 37.239914], [-6.74681, 37.239917], [-6.746815, 37.240007], [-6.746927, 37.240004], [-6.746923, 37.239914]], [[-6.747481, 37.239806], [-6.747368, 37.239809], [-6.747373, 37.239899], [-6.747485, 37.239896], [-6.747481, 37.239806]]], [[[-6.746901, 37.239464], [-6.746896, 37.239374], [-6.747009, 37.23937], [-6.747013, 37.23946], [-6.746901, 37.239464]]]]}, "properties": {"id": "donana-2024-167550-4128070", "ha": 1.23, "plastic_dates": 2.5, "valid_dates": 6.2, "admin_zone": "Zona C", "plan_zone": "Zona C - No regable", "distance_to_irrigable_m": 13, "sigpac_ref": "21:46:0:0:16:5:10", "sigpac_use": "IV", "sigpac_irrigation_coef": 0, "sigpac_url": "https://sigpac-hubcloud.es/servicioconsultassigpac/query/recinfo/21/46/0/0/16/5/10.json", "declared_greenhouse_share": 1.0, "declared_irrigated_share": 0.0, "lon": -6.747488, "lat": 37.239941}}, {"type": "Feature", "geometry": {"type": "Polygon", "coordinates": [[[-6.707601, 37.276738], [-6.70761, 37.276918], [-6.707498, 37.276922], [-6.707502, 37.277012], [-6.707615, 37.277008], [-6.707623, 37.277188], [-6.707736, 37.277185], [-6.707745, 37.277365], [-6.707857, 37.277361], [-6.707866, 37.277541], [-6.707979, 37.277537], [-6.707992, 37.277807], [-6.707762, 37.277724], [-6.707758, 37.277634], [-6.707645, 37.277638], [-6.707641, 37.277548], [-6.707528, 37.277552], [-6.707524, 37.277462], [-6.707412, 37.277465], [-6.707407, 37.277375], [-6.706844, 37.277393], [-6.706723, 37.277216], [-6.70661, 37.27722], [-6.706597, 37.27695], [-6.706484, 37.276954], [-6.706476, 37.276774], [-6.706363, 37.276777], [-6.706467, 37.276594], [-6.706579, 37.27659], [-6.706575, 37.2765], [-6.706688, 37.276497], [-6.706683, 37.276407], [-6.706796, 37.276403], [-6.706791, 37.276313], [-6.707016, 37.276306], [-6.70712, 37.276123], [-6.707233, 37.276119], [-6.707228, 37.276029], [-6.707458, 37.276112], [-6.707489, 37.276742], [-6.707601, 37.276738]], [[-6.707376, 37.276746], [-6.707381, 37.276835], [-6.707493, 37.276832], [-6.707489, 37.276742], [-6.707376, 37.276746]], [[-6.707367, 37.276566], [-6.707255, 37.276569], [-6.707259, 37.276659], [-6.707372, 37.276656], [-6.707367, 37.276566]]]}, "properties": {"id": "donana-2024-171300-4132040", "ha": 1.22, "plastic_dates": 3.8, "valid_dates": 6.0, "admin_zone": "Zona C", "plan_zone": "Zona C - No regable", "distance_to_irrigable_m": 11, "sigpac_ref": "21:46:0:0:9:29:45", "sigpac_use": "IV", "sigpac_irrigation_coef": 0, "sigpac_url": "https://sigpac-hubcloud.es/servicioconsultassigpac/query/recinfo/21/46/0/0/9/29/45.json", "declared_greenhouse_share": 0.98, "declared_irrigated_share": 0.0, "lon": -6.70705, "lat": 37.276981}}, {"type": "Feature", "geometry": {"type": "Polygon", "coordinates": [[[-6.765585, 37.239051], [-6.765589, 37.239141], [-6.765702, 37.239137], [-6.765706, 37.239227], [-6.766161, 37.239303], [-6.766282, 37.239479], [-6.766395, 37.239475], [-6.766404, 37.239655], [-6.766179, 37.239662], [-6.766192, 37.239932], [-6.766079, 37.239936], [-6.766075, 37.239846], [-6.76585, 37.239853], [-6.765845, 37.239763], [-6.765958, 37.239759], [-6.765945, 37.23949], [-6.76572, 37.239497], [-6.765616, 37.23968], [-6.765504, 37.239684], [-6.765382, 37.239508], [-6.765157, 37.239515], [-6.765144, 37.239245], [-6.765031, 37.239248], [-6.765036, 37.239338], [-6.764811, 37.239346], [-6.764806, 37.239256], [-6.764581, 37.239263], [-6.764577, 37.239173], [-6.764127, 37.239187], [-6.764113, 37.238917], [-6.764334, 37.23882], [-6.76432, 37.23855], [-6.764433, 37.238547], [-6.764428, 37.238457], [-6.764653, 37.23845], [-6.764775, 37.238626], [-6.764887, 37.238622], [-6.764892, 37.238712], [-6.765117, 37.238705], [-6.765238, 37.238881], [-6.765351, 37.238878], [-6.765355, 37.238968], [-6.765468, 37.238964], [-6.765472, 37.239054], [-6.765585, 37.239051]], [[-6.76536, 37.239058], [-6.765364, 37.239148], [-6.765477, 37.239144], [-6.765472, 37.239054], [-6.76536, 37.239058]]]}, "properties": {"id": "donana-2024-165980-4128050", "ha": 1.18, "plastic_dates": 2.5, "valid_dates": 7.1, "admin_zone": "Zona C", "plan_zone": "Zona C - No regable", "distance_to_irrigable_m": 16, "sigpac_ref": "21:50:0:0:32:65:3", "sigpac_use": "IV", "sigpac_irrigation_coef": 100, "sigpac_url": "https://sigpac-hubcloud.es/servicioconsultassigpac/query/recinfo/21/50/0/0/32/65/3.json", "declared_greenhouse_share": 0.97, "declared_irrigated_share": 0.97, "lon": -6.765141, "lat": 37.2392}}, {"type": "Feature", "geometry": {"type": "Polygon", "coordinates": [[[-6.723881, 37.229651], [-6.723877, 37.229561], [-6.723764, 37.229564], [-6.72376, 37.229474], [-6.723535, 37.229481], [-6.723413, 37.229305], [-6.723301, 37.229309], [-6.723297, 37.229219], [-6.723522, 37.229212], [-6.723508, 37.228942], [-6.723733, 37.228935], [-6.723828, 37.228571], [-6.723941, 37.228568], [-6.723923, 37.228208], [-6.723477, 37.228312], [-6.723473, 37.228222], [-6.72336, 37.228226], [-6.723365, 37.228316], [-6.723252, 37.228319], [-6.723356, 37.228136], [-6.723468, 37.228132], [-6.72346, 37.227952], [-6.724022, 37.227934], [-6.724031, 37.228114], [-6.72426, 37.228197], [-6.724269, 37.228377], [-6.724382, 37.228374], [-6.72439, 37.228554], [-6.724165, 37.228561], [-6.724174, 37.228741], [-6.724404, 37.228823], [-6.724413, 37.229003], [-6.724638, 37.228996], [-6.724543, 37.22936], [-6.724322, 37.229457], [-6.724327, 37.229547], [-6.724214, 37.22955], [-6.724219, 37.22964], [-6.724106, 37.229644], [-6.724111, 37.229733], [-6.723881, 37.229651]]]}, "properties": {"id": "donana-2024-169580-4126760", "ha": 1.17, "plastic_dates": 2.0, "valid_dates": 6.9, "admin_zone": "Zona A", "plan_zone": "Zona A - Suelo Forestal", "distance_to_irrigable_m": 23, "sigpac_ref": "21:46:0:0:12:1:5", "sigpac_use": "IV", "sigpac_irrigation_coef": 100, "sigpac_url": "https://sigpac-hubcloud.es/servicioconsultassigpac/query/recinfo/21/46/0/0/12/1/5.json", "declared_greenhouse_share": 1.0, "declared_irrigated_share": 1.0, "lon": -6.724069, "lat": 37.228879}}, {"type": "Feature", "geometry": {"type": "Polygon", "coordinates": [[[-6.733277, 37.248814], [-6.733399, 37.24899], [-6.733511, 37.248986], [-6.733534, 37.249436], [-6.733759, 37.249429], [-6.733763, 37.249519], [-6.733425, 37.24953], [-6.733421, 37.24944], [-6.732971, 37.249454], [-6.732966, 37.249364], [-6.732404, 37.249382], [-6.732399, 37.249292], [-6.731949, 37.249306], [-6.731945, 37.249216], [-6.73172, 37.249223], [-6.731824, 37.24904], [-6.731936, 37.249036], [-6.731923, 37.248766], [-6.732035, 37.248763], [-6.731914, 37.248586], [-6.731801, 37.24859], [-6.731797, 37.2485], [-6.732026, 37.248583], [-6.732031, 37.248673], [-6.732251, 37.248576], [-6.732234, 37.248216], [-6.732009, 37.248223], [-6.732004, 37.248133], [-6.732459, 37.248209], [-6.732454, 37.248119], [-6.732679, 37.248112], [-6.732693, 37.248382], [-6.732468, 37.248389], [-6.732476, 37.248569], [-6.732589, 37.248565], [-6.732593, 37.248655], [-6.732818, 37.248648], [-6.732814, 37.248558], [-6.732926, 37.248554], [-6.732823, 37.248738], [-6.733277, 37.248814]], [[-6.732598, 37.248745], [-6.732607, 37.248925], [-6.732719, 37.248921], [-6.732733, 37.249191], [-6.732845, 37.249188], [-6.73294, 37.248824], [-6.732827, 37.248828], [-6.732823, 37.248738], [-6.732598, 37.248745]], [[-6.732494, 37.248928], [-6.732508, 37.249198], [-6.73262, 37.249195], [-6.732607, 37.248925], [-6.732494, 37.248928]], [[-6.733169, 37.248907], [-6.733057, 37.248911], [-6.73307, 37.249181], [-6.733183, 37.249177], [-6.733169, 37.248907]], [[-6.732368, 37.248662], [-6.732143, 37.248669], [-6.732148, 37.248759], [-6.732373, 37.248752], [-6.732368, 37.248662]]]}, "properties": {"id": "donana-2024-168940-4129010", "ha": 1.11, "plastic_dates": 2.0, "valid_dates": 7.0, "admin_zone": "Zona C", "plan_zone": "Zona C - No regable", "distance_to_irrigable_m": 65, "sigpac_ref": "21:46:0:0:11:13:2", "sigpac_use": "IV", "sigpac_irrigation_coef": 100, "sigpac_url": "https://sigpac-hubcloud.es/servicioconsultassigpac/query/recinfo/21/46/0/0/11/13/2.json", "declared_greenhouse_share": 1.0, "declared_irrigated_share": 1.0, "lon": -6.732267, "lat": 37.248891}}, {"type": "Feature", "geometry": {"type": "MultiPolygon", "coordinates": [[[[-6.67485, 37.303347], [-6.674837, 37.303077], [-6.675283, 37.302973], [-6.675279, 37.302883], [-6.675504, 37.302876], [-6.675625, 37.303052], [-6.675738, 37.303049], [-6.675868, 37.303405], [-6.675981, 37.303402], [-6.67599, 37.303582], [-6.676102, 37.303578], [-6.676111, 37.303758], [-6.676224, 37.303754], [-6.676228, 37.303844], [-6.676003, 37.303851], [-6.676007, 37.303941], [-6.675782, 37.303948], [-6.675786, 37.304038], [-6.675561, 37.304045], [-6.675565, 37.304135], [-6.675228, 37.304146], [-6.675106, 37.303969], [-6.674994, 37.303973], [-6.67498, 37.303703], [-6.674751, 37.30362], [-6.674746, 37.30353], [-6.674634, 37.303534], [-6.674625, 37.303354], [-6.67485, 37.303347]], [[-6.675661, 37.303772], [-6.675773, 37.303769], [-6.675769, 37.303679], [-6.675656, 37.303682], [-6.675661, 37.303772]], [[-6.675647, 37.303502], [-6.675535, 37.303506], [-6.675544, 37.303686], [-6.675656, 37.303682], [-6.675647, 37.303502]], [[-6.675314, 37.303603], [-6.675201, 37.303606], [-6.67521, 37.303786], [-6.675435, 37.303779], [-6.675314, 37.303603]], [[-6.675873, 37.303495], [-6.67576, 37.303499], [-6.675764, 37.303589], [-6.675877, 37.303585], [-6.675873, 37.303495]], [[-6.675409, 37.303239], [-6.675296, 37.303243], [-6.675305, 37.303423], [-6.675418, 37.303419], [-6.675409, 37.303239]]], [[[-6.674513, 37.303357], [-6.674616, 37.303174], [-6.674729, 37.30317], [-6.674625, 37.303354], [-6.674513, 37.303357]]]]}, "properties": {"id": "donana-2024-174240-4134880", "ha": 1.09, "plastic_dates": 2.2, "valid_dates": 7.0, "admin_zone": "Zona C", "plan_zone": "Zona C - No regable", "distance_to_irrigable_m": 20, "sigpac_ref": "21:14:0:0:22:247:2", "sigpac_use": "IV", "sigpac_irrigation_coef": 0, "sigpac_url": "https://sigpac-hubcloud.es/servicioconsultassigpac/query/recinfo/21/14/0/0/22/247/2.json", "declared_greenhouse_share": 1.0, "declared_irrigated_share": 0.0, "lon": -6.675143, "lat": 37.303563}}, {"type": "Feature", "geometry": {"type": "Polygon", "coordinates": [[[-6.785568, 37.284808], [-6.785563, 37.284718], [-6.785451, 37.284721], [-6.785455, 37.284811], [-6.784892, 37.284829], [-6.784888, 37.284739], [-6.785338, 37.284725], [-6.785329, 37.284545], [-6.784991, 37.284556], [-6.784973, 37.284196], [-6.785086, 37.284192], [-6.785077, 37.284013], [-6.784856, 37.28411], [-6.784852, 37.28402], [-6.784289, 37.284038], [-6.784384, 37.283674], [-6.784604, 37.283577], [-6.7846, 37.283487], [-6.785275, 37.283466], [-6.785397, 37.283642], [-6.785284, 37.283646], [-6.785289, 37.283736], [-6.785626, 37.283725], [-6.785523, 37.283908], [-6.78541, 37.283912], [-6.785419, 37.284092], [-6.78564, 37.283995], [-6.785649, 37.284174], [-6.785761, 37.284171], [-6.785775, 37.284441], [-6.785887, 37.284437], [-6.785897, 37.284617], [-6.786117, 37.28452], [-6.786122, 37.28461], [-6.786009, 37.284613], [-6.786018, 37.284793], [-6.785568, 37.284808]], [[-6.785658, 37.284354], [-6.785545, 37.284358], [-6.785554, 37.284538], [-6.785667, 37.284534], [-6.785658, 37.284354]], [[-6.785212, 37.284459], [-6.785437, 37.284451], [-6.785433, 37.284362], [-6.785208, 37.284369], [-6.785212, 37.284459]], [[-6.785203, 37.284279], [-6.785091, 37.284282], [-6.785095, 37.284372], [-6.785208, 37.284369], [-6.785203, 37.284279]], [[-6.785171, 37.283649], [-6.785059, 37.283653], [-6.785068, 37.283833], [-6.785181, 37.283829], [-6.785171, 37.283649]], [[-6.784942, 37.283566], [-6.784829, 37.28357], [-6.784834, 37.28366], [-6.784946, 37.283656], [-6.784942, 37.283566]]]}, "properties": {"id": "donana-2024-164380-4133110", "ha": 1.06, "plastic_dates": 3.0, "valid_dates": 6.6, "admin_zone": "Zona A", "plan_zone": "Zona A - Suelo Forestal", "distance_to_irrigable_m": 17, "sigpac_ref": "21:50:0:0:10:75:4", "sigpac_use": "IV", "sigpac_irrigation_coef": 100, "sigpac_url": "https://sigpac-hubcloud.es/servicioconsultassigpac/query/recinfo/21/50/0/0/10/75/4.json", "declared_greenhouse_share": 1.0, "declared_irrigated_share": 1.0, "lon": -6.785365, "lat": 37.284138}}, {"type": "Feature", "geometry": {"type": "Polygon", "coordinates": [[[-6.801062, 37.223051], [-6.800941, 37.222875], [-6.800603, 37.222886], [-6.800594, 37.222706], [-6.800707, 37.222702], [-6.800698, 37.222522], [-6.80081, 37.222519], [-6.800806, 37.222429], [-6.800918, 37.222425], [-6.800909, 37.222245], [-6.801472, 37.222227], [-6.801476, 37.222317], [-6.801589, 37.222314], [-6.801598, 37.222493], [-6.801818, 37.222396], [-6.801814, 37.222306], [-6.802151, 37.222295], [-6.802164, 37.222565], [-6.802277, 37.222562], [-6.802286, 37.222742], [-6.802398, 37.222738], [-6.802403, 37.222828], [-6.802291, 37.222831], [-6.8023, 37.223011], [-6.801062, 37.223051]]]}, "properties": {"id": "donana-2024-162680-4126340", "ha": 1.06, "plastic_dates": 2.8, "valid_dates": 7.0, "admin_zone": "Zona C", "plan_zone": "Zona C - No regable", "distance_to_irrigable_m": 40, "sigpac_ref": "21:50:0:0:33:31:1", "sigpac_use": "IV", "sigpac_irrigation_coef": 0, "sigpac_url": "https://sigpac-hubcloud.es/servicioconsultassigpac/query/recinfo/21/50/0/0/33/31/1.json", "declared_greenhouse_share": 1.0, "declared_irrigated_share": 0.0, "lon": -6.801492, "lat": 37.222632}}, {"type": "Feature", "geometry": {"type": "MultiPolygon", "coordinates": [[[[-6.780786, 37.225323], [-6.780673, 37.225326], [-6.780678, 37.225416], [-6.780565, 37.22542], [-6.780561, 37.22533], [-6.780336, 37.225337], [-6.780331, 37.225247], [-6.780106, 37.225254], [-6.78021, 37.225071], [-6.77998, 37.224988], [-6.779976, 37.224898], [-6.780426, 37.224884], [-6.78043, 37.224974], [-6.780543, 37.22497], [-6.780538, 37.22488], [-6.780651, 37.224877], [-6.780547, 37.22506], [-6.780318, 37.224977], [-6.780327, 37.225157], [-6.780664, 37.225146], [-6.780786, 37.225323]]], [[[-6.781677, 37.225114], [-6.781452, 37.225121], [-6.781456, 37.225211], [-6.780894, 37.225229], [-6.780889, 37.225139], [-6.780664, 37.225146], [-6.78066, 37.225056], [-6.780772, 37.225053], [-6.780759, 37.224783], [-6.780979, 37.224686], [-6.780975, 37.224596], [-6.7812, 37.224589], [-6.781195, 37.224499], [-6.781308, 37.224495], [-6.781299, 37.224315], [-6.781519, 37.224218], [-6.781524, 37.224308], [-6.781636, 37.224305], [-6.781641, 37.224394], [-6.781528, 37.224398], [-6.781533, 37.224488], [-6.781757, 37.224481], [-6.781762, 37.224571], [-6.781874, 37.224567], [-6.781892, 37.224927], [-6.781668, 37.224934], [-6.781677, 37.225114]], [[-6.780984, 37.224776], [-6.781096, 37.224772], [-6.781092, 37.224682], [-6.780979, 37.224686], [-6.780984, 37.224776]], [[-6.781105, 37.224952], [-6.781335, 37.225035], [-6.781326, 37.224855], [-6.781096, 37.224772], [-6.781105, 37.224952]], [[-6.781659, 37.224754], [-6.781546, 37.224758], [-6.781555, 37.224938], [-6.781668, 37.224934], [-6.781659, 37.224754]]], [[[-6.781515, 37.224128], [-6.78174, 37.224121], [-6.781843, 37.223938], [-6.781955, 37.223934], [-6.781951, 37.223844], [-6.782063, 37.22384], [-6.782059, 37.22375], [-6.782284, 37.223743], [-6.782293, 37.223923], [-6.782072, 37.22402], [-6.782081, 37.2242], [-6.781969, 37.224204], [-6.781978, 37.224384], [-6.781753, 37.224391], [-6.781749, 37.224301], [-6.781636, 37.224305], [-6.781632, 37.224215], [-6.781519, 37.224218], [-6.781515, 37.224128]]]]}, "properties": {"id": "donana-2024-164470-4126490", "ha": 1.03, "plastic_dates": 2.3, "valid_dates": 7.0, "admin_zone": "Zona A", "plan_zone": "Zona A - Suelo Forestal", "distance_to_irrigable_m": 15, "sigpac_ref": "21:50:0:0:32:53:66", "sigpac_use": "IV", "sigpac_irrigation_coef": 100, "sigpac_url": "https://sigpac-hubcloud.es/servicioconsultassigpac/query/recinfo/21/50/0/0/32/53/66.json", "declared_greenhouse_share": 0.99, "declared_irrigated_share": 0.99, "lon": -6.781427, "lat": 37.224627}}, {"type": "Feature", "geometry": {"type": "Polygon", "coordinates": [[[-6.73825, 37.226314], [-6.738025, 37.226322], [-6.738034, 37.226501], [-6.737922, 37.226505], [-6.737926, 37.226595], [-6.737701, 37.226602], [-6.737692, 37.226422], [-6.737472, 37.226519], [-6.737463, 37.226339], [-6.737575, 37.226336], [-6.737571, 37.226246], [-6.737908, 37.226235], [-6.738012, 37.226052], [-6.738124, 37.226048], [-6.738246, 37.226225], [-6.738358, 37.226221], [-6.738363, 37.226311], [-6.738588, 37.226304], [-6.738596, 37.226484], [-6.739159, 37.226466], [-6.73915, 37.226286], [-6.739262, 37.226282], [-6.739276, 37.226552], [-6.739163, 37.226556], [-6.739168, 37.226646], [-6.738713, 37.22657], [-6.738727, 37.22684], [-6.738952, 37.226833], [-6.738947, 37.226743], [-6.73906, 37.226739], [-6.739069, 37.226919], [-6.738956, 37.226923], [-6.738969, 37.227193], [-6.738857, 37.227196], [-6.73887, 37.227466], [-6.73842, 37.22748], [-6.738299, 37.227304], [-6.738186, 37.227307], [-6.738182, 37.227218], [-6.73807, 37.227221], [-6.738065, 37.227131], [-6.737953, 37.227135], [-6.737948, 37.227045], [-6.738173, 37.227038], [-6.738052, 37.226861], [-6.738272, 37.226764], [-6.738268, 37.226674], [-6.738155, 37.226678], [-6.738146, 37.226498], [-6.738259, 37.226494], [-6.73825, 37.226314]], [[-6.738263, 37.226584], [-6.738376, 37.226581], [-6.738371, 37.226491], [-6.738259, 37.226494], [-6.738263, 37.226584]], [[-6.73852, 37.227207], [-6.738407, 37.22721], [-6.738411, 37.2273], [-6.738524, 37.227297], [-6.73852, 37.227207]], [[-6.738848, 37.227016], [-6.738736, 37.22702], [-6.73874, 37.22711], [-6.738853, 37.227106], [-6.738848, 37.227016]], [[-6.738619, 37.226933], [-6.738506, 37.226937], [-6.738511, 37.227027], [-6.738623, 37.227023], [-6.738619, 37.226933]], [[-6.738389, 37.226851], [-6.738277, 37.226854], [-6.738281, 37.226944], [-6.738394, 37.226941], [-6.738389, 37.226851]]]}, "properties": {"id": "donana-2024-168290-4126580", "ha": 1.0, "plastic_dates": 2.2, "valid_dates": 6.8, "admin_zone": "Zona C", "plan_zone": "Zona C - No regable", "distance_to_irrigable_m": 18, "sigpac_ref": "21:46:0:0:12:6:88", "sigpac_use": "IV", "sigpac_irrigation_coef": 0, "sigpac_url": "https://sigpac-hubcloud.es/servicioconsultassigpac/query/recinfo/21/46/0/0/12/6/88.json", "declared_greenhouse_share": 1.0, "declared_irrigated_share": 0.0, "lon": -6.738443, "lat": 37.226804}}, {"type": "Feature", "geometry": {"type": "MultiPolygon", "coordinates": [[[[-6.73789, 37.241821], [-6.737778, 37.241825], [-6.737786, 37.242005], [-6.737674, 37.242008], [-6.737678, 37.242098], [-6.737224, 37.242022], [-6.737102, 37.241846], [-6.73699, 37.24185], [-6.736994, 37.24194], [-6.736769, 37.241947], [-6.736765, 37.241857], [-6.736877, 37.241853], [-6.73686, 37.241493], [-6.736972, 37.24149], [-6.736968, 37.2414], [-6.73708, 37.241396], [-6.737076, 37.241306], [-6.737188, 37.241303], [-6.737184, 37.241213], [-6.737296, 37.241209], [-6.737292, 37.241119], [-6.737517, 37.241112], [-6.737512, 37.241022], [-6.737737, 37.241015], [-6.737746, 37.241195], [-6.737526, 37.241292], [-6.73753, 37.241382], [-6.737755, 37.241375], [-6.73776, 37.241465], [-6.737872, 37.241461], [-6.737854, 37.241102], [-6.738079, 37.241094], [-6.738084, 37.241184], [-6.737971, 37.241188], [-6.737994, 37.241638], [-6.737881, 37.241641], [-6.73789, 37.241821]], [[-6.737418, 37.241386], [-6.737427, 37.241566], [-6.737539, 37.241562], [-6.73753, 37.241382], [-6.737418, 37.241386]], [[-6.737877, 37.241551], [-6.737764, 37.241555], [-6.737769, 37.241645], [-6.737881, 37.241641], [-6.737877, 37.241551]]], [[[-6.736743, 37.241407], [-6.736747, 37.241497], [-6.736522, 37.241504], [-6.736509, 37.241234], [-6.736729, 37.241137], [-6.736738, 37.241317], [-6.736851, 37.241313], [-6.736846, 37.241224], [-6.736959, 37.24122], [-6.73695, 37.24104], [-6.736837, 37.241044], [-6.736824, 37.240774], [-6.736937, 37.24077], [-6.736941, 37.24086], [-6.737166, 37.240853], [-6.737184, 37.241213], [-6.737071, 37.241216], [-6.737076, 37.241306], [-6.736963, 37.24131], [-6.736968, 37.2414], [-6.736743, 37.241407]]]]}, "properties": {"id": "donana-2024-168470-4128200", "ha": 0.98, "plastic_dates": 2.6, "valid_dates": 6.6, "admin_zone": "Zona A", "plan_zone": "Zona A - Suelo Forestal", "distance_to_irrigable_m": 22, "sigpac_ref": "21:46:0:0:16:6:16", "sigpac_use": "IV", "sigpac_irrigation_coef": 0, "sigpac_url": "https://sigpac-hubcloud.es/servicioconsultassigpac/query/recinfo/21/46/0/0/16/6/16.json", "declared_greenhouse_share": 1.0, "declared_irrigated_share": 0.04, "lon": -6.737195, "lat": 37.241438}}, {"type": "Feature", "geometry": {"type": "MultiPolygon", "coordinates": [[[[-6.748347, 37.277706], [-6.748343, 37.277616], [-6.748568, 37.277609], [-6.748581, 37.277878], [-6.748468, 37.277882], [-6.748473, 37.277972], [-6.748243, 37.277889], [-6.748234, 37.277709], [-6.748347, 37.277706]]], [[[-6.748009, 37.277716], [-6.748, 37.277537], [-6.747775, 37.277544], [-6.747766, 37.277364], [-6.747541, 37.277371], [-6.747532, 37.277191], [-6.74787, 37.27718], [-6.747839, 37.276551], [-6.747618, 37.276648], [-6.7476, 37.276288], [-6.747713, 37.276284], [-6.747717, 37.276374], [-6.748055, 37.276364], [-6.748176, 37.27654], [-6.748514, 37.276529], [-6.748636, 37.276706], [-6.748861, 37.276698], [-6.748865, 37.276788], [-6.74864, 37.276796], [-6.748649, 37.276975], [-6.748874, 37.276968], [-6.748887, 37.277238], [-6.748662, 37.277245], [-6.748653, 37.277065], [-6.748541, 37.277069], [-6.748554, 37.277339], [-6.748113, 37.277533], [-6.748234, 37.277709], [-6.748009, 37.277716]], [[-6.748307, 37.276896], [-6.748419, 37.276893], [-6.748406, 37.276623], [-6.748181, 37.27663], [-6.748185, 37.27672], [-6.748073, 37.276723], [-6.748086, 37.276993], [-6.748316, 37.277076], [-6.748307, 37.276896]]]]}, "properties": {"id": "donana-2024-167650-4132200", "ha": 0.95, "plastic_dates": 3.2, "valid_dates": 3.9, "admin_zone": "Zona A", "plan_zone": "Zona A - Suelo Forestal", "distance_to_irrigable_m": 22, "sigpac_ref": "21:46:0:0:19:7:4", "sigpac_use": "IV", "sigpac_irrigation_coef": 0, "sigpac_url": "https://sigpac-hubcloud.es/servicioconsultassigpac/query/recinfo/21/46/0/0/19/7/4.json", "declared_greenhouse_share": 1.0, "declared_irrigated_share": 0.0, "lon": -6.748205, "lat": 37.277125}}, {"type": "Feature", "geometry": {"type": "MultiPolygon", "coordinates": [[[[-6.770429, 37.290967], [-6.769866, 37.290985], [-6.769862, 37.290895], [-6.770425, 37.290877], [-6.770416, 37.290697], [-6.770754, 37.290686], [-6.770749, 37.290596], [-6.770862, 37.290593], [-6.770866, 37.290683], [-6.770979, 37.290679], [-6.770974, 37.290589], [-6.771199, 37.290582], [-6.771195, 37.290492], [-6.771533, 37.290481], [-6.771537, 37.290571], [-6.771312, 37.290579], [-6.771321, 37.290758], [-6.771434, 37.290755], [-6.771438, 37.290845], [-6.771213, 37.290852], [-6.771244, 37.291482], [-6.771357, 37.291478], [-6.771339, 37.291118], [-6.771564, 37.291111], [-6.771573, 37.291291], [-6.771461, 37.291294], [-6.771479, 37.291654], [-6.771249, 37.291572], [-6.771253, 37.291661], [-6.770578, 37.291683], [-6.770555, 37.291233], [-6.770668, 37.29123], [-6.770664, 37.29114], [-6.770434, 37.291057], [-6.770429, 37.290967]], [[-6.770794, 37.291496], [-6.770681, 37.2915], [-6.770686, 37.291589], [-6.770799, 37.291586], [-6.770794, 37.291496]]], [[[-6.770443, 37.291237], [-6.77033, 37.29124], [-6.770321, 37.291061], [-6.770434, 37.291057], [-6.770443, 37.291237]]]]}, "properties": {"id": "donana-2024-165700-4133830", "ha": 0.94, "plastic_dates": 3.2, "valid_dates": 4.2, "admin_zone": "Zona C", "plan_zone": "Zona C - No regable", "distance_to_irrigable_m": 191, "sigpac_ref": "21:46:0:0:20:5:7", "sigpac_use": "IV", "sigpac_irrigation_coef": 100, "sigpac_url": "https://sigpac-hubcloud.es/servicioconsultassigpac/query/recinfo/21/46/0/0/20/5/7.json", "declared_greenhouse_share": 0.99, "declared_irrigated_share": 0.99, "lon": -6.770886, "lat": 37.291088}}, {"type": "Feature", "geometry": {"type": "Polygon", "coordinates": [[[-6.740379, 37.242013], [-6.740374, 37.241923], [-6.740037, 37.241933], [-6.740032, 37.241844], [-6.73992, 37.241847], [-6.739911, 37.241667], [-6.73969, 37.241764], [-6.739686, 37.241674], [-6.739348, 37.241685], [-6.739339, 37.241505], [-6.738889, 37.241519], [-6.738876, 37.241249], [-6.739213, 37.241239], [-6.739218, 37.241329], [-6.73933, 37.241325], [-6.739326, 37.241235], [-6.739551, 37.241228], [-6.739546, 37.241138], [-6.739997, 37.241124], [-6.740001, 37.241214], [-6.740226, 37.241207], [-6.74023, 37.241297], [-6.740455, 37.24129], [-6.74046, 37.24138], [-6.740685, 37.241372], [-6.740689, 37.241462], [-6.740914, 37.241455], [-6.740923, 37.241635], [-6.740703, 37.241732], [-6.740712, 37.241912], [-6.740599, 37.241916], [-6.740604, 37.242006], [-6.740379, 37.242013]], [[-6.740478, 37.241739], [-6.74014, 37.24175], [-6.740145, 37.24184], [-6.740482, 37.241829], [-6.740478, 37.241739]]]}, "properties": {"id": "donana-2024-168210-4128230", "ha": 0.94, "plastic_dates": 3.4, "valid_dates": 5.7, "admin_zone": "Zona A", "plan_zone": "Zona A - Suelo Forestal", "distance_to_irrigable_m": 52, "sigpac_ref": "21:46:0:0:16:6:16", "sigpac_use": "IV", "sigpac_irrigation_coef": 0, "sigpac_url": "https://sigpac-hubcloud.es/servicioconsultassigpac/query/recinfo/21/46/0/0/16/6/16.json", "declared_greenhouse_share": 1.0, "declared_irrigated_share": 0.0, "lon": -6.740131, "lat": 37.24157}}, {"type": "Feature", "geometry": {"type": "Polygon", "coordinates": [[[-6.745872, 37.243731], [-6.745868, 37.243641], [-6.745643, 37.243648], [-6.745634, 37.243468], [-6.745409, 37.243475], [-6.745288, 37.243299], [-6.745175, 37.243302], [-6.745279, 37.243119], [-6.745391, 37.243115], [-6.745382, 37.242935], [-6.745603, 37.242838], [-6.745598, 37.242748], [-6.745828, 37.242831], [-6.745832, 37.242921], [-6.745945, 37.242918], [-6.745949, 37.243008], [-6.746062, 37.243004], [-6.746066, 37.243094], [-6.746179, 37.24309], [-6.746183, 37.24318], [-6.746408, 37.243173], [-6.746399, 37.242993], [-6.746624, 37.242986], [-6.74662, 37.242896], [-6.746957, 37.242886], [-6.747061, 37.242702], [-6.747399, 37.242691], [-6.747403, 37.242781], [-6.747291, 37.242785], [-6.747299, 37.242965], [-6.747079, 37.243062], [-6.747088, 37.243242], [-6.746413, 37.243263], [-6.746309, 37.243447], [-6.746197, 37.24345], [-6.746201, 37.24354], [-6.746089, 37.243544], [-6.746093, 37.243634], [-6.745981, 37.243637], [-6.745985, 37.243727], [-6.745872, 37.243731]]]}, "properties": {"id": "donana-2024-167680-4128430", "ha": 0.93, "plastic_dates": 3.8, "valid_dates": 6.8, "admin_zone": "Zona C", "plan_zone": "Zona C - No regable", "distance_to_irrigable_m": 21, "sigpac_ref": "21:46:0:0:16:5:74", "sigpac_use": "IV", "sigpac_irrigation_coef": 0, "sigpac_url": "https://sigpac-hubcloud.es/servicioconsultassigpac/query/recinfo/21/46/0/0/16/5/74.json", "declared_greenhouse_share": 1.0, "declared_irrigated_share": 0.15, "lon": -6.746129, "lat": 37.243227}}, {"type": "Feature", "geometry": {"type": "MultiPolygon", "coordinates": [[[[-6.750719, 37.232406], [-6.750728, 37.232586], [-6.750958, 37.232669], [-6.750962, 37.232759], [-6.751075, 37.232755], [-6.751079, 37.232845], [-6.751192, 37.232842], [-6.751201, 37.233021], [-6.750863, 37.233032], [-6.75076, 37.233216], [-6.750535, 37.233223], [-6.75053, 37.233133], [-6.750418, 37.233136], [-6.750409, 37.232956], [-6.750071, 37.232967], [-6.750076, 37.233057], [-6.749738, 37.233068], [-6.749747, 37.233248], [-6.749635, 37.233251], [-6.749504, 37.232895], [-6.749392, 37.232899], [-6.749378, 37.232629], [-6.750166, 37.232604], [-6.750153, 37.232334], [-6.750378, 37.232327], [-6.750382, 37.232417], [-6.750494, 37.232413], [-6.75049, 37.232323], [-6.750719, 37.232406]], [[-6.750967, 37.232849], [-6.750742, 37.232856], [-6.750746, 37.232946], [-6.750971, 37.232939], [-6.750967, 37.232849]], [[-6.750611, 37.2325], [-6.750499, 37.232503], [-6.750503, 37.232593], [-6.750616, 37.23259], [-6.750611, 37.2325]]], [[[-6.750373, 37.232237], [-6.750148, 37.232244], [-6.750144, 37.232154], [-6.750481, 37.232143], [-6.75049, 37.232323], [-6.750378, 37.232327], [-6.750373, 37.232237]]]]}, "properties": {"id": "donana-2024-167280-4127280", "ha": 0.91, "plastic_dates": 2.4, "valid_dates": 7.1, "admin_zone": "Zona A", "plan_zone": "Zona A - Suelo Forestal", "distance_to_irrigable_m": 3, "sigpac_ref": "21:46:0:0:16:10:10", "sigpac_use": "IV", "sigpac_irrigation_coef": 88, "sigpac_url": "https://sigpac-hubcloud.es/servicioconsultassigpac/query/recinfo/21/46/0/0/16/10/10.json", "declared_greenhouse_share": 1.0, "declared_irrigated_share": 1.0, "lon": -6.750173, "lat": 37.232739}}, {"type": "Feature", "geometry": {"type": "MultiPolygon", "coordinates": [[[[-6.526887, 37.158478], [-6.526775, 37.158481], [-6.526771, 37.158391], [-6.526883, 37.158388], [-6.526887, 37.158478]]], [[[-6.527062, 37.157391], [-6.526949, 37.157395], [-6.526954, 37.157485], [-6.527066, 37.157481], [-6.527074, 37.157661], [-6.526962, 37.157665], [-6.526966, 37.157755], [-6.527079, 37.157751], [-6.527104, 37.158291], [-6.526883, 37.158388], [-6.526879, 37.158298], [-6.526654, 37.158304], [-6.526662, 37.158484], [-6.52655, 37.158488], [-6.526537, 37.158218], [-6.52665, 37.158214], [-6.526641, 37.158035], [-6.526979, 37.158024], [-6.526975, 37.157935], [-6.5263, 37.157955], [-6.526296, 37.157865], [-6.526633, 37.157855], [-6.526629, 37.157765], [-6.526292, 37.157775], [-6.526288, 37.157685], [-6.5264, 37.157681], [-6.526396, 37.157591], [-6.526733, 37.157581], [-6.526612, 37.157405], [-6.526837, 37.157398], [-6.526829, 37.157218], [-6.526491, 37.157228], [-6.526487, 37.157138], [-6.5266, 37.157135], [-6.526591, 37.156955], [-6.526366, 37.156962], [-6.526362, 37.156872], [-6.527037, 37.156852], [-6.527062, 37.157391]], [[-6.526929, 37.156945], [-6.526816, 37.156948], [-6.52682, 37.157038], [-6.526933, 37.157035], [-6.526929, 37.156945]]], [[[-6.527145, 37.156758], [-6.527149, 37.156848], [-6.527037, 37.156852], [-6.527033, 37.156762], [-6.527145, 37.156758]]], [[[-6.526583, 37.156775], [-6.526579, 37.156685], [-6.526242, 37.156695], [-6.526246, 37.156785], [-6.526133, 37.156788], [-6.526125, 37.156608], [-6.52635, 37.156602], [-6.526346, 37.156512], [-6.52702, 37.156492], [-6.527033, 37.156762], [-6.526583, 37.156775]]]]}, "properties": {"id": "donana-2024-186780-4118170", "ha": 0.89, "plastic_dates": 2.3, "valid_dates": 6.0, "admin_zone": "Zona B", "plan_zone": "Zona B - No regable", "distance_to_irrigable_m": 19, "sigpac_ref": "21:5:0:0:44:80:13", "sigpac_use": "IV", "sigpac_irrigation_coef": 0, "sigpac_url": "https://sigpac-hubcloud.es/servicioconsultassigpac/query/recinfo/21/5/0/0/44/80/13.json", "declared_greenhouse_share": 1.0, "declared_irrigated_share": 0.0, "lon": -6.526899, "lat": 37.157531}}, {"type": "Feature", "geometry": {"type": "Polygon", "coordinates": [[[-6.796584, 37.212384], [-6.79658, 37.212295], [-6.796242, 37.212305], [-6.796238, 37.212215], [-6.796125, 37.212219], [-6.796112, 37.211949], [-6.796224, 37.211946], [-6.796215, 37.211766], [-6.796328, 37.211762], [-6.79631, 37.211402], [-6.796422, 37.211399], [-6.796413, 37.211219], [-6.796525, 37.211215], [-6.796521, 37.211125], [-6.796633, 37.211122], [-6.796638, 37.211212], [-6.797088, 37.211197], [-6.79711, 37.211647], [-6.796998, 37.211651], [-6.797029, 37.21228], [-6.796917, 37.212284], [-6.796922, 37.212374], [-6.796584, 37.212384]]]}, "properties": {"id": "donana-2024-163060-4125130", "ha": 0.88, "plastic_dates": 5.4, "valid_dates": 7.0, "admin_zone": "Zona C", "plan_zone": "Zona C - No regable", "distance_to_irrigable_m": 21, "sigpac_ref": "21:50:0:0:33:53:3", "sigpac_use": "IV", "sigpac_irrigation_coef": 100, "sigpac_url": "https://sigpac-hubcloud.es/servicioconsultassigpac/query/recinfo/21/50/0/0/33/53/3.json", "declared_greenhouse_share": 1.0, "declared_irrigated_share": 0.99, "lon": -6.796613, "lat": 37.211843}}, {"type": "Feature", "geometry": {"type": "Polygon", "coordinates": [[[-6.70405, 37.293967], [-6.704028, 37.293517], [-6.704249, 37.29342], [-6.704244, 37.29333], [-6.704357, 37.293327], [-6.704353, 37.293237], [-6.704465, 37.293233], [-6.704461, 37.293143], [-6.70401, 37.293157], [-6.703915, 37.293521], [-6.703803, 37.293524], [-6.703807, 37.293614], [-6.703582, 37.293621], [-6.703586, 37.293711], [-6.703474, 37.293715], [-6.703461, 37.293445], [-6.703573, 37.293441], [-6.703564, 37.293261], [-6.703677, 37.293258], [-6.703673, 37.293168], [-6.703785, 37.293164], [-6.703776, 37.292984], [-6.704114, 37.292974], [-6.70411, 37.292884], [-6.704222, 37.29288], [-6.704213, 37.2927], [-6.704439, 37.292693], [-6.704542, 37.29251], [-6.704655, 37.292506], [-6.704659, 37.292596], [-6.704772, 37.292593], [-6.704781, 37.292773], [-6.704893, 37.292769], [-6.704915, 37.293219], [-6.704474, 37.293413], [-6.704379, 37.293776], [-6.704158, 37.293873], [-6.704163, 37.293963], [-6.70405, 37.293967]]]}, "properties": {"id": "donana-2024-171590-4133840", "ha": 0.87, "plastic_dates": 3.5, "valid_dates": 5.9, "admin_zone": "Zona C", "plan_zone": "Zona C - No regable", "distance_to_irrigable_m": 14, "sigpac_ref": "21:46:0:0:8:245:4", "sigpac_use": "IV", "sigpac_irrigation_coef": 52, "sigpac_url": "https://sigpac-hubcloud.es/servicioconsultassigpac/query/recinfo/21/46/0/0/8/245/4.json", "declared_greenhouse_share": 1.0, "declared_irrigated_share": 1.0, "lon": -6.70458, "lat": 37.293275}}, {"type": "Feature", "geometry": {"type": "MultiPolygon", "coordinates": [[[[-6.722534, 37.284647], [-6.722539, 37.284737], [-6.722651, 37.284734], [-6.72266, 37.284914], [-6.722548, 37.284917], [-6.722557, 37.285097], [-6.722336, 37.285194], [-6.72234, 37.285284], [-6.722115, 37.285291], [-6.722111, 37.285201], [-6.721998, 37.285205], [-6.722003, 37.285295], [-6.720877, 37.28533], [-6.720872, 37.28524], [-6.720535, 37.285251], [-6.720638, 37.285068], [-6.720751, 37.285064], [-6.720746, 37.284974], [-6.720859, 37.28497], [-6.720855, 37.284881], [-6.720967, 37.284877], [-6.720963, 37.284787], [-6.721075, 37.284783], [-6.721058, 37.284424], [-6.72117, 37.28442], [-6.721175, 37.28451], [-6.7214, 37.284503], [-6.721409, 37.284683], [-6.721521, 37.284679], [-6.72153, 37.284859], [-6.721417, 37.284863], [-6.721431, 37.285133], [-6.721318, 37.285136], [-6.721323, 37.285226], [-6.721773, 37.285212], [-6.721877, 37.285029], [-6.721989, 37.285025], [-6.721994, 37.285115], [-6.722219, 37.285108], [-6.72221, 37.284928], [-6.722431, 37.284831], [-6.722422, 37.284651], [-6.722534, 37.284647]]], [[[-6.722192, 37.284568], [-6.722188, 37.284478], [-6.7223, 37.284475], [-6.722422, 37.284651], [-6.722192, 37.284568]]], [[[-6.721391, 37.284323], [-6.72117, 37.28442], [-6.721161, 37.28424], [-6.721274, 37.284237], [-6.721269, 37.284147], [-6.721382, 37.284143], [-6.721391, 37.284323]]], [[[-6.721373, 37.283963], [-6.721711, 37.283953], [-6.721832, 37.284129], [-6.721945, 37.284125], [-6.721949, 37.284215], [-6.72149, 37.28405], [-6.721495, 37.28414], [-6.721382, 37.284143], [-6.721373, 37.283963]]]]}, "properties": {"id": "donana-2024-170070-4132940", "ha": 0.85, "plastic_dates": 4.8, "valid_dates": 5.4, "admin_zone": "Zona C", "plan_zone": "Zona C - No regable", "distance_to_irrigable_m": 32, "sigpac_ref": "21:46:0:0:23:294:11", "sigpac_use": "IV", "sigpac_irrigation_coef": 0, "sigpac_url": "https://sigpac-hubcloud.es/servicioconsultassigpac/query/recinfo/21/46/0/0/23/294/11.json", "declared_greenhouse_share": 1.0, "declared_irrigated_share": 0.0, "lon": -6.721238, "lat": 37.284643}}, {"type": "Feature", "geometry": {"type": "MultiPolygon", "coordinates": [[[[-6.715894, 37.250532], [-6.715669, 37.250539], [-6.715678, 37.250719], [-6.715566, 37.250723], [-6.71557, 37.250813], [-6.715799, 37.250896], [-6.715804, 37.250986], [-6.715916, 37.250982], [-6.715921, 37.251072], [-6.716258, 37.251061], [-6.716263, 37.251151], [-6.716488, 37.251144], [-6.716492, 37.251234], [-6.71593, 37.251252], [-6.715925, 37.251162], [-6.715471, 37.251086], [-6.715349, 37.25091], [-6.714895, 37.250834], [-6.714773, 37.250658], [-6.714661, 37.250661], [-6.714657, 37.250571], [-6.714769, 37.250568], [-6.71476, 37.250388], [-6.714981, 37.250291], [-6.714976, 37.250201], [-6.714751, 37.250208], [-6.714747, 37.250118], [-6.714972, 37.250111], [-6.714851, 37.249935], [-6.715188, 37.249924], [-6.715193, 37.250014], [-6.715418, 37.250007], [-6.715422, 37.250097], [-6.715535, 37.250093], [-6.715224, 37.250644], [-6.715449, 37.250636], [-6.71544, 37.250457], [-6.715665, 37.250449], [-6.71566, 37.25036], [-6.715773, 37.250356], [-6.715894, 37.250532]], [[-6.71499, 37.250471], [-6.714877, 37.250474], [-6.714882, 37.250564], [-6.714994, 37.250561], [-6.71499, 37.250471]]], [[[-6.715652, 37.25018], [-6.715877, 37.250173], [-6.715881, 37.250263], [-6.715994, 37.250259], [-6.715998, 37.250349], [-6.715773, 37.250356], [-6.715652, 37.25018]]]]}, "properties": {"id": "donana-2024-170480-4129140", "ha": 0.85, "plastic_dates": 3.1, "valid_dates": 5.2, "admin_zone": "Zona A", "plan_zone": "Zona A - Suelo Forestal", "distance_to_irrigable_m": 12, "sigpac_ref": "21:46:0:0:9:100:14", "sigpac_use": "IV", "sigpac_irrigation_coef": 0, "sigpac_url": "https://sigpac-hubcloud.es/servicioconsultassigpac/query/recinfo/21/46/0/0/9/100/14.json", "declared_greenhouse_share": 1.0, "declared_irrigated_share": 0.0, "lon": -6.71494, "lat": 37.250607}}, {"type": "Feature", "geometry": {"type": "Polygon", "coordinates": [[[-6.757857, 37.258125], [-6.758082, 37.258118], [-6.758086, 37.258208], [-6.758199, 37.258204], [-6.758194, 37.258114], [-6.758307, 37.258111], [-6.758203, 37.258294], [-6.758428, 37.258287], [-6.758442, 37.258557], [-6.758217, 37.258564], [-6.758221, 37.258654], [-6.758109, 37.258657], [-6.758113, 37.258747], [-6.758226, 37.258744], [-6.758235, 37.258924], [-6.75801, 37.258931], [-6.757906, 37.259114], [-6.757681, 37.259121], [-6.757551, 37.258765], [-6.757321, 37.258682], [-6.757312, 37.258503], [-6.757087, 37.25851], [-6.757182, 37.258146], [-6.757407, 37.258139], [-6.757402, 37.258049], [-6.757515, 37.258046], [-6.757506, 37.257866], [-6.757735, 37.257949], [-6.757749, 37.258218], [-6.757861, 37.258215], [-6.757857, 37.258125]], [[-6.75787, 37.258395], [-6.757983, 37.258391], [-6.757974, 37.258211], [-6.757861, 37.258215], [-6.75787, 37.258395]], [[-6.7581, 37.258478], [-6.757987, 37.258481], [-6.757992, 37.258571], [-6.758104, 37.258568], [-6.7581, 37.258478]], [[-6.757758, 37.258398], [-6.757645, 37.258402], [-6.75765, 37.258492], [-6.757762, 37.258488], [-6.757758, 37.258398]]]}, "properties": {"id": "donana-2024-166730-4130170", "ha": 0.84, "plastic_dates": 2.2, "valid_dates": 5.0, "admin_zone": "Zona A", "plan_zone": "Zona A - Suelo Forestal", "distance_to_irrigable_m": 18, "sigpac_ref": "21:46:0:0:18:46:26", "sigpac_use": "IV", "sigpac_irrigation_coef": 100, "sigpac_url": "https://sigpac-hubcloud.es/servicioconsultassigpac/query/recinfo/21/46/0/0/18/46/26.json", "declared_greenhouse_share": 0.99, "declared_irrigated_share": 1.0, "lon": -6.757652, "lat": 37.258537}}, {"type": "Feature", "geometry": {"type": "Polygon", "coordinates": [[[-6.72509, 37.238171], [-6.725067, 37.237721], [-6.725288, 37.237624], [-6.725279, 37.237444], [-6.725167, 37.237448], [-6.725162, 37.237358], [-6.725275, 37.237354], [-6.725261, 37.237085], [-6.725486, 37.237077], [-6.725608, 37.237254], [-6.726283, 37.237233], [-6.726287, 37.237323], [-6.726737, 37.237308], [-6.726742, 37.237398], [-6.727079, 37.237388], [-6.727084, 37.237478], [-6.727309, 37.237471], [-6.727317, 37.23765], [-6.72653, 37.237675], [-6.726526, 37.237585], [-6.725963, 37.237603], [-6.725959, 37.237513], [-6.725846, 37.237517], [-6.725851, 37.237607], [-6.725401, 37.237621], [-6.725418, 37.237981], [-6.725193, 37.237988], [-6.725315, 37.238164], [-6.72509, 37.238171]], [[-6.726629, 37.237402], [-6.726517, 37.237405], [-6.726521, 37.237495], [-6.726634, 37.237492], [-6.726629, 37.237402]]]}, "properties": {"id": "donana-2024-169360-4127740", "ha": 0.81, "plastic_dates": 2.7, "valid_dates": 7.3, "admin_zone": "Zona A", "plan_zone": "Zona A - Suelo Forestal", "distance_to_irrigable_m": 16, "sigpac_ref": "21:46:0:0:11:27:5", "sigpac_use": "TA", "sigpac_irrigation_coef": 0, "sigpac_url": "https://sigpac-hubcloud.es/servicioconsultassigpac/query/recinfo/21/46/0/0/11/27/5.json", "declared_greenhouse_share": 0.28, "declared_irrigated_share": 0.0, "lon": -6.726922, "lat": 37.237618}}, {"type": "Feature", "geometry": {"type": "Polygon", "coordinates": [[[-6.65823, 37.286205], [-6.658109, 37.286028], [-6.657884, 37.286035], [-6.657762, 37.285859], [-6.657537, 37.285866], [-6.657533, 37.285776], [-6.65742, 37.285779], [-6.657412, 37.285599], [-6.657749, 37.285589], [-6.657741, 37.285409], [-6.657628, 37.285412], [-6.657624, 37.285322], [-6.657736, 37.285319], [-6.657732, 37.285229], [-6.657957, 37.285222], [-6.657966, 37.285402], [-6.658303, 37.285392], [-6.658308, 37.285481], [-6.658533, 37.285474], [-6.658537, 37.285564], [-6.65865, 37.285561], [-6.658663, 37.285831], [-6.65855, 37.285834], [-6.658555, 37.285924], [-6.658784, 37.286007], [-6.658789, 37.286097], [-6.658676, 37.286101], [-6.658685, 37.286281], [-6.65823, 37.286205]]]}, "properties": {"id": "donana-2024-175680-4132850", "ha": 0.75, "plastic_dates": 3.7, "valid_dates": 7.5, "admin_zone": "Zona C", "plan_zone": "Zona C - No regable", "distance_to_irrigable_m": 17, "sigpac_ref": "21:14:0:0:10:226:1", "sigpac_use": "IV", "sigpac_irrigation_coef": 100, "sigpac_url": "https://sigpac-hubcloud.es/servicioconsultassigpac/query/recinfo/21/14/0/0/10/226/1.json", "declared_greenhouse_share": 1.0, "declared_irrigated_share": 0.97, "lon": -6.658098, "lat": 37.285803}}, {"type": "Feature", "geometry": {"type": "Polygon", "coordinates": [[[-6.795216, 37.279363], [-6.795207, 37.279183], [-6.794982, 37.279191], [-6.794986, 37.279281], [-6.794648, 37.279291], [-6.794653, 37.279381], [-6.79454, 37.279385], [-6.794527, 37.279115], [-6.794414, 37.279119], [-6.794374, 37.278309], [-6.794603, 37.278392], [-6.794707, 37.278209], [-6.794819, 37.278205], [-6.794833, 37.278475], [-6.79472, 37.278478], [-6.794729, 37.278658], [-6.794842, 37.278655], [-6.794851, 37.278834], [-6.794963, 37.278831], [-6.79495, 37.278561], [-6.795175, 37.278554], [-6.795166, 37.278374], [-6.795396, 37.278457], [-6.795432, 37.279176], [-6.795319, 37.27918], [-6.795324, 37.27927], [-6.795436, 37.279266], [-6.795441, 37.279356], [-6.795216, 37.279363]], [[-6.795301, 37.27882], [-6.795189, 37.278824], [-6.795198, 37.279004], [-6.79531, 37.279], [-6.795301, 37.27882]], [[-6.794612, 37.278572], [-6.7945, 37.278575], [-6.794509, 37.278755], [-6.794734, 37.278748], [-6.794612, 37.278572]]]}, "properties": {"id": "donana-2024-163490-4132550", "ha": 0.75, "plastic_dates": 2.6, "valid_dates": 6.2, "admin_zone": "Zona C", "plan_zone": "Zona C - No regable", "distance_to_irrigable_m": 16, "sigpac_ref": "21:50:0:0:9:209:20", "sigpac_use": "IV", "sigpac_irrigation_coef": 0, "sigpac_url": "https://sigpac-hubcloud.es/servicioconsultassigpac/query/recinfo/21/50/0/0/9/209/20.json", "declared_greenhouse_share": 1.0, "declared_irrigated_share": 0.0, "lon": -6.795186, "lat": 37.278779}}, {"type": "Feature", "geometry": {"type": "Polygon", "coordinates": [[[-6.736306, 37.234844], [-6.736184, 37.234668], [-6.735847, 37.234679], [-6.735842, 37.234589], [-6.735617, 37.234596], [-6.735613, 37.234506], [-6.735388, 37.234513], [-6.735383, 37.234423], [-6.735271, 37.234427], [-6.735275, 37.234516], [-6.73505, 37.234524], [-6.735154, 37.23434], [-6.734695, 37.234174], [-6.734682, 37.233905], [-6.735357, 37.233883], [-6.735375, 37.234243], [-6.7356, 37.234236], [-6.735703, 37.234053], [-6.735928, 37.234045], [-6.735937, 37.234225], [-6.736162, 37.234218], [-6.736175, 37.234488], [-6.7364, 37.234481], [-6.736522, 37.234657], [-6.736634, 37.234654], [-6.736531, 37.234837], [-6.736306, 37.234844]]]}, "properties": {"id": "donana-2024-168570-4127410", "ha": 0.75, "plastic_dates": 2.3, "valid_dates": 6.3, "admin_zone": "Zona A", "plan_zone": "Zona A - Suelo Forestal", "distance_to_irrigable_m": 24, "sigpac_ref": "21:46:0:0:16:9:2", "sigpac_use": "IV", "sigpac_irrigation_coef": 100, "sigpac_url": "https://sigpac-hubcloud.es/servicioconsultassigpac/query/recinfo/21/46/0/0/16/9/2.json", "declared_greenhouse_share": 1.0, "declared_irrigated_share": 1.0, "lon": -6.735662, "lat": 37.234369}}, {"type": "Feature", "geometry": {"type": "Polygon", "coordinates": [[[-6.707884, 37.273306], [-6.707879, 37.273216], [-6.707542, 37.273227], [-6.707546, 37.273317], [-6.707433, 37.27332], [-6.707407, 37.272781], [-6.707294, 37.272784], [-6.707272, 37.272334], [-6.707385, 37.272331], [-6.70738, 37.272241], [-6.70806, 37.27231], [-6.708069, 37.27249], [-6.708182, 37.272486], [-6.708195, 37.272756], [-6.708082, 37.272759], [-6.708109, 37.273299], [-6.707884, 37.273306]], [[-6.707641, 37.272953], [-6.707528, 37.272957], [-6.707533, 37.273047], [-6.707645, 37.273043], [-6.707641, 37.272953]]]}, "properties": {"id": "donana-2024-171220-4131590", "ha": 0.73, "plastic_dates": 2.1, "valid_dates": 6.0, "admin_zone": "Zona C", "plan_zone": "Zona C - No regable", "distance_to_irrigable_m": 27, "sigpac_ref": "21:46:0:0:9:40:2", "sigpac_use": "IV", "sigpac_irrigation_coef": 0, "sigpac_url": "https://sigpac-hubcloud.es/servicioconsultassigpac/query/recinfo/21/46/0/0/9/40/2.json", "declared_greenhouse_share": 1.0, "declared_irrigated_share": 0.0, "lon": -6.707749, "lat": 37.27286}}, {"type": "Feature", "geometry": {"type": "MultiPolygon", "coordinates": [[[[-6.737567, 37.239849], [-6.737576, 37.240029], [-6.737464, 37.240033], [-6.737455, 37.239853], [-6.737567, 37.239849]]], [[[-6.737117, 37.239864], [-6.737113, 37.239774], [-6.737, 37.239777], [-6.736991, 37.239597], [-6.736762, 37.239515], [-6.736757, 37.239425], [-6.736537, 37.239522], [-6.736524, 37.239252], [-6.736636, 37.239248], [-6.736627, 37.239068], [-6.73674, 37.239065], [-6.736735, 37.238975], [-6.736848, 37.238971], [-6.736839, 37.238791], [-6.737068, 37.238874], [-6.737073, 37.238964], [-6.737185, 37.238961], [-6.737181, 37.238871], [-6.737626, 37.238766], [-6.73773, 37.238583], [-6.737842, 37.238579], [-6.737851, 37.238759], [-6.737739, 37.238763], [-6.737748, 37.238943], [-6.737635, 37.238946], [-6.73764, 37.239036], [-6.73719, 37.239051], [-6.737194, 37.23914], [-6.737082, 37.239144], [-6.73709, 37.239324], [-6.737315, 37.239317], [-6.73732, 37.239407], [-6.737657, 37.239396], [-6.737666, 37.239576], [-6.737329, 37.239587], [-6.737338, 37.239767], [-6.737558, 37.23967], [-6.737455, 37.239853], [-6.737117, 37.239864]], [[-6.736969, 37.239148], [-6.736857, 37.239151], [-6.736861, 37.239241], [-6.736974, 37.239238], [-6.736969, 37.239148]]]]}, "properties": {"id": "donana-2024-168480-4127970", "ha": 0.7, "plastic_dates": 2.3, "valid_dates": 6.3, "admin_zone": "Zona C", "plan_zone": "Zona C - No regable", "distance_to_irrigable_m": 54, "sigpac_ref": "21:46:0:0:16:6:38", "sigpac_use": "IV", "sigpac_irrigation_coef": 100, "sigpac_url": "https://sigpac-hubcloud.es/servicioconsultassigpac/query/recinfo/21/46/0/0/16/6/38.json", "declared_greenhouse_share": 0.99, "declared_irrigated_share": 0.99, "lon": -6.736924, "lat": 37.239374}}, {"type": "Feature", "geometry": {"type": "Polygon", "coordinates": [[[-6.840829, 37.265188], [-6.840811, 37.264828], [-6.840698, 37.264832], [-6.840712, 37.265102], [-6.840487, 37.265109], [-6.840482, 37.265019], [-6.84037, 37.265023], [-6.840374, 37.265113], [-6.840037, 37.265123], [-6.840028, 37.264944], [-6.84014, 37.26494], [-6.840131, 37.26476], [-6.840244, 37.264756], [-6.840239, 37.264666], [-6.840577, 37.264656], [-6.84068, 37.264472], [-6.840793, 37.264468], [-6.840788, 37.264378], [-6.841126, 37.264367], [-6.84113, 37.264457], [-6.841243, 37.264454], [-6.841261, 37.264813], [-6.841374, 37.26481], [-6.841392, 37.26517], [-6.840829, 37.265188]]]}, "properties": {"id": "donana-2024-159390-4131160", "ha": 0.69, "plastic_dates": 2.9, "valid_dates": 8.1, "admin_zone": "Zona C", "plan_zone": "Zona C - No regable", "distance_to_irrigable_m": 17, "sigpac_ref": "21:50:0:0:14:362:2", "sigpac_use": "IV", "sigpac_irrigation_coef": 0, "sigpac_url": "https://sigpac-hubcloud.es/servicioconsultassigpac/query/recinfo/21/50/0/0/14/362/2.json", "declared_greenhouse_share": 1.0, "declared_irrigated_share": 0.0, "lon": -6.840696, "lat": 37.264787}}, {"type": "Feature", "geometry": {"type": "MultiPolygon", "coordinates": [[[[-6.733957, 37.242036], [-6.733966, 37.242215], [-6.733736, 37.242133], [-6.733732, 37.242043], [-6.733957, 37.242036]]], [[[-6.733381, 37.241783], [-6.733372, 37.241604], [-6.732926, 37.241708], [-6.732823, 37.241891], [-6.73271, 37.241895], [-6.732706, 37.241805], [-6.732481, 37.241812], [-6.732472, 37.241632], [-6.732697, 37.241625], [-6.732801, 37.241441], [-6.732913, 37.241438], [-6.732909, 37.241348], [-6.733134, 37.241341], [-6.733129, 37.241251], [-6.733242, 37.241247], [-6.733237, 37.241157], [-6.733462, 37.24115], [-6.733467, 37.24124], [-6.733804, 37.24123], [-6.733809, 37.241319], [-6.734034, 37.241312], [-6.734065, 37.241942], [-6.733727, 37.241953], [-6.733732, 37.242043], [-6.733619, 37.242046], [-6.73361, 37.241866], [-6.733381, 37.241783]], [[-6.733723, 37.241863], [-6.733718, 37.241773], [-6.733831, 37.241769], [-6.733818, 37.241499], [-6.733705, 37.241503], [-6.733714, 37.241683], [-6.733601, 37.241686], [-6.73361, 37.241866], [-6.733723, 37.241863]], [[-6.73393, 37.241496], [-6.733926, 37.241406], [-6.733813, 37.241409], [-6.733818, 37.241499], [-6.73393, 37.241496]], [[-6.733696, 37.241323], [-6.733471, 37.24133], [-6.733476, 37.24142], [-6.733701, 37.241413], [-6.733696, 37.241323]]]]}, "properties": {"id": "donana-2024-168870-4128220", "ha": 0.69, "plastic_dates": 2.1, "valid_dates": 7.0, "admin_zone": "Zona C", "plan_zone": "Zona C - No regable", "distance_to_irrigable_m": 74, "sigpac_ref": "21:46:0:0:11:15:4", "sigpac_use": "IV", "sigpac_irrigation_coef": 0, "sigpac_url": "https://sigpac-hubcloud.es/servicioconsultassigpac/query/recinfo/21/46/0/0/11/15/4.json", "declared_greenhouse_share": 1.0, "declared_irrigated_share": 0.0, "lon": -6.732704, "lat": 37.24176}}, {"type": "Feature", "geometry": {"type": "MultiPolygon", "coordinates": [[[[-6.798665, 37.226912], [-6.798661, 37.226822], [-6.798773, 37.226818], [-6.798782, 37.226998], [-6.798445, 37.227009], [-6.79844, 37.226919], [-6.798665, 37.226912]]], [[[-6.79799, 37.226934], [-6.797986, 37.226844], [-6.797873, 37.226847], [-6.797864, 37.226667], [-6.797977, 37.226664], [-6.797954, 37.226214], [-6.798067, 37.22621], [-6.798049, 37.225851], [-6.798499, 37.225836], [-6.798503, 37.225926], [-6.798616, 37.225922], [-6.798755, 37.226459], [-6.798535, 37.226556], [-6.798539, 37.226646], [-6.798427, 37.226649], [-6.79844, 37.226919], [-6.79799, 37.226934]]]]}, "properties": {"id": "donana-2024-162970-4126740", "ha": 0.69, "plastic_dates": 2.0, "valid_dates": 7.0, "admin_zone": "Zona A", "plan_zone": "Zona A - Suelo Forestal", "distance_to_irrigable_m": 16, "sigpac_ref": "21:50:0:0:33:30:6", "sigpac_use": "IV", "sigpac_irrigation_coef": 100, "sigpac_url": "https://sigpac-hubcloud.es/servicioconsultassigpac/query/recinfo/21/50/0/0/33/30/6.json", "declared_greenhouse_share": 1.0, "declared_irrigated_share": 1.0, "lon": -6.798355, "lat": 37.226336}}, {"type": "Feature", "geometry": {"type": "MultiPolygon", "coordinates": [[[[-6.842888, 37.205934], [-6.842893, 37.206024], [-6.843005, 37.206021], [-6.843, 37.205931], [-6.843225, 37.205923], [-6.843221, 37.205833], [-6.843333, 37.20583], [-6.843329, 37.20574], [-6.843553, 37.205733], [-6.84354, 37.205463], [-6.843765, 37.205455], [-6.84376, 37.205366], [-6.843873, 37.205362], [-6.843882, 37.205542], [-6.843994, 37.205538], [-6.843999, 37.205628], [-6.843886, 37.205632], [-6.843905, 37.205991], [-6.844125, 37.205894], [-6.844134, 37.206074], [-6.843797, 37.206085], [-6.843801, 37.206175], [-6.843689, 37.206179], [-6.843698, 37.206358], [-6.843473, 37.206366], [-6.843478, 37.206456], [-6.84314, 37.206467], [-6.843136, 37.206377], [-6.843023, 37.20638], [-6.843014, 37.206201], [-6.842785, 37.206118], [-6.842776, 37.205938], [-6.842888, 37.205934]]], [[[-6.842546, 37.205855], [-6.842542, 37.205765], [-6.842771, 37.205848], [-6.842776, 37.205938], [-6.842546, 37.205855]]]]}, "properties": {"id": "donana-2024-158880-4124640", "ha": 0.69, "plastic_dates": 2.4, "valid_dates": 5.4, "admin_zone": "Zona A", "plan_zone": "Zona A - RedNatura2000", "distance_to_irrigable_m": 440, "sigpac_ref": "21:50:0:0:35:8022:2", "sigpac_use": "IV", "sigpac_irrigation_coef": 100, "sigpac_url": "https://sigpac-hubcloud.es/servicioconsultassigpac/query/recinfo/21/50/0/0/35/8022/2.json", "declared_greenhouse_share": 1.0, "declared_irrigated_share": 0.65, "lon": -6.843452, "lat": 37.205961}}, {"type": "Feature", "geometry": {"type": "MultiPolygon", "coordinates": [[[[-6.716109, 37.268634], [-6.715771, 37.268644], [-6.715762, 37.268464], [-6.715987, 37.268457], [-6.715992, 37.268547], [-6.716104, 37.268544], [-6.716109, 37.268634]]], [[[-6.715424, 37.268475], [-6.715303, 37.268299], [-6.71519, 37.268302], [-6.715186, 37.268212], [-6.715299, 37.268209], [-6.715285, 37.267939], [-6.71551, 37.267932], [-6.715614, 37.267748], [-6.715839, 37.267741], [-6.715844, 37.267831], [-6.716069, 37.267824], [-6.716073, 37.267914], [-6.716298, 37.267907], [-6.716303, 37.267997], [-6.716415, 37.267993], [-6.716428, 37.268263], [-6.716316, 37.268267], [-6.716325, 37.268447], [-6.716104, 37.268544], [-6.7161, 37.268454], [-6.715987, 37.268457], [-6.715983, 37.268367], [-6.715758, 37.268374], [-6.715762, 37.268464], [-6.715424, 37.268475]]]]}, "properties": {"id": "donana-2024-170480-4131100", "ha": 0.68, "plastic_dates": 3.4, "valid_dates": 5.5, "admin_zone": "Zona A", "plan_zone": "Zona A - Suelo Forestal", "distance_to_irrigable_m": 21, "sigpac_ref": "21:46:0:0:9:66:51", "sigpac_use": "IV", "sigpac_irrigation_coef": 0, "sigpac_url": "https://sigpac-hubcloud.es/servicioconsultassigpac/query/recinfo/21/46/0/0/9/66/51.json", "declared_greenhouse_share": 1.0, "declared_irrigated_share": 0.0, "lon": -6.715807, "lat": 37.268238}}, {"type": "Feature", "geometry": {"type": "Polygon", "coordinates": [[[-6.738535, 37.248017], [-6.73853, 37.247927], [-6.738418, 37.247931], [-6.738422, 37.24802], [-6.738197, 37.248028], [-6.738188, 37.247848], [-6.738301, 37.247844], [-6.738287, 37.247574], [-6.7384, 37.247571], [-6.738395, 37.247481], [-6.738625, 37.247564], [-6.73862, 37.247474], [-6.738733, 37.24747], [-6.73881, 37.246747], [-6.738585, 37.246754], [-6.738576, 37.246574], [-6.738688, 37.246571], [-6.738671, 37.246211], [-6.738783, 37.246207], [-6.738774, 37.246027], [-6.738554, 37.246124], [-6.738545, 37.245945], [-6.73877, 37.245937], [-6.738891, 37.246114], [-6.739229, 37.246103], [-6.739238, 37.246283], [-6.739125, 37.246287], [-6.739138, 37.246556], [-6.738801, 37.246567], [-6.738805, 37.246657], [-6.73903, 37.24665], [-6.739039, 37.24683], [-6.738927, 37.246833], [-6.738949, 37.247283], [-6.738837, 37.247287], [-6.738854, 37.247646], [-6.738742, 37.24765], [-6.73876, 37.24801], [-6.738535, 37.248017]]]}, "properties": {"id": "donana-2024-168340-4128820", "ha": 0.67, "plastic_dates": 2.0, "valid_dates": 7.0, "admin_zone": "Zona C", "plan_zone": "Zona C - No regable", "distance_to_irrigable_m": 18, "sigpac_ref": "21:46:0:0:16:4:40", "sigpac_use": "IV", "sigpac_irrigation_coef": 100, "sigpac_url": "https://sigpac-hubcloud.es/servicioconsultassigpac/query/recinfo/21/46/0/0/16/4/40.json", "declared_greenhouse_share": 1.0, "declared_irrigated_share": 1.0, "lon": -6.738877, "lat": 37.24697}}, {"type": "Feature", "geometry": {"type": "MultiPolygon", "coordinates": [[[[-6.742584, 37.241042], [-6.74258, 37.240952], [-6.742805, 37.240945], [-6.742809, 37.241035], [-6.743372, 37.241017], [-6.743367, 37.240927], [-6.74348, 37.240924], [-6.743376, 37.241107], [-6.743039, 37.241118], [-6.742935, 37.241301], [-6.742823, 37.241305], [-6.742827, 37.241395], [-6.742714, 37.241398], [-6.742719, 37.241488], [-6.742494, 37.241495], [-6.742489, 37.241405], [-6.742377, 37.241409], [-6.742364, 37.241139], [-6.742476, 37.241136], [-6.742472, 37.241046], [-6.742584, 37.241042]], [[-6.742926, 37.241121], [-6.742814, 37.241125], [-6.742818, 37.241215], [-6.742931, 37.241211], [-6.742926, 37.241121]]], [[[-6.742247, 37.241053], [-6.742256, 37.241233], [-6.741576, 37.241164], [-6.741567, 37.240984], [-6.741792, 37.240977], [-6.741788, 37.240887], [-6.7419, 37.240884], [-6.741891, 37.240704], [-6.742112, 37.240607], [-6.742107, 37.240517], [-6.74222, 37.240513], [-6.742215, 37.240423], [-6.742328, 37.24042], [-6.742341, 37.240689], [-6.742571, 37.240772], [-6.742575, 37.240862], [-6.742463, 37.240866], [-6.742472, 37.241046], [-6.742247, 37.241053]]]]}, "properties": {"id": "donana-2024-168040-4128170", "ha": 0.67, "plastic_dates": 3.1, "valid_dates": 6.9, "admin_zone": "Zona C", "plan_zone": "Zona C - No regable", "distance_to_irrigable_m": 16, "sigpac_ref": "21:46:0:0:16:5:54", "sigpac_use": "IV", "sigpac_irrigation_coef": 100, "sigpac_url": "https://sigpac-hubcloud.es/servicioconsultassigpac/query/recinfo/21/46/0/0/16/5/54.json", "declared_greenhouse_share": 0.93, "declared_irrigated_share": 0.9, "lon": -6.742019, "lat": 37.241015}}, {"type": "Feature", "geometry": {"type": "MultiPolygon", "coordinates": [[[[-6.675826, 37.304848], [-6.67583, 37.304938], [-6.676055, 37.304931], [-6.676051, 37.304841], [-6.676389, 37.30483], [-6.676384, 37.30474], [-6.676722, 37.30473], [-6.676727, 37.30482], [-6.676281, 37.304924], [-6.676285, 37.305014], [-6.67606, 37.305021], [-6.676064, 37.305111], [-6.675839, 37.305118], [-6.675834, 37.305028], [-6.675722, 37.305031], [-6.675713, 37.304851], [-6.675826, 37.304848]]], [[[-6.675358, 37.304502], [-6.675349, 37.304322], [-6.675462, 37.304319], [-6.675457, 37.304229], [-6.675682, 37.304222], [-6.675678, 37.304132], [-6.675903, 37.304125], [-6.675899, 37.304035], [-6.676124, 37.304028], [-6.676128, 37.304118], [-6.676354, 37.304111], [-6.676358, 37.304201], [-6.676471, 37.304197], [-6.676484, 37.304467], [-6.676371, 37.304471], [-6.676376, 37.304561], [-6.676038, 37.304571], [-6.676042, 37.304661], [-6.675817, 37.304668], [-6.675713, 37.304851], [-6.675601, 37.304855], [-6.675587, 37.304585], [-6.675358, 37.304502]], [[-6.675813, 37.304578], [-6.675691, 37.304402], [-6.675579, 37.304405], [-6.675587, 37.304585], [-6.675813, 37.304578]]]]}, "properties": {"id": "donana-2024-174190-4135000", "ha": 0.64, "plastic_dates": 2.4, "valid_dates": 6.7, "admin_zone": "Zona C", "plan_zone": "Zona C - No regable", "distance_to_irrigable_m": 22, "sigpac_ref": "21:14:0:0:22:247:1", "sigpac_use": "PR", "sigpac_irrigation_coef": 0, "sigpac_url": "https://sigpac-hubcloud.es/servicioconsultassigpac/query/recinfo/21/14/0/0/22/247/1.json", "declared_greenhouse_share": 0.0, "declared_irrigated_share": 0.0, "lon": -6.675815, "lat": 37.304623}}, {"type": "Feature", "geometry": {"type": "Polygon", "coordinates": [[[-6.737035, 37.249596], [-6.737013, 37.249146], [-6.736788, 37.249153], [-6.73677, 37.248793], [-6.737445, 37.248772], [-6.737549, 37.248589], [-6.737774, 37.248582], [-6.737791, 37.248941], [-6.737679, 37.248945], [-6.737688, 37.249125], [-6.737575, 37.249128], [-6.737589, 37.249398], [-6.737701, 37.249395], [-6.737706, 37.249485], [-6.737481, 37.249492], [-6.737485, 37.249582], [-6.737035, 37.249596]], [[-6.736999, 37.248876], [-6.736887, 37.24888], [-6.736891, 37.24897], [-6.737004, 37.248966], [-6.736999, 37.248876]]]}, "properties": {"id": "donana-2024-168500-4129050", "ha": 0.63, "plastic_dates": 2.4, "valid_dates": 7.0, "admin_zone": "Zona C", "plan_zone": "Zona C - No regable", "distance_to_irrigable_m": 112, "sigpac_ref": "21:46:0:0:16:4:36", "sigpac_use": "IV", "sigpac_irrigation_coef": 100, "sigpac_url": "https://sigpac-hubcloud.es/servicioconsultassigpac/query/recinfo/21/46/0/0/16/4/36.json", "declared_greenhouse_share": 1.0, "declared_irrigated_share": 1.0, "lon": -6.737233, "lat": 37.249049}}, {"type": "Feature", "geometry": {"type": "Polygon", "coordinates": [[[-6.75353, 37.236821], [-6.753517, 37.236551], [-6.753629, 37.236548], [-6.753625, 37.236458], [-6.753512, 37.236462], [-6.753499, 37.236192], [-6.754511, 37.23616], [-6.754543, 37.236789], [-6.75353, 37.236821]]]}, "properties": {"id": "donana-2024-166950-4127710", "ha": 0.62, "plastic_dates": 5.2, "valid_dates": 8.0, "admin_zone": "Zona A", "plan_zone": "Zona A - Suelo Forestal", "distance_to_irrigable_m": 18, "sigpac_ref": "21:46:0:0:17:33:15", "sigpac_use": "IV", "sigpac_irrigation_coef": 0, "sigpac_url": "https://sigpac-hubcloud.es/servicioconsultassigpac/query/recinfo/21/46/0/0/17/33/15.json", "declared_greenhouse_share": 1.0, "declared_irrigated_share": 0.0, "lon": -6.754077, "lat": 37.236489}}, {"type": "Feature", "geometry": {"type": "Polygon", "coordinates": [[[-6.860765, 37.260485], [-6.860751, 37.260215], [-6.860638, 37.260218], [-6.860601, 37.259499], [-6.861164, 37.259481], [-6.861313, 37.260196], [-6.861426, 37.260193], [-6.861435, 37.260373], [-6.861323, 37.260376], [-6.861327, 37.260466], [-6.860765, 37.260485]]]}, "properties": {"id": "donana-2024-157570-4130710", "ha": 0.61, "plastic_dates": 4.4, "valid_dates": 8.9, "admin_zone": "Zona C", "plan_zone": "Zona C - No regable", "distance_to_irrigable_m": 18, "sigpac_ref": "21:50:0:0:16:247:1", "sigpac_use": "IV", "sigpac_irrigation_coef": 0, "sigpac_url": "https://sigpac-hubcloud.es/servicioconsultassigpac/query/recinfo/21/50/0/0/16/247/1.json", "declared_greenhouse_share": 1.0, "declared_irrigated_share": 0.0, "lon": -6.860967, "lat": 37.260028}}, {"type": "Feature", "geometry": {"type": "MultiPolygon", "coordinates": [[[[-6.760541, 37.271283], [-6.760419, 37.271106], [-6.760307, 37.27111], [-6.760212, 37.271473], [-6.760325, 37.27147], [-6.760334, 37.271649], [-6.760221, 37.271653], [-6.760225, 37.271743], [-6.759888, 37.271754], [-6.759892, 37.271844], [-6.75978, 37.271847], [-6.759901, 37.272024], [-6.759672, 37.271941], [-6.759667, 37.271851], [-6.759555, 37.271854], [-6.75955, 37.271764], [-6.759775, 37.271757], [-6.759766, 37.271577], [-6.759537, 37.271495], [-6.759532, 37.271405], [-6.759753, 37.271308], [-6.759748, 37.271218], [-6.759861, 37.271214], [-6.759856, 37.271124], [-6.760086, 37.271207], [-6.76019, 37.271023], [-6.760635, 37.270919], [-6.760757, 37.271095], [-6.760869, 37.271092], [-6.760874, 37.271182], [-6.760761, 37.271185], [-6.760766, 37.271275], [-6.760541, 37.271283]]], [[[-6.760986, 37.271178], [-6.760991, 37.271268], [-6.761103, 37.271265], [-6.761108, 37.271355], [-6.761221, 37.271351], [-6.761229, 37.271531], [-6.761, 37.271448], [-6.760995, 37.271358], [-6.76077, 37.271365], [-6.760775, 37.271455], [-6.760662, 37.271459], [-6.760766, 37.271275], [-6.760878, 37.271272], [-6.760874, 37.271182], [-6.760986, 37.271178]]]]}, "properties": {"id": "donana-2024-166580-4131620", "ha": 0.6, "plastic_dates": 3.0, "valid_dates": 4.5, "admin_zone": "Zona C", "plan_zone": "Zona C - No regable", "distance_to_irrigable_m": 20, "sigpac_ref": "21:46:0:0:18:10:29", "sigpac_use": "IV", "sigpac_irrigation_coef": 52, "sigpac_url": "https://sigpac-hubcloud.es/servicioconsultassigpac/query/recinfo/21/46/0/0/18/10/29.json", "declared_greenhouse_share": 1.0, "declared_irrigated_share": 1.0, "lon": -6.759989, "lat": 37.271525}}, {"type": "Feature", "geometry": {"type": "Polygon", "coordinates": [[[-6.78772, 37.282757], [-6.787733, 37.283027], [-6.787513, 37.283124], [-6.787517, 37.283214], [-6.787405, 37.283217], [-6.787544, 37.283753], [-6.787207, 37.283764], [-6.787202, 37.283674], [-6.78709, 37.283678], [-6.787081, 37.283498], [-6.787306, 37.283491], [-6.787292, 37.283221], [-6.78718, 37.283225], [-6.787166, 37.282955], [-6.787053, 37.282958], [-6.787044, 37.282778], [-6.787157, 37.282775], [-6.787152, 37.282685], [-6.786927, 37.282692], [-6.786923, 37.282602], [-6.787148, 37.282595], [-6.787134, 37.282325], [-6.786909, 37.282332], [-6.786905, 37.282242], [-6.78713, 37.282235], [-6.787116, 37.281965], [-6.786891, 37.281973], [-6.786887, 37.281883], [-6.787224, 37.281872], [-6.787233, 37.282052], [-6.787346, 37.282048], [-6.787351, 37.282138], [-6.787238, 37.282142], [-6.787252, 37.282411], [-6.787472, 37.282314], [-6.787481, 37.282494], [-6.787594, 37.282491], [-6.787607, 37.28276], [-6.78772, 37.282757]], [[-6.787315, 37.283671], [-6.78731, 37.283581], [-6.787198, 37.283584], [-6.787202, 37.283674], [-6.787315, 37.283671]], [[-6.78727, 37.282771], [-6.787274, 37.282861], [-6.787612, 37.28285], [-6.787607, 37.28276], [-6.78727, 37.282771]], [[-6.787616, 37.28294], [-6.787391, 37.282947], [-6.787396, 37.283037], [-6.787621, 37.28303], [-6.787616, 37.28294]], [[-6.787369, 37.282498], [-6.787256, 37.282501], [-6.787265, 37.282681], [-6.787378, 37.282678], [-6.787369, 37.282498]]]}, "properties": {"id": "donana-2024-164220-4132970", "ha": 0.59, "plastic_dates": 2.2, "valid_dates": 6.6, "admin_zone": "Zona A", "plan_zone": "Zona A - Suelo Forestal", "distance_to_irrigable_m": 21, "sigpac_ref": "21:50:0:0:9:206:17", "sigpac_use": "IV", "sigpac_irrigation_coef": 100, "sigpac_url": "https://sigpac-hubcloud.es/servicioconsultassigpac/query/recinfo/21/50/0/0/9/206/17.json", "declared_greenhouse_share": 1.0, "declared_irrigated_share": 1.0, "lon": -6.787159, "lat": 37.28282}}, {"type": "Feature", "geometry": {"type": "Polygon", "coordinates": [[[-6.740764, 37.254343], [-6.740755, 37.254163], [-6.740642, 37.254166], [-6.740624, 37.253807], [-6.740737, 37.253803], [-6.740732, 37.253713], [-6.74062, 37.253717], [-6.740615, 37.253627], [-6.740728, 37.253623], [-6.740723, 37.253533], [-6.740836, 37.25353], [-6.74084, 37.25362], [-6.741065, 37.253612], [-6.741074, 37.253792], [-6.741299, 37.253785], [-6.741304, 37.253875], [-6.741754, 37.253861], [-6.741763, 37.254041], [-6.74165, 37.254044], [-6.741664, 37.254314], [-6.740989, 37.254336], [-6.740993, 37.254426], [-6.740764, 37.254343]], [[-6.740957, 37.253706], [-6.740845, 37.25371], [-6.740849, 37.253799], [-6.740962, 37.253796], [-6.740957, 37.253706]]]}, "properties": {"id": "donana-2024-168170-4129610", "ha": 0.59, "plastic_dates": 2.0, "valid_dates": 7.0, "admin_zone": "Zona C", "plan_zone": "Zona C - No regable", "distance_to_irrigable_m": 373, "sigpac_ref": "21:46:0:0:26:7:1", "sigpac_use": "IV", "sigpac_irrigation_coef": 0, "sigpac_url": "https://sigpac-hubcloud.es/servicioconsultassigpac/query/recinfo/21/46/0/0/26/7/1.json", "declared_greenhouse_share": 0.97, "declared_irrigated_share": 0.0, "lon": -6.741196, "lat": 37.253969}}, {"type": "Feature", "geometry": {"type": "Polygon", "coordinates": [[[-6.736883, 37.232844], [-6.736878, 37.232754], [-6.736766, 37.232758], [-6.736761, 37.232668], [-6.736424, 37.232678], [-6.73642, 37.232588], [-6.736195, 37.232596], [-6.73619, 37.232506], [-6.735965, 37.232513], [-6.735961, 37.232423], [-6.735736, 37.23243], [-6.735731, 37.23234], [-6.735506, 37.232347], [-6.735502, 37.232257], [-6.735164, 37.232268], [-6.73516, 37.232178], [-6.734935, 37.232185], [-6.73493, 37.232095], [-6.734705, 37.232102], [-6.734584, 37.231926], [-6.734359, 37.231933], [-6.734355, 37.231843], [-6.734575, 37.231746], [-6.73458, 37.231836], [-6.73503, 37.231822], [-6.735038, 37.232001], [-6.735493, 37.232077], [-6.735497, 37.232167], [-6.735835, 37.232156], [-6.735956, 37.232333], [-6.736294, 37.232322], [-6.736415, 37.232499], [-6.736869, 37.232574], [-6.736874, 37.232664], [-6.737099, 37.232657], [-6.737086, 37.232387], [-6.737198, 37.232384], [-6.73722, 37.232833], [-6.737108, 37.232837], [-6.737112, 37.232927], [-6.736883, 37.232844]]]}, "properties": {"id": "donana-2024-168530-4127190", "ha": 0.59, "plastic_dates": 3.5, "valid_dates": 6.4, "admin_zone": "Zona A", "plan_zone": "Zona A - Suelo Forestal", "distance_to_irrigable_m": 26, "sigpac_ref": "21:46:0:0:16:9:2", "sigpac_use": "IV", "sigpac_irrigation_coef": 100, "sigpac_url": "https://sigpac-hubcloud.es/servicioconsultassigpac/query/recinfo/21/46/0/0/16/9/2.json", "declared_greenhouse_share": 1.0, "declared_irrigated_share": 1.0, "lon": -6.736015, "lat": 37.232376}}, {"type": "Feature", "geometry": {"type": "MultiPolygon", "coordinates": [[[[-6.735824, 37.227382], [-6.735937, 37.227379], [-6.735932, 37.227289], [-6.736157, 37.227281], [-6.736162, 37.227371], [-6.736387, 37.227364], [-6.736391, 37.227454], [-6.736616, 37.227447], [-6.736621, 37.227537], [-6.736733, 37.227534], [-6.736751, 37.227893], [-6.736638, 37.227897], [-6.736652, 37.228167], [-6.736202, 37.228181], [-6.736197, 37.228091], [-6.735972, 37.228098], [-6.735968, 37.228008], [-6.735743, 37.228015], [-6.735738, 37.227925], [-6.735851, 37.227922], [-6.735847, 37.227832], [-6.736071, 37.227825], [-6.736193, 37.228001], [-6.736305, 37.227998], [-6.736292, 37.227728], [-6.735842, 37.227742], [-6.735824, 37.227382]], [[-6.73608, 37.228005], [-6.736076, 37.227915], [-6.735963, 37.227918], [-6.735968, 37.228008], [-6.73608, 37.228005]]], [[[-6.735626, 37.227929], [-6.735617, 37.227749], [-6.735842, 37.227742], [-6.735847, 37.227832], [-6.735734, 37.227835], [-6.735738, 37.227925], [-6.735626, 37.227929]]]]}, "properties": {"id": "donana-2024-168470-4126680", "ha": 0.59, "plastic_dates": 2.0, "valid_dates": 7.0, "admin_zone": "Zona C", "plan_zone": "Zona C - No regable", "distance_to_irrigable_m": 50, "sigpac_ref": "21:46:0:0:12:6:59", "sigpac_use": "IV", "sigpac_irrigation_coef": 0, "sigpac_url": "https://sigpac-hubcloud.es/servicioconsultassigpac/query/recinfo/21/46/0/0/12/6/59.json", "declared_greenhouse_share": 1.0, "declared_irrigated_share": 0.0, "lon": -6.736519, "lat": 37.227766}}, {"type": "Feature", "geometry": {"type": "Polygon", "coordinates": [[[-6.712024, 37.274978], [-6.712015, 37.274798], [-6.711903, 37.274802], [-6.71189, 37.274532], [-6.712002, 37.274528], [-6.711993, 37.274348], [-6.711543, 37.274363], [-6.711539, 37.274273], [-6.712101, 37.274255], [-6.712106, 37.274345], [-6.712331, 37.274338], [-6.712326, 37.274248], [-6.712552, 37.274241], [-6.712556, 37.274331], [-6.712894, 37.27432], [-6.712898, 37.27441], [-6.712673, 37.274417], [-6.712682, 37.274597], [-6.712907, 37.27459], [-6.712911, 37.27468], [-6.712799, 37.274683], [-6.712808, 37.274863], [-6.71247, 37.274874], [-6.712474, 37.274964], [-6.7127, 37.274957], [-6.712704, 37.275047], [-6.712024, 37.274978]], [[-6.712223, 37.274431], [-6.71211, 37.274435], [-6.712115, 37.274525], [-6.712227, 37.274521], [-6.712223, 37.274431]]]}, "properties": {"id": "donana-2024-170810-4131800", "ha": 0.58, "plastic_dates": 2.0, "valid_dates": 6.0, "admin_zone": "Zona C", "plan_zone": "Zona C - No regable", "distance_to_irrigable_m": 31, "sigpac_ref": "21:46:0:0:9:34:6", "sigpac_use": "IV", "sigpac_irrigation_coef": 0, "sigpac_url": "https://sigpac-hubcloud.es/servicioconsultassigpac/query/recinfo/21/46/0/0/9/34/6.json", "declared_greenhouse_share": 1.0, "declared_irrigated_share": 0.0, "lon": -6.712403, "lat": 37.274651}}, {"type": "Feature", "geometry": {"type": "Polygon", "coordinates": [[[-6.778919, 37.226283], [-6.778887, 37.225654], [-6.778775, 37.225657], [-6.77877, 37.225567], [-6.778991, 37.22547], [-6.778986, 37.22538], [-6.779215, 37.225463], [-6.779207, 37.225283], [-6.779319, 37.225279], [-6.779323, 37.225369], [-6.779548, 37.225362], [-6.779544, 37.225272], [-6.779769, 37.225265], [-6.779764, 37.225175], [-6.779877, 37.225172], [-6.779886, 37.225351], [-6.779998, 37.225348], [-6.780003, 37.225438], [-6.77989, 37.225441], [-6.779895, 37.225531], [-6.779557, 37.225542], [-6.779562, 37.225632], [-6.779449, 37.225636], [-6.77958, 37.225992], [-6.779359, 37.226089], [-6.779355, 37.225999], [-6.77913, 37.226006], [-6.779139, 37.226186], [-6.779026, 37.22619], [-6.779031, 37.22628], [-6.778919, 37.226283]]]}, "properties": {"id": "donana-2024-164670-4126610", "ha": 0.57, "plastic_dates": 2.0, "valid_dates": 7.0, "admin_zone": "Zona A", "plan_zone": "Zona A - Suelo Forestal", "distance_to_irrigable_m": 21, "sigpac_ref": "21:50:0:0:32:53:29", "sigpac_use": "IV", "sigpac_irrigation_coef": 100, "sigpac_url": "https://sigpac-hubcloud.es/servicioconsultassigpac/query/recinfo/21/50/0/0/32/53/29.json", "declared_greenhouse_share": 1.0, "declared_irrigated_share": 0.7, "lon": -6.779173, "lat": 37.225735}}, {"type": "Feature", "geometry": {"type": "Polygon", "coordinates": [[[-6.727205, 37.262789], [-6.72721, 37.262879], [-6.726872, 37.262889], [-6.726868, 37.262799], [-6.726755, 37.262803], [-6.726728, 37.262263], [-6.726949, 37.262166], [-6.726945, 37.262076], [-6.727174, 37.262159], [-6.727179, 37.262249], [-6.727404, 37.262242], [-6.727408, 37.262332], [-6.727971, 37.262314], [-6.727867, 37.262498], [-6.727529, 37.262508], [-6.727543, 37.262778], [-6.72743, 37.262782], [-6.727435, 37.262872], [-6.727205, 37.262789]]]}, "properties": {"id": "donana-2024-169440-4130500", "ha": 0.56, "plastic_dates": 3.5, "valid_dates": 6.0, "admin_zone": "Zona C", "plan_zone": "Zona C - No regable", "distance_to_irrigable_m": 19, "sigpac_ref": "21:46:0:0:10:52:1", "sigpac_use": "IV", "sigpac_irrigation_coef": 0, "sigpac_url": "https://sigpac-hubcloud.es/servicioconsultassigpac/query/recinfo/21/46/0/0/10/52/1.json", "declared_greenhouse_share": 1.0, "declared_irrigated_share": 0.38, "lon": -6.727302, "lat": 37.26247}}, {"type": "Feature", "geometry": {"type": "MultiPolygon", "coordinates": [[[[-6.776951, 37.243283], [-6.776839, 37.243286], [-6.776834, 37.243196], [-6.776947, 37.243193], [-6.776951, 37.243283]]], [[[-6.776942, 37.243103], [-6.776492, 37.243117], [-6.776474, 37.242757], [-6.776812, 37.242747], [-6.776807, 37.242657], [-6.776695, 37.24266], [-6.776686, 37.24248], [-6.776915, 37.242563], [-6.77692, 37.242653], [-6.777145, 37.242646], [-6.777149, 37.242736], [-6.777599, 37.242721], [-6.777604, 37.242811], [-6.777716, 37.242808], [-6.777734, 37.243168], [-6.777397, 37.243178], [-6.777392, 37.243088], [-6.77728, 37.243092], [-6.777284, 37.243182], [-6.776947, 37.243193], [-6.776942, 37.243103]]]]}, "properties": {"id": "donana-2024-164930-4128510", "ha": 0.56, "plastic_dates": 2.3, "valid_dates": 6.1, "admin_zone": "Zona A", "plan_zone": "Zona A - Suelo Forestal", "distance_to_irrigable_m": 19, "sigpac_ref": "21:50:0:0:32:6:1", "sigpac_use": "IV", "sigpac_irrigation_coef": 0, "sigpac_url": "https://sigpac-hubcloud.es/servicioconsultassigpac/query/recinfo/21/50/0/0/32/6/1.json", "declared_greenhouse_share": 0.91, "declared_irrigated_share": 0.16, "lon": -6.777104, "lat": 37.242962}}, {"type": "Feature", "geometry": {"type": "Polygon", "coordinates": [[[-6.799686, 37.222555], [-6.799677, 37.222375], [-6.799789, 37.222371], [-6.799785, 37.222281], [-6.799447, 37.222292], [-6.799551, 37.222109], [-6.799775, 37.222102], [-6.799766, 37.221922], [-6.799317, 37.221936], [-6.799308, 37.221756], [-6.799078, 37.221674], [-6.799065, 37.221404], [-6.799289, 37.221396], [-6.799294, 37.221486], [-6.799182, 37.22149], [-6.799191, 37.22167], [-6.799303, 37.221666], [-6.799298, 37.221576], [-6.799523, 37.221569], [-6.799402, 37.221393], [-6.800077, 37.221371], [-6.800095, 37.221731], [-6.799982, 37.221735], [-6.800014, 37.222364], [-6.799902, 37.222368], [-6.799911, 37.222548], [-6.799686, 37.222555]], [[-6.799415, 37.221663], [-6.79942, 37.221753], [-6.799757, 37.221742], [-6.799753, 37.221652], [-6.799415, 37.221663]], [[-6.799865, 37.221648], [-6.799861, 37.221558], [-6.799748, 37.221562], [-6.799753, 37.221652], [-6.799865, 37.221648]], [[-6.799744, 37.221472], [-6.799631, 37.221476], [-6.799636, 37.221566], [-6.799748, 37.221562], [-6.799744, 37.221472]]]}, "properties": {"id": "donana-2024-162820-4126270", "ha": 0.56, "plastic_dates": 2.1, "valid_dates": 6.9, "admin_zone": "Zona A", "plan_zone": "Zona A - Suelo Forestal", "distance_to_irrigable_m": 17, "sigpac_ref": "21:50:0:0:33:30:5", "sigpac_use": "IV", "sigpac_irrigation_coef": 100, "sigpac_url": "https://sigpac-hubcloud.es/servicioconsultassigpac/query/recinfo/21/50/0/0/33/30/5.json", "declared_greenhouse_share": 0.55, "declared_irrigated_share": 1.0, "lon": -6.799883, "lat": 37.222008}}, {"type": "Feature", "geometry": {"type": "Polygon", "coordinates": [[[-6.526355, 37.161557], [-6.526347, 37.161377], [-6.526122, 37.161384], [-6.526109, 37.161114], [-6.525889, 37.16121], [-6.525893, 37.1613], [-6.525668, 37.161307], [-6.525672, 37.161397], [-6.52556, 37.1614], [-6.525556, 37.16131], [-6.525443, 37.161314], [-6.525435, 37.161134], [-6.525547, 37.16113], [-6.525539, 37.16095], [-6.525989, 37.160937], [-6.525993, 37.161027], [-6.526105, 37.161024], [-6.526101, 37.160934], [-6.526213, 37.16093], [-6.526218, 37.16102], [-6.52633, 37.161017], [-6.526326, 37.160927], [-6.526551, 37.16092], [-6.526555, 37.16101], [-6.526892, 37.161], [-6.5269, 37.16118], [-6.527013, 37.161177], [-6.527017, 37.161267], [-6.526796, 37.161363], [-6.526801, 37.161453], [-6.526688, 37.161457], [-6.526692, 37.161547], [-6.526355, 37.161557]], [[-6.526676, 37.161187], [-6.526563, 37.16119], [-6.526572, 37.16137], [-6.526684, 37.161367], [-6.526676, 37.161187]]]}, "properties": {"id": "donana-2024-186850-4118580", "ha": 0.56, "plastic_dates": 2.0, "valid_dates": 6.0, "admin_zone": "Zona B", "plan_zone": "Zona B - No regable", "distance_to_irrigable_m": 16, "sigpac_ref": "21:5:0:0:44:80:7", "sigpac_use": "IV", "sigpac_irrigation_coef": 0, "sigpac_url": "https://sigpac-hubcloud.es/servicioconsultassigpac/query/recinfo/21/5/0/0/44/80/7.json", "declared_greenhouse_share": 1.0, "declared_irrigated_share": 0.0, "lon": -6.52634, "lat": 37.161242}}, {"type": "Feature", "geometry": {"type": "Polygon", "coordinates": [[[-6.738921, 37.248996], [-6.738917, 37.248906], [-6.738804, 37.248909], [-6.738809, 37.248999], [-6.738471, 37.24901], [-6.738431, 37.2482], [-6.738768, 37.24819], [-6.738782, 37.24846], [-6.739236, 37.248535], [-6.739241, 37.248625], [-6.739466, 37.248618], [-6.739479, 37.248888], [-6.739367, 37.248891], [-6.739371, 37.248981], [-6.738921, 37.248996]]]}, "properties": {"id": "donana-2024-168350-4129000", "ha": 0.55, "plastic_dates": 2.5, "valid_dates": 7.0, "admin_zone": "Zona C", "plan_zone": "Zona C - No regable", "distance_to_irrigable_m": 14, "sigpac_ref": "21:46:0:0:16:4:3", "sigpac_use": "IV", "sigpac_irrigation_coef": 100, "sigpac_url": "https://sigpac-hubcloud.es/servicioconsultassigpac/query/recinfo/21/46/0/0/16/4/3.json", "declared_greenhouse_share": 1.0, "declared_irrigated_share": 1.0, "lon": -6.738845, "lat": 37.248593}}, {"type": "Feature", "geometry": {"type": "Polygon", "coordinates": [[[-6.73664, 37.248437], [-6.736626, 37.248167], [-6.736739, 37.248164], [-6.736717, 37.247714], [-6.736604, 37.247718], [-6.7366, 37.247628], [-6.736825, 37.247621], [-6.736807, 37.247261], [-6.737482, 37.247239], [-6.737491, 37.247419], [-6.737378, 37.247423], [-6.737383, 37.247513], [-6.737612, 37.247596], [-6.737617, 37.247686], [-6.737729, 37.247682], [-6.737734, 37.247772], [-6.737059, 37.247793], [-6.737063, 37.247883], [-6.73695, 37.247887], [-6.736968, 37.248247], [-6.736748, 37.248344], [-6.736752, 37.248434], [-6.73664, 37.248437]], [[-6.737041, 37.247434], [-6.736928, 37.247437], [-6.736933, 37.247527], [-6.737045, 37.247523], [-6.737041, 37.247434]]]}, "properties": {"id": "donana-2024-168520-4128910", "ha": 0.55, "plastic_dates": 2.0, "valid_dates": 7.0, "admin_zone": "Zona C", "plan_zone": "Zona C - No regable", "distance_to_irrigable_m": 19, "sigpac_ref": "21:46:0:0:16:1:78", "sigpac_use": "IV", "sigpac_irrigation_coef": 0, "sigpac_url": "https://sigpac-hubcloud.es/servicioconsultassigpac/query/recinfo/21/46/0/0/16/1/78.json", "declared_greenhouse_share": 0.98, "declared_irrigated_share": 0.0, "lon": -6.736892, "lat": 37.247844}}, {"type": "Feature", "geometry": {"type": "Polygon", "coordinates": [[[-6.732309, 37.236052], [-6.732305, 37.235962], [-6.73208, 37.235969], [-6.732071, 37.235789], [-6.731958, 37.235792], [-6.731963, 37.235882], [-6.731738, 37.235889], [-6.731733, 37.235799], [-6.731508, 37.235807], [-6.731504, 37.235717], [-6.731279, 37.235724], [-6.731157, 37.235547], [-6.730932, 37.235554], [-6.730928, 37.235465], [-6.73059, 37.235475], [-6.730469, 37.235299], [-6.73069, 37.235202], [-6.730694, 37.235292], [-6.730919, 37.235285], [-6.730924, 37.235375], [-6.731374, 37.23536], [-6.731378, 37.23545], [-6.73149, 37.235447], [-6.731486, 37.235357], [-6.731711, 37.23535], [-6.73172, 37.23553], [-6.731945, 37.235523], [-6.731949, 37.235612], [-6.732174, 37.235605], [-6.732179, 37.235695], [-6.732404, 37.235688], [-6.732408, 37.235778], [-6.732521, 37.235775], [-6.73253, 37.235955], [-6.732417, 37.235958], [-6.732422, 37.236048], [-6.732309, 37.236052]]]}, "properties": {"id": "donana-2024-168930-4127540", "ha": 0.55, "plastic_dates": 2.5, "valid_dates": 6.9, "admin_zone": "Zona C", "plan_zone": "Zona C - No regable", "distance_to_irrigable_m": 14, "sigpac_ref": "21:46:0:0:11:24:24", "sigpac_use": "IV", "sigpac_irrigation_coef": 100, "sigpac_url": "https://sigpac-hubcloud.es/servicioconsultassigpac/query/recinfo/21/46/0/0/11/24/24.json", "declared_greenhouse_share": 1.0, "declared_irrigated_share": 1.0, "lon": -6.731727, "lat": 37.235665}}, {"type": "Feature", "geometry": {"type": "Polygon", "coordinates": [[[-6.71456, 37.273817], [-6.714556, 37.273727], [-6.713317, 37.273766], [-6.713322, 37.273856], [-6.713209, 37.27386], [-6.713088, 37.273683], [-6.7123, 37.273708], [-6.712296, 37.273618], [-6.711845, 37.273632], [-6.71185, 37.273722], [-6.711737, 37.273726], [-6.711728, 37.273546], [-6.713079, 37.273504], [-6.713083, 37.273593], [-6.713984, 37.273565], [-6.713988, 37.273655], [-6.714101, 37.273652], [-6.714096, 37.273562], [-6.714322, 37.273555], [-6.714326, 37.273645], [-6.715114, 37.27362], [-6.715123, 37.2738], [-6.71456, 37.273817]]]}, "properties": {"id": "donana-2024-170660-4131700", "ha": 0.54, "plastic_dates": 3.7, "valid_dates": 5.0, "admin_zone": "Zona C", "plan_zone": "Zona C - No regable", "distance_to_irrigable_m": 19, "sigpac_ref": "21:46:0:0:9:35:2", "sigpac_use": "IV", "sigpac_irrigation_coef": 100, "sigpac_url": "https://sigpac-hubcloud.es/servicioconsultassigpac/query/recinfo/21/46/0/0/9/35/2.json", "declared_greenhouse_share": 1.0, "declared_irrigated_share": 1.0, "lon": -6.714103, "lat": 37.273697}}, {"type": "Feature", "geometry": {"type": "Polygon", "coordinates": [[[-6.786448, 37.257393], [-6.786443, 37.257303], [-6.786331, 37.257307], [-6.786322, 37.257127], [-6.786209, 37.25713], [-6.786196, 37.25686], [-6.786416, 37.256763], [-6.786412, 37.256673], [-6.786524, 37.25667], [-6.78652, 37.25658], [-6.786632, 37.256576], [-6.786623, 37.256396], [-6.786848, 37.256389], [-6.786952, 37.256206], [-6.787177, 37.256198], [-6.787186, 37.256378], [-6.786961, 37.256386], [-6.786965, 37.256475], [-6.786853, 37.256479], [-6.78688, 37.257019], [-6.786992, 37.257015], [-6.787001, 37.257195], [-6.786889, 37.257199], [-6.786893, 37.257289], [-6.786668, 37.257296], [-6.786673, 37.257386], [-6.786448, 37.257393]]]}, "properties": {"id": "donana-2024-164150-4130080", "ha": 0.54, "plastic_dates": 4.1, "valid_dates": 7.5, "admin_zone": "Zona A", "plan_zone": "Zona A - Suelo Forestal", "distance_to_irrigable_m": 14, "sigpac_ref": "21:50:0:0:28:45:5", "sigpac_use": "IV", "sigpac_irrigation_coef": 0, "sigpac_url": "https://sigpac-hubcloud.es/servicioconsultassigpac/query/recinfo/21/50/0/0/28/45/5.json", "declared_greenhouse_share": 0.85, "declared_irrigated_share": 0.0, "lon": -6.786587, "lat": 37.256803}}, {"type": "Feature", "geometry": {"type": "Polygon", "coordinates": [[[-6.710872, 37.240059], [-6.710868, 37.23997], [-6.710643, 37.239977], [-6.710638, 37.239887], [-6.710413, 37.239894], [-6.710292, 37.239717], [-6.710067, 37.239724], [-6.709946, 37.239548], [-6.709721, 37.239555], [-6.709707, 37.239285], [-6.709932, 37.239278], [-6.710054, 37.239455], [-6.710166, 37.239451], [-6.710171, 37.239541], [-6.710283, 37.239537], [-6.710288, 37.239627], [-6.710733, 37.239523], [-6.710742, 37.239703], [-6.710967, 37.239696], [-6.710954, 37.239426], [-6.711179, 37.239419], [-6.711183, 37.239509], [-6.711633, 37.239495], [-6.711638, 37.239585], [-6.71175, 37.239581], [-6.711763, 37.239851], [-6.711651, 37.239855], [-6.711646, 37.239765], [-6.711309, 37.239776], [-6.7113, 37.239596], [-6.711075, 37.239603], [-6.711084, 37.239783], [-6.710971, 37.239786], [-6.710985, 37.240056], [-6.710872, 37.240059]]]}, "properties": {"id": "donana-2024-170840-4127910", "ha": 0.54, "plastic_dates": 2.9, "valid_dates": 6.7, "admin_zone": "Zona A", "plan_zone": "Zona A - Suelo Forestal", "distance_to_irrigable_m": 20, "sigpac_ref": "21:46:0:0:9:108:3", "sigpac_use": "IV", "sigpac_irrigation_coef": 100, "sigpac_url": "https://sigpac-hubcloud.es/servicioconsultassigpac/query/recinfo/21/46/0/0/9/108/3.json", "declared_greenhouse_share": 1.0, "declared_irrigated_share": 1.0, "lon": -6.710402, "lat": 37.239669}}, {"type": "Feature", "geometry": {"type": "Polygon", "coordinates": [[[-6.735017, 37.238398], [-6.734981, 37.237679], [-6.735202, 37.237582], [-6.735197, 37.237492], [-6.735422, 37.237485], [-6.735543, 37.237661], [-6.735656, 37.237658], [-6.73566, 37.237748], [-6.735773, 37.237744], [-6.735782, 37.237924], [-6.735894, 37.23792], [-6.735899, 37.23801], [-6.735674, 37.238017], [-6.735683, 37.238197], [-6.735458, 37.238204], [-6.735354, 37.238388], [-6.735242, 37.238391], [-6.735246, 37.238481], [-6.735017, 37.238398]]]}, "properties": {"id": "donana-2024-168610-4127810", "ha": 0.54, "plastic_dates": 2.0, "valid_dates": 7.0, "admin_zone": "Zona A", "plan_zone": "Zona A - Suelo Forestal", "distance_to_irrigable_m": 97, "sigpac_ref": "21:46:0:0:16:6:12", "sigpac_use": "IV", "sigpac_irrigation_coef": 100, "sigpac_url": "https://sigpac-hubcloud.es/servicioconsultassigpac/query/recinfo/21/46/0/0/16/6/12.json", "declared_greenhouse_share": 1.0, "declared_irrigated_share": 1.0, "lon": -6.735447, "lat": 37.23798}}, {"type": "Feature", "geometry": {"type": "Polygon", "coordinates": [[[-6.741868, 37.233407], [-6.741864, 37.233317], [-6.741639, 37.233324], [-6.741634, 37.233234], [-6.741747, 37.233231], [-6.741738, 37.233051], [-6.74185, 37.233047], [-6.741841, 37.232867], [-6.741954, 37.232864], [-6.741945, 37.232684], [-6.742058, 37.23268], [-6.742049, 37.232501], [-6.742161, 37.232497], [-6.742152, 37.232317], [-6.742265, 37.232314], [-6.742256, 37.232134], [-6.742368, 37.23213], [-6.742359, 37.23195], [-6.742584, 37.231943], [-6.742598, 37.232213], [-6.742485, 37.232216], [-6.742503, 37.232576], [-6.742391, 37.23258], [-6.742404, 37.23285], [-6.742291, 37.232853], [-6.7423, 37.233033], [-6.742188, 37.233037], [-6.742206, 37.233396], [-6.741868, 37.233407]]]}, "properties": {"id": "donana-2024-167990-4127260", "ha": 0.54, "plastic_dates": 2.8, "valid_dates": 6.1, "admin_zone": "Zona A", "plan_zone": "Zona A - Suelo Forestal", "distance_to_irrigable_m": 19, "sigpac_ref": "21:46:0:0:16:12:15", "sigpac_use": "IV", "sigpac_irrigation_coef": 21, "sigpac_url": "https://sigpac-hubcloud.es/servicioconsultassigpac/query/recinfo/21/46/0/0/16/12/15.json", "declared_greenhouse_share": 1.0, "declared_irrigated_share": 1.0, "lon": -6.742174, "lat": 37.232767}}, {"type": "Feature", "geometry": {"type": "MultiPolygon", "coordinates": [[[[-6.515284, 37.228647], [-6.515172, 37.22865], [-6.515176, 37.22874], [-6.514951, 37.228747], [-6.514947, 37.228657], [-6.515167, 37.22856], [-6.515163, 37.22847], [-6.515276, 37.228467], [-6.515284, 37.228647]]], [[[-6.516022, 37.227544], [-6.516017, 37.227454], [-6.516355, 37.227444], [-6.516351, 37.227354], [-6.516463, 37.22735], [-6.516476, 37.22762], [-6.516026, 37.227634], [-6.51603, 37.227724], [-6.515805, 37.22773], [-6.515809, 37.22782], [-6.516034, 37.227814], [-6.51593, 37.227997], [-6.51638, 37.227984], [-6.516376, 37.227894], [-6.516488, 37.22789], [-6.516497, 37.22807], [-6.516051, 37.228173], [-6.516047, 37.228084], [-6.515822, 37.22809], [-6.515718, 37.228273], [-6.515605, 37.228277], [-6.515609, 37.228367], [-6.515497, 37.22837], [-6.515501, 37.22846], [-6.515276, 37.228467], [-6.515272, 37.228377], [-6.515384, 37.228374], [-6.51538, 37.228284], [-6.515492, 37.22828], [-6.515488, 37.22819], [-6.515601, 37.228187], [-6.515588, 37.227917], [-6.515701, 37.227914], [-6.515684, 37.227554], [-6.516022, 37.227544]]], [[[-6.515234, 37.227567], [-6.515347, 37.227564], [-6.515342, 37.227474], [-6.51568, 37.227464], [-6.515684, 37.227554], [-6.515459, 37.22756], [-6.515355, 37.227744], [-6.515242, 37.227747], [-6.515234, 37.227567]]], [[[-6.515247, 37.227837], [-6.515134, 37.22784], [-6.515138, 37.22793], [-6.515026, 37.227934], [-6.51513, 37.22775], [-6.515242, 37.227747], [-6.515247, 37.227837]]]]}, "properties": {"id": "donana-2024-188040-4125960", "ha": 0.54, "plastic_dates": 3.0, "valid_dates": 6.0, "admin_zone": "Zona C", "plan_zone": "Zona C - No regable", "distance_to_irrigable_m": 40, "sigpac_ref": "21:5:0:0:31:50:28", "sigpac_use": "IV", "sigpac_irrigation_coef": 19, "sigpac_url": "https://sigpac-hubcloud.es/servicioconsultassigpac/query/recinfo/21/5/0/0/31/50/28.json", "declared_greenhouse_share": 1.0, "declared_irrigated_share": 1.0, "lon": -6.516045, "lat": 37.228039}}, {"type": "Feature", "geometry": {"type": "MultiPolygon", "coordinates": [[[[-6.796557, 37.27914], [-6.796571, 37.27941], [-6.796458, 37.279413], [-6.796449, 37.279234], [-6.796337, 37.279237], [-6.796328, 37.279057], [-6.796557, 37.27914]]], [[[-6.796638, 37.278507], [-6.796652, 37.278777], [-6.796427, 37.278784], [-6.796418, 37.278604], [-6.796305, 37.278608], [-6.796319, 37.278877], [-6.796431, 37.278874], [-6.796436, 37.278964], [-6.796323, 37.278967], [-6.796328, 37.279057], [-6.796215, 37.279061], [-6.796075, 37.278525], [-6.795846, 37.278442], [-6.795832, 37.278172], [-6.79572, 37.278176], [-6.795702, 37.277816], [-6.795476, 37.277823], [-6.79558, 37.27764], [-6.795467, 37.277644], [-6.795463, 37.277554], [-6.795575, 37.27755], [-6.795571, 37.27746], [-6.795458, 37.277464], [-6.795454, 37.277374], [-6.795683, 37.277456], [-6.795823, 37.277992], [-6.795936, 37.277989], [-6.795949, 37.278259], [-6.796287, 37.278248], [-6.796282, 37.278158], [-6.796508, 37.278151], [-6.796517, 37.278331], [-6.796404, 37.278334], [-6.796409, 37.278424], [-6.796638, 37.278507]], [[-6.796296, 37.278428], [-6.796301, 37.278518], [-6.796413, 37.278514], [-6.796409, 37.278424], [-6.796296, 37.278428]], [[-6.796291, 37.278338], [-6.796179, 37.278341], [-6.796183, 37.278431], [-6.796296, 37.278428], [-6.796291, 37.278338]]]]}, "properties": {"id": "donana-2024-163410-4132510", "ha": 0.53, "plastic_dates": 2.8, "valid_dates": 5.7, "admin_zone": "Zona C", "plan_zone": "Zona C - No regable", "distance_to_irrigable_m": 40, "sigpac_ref": "21:50:0:0:9:209:20", "sigpac_use": "IV", "sigpac_irrigation_coef": 0, "sigpac_url": "https://sigpac-hubcloud.es/servicioconsultassigpac/query/recinfo/21/50/0/0/9/209/20.json", "declared_greenhouse_share": 1.0, "declared_irrigated_share": 0.0, "lon": -6.796012, "lat": 37.278392}}, {"type": "Feature", "geometry": {"type": "MultiPolygon", "coordinates": [[[[-6.777339, 37.226244], [-6.777227, 37.226247], [-6.777222, 37.226157], [-6.777335, 37.226154], [-6.777339, 37.226244]]], [[[-6.777443, 37.22606], [-6.777447, 37.22615], [-6.777335, 37.226154], [-6.77733, 37.226064], [-6.777443, 37.22606]]], [[[-6.77733, 37.226064], [-6.777218, 37.226067], [-6.777213, 37.225977], [-6.777326, 37.225974], [-6.77733, 37.226064]]], [[[-6.777425, 37.2257], [-6.777438, 37.22597], [-6.777326, 37.225974], [-6.777317, 37.225794], [-6.777204, 37.225797], [-6.7772, 37.225708], [-6.777425, 37.2257]]], [[[-6.776525, 37.225729], [-6.776521, 37.225639], [-6.776296, 37.225646], [-6.776291, 37.225556], [-6.776404, 37.225553], [-6.776386, 37.225193], [-6.776273, 37.225197], [-6.776269, 37.225107], [-6.776719, 37.225092], [-6.776723, 37.225182], [-6.776948, 37.225175], [-6.777069, 37.225351], [-6.777182, 37.225348], [-6.777191, 37.225528], [-6.777303, 37.225524], [-6.777308, 37.225614], [-6.777195, 37.225618], [-6.7772, 37.225708], [-6.776525, 37.225729]]], [[[-6.77711, 37.226161], [-6.777114, 37.226251], [-6.777002, 37.226254], [-6.777105, 37.226071], [-6.777218, 37.226067], [-6.777222, 37.226157], [-6.77711, 37.226161]]]]}, "properties": {"id": "donana-2024-164880-4126590", "ha": 0.53, "plastic_dates": 2.0, "valid_dates": 7.0, "admin_zone": "Zona A", "plan_zone": "Zona A - Suelo Forestal", "distance_to_irrigable_m": 17, "sigpac_ref": "21:50:0:0:32:53:39", "sigpac_use": "IV", "sigpac_irrigation_coef": 100, "sigpac_url": "https://sigpac-hubcloud.es/servicioconsultassigpac/query/recinfo/21/50/0/0/32/53/39.json", "declared_greenhouse_share": 0.98, "declared_irrigated_share": 0.72, "lon": -6.77686, "lat": 37.225673}}, {"type": "Feature", "geometry": {"type": "Polygon", "coordinates": [[[-6.768936, 37.276871], [-6.768932, 37.276781], [-6.768706, 37.276788], [-6.768697, 37.276608], [-6.768468, 37.276525], [-6.768454, 37.276256], [-6.768792, 37.276245], [-6.768788, 37.276155], [-6.769125, 37.276144], [-6.769121, 37.276054], [-6.769346, 37.276047], [-6.769359, 37.276317], [-6.769472, 37.276313], [-6.769476, 37.276403], [-6.769364, 37.276407], [-6.769382, 37.276767], [-6.769044, 37.276777], [-6.769049, 37.276867], [-6.768936, 37.276871]]]}, "properties": {"id": "donana-2024-165810-4132200", "ha": 0.52, "plastic_dates": 4.2, "valid_dates": 5.5, "admin_zone": "Zona C", "plan_zone": "Zona C - No regable", "distance_to_irrigable_m": 100, "sigpac_ref": "21:50:0:0:10:101:11", "sigpac_use": "IV", "sigpac_irrigation_coef": 0, "sigpac_url": "https://sigpac-hubcloud.es/servicioconsultassigpac/query/recinfo/21/50/0/0/10/101/11.json", "declared_greenhouse_share": 1.0, "declared_irrigated_share": 0.42, "lon": -6.768916, "lat": 37.276466}}, {"type": "Feature", "geometry": {"type": "Polygon", "coordinates": [[[-6.788789, 37.261372], [-6.788752, 37.260652], [-6.789203, 37.260638], [-6.789207, 37.260728], [-6.78932, 37.260724], [-6.789423, 37.260541], [-6.789536, 37.260537], [-6.789563, 37.261077], [-6.78945, 37.26108], [-6.789459, 37.26126], [-6.789347, 37.261264], [-6.789351, 37.261354], [-6.788789, 37.261372]]]}, "properties": {"id": "donana-2024-163940-4130550", "ha": 0.52, "plastic_dates": 2.4, "valid_dates": 6.8, "admin_zone": "Zona A", "plan_zone": "Zona A - Suelo Forestal", "distance_to_irrigable_m": 21, "sigpac_ref": "21:50:0:0:29:73:1", "sigpac_use": "TA", "sigpac_irrigation_coef": 0, "sigpac_url": "https://sigpac-hubcloud.es/servicioconsultassigpac/query/recinfo/21/50/0/0/29/73/1.json", "declared_greenhouse_share": 0.0, "declared_irrigated_share": 0.0, "lon": -6.78916, "lat": 37.26091}}, {"type": "Feature", "geometry": {"type": "Polygon", "coordinates": [[[-6.77556, 37.251525], [-6.775551, 37.251345], [-6.775101, 37.25136], [-6.775223, 37.251536], [-6.774997, 37.251543], [-6.77498, 37.251183], [-6.774867, 37.251187], [-6.774858, 37.251007], [-6.774745, 37.251011], [-6.774732, 37.250741], [-6.77462, 37.250744], [-6.774615, 37.250654], [-6.775065, 37.25064], [-6.775052, 37.25037], [-6.775164, 37.250367], [-6.775182, 37.250726], [-6.775407, 37.250719], [-6.775425, 37.251079], [-6.775538, 37.251075], [-6.775547, 37.251255], [-6.775659, 37.251252], [-6.775673, 37.251521], [-6.77556, 37.251525]], [[-6.77543, 37.251169], [-6.775317, 37.251172], [-6.775322, 37.251262], [-6.775434, 37.251259], [-6.77543, 37.251169]]]}, "properties": {"id": "donana-2024-165150-4129380", "ha": 0.52, "plastic_dates": 2.1, "valid_dates": 7.0, "admin_zone": "Zona A", "plan_zone": "Zona A - Suelo Forestal", "distance_to_irrigable_m": 20, "sigpac_ref": "21:50:0:0:31:23:15", "sigpac_use": "IV", "sigpac_irrigation_coef": 100, "sigpac_url": "https://sigpac-hubcloud.es/servicioconsultassigpac/query/recinfo/21/50/0/0/31/23/15.json", "declared_greenhouse_share": 1.0, "declared_irrigated_share": 0.94, "lon": -6.775076, "lat": 37.250865}}, {"type": "Feature", "geometry": {"type": "Polygon", "coordinates": [[[-6.704224, 37.295223], [-6.70422, 37.295133], [-6.703882, 37.295143], [-6.703873, 37.294963], [-6.704094, 37.294866], [-6.704085, 37.294686], [-6.704198, 37.294683], [-6.704189, 37.294503], [-6.704414, 37.294496], [-6.704419, 37.294586], [-6.704644, 37.294579], [-6.704648, 37.294669], [-6.704874, 37.294662], [-6.704878, 37.294752], [-6.704991, 37.294748], [-6.704999, 37.294928], [-6.704779, 37.295025], [-6.704783, 37.295115], [-6.70467, 37.295119], [-6.704675, 37.295208], [-6.704224, 37.295223]]]}, "properties": {"id": "donana-2024-171600-4134020", "ha": 0.51, "plastic_dates": 4.8, "valid_dates": 6.0, "admin_zone": "Zona C", "plan_zone": "Zona C - No regable", "distance_to_irrigable_m": 21, "sigpac_ref": "21:46:0:0:8:245:2", "sigpac_use": "IV", "sigpac_irrigation_coef": 0, "sigpac_url": "https://sigpac-hubcloud.es/servicioconsultassigpac/query/recinfo/21/46/0/0/8/245/2.json", "declared_greenhouse_share": 1.0, "declared_irrigated_share": 0.0, "lon": -6.704491, "lat": 37.294899}}, {"type": "Feature", "geometry": {"type": "Polygon", "coordinates": [[[-6.763451, 37.241461], [-6.763442, 37.241281], [-6.76378, 37.24127], [-6.763766, 37.241], [-6.763879, 37.240997], [-6.763892, 37.241267], [-6.764005, 37.241263], [-6.763991, 37.240993], [-6.764216, 37.240986], [-6.764338, 37.241162], [-6.764117, 37.241259], [-6.764131, 37.241529], [-6.763906, 37.241536], [-6.76391, 37.241626], [-6.764023, 37.241623], [-6.764027, 37.241713], [-6.763915, 37.241716], [-6.763923, 37.241896], [-6.764036, 37.241893], [-6.764049, 37.242163], [-6.763829, 37.24226], [-6.763833, 37.24235], [-6.763721, 37.242353], [-6.763703, 37.241993], [-6.76359, 37.241997], [-6.763564, 37.241457], [-6.763451, 37.241461]], [[-6.763789, 37.24145], [-6.763784, 37.24136], [-6.763559, 37.241367], [-6.763564, 37.241457], [-6.763789, 37.24145]]]}, "properties": {"id": "donana-2024-166110-4128320", "ha": 0.51, "plastic_dates": 2.6, "valid_dates": 6.9, "admin_zone": "Zona A", "plan_zone": "Zona A - Suelo Forestal", "distance_to_irrigable_m": 16, "sigpac_ref": "21:50:0:0:32:65:1", "sigpac_use": "IV", "sigpac_irrigation_coef": 100, "sigpac_url": "https://sigpac-hubcloud.es/servicioconsultassigpac/query/recinfo/21/50/0/0/32/65/1.json", "declared_greenhouse_share": 1.0, "declared_irrigated_share": 1.0, "lon": -6.7638, "lat": 37.241675}}]}