{"type": "FeatureCollection", "features": [{"type": "Feature", "geometry": {"type": "MultiPolygon", "coordinates": [[[[-6.734495, 37.236974], [-6.734383, 37.236977], [-6.73437, 37.236707], [-6.734482, 37.236704], [-6.734495, 37.236974]]], [[[-6.735256, 37.236409], [-6.735036, 37.236506], [-6.73504, 37.236596], [-6.734928, 37.2366], [-6.734932, 37.236689], [-6.73482, 37.236693], [-6.734824, 37.236783], [-6.734599, 37.23679], [-6.734595, 37.2367], [-6.734482, 37.236704], [-6.734473, 37.236524], [-6.734586, 37.23652], [-6.734559, 37.235981], [-6.734447, 37.235984], [-6.734442, 37.235894], [-6.734672, 37.235977], [-6.734676, 37.236067], [-6.735013, 37.236056], [-6.735022, 37.236236], [-6.735247, 37.236229], [-6.735256, 37.236409]]], [[[-6.737203, 37.232474], [-6.737216, 37.232743], [-6.737103, 37.232747], [-6.737121, 37.233107], [-6.737009, 37.23311], [-6.737022, 37.23338], [-6.73691, 37.233384], [-6.736914, 37.233474], [-6.736689, 37.233481], [-6.736693, 37.233571], [-6.736918, 37.233564], [-6.736923, 37.233654], [-6.73681, 37.233657], [-6.736828, 37.234017], [-6.736716, 37.234021], [-6.736738, 37.23447], [-6.736625, 37.234474], [-6.736643, 37.234834], [-6.736418, 37.234841], [-6.736423, 37.234931], [-6.73631, 37.234934], [-6.736323, 37.235204], [-6.736211, 37.235208], [-6.73622, 37.235388], [-6.736107, 37.235391], [-6.736116, 37.235571], [-6.735896, 37.235668], [-6.735905, 37.235848], [-6.73568, 37.235855], [-6.735585, 37.236218], [-6.735247, 37.236229], [-6.735243, 37.236139], [-6.735468, 37.236132], [-6.735463, 37.236042], [-6.735238, 37.236049], [-6.735234, 37.235959], [-6.735455, 37.235862], [-6.73545, 37.235772], [-6.735675, 37.235765], [-6.735779, 37.235582], [-6.735891, 37.235578], [-6.735869, 37.235128], [-6.73564, 37.235046], [-6.735635, 37.234956], [-6.735523, 37.234959], [-6.735518, 37.234869], [-6.735406, 37.234873], [-6.735401, 37.234783], [-6.735176, 37.23479], [-6.735055, 37.234614], [-6.734717, 37.234624], [-6.734708, 37.234444], [-6.734488, 37.234541], [-6.734479, 37.234361], [-6.734592, 37.234358], [-6.734578, 37.234088], [-6.734691, 37.234084], [-6.734606, 37.232375], [-6.734494, 37.232379], [-6.734485, 37.232199], [-6.734372, 37.232203], [-6.734476, 37.232019], [-6.734364, 37.232023], [-6.73435, 37.231753], [-6.734575, 37.231746], [-6.734571, 37.231656], [-6.734683, 37.231652], [-6.734688, 37.231742], [-6.735363, 37.231721], [-6.735367, 37.231811], [-6.735817, 37.231797], [-6.735822, 37.231887], [-6.736159, 37.231876], [-6.736163, 37.231966], [-6.736951, 37.231941], [-6.737072, 37.232117], [-6.737185, 37.232114], [-6.737081, 37.232297], [-6.737194, 37.232294], [-6.737198, 37.232384], [-6.737086, 37.232387], [-6.73709, 37.232477], [-6.737203, 37.232474]], [[-6.736865, 37.232484], [-6.736869, 37.232574], [-6.737094, 37.232567], [-6.73709, 37.232477], [-6.736865, 37.232484]], [[-6.735901, 37.233506], [-6.735677, 37.233513], [-6.735681, 37.233603], [-6.735906, 37.233596], [-6.735901, 37.233506]], [[-6.735443, 37.23334], [-6.735218, 37.233347], [-6.735222, 37.233437], [-6.735447, 37.23343], [-6.735443, 37.23334]], [[-6.736676, 37.233211], [-6.736563, 37.233215], [-6.736568, 37.233304], [-6.73668, 37.233301], [-6.736676, 37.233211]], [[-6.735641, 37.232793], [-6.735528, 37.232797], [-6.735533, 37.232887], [-6.735645, 37.232883], [-6.735641, 37.232793]]]]}, "properties": {"id": "donana-2023-168570-4127390", "ha": 7.67, "plastic_dates": 5.2, "valid_dates": 9.6, "admin_zone": "Zona A", "plan_zone": "Zona A - Suelo Forestal", "distance_to_irrigable_m": 19, "sigpac_ref": "21:46:0:0:16:9:2", "sigpac_use": "IV", "sigpac_irrigation_coef": 100, "sigpac_url": "https://sigpac-hubcloud.es/servicioconsultassigpac/query/recinfo/21/46/0/0/16/9/2.json", "declared_greenhouse_share": 1.0, "declared_irrigated_share": 0.9, "lon": -6.735654, "lat": 37.234189}}, {"type": "Feature", "geometry": {"type": "Polygon", "coordinates": [[[-6.768407, 37.293374], [-6.768403, 37.293284], [-6.768065, 37.293295], [-6.76806, 37.293205], [-6.767948, 37.293208], [-6.767939, 37.293028], [-6.767826, 37.293032], [-6.767799, 37.292492], [-6.767912, 37.292489], [-6.767907, 37.292399], [-6.768245, 37.292388], [-6.768241, 37.292298], [-6.769479, 37.292259], [-6.769475, 37.292169], [-6.769925, 37.292154], [-6.76992, 37.292064], [-6.770371, 37.29205], [-6.770366, 37.29196], [-6.771154, 37.291935], [-6.77115, 37.291845], [-6.772163, 37.291813], [-6.772158, 37.291723], [-6.772834, 37.291701], [-6.772829, 37.291611], [-6.773392, 37.291593], [-6.773388, 37.291503], [-6.773951, 37.291485], [-6.773946, 37.291395], [-6.774622, 37.291374], [-6.774617, 37.291284], [-6.774847, 37.291367], [-6.774842, 37.291277], [-6.77518, 37.291266], [-6.775176, 37.291176], [-6.775626, 37.291162], [-6.77563, 37.291251], [-6.775968, 37.291241], [-6.775973, 37.291331], [-6.776198, 37.291323], [-6.776202, 37.291413], [-6.776427, 37.291406], [-6.776454, 37.291946], [-6.776342, 37.291949], [-6.776351, 37.292129], [-6.774887, 37.292176], [-6.774883, 37.292086], [-6.774658, 37.292093], [-6.774554, 37.292277], [-6.773653, 37.292306], [-6.773658, 37.292395], [-6.772082, 37.292446], [-6.772086, 37.292536], [-6.771861, 37.292543], [-6.771866, 37.292633], [-6.771636, 37.29255], [-6.771641, 37.29264], [-6.771078, 37.292658], [-6.771082, 37.292748], [-6.770744, 37.292759], [-6.770641, 37.292942], [-6.770303, 37.292953], [-6.770312, 37.293133], [-6.769637, 37.293154], [-6.769641, 37.293244], [-6.768515, 37.29328], [-6.76852, 37.29337], [-6.768407, 37.293374]]]}, "properties": {"id": "donana-2023-165670-4133970", "ha": 7.43, "plastic_dates": 6.4, "valid_dates": 7.3, "admin_zone": "Zona C", "plan_zone": "Zona C - No regable", "distance_to_irrigable_m": 16, "sigpac_ref": "21:46:0:0:20:1:2", "sigpac_use": "IV", "sigpac_irrigation_coef": 0, "sigpac_url": "https://sigpac-hubcloud.es/servicioconsultassigpac/query/recinfo/21/46/0/0/20/1/2.json", "declared_greenhouse_share": 1.0, "declared_irrigated_share": 0.0, "lon": -6.771231, "lat": 37.292338}}, {"type": "Feature", "geometry": {"type": "Polygon", "coordinates": [[[-6.525797, 37.161664], [-6.525793, 37.161574], [-6.525568, 37.16158], [-6.525564, 37.16149], [-6.525452, 37.161494], [-6.525435, 37.161134], [-6.525547, 37.16113], [-6.525539, 37.16095], [-6.525764, 37.160944], [-6.525759, 37.160854], [-6.525535, 37.16086], [-6.525493, 37.159961], [-6.525605, 37.159957], [-6.525601, 37.159867], [-6.525489, 37.159871], [-6.525484, 37.159781], [-6.525822, 37.159771], [-6.525818, 37.159681], [-6.525593, 37.159687], [-6.525555, 37.158878], [-6.525667, 37.158874], [-6.525663, 37.158784], [-6.525551, 37.158788], [-6.525542, 37.158608], [-6.52588, 37.158598], [-6.525876, 37.158508], [-6.525538, 37.158518], [-6.525534, 37.158428], [-6.525647, 37.158425], [-6.525642, 37.158335], [-6.52553, 37.158338], [-6.525522, 37.158158], [-6.525634, 37.158155], [-6.525601, 37.157435], [-6.525938, 37.157425], [-6.525934, 37.157335], [-6.525596, 37.157345], [-6.525692, 37.156982], [-6.52558, 37.156985], [-6.525555, 37.156445], [-6.525779, 37.156439], [-6.525784, 37.156528], [-6.527245, 37.156485], [-6.527253, 37.156665], [-6.527141, 37.156668], [-6.527153, 37.156938], [-6.527041, 37.156941], [-6.527058, 37.157301], [-6.52717, 37.157298], [-6.527174, 37.157388], [-6.526949, 37.157395], [-6.526954, 37.157485], [-6.527178, 37.157478], [-6.527183, 37.157568], [-6.52707, 37.157571], [-6.527083, 37.157841], [-6.527195, 37.157838], [-6.52722, 37.158378], [-6.527108, 37.158381], [-6.527116, 37.158561], [-6.527004, 37.158564], [-6.527008, 37.158654], [-6.52712, 37.158651], [-6.527166, 37.159641], [-6.526946, 37.159737], [-6.52695, 37.159827], [-6.527062, 37.159824], [-6.5271, 37.160634], [-6.526988, 37.160637], [-6.527, 37.160907], [-6.526775, 37.160914], [-6.52678, 37.161004], [-6.527004, 37.160997], [-6.527009, 37.161087], [-6.526896, 37.16109], [-6.526909, 37.16136], [-6.526688, 37.161457], [-6.526692, 37.161547], [-6.526355, 37.161557], [-6.526359, 37.161647], [-6.525797, 37.161664]], [[-6.526859, 37.16028], [-6.525959, 37.160307], [-6.525963, 37.160397], [-6.526863, 37.16037], [-6.526859, 37.16028]], [[-6.526917, 37.159107], [-6.525905, 37.159138], [-6.525909, 37.159228], [-6.526921, 37.159197], [-6.526917, 37.159107]], [[-6.526975, 37.157935], [-6.525963, 37.157965], [-6.525967, 37.158055], [-6.526979, 37.158024], [-6.526975, 37.157935]], [[-6.527033, 37.156762], [-6.525908, 37.156795], [-6.525913, 37.156885], [-6.527037, 37.156852], [-6.527033, 37.156762]]]}, "properties": {"id": "donana-2023-186840-4118330", "ha": 7.17, "plastic_dates": 5.9, "valid_dates": 7.8, "admin_zone": "Zona B", "plan_zone": "Zona B - No regable", "distance_to_irrigable_m": 16, "sigpac_ref": "21:5:0:0:44:80:7", "sigpac_use": "IV", "sigpac_irrigation_coef": 0, "sigpac_url": "https://sigpac-hubcloud.es/servicioconsultassigpac/query/recinfo/21/5/0/0/44/80/7.json", "declared_greenhouse_share": 1.0, "declared_irrigated_share": 0.0, "lon": -6.526348, "lat": 37.158989}}, {"type": "Feature", "geometry": {"type": "Polygon", "coordinates": [[[-6.694289, 37.288056], [-6.694167, 37.28788], [-6.693829, 37.28789], [-6.693825, 37.2878], [-6.693712, 37.287804], [-6.693699, 37.287534], [-6.69392, 37.287437], [-6.693902, 37.287077], [-6.694015, 37.287074], [-6.693997, 37.286714], [-6.693885, 37.286717], [-6.693872, 37.286448], [-6.694092, 37.286351], [-6.694088, 37.286261], [-6.693975, 37.286264], [-6.693967, 37.286084], [-6.694079, 37.286081], [-6.69407, 37.285901], [-6.694183, 37.285897], [-6.694161, 37.285448], [-6.694273, 37.285444], [-6.694265, 37.285264], [-6.694377, 37.285261], [-6.694463, 37.284717], [-6.694576, 37.284714], [-6.694558, 37.284354], [-6.695909, 37.284312], [-6.695905, 37.284222], [-6.696017, 37.284218], [-6.696022, 37.284308], [-6.696247, 37.284301], [-6.696251, 37.284391], [-6.696477, 37.284384], [-6.69649, 37.284654], [-6.696377, 37.284658], [-6.696386, 37.284837], [-6.696273, 37.284841], [-6.696287, 37.285111], [-6.696174, 37.285114], [-6.696183, 37.285294], [-6.69607, 37.285298], [-6.696079, 37.285478], [-6.695858, 37.285575], [-6.695863, 37.285665], [-6.69575, 37.285668], [-6.695872, 37.285844], [-6.695759, 37.285848], [-6.695768, 37.286028], [-6.695655, 37.286031], [-6.695664, 37.286211], [-6.695551, 37.286215], [-6.69556, 37.286395], [-6.695448, 37.286398], [-6.695457, 37.286578], [-6.695344, 37.286582], [-6.695353, 37.286762], [-6.69524, 37.286765], [-6.695249, 37.286945], [-6.695136, 37.286949], [-6.69515, 37.287218], [-6.695037, 37.287222], [-6.695046, 37.287402], [-6.694933, 37.287405], [-6.694946, 37.287675], [-6.694726, 37.287772], [-6.694739, 37.288042], [-6.694289, 37.288056]], [[-6.6946, 37.287506], [-6.694262, 37.287516], [-6.694267, 37.287606], [-6.694604, 37.287596], [-6.6946, 37.287506]], [[-6.694309, 37.286164], [-6.694196, 37.286167], [-6.694201, 37.286257], [-6.694313, 37.286254], [-6.694309, 37.286164]], [[-6.694529, 37.286067], [-6.694417, 37.28607], [-6.694421, 37.28616], [-6.694534, 37.286157], [-6.694529, 37.286067]], [[-6.694863, 37.285966], [-6.694638, 37.285973], [-6.694642, 37.286063], [-6.694867, 37.286056], [-6.694863, 37.285966]], [[-6.695196, 37.285866], [-6.694971, 37.285873], [-6.694975, 37.285963], [-6.695201, 37.285956], [-6.695196, 37.285866]], [[-6.695642, 37.285762], [-6.695304, 37.285772], [-6.695309, 37.285862], [-6.695646, 37.285852], [-6.695642, 37.285762]]]}, "properties": {"id": "donana-2023-172410-4133020", "ha": 5.38, "plastic_dates": 4.8, "valid_dates": 9.0, "admin_zone": "Zona A", "plan_zone": "Zona A - Suelo Forestal", "distance_to_irrigable_m": 16, "sigpac_ref": "21:14:0:0:15:1:3", "sigpac_use": "IV", "sigpac_irrigation_coef": 100, "sigpac_url": "https://sigpac-hubcloud.es/servicioconsultassigpac/query/recinfo/21/14/0/0/15/1/3.json", "declared_greenhouse_share": 1.0, "declared_irrigated_share": 1.0, "lon": -6.694986, "lat": 37.286187}}, {"type": "Feature", "geometry": {"type": "MultiPolygon", "coordinates": [[[[-6.643705, 37.237553], [-6.64348, 37.23756], [-6.643484, 37.23765], [-6.643147, 37.237661], [-6.643143, 37.237571], [-6.642918, 37.237578], [-6.642909, 37.237398], [-6.642796, 37.237401], [-6.642792, 37.237311], [-6.643017, 37.237304], [-6.643013, 37.237214], [-6.642788, 37.237221], [-6.642783, 37.237131], [-6.642671, 37.237135], [-6.642675, 37.237225], [-6.642563, 37.237228], [-6.642554, 37.237048], [-6.642325, 37.236965], [-6.64232, 37.236875], [-6.642095, 37.236882], [-6.641974, 37.236706], [-6.641862, 37.236709], [-6.641857, 37.236619], [-6.64197, 37.236616], [-6.641965, 37.236526], [-6.641853, 37.236529], [-6.641849, 37.236439], [-6.641736, 37.236443], [-6.641732, 37.236353], [-6.641619, 37.236356], [-6.641624, 37.236446], [-6.641511, 37.23645], [-6.641615, 37.236266], [-6.641386, 37.236183], [-6.641381, 37.236093], [-6.641156, 37.2361], [-6.641035, 37.235924], [-6.640923, 37.235927], [-6.640918, 37.235837], [-6.640806, 37.235841], [-6.640797, 37.235661], [-6.641018, 37.235564], [-6.641013, 37.235474], [-6.641238, 37.235467], [-6.641243, 37.235557], [-6.64113, 37.235561], [-6.641135, 37.235651], [-6.641247, 37.235647], [-6.641251, 37.235737], [-6.641364, 37.235734], [-6.64136, 37.235644], [-6.641472, 37.23564], [-6.641468, 37.23555], [-6.641355, 37.235554], [-6.641351, 37.235464], [-6.641463, 37.23546], [-6.641455, 37.23528], [-6.64168, 37.235273], [-6.641688, 37.235453], [-6.641576, 37.235457], [-6.64158, 37.235547], [-6.641805, 37.23554], [-6.641926, 37.235716], [-6.642039, 37.235713], [-6.642043, 37.235803], [-6.642156, 37.235799], [-6.64216, 37.235889], [-6.642273, 37.235886], [-6.642277, 37.235976], [-6.642615, 37.235965], [-6.642619, 37.236055], [-6.642731, 37.236052], [-6.642727, 37.235962], [-6.643177, 37.235948], [-6.643168, 37.235768], [-6.643393, 37.235761], [-6.643497, 37.235578], [-6.64361, 37.235574], [-6.643601, 37.235394], [-6.643939, 37.235384], [-6.644043, 37.235201], [-6.644268, 37.235194], [-6.644289, 37.235644], [-6.644519, 37.235727], [-6.644523, 37.235817], [-6.644635, 37.235813], [-6.644644, 37.235993], [-6.644532, 37.235996], [-6.644536, 37.236086], [-6.644761, 37.236079], [-6.644765, 37.236169], [-6.644878, 37.236166], [-6.644891, 37.236436], [-6.644445, 37.23654], [-6.644458, 37.23681], [-6.644233, 37.236816], [-6.644237, 37.236906], [-6.643675, 37.236924], [-6.643679, 37.237014], [-6.644129, 37.237], [-6.644134, 37.23709], [-6.644021, 37.237093], [-6.64403, 37.237273], [-6.643809, 37.23737], [-6.643813, 37.23746], [-6.643701, 37.237463], [-6.643705, 37.237553]], [[-6.641476, 37.23573], [-6.641589, 37.235727], [-6.641585, 37.235637], [-6.641472, 37.23564], [-6.641476, 37.23573]], [[-6.641593, 37.235817], [-6.641706, 37.235813], [-6.641701, 37.235723], [-6.641589, 37.235727], [-6.641593, 37.235817]], [[-6.64171, 37.235903], [-6.641823, 37.2359], [-6.641818, 37.23581], [-6.641706, 37.235813], [-6.64171, 37.235903]], [[-6.641827, 37.23599], [-6.641939, 37.235986], [-6.641935, 37.235896], [-6.641823, 37.2359], [-6.641827, 37.23599]], [[-6.641944, 37.236076], [-6.642056, 37.236073], [-6.642052, 37.235983], [-6.641939, 37.235986], [-6.641944, 37.236076]], [[-6.642061, 37.236163], [-6.642173, 37.236159], [-6.642169, 37.236069], [-6.642056, 37.236073], [-6.642061, 37.236163]], [[-6.643614, 37.235664], [-6.643727, 37.235661], [-6.643722, 37.235571], [-6.64361, 37.235574], [-6.643614, 37.235664]], [[-6.643731, 37.235751], [-6.643843, 37.235747], [-6.643839, 37.235657], [-6.643727, 37.235661], [-6.643731, 37.235751]], [[-6.643848, 37.235837], [-6.64396, 37.235834], [-6.643956, 37.235744], [-6.643843, 37.235747], [-6.643848, 37.235837]], [[-6.643965, 37.235924], [-6.644077, 37.23592], [-6.644073, 37.23583], [-6.64396, 37.235834], [-6.643965, 37.235924]], [[-6.644082, 37.23601], [-6.644194, 37.236007], [-6.64419, 37.235917], [-6.644077, 37.23592], [-6.644082, 37.23601]], [[-6.644185, 37.235827], [-6.644181, 37.235737], [-6.644069, 37.23574], [-6.644073, 37.23583], [-6.644185, 37.235827]], [[-6.643697, 37.237374], [-6.643584, 37.237377], [-6.643588, 37.237467], [-6.643701, 37.237463], [-6.643697, 37.237374]], [[-6.64358, 37.237287], [-6.643467, 37.23729], [-6.643471, 37.23738], [-6.643584, 37.237377], [-6.64358, 37.237287]], [[-6.643121, 37.237121], [-6.643346, 37.237114], [-6.643337, 37.236934], [-6.643117, 37.237031], [-6.643121, 37.237121]], [[-6.643108, 37.236851], [-6.642995, 37.236855], [-6.643004, 37.237034], [-6.643117, 37.237031], [-6.643108, 37.236851]], [[-6.64322, 37.236848], [-6.643216, 37.236758], [-6.643104, 37.236761], [-6.643108, 37.236851], [-6.64322, 37.236848]], [[-6.642991, 37.236765], [-6.642879, 37.236768], [-6.642883, 37.236858], [-6.642995, 37.236855], [-6.642991, 37.236765]], [[-6.642874, 37.236678], [-6.642762, 37.236682], [-6.642766, 37.236772], [-6.642879, 37.236768], [-6.642874, 37.236678]], [[-6.642757, 37.236592], [-6.642645, 37.236595], [-6.642649, 37.236685], [-6.642762, 37.236682], [-6.642757, 37.236592]], [[-6.642641, 37.236505], [-6.642528, 37.236509], [-6.642532, 37.236599], [-6.642645, 37.236595], [-6.642641, 37.236505]], [[-6.642524, 37.236419], [-6.642411, 37.236422], [-6.642416, 37.236512], [-6.642528, 37.236509], [-6.642524, 37.236419]], [[-6.643774, 37.23665], [-6.643887, 37.236647], [-6.643883, 37.236557], [-6.64377, 37.23656], [-6.643774, 37.23665]], [[-6.643766, 37.23647], [-6.643653, 37.236474], [-6.643657, 37.236564], [-6.64377, 37.23656], [-6.643766, 37.23647]], [[-6.643649, 37.236384], [-6.643536, 37.236387], [-6.643541, 37.236477], [-6.643653, 37.236474], [-6.643649, 37.236384]], [[-6.643532, 37.236297], [-6.643419, 37.236301], [-6.643424, 37.236391], [-6.643536, 37.236387], [-6.643532, 37.236297]], [[-6.643415, 37.236211], [-6.643186, 37.236128], [-6.643207, 37.236578], [-6.64332, 37.236574], [-6.643307, 37.236304], [-6.643419, 37.236301], [-6.643415, 37.236211]], [[-6.644553, 37.236446], [-6.644666, 37.236443], [-6.644661, 37.236353], [-6.644549, 37.236356], [-6.644553, 37.236446]], [[-6.644545, 37.236266], [-6.644432, 37.23627], [-6.644436, 37.23636], [-6.644549, 37.236356], [-6.644545, 37.236266]], [[-6.644428, 37.23618], [-6.644315, 37.236183], [-6.64432, 37.236273], [-6.644432, 37.23627], [-6.644428, 37.23618]], [[-6.641719, 37.236083], [-6.641606, 37.236087], [-6.641611, 37.236176], [-6.641723, 37.236173], [-6.641719, 37.236083]], [[-6.643852, 37.235927], [-6.64374, 37.235931], [-6.643744, 37.236021], [-6.643857, 37.236017], [-6.643852, 37.235927]], [[-6.641022, 37.235654], [-6.64091, 37.235658], [-6.640914, 37.235747], [-6.641026, 37.235744], [-6.641022, 37.235654]]], [[[-6.641455, 37.23528], [-6.641342, 37.235284], [-6.641351, 37.235464], [-6.641238, 37.235467], [-6.640996, 37.235114], [-6.640884, 37.235118], [-6.640892, 37.235298], [-6.641005, 37.235294], [-6.641009, 37.235384], [-6.640784, 37.235391], [-6.640793, 37.235571], [-6.64068, 37.235574], [-6.640685, 37.235664], [-6.640347, 37.235675], [-6.640343, 37.235585], [-6.640118, 37.235592], [-6.640113, 37.235502], [-6.639888, 37.235509], [-6.639884, 37.235419], [-6.639659, 37.235426], [-6.639538, 37.235249], [-6.639425, 37.235253], [-6.639421, 37.235163], [-6.639533, 37.235159], [-6.639529, 37.235069], [-6.639867, 37.235059], [-6.639745, 37.234883], [-6.639858, 37.234879], [-6.639979, 37.235056], [-6.640092, 37.235052], [-6.640096, 37.235142], [-6.640434, 37.235132], [-6.640438, 37.235222], [-6.64055, 37.235218], [-6.640546, 37.235128], [-6.640771, 37.235121], [-6.640767, 37.235031], [-6.640992, 37.235024], [-6.641096, 37.234841], [-6.641325, 37.234924], [-6.641316, 37.234744], [-6.641762, 37.23464], [-6.641758, 37.23455], [-6.642095, 37.23454], [-6.6421, 37.23463], [-6.642212, 37.234626], [-6.642316, 37.234443], [-6.642428, 37.23444], [-6.642221, 37.234806], [-6.641996, 37.234813], [-6.642, 37.234903], [-6.641775, 37.23491], [-6.641779, 37.235], [-6.641667, 37.235004], [-6.641675, 37.235183], [-6.641446, 37.2351], [-6.641455, 37.23528]], [[-6.640676, 37.235485], [-6.640563, 37.235488], [-6.640568, 37.235578], [-6.64068, 37.235574], [-6.640676, 37.235485]], [[-6.640555, 37.235308], [-6.640667, 37.235305], [-6.640663, 37.235215], [-6.64055, 37.235218], [-6.640555, 37.235308]], [[-6.641662, 37.234914], [-6.64155, 37.234917], [-6.641554, 37.235007], [-6.641667, 37.235004], [-6.641662, 37.234914]], [[-6.641546, 37.234827], [-6.641433, 37.234831], [-6.641437, 37.234921], [-6.64155, 37.234917], [-6.641546, 37.234827]], [[-6.641442, 37.23501], [-6.641329, 37.235014], [-6.641334, 37.235104], [-6.641446, 37.2351], [-6.641442, 37.23501]], [[-6.640442, 37.235312], [-6.64033, 37.235315], [-6.640334, 37.235405], [-6.640447, 37.235402], [-6.640442, 37.235312]]], [[[-6.641628, 37.236536], [-6.641624, 37.236446], [-6.641736, 37.236443], [-6.64174, 37.236533], [-6.641628, 37.236536]]], [[[-6.641745, 37.236623], [-6.64174, 37.236533], [-6.641853, 37.236529], [-6.641857, 37.236619], [-6.641745, 37.236623]]], [[[-6.64268, 37.237315], [-6.642675, 37.237225], [-6.642788, 37.237221], [-6.642792, 37.237311], [-6.64268, 37.237315]]], [[[-6.641247, 37.235647], [-6.641243, 37.235557], [-6.641355, 37.235554], [-6.64136, 37.235644], [-6.641247, 37.235647]]]]}, "properties": {"id": "donana-2023-176770-4127280", "ha": 5.36, "plastic_dates": 3.4, "valid_dates": 8.0, "admin_zone": "Zona C", "plan_zone": "Zona C - No regable", "distance_to_irrigable_m": 13, "sigpac_ref": "21:5:0:0:40:2:23", "sigpac_use": "IV", "sigpac_irrigation_coef": 0, "sigpac_url": "https://sigpac-hubcloud.es/servicioconsultassigpac/query/recinfo/21/5/0/0/40/2/23.json", "declared_greenhouse_share": 1.0, "declared_irrigated_share": 0.1, "lon": -6.643352, "lat": 37.236078}}, {"type": "Feature", "geometry": {"type": "Polygon", "coordinates": [[[-6.729143, 37.240386], [-6.729138, 37.240296], [-6.728913, 37.240303], [-6.728909, 37.240213], [-6.728571, 37.240223], [-6.728562, 37.240044], [-6.728342, 37.240141], [-6.728333, 37.239961], [-6.728445, 37.239957], [-6.728432, 37.239687], [-6.728545, 37.239684], [-6.728536, 37.239504], [-6.728648, 37.2395], [-6.728639, 37.23932], [-6.728414, 37.239328], [-6.72841, 37.239238], [-6.72863, 37.239141], [-6.728617, 37.238871], [-6.728838, 37.238774], [-6.728807, 37.238144], [-6.728919, 37.23814], [-6.728906, 37.237871], [-6.729126, 37.237774], [-6.729118, 37.237594], [-6.729338, 37.237497], [-6.729334, 37.237407], [-6.729446, 37.237403], [-6.729442, 37.237313], [-6.729554, 37.23731], [-6.72955, 37.23722], [-6.73, 37.237205], [-6.729991, 37.237026], [-6.730211, 37.236929], [-6.730207, 37.236839], [-6.73032, 37.236835], [-6.730324, 37.236925], [-6.730774, 37.236911], [-6.730778, 37.237001], [-6.731228, 37.236987], [-6.731134, 37.23735], [-6.731021, 37.237353], [-6.731039, 37.237713], [-6.730926, 37.237717], [-6.730935, 37.237897], [-6.730823, 37.2379], [-6.730836, 37.23817], [-6.730724, 37.238174], [-6.730737, 37.238443], [-6.730516, 37.238541], [-6.730525, 37.23872], [-6.72985, 37.238742], [-6.729755, 37.239105], [-6.729643, 37.239109], [-6.729652, 37.239289], [-6.729539, 37.239292], [-6.729548, 37.239472], [-6.729436, 37.239476], [-6.729458, 37.239925], [-6.72957, 37.239922], [-6.729579, 37.240102], [-6.729917, 37.240091], [-6.729822, 37.240454], [-6.729143, 37.240386]], [[-6.729131, 37.237864], [-6.729018, 37.237867], [-6.729027, 37.238047], [-6.72914, 37.238043], [-6.729131, 37.237864]], [[-6.729343, 37.237587], [-6.72923, 37.23759], [-6.729234, 37.23768], [-6.729347, 37.237677], [-6.729343, 37.237587]], [[-6.729779, 37.237303], [-6.729667, 37.237306], [-6.729671, 37.237396], [-6.729784, 37.237392], [-6.729779, 37.237303]]]}, "properties": {"id": "donana-2023-169120-4127870", "ha": 4.75, "plastic_dates": 5.3, "valid_dates": 8.1, "admin_zone": "Zona A", "plan_zone": "Zona A - Suelo Forestal", "distance_to_irrigable_m": 6, "sigpac_ref": "21:46:0:0:11:16:8", "sigpac_use": "IV", "sigpac_irrigation_coef": 0, "sigpac_url": "https://sigpac-hubcloud.es/servicioconsultassigpac/query/recinfo/21/46/0/0/11/16/8.json", "declared_greenhouse_share": 1.0, "declared_irrigated_share": 0.0, "lon": -6.729677, "lat": 37.238657}}, {"type": "Feature", "geometry": {"type": "MultiPolygon", "coordinates": [[[[-6.768958, 37.223088], [-6.768971, 37.223357], [-6.769201, 37.22344], [-6.769205, 37.22353], [-6.769093, 37.223534], [-6.769182, 37.225333], [-6.76907, 37.225336], [-6.769079, 37.225516], [-6.769191, 37.225513], [-6.769196, 37.225603], [-6.769083, 37.225606], [-6.769124, 37.226416], [-6.769349, 37.226408], [-6.769245, 37.226592], [-6.769358, 37.226588], [-6.769367, 37.226768], [-6.769479, 37.226765], [-6.769524, 37.227664], [-6.769299, 37.227671], [-6.76942, 37.227848], [-6.768858, 37.227866], [-6.768836, 37.227416], [-6.768723, 37.227419], [-6.768643, 37.2258], [-6.768755, 37.225797], [-6.768683, 37.224358], [-6.768796, 37.224354], [-6.768711, 37.222645], [-6.768598, 37.222649], [-6.768549, 37.221659], [-6.768661, 37.221656], [-6.768558, 37.219587], [-6.768671, 37.219583], [-6.768626, 37.218684], [-6.768513, 37.218687], [-6.768504, 37.218508], [-6.768617, 37.218504], [-6.768612, 37.218414], [-6.7685, 37.218418], [-6.768491, 37.218238], [-6.768603, 37.218234], [-6.768595, 37.218054], [-6.768482, 37.218058], [-6.768464, 37.217698], [-6.768577, 37.217695], [-6.768532, 37.216795], [-6.768644, 37.216791], [-6.768649, 37.216881], [-6.768874, 37.216874], [-6.768883, 37.217054], [-6.768995, 37.217051], [-6.769, 37.21714], [-6.768887, 37.217144], [-6.768932, 37.218044], [-6.768819, 37.218047], [-6.768878, 37.219216], [-6.76899, 37.219213], [-6.769075, 37.220922], [-6.768963, 37.220925], [-6.76907, 37.223084], [-6.768958, 37.223088]]], [[[-6.769183, 37.22308], [-6.769192, 37.22326], [-6.769079, 37.223264], [-6.76907, 37.223084], [-6.769183, 37.22308]]]]}, "properties": {"id": "donana-2023-165580-4126170", "ha": 4.59, "plastic_dates": 3.6, "valid_dates": 7.7, "admin_zone": "Zona C", "plan_zone": "Zona C - No regable", "distance_to_irrigable_m": 138, "sigpac_ref": "21:50:0:0:32:85:2", "sigpac_use": "FO", "sigpac_irrigation_coef": 0, "sigpac_url": "https://sigpac-hubcloud.es/servicioconsultassigpac/query/recinfo/21/50/0/0/32/85/2.json", "declared_greenhouse_share": 0.0, "declared_irrigated_share": 0.0, "lon": -6.768798, "lat": 37.222147}}, {"type": "Feature", "geometry": {"type": "MultiPolygon", "coordinates": [[[[-6.697505, 37.286965], [-6.697518, 37.287234], [-6.697293, 37.287241], [-6.697189, 37.287425], [-6.697077, 37.287428], [-6.697081, 37.287518], [-6.696969, 37.287522], [-6.696964, 37.287432], [-6.696514, 37.287446], [-6.696518, 37.287536], [-6.696406, 37.287539], [-6.696527, 37.287716], [-6.696414, 37.287719], [-6.696428, 37.287989], [-6.696198, 37.287906], [-6.696216, 37.288266], [-6.695991, 37.288273], [-6.695904, 37.288816], [-6.695684, 37.288913], [-6.695697, 37.289183], [-6.695472, 37.28919], [-6.69548, 37.28937], [-6.695255, 37.289377], [-6.695251, 37.289287], [-6.695364, 37.289284], [-6.695355, 37.289104], [-6.695467, 37.2891], [-6.695454, 37.288831], [-6.695567, 37.288827], [-6.695558, 37.288647], [-6.69567, 37.288644], [-6.695662, 37.288464], [-6.695774, 37.28846], [-6.695757, 37.2881], [-6.695977, 37.288003], [-6.696072, 37.28764], [-6.696185, 37.287636], [-6.696176, 37.287457], [-6.696397, 37.28736], [-6.696492, 37.286996], [-6.696604, 37.286993], [-6.696596, 37.286813], [-6.696708, 37.286809], [-6.696699, 37.286629], [-6.696812, 37.286626], [-6.696803, 37.286446], [-6.696916, 37.286442], [-6.696907, 37.286263], [-6.697019, 37.286259], [-6.697011, 37.286079], [-6.697123, 37.286076], [-6.697114, 37.285896], [-6.697227, 37.285892], [-6.697218, 37.285712], [-6.697443, 37.285705], [-6.697448, 37.285795], [-6.697898, 37.285781], [-6.697902, 37.285871], [-6.698353, 37.285857], [-6.698362, 37.286037], [-6.698249, 37.28604], [-6.698258, 37.28622], [-6.698145, 37.286224], [-6.69815, 37.286314], [-6.698037, 37.286317], [-6.698046, 37.286497], [-6.697821, 37.286504], [-6.697834, 37.286774], [-6.697721, 37.286778], [-6.69773, 37.286958], [-6.697505, 37.286965]]], [[[-6.697523, 37.287324], [-6.697635, 37.287321], [-6.697626, 37.287141], [-6.697739, 37.287137], [-6.69773, 37.286958], [-6.697843, 37.286954], [-6.697834, 37.286774], [-6.697946, 37.286771], [-6.69805, 37.286587], [-6.698163, 37.286584], [-6.698154, 37.286404], [-6.698267, 37.2864], [-6.698258, 37.28622], [-6.69837, 37.286217], [-6.698362, 37.286037], [-6.698474, 37.286033], [-6.698578, 37.28585], [-6.698803, 37.285843], [-6.698907, 37.285659], [-6.699019, 37.285656], [-6.699114, 37.285293], [-6.699227, 37.285289], [-6.699218, 37.285109], [-6.699439, 37.285012], [-6.699569, 37.285368], [-6.699682, 37.285365], [-6.699578, 37.285548], [-6.69969, 37.285545], [-6.699695, 37.285635], [-6.69947, 37.285642], [-6.699474, 37.285732], [-6.699249, 37.285739], [-6.699253, 37.285829], [-6.699141, 37.285832], [-6.699262, 37.286009], [-6.699487, 37.286002], [-6.699492, 37.286092], [-6.699267, 37.286099], [-6.699388, 37.286275], [-6.699167, 37.286372], [-6.699172, 37.286462], [-6.698946, 37.286469], [-6.698843, 37.286652], [-6.698618, 37.286659], [-6.698514, 37.286843], [-6.698401, 37.286846], [-6.698406, 37.286936], [-6.698518, 37.286933], [-6.69854, 37.287383], [-6.698315, 37.28739], [-6.698211, 37.287573], [-6.698099, 37.287577], [-6.698103, 37.287667], [-6.697991, 37.28767], [-6.697995, 37.28776], [-6.697657, 37.287771], [-6.697653, 37.287681], [-6.69754, 37.287684], [-6.697523, 37.287324]], [[-6.698176, 37.286853], [-6.698289, 37.28685], [-6.698284, 37.28676], [-6.698172, 37.286764], [-6.698176, 37.286853]], [[-6.698167, 37.286674], [-6.698055, 37.286677], [-6.698059, 37.286767], [-6.698172, 37.286764], [-6.698167, 37.286674]], [[-6.699024, 37.285746], [-6.698911, 37.285749], [-6.698916, 37.285839], [-6.699028, 37.285836], [-6.699024, 37.285746]]], [[[-6.697545, 37.287774], [-6.697319, 37.287781], [-6.697311, 37.287601], [-6.69754, 37.287684], [-6.697545, 37.287774]]]]}, "properties": {"id": "donana-2023-172240-4133140", "ha": 4.2, "plastic_dates": 4.6, "valid_dates": 9.2, "admin_zone": "Zona C", "plan_zone": "Zona C - No regable", "distance_to_irrigable_m": 12, "sigpac_ref": "21:14:0:0:16:131:4", "sigpac_use": "IV", "sigpac_irrigation_coef": 0, "sigpac_url": "https://sigpac-hubcloud.es/servicioconsultassigpac/query/recinfo/21/14/0/0/16/131/4.json", "declared_greenhouse_share": 1.0, "declared_irrigated_share": 0.0, "lon": -6.696953, "lat": 37.287207}}, {"type": "Feature", "geometry": {"type": "Polygon", "coordinates": [[[-6.709383, 37.24416], [-6.709163, 37.244257], [-6.709167, 37.244347], [-6.709054, 37.244351], [-6.709059, 37.244441], [-6.708946, 37.244444], [-6.708951, 37.244534], [-6.708838, 37.244538], [-6.708843, 37.244628], [-6.70873, 37.244631], [-6.708739, 37.244811], [-6.708514, 37.244818], [-6.708518, 37.244908], [-6.708181, 37.244919], [-6.708176, 37.244829], [-6.707951, 37.244836], [-6.707943, 37.244656], [-6.707718, 37.244663], [-6.707596, 37.244487], [-6.707371, 37.244494], [-6.70725, 37.244317], [-6.707137, 37.244321], [-6.707133, 37.244231], [-6.707353, 37.244134], [-6.707349, 37.244044], [-6.707462, 37.24404], [-6.707457, 37.24395], [-6.70757, 37.243947], [-6.707561, 37.243767], [-6.707781, 37.24367], [-6.707777, 37.24358], [-6.70789, 37.243576], [-6.707885, 37.243487], [-6.707998, 37.243483], [-6.707993, 37.243393], [-6.708106, 37.24339], [-6.708101, 37.2433], [-6.708214, 37.243296], [-6.708209, 37.243206], [-6.708322, 37.243203], [-6.708318, 37.243113], [-6.70843, 37.243109], [-6.708426, 37.243019], [-6.708538, 37.243016], [-6.708534, 37.242926], [-6.708646, 37.242922], [-6.708642, 37.242832], [-6.708754, 37.242829], [-6.70875, 37.242739], [-6.708975, 37.242732], [-6.708966, 37.242552], [-6.709187, 37.242455], [-6.709182, 37.242365], [-6.709295, 37.242361], [-6.70929, 37.242271], [-6.709403, 37.242268], [-6.709399, 37.242178], [-6.709511, 37.242174], [-6.709507, 37.242084], [-6.709732, 37.242077], [-6.709749, 37.242437], [-6.710199, 37.242423], [-6.710204, 37.242513], [-6.710316, 37.242509], [-6.710334, 37.242869], [-6.710446, 37.242866], [-6.71046, 37.243135], [-6.710347, 37.243139], [-6.710356, 37.243319], [-6.710131, 37.243326], [-6.710135, 37.243416], [-6.710023, 37.243419], [-6.710032, 37.243599], [-6.709807, 37.243606], [-6.709816, 37.243786], [-6.709703, 37.24379], [-6.709707, 37.24388], [-6.709262, 37.243984], [-6.709383, 37.24416]], [[-6.708759, 37.242919], [-6.708871, 37.242915], [-6.708867, 37.242825], [-6.708754, 37.242829], [-6.708759, 37.242919]], [[-6.710019, 37.24333], [-6.709906, 37.243333], [-6.70991, 37.243423], [-6.710023, 37.243419], [-6.710019, 37.24333]], [[-6.709902, 37.243243], [-6.709789, 37.243247], [-6.709793, 37.243337], [-6.709906, 37.243333], [-6.709902, 37.243243]], [[-6.709785, 37.243157], [-6.709672, 37.24316], [-6.709677, 37.24325], [-6.709789, 37.243247], [-6.709785, 37.243157]], [[-6.709257, 37.243894], [-6.709145, 37.243897], [-6.709149, 37.243987], [-6.709262, 37.243984], [-6.709257, 37.243894]], [[-6.70914, 37.243808], [-6.709028, 37.243811], [-6.709032, 37.243901], [-6.709145, 37.243897], [-6.70914, 37.243808]], [[-6.708496, 37.244458], [-6.708609, 37.244455], [-6.708604, 37.244365], [-6.708492, 37.244368], [-6.708496, 37.244458]], [[-6.708487, 37.244278], [-6.708375, 37.244282], [-6.708379, 37.244372], [-6.708492, 37.244368], [-6.708487, 37.244278]], [[-6.708371, 37.244192], [-6.708258, 37.244196], [-6.708262, 37.244285], [-6.708375, 37.244282], [-6.708371, 37.244192]], [[-6.708254, 37.244106], [-6.708141, 37.244109], [-6.708146, 37.244199], [-6.708258, 37.244196], [-6.708254, 37.244106]], [[-6.710091, 37.242516], [-6.709979, 37.24252], [-6.709983, 37.24261], [-6.710096, 37.242606], [-6.710091, 37.242516]]]}, "properties": {"id": "donana-2023-170980-4128330", "ha": 4.19, "plastic_dates": 4.8, "valid_dates": 9.0, "admin_zone": "Zona A", "plan_zone": "Zona A - Suelo Forestal", "distance_to_irrigable_m": 82, "sigpac_ref": "21:46:0:0:9:106:2", "sigpac_use": "IV", "sigpac_irrigation_coef": 0, "sigpac_url": "https://sigpac-hubcloud.es/servicioconsultassigpac/query/recinfo/21/46/0/0/9/106/2.json", "declared_greenhouse_share": 0.75, "declared_irrigated_share": 0.0, "lon": -6.708956, "lat": 37.243498}}, {"type": "Feature", "geometry": {"type": "Polygon", "coordinates": [[[-6.786779, 37.281976], [-6.786783, 37.282066], [-6.786896, 37.282062], [-6.786887, 37.281883], [-6.787224, 37.281872], [-6.787346, 37.282048], [-6.787459, 37.282044], [-6.787463, 37.282134], [-6.787688, 37.282127], [-6.787693, 37.282217], [-6.787805, 37.282214], [-6.78781, 37.282303], [-6.788265, 37.282379], [-6.788269, 37.282469], [-6.788494, 37.282462], [-6.788499, 37.282552], [-6.788724, 37.282544], [-6.788728, 37.282634], [-6.788953, 37.282627], [-6.788958, 37.282717], [-6.789183, 37.28271], [-6.789089, 37.283073], [-6.788976, 37.283077], [-6.788985, 37.283257], [-6.788873, 37.28326], [-6.788882, 37.28344], [-6.788769, 37.283444], [-6.788783, 37.283714], [-6.788445, 37.283725], [-6.7884, 37.282825], [-6.788287, 37.282829], [-6.788328, 37.283638], [-6.787878, 37.283653], [-6.787882, 37.283743], [-6.787544, 37.283753], [-6.787549, 37.283843], [-6.786648, 37.283872], [-6.78663, 37.283512], [-6.786518, 37.283516], [-6.786473, 37.282617], [-6.78636, 37.28262], [-6.786387, 37.28316], [-6.786275, 37.283163], [-6.786279, 37.283253], [-6.786392, 37.28325], [-6.786401, 37.28343], [-6.78618, 37.283527], [-6.786302, 37.283703], [-6.785964, 37.283714], [-6.785946, 37.283354], [-6.786167, 37.283257], [-6.786162, 37.283167], [-6.786049, 37.283171], [-6.78604, 37.282991], [-6.786153, 37.282987], [-6.786144, 37.282807], [-6.786031, 37.282811], [-6.786004, 37.282271], [-6.785892, 37.282275], [-6.785874, 37.281915], [-6.786437, 37.281897], [-6.786441, 37.281987], [-6.786779, 37.281976]], [[-6.786216, 37.281994], [-6.786225, 37.282174], [-6.786112, 37.282178], [-6.786117, 37.282268], [-6.786342, 37.28226], [-6.786333, 37.282081], [-6.786446, 37.282077], [-6.786441, 37.281987], [-6.786216, 37.281994]], [[-6.788071, 37.283016], [-6.787958, 37.283019], [-6.787986, 37.283559], [-6.788098, 37.283555], [-6.788071, 37.283016]], [[-6.78681, 37.282606], [-6.786698, 37.282609], [-6.786707, 37.282789], [-6.786819, 37.282786], [-6.78681, 37.282606]], [[-6.788161, 37.282562], [-6.788048, 37.282566], [-6.788053, 37.282656], [-6.788166, 37.282652], [-6.788161, 37.282562]], [[-6.787927, 37.28239], [-6.787814, 37.282393], [-6.787819, 37.282483], [-6.787931, 37.28248], [-6.787927, 37.28239]], [[-6.786801, 37.282426], [-6.786689, 37.282429], [-6.786693, 37.282519], [-6.786806, 37.282516], [-6.786801, 37.282426]], [[-6.786671, 37.28207], [-6.786558, 37.282073], [-6.786567, 37.282253], [-6.786792, 37.282246], [-6.786671, 37.28207]], [[-6.787229, 37.281962], [-6.787116, 37.281965], [-6.787121, 37.282055], [-6.787233, 37.282052], [-6.787229, 37.281962]]]}, "properties": {"id": "donana-2023-164200-4132980", "ha": 4.11, "plastic_dates": 4.4, "valid_dates": 7.6, "admin_zone": "Zona A", "plan_zone": "Zona A - Suelo Forestal", "distance_to_irrigable_m": 15, "sigpac_ref": "21:50:0:0:9:206:17", "sigpac_use": "IV", "sigpac_irrigation_coef": 100, "sigpac_url": "https://sigpac-hubcloud.es/servicioconsultassigpac/query/recinfo/21/50/0/0/9/206/17.json", "declared_greenhouse_share": 1.0, "declared_irrigated_share": 1.0, "lon": -6.787389, "lat": 37.282903}}, {"type": "Feature", "geometry": {"type": "MultiPolygon", "coordinates": [[[[-6.712158, 37.29146], [-6.711938, 37.291557], [-6.711942, 37.291647], [-6.711829, 37.291651], [-6.711838, 37.291831], [-6.711501, 37.291841], [-6.711496, 37.291751], [-6.711271, 37.291758], [-6.711267, 37.291668], [-6.710929, 37.291679], [-6.710807, 37.291503], [-6.710695, 37.291506], [-6.710682, 37.291236], [-6.710456, 37.291243], [-6.710335, 37.291067], [-6.710222, 37.291071], [-6.710218, 37.290981], [-6.710105, 37.290984], [-6.710096, 37.290804], [-6.709642, 37.290728], [-6.709633, 37.290549], [-6.70952, 37.290552], [-6.709624, 37.290369], [-6.709737, 37.290365], [-6.709732, 37.290275], [-6.709845, 37.290272], [-6.709832, 37.290002], [-6.709611, 37.290099], [-6.709615, 37.290189], [-6.709503, 37.290192], [-6.709494, 37.290012], [-6.709606, 37.290009], [-6.709597, 37.289829], [-6.70971, 37.289825], [-6.709706, 37.289735], [-6.709935, 37.289818], [-6.709944, 37.289998], [-6.710169, 37.289991], [-6.710165, 37.289901], [-6.71039, 37.289894], [-6.710386, 37.289804], [-6.710723, 37.289794], [-6.71071, 37.289524], [-6.710935, 37.289517], [-6.711057, 37.289693], [-6.711169, 37.289689], [-6.711174, 37.289779], [-6.711286, 37.289776], [-6.711291, 37.289866], [-6.711403, 37.289862], [-6.711417, 37.290132], [-6.711529, 37.290129], [-6.711434, 37.290492], [-6.711889, 37.290568], [-6.711885, 37.290478], [-6.711997, 37.290474], [-6.712002, 37.290564], [-6.712114, 37.290561], [-6.712123, 37.290741], [-6.712236, 37.290737], [-6.712244, 37.290917], [-6.712474, 37.291], [-6.712478, 37.29109], [-6.712366, 37.291093], [-6.712375, 37.291273], [-6.712037, 37.291284], [-6.712158, 37.29146]], [[-6.710174, 37.290081], [-6.710286, 37.290078], [-6.710282, 37.289988], [-6.710169, 37.289991], [-6.710174, 37.290081]], [[-6.710291, 37.290168], [-6.710516, 37.29016], [-6.710511, 37.29007], [-6.710286, 37.290078], [-6.710291, 37.290168]], [[-6.712028, 37.291104], [-6.711916, 37.291107], [-6.711924, 37.291287], [-6.712037, 37.291284], [-6.712028, 37.291104]], [[-6.711686, 37.291025], [-6.711573, 37.291028], [-6.711578, 37.291118], [-6.71169, 37.291115], [-6.711686, 37.291025]], [[-6.711231, 37.290949], [-6.711344, 37.290945], [-6.711339, 37.290855], [-6.711227, 37.290859], [-6.711231, 37.290949]], [[-6.711213, 37.290589], [-6.711101, 37.290593], [-6.710997, 37.290776], [-6.711227, 37.290859], [-6.711213, 37.290589]], [[-6.71088, 37.29069], [-6.710993, 37.290686], [-6.710988, 37.290596], [-6.710876, 37.2906], [-6.71088, 37.29069]], [[-6.710871, 37.29051], [-6.710759, 37.290513], [-6.710763, 37.290603], [-6.710876, 37.2906], [-6.710871, 37.29051]]], [[[-6.711152, 37.28933], [-6.711039, 37.289333], [-6.711035, 37.289243], [-6.711147, 37.28924], [-6.711134, 37.28897], [-6.711246, 37.288966], [-6.711233, 37.288696], [-6.711346, 37.288693], [-6.71135, 37.288783], [-6.711688, 37.288772], [-6.711697, 37.288952], [-6.712147, 37.288938], [-6.712156, 37.289118], [-6.712043, 37.289121], [-6.712039, 37.289032], [-6.711476, 37.289049], [-6.711498, 37.289499], [-6.711386, 37.289503], [-6.711399, 37.289772], [-6.711286, 37.289776], [-6.711282, 37.289686], [-6.711169, 37.289689], [-6.711152, 37.28933]]], [[[-6.709931, 37.289728], [-6.710156, 37.289721], [-6.71016, 37.289811], [-6.709935, 37.289818], [-6.709931, 37.289728]]]]}, "properties": {"id": "donana-2023-171040-4133530", "ha": 3.81, "plastic_dates": 4.2, "valid_dates": 8.7, "admin_zone": "Zona C", "plan_zone": "Zona C - No regable", "distance_to_irrigable_m": 18, "sigpac_ref": "21:46:0:0:8:80:3", "sigpac_use": "IV", "sigpac_irrigation_coef": 0, "sigpac_url": "https://sigpac-hubcloud.es/servicioconsultassigpac/query/recinfo/21/46/0/0/8/80/3.json", "declared_greenhouse_share": 1.0, "declared_irrigated_share": 0.0, "lon": -6.710635, "lat": 37.290292}}, {"type": "Feature", "geometry": {"type": "Polygon", "coordinates": [[[-6.756414, 37.238171], [-6.756518, 37.237988], [-6.75663, 37.237984], [-6.756626, 37.237894], [-6.756063, 37.237912], [-6.756068, 37.238002], [-6.756293, 37.237995], [-6.756301, 37.238175], [-6.755847, 37.238099], [-6.755852, 37.238189], [-6.755627, 37.238196], [-6.755622, 37.238106], [-6.755397, 37.238113], [-6.755402, 37.238203], [-6.755177, 37.23821], [-6.755159, 37.237851], [-6.755271, 37.237847], [-6.755262, 37.237667], [-6.75515, 37.237671], [-6.755154, 37.237761], [-6.754929, 37.237768], [-6.754952, 37.238218], [-6.754614, 37.238228], [-6.754587, 37.237689], [-6.754475, 37.237692], [-6.75447, 37.237602], [-6.754583, 37.237599], [-6.754578, 37.237509], [-6.754128, 37.237523], [-6.754124, 37.237433], [-6.753899, 37.23744], [-6.753908, 37.23762], [-6.75357, 37.237631], [-6.753535, 37.236911], [-6.753422, 37.236915], [-6.753418, 37.236825], [-6.753638, 37.236728], [-6.75362, 37.236368], [-6.753733, 37.236364], [-6.753724, 37.236185], [-6.754511, 37.23616], [-6.754534, 37.236609], [-6.754421, 37.236613], [-6.754426, 37.236703], [-6.754538, 37.236699], [-6.754551, 37.236969], [-6.756014, 37.236923], [-6.756018, 37.237013], [-6.756131, 37.237009], [-6.756126, 37.236919], [-6.756689, 37.236901], [-6.756684, 37.236811], [-6.756909, 37.236804], [-6.756914, 37.236894], [-6.756801, 37.236898], [-6.756833, 37.237527], [-6.757058, 37.23752], [-6.757179, 37.237696], [-6.756842, 37.237707], [-6.756855, 37.237977], [-6.756743, 37.237981], [-6.756747, 37.23807], [-6.75686, 37.238067], [-6.756864, 37.238157], [-6.756414, 37.238171]], [[-6.755717, 37.237743], [-6.755604, 37.237746], [-6.755609, 37.237836], [-6.755384, 37.237844], [-6.755393, 37.238023], [-6.75573, 37.238013], [-6.755717, 37.237743]], [[-6.756612, 37.237624], [-6.756387, 37.237631], [-6.756392, 37.237721], [-6.756617, 37.237714], [-6.756612, 37.237624]], [[-6.755141, 37.237491], [-6.754803, 37.237502], [-6.754808, 37.237592], [-6.755145, 37.237581], [-6.755141, 37.237491]], [[-6.75614, 37.237189], [-6.756027, 37.237192], [-6.756041, 37.237462], [-6.756153, 37.237459], [-6.75614, 37.237189]], [[-6.754183, 37.23635], [-6.75407, 37.236354], [-6.754084, 37.236624], [-6.754196, 37.23662], [-6.754183, 37.23635]], [[-6.753854, 37.236541], [-6.753742, 37.236544], [-6.753746, 37.236634], [-6.753859, 37.236631], [-6.753854, 37.236541]]]}, "properties": {"id": "donana-2023-166850-4127790", "ha": 3.71, "plastic_dates": 3.8, "valid_dates": 9.0, "admin_zone": "Zona A", "plan_zone": "Zona A - Suelo Forestal", "distance_to_irrigable_m": 17, "sigpac_ref": "21:50:0:0:31:40:5", "sigpac_use": "IV", "sigpac_irrigation_coef": 100, "sigpac_url": "https://sigpac-hubcloud.es/servicioconsultassigpac/query/recinfo/21/50/0/0/31/40/5.json", "declared_greenhouse_share": 0.99, "declared_irrigated_share": 0.62, "lon": -6.755179, "lat": 37.237129}}, {"type": "Feature", "geometry": {"type": "Polygon", "coordinates": [[[-6.755982, 37.279355], [-6.755978, 37.279265], [-6.755753, 37.279272], [-6.755744, 37.279093], [-6.755631, 37.279096], [-6.75564, 37.279276], [-6.75519, 37.27929], [-6.755109, 37.277671], [-6.754997, 37.277675], [-6.754979, 37.277315], [-6.755204, 37.277308], [-6.755213, 37.277488], [-6.755326, 37.277484], [-6.755317, 37.277304], [-6.755537, 37.277207], [-6.755546, 37.277387], [-6.755659, 37.277384], [-6.755641, 37.277024], [-6.755753, 37.27702], [-6.75574, 37.27675], [-6.755627, 37.276754], [-6.755619, 37.276574], [-6.755844, 37.276567], [-6.75583, 37.276297], [-6.755943, 37.276293], [-6.755934, 37.276114], [-6.756722, 37.276089], [-6.756726, 37.276179], [-6.756389, 37.276189], [-6.756393, 37.276279], [-6.756956, 37.276261], [-6.756978, 37.276711], [-6.756866, 37.276715], [-6.756875, 37.276894], [-6.756762, 37.276898], [-6.756784, 37.277348], [-6.756564, 37.277445], [-6.756577, 37.277715], [-6.756465, 37.277718], [-6.756487, 37.278168], [-6.756374, 37.278172], [-6.756383, 37.278352], [-6.756271, 37.278355], [-6.756307, 37.279075], [-6.756194, 37.279078], [-6.756203, 37.279258], [-6.75609, 37.279262], [-6.756095, 37.279352], [-6.755982, 37.279355]], [[-6.755843, 37.278819], [-6.75573, 37.278823], [-6.755739, 37.279003], [-6.755852, 37.278999], [-6.755843, 37.278819]], [[-6.755595, 37.278377], [-6.755258, 37.278387], [-6.755262, 37.278477], [-6.7556, 37.278466], [-6.755595, 37.278377]], [[-6.755704, 37.278283], [-6.755708, 37.278373], [-6.755933, 37.278366], [-6.755929, 37.278276], [-6.755704, 37.278283]], [[-6.756041, 37.278272], [-6.756032, 37.278092], [-6.75592, 37.278096], [-6.755929, 37.278276], [-6.756041, 37.278272]], [[-6.756127, 37.277729], [-6.756014, 37.277733], [-6.756028, 37.278002], [-6.75614, 37.277999], [-6.756127, 37.277729]], [[-6.755996, 37.277373], [-6.755884, 37.277376], [-6.755897, 37.277646], [-6.75601, 37.277643], [-6.755996, 37.277373]], [[-6.756451, 37.277448], [-6.756339, 37.277452], [-6.756343, 37.277542], [-6.756456, 37.277538], [-6.756451, 37.277448]], [[-6.756663, 37.277171], [-6.75655, 37.277175], [-6.756555, 37.277265], [-6.756667, 37.277261], [-6.756663, 37.277171]], [[-6.755875, 37.277197], [-6.755762, 37.2772], [-6.755767, 37.27729], [-6.755879, 37.277286], [-6.755875, 37.277197]]]}, "properties": {"id": "donana-2023-167000-4132310", "ha": 3.55, "plastic_dates": 2.6, "valid_dates": 8.0, "admin_zone": "Zona A", "plan_zone": "Zona A - Suelo Forestal", "distance_to_irrigable_m": 15, "sigpac_ref": "21:46:0:0:19:2:40", "sigpac_use": "IV", "sigpac_irrigation_coef": 0, "sigpac_url": "https://sigpac-hubcloud.es/servicioconsultassigpac/query/recinfo/21/46/0/0/19/2/40.json", "declared_greenhouse_share": 1.0, "declared_irrigated_share": 0.0, "lon": -6.755571, "lat": 37.277882}}, {"type": "Feature", "geometry": {"type": "Polygon", "coordinates": [[[-6.717125, 37.275539], [-6.7169, 37.275546], [-6.716922, 37.275995], [-6.717147, 37.275988], [-6.717151, 37.276078], [-6.717039, 37.276082], [-6.717043, 37.276172], [-6.716818, 37.276179], [-6.716827, 37.276359], [-6.716714, 37.276362], [-6.716719, 37.276452], [-6.716381, 37.276463], [-6.716377, 37.276373], [-6.716264, 37.276376], [-6.716368, 37.276193], [-6.716255, 37.276196], [-6.716242, 37.275927], [-6.716467, 37.27592], [-6.716449, 37.27556], [-6.716337, 37.275563], [-6.71635, 37.275833], [-6.716238, 37.275837], [-6.716215, 37.275387], [-6.71599, 37.275394], [-6.715986, 37.275304], [-6.714748, 37.275343], [-6.714743, 37.275253], [-6.713843, 37.275281], [-6.713838, 37.275191], [-6.713163, 37.275213], [-6.713159, 37.275123], [-6.712596, 37.27514], [-6.712591, 37.27505], [-6.712254, 37.275061], [-6.712249, 37.274971], [-6.7127, 37.274957], [-6.712704, 37.275047], [-6.713267, 37.275029], [-6.713271, 37.275119], [-6.713721, 37.275105], [-6.713708, 37.274835], [-6.713821, 37.274832], [-6.713803, 37.274472], [-6.713465, 37.274482], [-6.713461, 37.274392], [-6.712673, 37.274417], [-6.712669, 37.274327], [-6.712106, 37.274345], [-6.712101, 37.274255], [-6.712777, 37.274234], [-6.712781, 37.274324], [-6.713569, 37.274299], [-6.713573, 37.274389], [-6.714587, 37.274357], [-6.714591, 37.274447], [-6.715041, 37.274433], [-6.715046, 37.274523], [-6.715834, 37.274498], [-6.715842, 37.274678], [-6.716072, 37.274761], [-6.716076, 37.274851], [-6.716301, 37.274844], [-6.716297, 37.274754], [-6.71641, 37.27475], [-6.716401, 37.27457], [-6.716851, 37.274556], [-6.716855, 37.274646], [-6.717418, 37.274628], [-6.717423, 37.274718], [-6.71686, 37.274736], [-6.716864, 37.274826], [-6.717314, 37.274812], [-6.717323, 37.274992], [-6.717211, 37.274995], [-6.717224, 37.275265], [-6.717112, 37.275269], [-6.717125, 37.275539]], [[-6.714064, 37.275184], [-6.714059, 37.275094], [-6.713834, 37.275101], [-6.713838, 37.275191], [-6.714064, 37.275184]], [[-6.717107, 37.275179], [-6.716995, 37.275182], [-6.716999, 37.275272], [-6.717112, 37.275269], [-6.717107, 37.275179]], [[-6.716756, 37.274919], [-6.716644, 37.274923], [-6.71654, 37.275106], [-6.716652, 37.275103], [-6.716661, 37.275283], [-6.716774, 37.275279], [-6.716756, 37.274919]], [[-6.716432, 37.2752], [-6.716319, 37.275203], [-6.716324, 37.275293], [-6.716436, 37.27529], [-6.716432, 37.2752]], [[-6.715864, 37.275128], [-6.715752, 37.275131], [-6.715739, 37.274861], [-6.715626, 37.274865], [-6.715639, 37.275135], [-6.715414, 37.275142], [-6.715419, 37.275232], [-6.715869, 37.275218], [-6.715864, 37.275128]], [[-6.71663, 37.274653], [-6.716518, 37.274657], [-6.716527, 37.274837], [-6.716639, 37.274833], [-6.71663, 37.274653]], [[-6.715851, 37.274858], [-6.715964, 37.274854], [-6.715959, 37.274764], [-6.715847, 37.274768], [-6.715851, 37.274858]], [[-6.715725, 37.274592], [-6.715613, 37.274595], [-6.715622, 37.274775], [-6.715847, 37.274768], [-6.715725, 37.274592]]]}, "properties": {"id": "donana-2023-170450-4131890", "ha": 3.47, "plastic_dates": 2.5, "valid_dates": 8.7, "admin_zone": "Zona C", "plan_zone": "Zona C - No regable", "distance_to_irrigable_m": 20, "sigpac_ref": "21:46:0:0:9:34:6", "sigpac_use": "IV", "sigpac_irrigation_coef": 0, "sigpac_url": "https://sigpac-hubcloud.es/servicioconsultassigpac/query/recinfo/21/46/0/0/9/34/6.json", "declared_greenhouse_share": 1.0, "declared_irrigated_share": 0.0, "lon": -6.716551, "lat": 37.275331}}, {"type": "Feature", "geometry": {"type": "Polygon", "coordinates": [[[-6.798808, 37.220781], [-6.798583, 37.220789], [-6.798588, 37.220878], [-6.798812, 37.220871], [-6.798822, 37.221051], [-6.798601, 37.221148], [-6.798606, 37.221238], [-6.798381, 37.221245], [-6.798277, 37.221429], [-6.79794, 37.22144], [-6.797836, 37.221623], [-6.797499, 37.221634], [-6.797504, 37.221724], [-6.797279, 37.221731], [-6.797283, 37.221821], [-6.797058, 37.221828], [-6.797063, 37.221918], [-6.796838, 37.221926], [-6.796833, 37.221836], [-6.796721, 37.221839], [-6.79659, 37.221483], [-6.796478, 37.221487], [-6.796469, 37.221307], [-6.795569, 37.221336], [-6.795466, 37.221519], [-6.795241, 37.221526], [-6.795245, 37.221616], [-6.795133, 37.22162], [-6.795137, 37.22171], [-6.794912, 37.221717], [-6.794809, 37.221901], [-6.794584, 37.221908], [-6.794579, 37.221818], [-6.79368, 37.221847], [-6.793675, 37.221757], [-6.794125, 37.221742], [-6.79412, 37.221652], [-6.794345, 37.221645], [-6.794341, 37.221555], [-6.794791, 37.221541], [-6.794786, 37.221451], [-6.795011, 37.221444], [-6.795007, 37.221354], [-6.795344, 37.221343], [-6.795447, 37.221159], [-6.79556, 37.221156], [-6.795564, 37.221246], [-6.795789, 37.221239], [-6.79578, 37.221059], [-6.795893, 37.221055], [-6.795888, 37.220965], [-6.796334, 37.220861], [-6.796329, 37.220771], [-6.796554, 37.220764], [-6.79655, 37.220674], [-6.796887, 37.220663], [-6.796882, 37.220573], [-6.797107, 37.220566], [-6.797103, 37.220476], [-6.797553, 37.220461], [-6.797548, 37.220371], [-6.797661, 37.220368], [-6.797665, 37.220458], [-6.797778, 37.220454], [-6.797773, 37.220364], [-6.797998, 37.220357], [-6.797994, 37.220267], [-6.798331, 37.220256], [-6.798326, 37.220166], [-6.799001, 37.220144], [-6.799006, 37.220234], [-6.799118, 37.220231], [-6.799127, 37.220411], [-6.79924, 37.220407], [-6.799244, 37.220497], [-6.799019, 37.220504], [-6.79901, 37.220324], [-6.798898, 37.220328], [-6.798911, 37.220598], [-6.799136, 37.220591], [-6.79915, 37.22086], [-6.799262, 37.220857], [-6.799271, 37.221037], [-6.799046, 37.221044], [-6.798916, 37.220688], [-6.798803, 37.220691], [-6.798808, 37.220781]], [[-6.798799, 37.220601], [-6.798686, 37.220605], [-6.798677, 37.220425], [-6.798565, 37.220429], [-6.798579, 37.220699], [-6.798803, 37.220691], [-6.798799, 37.220601]], [[-6.797256, 37.221282], [-6.797144, 37.221285], [-6.797153, 37.221465], [-6.797265, 37.221461], [-6.797256, 37.221282]], [[-6.797134, 37.221105], [-6.797022, 37.221109], [-6.797027, 37.221199], [-6.797139, 37.221195], [-6.797134, 37.221105]], [[-6.796347, 37.221131], [-6.796235, 37.221134], [-6.796239, 37.221224], [-6.796352, 37.221221], [-6.796347, 37.221131]], [[-6.797467, 37.221005], [-6.797355, 37.221008], [-6.797359, 37.221098], [-6.797472, 37.221094], [-6.797467, 37.221005]], [[-6.797458, 37.220825], [-6.797346, 37.220828], [-6.79735, 37.220918], [-6.797463, 37.220915], [-6.797458, 37.220825]], [[-6.796896, 37.220843], [-6.796784, 37.220846], [-6.796788, 37.220936], [-6.796901, 37.220933], [-6.796896, 37.220843]], [[-6.798457, 37.220522], [-6.798345, 37.220526], [-6.798349, 37.220616], [-6.798462, 37.220612], [-6.798457, 37.220522]]]}, "properties": {"id": "donana-2023-163110-4126150", "ha": 3.47, "plastic_dates": 3.5, "valid_dates": 7.0, "admin_zone": "Zona A", "plan_zone": "Zona A - Suelo Forestal", "distance_to_irrigable_m": 15, "sigpac_ref": "21:50:0:0:33:37:1", "sigpac_use": "IV", "sigpac_irrigation_coef": 100, "sigpac_url": "https://sigpac-hubcloud.es/servicioconsultassigpac/query/recinfo/21/50/0/0/33/37/1.json", "declared_greenhouse_share": 1.0, "declared_irrigated_share": 1.0, "lon": -6.79657, "lat": 37.221078}}, {"type": "Feature", "geometry": {"type": "MultiPolygon", "coordinates": [[[[-6.712388, 37.245688], [-6.712406, 37.246047], [-6.711843, 37.246065], [-6.711834, 37.245885], [-6.711722, 37.245889], [-6.711731, 37.246069], [-6.711168, 37.246086], [-6.711164, 37.245996], [-6.710376, 37.246021], [-6.710272, 37.246204], [-6.71016, 37.246208], [-6.710164, 37.246298], [-6.710052, 37.246301], [-6.710065, 37.246571], [-6.709952, 37.246575], [-6.709961, 37.246755], [-6.709736, 37.246762], [-6.709615, 37.246585], [-6.709502, 37.246589], [-6.709498, 37.246499], [-6.709385, 37.246503], [-6.709381, 37.246413], [-6.709494, 37.246409], [-6.709485, 37.246229], [-6.709705, 37.246132], [-6.709701, 37.246042], [-6.709813, 37.246039], [-6.709809, 37.245949], [-6.709922, 37.245945], [-6.709917, 37.245855], [-6.71003, 37.245852], [-6.710025, 37.245762], [-6.710138, 37.245758], [-6.710133, 37.245668], [-6.710246, 37.245665], [-6.710241, 37.245575], [-6.710354, 37.245571], [-6.71035, 37.245481], [-6.710462, 37.245478], [-6.710458, 37.245388], [-6.71057, 37.245384], [-6.710561, 37.245204], [-6.710786, 37.245197], [-6.710782, 37.245107], [-6.710894, 37.245104], [-6.710886, 37.244924], [-6.710998, 37.24492], [-6.710994, 37.24483], [-6.711453, 37.244996], [-6.711556, 37.244813], [-6.711669, 37.244809], [-6.711664, 37.244719], [-6.711777, 37.244716], [-6.711768, 37.244536], [-6.712556, 37.244511], [-6.712677, 37.244688], [-6.713127, 37.244673], [-6.713131, 37.244763], [-6.713244, 37.24476], [-6.713253, 37.24494], [-6.713028, 37.244947], [-6.713037, 37.245127], [-6.712816, 37.245224], [-6.712825, 37.245404], [-6.712487, 37.245414], [-6.712609, 37.245591], [-6.712496, 37.245594], [-6.712501, 37.245684], [-6.712388, 37.245688]], [[-6.709926, 37.246035], [-6.710038, 37.246032], [-6.710034, 37.245942], [-6.709922, 37.245945], [-6.709926, 37.246035]], [[-6.711466, 37.245266], [-6.711691, 37.245259], [-6.711682, 37.245079], [-6.711795, 37.245076], [-6.711781, 37.244806], [-6.711561, 37.244903], [-6.711565, 37.244993], [-6.711453, 37.244996], [-6.711466, 37.245266]], [[-6.711695, 37.245349], [-6.711808, 37.245345], [-6.711803, 37.245255], [-6.711691, 37.245259], [-6.711695, 37.245349]], [[-6.711812, 37.245435], [-6.711925, 37.245432], [-6.71192, 37.245342], [-6.711808, 37.245345], [-6.711812, 37.245435]], [[-6.712046, 37.245608], [-6.712271, 37.245601], [-6.712267, 37.245511], [-6.712154, 37.245515], [-6.712145, 37.245335], [-6.711925, 37.245432], [-6.712046, 37.245608]], [[-6.712033, 37.245338], [-6.712028, 37.245248], [-6.711916, 37.245252], [-6.71192, 37.245342], [-6.712033, 37.245338]], [[-6.712492, 37.245504], [-6.712379, 37.245508], [-6.712384, 37.245598], [-6.712496, 37.245594], [-6.712492, 37.245504]], [[-6.711384, 37.245899], [-6.711497, 37.245896], [-6.711492, 37.245806], [-6.71138, 37.245809], [-6.711384, 37.245899]], [[-6.711605, 37.245802], [-6.7116, 37.245712], [-6.711488, 37.245716], [-6.711492, 37.245806], [-6.711605, 37.245802]], [[-6.711375, 37.245719], [-6.711263, 37.245723], [-6.711267, 37.245813], [-6.71138, 37.245809], [-6.711375, 37.245719]], [[-6.711146, 37.245636], [-6.711258, 37.245633], [-6.711254, 37.245543], [-6.711142, 37.245547], [-6.711146, 37.245636]], [[-6.711137, 37.245457], [-6.711025, 37.24546], [-6.711029, 37.24555], [-6.711142, 37.245547], [-6.711137, 37.245457]], [[-6.710917, 37.245554], [-6.710921, 37.245644], [-6.711033, 37.24564], [-6.711029, 37.24555], [-6.710917, 37.245554]], [[-6.71102, 37.24537], [-6.710795, 37.245377], [-6.710804, 37.245557], [-6.710917, 37.245554], [-6.71102, 37.24537]], [[-6.710791, 37.245287], [-6.710678, 37.245291], [-6.710683, 37.245381], [-6.710795, 37.245377], [-6.710791, 37.245287]], [[-6.712465, 37.244964], [-6.712578, 37.244961], [-6.712573, 37.244871], [-6.712461, 37.244874], [-6.712465, 37.244964]], [[-6.712456, 37.244785], [-6.712231, 37.244792], [-6.712236, 37.244882], [-6.712461, 37.244874], [-6.712456, 37.244785]]], [[[-6.712509, 37.245864], [-6.712501, 37.245684], [-6.712613, 37.245681], [-6.712622, 37.24586], [-6.712509, 37.245864]]], [[[-6.712734, 37.245857], [-6.712829, 37.245494], [-6.71305, 37.245397], [-6.713045, 37.245307], [-6.713158, 37.245303], [-6.713189, 37.245933], [-6.712626, 37.24595], [-6.712631, 37.24604], [-6.712518, 37.246044], [-6.712622, 37.24586], [-6.712734, 37.245857]], [[-6.713068, 37.245756], [-6.712955, 37.24576], [-6.712959, 37.24585], [-6.713072, 37.245846], [-6.713068, 37.245756]]]]}, "properties": {"id": "donana-2023-170780-4128580", "ha": 3.31, "plastic_dates": 5.0, "valid_dates": 7.5, "admin_zone": "Zona A", "plan_zone": "Zona A - Suelo Forestal", "distance_to_irrigable_m": 15, "sigpac_ref": "21:46:0:0:9:104:32", "sigpac_use": "IV", "sigpac_irrigation_coef": 0, "sigpac_url": "https://sigpac-hubcloud.es/servicioconsultassigpac/query/recinfo/21/46/0/0/9/104/32.json", "declared_greenhouse_share": 0.92, "declared_irrigated_share": 0.0, "lon": -6.711317, "lat": 37.245676}}, {"type": "Feature", "geometry": {"type": "MultiPolygon", "coordinates": [[[[-6.708404, 37.265542], [-6.708517, 37.265539], [-6.708526, 37.265719], [-6.708413, 37.265722], [-6.708417, 37.265812], [-6.708868, 37.265798], [-6.708872, 37.265888], [-6.709097, 37.265881], [-6.709106, 37.266061], [-6.709327, 37.265964], [-6.709322, 37.265874], [-6.709435, 37.26587], [-6.709331, 37.266054], [-6.709219, 37.266057], [-6.709223, 37.266147], [-6.709561, 37.266137], [-6.709565, 37.266227], [-6.70979, 37.266219], [-6.709795, 37.266309], [-6.709457, 37.26632], [-6.709353, 37.266503], [-6.709241, 37.266507], [-6.709254, 37.266777], [-6.709141, 37.26678], [-6.709137, 37.26669], [-6.708912, 37.266697], [-6.708916, 37.266787], [-6.708804, 37.266791], [-6.708907, 37.266607], [-6.708682, 37.266615], [-6.708691, 37.266794], [-6.708353, 37.266805], [-6.708349, 37.266715], [-6.708237, 37.266719], [-6.708228, 37.266539], [-6.708115, 37.266542], [-6.708111, 37.266452], [-6.707886, 37.266459], [-6.707881, 37.266369], [-6.707769, 37.266373], [-6.70776, 37.266193], [-6.707647, 37.266197], [-6.707625, 37.265747], [-6.707738, 37.265743], [-6.707724, 37.265473], [-6.70795, 37.265466], [-6.707963, 37.265736], [-6.708075, 37.265733], [-6.708179, 37.265549], [-6.708292, 37.265546], [-6.708287, 37.265456], [-6.7084, 37.265452], [-6.708404, 37.265542]], [[-6.708678, 37.266525], [-6.708565, 37.266528], [-6.70857, 37.266618], [-6.708682, 37.266615], [-6.708678, 37.266525]], [[-6.70879, 37.266521], [-6.708786, 37.266431], [-6.708673, 37.266435], [-6.708678, 37.266525], [-6.70879, 37.266521]], [[-6.708899, 37.266428], [-6.708894, 37.266338], [-6.708782, 37.266341], [-6.708786, 37.266431], [-6.708899, 37.266428]], [[-6.708903, 37.266518], [-6.709128, 37.26651], [-6.709124, 37.266421], [-6.708899, 37.266428], [-6.708903, 37.266518]], [[-6.709007, 37.266334], [-6.709002, 37.266244], [-6.70889, 37.266248], [-6.708894, 37.266338], [-6.709007, 37.266334]], [[-6.708453, 37.266532], [-6.70834, 37.266535], [-6.708345, 37.266625], [-6.708457, 37.266622], [-6.708453, 37.266532]], [[-6.70844, 37.266262], [-6.708102, 37.266272], [-6.708106, 37.266362], [-6.708331, 37.266355], [-6.708336, 37.266445], [-6.708561, 37.266438], [-6.70844, 37.266262]], [[-6.708773, 37.266161], [-6.70866, 37.266165], [-6.708665, 37.266255], [-6.708777, 37.266251], [-6.708773, 37.266161]], [[-6.708422, 37.265902], [-6.708309, 37.265906], [-6.708314, 37.265995], [-6.708426, 37.265992], [-6.708422, 37.265902]], [[-6.707859, 37.26592], [-6.707747, 37.265923], [-6.707751, 37.266013], [-6.707864, 37.26601], [-6.707859, 37.26592]]], [[[-6.7084, 37.265452], [-6.708395, 37.265362], [-6.70862, 37.265355], [-6.708616, 37.265265], [-6.708278, 37.265276], [-6.708274, 37.265186], [-6.708161, 37.265189], [-6.708058, 37.265373], [-6.707945, 37.265376], [-6.707824, 37.2652], [-6.708049, 37.265193], [-6.708044, 37.265103], [-6.70759, 37.265027], [-6.707572, 37.264667], [-6.707685, 37.264664], [-6.707676, 37.264484], [-6.707788, 37.26448], [-6.70778, 37.264301], [-6.708009, 37.264383], [-6.708014, 37.264473], [-6.708126, 37.26447], [-6.708117, 37.26429], [-6.70823, 37.264286], [-6.708351, 37.264463], [-6.708806, 37.264539], [-6.70881, 37.264629], [-6.709035, 37.264622], [-6.709044, 37.264801], [-6.709265, 37.264704], [-6.709274, 37.264884], [-6.709499, 37.264877], [-6.709508, 37.265057], [-6.709845, 37.265047], [-6.70985, 37.265136], [-6.709737, 37.26514], [-6.709741, 37.26523], [-6.709854, 37.265226], [-6.709867, 37.265496], [-6.70998, 37.265493], [-6.709971, 37.265313], [-6.710421, 37.265299], [-6.710317, 37.265482], [-6.710205, 37.265486], [-6.710214, 37.265666], [-6.710101, 37.265669], [-6.710106, 37.265759], [-6.709768, 37.26577], [-6.709764, 37.26568], [-6.709651, 37.265683], [-6.70966, 37.265863], [-6.709547, 37.265867], [-6.709543, 37.265777], [-6.709318, 37.265784], [-6.709313, 37.265694], [-6.709426, 37.26569], [-6.709413, 37.26542], [-6.7093, 37.265424], [-6.709309, 37.265604], [-6.708971, 37.265615], [-6.708976, 37.265704], [-6.708751, 37.265712], [-6.708854, 37.265528], [-6.708742, 37.265532], [-6.708737, 37.265442], [-6.7084, 37.265452]], [[-6.708239, 37.264466], [-6.708243, 37.264556], [-6.708356, 37.264553], [-6.708351, 37.264463], [-6.708239, 37.264466]], [[-6.709642, 37.265503], [-6.70953, 37.265507], [-6.709538, 37.265687], [-6.709651, 37.265683], [-6.709642, 37.265503]], [[-6.70885, 37.265438], [-6.708846, 37.265348], [-6.708733, 37.265352], [-6.708737, 37.265442], [-6.70885, 37.265438]], [[-6.709075, 37.265431], [-6.708963, 37.265435], [-6.708967, 37.265525], [-6.709079, 37.265521], [-6.709075, 37.265431]], [[-6.709746, 37.26532], [-6.709633, 37.265323], [-6.709638, 37.265413], [-6.70975, 37.26541], [-6.709746, 37.26532]], [[-6.708945, 37.265075], [-6.708832, 37.265078], [-6.708841, 37.265258], [-6.708954, 37.265255], [-6.708945, 37.265075]], [[-6.709049, 37.264891], [-6.708936, 37.264895], [-6.70894, 37.264985], [-6.709053, 37.264981], [-6.709049, 37.264891]], [[-6.708148, 37.26492], [-6.708036, 37.264923], [-6.70804, 37.265013], [-6.708153, 37.26501], [-6.708148, 37.26492]], [[-6.708247, 37.264646], [-6.708135, 37.26465], [-6.708144, 37.26483], [-6.708256, 37.264826], [-6.708247, 37.264646]]], [[[-6.709962, 37.265133], [-6.709967, 37.265223], [-6.709854, 37.265226], [-6.70985, 37.265136], [-6.709962, 37.265133]]]]}, "properties": {"id": "donana-2023-170990-4130780", "ha": 3.26, "plastic_dates": 3.6, "valid_dates": 8.0, "admin_zone": "Zona A", "plan_zone": "Zona A - Suelo Forestal", "distance_to_irrigable_m": 18, "sigpac_ref": "21:46:0:0:9:70:3", "sigpac_use": "TA", "sigpac_irrigation_coef": 0, "sigpac_url": "https://sigpac-hubcloud.es/servicioconsultassigpac/query/recinfo/21/46/0/0/9/70/3.json", "declared_greenhouse_share": 0.19, "declared_irrigated_share": 0.0, "lon": -6.709926, "lat": 37.26554}}, {"type": "Feature", "geometry": {"type": "Polygon", "coordinates": [[[-6.713732, 37.273033], [-6.713741, 37.273212], [-6.713629, 37.273216], [-6.713637, 37.273396], [-6.713525, 37.273399], [-6.713529, 37.273489], [-6.713642, 37.273486], [-6.713646, 37.273576], [-6.713984, 37.273565], [-6.713988, 37.273655], [-6.714439, 37.273641], [-6.714412, 37.273101], [-6.71475, 37.273091], [-6.714763, 37.273361], [-6.71465, 37.273364], [-6.714659, 37.273544], [-6.714772, 37.27354], [-6.714776, 37.27363], [-6.714997, 37.273533], [-6.714992, 37.273443], [-6.71488, 37.273447], [-6.714871, 37.273267], [-6.714984, 37.273264], [-6.714979, 37.273174], [-6.715092, 37.27317], [-6.715101, 37.27335], [-6.715213, 37.273346], [-6.715209, 37.273256], [-6.715434, 37.273249], [-6.71533, 37.273433], [-6.715105, 37.27344], [-6.715118, 37.27371], [-6.715456, 37.273699], [-6.715465, 37.273879], [-6.715915, 37.273865], [-6.715911, 37.273775], [-6.716136, 37.273768], [-6.71614, 37.273858], [-6.716253, 37.273854], [-6.716239, 37.273584], [-6.716352, 37.273581], [-6.716356, 37.273671], [-6.716469, 37.273667], [-6.716478, 37.273847], [-6.716699, 37.27375], [-6.71682, 37.273926], [-6.717045, 37.273919], [-6.71705, 37.274009], [-6.717162, 37.274006], [-6.717175, 37.274276], [-6.716946, 37.274193], [-6.716941, 37.274103], [-6.716829, 37.274106], [-6.716824, 37.274016], [-6.716374, 37.274031], [-6.71637, 37.273941], [-6.715469, 37.273969], [-6.715483, 37.274239], [-6.715257, 37.274246], [-6.715244, 37.273976], [-6.714906, 37.273987], [-6.714915, 37.274167], [-6.714803, 37.27417], [-6.714807, 37.27426], [-6.714695, 37.274264], [-6.714681, 37.273994], [-6.714569, 37.273997], [-6.714578, 37.274177], [-6.714015, 37.274195], [-6.714119, 37.274011], [-6.713668, 37.274026], [-6.71379, 37.274202], [-6.713227, 37.27422], [-6.713106, 37.274043], [-6.713218, 37.27404], [-6.713214, 37.27395], [-6.712989, 37.273957], [-6.712997, 37.274137], [-6.711984, 37.274169], [-6.71198, 37.274079], [-6.711755, 37.274086], [-6.71175, 37.273996], [-6.711638, 37.273999], [-6.711742, 37.273816], [-6.711629, 37.273819], [-6.71162, 37.273639], [-6.711733, 37.273636], [-6.711728, 37.273546], [-6.712066, 37.273535], [-6.71217, 37.273352], [-6.712395, 37.273345], [-6.712399, 37.273435], [-6.712737, 37.273424], [-6.712724, 37.273154], [-6.712611, 37.273158], [-6.712607, 37.273068], [-6.713169, 37.27305], [-6.713165, 37.27296], [-6.713615, 37.272946], [-6.71362, 37.273036], [-6.713732, 37.273033]], [[-6.713507, 37.27304], [-6.713512, 37.27313], [-6.713624, 37.273126], [-6.71362, 37.273036], [-6.713507, 37.27304]], [[-6.712426, 37.273974], [-6.712201, 37.273982], [-6.712205, 37.274072], [-6.71243, 37.274064], [-6.712426, 37.273974]], [[-6.712413, 37.273705], [-6.7123, 37.273708], [-6.712304, 37.273798], [-6.712417, 37.273795], [-6.712413, 37.273705]], [[-6.712075, 37.273715], [-6.711962, 37.273719], [-6.711967, 37.273809], [-6.712079, 37.273805], [-6.712075, 37.273715]]]}, "properties": {"id": "donana-2023-170690-4131700", "ha": 3.15, "plastic_dates": 3.0, "valid_dates": 8.8, "admin_zone": "Zona C", "plan_zone": "Zona C - No regable", "distance_to_irrigable_m": 19, "sigpac_ref": "21:46:0:0:9:35:2", "sigpac_use": "IV", "sigpac_irrigation_coef": 100, "sigpac_url": "https://sigpac-hubcloud.es/servicioconsultassigpac/query/recinfo/21/46/0/0/9/35/2.json", "declared_greenhouse_share": 1.0, "declared_irrigated_share": 1.0, "lon": -6.713765, "lat": 37.273707}}, {"type": "Feature", "geometry": {"type": "Polygon", "coordinates": [[[-6.726691, 37.27749], [-6.726686, 37.2774], [-6.726011, 37.277421], [-6.726007, 37.277331], [-6.724993, 37.277363], [-6.724989, 37.277273], [-6.725102, 37.277269], [-6.725093, 37.277089], [-6.724868, 37.277097], [-6.724859, 37.276917], [-6.724746, 37.27692], [-6.724728, 37.27656], [-6.724616, 37.276564], [-6.724607, 37.276384], [-6.724377, 37.276301], [-6.724373, 37.276211], [-6.72426, 37.276215], [-6.724256, 37.276125], [-6.724143, 37.276128], [-6.724139, 37.276038], [-6.724026, 37.276042], [-6.724022, 37.275952], [-6.723909, 37.275956], [-6.723887, 37.275506], [-6.724108, 37.275409], [-6.724112, 37.275499], [-6.724563, 37.275485], [-6.724684, 37.275661], [-6.724797, 37.275657], [-6.724801, 37.275747], [-6.725026, 37.27574], [-6.725035, 37.27592], [-6.725373, 37.27591], [-6.725377, 37.275999], [-6.725602, 37.275992], [-6.725607, 37.276082], [-6.725944, 37.276072], [-6.726066, 37.276248], [-6.726516, 37.276234], [-6.726521, 37.276324], [-6.726633, 37.27632], [-6.726642, 37.2765], [-6.726529, 37.276504], [-6.726538, 37.276684], [-6.726768, 37.276766], [-6.726777, 37.276946], [-6.727002, 37.276939], [-6.72702, 37.277299], [-6.726799, 37.277396], [-6.726803, 37.277486], [-6.726691, 37.27749]], [[-6.725998, 37.277151], [-6.725885, 37.277155], [-6.72589, 37.277245], [-6.726002, 37.277241], [-6.725998, 37.277151]], [[-6.724832, 37.276377], [-6.72472, 37.276381], [-6.724724, 37.27647], [-6.724837, 37.276467], [-6.724832, 37.276377]], [[-6.724936, 37.276194], [-6.724823, 37.276197], [-6.724828, 37.276287], [-6.72494, 37.276283], [-6.724936, 37.276194]]]}, "properties": {"id": "donana-2023-169650-4132050", "ha": 3.12, "plastic_dates": 5.1, "valid_dates": 8.0, "admin_zone": "Zona C", "plan_zone": "Zona C - No regable", "distance_to_irrigable_m": 16, "sigpac_ref": "21:46:0:0:24:21:2", "sigpac_use": "IV", "sigpac_irrigation_coef": 100, "sigpac_url": "https://sigpac-hubcloud.es/servicioconsultassigpac/query/recinfo/21/46/0/0/24/21/2.json", "declared_greenhouse_share": 1.0, "declared_irrigated_share": 0.62, "lon": -6.725627, "lat": 37.276487}}, {"type": "Feature", "geometry": {"type": "Polygon", "coordinates": [[[-6.779759, 37.240851], [-6.779647, 37.240854], [-6.779642, 37.240764], [-6.779417, 37.240771], [-6.779413, 37.240681], [-6.779188, 37.240689], [-6.779183, 37.240599], [-6.778958, 37.240606], [-6.778954, 37.240516], [-6.778729, 37.240523], [-6.778724, 37.240433], [-6.778499, 37.24044], [-6.778369, 37.240084], [-6.777914, 37.240009], [-6.77791, 37.239919], [-6.777797, 37.239922], [-6.777793, 37.239832], [-6.77768, 37.239836], [-6.777676, 37.239746], [-6.777563, 37.23975], [-6.777527, 37.23903], [-6.778202, 37.239009], [-6.778324, 37.239185], [-6.778661, 37.239174], [-6.778666, 37.239264], [-6.779116, 37.23925], [-6.779125, 37.239429], [-6.779345, 37.239332], [-6.779467, 37.239509], [-6.779804, 37.239498], [-6.779809, 37.239588], [-6.779921, 37.239584], [-6.77993, 37.239764], [-6.780151, 37.239667], [-6.780155, 37.239757], [-6.780268, 37.239753], [-6.780272, 37.239843], [-6.78016, 37.239847], [-6.780169, 37.240027], [-6.780281, 37.240023], [-6.780277, 37.239933], [-6.780502, 37.239926], [-6.780623, 37.240102], [-6.780736, 37.240099], [-6.78074, 37.240189], [-6.781078, 37.240178], [-6.781082, 37.240268], [-6.78097, 37.240271], [-6.780983, 37.240541], [-6.780763, 37.240638], [-6.780767, 37.240728], [-6.780655, 37.240732], [-6.78065, 37.240642], [-6.780313, 37.240653], [-6.780308, 37.240563], [-6.780083, 37.24057], [-6.780079, 37.24048], [-6.779854, 37.240487], [-6.779759, 37.240851]], [[-6.778022, 37.239915], [-6.778018, 37.239825], [-6.777905, 37.239829], [-6.77791, 37.239919], [-6.778022, 37.239915]], [[-6.779849, 37.240397], [-6.779737, 37.240401], [-6.779741, 37.240491], [-6.779854, 37.240487], [-6.779849, 37.240397]], [[-6.779962, 37.240394], [-6.780074, 37.24039], [-6.78007, 37.2403], [-6.779957, 37.240304], [-6.779962, 37.240394]], [[-6.779953, 37.240214], [-6.77984, 37.240217], [-6.779845, 37.240307], [-6.779957, 37.240304], [-6.779953, 37.240214]], [[-6.778715, 37.240253], [-6.778603, 37.240257], [-6.778607, 37.240347], [-6.77872, 37.240343], [-6.778715, 37.240253]], [[-6.779723, 37.240131], [-6.779611, 37.240135], [-6.779615, 37.240225], [-6.779728, 37.240221], [-6.779723, 37.240131]], [[-6.779494, 37.240048], [-6.779381, 37.240052], [-6.779386, 37.240142], [-6.779498, 37.240138], [-6.779494, 37.240048]], [[-6.778819, 37.24007], [-6.778706, 37.240073], [-6.778711, 37.240163], [-6.778823, 37.24016], [-6.778819, 37.24007]], [[-6.779264, 37.239966], [-6.779152, 37.239969], [-6.779156, 37.240059], [-6.779269, 37.240055], [-6.779264, 37.239966]], [[-6.778814, 37.23998], [-6.779039, 37.239973], [-6.779035, 37.239883], [-6.77881, 37.23989], [-6.778814, 37.23998]], [[-6.778805, 37.2398], [-6.778693, 37.239804], [-6.778697, 37.239894], [-6.77881, 37.23989], [-6.778805, 37.2398]], [[-6.779026, 37.239703], [-6.778913, 37.239706], [-6.778918, 37.239796], [-6.77903, 37.239793], [-6.779026, 37.239703]], [[-6.778355, 37.239814], [-6.77858, 37.239807], [-6.778576, 37.239717], [-6.778351, 37.239724], [-6.778355, 37.239814]], [[-6.778346, 37.239635], [-6.778009, 37.239645], [-6.778013, 37.239735], [-6.778351, 37.239724], [-6.778346, 37.239635]], [[-6.778004, 37.239555], [-6.777892, 37.239559], [-6.777896, 37.239649], [-6.778009, 37.239645], [-6.778004, 37.239555]], [[-6.779129, 37.239519], [-6.779017, 37.239523], [-6.779021, 37.239613], [-6.779134, 37.239609], [-6.779129, 37.239519]], [[-6.778225, 37.239458], [-6.778112, 37.239462], [-6.778117, 37.239552], [-6.778229, 37.239548], [-6.778225, 37.239458]], [[-6.777775, 37.239473], [-6.777662, 37.239476], [-6.777667, 37.239566], [-6.777779, 37.239563], [-6.777775, 37.239473]], [[-6.778328, 37.239275], [-6.778216, 37.239278], [-6.77822, 37.239368], [-6.778333, 37.239365], [-6.778328, 37.239275]]]}, "properties": {"id": "donana-2023-164700-4128180", "ha": 3.08, "plastic_dates": 5.2, "valid_dates": 8.1, "admin_zone": "Zona A", "plan_zone": "Zona A - Suelo Forestal", "distance_to_irrigable_m": 5, "sigpac_ref": "21:50:0:0:32:13:13", "sigpac_use": "IV", "sigpac_irrigation_coef": 100, "sigpac_url": "https://sigpac-hubcloud.es/servicioconsultassigpac/query/recinfo/21/50/0/0/32/13/13.json", "declared_greenhouse_share": 1.0, "declared_irrigated_share": 1.0, "lon": -6.7796, "lat": 37.23991}}, {"type": "Feature", "geometry": {"type": "MultiPolygon", "coordinates": [[[[-6.709098, 37.240656], [-6.70941, 37.240105], [-6.709522, 37.240102], [-6.709526, 37.240192], [-6.709976, 37.240178], [-6.709981, 37.240268], [-6.710431, 37.240254], [-6.710435, 37.240343], [-6.710323, 37.240347], [-6.710349, 37.240887], [-6.710237, 37.24089], [-6.710263, 37.24143], [-6.710043, 37.241527], [-6.710034, 37.241347], [-6.709809, 37.241354], [-6.709818, 37.241534], [-6.709705, 37.241538], [-6.709701, 37.241448], [-6.709476, 37.241455], [-6.70948, 37.241545], [-6.70903, 37.241559], [-6.709026, 37.241469], [-6.708913, 37.241472], [-6.708922, 37.241652], [-6.70881, 37.241656], [-6.708823, 37.241926], [-6.708485, 37.241936], [-6.708481, 37.241846], [-6.708031, 37.24186], [-6.708018, 37.24159], [-6.707793, 37.241598], [-6.707788, 37.241508], [-6.707334, 37.241432], [-6.707316, 37.241072], [-6.707429, 37.241068], [-6.707424, 37.240978], [-6.707762, 37.240968], [-6.707757, 37.240878], [-6.70787, 37.240874], [-6.707748, 37.240698], [-6.707861, 37.240694], [-6.707852, 37.240515], [-6.707965, 37.240511], [-6.707969, 37.240601], [-6.708194, 37.240594], [-6.70819, 37.240504], [-6.70864, 37.24049], [-6.708644, 37.24058], [-6.708869, 37.240573], [-6.708873, 37.240663], [-6.709098, 37.240656]], [[-6.707874, 37.240964], [-6.708212, 37.240954], [-6.708207, 37.240864], [-6.70787, 37.240874], [-6.707874, 37.240964]], [[-6.708311, 37.24068], [-6.708315, 37.24077], [-6.708878, 37.240753], [-6.708873, 37.240663], [-6.708311, 37.24068]], [[-6.708697, 37.241659], [-6.708134, 37.241677], [-6.708139, 37.241767], [-6.708701, 37.241749], [-6.708697, 37.241659]], [[-6.709121, 37.241105], [-6.708783, 37.241116], [-6.708787, 37.241206], [-6.709125, 37.241195], [-6.709121, 37.241105]], [[-6.709107, 37.240836], [-6.708882, 37.240843], [-6.708887, 37.240933], [-6.709112, 37.240926], [-6.709107, 37.240836]], [[-6.709985, 37.240358], [-6.709873, 37.240361], [-6.709877, 37.240451], [-6.70999, 37.240448], [-6.709985, 37.240358]]], [[[-6.707914, 37.241774], [-6.707801, 37.241777], [-6.707797, 37.241687], [-6.707572, 37.241695], [-6.707567, 37.241605], [-6.707793, 37.241598], [-6.707914, 37.241774]]]]}, "properties": {"id": "donana-2023-170990-4128060", "ha": 3.06, "plastic_dates": 3.9, "valid_dates": 9.1, "admin_zone": "Zona A", "plan_zone": "Zona A - Suelo Forestal", "distance_to_irrigable_m": 17, "sigpac_ref": "21:46:0:0:9:107:19", "sigpac_use": "IV", "sigpac_irrigation_coef": 100, "sigpac_url": "https://sigpac-hubcloud.es/servicioconsultassigpac/query/recinfo/21/46/0/0/9/107/19.json", "declared_greenhouse_share": 1.0, "declared_irrigated_share": 1.0, "lon": -6.708781, "lat": 37.241071}}, {"type": "Feature", "geometry": {"type": "Polygon", "coordinates": [[[-6.833611, 37.236234], [-6.833607, 37.236144], [-6.833382, 37.236152], [-6.833377, 37.236062], [-6.83304, 37.236073], [-6.833035, 37.235983], [-6.83281, 37.23599], [-6.832806, 37.2359], [-6.832693, 37.235904], [-6.832684, 37.235724], [-6.832797, 37.23572], [-6.832787, 37.23554], [-6.8329, 37.235537], [-6.832882, 37.235177], [-6.833111, 37.235259], [-6.833102, 37.23508], [-6.83299, 37.235083], [-6.832985, 37.234993], [-6.833098, 37.23499], [-6.833084, 37.23472], [-6.833196, 37.234716], [-6.833183, 37.234446], [-6.833295, 37.234443], [-6.833281, 37.234173], [-6.833394, 37.234169], [-6.833389, 37.234079], [-6.833727, 37.234068], [-6.833722, 37.233978], [-6.83406, 37.233967], [-6.834163, 37.233784], [-6.834276, 37.23378], [-6.834294, 37.23414], [-6.834523, 37.234223], [-6.834528, 37.234313], [-6.834753, 37.234305], [-6.834757, 37.234395], [-6.83487, 37.234392], [-6.834884, 37.234661], [-6.834663, 37.234759], [-6.834677, 37.235029], [-6.834456, 37.235126], [-6.83447, 37.235396], [-6.834358, 37.235399], [-6.834371, 37.235669], [-6.834151, 37.235766], [-6.834165, 37.236036], [-6.833944, 37.236133], [-6.833949, 37.236223], [-6.833611, 37.236234]], [[-6.83442, 37.234406], [-6.834308, 37.23441], [-6.834312, 37.2345], [-6.834425, 37.234496], [-6.83442, 37.234406]]]}, "properties": {"id": "donana-2023-159860-4127830", "ha": 3.05, "plastic_dates": 3.3, "valid_dates": 9.9, "admin_zone": "Zona C", "plan_zone": "Zona C - No regable", "distance_to_irrigable_m": 18, "sigpac_ref": "21:50:0:0:22:32:10", "sigpac_use": "TA", "sigpac_irrigation_coef": 0, "sigpac_url": "https://sigpac-hubcloud.es/servicioconsultassigpac/query/recinfo/21/50/0/0/22/32/10.json", "declared_greenhouse_share": 0.0, "declared_irrigated_share": 0.0, "lon": -6.833831, "lat": 37.235011}}, {"type": "Feature", "geometry": {"type": "MultiPolygon", "coordinates": [[[[-6.595636, 37.236142], [-6.595749, 37.236138], [-6.595757, 37.236318], [-6.594744, 37.236349], [-6.594757, 37.236619], [-6.595882, 37.236585], [-6.595887, 37.236675], [-6.595212, 37.236695], [-6.595216, 37.236785], [-6.595441, 37.236778], [-6.595445, 37.236868], [-6.595783, 37.236858], [-6.595778, 37.236768], [-6.596679, 37.236741], [-6.596674, 37.236651], [-6.596899, 37.236644], [-6.596895, 37.236554], [-6.597008, 37.23655], [-6.597025, 37.23691], [-6.5968, 37.236917], [-6.596921, 37.237094], [-6.596246, 37.237114], [-6.59615, 37.237477], [-6.595925, 37.237484], [-6.595921, 37.237394], [-6.595808, 37.237398], [-6.5958, 37.237218], [-6.595579, 37.237315], [-6.595458, 37.237138], [-6.59512, 37.237148], [-6.595112, 37.236968], [-6.594999, 37.236972], [-6.595004, 37.237062], [-6.594441, 37.237079], [-6.594437, 37.236989], [-6.594324, 37.236992], [-6.594329, 37.237082], [-6.593991, 37.237093], [-6.593995, 37.237183], [-6.593545, 37.237196], [-6.593541, 37.237106], [-6.593653, 37.237103], [-6.593636, 37.236743], [-6.594649, 37.236712], [-6.594645, 37.236622], [-6.593745, 37.23665], [-6.59374, 37.23656], [-6.593853, 37.236556], [-6.59384, 37.236286], [-6.593953, 37.236283], [-6.593935, 37.235923], [-6.594048, 37.23592], [-6.594039, 37.23574], [-6.594152, 37.235736], [-6.594148, 37.235646], [-6.595048, 37.235619], [-6.595043, 37.235529], [-6.595156, 37.235526], [-6.59516, 37.235616], [-6.595273, 37.235612], [-6.595277, 37.235702], [-6.59539, 37.235699], [-6.595394, 37.235789], [-6.595506, 37.235785], [-6.595519, 37.236055], [-6.595632, 37.236052], [-6.595636, 37.236142]], [[-6.595337, 37.236962], [-6.595333, 37.236872], [-6.595108, 37.236878], [-6.595112, 37.236968], [-6.595337, 37.236962]], [[-6.594827, 37.235716], [-6.594836, 37.235896], [-6.594948, 37.235892], [-6.594944, 37.235802], [-6.595281, 37.235792], [-6.595277, 37.235702], [-6.594827, 37.235716]], [[-6.595675, 37.236951], [-6.595562, 37.236955], [-6.595571, 37.237135], [-6.595683, 37.237131], [-6.595675, 37.236951]], [[-6.595065, 37.235979], [-6.594952, 37.235982], [-6.594957, 37.236072], [-6.595069, 37.236069], [-6.595065, 37.235979]]], [[[-6.595623, 37.235872], [-6.595736, 37.235868], [-6.595744, 37.236048], [-6.595632, 37.236052], [-6.595623, 37.235872]]], [[[-6.594143, 37.235556], [-6.594139, 37.235466], [-6.594252, 37.235463], [-6.594239, 37.235193], [-6.594351, 37.23519], [-6.594343, 37.23501], [-6.594572, 37.235093], [-6.594576, 37.235183], [-6.594689, 37.235179], [-6.594693, 37.235269], [-6.594806, 37.235266], [-6.59481, 37.235356], [-6.594922, 37.235353], [-6.594927, 37.235443], [-6.595039, 37.235439], [-6.595043, 37.235529], [-6.594143, 37.235556]]]]}, "properties": {"id": "donana-2023-181080-4127140", "ha": 3.04, "plastic_dates": 2.5, "valid_dates": 9.8, "admin_zone": "Zona C", "plan_zone": "Zona C - No regable", "distance_to_irrigable_m": 13, "sigpac_ref": "21:5:0:0:42:24:12", "sigpac_use": "IV", "sigpac_irrigation_coef": 100, "sigpac_url": "https://sigpac-hubcloud.es/servicioconsultassigpac/query/recinfo/21/5/0/0/42/24/12.json", "declared_greenhouse_share": 1.0, "declared_irrigated_share": 0.84, "lon": -6.594799, "lat": 37.236302}}, {"type": "Feature", "geometry": {"type": "Polygon", "coordinates": [[[-6.738626, 37.25441], [-6.738621, 37.25432], [-6.738396, 37.254328], [-6.7384, 37.254417], [-6.738288, 37.254421], [-6.738275, 37.254151], [-6.738162, 37.254155], [-6.738153, 37.253975], [-6.738266, 37.253971], [-6.738252, 37.253701], [-6.73814, 37.253705], [-6.738122, 37.253345], [-6.737893, 37.253262], [-6.737875, 37.252903], [-6.737987, 37.252899], [-6.737983, 37.252809], [-6.738095, 37.252806], [-6.7381, 37.252895], [-6.738325, 37.252888], [-6.73832, 37.252798], [-6.73877, 37.252784], [-6.738766, 37.252694], [-6.738879, 37.252691], [-6.73887, 37.252511], [-6.73909, 37.252414], [-6.739086, 37.252324], [-6.739198, 37.25232], [-6.739194, 37.25223], [-6.739419, 37.252223], [-6.739428, 37.252403], [-6.73954, 37.252399], [-6.739531, 37.25222], [-6.740094, 37.252202], [-6.74009, 37.252112], [-6.740202, 37.252108], [-6.740324, 37.252285], [-6.740436, 37.252281], [-6.74044, 37.252371], [-6.740553, 37.252367], [-6.740562, 37.252547], [-6.740341, 37.252644], [-6.74035, 37.252824], [-6.740238, 37.252828], [-6.740242, 37.252918], [-6.74013, 37.252921], [-6.740139, 37.253101], [-6.739918, 37.253198], [-6.739922, 37.253288], [-6.73981, 37.253292], [-6.739814, 37.253382], [-6.739702, 37.253385], [-6.739706, 37.253475], [-6.739594, 37.253479], [-6.739603, 37.253659], [-6.739378, 37.253666], [-6.739274, 37.253849], [-6.739161, 37.253853], [-6.739166, 37.253943], [-6.739053, 37.253946], [-6.739058, 37.254036], [-6.738945, 37.25404], [-6.73895, 37.25413], [-6.738837, 37.254133], [-6.738846, 37.254313], [-6.738734, 37.254317], [-6.738738, 37.254407], [-6.738626, 37.25441]]]}, "properties": {"id": "donana-2023-168360-4129520", "ha": 3.03, "plastic_dates": 5.5, "valid_dates": 8.6, "admin_zone": "Zona C", "plan_zone": "Zona C - No regable", "distance_to_irrigable_m": 375, "sigpac_ref": "21:46:0:0:26:65:8", "sigpac_use": "IV", "sigpac_irrigation_coef": 0, "sigpac_url": "https://sigpac-hubcloud.es/servicioconsultassigpac/query/recinfo/21/46/0/0/26/65/8.json", "declared_greenhouse_share": 1.0, "declared_irrigated_share": 0.0, "lon": -6.738964, "lat": 37.253274}}, {"type": "Feature", "geometry": {"type": "MultiPolygon", "coordinates": [[[[-6.603839, 37.249856], [-6.603614, 37.249863], [-6.603493, 37.249687], [-6.603714, 37.24959], [-6.60361, 37.249773], [-6.603835, 37.249766], [-6.603839, 37.249856]]], [[[-6.604272, 37.249483], [-6.604052, 37.24958], [-6.604056, 37.24967], [-6.603943, 37.249673], [-6.603948, 37.249763], [-6.603835, 37.249766], [-6.603818, 37.249407], [-6.603376, 37.2496], [-6.603372, 37.24951], [-6.60326, 37.249514], [-6.603251, 37.249334], [-6.603026, 37.249341], [-6.60303, 37.249431], [-6.603143, 37.249427], [-6.603156, 37.249697], [-6.602701, 37.249621], [-6.602684, 37.249261], [-6.602459, 37.249268], [-6.602455, 37.249178], [-6.602567, 37.249174], [-6.602554, 37.248904], [-6.602667, 37.248901], [-6.602658, 37.248721], [-6.602888, 37.248804], [-6.602879, 37.248624], [-6.602992, 37.248621], [-6.602987, 37.248531], [-6.603325, 37.248521], [-6.603321, 37.248431], [-6.603546, 37.248424], [-6.603537, 37.248244], [-6.603983, 37.24814], [-6.604087, 37.247957], [-6.604312, 37.24795], [-6.604416, 37.247767], [-6.604641, 37.24776], [-6.604637, 37.24767], [-6.604749, 37.247666], [-6.604753, 37.247756], [-6.604866, 37.247753], [-6.604883, 37.248113], [-6.604996, 37.248109], [-6.605004, 37.248289], [-6.605234, 37.248372], [-6.605242, 37.248552], [-6.605472, 37.248635], [-6.605476, 37.248725], [-6.60503, 37.248829], [-6.604926, 37.249012], [-6.604814, 37.249016], [-6.604818, 37.249106], [-6.604593, 37.249113], [-6.604489, 37.249296], [-6.604264, 37.249303], [-6.604272, 37.249483]], [[-6.603485, 37.249507], [-6.60348, 37.249417], [-6.603368, 37.24942], [-6.603372, 37.24951], [-6.603485, 37.249507]], [[-6.603705, 37.24941], [-6.603701, 37.24932], [-6.603589, 37.249323], [-6.60358, 37.249144], [-6.603467, 37.249147], [-6.60348, 37.249417], [-6.603705, 37.24941]], [[-6.60355, 37.248514], [-6.603662, 37.24851], [-6.603658, 37.24842], [-6.603546, 37.248424], [-6.60355, 37.248514]], [[-6.604259, 37.249213], [-6.604147, 37.249216], [-6.604151, 37.249306], [-6.604264, 37.249303], [-6.604259, 37.249213]], [[-6.603242, 37.249154], [-6.60313, 37.249157], [-6.603134, 37.249247], [-6.603247, 37.249244], [-6.603242, 37.249154]], [[-6.603017, 37.249161], [-6.602905, 37.249164], [-6.602909, 37.249254], [-6.603022, 37.249251], [-6.603017, 37.249161]], [[-6.604138, 37.249036], [-6.604026, 37.24904], [-6.60403, 37.24913], [-6.604143, 37.249126], [-6.604138, 37.249036]], [[-6.603913, 37.249043], [-6.603801, 37.249047], [-6.603805, 37.249137], [-6.603918, 37.249133], [-6.603913, 37.249043]], [[-6.603121, 37.248977], [-6.603009, 37.248981], [-6.603013, 37.249071], [-6.603126, 37.249067], [-6.603121, 37.248977]], [[-6.603909, 37.248953], [-6.604022, 37.24895], [-6.604017, 37.24886], [-6.603905, 37.248863], [-6.603909, 37.248953]], [[-6.6039, 37.248773], [-6.603788, 37.248777], [-6.603792, 37.248867], [-6.603905, 37.248863], [-6.6039, 37.248773]], [[-6.604805, 37.248836], [-6.604918, 37.248832], [-6.604913, 37.248743], [-6.604801, 37.248746], [-6.604805, 37.248836]], [[-6.604796, 37.248656], [-6.604684, 37.248659], [-6.604688, 37.248749], [-6.604801, 37.248746], [-6.604796, 37.248656]], [[-6.603779, 37.248597], [-6.603667, 37.2486], [-6.603671, 37.24869], [-6.603784, 37.248687], [-6.603779, 37.248597]], [[-6.604675, 37.248479], [-6.604563, 37.248483], [-6.604567, 37.248573], [-6.60468, 37.248569], [-6.604675, 37.248479]], [[-6.604446, 37.248396], [-6.604558, 37.248393], [-6.604554, 37.248303], [-6.604442, 37.248306], [-6.604446, 37.248396]], [[-6.604437, 37.248216], [-6.604325, 37.24822], [-6.604329, 37.24831], [-6.604442, 37.248306], [-6.604437, 37.248216]], [[-6.604316, 37.24804], [-6.604204, 37.248043], [-6.604208, 37.248133], [-6.604321, 37.24813], [-6.604316, 37.24804]]]]}, "properties": {"id": "donana-2023-180390-4128560", "ha": 2.87, "plastic_dates": 2.9, "valid_dates": 10.0, "admin_zone": "Zona C", "plan_zone": "Zona C - No regable", "distance_to_irrigable_m": 14, "sigpac_ref": "21:5:0:0:39:4:13", "sigpac_use": "IV", "sigpac_irrigation_coef": 8, "sigpac_url": "https://sigpac-hubcloud.es/servicioconsultassigpac/query/recinfo/21/5/0/0/39/4/13.json", "declared_greenhouse_share": 1.0, "declared_irrigated_share": 1.0, "lon": -6.603227, "lat": 37.248839}}, {"type": "Feature", "geometry": {"type": "MultiPolygon", "coordinates": [[[[-6.732808, 37.243874], [-6.732821, 37.244143], [-6.733046, 37.244136], [-6.733051, 37.244226], [-6.733163, 37.244223], [-6.733172, 37.244403], [-6.732947, 37.24441], [-6.732943, 37.24432], [-6.73283, 37.244323], [-6.732835, 37.244413], [-6.732722, 37.244417], [-6.732718, 37.244327], [-6.732605, 37.24433], [-6.732614, 37.24451], [-6.732502, 37.244514], [-6.732506, 37.244604], [-6.732618, 37.2446], [-6.732632, 37.24487], [-6.732407, 37.244877], [-6.732411, 37.244967], [-6.732299, 37.244971], [-6.732308, 37.245151], [-6.732195, 37.245154], [-6.732173, 37.244704], [-6.732285, 37.244701], [-6.732281, 37.244611], [-6.732393, 37.244607], [-6.732371, 37.244158], [-6.732259, 37.244161], [-6.732268, 37.244341], [-6.732043, 37.244348], [-6.732034, 37.244168], [-6.731921, 37.244172], [-6.73193, 37.244352], [-6.73171, 37.244449], [-6.731723, 37.244719], [-6.731493, 37.244636], [-6.731502, 37.244816], [-6.731277, 37.244823], [-6.731273, 37.244733], [-6.73116, 37.244736], [-6.731151, 37.244556], [-6.731039, 37.24456], [-6.731026, 37.24429], [-6.731138, 37.244287], [-6.731134, 37.244197], [-6.731021, 37.2442], [-6.731017, 37.24411], [-6.730792, 37.244117], [-6.73067, 37.243941], [-6.730558, 37.243945], [-6.730553, 37.243855], [-6.730666, 37.243851], [-6.730661, 37.243761], [-6.730549, 37.243765], [-6.730544, 37.243675], [-6.730432, 37.243678], [-6.730427, 37.243588], [-6.730315, 37.243592], [-6.730311, 37.243502], [-6.730198, 37.243505], [-6.730202, 37.243595], [-6.73009, 37.243599], [-6.730085, 37.243509], [-6.729973, 37.243513], [-6.729964, 37.243333], [-6.730644, 37.243401], [-6.730635, 37.243221], [-6.730864, 37.243304], [-6.73086, 37.243214], [-6.731085, 37.243207], [-6.731089, 37.243297], [-6.731539, 37.243283], [-6.731544, 37.243373], [-6.731656, 37.243369], [-6.731652, 37.243279], [-6.731989, 37.243269], [-6.731985, 37.243179], [-6.73221, 37.243172], [-6.732219, 37.243352], [-6.732444, 37.243345], [-6.732448, 37.243434], [-6.732111, 37.243445], [-6.732232, 37.243621], [-6.73212, 37.243625], [-6.732128, 37.243805], [-6.732349, 37.243708], [-6.732345, 37.243618], [-6.732457, 37.243614], [-6.732475, 37.243974], [-6.732587, 37.243971], [-6.732682, 37.243607], [-6.732795, 37.243604], [-6.732664, 37.243247], [-6.73311, 37.243143], [-6.733123, 37.243413], [-6.733011, 37.243417], [-6.73302, 37.243597], [-6.732907, 37.2436], [-6.73292, 37.24387], [-6.732808, 37.243874]], [[-6.731376, 37.244549], [-6.731489, 37.244546], [-6.731484, 37.244456], [-6.731372, 37.244459], [-6.731376, 37.244549]], [[-6.731368, 37.244369], [-6.731255, 37.244373], [-6.731259, 37.244463], [-6.731372, 37.244459], [-6.731368, 37.244369]]], [[[-6.733145, 37.243863], [-6.733154, 37.244043], [-6.732929, 37.24405], [-6.73292, 37.24387], [-6.733145, 37.243863]]], [[[-6.730207, 37.243685], [-6.730202, 37.243595], [-6.730315, 37.243592], [-6.730319, 37.243682], [-6.730207, 37.243685]]], [[[-6.730324, 37.243772], [-6.730319, 37.243682], [-6.730432, 37.243678], [-6.730436, 37.243768], [-6.730324, 37.243772]]], [[[-6.730441, 37.243858], [-6.730436, 37.243768], [-6.730549, 37.243765], [-6.730553, 37.243855], [-6.730441, 37.243858]]], [[[-6.731948, 37.244712], [-6.731943, 37.244622], [-6.732164, 37.244525], [-6.732173, 37.244704], [-6.731948, 37.244712]]]]}, "properties": {"id": "donana-2023-168980-4128490", "ha": 2.83, "plastic_dates": 5.7, "valid_dates": 8.7, "admin_zone": "Zona A", "plan_zone": "Zona A - Suelo Forestal", "distance_to_irrigable_m": 23, "sigpac_ref": "21:46:0:0:11:14:3", "sigpac_use": "IV", "sigpac_irrigation_coef": 0, "sigpac_url": "https://sigpac-hubcloud.es/servicioconsultassigpac/query/recinfo/21/46/0/0/11/14/3.json", "declared_greenhouse_share": 0.99, "declared_irrigated_share": 0.0, "lon": -6.73153, "lat": 37.244229}}, {"type": "Feature", "geometry": {"type": "Polygon", "coordinates": [[[-6.713836, 37.252219], [-6.713809, 37.251679], [-6.714034, 37.251672], [-6.714156, 37.251848], [-6.714268, 37.251845], [-6.714273, 37.251935], [-6.714385, 37.251931], [-6.714381, 37.251841], [-6.714831, 37.251827], [-6.714835, 37.251917], [-6.715173, 37.251906], [-6.715177, 37.251996], [-6.715628, 37.251982], [-6.715632, 37.252072], [-6.715857, 37.252065], [-6.715753, 37.252248], [-6.715641, 37.252252], [-6.71565, 37.252432], [-6.715537, 37.252435], [-6.715568, 37.253065], [-6.715456, 37.253069], [-6.715464, 37.253249], [-6.715352, 37.253252], [-6.715365, 37.253522], [-6.715144, 37.253619], [-6.715149, 37.253709], [-6.715036, 37.253712], [-6.715041, 37.253802], [-6.714591, 37.253817], [-6.714582, 37.253637], [-6.714469, 37.25364], [-6.714465, 37.25355], [-6.71424, 37.253557], [-6.714222, 37.253197], [-6.714335, 37.253194], [-6.71433, 37.253104], [-6.71388, 37.253118], [-6.713876, 37.253028], [-6.713763, 37.253032], [-6.713741, 37.252582], [-6.713516, 37.252589], [-6.713507, 37.252409], [-6.71362, 37.252406], [-6.713615, 37.252316], [-6.714065, 37.252302], [-6.714061, 37.252212], [-6.713836, 37.252219]], [[-6.714174, 37.252208], [-6.714165, 37.252028], [-6.71394, 37.252035], [-6.714061, 37.252212], [-6.714174, 37.252208]], [[-6.714542, 37.252827], [-6.714655, 37.252824], [-6.71465, 37.252734], [-6.714538, 37.252737], [-6.714542, 37.252827]], [[-6.714533, 37.252647], [-6.714421, 37.252651], [-6.714425, 37.252741], [-6.714538, 37.252737], [-6.714533, 37.252647]], [[-6.714299, 37.252474], [-6.714187, 37.252478], [-6.714196, 37.252658], [-6.714421, 37.252651], [-6.714299, 37.252474]], [[-6.713957, 37.252395], [-6.713845, 37.252399], [-6.713849, 37.252488], [-6.713962, 37.252485], [-6.713957, 37.252395]], [[-6.714039, 37.251762], [-6.713926, 37.251765], [-6.713931, 37.251855], [-6.714043, 37.251852], [-6.714039, 37.251762]]]}, "properties": {"id": "donana-2023-170480-4129380", "ha": 2.81, "plastic_dates": 4.4, "valid_dates": 8.0, "admin_zone": "Zona C", "plan_zone": "Zona C - No regable", "distance_to_irrigable_m": 19, "sigpac_ref": "21:46:0:0:9:100:4", "sigpac_use": "IV", "sigpac_irrigation_coef": 0, "sigpac_url": "https://sigpac-hubcloud.es/servicioconsultassigpac/query/recinfo/21/46/0/0/9/100/4.json", "declared_greenhouse_share": 1.0, "declared_irrigated_share": 0.0, "lon": -6.715102, "lat": 37.252764}}, {"type": "Feature", "geometry": {"type": "Polygon", "coordinates": [[[-6.720355, 37.261023], [-6.720351, 37.260933], [-6.717988, 37.261007], [-6.717979, 37.260827], [-6.718091, 37.260824], [-6.71806, 37.260194], [-6.718623, 37.260176], [-6.718614, 37.259996], [-6.718727, 37.259993], [-6.718709, 37.259633], [-6.719046, 37.259622], [-6.719042, 37.259532], [-6.718817, 37.259539], [-6.718799, 37.25918], [-6.719029, 37.259263], [-6.719024, 37.259173], [-6.719362, 37.259162], [-6.719371, 37.259342], [-6.719596, 37.259335], [-6.719605, 37.259515], [-6.719492, 37.259518], [-6.719505, 37.259788], [-6.719618, 37.259785], [-6.719627, 37.259964], [-6.719739, 37.259961], [-6.719744, 37.260051], [-6.719969, 37.260044], [-6.72009, 37.26022], [-6.720315, 37.260213], [-6.72032, 37.260303], [-6.720545, 37.260296], [-6.720554, 37.260476], [-6.720779, 37.260469], [-6.720788, 37.260649], [-6.720675, 37.260652], [-6.720688, 37.260922], [-6.720463, 37.260929], [-6.720468, 37.261019], [-6.720355, 37.261023]], [[-6.719987, 37.260404], [-6.719762, 37.260411], [-6.719757, 37.260321], [-6.719645, 37.260324], [-6.719653, 37.260504], [-6.719883, 37.260587], [-6.719987, 37.260404]], [[-6.718965, 37.260256], [-6.718852, 37.260259], [-6.71887, 37.260619], [-6.718983, 37.260615], [-6.718965, 37.260256]], [[-6.718956, 37.260076], [-6.718844, 37.260079], [-6.718848, 37.260169], [-6.718961, 37.260166], [-6.718956, 37.260076]], [[-6.718943, 37.259806], [-6.71883, 37.259809], [-6.718839, 37.259989], [-6.718952, 37.259986], [-6.718943, 37.259806]]]}, "properties": {"id": "donana-2023-170120-4130210", "ha": 2.69, "plastic_dates": 3.3, "valid_dates": 8.0, "admin_zone": "Zona A", "plan_zone": "Zona A - Suelo Forestal", "distance_to_irrigable_m": 16, "sigpac_ref": "21:46:0:0:10:1:12", "sigpac_use": "IV", "sigpac_irrigation_coef": 100, "sigpac_url": "https://sigpac-hubcloud.es/servicioconsultassigpac/query/recinfo/21/46/0/0/10/1/12.json", "declared_greenhouse_share": 1.0, "declared_irrigated_share": 0.91, "lon": -6.719465, "lat": 37.260105}}, {"type": "Feature", "geometry": {"type": "Polygon", "coordinates": [[[-6.724215, 37.270721], [-6.72421, 37.270631], [-6.723985, 37.270638], [-6.723864, 37.270462], [-6.723639, 37.270469], [-6.72359, 37.269479], [-6.723811, 37.269382], [-6.723797, 37.269112], [-6.724018, 37.269015], [-6.724009, 37.268835], [-6.72423, 37.268738], [-6.724225, 37.268648], [-6.724338, 37.268645], [-6.724333, 37.268555], [-6.724559, 37.268548], [-6.72468, 37.268724], [-6.724793, 37.268721], [-6.724797, 37.268811], [-6.72491, 37.268807], [-6.724905, 37.268717], [-6.725243, 37.268706], [-6.725364, 37.268883], [-6.725477, 37.268879], [-6.725481, 37.268969], [-6.725706, 37.268962], [-6.725715, 37.269142], [-6.725603, 37.269146], [-6.725607, 37.269236], [-6.72572, 37.269232], [-6.725728, 37.269412], [-6.725616, 37.269415], [-6.725629, 37.269685], [-6.7254, 37.269602], [-6.725409, 37.269782], [-6.725296, 37.269786], [-6.7253, 37.269876], [-6.724963, 37.269886], [-6.724967, 37.269976], [-6.724742, 37.269983], [-6.724747, 37.270073], [-6.724521, 37.270081], [-6.72453, 37.27026], [-6.72431, 37.270357], [-6.724327, 37.270717], [-6.724215, 37.270721]], [[-6.724135, 37.269102], [-6.724022, 37.269105], [-6.724027, 37.269195], [-6.724139, 37.269192], [-6.724135, 37.269102]]]}, "properties": {"id": "donana-2023-169720-4131290", "ha": 2.66, "plastic_dates": 4.9, "valid_dates": 8.4, "admin_zone": "Zona A", "plan_zone": "Zona A - Suelo Forestal", "distance_to_irrigable_m": 19, "sigpac_ref": "21:46:0:0:24:285:15", "sigpac_use": "IV", "sigpac_irrigation_coef": 0, "sigpac_url": "https://sigpac-hubcloud.es/servicioconsultassigpac/query/recinfo/21/46/0/0/24/285/15.json", "declared_greenhouse_share": 1.0, "declared_irrigated_share": 0.0, "lon": -6.724502, "lat": 37.269676}}, {"type": "Feature", "geometry": {"type": "MultiPolygon", "coordinates": [[[[-6.776402, 37.250327], [-6.776393, 37.250147], [-6.77628, 37.250151], [-6.776289, 37.250331], [-6.776064, 37.250338], [-6.77606, 37.250248], [-6.776172, 37.250244], [-6.776163, 37.250064], [-6.776613, 37.25005], [-6.776609, 37.24996], [-6.776271, 37.249971], [-6.776267, 37.249881], [-6.776492, 37.249874], [-6.776595, 37.24969], [-6.777045, 37.249676], [-6.777149, 37.249492], [-6.777261, 37.249489], [-6.777257, 37.249399], [-6.777594, 37.249388], [-6.777716, 37.249564], [-6.778387, 37.249453], [-6.778409, 37.249903], [-6.778522, 37.249899], [-6.778526, 37.249989], [-6.778414, 37.249992], [-6.778423, 37.250172], [-6.778535, 37.250169], [-6.778567, 37.250798], [-6.778121, 37.250903], [-6.778017, 37.251086], [-6.777792, 37.251093], [-6.777797, 37.251183], [-6.777684, 37.251187], [-6.777689, 37.251277], [-6.777351, 37.251288], [-6.777356, 37.251378], [-6.777131, 37.251385], [-6.777135, 37.251475], [-6.77691, 37.251482], [-6.776901, 37.251302], [-6.776564, 37.251313], [-6.776559, 37.251223], [-6.776447, 37.251226], [-6.77655, 37.251043], [-6.776438, 37.251047], [-6.776424, 37.250777], [-6.776204, 37.250874], [-6.776195, 37.250694], [-6.776307, 37.25069], [-6.776303, 37.2506], [-6.776528, 37.250593], [-6.776523, 37.250503], [-6.777086, 37.250485], [-6.777081, 37.250395], [-6.777306, 37.250388], [-6.777297, 37.250208], [-6.777185, 37.250212], [-6.777167, 37.249852], [-6.776937, 37.249769], [-6.776946, 37.249949], [-6.776726, 37.250046], [-6.77673, 37.250136], [-6.776618, 37.25014], [-6.776627, 37.25032], [-6.776402, 37.250327]], [[-6.77741, 37.250205], [-6.777414, 37.250295], [-6.777639, 37.250287], [-6.77763, 37.250108], [-6.777518, 37.250111], [-6.777495, 37.249661], [-6.777383, 37.249665], [-6.777387, 37.249755], [-6.777275, 37.249759], [-6.777297, 37.250208], [-6.77741, 37.250205]], [[-6.778004, 37.250816], [-6.778116, 37.250813], [-6.778112, 37.250723], [-6.777887, 37.25073], [-6.777873, 37.25046], [-6.778098, 37.250453], [-6.778094, 37.250363], [-6.777756, 37.250374], [-6.777761, 37.250464], [-6.777648, 37.250467], [-6.777653, 37.250557], [-6.777765, 37.250554], [-6.777783, 37.250913], [-6.777671, 37.250917], [-6.777675, 37.251007], [-6.7779, 37.251], [-6.778004, 37.250816]], [[-6.776649, 37.25077], [-6.776537, 37.250773], [-6.776541, 37.250863], [-6.776654, 37.250859], [-6.776649, 37.25077]], [[-6.778427, 37.250262], [-6.778315, 37.250266], [-6.778319, 37.250356], [-6.778432, 37.250352], [-6.778427, 37.250262]], [[-6.777972, 37.250187], [-6.77831, 37.250176], [-6.778306, 37.250086], [-6.778193, 37.25009], [-6.778171, 37.24964], [-6.777833, 37.249651], [-6.777837, 37.249741], [-6.777725, 37.249744], [-6.777747, 37.250194], [-6.777977, 37.250277], [-6.777972, 37.250187]]], [[[-6.776739, 37.250316], [-6.776744, 37.250406], [-6.776631, 37.25041], [-6.776627, 37.25032], [-6.776739, 37.250316]]]]}, "properties": {"id": "donana-2023-164940-4129340", "ha": 2.53, "plastic_dates": 2.8, "valid_dates": 8.0, "admin_zone": "Zona A", "plan_zone": "Zona A - Suelo Forestal", "distance_to_irrigable_m": 18, "sigpac_ref": "21:50:0:0:31:24:4", "sigpac_use": "IV", "sigpac_irrigation_coef": 0, "sigpac_url": "https://sigpac-hubcloud.es/servicioconsultassigpac/query/recinfo/21/50/0/0/31/24/4.json", "declared_greenhouse_share": 1.0, "declared_irrigated_share": 0.14, "lon": -6.777421, "lat": 37.25043}}, {"type": "Feature", "geometry": {"type": "MultiPolygon", "coordinates": [[[[-6.795634, 37.278719], [-6.795639, 37.278809], [-6.795414, 37.278816], [-6.795432, 37.279176], [-6.794982, 37.279191], [-6.794986, 37.279281], [-6.794761, 37.279288], [-6.794765, 37.279378], [-6.795103, 37.279367], [-6.795117, 37.279637], [-6.795004, 37.27964], [-6.794995, 37.27946], [-6.794657, 37.279471], [-6.794653, 37.279381], [-6.79454, 37.279385], [-6.794527, 37.279115], [-6.794414, 37.279119], [-6.794369, 37.278219], [-6.794482, 37.278216], [-6.794459, 37.277766], [-6.794797, 37.277755], [-6.794788, 37.277575], [-6.795017, 37.277658], [-6.795022, 37.277748], [-6.794909, 37.277752], [-6.794923, 37.278021], [-6.795035, 37.278018], [-6.795026, 37.277838], [-6.795476, 37.277823], [-6.79558, 37.27764], [-6.795693, 37.277636], [-6.795702, 37.277816], [-6.796039, 37.277805], [-6.796044, 37.277895], [-6.796156, 37.277892], [-6.796053, 37.278075], [-6.796278, 37.278068], [-6.796273, 37.277978], [-6.796386, 37.277974], [-6.796395, 37.278154], [-6.79662, 37.278147], [-6.796616, 37.278057], [-6.796728, 37.278054], [-6.796737, 37.278233], [-6.796625, 37.278237], [-6.796652, 37.278777], [-6.796422, 37.278694], [-6.796436, 37.278964], [-6.796323, 37.278967], [-6.796319, 37.278877], [-6.795981, 37.278888], [-6.795985, 37.278978], [-6.79576, 37.278985], [-6.795765, 37.279075], [-6.79554, 37.279083], [-6.795531, 37.278903], [-6.795976, 37.278798], [-6.795972, 37.278708], [-6.795634, 37.278719]], [[-6.795481, 37.277913], [-6.795143, 37.277924], [-6.795161, 37.278284], [-6.795387, 37.278277], [-6.795377, 37.278097], [-6.795603, 37.27809], [-6.795589, 37.27782], [-6.795476, 37.277823], [-6.795481, 37.277913]], [[-6.795049, 37.278288], [-6.795062, 37.278557], [-6.795175, 37.278554], [-6.795161, 37.278284], [-6.795049, 37.278288]], [[-6.796084, 37.278705], [-6.79608, 37.278615], [-6.795967, 37.278618], [-6.795972, 37.278708], [-6.796084, 37.278705]], [[-6.795301, 37.27882], [-6.795189, 37.278824], [-6.795198, 37.279004], [-6.79531, 37.279], [-6.795301, 37.27882]], [[-6.794801, 37.277845], [-6.794689, 37.277849], [-6.794693, 37.277939], [-6.794806, 37.277935], [-6.794801, 37.277845]]], [[[-6.79599, 37.279068], [-6.795995, 37.279158], [-6.795769, 37.279165], [-6.795765, 37.279075], [-6.79599, 37.279068]]]]}, "properties": {"id": "donana-2023-163460-4132530", "ha": 2.49, "plastic_dates": 4.4, "valid_dates": 8.2, "admin_zone": "Zona C", "plan_zone": "Zona C - No regable", "distance_to_irrigable_m": 16, "sigpac_ref": "21:50:0:0:9:209:20", "sigpac_use": "IV", "sigpac_irrigation_coef": 0, "sigpac_url": "https://sigpac-hubcloud.es/servicioconsultassigpac/query/recinfo/21/50/0/0/9/209/20.json", "declared_greenhouse_share": 1.0, "declared_irrigated_share": 0.0, "lon": -6.795515, "lat": 37.278588}}, {"type": "Feature", "geometry": {"type": "Polygon", "coordinates": [[[-6.787263, 37.262412], [-6.787182, 37.260793], [-6.787294, 37.260789], [-6.787285, 37.260609], [-6.787173, 37.260613], [-6.787164, 37.260433], [-6.787051, 37.260437], [-6.787047, 37.260347], [-6.787267, 37.260249], [-6.787263, 37.26016], [-6.78805, 37.260134], [-6.788055, 37.260224], [-6.788167, 37.260221], [-6.788176, 37.260401], [-6.788289, 37.260397], [-6.788298, 37.260577], [-6.78841, 37.260573], [-6.788456, 37.261473], [-6.788343, 37.261476], [-6.788384, 37.262286], [-6.787708, 37.262307], [-6.787713, 37.262397], [-6.787263, 37.262412]], [[-6.787942, 37.260228], [-6.78783, 37.260231], [-6.787834, 37.260321], [-6.787947, 37.260318], [-6.787942, 37.260228]]]}, "properties": {"id": "donana-2023-164060-4130570", "ha": 2.47, "plastic_dates": 5.4, "valid_dates": 7.7, "admin_zone": "Zona A", "plan_zone": "Zona A - Suelo Forestal", "distance_to_irrigable_m": 16, "sigpac_ref": "21:50:0:0:29:74:1", "sigpac_use": "IV", "sigpac_irrigation_coef": 100, "sigpac_url": "https://sigpac-hubcloud.es/servicioconsultassigpac/query/recinfo/21/50/0/0/29/74/1.json", "declared_greenhouse_share": 1.0, "declared_irrigated_share": 1.0, "lon": -6.787819, "lat": 37.261133}}, {"type": "Feature", "geometry": {"type": "Polygon", "coordinates": [[[-6.51553, 37.22909], [-6.515522, 37.22891], [-6.515297, 37.228917], [-6.515176, 37.22874], [-6.514951, 37.228747], [-6.514947, 37.228657], [-6.514834, 37.22866], [-6.514826, 37.22848], [-6.514601, 37.228487], [-6.514592, 37.228307], [-6.514705, 37.228304], [-6.514697, 37.228124], [-6.514917, 37.228027], [-6.514913, 37.227937], [-6.515026, 37.227934], [-6.515017, 37.227754], [-6.51513, 37.22775], [-6.515126, 37.22766], [-6.515463, 37.22765], [-6.515342, 37.227474], [-6.515567, 37.227467], [-6.515559, 37.227287], [-6.51578, 37.227191], [-6.515776, 37.227101], [-6.515888, 37.227097], [-6.515884, 37.227007], [-6.516109, 37.227001], [-6.516105, 37.226911], [-6.516442, 37.226901], [-6.516451, 37.22708], [-6.51668, 37.227164], [-6.516709, 37.227794], [-6.516822, 37.22779], [-6.51683, 37.22797], [-6.516718, 37.227973], [-6.516722, 37.228063], [-6.516272, 37.228077], [-6.516276, 37.228167], [-6.516163, 37.22817], [-6.516184, 37.22862], [-6.515963, 37.228717], [-6.515968, 37.228807], [-6.515855, 37.22881], [-6.515859, 37.2289], [-6.515747, 37.228903], [-6.515751, 37.228993], [-6.515638, 37.228997], [-6.515643, 37.229087], [-6.51553, 37.22909]], [[-6.515509, 37.22864], [-6.515284, 37.228647], [-6.515288, 37.228737], [-6.515513, 37.22873], [-6.515509, 37.22864]], [[-6.515905, 37.227457], [-6.515792, 37.22746], [-6.515797, 37.22755], [-6.515909, 37.227547], [-6.515905, 37.227457]]]}, "properties": {"id": "donana-2023-188060-4125960", "ha": 2.47, "plastic_dates": 4.3, "valid_dates": 10.0, "admin_zone": "Zona C", "plan_zone": "Zona C - No regable", "distance_to_irrigable_m": 20, "sigpac_ref": "21:5:0:0:31:50:28", "sigpac_use": "IV", "sigpac_irrigation_coef": 19, "sigpac_url": "https://sigpac-hubcloud.es/servicioconsultassigpac/query/recinfo/21/5/0/0/31/50/28.json", "declared_greenhouse_share": 1.0, "declared_irrigated_share": 1.0, "lon": -6.515763, "lat": 37.228047}}, {"type": "Feature", "geometry": {"type": "MultiPolygon", "coordinates": [[[[-6.703061, 37.292196], [-6.702836, 37.292203], [-6.702792, 37.291304], [-6.702679, 37.291307], [-6.702666, 37.291037], [-6.702553, 37.291041], [-6.70254, 37.290771], [-6.702427, 37.290774], [-6.702405, 37.290325], [-6.702293, 37.290328], [-6.702275, 37.289968], [-6.702163, 37.289972], [-6.702154, 37.289792], [-6.702041, 37.289796], [-6.702032, 37.289616], [-6.701807, 37.289623], [-6.701911, 37.289439], [-6.702024, 37.289436], [-6.702015, 37.289256], [-6.702127, 37.289252], [-6.702123, 37.289162], [-6.70201, 37.289166], [-6.702001, 37.288986], [-6.702222, 37.288889], [-6.702218, 37.288799], [-6.702447, 37.288882], [-6.702469, 37.289332], [-6.702807, 37.289321], [-6.702812, 37.289411], [-6.702699, 37.289415], [-6.702712, 37.289684], [-6.702937, 37.289677], [-6.703068, 37.290034], [-6.70318, 37.29003], [-6.703194, 37.2903], [-6.703306, 37.290296], [-6.703315, 37.290476], [-6.703428, 37.290473], [-6.703441, 37.290743], [-6.703553, 37.290739], [-6.703562, 37.290919], [-6.703337, 37.290926], [-6.703341, 37.291016], [-6.703567, 37.291009], [-6.703571, 37.291099], [-6.703684, 37.291095], [-6.70358, 37.291279], [-6.703805, 37.291272], [-6.703701, 37.291455], [-6.703589, 37.291459], [-6.703593, 37.291549], [-6.70348, 37.291552], [-6.703485, 37.291642], [-6.703147, 37.291653], [-6.703052, 37.292016], [-6.70294, 37.29202], [-6.702944, 37.29211], [-6.703057, 37.292106], [-6.703061, 37.292196]], [[-6.702028, 37.289526], [-6.702141, 37.289522], [-6.702136, 37.289432], [-6.702024, 37.289436], [-6.702028, 37.289526]], [[-6.702783, 37.291124], [-6.702913, 37.29148], [-6.703026, 37.291476], [-6.703012, 37.291207], [-6.702783, 37.291124]], [[-6.703125, 37.291203], [-6.703121, 37.291113], [-6.703008, 37.291117], [-6.703012, 37.291207], [-6.703125, 37.291203]], [[-6.703233, 37.29111], [-6.703229, 37.29102], [-6.703116, 37.291023], [-6.703121, 37.291113], [-6.703233, 37.29111]]], [[[-6.703165, 37.292013], [-6.703169, 37.292103], [-6.703057, 37.292106], [-6.703052, 37.292016], [-6.703165, 37.292013]]], [[[-6.701686, 37.289446], [-6.701677, 37.289266], [-6.70179, 37.289263], [-6.701911, 37.289439], [-6.701686, 37.289446]]]]}, "properties": {"id": "donana-2023-171720-4133540", "ha": 2.33, "plastic_dates": 3.0, "valid_dates": 9.0, "admin_zone": "Zona C", "plan_zone": "Zona C - No regable", "distance_to_irrigable_m": 18, "sigpac_ref": "21:46:0:0:8:232:9", "sigpac_use": "IV", "sigpac_irrigation_coef": 0, "sigpac_url": "https://sigpac-hubcloud.es/servicioconsultassigpac/query/recinfo/21/46/0/0/8/232/9.json", "declared_greenhouse_share": 1.0, "declared_irrigated_share": 0.0, "lon": -6.702928, "lat": 37.290624}}, {"type": "Feature", "geometry": {"type": "MultiPolygon", "coordinates": [[[[-6.754166, 37.245089], [-6.75417, 37.245179], [-6.754283, 37.245176], [-6.754287, 37.245266], [-6.754062, 37.245273], [-6.754067, 37.245363], [-6.754292, 37.245356], [-6.754296, 37.245445], [-6.754071, 37.245453], [-6.75395, 37.245276], [-6.753725, 37.245283], [-6.75372, 37.245194], [-6.753495, 37.245201], [-6.753486, 37.245021], [-6.753261, 37.245028], [-6.753257, 37.244938], [-6.753145, 37.244942], [-6.75314, 37.244852], [-6.753253, 37.244848], [-6.753235, 37.244488], [-6.75301, 37.244495], [-6.753014, 37.244585], [-6.752902, 37.244589], [-6.752906, 37.244679], [-6.752569, 37.24469], [-6.752564, 37.2446], [-6.752677, 37.244596], [-6.752663, 37.244326], [-6.752438, 37.244333], [-6.752434, 37.244243], [-6.752546, 37.24424], [-6.752537, 37.24406], [-6.752425, 37.244063], [-6.752416, 37.243884], [-6.752528, 37.24388], [-6.752524, 37.24379], [-6.752749, 37.243783], [-6.752767, 37.244143], [-6.752987, 37.244046], [-6.752992, 37.244136], [-6.753104, 37.244132], [-6.753109, 37.244222], [-6.752884, 37.244229], [-6.752893, 37.244409], [-6.753005, 37.244405], [-6.753001, 37.244315], [-6.753226, 37.244308], [-6.75323, 37.244398], [-6.75368, 37.244384], [-6.753577, 37.244567], [-6.753914, 37.244557], [-6.753928, 37.244827], [-6.753815, 37.24483], [-6.75382, 37.24492], [-6.754049, 37.245003], [-6.754054, 37.245093], [-6.754166, 37.245089]], [[-6.75265, 37.244056], [-6.752645, 37.243966], [-6.752533, 37.24397], [-6.752537, 37.24406], [-6.75265, 37.244056]], [[-6.752654, 37.244146], [-6.752659, 37.244236], [-6.752771, 37.244233], [-6.752767, 37.244143], [-6.752654, 37.244146]], [[-6.75278, 37.244413], [-6.752785, 37.244503], [-6.752897, 37.244499], [-6.752893, 37.244409], [-6.75278, 37.244413]], [[-6.753941, 37.245096], [-6.753945, 37.245186], [-6.754058, 37.245183], [-6.754054, 37.245093], [-6.753941, 37.245096]], [[-6.753586, 37.244747], [-6.753361, 37.244754], [-6.753365, 37.244844], [-6.75359, 37.244837], [-6.753586, 37.244747]], [[-6.753806, 37.24465], [-6.753694, 37.244654], [-6.753698, 37.244744], [-6.753811, 37.24474], [-6.753806, 37.24465]]], [[[-6.752515, 37.24361], [-6.752524, 37.24379], [-6.752411, 37.243794], [-6.752416, 37.243884], [-6.752303, 37.243887], [-6.7522, 37.244071], [-6.751975, 37.244078], [-6.751979, 37.244168], [-6.752317, 37.244157], [-6.752321, 37.244247], [-6.752096, 37.244254], [-6.752105, 37.244434], [-6.751993, 37.244438], [-6.751997, 37.244527], [-6.751772, 37.244535], [-6.751777, 37.244625], [-6.751664, 37.244628], [-6.75166, 37.244538], [-6.751547, 37.244542], [-6.751556, 37.244722], [-6.751668, 37.244718], [-6.751673, 37.244808], [-6.75156, 37.244812], [-6.751574, 37.245081], [-6.751461, 37.245085], [-6.751466, 37.245175], [-6.751578, 37.245171], [-6.751587, 37.245351], [-6.7517, 37.245348], [-6.751704, 37.245438], [-6.751475, 37.245355], [-6.751371, 37.245538], [-6.751146, 37.245545], [-6.751133, 37.245276], [-6.751245, 37.245272], [-6.751227, 37.244912], [-6.751115, 37.244916], [-6.75111, 37.244826], [-6.751335, 37.244819], [-6.751331, 37.244729], [-6.751443, 37.244725], [-6.751435, 37.244545], [-6.751322, 37.244549], [-6.751201, 37.244373], [-6.751088, 37.244376], [-6.751075, 37.244106], [-6.751187, 37.244103], [-6.751165, 37.243653], [-6.751277, 37.243649], [-6.751273, 37.243559], [-6.75161, 37.243549], [-6.751606, 37.243459], [-6.751943, 37.243448], [-6.751939, 37.243358], [-6.752052, 37.243355], [-6.75206, 37.243535], [-6.752398, 37.243524], [-6.752402, 37.243614], [-6.752515, 37.24361]], [[-6.75229, 37.243617], [-6.752294, 37.243707], [-6.752407, 37.243704], [-6.752402, 37.243614], [-6.75229, 37.243617]], [[-6.751984, 37.244258], [-6.751871, 37.244261], [-6.751876, 37.244351], [-6.751988, 37.244348], [-6.751984, 37.244258]], [[-6.751862, 37.244081], [-6.75175, 37.244085], [-6.751754, 37.244175], [-6.751867, 37.244171], [-6.751862, 37.244081]], [[-6.752191, 37.243891], [-6.752078, 37.243894], [-6.752083, 37.243984], [-6.752195, 37.243981], [-6.752191, 37.243891]], [[-6.751736, 37.243815], [-6.751624, 37.243819], [-6.751628, 37.243909], [-6.751741, 37.243905], [-6.751736, 37.243815]], [[-6.752182, 37.243711], [-6.752069, 37.243714], [-6.752074, 37.243804], [-6.752186, 37.243801], [-6.752182, 37.243711]], [[-6.751957, 37.243718], [-6.751844, 37.243722], [-6.751849, 37.243811], [-6.751961, 37.243808], [-6.751957, 37.243718]], [[-6.751615, 37.243639], [-6.751502, 37.243642], [-6.751507, 37.243732], [-6.751619, 37.243729], [-6.751615, 37.243639]]], [[[-6.751106, 37.244736], [-6.75121, 37.244552], [-6.751322, 37.244549], [-6.751331, 37.244729], [-6.751106, 37.244736]]], [[[-6.752218, 37.24443], [-6.752222, 37.24452], [-6.752447, 37.244513], [-6.752452, 37.244603], [-6.752002, 37.244617], [-6.751997, 37.244527], [-6.75211, 37.244524], [-6.752105, 37.244434], [-6.752218, 37.24443]]], [[[-6.753127, 37.244582], [-6.753136, 37.244762], [-6.753023, 37.244765], [-6.753028, 37.244855], [-6.752915, 37.244859], [-6.752906, 37.244679], [-6.753019, 37.244675], [-6.753014, 37.244585], [-6.753127, 37.244582]]]]}, "properties": {"id": "donana-2023-167050-4128590", "ha": 2.3, "plastic_dates": 4.0, "valid_dates": 7.9, "admin_zone": "Zona A", "plan_zone": "Zona A - Suelo Forestal", "distance_to_irrigable_m": 12, "sigpac_ref": "21:46:0:0:17:30:36", "sigpac_use": "IV", "sigpac_irrigation_coef": 39, "sigpac_url": "https://sigpac-hubcloud.es/servicioconsultassigpac/query/recinfo/21/46/0/0/17/30/36.json", "declared_greenhouse_share": 0.99, "declared_irrigated_share": 1.0, "lon": -6.753289, "lat": 37.244441}}, {"type": "Feature", "geometry": {"type": "Polygon", "coordinates": [[[-6.748356, 37.277886], [-6.748316, 37.277076], [-6.748203, 37.27708], [-6.748225, 37.277529], [-6.748113, 37.277533], [-6.748122, 37.277713], [-6.747897, 37.27772], [-6.747888, 37.27754], [-6.747438, 37.277554], [-6.747446, 37.277734], [-6.747221, 37.277741], [-6.747212, 37.277562], [-6.7471, 37.277565], [-6.747095, 37.277475], [-6.747321, 37.277468], [-6.747316, 37.277378], [-6.747086, 37.277295], [-6.747091, 37.277385], [-6.746866, 37.277392], [-6.746744, 37.277216], [-6.746632, 37.27722], [-6.746605, 37.27668], [-6.746718, 37.276676], [-6.746709, 37.276496], [-6.746934, 37.276489], [-6.746925, 37.276309], [-6.747375, 37.276295], [-6.74738, 37.276385], [-6.747605, 37.276378], [-6.7476, 37.276288], [-6.747938, 37.276277], [-6.747942, 37.276367], [-6.748167, 37.27636], [-6.748172, 37.27645], [-6.748284, 37.276446], [-6.748289, 37.276536], [-6.748744, 37.276612], [-6.74864, 37.276796], [-6.748865, 37.276788], [-6.748761, 37.276972], [-6.748874, 37.276968], [-6.748892, 37.277328], [-6.748671, 37.277425], [-6.748658, 37.277155], [-6.748545, 37.277159], [-6.748563, 37.277519], [-6.748676, 37.277515], [-6.748685, 37.277695], [-6.748572, 37.277699], [-6.748585, 37.277968], [-6.748356, 37.277886]], [[-6.747519, 37.276921], [-6.747406, 37.276925], [-6.74742, 37.277195], [-6.747532, 37.277191], [-6.747519, 37.276921]], [[-6.748298, 37.276716], [-6.748185, 37.27672], [-6.748194, 37.2769], [-6.748307, 37.276896], [-6.748298, 37.276716]], [[-6.746839, 37.276853], [-6.746726, 37.276856], [-6.746731, 37.276946], [-6.746844, 37.276943], [-6.746839, 37.276853]], [[-6.747172, 37.276752], [-6.74706, 37.276756], [-6.747064, 37.276846], [-6.747177, 37.276842], [-6.747172, 37.276752]], [[-6.747609, 37.276468], [-6.747384, 37.276475], [-6.747388, 37.276565], [-6.747614, 37.276558], [-6.747609, 37.276468]]]}, "properties": {"id": "donana-2023-167750-4132200", "ha": 2.28, "plastic_dates": 4.1, "valid_dates": 7.6, "admin_zone": "Zona A", "plan_zone": "Zona A - Suelo Forestal", "distance_to_irrigable_m": 21, "sigpac_ref": "21:46:0:0:19:7:4", "sigpac_use": "IV", "sigpac_irrigation_coef": 0, "sigpac_url": "https://sigpac-hubcloud.es/servicioconsultassigpac/query/recinfo/21/46/0/0/19/7/4.json", "declared_greenhouse_share": 1.0, "declared_irrigated_share": 0.0, "lon": -6.747024, "lat": 37.277162}}, {"type": "Feature", "geometry": {"type": "Polygon", "coordinates": [[[-6.722048, 37.261059], [-6.722273, 37.261052], [-6.722277, 37.261142], [-6.72239, 37.261139], [-6.722385, 37.261049], [-6.72261, 37.261042], [-6.722615, 37.261132], [-6.722952, 37.261121], [-6.723074, 37.261297], [-6.723299, 37.26129], [-6.723308, 37.26147], [-6.723645, 37.26146], [-6.72365, 37.26155], [-6.723762, 37.261546], [-6.723771, 37.261726], [-6.723884, 37.261722], [-6.723875, 37.261542], [-6.723988, 37.261539], [-6.723996, 37.261719], [-6.724334, 37.261708], [-6.724347, 37.261978], [-6.724235, 37.261982], [-6.724248, 37.262251], [-6.724136, 37.262255], [-6.72414, 37.262345], [-6.723915, 37.262352], [-6.723906, 37.262172], [-6.723343, 37.26219], [-6.723339, 37.2621], [-6.723001, 37.26211], [-6.722997, 37.262021], [-6.722659, 37.262031], [-6.722655, 37.261941], [-6.72243, 37.261948], [-6.722425, 37.261858], [-6.722088, 37.261869], [-6.722083, 37.261779], [-6.721971, 37.261783], [-6.721962, 37.261603], [-6.721849, 37.261606], [-6.721858, 37.261786], [-6.721746, 37.26179], [-6.721741, 37.2617], [-6.721404, 37.26171], [-6.721412, 37.26189], [-6.72175, 37.26188], [-6.721754, 37.26197], [-6.72198, 37.261962], [-6.721876, 37.262146], [-6.721651, 37.262153], [-6.721655, 37.262243], [-6.721543, 37.262247], [-6.721529, 37.261977], [-6.721084, 37.262081], [-6.721187, 37.261897], [-6.7213, 37.261894], [-6.721291, 37.261714], [-6.721062, 37.261631], [-6.721053, 37.261451], [-6.721273, 37.261354], [-6.721256, 37.260994], [-6.721593, 37.260984], [-6.721606, 37.261254], [-6.721832, 37.261246], [-6.721836, 37.261336], [-6.721949, 37.261333], [-6.72194, 37.261153], [-6.722052, 37.261149], [-6.722048, 37.261059]], [[-6.722767, 37.261938], [-6.722758, 37.261758], [-6.722646, 37.261761], [-6.722655, 37.261941], [-6.722767, 37.261938]], [[-6.721282, 37.261534], [-6.721395, 37.26153], [-6.721386, 37.261351], [-6.721273, 37.261354], [-6.721282, 37.261534]], [[-6.722057, 37.261239], [-6.722169, 37.261236], [-6.722165, 37.261146], [-6.722052, 37.261149], [-6.722057, 37.261239]], [[-6.72356, 37.262003], [-6.723447, 37.262006], [-6.723451, 37.262096], [-6.723564, 37.262093], [-6.72356, 37.262003]], [[-6.723659, 37.261729], [-6.723546, 37.261733], [-6.723551, 37.261823], [-6.723663, 37.261819], [-6.723659, 37.261729]], [[-6.722984, 37.261751], [-6.722871, 37.261754], [-6.722875, 37.261844], [-6.722988, 37.261841], [-6.722984, 37.261751]], [[-6.722858, 37.261484], [-6.722745, 37.261488], [-6.722754, 37.261668], [-6.722867, 37.261664], [-6.722858, 37.261484]], [[-6.722065, 37.261419], [-6.721953, 37.261423], [-6.721957, 37.261513], [-6.72207, 37.261509], [-6.722065, 37.261419]], [[-6.722957, 37.261211], [-6.722844, 37.261215], [-6.722849, 37.261304], [-6.722961, 37.261301], [-6.722957, 37.261211]], [[-6.721485, 37.261077], [-6.721373, 37.261081], [-6.721377, 37.261171], [-6.72149, 37.261167], [-6.721485, 37.261077]]]}, "properties": {"id": "donana-2023-169830-4130400", "ha": 2.2, "plastic_dates": 3.2, "valid_dates": 8.0, "admin_zone": "Zona C", "plan_zone": "Zona C - No regable", "distance_to_irrigable_m": 68, "sigpac_ref": "21:46:0:0:10:43:3", "sigpac_use": "IV", "sigpac_irrigation_coef": 0, "sigpac_url": "https://sigpac-hubcloud.es/servicioconsultassigpac/query/recinfo/21/46/0/0/10/43/3.json", "declared_greenhouse_share": 1.0, "declared_irrigated_share": 0.0, "lon": -6.722869, "lat": 37.261709}}, {"type": "Feature", "geometry": {"type": "Polygon", "coordinates": [[[-6.806588, 37.225396], [-6.806583, 37.225306], [-6.806358, 37.225313], [-6.80634, 37.224953], [-6.80612, 37.225051], [-6.806102, 37.224691], [-6.805877, 37.224698], [-6.805746, 37.224342], [-6.805634, 37.224346], [-6.805625, 37.224166], [-6.805512, 37.224169], [-6.805503, 37.223989], [-6.805278, 37.223997], [-6.805274, 37.223907], [-6.805386, 37.223903], [-6.805377, 37.223723], [-6.805597, 37.223626], [-6.805584, 37.223356], [-6.805804, 37.223259], [-6.8058, 37.223169], [-6.805912, 37.223165], [-6.805926, 37.223435], [-6.805813, 37.223439], [-6.805836, 37.223889], [-6.806065, 37.223971], [-6.80607, 37.224061], [-6.80629, 37.223964], [-6.806295, 37.224054], [-6.80652, 37.224047], [-6.806524, 37.224137], [-6.806862, 37.224126], [-6.806866, 37.224216], [-6.807316, 37.224201], [-6.807321, 37.224291], [-6.807771, 37.224277], [-6.807892, 37.224453], [-6.80823, 37.224442], [-6.808239, 37.224622], [-6.808126, 37.224626], [-6.808144, 37.224985], [-6.807694, 37.225], [-6.807685, 37.22482], [-6.807465, 37.224917], [-6.807456, 37.224737], [-6.807231, 37.224745], [-6.80724, 37.224924], [-6.807015, 37.224932], [-6.807024, 37.225112], [-6.806799, 37.225119], [-6.806808, 37.225299], [-6.806696, 37.225302], [-6.8067, 37.225392], [-6.806588, 37.225396]], [[-6.806659, 37.224583], [-6.806772, 37.224579], [-6.806767, 37.224489], [-6.806655, 37.224493], [-6.806659, 37.224583]], [[-6.80665, 37.224403], [-6.806538, 37.224407], [-6.806542, 37.224496], [-6.806655, 37.224493], [-6.80665, 37.224403]], [[-6.806533, 37.224317], [-6.806421, 37.22432], [-6.806425, 37.22441], [-6.806538, 37.224407], [-6.806533, 37.224317]]]}, "properties": {"id": "donana-2023-162240-4126540", "ha": 2.19, "plastic_dates": 4.0, "valid_dates": 8.0, "admin_zone": "Zona C", "plan_zone": "Zona C - No regable", "distance_to_irrigable_m": 299, "sigpac_ref": "21:50:0:0:33:23:1", "sigpac_use": "IV", "sigpac_irrigation_coef": 0, "sigpac_url": "https://sigpac-hubcloud.es/servicioconsultassigpac/query/recinfo/21/50/0/0/33/23/1.json", "declared_greenhouse_share": 0.78, "declared_irrigated_share": 0.0, "lon": -6.806475, "lat": 37.224273}}, {"type": "Feature", "geometry": {"type": "Polygon", "coordinates": [[[-6.798287, 37.223861], [-6.797949, 37.223872], [-6.79794, 37.223692], [-6.797828, 37.223696], [-6.797814, 37.223426], [-6.797702, 37.223429], [-6.797693, 37.223249], [-6.79758, 37.223253], [-6.797571, 37.223073], [-6.797459, 37.223077], [-6.797445, 37.222807], [-6.797333, 37.222811], [-6.797324, 37.222631], [-6.797211, 37.222634], [-6.797207, 37.222544], [-6.797319, 37.222541], [-6.79731, 37.222361], [-6.797081, 37.222278], [-6.797076, 37.222188], [-6.797414, 37.222177], [-6.797409, 37.222087], [-6.797522, 37.222084], [-6.797418, 37.222267], [-6.797643, 37.22226], [-6.797648, 37.22235], [-6.79776, 37.222346], [-6.797657, 37.22253], [-6.797882, 37.222523], [-6.797868, 37.222253], [-6.798093, 37.222246], [-6.798088, 37.222156], [-6.797976, 37.222159], [-6.797967, 37.221979], [-6.798079, 37.221976], [-6.79807, 37.221796], [-6.798295, 37.221789], [-6.7983, 37.221879], [-6.798412, 37.221875], [-6.798408, 37.221785], [-6.798633, 37.221778], [-6.798628, 37.221688], [-6.798741, 37.221684], [-6.798754, 37.221954], [-6.798867, 37.221951], [-6.798876, 37.22213], [-6.798988, 37.222127], [-6.798997, 37.222307], [-6.79911, 37.222303], [-6.799101, 37.222123], [-6.799213, 37.22212], [-6.799227, 37.222389], [-6.799456, 37.222472], [-6.799465, 37.222652], [-6.799578, 37.222648], [-6.799582, 37.222738], [-6.799695, 37.222735], [-6.799708, 37.223005], [-6.799488, 37.223102], [-6.799483, 37.223012], [-6.799258, 37.223019], [-6.799263, 37.223109], [-6.79915, 37.223113], [-6.799137, 37.222843], [-6.799024, 37.222846], [-6.799006, 37.222487], [-6.798777, 37.222404], [-6.798781, 37.222494], [-6.798556, 37.222501], [-6.798561, 37.222591], [-6.798673, 37.222587], [-6.798682, 37.222767], [-6.798795, 37.222764], [-6.798808, 37.223033], [-6.799038, 37.223116], [-6.799051, 37.223386], [-6.798822, 37.223303], [-6.798813, 37.223123], [-6.7987, 37.223127], [-6.798691, 37.222947], [-6.798579, 37.222951], [-6.798574, 37.222861], [-6.798237, 37.222872], [-6.798242, 37.222962], [-6.798466, 37.222954], [-6.798485, 37.223314], [-6.79871, 37.223307], [-6.798719, 37.223487], [-6.798489, 37.223404], [-6.798494, 37.223494], [-6.798381, 37.223498], [-6.798395, 37.223767], [-6.798282, 37.223771], [-6.798287, 37.223861]], [[-6.798111, 37.222605], [-6.798223, 37.222602], [-6.798228, 37.222692], [-6.798116, 37.222695], [-6.79812, 37.222785], [-6.798457, 37.222774], [-6.798327, 37.222418], [-6.798214, 37.222422], [-6.798205, 37.222242], [-6.798093, 37.222246], [-6.798111, 37.222605]], [[-6.798187, 37.221882], [-6.798201, 37.222152], [-6.798313, 37.222149], [-6.7983, 37.221879], [-6.798187, 37.221882]], [[-6.799362, 37.222836], [-6.799366, 37.222925], [-6.799479, 37.222922], [-6.799348, 37.222566], [-6.799236, 37.222569], [-6.79924, 37.222659], [-6.799128, 37.222663], [-6.799137, 37.222843], [-6.799362, 37.222836]], [[-6.799119, 37.222483], [-6.799114, 37.222393], [-6.799002, 37.222397], [-6.799006, 37.222487], [-6.799119, 37.222483]], [[-6.79866, 37.222318], [-6.798547, 37.222321], [-6.798538, 37.222141], [-6.798426, 37.222145], [-6.798322, 37.222328], [-6.798435, 37.222325], [-6.798444, 37.222505], [-6.798556, 37.222501], [-6.79866, 37.222318]], [[-6.798278, 37.223681], [-6.798165, 37.223685], [-6.79817, 37.223775], [-6.798282, 37.223771], [-6.798278, 37.223681]]]}, "properties": {"id": "donana-2023-162980-4126350", "ha": 2.19, "plastic_dates": 3.4, "valid_dates": 6.5, "admin_zone": "Zona A", "plan_zone": "Zona A - Suelo Forestal", "distance_to_irrigable_m": 21, "sigpac_ref": "21:50:0:0:33:30:9", "sigpac_use": "IV", "sigpac_irrigation_coef": 100, "sigpac_url": "https://sigpac-hubcloud.es/servicioconsultassigpac/query/recinfo/21/50/0/0/33/30/9.json", "declared_greenhouse_share": 0.92, "declared_irrigated_share": 1.0, "lon": -6.798122, "lat": 37.22283}}, {"type": "Feature", "geometry": {"type": "Polygon", "coordinates": [[[-6.609386, 37.255093], [-6.609274, 37.255096], [-6.609278, 37.255186], [-6.609166, 37.25519], [-6.60917, 37.25528], [-6.609057, 37.255283], [-6.609062, 37.255373], [-6.608949, 37.255376], [-6.608953, 37.255466], [-6.608724, 37.255383], [-6.60872, 37.255293], [-6.608607, 37.255297], [-6.608603, 37.255207], [-6.60849, 37.25521], [-6.608486, 37.25512], [-6.608373, 37.255124], [-6.608369, 37.255034], [-6.608257, 37.255037], [-6.608239, 37.254677], [-6.608127, 37.254681], [-6.608123, 37.254591], [-6.608235, 37.254587], [-6.608222, 37.254317], [-6.608335, 37.254314], [-6.608313, 37.253864], [-6.608426, 37.253861], [-6.608422, 37.253771], [-6.608759, 37.25376], [-6.608742, 37.253401], [-6.608971, 37.253484], [-6.608976, 37.253574], [-6.609088, 37.25357], [-6.609093, 37.25366], [-6.609318, 37.253653], [-6.609322, 37.253743], [-6.609434, 37.25374], [-6.609443, 37.25392], [-6.609672, 37.254003], [-6.609677, 37.254093], [-6.609789, 37.254089], [-6.609794, 37.254179], [-6.609906, 37.254176], [-6.60991, 37.254266], [-6.610023, 37.254262], [-6.610027, 37.254352], [-6.61014, 37.254349], [-6.610036, 37.254532], [-6.609923, 37.254536], [-6.609928, 37.254626], [-6.609815, 37.254629], [-6.609819, 37.254719], [-6.609707, 37.254723], [-6.609711, 37.254813], [-6.609599, 37.254816], [-6.609603, 37.254906], [-6.60949, 37.254909], [-6.609495, 37.254999], [-6.609382, 37.255003], [-6.609386, 37.255093]], [[-6.608343, 37.254494], [-6.608573, 37.254577], [-6.608577, 37.254667], [-6.608802, 37.25466], [-6.608681, 37.254484], [-6.608568, 37.254487], [-6.60856, 37.254307], [-6.608335, 37.254314], [-6.608343, 37.254494]], [[-6.608794, 37.25448], [-6.608789, 37.25439], [-6.608677, 37.254394], [-6.608681, 37.254484], [-6.608794, 37.25448]], [[-6.609594, 37.254726], [-6.609482, 37.254729], [-6.609486, 37.254819], [-6.609599, 37.254816], [-6.609594, 37.254726]], [[-6.609378, 37.254913], [-6.609265, 37.254916], [-6.60927, 37.255006], [-6.609382, 37.255003], [-6.609378, 37.254913]], [[-6.609023, 37.254563], [-6.60891, 37.254567], [-6.608915, 37.254657], [-6.609027, 37.254653], [-6.609023, 37.254563]], [[-6.608776, 37.25412], [-6.608664, 37.254124], [-6.608668, 37.254214], [-6.608781, 37.25421], [-6.608776, 37.25412]], [[-6.609447, 37.25401], [-6.609335, 37.254013], [-6.609339, 37.254103], [-6.609452, 37.2541], [-6.609447, 37.25401]], [[-6.609214, 37.253837], [-6.609101, 37.25384], [-6.609105, 37.25393], [-6.609218, 37.253927], [-6.609214, 37.253837]], [[-6.608651, 37.253854], [-6.608538, 37.253857], [-6.608543, 37.253947], [-6.608655, 37.253944], [-6.608651, 37.253854]]]}, "properties": {"id": "donana-2023-179860-4129200", "ha": 2.04, "plastic_dates": 3.1, "valid_dates": 8.6, "admin_zone": "Zona C", "plan_zone": "Zona C - No regable", "distance_to_irrigable_m": 23, "sigpac_ref": "21:5:0:0:39:1:8", "sigpac_use": "IV", "sigpac_irrigation_coef": 0, "sigpac_url": "https://sigpac-hubcloud.es/servicioconsultassigpac/query/recinfo/21/5/0/0/39/1/8.json", "declared_greenhouse_share": 1.0, "declared_irrigated_share": 0.0, "lon": -6.609467, "lat": 37.254415}}, {"type": "Feature", "geometry": {"type": "Polygon", "coordinates": [[[-6.722641, 37.286806], [-6.722636, 37.286716], [-6.722186, 37.28673], [-6.722182, 37.286641], [-6.721168, 37.286672], [-6.721164, 37.286582], [-6.720826, 37.286593], [-6.720822, 37.286503], [-6.720934, 37.2865], [-6.720813, 37.286323], [-6.720926, 37.28632], [-6.720903, 37.28587], [-6.721016, 37.285866], [-6.720998, 37.285507], [-6.721449, 37.285492], [-6.72157, 37.285669], [-6.721683, 37.285665], [-6.721687, 37.285755], [-6.722142, 37.285831], [-6.722146, 37.285921], [-6.723159, 37.285889], [-6.723281, 37.286065], [-6.723393, 37.286062], [-6.723398, 37.286152], [-6.723285, 37.286155], [-6.723303, 37.286515], [-6.72319, 37.286519], [-6.723204, 37.286789], [-6.722641, 37.286806]], [[-6.721722, 37.286475], [-6.72161, 37.286478], [-6.721614, 37.286568], [-6.721727, 37.286565], [-6.721722, 37.286475]], [[-6.72138, 37.286395], [-6.721151, 37.286313], [-6.72116, 37.286493], [-6.721389, 37.286575], [-6.72138, 37.286395]], [[-6.723177, 37.286249], [-6.723064, 37.286252], [-6.723069, 37.286342], [-6.723182, 37.286339], [-6.723177, 37.286249]], [[-6.722488, 37.286], [-6.722376, 37.286004], [-6.722393, 37.286364], [-6.722506, 37.28636], [-6.722488, 37.286]], [[-6.722826, 37.28599], [-6.722601, 37.285997], [-6.722605, 37.286087], [-6.72283, 37.28608], [-6.722826, 37.28599]]]}, "properties": {"id": "donana-2023-170040-4133110", "ha": 2.03, "plastic_dates": 5.3, "valid_dates": 7.1, "admin_zone": "Zona C", "plan_zone": "Zona C - No regable", "distance_to_irrigable_m": 154, "sigpac_ref": "21:46:0:0:23:294:4", "sigpac_use": "IV", "sigpac_irrigation_coef": 100, "sigpac_url": "https://sigpac-hubcloud.es/servicioconsultassigpac/query/recinfo/21/46/0/0/23/294/4.json", "declared_greenhouse_share": 1.0, "declared_irrigated_share": 0.78, "lon": -6.721651, "lat": 37.286162}}, {"type": "Feature", "geometry": {"type": "Polygon", "coordinates": [[[-6.73547, 37.224781], [-6.735479, 37.224961], [-6.735592, 37.224957], [-6.735583, 37.224777], [-6.735695, 37.224774], [-6.7357, 37.224864], [-6.735925, 37.224856], [-6.735929, 37.224946], [-6.736042, 37.224943], [-6.736037, 37.224853], [-6.736262, 37.224846], [-6.736258, 37.224756], [-6.736483, 37.224749], [-6.736469, 37.224479], [-6.736928, 37.224645], [-6.736937, 37.224824], [-6.736717, 37.224922], [-6.736726, 37.225101], [-6.736838, 37.225098], [-6.736856, 37.225458], [-6.736968, 37.225454], [-6.736973, 37.225544], [-6.736752, 37.225641], [-6.736757, 37.225731], [-6.736644, 37.225735], [-6.736662, 37.226094], [-6.736437, 37.226101], [-6.73645, 37.226371], [-6.736113, 37.226382], [-6.736108, 37.226292], [-6.735883, 37.226299], [-6.735879, 37.226209], [-6.735654, 37.226216], [-6.73565, 37.226126], [-6.735425, 37.226133], [-6.735519, 37.22577], [-6.735632, 37.225767], [-6.735623, 37.225587], [-6.735394, 37.225504], [-6.735389, 37.225414], [-6.735277, 37.225417], [-6.735272, 37.225327], [-6.73516, 37.225331], [-6.735137, 37.224881], [-6.734912, 37.224888], [-6.734908, 37.224798], [-6.735354, 37.224694], [-6.735358, 37.224784], [-6.73547, 37.224781]], [[-6.735246, 37.224788], [-6.73525, 37.224878], [-6.735362, 37.224874], [-6.735358, 37.224784], [-6.735246, 37.224788]], [[-6.735749, 37.225853], [-6.735636, 37.225857], [-6.735641, 37.225946], [-6.735753, 37.225943], [-6.735749, 37.225853]], [[-6.736734, 37.225281], [-6.736622, 37.225285], [-6.736626, 37.225375], [-6.736739, 37.225371], [-6.736734, 37.225281]], [[-6.736505, 37.225198], [-6.736393, 37.225202], [-6.736397, 37.225292], [-6.736509, 37.225288], [-6.736505, 37.225198]], [[-6.735493, 37.22523], [-6.73538, 37.225234], [-6.735385, 37.225324], [-6.735497, 37.22532], [-6.735493, 37.22523]], [[-6.736276, 37.225116], [-6.736163, 37.225119], [-6.736168, 37.225209], [-6.73628, 37.225206], [-6.736276, 37.225116]], [[-6.736046, 37.225033], [-6.735934, 37.225036], [-6.735938, 37.225126], [-6.736051, 37.225123], [-6.736046, 37.225033]], [[-6.735817, 37.22495], [-6.735704, 37.224953], [-6.735709, 37.225043], [-6.735821, 37.22504], [-6.735817, 37.22495]]]}, "properties": {"id": "donana-2023-168490-4126420", "ha": 2.03, "plastic_dates": 5.0, "valid_dates": 9.7, "admin_zone": "Zona C", "plan_zone": "Zona C - No regable", "distance_to_irrigable_m": 19, "sigpac_ref": "21:46:0:0:12:6:84", "sigpac_use": "IV", "sigpac_irrigation_coef": 100, "sigpac_url": "https://sigpac-hubcloud.es/servicioconsultassigpac/query/recinfo/21/46/0/0/12/6/84.json", "declared_greenhouse_share": 1.0, "declared_irrigated_share": 1.0, "lon": -6.736122, "lat": 37.225436}}, {"type": "Feature", "geometry": {"type": "Polygon", "coordinates": [[[-6.797826, 37.212435], [-6.797704, 37.212258], [-6.797479, 37.212266], [-6.797461, 37.211906], [-6.797574, 37.211902], [-6.797569, 37.211812], [-6.798131, 37.211794], [-6.798235, 37.211611], [-6.798347, 37.211607], [-6.798343, 37.211517], [-6.797893, 37.211532], [-6.797902, 37.211712], [-6.797565, 37.211722], [-6.79756, 37.211632], [-6.797448, 37.211636], [-6.797434, 37.211366], [-6.797884, 37.211352], [-6.797879, 37.211262], [-6.798442, 37.211244], [-6.798446, 37.211334], [-6.798784, 37.211323], [-6.798788, 37.211413], [-6.799238, 37.211398], [-6.799233, 37.211308], [-6.800021, 37.211283], [-6.800016, 37.211193], [-6.800466, 37.211179], [-6.800475, 37.211359], [-6.800587, 37.211355], [-6.800592, 37.211445], [-6.800371, 37.211542], [-6.800376, 37.211632], [-6.800151, 37.211639], [-6.800156, 37.211729], [-6.799818, 37.21174], [-6.799823, 37.21183], [-6.799485, 37.211841], [-6.79949, 37.211931], [-6.799265, 37.211938], [-6.79927, 37.212028], [-6.799045, 37.212035], [-6.799049, 37.212125], [-6.79882, 37.212042], [-6.798824, 37.212132], [-6.798487, 37.212143], [-6.798491, 37.212233], [-6.798266, 37.21224], [-6.798145, 37.212064], [-6.798033, 37.212068], [-6.798037, 37.212158], [-6.797812, 37.212165], [-6.797817, 37.212255], [-6.798042, 37.212248], [-6.798051, 37.212428], [-6.797826, 37.212435]], [[-6.799688, 37.211384], [-6.799575, 37.211388], [-6.79958, 37.211478], [-6.799692, 37.211474], [-6.799688, 37.211384]]]}, "properties": {"id": "donana-2023-162880-4125130", "ha": 1.98, "plastic_dates": 4.5, "valid_dates": 8.9, "admin_zone": "Zona C", "plan_zone": "Zona C - No regable", "distance_to_irrigable_m": 69, "sigpac_ref": "21:50:0:0:33:104:10", "sigpac_use": "TA", "sigpac_irrigation_coef": 100, "sigpac_url": "https://sigpac-hubcloud.es/servicioconsultassigpac/query/recinfo/21/50/0/0/33/104/10.json", "declared_greenhouse_share": 0.36, "declared_irrigated_share": 0.98, "lon": -6.798696, "lat": 37.211821}}, {"type": "Feature", "geometry": {"type": "Polygon", "coordinates": [[[-6.738155, 37.235777], [-6.738146, 37.235597], [-6.737916, 37.235514], [-6.737912, 37.235424], [-6.737687, 37.235431], [-6.737678, 37.235251], [-6.737448, 37.235169], [-6.737444, 37.235079], [-6.737331, 37.235082], [-6.737327, 37.234992], [-6.737215, 37.234996], [-6.737318, 37.234812], [-6.737431, 37.234809], [-6.737417, 37.234539], [-6.73753, 37.234535], [-6.737525, 37.234445], [-6.73775, 37.234438], [-6.737746, 37.234348], [-6.738196, 37.234334], [-6.738191, 37.234244], [-6.738304, 37.234241], [-6.738317, 37.23451], [-6.738542, 37.234503], [-6.738664, 37.23468], [-6.738889, 37.234673], [-6.738893, 37.234763], [-6.739118, 37.234755], [-6.739239, 37.234932], [-6.739352, 37.234928], [-6.739356, 37.235018], [-6.739469, 37.235015], [-6.739473, 37.235105], [-6.739586, 37.235101], [-6.739482, 37.235284], [-6.739257, 37.235292], [-6.739154, 37.235475], [-6.739041, 37.235479], [-6.739046, 37.235568], [-6.738933, 37.235572], [-6.738938, 37.235662], [-6.738713, 37.235669], [-6.738609, 37.235853], [-6.738155, 37.235777]], [[-6.738227, 37.234964], [-6.738115, 37.234967], [-6.738119, 37.235057], [-6.738231, 37.235054], [-6.738227, 37.234964]], [[-6.737993, 37.234791], [-6.737881, 37.234795], [-6.737885, 37.234884], [-6.737998, 37.234881], [-6.737993, 37.234791]]]}, "properties": {"id": "donana-2023-168330-4127500", "ha": 1.97, "plastic_dates": 5.1, "valid_dates": 8.7, "admin_zone": "Zona C", "plan_zone": "Zona C - No regable", "distance_to_irrigable_m": 1, "sigpac_ref": "21:46:0:0:16:6:48", "sigpac_use": "IV", "sigpac_irrigation_coef": 100, "sigpac_url": "https://sigpac-hubcloud.es/servicioconsultassigpac/query/recinfo/21/46/0/0/16/6/48.json", "declared_greenhouse_share": 1.0, "declared_irrigated_share": 1.0, "lon": -6.738459, "lat": 37.235092}}, {"type": "Feature", "geometry": {"type": "MultiPolygon", "coordinates": [[[[-6.774514, 37.293719], [-6.774523, 37.293899], [-6.774297, 37.293907], [-6.774302, 37.293997], [-6.774527, 37.293989], [-6.774536, 37.294169], [-6.774423, 37.294173], [-6.774428, 37.294263], [-6.77409, 37.294274], [-6.774099, 37.294453], [-6.773987, 37.294457], [-6.773973, 37.294187], [-6.773861, 37.294191], [-6.773865, 37.294281], [-6.77364, 37.294288], [-6.773635, 37.294198], [-6.773523, 37.294202], [-6.773478, 37.293302], [-6.773365, 37.293306], [-6.773361, 37.293216], [-6.773473, 37.293212], [-6.773469, 37.293122], [-6.773356, 37.293126], [-6.773347, 37.292946], [-6.77346, 37.292942], [-6.773464, 37.293032], [-6.773689, 37.293025], [-6.773703, 37.293295], [-6.773816, 37.293291], [-6.773789, 37.292752], [-6.773338, 37.292766], [-6.773334, 37.292676], [-6.773897, 37.292658], [-6.773892, 37.292568], [-6.774117, 37.292561], [-6.774014, 37.292744], [-6.773901, 37.292748], [-6.773906, 37.292838], [-6.774131, 37.292831], [-6.774126, 37.292741], [-6.774464, 37.29273], [-6.774469, 37.29282], [-6.774243, 37.292827], [-6.774248, 37.292917], [-6.774135, 37.292921], [-6.774149, 37.293191], [-6.774374, 37.293183], [-6.774505, 37.29354], [-6.774167, 37.29355], [-6.774288, 37.293727], [-6.774514, 37.293719]], [[-6.774176, 37.29373], [-6.77418, 37.29382], [-6.774293, 37.293817], [-6.774288, 37.293727], [-6.774176, 37.29373]], [[-6.773721, 37.293655], [-6.773608, 37.293658], [-6.773622, 37.293928], [-6.773734, 37.293925], [-6.773721, 37.293655]], [[-6.774266, 37.293277], [-6.774153, 37.293281], [-6.774158, 37.29337], [-6.77427, 37.293367], [-6.774266, 37.293277]], [[-6.774023, 37.292924], [-6.77391, 37.292928], [-6.773915, 37.293018], [-6.774027, 37.293014], [-6.774023, 37.292924]]], [[[-6.774599, 37.293176], [-6.774374, 37.293183], [-6.774365, 37.293004], [-6.774595, 37.293086], [-6.774599, 37.293176]]], [[[-6.775243, 37.292525], [-6.774793, 37.292539], [-6.774838, 37.293439], [-6.77495, 37.293435], [-6.774955, 37.293525], [-6.774842, 37.293529], [-6.774869, 37.294068], [-6.774982, 37.294065], [-6.774991, 37.294245], [-6.774766, 37.294252], [-6.774707, 37.293083], [-6.774595, 37.293086], [-6.77459, 37.292996], [-6.774703, 37.292993], [-6.774698, 37.292903], [-6.774586, 37.292906], [-6.774577, 37.292727], [-6.774689, 37.292723], [-6.77468, 37.292543], [-6.774455, 37.29255], [-6.774451, 37.29246], [-6.775239, 37.292435], [-6.775243, 37.292525]]], [[[-6.775234, 37.292345], [-6.775684, 37.292331], [-6.775689, 37.292421], [-6.775576, 37.292424], [-6.775594, 37.292784], [-6.775482, 37.292788], [-6.7755, 37.293147], [-6.77527, 37.293065], [-6.775279, 37.293245], [-6.775392, 37.293241], [-6.775405, 37.293511], [-6.775067, 37.293522], [-6.775054, 37.293252], [-6.775166, 37.293248], [-6.775162, 37.293158], [-6.775049, 37.293162], [-6.775036, 37.292892], [-6.775261, 37.292885], [-6.775266, 37.292975], [-6.775378, 37.292971], [-6.775473, 37.292608], [-6.77536, 37.292611], [-6.775351, 37.292432], [-6.775239, 37.292435], [-6.775234, 37.292345]]]]}, "properties": {"id": "donana-2023-165430-4134100", "ha": 1.89, "plastic_dates": 3.1, "valid_dates": 6.8, "admin_zone": "Zona C", "plan_zone": "Zona C - No regable", "distance_to_irrigable_m": 19, "sigpac_ref": "21:46:0:0:1:3:34", "sigpac_use": "IV", "sigpac_irrigation_coef": 0, "sigpac_url": "https://sigpac-hubcloud.es/servicioconsultassigpac/query/recinfo/21/46/0/0/1/3/34.json", "declared_greenhouse_share": 1.0, "declared_irrigated_share": 0.0, "lon": -6.773991, "lat": 37.293421}}, {"type": "Feature", "geometry": {"type": "Polygon", "coordinates": [[[-6.721329, 37.264776], [-6.72132, 37.264596], [-6.720983, 37.264606], [-6.720978, 37.264516], [-6.720866, 37.26452], [-6.72087, 37.26461], [-6.720758, 37.264614], [-6.720753, 37.264524], [-6.720528, 37.264531], [-6.720407, 37.264354], [-6.719619, 37.264379], [-6.71961, 37.264199], [-6.719497, 37.264203], [-6.719493, 37.264113], [-6.719718, 37.264106], [-6.719822, 37.263922], [-6.720047, 37.263915], [-6.720151, 37.263732], [-6.720376, 37.263725], [-6.720367, 37.263545], [-6.720479, 37.263541], [-6.720475, 37.263451], [-6.7207, 37.263444], [-6.720696, 37.263354], [-6.720808, 37.263351], [-6.720929, 37.263527], [-6.721384, 37.263603], [-6.721505, 37.263779], [-6.72196, 37.263855], [-6.722082, 37.264031], [-6.722194, 37.264028], [-6.722207, 37.264298], [-6.721987, 37.264395], [-6.721996, 37.264575], [-6.72177, 37.264582], [-6.721766, 37.264492], [-6.721653, 37.264495], [-6.72155, 37.264679], [-6.721437, 37.264682], [-6.721442, 37.264772], [-6.721329, 37.264776]], [[-6.721307, 37.264326], [-6.721311, 37.264416], [-6.721424, 37.264412], [-6.72142, 37.264322], [-6.721307, 37.264326]], [[-6.721757, 37.264312], [-6.721753, 37.264222], [-6.721415, 37.264232], [-6.72142, 37.264322], [-6.721757, 37.264312]], [[-6.72119, 37.26424], [-6.721077, 37.264243], [-6.721082, 37.264333], [-6.721194, 37.26433], [-6.72119, 37.26424]], [[-6.721406, 37.264053], [-6.721181, 37.26406], [-6.721186, 37.26415], [-6.721411, 37.264143], [-6.721406, 37.264053]], [[-6.720844, 37.26407], [-6.720731, 37.264074], [-6.720735, 37.264164], [-6.720848, 37.26416], [-6.720844, 37.26407]], [[-6.720506, 37.264081], [-6.720618, 37.264077], [-6.720614, 37.263987], [-6.720501, 37.263991], [-6.720506, 37.264081]], [[-6.720497, 37.263901], [-6.720385, 37.263905], [-6.720389, 37.263995], [-6.720501, 37.263991], [-6.720497, 37.263901]], [[-6.720268, 37.263818], [-6.720155, 37.263822], [-6.720159, 37.263912], [-6.720272, 37.263908], [-6.720268, 37.263818]]]}, "properties": {"id": "donana-2023-170080-4130660", "ha": 1.87, "plastic_dates": 4.0, "valid_dates": 8.0, "admin_zone": "Zona C", "plan_zone": "Zona C - No regable", "distance_to_irrigable_m": 27, "sigpac_ref": "21:46:0:0:10:4:3", "sigpac_use": "IV", "sigpac_irrigation_coef": 100, "sigpac_url": "https://sigpac-hubcloud.es/servicioconsultassigpac/query/recinfo/21/46/0/0/10/4/3.json", "declared_greenhouse_share": 1.0, "declared_irrigated_share": 1.0, "lon": -6.720114, "lat": 37.264138}}, {"type": "Feature", "geometry": {"type": "MultiPolygon", "coordinates": [[[[-6.758749, 37.239809], [-6.758767, 37.240168], [-6.758879, 37.240165], [-6.758897, 37.240525], [-6.75901, 37.240521], [-6.759032, 37.240971], [-6.75892, 37.240974], [-6.758911, 37.240794], [-6.758798, 37.240798], [-6.758794, 37.240708], [-6.758681, 37.240712], [-6.758686, 37.240802], [-6.758461, 37.240809], [-6.758465, 37.240899], [-6.758353, 37.240902], [-6.758362, 37.241082], [-6.759037, 37.241061], [-6.759041, 37.241151], [-6.758816, 37.241158], [-6.758821, 37.241248], [-6.758708, 37.241251], [-6.758704, 37.241161], [-6.758366, 37.241172], [-6.758371, 37.241262], [-6.758146, 37.241269], [-6.758137, 37.241089], [-6.758024, 37.241093], [-6.758033, 37.241273], [-6.75792, 37.241276], [-6.757925, 37.241366], [-6.757695, 37.241284], [-6.757709, 37.241553], [-6.757034, 37.241575], [-6.757038, 37.241665], [-6.756701, 37.241675], [-6.756687, 37.241406], [-6.757025, 37.241395], [-6.75702, 37.241305], [-6.757583, 37.241287], [-6.757579, 37.241197], [-6.757916, 37.241186], [-6.757907, 37.241007], [-6.75802, 37.241003], [-6.758015, 37.240913], [-6.757903, 37.240917], [-6.757889, 37.240647], [-6.758002, 37.240643], [-6.757997, 37.240553], [-6.757885, 37.240557], [-6.757818, 37.239208], [-6.75793, 37.239204], [-6.757921, 37.239024], [-6.758376, 37.2391], [-6.758367, 37.23892], [-6.758479, 37.238916], [-6.758493, 37.239186], [-6.758605, 37.239183], [-6.758636, 37.239812], [-6.758749, 37.239809]], [[-6.758268, 37.239193], [-6.758272, 37.239283], [-6.758385, 37.23928], [-6.758394, 37.23946], [-6.758506, 37.239456], [-6.758493, 37.239186], [-6.758268, 37.239193]], [[-6.758281, 37.239463], [-6.758294, 37.239733], [-6.758519, 37.239726], [-6.758511, 37.239546], [-6.758398, 37.23955], [-6.758394, 37.23946], [-6.758281, 37.239463]], [[-6.758299, 37.239823], [-6.758303, 37.239913], [-6.758641, 37.239902], [-6.758636, 37.239812], [-6.758299, 37.239823]], [[-6.756917, 37.241488], [-6.756804, 37.241492], [-6.756809, 37.241582], [-6.756921, 37.241578], [-6.756917, 37.241488]], [[-6.758312, 37.240093], [-6.758087, 37.2401], [-6.758092, 37.24019], [-6.758204, 37.240186], [-6.758231, 37.240726], [-6.758344, 37.240722], [-6.758312, 37.240093]], [[-6.758672, 37.240532], [-6.758785, 37.240528], [-6.758776, 37.240348], [-6.758663, 37.240352], [-6.758645, 37.239992], [-6.758533, 37.239996], [-6.758429, 37.240179], [-6.758542, 37.240176], [-6.75856, 37.240535], [-6.758447, 37.240539], [-6.758452, 37.240629], [-6.758677, 37.240622], [-6.758672, 37.240532]]], [[[-6.757255, 37.239225], [-6.757251, 37.239136], [-6.757696, 37.239031], [-6.757818, 37.239208], [-6.757255, 37.239225]]]]}, "properties": {"id": "donana-2023-166610-4128150", "ha": 1.87, "plastic_dates": 3.6, "valid_dates": 8.0, "admin_zone": "Zona A", "plan_zone": "Zona A - Suelo Forestal", "distance_to_irrigable_m": 17, "sigpac_ref": "21:50:0:0:31:40:26", "sigpac_use": "IV", "sigpac_irrigation_coef": 100, "sigpac_url": "https://sigpac-hubcloud.es/servicioconsultassigpac/query/recinfo/21/50/0/0/31/40/26.json", "declared_greenhouse_share": 0.99, "declared_irrigated_share": 0.99, "lon": -6.75804, "lat": 37.240282}}, {"type": "Feature", "geometry": {"type": "Polygon", "coordinates": [[[-6.715367, 37.25127], [-6.715363, 37.25118], [-6.714687, 37.251201], [-6.714683, 37.251111], [-6.714571, 37.251114], [-6.714548, 37.250665], [-6.714436, 37.250668], [-6.714431, 37.250578], [-6.714544, 37.250575], [-6.71454, 37.250485], [-6.714765, 37.250478], [-6.714886, 37.250654], [-6.714999, 37.250651], [-6.714985, 37.250381], [-6.715098, 37.250377], [-6.715089, 37.250197], [-6.715201, 37.250194], [-6.715193, 37.250014], [-6.714968, 37.250021], [-6.714963, 37.249931], [-6.715418, 37.250007], [-6.715422, 37.250097], [-6.715647, 37.25009], [-6.715652, 37.25018], [-6.715877, 37.250173], [-6.715998, 37.250349], [-6.716452, 37.250425], [-6.716457, 37.250515], [-6.716682, 37.250508], [-6.716704, 37.250957], [-6.716483, 37.251054], [-6.716492, 37.251234], [-6.715367, 37.25127]], [[-6.715885, 37.250352], [-6.71566, 37.25036], [-6.715665, 37.250449], [-6.71589, 37.250442], [-6.715885, 37.250352]]]}, "properties": {"id": "donana-2023-170400-4129140", "ha": 1.86, "plastic_dates": 5.3, "valid_dates": 7.4, "admin_zone": "Zona A", "plan_zone": "Zona A - Suelo Forestal", "distance_to_irrigable_m": 0, "sigpac_ref": "21:46:0:0:9:100:14", "sigpac_use": "IV", "sigpac_irrigation_coef": 0, "sigpac_url": "https://sigpac-hubcloud.es/servicioconsultassigpac/query/recinfo/21/46/0/0/9/100/14.json", "declared_greenhouse_share": 1.0, "declared_irrigated_share": 0.0, "lon": -6.71584, "lat": 37.250579}}, {"type": "Feature", "geometry": {"type": "Polygon", "coordinates": [[[-6.736523, 37.248351], [-6.736527, 37.248441], [-6.73619, 37.248451], [-6.736185, 37.248361], [-6.735848, 37.248372], [-6.735843, 37.248282], [-6.735731, 37.248286], [-6.735717, 37.248016], [-6.735605, 37.248019], [-6.7356, 37.247929], [-6.735713, 37.247926], [-6.735699, 37.247656], [-6.735812, 37.247653], [-6.735807, 37.247563], [-6.735695, 37.247566], [-6.735691, 37.247476], [-6.735465, 37.247483], [-6.735461, 37.247393], [-6.735686, 37.247386], [-6.735565, 37.24721], [-6.735677, 37.247206], [-6.735682, 37.247296], [-6.735794, 37.247293], [-6.73579, 37.247203], [-6.736015, 37.247196], [-6.736019, 37.247286], [-6.737257, 37.247247], [-6.737275, 37.247606], [-6.737612, 37.247596], [-6.737621, 37.247776], [-6.737509, 37.247779], [-6.737522, 37.248049], [-6.737409, 37.248052], [-6.737414, 37.248142], [-6.737189, 37.24815], [-6.737184, 37.24806], [-6.737072, 37.248063], [-6.736968, 37.248247], [-6.736856, 37.24825], [-6.73686, 37.24834], [-6.736748, 37.248344], [-6.736752, 37.248434], [-6.736523, 37.248351]]]}, "properties": {"id": "donana-2023-168550-4128910", "ha": 1.81, "plastic_dates": 5.9, "valid_dates": 9.0, "admin_zone": "Zona C", "plan_zone": "Zona C - No regable", "distance_to_irrigable_m": 18, "sigpac_ref": "21:46:0:0:16:1:78", "sigpac_use": "IV", "sigpac_irrigation_coef": 0, "sigpac_url": "https://sigpac-hubcloud.es/servicioconsultassigpac/query/recinfo/21/46/0/0/16/1/78.json", "declared_greenhouse_share": 0.99, "declared_irrigated_share": 0.0, "lon": -6.736611, "lat": 37.247853}}, {"type": "Feature", "geometry": {"type": "MultiPolygon", "coordinates": [[[[-6.773149, 37.291241], [-6.773154, 37.291331], [-6.772929, 37.291338], [-6.772933, 37.291428], [-6.772595, 37.291438], [-6.7726, 37.291528], [-6.772149, 37.291543], [-6.772028, 37.291366], [-6.77214, 37.291363], [-6.772123, 37.291003], [-6.772352, 37.291086], [-6.772357, 37.291176], [-6.772469, 37.291172], [-6.772442, 37.290633], [-6.77278, 37.290622], [-6.772775, 37.290532], [-6.772438, 37.290543], [-6.772433, 37.290453], [-6.772208, 37.29046], [-6.772105, 37.290643], [-6.771992, 37.290647], [-6.771983, 37.290467], [-6.771645, 37.290478], [-6.771641, 37.290388], [-6.772204, 37.29037], [-6.772307, 37.290186], [-6.77242, 37.290183], [-6.772415, 37.290093], [-6.772528, 37.290089], [-6.772523, 37.289999], [-6.772861, 37.289989], [-6.772965, 37.289805], [-6.773077, 37.289801], [-6.773082, 37.289891], [-6.773194, 37.289888], [-6.773203, 37.290068], [-6.772978, 37.290075], [-6.772987, 37.290255], [-6.772875, 37.290258], [-6.772879, 37.290348], [-6.773104, 37.290341], [-6.773118, 37.290611], [-6.773005, 37.290615], [-6.77301, 37.290705], [-6.772784, 37.290712], [-6.772807, 37.291161], [-6.77292, 37.291158], [-6.772902, 37.290798], [-6.773014, 37.290794], [-6.773019, 37.290884], [-6.773248, 37.290967], [-6.773262, 37.291237], [-6.773149, 37.291241]], [[-6.773001, 37.290525], [-6.772888, 37.290528], [-6.772893, 37.290618], [-6.773005, 37.290615], [-6.773001, 37.290525]], [[-6.772366, 37.291356], [-6.772253, 37.291359], [-6.772258, 37.291449], [-6.77237, 37.291446], [-6.772366, 37.291356]], [[-6.77314, 37.291061], [-6.773028, 37.291064], [-6.773032, 37.291154], [-6.773145, 37.291151], [-6.77314, 37.291061]], [[-6.772762, 37.290262], [-6.772649, 37.290266], [-6.772658, 37.290445], [-6.772771, 37.290442], [-6.772762, 37.290262]], [[-6.772753, 37.290082], [-6.77264, 37.290086], [-6.772645, 37.290176], [-6.772757, 37.290172], [-6.772753, 37.290082]]], [[[-6.773599, 37.291226], [-6.773604, 37.291316], [-6.773266, 37.291327], [-6.773262, 37.291237], [-6.773599, 37.291226]]], [[[-6.773122, 37.290701], [-6.773127, 37.290791], [-6.773014, 37.290794], [-6.77301, 37.290705], [-6.773122, 37.290701]]], [[[-6.773316, 37.290064], [-6.773325, 37.290244], [-6.773212, 37.290248], [-6.773203, 37.290068], [-6.773424, 37.289971], [-6.773428, 37.290061], [-6.773316, 37.290064]]], [[[-6.773433, 37.29015], [-6.773428, 37.290061], [-6.773654, 37.290053], [-6.773658, 37.290143], [-6.773433, 37.29015]]], [[[-6.773676, 37.290503], [-6.773672, 37.290413], [-6.773784, 37.29041], [-6.77378, 37.29032], [-6.773667, 37.290323], [-6.773658, 37.290143], [-6.773771, 37.29014], [-6.773775, 37.29023], [-6.774113, 37.290219], [-6.774117, 37.290309], [-6.774343, 37.290302], [-6.774347, 37.290392], [-6.774793, 37.290287], [-6.774797, 37.290377], [-6.774685, 37.290381], [-6.774694, 37.290561], [-6.774469, 37.290568], [-6.774482, 37.290838], [-6.774595, 37.290834], [-6.774604, 37.291014], [-6.774829, 37.291007], [-6.774833, 37.291097], [-6.774153, 37.291028], [-6.774275, 37.291205], [-6.773712, 37.291223], [-6.773699, 37.290953], [-6.773928, 37.291036], [-6.773933, 37.291125], [-6.774045, 37.291122], [-6.774032, 37.290852], [-6.774144, 37.290848], [-6.77414, 37.290759], [-6.774027, 37.290762], [-6.774018, 37.290582], [-6.774131, 37.290579], [-6.774126, 37.290489], [-6.774014, 37.290492], [-6.774005, 37.290312], [-6.773892, 37.290316], [-6.773789, 37.290499], [-6.773676, 37.290503]]], [[[-6.773901, 37.290496], [-6.773915, 37.290766], [-6.77369, 37.290773], [-6.773685, 37.290683], [-6.773798, 37.290679], [-6.773789, 37.290499], [-6.773901, 37.290496]]], [[[-6.774806, 37.290557], [-6.774811, 37.290647], [-6.774698, 37.290651], [-6.774694, 37.290561], [-6.774806, 37.290557]]], [[[-6.77491, 37.290374], [-6.774914, 37.290464], [-6.774802, 37.290467], [-6.774797, 37.290377], [-6.77491, 37.290374]]]]}, "properties": {"id": "donana-2023-165530-4133790", "ha": 1.8, "plastic_dates": 2.7, "valid_dates": 5.6, "admin_zone": "Zona C", "plan_zone": "Zona C - No regable", "distance_to_irrigable_m": 18, "sigpac_ref": "21:46:0:0:20:5:19", "sigpac_use": "IV", "sigpac_irrigation_coef": 100, "sigpac_url": "https://sigpac-hubcloud.es/servicioconsultassigpac/query/recinfo/21/46/0/0/20/5/19.json", "declared_greenhouse_share": 0.99, "declared_irrigated_share": 0.84, "lon": -6.772726, "lat": 37.290669}}, {"type": "Feature", "geometry": {"type": "Polygon", "coordinates": [[[-6.606181, 37.239875], [-6.606146, 37.239155], [-6.606259, 37.239152], [-6.606246, 37.238882], [-6.606358, 37.238878], [-6.606333, 37.238339], [-6.606103, 37.238255], [-6.606099, 37.238166], [-6.606212, 37.238162], [-6.606216, 37.238252], [-6.606441, 37.238245], [-6.606445, 37.238335], [-6.60667, 37.238328], [-6.606675, 37.238418], [-6.6069, 37.238411], [-6.606904, 37.238501], [-6.607241, 37.238491], [-6.607246, 37.238581], [-6.607471, 37.238574], [-6.607475, 37.238664], [-6.6077, 37.238657], [-6.607704, 37.238747], [-6.608042, 37.238737], [-6.608059, 37.239097], [-6.607496, 37.239114], [-6.607501, 37.239204], [-6.607726, 37.239197], [-6.60773, 37.239287], [-6.607505, 37.239294], [-6.607514, 37.239474], [-6.606843, 37.239584], [-6.606847, 37.239674], [-6.606622, 37.239681], [-6.606626, 37.239771], [-6.606514, 37.239775], [-6.606518, 37.239865], [-6.606181, 37.239875]]]}, "properties": {"id": "donana-2023-180000-4127480", "ha": 1.76, "plastic_dates": 3.0, "valid_dates": 10.9, "admin_zone": "Zona C", "plan_zone": "Zona C - No regable", "distance_to_irrigable_m": 16, "sigpac_ref": "21:5:0:0:37:3:7", "sigpac_use": "IV", "sigpac_irrigation_coef": 6, "sigpac_url": "https://sigpac-hubcloud.es/servicioconsultassigpac/query/recinfo/21/5/0/0/37/3/7.json", "declared_greenhouse_share": 1.0, "declared_irrigated_share": 1.0, "lon": -6.607152, "lat": 37.238989}}, {"type": "Feature", "geometry": {"type": "MultiPolygon", "coordinates": [[[[-6.653357, 37.31131], [-6.653362, 37.3114], [-6.653582, 37.311303], [-6.653578, 37.311214], [-6.653691, 37.31121], [-6.653695, 37.3113], [-6.654033, 37.31129], [-6.654037, 37.311379], [-6.653925, 37.311383], [-6.653942, 37.311743], [-6.653604, 37.311753], [-6.653609, 37.311843], [-6.653834, 37.311836], [-6.653838, 37.311926], [-6.6535, 37.311937], [-6.653492, 37.311757], [-6.653266, 37.311764], [-6.653262, 37.311674], [-6.653487, 37.311667], [-6.653479, 37.311487], [-6.653249, 37.311404], [-6.653245, 37.311314], [-6.653357, 37.31131]]], [[[-6.651386, 37.3102], [-6.651499, 37.310197], [-6.65149, 37.310017], [-6.651603, 37.310013], [-6.651598, 37.309923], [-6.651711, 37.30992], [-6.651715, 37.31001], [-6.652053, 37.309999], [-6.652062, 37.310179], [-6.652287, 37.310172], [-6.652408, 37.310349], [-6.652521, 37.310345], [-6.652525, 37.310435], [-6.652751, 37.310428], [-6.652872, 37.310605], [-6.653097, 37.310598], [-6.653218, 37.310774], [-6.653444, 37.310767], [-6.653452, 37.310947], [-6.65334, 37.310951], [-6.653335, 37.310861], [-6.65311, 37.310868], [-6.653232, 37.311044], [-6.653344, 37.311041], [-6.653353, 37.31122], [-6.65324, 37.311224], [-6.653245, 37.311314], [-6.652794, 37.311328], [-6.652785, 37.311148], [-6.652673, 37.311151], [-6.652668, 37.311061], [-6.652214, 37.310985], [-6.65211, 37.311169], [-6.651884, 37.311176], [-6.65188, 37.311086], [-6.651655, 37.311093], [-6.651646, 37.310913], [-6.651421, 37.31092], [-6.651417, 37.31083], [-6.651304, 37.310833], [-6.6513, 37.310743], [-6.651412, 37.31074], [-6.651395, 37.31038], [-6.651507, 37.310377], [-6.651386, 37.3102]], [[-6.652781, 37.311058], [-6.652777, 37.310968], [-6.652664, 37.310971], [-6.652668, 37.311061], [-6.652781, 37.311058]], [[-6.65266, 37.310882], [-6.652547, 37.310885], [-6.652551, 37.310975], [-6.652664, 37.310971], [-6.65266, 37.310882]], [[-6.651512, 37.310467], [-6.651624, 37.310463], [-6.65162, 37.310373], [-6.651507, 37.310377], [-6.651512, 37.310467]], [[-6.653015, 37.311231], [-6.653128, 37.311227], [-6.653123, 37.311137], [-6.653011, 37.311141], [-6.653015, 37.311231]], [[-6.653006, 37.311051], [-6.652894, 37.311054], [-6.652898, 37.311144], [-6.653011, 37.311141], [-6.653006, 37.311051]], [[-6.652764, 37.310698], [-6.652651, 37.310702], [-6.652655, 37.310792], [-6.652768, 37.310788], [-6.652764, 37.310698]], [[-6.652313, 37.310712], [-6.6522, 37.310716], [-6.652205, 37.310806], [-6.652317, 37.310802], [-6.652313, 37.310712]], [[-6.652088, 37.310719], [-6.651975, 37.310723], [-6.65198, 37.310812], [-6.652092, 37.310809], [-6.652088, 37.310719]], [[-6.652192, 37.310536], [-6.652079, 37.310539], [-6.652084, 37.310629], [-6.652196, 37.310626], [-6.652192, 37.310536]], [[-6.651967, 37.310543], [-6.651854, 37.310546], [-6.651858, 37.310636], [-6.651971, 37.310633], [-6.651967, 37.310543]]]]}, "properties": {"id": "donana-2023-176320-4135620", "ha": 1.75, "plastic_dates": 4.1, "valid_dates": 8.6, "admin_zone": "Zona C", "plan_zone": "Zona C - No regable", "distance_to_irrigable_m": 31, "sigpac_ref": "21:14:0:0:7:367:3", "sigpac_use": "IV", "sigpac_irrigation_coef": 0, "sigpac_url": "https://sigpac-hubcloud.es/servicioconsultassigpac/query/recinfo/21/14/0/0/7/367/3.json", "declared_greenhouse_share": 1.0, "declared_irrigated_share": 0.49, "lon": -6.652099, "lat": 37.310944}}, {"type": "Feature", "geometry": {"type": "Polygon", "coordinates": [[[-6.768496, 37.216075], [-6.768469, 37.215536], [-6.768582, 37.215532], [-6.768505, 37.214003], [-6.768618, 37.214], [-6.768613, 37.21391], [-6.768501, 37.213913], [-6.768478, 37.213463], [-6.768366, 37.213467], [-6.768362, 37.213377], [-6.768474, 37.213374], [-6.76838, 37.211485], [-6.768492, 37.211481], [-6.768474, 37.211121], [-6.768812, 37.211111], [-6.768866, 37.21219], [-6.768753, 37.212193], [-6.768852, 37.214172], [-6.768739, 37.214176], [-6.768771, 37.214805], [-6.768883, 37.214802], [-6.768946, 37.216061], [-6.768496, 37.216075]]]}, "properties": {"id": "donana-2023-165550-4125230", "ha": 1.72, "plastic_dates": 2.8, "valid_dates": 6.8, "admin_zone": "Zona C", "plan_zone": "Zona C - No regable", "distance_to_irrigable_m": 999, "sigpac_ref": "21:50:0:0:32:85:2", "sigpac_use": "FO", "sigpac_irrigation_coef": 0, "sigpac_url": "https://sigpac-hubcloud.es/servicioconsultassigpac/query/recinfo/21/50/0/0/32/85/2.json", "declared_greenhouse_share": 0.0, "declared_irrigated_share": 0.0, "lon": -6.768658, "lat": 37.213683}}, {"type": "Feature", "geometry": {"type": "Polygon", "coordinates": [[[-6.753379, 37.267817], [-6.75315, 37.267734], [-6.753145, 37.267644], [-6.75292, 37.267651], [-6.752902, 37.267291], [-6.75279, 37.267295], [-6.752781, 37.267115], [-6.752668, 37.267118], [-6.75265, 37.266759], [-6.752763, 37.266755], [-6.752754, 37.266575], [-6.752867, 37.266572], [-6.752853, 37.266302], [-6.753074, 37.266205], [-6.753069, 37.266115], [-6.753182, 37.266111], [-6.753177, 37.266021], [-6.75329, 37.266018], [-6.753285, 37.265928], [-6.753623, 37.265917], [-6.753628, 37.266007], [-6.75374, 37.266003], [-6.753736, 37.265913], [-6.753848, 37.26591], [-6.753853, 37.266], [-6.754303, 37.265985], [-6.754307, 37.266075], [-6.754532, 37.266068], [-6.754537, 37.266158], [-6.754312, 37.266165], [-6.754451, 37.266701], [-6.754001, 37.266716], [-6.753997, 37.266626], [-6.753884, 37.266629], [-6.753888, 37.266719], [-6.753663, 37.266726], [-6.753668, 37.266816], [-6.75378, 37.266813], [-6.753794, 37.267083], [-6.753456, 37.267093], [-6.753587, 37.26745], [-6.753474, 37.267453], [-6.753483, 37.267633], [-6.75337, 37.267637], [-6.753379, 37.267817]], [[-6.753875, 37.266449], [-6.753762, 37.266453], [-6.753771, 37.266633], [-6.753884, 37.266629], [-6.753875, 37.266449]], [[-6.75347, 37.267363], [-6.753357, 37.267367], [-6.753361, 37.267457], [-6.753474, 37.267453], [-6.75347, 37.267363]], [[-6.753366, 37.267547], [-6.753253, 37.26755], [-6.753258, 37.26764], [-6.75337, 37.267637], [-6.753366, 37.267547]], [[-6.753244, 37.26737], [-6.753132, 37.267374], [-6.753136, 37.267464], [-6.753249, 37.26746], [-6.753244, 37.26737]], [[-6.753335, 37.266917], [-6.753222, 37.266921], [-6.753231, 37.267101], [-6.753344, 37.267097], [-6.753335, 37.266917]], [[-6.753672, 37.266906], [-6.75356, 37.26691], [-6.753564, 37.267], [-6.753677, 37.266996], [-6.753672, 37.266906]], [[-6.752988, 37.266748], [-6.752876, 37.266751], [-6.752885, 37.266931], [-6.752997, 37.266928], [-6.752988, 37.266748]], [[-6.754204, 37.266259], [-6.754091, 37.266262], [-6.7541, 37.266442], [-6.754213, 37.266439], [-6.754204, 37.266259]], [[-6.753979, 37.266266], [-6.753866, 37.26627], [-6.753871, 37.26636], [-6.753983, 37.266356], [-6.753979, 37.266266]], [[-6.754082, 37.266083], [-6.75397, 37.266086], [-6.753974, 37.266176], [-6.754087, 37.266172], [-6.754082, 37.266083]]]}, "properties": {"id": "donana-2023-167140-4131080", "ha": 1.7, "plastic_dates": 4.1, "valid_dates": 9.0, "admin_zone": "Zona A", "plan_zone": "Zona A - Suelo Forestal", "distance_to_irrigable_m": 25, "sigpac_ref": "21:46:0:0:18:11:81", "sigpac_use": "IV", "sigpac_irrigation_coef": 0, "sigpac_url": "https://sigpac-hubcloud.es/servicioconsultassigpac/query/recinfo/21/46/0/0/18/11/81.json", "declared_greenhouse_share": 0.99, "declared_irrigated_share": 0.0, "lon": -6.753389, "lat": 37.26687}}, {"type": "Feature", "geometry": {"type": "Polygon", "coordinates": [[[-6.74999, 37.2336], [-6.74986, 37.233244], [-6.749747, 37.233248], [-6.749738, 37.233068], [-6.749626, 37.233071], [-6.749635, 37.233251], [-6.749414, 37.233348], [-6.749419, 37.233438], [-6.749194, 37.233445], [-6.749198, 37.233535], [-6.748861, 37.233546], [-6.748838, 37.233096], [-6.748951, 37.233093], [-6.748946, 37.233003], [-6.749171, 37.232996], [-6.749167, 37.232906], [-6.749392, 37.232899], [-6.749378, 37.232629], [-6.750166, 37.232604], [-6.750144, 37.232154], [-6.750369, 37.232147], [-6.750499, 37.232503], [-6.750724, 37.232496], [-6.750728, 37.232586], [-6.751178, 37.232572], [-6.751187, 37.232752], [-6.7513, 37.232748], [-6.751313, 37.233018], [-6.750868, 37.233122], [-6.750872, 37.233212], [-6.750647, 37.233219], [-6.750652, 37.233309], [-6.750427, 37.233316], [-6.750323, 37.2335], [-6.750211, 37.233503], [-6.750215, 37.233593], [-6.74999, 37.2336]], [[-6.749842, 37.232884], [-6.749617, 37.232891], [-6.749621, 37.232981], [-6.749846, 37.232974], [-6.749842, 37.232884]]]}, "properties": {"id": "donana-2023-167240-4127300", "ha": 1.69, "plastic_dates": 3.0, "valid_dates": 9.1, "admin_zone": "Zona A", "plan_zone": "Zona A - Suelo Forestal", "distance_to_irrigable_m": 3, "sigpac_ref": "21:46:0:0:16:10:10", "sigpac_use": "IV", "sigpac_irrigation_coef": 88, "sigpac_url": "https://sigpac-hubcloud.es/servicioconsultassigpac/query/recinfo/21/46/0/0/16/10/10.json", "declared_greenhouse_share": 1.0, "declared_irrigated_share": 1.0, "lon": -6.750575, "lat": 37.232906}}, {"type": "Feature", "geometry": {"type": "Polygon", "coordinates": [[[-6.787241, 37.273223], [-6.787021, 37.27332], [-6.78703, 37.2735], [-6.786917, 37.273504], [-6.786922, 37.273593], [-6.786809, 37.273597], [-6.786715, 37.27396], [-6.78649, 37.273968], [-6.786485, 37.273878], [-6.786148, 37.273889], [-6.786143, 37.273799], [-6.78603, 37.273802], [-6.786008, 37.273352], [-6.786238, 37.273435], [-6.786206, 37.272806], [-6.786318, 37.272802], [-6.786305, 37.272532], [-6.786418, 37.272529], [-6.786404, 37.272259], [-6.786517, 37.272255], [-6.786503, 37.271985], [-6.786616, 37.271982], [-6.786607, 37.271802], [-6.786719, 37.271798], [-6.786724, 37.271888], [-6.787174, 37.271874], [-6.787183, 37.272054], [-6.787412, 37.272136], [-6.787417, 37.272226], [-6.787192, 37.272233], [-6.787201, 37.272413], [-6.787313, 37.27241], [-6.78734, 37.272949], [-6.787228, 37.272953], [-6.787241, 37.273223]], [[-6.786256, 37.273795], [-6.786251, 37.273705], [-6.786139, 37.273709], [-6.786143, 37.273799], [-6.786256, 37.273795]], [[-6.787214, 37.272683], [-6.787102, 37.272687], [-6.787111, 37.272867], [-6.786998, 37.27287], [-6.787007, 37.27305], [-6.78712, 37.273047], [-6.787115, 37.272957], [-6.787228, 37.272953], [-6.787214, 37.272683]], [[-6.786994, 37.27278], [-6.786881, 37.272784], [-6.786886, 37.272874], [-6.786998, 37.27287], [-6.786994, 37.27278]], [[-6.786449, 37.273158], [-6.786337, 37.273162], [-6.786341, 37.273252], [-6.786454, 37.273248], [-6.786449, 37.273158]], [[-6.786764, 37.272698], [-6.786652, 37.272701], [-6.786656, 37.272791], [-6.786769, 37.272788], [-6.786764, 37.272698]]]}, "properties": {"id": "donana-2023-164220-4131870", "ha": 1.68, "plastic_dates": 3.8, "valid_dates": 8.4, "admin_zone": "Zona A", "plan_zone": "Zona A - Suelo Forestal", "distance_to_irrigable_m": 16, "sigpac_ref": "21:50:0:0:29:166:24", "sigpac_use": "IV", "sigpac_irrigation_coef": 100, "sigpac_url": "https://sigpac-hubcloud.es/servicioconsultassigpac/query/recinfo/21/50/0/0/29/166/24.json", "declared_greenhouse_share": 1.0, "declared_irrigated_share": 1.0, "lon": -6.786607, "lat": 37.272928}}, {"type": "Feature", "geometry": {"type": "Polygon", "coordinates": [[[-6.794142, 37.246786], [-6.793805, 37.246797], [-6.7938, 37.246707], [-6.793575, 37.246714], [-6.793562, 37.246444], [-6.793449, 37.246448], [-6.793445, 37.246358], [-6.793557, 37.246355], [-6.793553, 37.246265], [-6.79344, 37.246268], [-6.793436, 37.246178], [-6.793548, 37.246175], [-6.793539, 37.245995], [-6.793652, 37.245991], [-6.793656, 37.246081], [-6.795569, 37.24602], [-6.795573, 37.24611], [-6.796361, 37.246084], [-6.796374, 37.246354], [-6.796487, 37.246351], [-6.796501, 37.24662], [-6.794588, 37.246682], [-6.794583, 37.246592], [-6.794133, 37.246606], [-6.794142, 37.246786]], [[-6.794129, 37.246516], [-6.794016, 37.24652], [-6.794021, 37.24661], [-6.794133, 37.246606], [-6.794129, 37.246516]], [[-6.795366, 37.246477], [-6.794916, 37.246491], [-6.794921, 37.246581], [-6.795371, 37.246567], [-6.795366, 37.246477]], [[-6.796262, 37.246358], [-6.795699, 37.246376], [-6.795704, 37.246466], [-6.796266, 37.246448], [-6.796262, 37.246358]], [[-6.795578, 37.2462], [-6.795353, 37.246207], [-6.795357, 37.246297], [-6.795582, 37.24629], [-6.795578, 37.2462]]]}, "properties": {"id": "donana-2023-163370-4128950", "ha": 1.61, "plastic_dates": 3.4, "valid_dates": 7.8, "admin_zone": "Zona A", "plan_zone": "Zona A - Suelo Forestal", "distance_to_irrigable_m": 16, "sigpac_ref": "21:50:0:0:27:3:11", "sigpac_use": "FY", "sigpac_irrigation_coef": 100, "sigpac_url": "https://sigpac-hubcloud.es/servicioconsultassigpac/query/recinfo/21/50/0/0/27/3/11.json", "declared_greenhouse_share": 0.0, "declared_irrigated_share": 1.0, "lon": -6.79491, "lat": 37.246356}}, {"type": "Feature", "geometry": {"type": "MultiPolygon", "coordinates": [[[[-6.766424, 37.251366], [-6.766451, 37.251906], [-6.766338, 37.251909], [-6.766334, 37.251819], [-6.766109, 37.251826], [-6.765987, 37.25165], [-6.7661, 37.251647], [-6.766095, 37.251557], [-6.766208, 37.251553], [-6.766199, 37.251373], [-6.766424, 37.251366]]], [[[-6.765024, 37.25042], [-6.765029, 37.25051], [-6.765141, 37.250506], [-6.765146, 37.250596], [-6.765258, 37.250592], [-6.765263, 37.250682], [-6.765375, 37.250679], [-6.76538, 37.250769], [-6.765605, 37.250761], [-6.765726, 37.250938], [-6.766289, 37.25092], [-6.766293, 37.25101], [-6.766181, 37.251013], [-6.766302, 37.25119], [-6.76619, 37.251193], [-6.766199, 37.251373], [-6.766086, 37.251377], [-6.766095, 37.251557], [-6.765983, 37.25156], [-6.765987, 37.25165], [-6.765762, 37.251657], [-6.765641, 37.251481], [-6.765528, 37.251485], [-6.765524, 37.251395], [-6.765299, 37.251402], [-6.765177, 37.251226], [-6.765065, 37.251229], [-6.76506, 37.251139], [-6.764948, 37.251143], [-6.764943, 37.251053], [-6.764718, 37.25106], [-6.764714, 37.25097], [-6.764601, 37.250974], [-6.764597, 37.250884], [-6.764142, 37.250808], [-6.764138, 37.250718], [-6.763912, 37.250725], [-6.763791, 37.250549], [-6.763904, 37.250545], [-6.763899, 37.250455], [-6.764012, 37.250452], [-6.764003, 37.250272], [-6.764228, 37.250265], [-6.764219, 37.250085], [-6.764444, 37.250078], [-6.764565, 37.250254], [-6.76479, 37.250247], [-6.764912, 37.250423], [-6.765024, 37.25042]], [[-6.76434, 37.250261], [-6.764345, 37.250351], [-6.764457, 37.250348], [-6.764466, 37.250527], [-6.764691, 37.25052], [-6.764682, 37.25034], [-6.76457, 37.250344], [-6.764565, 37.250254], [-6.76434, 37.250261]], [[-6.764799, 37.250427], [-6.764808, 37.250607], [-6.764921, 37.250603], [-6.764912, 37.250423], [-6.764799, 37.250427]], [[-6.764696, 37.25061], [-6.7647, 37.2507], [-6.764813, 37.250697], [-6.764808, 37.250607], [-6.764696, 37.25061]], [[-6.764588, 37.250704], [-6.764592, 37.250794], [-6.764705, 37.25079], [-6.7647, 37.2507], [-6.764588, 37.250704]], [[-6.764925, 37.250693], [-6.765038, 37.250689], [-6.765033, 37.250599], [-6.764921, 37.250603], [-6.764925, 37.250693]], [[-6.765285, 37.251132], [-6.76529, 37.251222], [-6.765402, 37.251218], [-6.765398, 37.251128], [-6.765285, 37.251132]], [[-6.76551, 37.251125], [-6.765506, 37.251035], [-6.765393, 37.251038], [-6.765398, 37.251128], [-6.76551, 37.251125]], [[-6.765609, 37.250851], [-6.765497, 37.250855], [-6.765501, 37.250945], [-6.765614, 37.250941], [-6.765609, 37.250851]]], [[[-6.763566, 37.250556], [-6.763561, 37.250466], [-6.763224, 37.250477], [-6.763219, 37.250387], [-6.76344, 37.25029], [-6.763444, 37.25038], [-6.76367, 37.250373], [-6.763791, 37.250549], [-6.763566, 37.250556]]]]}, "properties": {"id": "donana-2023-166000-4129360", "ha": 1.58, "plastic_dates": 3.2, "valid_dates": 8.0, "admin_zone": "Zona C", "plan_zone": "Zona C - No regable", "distance_to_irrigable_m": 16, "sigpac_ref": "21:50:0:0:31:23:114", "sigpac_use": "IV", "sigpac_irrigation_coef": 100, "sigpac_url": "https://sigpac-hubcloud.es/servicioconsultassigpac/query/recinfo/21/50/0/0/31/23/114.json", "declared_greenhouse_share": 1.0, "declared_irrigated_share": 1.0, "lon": -6.765503, "lat": 37.25099}}, {"type": "Feature", "geometry": {"type": "MultiPolygon", "coordinates": [[[[-6.728124, 37.24258], [-6.727899, 37.242587], [-6.727795, 37.24277], [-6.727683, 37.242774], [-6.727561, 37.242598], [-6.727336, 37.242605], [-6.727354, 37.242965], [-6.727242, 37.242968], [-6.727237, 37.242878], [-6.7269, 37.242889], [-6.726796, 37.243072], [-6.726684, 37.243076], [-6.726657, 37.242536], [-6.726882, 37.242529], [-6.726878, 37.242439], [-6.726765, 37.242443], [-6.726761, 37.242353], [-6.726981, 37.242256], [-6.726986, 37.242346], [-6.727098, 37.242342], [-6.727094, 37.242252], [-6.727206, 37.242248], [-6.727202, 37.242159], [-6.727089, 37.242162], [-6.727085, 37.242072], [-6.727197, 37.242069], [-6.727184, 37.241799], [-6.727409, 37.241792], [-6.727405, 37.241702], [-6.727855, 37.241688], [-6.72785, 37.241598], [-6.727963, 37.241594], [-6.727954, 37.241414], [-6.728174, 37.241317], [-6.728035, 37.240781], [-6.728148, 37.240777], [-6.728134, 37.240508], [-6.728359, 37.2405], [-6.728368, 37.24068], [-6.728256, 37.240684], [-6.728269, 37.240954], [-6.728157, 37.240957], [-6.728161, 37.241047], [-6.728274, 37.241044], [-6.728282, 37.241224], [-6.728395, 37.24122], [-6.728399, 37.24131], [-6.728287, 37.241314], [-6.728296, 37.241493], [-6.728183, 37.241497], [-6.728192, 37.241677], [-6.72808, 37.24168], [-6.728084, 37.24177], [-6.727859, 37.241777], [-6.727863, 37.241867], [-6.728201, 37.241857], [-6.728305, 37.241673], [-6.728417, 37.24167], [-6.728413, 37.24158], [-6.728525, 37.241576], [-6.728539, 37.241846], [-6.728426, 37.24185], [-6.72843, 37.24194], [-6.728543, 37.241936], [-6.728547, 37.242026], [-6.728318, 37.241943], [-6.728322, 37.242033], [-6.72821, 37.242037], [-6.728219, 37.242217], [-6.728106, 37.24222], [-6.728111, 37.24231], [-6.727998, 37.242314], [-6.728007, 37.242494], [-6.72812, 37.24249], [-6.728124, 37.24258]], [[-6.727782, 37.242501], [-6.72767, 37.242504], [-6.727674, 37.242594], [-6.727786, 37.242591], [-6.727782, 37.242501]], [[-6.727553, 37.242418], [-6.72744, 37.242421], [-6.727445, 37.242511], [-6.727557, 37.242508], [-6.727553, 37.242418]], [[-6.727323, 37.242335], [-6.727211, 37.242338], [-6.727215, 37.242428], [-6.727328, 37.242425], [-6.727323, 37.242335]]], [[[-6.72812, 37.24249], [-6.728111, 37.24231], [-6.728223, 37.242307], [-6.728232, 37.242486], [-6.72812, 37.24249]]], [[[-6.728457, 37.242479], [-6.728462, 37.242569], [-6.728237, 37.242576], [-6.728232, 37.242486], [-6.728457, 37.242479]]], [[[-6.726977, 37.242166], [-6.727089, 37.242162], [-6.727094, 37.242252], [-6.726981, 37.242256], [-6.726977, 37.242166]]]]}, "properties": {"id": "donana-2023-169330-4128210", "ha": 1.55, "plastic_dates": 4.9, "valid_dates": 8.7, "admin_zone": "Zona A", "plan_zone": "Zona A - Suelo Forestal", "distance_to_irrigable_m": 14, "sigpac_ref": "21:46:0:0:11:16:4", "sigpac_use": "IV", "sigpac_irrigation_coef": 38, "sigpac_url": "https://sigpac-hubcloud.es/servicioconsultassigpac/query/recinfo/21/46/0/0/11/16/4.json", "declared_greenhouse_share": 1.0, "declared_irrigated_share": 0.98, "lon": -6.727524, "lat": 37.241833}}, {"type": "Feature", "geometry": {"type": "Polygon", "coordinates": [[[-6.714942, 37.23804], [-6.714933, 37.23786], [-6.714821, 37.237863], [-6.714825, 37.237953], [-6.7146, 37.23796], [-6.714605, 37.23805], [-6.714492, 37.238054], [-6.714488, 37.237964], [-6.714038, 37.237978], [-6.714033, 37.237888], [-6.713358, 37.237909], [-6.713354, 37.237819], [-6.713466, 37.237816], [-6.713453, 37.237546], [-6.713566, 37.237543], [-6.713557, 37.237363], [-6.713669, 37.237359], [-6.713665, 37.237269], [-6.713777, 37.237266], [-6.713786, 37.237446], [-6.713899, 37.237442], [-6.713894, 37.237352], [-6.714232, 37.237341], [-6.714214, 37.236982], [-6.714102, 37.236985], [-6.714097, 37.236895], [-6.714322, 37.236888], [-6.714327, 37.236978], [-6.714552, 37.236971], [-6.714556, 37.237061], [-6.714668, 37.237057], [-6.714673, 37.237147], [-6.715127, 37.237223], [-6.715249, 37.2374], [-6.715586, 37.237389], [-6.715591, 37.237479], [-6.715703, 37.237475], [-6.715608, 37.237839], [-6.715496, 37.237842], [-6.715505, 37.238022], [-6.714942, 37.23804]], [[-6.715383, 37.237846], [-6.715271, 37.237849], [-6.715275, 37.237939], [-6.715388, 37.237936], [-6.715383, 37.237846]], [[-6.715154, 37.237763], [-6.715041, 37.237766], [-6.715046, 37.237856], [-6.715158, 37.237853], [-6.715154, 37.237763]], [[-6.714924, 37.23768], [-6.714812, 37.237684], [-6.714816, 37.237774], [-6.714929, 37.23777], [-6.714924, 37.23768]], [[-6.714695, 37.237597], [-6.714582, 37.237601], [-6.714587, 37.237691], [-6.714699, 37.237687], [-6.714695, 37.237597]], [[-6.714353, 37.237518], [-6.714241, 37.237521], [-6.714245, 37.237611], [-6.714357, 37.237608], [-6.714353, 37.237518]], [[-6.714124, 37.237435], [-6.714011, 37.237438], [-6.714016, 37.237528], [-6.714128, 37.237525], [-6.714124, 37.237435]]]}, "properties": {"id": "donana-2023-170430-4127680", "ha": 1.47, "plastic_dates": 3.7, "valid_dates": 8.8, "admin_zone": "Zona A", "plan_zone": "Zona A - Suelo Forestal", "distance_to_irrigable_m": 15, "sigpac_ref": "21:46:0:0:11:1:22", "sigpac_use": "IV", "sigpac_irrigation_coef": 0, "sigpac_url": "https://sigpac-hubcloud.es/servicioconsultassigpac/query/recinfo/21/46/0/0/11/1/22.json", "declared_greenhouse_share": 1.0, "declared_irrigated_share": 0.0, "lon": -6.714857, "lat": 37.237457}}, {"type": "Feature", "geometry": {"type": "MultiPolygon", "coordinates": [[[[-6.531953, 37.238151], [-6.532065, 37.238147], [-6.532061, 37.238057], [-6.531836, 37.238064], [-6.531823, 37.237794], [-6.531711, 37.237798], [-6.531694, 37.237438], [-6.531919, 37.237431], [-6.531915, 37.237341], [-6.532027, 37.237338], [-6.532006, 37.236888], [-6.531894, 37.236891], [-6.531898, 37.236981], [-6.53156, 37.236991], [-6.531552, 37.236811], [-6.531665, 37.236808], [-6.531669, 37.236898], [-6.532115, 37.236794], [-6.532119, 37.236884], [-6.532344, 37.236878], [-6.53234, 37.236788], [-6.532452, 37.236784], [-6.532461, 37.236964], [-6.532573, 37.236961], [-6.532569, 37.236871], [-6.532794, 37.236864], [-6.532915, 37.237041], [-6.533136, 37.236944], [-6.53314, 37.237034], [-6.533027, 37.237037], [-6.53304, 37.237307], [-6.532928, 37.237311], [-6.53294, 37.237581], [-6.532828, 37.237584], [-6.53284, 37.237854], [-6.532728, 37.237857], [-6.532736, 37.238037], [-6.532624, 37.238041], [-6.532628, 37.238131], [-6.532515, 37.238134], [-6.532524, 37.238314], [-6.532303, 37.238411], [-6.532315, 37.23868], [-6.532203, 37.238684], [-6.532207, 37.238774], [-6.531978, 37.238691], [-6.531953, 37.238151]], [[-6.532507, 37.237954], [-6.532394, 37.237957], [-6.532399, 37.238047], [-6.532511, 37.238044], [-6.532507, 37.237954]], [[-6.53204, 37.237608], [-6.531927, 37.237611], [-6.531932, 37.237701], [-6.532044, 37.237698], [-6.53204, 37.237608]], [[-6.532807, 37.237134], [-6.532694, 37.237138], [-6.532703, 37.237317], [-6.532365, 37.237328], [-6.532369, 37.237418], [-6.532819, 37.237404], [-6.532807, 37.237134]]], [[[-6.531982, 37.23878], [-6.53187, 37.238784], [-6.531865, 37.238694], [-6.531978, 37.238691], [-6.531982, 37.23878]]]]}, "properties": {"id": "donana-2023-186630-4127100", "ha": 1.47, "plastic_dates": 3.3, "valid_dates": 10.8, "admin_zone": "Zona C", "plan_zone": "Zona C - No regable", "distance_to_irrigable_m": 19, "sigpac_ref": "21:5:0:0:21:383:7", "sigpac_use": "IV", "sigpac_irrigation_coef": 0, "sigpac_url": "https://sigpac-hubcloud.es/servicioconsultassigpac/query/recinfo/21/5/0/0/21/383/7.json", "declared_greenhouse_share": 1.0, "declared_irrigated_share": 0.05, "lon": -6.532332, "lat": 37.237824}}, {"type": "Feature", "geometry": {"type": "Polygon", "coordinates": [[[-6.799241, 37.224911], [-6.799353, 37.224908], [-6.799362, 37.225088], [-6.79925, 37.225091], [-6.799259, 37.225271], [-6.799146, 37.225275], [-6.799155, 37.225455], [-6.799043, 37.225458], [-6.799052, 37.225638], [-6.798714, 37.225649], [-6.79871, 37.225559], [-6.798148, 37.225577], [-6.798134, 37.225307], [-6.798247, 37.225304], [-6.798237, 37.225124], [-6.79835, 37.22512], [-6.798228, 37.224944], [-6.798453, 37.224937], [-6.798444, 37.224757], [-6.798674, 37.22484], [-6.798665, 37.22466], [-6.798552, 37.224663], [-6.798656, 37.22448], [-6.798543, 37.224483], [-6.798525, 37.224124], [-6.79875, 37.224116], [-6.798741, 37.223937], [-6.799528, 37.223911], [-6.799537, 37.224091], [-6.799425, 37.224095], [-6.799452, 37.224634], [-6.79934, 37.224638], [-6.799349, 37.224818], [-6.799236, 37.224821], [-6.799241, 37.224911]], [[-6.799232, 37.224732], [-6.799119, 37.224735], [-6.799124, 37.224825], [-6.799236, 37.224821], [-6.799232, 37.224732]]]}, "properties": {"id": "donana-2023-162920-4126570", "ha": 1.46, "plastic_dates": 3.9, "valid_dates": 8.0, "admin_zone": "Zona A", "plan_zone": "Zona A - Suelo Forestal", "distance_to_irrigable_m": 17, "sigpac_ref": "21:50:0:0:33:30:13", "sigpac_use": "IV", "sigpac_irrigation_coef": 100, "sigpac_url": "https://sigpac-hubcloud.es/servicioconsultassigpac/query/recinfo/21/50/0/0/33/30/13.json", "declared_greenhouse_share": 1.0, "declared_irrigated_share": 1.0, "lon": -6.798897, "lat": 37.224787}}, {"type": "Feature", "geometry": {"type": "Polygon", "coordinates": [[[-6.771627, 37.294622], [-6.771622, 37.294532], [-6.771285, 37.294543], [-6.771289, 37.294633], [-6.771177, 37.294637], [-6.771172, 37.294547], [-6.770834, 37.294558], [-6.770821, 37.294288], [-6.770933, 37.294284], [-6.770929, 37.294194], [-6.770816, 37.294198], [-6.770798, 37.293838], [-6.770686, 37.293842], [-6.770668, 37.293482], [-6.77078, 37.293478], [-6.770758, 37.293029], [-6.770988, 37.293111], [-6.770979, 37.292931], [-6.771541, 37.292913], [-6.771546, 37.293003], [-6.771659, 37.293], [-6.771735, 37.294529], [-6.771848, 37.294525], [-6.771852, 37.294615], [-6.771627, 37.294622]], [[-6.771501, 37.294356], [-6.771388, 37.29436], [-6.771393, 37.29445], [-6.771505, 37.294446], [-6.771501, 37.294356]]]}, "properties": {"id": "donana-2023-165680-4134120", "ha": 1.45, "plastic_dates": 5.5, "valid_dates": 8.4, "admin_zone": "Zona C", "plan_zone": "Zona C - No regable", "distance_to_irrigable_m": 296, "sigpac_ref": "21:46:0:0:1:3:41", "sigpac_use": "IV", "sigpac_irrigation_coef": 0, "sigpac_url": "https://sigpac-hubcloud.es/servicioconsultassigpac/query/recinfo/21/46/0/0/1/3/41.json", "declared_greenhouse_share": 1.0, "declared_irrigated_share": 0.0, "lon": -6.771183, "lat": 37.293646}}, {"type": "Feature", "geometry": {"type": "MultiPolygon", "coordinates": [[[[-6.617406, 37.241334], [-6.617398, 37.241154], [-6.616718, 37.241085], [-6.616714, 37.240995], [-6.616935, 37.240898], [-6.61693, 37.240808], [-6.617155, 37.240801], [-6.617151, 37.240711], [-6.617601, 37.240697], [-6.617597, 37.240607], [-6.617709, 37.240604], [-6.61783, 37.24078], [-6.617943, 37.240777], [-6.617952, 37.240957], [-6.618064, 37.240953], [-6.618068, 37.241043], [-6.617843, 37.24105], [-6.617848, 37.24114], [-6.617735, 37.241144], [-6.617739, 37.241234], [-6.617964, 37.241227], [-6.617977, 37.241497], [-6.61809, 37.241493], [-6.618099, 37.241673], [-6.617878, 37.24177], [-6.617882, 37.24186], [-6.61777, 37.241863], [-6.617774, 37.241953], [-6.617549, 37.24196], [-6.617445, 37.242143], [-6.61722, 37.24215], [-6.617116, 37.242334], [-6.616778, 37.242344], [-6.61677, 37.242164], [-6.61654, 37.242081], [-6.616532, 37.241901], [-6.616302, 37.241818], [-6.616298, 37.241728], [-6.616411, 37.241725], [-6.616415, 37.241815], [-6.616753, 37.241804], [-6.616757, 37.241894], [-6.616869, 37.241891], [-6.616861, 37.241711], [-6.616973, 37.241707], [-6.616969, 37.241617], [-6.616856, 37.241621], [-6.616848, 37.241441], [-6.617077, 37.241524], [-6.617082, 37.241614], [-6.617307, 37.241607], [-6.617294, 37.241337], [-6.617406, 37.241334]], [[-6.616874, 37.241981], [-6.616761, 37.241984], [-6.616765, 37.242074], [-6.616878, 37.242071], [-6.616874, 37.241981]], [[-6.617757, 37.241593], [-6.617644, 37.241597], [-6.617648, 37.241687], [-6.617761, 37.241683], [-6.617757, 37.241593]]], [[[-6.617069, 37.241344], [-6.617064, 37.241254], [-6.617289, 37.241247], [-6.617294, 37.241337], [-6.617069, 37.241344]]]]}, "properties": {"id": "donana-2023-179080-4127790", "ha": 1.42, "plastic_dates": 4.3, "valid_dates": 9.5, "admin_zone": "Zona C", "plan_zone": "Zona C - No regable", "distance_to_irrigable_m": 19, "sigpac_ref": "21:5:0:0:40:28:47", "sigpac_use": "IV", "sigpac_irrigation_coef": 30, "sigpac_url": "https://sigpac-hubcloud.es/servicioconsultassigpac/query/recinfo/21/5/0/0/40/28/47.json", "declared_greenhouse_share": 0.99, "declared_irrigated_share": 1.0, "lon": -6.617638, "lat": 37.241462}}, {"type": "Feature", "geometry": {"type": "MultiPolygon", "coordinates": [[[[-6.711371, 37.270854], [-6.711258, 37.270858], [-6.711267, 37.271038], [-6.711154, 37.271041], [-6.711168, 37.271311], [-6.710942, 37.271318], [-6.710925, 37.270959], [-6.7107, 37.270966], [-6.710682, 37.270606], [-6.710569, 37.270609], [-6.710565, 37.270519], [-6.71079, 37.270512], [-6.710894, 37.270329], [-6.711006, 37.270325], [-6.710998, 37.270145], [-6.71111, 37.270142], [-6.711123, 37.270412], [-6.711348, 37.270405], [-6.71134, 37.270225], [-6.711677, 37.270214], [-6.711673, 37.270124], [-6.711223, 37.270138], [-6.711218, 37.270048], [-6.711443, 37.270041], [-6.711439, 37.269951], [-6.711664, 37.269944], [-6.711668, 37.270034], [-6.711781, 37.270031], [-6.711777, 37.269941], [-6.711889, 37.269937], [-6.711894, 37.270027], [-6.712006, 37.270024], [-6.712002, 37.269934], [-6.712339, 37.269923], [-6.712348, 37.270103], [-6.712236, 37.270107], [-6.71224, 37.270197], [-6.712353, 37.270193], [-6.71237, 37.270553], [-6.712258, 37.270556], [-6.712267, 37.270736], [-6.712154, 37.27074], [-6.712163, 37.27092], [-6.711825, 37.27093], [-6.71183, 37.27102], [-6.711604, 37.271027], [-6.711609, 37.271117], [-6.711384, 37.271124], [-6.711371, 37.270854]], [[-6.711011, 37.270415], [-6.710898, 37.270419], [-6.710903, 37.270509], [-6.711015, 37.270505], [-6.711011, 37.270415]], [[-6.71201, 37.270114], [-6.711898, 37.270117], [-6.711902, 37.270207], [-6.712015, 37.270204], [-6.71201, 37.270114]]], [[[-6.711388, 37.271214], [-6.711276, 37.271218], [-6.711271, 37.271128], [-6.711384, 37.271124], [-6.711388, 37.271214]]]]}, "properties": {"id": "donana-2023-170880-4131360", "ha": 1.4, "plastic_dates": 4.6, "valid_dates": 8.9, "admin_zone": "Zona A", "plan_zone": "Zona A - Suelo Forestal", "distance_to_irrigable_m": 21, "sigpac_ref": "21:46:0:0:9:68:2", "sigpac_use": "IV", "sigpac_irrigation_coef": 100, "sigpac_url": "https://sigpac-hubcloud.es/servicioconsultassigpac/query/recinfo/21/46/0/0/9/68/2.json", "declared_greenhouse_share": 1.0, "declared_irrigated_share": 1.0, "lon": -6.711474, "lat": 37.270671}}, {"type": "Feature", "geometry": {"type": "Polygon", "coordinates": [[[-6.717884, 37.233713], [-6.717322, 37.233731], [-6.717326, 37.233821], [-6.716867, 37.233655], [-6.716876, 37.233835], [-6.716539, 37.233846], [-6.716548, 37.234025], [-6.716435, 37.234029], [-6.716426, 37.233849], [-6.716314, 37.233853], [-6.716309, 37.233763], [-6.716534, 37.233756], [-6.716638, 37.233572], [-6.71675, 37.233569], [-6.716746, 37.233479], [-6.716971, 37.233472], [-6.716962, 37.233292], [-6.717183, 37.233195], [-6.717178, 37.233105], [-6.717516, 37.233094], [-6.717507, 37.232914], [-6.717728, 37.232817], [-6.717723, 37.232727], [-6.717948, 37.23272], [-6.717944, 37.23263], [-6.718056, 37.232627], [-6.718061, 37.232717], [-6.718286, 37.23271], [-6.718294, 37.232889], [-6.718744, 37.232875], [-6.718749, 37.232965], [-6.718974, 37.232958], [-6.718983, 37.233138], [-6.718762, 37.233235], [-6.718767, 37.233325], [-6.718542, 37.233332], [-6.718438, 37.233516], [-6.717988, 37.23353], [-6.717884, 37.233713]], [[-6.71752, 37.233184], [-6.717633, 37.233181], [-6.717628, 37.233091], [-6.717516, 37.233094], [-6.71752, 37.233184]], [[-6.718182, 37.232893], [-6.718186, 37.232983], [-6.718299, 37.232979], [-6.718294, 37.232889], [-6.718182, 37.232893]], [[-6.718303, 37.233069], [-6.718416, 37.233066], [-6.718411, 37.232976], [-6.718299, 37.232979], [-6.718303, 37.233069]], [[-6.717984, 37.23344], [-6.717871, 37.233443], [-6.717875, 37.233533], [-6.717988, 37.23353], [-6.717984, 37.23344]]]}, "properties": {"id": "donana-2023-170150-4127230", "ha": 1.4, "plastic_dates": 3.9, "valid_dates": 8.5, "admin_zone": "Zona A", "plan_zone": "Zona A - Suelo Forestal", "distance_to_irrigable_m": 112, "sigpac_ref": "21:46:0:0:11:20:3", "sigpac_use": "IV", "sigpac_irrigation_coef": 100, "sigpac_url": "https://sigpac-hubcloud.es/servicioconsultassigpac/query/recinfo/21/46/0/0/11/20/3.json", "declared_greenhouse_share": 1.0, "declared_irrigated_share": 1.0, "lon": -6.717864, "lat": 37.233308}}, {"type": "Feature", "geometry": {"type": "Polygon", "coordinates": [[[-6.528823, 37.156528], [-6.528818, 37.156438], [-6.528706, 37.156441], [-6.52871, 37.156531], [-6.528148, 37.156548], [-6.528252, 37.156365], [-6.52814, 37.156368], [-6.528115, 37.155828], [-6.528002, 37.155832], [-6.528032, 37.156461], [-6.527919, 37.156465], [-6.527923, 37.156555], [-6.527811, 37.156558], [-6.527915, 37.156375], [-6.527803, 37.156378], [-6.527798, 37.156288], [-6.527686, 37.156292], [-6.527694, 37.156472], [-6.527357, 37.156482], [-6.527332, 37.155942], [-6.527445, 37.155938], [-6.527436, 37.155758], [-6.528785, 37.155718], [-6.528802, 37.156078], [-6.528914, 37.156075], [-6.528897, 37.155715], [-6.529459, 37.155698], [-6.529485, 37.156238], [-6.529372, 37.156241], [-6.529381, 37.156421], [-6.529043, 37.156431], [-6.529047, 37.156521], [-6.528823, 37.156528]], [[-6.527565, 37.156115], [-6.527453, 37.156118], [-6.527461, 37.156298], [-6.527574, 37.156295], [-6.527565, 37.156115]], [[-6.52789, 37.155835], [-6.527778, 37.155838], [-6.527782, 37.155928], [-6.527894, 37.155925], [-6.52789, 37.155835]]]}, "properties": {"id": "donana-2023-186610-4118030", "ha": 1.38, "plastic_dates": 4.1, "valid_dates": 7.2, "admin_zone": "Zona B", "plan_zone": "Zona B - No regable", "distance_to_irrigable_m": 16, "sigpac_ref": "21:5:0:0:44:76:10", "sigpac_use": "IV", "sigpac_irrigation_coef": 0, "sigpac_url": "https://sigpac-hubcloud.es/servicioconsultassigpac/query/recinfo/21/5/0/0/44/76/10.json", "declared_greenhouse_share": 0.99, "declared_irrigated_share": 0.0, "lon": -6.528806, "lat": 37.156168}}, {"type": "Feature", "geometry": {"type": "MultiPolygon", "coordinates": [[[[-6.582195, 37.26637], [-6.582308, 37.266367], [-6.582325, 37.266727], [-6.582212, 37.26673], [-6.582221, 37.26691], [-6.58177, 37.266924], [-6.581649, 37.266747], [-6.581762, 37.266744], [-6.581758, 37.266654], [-6.581532, 37.266661], [-6.581537, 37.266751], [-6.581312, 37.266757], [-6.581416, 37.266574], [-6.58119, 37.266581], [-6.581195, 37.266671], [-6.581082, 37.266674], [-6.581074, 37.266494], [-6.581411, 37.266484], [-6.581398, 37.266214], [-6.581511, 37.266211], [-6.581503, 37.266031], [-6.581165, 37.266041], [-6.581161, 37.265951], [-6.580935, 37.265958], [-6.580931, 37.265868], [-6.581611, 37.265938], [-6.581615, 37.266028], [-6.581728, 37.266024], [-6.581723, 37.265934], [-6.581949, 37.265927], [-6.581844, 37.266111], [-6.58229, 37.266007], [-6.582186, 37.26619], [-6.582074, 37.266194], [-6.582078, 37.266284], [-6.582191, 37.26628], [-6.582195, 37.26637]], [[-6.581983, 37.266647], [-6.581978, 37.266557], [-6.581753, 37.266564], [-6.581758, 37.266654], [-6.581983, 37.266647]], [[-6.581749, 37.266474], [-6.581524, 37.266481], [-6.581528, 37.266571], [-6.581753, 37.266564], [-6.581749, 37.266474]], [[-6.582099, 37.266734], [-6.581874, 37.26674], [-6.581879, 37.26683], [-6.582104, 37.266824], [-6.582099, 37.266734]], [[-6.581732, 37.266114], [-6.581619, 37.266118], [-6.581624, 37.266207], [-6.581736, 37.266204], [-6.581732, 37.266114]]], [[[-6.582412, 37.266184], [-6.582407, 37.266094], [-6.58252, 37.26609], [-6.582528, 37.26627], [-6.582191, 37.26628], [-6.582186, 37.26619], [-6.582412, 37.266184]]], [[[-6.580472, 37.265702], [-6.580468, 37.265612], [-6.580581, 37.265608], [-6.580589, 37.265788], [-6.580814, 37.265782], [-6.58081, 37.265692], [-6.580698, 37.265695], [-6.58068, 37.265335], [-6.580793, 37.265332], [-6.580789, 37.265242], [-6.581126, 37.265232], [-6.581131, 37.265321], [-6.581018, 37.265325], [-6.581031, 37.265595], [-6.580918, 37.265598], [-6.580931, 37.265868], [-6.580481, 37.265882], [-6.580477, 37.265792], [-6.580252, 37.265799], [-6.580256, 37.265889], [-6.580143, 37.265892], [-6.580247, 37.265709], [-6.580472, 37.265702]]], [[[-6.580135, 37.265712], [-6.58013, 37.265622], [-6.580243, 37.265619], [-6.580247, 37.265709], [-6.580135, 37.265712]]], [[[-6.580056, 37.266435], [-6.58016, 37.266252], [-6.579935, 37.266259], [-6.579931, 37.266169], [-6.580385, 37.266245], [-6.580377, 37.266065], [-6.580264, 37.266068], [-6.58026, 37.265979], [-6.580481, 37.265882], [-6.580485, 37.265972], [-6.580935, 37.265958], [-6.580831, 37.266141], [-6.580719, 37.266145], [-6.580732, 37.266415], [-6.580957, 37.266408], [-6.580965, 37.266588], [-6.580402, 37.266605], [-6.580407, 37.266695], [-6.580294, 37.266698], [-6.580281, 37.266428], [-6.580056, 37.266435]], [[-6.580619, 37.266418], [-6.580623, 37.266508], [-6.580736, 37.266505], [-6.580732, 37.266415], [-6.580619, 37.266418]], [[-6.580394, 37.266425], [-6.58039, 37.266335], [-6.580277, 37.266338], [-6.580281, 37.266428], [-6.580394, 37.266425]]]]}, "properties": {"id": "donana-2023-182470-4130400", "ha": 1.37, "plastic_dates": 4.6, "valid_dates": 10.1, "admin_zone": "Zona C", "plan_zone": "Zona C - No regable", "distance_to_irrigable_m": 20, "sigpac_ref": "21:5:0:0:16:42:25", "sigpac_use": "IV", "sigpac_irrigation_coef": 31, "sigpac_url": "https://sigpac-hubcloud.es/servicioconsultassigpac/query/recinfo/21/5/0/0/16/42/25.json", "declared_greenhouse_share": 1.0, "declared_irrigated_share": 1.0, "lon": -6.580604, "lat": 37.266103}}, {"type": "Feature", "geometry": {"type": "Polygon", "coordinates": [[[-6.746162, 37.240478], [-6.746041, 37.240302], [-6.745816, 37.240309], [-6.745807, 37.240129], [-6.745582, 37.240136], [-6.745685, 37.239953], [-6.745915, 37.240036], [-6.745901, 37.239766], [-6.746014, 37.239762], [-6.746005, 37.239582], [-6.746342, 37.239572], [-6.746338, 37.239482], [-6.746563, 37.239475], [-6.746559, 37.239385], [-6.747009, 37.23937], [-6.747013, 37.23946], [-6.747238, 37.239453], [-6.747242, 37.239543], [-6.747355, 37.23954], [-6.747359, 37.23963], [-6.747472, 37.239626], [-6.747467, 37.239536], [-6.747692, 37.239529], [-6.747697, 37.239619], [-6.747922, 37.239612], [-6.747935, 37.239882], [-6.74771, 37.239889], [-6.747607, 37.240072], [-6.746819, 37.240097], [-6.746824, 37.240187], [-6.746599, 37.240194], [-6.746495, 37.240378], [-6.746383, 37.240381], [-6.746387, 37.240471], [-6.746162, 37.240478]], [[-6.74614, 37.240029], [-6.746027, 37.240032], [-6.746032, 37.240122], [-6.746144, 37.240119], [-6.74614, 37.240029]], [[-6.746234, 37.239665], [-6.746122, 37.239669], [-6.746126, 37.239759], [-6.746239, 37.239755], [-6.746234, 37.239665]]]}, "properties": {"id": "donana-2023-167610-4128070", "ha": 1.34, "plastic_dates": 4.2, "valid_dates": 8.0, "admin_zone": "Zona C", "plan_zone": "Zona C - No regable", "distance_to_irrigable_m": 17, "sigpac_ref": "21:46:0:0:16:5:10", "sigpac_use": "IV", "sigpac_irrigation_coef": 0, "sigpac_url": "https://sigpac-hubcloud.es/servicioconsultassigpac/query/recinfo/21/46/0/0/16/5/10.json", "declared_greenhouse_share": 1.0, "declared_irrigated_share": 0.0, "lon": -6.746813, "lat": 37.239962}}, {"type": "Feature", "geometry": {"type": "MultiPolygon", "coordinates": [[[[-6.704942, 37.279975], [-6.705063, 37.280151], [-6.705401, 37.280141], [-6.705392, 37.279961], [-6.705505, 37.279957], [-6.705626, 37.280134], [-6.705739, 37.28013], [-6.705743, 37.28022], [-6.705856, 37.280217], [-6.70586, 37.280307], [-6.705973, 37.280303], [-6.705977, 37.280393], [-6.706202, 37.280386], [-6.706215, 37.280656], [-6.705995, 37.280753], [-6.705999, 37.280843], [-6.705886, 37.280846], [-6.705878, 37.280666], [-6.70599, 37.280663], [-6.705986, 37.280573], [-6.705761, 37.28058], [-6.705765, 37.28067], [-6.705652, 37.280673], [-6.705648, 37.280583], [-6.705423, 37.280591], [-6.705414, 37.280411], [-6.705189, 37.280418], [-6.70518, 37.280238], [-6.704955, 37.280245], [-6.704834, 37.280068], [-6.704721, 37.280072], [-6.704717, 37.279982], [-6.704942, 37.279975]]], [[[-6.704491, 37.279989], [-6.704388, 37.280173], [-6.704275, 37.280176], [-6.70428, 37.280266], [-6.704167, 37.28027], [-6.704171, 37.280359], [-6.704059, 37.280363], [-6.704068, 37.280543], [-6.703847, 37.28064], [-6.703851, 37.28073], [-6.703739, 37.280733], [-6.703743, 37.280823], [-6.703631, 37.280827], [-6.7036, 37.280197], [-6.703712, 37.280194], [-6.703708, 37.280104], [-6.70337, 37.280114], [-6.703344, 37.279575], [-6.703573, 37.279658], [-6.703578, 37.279747], [-6.70369, 37.279744], [-6.703695, 37.279834], [-6.703807, 37.27983], [-6.703812, 37.27992], [-6.703924, 37.279917], [-6.704028, 37.279733], [-6.704141, 37.27973], [-6.704132, 37.27955], [-6.704244, 37.279546], [-6.70424, 37.279456], [-6.704352, 37.279453], [-6.704361, 37.279633], [-6.704474, 37.279629], [-6.704465, 37.279449], [-6.704578, 37.279446], [-6.704699, 37.279622], [-6.704924, 37.279615], [-6.704928, 37.279705], [-6.704591, 37.279716], [-6.704595, 37.279806], [-6.704708, 37.279802], [-6.704717, 37.279982], [-6.704491, 37.279989]], [[-6.703582, 37.279837], [-6.70347, 37.279841], [-6.703478, 37.280021], [-6.703591, 37.280017], [-6.703582, 37.279837]]]]}, "properties": {"id": "donana-2023-171460-4132390", "ha": 1.33, "plastic_dates": 2.9, "valid_dates": 9.0, "admin_zone": "Zona C", "plan_zone": "Zona C - No regable", "distance_to_irrigable_m": 15, "sigpac_ref": "21:46:0:0:9:21:2", "sigpac_use": "IV", "sigpac_irrigation_coef": 0, "sigpac_url": "https://sigpac-hubcloud.es/servicioconsultassigpac/query/recinfo/21/46/0/0/9/21/2.json", "declared_greenhouse_share": 1.0, "declared_irrigated_share": 0.2, "lon": -6.705347, "lat": 37.280188}}, {"type": "Feature", "geometry": {"type": "Polygon", "coordinates": [[[-6.781681, 37.240969], [-6.781685, 37.241059], [-6.781573, 37.241063], [-6.781676, 37.240879], [-6.781564, 37.240883], [-6.781546, 37.240523], [-6.781771, 37.240516], [-6.781762, 37.240336], [-6.781987, 37.240329], [-6.781978, 37.240149], [-6.782203, 37.240142], [-6.782081, 37.239966], [-6.782194, 37.239962], [-6.782189, 37.239872], [-6.782414, 37.239865], [-6.782518, 37.239681], [-6.782743, 37.239674], [-6.782747, 37.239764], [-6.782972, 37.239757], [-6.782977, 37.239847], [-6.783089, 37.239843], [-6.783098, 37.240023], [-6.782986, 37.240027], [-6.782995, 37.240207], [-6.782882, 37.24021], [-6.782891, 37.24039], [-6.782671, 37.240487], [-6.782698, 37.241027], [-6.782477, 37.241124], [-6.782482, 37.241214], [-6.782369, 37.241218], [-6.782374, 37.241308], [-6.782261, 37.241311], [-6.782266, 37.241401], [-6.782041, 37.241408], [-6.782032, 37.241228], [-6.781807, 37.241236], [-6.781793, 37.240966], [-6.781681, 37.240969]], [[-6.781906, 37.240962], [-6.781901, 37.240872], [-6.781789, 37.240876], [-6.781793, 37.240966], [-6.781906, 37.240962]], [[-6.78191, 37.241052], [-6.782023, 37.241048], [-6.782018, 37.240959], [-6.781906, 37.240962], [-6.78191, 37.241052]], [[-6.782014, 37.240869], [-6.782009, 37.240779], [-6.781897, 37.240782], [-6.781901, 37.240872], [-6.782014, 37.240869]], [[-6.782122, 37.240775], [-6.782117, 37.240685], [-6.782005, 37.240689], [-6.782009, 37.240779], [-6.782122, 37.240775]], [[-6.782126, 37.240865], [-6.782239, 37.240861], [-6.782234, 37.240771], [-6.782122, 37.240775], [-6.782126, 37.240865]], [[-6.78223, 37.240682], [-6.782225, 37.240592], [-6.782113, 37.240595], [-6.782117, 37.240685], [-6.78223, 37.240682]], [[-6.782338, 37.240588], [-6.782333, 37.240498], [-6.782221, 37.240502], [-6.782225, 37.240592], [-6.782338, 37.240588]], [[-6.782108, 37.240505], [-6.781996, 37.240509], [-6.782, 37.240599], [-6.782113, 37.240595], [-6.782108, 37.240505]], [[-6.781892, 37.240692], [-6.78178, 37.240696], [-6.781784, 37.240786], [-6.781897, 37.240782], [-6.781892, 37.240692]], [[-6.78277, 37.240214], [-6.782657, 37.240217], [-6.782662, 37.240307], [-6.782774, 37.240304], [-6.78277, 37.240214]]]}, "properties": {"id": "donana-2023-164510-4128260", "ha": 1.33, "plastic_dates": 4.6, "valid_dates": 8.0, "admin_zone": "Zona A", "plan_zone": "Zona A - Suelo Forestal", "distance_to_irrigable_m": 15, "sigpac_ref": "21:50:0:0:27:16:1", "sigpac_use": "IV", "sigpac_irrigation_coef": 100, "sigpac_url": "https://sigpac-hubcloud.es/servicioconsultassigpac/query/recinfo/21/50/0/0/27/16/1.json", "declared_greenhouse_share": 1.0, "declared_irrigated_share": 1.0, "lon": -6.781773, "lat": 37.240561}}, {"type": "Feature", "geometry": {"type": "Polygon", "coordinates": [[[-6.785568, 37.284808], [-6.785563, 37.284718], [-6.785451, 37.284721], [-6.785455, 37.284811], [-6.784892, 37.284829], [-6.784879, 37.284559], [-6.784991, 37.284556], [-6.784973, 37.284196], [-6.785086, 37.284192], [-6.785077, 37.284013], [-6.784964, 37.284016], [-6.784969, 37.284106], [-6.784406, 37.284124], [-6.784402, 37.284034], [-6.784289, 37.284038], [-6.784384, 37.283674], [-6.784604, 37.283577], [-6.7846, 37.283487], [-6.784712, 37.283484], [-6.784708, 37.283394], [-6.785617, 37.283545], [-6.785514, 37.283728], [-6.785626, 37.283725], [-6.785649, 37.284174], [-6.785761, 37.284171], [-6.785779, 37.284531], [-6.785892, 37.284527], [-6.785906, 37.284797], [-6.785568, 37.284808]], [[-6.785658, 37.284354], [-6.785545, 37.284358], [-6.785554, 37.284538], [-6.785667, 37.284534], [-6.785658, 37.284354]], [[-6.785167, 37.283559], [-6.785054, 37.283563], [-6.785068, 37.283833], [-6.785181, 37.283829], [-6.785167, 37.283559]]]}, "properties": {"id": "donana-2023-164380-4133110", "ha": 1.28, "plastic_dates": 4.1, "valid_dates": 8.2, "admin_zone": "Zona A", "plan_zone": "Zona A - Suelo Forestal", "distance_to_irrigable_m": 18, "sigpac_ref": "21:50:0:0:10:75:4", "sigpac_use": "IV", "sigpac_irrigation_coef": 100, "sigpac_url": "https://sigpac-hubcloud.es/servicioconsultassigpac/query/recinfo/21/50/0/0/10/75/4.json", "declared_greenhouse_share": 1.0, "declared_irrigated_share": 1.0, "lon": -6.785365, "lat": 37.284138}}, {"type": "Feature", "geometry": {"type": "Polygon", "coordinates": [[[-6.586881, 37.236858], [-6.587219, 37.236848], [-6.587323, 37.236664], [-6.58766, 37.236654], [-6.587656, 37.236564], [-6.587768, 37.236561], [-6.587802, 37.237281], [-6.587915, 37.237277], [-6.587928, 37.237547], [-6.58804, 37.237544], [-6.588057, 37.237903], [-6.58817, 37.2379], [-6.588183, 37.23817], [-6.58807, 37.238173], [-6.588074, 37.238263], [-6.587512, 37.23828], [-6.587516, 37.23837], [-6.587404, 37.238374], [-6.587391, 37.238104], [-6.587278, 37.238107], [-6.587265, 37.237837], [-6.587153, 37.237841], [-6.587257, 37.237657], [-6.587032, 37.237664], [-6.587023, 37.237484], [-6.586794, 37.237401], [-6.586786, 37.237221], [-6.58656, 37.237228], [-6.586552, 37.237048], [-6.586664, 37.237045], [-6.58666, 37.236955], [-6.586885, 37.236948], [-6.586881, 37.236858]], [[-6.586781, 37.237131], [-6.587006, 37.237124], [-6.587011, 37.237214], [-6.586898, 37.237218], [-6.586907, 37.237398], [-6.587136, 37.237481], [-6.58724, 37.237298], [-6.587577, 37.237287], [-6.587573, 37.237197], [-6.587461, 37.237201], [-6.587456, 37.237111], [-6.587119, 37.237121], [-6.58711, 37.236941], [-6.586885, 37.236948], [-6.586781, 37.237131]], [[-6.587664, 37.236744], [-6.587552, 37.236748], [-6.587556, 37.236838], [-6.587669, 37.236834], [-6.587664, 37.236744]]]}, "properties": {"id": "donana-2023-181740-4127250", "ha": 1.27, "plastic_dates": 5.0, "valid_dates": 7.6, "admin_zone": "Zona C", "plan_zone": "Zona C - No regable", "distance_to_irrigable_m": 20, "sigpac_ref": "21:5:0:0:42:25:35", "sigpac_use": "IV", "sigpac_irrigation_coef": 0, "sigpac_url": "https://sigpac-hubcloud.es/servicioconsultassigpac/query/recinfo/21/5/0/0/42/25/35.json", "declared_greenhouse_share": 1.0, "declared_irrigated_share": 0.0, "lon": -6.587476, "lat": 37.237516}}, {"type": "Feature", "geometry": {"type": "MultiPolygon", "coordinates": [[[[-6.594655, 37.248694], [-6.594543, 37.248698], [-6.594547, 37.248788], [-6.594322, 37.248795], [-6.594326, 37.248885], [-6.594097, 37.248801], [-6.594088, 37.248622], [-6.593976, 37.248625], [-6.593967, 37.248445], [-6.593855, 37.248448], [-6.593851, 37.248358], [-6.593513, 37.248369], [-6.593509, 37.248279], [-6.593621, 37.248275], [-6.593608, 37.248005], [-6.593833, 37.247999], [-6.593838, 37.248089], [-6.594063, 37.248082], [-6.594305, 37.248435], [-6.59453, 37.248428], [-6.594534, 37.248518], [-6.594647, 37.248514], [-6.594655, 37.248694]], [[-6.594426, 37.248611], [-6.594313, 37.248615], [-6.594318, 37.248705], [-6.59443, 37.248701], [-6.594426, 37.248611]], [[-6.594067, 37.248172], [-6.593842, 37.248179], [-6.593963, 37.248355], [-6.594076, 37.248352], [-6.594067, 37.248172]]], [[[-6.594821, 37.247428], [-6.595158, 37.247418], [-6.595162, 37.247508], [-6.595275, 37.247504], [-6.595284, 37.247684], [-6.595513, 37.247767], [-6.595539, 37.248307], [-6.595093, 37.248411], [-6.595097, 37.248501], [-6.594872, 37.248508], [-6.594876, 37.248598], [-6.594647, 37.248514], [-6.594643, 37.248425], [-6.59453, 37.248428], [-6.594526, 37.248338], [-6.594413, 37.248341], [-6.594405, 37.248161], [-6.594517, 37.248158], [-6.594513, 37.248068], [-6.594284, 37.247985], [-6.594275, 37.247805], [-6.5945, 37.247798], [-6.594492, 37.247618], [-6.594604, 37.247615], [-6.594725, 37.247791], [-6.594838, 37.247788], [-6.594821, 37.247428]], [[-6.594521, 37.248248], [-6.594634, 37.248245], [-6.59463, 37.248155], [-6.594517, 37.248158], [-6.594521, 37.248248]], [[-6.594638, 37.248335], [-6.594751, 37.248331], [-6.594747, 37.248241], [-6.594634, 37.248245], [-6.594638, 37.248335]], [[-6.594842, 37.247878], [-6.595067, 37.247871], [-6.595063, 37.247781], [-6.594838, 37.247788], [-6.594842, 37.247878]], [[-6.595301, 37.248044], [-6.595188, 37.248048], [-6.595192, 37.248138], [-6.595305, 37.248134], [-6.595301, 37.248044]], [[-6.594959, 37.247964], [-6.594734, 37.247971], [-6.594742, 37.248151], [-6.594855, 37.248148], [-6.594959, 37.247964]]], [[[-6.594288, 37.248075], [-6.594175, 37.248078], [-6.594171, 37.247988], [-6.594284, 37.247985], [-6.594288, 37.248075]]], [[[-6.593496, 37.248009], [-6.593492, 37.247919], [-6.593604, 37.247916], [-6.593608, 37.248005], [-6.593496, 37.248009]]]]}, "properties": {"id": "donana-2023-181110-4128460", "ha": 1.24, "plastic_dates": 3.7, "valid_dates": 9.5, "admin_zone": "Zona C", "plan_zone": "Zona C - No regable", "distance_to_irrigable_m": 19, "sigpac_ref": "21:5:0:0:37:13:35", "sigpac_use": "IV", "sigpac_irrigation_coef": 25, "sigpac_url": "https://sigpac-hubcloud.es/servicioconsultassigpac/query/recinfo/21/5/0/0/37/13/35.json", "declared_greenhouse_share": 1.0, "declared_irrigated_share": 1.0, "lon": -6.595082, "lat": 37.248186}}, {"type": "Feature", "geometry": {"type": "MultiPolygon", "coordinates": [[[[-6.781641, 37.224394], [-6.781416, 37.224402], [-6.78142, 37.224492], [-6.781533, 37.224488], [-6.781542, 37.224668], [-6.781654, 37.224664], [-6.781663, 37.224844], [-6.781883, 37.224747], [-6.781892, 37.224927], [-6.781672, 37.225024], [-6.781677, 37.225114], [-6.781452, 37.225121], [-6.781348, 37.225305], [-6.781119, 37.225222], [-6.781123, 37.225312], [-6.780898, 37.225319], [-6.780903, 37.225409], [-6.780565, 37.22542], [-6.78057, 37.22551], [-6.780345, 37.225517], [-6.780349, 37.225607], [-6.780237, 37.22561], [-6.780228, 37.225431], [-6.780115, 37.225434], [-6.780201, 37.224891], [-6.780426, 37.224884], [-6.78043, 37.224974], [-6.780543, 37.22497], [-6.780538, 37.22488], [-6.780763, 37.224873], [-6.780867, 37.224689], [-6.780979, 37.224686], [-6.780975, 37.224596], [-6.7812, 37.224589], [-6.781195, 37.224499], [-6.781308, 37.224495], [-6.781299, 37.224315], [-6.781519, 37.224218], [-6.781524, 37.224308], [-6.781636, 37.224305], [-6.781641, 37.224394]], [[-6.780318, 37.224977], [-6.780322, 37.225067], [-6.780435, 37.225064], [-6.78043, 37.224974], [-6.780318, 37.224977]], [[-6.780768, 37.224963], [-6.78088, 37.224959], [-6.780876, 37.224869], [-6.780763, 37.224873], [-6.780768, 37.224963]]], [[[-6.781515, 37.224128], [-6.78174, 37.224121], [-6.781843, 37.223938], [-6.781955, 37.223934], [-6.781951, 37.223844], [-6.782063, 37.22384], [-6.782059, 37.22375], [-6.782284, 37.223743], [-6.782297, 37.224013], [-6.782077, 37.22411], [-6.782086, 37.22429], [-6.781973, 37.224294], [-6.781978, 37.224384], [-6.781865, 37.224387], [-6.781861, 37.224297], [-6.781636, 37.224305], [-6.781632, 37.224215], [-6.781519, 37.224218], [-6.781515, 37.224128]]]]}, "properties": {"id": "donana-2023-164480-4126500", "ha": 1.24, "plastic_dates": 2.4, "valid_dates": 8.0, "admin_zone": "Zona A", "plan_zone": "Zona A - Suelo Forestal", "distance_to_irrigable_m": 16, "sigpac_ref": "21:50:0:0:32:53:66", "sigpac_use": "IV", "sigpac_irrigation_coef": 100, "sigpac_url": "https://sigpac-hubcloud.es/servicioconsultassigpac/query/recinfo/21/50/0/0/32/53/66.json", "declared_greenhouse_share": 1.0, "declared_irrigated_share": 1.0, "lon": -6.781263, "lat": 37.224722}}, {"type": "Feature", "geometry": {"type": "MultiPolygon", "coordinates": [[[[-6.771235, 37.291302], [-6.771348, 37.291298], [-6.771339, 37.291118], [-6.771452, 37.291115], [-6.771474, 37.291564], [-6.771812, 37.291554], [-6.771816, 37.291643], [-6.770353, 37.29169], [-6.770348, 37.2916], [-6.770461, 37.291597], [-6.770452, 37.291417], [-6.770339, 37.29142], [-6.770335, 37.29133], [-6.77056, 37.291323], [-6.770546, 37.291053], [-6.770434, 37.291057], [-6.770443, 37.291237], [-6.77033, 37.29124], [-6.770326, 37.291151], [-6.770213, 37.291154], [-6.770204, 37.290974], [-6.769984, 37.291071], [-6.769979, 37.290981], [-6.769641, 37.290992], [-6.769637, 37.290902], [-6.770425, 37.290877], [-6.770416, 37.290697], [-6.770641, 37.29069], [-6.770637, 37.2906], [-6.771199, 37.290582], [-6.771235, 37.291302]]], [[[-6.771195, 37.290492], [-6.771307, 37.290489], [-6.771429, 37.290665], [-6.771199, 37.290582], [-6.771195, 37.290492]]], [[[-6.770236, 37.291604], [-6.77024, 37.291694], [-6.770015, 37.291701], [-6.770002, 37.291431], [-6.769772, 37.291348], [-6.769767, 37.291258], [-6.770105, 37.291248], [-6.770119, 37.291517], [-6.770344, 37.29151], [-6.770348, 37.2916], [-6.770236, 37.291604]]]]}, "properties": {"id": "donana-2023-165700-4133830", "ha": 1.2, "plastic_dates": 3.8, "valid_dates": 5.4, "admin_zone": "Zona C", "plan_zone": "Zona C - No regable", "distance_to_irrigable_m": 205, "sigpac_ref": "21:46:0:0:20:5:7", "sigpac_use": "IV", "sigpac_irrigation_coef": 100, "sigpac_url": "https://sigpac-hubcloud.es/servicioconsultassigpac/query/recinfo/21/46/0/0/20/5/7.json", "declared_greenhouse_share": 0.98, "declared_irrigated_share": 0.98, "lon": -6.770886, "lat": 37.291088}}, {"type": "Feature", "geometry": {"type": "Polygon", "coordinates": [[[-6.707601, 37.276738], [-6.70761, 37.276918], [-6.707498, 37.276922], [-6.707502, 37.277012], [-6.707615, 37.277008], [-6.707623, 37.277188], [-6.707736, 37.277185], [-6.707745, 37.277365], [-6.707857, 37.277361], [-6.707866, 37.277541], [-6.707979, 37.277537], [-6.707983, 37.277627], [-6.707645, 37.277638], [-6.707524, 37.277462], [-6.707412, 37.277465], [-6.707407, 37.277375], [-6.706844, 37.277393], [-6.706723, 37.277216], [-6.70661, 37.27722], [-6.706597, 37.27695], [-6.706484, 37.276954], [-6.706476, 37.276774], [-6.706363, 37.276777], [-6.706467, 37.276594], [-6.706579, 37.27659], [-6.706575, 37.2765], [-6.706688, 37.276497], [-6.706683, 37.276407], [-6.706796, 37.276403], [-6.706791, 37.276313], [-6.707016, 37.276306], [-6.70712, 37.276123], [-6.707233, 37.276119], [-6.707228, 37.276029], [-6.707458, 37.276112], [-6.707489, 37.276742], [-6.707601, 37.276738]], [[-6.707376, 37.276746], [-6.707381, 37.276835], [-6.707493, 37.276832], [-6.707489, 37.276742], [-6.707376, 37.276746]], [[-6.707367, 37.276566], [-6.707255, 37.276569], [-6.707259, 37.276659], [-6.707372, 37.276656], [-6.707367, 37.276566]]]}, "properties": {"id": "donana-2023-171300-4132030", "ha": 1.19, "plastic_dates": 6.1, "valid_dates": 8.8, "admin_zone": "Zona C", "plan_zone": "Zona C - No regable", "distance_to_irrigable_m": 11, "sigpac_ref": "21:46:0:0:9:29:45", "sigpac_use": "IV", "sigpac_irrigation_coef": 0, "sigpac_url": "https://sigpac-hubcloud.es/servicioconsultassigpac/query/recinfo/21/46/0/0/9/29/45.json", "declared_greenhouse_share": 0.98, "declared_irrigated_share": 0.0, "lon": -6.707045, "lat": 37.276891}}, {"type": "Feature", "geometry": {"type": "Polygon", "coordinates": [[[-6.639884, 37.240104], [-6.63988, 37.240014], [-6.639767, 37.240017], [-6.639759, 37.239837], [-6.639529, 37.239754], [-6.639525, 37.239664], [-6.639412, 37.239668], [-6.639404, 37.239488], [-6.639291, 37.239491], [-6.639278, 37.239221], [-6.639166, 37.239225], [-6.639157, 37.239045], [-6.639045, 37.239048], [-6.639023, 37.238599], [-6.63891, 37.238602], [-6.638906, 37.238512], [-6.639127, 37.238415], [-6.639122, 37.238325], [-6.639347, 37.238318], [-6.639343, 37.238228], [-6.639456, 37.238225], [-6.639473, 37.238585], [-6.639586, 37.238581], [-6.639594, 37.238761], [-6.639707, 37.238758], [-6.639715, 37.238938], [-6.639828, 37.238934], [-6.639837, 37.239114], [-6.639949, 37.239111], [-6.639958, 37.23929], [-6.64007, 37.239287], [-6.640079, 37.239467], [-6.640191, 37.239463], [-6.6402, 37.239643], [-6.640313, 37.23964], [-6.640321, 37.23982], [-6.640434, 37.239816], [-6.640447, 37.240086], [-6.640109, 37.240097], [-6.640114, 37.240187], [-6.639884, 37.240104]], [[-6.640213, 37.239913], [-6.639988, 37.23992], [-6.639992, 37.24001], [-6.640217, 37.240003], [-6.640213, 37.239913]]]}, "properties": {"id": "donana-2023-177120-4127620", "ha": 1.18, "plastic_dates": 3.0, "valid_dates": 9.5, "admin_zone": "Zona C", "plan_zone": "Zona C - No regable", "distance_to_irrigable_m": 18, "sigpac_ref": "21:5:0:0:40:3:13", "sigpac_use": "IV", "sigpac_irrigation_coef": 0, "sigpac_url": "https://sigpac-hubcloud.es/servicioconsultassigpac/query/recinfo/21/5/0/0/40/3/13.json", "declared_greenhouse_share": 1.0, "declared_irrigated_share": 0.0, "lon": -6.639618, "lat": 37.239256}}, {"type": "Feature", "geometry": {"type": "Polygon", "coordinates": [[[-6.798279, 37.250617], [-6.798729, 37.250603], [-6.798738, 37.250783], [-6.798851, 37.250779], [-6.798869, 37.251139], [-6.798981, 37.251135], [-6.798986, 37.251225], [-6.799886, 37.251196], [-6.799913, 37.251736], [-6.799575, 37.251747], [-6.799697, 37.251923], [-6.799585, 37.251927], [-6.79958, 37.251837], [-6.799355, 37.251844], [-6.799337, 37.251484], [-6.799224, 37.251488], [-6.79922, 37.251398], [-6.799107, 37.251401], [-6.799125, 37.251761], [-6.799013, 37.251765], [-6.799017, 37.251855], [-6.799242, 37.251847], [-6.799247, 37.251937], [-6.798909, 37.251948], [-6.798891, 37.251588], [-6.798779, 37.251592], [-6.798684, 37.251955], [-6.798914, 37.252038], [-6.798918, 37.252128], [-6.798689, 37.252045], [-6.798693, 37.252135], [-6.798581, 37.252139], [-6.798554, 37.251599], [-6.798324, 37.251517], [-6.798306, 37.251157], [-6.798194, 37.25116], [-6.798171, 37.250711], [-6.798284, 37.250707], [-6.798279, 37.250617]], [[-6.798293, 37.250887], [-6.798405, 37.250883], [-6.798509, 37.2507], [-6.798284, 37.250707], [-6.798293, 37.250887]], [[-6.799787, 37.25147], [-6.799674, 37.251473], [-6.799683, 37.251653], [-6.799796, 37.25165], [-6.799787, 37.25147]]]}, "properties": {"id": "donana-2023-163020-4129520", "ha": 1.17, "plastic_dates": 3.2, "valid_dates": 8.8, "admin_zone": "Zona A", "plan_zone": "Zona A - Suelo Forestal", "distance_to_irrigable_m": 76, "sigpac_ref": "21:50:0:0:27:2:15", "sigpac_use": "IV", "sigpac_irrigation_coef": 100, "sigpac_url": "https://sigpac-hubcloud.es/servicioconsultassigpac/query/recinfo/21/50/0/0/27/2/15.json", "declared_greenhouse_share": 1.0, "declared_irrigated_share": 1.0, "lon": -6.799103, "lat": 37.251311}}, {"type": "Feature", "geometry": {"type": "Polygon", "coordinates": [[[-6.721145, 37.258746], [-6.721257, 37.258742], [-6.721248, 37.258562], [-6.721811, 37.258544], [-6.721933, 37.258721], [-6.722158, 37.258714], [-6.722162, 37.258804], [-6.7225, 37.258793], [-6.722508, 37.258973], [-6.722959, 37.258959], [-6.722963, 37.259049], [-6.723076, 37.259045], [-6.72308, 37.259135], [-6.722855, 37.259142], [-6.722751, 37.259326], [-6.722639, 37.259329], [-6.722648, 37.259509], [-6.722189, 37.259343], [-6.72218, 37.259163], [-6.722067, 37.259167], [-6.722072, 37.259257], [-6.721847, 37.259264], [-6.721851, 37.259354], [-6.721171, 37.259285], [-6.721176, 37.259375], [-6.720951, 37.259382], [-6.720946, 37.259292], [-6.720609, 37.259303], [-6.720604, 37.259213], [-6.720379, 37.25922], [-6.720375, 37.25913], [-6.720829, 37.259206], [-6.720825, 37.259116], [-6.720937, 37.259112], [-6.720924, 37.258843], [-6.721149, 37.258835], [-6.721145, 37.258746]], [[-6.722063, 37.259077], [-6.72195, 37.259081], [-6.721955, 37.25917], [-6.722067, 37.259167], [-6.722063, 37.259077]], [[-6.721154, 37.258925], [-6.721266, 37.258922], [-6.721262, 37.258832], [-6.721149, 37.258835], [-6.721154, 37.258925]], [[-6.721833, 37.258994], [-6.721721, 37.258998], [-6.721725, 37.259088], [-6.721838, 37.259084], [-6.721833, 37.258994]], [[-6.721599, 37.258821], [-6.721379, 37.258918], [-6.721383, 37.259008], [-6.721608, 37.259001], [-6.721599, 37.258821]]]}, "properties": {"id": "donana-2023-169860-4130100", "ha": 1.15, "plastic_dates": 5.3, "valid_dates": 7.9, "admin_zone": "Zona C", "plan_zone": "Zona C - No regable", "distance_to_irrigable_m": 77, "sigpac_ref": "21:46:0:0:10:65:26", "sigpac_use": "IV", "sigpac_irrigation_coef": 100, "sigpac_url": "https://sigpac-hubcloud.es/servicioconsultassigpac/query/recinfo/21/46/0/0/10/65/26.json", "declared_greenhouse_share": 1.0, "declared_irrigated_share": 0.7, "lon": -6.722398, "lat": 37.259021}}, {"type": "Feature", "geometry": {"type": "Polygon", "coordinates": [[[-6.675228, 37.304146], [-6.675106, 37.303969], [-6.674994, 37.303973], [-6.67498, 37.303703], [-6.674751, 37.30362], [-6.674746, 37.30353], [-6.674634, 37.303534], [-6.674625, 37.303354], [-6.674513, 37.303357], [-6.674508, 37.303267], [-6.674621, 37.303264], [-6.674616, 37.303174], [-6.674842, 37.303167], [-6.674837, 37.303077], [-6.675062, 37.30307], [-6.675058, 37.30298], [-6.675283, 37.302973], [-6.675279, 37.302883], [-6.675617, 37.302872], [-6.675621, 37.302962], [-6.675734, 37.302959], [-6.675742, 37.303139], [-6.675855, 37.303135], [-6.675868, 37.303405], [-6.676098, 37.303488], [-6.676111, 37.303758], [-6.676224, 37.303754], [-6.676228, 37.303844], [-6.675782, 37.303948], [-6.675786, 37.304038], [-6.675448, 37.304049], [-6.675453, 37.304139], [-6.675228, 37.304146]], [[-6.675296, 37.303243], [-6.675522, 37.303236], [-6.675517, 37.303146], [-6.675405, 37.303149], [-6.6754, 37.303059], [-6.675175, 37.303066], [-6.675184, 37.303246], [-6.674959, 37.303253], [-6.674967, 37.303433], [-6.675305, 37.303423], [-6.675296, 37.303243]]]}, "properties": {"id": "donana-2023-174220-4134880", "ha": 1.13, "plastic_dates": 2.8, "valid_dates": 9.7, "admin_zone": "Zona C", "plan_zone": "Zona C - No regable", "distance_to_irrigable_m": 20, "sigpac_ref": "21:14:0:0:22:247:2", "sigpac_use": "IV", "sigpac_irrigation_coef": 0, "sigpac_url": "https://sigpac-hubcloud.es/servicioconsultassigpac/query/recinfo/21/14/0/0/22/247/2.json", "declared_greenhouse_share": 1.0, "declared_irrigated_share": 0.0, "lon": -6.675424, "lat": 37.303554}}, {"type": "Feature", "geometry": {"type": "Polygon", "coordinates": [[[-6.703185, 37.294715], [-6.703163, 37.294265], [-6.703275, 37.294261], [-6.703262, 37.293992], [-6.703487, 37.293984], [-6.703478, 37.293805], [-6.703591, 37.293801], [-6.703595, 37.293891], [-6.703933, 37.29388], [-6.703924, 37.2937], [-6.704145, 37.293603], [-6.704141, 37.293514], [-6.704253, 37.29351], [-6.704249, 37.29342], [-6.704361, 37.293417], [-6.704344, 37.293057], [-6.704456, 37.293053], [-6.704452, 37.292963], [-6.704227, 37.29297], [-6.704218, 37.29279], [-6.704439, 37.292693], [-6.704434, 37.292603], [-6.704547, 37.2926], [-6.704542, 37.29251], [-6.704655, 37.292506], [-6.704659, 37.292596], [-6.704772, 37.292593], [-6.704781, 37.292773], [-6.70501, 37.292856], [-6.705015, 37.292946], [-6.704902, 37.292949], [-6.704915, 37.293219], [-6.704803, 37.293223], [-6.704812, 37.293402], [-6.704699, 37.293406], [-6.704712, 37.293676], [-6.704825, 37.293672], [-6.704829, 37.293762], [-6.704717, 37.293766], [-6.704726, 37.293946], [-6.704505, 37.294043], [-6.704514, 37.294223], [-6.704289, 37.29423], [-6.704275, 37.29396], [-6.703712, 37.293977], [-6.703721, 37.294157], [-6.7035, 37.294254], [-6.703509, 37.294434], [-6.703288, 37.294531], [-6.703297, 37.294711], [-6.703185, 37.294715]]]}, "properties": {"id": "donana-2023-171610-4133880", "ha": 1.13, "plastic_dates": 4.3, "valid_dates": 8.9, "admin_zone": "Zona C", "plan_zone": "Zona C - No regable", "distance_to_irrigable_m": 13, "sigpac_ref": "21:46:0:0:8:245:4", "sigpac_use": "IV", "sigpac_irrigation_coef": 52, "sigpac_url": "https://sigpac-hubcloud.es/servicioconsultassigpac/query/recinfo/21/46/0/0/8/245/4.json", "declared_greenhouse_share": 1.0, "declared_irrigated_share": 1.0, "lon": -6.704372, "lat": 37.293641}}, {"type": "Feature", "geometry": {"type": "MultiPolygon", "coordinates": [[[[-6.779674, 37.225628], [-6.779562, 37.225632], [-6.77958, 37.225992], [-6.779359, 37.226089], [-6.779364, 37.226179], [-6.779251, 37.226183], [-6.779256, 37.226272], [-6.778811, 37.226377], [-6.77882, 37.226557], [-6.778482, 37.226567], [-6.778239, 37.226215], [-6.778019, 37.226312], [-6.778122, 37.226129], [-6.77801, 37.226132], [-6.778001, 37.225952], [-6.778221, 37.225855], [-6.778226, 37.225945], [-6.778338, 37.225941], [-6.778329, 37.225762], [-6.778775, 37.225657], [-6.778878, 37.225474], [-6.778991, 37.22547], [-6.778986, 37.22538], [-6.779211, 37.225373], [-6.779207, 37.225283], [-6.779319, 37.225279], [-6.779328, 37.225459], [-6.77944, 37.225456], [-6.779445, 37.225546], [-6.77967, 37.225539], [-6.779674, 37.225628]], [[-6.778235, 37.226125], [-6.77823, 37.226035], [-6.778118, 37.226039], [-6.778122, 37.226129], [-6.778235, 37.226125]]], [[[-6.779895, 37.225531], [-6.77967, 37.225539], [-6.779665, 37.225449], [-6.77989, 37.225441], [-6.779895, 37.225531]]], [[[-6.779881, 37.225262], [-6.779994, 37.225258], [-6.780003, 37.225438], [-6.77989, 37.225441], [-6.779881, 37.225262]]]]}, "properties": {"id": "donana-2023-164710-4126630", "ha": 1.13, "plastic_dates": 2.8, "valid_dates": 8.0, "admin_zone": "Zona A", "plan_zone": "Zona A - Suelo Forestal", "distance_to_irrigable_m": 21, "sigpac_ref": "21:50:0:0:32:53:29", "sigpac_use": "IV", "sigpac_irrigation_coef": 100, "sigpac_url": "https://sigpac-hubcloud.es/servicioconsultassigpac/query/recinfo/21/50/0/0/32/53/29.json", "declared_greenhouse_share": 1.0, "declared_irrigated_share": 0.93, "lon": -6.77879, "lat": 37.225972}}, {"type": "Feature", "geometry": {"type": "Polygon", "coordinates": [[[-6.740427, 37.270299], [-6.740418, 37.270119], [-6.74053, 37.270116], [-6.740504, 37.269576], [-6.740841, 37.269565], [-6.740918, 37.268842], [-6.741031, 37.268839], [-6.741022, 37.268659], [-6.741134, 37.268655], [-6.74113, 37.268565], [-6.741355, 37.268558], [-6.741485, 37.268914], [-6.741598, 37.268911], [-6.741616, 37.26927], [-6.741728, 37.269267], [-6.741737, 37.269447], [-6.741625, 37.26945], [-6.741629, 37.26954], [-6.741291, 37.269551], [-6.741296, 37.269641], [-6.741408, 37.269637], [-6.741417, 37.269817], [-6.741197, 37.269914], [-6.741201, 37.270004], [-6.741089, 37.270008], [-6.741093, 37.270098], [-6.740863, 37.270015], [-6.740877, 37.270285], [-6.740427, 37.270299]]]}, "properties": {"id": "donana-2023-168230-4131320", "ha": 1.1, "plastic_dates": 4.9, "valid_dates": 8.0, "admin_zone": "Zona C", "plan_zone": "Zona C - No regable", "distance_to_irrigable_m": 18, "sigpac_ref": "21:46:0:0:25:165:2", "sigpac_use": "IV", "sigpac_irrigation_coef": 0, "sigpac_url": "https://sigpac-hubcloud.es/servicioconsultassigpac/query/recinfo/21/46/0/0/25/165/2.json", "declared_greenhouse_share": 1.0, "declared_irrigated_share": 0.49, "lon": -6.741282, "lat": 37.269371}}, {"type": "Feature", "geometry": {"type": "Polygon", "coordinates": [[[-6.739437, 37.236637], [-6.739315, 37.236461], [-6.739203, 37.236464], [-6.739198, 37.236374], [-6.739086, 37.236378], [-6.739081, 37.236288], [-6.738969, 37.236292], [-6.738964, 37.236202], [-6.738852, 37.236205], [-6.738847, 37.236115], [-6.738735, 37.236119], [-6.738726, 37.235939], [-6.738946, 37.235842], [-6.738942, 37.235752], [-6.739167, 37.235745], [-6.739271, 37.235561], [-6.739383, 37.235558], [-6.739379, 37.235468], [-6.739491, 37.235464], [-6.739487, 37.235374], [-6.739599, 37.235371], [-6.739595, 37.235281], [-6.739824, 37.235364], [-6.739838, 37.235634], [-6.73995, 37.23563], [-6.739977, 37.23617], [-6.740089, 37.236166], [-6.740107, 37.236526], [-6.739995, 37.236529], [-6.739999, 37.236619], [-6.739437, 37.236637]]]}, "properties": {"id": "donana-2023-168250-4127610", "ha": 1.1, "plastic_dates": 5.2, "valid_dates": 8.5, "admin_zone": "Zona C", "plan_zone": "Zona C - No regable", "distance_to_irrigable_m": 18, "sigpac_ref": "21:46:0:0:16:6:42", "sigpac_use": "IV", "sigpac_irrigation_coef": 100, "sigpac_url": "https://sigpac-hubcloud.es/servicioconsultassigpac/query/recinfo/21/46/0/0/16/6/42.json", "declared_greenhouse_share": 1.0, "declared_irrigated_share": 1.0, "lon": -6.739349, "lat": 37.236009}}, {"type": "Feature", "geometry": {"type": "Polygon", "coordinates": [[[-6.707784, 37.27358], [-6.707663, 37.273403], [-6.70755, 37.273407], [-6.707546, 37.273317], [-6.707433, 37.27332], [-6.707403, 37.272691], [-6.70729, 37.272694], [-6.707281, 37.272514], [-6.707169, 37.272518], [-6.70716, 37.272338], [-6.70738, 37.272241], [-6.707376, 37.272151], [-6.707489, 37.272147], [-6.707484, 37.272058], [-6.707714, 37.27214], [-6.707718, 37.27223], [-6.707831, 37.272227], [-6.707835, 37.272317], [-6.70806, 37.27231], [-6.708065, 37.2724], [-6.708177, 37.272396], [-6.708186, 37.272576], [-6.708416, 37.272659], [-6.708312, 37.272842], [-6.708199, 37.272846], [-6.708217, 37.273206], [-6.708329, 37.273202], [-6.708334, 37.273292], [-6.708113, 37.273389], [-6.708118, 37.273479], [-6.708005, 37.273483], [-6.708009, 37.273573], [-6.707784, 37.27358]]]}, "properties": {"id": "donana-2023-171210-4131580", "ha": 1.08, "plastic_dates": 3.7, "valid_dates": 9.2, "admin_zone": "Zona C", "plan_zone": "Zona C - No regable", "distance_to_irrigable_m": 25, "sigpac_ref": "21:46:0:0:9:40:2", "sigpac_use": "IV", "sigpac_irrigation_coef": 0, "sigpac_url": "https://sigpac-hubcloud.es/servicioconsultassigpac/query/recinfo/21/46/0/0/9/40/2.json", "declared_greenhouse_share": 0.96, "declared_irrigated_share": 0.0, "lon": -6.707859, "lat": 37.272811}}, {"type": "Feature", "geometry": {"type": "MultiPolygon", "coordinates": [[[[-6.844026, 37.206168], [-6.843801, 37.206175], [-6.843698, 37.206358], [-6.843585, 37.206362], [-6.84359, 37.206452], [-6.843365, 37.206459], [-6.84337, 37.206549], [-6.84314, 37.206467], [-6.843136, 37.206377], [-6.843023, 37.20638], [-6.843014, 37.206201], [-6.842785, 37.206118], [-6.842776, 37.205938], [-6.842546, 37.205855], [-6.842542, 37.205765], [-6.842429, 37.205769], [-6.842425, 37.205679], [-6.842645, 37.205582], [-6.84264, 37.205492], [-6.84309, 37.205477], [-6.843297, 37.20511], [-6.843522, 37.205103], [-6.843643, 37.205279], [-6.843756, 37.205276], [-6.84376, 37.205366], [-6.843873, 37.205362], [-6.844003, 37.205718], [-6.844116, 37.205714], [-6.84412, 37.205804], [-6.844008, 37.205808], [-6.843886, 37.205632], [-6.843774, 37.205635], [-6.843792, 37.205995], [-6.844022, 37.206078], [-6.844026, 37.206168]], [[-6.84368, 37.205999], [-6.84367, 37.205819], [-6.843558, 37.205823], [-6.843549, 37.205643], [-6.843095, 37.205567], [-6.843104, 37.205747], [-6.843333, 37.20583], [-6.843338, 37.20592], [-6.84345, 37.205916], [-6.843459, 37.206096], [-6.843572, 37.206092], [-6.843576, 37.206182], [-6.843689, 37.206179], [-6.843684, 37.206089], [-6.843797, 37.206085], [-6.843792, 37.205995], [-6.84368, 37.205999]], [[-6.843221, 37.205833], [-6.843108, 37.205837], [-6.843113, 37.205927], [-6.843225, 37.205923], [-6.843221, 37.205833]]], [[[-6.844017, 37.205988], [-6.844129, 37.205984], [-6.844134, 37.206074], [-6.844022, 37.206078], [-6.844017, 37.205988]]], [[[-6.843572, 37.206092], [-6.843567, 37.206002], [-6.84368, 37.205999], [-6.843684, 37.206089], [-6.843572, 37.206092]]]]}, "properties": {"id": "donana-2023-158930-4124630", "ha": 1.07, "plastic_dates": 3.8, "valid_dates": 6.9, "admin_zone": "Zona A", "plan_zone": "Zona A - RedNatura2000", "distance_to_irrigable_m": 426, "sigpac_ref": "21:50:0:0:35:8022:2", "sigpac_use": "IV", "sigpac_irrigation_coef": 100, "sigpac_url": "https://sigpac-hubcloud.es/servicioconsultassigpac/query/recinfo/21/50/0/0/35/8022/2.json", "declared_greenhouse_share": 1.0, "declared_irrigated_share": 0.65, "lon": -6.842886, "lat": 37.205889}}, {"type": "Feature", "geometry": {"type": "Polygon", "coordinates": [[[-6.733329, 37.245299], [-6.733334, 37.245388], [-6.733221, 37.245392], [-6.733212, 37.245212], [-6.7331, 37.245216], [-6.732996, 37.245399], [-6.732883, 37.245403], [-6.73287, 37.245133], [-6.732983, 37.245129], [-6.732974, 37.244949], [-6.733086, 37.244946], [-6.733073, 37.244676], [-6.733185, 37.244672], [-6.733177, 37.244493], [-6.733289, 37.244489], [-6.733276, 37.244219], [-6.733388, 37.244216], [-6.733379, 37.244036], [-6.733267, 37.244039], [-6.733262, 37.243949], [-6.733492, 37.244032], [-6.733587, 37.243669], [-6.733699, 37.243665], [-6.733695, 37.243575], [-6.73392, 37.243568], [-6.733933, 37.243838], [-6.733708, 37.243845], [-6.733712, 37.243935], [-6.733938, 37.243928], [-6.733942, 37.244018], [-6.734054, 37.244014], [-6.734068, 37.244284], [-6.733955, 37.244288], [-6.733964, 37.244468], [-6.733852, 37.244471], [-6.733861, 37.244651], [-6.733748, 37.244655], [-6.733761, 37.244925], [-6.733649, 37.244928], [-6.733658, 37.245108], [-6.733545, 37.245112], [-6.733559, 37.245381], [-6.733329, 37.245299]]]}, "properties": {"id": "donana-2023-168810-4128540", "ha": 1.02, "plastic_dates": 3.9, "valid_dates": 8.0, "admin_zone": "Zona A", "plan_zone": "Zona A - Suelo Forestal", "distance_to_irrigable_m": 18, "sigpac_ref": "21:46:0:0:11:14:3", "sigpac_use": "IV", "sigpac_irrigation_coef": 0, "sigpac_url": "https://sigpac-hubcloud.es/servicioconsultassigpac/query/recinfo/21/46/0/0/11/14/3.json", "declared_greenhouse_share": 1.0, "declared_irrigated_share": 0.0, "lon": -6.733519, "lat": 37.244572}}, {"type": "Feature", "geometry": {"type": "Polygon", "coordinates": [[[-6.796584, 37.212384], [-6.79658, 37.212295], [-6.796242, 37.212305], [-6.796238, 37.212215], [-6.796125, 37.212219], [-6.796107, 37.211859], [-6.79622, 37.211856], [-6.796305, 37.211312], [-6.796418, 37.211309], [-6.796409, 37.211129], [-6.796521, 37.211125], [-6.796516, 37.211035], [-6.796629, 37.211032], [-6.796633, 37.211122], [-6.796971, 37.211111], [-6.796975, 37.211201], [-6.797088, 37.211197], [-6.797097, 37.211377], [-6.797209, 37.211373], [-6.797214, 37.211463], [-6.797101, 37.211467], [-6.797119, 37.211827], [-6.797007, 37.21183], [-6.797029, 37.21228], [-6.796917, 37.212284], [-6.796922, 37.212374], [-6.796584, 37.212384]]]}, "properties": {"id": "donana-2023-163060-4125110", "ha": 1.0, "plastic_dates": 6.2, "valid_dates": 8.5, "admin_zone": "Zona C", "plan_zone": "Zona C - No regable", "distance_to_irrigable_m": 21, "sigpac_ref": "21:50:0:0:33:53:3", "sigpac_use": "IV", "sigpac_irrigation_coef": 100, "sigpac_url": "https://sigpac-hubcloud.es/servicioconsultassigpac/query/recinfo/21/50/0/0/33/53/3.json", "declared_greenhouse_share": 1.0, "declared_irrigated_share": 0.94, "lon": -6.796663, "lat": 37.211706}}, {"type": "Feature", "geometry": {"type": "Polygon", "coordinates": [[[-6.797866, 37.253603], [-6.79783, 37.252884], [-6.797942, 37.25288], [-6.797937, 37.25279], [-6.797712, 37.252797], [-6.797703, 37.252618], [-6.797928, 37.25261], [-6.797924, 37.25252], [-6.797699, 37.252528], [-6.79769, 37.252348], [-6.797577, 37.252351], [-6.797573, 37.252261], [-6.797685, 37.252258], [-6.797676, 37.252078], [-6.797451, 37.252085], [-6.797442, 37.251905], [-6.797555, 37.251902], [-6.79755, 37.251812], [-6.797438, 37.251815], [-6.797424, 37.251546], [-6.797537, 37.251542], [-6.797519, 37.251182], [-6.797294, 37.251189], [-6.797289, 37.251099], [-6.797402, 37.251096], [-6.797397, 37.251006], [-6.797622, 37.250999], [-6.797636, 37.251268], [-6.797861, 37.251261], [-6.797901, 37.252071], [-6.798131, 37.252153], [-6.79814, 37.252333], [-6.798027, 37.252337], [-6.798032, 37.252427], [-6.798144, 37.252423], [-6.798149, 37.252513], [-6.798036, 37.252517], [-6.798041, 37.252607], [-6.798153, 37.252603], [-6.798181, 37.253143], [-6.798293, 37.253139], [-6.798298, 37.253229], [-6.798523, 37.253222], [-6.798532, 37.253402], [-6.798086, 37.253506], [-6.798091, 37.253596], [-6.797866, 37.253603]]]}, "properties": {"id": "donana-2023-163130-4129620", "ha": 0.99, "plastic_dates": 3.2, "valid_dates": 8.9, "admin_zone": "Zona A", "plan_zone": "Zona A - Suelo Forestal", "distance_to_irrigable_m": 99, "sigpac_ref": "21:50:0:0:27:2:18", "sigpac_use": "FY", "sigpac_irrigation_coef": 100, "sigpac_url": "https://sigpac-hubcloud.es/servicioconsultassigpac/query/recinfo/21/50/0/0/27/2/18.json", "declared_greenhouse_share": 0.0, "declared_irrigated_share": 1.0, "lon": -6.797856, "lat": 37.252297}}, {"type": "Feature", "geometry": {"type": "MultiPolygon", "coordinates": [[[[-6.777695, 37.226593], [-6.777591, 37.226776], [-6.777479, 37.22678], [-6.77747, 37.2266], [-6.777695, 37.226593]]], [[[-6.777335, 37.226154], [-6.777348, 37.226423], [-6.777461, 37.22642], [-6.77747, 37.2266], [-6.777245, 37.226607], [-6.777123, 37.226431], [-6.777011, 37.226434], [-6.777006, 37.226344], [-6.777119, 37.226341], [-6.777114, 37.226251], [-6.777227, 37.226247], [-6.777222, 37.226157], [-6.777335, 37.226154]]], [[[-6.777222, 37.226157], [-6.77711, 37.226161], [-6.777105, 37.226071], [-6.777218, 37.226067], [-6.777222, 37.226157]]], [[[-6.777429, 37.22579], [-6.777438, 37.22597], [-6.777218, 37.226067], [-6.777209, 37.225887], [-6.776871, 37.225898], [-6.776867, 37.225808], [-6.777429, 37.22579]]], [[[-6.776331, 37.226366], [-6.776327, 37.226276], [-6.776889, 37.226258], [-6.776885, 37.226168], [-6.776323, 37.226186], [-6.776305, 37.225826], [-6.776529, 37.225819], [-6.776521, 37.225639], [-6.776296, 37.225646], [-6.776273, 37.225197], [-6.776719, 37.225092], [-6.776723, 37.225182], [-6.776948, 37.225175], [-6.777069, 37.225351], [-6.777182, 37.225348], [-6.777191, 37.225528], [-6.777303, 37.225524], [-6.777308, 37.225614], [-6.777195, 37.225618], [-6.7772, 37.225708], [-6.776862, 37.225718], [-6.776867, 37.225808], [-6.776754, 37.225812], [-6.776763, 37.225992], [-6.776988, 37.225985], [-6.776997, 37.226164], [-6.77711, 37.226161], [-6.777114, 37.226251], [-6.777002, 37.226254], [-6.777006, 37.226344], [-6.776331, 37.226366]], [[-6.776646, 37.225905], [-6.776534, 37.225909], [-6.776538, 37.225999], [-6.776651, 37.225995], [-6.776646, 37.225905]]]]}, "properties": {"id": "donana-2023-164840-4126620", "ha": 0.99, "plastic_dates": 3.2, "valid_dates": 7.6, "admin_zone": "Zona A", "plan_zone": "Zona A - Suelo Forestal", "distance_to_irrigable_m": 18, "sigpac_ref": "21:50:0:0:32:53:61", "sigpac_use": "IV", "sigpac_irrigation_coef": 100, "sigpac_url": "https://sigpac-hubcloud.es/servicioconsultassigpac/query/recinfo/21/50/0/0/32/53/61.json", "declared_greenhouse_share": 0.99, "declared_irrigated_share": 0.85, "lon": -6.777324, "lat": 37.225929}}, {"type": "Feature", "geometry": {"type": "Polygon", "coordinates": [[[-6.772721, 37.293957], [-6.772946, 37.29395], [-6.772951, 37.29404], [-6.772613, 37.29405], [-6.772631, 37.29441], [-6.772406, 37.294417], [-6.772397, 37.294237], [-6.772284, 37.294241], [-6.772293, 37.294421], [-6.772181, 37.294425], [-6.772172, 37.294245], [-6.771951, 37.294342], [-6.771933, 37.293982], [-6.772046, 37.293978], [-6.772041, 37.293888], [-6.771929, 37.293892], [-6.771888, 37.293083], [-6.771776, 37.293086], [-6.771771, 37.292996], [-6.772109, 37.292985], [-6.772005, 37.293169], [-6.77223, 37.293162], [-6.772217, 37.292892], [-6.772104, 37.292896], [-6.7721, 37.292806], [-6.772325, 37.292798], [-6.772334, 37.292978], [-6.772559, 37.292971], [-6.772573, 37.293241], [-6.772798, 37.293234], [-6.772807, 37.293414], [-6.772577, 37.293331], [-6.772591, 37.293601], [-6.772811, 37.293504], [-6.772825, 37.293773], [-6.772712, 37.293777], [-6.772721, 37.293957]], [[-6.772055, 37.294158], [-6.772167, 37.294155], [-6.772158, 37.293975], [-6.772046, 37.293978], [-6.772055, 37.294158]], [[-6.772154, 37.293885], [-6.772145, 37.293705], [-6.772032, 37.293709], [-6.772041, 37.293888], [-6.772154, 37.293885]], [[-6.772708, 37.293687], [-6.772483, 37.293694], [-6.772487, 37.293784], [-6.772712, 37.293777], [-6.772708, 37.293687]], [[-6.772244, 37.293432], [-6.772019, 37.293439], [-6.772023, 37.293529], [-6.772248, 37.293522], [-6.772244, 37.293432]]]}, "properties": {"id": "donana-2023-165580-4134120", "ha": 0.96, "plastic_dates": 3.2, "valid_dates": 6.3, "admin_zone": "Zona C", "plan_zone": "Zona C - No regable", "distance_to_irrigable_m": 216, "sigpac_ref": "21:46:0:0:1:3:28", "sigpac_use": "IV", "sigpac_irrigation_coef": 0, "sigpac_url": "https://sigpac-hubcloud.es/servicioconsultassigpac/query/recinfo/21/46/0/0/1/3/28.json", "declared_greenhouse_share": 1.0, "declared_irrigated_share": 0.0, "lon": -6.772368, "lat": 37.293653}}, {"type": "Feature", "geometry": {"type": "MultiPolygon", "coordinates": [[[[-6.596556, 37.255484], [-6.596565, 37.255664], [-6.59679, 37.255657], [-6.596799, 37.255837], [-6.596461, 37.255847], [-6.59634, 37.25567], [-6.596115, 37.255677], [-6.59611, 37.255587], [-6.595998, 37.255591], [-6.596102, 37.255407], [-6.596327, 37.255401], [-6.596323, 37.255311], [-6.59621, 37.255314], [-6.596206, 37.255224], [-6.596093, 37.255227], [-6.596089, 37.255137], [-6.595864, 37.255144], [-6.59586, 37.255054], [-6.595972, 37.255051], [-6.595968, 37.254961], [-6.59608, 37.254958], [-6.596072, 37.254778], [-6.596293, 37.254681], [-6.596288, 37.254591], [-6.596401, 37.254587], [-6.596397, 37.254497], [-6.596509, 37.254494], [-6.596501, 37.254314], [-6.59673, 37.254397], [-6.596734, 37.254487], [-6.596847, 37.254484], [-6.596851, 37.254574], [-6.596964, 37.25457], [-6.596972, 37.25475], [-6.597085, 37.254747], [-6.596989, 37.25511], [-6.596877, 37.255114], [-6.596885, 37.255293], [-6.596773, 37.255297], [-6.596894, 37.255473], [-6.596556, 37.255484]], [[-6.596435, 37.255307], [-6.596427, 37.255127], [-6.596314, 37.255131], [-6.596323, 37.255311], [-6.596435, 37.255307]], [[-6.596202, 37.255134], [-6.596197, 37.255044], [-6.596085, 37.255048], [-6.596089, 37.255137], [-6.596202, 37.255134]], [[-6.596656, 37.25521], [-6.596543, 37.255214], [-6.596548, 37.255304], [-6.59666, 37.2553], [-6.596656, 37.25521]]], [[[-6.597006, 37.25547], [-6.597011, 37.25556], [-6.596898, 37.255563], [-6.596894, 37.255473], [-6.597006, 37.25547]]], [[[-6.59576, 37.255328], [-6.595647, 37.255331], [-6.595751, 37.255148], [-6.595864, 37.255144], [-6.59576, 37.255328]]]]}, "properties": {"id": "donana-2023-181000-4129230", "ha": 0.96, "plastic_dates": 3.7, "valid_dates": 10.6, "admin_zone": "Zona C", "plan_zone": "Zona C - No regable", "distance_to_irrigable_m": 20, "sigpac_ref": "21:5:0:0:38:83:3", "sigpac_use": "IV", "sigpac_irrigation_coef": 0, "sigpac_url": "https://sigpac-hubcloud.es/servicioconsultassigpac/query/recinfo/21/5/0/0/38/83/3.json", "declared_greenhouse_share": 0.99, "declared_irrigated_share": 0.0, "lon": -6.596593, "lat": 37.255077}}, {"type": "Feature", "geometry": {"type": "Polygon", "coordinates": [[[-6.832126, 37.235832], [-6.832005, 37.235656], [-6.83133, 37.235678], [-6.831325, 37.235588], [-6.830988, 37.235599], [-6.830969, 37.235239], [-6.831419, 37.235224], [-6.831424, 37.235314], [-6.831761, 37.235303], [-6.831757, 37.235213], [-6.831869, 37.23521], [-6.83186, 37.23503], [-6.832648, 37.235004], [-6.832742, 37.234641], [-6.832854, 37.234637], [-6.832873, 37.234997], [-6.83276, 37.235001], [-6.832783, 37.23545], [-6.832562, 37.235548], [-6.832567, 37.235637], [-6.832455, 37.235641], [-6.832464, 37.235821], [-6.832126, 37.235832]], [[-6.832103, 37.235382], [-6.831874, 37.2353], [-6.831888, 37.235569], [-6.832, 37.235566], [-6.832103, 37.235382]]]}, "properties": {"id": "donana-2023-160000-4127850", "ha": 0.96, "plastic_dates": 4.4, "valid_dates": 9.5, "admin_zone": "Zona C", "plan_zone": "Zona C - No regable", "distance_to_irrigable_m": 19, "sigpac_ref": "21:50:0:0:22:32:4", "sigpac_use": "IV", "sigpac_irrigation_coef": 100, "sigpac_url": "https://sigpac-hubcloud.es/servicioconsultassigpac/query/recinfo/21/50/0/0/22/32/4.json", "declared_greenhouse_share": 1.0, "declared_irrigated_share": 1.0, "lon": -6.832265, "lat": 37.235242}}, {"type": "Feature", "geometry": {"type": "Polygon", "coordinates": [[[-6.801287, 37.223044], [-6.801278, 37.222864], [-6.801053, 37.222871], [-6.801058, 37.222961], [-6.80072, 37.222972], [-6.800716, 37.222882], [-6.800603, 37.222886], [-6.800594, 37.222706], [-6.800815, 37.222609], [-6.800801, 37.222339], [-6.800914, 37.222335], [-6.800905, 37.222155], [-6.801017, 37.222152], [-6.801022, 37.222242], [-6.801247, 37.222234], [-6.801256, 37.222414], [-6.801593, 37.222403], [-6.801589, 37.222314], [-6.802151, 37.222295], [-6.802164, 37.222565], [-6.802277, 37.222562], [-6.802281, 37.222652], [-6.802169, 37.222655], [-6.802178, 37.222835], [-6.802066, 37.222839], [-6.802075, 37.223019], [-6.801287, 37.223044]]]}, "properties": {"id": "donana-2023-162680-4126340", "ha": 0.96, "plastic_dates": 4.3, "valid_dates": 8.0, "admin_zone": "Zona C", "plan_zone": "Zona C - No regable", "distance_to_irrigable_m": 40, "sigpac_ref": "21:50:0:0:33:31:1", "sigpac_use": "IV", "sigpac_irrigation_coef": 0, "sigpac_url": "https://sigpac-hubcloud.es/servicioconsultassigpac/query/recinfo/21/50/0/0/33/31/1.json", "declared_greenhouse_share": 1.0, "declared_irrigated_share": 0.0, "lon": -6.801492, "lat": 37.222632}}, {"type": "Feature", "geometry": {"type": "Polygon", "coordinates": [[[-6.760887, 37.271452], [-6.760662, 37.271459], [-6.760649, 37.271189], [-6.760424, 37.271196], [-6.760338, 37.271739], [-6.76, 37.27175], [-6.760005, 37.27184], [-6.75978, 37.271847], [-6.759784, 37.271937], [-6.759555, 37.271854], [-6.75955, 37.271764], [-6.759663, 37.271761], [-6.759649, 37.271491], [-6.759537, 37.271495], [-6.759532, 37.271405], [-6.759753, 37.271308], [-6.759748, 37.271218], [-6.759861, 37.271214], [-6.759856, 37.271124], [-6.760194, 37.271113], [-6.76019, 37.271023], [-6.760415, 37.271016], [-6.76041, 37.270926], [-6.761198, 37.270901], [-6.761194, 37.270811], [-6.761423, 37.270894], [-6.761446, 37.271344], [-6.761333, 37.271347], [-6.761338, 37.271437], [-6.761112, 37.271445], [-6.761103, 37.271265], [-6.760878, 37.271272], [-6.760887, 37.271452]], [[-6.759757, 37.271398], [-6.75987, 37.271394], [-6.759865, 37.271304], [-6.759753, 37.271308], [-6.759757, 37.271398]], [[-6.760874, 37.271182], [-6.760761, 37.271185], [-6.760766, 37.271275], [-6.760878, 37.271272], [-6.760874, 37.271182]]]}, "properties": {"id": "donana-2023-166580-4131610", "ha": 0.93, "plastic_dates": 3.7, "valid_dates": 9.0, "admin_zone": "Zona C", "plan_zone": "Zona C - No regable", "distance_to_irrigable_m": 20, "sigpac_ref": "21:46:0:0:18:10:29", "sigpac_use": "IV", "sigpac_irrigation_coef": 52, "sigpac_url": "https://sigpac-hubcloud.es/servicioconsultassigpac/query/recinfo/21/46/0/0/18/10/29.json", "declared_greenhouse_share": 1.0, "declared_irrigated_share": 1.0, "lon": -6.759985, "lat": 37.271435}}, {"type": "Feature", "geometry": {"type": "Polygon", "coordinates": [[[-6.724768, 37.247641], [-6.724646, 37.247464], [-6.724192, 37.247388], [-6.72407, 37.247212], [-6.723733, 37.247223], [-6.723611, 37.247046], [-6.723499, 37.24705], [-6.72349, 37.24687], [-6.72326, 37.246787], [-6.723252, 37.246607], [-6.723472, 37.24651], [-6.723468, 37.24642], [-6.723693, 37.246413], [-6.723814, 37.24659], [-6.724039, 37.246582], [-6.724044, 37.246672], [-6.724156, 37.246669], [-6.724165, 37.246849], [-6.724278, 37.246845], [-6.724286, 37.247025], [-6.724399, 37.247022], [-6.72439, 37.246842], [-6.724503, 37.246838], [-6.724511, 37.247018], [-6.724736, 37.247011], [-6.724741, 37.247101], [-6.724516, 37.247108], [-6.72452, 37.247198], [-6.72497, 37.247184], [-6.724979, 37.247364], [-6.725317, 37.247353], [-6.725321, 37.247443], [-6.725209, 37.247447], [-6.725218, 37.247626], [-6.724768, 37.247641]]]}, "properties": {"id": "donana-2023-169650-4128780", "ha": 0.93, "plastic_dates": 2.7, "valid_dates": 9.0, "admin_zone": "Zona C", "plan_zone": "Zona C - No regable", "distance_to_irrigable_m": 132, "sigpac_ref": "21:46:0:0:10:162:1", "sigpac_use": "IV", "sigpac_irrigation_coef": 0, "sigpac_url": "https://sigpac-hubcloud.es/servicioconsultassigpac/query/recinfo/21/46/0/0/10/162/1.json", "declared_greenhouse_share": 0.98, "declared_irrigated_share": 0.0, "lon": -6.724176, "lat": 37.247074}}, {"type": "Feature", "geometry": {"type": "Polygon", "coordinates": [[[-6.79822, 37.227016], [-6.798215, 37.226926], [-6.797878, 37.226937], [-6.797864, 37.226667], [-6.797977, 37.226664], [-6.797954, 37.226214], [-6.798067, 37.22621], [-6.798049, 37.225851], [-6.798161, 37.225847], [-6.798157, 37.225757], [-6.798494, 37.225746], [-6.798499, 37.225836], [-6.798724, 37.225829], [-6.798728, 37.225919], [-6.798841, 37.225915], [-6.798737, 37.226099], [-6.798625, 37.226102], [-6.798634, 37.226282], [-6.798746, 37.226279], [-6.798782, 37.226998], [-6.79822, 37.227016]]]}, "properties": {"id": "donana-2023-162970-4126760", "ha": 0.9, "plastic_dates": 6.2, "valid_dates": 7.5, "admin_zone": "Zona A", "plan_zone": "Zona A - Suelo Forestal", "distance_to_irrigable_m": 16, "sigpac_ref": "21:50:0:0:33:30:6", "sigpac_use": "IV", "sigpac_irrigation_coef": 100, "sigpac_url": "https://sigpac-hubcloud.es/servicioconsultassigpac/query/recinfo/21/50/0/0/33/30/6.json", "declared_greenhouse_share": 1.0, "declared_irrigated_share": 1.0, "lon": -6.798361, "lat": 37.226471}}, {"type": "Feature", "geometry": {"type": "Polygon", "coordinates": [[[-6.745868, 37.243641], [-6.745864, 37.243551], [-6.745526, 37.243561], [-6.745522, 37.243472], [-6.745409, 37.243475], [-6.7454, 37.243295], [-6.745175, 37.243302], [-6.74527, 37.242939], [-6.745715, 37.242835], [-6.74572, 37.242925], [-6.745945, 37.242918], [-6.745954, 37.243097], [-6.746408, 37.243173], [-6.746399, 37.242993], [-6.746624, 37.242986], [-6.74662, 37.242896], [-6.746957, 37.242886], [-6.747061, 37.242702], [-6.747286, 37.242695], [-6.747299, 37.242965], [-6.747079, 37.243062], [-6.747088, 37.243242], [-6.746413, 37.243263], [-6.746309, 37.243447], [-6.746197, 37.24345], [-6.746201, 37.24354], [-6.746089, 37.243544], [-6.746093, 37.243634], [-6.745868, 37.243641]]]}, "properties": {"id": "donana-2023-167680-4128430", "ha": 0.89, "plastic_dates": 5.6, "valid_dates": 8.7, "admin_zone": "Zona C", "plan_zone": "Zona C - No regable", "distance_to_irrigable_m": 21, "sigpac_ref": "21:46:0:0:16:5:74", "sigpac_use": "IV", "sigpac_irrigation_coef": 0, "sigpac_url": "https://sigpac-hubcloud.es/servicioconsultassigpac/query/recinfo/21/46/0/0/16/5/74.json", "declared_greenhouse_share": 1.0, "declared_irrigated_share": 0.19, "lon": -6.746129, "lat": 37.243227}}, {"type": "Feature", "geometry": {"type": "MultiPolygon", "coordinates": [[[[-6.750461, 37.247639], [-6.750448, 37.247369], [-6.750677, 37.247452], [-6.750781, 37.247269], [-6.751006, 37.247262], [-6.751127, 37.247438], [-6.751015, 37.247441], [-6.751024, 37.247621], [-6.751253, 37.247704], [-6.751267, 37.247974], [-6.751492, 37.247967], [-6.75151, 37.248327], [-6.751622, 37.248323], [-6.751627, 37.248413], [-6.750951, 37.248434], [-6.750938, 37.248165], [-6.750713, 37.248172], [-6.750722, 37.248352], [-6.750501, 37.248449], [-6.750596, 37.248085], [-6.750709, 37.248082], [-6.750695, 37.247812], [-6.75047, 37.247819], [-6.750475, 37.247909], [-6.75025, 37.247916], [-6.750245, 37.247826], [-6.750358, 37.247823], [-6.750349, 37.247643], [-6.750461, 37.247639]]], [[[-6.750133, 37.24783], [-6.750227, 37.247466], [-6.75034, 37.247463], [-6.750349, 37.247643], [-6.750236, 37.247646], [-6.750245, 37.247826], [-6.750133, 37.24783]]], [[[-6.750484, 37.248089], [-6.750488, 37.248179], [-6.750375, 37.248182], [-6.750367, 37.248003], [-6.750479, 37.247999], [-6.750475, 37.247909], [-6.750587, 37.247906], [-6.750596, 37.248085], [-6.750484, 37.248089]]]]}, "properties": {"id": "donana-2023-167270-4128960", "ha": 0.87, "plastic_dates": 4.3, "valid_dates": 8.0, "admin_zone": "Zona A", "plan_zone": "Zona A - Suelo Forestal", "distance_to_irrigable_m": 32, "sigpac_ref": "21:46:0:0:17:30:7", "sigpac_use": "IV", "sigpac_irrigation_coef": 0, "sigpac_url": "https://sigpac-hubcloud.es/servicioconsultassigpac/query/recinfo/21/46/0/0/17/30/7.json", "declared_greenhouse_share": 1.0, "declared_irrigated_share": 0.0, "lon": -6.750979, "lat": 37.247848}}, {"type": "Feature", "geometry": {"type": "MultiPolygon", "coordinates": [[[[-6.752122, 37.272], [-6.752131, 37.27218], [-6.751906, 37.272188], [-6.751897, 37.272008], [-6.752122, 37.272]]], [[[-6.751784, 37.272011], [-6.751681, 37.272195], [-6.751568, 37.272198], [-6.751447, 37.272022], [-6.751334, 37.272026], [-6.75133, 37.271936], [-6.751217, 37.271939], [-6.751213, 37.271849], [-6.750987, 37.271856], [-6.75097, 37.271497], [-6.750632, 37.271507], [-6.750636, 37.271597], [-6.750524, 37.271601], [-6.750402, 37.271424], [-6.750177, 37.271432], [-6.750168, 37.271252], [-6.749943, 37.271259], [-6.74993, 37.270989], [-6.750042, 37.270985], [-6.750033, 37.270806], [-6.750259, 37.270798], [-6.750263, 37.270888], [-6.750601, 37.270878], [-6.750722, 37.271054], [-6.750947, 37.271047], [-6.750952, 37.271137], [-6.750727, 37.271144], [-6.75074, 37.271414], [-6.750853, 37.27141], [-6.750844, 37.27123], [-6.750956, 37.271227], [-6.750965, 37.271407], [-6.751078, 37.271403], [-6.751082, 37.271493], [-6.751307, 37.271486], [-6.751429, 37.271662], [-6.751654, 37.271655], [-6.751663, 37.271835], [-6.751892, 37.271918], [-6.751897, 37.272008], [-6.751784, 37.272011]]]]}, "properties": {"id": "donana-2023-167360-4131590", "ha": 0.86, "plastic_dates": 2.4, "valid_dates": 8.8, "admin_zone": "Zona C", "plan_zone": "Zona C - No regable", "distance_to_irrigable_m": 164, "sigpac_ref": "21:46:0:0:18:12:3", "sigpac_use": "IV", "sigpac_irrigation_coef": 0, "sigpac_url": "https://sigpac-hubcloud.es/servicioconsultassigpac/query/recinfo/21/46/0/0/18/12/3.json", "declared_greenhouse_share": 1.0, "declared_irrigated_share": 0.0, "lon": -6.751141, "lat": 37.271536}}, {"type": "Feature", "geometry": {"type": "MultiPolygon", "coordinates": [[[[-6.757296, 37.267242], [-6.757301, 37.267332], [-6.757751, 37.267317], [-6.757755, 37.267407], [-6.758093, 37.267397], [-6.758102, 37.267576], [-6.757989, 37.26758], [-6.758003, 37.26785], [-6.757778, 37.267857], [-6.757782, 37.267947], [-6.757669, 37.26795], [-6.757665, 37.267861], [-6.75744, 37.267868], [-6.757444, 37.267958], [-6.757332, 37.267961], [-6.757089, 37.267609], [-6.756414, 37.26763], [-6.756409, 37.26754], [-6.756184, 37.267547], [-6.756373, 37.266821], [-6.756598, 37.266813], [-6.756603, 37.266903], [-6.75649, 37.266907], [-6.756495, 37.266997], [-6.756607, 37.266993], [-6.756621, 37.267263], [-6.756508, 37.267267], [-6.756517, 37.267447], [-6.75663, 37.267443], [-6.756634, 37.267533], [-6.756855, 37.267436], [-6.756846, 37.267256], [-6.757296, 37.267242]]], [[[-6.756733, 37.26726], [-6.756729, 37.26717], [-6.756841, 37.267166], [-6.756846, 37.267256], [-6.756733, 37.26726]]]]}, "properties": {"id": "donana-2023-166800-4131150", "ha": 0.85, "plastic_dates": 4.0, "valid_dates": 8.7, "admin_zone": "Zona A", "plan_zone": "Zona A - Suelo Forestal", "distance_to_irrigable_m": 13, "sigpac_ref": "21:46:0:0:18:11:58", "sigpac_use": "IV", "sigpac_irrigation_coef": 0, "sigpac_url": "https://sigpac-hubcloud.es/servicioconsultassigpac/query/recinfo/21/46/0/0/18/11/58.json", "declared_greenhouse_share": 1.0, "declared_irrigated_share": 0.0, "lon": -6.757303, "lat": 37.267377}}, {"type": "Feature", "geometry": {"type": "Polygon", "coordinates": [[[-6.719692, 37.256719], [-6.719688, 37.256629], [-6.719238, 37.256643], [-6.719234, 37.256553], [-6.719008, 37.256561], [-6.718995, 37.256291], [-6.719108, 37.256287], [-6.719099, 37.256107], [-6.719211, 37.256104], [-6.719198, 37.255834], [-6.719311, 37.25583], [-6.719306, 37.25574], [-6.719981, 37.255719], [-6.719986, 37.255809], [-6.720211, 37.255802], [-6.720215, 37.255892], [-6.72044, 37.255885], [-6.720445, 37.255975], [-6.720557, 37.255971], [-6.720454, 37.256155], [-6.720341, 37.256158], [-6.720332, 37.255978], [-6.72022, 37.255982], [-6.720125, 37.256345], [-6.719904, 37.256442], [-6.719913, 37.256622], [-6.719801, 37.256626], [-6.719805, 37.256716], [-6.719692, 37.256719]], [[-6.719787, 37.256356], [-6.71945, 37.256366], [-6.719454, 37.256456], [-6.719342, 37.25646], [-6.719346, 37.25655], [-6.719684, 37.256539], [-6.719787, 37.256356]]]}, "properties": {"id": "donana-2023-170090-4129780", "ha": 0.85, "plastic_dates": 3.5, "valid_dates": 8.0, "admin_zone": "Zona A", "plan_zone": "Zona A - Suelo Forestal", "distance_to_irrigable_m": 18, "sigpac_ref": "21:46:0:0:10:123:51", "sigpac_use": "IV", "sigpac_irrigation_coef": 100, "sigpac_url": "https://sigpac-hubcloud.es/servicioconsultassigpac/query/recinfo/21/46/0/0/10/123/51.json", "declared_greenhouse_share": 0.67, "declared_irrigated_share": 0.65, "lon": -6.719612, "lat": 37.256226}}, {"type": "Feature", "geometry": {"type": "MultiPolygon", "coordinates": [[[[-6.785791, 37.260026], [-6.785903, 37.260023], [-6.785782, 37.259847], [-6.785894, 37.259843], [-6.785899, 37.259933], [-6.786349, 37.259919], [-6.786344, 37.259829], [-6.786457, 37.259825], [-6.786461, 37.259915], [-6.786574, 37.259911], [-6.786565, 37.259731], [-6.78701, 37.259627], [-6.787132, 37.259803], [-6.787245, 37.2598], [-6.787254, 37.25998], [-6.787028, 37.259987], [-6.786925, 37.26017], [-6.786812, 37.260174], [-6.786817, 37.260264], [-6.786704, 37.260267], [-6.786713, 37.260447], [-6.786493, 37.260545], [-6.786497, 37.260634], [-6.78616, 37.260645], [-6.786164, 37.260735], [-6.785935, 37.260652], [-6.78593, 37.260563], [-6.786043, 37.260559], [-6.786029, 37.260289], [-6.785804, 37.260296], [-6.785791, 37.260026]]], [[[-6.785809, 37.260386], [-6.785696, 37.26039], [-6.785692, 37.2603], [-6.785804, 37.260296], [-6.785809, 37.260386]]]]}, "properties": {"id": "donana-2023-164190-4130460", "ha": 0.81, "plastic_dates": 4.1, "valid_dates": 7.7, "admin_zone": "Zona C", "plan_zone": "Zona C - No regable", "distance_to_irrigable_m": 17, "sigpac_ref": "21:50:0:0:29:68:1", "sigpac_use": "IV", "sigpac_irrigation_coef": 100, "sigpac_url": "https://sigpac-hubcloud.es/servicioconsultassigpac/query/recinfo/21/50/0/0/29/68/1.json", "declared_greenhouse_share": 1.0, "declared_irrigated_share": 0.98, "lon": -6.786308, "lat": 37.260235}}, {"type": "Feature", "geometry": {"type": "MultiPolygon", "coordinates": [[[[-6.795096, 37.285943], [-6.795082, 37.285674], [-6.795757, 37.285652], [-6.795762, 37.285742], [-6.795875, 37.285738], [-6.795906, 37.286368], [-6.796019, 37.286364], [-6.796023, 37.286454], [-6.795911, 37.286458], [-6.79592, 37.286638], [-6.795695, 37.286645], [-6.795699, 37.286735], [-6.795361, 37.286746], [-6.795357, 37.286656], [-6.795244, 37.286659], [-6.795235, 37.28648], [-6.795348, 37.286476], [-6.795343, 37.286386], [-6.795118, 37.286393], [-6.795109, 37.286213], [-6.794997, 37.286217], [-6.794983, 37.285947], [-6.795096, 37.285943]]], [[[-6.79487, 37.285951], [-6.794866, 37.285861], [-6.794979, 37.285857], [-6.794983, 37.285947], [-6.79487, 37.285951]]]]}, "properties": {"id": "donana-2023-163490-4133390", "ha": 0.8, "plastic_dates": 4.1, "valid_dates": 9.0, "admin_zone": "Zona C", "plan_zone": "Zona C - No regable", "distance_to_irrigable_m": 103, "sigpac_ref": "21:50:0:0:9:139:3", "sigpac_use": "IV", "sigpac_irrigation_coef": 100, "sigpac_url": "https://sigpac-hubcloud.es/servicioconsultassigpac/query/recinfo/21/50/0/0/9/139/3.json", "declared_greenhouse_share": 1.0, "declared_irrigated_share": 0.93, "lon": -6.795508, "lat": 37.286291}}, {"type": "Feature", "geometry": {"type": "MultiPolygon", "coordinates": [[[[-6.768706, 37.276788], [-6.768702, 37.276698], [-6.768589, 37.276702], [-6.768585, 37.276612], [-6.768472, 37.276615], [-6.768459, 37.276346], [-6.768905, 37.276241], [-6.7689, 37.276151], [-6.769238, 37.276141], [-6.769233, 37.276051], [-6.769346, 37.276047], [-6.769355, 37.276227], [-6.769805, 37.276213], [-6.769801, 37.276123], [-6.769913, 37.276119], [-6.769936, 37.276569], [-6.770048, 37.276565], [-6.770057, 37.276745], [-6.769832, 37.276752], [-6.769841, 37.276932], [-6.769616, 37.276939], [-6.769611, 37.276849], [-6.769499, 37.276853], [-6.769476, 37.276403], [-6.769364, 37.276407], [-6.769373, 37.276587], [-6.76926, 37.27659], [-6.769265, 37.27668], [-6.768814, 37.276695], [-6.768819, 37.276785], [-6.768706, 37.276788]]], [[[-6.769157, 37.276774], [-6.769053, 37.276957], [-6.768941, 37.276961], [-6.768819, 37.276785], [-6.769157, 37.276774]]]]}, "properties": {"id": "donana-2023-165810-4132210", "ha": 0.8, "plastic_dates": 4.4, "valid_dates": 6.7, "admin_zone": "Zona C", "plan_zone": "Zona C - No regable", "distance_to_irrigable_m": 64, "sigpac_ref": "21:50:0:0:10:101:18", "sigpac_use": "IV", "sigpac_irrigation_coef": 0, "sigpac_url": "https://sigpac-hubcloud.es/servicioconsultassigpac/query/recinfo/21/50/0/0/10/101/18.json", "declared_greenhouse_share": 1.0, "declared_irrigated_share": 0.26, "lon": -6.768918, "lat": 37.276511}}, {"type": "Feature", "geometry": {"type": "Polygon", "coordinates": [[[-6.736688, 37.258526], [-6.736683, 37.258436], [-6.736458, 37.258443], [-6.736454, 37.258353], [-6.736229, 37.25836], [-6.736224, 37.25827], [-6.735999, 37.258277], [-6.735995, 37.258187], [-6.735882, 37.258191], [-6.735873, 37.258011], [-6.735986, 37.258007], [-6.735977, 37.257827], [-6.736089, 37.257824], [-6.736085, 37.257734], [-6.73631, 37.257727], [-6.736315, 37.257817], [-6.73654, 37.25781], [-6.736544, 37.2579], [-6.736882, 37.257889], [-6.736886, 37.257979], [-6.737336, 37.257965], [-6.737341, 37.258055], [-6.737453, 37.258051], [-6.737462, 37.258231], [-6.737241, 37.258328], [-6.73725, 37.258508], [-6.736688, 37.258526]]]}, "properties": {"id": "donana-2023-168590-4130050", "ha": 0.77, "plastic_dates": 3.2, "valid_dates": 8.0, "admin_zone": "Zona C", "plan_zone": "Zona C - No regable", "distance_to_irrigable_m": 554, "sigpac_ref": "21:46:0:0:26:65:19", "sigpac_use": "IV", "sigpac_irrigation_coef": 0, "sigpac_url": "https://sigpac-hubcloud.es/servicioconsultassigpac/query/recinfo/21/46/0/0/26/65/19.json", "declared_greenhouse_share": 1.0, "declared_irrigated_share": 0.0, "lon": -6.736668, "lat": 37.258121}}, {"type": "Feature", "geometry": {"type": "Polygon", "coordinates": [[[-6.606555, 37.257161], [-6.60655, 37.257071], [-6.606438, 37.257075], [-6.606533, 37.256711], [-6.606758, 37.256704], [-6.60675, 37.256525], [-6.606971, 37.256428], [-6.606966, 37.256338], [-6.607191, 37.256331], [-6.607295, 37.256148], [-6.607408, 37.256144], [-6.607404, 37.256054], [-6.607516, 37.256051], [-6.607512, 37.255961], [-6.607737, 37.255954], [-6.607733, 37.255864], [-6.607845, 37.25586], [-6.607841, 37.255771], [-6.608178, 37.25576], [-6.608191, 37.25603], [-6.607966, 37.256037], [-6.607862, 37.25622], [-6.60775, 37.256224], [-6.607758, 37.256404], [-6.607538, 37.256501], [-6.607542, 37.25659], [-6.607429, 37.256594], [-6.607434, 37.256684], [-6.607208, 37.256691], [-6.607105, 37.256874], [-6.606992, 37.256878], [-6.606996, 37.256967], [-6.606884, 37.256971], [-6.606888, 37.257061], [-6.606775, 37.257064], [-6.60678, 37.257154], [-6.606555, 37.257161]]]}, "properties": {"id": "donana-2023-180060-4129420", "ha": 0.77, "plastic_dates": 6.0, "valid_dates": 9.1, "admin_zone": "Zona C", "plan_zone": "Zona C - No regable", "distance_to_irrigable_m": 32, "sigpac_ref": "21:5:0:0:39:1:12", "sigpac_use": "IV", "sigpac_irrigation_coef": 0, "sigpac_url": "https://sigpac-hubcloud.es/servicioconsultassigpac/query/recinfo/21/5/0/0/39/1/12.json", "declared_greenhouse_share": 1.0, "declared_irrigated_share": 0.0, "lon": -6.607254, "lat": 37.256464}}, {"type": "Feature", "geometry": {"type": "Polygon", "coordinates": [[[-6.738641, 37.227383], [-6.738645, 37.227473], [-6.73842, 37.22748], [-6.738411, 37.2273], [-6.738186, 37.227307], [-6.738178, 37.227128], [-6.737953, 37.227135], [-6.738047, 37.226771], [-6.738272, 37.226764], [-6.738259, 37.226494], [-6.738371, 37.226491], [-6.738367, 37.226401], [-6.738704, 37.22639], [-6.738709, 37.22648], [-6.739159, 37.226466], [-6.739172, 37.226736], [-6.73906, 37.226739], [-6.739069, 37.226919], [-6.738956, 37.226923], [-6.738961, 37.227013], [-6.738736, 37.22702], [-6.738753, 37.22738], [-6.738866, 37.227376], [-6.73887, 37.227466], [-6.738641, 37.227383]], [[-6.738619, 37.226933], [-6.738506, 37.226937], [-6.738511, 37.227027], [-6.738623, 37.227023], [-6.738619, 37.226933]], [[-6.738169, 37.226948], [-6.738056, 37.226951], [-6.738061, 37.227041], [-6.738173, 37.227038], [-6.738169, 37.226948]], [[-6.738389, 37.226851], [-6.738277, 37.226854], [-6.738281, 37.226944], [-6.738394, 37.226941], [-6.738389, 37.226851]]]}, "properties": {"id": "donana-2023-168260-4126600", "ha": 0.74, "plastic_dates": 4.0, "valid_dates": 9.0, "admin_zone": "Zona C", "plan_zone": "Zona C - No regable", "distance_to_irrigable_m": 18, "sigpac_ref": "21:46:0:0:12:6:88", "sigpac_use": "IV", "sigpac_irrigation_coef": 0, "sigpac_url": "https://sigpac-hubcloud.es/servicioconsultassigpac/query/recinfo/21/46/0/0/12/6/88.json", "declared_greenhouse_share": 1.0, "declared_irrigated_share": 0.0, "lon": -6.73879, "lat": 37.226973}}, {"type": "Feature", "geometry": {"type": "Polygon", "coordinates": [[[-6.736922, 37.249599], [-6.736918, 37.249509], [-6.736805, 37.249513], [-6.73677, 37.248793], [-6.737445, 37.248772], [-6.737549, 37.248589], [-6.737774, 37.248582], [-6.737787, 37.248851], [-6.737562, 37.248858], [-6.737566, 37.248948], [-6.737679, 37.248945], [-6.737688, 37.249125], [-6.737575, 37.249128], [-6.73758, 37.249218], [-6.737692, 37.249215], [-6.737706, 37.249485], [-6.737481, 37.249492], [-6.737485, 37.249582], [-6.736922, 37.249599]]]}, "properties": {"id": "donana-2023-168500-4129050", "ha": 0.73, "plastic_dates": 3.7, "valid_dates": 9.0, "admin_zone": "Zona C", "plan_zone": "Zona C - No regable", "distance_to_irrigable_m": 112, "sigpac_ref": "21:46:0:0:16:4:36", "sigpac_use": "IV", "sigpac_irrigation_coef": 100, "sigpac_url": "https://sigpac-hubcloud.es/servicioconsultassigpac/query/recinfo/21/46/0/0/16/4/36.json", "declared_greenhouse_share": 1.0, "declared_irrigated_share": 1.0, "lon": -6.737233, "lat": 37.249049}}, {"type": "Feature", "geometry": {"type": "MultiPolygon", "coordinates": [[[[-6.736051, 37.238816], [-6.736164, 37.238813], [-6.736173, 37.238993], [-6.73606, 37.238996], [-6.736065, 37.239086], [-6.735615, 37.2391], [-6.73561, 37.23901], [-6.735498, 37.239014], [-6.735493, 37.238924], [-6.735381, 37.238928], [-6.735385, 37.239017], [-6.73516, 37.239025], [-6.735156, 37.238935], [-6.735043, 37.238938], [-6.735039, 37.238848], [-6.735259, 37.238751], [-6.735264, 37.238841], [-6.735376, 37.238838], [-6.735372, 37.238748], [-6.735597, 37.238741], [-6.735583, 37.238471], [-6.735696, 37.238467], [-6.7357, 37.238557], [-6.735813, 37.238554], [-6.735817, 37.238643], [-6.73593, 37.23864], [-6.735934, 37.23873], [-6.736047, 37.238726], [-6.736051, 37.238816]], [[-6.735606, 37.23892], [-6.735718, 37.238917], [-6.735709, 37.238737], [-6.735597, 37.238741], [-6.735606, 37.23892]]], [[[-6.735692, 37.238377], [-6.735579, 37.238381], [-6.735575, 37.238291], [-6.7358, 37.238284], [-6.735791, 37.238104], [-6.736016, 37.238097], [-6.736011, 37.238007], [-6.736124, 37.238003], [-6.73602, 37.238187], [-6.736475, 37.238262], [-6.736483, 37.238442], [-6.736708, 37.238435], [-6.736713, 37.238525], [-6.736488, 37.238532], [-6.736492, 37.238622], [-6.73638, 37.238626], [-6.736389, 37.238806], [-6.736276, 37.238809], [-6.736267, 37.238629], [-6.736047, 37.238726], [-6.736042, 37.238636], [-6.73593, 37.23864], [-6.735925, 37.23855], [-6.735813, 37.238554], [-6.735808, 37.238464], [-6.735696, 37.238467], [-6.735692, 37.238377]]], [[[-6.735255, 37.238661], [-6.735367, 37.238658], [-6.735372, 37.238748], [-6.735259, 37.238751], [-6.735255, 37.238661]]], [[[-6.735502, 37.239104], [-6.73539, 37.239107], [-6.735385, 37.239017], [-6.735498, 37.239014], [-6.735502, 37.239104]]]]}, "properties": {"id": "donana-2023-168540-4127880", "ha": 0.73, "plastic_dates": 2.8, "valid_dates": 7.6, "admin_zone": "Zona A", "plan_zone": "Zona A - Suelo Forestal", "distance_to_irrigable_m": 153, "sigpac_ref": "21:46:0:0:16:6:12", "sigpac_use": "IV", "sigpac_irrigation_coef": 100, "sigpac_url": "https://sigpac-hubcloud.es/servicioconsultassigpac/query/recinfo/21/46/0/0/16/6/12.json", "declared_greenhouse_share": 1.0, "declared_irrigated_share": 1.0, "lon": -6.736209, "lat": 37.238586}}, {"type": "Feature", "geometry": {"type": "Polygon", "coordinates": [[[-6.759852, 37.237071], [-6.759843, 37.236891], [-6.760064, 37.236794], [-6.760059, 37.236704], [-6.760284, 37.236697], [-6.76028, 37.236607], [-6.760617, 37.236596], [-6.760721, 37.236413], [-6.760946, 37.236406], [-6.760941, 37.236316], [-6.761391, 37.236301], [-6.761396, 37.236391], [-6.761508, 37.236388], [-6.761499, 37.236208], [-6.761724, 37.236201], [-6.76172, 37.236111], [-6.761832, 37.236107], [-6.761738, 37.23647], [-6.761517, 37.236568], [-6.761522, 37.236657], [-6.761409, 37.236661], [-6.761414, 37.236751], [-6.760743, 37.236862], [-6.760748, 37.236952], [-6.760298, 37.236967], [-6.760302, 37.237057], [-6.759852, 37.237071]]]}, "properties": {"id": "donana-2023-166340-4127750", "ha": 0.73, "plastic_dates": 5.2, "valid_dates": 8.0, "admin_zone": "Zona A", "plan_zone": "Zona A - Suelo Forestal", "distance_to_irrigable_m": 17, "sigpac_ref": "21:50:0:0:32:69:24", "sigpac_use": "IV", "sigpac_irrigation_coef": 100, "sigpac_url": "https://sigpac-hubcloud.es/servicioconsultassigpac/query/recinfo/21/50/0/0/32/69/24.json", "declared_greenhouse_share": 1.0, "declared_irrigated_share": 1.0, "lon": -6.760901, "lat": 37.236632}}, {"type": "Feature", "geometry": {"type": "Polygon", "coordinates": [[[-6.65823, 37.286205], [-6.658109, 37.286028], [-6.657884, 37.286035], [-6.657762, 37.285859], [-6.657537, 37.285866], [-6.657533, 37.285776], [-6.65742, 37.285779], [-6.657412, 37.285599], [-6.657749, 37.285589], [-6.657741, 37.285409], [-6.657628, 37.285412], [-6.657624, 37.285322], [-6.657736, 37.285319], [-6.657732, 37.285229], [-6.657957, 37.285222], [-6.657966, 37.285402], [-6.658303, 37.285392], [-6.658308, 37.285481], [-6.658533, 37.285474], [-6.658537, 37.285564], [-6.65865, 37.285561], [-6.658442, 37.285928], [-6.658667, 37.285921], [-6.658672, 37.286011], [-6.658784, 37.286007], [-6.658789, 37.286097], [-6.658676, 37.286101], [-6.658685, 37.286281], [-6.65823, 37.286205]]]}, "properties": {"id": "donana-2023-175680-4132850", "ha": 0.72, "plastic_dates": 5.5, "valid_dates": 9.0, "admin_zone": "Zona C", "plan_zone": "Zona C - No regable", "distance_to_irrigable_m": 17, "sigpac_ref": "21:14:0:0:10:226:1", "sigpac_use": "IV", "sigpac_irrigation_coef": 100, "sigpac_url": "https://sigpac-hubcloud.es/servicioconsultassigpac/query/recinfo/21/14/0/0/10/226/1.json", "declared_greenhouse_share": 1.0, "declared_irrigated_share": 0.97, "lon": -6.658042, "lat": 37.285805}}, {"type": "Feature", "geometry": {"type": "Polygon", "coordinates": [[[-6.766305, 37.237676], [-6.766192, 37.23768], [-6.766197, 37.23777], [-6.765859, 37.237781], [-6.765738, 37.237604], [-6.765625, 37.237608], [-6.765621, 37.237518], [-6.765508, 37.237522], [-6.765504, 37.237432], [-6.765391, 37.237435], [-6.765378, 37.237165], [-6.765491, 37.237162], [-6.765482, 37.236982], [-6.765707, 37.236975], [-6.765702, 37.236885], [-6.76604, 37.236874], [-6.766161, 37.23705], [-6.766616, 37.237126], [-6.766629, 37.237396], [-6.766408, 37.237493], [-6.766413, 37.237583], [-6.7663, 37.237586], [-6.766305, 37.237676]], [[-6.766296, 37.237496], [-6.766183, 37.2375], [-6.766188, 37.23759], [-6.7663, 37.237586], [-6.766296, 37.237496]], [[-6.765958, 37.237507], [-6.765846, 37.237511], [-6.76585, 37.237601], [-6.765963, 37.237597], [-6.765958, 37.237507]]]}, "properties": {"id": "donana-2023-165890-4127840", "ha": 0.72, "plastic_dates": 3.5, "valid_dates": 7.1, "admin_zone": "Zona C", "plan_zone": "Zona C - No regable", "distance_to_irrigable_m": 22, "sigpac_ref": "21:50:0:0:32:65:10", "sigpac_use": "IV", "sigpac_irrigation_coef": 100, "sigpac_url": "https://sigpac-hubcloud.es/servicioconsultassigpac/query/recinfo/21/50/0/0/32/65/10.json", "declared_greenhouse_share": 0.99, "declared_irrigated_share": 0.99, "lon": -6.766004, "lat": 37.237281}}, {"type": "Feature", "geometry": {"type": "MultiPolygon", "coordinates": [[[[-6.719885, 37.258335], [-6.719902, 37.258695], [-6.719677, 37.258702], [-6.719655, 37.258252], [-6.719543, 37.258255], [-6.719556, 37.258525], [-6.719335, 37.258622], [-6.71934, 37.258712], [-6.719115, 37.258719], [-6.719124, 37.258899], [-6.718899, 37.258906], [-6.718894, 37.258816], [-6.719007, 37.258813], [-6.718984, 37.258363], [-6.719097, 37.25836], [-6.719075, 37.25791], [-6.719187, 37.257906], [-6.719192, 37.257996], [-6.719754, 37.257978], [-6.719759, 37.258068], [-6.719984, 37.258061], [-6.719988, 37.258151], [-6.720213, 37.258144], [-6.720218, 37.258234], [-6.720105, 37.258238], [-6.72011, 37.258328], [-6.719885, 37.258335]]], [[[-6.72033, 37.258231], [-6.720353, 37.25868], [-6.720015, 37.258691], [-6.720011, 37.258601], [-6.720123, 37.258598], [-6.72011, 37.258328], [-6.720222, 37.258324], [-6.720218, 37.258234], [-6.72033, 37.258231]]]]}, "properties": {"id": "donana-2023-170130-4130030", "ha": 0.71, "plastic_dates": 3.2, "valid_dates": 8.0, "admin_zone": "Zona A", "plan_zone": "Zona A - Suelo Forestal", "distance_to_irrigable_m": 18, "sigpac_ref": "21:46:0:0:10:114:1", "sigpac_use": "IV", "sigpac_irrigation_coef": 36, "sigpac_url": "https://sigpac-hubcloud.es/servicioconsultassigpac/query/recinfo/21/46/0/0/10/114/1.json", "declared_greenhouse_share": 1.0, "declared_irrigated_share": 0.94, "lon": -6.71927, "lat": 37.258444}}, {"type": "Feature", "geometry": {"type": "Polygon", "coordinates": [[[-6.721373, 37.283963], [-6.721828, 37.284039], [-6.721832, 37.284129], [-6.721945, 37.284125], [-6.721954, 37.284305], [-6.721729, 37.284312], [-6.721737, 37.284492], [-6.721625, 37.284496], [-6.721629, 37.284586], [-6.7214, 37.284503], [-6.721404, 37.284593], [-6.721292, 37.284597], [-6.721431, 37.285133], [-6.721318, 37.285136], [-6.721323, 37.285226], [-6.721886, 37.285208], [-6.72189, 37.285298], [-6.720877, 37.28533], [-6.720872, 37.28524], [-6.720647, 37.285247], [-6.720638, 37.285068], [-6.720863, 37.28506], [-6.720855, 37.284881], [-6.721075, 37.284783], [-6.721058, 37.284424], [-6.72117, 37.28442], [-6.721161, 37.28424], [-6.721274, 37.284237], [-6.721269, 37.284147], [-6.721382, 37.284143], [-6.721373, 37.283963]], [[-6.721175, 37.28451], [-6.721287, 37.284507], [-6.721283, 37.284417], [-6.72117, 37.28442], [-6.721175, 37.28451]], [[-6.721386, 37.284233], [-6.721499, 37.28423], [-6.721495, 37.28414], [-6.721382, 37.284143], [-6.721386, 37.284233]], [[-6.72172, 37.284133], [-6.721607, 37.284136], [-6.721612, 37.284226], [-6.721724, 37.284223], [-6.72172, 37.284133]]]}, "properties": {"id": "donana-2023-170080-4132950", "ha": 0.7, "plastic_dates": 4.5, "valid_dates": 5.5, "admin_zone": "Zona C", "plan_zone": "Zona C - No regable", "distance_to_irrigable_m": 32, "sigpac_ref": "21:46:0:0:23:294:11", "sigpac_use": "IV", "sigpac_irrigation_coef": 0, "sigpac_url": "https://sigpac-hubcloud.es/servicioconsultassigpac/query/recinfo/21/46/0/0/23/294/11.json", "declared_greenhouse_share": 1.0, "declared_irrigated_share": 0.0, "lon": -6.721183, "lat": 37.28469}}, {"type": "Feature", "geometry": {"type": "Polygon", "coordinates": [[[-6.742494, 37.241495], [-6.742489, 37.241405], [-6.742377, 37.241409], [-6.742368, 37.241229], [-6.741918, 37.241243], [-6.741914, 37.241153], [-6.741689, 37.24116], [-6.74168, 37.240981], [-6.7419, 37.240884], [-6.741896, 37.240794], [-6.742008, 37.24079], [-6.741999, 37.24061], [-6.742224, 37.240603], [-6.74222, 37.240513], [-6.742332, 37.240509], [-6.742341, 37.240689], [-6.742571, 37.240772], [-6.742575, 37.240862], [-6.742688, 37.240859], [-6.742692, 37.240949], [-6.742805, 37.240945], [-6.742809, 37.241035], [-6.743372, 37.241017], [-6.743367, 37.240927], [-6.74348, 37.240924], [-6.743376, 37.241107], [-6.743039, 37.241118], [-6.742935, 37.241301], [-6.742823, 37.241305], [-6.742827, 37.241395], [-6.742714, 37.241398], [-6.742719, 37.241488], [-6.742494, 37.241495]]]}, "properties": {"id": "donana-2023-168020-4128170", "ha": 0.69, "plastic_dates": 4.6, "valid_dates": 8.8, "admin_zone": "Zona C", "plan_zone": "Zona C - No regable", "distance_to_irrigable_m": 16, "sigpac_ref": "21:46:0:0:16:5:54", "sigpac_use": "IV", "sigpac_irrigation_coef": 100, "sigpac_url": "https://sigpac-hubcloud.es/servicioconsultassigpac/query/recinfo/21/46/0/0/16/5/54.json", "declared_greenhouse_share": 0.99, "declared_irrigated_share": 0.96, "lon": -6.742244, "lat": 37.241008}}, {"type": "Feature", "geometry": {"type": "Polygon", "coordinates": [[[-6.710795, 37.275197], [-6.71079, 37.275107], [-6.710678, 37.27511], [-6.710673, 37.27502], [-6.710899, 37.275013], [-6.710894, 37.274923], [-6.710669, 37.274931], [-6.710548, 37.274754], [-6.710323, 37.274761], [-6.710318, 37.274671], [-6.710093, 37.274678], [-6.71008, 37.274408], [-6.7103, 37.274311], [-6.710287, 37.274042], [-6.710517, 37.274125], [-6.710521, 37.274214], [-6.710634, 37.274211], [-6.710638, 37.274301], [-6.710751, 37.274297], [-6.710755, 37.274387], [-6.710868, 37.274384], [-6.710872, 37.274474], [-6.710985, 37.27447], [-6.710993, 37.27465], [-6.711223, 37.274733], [-6.711227, 37.274823], [-6.71134, 37.274819], [-6.711245, 37.275183], [-6.71102, 37.27519], [-6.711024, 37.27528], [-6.710795, 37.275197]]]}, "properties": {"id": "donana-2023-170960-4131800", "ha": 0.67, "plastic_dates": 2.5, "valid_dates": 9.0, "admin_zone": "Zona C", "plan_zone": "Zona C - No regable", "distance_to_irrigable_m": 17, "sigpac_ref": "21:46:0:0:9:31:1", "sigpac_use": "IV", "sigpac_irrigation_coef": 100, "sigpac_url": "https://sigpac-hubcloud.es/servicioconsultassigpac/query/recinfo/21/46/0/0/9/31/1.json", "declared_greenhouse_share": 1.0, "declared_irrigated_share": 1.0, "lon": -6.710714, "lat": 37.274704}}, {"type": "Feature", "geometry": {"type": "Polygon", "coordinates": [[[-6.767982, 37.27582], [-6.767964, 37.27546], [-6.768076, 37.275457], [-6.768072, 37.275367], [-6.768522, 37.275353], [-6.768518, 37.275263], [-6.768743, 37.275255], [-6.768738, 37.275166], [-6.769076, 37.275155], [-6.769179, 37.274971], [-6.769517, 37.274961], [-6.769531, 37.27523], [-6.769756, 37.275223], [-6.769652, 37.275407], [-6.769427, 37.275414], [-6.769431, 37.275504], [-6.769319, 37.275507], [-6.769296, 37.275058], [-6.769184, 37.275061], [-6.769206, 37.275511], [-6.768761, 37.275615], [-6.768765, 37.275705], [-6.768315, 37.27572], [-6.768319, 37.27581], [-6.767982, 37.27582]]]}, "properties": {"id": "donana-2023-165830-4132080", "ha": 0.66, "plastic_dates": 4.8, "valid_dates": 6.7, "admin_zone": "Zona C", "plan_zone": "Zona C - No regable", "distance_to_irrigable_m": 11, "sigpac_ref": "21:50:0:0:10:101:11", "sigpac_use": "IV", "sigpac_irrigation_coef": 0, "sigpac_url": "https://sigpac-hubcloud.es/servicioconsultassigpac/query/recinfo/21/50/0/0/10/101/11.json", "declared_greenhouse_share": 1.0, "declared_irrigated_share": 0.0, "lon": -6.768637, "lat": 37.275394}}, {"type": "Feature", "geometry": {"type": "MultiPolygon", "coordinates": [[[[-6.710634, 37.278805], [-6.710643, 37.278985], [-6.710755, 37.278982], [-6.710769, 37.279252], [-6.710998, 37.279335], [-6.711003, 37.279425], [-6.71044, 37.279442], [-6.710318, 37.279266], [-6.710206, 37.279269], [-6.710201, 37.279179], [-6.710089, 37.279183], [-6.709881, 37.27955], [-6.709652, 37.279467], [-6.709647, 37.279377], [-6.709535, 37.279381], [-6.709526, 37.279201], [-6.709639, 37.279197], [-6.709634, 37.279107], [-6.709972, 37.279097], [-6.709963, 37.278917], [-6.710634, 37.278805]], [[-6.709976, 37.279186], [-6.709864, 37.27919], [-6.709868, 37.27928], [-6.709981, 37.279276], [-6.709976, 37.279186]]], [[[-6.709734, 37.278834], [-6.70972, 37.278564], [-6.709833, 37.27856], [-6.709842, 37.27874], [-6.709954, 37.278737], [-6.709941, 37.278467], [-6.710054, 37.278463], [-6.710058, 37.278553], [-6.710171, 37.27855], [-6.710184, 37.27882], [-6.709959, 37.278827], [-6.709963, 37.278917], [-6.709734, 37.278834]]]]}, "properties": {"id": "donana-2023-171010-4132280", "ha": 0.65, "plastic_dates": 3.3, "valid_dates": 7.2, "admin_zone": "Zona A", "plan_zone": "Zona A - Suelo Forestal", "distance_to_irrigable_m": 17, "sigpac_ref": "21:46:0:0:9:29:42", "sigpac_use": "IV", "sigpac_irrigation_coef": 100, "sigpac_url": "https://sigpac-hubcloud.es/servicioconsultassigpac/query/recinfo/21/46/0/0/9/29/42.json", "declared_greenhouse_share": 1.0, "declared_irrigated_share": 1.0, "lon": -6.710364, "lat": 37.279039}}, {"type": "Feature", "geometry": {"type": "Polygon", "coordinates": [[[-6.723914, 37.228028], [-6.724026, 37.228024], [-6.72404, 37.228294], [-6.724265, 37.228287], [-6.724161, 37.228471], [-6.724386, 37.228464], [-6.724413, 37.229003], [-6.724525, 37.229], [-6.72453, 37.22909], [-6.724417, 37.229093], [-6.724426, 37.229273], [-6.724538, 37.22927], [-6.724543, 37.22936], [-6.724205, 37.22937], [-6.724102, 37.229554], [-6.723872, 37.229471], [-6.723868, 37.229381], [-6.723755, 37.229384], [-6.723751, 37.229294], [-6.723638, 37.229298], [-6.723634, 37.229208], [-6.723972, 37.229197], [-6.723967, 37.229107], [-6.72408, 37.229104], [-6.724075, 37.229014], [-6.72385, 37.229021], [-6.723855, 37.229111], [-6.723742, 37.229114], [-6.723724, 37.228755], [-6.723945, 37.228658], [-6.723914, 37.228028]], [[-6.723949, 37.228748], [-6.724062, 37.228744], [-6.724057, 37.228654], [-6.723945, 37.228658], [-6.723949, 37.228748]], [[-6.723837, 37.228751], [-6.723841, 37.228841], [-6.723954, 37.228838], [-6.723949, 37.228748], [-6.723837, 37.228751]]]}, "properties": {"id": "donana-2023-169570-4126750", "ha": 0.64, "plastic_dates": 3.3, "valid_dates": 10.0, "admin_zone": "Zona A", "plan_zone": "Zona A - Suelo Forestal", "distance_to_irrigable_m": 33, "sigpac_ref": "21:46:0:0:12:1:5", "sigpac_use": "IV", "sigpac_irrigation_coef": 100, "sigpac_url": "https://sigpac-hubcloud.es/servicioconsultassigpac/query/recinfo/21/46/0/0/12/1/5.json", "declared_greenhouse_share": 1.0, "declared_irrigated_share": 1.0, "lon": -6.724177, "lat": 37.228785}}, {"type": "Feature", "geometry": {"type": "Polygon", "coordinates": [[[-6.538451, 37.230118], [-6.538446, 37.230028], [-6.538559, 37.230025], [-6.53855, 37.229845], [-6.538438, 37.229848], [-6.538429, 37.229668], [-6.538317, 37.229672], [-6.538325, 37.229852], [-6.538096, 37.229769], [-6.538088, 37.229589], [-6.538309, 37.229492], [-6.538304, 37.229402], [-6.538417, 37.229399], [-6.538413, 37.229309], [-6.538525, 37.229305], [-6.538521, 37.229215], [-6.538633, 37.229212], [-6.538629, 37.229122], [-6.538404, 37.229129], [-6.5384, 37.229039], [-6.538738, 37.229029], [-6.53875, 37.229298], [-6.538863, 37.229295], [-6.538871, 37.229475], [-6.539321, 37.229462], [-6.539317, 37.229372], [-6.539429, 37.229368], [-6.539325, 37.229552], [-6.539213, 37.229555], [-6.539217, 37.229645], [-6.53933, 37.229642], [-6.539338, 37.229821], [-6.539225, 37.229825], [-6.539221, 37.229735], [-6.538996, 37.229742], [-6.539005, 37.229922], [-6.538784, 37.230018], [-6.538905, 37.230195], [-6.538451, 37.230118]], [[-6.53865, 37.229572], [-6.538538, 37.229575], [-6.538542, 37.229665], [-6.538654, 37.229662], [-6.53865, 37.229572]]]}, "properties": {"id": "donana-2023-186010-4126210", "ha": 0.64, "plastic_dates": 2.5, "valid_dates": 9.8, "admin_zone": "Zona C", "plan_zone": "Zona C - No regable", "distance_to_irrigable_m": 20, "sigpac_ref": "21:5:0:0:33:15:118", "sigpac_use": "IV", "sigpac_irrigation_coef": 0, "sigpac_url": "https://sigpac-hubcloud.es/servicioconsultassigpac/query/recinfo/21/5/0/0/33/15/118.json", "declared_greenhouse_share": 0.98, "declared_irrigated_share": 0.0, "lon": -6.538934, "lat": 37.229608}}, {"type": "Feature", "geometry": {"type": "Polygon", "coordinates": [[[-6.748903, 37.270751], [-6.748899, 37.270661], [-6.748786, 37.270665], [-6.748782, 37.270575], [-6.748557, 37.270582], [-6.748435, 37.270406], [-6.748323, 37.270409], [-6.748318, 37.270319], [-6.747868, 37.270334], [-6.747747, 37.270157], [-6.747409, 37.270168], [-6.747288, 37.269992], [-6.747175, 37.269995], [-6.747166, 37.269815], [-6.747387, 37.269718], [-6.747391, 37.269808], [-6.747841, 37.269794], [-6.74785, 37.269974], [-6.74808, 37.270057], [-6.748084, 37.270147], [-6.748305, 37.27005], [-6.748314, 37.270229], [-6.748535, 37.270132], [-6.748544, 37.270312], [-6.748769, 37.270305], [-6.74889, 37.270481], [-6.74934, 37.270467], [-6.749354, 37.270737], [-6.749129, 37.270744], [-6.749133, 37.270834], [-6.748903, 37.270751]]]}, "properties": {"id": "donana-2023-167620-4131440", "ha": 0.63, "plastic_dates": 3.5, "valid_dates": 8.0, "admin_zone": "Zona C", "plan_zone": "Zona C - No regable", "distance_to_irrigable_m": 162, "sigpac_ref": "21:46:0:0:18:12:3", "sigpac_use": "IV", "sigpac_irrigation_coef": 0, "sigpac_url": "https://sigpac-hubcloud.es/servicioconsultassigpac/query/recinfo/21/46/0/0/18/12/3.json", "declared_greenhouse_share": 1.0, "declared_irrigated_share": 0.0, "lon": -6.748204, "lat": 37.270278}}, {"type": "Feature", "geometry": {"type": "Polygon", "coordinates": [[[-6.715771, 37.268644], [-6.715649, 37.268468], [-6.715424, 37.268475], [-6.71542, 37.268385], [-6.715307, 37.268389], [-6.715303, 37.268299], [-6.715528, 37.268291], [-6.715407, 37.268115], [-6.715519, 37.268112], [-6.71551, 37.267932], [-6.715623, 37.267928], [-6.715614, 37.267748], [-6.716069, 37.267824], [-6.716073, 37.267914], [-6.716298, 37.267907], [-6.716303, 37.267997], [-6.716528, 37.26799], [-6.716532, 37.26808], [-6.71642, 37.268083], [-6.716428, 37.268263], [-6.716208, 37.26836], [-6.716217, 37.26854], [-6.715987, 37.268457], [-6.715996, 37.268637], [-6.715771, 37.268644]]]}, "properties": {"id": "donana-2023-170470-4131100", "ha": 0.61, "plastic_dates": 4.1, "valid_dates": 8.0, "admin_zone": "Zona A", "plan_zone": "Zona A - Suelo Forestal", "distance_to_irrigable_m": 18, "sigpac_ref": "21:46:0:0:9:66:51", "sigpac_use": "IV", "sigpac_irrigation_coef": 0, "sigpac_url": "https://sigpac-hubcloud.es/servicioconsultassigpac/query/recinfo/21/46/0/0/9/66/51.json", "declared_greenhouse_share": 1.0, "declared_irrigated_share": 0.0, "lon": -6.715976, "lat": 37.268232}}, {"type": "Feature", "geometry": {"type": "MultiPolygon", "coordinates": [[[[-6.653195, 37.319604], [-6.653182, 37.319334], [-6.653295, 37.31933], [-6.653286, 37.319151], [-6.653399, 37.319147], [-6.653312, 37.31969], [-6.653199, 37.319694], [-6.653208, 37.319874], [-6.653096, 37.319877], [-6.6531, 37.319967], [-6.65287, 37.319884], [-6.652974, 37.319701], [-6.653195, 37.319604]]], [[[-6.652862, 37.319704], [-6.652853, 37.319524], [-6.652628, 37.319531], [-6.652641, 37.319801], [-6.652415, 37.319808], [-6.652411, 37.319718], [-6.652524, 37.319715], [-6.652506, 37.319355], [-6.652619, 37.319351], [-6.652597, 37.318902], [-6.65271, 37.318898], [-6.652692, 37.318538], [-6.652805, 37.318535], [-6.652787, 37.318175], [-6.653013, 37.318168], [-6.653017, 37.318258], [-6.65313, 37.318254], [-6.653134, 37.318344], [-6.653021, 37.318348], [-6.653035, 37.318618], [-6.652922, 37.318621], [-6.652935, 37.318891], [-6.652822, 37.318895], [-6.652835, 37.319164], [-6.653173, 37.319154], [-6.653178, 37.319244], [-6.652952, 37.319251], [-6.652974, 37.319701], [-6.652862, 37.319704]]]]}, "properties": {"id": "donana-2023-176300-4136520", "ha": 0.6, "plastic_dates": 4.3, "valid_dates": 8.7, "admin_zone": "Zona C", "plan_zone": "Zona C - No regable", "distance_to_irrigable_m": 18, "sigpac_ref": "21:14:0:0:7:125:2", "sigpac_use": "IV", "sigpac_irrigation_coef": 100, "sigpac_url": "https://sigpac-hubcloud.es/servicioconsultassigpac/query/recinfo/21/14/0/0/7/125/2.json", "declared_greenhouse_share": 0.98, "declared_irrigated_share": 0.67, "lon": -6.652716, "lat": 37.319033}}, {"type": "Feature", "geometry": {"type": "Polygon", "coordinates": [[[-6.749879, 37.274504], [-6.749857, 37.274054], [-6.750194, 37.274044], [-6.750185, 37.273864], [-6.750636, 37.273849], [-6.75064, 37.273939], [-6.750865, 37.273932], [-6.75087, 37.274022], [-6.750982, 37.274019], [-6.751, 37.274378], [-6.750887, 37.274382], [-6.750892, 37.274472], [-6.749879, 37.274504]]]}, "properties": {"id": "donana-2023-167440-4131890", "ha": 0.59, "plastic_dates": 4.5, "valid_dates": 8.0, "admin_zone": "Zona A", "plan_zone": "Zona A - Suelo Forestal", "distance_to_irrigable_m": 18, "sigpac_ref": "21:46:0:0:19:51:35", "sigpac_use": "IV", "sigpac_irrigation_coef": 5, "sigpac_url": "https://sigpac-hubcloud.es/servicioconsultassigpac/query/recinfo/21/46/0/0/19/51/35.json", "declared_greenhouse_share": 1.0, "declared_irrigated_share": 1.0, "lon": -6.750428, "lat": 37.274216}}, {"type": "Feature", "geometry": {"type": "Polygon", "coordinates": [[[-6.793583, 37.287253], [-6.793569, 37.286983], [-6.793457, 37.286987], [-6.79356, 37.286804], [-6.793448, 37.286807], [-6.793416, 37.286178], [-6.793641, 37.28617], [-6.793646, 37.28626], [-6.793533, 37.286264], [-6.793547, 37.286534], [-6.793767, 37.286437], [-6.793763, 37.286347], [-6.793988, 37.286339], [-6.794002, 37.286609], [-6.793889, 37.286613], [-6.793894, 37.286703], [-6.794119, 37.286696], [-6.794132, 37.286965], [-6.794245, 37.286962], [-6.794038, 37.287329], [-6.794263, 37.287322], [-6.794267, 37.287411], [-6.793817, 37.287426], [-6.793822, 37.287516], [-6.793709, 37.287519], [-6.793696, 37.28725], [-6.793583, 37.287253]], [[-6.793808, 37.287246], [-6.793804, 37.287156], [-6.793691, 37.28716], [-6.793696, 37.28725], [-6.793808, 37.287246]], [[-6.793813, 37.287336], [-6.793925, 37.287332], [-6.793921, 37.287242], [-6.793808, 37.287246], [-6.793813, 37.287336]], [[-6.793781, 37.286706], [-6.793668, 37.28671], [-6.793673, 37.2868], [-6.793786, 37.286796], [-6.793781, 37.286706]]]}, "properties": {"id": "donana-2023-163640-4133440", "ha": 0.58, "plastic_dates": 3.5, "valid_dates": 8.8, "admin_zone": "Zona C", "plan_zone": "Zona C - No regable", "distance_to_irrigable_m": 50, "sigpac_ref": "21:50:0:0:9:139:5", "sigpac_use": "IV", "sigpac_irrigation_coef": 100, "sigpac_url": "https://sigpac-hubcloud.es/servicioconsultassigpac/query/recinfo/21/50/0/0/9/139/5.json", "declared_greenhouse_share": 1.0, "declared_irrigated_share": 1.0, "lon": -6.793844, "lat": 37.28684}}, {"type": "Feature", "geometry": {"type": "MultiPolygon", "coordinates": [[[[-6.799803, 37.222641], [-6.799573, 37.222558], [-6.799564, 37.222379], [-6.799677, 37.222375], [-6.799681, 37.222465], [-6.799794, 37.222461], [-6.799803, 37.222641]]], [[[-6.799663, 37.222105], [-6.799551, 37.222109], [-6.79956, 37.222289], [-6.799447, 37.222292], [-6.799438, 37.222112], [-6.799658, 37.222015], [-6.799654, 37.221925], [-6.799429, 37.221932], [-6.79942, 37.221753], [-6.799308, 37.221756], [-6.799298, 37.221576], [-6.799523, 37.221569], [-6.799519, 37.221479], [-6.799182, 37.22149], [-6.799177, 37.2214], [-6.799627, 37.221386], [-6.799631, 37.221476], [-6.799744, 37.221472], [-6.799739, 37.221382], [-6.800077, 37.221371], [-6.80009, 37.221641], [-6.799978, 37.221645], [-6.800014, 37.222364], [-6.799794, 37.222461], [-6.799789, 37.222371], [-6.799677, 37.222375], [-6.799663, 37.222105]]]]}, "properties": {"id": "donana-2023-162830-4126270", "ha": 0.58, "plastic_dates": 3.3, "valid_dates": 7.1, "admin_zone": "Zona A", "plan_zone": "Zona A - Suelo Forestal", "distance_to_irrigable_m": 17, "sigpac_ref": "21:50:0:0:33:30:5", "sigpac_use": "IV", "sigpac_irrigation_coef": 100, "sigpac_url": "https://sigpac-hubcloud.es/servicioconsultassigpac/query/recinfo/21/50/0/0/33/30/5.json", "declared_greenhouse_share": 0.57, "declared_irrigated_share": 1.0, "lon": -6.799773, "lat": 37.222057}}, {"type": "Feature", "geometry": {"type": "Polygon", "coordinates": [[[-6.746172, 37.279306], [-6.746149, 37.278856], [-6.746374, 37.278849], [-6.746357, 37.27849], [-6.746582, 37.278482], [-6.746577, 37.278392], [-6.74669, 37.278389], [-6.746676, 37.278119], [-6.747014, 37.278108], [-6.747019, 37.278198], [-6.746793, 37.278205], [-6.746798, 37.278295], [-6.747136, 37.278285], [-6.74714, 37.278375], [-6.747253, 37.278371], [-6.747262, 37.278551], [-6.746811, 37.278565], [-6.746816, 37.278655], [-6.746591, 37.278662], [-6.746595, 37.278752], [-6.746708, 37.278749], [-6.746717, 37.278929], [-6.746829, 37.278925], [-6.74682, 37.278745], [-6.747045, 37.278738], [-6.747059, 37.279008], [-6.746838, 37.279105], [-6.746843, 37.279195], [-6.746617, 37.279202], [-6.746604, 37.278932], [-6.746379, 37.278939], [-6.746397, 37.279299], [-6.746172, 37.279306]]]}, "properties": {"id": "donana-2023-167810-4132370", "ha": 0.57, "plastic_dates": 3.4, "valid_dates": 8.4, "admin_zone": "Zona A", "plan_zone": "Zona A - Suelo Forestal", "distance_to_irrigable_m": 33, "sigpac_ref": "21:46:0:0:19:7:5", "sigpac_use": "IV", "sigpac_irrigation_coef": 21, "sigpac_url": "https://sigpac-hubcloud.es/servicioconsultassigpac/query/recinfo/21/46/0/0/19/7/5.json", "declared_greenhouse_share": 1.0, "declared_irrigated_share": 1.0, "lon": -6.74648, "lat": 37.278711}}, {"type": "Feature", "geometry": {"type": "Polygon", "coordinates": [[[-6.738809, 37.248999], [-6.738804, 37.248909], [-6.738692, 37.248913], [-6.738696, 37.249003], [-6.738471, 37.24901], [-6.738467, 37.24892], [-6.738354, 37.248924], [-6.738431, 37.2482], [-6.738768, 37.24819], [-6.738782, 37.24846], [-6.739236, 37.248535], [-6.739241, 37.248625], [-6.739466, 37.248618], [-6.739479, 37.248888], [-6.739142, 37.248899], [-6.739146, 37.248989], [-6.738809, 37.248999]]]}, "properties": {"id": "donana-2023-168360-4129000", "ha": 0.57, "plastic_dates": 6.1, "valid_dates": 9.0, "admin_zone": "Zona C", "plan_zone": "Zona C - No regable", "distance_to_irrigable_m": 14, "sigpac_ref": "21:46:0:0:16:4:3", "sigpac_use": "IV", "sigpac_irrigation_coef": 100, "sigpac_url": "https://sigpac-hubcloud.es/servicioconsultassigpac/query/recinfo/21/46/0/0/16/4/3.json", "declared_greenhouse_share": 1.0, "declared_irrigated_share": 1.0, "lon": -6.738789, "lat": 37.248594}}, {"type": "Feature", "geometry": {"type": "Polygon", "coordinates": [[[-6.842619, 37.207294], [-6.842498, 37.207118], [-6.842385, 37.207122], [-6.842381, 37.207032], [-6.842493, 37.207028], [-6.842484, 37.206848], [-6.842371, 37.206852], [-6.842367, 37.206762], [-6.842479, 37.206758], [-6.842475, 37.206668], [-6.842362, 37.206672], [-6.842353, 37.206492], [-6.842241, 37.206496], [-6.842227, 37.206226], [-6.842115, 37.20623], [-6.842218, 37.206046], [-6.842443, 37.206039], [-6.842452, 37.206219], [-6.842681, 37.206301], [-6.842691, 37.206481], [-6.842803, 37.206478], [-6.842812, 37.206658], [-6.843042, 37.20674], [-6.843051, 37.20692], [-6.843163, 37.206916], [-6.843177, 37.207186], [-6.842839, 37.207197], [-6.842844, 37.207287], [-6.842619, 37.207294]], [[-6.842695, 37.206571], [-6.842583, 37.206575], [-6.842587, 37.206665], [-6.8427, 37.206661], [-6.842695, 37.206571]], [[-6.842569, 37.206305], [-6.842456, 37.206309], [-6.842466, 37.206489], [-6.842578, 37.206485], [-6.842569, 37.206305]]]}, "properties": {"id": "donana-2023-158950-4124720", "ha": 0.57, "plastic_dates": 3.8, "valid_dates": 7.3, "admin_zone": "Zona A", "plan_zone": "Zona A - RedNatura2000", "distance_to_irrigable_m": 442, "sigpac_ref": "21:50:0:0:35:21:2", "sigpac_use": "IV", "sigpac_irrigation_coef": 100, "sigpac_url": "https://sigpac-hubcloud.es/servicioconsultassigpac/query/recinfo/21/50/0/0/35/21/2.json", "declared_greenhouse_share": 0.96, "declared_irrigated_share": 0.96, "lon": -6.842702, "lat": 37.206706}}, {"type": "Feature", "geometry": {"type": "MultiPolygon", "coordinates": [[[[-6.712589, 37.288744], [-6.712476, 37.288748], [-6.71248, 37.288838], [-6.712255, 37.288845], [-6.712251, 37.288755], [-6.712138, 37.288758], [-6.712129, 37.288578], [-6.712017, 37.288582], [-6.712021, 37.288672], [-6.711683, 37.288682], [-6.711679, 37.288592], [-6.711341, 37.288603], [-6.711337, 37.288513], [-6.711449, 37.28851], [-6.711441, 37.28833], [-6.711553, 37.288326], [-6.711549, 37.288236], [-6.711999, 37.288222], [-6.712103, 37.288039], [-6.712215, 37.288035], [-6.712112, 37.288218], [-6.712224, 37.288215], [-6.712229, 37.288305], [-6.712566, 37.288294], [-6.712589, 37.288744]], [[-6.712242, 37.288575], [-6.712233, 37.288395], [-6.712121, 37.288398], [-6.712129, 37.288578], [-6.712242, 37.288575]]], [[[-6.713012, 37.28819], [-6.713017, 37.28828], [-6.712566, 37.288294], [-6.712562, 37.288204], [-6.713012, 37.28819]]], [[[-6.712337, 37.288211], [-6.712332, 37.288121], [-6.712558, 37.288114], [-6.712562, 37.288204], [-6.712337, 37.288211]]]]}, "properties": {"id": "donana-2023-170930-4133330", "ha": 0.56, "plastic_dates": 3.0, "valid_dates": 8.9, "admin_zone": "Zona C", "plan_zone": "Zona C - No regable", "distance_to_irrigable_m": 14, "sigpac_ref": "21:46:0:0:9:4:54", "sigpac_use": "TA", "sigpac_irrigation_coef": 0, "sigpac_url": "https://sigpac-hubcloud.es/servicioconsultassigpac/query/recinfo/21/46/0/0/9/4/54.json", "declared_greenhouse_share": 0.0, "declared_irrigated_share": 0.0, "lon": -6.711785, "lat": 37.288454}}, {"type": "Feature", "geometry": {"type": "MultiPolygon", "coordinates": [[[[-6.710279, 37.239447], [-6.7104, 37.239624], [-6.710513, 37.23962], [-6.710508, 37.23953], [-6.710733, 37.239523], [-6.710742, 37.239703], [-6.710854, 37.2397], [-6.710846, 37.23952], [-6.710958, 37.239516], [-6.710954, 37.239426], [-6.711179, 37.239419], [-6.711183, 37.239509], [-6.711521, 37.239499], [-6.711525, 37.239589], [-6.71175, 37.239581], [-6.711646, 37.239765], [-6.711084, 37.239783], [-6.711093, 37.239962], [-6.71098, 37.239966], [-6.710985, 37.240056], [-6.710872, 37.240059], [-6.710863, 37.23988], [-6.710413, 37.239894], [-6.710409, 37.239804], [-6.710184, 37.239811], [-6.709941, 37.239458], [-6.710279, 37.239447]]], [[[-6.709721, 37.239555], [-6.709707, 37.239285], [-6.709937, 37.239368], [-6.709941, 37.239458], [-6.709721, 37.239555]]]]}, "properties": {"id": "donana-2023-170760-4127910", "ha": 0.56, "plastic_dates": 2.9, "valid_dates": 9.0, "admin_zone": "Zona A", "plan_zone": "Zona A - Suelo Forestal", "distance_to_irrigable_m": 20, "sigpac_ref": "21:46:0:0:9:108:3", "sigpac_use": "IV", "sigpac_irrigation_coef": 100, "sigpac_url": "https://sigpac-hubcloud.es/servicioconsultassigpac/query/recinfo/21/46/0/0/9/108/3.json", "declared_greenhouse_share": 1.0, "declared_irrigated_share": 1.0, "lon": -6.711302, "lat": 37.239641}}, {"type": "Feature", "geometry": {"type": "MultiPolygon", "coordinates": [[[[-6.753726, 37.254382], [-6.753614, 37.254386], [-6.753605, 37.254206], [-6.75338, 37.254213], [-6.753393, 37.254483], [-6.753281, 37.254487], [-6.753267, 37.254217], [-6.753042, 37.254224], [-6.752912, 37.253868], [-6.753024, 37.253864], [-6.753015, 37.253684], [-6.753245, 37.253767], [-6.753348, 37.253584], [-6.753578, 37.253666], [-6.753569, 37.253486], [-6.753794, 37.253479], [-6.753803, 37.253659], [-6.754032, 37.253742], [-6.754037, 37.253832], [-6.754149, 37.253828], [-6.754154, 37.253918], [-6.753816, 37.253929], [-6.753812, 37.253839], [-6.753699, 37.253843], [-6.753704, 37.253933], [-6.753591, 37.253936], [-6.753596, 37.254026], [-6.753708, 37.254023], [-6.753726, 37.254382]]], [[[-6.753821, 37.254019], [-6.753708, 37.254023], [-6.753704, 37.253933], [-6.753816, 37.253929], [-6.753821, 37.254019]]]]}, "properties": {"id": "donana-2023-167100-4129650", "ha": 0.55, "plastic_dates": 2.1, "valid_dates": 8.0, "admin_zone": "Zona C", "plan_zone": "Zona C - No regable", "distance_to_irrigable_m": 97, "sigpac_ref": "21:46:0:0:18:46:4", "sigpac_use": "IV", "sigpac_irrigation_coef": 0, "sigpac_url": "https://sigpac-hubcloud.es/servicioconsultassigpac/query/recinfo/21/46/0/0/18/46/4.json", "declared_greenhouse_share": 0.98, "declared_irrigated_share": 0.0, "lon": -6.753256, "lat": 37.253992}}, {"type": "Feature", "geometry": {"type": "Polygon", "coordinates": [[[-6.737347, 37.239946], [-6.737351, 37.240036], [-6.737239, 37.24004], [-6.73723, 37.23986], [-6.737117, 37.239864], [-6.737095, 37.239414], [-6.737207, 37.23941], [-6.73719, 37.239051], [-6.737302, 37.239047], [-6.737293, 37.238867], [-6.737631, 37.238856], [-6.737734, 37.238673], [-6.737847, 37.238669], [-6.737865, 37.239029], [-6.737644, 37.239126], [-6.737653, 37.239306], [-6.73754, 37.23931], [-6.737662, 37.239486], [-6.737549, 37.23949], [-6.737576, 37.240029], [-6.737347, 37.239946]]]}, "properties": {"id": "donana-2023-168440-4127970", "ha": 0.55, "plastic_dates": 4.9, "valid_dates": 9.0, "admin_zone": "Zona C", "plan_zone": "Zona C - No regable", "distance_to_irrigable_m": 56, "sigpac_ref": "21:46:0:0:16:6:38", "sigpac_use": "IV", "sigpac_irrigation_coef": 100, "sigpac_url": "https://sigpac-hubcloud.es/servicioconsultassigpac/query/recinfo/21/46/0/0/16/6/38.json", "declared_greenhouse_share": 1.0, "declared_irrigated_share": 1.0, "lon": -6.737374, "lat": 37.23936}}, {"type": "Feature", "geometry": {"type": "Polygon", "coordinates": [[[-6.472526, 37.202881], [-6.472522, 37.202791], [-6.472409, 37.202794], [-6.472405, 37.202704], [-6.47218, 37.202711], [-6.472059, 37.202534], [-6.471834, 37.202541], [-6.471822, 37.202271], [-6.471709, 37.202274], [-6.471701, 37.202094], [-6.471922, 37.201998], [-6.471918, 37.201908], [-6.472368, 37.201894], [-6.472489, 37.202071], [-6.472601, 37.202068], [-6.472605, 37.202158], [-6.47238, 37.202164], [-6.472389, 37.202344], [-6.472613, 37.202338], [-6.472622, 37.202518], [-6.472509, 37.202521], [-6.472513, 37.202611], [-6.472626, 37.202608], [-6.472638, 37.202878], [-6.472751, 37.202874], [-6.472755, 37.202964], [-6.472526, 37.202881]]]}, "properties": {"id": "donana-2023-191820-4122980", "ha": 0.55, "plastic_dates": 3.7, "valid_dates": 10.0, "admin_zone": "Zona B", "plan_zone": "Zona B - No regable", "distance_to_irrigable_m": 23, "sigpac_ref": "21:5:0:0:47:48:1", "sigpac_use": "IV", "sigpac_irrigation_coef": 0, "sigpac_url": "https://sigpac-hubcloud.es/servicioconsultassigpac/query/recinfo/21/5/0/0/47/48/1.json", "declared_greenhouse_share": 1.0, "declared_irrigated_share": 0.0, "lon": -6.472224, "lat": 37.202439}}, {"type": "Feature", "geometry": {"type": "Polygon", "coordinates": [[[-6.79329, 37.285911], [-6.793286, 37.285821], [-6.793173, 37.285825], [-6.793159, 37.285555], [-6.79293, 37.285472], [-6.792925, 37.285383], [-6.792813, 37.285386], [-6.792781, 37.284757], [-6.793011, 37.284839], [-6.793015, 37.284929], [-6.793353, 37.284918], [-6.793357, 37.285008], [-6.793132, 37.285016], [-6.793137, 37.285106], [-6.793362, 37.285098], [-6.793258, 37.285282], [-6.793484, 37.285275], [-6.793488, 37.285364], [-6.793601, 37.285361], [-6.793619, 37.285721], [-6.793731, 37.285717], [-6.79374, 37.285897], [-6.793511, 37.285814], [-6.79352, 37.285994], [-6.79329, 37.285911]]]}, "properties": {"id": "donana-2023-163690-4133280", "ha": 0.54, "plastic_dates": 4.0, "valid_dates": 8.9, "admin_zone": "Zona C", "plan_zone": "Zona C - No regable", "distance_to_irrigable_m": 12, "sigpac_ref": "21:50:0:0:9:144:2", "sigpac_use": "IV", "sigpac_irrigation_coef": 0, "sigpac_url": "https://sigpac-hubcloud.es/servicioconsultassigpac/query/recinfo/21/50/0/0/9/144/2.json", "declared_greenhouse_share": 1.0, "declared_irrigated_share": 0.0, "lon": -6.793265, "lat": 37.285417}}, {"type": "Feature", "geometry": {"type": "Polygon", "coordinates": [[[-6.700282, 37.283815], [-6.700278, 37.283725], [-6.700165, 37.283728], [-6.70017, 37.283818], [-6.699719, 37.283832], [-6.699688, 37.283203], [-6.699801, 37.283199], [-6.699805, 37.283289], [-6.700818, 37.283257], [-6.700832, 37.283527], [-6.700611, 37.283624], [-6.700615, 37.283714], [-6.700503, 37.283718], [-6.700507, 37.283808], [-6.700282, 37.283815]]]}, "properties": {"id": "donana-2023-171930-4132730", "ha": 0.54, "plastic_dates": 3.7, "valid_dates": 8.7, "admin_zone": "Zona C", "plan_zone": "Zona C - No regable", "distance_to_irrigable_m": 19, "sigpac_ref": "21:14:0:0:16:90:7", "sigpac_use": "IV", "sigpac_irrigation_coef": 100, "sigpac_url": "https://sigpac-hubcloud.es/servicioconsultassigpac/query/recinfo/21/14/0/0/16/90/7.json", "declared_greenhouse_share": 1.0, "declared_irrigated_share": 1.0, "lon": -6.700262, "lat": 37.28341}}, {"type": "Feature", "geometry": {"type": "Polygon", "coordinates": [[[-6.741868, 37.233407], [-6.741864, 37.233317], [-6.741639, 37.233324], [-6.741634, 37.233234], [-6.741747, 37.233231], [-6.741738, 37.233051], [-6.74185, 37.233047], [-6.741841, 37.232867], [-6.741954, 37.232864], [-6.741945, 37.232684], [-6.742058, 37.23268], [-6.742049, 37.232501], [-6.742161, 37.232497], [-6.742152, 37.232317], [-6.742265, 37.232314], [-6.742256, 37.232134], [-6.742368, 37.23213], [-6.742359, 37.23195], [-6.742584, 37.231943], [-6.742598, 37.232213], [-6.742485, 37.232216], [-6.742503, 37.232576], [-6.742391, 37.23258], [-6.742404, 37.23285], [-6.742291, 37.232853], [-6.7423, 37.233033], [-6.742188, 37.233037], [-6.742206, 37.233396], [-6.741868, 37.233407]]]}, "properties": {"id": "donana-2023-167990-4127260", "ha": 0.54, "plastic_dates": 6.6, "valid_dates": 9.1, "admin_zone": "Zona A", "plan_zone": "Zona A - Suelo Forestal", "distance_to_irrigable_m": 19, "sigpac_ref": "21:46:0:0:16:12:15", "sigpac_use": "IV", "sigpac_irrigation_coef": 21, "sigpac_url": "https://sigpac-hubcloud.es/servicioconsultassigpac/query/recinfo/21/46/0/0/16/12/15.json", "declared_greenhouse_share": 1.0, "declared_irrigated_share": 1.0, "lon": -6.742174, "lat": 37.232767}}, {"type": "Feature", "geometry": {"type": "Polygon", "coordinates": [[[-6.704224, 37.295223], [-6.70422, 37.295133], [-6.703995, 37.29514], [-6.70399, 37.29505], [-6.703878, 37.295053], [-6.703982, 37.29487], [-6.704094, 37.294866], [-6.704085, 37.294686], [-6.704198, 37.294683], [-6.704189, 37.294503], [-6.704644, 37.294579], [-6.704648, 37.294669], [-6.704874, 37.294662], [-6.704878, 37.294752], [-6.705103, 37.294745], [-6.705108, 37.294835], [-6.704995, 37.294838], [-6.705004, 37.295018], [-6.704891, 37.295022], [-6.704896, 37.295111], [-6.70467, 37.295119], [-6.704675, 37.295208], [-6.704224, 37.295223]]]}, "properties": {"id": "donana-2023-171600-4134020", "ha": 0.53, "plastic_dates": 5.6, "valid_dates": 8.5, "admin_zone": "Zona C", "plan_zone": "Zona C - No regable", "distance_to_irrigable_m": 21, "sigpac_ref": "21:46:0:0:8:245:2", "sigpac_use": "IV", "sigpac_irrigation_coef": 0, "sigpac_url": "https://sigpac-hubcloud.es/servicioconsultassigpac/query/recinfo/21/46/0/0/8/245/2.json", "declared_greenhouse_share": 1.0, "declared_irrigated_share": 0.0, "lon": -6.704491, "lat": 37.294899}}, {"type": "Feature", "geometry": {"type": "Polygon", "coordinates": [[[-6.748255, 37.271312], [-6.748246, 37.271132], [-6.748017, 37.27105], [-6.748012, 37.27096], [-6.747899, 37.270963], [-6.747895, 37.270873], [-6.747557, 37.270884], [-6.747548, 37.270704], [-6.747211, 37.270715], [-6.747206, 37.270625], [-6.747094, 37.270628], [-6.747085, 37.270449], [-6.74686, 37.270456], [-6.746855, 37.270366], [-6.74708, 37.270359], [-6.747076, 37.270269], [-6.747188, 37.270265], [-6.747193, 37.270355], [-6.747418, 37.270348], [-6.747423, 37.270438], [-6.747535, 37.270434], [-6.74754, 37.270524], [-6.74799, 37.27051], [-6.748111, 37.270686], [-6.748224, 37.270683], [-6.748228, 37.270773], [-6.748341, 37.270769], [-6.748345, 37.270859], [-6.74857, 37.270852], [-6.748579, 37.271032], [-6.748354, 37.271039], [-6.748368, 37.271309], [-6.748255, 37.271312]], [[-6.747882, 37.270604], [-6.747657, 37.270611], [-6.747661, 37.270701], [-6.747886, 37.270693], [-6.747882, 37.270604]]]}, "properties": {"id": "donana-2023-167640-4131500", "ha": 0.52, "plastic_dates": 2.8, "valid_dates": 8.0, "admin_zone": "Zona A", "plan_zone": "Zona A - Suelo Forestal", "distance_to_irrigable_m": 159, "sigpac_ref": "21:46:0:0:19:51:22", "sigpac_use": "IV", "sigpac_irrigation_coef": 0, "sigpac_url": "https://sigpac-hubcloud.es/servicioconsultassigpac/query/recinfo/21/46/0/0/19/51/22.json", "declared_greenhouse_share": 1.0, "declared_irrigated_share": 0.0, "lon": -6.747949, "lat": 37.270827}}, {"type": "Feature", "geometry": {"type": "Polygon", "coordinates": [[[-6.740764, 37.254343], [-6.740746, 37.253983], [-6.740633, 37.253986], [-6.740629, 37.253897], [-6.740741, 37.253893], [-6.740732, 37.253713], [-6.74062, 37.253717], [-6.740615, 37.253627], [-6.741065, 37.253612], [-6.741074, 37.253792], [-6.741299, 37.253785], [-6.741304, 37.253875], [-6.741641, 37.253865], [-6.741664, 37.254314], [-6.740764, 37.254343]], [[-6.740957, 37.253706], [-6.740845, 37.25371], [-6.740849, 37.253799], [-6.740962, 37.253796], [-6.740957, 37.253706]]]}, "properties": {"id": "donana-2023-168170-4129630", "ha": 0.52, "plastic_dates": 4.0, "valid_dates": 8.0, "admin_zone": "Zona C", "plan_zone": "Zona C - No regable", "distance_to_irrigable_m": 382, "sigpac_ref": "21:46:0:0:26:7:1", "sigpac_use": "IV", "sigpac_irrigation_coef": 0, "sigpac_url": "https://sigpac-hubcloud.es/servicioconsultassigpac/query/recinfo/21/46/0/0/26/7/1.json", "declared_greenhouse_share": 0.98, "declared_irrigated_share": 0.0, "lon": -6.741205, "lat": 37.254149}}, {"type": "Feature", "geometry": {"type": "Polygon", "coordinates": [[[-6.773827, 37.257436], [-6.773822, 37.257346], [-6.77326, 37.257364], [-6.773255, 37.257274], [-6.772693, 37.257292], [-6.772684, 37.257112], [-6.772796, 37.257109], [-6.772787, 37.256929], [-6.77335, 37.256911], [-6.773345, 37.256821], [-6.773458, 37.256817], [-6.773462, 37.256907], [-6.773912, 37.256893], [-6.77393, 37.257253], [-6.774043, 37.257249], [-6.774047, 37.257339], [-6.773935, 37.257343], [-6.773939, 37.257432], [-6.773827, 37.257436]]]}, "properties": {"id": "donana-2023-165330-4130080", "ha": 0.51, "plastic_dates": 4.6, "valid_dates": 8.0, "admin_zone": "Zona A", "plan_zone": "Zona A - Suelo Forestal", "distance_to_irrigable_m": 16, "sigpac_ref": "21:50:0:0:30:60:7", "sigpac_use": "IV", "sigpac_irrigation_coef": 0, "sigpac_url": "https://sigpac-hubcloud.es/servicioconsultassigpac/query/recinfo/21/50/0/0/30/60/7.json", "declared_greenhouse_share": 1.0, "declared_irrigated_share": 0.0, "lon": -6.773307, "lat": 37.257182}}, {"type": "Feature", "geometry": {"type": "Polygon", "coordinates": [[[-6.735021, 37.238488], [-6.734977, 37.237589], [-6.735206, 37.237672], [-6.735202, 37.237582], [-6.735427, 37.237575], [-6.735548, 37.237751], [-6.73566, 37.237748], [-6.735665, 37.237837], [-6.735777, 37.237834], [-6.735683, 37.238197], [-6.735458, 37.238204], [-6.735467, 37.238384], [-6.735354, 37.238388], [-6.735358, 37.238478], [-6.735021, 37.238488]]]}, "properties": {"id": "donana-2023-168620-4127830", "ha": 0.51, "plastic_dates": 2.0, "valid_dates": 8.0, "admin_zone": "Zona A", "plan_zone": "Zona A - Suelo Forestal", "distance_to_irrigable_m": 90, "sigpac_ref": "21:46:0:0:16:6:12", "sigpac_use": "IV", "sigpac_irrigation_coef": 100, "sigpac_url": "https://sigpac-hubcloud.es/servicioconsultassigpac/query/recinfo/21/46/0/0/16/6/12.json", "declared_greenhouse_share": 1.0, "declared_irrigated_share": 1.0, "lon": -6.735341, "lat": 37.238118}}]}