site,date,n_scenes,scenes,coverage,cloud_frac,valid_frac,blue_median,mndwi_thr,thr_method,water_nir_green,water_blue,site_ha,water_ha,water_frac,wet_veg_ha,ndwi_water_ha,scl_water_ha,ndti_mean,ndci_mean,ndci_p90,bloom_frac,quality,processed_at
albufera-valencia,2017-07-10,2,S2B_30SYJ_20170710_0_L2A;S2B_31SBD_20170710_0_L2A,1.0,0.0046,0.9954,0.0433,-0.043,otsu,0.602,0.05,27537.6,9134.2,0.3332,114.1,9156.9,7315.0,-0.2349,0.0888,0.3362,0.255,ok,2026-09-03T07:33:14+00:00
albufera-valencia,2017-07-15,3,S2A_30SYJ_20170715_0_L2A;S2A_30SYJ_20170715_1_L2A;S2A_31SBD_20170715_0_L2A,1.0,0.0071,0.9929,0.0551,-0.1055,otsu,0.518,0.1104,27537.6,9077.4,0.332,166.3,9076.2,45.4,-0.1291,0.0674,0.1997,0.0979,ok,2026-09-03T07:33:14+00:00
albufera-valencia,2017-07-20,3,S2B_30SYJ_20170720_0_L2A;S2B_31SBD_20170720_0_L2A;S2B_31SBD_20170720_1_L2A,1.0,0.1373,0.8627,0.0618,-0.0508,otsu,0.589,0.1037,27537.6,6423.2,0.2704,138.7,6454.6,541.4,-0.1587,0.0768,0.1994,0.0955,ok,2026-09-03T07:33:14+00:00
albufera-valencia,2017-07-25,2,S2A_30SYJ_20170725_0_L2A;S2A_31SBD_20170725_0_L2A,1.0,0.0068,0.9932,0.0411,-0.1445,otsu,0.347,0.0333,27537.6,9122.9,0.3336,120.1,9112.0,133.4,-0.14,0.0586,0.1872,0.0555,ok,2026-09-03T07:33:14+00:00
albufera-valencia,2017-07-30,2,S2B_30SYJ_20170730_0_L2A;S2B_31SBD_20170730_0_L2A,1.0,0.0074,0.9926,0.0447,-0.1055,otsu,0.4,0.041,27537.6,9103.6,0.333,106.5,9099.3,995.8,-0.1611,0.0514,0.182,0.0416,ok,2026-09-03T07:33:14+00:00
albufera-valencia,2017-08-14,1,S2A_30SYJ_20170814_0_L2A,1.0,0.1055,0.8945,0.0507,0.0586,otsu,0.466,0.0514,27537.6,8806.6,0.3575,51.7,8837.8,8056.6,-0.2719,0.0459,0.1831,0.0312,ok,2026-09-03T07:33:14+00:00
albufera-valencia,2017-08-19,2,S2B_30SYJ_20170819_0_L2A;S2B_31SBD_20170819_0_L2A,1.0,0.2266,0.7734,0.0652,0.0039,otsu,0.653,0.0621,27537.6,7801.0,0.3663,108.6,7823.6,4726.2,-0.1774,0.0415,0.1443,0.0101,nublado,2026-09-03T07:33:14+00:00
albufera-valencia,2017-09-08,2,S2B_30SYJ_20170908_0_L2A;S2B_31SBD_20170908_0_L2A,1.0,0.1949,0.8051,0.0956,0.2227,otsu,0.544,0.0838,27537.6,8320.3,0.3753,412.0,8513.7,8200.6,-0.1884,0.035,0.1325,0.0014,ok,2026-09-03T07:33:14+00:00
albufera-valencia,2017-09-28,2,S2B_30SYJ_20170928_0_L2A;S2B_31SBD_20170928_0_L2A,1.0,0.3594,0.6406,0.07,0.1602,otsu,0.325,0.0609,27537.6,7527.1,0.4267,22.0,7643.9,7261.7,-0.3198,0.0038,0.2094,0.1101,nublado,2026-09-03T07:33:14+00:00
albufera-valencia,2017-10-08,2,S2B_30SYJ_20171008_0_L2A;S2B_31SBD_20171008_0_L2A,1.0,0.0076,0.9924,0.0612,0.1836,otsu,0.144,0.0343,27537.6,9259.8,0.3388,39.6,9254.8,9185.4,-0.4623,0.0424,0.456,0.2533,ok,2026-09-03T07:33:14+00:00
albufera-valencia,2017-10-28,2,S2B_30SYJ_20171028_0_L2A;S2B_31SBD_20171028_0_L2A,1.0,0.0349,0.9651,0.0522,0.168,otsu,0.208,0.0309,27537.6,10674.8,0.4017,127.9,10365.0,10412.2,-0.3885,0.0739,0.4298,0.2795,ok,2026-09-03T07:33:14+00:00
albufera-valencia,2017-11-07,2,S2B_30SYJ_20171107_0_L2A;S2B_31SBD_20171107_0_L2A,1.0,0.0256,0.9744,0.0379,0.2461,otsu,0.083,0.0269,27537.6,11866.6,0.4422,205.2,11632.1,12046.5,-0.4807,-0.1866,0.4929,0.278,ok,2026-09-03T07:33:14+00:00
albufera-valencia,2017-11-17,2,S2B_30SYJ_20171117_0_L2A;S2B_31SBD_20171117_0_L2A,1.0,0.0965,0.9035,0.0604,0.1992,otsu,0.322,0.0365,27537.6,12448.4,0.5003,181.7,12239.4,12136.5,-0.3309,0.0439,0.4089,0.2373,ok,2026-09-03T07:33:53+00:00
albufera-valencia,2017-11-27,2,S2B_30SYJ_20171127_0_L2A;S2B_31SBD_20171127_0_L2A,1.0,0.4028,0.5972,0.0481,0.0273,otsu,0.455,0.0319,27537.6,8453.0,0.514,263.3,8628.6,7451.8,-0.3289,-0.0146,0.2914,0.2262,nublado,2026-09-03T07:33:53+00:00
albufera-valencia,2017-12-07,2,S2B_30SYJ_20171207_0_L2A;S2B_31SBD_20171207_0_L2A,1.0,0.5234,0.4766,0.0616,0.082,otsu,0.519,0.0465,27537.6,6497.0,0.495,90.2,6398.3,6262.8,-0.2975,-0.0661,0.1196,0.0187,nublado,2026-09-03T07:33:53+00:00
albufera-valencia,2017-12-17,2,S2B_30SYJ_20171217_0_L2A;S2B_31SBD_20171217_0_L2A,1.0,0.0393,0.9607,0.0313,0.2617,otsu,0.14,0.0238,27537.6,13444.6,0.5082,416.2,13503.5,14299.5,-0.5204,-0.1053,0.4189,0.3248,ok,2026-09-03T07:33:53+00:00
albufera-valencia,2018-02-25,2,S2B_30SYJ_20180225_0_L2A;S2B_31SBD_20180225_0_L2A,1.0,0.0049,0.9951,0.072,0.2773,otsu,0.146,0.0455,27537.6,10514.8,0.3837,217.6,10331.6,11500.0,-0.3923,-0.003,0.2777,0.2142,ok,2026-09-03T07:33:53+00:00
albufera-valencia,2018-03-27,4,S2B_30SYJ_20180327_0_L2A;S2B_30SYJ_20180327_1_L2A;S2B_31SBD_20180327_0_L2A;S2B_31SBD_20180327_1_L2A,1.0,0.0042,0.9958,0.078,0.1914,otsu,0.156,0.0303,27537.6,9157.9,0.3339,23.3,9203.1,9072.7,-0.4766,0.0108,0.3081,0.2592,ok,2026-09-03T07:33:53+00:00
albufera-valencia,2018-04-16,2,S2B_30SYJ_20180416_0_L2A;S2B_31SBD_20180416_0_L2A,1.0,0.9952,0.0048,0.156,0.1836,otsu,0.871,0.1646,27537.6,57.9,0.4409,1.2,130.6,66.2,-0.0797,-0.0033,0.016,0.0,nublado,2026-09-03T07:33:53+00:00
albufera-valencia,2018-04-26,2,S2B_30SYJ_20180426_0_L2A;S2B_31SBD_20180426_0_L2A,1.0,0.3875,0.6125,0.1101,0.0195,otsu,0.579,0.0607,27537.6,6783.5,0.4022,41.0,7043.0,1630.8,-0.1638,0.0953,0.2977,0.3056,nublado,2026-09-03T07:33:53+00:00
albufera-valencia,2018-05-01,2,S2A_30SYJ_20180501_0_L2A;S2A_31SBD_20180501_0_L2A,1.0,0.0098,0.9902,0.0995,0.0273,otsu,0.624,0.0371,27537.6,9059.1,0.3322,105.5,9110.2,8947.6,-0.2554,0.094,0.4205,0.256,ok,2026-09-03T07:33:53+00:00
albufera-valencia,2018-05-06,2,S2B_30SYJ_20180506_0_L2A;S2B_31SBD_20180506_0_L2A,1.0,0.2704,0.7296,0.1309,0.0664,otsu,0.52,0.0494,27537.6,3895.3,0.1939,200.1,5077.0,2688.9,-0.2425,0.1824,0.4093,0.4838,nublado,2026-09-03T07:33:53+00:00
albufera-valencia,2018-05-11,2,S2A_30SYJ_20180511_0_L2A;S2A_31SBD_20180511_0_L2A,1.0,0.0072,0.9928,0.1015,0.0117,otsu,0.595,0.0545,27537.6,9742.8,0.3563,358.5,9265.4,6207.6,-0.2099,0.101,0.3987,0.2467,ok,2026-09-03T07:33:53+00:00
albufera-valencia,2018-05-16,2,S2B_30SYJ_20180516_0_L2A;S2B_31SBD_20180516_0_L2A,1.0,0.4095,0.5905,0.0584,0.0742,otsu,0.537,0.0453,27537.6,8412.1,0.5173,1218.8,6596.4,6889.0,-0.2033,0.0322,0.1837,0.0816,nublado,2026-09-03T07:33:53+00:00
albufera-valencia,2018-05-21,2,S2A_30SYJ_20180521_0_L2A;S2A_31SBD_20180521_0_L2A,1.0,0.0221,0.9779,0.0578,0.0898,otsu,0.772,0.0431,27537.6,12564.5,0.4666,5507.4,10445.8,3835.8,-0.1135,0.1383,0.3793,0.3007,ok,2026-09-03T07:34:45+00:00
albufera-valencia,2018-05-26,2,S2B_30SYJ_20180526_0_L2A;S2B_31SBD_20180526_0_L2A,1.0,0.2619,0.7381,0.089,-0.0117,otsu,0.687,0.1269,27537.6,12584.9,0.6192,3419.6,9072.5,511.5,-0.0909,0.0997,0.279,0.1726,nublado,2026-09-03T07:34:45+00:00
albufera-valencia,2018-05-31,2,S2A_30SYJ_20180531_0_L2A;S2A_31SBD_20180531_0_L2A,1.0,0.0979,0.9021,0.0655,0.043,otsu,0.715,0.0524,27537.6,11234.7,0.4523,7198.5,9244.7,1320.0,-0.1129,0.0986,0.3293,0.2073,ok,2026-09-03T07:34:45+00:00
albufera-valencia,2018-06-15,4,S2B_30SYJ_20180615_0_L2A;S2B_30SYJ_20180615_1_L2A;S2B_31SBD_20180615_0_L2A;S2B_31SBD_20180615_1_L2A,1.0,0.0192,0.9808,0.0597,-0.0273,otsu,0.488,0.038,27537.6,9795.3,0.3627,9307.0,9155.7,1723.8,-0.1514,0.0998,0.3451,0.2493,ok,2026-09-03T07:34:45+00:00
albufera-valencia,2018-06-20,4,S2A_30SYJ_20180620_0_L2A;S2A_30SYJ_20180620_1_L2A;S2A_31SBD_20180620_0_L2A;S2A_31SBD_20180620_1_L2A,1.0,0.016,0.984,0.0488,-0.0039,otsu,0.509,0.0359,27537.6,9336.0,0.3446,5330.2,9130.8,3209.9,-0.1729,0.1002,0.3526,0.2537,ok,2026-09-03T07:34:45+00:00
albufera-valencia,2018-06-25,4,S2B_30SYJ_20180625_0_L2A;S2B_30SYJ_20180625_1_L2A;S2B_31SBD_20180625_0_L2A;S2B_31SBD_20180625_1_L2A,1.0,0.008,0.992,0.0581,-0.1289,otsu,0.474,0.1162,27537.6,9175.8,0.3359,2618.8,9071.1,141.0,-0.1024,0.0713,0.2101,0.1453,ok,2026-09-03T07:34:45+00:00
albufera-valencia,2018-06-30,2,S2A_30SYJ_20180630_0_L2A;S2A_31SBD_20180630_0_L2A,1.0,0.0591,0.9409,0.0686,-0.1055,otsu,0.591,0.1136,27537.6,8424.6,0.3252,767.7,8372.7,102.8,-0.1003,0.0603,0.2002,0.1004,ok,2026-09-03T07:34:45+00:00
albufera-valencia,2018-07-05,4,S2B_30SYJ_20180705_0_L2A;S2B_30SYJ_20180705_1_L2A;S2B_31SBD_20180705_0_L2A;S2B_31SBD_20180705_1_L2A,1.0,0.0056,0.9944,0.0468,-0.1211,otsu,0.462,0.0421,27537.6,9154.0,0.3343,303.0,9139.5,901.6,-0.1632,0.0564,0.2105,0.1392,ok,2026-09-03T07:34:45+00:00
albufera-valencia,2018-07-10,2,S2A_30SYJ_20180710_0_L2A;S2A_31SBD_20180710_0_L2A,1.0,0.0071,0.9929,0.033,0.0273,otsu,0.321,0.0349,27537.6,9071.4,0.3318,123.0,9138.8,8547.8,-0.3968,0.0518,0.3015,0.2456,ok,2026-09-03T07:34:45+00:00
albufera-valencia,2018-07-15,2,S2B_30SYJ_20180715_0_L2A;S2B_31SBD_20180715_0_L2A,1.0,0.0076,0.9924,0.0574,-0.1211,otsu,0.664,0.1147,27537.6,8898.9,0.3256,259.9,8826.4,27.0,-0.1068,0.0542,0.1457,0.001,ok,2026-09-03T07:34:45+00:00
albufera-valencia,2018-07-20,2,S2A_30SYJ_20180720_0_L2A;S2A_31SBD_20180720_0_L2A,1.0,0.045,0.955,0.0612,-0.0742,otsu,0.956,0.1324,27537.6,7765.8,0.2953,336.6,7695.8,59.5,-0.1146,0.0594,0.1514,0.0008,ok,2026-09-03T07:34:45+00:00
albufera-valencia,2018-07-25,2,S2B_30SYJ_20180725_0_L2A;S2B_31SBD_20180725_0_L2A,1.0,0.1173,0.8827,0.0695,-0.043,otsu,0.396,0.0589,27537.6,7402.0,0.3045,104.6,7450.4,2214.2,-0.1572,0.0495,0.1734,0.0144,ok,2026-09-03T07:34:45+00:00
albufera-valencia,2018-07-30,2,S2A_30SYJ_20180730_0_L2A;S2A_31SBD_20180730_0_L2A,1.0,0.007,0.993,0.0329,-0.082,otsu,0.577,0.0419,27537.6,9121.8,0.3336,97.9,9131.2,7082.6,-0.2151,0.0433,0.1696,0.0299,ok,2026-09-03T07:35:41+00:00
albufera-valencia,2018-08-04,4,S2B_30SYJ_20180804_0_L2A;S2B_30SYJ_20180804_1_L2A;S2B_31SBD_20180804_0_L2A;S2B_31SBD_20180804_1_L2A,1.0,0.0099,0.9901,0.0306,-0.0742,otsu,0.522,0.0412,27537.6,9133.5,0.335,80.1,9149.7,7478.5,-0.2509,0.0441,0.192,0.0784,ok,2026-09-03T07:35:41+00:00
albufera-valencia,2018-08-09,4,S2A_30SYJ_20180809_0_L2A;S2A_30SYJ_20180809_1_L2A;S2A_31SBD_20180809_0_L2A;S2A_31SBD_20180809_1_L2A,1.0,0.0209,0.9791,0.0515,-0.0742,otsu,0.722,0.0535,27537.6,8531.9,0.3164,197.9,8378.5,341.4,-0.1295,0.0397,0.1138,0.0019,ok,2026-09-03T07:35:41+00:00
albufera-valencia,2018-08-14,4,S2B_30SYJ_20180814_0_L2A;S2B_30SYJ_20180814_1_L2A;S2B_31SBD_20180814_0_L2A;S2B_31SBD_20180814_1_L2A,1.0,0.0055,0.9945,0.0364,-0.0352,otsu,0.536,0.0458,27537.6,9107.1,0.3325,68.4,9115.9,7651.8,-0.2309,0.0599,0.1978,0.091,ok,2026-09-03T07:35:41+00:00
albufera-valencia,2018-08-19,4,S2A_30SYJ_20180819_0_L2A;S2A_30SYJ_20180819_1_L2A;S2A_31SBD_20180819_0_L2A;S2A_31SBD_20180819_1_L2A,1.0,0.0086,0.9914,0.0206,0.1992,otsu,0.027,0.0181,27537.6,8557.7,0.3135,532.5,9134.8,9012.7,-0.6795,-0.129,0.2418,0.2594,ok,2026-09-03T07:35:41+00:00
albufera-valencia,2018-08-24,4,S2B_30SYJ_20180824_0_L2A;S2B_30SYJ_20180824_1_L2A;S2B_31SBD_20180824_0_L2A;S2B_31SBD_20180824_1_L2A,1.0,0.0046,0.9954,0.028,0.1836,otsu,0.227,0.0252,27537.6,9076.2,0.3311,33.4,9147.5,9015.6,-0.4867,-0.0458,0.1994,0.0963,ok,2026-09-03T07:35:41+00:00
albufera-valencia,2018-08-29,4,S2A_30SYJ_20180829_0_L2A;S2A_30SYJ_20180829_1_L2A;S2A_31SBD_20180829_0_L2A;S2A_31SBD_20180829_1_L2A,1.0,0.0255,0.9745,0.0427,0.0273,otsu,0.546,0.0388,27537.6,9083.8,0.3385,47.5,9108.0,8716.2,-0.2796,0.0773,0.1863,0.0358,ok,2026-09-03T07:35:41+00:00
albufera-valencia,2018-09-13,4,S2B_30SYJ_20180913_0_L2A;S2B_30SYJ_20180913_1_L2A;S2B_31SBD_20180913_0_L2A;S2B_31SBD_20180913_1_L2A,1.0,0.0041,0.9959,0.0308,0.168,otsu,0.107,0.021,27537.6,9095.2,0.3316,27.0,9149.4,9028.7,-0.5679,-0.0293,0.3735,0.2482,ok,2026-09-03T07:35:41+00:00
albufera-valencia,2018-09-18,4,S2A_30SYJ_20180918_0_L2A;S2A_30SYJ_20180918_1_L2A;S2A_31SBD_20180918_0_L2A;S2A_31SBD_20180918_1_L2A,1.0,0.3657,0.6343,0.0519,0.1211,otsu,0.446,0.0365,27537.6,7686.4,0.4401,22.4,7906.5,7196.8,-0.2487,0.0855,0.3081,0.2472,nublado,2026-09-03T07:35:41+00:00
albufera-valencia,2018-09-23,2,S2B_30SYJ_20180923_0_L2A;S2B_31SBD_20180923_0_L2A,1.0,0.0037,0.9963,0.0383,0.1523,otsu,0.214,0.0278,27537.6,9106.1,0.3319,26.6,9158.9,9025.8,-0.4444,0.0558,0.3763,0.2546,ok,2026-09-03T07:35:41+00:00
albufera-valencia,2018-09-28,4,S2A_30SYJ_20180928_0_L2A;S2A_30SYJ_20180928_1_L2A;S2A_31SBD_20180928_0_L2A;S2A_31SBD_20180928_1_L2A,1.0,0.0048,0.9952,0.0365,0.2383,otsu,0.05,0.0323,27537.6,9069.0,0.3309,26.1,9110.5,9032.0,-0.5889,-0.077,0.4507,0.2536,ok,2026-09-03T07:36:16+00:00
albufera-valencia,2018-10-03,2,S2B_30SYJ_20181003_0_L2A;S2B_31SBD_20181003_0_L2A,1.0,0.0054,0.9946,0.0394,0.2148,otsu,0.04,0.0203,27537.6,9114.1,0.3328,26.0,9146.1,9070.2,-0.6324,-0.0776,0.466,0.2644,ok,2026-09-03T07:35:41+00:00
albufera-valencia,2018-10-08,2,S2A_30SYJ_20181008_0_L2A;S2A_31SBD_20181008_0_L2A,1.0,0.0495,0.9505,0.0509,0.2227,otsu,0.041,0.0215,27537.6,9117.5,0.3483,33.3,9160.2,9407.9,-0.6116,-0.0451,0.4742,0.2582,ok,2026-09-03T07:35:41+00:00
albufera-valencia,2018-10-13,4,S2B_30SYJ_20181013_0_L2A;S2B_30SYJ_20181013_1_L2A;S2B_31SBD_20181013_0_L2A;S2B_31SBD_20181013_1_L2A,1.0,0.455,0.545,0.0753,0.1523,otsu,0.365,0.052,27537.6,4690.9,0.3125,50.2,4971.4,5350.0,-0.3128,0.0533,0.3415,0.2955,nublado,2026-09-03T07:36:16+00:00
albufera-valencia,2018-10-23,2,S2B_30SYJ_20181023_0_L2A;S2B_31SBD_20181023_0_L2A,1.0,0.7973,0.2027,0.0456,0.1992,otsu,0.353,0.0415,27537.6,3610.7,0.6469,33.7,3148.0,3837.6,-0.2858,0.0077,0.1567,0.0401,nublado,2026-09-03T07:36:16+00:00
albufera-valencia,2018-10-28,2,S2A_30SYJ_20181028_0_L2A;S2A_31SBD_20181028_0_L2A,1.0,0.0347,0.9653,0.0244,0.3164,otsu,0.237,0.0196,27537.6,13407.0,0.5044,280.5,12203.2,14515.5,-0.4097,-0.0975,0.5376,0.2073,ok,2026-09-03T07:36:16+00:00
albufera-valencia,2018-11-07,2,S2A_30SYJ_20181107_0_L2A;S2A_31SBD_20181107_0_L2A,1.0,0.0362,0.9638,0.0285,0.3008,otsu,0.254,0.022,27537.6,13939.8,0.5252,423.2,13354.3,14845.2,-0.3993,-0.09,0.5229,0.2035,ok,2026-09-03T07:36:16+00:00
albufera-valencia,2018-11-17,2,S2A_30SYJ_20181117_0_L2A;S2A_31SBD_20181117_0_L2A,1.0,0.4015,0.5985,0.0442,0.332,otsu,0.373,0.0417,27537.6,10535.7,0.6392,289.2,12368.5,12721.1,-0.267,0.0362,0.4049,0.179,nublado,2026-09-03T07:36:16+00:00
albufera-valencia,2018-11-27,4,S2A_30SYJ_20181127_0_L2A;S2A_30SYJ_20181127_1_L2A;S2A_31SBD_20181127_0_L2A;S2A_31SBD_20181127_1_L2A,1.0,0.0555,0.9445,0.0364,0.3242,otsu,0.201,0.0355,27537.6,14643.7,0.563,611.9,14177.3,15462.6,-0.3572,-0.0286,0.3622,0.2029,ok,2026-09-03T07:36:16+00:00
albufera-valencia,2018-12-02,2,S2B_30SYJ_20181202_0_L2A;S2B_31SBD_20181202_0_L2A,1.0,0.0389,0.9611,0.037,0.3242,otsu,0.139,0.0324,27537.6,14284.2,0.5397,558.7,14134.2,15130.1,-0.4228,-0.1624,0.4162,0.2438,ok,2026-09-03T07:36:16+00:00
albufera-valencia,2018-12-07,2,S2A_30SYJ_20181207_0_L2A;S2A_31SBD_20181207_0_L2A,1.0,0.0521,0.9479,0.0334,0.332,otsu,0.234,0.0301,27537.6,14302.9,0.548,702.1,14015.8,15148.3,-0.3647,-0.019,0.3781,0.2202,ok,2026-09-03T07:36:16+00:00
albufera-valencia,2018-12-12,2,S2B_30SYJ_20181212_0_L2A;S2B_31SBD_20181212_0_L2A,1.0,0.0398,0.9602,0.0386,0.3086,otsu,0.235,0.034,27537.6,14350.3,0.5427,692.4,14085.8,15139.1,-0.3512,-0.0008,0.3654,0.2188,ok,2026-09-03T07:36:16+00:00
albufera-valencia,2018-12-17,2,S2A_30SYJ_20181217_0_L2A;S2A_31SBD_20181217_0_L2A,1.0,0.0402,0.9598,0.05,0.332,otsu,0.134,0.0442,27537.6,14380.7,0.5441,765.6,14161.3,15254.9,-0.3828,-0.0394,0.4273,0.2391,ok,2026-09-03T07:36:16+00:00
albufera-valencia,2018-12-22,2,S2B_30SYJ_20181222_0_L2A;S2B_31SBD_20181222_0_L2A,1.0,0.0973,0.9027,0.046,0.2305,otsu,0.192,0.041,27537.6,13169.4,0.5298,865.7,12910.0,13740.0,-0.3659,0.0262,0.3895,0.2108,ok,2026-09-03T07:36:56+00:00
albufera-valencia,2019-01-01,2,S2B_30SYJ_20190101_0_L2A;S2B_31SBD_20190101_0_L2A,1.0,0.0372,0.9628,0.0374,0.3164,otsu,0.117,0.034,27537.6,14034.9,0.5293,944.6,13855.9,15029.7,-0.4388,-0.1214,0.463,0.235,ok,2026-09-03T07:36:16+00:00
albufera-valencia,2019-01-06,2,S2A_30SYJ_20190106_0_L2A;S2A_31SBD_20190106_0_L2A,1.0,0.0479,0.9521,0.0363,0.3242,otsu,0.151,0.0319,27537.6,14078.6,0.537,875.6,13871.4,14929.7,-0.3946,-0.0561,0.4227,0.2203,ok,2026-09-03T07:36:56+00:00
albufera-valencia,2019-01-11,2,S2B_30SYJ_20190111_0_L2A;S2B_31SBD_20190111_0_L2A,1.0,0.0335,0.9665,0.0432,0.3008,otsu,0.142,0.0372,27537.6,13893.8,0.522,1025.6,13500.2,14853.9,-0.3868,-0.0528,0.4323,0.2241,ok,2026-09-03T07:36:56+00:00
albufera-valencia,2019-01-16,2,S2A_30SYJ_20190116_0_L2A;S2A_31SBD_20190116_0_L2A,1.0,0.0337,0.9663,0.0386,0.3086,otsu,0.212,0.0337,27537.6,14423.9,0.542,1154.3,13961.2,14973.6,-0.3196,0.0162,0.3377,0.2091,ok,2026-09-03T07:36:56+00:00
albufera-valencia,2019-01-21,2,S2B_30SYJ_20190121_0_L2A;S2B_31SBD_20190121_0_L2A,1.0,0.0247,0.9753,0.0458,0.3086,otsu,0.109,0.0383,27537.6,13576.2,0.5055,1109.8,13242.8,14438.8,-0.4131,-0.049,0.4076,0.2363,ok,2026-09-03T07:36:56+00:00
albufera-valencia,2019-01-26,2,S2A_30SYJ_20190126_0_L2A;S2A_31SBD_20190126_0_L2A,1.0,0.0276,0.9724,0.0443,0.3242,otsu,0.135,0.0297,27537.6,12823.2,0.4789,510.5,12580.3,13662.7,-0.4469,-0.1822,0.3467,0.2278,ok,2026-09-03T07:36:56+00:00
albufera-valencia,2019-02-05,2,S2A_30SYJ_20190205_0_L2A;S2A_31SBD_20190205_0_L2A,1.0,0.0112,0.9888,0.0473,0.3008,otsu,0.064,0.0352,27537.6,12407.2,0.4556,309.2,12212.3,13125.9,-0.4578,-0.119,0.2966,0.2134,ok,2026-09-03T07:36:56+00:00
albufera-valencia,2019-02-10,2,S2B_30SYJ_20190210_0_L2A;S2B_31SBD_20190210_0_L2A,1.0,0.4557,0.5443,0.0481,0.0742,otsu,0.439,0.0354,27537.6,3770.9,0.2516,373.6,3514.3,5461.5,-0.2508,-0.0073,0.1214,0.0219,nublado,2026-09-03T07:36:56+00:00
albufera-valencia,2019-02-20,2,S2B_30SYJ_20190220_1_L2A;S2B_31SBD_20190220_1_L2A,1.0,0.0246,0.9754,0.0705,0.2148,otsu,0.297,0.0324,27537.6,10137.2,0.3774,204.4,10031.0,11236.1,-0.3254,-0.0068,0.297,0.2141,ok,2026-09-03T07:36:56+00:00
albufera-valencia,2019-02-25,2,S2A_30SYJ_20190225_0_L2A;S2A_31SBD_20190225_0_L2A,1.0,0.0087,0.9913,0.0714,0.3008,otsu,0.081,0.0256,27537.6,9862.8,0.3613,64.4,9855.6,10852.2,-0.4676,-0.0356,0.284,0.2151,ok,2026-09-03T07:36:56+00:00
albufera-valencia,2019-03-02,3,S2B_30SYJ_20190302_0_L2A;S2B_31SBD_20190302_0_L2A;S2B_31SBD_20190302_1_L2A,1.0,0.0045,0.9955,0.0788,0.2695,otsu,0.132,0.0297,27537.6,9654.8,0.3522,57.4,9712.2,10548.7,-0.4624,-0.1084,0.2408,0.1628,ok,2026-09-03T07:38:09+00:00
albufera-valencia,2019-03-07,2,S2A_30SYJ_20190307_0_L2A;S2A_31SBD_20190307_0_L2A,1.0,0.6895,0.3105,0.0842,0.1367,otsu,0.443,0.0284,27537.6,874.8,0.1023,21.4,880.3,912.7,-0.2862,0.0641,0.2921,0.2531,nublado,2026-09-03T07:36:56+00:00
albufera-valencia,2019-03-12,2,S2B_30SYJ_20190312_0_L2A;S2B_31SBD_20190312_0_L2A,1.0,0.0025,0.9975,0.0799,0.2383,otsu,0.158,0.0304,27537.6,9201.0,0.335,16.7,9254.8,9629.7,-0.5106,-0.0486,0.247,0.2249,ok,2026-09-03T07:36:56+00:00
albufera-valencia,2019-03-17,2,S2A_30SYJ_20190317_0_L2A;S2A_31SBD_20190317_0_L2A,1.0,0.002,0.998,0.0775,0.207,otsu,0.189,0.0256,27537.6,9084.0,0.3305,15.6,9156.8,9335.0,-0.4783,-0.0552,0.2838,0.2351,ok,2026-09-03T07:38:09+00:00
albufera-valencia,2019-03-22,2,S2B_30SYJ_20190322_0_L2A;S2B_31SBD_20190322_0_L2A,1.0,0.7805,0.2195,0.1133,0.0977,otsu,0.699,0.0975,27537.6,1610.7,0.2665,85.3,2604.7,2847.6,-0.1961,0.0775,0.223,0.1935,nublado,2026-09-03T07:38:09+00:00
albufera-valencia,2019-03-27,4,S2A_30SYJ_20190327_0_L2A;S2A_30SYJ_20190327_1_L2A;S2A_31SBD_20190327_0_L2A;S2A_31SBD_20190327_1_L2A,1.0,0.005,0.995,0.0783,0.2695,otsu,0.046,0.0263,27537.6,8990.5,0.3281,6.4,9054.3,9168.2,-0.579,-0.1363,0.3333,0.2463,ok,2026-09-03T07:38:09+00:00
albufera-valencia,2019-04-11,4,S2B_30SYJ_20190411_0_L2A;S2B_30SYJ_20190411_1_L2A;S2B_31SBD_20190411_0_L2A;S2B_31SBD_20190411_1_L2A,1.0,0.0017,0.9983,0.0906,0.1992,otsu,0.206,0.029,27537.6,9089.3,0.3306,28.6,9149.5,9177.6,-0.4906,-0.0269,0.4134,0.2551,ok,2026-09-03T07:38:09+00:00
albufera-valencia,2019-04-16,4,S2A_30SYJ_20190416_0_L2A;S2A_30SYJ_20190416_1_L2A;S2A_31SBD_20190416_0_L2A;S2A_31SBD_20190416_1_L2A,1.0,0.2576,0.7424,0.1015,0.0898,otsu,0.449,0.05,27537.6,8295.6,0.4058,22.6,8441.8,8652.8,-0.246,0.0447,0.3113,0.2265,nublado,2026-09-03T07:38:09+00:00
albufera-valencia,2019-04-26,4,S2A_30SYJ_20190426_0_L2A;S2A_30SYJ_20190426_1_L2A;S2A_31SBD_20190426_0_L2A;S2A_31SBD_20190426_1_L2A,1.0,0.0016,0.9984,0.0587,0.2695,otsu,0.086,0.0614,27537.6,9107.1,0.3313,26.3,9140.8,10122.2,-0.5294,-0.0372,0.4175,0.2539,ok,2026-09-03T07:38:09+00:00
albufera-valencia,2019-05-01,4,S2B_30SYJ_20190501_0_L2A;S2B_30SYJ_20190501_1_L2A;S2B_31SBD_20190501_0_L2A;S2B_31SBD_20190501_1_L2A,1.0,0.0686,0.9314,0.0885,0.0664,otsu,0.48,0.0619,27537.6,8688.5,0.3387,65.8,8772.2,9062.6,-0.2657,0.0645,0.3275,0.2393,ok,2026-09-03T07:38:09+00:00
albufera-valencia,2019-05-06,6,S2A_30SYJ_20190506_0_L2A;S2A_30SYJ_20190506_1_L2A;S2A_30SYJ_20190506_2_L2A;S2A_31SBD_20190506_0_L2A;S2A_31SBD_20190506_1_L2A;S2A_31SBD_20190506_2_L2A,1.0,0.0047,0.9953,0.0939,0.0273,otsu,0.538,0.045,27537.6,9084.0,0.3314,73.0,9105.4,8880.4,-0.2528,0.0768,0.336,0.2541,ok,2026-09-03T07:38:09+00:00
albufera-valencia,2019-05-11,4,S2B_30SYJ_20190511_0_L2A;S2B_30SYJ_20190511_1_L2A;S2B_31SBD_20190511_0_L2A;S2B_31SBD_20190511_1_L2A,1.0,0.0022,0.9978,0.1052,-0.0273,otsu,0.67,0.0592,27537.6,9104.0,0.3313,91.4,9130.4,9097.8,-0.1825,0.0931,0.36,0.2562,ok,2026-09-03T07:38:09+00:00
albufera-valencia,2019-05-16,4,S2A_30SYJ_20190516_0_L2A;S2A_30SYJ_20190516_1_L2A;S2A_31SBD_20190516_0_L2A;S2A_31SBD_20190516_1_L2A,1.0,0.697,0.303,0.0906,0.0977,otsu,0.628,0.0733,27537.6,2560.9,0.307,79.2,2293.1,2519.5,-0.1374,0.1696,0.2523,0.5511,nublado,2026-09-03T07:38:09+00:00
albufera-valencia,2019-05-26,4,S2A_30SYJ_20190526_0_L2A;S2A_30SYJ_20190526_1_L2A;S2A_31SBD_20190526_0_L2A;S2A_31SBD_20190526_1_L2A,1.0,0.0084,0.9916,0.0656,0.0273,otsu,0.75,0.0665,27537.6,16173.8,0.5923,4877.7,10859.7,12509.9,-0.0754,0.1097,0.268,0.2111,ok,2026-09-03T07:38:09+00:00
albufera-valencia,2019-05-31,4,S2B_30SYJ_20190531_0_L2A;S2B_30SYJ_20190531_1_L2A;S2B_31SBD_20190531_0_L2A;S2B_31SBD_20190531_1_L2A,1.0,0.0052,0.9948,0.0596,0.3086,otsu,0.574,0.0586,27537.6,7401.0,0.2702,5385.5,9413.6,11854.5,-0.1355,0.2054,0.431,0.3769,ok,2026-09-03T07:39:25+00:00
albufera-valencia,2019-06-05,4,S2A_30SYJ_20190605_0_L2A;S2A_30SYJ_20190605_1_L2A;S2A_31SBD_20190605_0_L2A;S2A_31SBD_20190605_1_L2A,1.0,0.0355,0.9645,0.0676,0.0039,otsu,0.782,0.0649,27537.6,11201.9,0.4218,7610.2,8470.5,9832.4,-0.0823,0.0871,0.2685,0.1987,ok,2026-09-03T07:39:25+00:00
albufera-valencia,2019-06-10,4,S2B_30SYJ_20190610_0_L2A;S2B_30SYJ_20190610_1_L2A;S2B_31SBD_20190610_0_L2A;S2B_31SBD_20190610_1_L2A,1.0,0.0055,0.9945,0.0643,0.082,otsu,0.579,0.0544,27537.6,11513.5,0.4204,6723.8,9190.0,10963.0,-0.1964,0.0867,0.3289,0.2218,ok,2026-09-03T07:39:25+00:00
albufera-valencia,2019-06-15,4,S2A_30SYJ_20190615_1_L2A;S2A_30SYJ_20190615_3_L2A;S2A_31SBD_20190615_1_L2A;S2A_31SBD_20190615_2_L2A,1.0,0.0078,0.9922,0.0544,0.043,otsu,0.757,0.0637,27537.6,10323.1,0.3778,9449.3,9075.1,10863.0,-0.1555,0.1133,0.4169,0.2361,ok,2026-09-03T07:39:25+00:00
albufera-valencia,2019-06-20,4,S2B_30SYJ_20190620_0_L2A;S2B_30SYJ_20190620_1_L2A;S2B_31SBD_20190620_0_L2A;S2B_31SBD_20190620_1_L2A,1.0,0.4908,0.5092,0.0944,-0.0586,otsu,0.801,0.0899,27537.6,7462.7,0.5322,3344.5,6276.2,6902.2,-0.0923,0.0609,0.2103,0.1065,nublado,2026-09-03T07:39:25+00:00
albufera-valencia,2019-06-25,2,S2A_30SYJ_20190625_0_L2A;S2A_31SBD_20190625_0_L2A,1.0,0.036,0.964,0.0676,0.0195,otsu,0.671,0.0644,27537.6,9376.4,0.3532,7180.1,8813.9,10232.1,-0.1505,0.0662,0.2434,0.1731,ok,2026-09-03T07:39:25+00:00
albufera-valencia,2019-06-30,4,S2B_30SYJ_20190630_0_L2A;S2B_30SYJ_20190630_2_L2A;S2B_31SBD_20190630_0_L2A;S2B_31SBD_20190630_2_L2A,1.0,0.0048,0.9952,0.0551,-0.043,otsu,0.773,0.0576,27537.6,9137.1,0.3334,2829.5,9089.5,9702.4,-0.1669,0.0802,0.2828,0.2481,ok,2026-09-03T07:39:25+00:00
albufera-valencia,2019-07-05,4,S2A_30SYJ_20190705_0_L2A;S2A_30SYJ_20190705_1_L2A;S2A_31SBD_20190705_0_L2A;S2A_31SBD_20190705_1_L2A,1.0,0.0027,0.9973,0.0599,-0.0508,otsu,0.782,0.0638,27537.6,9072.6,0.3303,660.4,9051.3,9254.4,-0.1234,0.0759,0.2283,0.1976,ok,2026-09-03T07:39:25+00:00
albufera-valencia,2019-07-10,4,S2B_30SYJ_20190710_0_L2A;S2B_30SYJ_20190710_1_L2A;S2B_31SBD_20190710_0_L2A;S2B_31SBD_20190710_1_L2A,1.0,0.0036,0.9964,0.0393,-0.0586,otsu,0.475,0.0465,27537.6,9123.6,0.3325,273.7,9120.5,9118.3,-0.2349,0.0684,0.3058,0.2447,ok,2026-09-03T07:39:25+00:00
albufera-valencia,2019-07-15,4,S2A_30SYJ_20190715_0_L2A;S2A_30SYJ_20190715_1_L2A;S2A_31SBD_20190715_0_L2A;S2A_31SBD_20190715_1_L2A,1.0,0.0039,0.9961,0.0392,-0.1133,otsu,0.676,0.0547,27537.6,9147.7,0.3335,277.8,9125.5,9092.4,-0.1717,0.0646,0.2061,0.1277,ok,2026-09-03T07:39:25+00:00
albufera-valencia,2019-07-20,4,S2B_30SYJ_20190720_0_L2A;S2B_30SYJ_20190720_1_L2A;S2B_31SBD_20190720_0_L2A;S2B_31SBD_20190720_1_L2A,1.0,0.002,0.998,0.0648,-0.0977,otsu,0.866,0.0787,27537.6,9083.5,0.3305,266.6,9055.2,9085.3,-0.1129,0.0586,0.1555,0.0028,ok,2026-09-03T07:39:25+00:00
albufera-valencia,2019-07-25,4,S2A_30SYJ_20190725_0_L2A;S2A_30SYJ_20190725_1_L2A;S2A_31SBD_20190725_0_L2A;S2A_31SBD_20190725_1_L2A,1.0,0.0039,0.9961,0.0292,-0.0898,otsu,0.685,0.0388,27537.6,9093.5,0.3315,170.8,9101.0,9050.2,-0.211,0.0786,0.2527,0.2267,ok,2026-09-03T07:39:25+00:00
albufera-valencia,2019-07-30,4,S2B_30SYJ_20190730_0_L2A;S2B_30SYJ_20190730_1_L2A;S2B_31SBD_20190730_0_L2A;S2B_31SBD_20190730_1_L2A,1.0,0.1335,0.8665,0.0555,-0.0586,otsu,0.546,0.0631,27537.6,7999.5,0.3352,143.3,8048.6,8207.6,-0.1658,0.068,0.2111,0.1797,ok,2026-09-03T07:40:37+00:00
albufera-valencia,2019-08-04,4,S2A_30SYJ_20190804_0_L2A;S2A_30SYJ_20190804_1_L2A;S2A_31SBD_20190804_0_L2A;S2A_31SBD_20190804_1_L2A,1.0,0.0043,0.9957,0.0265,-0.0664,otsu,0.551,0.0323,27537.6,9085.4,0.3313,111.1,9102.0,9037.3,-0.278,0.0728,0.2389,0.2086,ok,2026-09-03T07:40:37+00:00
albufera-valencia,2019-08-09,4,S2B_30SYJ_20190809_0_L2A;S2B_30SYJ_20190809_1_L2A;S2B_31SBD_20190809_0_L2A;S2B_31SBD_20190809_1_L2A,1.0,0.0032,0.9968,0.0311,-0.0898,otsu,0.574,0.0365,27537.6,9118.1,0.3322,101.8,9114.9,9106.8,-0.2496,0.0366,0.2078,0.1211,ok,2026-09-03T07:40:37+00:00
albufera-valencia,2019-08-14,4,S2A_30SYJ_20190814_1_L2A;S2A_30SYJ_20190814_3_L2A;S2A_31SBD_20190814_1_L2A;S2A_31SBD_20190814_3_L2A,1.0,0.004,0.996,0.0335,-0.0977,otsu,0.609,0.0504,27537.6,9104.2,0.3319,95.7,9100.2,9030.5,-0.2014,0.0435,0.1596,0.0138,ok,2026-09-03T07:40:37+00:00
albufera-valencia,2019-08-19,4,S2B_30SYJ_20190819_0_L2A;S2B_30SYJ_20190819_1_L2A;S2B_31SBD_20190819_0_L2A;S2B_31SBD_20190819_1_L2A,1.0,0.0035,0.9965,0.0509,-0.0039,otsu,0.565,0.0609,27537.6,9088.0,0.3312,84.4,9095.4,9063.2,-0.2005,0.0384,0.1429,0.0037,ok,2026-09-03T07:40:37+00:00
albufera-valencia,2019-08-24,4,S2A_30SYJ_20190824_0_L2A;S2A_30SYJ_20190824_1_L2A;S2A_31SBD_20190824_0_L2A;S2A_31SBD_20190824_1_L2A,1.0,0.0035,0.9965,0.023,0.168,otsu,0.132,0.0233,27537.6,9046.6,0.3297,36.8,9112.8,9102.9,-0.5611,-0.0434,0.2071,0.12,ok,2026-09-03T07:40:37+00:00
albufera-valencia,2019-08-29,1,S2B_30SYJ_20190829_0_L2A,1.0,0.5402,0.4598,0.0588,0.0742,otsu,0.462,0.0613,27537.6,3128.3,0.2471,21.2,3137.3,3117.8,-0.2565,0.0178,0.1198,0.0029,nublado,2026-09-03T07:40:37+00:00
albufera-valencia,2019-09-03,4,S2A_30SYJ_20190903_0_L2A;S2A_30SYJ_20190903_1_L2A;S2A_31SBD_20190903_0_L2A;S2A_31SBD_20190903_1_L2A,1.0,0.2802,0.7198,0.0607,0.1914,otsu,0.436,0.0564,27537.6,7688.6,0.3879,67.4,8166.2,8364.0,-0.2441,0.0439,0.1433,0.0036,nublado,2026-09-03T07:40:37+00:00
albufera-valencia,2019-09-18,4,S2B_30SYJ_20190918_1_L2A;S2B_30SYJ_20190918_2_L2A;S2B_31SBD_20190918_1_L2A;S2B_31SBD_20190918_2_L2A,1.0,0.0015,0.9985,0.0424,0.1523,otsu,0.192,0.0427,27537.6,9062.1,0.3296,26.6,9110.7,9115.6,-0.4937,0.0162,0.2974,0.2461,ok,2026-09-03T07:40:37+00:00
albufera-valencia,2019-09-28,4,S2B_30SYJ_20190928_0_L2A;S2B_30SYJ_20190928_1_L2A;S2B_31SBD_20190928_0_L2A;S2B_31SBD_20190928_1_L2A,1.0,0.4246,0.5754,0.0724,0.1602,otsu,0.342,0.0585,27537.6,5978.8,0.3773,10.2,6426.1,6888.5,-0.2959,0.0413,0.234,0.1681,nublado,2026-09-03T07:40:37+00:00
albufera-valencia,2019-10-03,4,S2A_30SYJ_20191003_0_L2A;S2A_30SYJ_20191003_1_L2A;S2A_31SBD_20191003_0_L2A;S2A_31SBD_20191003_1_L2A,1.0,0.3709,0.6291,0.0492,0.043,otsu,0.416,0.0212,27537.6,4811.4,0.2777,148.2,4941.7,4846.1,-0.4348,-0.1333,0.0038,0.0065,nublado,2026-09-03T07:40:37+00:00
albufera-valencia,2019-10-08,4,S2B_30SYJ_20191008_0_L2A;S2B_30SYJ_20191008_1_L2A;S2B_31SBD_20191008_0_L2A;S2B_31SBD_20191008_1_L2A,1.0,0.0026,0.9974,0.0473,0.168,otsu,0.03,0.0239,27537.6,9051.8,0.3296,72.8,9143.3,9176.8,-0.6563,-0.2328,0.4201,0.2555,ok,2026-09-03T07:40:37+00:00
albufera-valencia,2019-10-13,4,S2A_30SYJ_20191013_0_L2A;S2A_30SYJ_20191013_1_L2A;S2A_31SBD_20191013_0_L2A;S2A_31SBD_20191013_1_L2A,1.0,0.141,0.859,0.0563,0.0898,otsu,0.23,0.0318,27537.6,9118.2,0.3855,33.6,9134.6,9369.2,-0.3818,0.0773,0.3748,0.2494,ok,2026-09-03T07:41:53+00:00
albufera-valencia,2019-10-23,3,S2A_30SYJ_20191023_0_L2A;S2A_30SYJ_20191023_1_L2A;S2A_31SBD_20191023_0_L2A,1.0,0.1765,0.8235,0.0538,0.2461,otsu,0.204,0.042,27537.6,9064.5,0.3997,227.8,8837.7,10425.8,-0.3571,0.0488,0.4406,0.2706,ok,2026-09-03T07:41:53+00:00
albufera-valencia,2019-11-02,4,S2A_30SYJ_20191102_0_L2A;S2A_30SYJ_20191102_1_L2A;S2A_31SBD_20191102_0_L2A;S2A_31SBD_20191102_1_L2A,1.0,0.1352,0.8648,0.0398,0.168,otsu,0.552,0.0245,27537.6,9555.0,0.4012,283.9,9556.7,10780.3,-0.2974,0.1079,0.4691,0.3417,ok,2026-09-03T07:41:53+00:00
albufera-valencia,2019-11-07,4,S2B_30SYJ_20191107_0_L2A;S2B_30SYJ_20191107_1_L2A;S2B_31SBD_20191107_0_L2A;S2B_31SBD_20191107_1_L2A,1.0,0.246,0.754,0.0521,0.207,otsu,0.515,0.0356,27537.6,7880.5,0.3795,383.0,9382.5,10269.8,-0.3304,0.1492,0.4892,0.394,nublado,2026-09-03T07:41:53+00:00
albufera-valencia,2019-11-12,4,S2A_30SYJ_20191112_0_L2A;S2A_30SYJ_20191112_1_L2A;S2A_31SBD_20191112_0_L2A;S2A_31SBD_20191112_1_L2A,1.0,0.0314,0.9686,0.0449,0.2617,otsu,0.1,0.0272,27537.6,12365.8,0.4636,260.7,11995.5,13132.9,-0.415,0.0306,0.5483,0.2972,ok,2026-09-03T07:41:53+00:00
albufera-valencia,2019-12-07,4,S2B_30SYJ_20191207_0_L2A;S2B_30SYJ_20191207_1_L2A;S2B_31SBD_20191207_0_L2A;S2B_31SBD_20191207_1_L2A,1.0,0.0748,0.9252,0.0395,0.2695,otsu,0.228,0.0351,27537.6,15255.0,0.5987,309.3,14869.8,16192.3,-0.3245,0.0688,0.4399,0.2932,ok,2026-09-03T07:41:53+00:00
albufera-valencia,2019-12-22,4,S2A_30SYJ_20191222_0_L2A;S2A_30SYJ_20191222_1_L2A;S2A_31SBD_20191222_0_L2A;S2A_31SBD_20191222_1_L2A,1.0,0.3089,0.6911,0.0597,0.2305,otsu,0.435,0.0553,27537.6,11723.5,0.616,274.6,11976.8,12280.9,-0.2445,0.0292,0.207,0.1139,nublado,2026-09-03T07:41:53+00:00
albufera-valencia,2019-12-27,4,S2B_30SYJ_20191227_0_L2A;S2B_30SYJ_20191227_1_L2A;S2B_31SBD_20191227_0_L2A;S2B_31SBD_20191227_1_L2A,1.0,0.19,0.81,0.0478,0.2148,otsu,0.4,0.0434,27537.6,12733.9,0.5709,1063.5,11566.6,12618.7,-0.2391,0.052,0.2621,0.2103,ok,2026-09-03T07:41:53+00:00
albufera-valencia,2020-01-01,4,S2A_30SYJ_20200101_0_L2A;S2A_30SYJ_20200101_1_L2A;S2A_31SBD_20200101_0_L2A;S2A_31SBD_20200101_1_L2A,1.0,0.0446,0.9554,0.0476,0.2852,otsu,0.337,0.0409,27537.6,15757.4,0.5989,955.4,14790.1,15835.6,-0.2427,0.0482,0.3068,0.177,ok,2026-09-03T07:41:53+00:00
albufera-valencia,2020-01-06,4,S2B_30SYJ_20200106_0_L2A;S2B_30SYJ_20200106_1_L2A;S2B_31SBD_20200106_0_L2A;S2B_31SBD_20200106_1_L2A,1.0,0.0323,0.9677,0.0431,0.3008,otsu,0.273,0.0405,27537.6,15493.1,0.5814,749.7,14774.7,15872.4,-0.2781,0.0406,0.3666,0.1909,ok,2026-09-03T07:41:53+00:00
albufera-valencia,2020-01-11,4,S2A_30SYJ_20200111_0_L2A;S2A_30SYJ_20200111_1_L2A;S2A_31SBD_20200111_0_L2A;S2A_31SBD_20200111_1_L2A,1.0,0.0393,0.9607,0.0339,0.3164,otsu,0.151,0.0301,27537.6,15400.4,0.5821,790.0,14764.1,16014.4,-0.3577,0.0142,0.4746,0.2192,ok,2026-09-03T07:41:53+00:00
albufera-valencia,2020-01-16,4,S2B_30SYJ_20200116_0_L2A;S2B_30SYJ_20200116_1_L2A;S2B_31SBD_20200116_0_L2A;S2B_31SBD_20200116_1_L2A,1.0,0.0298,0.9702,0.0393,0.2773,otsu,0.236,0.0367,27537.6,15404.1,0.5766,780.7,14808.8,15831.8,-0.2944,0.0462,0.3998,0.2051,ok,2026-09-03T07:42:45+00:00
albufera-valencia,2020-01-26,4,S2B_30SYJ_20200126_0_L2A;S2B_30SYJ_20200126_1_L2A;S2B_31SBD_20200126_0_L2A;S2B_31SBD_20200126_1_L2A,1.0,0.0146,0.9854,0.0527,0.0,fijo,0.094,0.0481,27537.6,17573.8,0.6476,2981.6,16223.4,16780.8,-0.3077,-0.0209,0.2704,0.1623,ok,2026-09-03T07:41:53+00:00
albufera-valencia,2020-01-31,4,S2A_30SYJ_20200131_0_L2A;S2A_30SYJ_20200131_1_L2A;S2A_31SBD_20200131_0_L2A;S2A_31SBD_20200131_1_L2A,1.0,0.0253,0.9747,0.0544,0.3398,otsu,0.099,0.0442,27537.6,13737.0,0.5118,545.8,13558.9,14528.9,-0.3853,-0.0441,0.2971,0.2189,ok,2026-09-03T07:42:45+00:00
albufera-valencia,2020-02-05,2,S2B_30SYJ_20200205_0_L2A;S2B_31SBD_20200205_0_L2A,1.0,0.3784,0.6216,0.054,0.2305,otsu,0.439,0.0437,27537.6,7583.9,0.4431,254.6,9259.4,9888.0,-0.2517,0.081,0.3649,0.3226,nublado,2026-09-03T07:42:45+00:00
albufera-valencia,2020-02-10,4,S2A_30SYJ_20200210_0_L2A;S2A_30SYJ_20200210_1_L2A;S2A_31SBD_20200210_0_L2A;S2A_31SBD_20200210_1_L2A,1.0,0.0277,0.9723,0.0409,0.3242,otsu,0.046,0.034,27537.6,12264.0,0.458,375.3,12200.0,13197.6,-0.4469,-0.045,0.4121,0.2228,ok,2026-09-03T07:42:45+00:00
albufera-valencia,2020-02-15,4,S2B_30SYJ_20200215_0_L2A;S2B_30SYJ_20200215_1_L2A;S2B_31SBD_20200215_0_L2A;S2B_31SBD_20200215_1_L2A,1.0,0.0177,0.9823,0.0531,0.3164,otsu,0.141,0.0344,27537.6,11411.0,0.4218,368.1,11249.1,12493.0,-0.4077,-0.0473,0.393,0.209,ok,2026-09-03T07:42:45+00:00
albufera-valencia,2020-02-20,4,S2A_30SYJ_20200220_0_L2A;S2A_30SYJ_20200220_1_L2A;S2A_31SBD_20200220_0_L2A;S2A_31SBD_20200220_1_L2A,1.0,0.0096,0.9904,0.0568,0.332,otsu,0.074,0.0285,27537.6,10377.8,0.3805,282.2,10195.6,11488.6,-0.4662,-0.0209,0.3855,0.2176,ok,2026-09-03T07:42:45+00:00
albufera-valencia,2020-02-25,4,S2B_30SYJ_20200225_0_L2A;S2B_30SYJ_20200225_1_L2A;S2B_31SBD_20200225_0_L2A;S2B_31SBD_20200225_1_L2A,1.0,0.3099,0.6901,0.0833,0.2695,otsu,0.146,0.0345,27537.6,7231.7,0.3806,55.2,7174.8,7562.2,-0.5055,-0.1048,0.0517,0.0474,nublado,2026-09-03T07:42:45+00:00
albufera-valencia,2020-03-01,4,S2A_30SYJ_20200301_0_L2A;S2A_30SYJ_20200301_1_L2A;S2A_31SBD_20200301_0_L2A;S2A_31SBD_20200301_1_L2A,1.0,0.5856,0.4144,0.0834,0.168,otsu,0.525,0.0441,27537.6,2886.6,0.253,183.2,4110.0,4885.7,-0.3631,-0.0143,0.2936,0.2687,nublado,2026-09-03T07:42:45+00:00
albufera-valencia,2020-03-06,4,S2B_30SYJ_20200306_0_L2A;S2B_30SYJ_20200306_1_L2A;S2B_31SBD_20200306_0_L2A;S2B_31SBD_20200306_1_L2A,1.0,0.6304,0.3696,0.0718,0.207,otsu,0.324,0.0661,27537.6,5802.0,0.5701,24.8,5814.3,5933.0,-0.3288,0.0,0.2403,0.2002,nublado,2026-09-03T07:42:45+00:00
albufera-valencia,2020-03-11,4,S2A_30SYJ_20200311_0_L2A;S2A_30SYJ_20200311_1_L2A;S2A_31SBD_20200311_0_L2A;S2A_31SBD_20200311_1_L2A,1.0,0.0024,0.9976,0.074,0.293,otsu,0.007,0.0211,27537.6,9073.2,0.3303,20.2,9156.2,9349.4,-0.6571,-0.3243,0.4917,0.2503,ok,2026-09-03T07:42:45+00:00
albufera-valencia,2020-03-26,4,S2B_30SYJ_20200326_0_L2A;S2B_30SYJ_20200326_1_L2A;S2B_31SBD_20200326_0_L2A;S2B_31SBD_20200326_1_L2A,1.0,0.5722,0.4278,0.0803,0.2852,otsu,0.187,0.0767,27537.6,5266.9,0.4471,32.5,5178.1,5874.1,-0.3848,0.0066,0.3229,0.275,nublado,2026-09-03T07:42:45+00:00
albufera-valencia,2020-04-05,1,S2B_30SYJ_20200405_0_L2A,1.0,0.9187,0.0813,0.0969,0.2695,otsu,0.221,0.0874,27537.6,1119.7,0.5002,2.0,1332.2,1372.4,-0.3881,-0.0723,-0.0152,0.0,nublado,2026-09-03T07:42:45+00:00
albufera-valencia,2020-04-20,4,S2A_30SYJ_20200420_0_L2A;S2A_30SYJ_20200420_1_L2A;S2A_31SBD_20200420_0_L2A;S2A_31SBD_20200420_1_L2A,1.0,0.0127,0.9873,0.0478,0.2461,otsu,0.208,0.03,27537.6,9176.2,0.3375,86.6,9159.3,10557.0,-0.4754,0.0288,0.4916,0.2473,ok,2026-09-03T07:43:41+00:00
albufera-valencia,2020-04-30,1,S2A_31SBD_20200430_0_L2A,1.0,0.9017,0.0983,0.1332,-0.0508,otsu,0.867,0.0899,27537.6,76.7,0.0283,5.5,76.0,97.6,-0.08,0.0143,0.0478,0.0,nublado,2026-09-03T07:43:41+00:00
albufera-valencia,2020-05-05,4,S2B_30SYJ_20200505_0_L2A;S2B_30SYJ_20200505_1_L2A;S2B_31SBD_20200505_0_L2A;S2B_31SBD_20200505_1_L2A,1.0,0.6502,0.3498,0.0837,-0.043,otsu,0.768,0.0653,27537.6,3174.0,0.3295,262.0,3438.1,3824.0,-0.1249,0.0326,0.1116,0.0789,nublado,2026-09-03T07:43:41+00:00
albufera-valencia,2020-05-10,4,S2A_30SYJ_20200510_0_L2A;S2A_30SYJ_20200510_1_L2A;S2A_31SBD_20200510_0_L2A;S2A_31SBD_20200510_1_L2A,1.0,0.0171,0.9829,0.0943,-0.0273,otsu,0.691,0.0523,27537.6,9029.6,0.3336,114.8,9068.4,9070.9,-0.1803,0.0903,0.3424,0.2507,ok,2026-09-03T07:43:41+00:00
albufera-valencia,2020-05-20,4,S2A_30SYJ_20200520_0_L2A;S2A_30SYJ_20200520_1_L2A;S2A_31SBD_20200520_0_L2A;S2A_31SBD_20200520_1_L2A,1.0,0.0036,0.9964,0.0526,0.1055,otsu,0.477,0.0344,27537.6,12004.6,0.4375,1713.2,9973.3,10977.5,-0.2497,0.1024,0.4765,0.2358,ok,2026-09-03T07:43:41+00:00
albufera-valencia,2020-05-30,4,S2A_30SYJ_20200530_0_L2A;S2A_30SYJ_20200530_1_L2A;S2A_31SBD_20200530_0_L2A;S2A_31SBD_20200530_1_L2A,1.0,0.0196,0.9804,0.058,0.1055,otsu,0.675,0.0559,27537.6,12314.7,0.4561,7389.5,9390.5,11224.6,-0.1376,0.1321,0.3958,0.2492,ok,2026-09-03T07:43:41+00:00
albufera-valencia,2020-06-09,4,S2A_30SYJ_20200609_0_L2A;S2A_30SYJ_20200609_1_L2A;S2A_31SBD_20200609_0_L2A;S2A_31SBD_20200609_1_L2A,1.0,0.0066,0.9934,0.0711,-0.0195,otsu,0.761,0.0841,27537.6,9782.7,0.3576,10367.4,9117.4,10656.0,-0.1171,0.0686,0.2285,0.2233,ok,2026-09-03T07:43:41+00:00
albufera-valencia,2020-06-14,3,S2B_30SYJ_20200614_0_L2A;S2B_30SYJ_20200614_1_L2A;S2B_31SBD_20200614_0_L2A,1.0,0.097,0.903,0.0702,0.0117,otsu,0.734,0.0749,27537.6,9495.2,0.3818,8420.7,8876.8,10187.0,-0.1473,0.1042,0.3433,0.2518,ok,2026-09-03T07:43:41+00:00
albufera-valencia,2020-06-19,4,S2A_30SYJ_20200619_0_L2A;S2A_30SYJ_20200619_1_L2A;S2A_31SBD_20200619_0_L2A;S2A_31SBD_20200619_1_L2A,1.0,0.4998,0.5002,0.0821,0.0586,otsu,0.691,0.0886,27537.6,5629.0,0.4087,2772.5,5709.4,6457.0,-0.1366,0.0787,0.2892,0.19,nublado,2026-09-03T07:43:41+00:00
albufera-valencia,2020-06-24,4,S2B_30SYJ_20200624_0_L2A;S2B_30SYJ_20200624_1_L2A;S2B_31SBD_20200624_0_L2A;S2B_31SBD_20200624_1_L2A,1.0,0.7781,0.2219,0.0831,-0.0742,otsu,0.738,0.0708,27537.6,321.6,0.0526,2016.0,300.1,277.8,-0.1422,0.0468,0.1749,0.026,nublado,2026-09-03T07:43:41+00:00
albufera-valencia,2020-06-29,4,S2A_30SYJ_20200629_0_L2A;S2A_30SYJ_20200629_1_L2A;S2A_31SBD_20200629_0_L2A;S2A_31SBD_20200629_1_L2A,1.0,0.0057,0.9943,0.0462,-0.0273,otsu,0.625,0.0582,27537.6,9185.8,0.3355,1837.3,9127.3,9661.0,-0.18,0.0802,0.3043,0.2472,ok,2026-09-03T07:43:41+00:00
albufera-valencia,2020-07-04,4,S2B_30SYJ_20200704_0_L2A;S2B_30SYJ_20200704_1_L2A;S2B_31SBD_20200704_0_L2A;S2B_31SBD_20200704_1_L2A,1.0,0.0196,0.9804,0.0628,-0.0742,otsu,0.684,0.0856,27537.6,9123.8,0.3379,692.4,9110.6,9262.5,-0.1374,0.0626,0.2213,0.2103,ok,2026-09-03T07:43:41+00:00
albufera-valencia,2020-07-09,4,S2A_30SYJ_20200709_0_L2A;S2A_30SYJ_20200709_1_L2A;S2A_31SBD_20200709_0_L2A;S2A_31SBD_20200709_1_L2A,1.0,0.1112,0.8888,0.0589,-0.0352,otsu,0.754,0.0705,27537.6,7275.9,0.2973,206.0,7243.0,7321.3,-0.1391,0.0857,0.2267,0.2657,ok,2026-09-03T07:44:37+00:00
albufera-valencia,2020-07-19,4,S2A_30SYJ_20200719_0_L2A;S2A_30SYJ_20200719_1_L2A;S2A_31SBD_20200719_0_L2A;S2A_31SBD_20200719_1_L2A,1.0,0.0031,0.9969,0.0398,-0.0742,otsu,0.623,0.0552,27537.6,9143.8,0.3331,146.8,9149.0,9099.4,-0.1785,0.0659,0.2441,0.2321,ok,2026-09-03T07:44:37+00:00
albufera-valencia,2020-07-24,4,S2B_30SYJ_20200724_0_L2A;S2B_30SYJ_20200724_1_L2A;S2B_31SBD_20200724_0_L2A;S2B_31SBD_20200724_1_L2A,1.0,0.0075,0.9925,0.0412,-0.1133,otsu,0.718,0.0568,27537.6,9121.4,0.3337,121.4,9107.1,9070.4,-0.1867,0.0783,0.241,0.21,ok,2026-09-03T07:44:37+00:00
albufera-valencia,2020-07-29,4,S2A_30SYJ_20200729_0_L2A;S2A_30SYJ_20200729_1_L2A;S2A_31SBD_20200729_0_L2A;S2A_31SBD_20200729_1_L2A,1.0,0.0085,0.9915,0.0533,-0.0664,otsu,0.758,0.062,27537.6,9102.2,0.3334,111.7,9085.8,9051.8,-0.1424,0.0578,0.1859,0.0206,ok,2026-09-03T07:44:37+00:00
albufera-valencia,2020-08-08,4,S2A_30SYJ_20200808_0_L2A;S2A_30SYJ_20200808_1_L2A;S2A_31SBD_20200808_0_L2A;S2A_31SBD_20200808_1_L2A,1.0,0.0179,0.9821,0.0344,-0.0898,otsu,0.647,0.0427,27537.6,9116.0,0.3371,89.6,9113.8,8996.0,-0.2157,0.0612,0.1877,0.054,ok,2026-09-03T07:44:37+00:00
albufera-valencia,2020-08-13,4,S2B_30SYJ_20200813_0_L2A;S2B_30SYJ_20200813_1_L2A;S2B_31SBD_20200813_0_L2A;S2B_31SBD_20200813_1_L2A,1.0,0.0031,0.9969,0.03,0.0195,otsu,0.413,0.032,27537.6,9139.2,0.3329,50.0,9154.9,9132.0,-0.3437,0.0406,0.226,0.1806,ok,2026-09-03T07:44:37+00:00
albufera-valencia,2020-08-18,4,S2A_30SYJ_20200818_0_L2A;S2A_30SYJ_20200818_1_L2A;S2A_31SBD_20200818_0_L2A;S2A_31SBD_20200818_1_L2A,1.0,0.2316,0.7684,0.0344,0.0195,otsu,0.619,0.0345,27537.6,4959.8,0.2344,432.6,5139.5,5343.1,-0.2646,0.1006,0.1775,0.0633,nublado,2026-09-03T07:44:37+00:00
albufera-valencia,2020-08-23,4,S2B_30SYJ_20200823_0_L2A;S2B_30SYJ_20200823_1_L2A;S2B_31SBD_20200823_0_L2A;S2B_31SBD_20200823_1_L2A,1.0,0.3139,0.6861,0.061,0.0742,otsu,0.48,0.0586,27537.6,6641.5,0.3515,117.0,6880.8,7245.1,-0.2251,0.0594,0.1715,0.0207,nublado,2026-09-03T07:44:37+00:00
albufera-valencia,2020-08-28,4,S2A_30SYJ_20200828_0_L2A;S2A_30SYJ_20200828_1_L2A;S2A_31SBD_20200828_0_L2A;S2A_31SBD_20200828_1_L2A,1.0,0.0128,0.9872,0.0256,0.0352,otsu,0.343,0.023,27537.6,9087.1,0.3343,36.3,9123.6,9085.9,-0.3824,0.0525,0.1569,0.0147,ok,2026-09-03T07:44:37+00:00
albufera-valencia,2020-09-02,4,S2B_30SYJ_20200902_0_L2A;S2B_30SYJ_20200902_1_L2A;S2B_31SBD_20200902_0_L2A;S2B_31SBD_20200902_1_L2A,1.0,0.06,0.94,0.0331,0.1055,otsu,0.251,0.0283,27537.6,8858.1,0.3422,235.8,9127.7,9157.6,-0.5581,-0.0396,0.1637,0.0179,ok,2026-09-03T07:44:37+00:00
albufera-valencia,2020-09-12,4,S2B_30SYJ_20200912_0_L2A;S2B_30SYJ_20200912_1_L2A;S2B_31SBD_20200912_0_L2A;S2B_31SBD_20200912_1_L2A,1.0,0.0021,0.9979,0.037,0.1758,otsu,0.187,0.0311,27537.6,9117.8,0.3318,17.6,9168.4,9158.0,-0.469,0.0036,0.1991,0.0984,ok,2026-09-03T07:44:37+00:00
albufera-valencia,2020-09-22,4,S2B_30SYJ_20200922_0_L2A;S2B_30SYJ_20200922_1_L2A;S2B_31SBD_20200922_0_L2A;S2B_31SBD_20200922_1_L2A,1.0,0.7946,0.2054,0.1076,0.0664,otsu,0.743,0.0784,27537.6,1577.9,0.2789,269.0,2035.6,2470.8,-0.1743,0.0213,0.0754,0.0004,nublado,2026-09-03T07:45:28+00:00
albufera-valencia,2020-09-27,4,S2A_30SYJ_20200927_0_L2A;S2A_30SYJ_20200927_1_L2A;S2A_31SBD_20200927_0_L2A;S2A_31SBD_20200927_1_L2A,1.0,0.0024,0.9976,0.0282,0.1055,otsu,0.119,0.018,27537.6,6023.2,0.2193,3085.4,9148.1,9147.9,-0.6117,-0.0787,0.2867,0.3358,ok,2026-09-03T07:44:37+00:00
albufera-valencia,2020-10-12,4,S2B_30SYJ_20201012_0_L2A;S2B_30SYJ_20201012_1_L2A;S2B_31SBD_20201012_0_L2A;S2B_31SBD_20201012_1_L2A,1.0,0.0042,0.9958,0.0669,0.2461,otsu,0.007,0.021,27537.6,9094.0,0.3316,36.5,9149.7,9298.5,-0.7952,-0.048,0.3441,0.251,ok,2026-09-03T07:45:28+00:00
albufera-valencia,2020-10-17,4,S2A_30SYJ_20201017_0_L2A;S2A_30SYJ_20201017_1_L2A;S2A_31SBD_20201017_0_L2A;S2A_31SBD_20201017_1_L2A,1.0,0.0035,0.9965,0.0512,0.2305,otsu,0.06,0.0228,27537.6,9259.3,0.3374,65.7,9226.8,9708.2,-0.5731,-0.0687,0.3014,0.2453,ok,2026-09-03T07:45:28+00:00
albufera-valencia,2020-10-27,4,S2A_30SYJ_20201027_0_L2A;S2A_30SYJ_20201027_1_L2A;S2A_31SBD_20201027_0_L2A;S2A_31SBD_20201027_1_L2A,1.0,0.253,0.747,0.0311,0.1445,otsu,0.38,0.0273,27537.6,7598.4,0.3694,168.7,7699.5,9014.4,-0.3939,0.0731,0.3486,0.3179,nublado,2026-09-03T07:45:28+00:00
albufera-valencia,2020-11-01,4,S2B_30SYJ_20201101_0_L2A;S2B_30SYJ_20201101_1_L2A;S2B_31SBD_20201101_0_L2A;S2B_31SBD_20201101_1_L2A,1.0,0.0867,0.9133,0.039,0.207,otsu,0.1,0.0284,27537.6,10541.6,0.4191,148.0,10251.2,11247.9,-0.4556,-0.0135,0.3286,0.2269,ok,2026-09-03T07:45:28+00:00
albufera-valencia,2020-11-11,4,S2B_30SYJ_20201111_0_L2A;S2B_30SYJ_20201111_1_L2A;S2B_31SBD_20201111_0_L2A;S2B_31SBD_20201111_1_L2A,1.0,0.0434,0.9566,0.0402,0.3086,otsu,0.163,0.038,27537.6,15341.3,0.5824,32.0,15186.2,16246.8,-0.3108,-0.028,0.2394,0.1397,ok,2026-09-03T07:45:28+00:00
albufera-valencia,2020-11-21,4,S2B_30SYJ_20201121_0_L2A;S2B_30SYJ_20201121_1_L2A;S2B_31SBD_20201121_0_L2A;S2B_31SBD_20201121_1_L2A,1.0,0.283,0.717,0.0446,0.1133,otsu,0.386,0.0328,27537.6,8582.3,0.4346,223.2,8052.1,8779.6,-0.2204,0.0277,0.1351,0.0608,nublado,2026-09-03T07:45:28+00:00
albufera-valencia,2020-12-01,6,S2B_30SYJ_20201201_0_L2A;S2B_30SYJ_20201201_1_L2A;S2B_30SYJ_20201201_2_L2A;S2B_31SBD_20201201_0_L2A;S2B_31SBD_20201201_1_L2A;S2B_31SBD_20201201_2_L2A,1.0,0.4717,0.5283,0.0517,0.2539,otsu,0.204,0.0499,27537.6,7824.6,0.5378,346.0,7193.5,7731.8,-0.3136,-0.003,0.2583,0.1183,nublado,2026-09-03T07:45:28+00:00
albufera-valencia,2020-12-06,4,S2A_30SYJ_20201206_0_L2A;S2A_30SYJ_20201206_1_L2A;S2A_31SBD_20201206_0_L2A;S2A_31SBD_20201206_1_L2A,1.0,0.0576,0.9424,0.0366,0.2852,otsu,0.252,0.0339,27537.6,15327.0,0.5906,449.7,14391.2,15851.6,-0.3051,-0.0148,0.3073,0.2073,ok,2026-09-03T07:45:28+00:00
albufera-valencia,2020-12-16,4,S2A_30SYJ_20201216_0_L2A;S2A_30SYJ_20201216_1_L2A;S2A_31SBD_20201216_0_L2A;S2A_31SBD_20201216_1_L2A,1.0,0.04,0.96,0.0289,0.293,otsu,0.183,0.0258,27537.6,15566.1,0.5888,770.1,14901.6,16095.9,-0.393,-0.0584,0.4401,0.2426,ok,2026-09-03T07:45:28+00:00
albufera-valencia,2020-12-21,4,S2B_30SYJ_20201221_0_L2A;S2B_30SYJ_20201221_1_L2A;S2B_31SBD_20201221_0_L2A;S2B_31SBD_20201221_1_L2A,1.0,0.2059,0.7941,0.048,0.2461,otsu,0.43,0.0416,27537.6,11128.3,0.5089,182.6,13668.9,14272.3,-0.2413,0.0963,0.3595,0.2479,nublado,2026-09-03T07:45:28+00:00
albufera-valencia,2020-12-26,4,S2A_30SYJ_20201226_0_L2A;S2A_30SYJ_20201226_1_L2A;S2A_31SBD_20201226_0_L2A;S2A_31SBD_20201226_1_L2A,1.0,0.0016,0.9984,0.0291,0.3164,otsu,0.198,0.0244,27537.6,15397.0,0.56,906.6,14573.0,16239.7,-0.3545,-0.064,0.4267,0.2044,ok,2026-09-03T07:45:28+00:00
albufera-valencia,2020-12-31,4,S2B_30SYJ_20201231_0_L2A;S2B_30SYJ_20201231_1_L2A;S2B_31SBD_20201231_0_L2A;S2B_31SBD_20201231_1_L2A,1.0,0.0315,0.9685,0.0363,0.3086,otsu,0.202,0.0326,27537.6,15013.8,0.5629,557.5,14596.8,15722.4,-0.3967,-0.0666,0.3771,0.2178,ok,2026-09-03T07:46:18+00:00
albufera-valencia,2021-01-05,4,S2A_30SYJ_20210105_0_L2A;S2A_30SYJ_20210105_1_L2A;S2A_31SBD_20210105_0_L2A;S2A_31SBD_20210105_1_L2A,1.0,0.0013,0.9987,0.0332,0.3242,otsu,0.144,0.0296,27537.6,15069.0,0.548,649.4,14696.9,15877.4,-0.3966,-0.1056,0.3898,0.2188,ok,2026-09-03T07:46:18+00:00
albufera-valencia,2021-01-15,4,S2A_30SYJ_20210115_0_L2A;S2A_30SYJ_20210115_1_L2A;S2A_31SBD_20210115_0_L2A;S2A_31SBD_20210115_1_L2A,1.0,0.049,0.951,0.0477,0.3477,otsu,0.12,0.0421,27537.6,15383.5,0.5874,929.4,14936.2,16037.7,-0.3848,-0.0313,0.3402,0.2217,ok,2026-09-03T07:46:18+00:00
albufera-valencia,2021-01-30,4,S2B_30SYJ_20210130_0_L2A;S2B_30SYJ_20210130_1_L2A;S2B_31SBD_20210130_0_L2A;S2B_31SBD_20210130_1_L2A,1.0,0.3043,0.6957,0.062,0.2148,otsu,0.607,0.0465,27537.6,8516.9,0.4445,528.6,7045.5,9094.9,-0.2254,0.0732,0.2724,0.3102,nublado,2026-09-03T07:46:18+00:00
albufera-valencia,2021-02-14,4,S2A_30SYJ_20210214_0_L2A;S2A_30SYJ_20210214_1_L2A;S2A_31SBD_20210214_0_L2A;S2A_31SBD_20210214_1_L2A,1.0,0.3473,0.6527,0.0691,0.2383,otsu,0.432,0.0482,27537.6,8811.9,0.4902,108.2,9584.6,10180.2,-0.2762,0.0446,0.3542,0.2506,nublado,2026-09-03T07:46:18+00:00
albufera-valencia,2021-02-19,4,S2B_30SYJ_20210219_0_L2A;S2B_30SYJ_20210219_1_L2A;S2B_31SBD_20210219_0_L2A;S2B_31SBD_20210219_1_L2A,1.0,0.0039,0.9961,0.0755,0.1523,otsu,0.443,0.057,27537.6,10515.5,0.3834,412.8,10376.7,11404.0,-0.2439,0.0452,0.3027,0.2171,ok,2026-09-03T07:46:18+00:00
albufera-valencia,2021-03-06,4,S2A_30SYJ_20210306_0_L2A;S2A_30SYJ_20210306_1_L2A;S2A_31SBD_20210306_0_L2A;S2A_31SBD_20210306_1_L2A,1.0,0.7602,0.2398,0.0935,0.1445,otsu,0.688,0.0806,27537.6,2727.0,0.413,23.5,4273.4,4563.8,-0.2255,0.0509,0.2373,0.1506,nublado,2026-09-03T07:46:18+00:00
albufera-valencia,2021-03-11,4,S2B_30SYJ_20210311_0_L2A;S2B_30SYJ_20210311_1_L2A;S2B_31SBD_20210311_0_L2A;S2B_31SBD_20210311_1_L2A,1.0,0.1499,0.8501,0.0801,0.2227,otsu,0.162,0.0309,27537.6,7149.0,0.3054,23.2,7187.4,7719.4,-0.5051,-0.0656,-0.0186,0.0736,ok,2026-09-03T07:46:18+00:00
albufera-valencia,2021-03-16,4,S2A_30SYJ_20210316_0_L2A;S2A_30SYJ_20210316_1_L2A;S2A_31SBD_20210316_0_L2A;S2A_31SBD_20210316_1_L2A,1.0,0.0022,0.9978,0.0805,0.2773,otsu,0.082,0.0226,27537.6,9070.1,0.3301,17.8,9153.8,9596.4,-0.5588,-0.0256,0.4744,0.2521,ok,2026-09-03T07:46:18+00:00
albufera-valencia,2021-03-21,4,S2B_30SYJ_20210321_0_L2A;S2B_30SYJ_20210321_1_L2A;S2B_31SBD_20210321_0_L2A;S2B_31SBD_20210321_1_L2A,1.0,0.0102,0.9898,0.0685,0.3086,otsu,0.066,0.0669,27537.6,8981.6,0.3295,50.3,8998.2,9857.7,-0.494,-0.0384,0.5123,0.253,ok,2026-09-03T07:46:18+00:00
albufera-valencia,2021-03-31,4,S2B_30SYJ_20210331_0_L2A;S2B_30SYJ_20210331_1_L2A;S2B_31SBD_20210331_0_L2A;S2B_31SBD_20210331_1_L2A,1.0,0.0015,0.9985,0.0811,0.1367,otsu,0.319,0.0407,27537.6,9099.4,0.3309,45.0,9145.5,9335.7,-0.3764,0.055,0.428,0.2525,ok,2026-09-03T07:46:18+00:00
albufera-valencia,2021-04-05,6,S2A_30SYJ_20210405_0_L2A;S2A_30SYJ_20210405_1_L2A;S2A_30SYJ_20210405_2_L2A;S2A_31SBD_20210405_0_L2A;S2A_31SBD_20210405_1_L2A;S2A_31SBD_20210405_2_L2A,1.0,0.0021,0.9979,0.0724,0.1289,otsu,0.313,0.0323,27537.6,9083.0,0.3305,43.8,9134.7,9215.2,-0.4043,0.0608,0.443,0.2544,ok,2026-09-03T07:47:09+00:00
albufera-valencia,2021-04-20,3,S2B_30SYJ_20210420_0_L2A;S2B_30SYJ_20210420_1_L2A;S2B_31SBD_20210420_0_L2A,1.0,0.0017,0.9983,0.0948,0.1289,otsu,0.406,0.0458,27537.6,9118.6,0.3317,48.7,9158.9,9192.2,-0.3171,0.0807,0.4179,0.2525,ok,2026-09-03T07:47:09+00:00
albufera-valencia,2021-04-25,2,S2A_31SBD_20210425_0_L2A;S2A_31SBD_20210425_1_L2A,1.0,0.9669,0.0331,0.1539,0.0664,otsu,0.735,0.1522,27537.6,852.2,0.9341,5.6,853.0,937.4,-0.1014,0.0105,0.0273,0.0,nublado,2026-09-03T07:46:18+00:00
albufera-valencia,2021-04-30,4,S2B_30SYJ_20210430_0_L2A;S2B_30SYJ_20210430_1_L2A;S2B_31SBD_20210430_0_L2A;S2B_31SBD_20210430_1_L2A,1.0,0.2598,0.7402,0.0735,0.1133,otsu,0.417,0.0486,27537.6,7591.7,0.3725,182.1,7962.2,8421.0,-0.3123,0.0785,0.3849,0.2577,nublado,2026-09-03T07:47:09+00:00
albufera-valencia,2021-05-10,2,S2B_30SYJ_20210510_0_L2A;S2B_31SBD_20210510_0_L2A,1.0,0.4972,0.5028,0.0827,0.0352,otsu,0.624,0.0598,27537.6,4592.9,0.3317,96.4,4627.1,4711.5,-0.2178,0.1559,0.3681,0.4922,nublado,2026-09-03T07:47:09+00:00
albufera-valencia,2021-05-15,4,S2A_30SYJ_20210515_0_L2A;S2A_30SYJ_20210515_1_L2A;S2A_31SBD_20210515_0_L2A;S2A_31SBD_20210515_1_L2A,1.0,0.7685,0.2315,0.1289,-0.0742,otsu,0.769,0.0735,27537.6,2006.1,0.3147,2.4,1963.8,1953.2,-0.113,0.0047,0.0238,0.0,nublado,2026-09-03T07:47:09+00:00
albufera-valencia,2021-05-20,4,S2B_30SYJ_20210520_0_L2A;S2B_30SYJ_20210520_1_L2A;S2B_31SBD_20210520_0_L2A;S2B_31SBD_20210520_1_L2A,1.0,0.9564,0.0436,0.1454,-0.082,otsu,0.839,0.0943,27537.6,235.6,0.1963,1.2,161.4,113.1,-0.0234,0.0271,0.0746,0.0002,nublado,2026-09-03T07:47:09+00:00
albufera-valencia,2021-05-30,4,S2B_30SYJ_20210530_0_L2A;S2B_30SYJ_20210530_1_L2A;S2B_31SBD_20210530_0_L2A;S2B_31SBD_20210530_1_L2A,1.0,0.0427,0.9573,0.054,0.1758,otsu,0.621,0.0382,27537.6,11016.7,0.4179,7063.0,9440.2,11041.8,-0.2264,0.1671,0.4767,0.3214,ok,2026-09-03T07:47:09+00:00
albufera-valencia,2021-06-09,4,S2B_30SYJ_20210609_0_L2A;S2B_30SYJ_20210609_1_L2A;S2B_31SBD_20210609_0_L2A;S2B_31SBD_20210609_1_L2A,1.0,0.2427,0.7573,0.0744,0.082,otsu,0.679,0.0672,27537.6,7201.6,0.3453,6765.0,6190.4,7431.8,-0.133,0.116,0.3303,0.2836,nublado,2026-09-03T07:47:09+00:00
albufera-valencia,2021-06-14,4,S2A_30SYJ_20210614_0_L2A;S2A_30SYJ_20210614_1_L2A;S2A_31SBD_20210614_0_L2A;S2A_31SBD_20210614_1_L2A,1.0,0.0032,0.9968,0.0597,-0.1211,otsu,0.939,0.0652,27537.6,9773.1,0.356,10898.2,6889.4,10653.2,-0.0632,0.1016,0.2729,0.2348,ok,2026-09-03T07:47:09+00:00
albufera-valencia,2021-06-24,4,S2A_30SYJ_20210624_0_L2A;S2A_30SYJ_20210624_1_L2A;S2A_31SBD_20210624_0_L2A;S2A_31SBD_20210624_1_L2A,1.0,0.0024,0.9976,0.0455,-0.0352,otsu,0.777,0.0613,27537.6,9142.4,0.3328,4214.7,9125.5,9945.6,-0.1519,0.0998,0.3717,0.2486,ok,2026-09-03T07:47:09+00:00
albufera-valencia,2021-06-29,4,S2B_30SYJ_20210629_0_L2A;S2B_30SYJ_20210629_1_L2A;S2B_31SBD_20210629_0_L2A;S2B_31SBD_20210629_1_L2A,1.0,0.0041,0.9959,0.0585,-0.0664,otsu,0.764,0.0778,27537.6,9137.4,0.3332,1621.0,9100.2,9363.6,-0.1301,0.0678,0.2505,0.2407,ok,2026-09-03T07:47:09+00:00
albufera-valencia,2021-07-04,4,S2A_30SYJ_20210704_0_L2A;S2A_30SYJ_20210704_1_L2A;S2A_31SBD_20210704_0_L2A;S2A_31SBD_20210704_1_L2A,1.0,0.1618,0.8382,0.0416,-0.1289,otsu,0.723,0.0634,27537.6,6838.4,0.2963,387.4,6821.4,6770.2,-0.1313,0.0674,0.253,0.2268,ok,2026-09-03T07:47:09+00:00
albufera-valencia,2021-07-09,4,S2B_30SYJ_20210709_0_L2A;S2B_30SYJ_20210709_1_L2A;S2B_31SBD_20210709_0_L2A;S2B_31SBD_20210709_1_L2A,1.0,0.3128,0.6872,0.0757,-0.0742,otsu,0.717,0.0826,27537.6,7042.2,0.3722,163.7,7055.5,7232.2,-0.1337,0.0712,0.2311,0.19,nublado,2026-09-03T07:47:59+00:00
albufera-valencia,2021-07-14,4,S2A_30SYJ_20210714_0_L2A;S2A_30SYJ_20210714_1_L2A;S2A_31SBD_20210714_0_L2A;S2A_31SBD_20210714_1_L2A,1.0,0.0032,0.9968,0.0378,-0.1211,otsu,0.691,0.0565,27537.6,9140.4,0.333,168.0,9134.2,9056.8,-0.1675,0.079,0.2864,0.2525,ok,2026-09-03T07:47:59+00:00
albufera-valencia,2021-07-19,4,S2B_30SYJ_20210719_0_L2A;S2B_30SYJ_20210719_1_L2A;S2B_31SBD_20210719_0_L2A;S2B_31SBD_20210719_1_L2A,1.0,0.0039,0.9961,0.0378,-0.1289,otsu,0.646,0.0573,27537.6,9152.3,0.3337,150.0,9139.0,9062.0,-0.1807,0.0844,0.2965,0.2533,ok,2026-09-03T07:47:59+00:00
albufera-valencia,2021-07-24,4,S2A_30SYJ_20210724_0_L2A;S2A_30SYJ_20210724_1_L2A;S2A_31SBD_20210724_0_L2A;S2A_31SBD_20210724_1_L2A,1.0,0.0019,0.9981,0.045,-0.1367,otsu,0.979,0.0545,27537.6,9065.1,0.3298,245.0,7443.1,9059.4,-0.1053,0.0797,0.2125,0.1724,ok,2026-09-03T07:47:59+00:00
albufera-valencia,2021-07-29,4,S2B_30SYJ_20210729_0_L2A;S2B_30SYJ_20210729_1_L2A;S2B_31SBD_20210729_0_L2A;S2B_31SBD_20210729_1_L2A,1.0,0.0287,0.9713,0.0513,-0.0352,otsu,0.661,0.0564,27537.6,9125.5,0.3412,117.1,9125.2,9052.2,-0.1888,0.0592,0.2421,0.2092,ok,2026-09-03T07:47:59+00:00
albufera-valencia,2021-08-08,4,S2B_30SYJ_20210808_0_L2A;S2B_30SYJ_20210808_1_L2A;S2B_31SBD_20210808_0_L2A;S2B_31SBD_20210808_1_L2A,1.0,0.9928,0.0072,0.1249,0.0898,otsu,1.153,0.1248,27537.6,96.9,0.4859,2.7,104.5,248.6,-0.1772,-0.0094,0.0217,0.0,nublado,2026-09-03T07:47:59+00:00
albufera-valencia,2021-08-13,4,S2A_30SYJ_20210813_0_L2A;S2A_30SYJ_20210813_1_L2A;S2A_31SBD_20210813_0_L2A;S2A_31SBD_20210813_1_L2A,1.0,0.4035,0.5965,0.0674,-0.0586,otsu,0.664,0.0712,27537.6,5924.1,0.3606,102.8,5884.6,6297.9,-0.1185,0.0547,0.1644,0.0186,nublado,2026-09-03T07:47:59+00:00
albufera-valencia,2021-08-18,2,S2B_30SYJ_20210818_0_L2A;S2B_31SBD_20210818_0_L2A,1.0,0.7895,0.2105,0.1245,0.0664,otsu,0.729,0.1377,27537.6,1609.5,0.2776,439.7,1619.6,1911.5,-0.1326,0.0643,0.1167,0.0,nublado,2026-09-03T07:47:59+00:00
albufera-valencia,2021-08-23,4,S2A_30SYJ_20210823_0_L2A;S2A_30SYJ_20210823_1_L2A;S2A_31SBD_20210823_0_L2A;S2A_31SBD_20210823_1_L2A,1.0,0.4153,0.5847,0.0421,-0.043,otsu,0.655,0.046,27537.6,6105.7,0.3792,117.7,6142.9,6259.5,-0.1668,0.0901,0.1866,0.0422,nublado,2026-09-03T07:47:59+00:00
albufera-valencia,2021-08-28,4,S2B_30SYJ_20210828_0_L2A;S2B_30SYJ_20210828_1_L2A;S2B_31SBD_20210828_0_L2A;S2B_31SBD_20210828_1_L2A,1.0,0.004,0.996,0.029,-0.082,otsu,0.613,0.0305,27537.6,9103.9,0.3319,107.1,9128.7,9087.6,-0.2637,0.0853,0.2481,0.2035,ok,2026-09-03T07:47:59+00:00
albufera-valencia,2021-09-02,4,S2A_30SYJ_20210902_0_L2A;S2A_30SYJ_20210902_1_L2A;S2A_31SBD_20210902_0_L2A;S2A_31SBD_20210902_1_L2A,1.0,0.1349,0.8651,0.0375,0.1914,otsu,0.222,0.0342,27537.6,5922.9,0.2486,87.5,6506.8,6731.6,-0.3579,0.0648,0.2385,0.2526,ok,2026-09-03T07:47:59+00:00
albufera-valencia,2021-09-12,4,S2A_30SYJ_20210912_0_L2A;S2A_30SYJ_20210912_1_L2A;S2A_31SBD_20210912_0_L2A;S2A_31SBD_20210912_1_L2A,1.0,0.0022,0.9978,0.0252,0.1367,otsu,0.24,0.0212,27537.6,9068.7,0.3301,34.0,9130.2,9131.2,-0.464,0.0222,0.2407,0.2064,ok,2026-09-03T07:47:59+00:00
albufera-valencia,2021-09-17,5,S2B_30SYJ_20210917_0_L2A;S2B_30SYJ_20210917_1_L2A;S2B_30SYJ_20210917_2_L2A;S2B_31SBD_20210917_0_L2A;S2B_31SBD_20210917_1_L2A,1.0,0.0069,0.9931,0.0253,0.168,otsu,0.007,0.0186,27537.6,8663.6,0.3168,430.9,9148.0,9163.4,-0.7211,0.0252,0.3306,0.2916,ok,2026-09-03T07:48:49+00:00
albufera-valencia,2021-09-22,4,S2A_30SYJ_20210922_0_L2A;S2A_30SYJ_20210922_1_L2A;S2A_31SBD_20210922_0_L2A;S2A_31SBD_20210922_1_L2A,1.0,0.4698,0.5302,0.0466,0.1055,otsu,0.305,0.0424,27537.6,4198.3,0.2876,25.7,4354.8,4686.8,-0.3029,0.0903,0.2891,0.2577,nublado,2026-09-03T07:48:49+00:00
albufera-valencia,2021-10-02,4,S2A_30SYJ_20211002_0_L2A;S2A_30SYJ_20211002_1_L2A;S2A_31SBD_20211002_0_L2A;S2A_31SBD_20211002_1_L2A,1.0,0.2596,0.7404,0.0376,0.1836,otsu,0.154,0.0261,27537.6,9009.4,0.4419,25.6,9075.6,9390.5,-0.4666,0.0244,0.334,0.2507,nublado,2026-09-03T07:48:49+00:00
albufera-valencia,2021-10-07,4,S2B_30SYJ_20211007_0_L2A;S2B_30SYJ_20211007_1_L2A;S2B_31SBD_20211007_0_L2A;S2B_31SBD_20211007_1_L2A,1.0,0.5131,0.4869,0.0366,0.1055,otsu,0.182,0.0258,27537.6,5069.4,0.3781,267.3,5338.1,5342.3,-0.6467,-0.2416,0.3398,0.1395,nublado,2026-09-03T07:48:49+00:00
albufera-valencia,2021-10-12,4,S2A_30SYJ_20211012_0_L2A;S2A_30SYJ_20211012_1_L2A;S2A_31SBD_20211012_0_L2A;S2A_31SBD_20211012_1_L2A,1.0,0.1437,0.8563,0.0443,0.2383,otsu,0.023,0.0208,27537.6,6709.5,0.2846,24.3,6770.6,6903.8,-0.6526,-0.25,0.385,0.3426,ok,2026-09-03T07:48:49+00:00
albufera-valencia,2021-10-27,4,S2B_30SYJ_20211027_0_L2A;S2B_30SYJ_20211027_1_L2A;S2B_31SBD_20211027_0_L2A;S2B_31SBD_20211027_1_L2A,1.0,0.526,0.474,0.0553,0.2305,otsu,0.107,0.0363,27537.6,4019.2,0.3079,47.4,3534.7,4631.1,-0.4821,-0.26,0.1591,0.0622,nublado,2026-09-03T07:48:49+00:00
albufera-valencia,2021-11-01,4,S2A_30SYJ_20211101_0_L2A;S2A_30SYJ_20211101_1_L2A;S2A_31SBD_20211101_0_L2A;S2A_31SBD_20211101_1_L2A,1.0,0.0022,0.9978,0.0276,0.2148,otsu,0.155,0.0192,27537.6,10936.0,0.398,174.4,10456.4,12304.0,-0.5582,-0.06,0.5104,0.3294,ok,2026-09-03T07:48:49+00:00
albufera-valencia,2021-11-06,1,S2B_30SYJ_20211106_0_L2A,1.0,0.1323,0.8677,0.0476,0.1289,otsu,0.425,0.034,27537.6,9723.8,0.407,212.8,8745.4,10308.8,-0.275,0.1127,0.4829,0.2756,ok,2026-09-03T07:48:49+00:00
albufera-valencia,2021-11-11,4,S2A_30SYJ_20211111_0_L2A;S2A_30SYJ_20211111_1_L2A;S2A_31SBD_20211111_0_L2A;S2A_31SBD_20211111_1_L2A,1.0,0.009,0.991,0.0524,0.2617,otsu,0.096,0.0543,27537.6,12283.7,0.4501,168.6,11929.6,13284.1,-0.3942,-0.0124,0.4895,0.2634,ok,2026-09-03T07:48:49+00:00
albufera-valencia,2021-11-16,4,S2B_30SYJ_20211116_0_L2A;S2B_30SYJ_20211116_1_L2A;S2B_31SBD_20211116_0_L2A;S2B_31SBD_20211116_1_L2A,1.0,0.0275,0.9725,0.0503,0.2617,otsu,0.104,0.0453,27537.6,12865.1,0.4804,174.8,12466.9,13740.8,-0.4051,-0.0107,0.4841,0.241,ok,2026-09-03T07:48:49+00:00
albufera-valencia,2021-11-26,4,S2B_30SYJ_20211126_0_L2A;S2B_30SYJ_20211126_1_L2A;S2B_31SBD_20211126_0_L2A;S2B_31SBD_20211126_1_L2A,1.0,0.044,0.956,0.0374,0.3242,otsu,0.176,0.0324,27537.6,14565.4,0.5532,172.1,14000.5,15573.0,-0.4002,-0.0504,0.4394,0.2676,ok,2026-09-03T07:48:49+00:00
albufera-valencia,2021-12-01,4,S2A_30SYJ_20211201_0_L2A;S2A_30SYJ_20211201_1_L2A;S2A_31SBD_20211201_0_L2A;S2A_31SBD_20211201_1_L2A,1.0,0.0009,0.9991,0.0304,0.3242,otsu,0.198,0.0269,27537.6,14701.4,0.5344,318.2,14031.3,15492.7,-0.3938,-0.0535,0.4107,0.2506,ok,2026-09-03T07:49:18+00:00
albufera-valencia,2021-12-06,4,S2B_30SYJ_20211206_0_L2A;S2B_30SYJ_20211206_1_L2A;S2B_31SBD_20211206_0_L2A;S2B_31SBD_20211206_1_L2A,1.0,0.8388,0.1612,0.048,0.1914,otsu,0.216,0.0471,27537.6,3255.2,0.7333,21.6,3184.6,3194.0,-0.4825,-0.0901,0.0,0.0029,nublado,2026-09-03T07:48:49+00:00
albufera-valencia,2021-12-11,4,S2A_30SYJ_20211211_0_L2A;S2A_30SYJ_20211211_1_L2A;S2A_31SBD_20211211_0_L2A;S2A_31SBD_20211211_1_L2A,1.0,0.8106,0.1894,0.0368,0.2539,otsu,0.288,0.0318,27537.6,2402.2,0.4606,146.8,2251.1,2524.1,-0.2999,-0.033,0.2175,0.1282,nublado,2026-09-03T07:49:18+00:00
albufera-valencia,2021-12-16,4,S2B_30SYJ_20211216_0_L2A;S2B_30SYJ_20211216_1_L2A;S2B_31SBD_20211216_0_L2A;S2B_31SBD_20211216_1_L2A,1.0,0.9061,0.0939,0.1116,0.2461,otsu,0.749,0.0938,27537.6,617.3,0.2388,21.3,1927.6,1784.9,-0.2683,-0.0954,0.0783,0.0028,nublado,2026-09-03T07:49:18+00:00
albufera-valencia,2021-12-21,4,S2A_30SYJ_20211221_0_L2A;S2A_30SYJ_20211221_1_L2A;S2A_31SBD_20211221_0_L2A;S2A_31SBD_20211221_1_L2A,1.0,0.8022,0.1978,0.0349,0.043,otsu,0.519,0.0338,27537.6,4411.5,0.81,46.3,4376.7,4381.3,-0.2511,-0.0579,0.0,0.0011,nublado,2026-09-03T07:49:18+00:00
albufera-valencia,2021-12-31,4,S2A_30SYJ_20211231_0_L2A;S2A_30SYJ_20211231_1_L2A;S2A_31SBD_20211231_0_L2A;S2A_31SBD_20211231_1_L2A,1.0,0.0011,0.9989,0.0301,0.3242,otsu,0.163,0.0257,27537.6,15146.5,0.5506,718.0,14569.6,15822.8,-0.3966,-0.0744,0.5131,0.2116,ok,2026-09-03T07:49:18+00:00
albufera-valencia,2022-01-05,2,S2B_30SYJ_20220105_0_L2A;S2B_31SBD_20220105_0_L2A,1.0,0.9646,0.0354,0.0572,0.043,otsu,0.355,0.0411,27537.6,495.1,0.5079,58.0,440.2,382.8,-0.3415,-0.0016,0.07,0.0006,nublado,2026-09-03T07:49:18+00:00
albufera-valencia,2022-01-10,2,S2A_30SYJ_20220110_0_L2A;S2A_31SBD_20220110_0_L2A,1.0,0.5703,0.4297,0.0393,0.2695,otsu,0.189,0.0247,27537.6,5664.4,0.4787,341.3,5669.9,5886.3,-0.3355,-0.0018,0.3049,0.1663,nublado,2026-09-03T07:49:18+00:00
albufera-valencia,2022-01-15,2,S2B_30SYJ_20220115_0_L2A;S2B_31SBD_20220115_0_L2A,1.0,0.0321,0.9679,0.0432,0.3008,otsu,0.192,0.0372,27537.6,14937.2,0.5604,664.2,14406.3,15570.6,-0.3546,0.0147,0.4308,0.2034,ok,2026-09-03T07:49:18+00:00
albufera-valencia,2022-01-25,2,S2B_30SYJ_20220125_0_L2A;S2B_31SBD_20220125_0_L2A,1.0,0.7367,0.2633,0.0583,0.0,fijo,0.238,0.0562,27537.6,6104.1,0.842,313.5,6086.1,6153.8,-0.3236,-0.0362,0.2117,0.1091,nublado,2026-09-03T07:49:18+00:00
albufera-valencia,2022-01-30,2,S2A_30SYJ_20220130_0_L2A;S2A_31SBD_20220130_0_L2A,0.998,0.001,0.9971,0.0302,0.3477,otsu,0.102,0.0227,27537.6,12605.9,0.4591,629.0,12439.5,13844.2,-0.5049,-0.2206,0.3667,0.2139,ok,2026-09-03T07:49:18+00:00
albufera-valencia,2022-02-04,2,S2B_30SYJ_20220204_0_L2A;S2B_31SBD_20220204_0_L2A,1.0,0.9984,0.0016,0.1054,-0.0508,otsu,,,27537.6,12.2,0.2731,0.1,7.0,0.0,-0.0127,0.0203,0.0554,0.0,nublado,2026-09-03T07:49:18+00:00
albufera-valencia,2022-02-09,2,S2A_30SYJ_20220209_0_L2A;S2A_31SBD_20220209_0_L2A,1.0,0.5077,0.4923,0.0468,0.2617,otsu,0.308,0.0419,27537.6,8174.5,0.603,231.2,8493.7,8919.8,-0.2989,0.0697,0.2935,0.2658,nublado,2026-09-03T07:49:18+00:00
albufera-valencia,2022-02-14,2,S2B_30SYJ_20220214_0_L2A;S2B_31SBD_20220214_0_L2A,1.0,0.0034,0.9966,0.052,0.2852,otsu,0.076,0.032,27537.6,10807.8,0.3938,258.8,10654.4,11944.0,-0.4875,-0.0884,0.3443,0.2068,ok,2026-09-03T07:49:43+00:00
albufera-valencia,2022-02-24,2,S2B_30SYJ_20220224_0_L2A;S2B_31SBD_20220224_0_L2A,1.0,0.9147,0.0853,0.1094,0.0,fijo,1.42,0.1135,27537.6,123.8,0.0527,52.2,26.3,190.9,0.0411,0.0576,0.0929,0.0019,nublado,2026-09-03T07:49:43+00:00
albufera-valencia,2022-03-01,2,S2A_30SYJ_20220301_0_L2A;S2A_31SBD_20220301_0_L2A,1.0,0.0008,0.9992,0.0695,0.293,otsu,0.064,0.0256,27537.6,9239.3,0.3358,42.0,9288.1,10364.0,-0.5533,-0.1533,0.4201,0.244,ok,2026-09-03T07:49:43+00:00
albufera-valencia,2022-04-25,2,S2B_30SYJ_20220425_0_L2A;S2B_31SBD_20220425_0_L2A,1.0,0.1873,0.8127,0.095,0.082,otsu,0.477,0.0578,27537.6,5882.0,0.2628,90.0,6680.5,7449.3,-0.2491,0.0986,0.3766,0.2997,ok,2026-09-03T07:49:43+00:00
albufera-valencia,2022-05-05,2,S2B_30SYJ_20220505_0_L2A;S2B_31SBD_20220505_0_L2A,1.0,0.1227,0.8773,0.0789,0.0,fijo,0.164,0.0609,27537.6,13723.2,0.568,5015.2,9690.4,11147.0,-0.238,0.023,0.1876,0.0925,ok,2026-09-03T07:49:43+00:00
albufera-valencia,2022-05-10,2,S2A_30SYJ_20220510_0_L2A;S2A_31SBD_20220510_0_L2A,1.0,0.001,0.999,0.076,0.0117,otsu,0.664,0.0585,27537.6,9202.6,0.3345,354.1,9168.4,9572.1,-0.1829,0.0738,0.3081,0.2457,ok,2026-09-03T07:49:43+00:00
albufera-valencia,2022-05-15,2,S2B_30SYJ_20220515_0_L2A;S2B_31SBD_20220515_0_L2A,1.0,0.0903,0.9097,0.0873,-0.0352,otsu,0.732,0.0665,27537.6,7870.9,0.3142,104.4,7869.0,7864.9,-0.1588,0.0874,0.3171,0.2635,ok,2026-09-03T07:49:43+00:00
albufera-valencia,2022-05-20,2,S2A_30SYJ_20220520_0_L2A;S2A_31SBD_20220520_0_L2A,1.0,0.3538,0.6462,0.0972,-0.0898,otsu,0.738,0.032,27537.6,3945.8,0.2217,41.8,3935.8,3890.0,-0.1727,0.0748,0.1071,0.0589,nublado,2026-09-03T07:49:43+00:00
albufera-valencia,2022-05-25,2,S2B_30SYJ_20220525_0_L2A;S2B_31SBD_20220525_0_L2A,1.0,0.1559,0.8441,0.1125,-0.0195,otsu,0.641,0.0741,27537.6,8035.3,0.3457,106.6,8075.5,8201.2,-0.1652,0.0813,0.3196,0.2672,ok,2026-09-03T07:49:43+00:00
albufera-valencia,2022-05-30,2,S2A_30SYJ_20220530_0_L2A;S2A_31SBD_20220530_0_L2A,1.0,0.0032,0.9968,0.1105,-0.0586,otsu,0.812,0.0648,27537.6,9090.4,0.3312,147.3,9097.2,9032.8,-0.1111,0.0815,0.3023,0.2506,ok,2026-09-03T07:49:43+00:00
albufera-valencia,2022-06-04,2,S2B_30SYJ_20220604_0_L2A;S2B_31SBD_20220604_0_L2A,1.0,0.1412,0.8588,0.1152,-0.0898,otsu,0.822,0.0671,27537.6,7111.8,0.3007,330.9,5664.8,5979.0,-0.0655,0.1101,0.2796,0.328,ok,2026-09-03T07:49:43+00:00
albufera-valencia,2022-06-09,2,S2A_30SYJ_20220609_0_L2A;S2A_31SBD_20220609_0_L2A,1.0,0.0036,0.9964,0.0908,-0.0898,otsu,0.856,0.0869,27537.6,13957.6,0.5087,2631.9,9723.7,9713.4,-0.0394,0.094,0.2185,0.1711,ok,2026-09-03T07:49:43+00:00
albufera-valencia,2022-06-14,2,S2B_30SYJ_20220614_0_L2A;S2B_31SBD_20220614_0_L2A,1.0,0.0055,0.9945,0.0634,-0.0664,otsu,0.909,0.0649,27537.6,12433.8,0.454,8258.5,7743.5,10579.3,-0.0553,0.1091,0.2825,0.2467,ok,2026-09-03T07:50:15+00:00
albufera-valencia,2022-06-19,2,S2A_30SYJ_20220619_0_L2A;S2A_31SBD_20220619_0_L2A,1.0,0.0014,0.9986,0.0843,-0.0273,otsu,0.872,0.0826,27537.6,11285.0,0.4104,9952.9,8152.4,10691.1,-0.0661,0.0852,0.2106,0.1494,ok,2026-09-03T07:50:15+00:00
albufera-valencia,2022-06-24,2,S2B_30SYJ_20220624_0_L2A;S2B_31SBD_20220624_0_L2A,1.0,0.0028,0.9972,0.0605,-0.0117,otsu,0.824,0.0608,27537.6,9492.0,0.3457,9791.4,8862.0,10770.3,-0.1453,0.0739,0.3245,0.2318,ok,2026-09-03T07:50:15+00:00
albufera-valencia,2022-06-29,2,S2A_30SYJ_20220629_0_L2A;S2A_31SBD_20220629_0_L2A,1.0,0.0026,0.9974,0.0608,-0.0352,otsu,0.768,0.0658,27537.6,9505.1,0.3461,8927.5,9121.7,10555.9,-0.1291,0.0997,0.3435,0.254,ok,2026-09-03T07:50:15+00:00
albufera-valencia,2022-07-04,2,S2B_30SYJ_20220704_0_L2A;S2B_31SBD_20220704_0_L2A,1.0,0.0059,0.9941,0.0557,-0.1445,otsu,0.882,0.0594,27537.6,9078.9,0.3316,6318.3,8519.8,10214.0,-0.0957,0.0943,0.2979,0.2347,ok,2026-09-03T07:50:15+00:00
albufera-valencia,2022-07-09,2,S2A_30SYJ_20220709_0_L2A;S2A_31SBD_20220709_0_L2A,1.0,0.0027,0.9973,0.0444,-0.0273,otsu,0.675,0.0506,27537.6,8440.3,0.3073,2591.0,9113.1,9519.5,-0.1968,0.1046,0.5339,0.1992,ok,2026-09-03T07:50:15+00:00
albufera-valencia,2022-07-14,2,S2B_30SYJ_20220714_0_L2A;S2B_31SBD_20220714_0_L2A,1.0,0.0016,0.9984,0.058,-0.1133,otsu,0.883,0.064,27537.6,9047.2,0.3291,1810.7,8588.8,9494.0,-0.1083,0.0856,0.2766,0.2425,ok,2026-09-03T07:50:15+00:00
albufera-valencia,2022-07-19,2,S2A_30SYJ_20220719_0_L2A;S2A_31SBD_20220719_0_L2A,1.0,0.0029,0.9971,0.0353,-0.1289,otsu,0.797,0.0445,27537.6,8620.9,0.314,1108.5,9007.6,9162.8,-0.1401,0.096,0.3548,0.2059,ok,2026-09-03T07:50:15+00:00
albufera-valencia,2022-07-24,2,S2B_30SYJ_20220724_0_L2A;S2B_31SBD_20220724_0_L2A,1.0,0.0028,0.9972,0.0419,-0.1445,otsu,0.791,0.0564,27537.6,8846.3,0.3222,640.3,9096.5,9068.6,-0.1374,0.0934,0.3429,0.2258,ok,2026-09-03T07:50:15+00:00
albufera-valencia,2022-07-29,2,S2A_30SYJ_20220729_0_L2A;S2A_31SBD_20220729_0_L2A,1.0,0.0018,0.9982,0.0511,-0.0508,otsu,0.683,0.0591,27537.6,9069.6,0.3299,209.8,9097.2,9053.4,-0.1676,0.0921,0.3376,0.2516,ok,2026-09-03T07:50:15+00:00
albufera-valencia,2022-08-03,2,S2B_30SYJ_20220803_0_L2A;S2B_31SBD_20220803_0_L2A,1.0,0.0027,0.9973,0.0462,-0.1445,otsu,0.779,0.0596,27537.6,9139.6,0.3328,215.4,9117.5,9045.1,-0.1392,0.0796,0.2993,0.2456,ok,2026-09-03T07:50:15+00:00
albufera-valencia,2022-08-08,2,S2A_30SYJ_20220808_0_L2A;S2A_31SBD_20220808_0_L2A,1.0,0.0034,0.9966,0.0197,-0.0508,otsu,0.411,0.0224,27537.6,8061.2,0.2937,1154.9,9120.6,9094.0,-0.3896,0.1097,0.4801,0.2872,ok,2026-09-03T07:50:38+00:00
albufera-valencia,2022-08-18,2,S2A_30SYJ_20220818_0_L2A;S2A_31SBD_20220818_0_L2A,1.0,0.0039,0.9961,0.0196,0.0977,otsu,0.312,0.0245,27537.6,8924.3,0.3254,208.0,9087.2,9110.8,-0.539,-0.0484,0.442,0.256,ok,2026-09-03T07:50:15+00:00
albufera-valencia,2022-08-23,2,S2B_30SYJ_20220823_0_L2A;S2B_31SBD_20220823_0_L2A,1.0,0.0061,0.9939,0.0001,0.0,fijo,1.0,0.0001,27537.6,220.6,0.0081,7.9,231.3,9116.0,-0.767,0.4546,0.9873,0.5157,espectro_anomalo,2026-09-03T07:50:38+00:00
albufera-valencia,2022-08-28,2,S2A_30SYJ_20220828_0_L2A;S2A_31SBD_20220828_0_L2A,1.0,0.2101,0.7899,0.0209,0.0352,otsu,0.34,0.0199,27537.6,7394.6,0.34,409.1,7903.7,7929.5,-0.4374,0.0938,0.3794,0.3043,nublado,2026-09-03T07:50:38+00:00
albufera-valencia,2022-09-02,2,S2B_30SYJ_20220902_0_L2A;S2B_31SBD_20220902_0_L2A,1.0,0.0026,0.9974,0.0281,0.0117,otsu,0.384,0.0303,27537.6,9057.1,0.3298,122.4,9112.2,9118.4,-0.4019,0.054,0.3402,0.2416,ok,2026-09-03T07:50:38+00:00
albufera-valencia,2022-09-07,2,S2A_30SYJ_20220907_0_L2A;S2A_31SBD_20220907_0_L2A,1.0,0.0308,0.9692,0.0214,0.1289,otsu,0.133,0.0197,27537.6,7577.5,0.2839,1546.2,9107.9,9113.4,-0.6057,0.0359,0.4128,0.3331,ok,2026-09-03T07:50:38+00:00
albufera-valencia,2022-09-22,2,S2B_30SYJ_20220922_0_L2A;S2B_31SBD_20220922_0_L2A,1.0,0.4266,0.5734,0.0559,0.1445,otsu,0.434,0.0538,27537.6,6930.2,0.4389,188.2,7443.2,7761.8,-0.2668,0.0589,0.3241,0.2427,nublado,2026-09-03T07:50:38+00:00
albufera-valencia,2022-09-27,2,S2A_30SYJ_20220927_0_L2A;S2A_31SBD_20220927_0_L2A,1.0,0.001,0.999,0.0265,0.2148,otsu,0.057,0.0257,27537.6,9025.2,0.3281,65.4,9080.5,9140.6,-0.6143,-0.2434,0.4019,0.2259,ok,2026-09-03T07:50:38+00:00
albufera-valencia,2022-10-02,2,S2B_30SYJ_20221002_0_L2A;S2B_31SBD_20221002_0_L2A,0.9996,0.0015,0.9981,0.0298,0.2617,otsu,0.008,0.0187,27537.6,8987.7,0.327,88.3,9076.6,9137.5,-0.8039,0.0412,0.4427,0.2468,ok,2026-09-03T07:50:38+00:00
albufera-valencia,2022-10-12,2,S2B_30SYJ_20221012_0_L2A;S2B_31SBD_20221012_0_L2A,1.0,0.0236,0.9764,0.05,0.1836,otsu,0.289,0.0419,27537.6,9038.4,0.3361,99.7,9071.6,9463.0,-0.3364,0.0215,0.3952,0.2429,ok,2026-09-03T07:50:38+00:00
albufera-valencia,2022-10-17,2,S2A_30SYJ_20221017_0_L2A;S2A_31SBD_20221017_0_L2A,1.0,0.5646,0.4354,0.0415,-0.043,otsu,0.418,0.0286,27537.6,4931.1,0.4113,182.3,5237.6,5453.3,-0.3068,-0.02,0.036,0.0005,nublado,2026-09-03T07:50:38+00:00
albufera-valencia,2022-10-27,2,S2A_30SYJ_20221027_0_L2A;S2A_31SBD_20221027_0_L2A,1.0,0.9002,0.0998,0.0505,-0.0117,otsu,0.611,0.0377,27537.6,1276.6,0.4643,37.2,1294.9,1294.1,-0.2199,0.0333,0.3308,0.1462,nublado,2026-09-03T07:51:07+00:00
albufera-valencia,2022-11-01,2,S2B_30SYJ_20221101_0_L2A;S2B_31SBD_20221101_0_L2A,1.0,0.0009,0.9991,0.0408,0.0352,otsu,0.03,0.0158,27537.6,7731.8,0.281,1399.4,9062.2,9356.8,-0.7267,-0.0627,0.5241,0.2665,ok,2026-09-03T07:50:38+00:00
albufera-valencia,2022-11-06,2,S2A_30SYJ_20221106_0_L2A;S2A_31SBD_20221106_0_L2A,0.9999,0.0007,0.9992,0.0467,0.2148,otsu,0.011,0.0204,27537.6,8476.2,0.3081,778.0,9122.9,9485.2,-0.7128,-0.2969,0.4745,0.1989,ok,2026-09-03T07:51:07+00:00
albufera-valencia,2022-11-26,1,S2A_31SBD_20221126_0_L2A,1.0,0.9987,0.0013,0.0544,-0.1289,otsu,0.434,0.0544,27537.6,35.3,0.9944,0.0,35.3,35.5,-0.3273,-0.0528,-0.032,0.0,nublado,2026-09-03T07:50:38+00:00
albufera-valencia,2022-12-16,2,S2A_30SYJ_20221216_0_L2A;S2A_31SBD_20221216_0_L2A,1.0,0.0007,0.9993,0.0327,0.293,otsu,0.23,0.0298,27537.6,15045.7,0.5468,864.8,14131.7,15627.5,-0.3494,-0.0819,0.3915,0.2049,ok,2026-09-03T07:51:07+00:00
albufera-valencia,2022-12-31,2,S2B_30SYJ_20221231_0_L2A;S2B_31SBD_20221231_0_L2A,1.0,0.0011,0.9989,0.0368,0.2305,otsu,0.272,0.0322,27537.6,14643.3,0.5324,721.1,14050.1,15315.4,-0.3017,0.026,0.4161,0.1929,ok,2026-09-03T07:51:07+00:00
albufera-valencia,2023-01-05,2,S2A_30SYJ_20230105_0_L2A;S2A_31SBD_20230105_0_L2A,1.0,0.0009,0.9991,0.0277,0.3242,otsu,0.163,0.0211,27537.6,14586.7,0.5302,592.3,14243.5,15354.8,-0.3518,-0.048,0.4359,0.1931,ok,2026-09-03T07:51:07+00:00
albufera-valencia,2023-01-10,2,S2B_30SYJ_20230110_0_L2A;S2B_31SBD_20230110_0_L2A,1.0,0.0011,0.9989,0.0362,0.3086,otsu,0.173,0.0318,27537.6,14392.6,0.5233,557.8,14148.7,15282.6,-0.4017,-0.1553,0.4252,0.2022,ok,2026-09-03T07:51:07+00:00
albufera-valencia,2023-01-15,2,S2A_30SYJ_20230115_0_L2A;S2A_31SBD_20230115_0_L2A,1.0,0.1427,0.8573,0.042,0.2617,otsu,0.392,0.0347,27537.6,11859.8,0.5024,519.6,11080.5,12365.5,-0.2764,0.0214,0.2851,0.217,ok,2026-09-03T07:51:07+00:00
albufera-valencia,2023-01-20,2,S2B_30SYJ_20230120_0_L2A;S2B_31SBD_20230120_0_L2A,1.0,0.0013,0.9987,0.048,0.2695,otsu,0.268,0.0418,27537.6,14731.2,0.5356,724.4,14231.6,15161.6,-0.3302,-0.0229,0.2936,0.1833,ok,2026-09-03T07:51:07+00:00
albufera-valencia,2023-01-30,2,S2B_30SYJ_20230130_0_L2A;S2B_31SBD_20230130_0_L2A,1.0,0.0025,0.9975,0.0479,0.3242,otsu,0.124,0.0389,27537.6,14315.0,0.5211,876.6,13757.0,14917.3,-0.3997,-0.054,0.4472,0.1937,ok,2026-09-03T07:51:07+00:00
albufera-valencia,2023-02-04,2,S2A_30SYJ_20230204_0_L2A;S2A_31SBD_20230204_0_L2A,1.0,0.0013,0.9987,0.0388,0.3242,otsu,0.125,0.0296,27537.6,12934.3,0.4703,425.0,12587.2,13765.3,-0.4558,-0.0975,0.4403,0.1942,ok,2026-09-03T07:51:07+00:00
albufera-valencia,2023-02-09,2,S2B_30SYJ_20230209_0_L2A;S2B_31SBD_20230209_0_L2A,1.0,0.8964,0.1036,0.0867,0.2852,otsu,0.66,0.0777,27537.6,1345.3,0.4717,53.4,1870.8,1815.4,-0.1512,0.1335,0.2353,0.2267,nublado,2026-09-03T07:51:07+00:00
albufera-valencia,2023-02-19,2,S2B_30SYJ_20230219_0_L2A;S2B_31SBD_20230219_0_L2A,1.0,0.4759,0.5241,0.0711,0.1367,otsu,0.546,0.0427,27537.6,4788.9,0.3318,238.2,4530.9,4995.2,-0.1666,0.1655,0.3513,0.4431,nublado,2026-09-03T07:51:07+00:00
albufera-valencia,2023-02-24,2,S2A_30SYJ_20230224_0_L2A;S2A_31SBD_20230224_0_L2A,1.0,0.5894,0.4106,0.0537,0.207,otsu,0.483,0.0391,27537.6,5324.5,0.4709,94.6,5188.3,5765.1,-0.2408,0.0536,0.3568,0.2941,nublado,2026-09-03T07:51:32+00:00
albufera-valencia,2023-03-01,2,S2B_30SYJ_20230301_0_L2A;S2B_31SBD_20230301_0_L2A,1.0,0.0106,0.9894,0.0897,0.3164,otsu,0.1,0.0816,27537.6,9658.1,0.3545,50.4,9500.4,10873.1,-0.4184,-0.0482,0.3591,0.2272,ok,2026-09-03T07:51:32+00:00
albufera-valencia,2023-03-06,2,S2A_30SYJ_20230306_0_L2A;S2A_31SBD_20230306_0_L2A,1.0,0.4584,0.5416,0.0873,0.2461,otsu,0.646,0.0666,27537.6,4861.6,0.326,47.4,6052.2,6671.4,-0.2826,0.0292,0.2992,0.373,nublado,2026-09-03T07:51:32+00:00
albufera-valencia,2023-03-11,2,S2B_30SYJ_20230311_0_L2A;S2B_31SBD_20230311_0_L2A,1.0,0.9999,0.0001,0.1545,0.0,fijo,,,27537.6,1.8,1.0,0.0,1.3,0.0,-0.0238,0.025,0.0732,0.0,nublado,2026-09-03T07:51:32+00:00
albufera-valencia,2023-03-16,2,S2A_30SYJ_20230316_0_L2A;S2A_31SBD_20230316_0_L2A,1.0,0.0041,0.9959,0.0726,0.2305,otsu,0.089,0.028,27537.6,8583.1,0.313,450.0,9144.5,9414.2,-0.5518,-0.0873,0.5253,0.2198,ok,2026-09-03T07:51:32+00:00
albufera-valencia,2023-04-05,2,S2A_30SYJ_20230405_0_L2A;S2A_31SBD_20230405_0_L2A,1.0,0.0025,0.9975,0.0891,0.1758,otsu,0.228,0.0293,27537.6,8368.4,0.3046,733.1,9086.8,9152.7,-0.4596,-0.0002,0.4788,0.1926,ok,2026-09-03T07:51:32+00:00
albufera-valencia,2023-04-15,1,S2A_30SYJ_20230415_0_L2A,1.0,0.6193,0.3807,0.0705,-0.0352,otsu,0.604,0.0352,27537.6,4681.5,0.4466,20.2,4687.9,4688.7,-0.2289,0.0334,0.3495,0.1145,nublado,2026-09-03T07:51:32+00:00
albufera-valencia,2023-04-20,2,S2B_30SYJ_20230420_0_L2A;S2B_31SBD_20230420_0_L2A,1.0,0.0017,0.9983,0.1095,0.0039,otsu,0.606,0.0515,27537.6,9039.0,0.3288,144.0,9093.2,9117.0,-0.2204,0.0795,0.3835,0.2478,ok,2026-09-03T07:51:32+00:00
albufera-valencia,2023-04-25,2,S2A_30SYJ_20230425_0_L2A;S2A_31SBD_20230425_0_L2A,1.0,0.6237,0.3763,0.1043,-0.1055,otsu,0.803,0.0552,27537.6,3926.6,0.3789,11.9,3919.9,3878.4,-0.1191,0.0116,0.0295,0.0053,nublado,2026-09-03T07:51:32+00:00
albufera-valencia,2023-04-30,1,S2B_31SBD_20230430_0_L2A,1.0,0.7318,0.2682,0.1249,-0.0195,otsu,0.831,0.0539,27537.6,652.4,0.0883,31.5,629.2,694.6,-0.1574,0.1226,0.3128,0.4183,nublado,2026-09-03T07:51:32+00:00
albufera-valencia,2023-05-05,2,S2A_30SYJ_20230505_0_L2A;S2A_31SBD_20230505_0_L2A,1.0,0.0079,0.9921,0.1007,0.0508,otsu,0.464,0.0321,27537.6,9252.5,0.3387,593.9,9144.1,9244.0,-0.2721,0.0598,0.407,0.1989,ok,2026-09-03T07:51:32+00:00
albufera-valencia,2023-05-10,2,S2B_30SYJ_20230510_0_L2A;S2B_31SBD_20230510_0_L2A,1.0,0.5441,0.4559,0.0836,-0.0273,otsu,0.792,0.0768,27537.6,7343.8,0.585,635.3,6321.3,6364.6,-0.1022,0.0822,0.2855,0.2231,nublado,2026-09-03T07:52:03+00:00
albufera-valencia,2023-05-15,2,S2A_30SYJ_20230515_0_L2A;S2A_31SBD_20230515_0_L2A,1.0,0.0016,0.9984,0.0548,0.0742,otsu,0.75,0.0518,27537.6,12775.2,0.4647,6405.2,10175.9,12072.7,-0.1557,0.1131,0.3929,0.2607,ok,2026-09-03T07:51:32+00:00
albufera-valencia,2023-05-20,2,S2B_30SYJ_20230520_0_L2A;S2B_31SBD_20230520_0_L2A,1.0,0.003,0.997,0.0656,0.082,otsu,0.673,0.0623,27537.6,12364.6,0.4503,7596.8,9988.6,11518.8,-0.1617,0.137,0.3687,0.2692,ok,2026-09-03T07:52:03+00:00
albufera-valencia,2023-06-04,2,S2A_30SYJ_20230604_0_L2A;S2A_31SBD_20230604_0_L2A,1.0,0.0018,0.9982,0.0619,0.043,otsu,0.69,0.0585,27537.6,11973.7,0.4356,8683.2,9296.4,11047.8,-0.1359,0.1184,0.3647,0.239,ok,2026-09-03T07:52:03+00:00
albufera-valencia,2023-06-09,2,S2B_30SYJ_20230609_0_L2A;S2B_31SBD_20230609_0_L2A,1.0,0.0031,0.9969,0.069,-0.0039,otsu,0.805,0.0811,27537.6,9960.9,0.3628,10140.7,9121.8,10678.8,-0.113,0.0837,0.2842,0.2333,ok,2026-09-03T07:52:03+00:00
albufera-valencia,2023-06-14,2,S2A_30SYJ_20230614_0_L2A;S2A_31SBD_20230614_0_L2A,1.0,0.0014,0.9986,0.0536,-0.0508,otsu,0.91,0.089,27537.6,9484.4,0.3449,9378.4,9152.6,10457.7,-0.0888,0.0861,0.2764,0.2487,ok,2026-09-03T07:52:03+00:00
albufera-valencia,2023-06-19,1,S2B_30SYJ_20230619_0_L2A,1.0,0.354,0.646,0.0788,-0.082,otsu,0.86,0.0847,27537.6,6994.3,0.3932,2839.5,6784.7,7425.4,-0.092,0.0533,0.2499,0.1284,nublado,2026-09-03T07:52:03+00:00
albufera-valencia,2023-06-24,2,S2A_30SYJ_20230624_0_L2A;S2A_31SBD_20230624_0_L2A,1.0,0.0017,0.9983,0.0576,-0.0898,otsu,0.789,0.0864,27537.6,9130.8,0.3322,1637.2,9108.4,9307.7,-0.1217,0.0764,0.2624,0.2474,ok,2026-09-03T07:52:03+00:00
albufera-valencia,2023-06-29,2,S2B_30SYJ_20230629_0_L2A;S2B_31SBD_20230629_0_L2A,1.0,0.0196,0.9804,0.0655,-0.1289,otsu,0.91,0.0729,27537.6,9045.8,0.3351,1252.8,8642.0,9347.3,-0.1404,0.1295,0.2981,0.2481,ok,2026-09-03T07:52:03+00:00
albufera-valencia,2023-07-04,2,S2A_30SYJ_20230704_0_L2A;S2A_31SBD_20230704_0_L2A,1.0,0.0016,0.9984,0.0416,-0.0039,otsu,0.615,0.0535,27537.6,9121.1,0.3318,298.0,9145.9,9128.0,-0.2231,0.0938,0.3535,0.2542,ok,2026-09-03T07:52:03+00:00
albufera-valencia,2023-07-09,2,S2B_30SYJ_20230709_0_L2A;S2B_31SBD_20230709_0_L2A,1.0,0.0034,0.9966,0.0439,-0.1367,otsu,0.827,0.0604,27537.6,9120.6,0.3323,272.1,8828.7,9082.4,-0.1386,0.104,0.3074,0.2516,ok,2026-09-03T07:52:03+00:00
albufera-valencia,2023-07-14,2,S2A_30SYJ_20230714_0_L2A;S2A_31SBD_20230714_0_L2A,1.0,0.0046,0.9954,0.0472,-0.1289,otsu,0.787,0.0822,27537.6,9133.6,0.3332,220.9,9119.3,9066.5,-0.1189,0.075,0.2553,0.2472,ok,2026-09-03T07:52:03+00:00
albufera-valencia,2023-07-19,2,S2B_30SYJ_20230719_0_L2A;S2B_31SBD_20230719_0_L2A,1.0,0.0102,0.9898,0.0408,-0.1758,otsu,0.962,0.0513,27537.6,8944.7,0.3282,296.2,5410.1,8916.8,-0.1153,0.1158,0.3121,0.252,ok,2026-09-03T07:52:03+00:00
albufera-valencia,2023-07-29,2,S2B_30SYJ_20230729_0_L2A;S2B_31SBD_20230729_0_L2A,1.0,0.0029,0.9971,0.0446,-0.1367,otsu,0.706,0.0686,27537.6,9146.3,0.3331,133.9,9130.3,9040.9,-0.153,0.0689,0.2579,0.241,ok,2026-09-03T07:52:32+00:00
albufera-valencia,2023-08-03,2,S2A_30SYJ_20230803_0_L2A;S2A_31SBD_20230803_0_L2A,1.0,0.0502,0.9498,0.0549,-0.043,otsu,0.639,0.0648,27537.6,8346.4,0.3191,114.0,8386.2,8407.7,-0.155,0.0848,0.2779,0.2702,ok,2026-09-03T07:52:32+00:00
albufera-valencia,2023-08-08,2,S2B_30SYJ_20230808_0_L2A;S2B_31SBD_20230808_0_L2A,1.0,0.3354,0.6646,0.0789,-0.0508,otsu,0.702,0.1035,27537.6,5852.1,0.3198,69.0,5837.8,5847.7,-0.1428,0.0278,0.1579,0.0169,nublado,2026-09-03T07:52:32+00:00
albufera-valencia,2023-08-13,2,S2A_30SYJ_20230813_0_L2A;S2A_31SBD_20230813_0_L2A,1.0,0.0129,0.9871,0.034,-0.0352,otsu,0.558,0.0386,27537.6,9064.5,0.3335,81.1,9094.6,9051.3,-0.2461,0.097,0.3678,0.2534,ok,2026-09-03T07:52:32+00:00
albufera-valencia,2023-08-18,2,S2B_30SYJ_20230818_0_L2A;S2B_31SBD_20230818_0_L2A,1.0,0.4038,0.5962,0.0375,-0.0586,otsu,0.601,0.0431,27537.6,2488.8,0.1516,50.0,2497.0,2438.0,-0.2276,0.078,0.3687,0.2157,nublado,2026-09-03T07:52:32+00:00
albufera-valencia,2023-08-23,2,S2A_30SYJ_20230823_0_L2A;S2A_31SBD_20230823_0_L2A,1.0,0.0023,0.9977,0.0293,0.1289,otsu,0.32,0.0269,27537.6,9040.4,0.329,37.2,9101.5,9101.3,-0.4124,0.0384,0.4473,0.2545,ok,2026-09-03T07:52:32+00:00
albufera-valencia,2023-08-28,2,S2B_30SYJ_20230828_0_L2A;S2B_31SBD_20230828_0_L2A,1.0,0.0019,0.9981,0.0333,0.0977,otsu,0.281,0.0315,27537.6,9026.2,0.3284,58.1,9096.7,9111.5,-0.3933,0.0389,0.465,0.2515,ok,2026-09-03T07:52:32+00:00
albufera-valencia,2023-09-07,2,S2B_30SYJ_20230907_0_L2A;S2B_31SBD_20230907_0_L2A,1.0,0.1017,0.8983,0.0542,0.1211,otsu,0.232,0.0538,27537.6,8607.2,0.348,17.2,8631.4,8606.3,-0.3976,0.0632,0.3553,0.2043,ok,2026-09-03T07:52:32+00:00
albufera-valencia,2023-09-12,2,S2A_30SYJ_20230912_0_L2A;S2A_31SBD_20230912_0_L2A,1.0,0.4846,0.5154,0.0729,0.1055,otsu,0.513,0.0605,27537.6,4604.6,0.3244,86.4,4688.4,4975.2,-0.1847,0.0706,0.2601,0.2379,nublado,2026-09-03T07:52:32+00:00
albufera-valencia,2023-09-17,2,S2B_30SYJ_20230917_0_L2A;S2B_31SBD_20230917_0_L2A,1.0,0.0442,0.9558,0.0417,-0.1211,otsu,0.734,0.0317,27537.6,9084.8,0.3452,123.7,8221.5,9280.4,-0.1059,0.0978,0.3063,0.2231,ok,2026-09-03T07:52:32+00:00
albufera-valencia,2023-09-22,2,S2A_30SYJ_20230922_0_L2A;S2A_31SBD_20230922_0_L2A,1.0,0.0015,0.9985,0.031,0.1367,otsu,0.214,0.0191,27537.6,9007.8,0.3276,83.3,9041.8,9211.4,-0.4675,-0.0026,0.4337,0.2519,ok,2026-09-03T07:52:32+00:00
albufera-valencia,2023-09-27,2,S2B_30SYJ_20230927_0_L2A;S2B_31SBD_20230927_0_L2A,1.0,0.0527,0.9473,0.044,0.2148,otsu,0.068,0.0239,27537.6,8946.7,0.3429,38.4,9008.1,9248.0,-0.5633,-0.1811,0.4396,0.25,ok,2026-09-03T07:52:32+00:00
albufera-valencia,2023-10-02,2,S2A_30SYJ_20231002_0_L2A;S2A_31SBD_20231002_0_L2A,1.0,0.0045,0.9955,0.0475,0.1992,otsu,0.046,0.0182,27537.6,8973.2,0.3273,47.4,9024.8,9152.8,-0.5756,-0.1776,0.4869,0.2546,ok,2026-09-03T07:52:59+00:00
albufera-valencia,2023-10-07,2,S2B_30SYJ_20231007_0_L2A;S2B_31SBD_20231007_0_L2A,1.0,0.0238,0.9762,0.0593,0.0742,otsu,0.213,0.0258,27537.6,8937.6,0.3325,135.1,8748.4,9271.9,-0.4162,0.0848,0.4565,0.2496,ok,2026-09-03T07:52:59+00:00
albufera-valencia,2023-10-12,2,S2A_30SYJ_20231012_0_L2A;S2A_31SBD_20231012_0_L2A,1.0,0.0015,0.9985,0.0571,0.1211,otsu,0.229,0.0234,27537.6,8872.5,0.3227,288.6,8360.1,9296.3,-0.3819,0.0232,0.4537,0.2385,ok,2026-09-03T07:52:59+00:00
albufera-valencia,2023-10-17,2,S2B_30SYJ_20231017_0_L2A;S2B_31SBD_20231017_0_L2A,1.0,0.8323,0.1677,0.1151,0.168,otsu,0.764,0.0992,27537.6,2841.8,0.6155,38.3,3338.8,3838.0,-0.1161,0.0321,0.2073,0.1113,nublado,2026-09-03T07:52:59+00:00
albufera-valencia,2023-11-06,2,S2B_30SYJ_20231106_0_L2A;S2B_31SBD_20231106_0_L2A,1.0,0.0011,0.9989,0.0396,0.2148,otsu,0.093,0.0298,27537.6,9073.6,0.3299,2500.3,8227.9,12117.9,-0.4965,-0.1069,0.2642,0.1587,ok,2026-09-03T07:52:59+00:00
albufera-valencia,2023-11-11,1,S2A_31SBD_20231111_0_L2A,1.0,0.9694,0.0306,0.0383,0.1133,otsu,0.465,0.0368,27537.6,733.9,0.8709,3.0,714.8,725.5,-0.2313,-0.0116,0.0978,0.0021,nublado,2026-09-03T07:52:59+00:00
albufera-valencia,2023-11-16,2,S2B_30SYJ_20231116_0_L2A;S2B_31SBD_20231116_0_L2A,1.0,0.8577,0.1423,0.0304,0.0,fijo,2.116,0.0348,27537.6,16.0,0.0041,3.0,7.0,157.4,0.0158,0.137,0.2349,0.3158,nublado,2026-09-03T07:52:59+00:00
albufera-valencia,2023-11-21,2,S2A_30SYJ_20231121_0_L2A;S2A_31SBD_20231121_0_L2A,1.0,0.001,0.999,0.0192,0.2305,otsu,0.115,0.0099,27537.6,10912.6,0.3967,1885.4,9907.5,13682.5,-0.518,-0.1464,0.34,0.2206,ok,2026-09-03T07:52:59+00:00
albufera-valencia,2023-11-26,2,S2B_30SYJ_20231126_0_L2A;S2B_31SBD_20231126_0_L2A,1.0,0.0034,0.9966,0.0489,0.1133,otsu,0.367,0.0441,27537.6,12906.9,0.4703,530.8,10210.0,13771.4,-0.2265,0.0477,0.426,0.2317,ok,2026-09-03T07:52:59+00:00
albufera-valencia,2023-12-06,2,S2B_30SYJ_20231206_0_L2A;S2B_31SBD_20231206_0_L2A,1.0,0.074,0.926,0.0448,0.2539,otsu,0.303,0.0382,27537.6,14170.2,0.5557,197.2,11304.2,14434.4,-0.2449,0.0189,0.4248,0.2301,ok,2026-09-03T07:52:59+00:00
albufera-valencia,2023-12-11,2,S2A_30SYJ_20231211_0_L2A;S2A_31SBD_20231211_0_L2A,1.0,0.3273,0.6727,0.0345,0.2695,otsu,0.017,0.0266,27537.6,9180.3,0.4956,593.2,6914.6,9340.1,-0.3988,-0.1489,0.3865,0.2526,nublado,2026-09-03T07:52:59+00:00
albufera-valencia,2023-12-16,2,S2B_30SYJ_20231216_0_L2A;S2B_31SBD_20231216_0_L2A,1.0,0.1826,0.8174,0.0377,0.3164,otsu,0.189,0.0344,27537.6,12236.1,0.5436,132.0,10602.5,13558.6,-0.3731,-0.0768,0.4885,0.2994,ok,2026-09-03T07:52:59+00:00
albufera-valencia,2023-12-21,2,S2A_30SYJ_20231221_0_L2A;S2A_31SBD_20231221_0_L2A,1.0,0.0017,0.9983,0.0283,0.3008,otsu,0.127,0.0221,27537.6,14271.7,0.5191,395.2,12058.8,15202.7,-0.388,-0.1467,0.4802,0.2864,ok,2026-09-03T07:53:28+00:00
albufera-valencia,2023-12-26,2,S2B_30SYJ_20231226_0_L2A;S2B_31SBD_20231226_0_L2A,1.0,0.0013,0.9987,0.031,0.3008,otsu,0.152,0.0211,27537.6,14368.4,0.5224,523.7,12183.2,15301.3,-0.4119,-0.1038,0.4355,0.2499,ok,2026-09-03T07:53:28+00:00
albufera-valencia,2024-01-05,2,S2B_30SYJ_20240105_0_L2A;S2B_31SBD_20240105_0_L2A,1.0,0.6482,0.3518,0.0098,0.2617,otsu,0.222,0.0054,27537.6,5744.5,0.593,503.5,4483.4,7306.9,-0.2646,-0.0618,0.4013,0.3924,nublado,2026-09-03T07:53:28+00:00
albufera-valencia,2024-01-20,2,S2A_30SYJ_20240120_0_L2A;S2A_31SBD_20240120_0_L2A,1.0,0.9779,0.0221,0.1424,0.0,fijo,0.787,0.1424,27537.6,606.1,0.9938,0.8,522.0,610.1,-0.0904,0.0357,0.1291,0.0005,nublado,2026-09-03T07:53:28+00:00
albufera-valencia,2024-01-25,2,S2B_30SYJ_20240125_0_L2A;S2B_31SBD_20240125_0_L2A,1.0,0.0012,0.9988,0.0464,0.3242,otsu,0.084,0.0388,27537.6,13257.8,0.482,608.9,13075.7,14227.8,-0.3736,-0.0771,0.4425,0.2284,ok,2026-09-03T07:53:28+00:00
albufera-valencia,2024-02-04,2,S2B_30SYJ_20240204_0_L2A;S2B_31SBD_20240204_0_L2A,1.0,0.0023,0.9977,0.0392,0.3086,otsu,0.077,0.0261,27537.6,12268.0,0.4465,485.8,12189.6,13490.9,-0.4636,-0.2091,0.4826,0.2274,ok,2026-09-03T07:53:28+00:00
albufera-valencia,2024-02-24,2,S2B_30SYJ_20240224_0_L2A;S2B_31SBD_20240224_0_L2A,1.0,0.446,0.554,0.0843,0.1914,otsu,0.846,0.0507,27537.6,3972.5,0.2604,89.6,3664.1,4783.2,-0.191,0.1168,0.386,0.4368,nublado,2026-09-03T07:53:28+00:00
albufera-valencia,2024-02-29,2,S2A_30SYJ_20240229_0_L2A;S2A_31SBD_20240229_0_L2A,1.0,0.029,0.971,0.0647,0.2617,otsu,0.007,0.0228,27537.6,9036.0,0.3379,44.0,9061.5,9798.3,-0.5943,-0.2954,0.5498,0.255,ok,2026-09-03T07:53:28+00:00
albufera-valencia,2024-03-05,2,S2B_30SYJ_20240305_0_L2A;S2B_31SBD_20240305_0_L2A,1.0,0.0015,0.9985,0.0715,0.2773,otsu,0.012,0.0252,27537.6,9033.2,0.3285,41.6,9085.4,9448.4,-0.624,-0.4035,0.5028,0.2559,ok,2026-09-03T07:53:28+00:00
albufera-valencia,2024-03-15,2,S2B_30SYJ_20240315_0_L2A;S2B_31SBD_20240315_0_L2A,1.0,0.6503,0.3497,0.0584,0.2227,otsu,0.038,0.027,27537.6,3983.2,0.4137,5.2,4017.0,4023.0,-0.6614,-0.4324,0.358,0.11,nublado,2026-09-03T07:53:28+00:00
albufera-valencia,2024-03-30,2,S2A_30SYJ_20240330_0_L2A;S2A_31SBD_20240330_0_L2A,1.0,0.0007,0.9993,0.0834,0.2227,otsu,0.165,0.0349,27537.6,9003.9,0.3272,17.8,9070.4,9129.3,-0.4497,-0.0045,0.4487,0.2563,ok,2026-09-03T07:53:28+00:00
albufera-valencia,2024-04-04,2,S2B_30SYJ_20240404_0_L2A;S2B_31SBD_20240404_0_L2A,1.0,0.1572,0.8428,0.0943,0.082,otsu,0.359,0.0324,27537.6,6325.0,0.2725,48.6,6380.4,6487.8,-0.3417,0.1161,0.4238,0.3627,ok,2026-09-03T07:53:54+00:00
albufera-valencia,2024-04-09,2,S2A_30SYJ_20240409_0_L2A;S2A_31SBD_20240409_0_L2A,1.0,0.0042,0.9958,0.0905,0.0508,otsu,0.531,0.0306,27537.6,8995.8,0.328,66.9,9031.3,9060.2,-0.2915,0.0733,0.4363,0.2551,ok,2026-09-03T07:53:28+00:00
albufera-valencia,2024-04-14,2,S2B_30SYJ_20240414_0_L2A;S2B_31SBD_20240414_0_L2A,1.0,0.0031,0.9969,0.1004,0.2305,otsu,0.126,0.0278,27537.6,8968.9,0.3267,34.6,9049.5,9090.9,-0.5714,-0.0447,0.4728,0.2555,ok,2026-09-03T07:53:54+00:00
albufera-valencia,2024-04-19,2,S2A_30SYJ_20240419_0_L2A;S2A_31SBD_20240419_0_L2A,1.0,0.9143,0.0857,0.1371,0.168,otsu,0.605,0.0789,27537.6,262.4,0.1112,1.5,264.5,302.2,-0.2383,0.2272,0.3143,0.8093,nublado,2026-09-03T07:53:54+00:00
albufera-valencia,2024-04-24,2,S2B_30SYJ_20240424_0_L2A;S2B_31SBD_20240424_0_L2A,1.0,0.0036,0.9964,0.1084,0.1602,otsu,0.356,0.0434,27537.6,8979.5,0.3272,73.2,9055.7,9082.7,-0.424,0.051,0.5174,0.2539,ok,2026-09-03T07:53:54+00:00
albufera-valencia,2024-05-04,2,S2B_30SYJ_20240504_0_L2A;S2B_31SBD_20240504_0_L2A,1.0,0.0495,0.9505,0.1103,0.043,otsu,0.51,0.0589,27537.6,8853.5,0.3383,109.7,8641.7,8702.6,-0.2526,0.0805,0.3986,0.2525,ok,2026-09-03T07:53:54+00:00
albufera-valencia,2024-05-09,2,S2A_30SYJ_20240509_0_L2A;S2A_31SBD_20240509_0_L2A,1.0,0.0015,0.9985,0.0709,0.0117,otsu,0.678,0.0621,27537.6,11793.8,0.4289,1696.1,9420.9,10235.2,-0.1292,0.0898,0.3351,0.2118,ok,2026-09-03T07:53:54+00:00
albufera-valencia,2024-05-14,2,S2B_30SYJ_20240514_0_L2A;S2B_31SBD_20240514_0_L2A,1.0,0.0425,0.9575,0.0673,0.0352,otsu,0.754,0.0668,27537.6,12316.2,0.4671,5342.3,9872.1,11399.2,-0.1148,0.1093,0.3711,0.2472,ok,2026-09-03T07:53:54+00:00
albufera-valencia,2024-05-19,2,S2A_30SYJ_20240519_0_L2A;S2A_31SBD_20240519_0_L2A,1.0,0.0878,0.9122,0.0633,0.0664,otsu,0.662,0.0613,27537.6,11526.6,0.4589,5866.2,8833.6,10405.5,-0.1248,0.139,0.3864,0.2987,ok,2026-09-03T07:53:54+00:00
albufera-valencia,2024-05-24,2,S2B_30SYJ_20240524_0_L2A;S2B_31SBD_20240524_0_L2A,1.0,0.1423,0.8577,0.0707,0.0117,otsu,0.764,0.0698,27537.6,11751.0,0.4975,5281.8,9140.0,10722.5,-0.1102,0.1145,0.3638,0.2453,ok,2026-09-03T07:53:54+00:00
albufera-valencia,2024-05-29,2,S2A_30SYJ_20240529_0_L2A;S2A_31SBD_20240529_0_L2A,1.0,0.0106,0.9894,0.078,0.0117,otsu,0.78,0.0853,27537.6,13174.4,0.4835,7030.8,9088.2,10876.1,-0.0763,0.1065,0.2935,0.2124,ok,2026-09-03T07:53:54+00:00
albufera-valencia,2024-06-03,2,S2B_30SYJ_20240603_0_L2A;S2B_31SBD_20240603_0_L2A,1.0,0.0045,0.9955,0.0845,-0.0195,otsu,0.728,0.0987,27537.6,11256.8,0.4106,8548.7,9078.8,10597.5,-0.0967,0.0924,0.2708,0.2172,ok,2026-09-03T07:53:54+00:00
albufera-valencia,2024-06-08,1,S2A_30SYJ_20240608_0_L2A,1.0,0.9375,0.0625,0.0739,-0.0898,otsu,0.775,0.0686,27537.6,567.3,0.3295,414.3,467.2,568.0,-0.079,0.1099,0.2662,0.2797,nublado,2026-09-03T07:53:54+00:00
albufera-valencia,2024-06-13,2,S2B_30SYJ_20240613_0_L2A;S2B_31SBD_20240613_0_L2A,1.0,0.0383,0.9617,0.0616,0.0664,otsu,0.605,0.0625,27537.6,9343.6,0.3528,5293.0,9110.0,10361.6,-0.1873,0.1062,0.4119,0.2453,ok,2026-09-03T07:54:24+00:00
albufera-valencia,2024-06-18,2,S2A_30SYJ_20240618_0_L2A;S2A_31SBD_20240618_0_L2A,1.0,0.0052,0.9948,0.0613,-0.0586,otsu,0.83,0.0694,27537.6,9122.3,0.333,2911.0,9030.8,9588.2,-0.1193,0.0872,0.3185,0.2507,ok,2026-09-03T07:54:24+00:00
albufera-valencia,2024-06-23,2,S2B_30SYJ_20240623_0_L2A;S2B_31SBD_20240623_0_L2A,1.0,0.8845,0.1155,0.0452,-0.293,otsu,0.893,0.1454,27537.6,24.7,0.0078,765.4,11.1,13.8,0.0086,0.0463,0.1463,0.0,nublado,2026-09-03T07:54:24+00:00
albufera-valencia,2024-07-08,2,S2A_30SYJ_20240708_0_L2A;S2A_31SBD_20240708_0_L2A,1.0,0.0028,0.9972,0.0594,-0.0742,otsu,0.695,0.0864,27537.6,9058.9,0.3299,298.6,9046.3,9050.4,-0.143,0.071,0.2506,0.2454,ok,2026-09-03T07:54:24+00:00
albufera-valencia,2024-07-13,2,S2B_30SYJ_20240713_0_L2A;S2B_31SBD_20240713_0_L2A,1.0,0.2344,0.7656,0.0751,-0.0977,otsu,0.791,0.0939,27537.6,6986.5,0.3314,181.5,6978.0,7133.6,-0.1177,0.0601,0.2421,0.1751,nublado,2026-09-03T07:54:24+00:00
albufera-valencia,2024-07-18,2,S2A_30SYJ_20240718_0_L2A;S2A_31SBD_20240718_0_L2A,1.0,0.002,0.998,0.0594,-0.1211,otsu,0.968,0.0741,27537.6,8973.9,0.3265,267.9,7379.1,9061.0,-0.0894,0.0885,0.2264,0.2211,ok,2026-09-03T07:54:24+00:00
albufera-valencia,2024-07-23,2,S2B_30SYJ_20240723_0_L2A;S2B_31SBD_20240723_0_L2A,1.0,0.0059,0.9941,0.0457,-0.1289,otsu,0.747,0.0668,27537.6,9075.2,0.3315,179.9,9057.6,9015.0,-0.1455,0.0737,0.2793,0.2436,ok,2026-09-03T07:54:24+00:00
albufera-valencia,2024-07-28,2,S2A_30SYJ_20240728_0_L2A;S2A_31SBD_20240728_0_L2A,1.0,0.1732,0.8268,0.0628,-0.043,otsu,0.709,0.0671,27537.6,8533.3,0.3748,118.0,8531.9,8630.2,-0.1461,0.0598,0.2681,0.2083,ok,2026-09-03T07:54:24+00:00
albufera-valencia,2024-08-02,2,S2B_30SYJ_20240802_0_L2A;S2B_31SBD_20240802_0_L2A,1.0,0.0068,0.9932,0.031,0.0352,otsu,0.33,0.0347,27537.6,9016.2,0.3296,80.3,9064.8,9047.8,-0.3696,0.0718,0.376,0.257,ok,2026-09-03T07:54:24+00:00
albufera-valencia,2024-08-07,2,S2A_30SYJ_20240807_0_L2A;S2A_31SBD_20240807_0_L2A,1.0,0.1735,0.8265,0.0544,-0.0352,otsu,0.688,0.0566,27537.6,7999.7,0.3515,93.3,8026.8,8109.3,-0.165,0.0577,0.2706,0.1695,ok,2026-09-03T07:54:24+00:00
albufera-valencia,2024-08-12,2,S2B_30SYJ_20240812_0_L2A;S2B_31SBD_20240812_0_L2A,1.0,0.0027,0.9973,0.0483,-0.0195,otsu,0.682,0.0528,27537.6,9019.4,0.3284,100.2,9028.3,9010.0,-0.1913,0.07,0.2848,0.2413,ok,2026-09-03T07:54:24+00:00
albufera-valencia,2024-08-17,2,S2A_30SYJ_20240817_0_L2A;S2A_31SBD_20240817_0_L2A,1.0,0.0047,0.9953,0.0355,-0.0664,otsu,0.623,0.0492,27537.6,9044.9,0.33,82.5,9054.3,9015.4,-0.1994,0.066,0.2716,0.2265,ok,2026-09-03T07:54:24+00:00
albufera-valencia,2024-08-27,2,S2A_30SYJ_20240827_0_L2A;S2A_31SBD_20240827_0_L2A,1.0,0.0024,0.9976,0.0553,0.082,otsu,0.507,0.0561,27537.6,8995.5,0.3274,55.2,9023.8,9016.7,-0.2383,0.057,0.2551,0.2258,ok,2026-09-03T07:54:53+00:00
albufera-valencia,2024-09-06,2,S2A_30SYJ_20240906_0_L2A;S2A_31SBD_20240906_0_L2A,1.0,0.0028,0.9972,0.0247,0.1211,otsu,0.058,0.0175,27537.6,8984.2,0.3272,42.2,9052.7,9056.0,-0.6414,-0.1176,0.3852,0.2539,ok,2026-09-03T07:54:53+00:00
albufera-valencia,2024-09-11,2,S2B_30SYJ_20240911_0_L2A;S2B_31SBD_20240911_0_L2A,1.0,0.4195,0.5805,0.0742,0.1445,otsu,0.376,0.0601,27537.6,4620.3,0.289,27.9,4697.9,4895.1,-0.2668,0.0705,0.2465,0.276,nublado,2026-09-03T07:54:53+00:00
albufera-valencia,2024-09-16,2,S2A_30SYJ_20240916_0_L2A;S2A_31SBD_20240916_0_L2A,1.0,0.0389,0.9611,0.0276,0.2461,otsu,0.006,0.0155,27537.6,8890.2,0.3359,17.0,9030.5,9067.6,-0.7957,0.0032,0.3352,0.2583,ok,2026-09-03T07:54:53+00:00
albufera-valencia,2024-09-26,2,S2A_30SYJ_20240926_0_L2A;S2A_31SBD_20240926_0_L2A,1.0,0.0036,0.9964,0.0348,0.0586,otsu,0.278,0.0222,27537.6,8995.6,0.3278,49.6,9035.2,9082.4,-0.4246,-0.0258,0.3525,0.2569,ok,2026-09-03T07:54:53+00:00
albufera-valencia,2024-10-01,2,S2B_30SYJ_20241001_0_L2A;S2B_31SBD_20241001_0_L2A,1.0,0.1462,0.8538,0.0588,0.0977,otsu,0.129,0.0242,27537.6,6389.7,0.2718,60.3,6446.0,6478.0,-0.5488,-0.1245,0.3829,0.2426,ok,2026-09-03T07:54:53+00:00
albufera-valencia,2024-10-16,2,S2A_30SYJ_20241016_0_L2A;S2A_31SBD_20241016_0_L2A,1.0,0.8452,0.1548,0.095,0.2227,otsu,0.694,0.0864,27537.6,1373.9,0.3223,54.8,1896.5,2406.7,-0.2081,0.0352,0.2799,0.1922,nublado,2026-09-03T07:54:53+00:00
albufera-valencia,2024-10-21,2,S2B_30SYJ_20241021_0_L2A;S2B_31SBD_20241021_0_L2A,1.0,0.8477,0.1523,0.1003,0.2305,otsu,0.22,0.0681,27537.6,1101.4,0.2626,0.3,1286.2,1460.4,-0.3914,-0.0678,-0.0197,0.0,nublado,2026-09-03T07:54:53+00:00
albufera-valencia,2024-10-26,2,S2A_30SYJ_20241026_0_L2A;S2A_31SBD_20241026_0_L2A,1.0,0.0059,0.9941,0.0255,0.293,otsu,0.246,0.0209,27537.6,12402.0,0.4531,145.8,11910.1,13772.6,-0.4462,-0.0962,0.4486,0.3042,ok,2026-09-03T07:54:53+00:00
albufera-valencia,2024-10-31,1,S2B_30SYJ_20241031_0_L2A,1.0,0.4728,0.5272,0.0923,0.293,otsu,0.383,0.0927,27537.6,11179.3,0.77,6.1,11546.8,10979.7,-0.0601,0.0061,0.1557,0.0569,nublado,2026-09-03T07:54:53+00:00
albufera-valencia,2024-11-05,3,S2A_30SYJ_20241105_0_L2A;S2A_31SBD_20241105_0_L2A;S2C_30SYJ_20241105_1_L2A,1.0,0.6423,0.3577,0.0001,0.0,fijo,1.0,0.0001,27537.6,2031.6,0.2062,198.0,1954.8,5366.7,-0.3781,0.2444,0.9931,0.3719,nublado,2026-09-03T07:55:23+00:00
albufera-valencia,2024-11-10,2,S2B_30SYJ_20241110_0_L2A;S2B_31SBD_20241110_0_L2A,1.0,0.0025,0.9975,0.0414,0.3008,otsu,0.3,0.0377,27537.6,15682.0,0.5709,281.0,15108.2,15964.4,-0.25,0.014,0.2781,0.1915,ok,2026-09-03T07:54:53+00:00
albufera-valencia,2024-11-15,4,S2A_30SYJ_20241115_0_L2A;S2A_31SBD_20241115_0_L2A;S2C_30SYJ_20241115_1_L2A;S2C_31SBD_20241115_1_L2A,1.0,0.613,0.387,0.0001,0.3477,otsu,1.0,0.0001,27537.6,3287.5,0.3085,649.0,3269.9,6730.6,-0.6695,0.0489,0.4911,0.2288,nublado,2026-09-03T07:55:23+00:00
albufera-valencia,2024-11-20,2,S2B_30SYJ_20241120_0_L2A;S2B_31SBD_20241120_0_L2A,1.0,0.0007,0.9993,0.0564,0.2773,otsu,0.336,0.0563,27537.6,15891.6,0.5775,617.0,14208.8,15700.4,-0.2468,-0.0042,0.211,0.1117,ok,2026-09-03T07:54:53+00:00
albufera-valencia,2024-11-30,2,S2B_30SYJ_20241130_0_L2A;S2B_31SBD_20241130_0_L2A,1.0,0.001,0.999,0.0675,0.1914,otsu,0.403,0.0655,27537.6,15662.0,0.5693,836.3,14680.0,15103.2,-0.1804,0.0543,0.2722,0.1695,ok,2026-09-03T07:55:23+00:00
albufera-valencia,2024-12-05,2,S2A_30SYJ_20241205_0_L2A;S2C_30SYJ_20241205_1_L2A,1.0,0.2131,0.7869,0.0001,0.0,fijo,1.0,0.0001,27537.6,1170.5,0.054,341.9,1156.4,12217.2,-0.5869,0.5116,0.9965,0.7038,nublado,2026-09-03T07:55:23+00:00
albufera-valencia,2024-12-10,2,S2B_30SYJ_20241210_0_L2A;S2B_31SBD_20241210_0_L2A,1.0,0.0018,0.9982,0.0536,0.3164,otsu,0.199,0.05,27537.6,14876.4,0.5412,325.7,14660.3,15265.6,-0.3474,-0.0871,0.2924,0.2218,ok,2026-09-03T07:55:23+00:00
albufera-valencia,2024-12-15,4,S2A_30SYJ_20241215_0_L2A;S2A_31SBD_20241215_0_L2A;S2C_30SYJ_20241215_1_L2A;S2C_31SBD_20241215_1_L2A,1.0,0.0002,0.9998,0.0001,0.0,fijo,1.0,0.0001,27537.6,738.0,0.0268,352.7,707.7,15472.0,-0.4873,0.5711,0.9931,0.7553,espectro_anomalo,2026-09-03T07:55:23+00:00
albufera-valencia,2024-12-20,2,S2B_30SYJ_20241220_0_L2A;S2B_31SBD_20241220_0_L2A,1.0,0.0014,0.9986,0.0478,0.3086,otsu,0.233,0.0449,27537.6,14891.2,0.5415,513.3,14552.2,15349.4,-0.37,-0.0865,0.2829,0.2135,ok,2026-09-03T07:55:23+00:00
albufera-valencia,2024-12-25,2,S2A_30SYJ_20241225_0_L2A;S2A_31SBD_20241225_0_L2A,1.0,0.0016,0.9984,0.0482,0.3008,otsu,0.151,0.0427,27537.6,15035.1,0.5468,461.8,14742.2,15354.9,-0.3482,-0.018,0.3279,0.2433,ok,2026-09-03T07:55:23+00:00
albufera-valencia,2024-12-30,2,S2B_30SYJ_20241230_0_L2A;S2B_31SBD_20241230_0_L2A,1.0,0.001,0.999,0.0564,0.293,otsu,0.233,0.0525,27537.6,15188.6,0.5521,503.8,14846.0,15431.3,-0.3119,0.0161,0.3155,0.2088,ok,2026-09-03T07:55:23+00:00
albufera-valencia,2025-01-09,2,S2B_30SYJ_20250109_0_L2A;S2B_31SBD_20250109_0_L2A,1.0,0.0015,0.9985,0.0535,0.2539,otsu,0.367,0.0467,27537.6,15201.0,0.5529,550.4,14811.7,15324.2,-0.2777,-0.0032,0.252,0.1762,ok,2026-09-03T07:55:23+00:00
albufera-valencia,2025-01-14,2,S2A_30SYJ_20250114_0_L2A;S2A_31SBD_20250114_0_L2A,1.0,0.0047,0.9953,0.0453,0.3008,otsu,0.177,0.0351,27537.6,15061.7,0.5495,618.1,14759.0,15361.8,-0.3293,-0.0097,0.3553,0.235,ok,2026-09-03T07:55:23+00:00
albufera-valencia,2025-01-24,2,S2C_30SYJ_20250124_0_L2A;S2C_31SBD_20250124_0_L2A,1.0,0.0002,0.9998,0.0001,0.0,fijo,1.0,0.0001,27537.6,1239.2,0.045,609.0,1237.8,15252.1,-0.5949,0.5722,0.9957,0.7802,espectro_anomalo,2026-09-03T07:55:46+00:00
albufera-valencia,2025-02-03,2,S2C_30SYJ_20250203_0_L2A;S2C_31SBD_20250203_0_L2A,1.0,0.0002,0.9998,0.0001,-0.332,otsu,1.0,0.0001,27537.6,13896.7,0.5047,2204.2,1185.6,13742.2,-0.0612,0.076,0.0,0.089,espectro_anomalo,2026-09-03T07:55:46+00:00
albufera-valencia,2025-02-08,2,S2B_30SYJ_20250208_0_L2A;S2B_31SBD_20250208_0_L2A,1.0,0.0794,0.9206,0.0001,-0.293,otsu,1.0,0.0001,27537.6,11699.7,0.4615,1638.1,1345.3,11860.4,-0.08,0.125,0.931,0.1449,espectro_anomalo,2026-09-03T07:55:23+00:00
albufera-valencia,2025-02-13,2,S2C_30SYJ_20250213_0_L2A;S2C_31SBD_20250213_0_L2A,1.0,0.0033,0.9967,0.0001,-0.3398,otsu,1.0,0.0001,27537.6,11621.1,0.4234,1694.8,772.1,11943.2,-0.0453,0.0902,0.2906,0.1013,espectro_anomalo,2026-09-03T07:55:46+00:00
albufera-valencia,2025-03-10,2,S2B_30SYJ_20250310_0_L2A;S2B_31SBD_20250310_0_L2A,1.0,0.5756,0.4244,0.0001,0.0,fijo,1.0,0.0001,27537.6,750.1,0.0642,434.6,921.2,6897.0,-0.7405,0.2138,0.991,0.2887,nublado,2026-09-03T07:55:46+00:00
albufera-valencia,2025-03-15,2,S2C_30SYJ_20250315_0_L2A;S2C_31SBD_20250315_0_L2A,1.0,0.0024,0.9976,0.055,0.2852,otsu,0.056,0.0354,27537.6,9526.5,0.3468,280.6,9339.8,10662.6,-0.5418,-0.1743,0.4645,0.2533,ok,2026-09-03T07:55:46+00:00
albufera-valencia,2025-03-25,2,S2C_30SYJ_20250325_0_L2A;S2C_31SBD_20250325_0_L2A,1.0,0.0031,0.9969,0.0643,0.2383,otsu,0.09,0.0368,27537.6,9292.5,0.3385,113.7,9334.2,10334.6,-0.5332,-0.08,0.3449,0.244,ok,2026-09-03T07:55:46+00:00
albufera-valencia,2025-03-27,2,S2A_30SYJ_20250327_1_L2A;S2A_31SBD_20250327_1_L2A,1.0,0.0019,0.9981,0.0669,0.3164,otsu,0.076,0.0333,27537.6,9189.4,0.3343,36.7,9251.6,10098.0,-0.5305,-0.0859,0.3221,0.2486,ok,2026-09-03T07:55:46+00:00
albufera-valencia,2025-03-30,2,S2B_30SYJ_20250330_0_L2A;S2B_31SBD_20250330_0_L2A,1.0,0.0029,0.9971,0.0741,0.293,otsu,0.054,0.0384,27537.6,9163.6,0.3337,9.0,9219.5,9583.4,-0.536,-0.0676,0.3678,0.2603,ok,2026-09-03T07:55:46+00:00
albufera-valencia,2025-04-06,2,S2A_30SYJ_20250406_1_L2A;S2A_31SBD_20250406_1_L2A,1.0,0.9817,0.0183,0.0476,0.1992,otsu,0.24,0.0466,27537.6,462.0,0.9167,0.0,463.4,460.0,-0.4941,0.018,0.0688,0.0006,nublado,2026-09-03T07:55:46+00:00
albufera-valencia,2025-04-09,2,S2B_30SYJ_20250409_0_L2A;S2B_31SBD_20250409_0_L2A,1.0,0.0025,0.9975,0.0832,0.1602,otsu,0.312,0.0421,27537.6,9179.2,0.3342,32.6,9212.2,9337.4,-0.3642,0.0427,0.3461,0.2559,ok,2026-09-03T07:55:46+00:00
albufera-valencia,2025-04-14,1,S2C_30SYJ_20250414_0_L2A,1.0,0.5531,0.4469,0.0708,0.1602,otsu,0.32,0.0488,27537.6,6175.2,0.5018,11.0,6298.6,6452.1,-0.3425,-0.0388,0.0298,0.0717,nublado,2026-09-03T07:55:46+00:00
albufera-valencia,2025-04-16,2,S2A_30SYJ_20250416_1_L2A;S2A_31SBD_20250416_1_L2A,1.0,0.0274,0.9726,0.0866,0.0586,otsu,0.572,0.0488,27537.6,8922.2,0.3331,76.7,8911.4,8976.1,-0.2155,0.0521,0.3014,0.2587,ok,2026-09-03T07:55:46+00:00
albufera-valencia,2025-04-24,2,S2C_30SYJ_20250424_0_L2A;S2C_31SBD_20250424_0_L2A,1.0,0.0017,0.9983,0.0814,0.0039,otsu,0.504,0.0471,27537.6,9076.0,0.3302,84.1,9103.4,9120.4,-0.2572,0.0704,0.379,0.2511,ok,2026-09-03T07:56:13+00:00
albufera-valencia,2025-04-26,2,S2A_30SYJ_20250426_1_L2A;S2A_31SBD_20250426_1_L2A,1.0,1.0,0.0,0.1352,0.0,fijo,,,27537.6,0.3,0.7778,0.0,0.3,0.0,-0.0279,-0.0001,0.0125,0.0,nublado,2026-09-03T07:56:13+00:00
albufera-valencia,2025-05-04,2,S2C_30SYJ_20250504_0_L2A;S2C_31SBD_20250504_0_L2A,1.0,0.4087,0.5913,0.0874,0.0195,otsu,0.551,0.071,27537.6,6694.2,0.4111,81.1,6725.8,6896.6,-0.2137,0.0547,0.3168,0.2503,nublado,2026-09-03T07:56:13+00:00
albufera-valencia,2025-05-06,2,S2A_30SYJ_20250506_1_L2A;S2A_31SBD_20250506_1_L2A,1.0,0.1052,0.8948,0.0998,0.043,otsu,0.584,0.0624,27537.6,8951.2,0.3633,87.2,8939.8,8985.5,-0.206,0.0642,0.3138,0.2445,ok,2026-09-03T07:56:13+00:00
albufera-valencia,2025-05-09,2,S2B_30SYJ_20250509_0_L2A;S2B_31SBD_20250509_0_L2A,1.0,0.3234,0.6766,0.0835,0.0664,otsu,0.459,0.0599,27537.6,7582.3,0.4069,59.5,7613.4,7817.9,-0.2714,0.0407,0.3373,0.1864,nublado,2026-09-03T07:56:13+00:00
albufera-valencia,2025-05-16,2,S2A_30SYJ_20250516_1_L2A;S2A_31SBD_20250516_1_L2A,1.0,0.0026,0.9974,0.0709,0.0664,otsu,0.575,0.0493,27537.6,10930.3,0.3979,768.2,9446.8,10157.5,-0.1869,0.1024,0.4297,0.2264,ok,2026-09-03T07:56:13+00:00
albufera-valencia,2025-05-19,1,S2B_30SYJ_20250519_0_L2A,1.0,0.3483,0.6517,0.0741,-0.0117,otsu,0.689,0.0696,27537.6,8452.8,0.471,1288.9,7519.2,7628.2,-0.1208,0.0193,0.2961,0.1873,nublado,2026-09-03T07:56:13+00:00
albufera-valencia,2025-05-24,2,S2C_30SYJ_20250524_0_L2A;S2C_31SBD_20250524_0_L2A,1.0,0.0214,0.9786,0.0593,0.0195,otsu,0.711,0.058,27537.6,11276.8,0.4185,6124.5,9249.2,10773.0,-0.1245,0.1029,0.3366,0.2755,ok,2026-09-03T07:56:13+00:00
albufera-valencia,2025-05-26,2,S2A_30SYJ_20250526_1_L2A;S2A_31SBD_20250526_1_L2A,1.0,0.0459,0.9541,0.0693,0.0195,otsu,0.775,0.0697,27537.6,12252.6,0.4663,5568.8,9736.1,11197.2,-0.0863,0.1173,0.3071,0.2828,ok,2026-09-03T07:56:13+00:00
albufera-valencia,2025-05-29,2,S2B_30SYJ_20250529_0_L2A;S2B_31SBD_20250529_0_L2A,1.0,0.0043,0.9957,0.0787,0.0117,otsu,0.824,0.081,27537.6,12566.6,0.4583,6817.3,9360.8,11162.4,-0.0691,0.0999,0.2559,0.2401,ok,2026-09-03T07:56:13+00:00
albufera-valencia,2025-06-05,2,S2A_30SYJ_20250605_1_L2A;S2A_31SBD_20250605_1_L2A,1.0,0.2258,0.7742,0.0881,0.0195,otsu,0.765,0.0854,27537.6,8408.4,0.3944,6733.5,6419.8,7250.4,-0.0804,0.0924,0.2164,0.1936,nublado,2026-09-03T07:56:13+00:00
albufera-valencia,2025-06-08,2,S2B_30SYJ_20250608_0_L2A;S2B_31SBD_20250608_0_L2A,1.0,0.0052,0.9948,0.0738,0.0039,otsu,0.664,0.0697,27537.6,10375.7,0.3787,8164.6,9103.2,10691.1,-0.1266,0.0792,0.2689,0.2381,ok,2026-09-03T07:56:13+00:00
albufera-valencia,2025-06-13,2,S2C_30SYJ_20250613_0_L2A;S2C_31SBD_20250613_0_L2A,1.0,0.0102,0.9898,0.0595,-0.1445,otsu,0.939,0.0629,27537.6,9748.0,0.3576,8872.1,7222.6,10598.2,-0.0544,0.0949,0.284,0.2457,ok,2026-09-03T07:56:43+00:00
albufera-valencia,2025-06-15,2,S2A_30SYJ_20250615_1_L2A;S2A_31SBD_20250615_1_L2A,1.0,0.03,0.97,0.0564,-0.082,otsu,0.862,0.0613,27537.6,8920.5,0.334,6933.9,7619.1,9862.2,-0.0781,0.1168,0.3189,0.267,ok,2026-09-03T07:56:43+00:00
albufera-valencia,2025-06-18,2,S2B_30SYJ_20250618_0_L2A;S2B_31SBD_20250618_0_L2A,1.0,0.0361,0.9639,0.0576,-0.0586,otsu,0.706,0.0661,27537.6,8527.1,0.3212,4284.0,8124.2,9147.6,-0.147,0.0698,0.2835,0.1839,ok,2026-09-03T07:56:43+00:00
albufera-valencia,2025-06-23,2,S2C_30SYJ_20250623_0_L2A;S2C_31SBD_20250623_0_L2A,1.0,0.0233,0.9767,0.0542,-0.1523,otsu,0.852,0.0814,27537.6,8698.3,0.3234,2382.1,7651.6,8886.4,-0.0644,0.0839,0.2713,0.2609,ok,2026-09-03T07:56:43+00:00
albufera-valencia,2025-06-25,2,S2A_30SYJ_20250625_1_L2A;S2A_31SBD_20250625_1_L2A,1.0,0.0121,0.9879,0.0353,-0.0664,otsu,0.744,0.0386,27537.6,8676.4,0.3189,1123.6,7730.6,9117.7,-0.1384,0.1152,0.3683,0.2639,ok,2026-09-03T07:56:43+00:00
albufera-valencia,2025-06-28,2,S2B_30SYJ_20250628_0_L2A;S2B_31SBD_20250628_0_L2A,1.0,0.0057,0.9943,0.0597,-0.1445,otsu,0.858,0.0835,27537.6,9101.8,0.3324,1040.5,8084.2,9128.1,-0.0669,0.084,0.263,0.2493,ok,2026-09-03T07:56:43+00:00
albufera-valencia,2025-07-03,2,S2C_30SYJ_20250703_0_L2A;S2C_31SBD_20250703_0_L2A,1.0,0.2171,0.7829,0.0738,-0.0898,otsu,0.781,0.081,27537.6,7600.2,0.3525,288.2,7317.0,7688.3,-0.0998,0.0645,0.2758,0.1979,nublado,2026-09-03T07:56:43+00:00
albufera-valencia,2025-07-05,2,S2A_30SYJ_20250705_1_L2A;S2A_31SBD_20250705_1_L2A,1.0,0.0056,0.9944,0.0486,-0.1602,otsu,0.868,0.0667,27537.6,9093.9,0.3321,450.9,7669.4,9035.7,-0.0657,0.0902,0.2734,0.2509,ok,2026-09-03T07:56:43+00:00
albufera-valencia,2025-07-13,2,S2C_30SYJ_20250713_0_L2A;S2C_31SBD_20250713_0_L2A,1.0,0.0056,0.9944,0.0442,-0.168,otsu,0.834,0.0731,27537.6,9123.2,0.3332,309.0,9016.7,9034.3,-0.0886,0.0742,0.2785,0.2476,ok,2026-09-03T07:56:43+00:00
albufera-valencia,2025-07-15,2,S2A_30SYJ_20250715_1_L2A;S2A_31SBD_20250715_1_L2A,1.0,0.0059,0.9941,0.0338,-0.0664,otsu,0.567,0.0427,27537.6,9082.2,0.3318,157.9,9051.8,9027.6,-0.1951,0.0918,0.3191,0.2529,ok,2026-09-03T07:56:43+00:00
albufera-valencia,2025-07-18,2,S2B_30SYJ_20250718_0_L2A;S2B_31SBD_20250718_0_L2A,1.0,0.1567,0.8433,0.0615,-0.0977,otsu,0.715,0.0679,27537.6,8240.8,0.3549,167.4,8220.6,8366.1,-0.144,0.0769,0.2767,0.2177,ok,2026-09-03T07:56:43+00:00
albufera-valencia,2025-07-25,2,S2A_30SYJ_20250725_1_L2A;S2A_31SBD_20250725_1_L2A,1.0,0.0037,0.9963,0.0446,-0.0039,otsu,0.519,0.0706,27537.6,9022.3,0.3289,115.6,9017.7,9047.8,-0.2032,0.0594,0.3089,0.2489,ok,2026-09-03T07:56:43+00:00
albufera-valencia,2025-07-28,2,S2B_30SYJ_20250728_0_L2A;S2B_31SBD_20250728_0_L2A,1.0,0.0044,0.9956,0.0488,-0.0898,otsu,0.589,0.0707,27537.6,9087.7,0.3315,162.9,9063.5,9024.0,-0.1591,0.056,0.2323,0.2236,ok,2026-09-03T07:57:10+00:00
albufera-valencia,2025-08-02,2,S2C_30SYJ_20250802_0_L2A;S2C_31SBD_20250802_0_L2A,1.0,0.0718,0.9282,0.035,0.0117,otsu,0.4,0.0415,27537.6,8667.5,0.3391,67.1,8689.8,8690.9,-0.3523,0.0518,0.3029,0.2162,ok,2026-09-03T07:57:10+00:00
albufera-valencia,2025-08-04,2,S2A_30SYJ_20250804_1_L2A;S2A_31SBD_20250804_1_L2A,1.0,0.0046,0.9954,0.0428,-0.082,otsu,0.636,0.0618,27537.6,9088.4,0.3315,128.0,9064.0,9034.5,-0.1514,0.0703,0.243,0.2223,ok,2026-09-03T07:57:10+00:00
albufera-valencia,2025-08-07,2,S2B_30SYJ_20250807_0_L2A;S2B_31SBD_20250807_0_L2A,1.0,0.0049,0.9951,0.0423,-0.0664,otsu,0.572,0.0492,27537.6,9069.6,0.331,120.3,9047.6,9020.1,-0.1916,0.0727,0.2495,0.2377,ok,2026-09-03T07:57:10+00:00
albufera-valencia,2025-08-12,2,S2C_30SYJ_20250812_0_L2A;S2C_31SBD_20250812_0_L2A,1.0,0.0111,0.9889,0.0397,-0.1211,otsu,0.643,0.0485,27537.6,8975.1,0.3296,134.7,8967.0,9036.8,-0.1525,0.0842,0.224,0.1788,ok,2026-09-03T07:57:10+00:00
albufera-valencia,2025-08-14,2,S2A_30SYJ_20250814_1_L2A;S2A_31SBD_20250814_1_L2A,1.0,0.0032,0.9968,0.0329,0.0742,otsu,0.664,0.0341,27537.6,8867.4,0.323,239.7,9075.6,9139.8,-0.2371,0.128,0.2542,0.2257,ok,2026-09-03T07:57:10+00:00
albufera-valencia,2025-08-17,2,S2B_30SYJ_20250817_0_L2A;S2B_31SBD_20250817_0_L2A,1.0,0.1593,0.8407,0.1018,0.2148,otsu,0.67,0.1077,27537.6,6109.4,0.2639,59.6,6091.0,6420.9,-0.1288,0.0545,0.1639,0.0003,ok,2026-09-03T07:57:10+00:00
albufera-valencia,2025-08-24,2,S2A_30SYJ_20250824_0_L2A;S2A_31SBD_20250824_0_L2A,1.0,0.0045,0.9955,0.027,0.0195,otsu,0.401,0.0268,27537.6,8965.7,0.3271,143.9,9068.6,9051.7,-0.3725,0.1071,0.308,0.2526,ok,2026-09-03T07:57:10+00:00
albufera-valencia,2025-08-27,2,S2B_30SYJ_20250827_0_L2A;S2B_31SBD_20250827_0_L2A,1.0,0.4034,0.5966,0.0726,-0.1133,otsu,0.933,0.0765,27537.6,3705.8,0.2256,151.0,2937.8,3997.8,-0.0527,0.038,0.1619,0.0145,nublado,2026-09-03T07:57:10+00:00
albufera-valencia,2025-09-01,2,S2C_30SYJ_20250901_0_L2A;S2C_31SBD_20250901_0_L2A,1.0,0.0043,0.9957,0.0333,0.0508,otsu,0.355,0.0309,27537.6,9019.5,0.3289,101.1,9074.8,9084.9,-0.4089,-0.0077,0.3253,0.2449,ok,2026-09-03T07:57:10+00:00
albufera-valencia,2025-09-03,2,S2A_30SYJ_20250903_1_L2A;S2A_31SBD_20250903_1_L2A,1.0,0.0047,0.9953,0.0331,0.1055,otsu,0.202,0.0313,27537.6,9022.4,0.3292,61.4,9066.0,9073.4,-0.4503,0.0092,0.3582,0.2533,ok,2026-09-03T07:57:10+00:00
albufera-valencia,2025-09-11,2,S2C_30SYJ_20250911_0_L2A;S2C_31SBD_20250911_0_L2A,1.0,0.0039,0.9961,0.0297,0.0586,otsu,0.114,0.0236,27537.6,8658.8,0.3157,459.0,9074.0,9103.2,-0.5952,-0.1047,0.4458,0.2638,ok,2026-09-03T07:57:10+00:00
albufera-valencia,2025-09-13,2,S2A_30SYJ_20250913_1_L2A;S2A_31SBD_20250913_1_L2A,1.0,0.9999,0.0001,0.1654,0.0,fijo,,,27537.6,3.6,0.9082,0.0,3.6,0.0,-0.0486,0.0164,0.0325,0.0,nublado,2026-09-03T07:57:34+00:00
albufera-valencia,2025-09-16,2,S2B_30SYJ_20250916_0_L2A;S2B_31SBD_20250916_0_L2A,1.0,0.4449,0.5551,0.0729,0.1367,otsu,0.44,0.0581,27537.6,6563.1,0.4293,29.2,7051.3,7367.7,-0.2481,0.0709,0.3057,0.2608,nublado,2026-09-03T07:57:34+00:00
albufera-valencia,2025-09-23,2,S2A_30SYJ_20250923_1_L2A;S2A_31SBD_20250923_1_L2A,1.0,0.0247,0.9753,0.0453,0.1758,otsu,0.174,0.029,27537.6,8978.2,0.3343,51.1,9030.2,9066.5,-0.4402,0.0491,0.4283,0.2509,ok,2026-09-03T07:57:34+00:00
albufera-valencia,2025-09-26,2,S2B_30SYJ_20250926_0_L2A;S2B_31SBD_20250926_0_L2A,1.0,0.0036,0.9964,0.0438,0.1523,otsu,0.071,0.0286,27537.6,8868.8,0.3232,169.2,9045.2,9073.2,-0.6157,-0.0643,0.4656,0.2624,ok,2026-09-03T07:57:34+00:00
albufera-valencia,2025-10-01,2,S2C_30SYJ_20251001_0_L2A;S2C_31SBD_20251001_0_L2A,1.0,0.0152,0.9848,0.0418,0.2305,otsu,0.044,0.0412,27537.6,9506.5,0.3506,55.4,9233.9,10460.4,-0.4748,-0.0654,0.5215,0.2144,ok,2026-09-03T07:57:34+00:00
albufera-valencia,2025-11-02,2,S2A_30SYJ_20251102_1_L2A;S2A_31SBD_20251102_2_L2A,1.0,0.0018,0.9982,0.0379,0.2617,otsu,0.017,0.0295,27537.6,11838.7,0.4307,272.0,11570.9,13167.2,-0.4861,-0.1033,0.3702,0.279,ok,2026-09-03T07:57:34+00:00
albufera-valencia,2025-11-05,2,S2B_30SYJ_20251105_0_L2A;S2B_31SBD_20251105_0_L2A,1.0,0.1676,0.8324,0.0569,0.168,otsu,0.495,0.0441,27537.6,10429.6,0.455,178.0,11154.2,11941.4,-0.2733,0.0589,0.3535,0.2257,ok,2026-09-03T07:57:34+00:00
albufera-valencia,2025-11-12,2,S2A_30SYJ_20251112_0_L2A;S2A_31SBD_20251112_0_L2A,1.0,0.6702,0.3298,0.059,0.2148,otsu,0.402,0.0512,27537.6,3845.4,0.4234,24.1,5222.8,5124.7,-0.3043,-0.0342,0.1323,0.0501,nublado,2026-09-03T07:57:34+00:00
albufera-valencia,2025-11-15,2,S2B_30SYJ_20251115_0_L2A;S2B_31SBD_20251115_0_L2A,1.0,1.0,0.0,0.0989,0.0,fijo,,,27537.6,0.1,1.0,0.0,0.1,0.0,,,,,nublado,2026-09-03T07:57:34+00:00
albufera-valencia,2025-11-20,2,S2C_30SYJ_20251120_0_L2A;S2C_31SBD_20251120_0_L2A,1.0,0.0428,0.9572,0.0334,0.168,otsu,0.113,0.0231,27537.6,10820.4,0.4105,1117.0,11180.8,13679.6,-0.4199,-0.0907,0.4248,0.2899,ok,2026-09-03T07:57:34+00:00
albufera-valencia,2025-11-22,2,S2A_30SYJ_20251122_1_L2A;S2A_31SBD_20251122_1_L2A,1.0,0.0033,0.9967,0.0334,0.2695,otsu,0.133,0.027,27537.6,13531.7,0.493,536.0,12975.5,14567.8,-0.4468,-0.1273,0.3794,0.2646,ok,2026-09-03T07:57:34+00:00
albufera-valencia,2025-11-25,2,S2B_30SYJ_20251125_0_L2A;S2B_31SBD_20251125_0_L2A,1.0,0.0013,0.9987,0.0409,0.2539,otsu,0.203,0.0351,27537.6,14037.2,0.5104,713.9,13296.2,14726.7,-0.4123,-0.134,0.316,0.2567,ok,2026-09-03T07:58:01+00:00
albufera-valencia,2025-12-02,2,S2A_30SYJ_20251202_1_L2A;S2A_31SBD_20251202_1_L2A,1.0,0.3275,0.6725,0.0491,0.2617,otsu,0.347,0.0413,27537.6,8829.6,0.4768,929.9,9411.7,10203.6,-0.3219,0.048,0.3431,0.3029,nublado,2026-09-03T07:58:01+00:00
albufera-valencia,2025-12-10,2,S2C_30SYJ_20251210_0_L2A;S2C_31SBD_20251210_0_L2A,1.0,0.2466,0.7534,0.0526,0.082,otsu,0.474,0.042,27537.6,10264.3,0.4947,719.2,9687.6,10315.6,-0.214,0.0169,0.2533,0.157,nublado,2026-09-03T07:58:01+00:00
albufera-valencia,2025-12-12,1,S2A_30SYJ_20251212_1_L2A,1.0,0.246,0.754,0.057,0.2695,otsu,0.483,0.0492,27537.6,10533.0,0.5073,198.4,12213.2,12735.1,-0.2029,0.0448,0.3174,0.2217,nublado,2026-09-03T07:57:34+00:00
albufera-valencia,2025-12-30,2,S2C_30SYJ_20251230_0_L2A;S2C_31SBD_20251230_0_L2A,1.0,0.0012,0.9988,0.0495,0.3008,otsu,0.119,0.0506,27537.6,16942.6,0.616,815.5,16613.9,17273.4,-0.3105,-0.0451,0.25,0.1481,ok,2026-09-03T07:58:01+00:00
albufera-valencia,2026-01-01,2,S2A_30SYJ_20260101_1_L2A;S2A_31SBD_20260101_1_L2A,1.0,0.9822,0.0178,0.07,-0.0273,otsu,0.823,0.1435,27537.6,52.3,0.1069,133.1,24.1,2.0,-0.0135,0.0647,0.1935,0.0834,nublado,2026-09-03T07:58:01+00:00
albufera-valencia,2026-01-09,2,S2C_30SYJ_20260109_0_L2A;S2C_31SBD_20260109_0_L2A,1.0,0.9885,0.0115,0.0657,-0.1211,otsu,1.003,0.1337,27537.6,47.1,0.1483,54.2,19.2,0.9,0.0121,0.03,0.0815,0.0034,nublado,2026-09-03T07:58:01+00:00
albufera-valencia,2026-01-11,2,S2A_30SYJ_20260111_2_L2A;S2A_31SBD_20260111_2_L2A,1.0,0.0254,0.9746,0.0448,0.3242,otsu,0.107,0.0418,27537.6,13488.4,0.5026,680.2,13540.0,14398.8,-0.4184,-0.1407,0.201,0.1025,ok,2026-09-03T07:58:01+00:00
albufera-valencia,2026-01-24,2,S2B_30SYJ_20260124_0_L2A;S2B_31SBD_20260124_0_L2A,1.0,0.2699,0.7301,0.0677,0.2695,otsu,0.213,0.0648,27537.6,9962.4,0.4955,392.1,9787.0,10285.2,-0.3108,-0.0516,0.1512,0.0465,nublado,2026-09-03T07:58:01+00:00
albufera-valencia,2026-02-08,2,S2C_30SYJ_20260208_0_L2A;S2C_31SBD_20260208_0_L2A,1.0,0.0624,0.9376,0.0501,0.207,otsu,0.165,0.0401,27537.6,11773.0,0.456,477.2,11150.0,12696.1,-0.4025,-0.0459,0.2417,0.1899,ok,2026-09-03T07:58:01+00:00
albufera-valencia,2026-02-23,4,S2A_30SYJ_20260223_1_L2A;S2A_31SBD_20260223_1_L2A;S2B_30SYJ_20260223_0_L2A;S2B_31SBD_20260223_0_L2A,1.0,0.0083,0.9917,0.0683,0.2695,otsu,0.01,0.0338,27537.6,9316.7,0.3411,101.2,9323.2,10042.2,-0.6417,-0.3734,0.3995,0.2321,ok,2026-09-03T07:58:01+00:00
albufera-valencia,2026-03-12,2,S2A_30SYJ_20260312_1_L2A;S2A_31SBD_20260312_1_L2A,1.0,0.9895,0.0105,0.0544,0.2227,otsu,0.446,0.0538,27537.6,226.0,0.7853,0.4,229.8,225.7,-0.2832,0.1282,0.325,0.431,nublado,2026-09-03T07:58:01+00:00
albufera-valencia,2026-03-15,2,S2B_30SYJ_20260315_0_L2A;S2B_31SBD_20260315_0_L2A,1.0,0.003,0.997,0.0777,0.1133,otsu,0.349,0.0616,27537.6,9070.9,0.3304,68.8,7039.6,9868.0,-0.2505,0.0142,0.1857,0.0604,ok,2026-09-03T07:58:01+00:00
albufera-valencia,2026-03-22,2,S2A_30SYJ_20260322_1_L2A;S2A_31SBD_20260322_1_L2A,1.0,0.0011,0.9989,0.0709,0.2852,otsu,0.084,0.0511,27537.6,9030.6,0.3283,13.8,9101.8,9501.0,-0.5344,-0.0599,0.4315,0.2517,ok,2026-09-03T07:58:21+00:00
albufera-valencia,2026-03-25,2,S2B_30SYJ_20260325_0_L2A;S2B_31SBD_20260325_0_L2A,1.0,0.0019,0.9981,0.0826,0.2539,otsu,0.144,0.0486,27537.6,9050.4,0.3293,14.7,9105.8,9422.6,-0.4693,-0.0262,0.3606,0.252,ok,2026-09-03T07:58:21+00:00
albufera-valencia,2026-03-30,2,S2C_30SYJ_20260330_0_L2A;S2C_31SBD_20260330_0_L2A,1.0,0.784,0.216,0.0698,0.2227,otsu,0.102,0.0522,27537.6,2030.8,0.3413,9.7,2043.1,2101.5,-0.4502,0.0331,0.4521,0.4142,nublado,2026-09-03T07:58:21+00:00
albufera-valencia,2026-04-01,2,S2A_30SYJ_20260401_1_L2A;S2A_31SBD_20260401_1_L2A,1.0,0.0073,0.9927,0.081,0.2305,otsu,0.113,0.045,27537.6,8901.2,0.3256,20.4,8937.5,9049.3,-0.4781,-0.0348,0.3883,0.2596,ok,2026-09-03T07:58:21+00:00
albufera-valencia,2026-04-04,2,S2B_30SYJ_20260404_0_L2A;S2B_31SBD_20260404_0_L2A,1.0,0.0022,0.9978,0.0888,0.2383,otsu,0.138,0.0565,27537.6,9024.0,0.3284,23.1,9084.0,9139.8,-0.4966,-0.0131,0.4411,0.2528,ok,2026-09-03T07:58:21+00:00
albufera-valencia,2026-04-09,1,S2C_30SYJ_20260409_0_L2A,1.0,0.7905,0.2095,0.1246,-0.0195,otsu,0.622,0.0588,27537.6,1185.3,0.2055,0.7,1182.7,1204.2,-0.19,-0.0132,0.0065,0.0,nublado,2026-09-03T07:58:21+00:00
albufera-valencia,2026-04-14,2,S2B_30SYJ_20260414_0_L2A;S2B_31SBD_20260414_0_L2A,1.0,0.0035,0.9965,0.0665,0.1758,otsu,0.225,0.0505,27537.6,9029.8,0.329,49.0,9071.9,9187.0,-0.4388,0.0265,0.4562,0.2498,ok,2026-09-03T07:58:21+00:00
albufera-valencia,2026-04-19,2,S2C_30SYJ_20260419_0_L2A;S2C_31SBD_20260419_0_L2A,1.0,0.0025,0.9975,0.0889,0.0977,otsu,0.318,0.0393,27537.6,9002.3,0.3277,74.8,9058.2,9110.0,-0.3883,0.0483,0.4404,0.2543,ok,2026-09-03T07:58:21+00:00
albufera-valencia,2026-04-21,2,S2A_30SYJ_20260421_1_L2A;S2A_31SBD_20260421_1_L2A,1.0,0.2068,0.7932,0.0962,0.0742,otsu,0.412,0.0399,27537.6,5163.0,0.2364,71.8,5202.2,5200.8,-0.2902,0.1441,0.4169,0.4278,nublado,2026-09-03T07:58:21+00:00
albufera-valencia,2026-05-11,2,S2A_30SYJ_20260511_1_L2A;S2A_31SBD_20260511_1_L2A,1.0,0.4207,0.5793,0.0696,-0.0039,otsu,0.663,0.0634,27537.6,6812.5,0.427,1234.8,4903.7,5279.8,-0.0937,0.0464,0.1661,0.0657,nublado,2026-09-03T07:58:21+00:00
albufera-valencia,2026-05-14,2,S2B_30SYJ_20260514_0_L2A;S2B_31SBD_20260514_0_L2A,1.0,0.3704,0.6296,0.0827,0.0352,otsu,0.767,0.0844,27537.6,7795.6,0.4497,3467.9,6283.8,7249.3,-0.0978,0.0644,0.2369,0.1435,nublado,2026-09-03T07:58:21+00:00
albufera-valencia,2026-05-19,2,S2C_30SYJ_20260519_0_L2A;S2C_31SBD_20260519_0_L2A,1.0,0.0133,0.9867,0.054,0.0508,otsu,0.69,0.0548,27537.6,12283.2,0.4521,7548.3,9672.4,11411.8,-0.1649,0.1028,0.3705,0.2624,ok,2026-09-03T07:58:21+00:00
albufera-valencia,2026-05-21,2,S2A_30SYJ_20260521_1_L2A;S2A_31SBD_20260521_1_L2A,1.0,0.0034,0.9966,0.058,0.0898,otsu,0.685,0.057,27537.6,12604.5,0.4593,7185.8,9471.5,11730.2,-0.1348,0.1121,0.3748,0.2357,ok,2026-09-03T07:58:47+00:00
albufera-valencia,2026-05-24,2,S2B_30SYJ_20260524_0_L2A;S2B_31SBD_20260524_0_L2A,1.0,0.0391,0.9609,0.0551,0.2148,otsu,0.61,0.0441,27537.6,10678.2,0.4036,6217.6,8430.6,10875.4,-0.2256,0.113,0.4118,0.2658,ok,2026-09-03T07:58:47+00:00
albufera-valencia,2026-05-29,2,S2C_30SYJ_20260529_0_L2A;S2C_31SBD_20260529_0_L2A,1.0,0.0045,0.9955,0.0764,-0.0273,otsu,0.852,0.0799,27537.6,11448.4,0.4176,7594.3,9073.1,10630.4,-0.0664,0.0905,0.265,0.2171,ok,2026-09-03T07:58:47+00:00
albufera-valencia,2026-05-31,2,S2A_30SYJ_20260531_1_L2A;S2A_31SBD_20260531_1_L2A,1.0,0.0474,0.9526,0.0693,0.0352,otsu,0.7,0.0623,27537.6,10879.4,0.4147,6969.1,8430.1,9956.3,-0.1087,0.1286,0.32,0.2754,ok,2026-09-03T07:58:47+00:00
albufera-valencia,2026-06-03,2,S2B_30SYJ_20260603_0_L2A;S2B_31SBD_20260603_0_L2A,1.0,0.2043,0.7957,0.09,-0.0117,otsu,0.785,0.09,27537.6,10099.6,0.4609,5553.1,8887.1,10317.9,-0.0893,0.0843,0.2517,0.216,nublado,2026-09-03T07:58:47+00:00
albufera-valencia,2026-06-08,2,S2C_30SYJ_20260608_0_L2A;S2C_31SBD_20260608_0_L2A,1.0,0.0045,0.9955,0.073,-0.0664,otsu,0.793,0.0872,27537.6,9717.2,0.3545,8999.6,9080.7,10500.6,-0.1028,0.0773,0.2642,0.2455,ok,2026-09-03T07:58:47+00:00
albufera-valencia,2026-06-23,2,S2B_30SYJ_20260623_0_L2A;S2B_31SBD_20260623_0_L2A,1.0,0.0053,0.9947,0.0579,-0.0977,otsu,0.827,0.0815,27537.6,9110.8,0.3326,1187.0,9027.8,9256.4,-0.1034,0.0667,0.2176,0.177,ok,2026-09-03T07:58:47+00:00
albufera-valencia,2026-06-30,2,S2A_30SYJ_20260630_1_L2A;S2A_31SBD_20260630_1_L2A,1.0,0.0056,0.9944,0.0511,-0.0898,otsu,0.776,0.0752,27537.6,9104.7,0.3325,456.5,9072.8,9070.4,-0.1255,0.0783,0.27,0.2517,ok,2026-09-03T07:58:47+00:00
albufera-valencia,2026-07-03,2,S2B_30SYJ_20260703_0_L2A;S2B_31SBD_20260703_0_L2A,1.0,0.0057,0.9943,0.057,-0.0742,otsu,0.696,0.0883,27537.6,9081.4,0.3317,305.8,9064.5,9034.4,-0.1475,0.0624,0.2455,0.2461,ok,2026-09-03T07:58:47+00:00
albufera-valencia,2026-07-08,2,S2C_30SYJ_20260708_0_L2A;S2C_31SBD_20260708_0_L2A,1.0,0.0057,0.9943,0.0527,-0.1211,otsu,0.843,0.0781,27537.6,9096.8,0.3322,364.0,8975.6,9050.2,-0.1236,0.0758,0.2639,0.2486,ok,2026-09-03T07:58:47+00:00
albufera-valencia,2026-07-10,4,S2A_30SYJ_20260710_1_L2A;S2A_30SYJ_20260710_2_L2A;S2A_31SBD_20260710_1_L2A;S2A_31SBD_20260710_2_L2A,1.0,0.0054,0.9946,0.0555,-0.0586,otsu,0.763,0.0699,27537.6,9055.8,0.3306,275.2,9049.1,9051.3,-0.13,0.0802,0.2634,0.2481,ok,2026-09-03T07:59:10+00:00
albufera-valencia,2026-07-13,2,S2B_30SYJ_20260713_0_L2A;S2B_31SBD_20260713_0_L2A,1.0,0.0075,0.9925,0.0456,-0.1055,otsu,0.699,0.066,27537.6,9088.2,0.3325,211.6,9064.1,9050.2,-0.1613,0.0737,0.2753,0.2446,ok,2026-09-03T07:58:47+00:00
albufera-valencia,2026-07-18,2,S2C_30SYJ_20260718_0_L2A;S2C_31SBD_20260718_0_L2A,1.0,0.6963,0.3037,0.0522,-0.1836,otsu,1.034,0.056,27537.6,3801.9,0.4546,218.2,1410.9,3886.3,-0.0659,0.0526,0.0689,0.0433,nublado,2026-09-03T07:58:47+00:00
albufera-valencia,2026-07-23,2,S2B_30SYJ_20260723_0_L2A;S2B_31SBD_20260723_0_L2A,1.0,0.1535,0.8465,0.0411,-0.2148,otsu,1.138,0.0573,27537.6,7276.8,0.3122,366.1,1307.0,7234.5,-0.035,0.0547,0.0643,0.0499,espectro_anomalo,2026-09-03T07:59:10+00:00
albufera-valencia,2026-07-28,2,S2C_30SYJ_20260728_0_L2A;S2C_31SBD_20260728_0_L2A,1.0,0.0048,0.9952,0.0441,-0.1133,otsu,0.72,0.0636,27537.6,9109.2,0.3324,160.7,9087.6,9026.3,-0.1468,0.0617,0.222,0.1849,ok,2026-09-03T07:59:10+00:00
albufera-valencia,2026-07-30,2,S2A_30SYJ_20260730_1_L2A;S2A_31SBD_20260730_1_L2A,1.0,0.0044,0.9956,0.0419,-0.1055,otsu,0.726,0.0653,27537.6,9087.7,0.3315,137.4,9042.1,9018.4,-0.1311,0.0635,0.2045,0.1144,ok,2026-09-03T07:59:10+00:00
albufera-valencia,2026-08-02,2,S2B_30SYJ_20260802_0_L2A;S2B_31SBD_20260802_0_L2A,1.0,0.004,0.996,0.0361,-0.0352,otsu,0.558,0.0421,27537.6,9071.9,0.3308,102.4,9077.1,9024.0,-0.2402,0.0741,0.2539,0.2243,ok,2026-09-03T07:59:10+00:00
albufera-valencia,2026-08-07,2,S2C_30SYJ_20260807_0_L2A;S2C_31SBD_20260807_0_L2A,1.0,0.0056,0.9944,0.0317,-0.0742,otsu,0.48,0.0392,27537.6,9069.0,0.3312,94.4,9092.2,9035.9,-0.2417,0.0572,0.2503,0.1914,ok,2026-09-03T07:59:10+00:00
albufera-valencia,2026-08-09,2,S2A_30SYJ_20260809_1_L2A;S2A_31SBD_20260809_1_L2A,1.0,0.0186,0.9814,0.0303,-0.0586,otsu,0.579,0.0358,27537.6,8981.0,0.3323,82.3,9013.1,8994.2,-0.2334,0.0724,0.2491,0.1919,ok,2026-09-03T07:59:10+00:00
albufera-valencia,2026-08-12,2,S2B_30SYJ_20260812_0_L2A;S2B_31SBD_20260812_0_L2A,1.0,0.0526,0.9474,0.0318,-0.0117,otsu,0.469,0.0317,27537.6,8888.8,0.3407,95.1,8942.3,8942.6,-0.3203,0.1086,0.2434,0.1799,ok,2026-09-03T07:59:10+00:00
albufera-valencia,2026-08-17,2,S2C_30SYJ_20260817_0_L2A;S2C_31SBD_20260817_0_L2A,1.0,0.0058,0.9942,0.0243,-0.0352,otsu,0.426,0.0219,27537.6,6252.4,0.2284,2158.6,9069.2,9022.1,-0.3647,0.0905,0.2572,0.2705,ok,2026-09-03T07:59:10+00:00
albufera-valencia,2026-08-19,2,S2A_30SYJ_20260819_1_L2A;S2A_31SBD_20260819_1_L2A,1.0,0.005,0.995,0.0285,0.0039,otsu,0.462,0.0333,27537.6,9029.4,0.3295,81.0,9066.5,9050.3,-0.2846,0.0497,0.2278,0.1634,ok,2026-09-03T07:59:10+00:00
albufera-valencia,2026-08-22,2,S2B_30SYJ_20260822_0_L2A;S2B_31SBD_20260822_0_L2A,1.0,0.0984,0.9016,0.0507,0.0352,otsu,0.508,0.0515,27537.6,8904.8,0.3587,57.6,8949.8,8983.6,-0.2207,0.0655,0.222,0.1697,ok,2026-09-03T07:59:10+00:00
albufera-valencia,2026-08-27,2,S2C_30SYJ_20260827_0_L2A;S2C_31SBD_20260827_0_L2A,1.0,0.0065,0.9935,0.0191,0.0508,otsu,0.944,0.0149,27537.6,2863.4,0.1047,261.6,4729.1,9037.2,-0.255,0.1821,0.3009,0.7475,ok,2026-09-03T07:59:10+00:00
albufera-valencia,2026-08-29,2,S2A_30SYJ_20260829_1_L2A;S2A_31SBD_20260829_1_L2A,1.0,0.0061,0.9939,0.0286,0.2539,otsu,0.008,0.014,27537.6,8350.5,0.3051,130.3,9080.3,9088.2,-0.7267,-0.0126,0.3097,0.257,ok,2026-09-03T07:59:13+00:00
