site,date,n_scenes,scenes,coverage,cloud_frac,valid_frac,blue_median,mndwi_thr,thr_method,water_nir_green,water_blue,site_ha,water_ha,water_frac,wet_veg_ha,ndwi_water_ha,scl_water_ha,ndti_mean,ndci_mean,ndci_p90,bloom_frac,quality,processed_at
brenne,2017-07-15,4,S2A_30TYS_20170715_0_L2A;S2A_30TYT_20170715_0_L2A;S2A_31TCM_20170715_0_L2A;S2A_31TCN_20170715_0_L2A,1.0,0.3309,0.6691,0.044,-0.2383,otsu,0.981,0.0384,57957.1,934.8,0.0241,1876.9,510.8,11.5,-0.066,0.1525,0.2321,0.1958,nublado,2026-09-03T17:48:32+00:00
brenne,2017-07-30,3,S2B_30TYS_20170730_0_L2A;S2B_30TYT_20170730_0_L2A;S2B_31TCN_20170730_0_L2A,0.0695,0.5931,0.0283,0.0736,0.0,fijo,,,57957.1,7.4,0.0045,11.2,8.8,0.0,-0.0998,0.1137,0.2457,0.1685,sin_datos,2026-09-03T17:48:32+00:00
brenne,2017-08-02,4,S2B_30TYS_20170802_0_L2A;S2B_30TYT_20170802_0_L2A;S2B_31TCM_20170802_0_L2A;S2B_31TCN_20170802_0_L2A,1.0,0.003,0.997,0.0459,-0.1836,otsu,0.714,0.0364,57957.1,1771.8,0.0307,2044.2,1527.6,593.9,-0.0882,0.1838,0.2951,0.418,ok,2026-09-03T17:48:32+00:00
brenne,2017-08-07,1,S2A_30TYS_20170807_0_L2A,0.032,0.988,0.0004,0.0472,0.0,fijo,,,57957.1,0.0,0.0,0.0,0.0,0.0,,,,,sin_datos,2026-09-03T17:48:32+00:00
brenne,2017-08-09,2,S2B_30TYS_20170809_0_L2A;S2B_31TCM_20170809_0_L2A,1.0,0.3031,0.6969,0.0539,-0.0508,otsu,0.594,0.0389,57957.1,1209.0,0.0299,1406.3,1187.4,1117.2,-0.1329,0.1777,0.3255,0.3721,nublado,2026-09-03T17:48:32+00:00
brenne,2017-08-14,1,S2A_30TYS_20170814_0_L2A,0.032,0.0047,0.0318,0.0432,-0.1523,otsu,0.784,0.0162,57957.1,41.2,0.0223,27.1,36.9,31.7,-0.0919,0.2098,0.3591,0.4592,sin_datos,2026-09-03T17:48:32+00:00
brenne,2017-08-19,2,S2B_30TYT_20170819_0_L2A;S2B_31TCN_20170819_0_L2A,0.0375,0.3981,0.0226,0.0578,-0.3398,otsu,,,57957.1,6.7,0.0051,277.0,2.8,1.8,0.0002,0.1075,0.1597,0.0,sin_datos,2026-09-03T17:48:32+00:00
brenne,2017-08-22,4,S2B_30TYS_20170822_0_L2A;S2B_30TYT_20170822_0_L2A;S2B_31TCM_20170822_0_L2A;S2B_31TCN_20170822_0_L2A,1.0,0.0003,0.9997,0.031,-0.0898,otsu,0.82,0.0253,57957.1,2106.5,0.0364,1335.1,2024.8,2717.7,-0.1161,0.2113,0.3391,0.5592,ok,2026-09-03T17:48:32+00:00
brenne,2017-08-29,4,S2B_30TYS_20170829_0_L2A;S2B_30TYT_20170829_0_L2A;S2B_31TCM_20170829_0_L2A;S2B_31TCN_20170829_0_L2A,1.0,0.0594,0.9406,0.0526,-0.2461,otsu,1.049,0.0485,57957.1,899.4,0.0165,2773.2,272.6,0.8,-0.062,0.1531,0.2193,0.2067,ok,2026-09-03T17:48:32+00:00
brenne,2017-09-11,4,S2B_30TYS_20170911_0_L2A;S2B_30TYT_20170911_0_L2A;S2B_31TCM_20170911_0_L2A;S2B_31TCN_20170911_0_L2A,1.0,0.7235,0.2765,0.1037,0.0,fijo,0.869,0.0541,57957.1,44.0,0.0027,191.0,37.8,19.7,-0.0863,0.1684,0.2384,0.253,nublado,2026-09-03T17:48:32+00:00
brenne,2017-09-28,2,S2B_30TYS_20170928_0_L2A;S2B_31TCM_20170928_0_L2A,1.0,0.6358,0.3642,0.0624,-0.1758,otsu,0.679,0.0441,57957.1,456.3,0.0216,641.7,351.2,41.9,-0.1083,0.1577,0.2141,0.1703,nublado,2026-09-03T17:48:32+00:00
brenne,2017-10-11,4,S2B_30TYS_20171011_0_L2A;S2B_30TYT_20171011_0_L2A;S2B_31TCM_20171011_0_L2A;S2B_31TCN_20171011_0_L2A,1.0,0.0004,0.9996,0.0298,-0.0664,otsu,0.695,0.0276,57957.1,2004.9,0.0346,1194.4,1966.8,1973.7,-0.1344,0.216,0.3199,0.6033,ok,2026-09-03T17:49:26+00:00
brenne,2017-10-21,1,S2B_30TYT_20171021_0_L2A,0.0,0.0,0.0,,0.0,fijo,,,57957.1,0.0,0.0,0.0,0.0,0.0,,,,,sin_datos,2026-09-03T17:48:32+00:00
brenne,2017-10-28,4,S2B_30TYS_20171028_0_L2A;S2B_30TYT_20171028_0_L2A;S2B_31TCM_20171028_0_L2A;S2B_31TCN_20171028_0_L2A,1.0,0.9431,0.0569,0.1487,0.0,fijo,0.975,0.1624,57957.1,132.9,0.0403,159.1,88.7,9.2,-0.0849,0.0381,0.0646,0.0,nublado,2026-09-03T17:49:26+00:00
brenne,2017-10-31,3,S2B_30TYS_20171031_0_L2A;S2B_31TCM_20171031_0_L2A;S2B_31TCN_20171031_0_L2A,1.0,0.0208,0.9792,0.0312,-0.1445,otsu,0.703,0.0279,57957.1,1521.0,0.0268,1197.1,1412.5,1229.6,-0.1325,0.1891,0.313,0.4675,ok,2026-09-03T17:49:26+00:00
brenne,2017-11-07,6,S2B_30TYS_20171107_0_L2A;S2B_30TYS_20171107_1_L2A;S2B_30TYT_20171107_0_L2A;S2B_31TCM_20171107_0_L2A;S2B_31TCM_20171107_1_L2A;S2B_31TCN_20171107_0_L2A,1.0,0.0005,0.9995,0.0336,-0.1055,otsu,0.651,0.0283,57957.1,1754.6,0.0303,832.8,1576.6,1674.0,-0.1241,0.1717,0.2844,0.3816,ok,2026-09-03T17:49:26+00:00
brenne,2017-11-17,2,S2B_30TYS_20171117_0_L2A;S2B_31TCM_20171117_0_L2A,1.0,0.0006,0.9994,0.0332,-0.082,otsu,0.982,0.0327,57957.1,1843.4,0.0318,571.8,1699.1,3172.3,-0.1313,0.1677,0.2771,0.344,ok,2026-09-03T17:49:26+00:00
brenne,2017-11-27,1,S2B_31TCM_20171127_0_L2A,1.0,0.5274,0.4726,0.1033,-0.3398,otsu,0.667,0.0633,57957.1,379.4,0.0138,17067.4,45.1,28.6,-0.0041,0.0842,0.1128,0.0043,nublado,2026-09-03T17:49:26+00:00
brenne,2017-12-20,1,S2B_30TYS_20171220_0_L2A,0.032,0.823,0.0058,0.077,0.1367,otsu,0.819,0.0291,57957.1,23.0,0.0688,2.0,26.5,27.7,-0.2273,0.1011,0.2128,0.1132,sin_datos,2026-09-03T17:49:26+00:00
brenne,2018-02-23,4,S2A_30TYS_20180223_0_L2A;S2A_30TYT_20180223_0_L2A;S2A_31TCM_20180223_0_L2A;S2A_31TCN_20180223_0_L2A,1.0,0.0847,0.9153,0.0334,-0.0508,otsu,0.723,0.0265,57957.1,3554.3,0.067,378.2,3009.2,4309.1,-0.0392,0.0957,0.1938,0.0898,ok,2026-09-03T17:49:26+00:00
brenne,2018-02-25,1,S2B_30TYS_20180225_0_L2A,0.032,0.0052,0.0318,0.0383,-0.0898,otsu,0.798,0.0253,57957.1,83.2,0.0451,3.8,67.6,79.1,0.0114,0.1235,0.1917,0.0563,sin_datos,2026-09-03T17:49:26+00:00
brenne,2018-03-07,1,S2B_31TCN_20180307_0_L2A,0.0375,0.9411,0.0022,0.1267,0.082,otsu,1.04,0.1696,57957.1,40.9,0.3196,21.4,11.4,10.0,-0.0571,0.0354,0.0547,0.0,sin_datos,2026-09-03T17:49:26+00:00
brenne,2018-03-17,2,S2B_30TYS_20180317_0_L2A;S2B_31TCN_20180317_0_L2A,0.0695,0.3874,0.0426,0.0597,0.0,fijo,0.767,0.0308,57957.1,36.8,0.0149,2.7,35.0,39.8,-0.0576,0.1059,0.2028,0.1042,sin_datos,2026-09-03T17:49:26+00:00
brenne,2018-03-20,8,S2B_30TYS_20180320_0_L2A;S2B_30TYS_20180320_1_L2A;S2B_30TYT_20180320_0_L2A;S2B_30TYT_20180320_1_L2A;S2B_31TCM_20180320_0_L2A;S2B_31TCM_20180320_1_L2A;S2B_31TCN_20180320_0_L2A;S2B_31TCN_20180320_1_L2A,1.0,0.0014,0.9986,0.0366,-0.0977,otsu,0.633,0.024,57957.1,3893.4,0.0673,286.4,3396.8,3611.0,-0.029,0.0867,0.1737,0.0576,ok,2026-09-03T17:50:30+00:00
brenne,2018-04-01,5,S2A_30TYT_20180401_0_L2A;S2A_30TYT_20180401_1_L2A;S2A_31TCM_20180401_0_L2A;S2A_31TCN_20180401_0_L2A;S2A_31TCN_20180401_1_L2A,1.0,0.5438,0.4562,0.0649,0.0,fijo,0.531,0.029,57957.1,636.8,0.0241,234.4,686.1,555.6,-0.0876,0.0557,0.1404,0.0486,nublado,2026-09-03T17:50:30+00:00
brenne,2018-04-06,2,S2B_30TYS_20180406_0_L2A;S2B_31TCM_20180406_0_L2A,1.0,0.4917,0.5083,0.0456,-0.2383,otsu,0.712,0.025,57957.1,1445.2,0.0491,1005.8,692.7,286.7,-0.0177,0.0759,0.1324,0.0082,nublado,2026-09-03T17:49:26+00:00
brenne,2018-04-16,4,S2B_30TYS_20180416_0_L2A;S2B_30TYT_20180416_0_L2A;S2B_31TCM_20180416_0_L2A;S2B_31TCN_20180416_0_L2A,1.0,0.5893,0.4107,0.071,-0.2461,otsu,0.584,0.0494,57957.1,727.6,0.0306,5575.0,433.9,298.8,-0.0546,0.0698,0.1296,0.0132,nublado,2026-09-03T17:50:30+00:00
brenne,2018-04-19,8,S2B_30TYS_20180419_0_L2A;S2B_30TYS_20180419_1_L2A;S2B_30TYT_20180419_0_L2A;S2B_30TYT_20180419_1_L2A;S2B_31TCM_20180419_0_L2A;S2B_31TCM_20180419_1_L2A;S2B_31TCN_20180419_0_L2A;S2B_31TCN_20180419_1_L2A,1.0,0.0012,0.9988,0.0337,-0.2148,otsu,0.703,0.0386,57957.1,2057.9,0.0355,2764.0,928.5,187.5,-0.0435,0.088,0.1429,0.0131,ok,2026-09-03T17:50:30+00:00
brenne,2018-04-21,4,S2A_30TYS_20180421_0_L2A;S2A_30TYT_20180421_0_L2A;S2A_31TCM_20180421_0_L2A;S2A_31TCN_20180421_0_L2A,1.0,0.0013,0.9987,0.0286,-0.168,otsu,0.818,0.0189,57957.1,2721.4,0.047,1626.2,1726.3,1343.8,-0.042,0.0924,0.1581,0.0294,ok,2026-09-03T17:50:30+00:00
brenne,2018-04-24,4,S2A_30TYS_20180424_0_L2A;S2A_30TYT_20180424_0_L2A;S2A_31TCM_20180424_0_L2A;S2A_31TCN_20180424_0_L2A,1.0,0.3677,0.6323,0.0459,-0.332,otsu,0.575,0.049,57957.1,376.7,0.0103,15537.7,165.8,84.2,-0.0123,0.0872,0.1445,0.0134,nublado,2026-09-03T17:50:30+00:00
brenne,2018-04-26,2,S2B_30TYS_20180426_0_L2A;S2B_31TCM_20180426_0_L2A,1.0,0.4357,0.5643,0.0536,-0.3008,otsu,0.597,0.0956,57957.1,304.3,0.0093,7977.4,134.2,26.7,-0.0144,0.0787,0.1427,0.0074,nublado,2026-09-03T17:50:30+00:00
brenne,2018-05-04,4,S2A_30TYS_20180504_0_L2A;S2A_30TYT_20180504_0_L2A;S2A_31TCM_20180504_0_L2A;S2A_31TCN_20180504_0_L2A,1.0,0.001,0.999,0.031,-0.1758,otsu,0.69,0.0545,57957.1,2162.2,0.0373,2668.4,980.8,106.4,-0.0498,0.087,0.1422,0.0159,ok,2026-09-03T17:50:30+00:00
brenne,2018-05-06,4,S2B_30TYS_20180506_0_L2A;S2B_30TYT_20180506_0_L2A;S2B_31TCM_20180506_0_L2A;S2B_31TCN_20180506_0_L2A,1.0,0.0055,0.9945,0.0317,-0.1289,otsu,0.652,0.0368,57957.1,2164.3,0.0375,2127.3,1423.8,468.8,-0.0678,0.0988,0.1703,0.0473,ok,2026-09-03T17:50:30+00:00
brenne,2018-05-09,1,S2B_30TYT_20180509_0_L2A,0.0,0.0,0.0,,0.0,fijo,,,57957.1,0.0,0.0,0.0,0.0,0.0,,,,,sin_datos,2026-09-03T17:50:30+00:00
brenne,2018-05-11,7,S2A_30TYS_20180511_0_L2A;S2A_30TYT_20180511_0_L2A;S2A_30TYT_20180511_1_L2A;S2A_31TCM_20180511_0_L2A;S2A_31TCM_20180511_1_L2A;S2A_31TCN_20180511_0_L2A;S2A_31TCN_20180511_1_L2A,1.0,0.0016,0.9984,0.0264,-0.1992,otsu,0.786,0.0193,57957.1,2167.8,0.0375,1793.7,1405.9,1088.2,-0.0401,0.0956,0.1908,0.0829,ok,2026-09-03T17:50:30+00:00
brenne,2018-05-16,4,S2B_30TYS_20180516_0_L2A;S2B_30TYT_20180516_0_L2A;S2B_31TCM_20180516_0_L2A;S2B_31TCN_20180516_0_L2A,1.0,0.0012,0.9988,0.0297,-0.0977,otsu,0.526,0.0857,57957.1,2864.2,0.0495,1537.2,2311.7,28.3,-0.0559,0.0961,0.1718,0.0513,ok,2026-09-03T17:51:48+00:00
brenne,2018-05-19,4,S2B_30TYS_20180519_0_L2A;S2B_30TYT_20180519_0_L2A;S2B_31TCM_20180519_0_L2A;S2B_31TCN_20180519_0_L2A,1.0,0.0044,0.9956,0.0254,-0.207,otsu,0.708,0.0288,57957.1,2443.2,0.0423,2172.3,1541.4,425.1,-0.0287,0.0786,0.163,0.0462,ok,2026-09-03T17:50:30+00:00
brenne,2018-05-21,4,S2A_30TYS_20180521_0_L2A;S2A_30TYT_20180521_0_L2A;S2A_31TCM_20180521_0_L2A;S2A_31TCN_20180521_0_L2A,1.0,0.0048,0.9952,0.0227,-0.1758,otsu,0.626,0.0224,57957.1,2376.5,0.0412,1662.8,1511.7,598.0,-0.0262,0.1091,0.1987,0.0971,ok,2026-09-03T17:51:48+00:00
brenne,2018-05-24,4,S2A_30TYS_20180524_0_L2A;S2A_30TYT_20180524_0_L2A;S2A_31TCM_20180524_0_L2A;S2A_31TCN_20180524_0_L2A,1.0,0.0268,0.9732,0.0247,-0.1445,otsu,0.764,0.026,57957.1,2044.2,0.0362,2387.4,1287.8,619.5,-0.0579,0.1109,0.189,0.0758,ok,2026-09-03T17:51:48+00:00
brenne,2018-05-26,4,S2B_30TYS_20180526_0_L2A;S2B_30TYT_20180526_0_L2A;S2B_31TCM_20180526_0_L2A;S2B_31TCN_20180526_0_L2A,1.0,0.0014,0.9986,0.0249,-0.2773,otsu,0.514,0.0577,57957.1,1968.2,0.034,2274.5,840.7,56.1,0.0089,0.0955,0.1755,0.0491,ok,2026-09-03T17:51:48+00:00
brenne,2018-06-08,2,S2B_31TCM_20180608_0_L2A;S2B_31TCN_20180608_0_L2A,1.0,0.5075,0.4925,0.0538,-0.3242,otsu,1.031,0.0586,57957.1,462.1,0.0162,8411.6,157.2,6.5,-0.0085,0.0898,0.1427,0.0083,nublado,2026-09-03T17:51:48+00:00
brenne,2018-06-10,7,S2A_30TYS_20180610_0_L2A;S2A_30TYT_20180610_0_L2A;S2A_30TYT_20180610_1_L2A;S2A_31TCM_20180610_0_L2A;S2A_31TCM_20180610_1_L2A;S2A_31TCN_20180610_0_L2A;S2A_31TCN_20180610_1_L2A,1.0,0.2761,0.7239,0.0327,0.0,fijo,0.157,0.0133,57957.1,749.0,0.0179,184.7,862.3,611.7,-0.0579,0.0789,0.2322,0.1483,nublado,2026-09-03T17:51:48+00:00
brenne,2018-06-13,3,S2A_30TYS_20180613_0_L2A;S2A_30TYS_20180613_1_L2A;S2A_31TCM_20180613_0_L2A,1.0,0.5193,0.4807,0.0627,-0.3086,otsu,0.801,0.1042,57957.1,614.9,0.0221,12024.7,436.3,75.3,-0.0463,0.0627,0.1193,0.0064,nublado,2026-09-03T17:51:48+00:00
brenne,2018-06-20,8,S2A_30TYS_20180620_0_L2A;S2A_30TYS_20180620_1_L2A;S2A_30TYT_20180620_0_L2A;S2A_30TYT_20180620_1_L2A;S2A_31TCM_20180620_0_L2A;S2A_31TCM_20180620_1_L2A;S2A_31TCN_20180620_0_L2A;S2A_31TCN_20180620_1_L2A,1.0,0.0015,0.9985,0.0254,-0.1602,otsu,0.388,0.0113,57957.1,2373.1,0.041,882.1,2509.1,2033.8,-0.0548,0.1203,0.2869,0.2644,ok,2026-09-03T17:51:48+00:00
brenne,2018-06-23,8,S2A_30TYS_20180623_0_L2A;S2A_30TYS_20180623_1_L2A;S2A_30TYT_20180623_0_L2A;S2A_30TYT_20180623_1_L2A;S2A_31TCM_20180623_0_L2A;S2A_31TCM_20180623_1_L2A;S2A_31TCN_20180623_0_L2A;S2A_31TCN_20180623_1_L2A,1.0,0.0014,0.9986,0.0319,-0.207,otsu,0.657,0.0318,57957.1,2852.0,0.0493,1653.0,2341.6,284.2,-0.0461,0.087,0.1832,0.0684,ok,2026-09-03T17:51:48+00:00
brenne,2018-06-25,8,S2B_30TYS_20180625_0_L2A;S2B_30TYS_20180625_1_L2A;S2B_30TYT_20180625_0_L2A;S2B_30TYT_20180625_1_L2A;S2B_31TCM_20180625_0_L2A;S2B_31TCM_20180625_1_L2A;S2B_31TCN_20180625_0_L2A;S2B_31TCN_20180625_1_L2A,1.0,0.001,0.999,0.0305,-0.1445,otsu,0.68,0.0186,57957.1,2627.8,0.0454,1188.2,2209.5,2199.6,-0.0403,0.1324,0.2647,0.2355,ok,2026-09-03T17:51:48+00:00
brenne,2018-06-28,8,S2B_30TYS_20180628_0_L2A;S2B_30TYS_20180628_1_L2A;S2B_30TYT_20180628_0_L2A;S2B_30TYT_20180628_1_L2A;S2B_31TCM_20180628_0_L2A;S2B_31TCM_20180628_1_L2A;S2B_31TCN_20180628_0_L2A;S2B_31TCN_20180628_1_L2A,1.0,0.0016,0.9984,0.0359,-0.2148,otsu,0.742,0.0356,57957.1,2751.6,0.0476,1883.4,2077.1,320.0,-0.0411,0.0928,0.182,0.0656,ok,2026-09-03T17:51:48+00:00
brenne,2018-06-30,4,S2A_30TYS_20180630_0_L2A;S2A_30TYT_20180630_0_L2A;S2A_31TCM_20180630_0_L2A;S2A_31TCN_20180630_0_L2A,1.0,0.0879,0.9121,0.0322,-0.1758,otsu,0.693,0.0152,57957.1,2382.8,0.0451,1202.9,1936.6,1571.4,-0.0506,0.1531,0.2841,0.3062,ok,2026-09-03T17:53:25+00:00
brenne,2018-07-03,8,S2A_30TYS_20180703_0_L2A;S2A_30TYS_20180703_1_L2A;S2A_30TYT_20180703_0_L2A;S2A_30TYT_20180703_1_L2A;S2A_31TCM_20180703_0_L2A;S2A_31TCM_20180703_1_L2A;S2A_31TCN_20180703_0_L2A;S2A_31TCN_20180703_1_L2A,1.0,0.0895,0.9105,0.0384,0.0,fijo,0.598,0.0231,57957.1,1192.6,0.0226,391.4,1175.5,538.8,-0.0758,0.1244,0.255,0.2225,ok,2026-09-03T17:53:25+00:00
brenne,2018-07-05,1,S2B_30TYS_20180705_0_L2A,0.032,1.0032,0.0,0.1627,0.0,fijo,,,57957.1,0.0,0.0,0.1,0.0,0.0,,,,,sin_datos,2026-09-03T17:51:48+00:00
brenne,2018-07-08,8,S2B_30TYS_20180708_0_L2A;S2B_30TYS_20180708_1_L2A;S2B_30TYT_20180708_0_L2A;S2B_30TYT_20180708_1_L2A;S2B_31TCM_20180708_0_L2A;S2B_31TCM_20180708_1_L2A;S2B_31TCN_20180708_0_L2A;S2B_31TCN_20180708_1_L2A,1.0,0.3091,0.6909,0.0515,-0.2852,otsu,0.734,0.0489,57957.1,976.9,0.0244,5859.5,710.8,220.5,-0.0835,0.1202,0.2031,0.1096,nublado,2026-09-03T17:53:25+00:00
brenne,2018-07-10,4,S2A_30TYS_20180710_0_L2A;S2A_30TYT_20180710_0_L2A;S2A_31TCM_20180710_0_L2A;S2A_31TCN_20180710_0_L2A,1.0,0.1334,0.8666,0.0385,-0.1211,otsu,0.679,0.0268,57957.1,1896.8,0.0378,1213.4,1637.3,999.0,-0.0862,0.1479,0.2887,0.2729,ok,2026-09-03T17:53:25+00:00
brenne,2018-07-13,4,S2A_30TYS_20180713_0_L2A;S2A_30TYT_20180713_0_L2A;S2A_31TCM_20180713_0_L2A;S2A_31TCN_20180713_0_L2A,1.0,0.1461,0.8539,0.0417,-0.1836,otsu,0.661,0.0327,57957.1,1898.7,0.0384,2415.4,1593.0,670.6,-0.0765,0.1346,0.2635,0.2286,ok,2026-09-03T17:53:25+00:00
brenne,2018-07-15,4,S2B_30TYS_20180715_0_L2A;S2B_30TYT_20180715_0_L2A;S2B_31TCM_20180715_0_L2A;S2B_31TCN_20180715_0_L2A,1.0,0.12,0.88,0.0424,-0.1133,otsu,0.656,0.0283,57957.1,2225.2,0.0436,1342.2,1950.6,1524.5,-0.0795,0.147,0.2808,0.2801,ok,2026-09-03T17:53:25+00:00
brenne,2018-07-18,5,S2B_30TYS_20180718_0_L2A;S2B_30TYT_20180718_0_L2A;S2B_30TYT_20180718_1_L2A;S2B_31TCM_20180718_0_L2A;S2B_31TCN_20180718_0_L2A,1.0,0.6906,0.3094,0.0493,-0.2539,otsu,0.689,0.048,57957.1,410.3,0.0229,903.2,228.9,28.1,-0.0647,0.149,0.24,0.2093,nublado,2026-09-03T17:53:25+00:00
brenne,2018-07-20,2,S2A_30TYS_20180720_0_L2A;S2A_31TCM_20180720_0_L2A,1.0,0.5385,0.4615,0.0803,0.0,fijo,0.473,0.0527,57957.1,619.6,0.0232,470.8,627.2,394.4,-0.1379,0.1343,0.2822,0.2672,nublado,2026-09-03T17:53:25+00:00
brenne,2018-07-23,4,S2A_30TYS_20180723_0_L2A;S2A_30TYT_20180723_0_L2A;S2A_31TCM_20180723_0_L2A;S2A_31TCN_20180723_0_L2A,1.0,0.1603,0.8397,0.0392,-0.0977,otsu,0.592,0.0278,57957.1,1747.0,0.0359,1059.8,1751.7,1224.2,-0.1248,0.1634,0.2979,0.3364,ok,2026-09-03T17:53:25+00:00
brenne,2018-07-25,4,S2B_30TYS_20180725_0_L2A;S2B_30TYT_20180725_0_L2A;S2B_31TCM_20180725_0_L2A;S2B_31TCN_20180725_0_L2A,1.0,0.0043,0.9957,0.0435,-0.0977,otsu,0.65,0.0316,57957.1,2485.8,0.0431,1434.1,2406.0,1977.4,-0.1147,0.1595,0.2777,0.3348,ok,2026-09-03T17:53:25+00:00
brenne,2018-07-28,4,S2B_30TYS_20180728_0_L2A;S2B_30TYT_20180728_0_L2A;S2B_31TCM_20180728_0_L2A;S2B_31TCN_20180728_0_L2A,1.0,0.5622,0.4378,0.0739,-0.3398,otsu,0.626,0.0381,57957.1,515.2,0.0203,10157.0,222.2,135.5,-0.0075,0.1104,0.1932,0.0908,nublado,2026-09-03T17:53:25+00:00
brenne,2018-07-30,2,S2A_30TYS_20180730_0_L2A;S2A_31TCM_20180730_0_L2A,1.0,0.5431,0.4569,0.0773,-0.3086,otsu,0.484,0.0415,57957.1,970.4,0.0366,6341.8,665.4,42.8,-0.0774,0.1307,0.2418,0.1623,nublado,2026-09-03T17:53:25+00:00
brenne,2018-08-02,8,S2A_30TYS_20180802_0_L2A;S2A_30TYS_20180802_1_L2A;S2A_30TYT_20180802_0_L2A;S2A_30TYT_20180802_1_L2A;S2A_31TCM_20180802_0_L2A;S2A_31TCM_20180802_1_L2A;S2A_31TCN_20180802_0_L2A;S2A_31TCN_20180802_1_L2A,1.0,0.0117,0.9883,0.0345,-0.168,otsu,0.642,0.0257,57957.1,2273.4,0.0397,1594.4,2106.3,1367.0,-0.0992,0.1792,0.3243,0.4043,ok,2026-09-03T17:55:05+00:00
brenne,2018-08-04,8,S2B_30TYS_20180804_0_L2A;S2B_30TYS_20180804_2_L2A;S2B_30TYT_20180804_0_L2A;S2B_30TYT_20180804_1_L2A;S2B_31TCM_20180804_0_L2A;S2B_31TCM_20180804_2_L2A;S2B_31TCN_20180804_0_L2A;S2B_31TCN_20180804_1_L2A,1.0,0.0006,0.9994,0.0423,-0.1133,otsu,0.672,0.0307,57957.1,2537.0,0.0438,1501.2,2274.1,1696.1,-0.0926,0.1681,0.3121,0.3503,ok,2026-09-03T17:55:05+00:00
brenne,2018-08-07,4,S2B_31TCM_20180807_0_L2A;S2B_31TCM_20180807_1_L2A;S2B_31TCN_20180807_0_L2A;S2B_31TCN_20180807_1_L2A,1.0,0.1012,0.8988,0.0625,-0.332,otsu,1.213,0.0719,57957.1,231.0,0.0044,7484.9,19.5,0.0,0.0143,0.1018,0.1406,0.0024,espectro_anomalo,2026-09-03T17:55:05+00:00
brenne,2018-08-12,12,S2A_30TYS_20180812_0_L2A;S2A_30TYS_20180812_1_L2A;S2A_30TYS_20180812_2_L2A;S2A_30TYT_20180812_0_L2A;S2A_30TYT_20180812_1_L2A;S2A_30TYT_20180812_2_L2A;S2A_31TCM_20180812_0_L2A;S2A_31TCM_20180812_1_L2A;S2A_31TCM_20180812_2_L2A;S2A_31TCN_20180812_0_L2A;S2A_31TCN_20180812_1_L2A;S2A_31TCN_20180812_2_L2A,1.0,0.0007,0.9993,0.0333,-0.1445,otsu,0.643,0.0244,57957.1,2390.6,0.0413,1564.0,2308.3,1704.6,-0.1033,0.199,0.3357,0.459,ok,2026-09-03T17:55:05+00:00
brenne,2018-08-14,8,S2B_30TYS_20180814_0_L2A;S2B_30TYS_20180814_1_L2A;S2B_30TYT_20180814_0_L2A;S2B_30TYT_20180814_1_L2A;S2B_31TCM_20180814_0_L2A;S2B_31TCM_20180814_1_L2A;S2B_31TCN_20180814_0_L2A;S2B_31TCN_20180814_1_L2A,1.0,0.4333,0.5667,0.0578,-0.0508,otsu,0.59,0.0279,57957.1,1289.4,0.0393,713.5,1330.8,1220.1,-0.1357,0.1735,0.3115,0.3879,nublado,2026-09-03T17:55:05+00:00
brenne,2018-08-17,3,S2B_30TYT_20180817_0_L2A;S2B_30TYT_20180817_1_L2A;S2B_31TCN_20180817_0_L2A,0.0375,1.0,0.0,,0.0,fijo,,,57957.1,0.0,0.0,0.0,0.0,0.0,,,,,sin_datos,2026-09-03T17:55:05+00:00
brenne,2018-08-19,8,S2A_30TYS_20180819_0_L2A;S2A_30TYS_20180819_1_L2A;S2A_30TYT_20180819_0_L2A;S2A_30TYT_20180819_1_L2A;S2A_31TCM_20180819_0_L2A;S2A_31TCM_20180819_1_L2A;S2A_31TCN_20180819_0_L2A;S2A_31TCN_20180819_1_L2A,1.0,0.0036,0.9964,0.0349,-0.1445,otsu,0.684,0.0216,57957.1,2349.3,0.0407,1412.2,2054.7,1628.9,-0.0873,0.1898,0.3183,0.4449,ok,2026-09-03T17:55:05+00:00
brenne,2018-08-22,8,S2A_30TYS_20180822_0_L2A;S2A_30TYS_20180822_1_L2A;S2A_30TYT_20180822_0_L2A;S2A_30TYT_20180822_1_L2A;S2A_31TCM_20180822_0_L2A;S2A_31TCM_20180822_1_L2A;S2A_31TCN_20180822_0_L2A;S2A_31TCN_20180822_1_L2A,1.0,0.0005,0.9995,0.0369,-0.1289,otsu,0.68,0.0263,57957.1,2411.4,0.0416,1472.0,2222.2,1749.5,-0.1059,0.1986,0.3187,0.4798,ok,2026-09-03T17:55:05+00:00
brenne,2018-08-24,1,S2B_30TYT_20180824_0_L2A,0.0,0.0,0.0,,0.0,fijo,,,57957.1,0.0,0.0,0.0,0.0,0.0,,,,,sin_datos,2026-09-03T17:55:05+00:00
brenne,2018-09-01,8,S2A_30TYS_20180901_0_L2A;S2A_30TYS_20180901_1_L2A;S2A_30TYT_20180901_0_L2A;S2A_30TYT_20180901_1_L2A;S2A_31TCM_20180901_0_L2A;S2A_31TCM_20180901_1_L2A;S2A_31TCN_20180901_0_L2A;S2A_31TCN_20180901_1_L2A,1.0,0.078,0.922,0.0452,-0.0977,otsu,0.709,0.0362,57957.1,1843.2,0.0345,1245.5,1654.6,1276.0,-0.1028,0.1743,0.2666,0.3548,ok,2026-09-03T17:56:26+00:00
brenne,2018-09-03,6,S2B_30TYS_20180903_0_L2A;S2B_30TYS_20180903_1_L2A;S2B_30TYT_20180903_0_L2A;S2B_30TYT_20180903_1_L2A;S2B_31TCM_20180903_0_L2A;S2B_31TCM_20180903_1_L2A,1.0,0.3553,0.6447,0.0448,-0.2383,otsu,0.752,0.0347,57957.1,949.0,0.0254,1614.5,383.7,46.8,-0.0494,0.1502,0.2266,0.194,nublado,2026-09-03T17:55:05+00:00
brenne,2018-09-08,4,S2A_30TYS_20180908_0_L2A;S2A_30TYT_20180908_0_L2A;S2A_31TCM_20180908_0_L2A;S2A_31TCN_20180908_0_L2A,1.0,0.0011,0.9989,0.0367,-0.1133,otsu,0.699,0.022,57957.1,2223.7,0.0384,1316.4,2139.3,2121.5,-0.111,0.2027,0.3194,0.5108,ok,2026-09-03T17:55:05+00:00
brenne,2018-09-11,4,S2A_30TYS_20180911_0_L2A;S2A_30TYT_20180911_0_L2A;S2A_31TCM_20180911_0_L2A;S2A_31TCN_20180911_0_L2A,1.0,0.001,0.999,0.0389,-0.1055,otsu,0.598,0.027,57957.1,2453.8,0.0424,1191.8,2440.3,1993.5,-0.1292,0.2055,0.3315,0.5266,ok,2026-09-03T17:55:05+00:00
brenne,2018-09-13,2,S2B_31TCM_20180913_0_L2A;S2B_31TCM_20180913_1_L2A,1.0,0.7712,0.2288,0.1169,0.0,fijo,1.33,0.1173,57957.1,38.4,0.0029,119.5,41.0,20.2,-0.0872,0.1287,0.1973,0.0876,nublado,2026-09-03T17:56:26+00:00
brenne,2018-09-16,4,S2B_30TYS_20180916_0_L2A;S2B_30TYT_20180916_0_L2A;S2B_31TCM_20180916_0_L2A;S2B_31TCN_20180916_0_L2A,1.0,0.9156,0.0844,0.0585,-0.2773,otsu,1.053,0.0388,57957.1,117.7,0.024,195.1,61.4,0.0,-0.0464,0.1513,0.2296,0.2199,nublado,2026-09-03T17:56:26+00:00
brenne,2018-09-26,8,S2B_30TYS_20180926_0_L2A;S2B_30TYS_20180926_1_L2A;S2B_30TYT_20180926_0_L2A;S2B_30TYT_20180926_1_L2A;S2B_31TCM_20180926_0_L2A;S2B_31TCM_20180926_1_L2A;S2B_31TCN_20180926_0_L2A;S2B_31TCN_20180926_1_L2A,1.0,0.0011,0.9989,0.0391,-0.1133,otsu,0.643,0.0276,57957.1,2316.9,0.04,1261.3,2343.8,1965.4,-0.1392,0.2184,0.3329,0.5913,ok,2026-09-03T17:56:26+00:00
brenne,2018-09-28,8,S2A_30TYS_20180928_0_L2A;S2A_30TYS_20180928_1_L2A;S2A_30TYT_20180928_0_L2A;S2A_30TYT_20180928_1_L2A;S2A_31TCM_20180928_0_L2A;S2A_31TCM_20180928_1_L2A;S2A_31TCN_20180928_0_L2A;S2A_31TCN_20180928_1_L2A,1.0,0.0015,0.9985,0.04,-0.1133,otsu,0.626,0.0257,57957.1,2451.3,0.0424,1046.6,2363.3,2032.5,-0.1243,0.2058,0.3211,0.5443,ok,2026-09-03T17:56:26+00:00
brenne,2018-10-01,7,S2A_30TYS_20181001_0_L2A;S2A_30TYS_20181001_1_L2A;S2A_30TYT_20181001_0_L2A;S2A_30TYT_20181001_1_L2A;S2A_31TCM_20181001_0_L2A;S2A_31TCN_20181001_0_L2A;S2A_31TCN_20181001_1_L2A,1.0,0.9376,0.0624,0.0672,0.0,fijo,0.536,0.0386,57957.1,62.4,0.0173,19.6,57.4,23.5,-0.1158,0.1472,0.262,0.2378,nublado,2026-09-03T17:56:26+00:00
brenne,2018-10-06,4,S2B_30TYS_20181006_0_L2A;S2B_30TYT_20181006_0_L2A;S2B_31TCM_20181006_0_L2A;S2B_31TCN_20181006_0_L2A,1.0,0.0007,0.9993,0.041,-0.1133,otsu,0.642,0.029,57957.1,2420.4,0.0418,1088.3,2267.5,1895.6,-0.1149,0.2063,0.3125,0.5472,ok,2026-09-03T17:56:26+00:00
brenne,2018-10-08,2,S2A_30TYT_20181008_0_L2A;S2A_31TCN_20181008_0_L2A,0.0375,0.9901,0.0004,0.1493,-0.0898,otsu,,,57957.1,2.0,0.0933,10.7,0.2,0.4,-0.0764,0.0478,0.0599,0.0,sin_datos,2026-09-03T17:56:26+00:00
brenne,2018-10-16,4,S2B_30TYS_20181016_0_L2A;S2B_30TYT_20181016_0_L2A;S2B_31TCM_20181016_0_L2A;S2B_31TCN_20181016_0_L2A,1.0,0.0949,0.9051,0.0431,-0.0898,otsu,0.909,0.0296,57957.1,1832.2,0.0349,744.3,1787.4,2960.4,-0.1398,0.2166,0.3205,0.6237,ok,2026-09-03T17:56:26+00:00
brenne,2018-10-18,4,S2A_30TYS_20181018_0_L2A;S2A_30TYT_20181018_0_L2A;S2A_31TCM_20181018_0_L2A;S2A_31TCN_20181018_0_L2A,1.0,0.0009,0.9991,0.0457,-0.1055,otsu,0.921,0.0371,57957.1,2343.7,0.0405,1106.0,2071.6,3030.7,-0.109,0.1893,0.2764,0.4841,ok,2026-09-03T17:56:26+00:00
brenne,2018-10-21,4,S2A_30TYS_20181021_0_L2A;S2A_30TYT_20181021_0_L2A;S2A_31TCM_20181021_0_L2A;S2A_31TCN_20181021_0_L2A,1.0,0.0005,0.9995,0.0366,-0.082,otsu,0.892,0.0294,57957.1,2247.4,0.0388,1047.9,2074.3,3116.8,-0.1225,0.1949,0.2941,0.5156,ok,2026-09-03T17:56:26+00:00
brenne,2018-10-23,4,S2B_30TYS_20181023_0_L2A;S2B_30TYT_20181023_0_L2A;S2B_31TCM_20181023_0_L2A;S2B_31TCN_20181023_0_L2A,1.0,0.0865,0.9135,0.0468,-0.1523,otsu,0.965,0.0341,57957.1,1508.9,0.0285,991.4,1320.6,1868.1,-0.1074,0.1793,0.2817,0.4311,ok,2026-09-03T17:57:21+00:00
brenne,2018-11-02,8,S2B_30TYS_20181102_0_L2A;S2B_30TYS_20181102_1_L2A;S2B_30TYT_20181102_0_L2A;S2B_30TYT_20181102_1_L2A;S2B_31TCM_20181102_0_L2A;S2B_31TCM_20181102_1_L2A;S2B_31TCN_20181102_0_L2A;S2B_31TCN_20181102_1_L2A,1.0,0.4996,0.5004,0.0712,0.0,fijo,1.328,0.0616,57957.1,919.4,0.0317,279.6,827.2,2170.0,-0.1267,0.1072,0.2072,0.1135,nublado,2026-09-03T17:57:21+00:00
brenne,2018-11-15,3,S2B_30TYS_20181115_0_L2A;S2B_30TYT_20181115_0_L2A;S2B_31TCM_20181115_0_L2A,1.0,0.1209,0.8791,0.0469,-0.082,otsu,1.075,0.0427,57957.1,1931.4,0.0379,879.4,1762.0,3416.6,-0.1257,0.1765,0.266,0.384,ok,2026-09-03T17:57:21+00:00
brenne,2018-11-22,2,S2B_30TYS_20181122_0_L2A;S2B_31TCM_20181122_0_L2A,1.0,0.7914,0.2086,0.0983,0.0508,otsu,1.217,0.0916,57957.1,2877.9,0.2381,2345.8,758.2,1766.0,-0.0267,0.0476,0.0798,0.0031,nublado,2026-09-03T17:56:26+00:00
brenne,2018-11-30,4,S2A_30TYS_20181130_0_L2A;S2A_30TYT_20181130_0_L2A;S2A_31TCM_20181130_0_L2A;S2A_31TCN_20181130_0_L2A,1.0,0.536,0.464,0.0624,-0.2695,otsu,1.426,0.0535,57957.1,1842.3,0.0685,5445.9,635.5,1993.8,-0.0446,0.092,0.1604,0.0519,nublado,2026-09-03T17:57:21+00:00
brenne,2018-12-10,4,S2A_30TYS_20181210_0_L2A;S2A_30TYT_20181210_0_L2A;S2A_31TCM_20181210_0_L2A;S2A_31TCN_20181210_0_L2A,1.0,0.0423,0.9577,0.0258,-0.2617,otsu,1.69,0.0246,57957.1,1772.8,0.0319,1042.6,1443.8,3789.7,-0.0833,0.1757,0.291,0.3807,espectro_anomalo,2026-09-03T17:57:21+00:00
brenne,2018-12-12,2,S2B_30TYT_20181212_0_L2A;S2B_31TCN_20181212_0_L2A,0.0375,0.3237,0.0254,0.0825,-0.0508,otsu,1.339,0.1003,57957.1,31.0,0.021,767.4,0.0,1.4,0.0207,0.0677,0.0815,0.0,sin_datos,2026-09-03T17:57:21+00:00
brenne,2018-12-17,4,S2A_30TYS_20181217_0_L2A;S2A_30TYT_20181217_0_L2A;S2A_31TCM_20181217_0_L2A;S2A_31TCN_20181217_0_L2A,1.0,0.2911,0.7089,0.019,0.0,fijo,2.006,0.016,57957.1,725.6,0.0177,88.2,782.7,3052.2,-0.0741,0.1552,0.2726,0.2599,nublado,2026-09-03T17:57:21+00:00
brenne,2018-12-20,3,S2A_30TYS_20181220_0_L2A;S2A_30TYT_20181220_0_L2A;S2A_31TCN_20181220_0_L2A,0.0695,0.8993,0.0071,0.1181,-0.1133,otsu,1.102,0.1609,57957.1,98.4,0.2387,94.0,17.7,10.8,-0.0476,0.051,0.076,0.0,sin_datos,2026-09-03T17:57:21+00:00
brenne,2018-12-25,5,S2B_30TYS_20181225_0_L2A;S2B_30TYT_20181225_0_L2A;S2B_31TCM_20181225_0_L2A;S2B_31TCN_20181225_0_L2A;S2B_31TCN_20181225_1_L2A,1.0,0.006,0.994,0.0256,-0.1055,otsu,1.059,0.0223,57957.1,2344.0,0.0407,759.4,2146.6,4316.0,-0.1145,0.1312,0.2692,0.2511,ok,2026-09-03T17:57:21+00:00
brenne,2018-12-30,1,S2A_31TCM_20181230_0_L2A,1.0,0.9984,0.0016,0.1736,-0.0195,otsu,0.968,0.18,57957.1,43.1,0.4718,5.2,32.0,1.1,-0.0768,0.0197,0.0363,0.0,nublado,2026-09-03T17:57:21+00:00
brenne,2019-01-09,4,S2A_30TYS_20190109_0_L2A;S2A_30TYT_20190109_0_L2A;S2A_31TCM_20190109_0_L2A;S2A_31TCN_20190109_0_L2A,1.0,0.3436,0.6564,0.0373,0.0,fijo,1.543,0.0353,57957.1,1051.0,0.0276,108.5,1021.1,2806.4,-0.1006,0.1307,0.2461,0.2145,nublado,2026-09-03T17:57:21+00:00
brenne,2019-01-14,1,S2B_30TYT_20190114_0_L2A,0.0,0.0,0.0,,0.0,fijo,,,57957.1,0.0,0.0,0.0,0.0,0.0,,,,,sin_datos,2026-09-03T17:57:21+00:00
brenne,2019-01-16,4,S2A_30TYS_20190116_0_L2A;S2A_30TYT_20190116_0_L2A;S2A_31TCM_20190116_0_L2A;S2A_31TCN_20190116_0_L2A,1.0,0.1333,0.8667,0.0209,-0.2227,otsu,1.012,0.0182,57957.1,1790.4,0.0356,798.6,1535.5,2720.8,-0.1031,0.1723,0.3121,0.3349,ok,2026-09-03T17:58:26+00:00
brenne,2019-01-21,4,S2B_30TYS_20190121_0_L2A;S2B_30TYT_20190121_0_L2A;S2B_31TCM_20190121_0_L2A;S2B_31TCN_20190121_0_L2A,1.0,0.3844,0.6155,0.0574,-0.0117,otsu,0.96,0.0457,57957.1,1962.8,0.055,522.1,1844.0,3540.1,-0.1478,0.1171,0.2157,0.1368,nublado,2026-09-03T17:58:26+00:00
brenne,2019-01-24,3,S2B_30TYS_20190124_0_L2A;S2B_30TYT_20190124_0_L2A;S2B_31TCN_20190124_0_L2A,0.0695,0.6356,0.0255,0.0886,-0.3398,otsu,1.361,0.1772,57957.1,52.2,0.0354,1062.1,1.4,12.9,0.0094,0.0537,0.0614,0.0,sin_datos,2026-09-03T17:58:26+00:00
brenne,2019-02-03,4,S2B_30TYS_20190203_0_L2A;S2B_30TYT_20190203_0_L2A;S2B_31TCM_20190203_0_L2A;S2B_31TCN_20190203_0_L2A,1.0,0.4616,0.5384,0.0617,0.0,fijo,1.198,0.0559,57957.1,1234.0,0.0395,329.2,1146.7,2528.8,-0.1297,0.0923,0.1802,0.0653,nublado,2026-09-03T17:58:26+00:00
brenne,2019-02-10,1,S2B_30TYT_20190210_0_L2A,0.0,0.0,0.0,,0.0,fijo,,,57957.1,0.0,0.0,0.0,0.0,0.0,,,,,sin_datos,2026-09-03T17:58:26+00:00
brenne,2019-02-13,4,S2B_30TYS_20190213_0_L2A;S2B_30TYT_20190213_0_L2A;S2B_31TCM_20190213_0_L2A;S2B_31TCN_20190213_0_L2A,1.0,0.0461,0.9539,0.0352,-0.1445,otsu,0.731,0.0291,57957.1,2447.5,0.0443,662.0,2196.4,2849.3,-0.1168,0.1158,0.2305,0.1513,ok,2026-09-03T17:58:26+00:00
brenne,2019-02-15,4,S2A_30TYS_20190215_0_L2A;S2A_30TYT_20190215_0_L2A;S2A_31TCM_20190215_0_L2A;S2A_31TCN_20190215_0_L2A,1.0,0.0626,0.9374,0.0293,-0.1055,otsu,0.611,0.0198,57957.1,2709.1,0.0499,386.4,2605.1,3527.1,-0.1202,0.1232,0.2846,0.2082,ok,2026-09-03T17:58:26+00:00
brenne,2019-02-18,4,S2A_30TYS_20190218_0_L2A;S2A_30TYT_20190218_0_L2A;S2A_31TCM_20190218_0_L2A;S2A_31TCN_20190218_0_L2A,1.0,0.069,0.931,0.038,-0.1914,otsu,0.796,0.0294,57957.1,2674.2,0.0496,598.3,2174.5,2693.1,-0.0802,0.1135,0.2186,0.1299,ok,2026-09-03T17:58:26+00:00
brenne,2019-02-20,4,S2B_30TYS_20190220_0_L2A;S2B_30TYT_20190220_0_L2A;S2B_31TCM_20190220_0_L2A;S2B_31TCN_20190220_0_L2A,1.0,0.0017,0.9983,0.0485,-0.1758,otsu,0.917,0.0419,57957.1,3096.8,0.0535,739.5,2400.4,3336.7,-0.074,0.1196,0.2021,0.1046,ok,2026-09-03T17:58:26+00:00
brenne,2019-02-23,4,S2B_30TYS_20190223_0_L2A;S2B_30TYT_20190223_0_L2A;S2B_31TCM_20190223_0_L2A;S2B_31TCN_20190223_0_L2A,1.0,0.0003,0.9997,0.036,-0.0742,otsu,0.644,0.0281,57957.1,3068.2,0.053,391.5,2875.8,3793.3,-0.1105,0.1139,0.2351,0.1666,ok,2026-09-03T17:58:26+00:00
brenne,2019-02-25,4,S2A_30TYS_20190225_0_L2A;S2A_30TYT_20190225_0_L2A;S2A_31TCM_20190225_0_L2A;S2A_31TCN_20190225_0_L2A,1.0,0.0005,0.9995,0.0419,-0.1055,otsu,0.671,0.0323,57957.1,3146.5,0.0543,364.9,2840.3,3679.9,-0.0918,0.122,0.2245,0.1486,ok,2026-09-03T17:58:26+00:00
brenne,2019-03-02,5,S2B_30TYS_20190302_0_L2A;S2B_30TYT_20190302_0_L2A;S2B_31TCM_20190302_0_L2A;S2B_31TCN_20190302_0_L2A;S2B_31TCN_20190302_1_L2A,1.0,0.7121,0.2879,0.0751,0.0,fijo,1.479,0.0636,57957.1,647.9,0.0388,348.2,568.8,1879.8,-0.1032,0.0976,0.1833,0.0622,nublado,2026-09-03T18:00:02+00:00
brenne,2019-03-07,4,S2A_30TYS_20190307_0_L2A;S2A_30TYT_20190307_0_L2A;S2A_31TCM_20190307_0_L2A;S2A_31TCN_20190307_0_L2A,1.0,0.7555,0.2445,0.0476,-0.1133,otsu,0.877,0.0274,57957.1,938.3,0.0662,1403.0,532.6,1297.3,-0.0933,0.0828,0.1923,0.0822,nublado,2026-09-03T18:00:02+00:00
brenne,2019-03-10,1,S2A_31TCN_20190310_0_L2A,0.0375,1.0,0.0,,0.0,fijo,,,57957.1,0.0,0.0,0.0,0.0,0.0,,,,,sin_datos,2026-09-03T17:58:26+00:00
brenne,2019-03-17,4,S2A_30TYS_20190317_0_L2A;S2A_30TYT_20190317_0_L2A;S2A_31TCM_20190317_0_L2A;S2A_31TCN_20190317_0_L2A,1.0,0.4097,0.5903,0.0449,-0.1523,otsu,0.961,0.0248,57957.1,1506.2,0.044,1187.4,1408.4,2399.7,-0.1162,0.1183,0.2334,0.1654,nublado,2026-09-03T18:00:02+00:00
brenne,2019-03-20,4,S2A_30TYS_20190320_0_L2A;S2A_30TYT_20190320_0_L2A;S2A_31TCM_20190320_0_L2A;S2A_31TCN_20190320_0_L2A,1.0,0.032,0.968,0.0358,-0.1055,otsu,0.651,0.0283,57957.1,2944.9,0.0525,497.4,2698.7,3416.2,-0.1047,0.1241,0.2337,0.1774,ok,2026-09-03T18:00:02+00:00
brenne,2019-03-22,4,S2B_30TYS_20190322_0_L2A;S2B_30TYT_20190322_0_L2A;S2B_31TCM_20190322_0_L2A;S2B_31TCN_20190322_0_L2A,1.0,0.0006,0.9994,0.0406,-0.0664,otsu,0.62,0.0301,57957.1,3024.3,0.0522,419.6,2824.9,3614.0,-0.109,0.1177,0.2343,0.1702,ok,2026-09-03T18:00:02+00:00
brenne,2019-03-25,4,S2B_30TYS_20190325_0_L2A;S2B_30TYS_20190325_1_L2A;S2B_31TCM_20190325_0_L2A;S2B_31TCM_20190325_1_L2A,1.0,0.8823,0.1177,0.0651,-0.1367,otsu,0.87,0.0623,57957.1,341.3,0.05,167.8,279.4,462.7,-0.1151,0.0708,0.1664,0.0376,nublado,2026-09-03T18:00:02+00:00
brenne,2019-03-27,8,S2A_30TYS_20190327_0_L2A;S2A_30TYS_20190327_1_L2A;S2A_30TYT_20190327_0_L2A;S2A_30TYT_20190327_1_L2A;S2A_31TCM_20190327_0_L2A;S2A_31TCM_20190327_1_L2A;S2A_31TCN_20190327_0_L2A;S2A_31TCN_20190327_1_L2A,1.0,0.0476,0.9524,0.0477,-0.1367,otsu,0.827,0.0406,57957.1,2620.6,0.0475,738.5,2149.2,2863.7,-0.0872,0.1172,0.206,0.1117,ok,2026-09-03T18:00:02+00:00
brenne,2019-03-30,8,S2A_30TYS_20190330_0_L2A;S2A_30TYS_20190330_1_L2A;S2A_30TYT_20190330_0_L2A;S2A_30TYT_20190330_1_L2A;S2A_31TCM_20190330_0_L2A;S2A_31TCM_20190330_1_L2A;S2A_31TCN_20190330_0_L2A;S2A_31TCN_20190330_1_L2A,1.0,0.0744,0.9256,0.0355,-0.1289,otsu,0.66,0.0263,57957.1,2681.9,0.05,473.2,2353.7,2729.4,-0.0869,0.1258,0.2382,0.1789,ok,2026-09-03T18:00:02+00:00
brenne,2019-04-01,7,S2B_30TYS_20190401_0_L2A;S2B_30TYT_20190401_0_L2A;S2B_30TYT_20190401_1_L2A;S2B_31TCM_20190401_0_L2A;S2B_31TCM_20190401_1_L2A;S2B_31TCN_20190401_0_L2A;S2B_31TCN_20190401_1_L2A,1.0,0.3658,0.6342,0.0545,-0.1289,otsu,0.913,0.0457,57957.1,1728.1,0.047,661.1,1358.5,1988.3,-0.095,0.111,0.2026,0.1033,nublado,2026-09-03T18:00:02+00:00
brenne,2019-04-04,7,S2B_30TYS_20190404_0_L2A;S2B_30TYT_20190404_0_L2A;S2B_30TYT_20190404_1_L2A;S2B_31TCM_20190404_0_L2A;S2B_31TCM_20190404_1_L2A;S2B_31TCN_20190404_0_L2A;S2B_31TCN_20190404_1_L2A,1.0,0.7391,0.2609,0.0578,-0.0195,otsu,0.736,0.0448,57957.1,701.0,0.0464,199.2,674.0,1050.8,-0.1424,0.0888,0.2119,0.119,nublado,2026-09-03T18:00:02+00:00
brenne,2019-04-09,3,S2A_30TYS_20190409_0_L2A;S2A_30TYS_20190409_1_L2A;S2A_31TCM_20190409_0_L2A,1.0,0.4257,0.5743,0.0567,-0.0117,otsu,0.909,0.0415,57957.1,1613.8,0.0485,453.9,1537.2,2432.3,-0.12,0.0814,0.1841,0.0763,nublado,2026-09-03T18:00:02+00:00
brenne,2019-04-11,8,S2B_30TYS_20190411_0_L2A;S2B_30TYS_20190411_1_L2A;S2B_30TYT_20190411_0_L2A;S2B_30TYT_20190411_1_L2A;S2B_31TCM_20190411_0_L2A;S2B_31TCM_20190411_1_L2A;S2B_31TCN_20190411_0_L2A;S2B_31TCN_20190411_1_L2A,1.0,0.3613,0.6387,0.0621,-0.0508,otsu,1.033,0.0607,57957.1,1543.8,0.0417,955.9,1245.7,1997.3,-0.1036,0.1203,0.2027,0.1058,nublado,2026-09-03T18:01:06+00:00
brenne,2019-04-14,8,S2B_30TYS_20190414_0_L2A;S2B_30TYS_20190414_1_L2A;S2B_30TYT_20190414_0_L2A;S2B_30TYT_20190414_1_L2A;S2B_31TCM_20190414_0_L2A;S2B_31TCM_20190414_1_L2A;S2B_31TCN_20190414_0_L2A;S2B_31TCN_20190414_1_L2A,1.0,0.6021,0.3979,0.0551,-0.0898,otsu,1.227,0.0609,57957.1,783.2,0.034,501.8,650.7,1316.7,-0.1041,0.1193,0.2337,0.1705,nublado,2026-09-03T18:01:06+00:00
brenne,2019-04-19,8,S2A_30TYS_20190419_0_L2A;S2A_30TYS_20190419_1_L2A;S2A_30TYT_20190419_0_L2A;S2A_30TYT_20190419_1_L2A;S2A_31TCM_20190419_0_L2A;S2A_31TCM_20190419_1_L2A;S2A_31TCN_20190419_0_L2A;S2A_31TCN_20190419_1_L2A,1.0,0.0096,0.9904,0.0332,-0.1133,otsu,0.738,0.0301,57957.1,2294.0,0.04,867.8,1992.7,2357.8,-0.0985,0.1281,0.2462,0.217,ok,2026-09-03T18:01:06+00:00
brenne,2019-04-24,1,S2B_30TYS_20190424_0_L2A,0.032,0.904,0.0032,0.1047,0.0,fijo,,,57957.1,1.4,0.0078,38.3,1.3,5.8,-0.1171,0.054,0.1387,0.0,sin_datos,2026-09-03T18:00:02+00:00
brenne,2019-04-29,1,S2A_30TYS_20190429_0_L2A,0.032,0.9707,0.001,0.0907,0.0,fijo,,,57957.1,2.0,0.0337,31.4,0.0,0.0,-0.0532,0.0813,0.093,0.0,sin_datos,2026-09-03T18:01:06+00:00
brenne,2019-05-06,8,S2A_30TYS_20190506_0_L2A;S2A_30TYS_20190506_1_L2A;S2A_30TYT_20190506_0_L2A;S2A_30TYT_20190506_1_L2A;S2A_31TCM_20190506_0_L2A;S2A_31TCM_20190506_1_L2A;S2A_31TCN_20190506_0_L2A;S2A_31TCN_20190506_1_L2A,1.0,0.1138,0.8862,0.034,-0.0742,otsu,0.856,0.0331,57957.1,1654.1,0.0322,872.6,1430.7,2068.8,-0.0841,0.1102,0.2387,0.1646,ok,2026-09-03T18:01:06+00:00
brenne,2019-05-11,1,S2B_30TYT_20190511_0_L2A,0.0,0.0,0.0,,0.0,fijo,,,57957.1,0.0,0.0,0.0,0.0,0.0,,,,,sin_datos,2026-09-03T18:01:06+00:00
brenne,2019-05-14,8,S2B_30TYS_20190514_0_L2A;S2B_30TYS_20190514_1_L2A;S2B_30TYT_20190514_0_L2A;S2B_30TYT_20190514_1_L2A;S2B_31TCM_20190514_0_L2A;S2B_31TCM_20190514_1_L2A;S2B_31TCN_20190514_0_L2A;S2B_31TCN_20190514_1_L2A,1.0,0.0027,0.9973,0.0271,-0.1289,otsu,0.859,0.0435,57957.1,2336.7,0.0404,1273.3,1904.5,2337.0,-0.0613,0.1047,0.2224,0.1542,ok,2026-09-03T18:01:06+00:00
brenne,2019-05-29,8,S2A_30TYS_20190529_0_L2A;S2A_30TYS_20190529_1_L2A;S2A_30TYT_20190529_0_L2A;S2A_30TYT_20190529_1_L2A;S2A_31TCM_20190529_0_L2A;S2A_31TCM_20190529_1_L2A;S2A_31TCN_20190529_0_L2A;S2A_31TCN_20190529_1_L2A,1.0,0.3622,0.6378,0.0435,0.0,fijo,0.859,0.0444,57957.1,1141.4,0.0309,660.9,1094.3,1634.2,-0.1008,0.1083,0.2373,0.1618,nublado,2026-09-03T18:01:06+00:00
brenne,2019-05-31,8,S2B_30TYS_20190531_0_L2A;S2B_30TYS_20190531_1_L2A;S2B_30TYT_20190531_0_L2A;S2B_30TYT_20190531_1_L2A;S2B_31TCM_20190531_0_L2A;S2B_31TCM_20190531_1_L2A;S2B_31TCN_20190531_0_L2A;S2B_31TCN_20190531_1_L2A,1.0,0.0443,0.9557,0.0372,-0.0508,otsu,0.756,0.034,57957.1,1680.6,0.0303,801.8,1573.6,2196.0,-0.102,0.1237,0.2651,0.2543,ok,2026-09-03T18:03:02+00:00
brenne,2019-06-08,2,S2A_30TYS_20190608_0_L2A;S2A_31TCM_20190608_0_L2A,1.0,0.4319,0.5681,0.0596,-0.2461,otsu,1.091,0.0764,57957.1,1056.6,0.0321,7143.7,776.1,1475.2,-0.0539,0.0912,0.1755,0.0563,nublado,2026-09-03T18:01:06+00:00
brenne,2019-06-10,3,S2B_30TYS_20190610_0_L2A;S2B_30TYT_20190610_0_L2A;S2B_31TCM_20190610_0_L2A,1.0,0.8277,0.1723,0.0821,-0.1523,otsu,1.091,0.0707,57957.1,374.4,0.0375,1998.3,322.2,620.3,-0.0906,0.1054,0.2249,0.1323,nublado,2026-09-03T18:01:06+00:00
brenne,2019-06-15,1,S2A_31TCN_20190615_0_L2A,0.0375,1.0,0.0,,0.0,fijo,,,57957.1,0.0,0.0,0.0,0.0,0.0,,,,,sin_datos,2026-09-03T18:01:06+00:00
brenne,2019-06-18,4,S2A_30TYS_20190618_0_L2A;S2A_30TYS_20190618_1_L2A;S2A_31TCM_20190618_0_L2A;S2A_31TCM_20190618_1_L2A,1.0,0.4023,0.5977,0.0424,-0.2852,otsu,0.976,0.0467,57957.1,890.1,0.0257,4750.9,740.1,1063.6,-0.0795,0.1129,0.2209,0.1524,nublado,2026-09-03T18:03:02+00:00
brenne,2019-06-20,1,S2B_30TYT_20190620_0_L2A,0.0,0.0,0.0,,0.0,fijo,,,57957.1,0.0,0.0,0.0,0.0,0.0,,,,,sin_datos,2026-09-03T18:01:06+00:00
brenne,2019-06-23,2,S2B_31TCM_20190623_0_L2A;S2B_31TCM_20190623_1_L2A,1.0,0.1229,0.8771,0.0279,-0.1602,otsu,0.65,0.0285,57957.1,1695.6,0.0334,965.3,1620.1,1641.3,-0.0831,0.151,0.3072,0.3566,ok,2026-09-03T18:03:02+00:00
brenne,2019-06-25,5,S2A_30TYS_20190625_0_L2A;S2A_30TYT_20190625_0_L2A;S2A_30TYT_20190625_1_L2A;S2A_31TCM_20190625_0_L2A;S2A_31TCN_20190625_0_L2A,1.0,0.0121,0.9879,0.0301,-0.2461,otsu,0.709,0.0227,57957.1,1795.7,0.0314,1427.2,1686.8,1689.6,-0.0632,0.1634,0.3053,0.3859,ok,2026-09-03T18:03:02+00:00
brenne,2019-06-28,8,S2A_30TYS_20190628_0_L2A;S2A_30TYS_20190628_1_L2A;S2A_30TYT_20190628_0_L2A;S2A_30TYT_20190628_1_L2A;S2A_31TCM_20190628_0_L2A;S2A_31TCM_20190628_1_L2A;S2A_31TCN_20190628_0_L2A;S2A_31TCN_20190628_1_L2A,1.0,0.0059,0.9941,0.0319,-0.2539,otsu,1.155,0.0312,57957.1,1413.2,0.0245,2095.6,864.7,1883.1,-0.0562,0.137,0.2349,0.217,espectro_anomalo,2026-09-03T18:03:02+00:00
brenne,2019-06-30,4,S2B_31TCM_20190630_0_L2A;S2B_31TCM_20190630_1_L2A;S2B_31TCN_20190630_0_L2A;S2B_31TCN_20190630_1_L2A,1.0,0.9719,0.0281,0.1614,0.0,fijo,,,57957.1,11.9,0.0073,69.2,9.6,11.2,-0.1148,0.0555,0.1513,0.0,nublado,2026-09-03T18:03:02+00:00
brenne,2019-07-03,8,S2B_30TYS_20190703_0_L2A;S2B_30TYS_20190703_1_L2A;S2B_30TYT_20190703_0_L2A;S2B_30TYT_20190703_1_L2A;S2B_31TCM_20190703_0_L2A;S2B_31TCM_20190703_1_L2A;S2B_31TCN_20190703_0_L2A;S2B_31TCN_20190703_1_L2A,1.0,0.0479,0.9521,0.0472,-0.2148,otsu,1.171,0.0523,57957.1,1220.6,0.0221,2145.8,842.8,1742.6,-0.0709,0.1441,0.2348,0.2318,espectro_anomalo,2026-09-03T18:03:02+00:00
brenne,2019-07-05,8,S2A_30TYS_20190705_0_L2A;S2A_30TYS_20190705_1_L2A;S2A_30TYT_20190705_0_L2A;S2A_30TYT_20190705_1_L2A;S2A_31TCM_20190705_0_L2A;S2A_31TCM_20190705_1_L2A;S2A_31TCN_20190705_0_L2A;S2A_31TCN_20190705_1_L2A,1.0,0.0026,0.9974,0.0442,-0.1289,otsu,0.903,0.0359,57957.1,1701.0,0.0294,1270.6,1547.4,1874.8,-0.1049,0.1798,0.2901,0.4342,ok,2026-09-03T18:03:02+00:00
brenne,2019-07-08,8,S2A_30TYS_20190708_0_L2A;S2A_30TYS_20190708_1_L2A;S2A_30TYT_20190708_1_L2A;S2A_30TYT_20190708_2_L2A;S2A_31TCM_20190708_0_L2A;S2A_31TCM_20190708_1_L2A;S2A_31TCN_20190708_1_L2A;S2A_31TCN_20190708_2_L2A,1.0,0.0068,0.9932,0.038,-0.1914,otsu,1.061,0.046,57957.1,1556.4,0.027,1602.9,1179.5,1727.9,-0.0688,0.1492,0.2507,0.2568,ok,2026-09-03T18:03:02+00:00
brenne,2019-07-10,8,S2B_30TYS_20190710_0_L2A;S2B_30TYS_20190710_1_L2A;S2B_30TYT_20190710_0_L2A;S2B_30TYT_20190710_1_L2A;S2B_31TCM_20190710_0_L2A;S2B_31TCM_20190710_1_L2A;S2B_31TCN_20190710_0_L2A;S2B_31TCN_20190710_1_L2A,1.0,0.0785,0.9215,0.0441,-0.1211,otsu,0.968,0.0305,57957.1,1149.2,0.0215,1194.8,994.4,1598.5,-0.0918,0.1825,0.3004,0.4281,ok,2026-09-03T18:03:02+00:00
brenne,2019-07-13,8,S2B_30TYS_20190713_0_L2A;S2B_30TYS_20190713_1_L2A;S2B_30TYT_20190713_0_L2A;S2B_30TYT_20190713_1_L2A;S2B_31TCM_20190713_0_L2A;S2B_31TCM_20190713_1_L2A;S2B_31TCN_20190713_0_L2A;S2B_31TCN_20190713_1_L2A,1.0,0.3606,0.6394,0.0624,-0.3398,otsu,1.253,0.0622,57957.1,581.3,0.0157,6981.2,316.7,1065.4,-0.0587,0.1246,0.1896,0.0639,nublado,2026-09-03T18:03:02+00:00
brenne,2019-07-15,8,S2A_30TYS_20190715_0_L2A;S2A_30TYS_20190715_1_L2A;S2A_30TYT_20190715_0_L2A;S2A_30TYT_20190715_1_L2A;S2A_31TCM_20190715_0_L2A;S2A_31TCM_20190715_1_L2A;S2A_31TCN_20190715_0_L2A;S2A_31TCN_20190715_1_L2A,1.0,0.0548,0.9452,0.0472,-0.1055,otsu,1.027,0.0335,57957.1,1267.0,0.0231,1293.2,1116.9,1941.6,-0.0963,0.1792,0.2836,0.4093,ok,2026-09-03T18:03:02+00:00
brenne,2019-07-23,8,S2B_30TYS_20190723_0_L2A;S2B_30TYS_20190723_1_L2A;S2B_30TYT_20190723_0_L2A;S2B_30TYT_20190723_1_L2A;S2B_31TCM_20190723_0_L2A;S2B_31TCM_20190723_1_L2A;S2B_31TCN_20190723_0_L2A;S2B_31TCN_20190723_1_L2A,1.0,0.0006,0.9994,0.0487,-0.2461,otsu,1.281,0.0452,57957.1,1041.4,0.018,2064.0,544.3,1820.6,-0.062,0.1523,0.2288,0.2432,espectro_anomalo,2026-09-03T18:04:45+00:00
brenne,2019-07-25,8,S2A_30TYS_20190725_0_L2A;S2A_30TYS_20190725_1_L2A;S2A_30TYT_20190725_0_L2A;S2A_30TYT_20190725_1_L2A;S2A_31TCM_20190725_0_L2A;S2A_31TCM_20190725_1_L2A;S2A_31TCN_20190725_0_L2A;S2A_31TCN_20190725_1_L2A,1.0,0.0006,0.9994,0.0524,-0.1836,otsu,1.14,0.0405,57957.1,1214.0,0.021,1522.0,899.7,1794.9,-0.0825,0.1712,0.2656,0.3811,espectro_anomalo,2026-09-03T18:04:45+00:00
brenne,2019-07-28,8,S2A_30TYS_20190728_0_L2A;S2A_30TYS_20190728_1_L2A;S2A_30TYT_20190728_0_L2A;S2A_30TYT_20190728_1_L2A;S2A_31TCM_20190728_0_L2A;S2A_31TCM_20190728_1_L2A;S2A_31TCN_20190728_0_L2A;S2A_31TCN_20190728_1_L2A,1.0,0.5892,0.4108,0.0677,-0.0195,otsu,0.921,0.0614,57957.1,691.5,0.029,499.3,696.2,1163.5,-0.1386,0.1669,0.2876,0.3513,nublado,2026-09-03T18:04:45+00:00
brenne,2019-07-30,5,S2B_30TYS_20190730_0_L2A;S2B_30TYT_20190730_0_L2A;S2B_30TYT_20190730_1_L2A;S2B_31TCN_20190730_0_L2A;S2B_31TCN_20190730_1_L2A,0.0695,1.0017,0.0,,0.0,fijo,,,57957.1,0.0,0.0,0.0,0.0,0.0,,,,,sin_datos,2026-09-03T18:04:45+00:00
brenne,2019-08-02,8,S2B_30TYS_20190802_0_L2A;S2B_30TYS_20190802_1_L2A;S2B_30TYT_20190802_0_L2A;S2B_30TYT_20190802_1_L2A;S2B_31TCM_20190802_0_L2A;S2B_31TCM_20190802_1_L2A;S2B_31TCN_20190802_0_L2A;S2B_31TCN_20190802_1_L2A,1.0,0.1057,0.8943,0.0532,-0.1055,otsu,1.052,0.0449,57957.1,1012.9,0.0195,1256.3,949.4,1761.1,-0.1116,0.1849,0.2928,0.428,ok,2026-09-03T18:04:45+00:00
brenne,2019-08-04,3,S2A_30TYS_20190804_0_L2A;S2A_31TCM_20190804_0_L2A;S2A_31TCM_20190804_1_L2A,1.0,0.2727,0.7273,0.0654,-0.2539,otsu,1.257,0.0497,57957.1,433.4,0.0103,1382.8,299.4,750.7,-0.076,0.1544,0.2266,0.1772,nublado,2026-09-03T18:04:45+00:00
brenne,2019-08-12,6,S2B_30TYS_20190812_0_L2A;S2B_30TYS_20190812_1_L2A;S2B_31TCM_20190812_0_L2A;S2B_31TCM_20190812_1_L2A;S2B_31TCN_20190812_0_L2A;S2B_31TCN_20190812_1_L2A,1.0,0.4089,0.5911,0.0744,-0.1211,otsu,1.204,0.0621,57957.1,761.1,0.0222,2053.6,646.1,1614.1,-0.107,0.1458,0.2562,0.2688,nublado,2026-09-03T18:04:45+00:00
brenne,2019-08-14,8,S2A_30TYS_20190814_0_L2A;S2A_30TYS_20190814_1_L2A;S2A_30TYT_20190814_0_L2A;S2A_30TYT_20190814_1_L2A;S2A_31TCM_20190814_0_L2A;S2A_31TCM_20190814_1_L2A;S2A_31TCN_20190814_0_L2A;S2A_31TCN_20190814_1_L2A,1.0,0.1585,0.8415,0.055,-0.1055,otsu,1.116,0.0396,57957.1,823.1,0.0169,1035.8,788.7,1736.8,-0.1182,0.1977,0.3007,0.5182,espectro_anomalo,2026-09-03T18:04:45+00:00
brenne,2019-08-19,8,S2B_30TYS_20190819_0_L2A;S2B_30TYS_20190819_1_L2A;S2B_30TYT_20190819_0_L2A;S2B_30TYT_20190819_1_L2A;S2B_31TCM_20190819_0_L2A;S2B_31TCM_20190819_1_L2A;S2B_31TCN_20190819_0_L2A;S2B_31TCN_20190819_1_L2A,1.0,0.3336,0.6664,0.0623,-0.082,otsu,1.176,0.0462,57957.1,596.3,0.0154,899.0,565.6,1390.0,-0.1277,0.1773,0.2832,0.3817,nublado,2026-09-03T18:04:45+00:00
brenne,2019-08-22,8,S2B_30TYS_20190822_0_L2A;S2B_30TYS_20190822_1_L2A;S2B_30TYT_20190822_0_L2A;S2B_30TYT_20190822_1_L2A;S2B_31TCM_20190822_0_L2A;S2B_31TCM_20190822_1_L2A;S2B_31TCN_20190822_0_L2A;S2B_31TCN_20190822_1_L2A,1.0,0.0233,0.9767,0.0432,-0.1055,otsu,1.128,0.0394,57957.1,929.4,0.0164,1420.0,829.6,1737.2,-0.1076,0.1866,0.2907,0.4431,espectro_anomalo,2026-09-03T18:04:45+00:00
brenne,2019-08-24,2,S2A_31TCM_20190824_0_L2A;S2A_31TCM_20190824_1_L2A,1.0,0.5569,0.4431,0.0536,-0.1992,otsu,1.246,0.0439,57957.1,344.4,0.0134,885.4,273.9,783.2,-0.1033,0.1873,0.2694,0.438,nublado,2026-09-03T18:04:45+00:00
brenne,2019-08-29,7,S2B_30TYS_20190829_0_L2A;S2B_30TYS_20190829_1_L2A;S2B_30TYT_20190829_0_L2A;S2B_31TCM_20190829_0_L2A;S2B_31TCM_20190829_1_L2A;S2B_31TCN_20190829_0_L2A;S2B_31TCN_20190829_1_L2A,1.0,0.0003,0.9997,0.05,-0.0898,otsu,1.044,0.0378,57957.1,1036.0,0.0179,1115.8,974.6,1791.9,-0.1257,0.2143,0.3205,0.5593,ok,2026-09-03T18:06:17+00:00
brenne,2019-09-01,2,S2B_30TYT_20190901_0_L2A;S2B_30TYT_20190901_1_L2A,0.0,0.0,0.0,,0.0,fijo,,,57957.1,0.0,0.0,0.0,0.0,0.0,,,,,sin_datos,2026-09-03T18:04:45+00:00
brenne,2019-09-03,8,S2A_30TYS_20190903_0_L2A;S2A_30TYS_20190903_1_L2A;S2A_30TYT_20190903_0_L2A;S2A_30TYT_20190903_1_L2A;S2A_31TCM_20190903_0_L2A;S2A_31TCM_20190903_1_L2A;S2A_31TCN_20190903_0_L2A;S2A_31TCN_20190903_1_L2A,1.0,0.4617,0.5383,0.0535,-0.1914,otsu,1.186,0.0406,57957.1,323.0,0.0104,580.6,256.0,481.9,-0.1037,0.1704,0.2679,0.3152,nublado,2026-09-03T18:06:17+00:00
brenne,2019-09-06,8,S2A_30TYS_20190906_0_L2A;S2A_30TYS_20190906_1_L2A;S2A_30TYT_20190906_0_L2A;S2A_30TYT_20190906_1_L2A;S2A_31TCM_20190906_0_L2A;S2A_31TCM_20190906_1_L2A;S2A_31TCN_20190906_0_L2A;S2A_31TCN_20190906_1_L2A,1.0,0.0057,0.9943,0.0429,-0.1211,otsu,1.221,0.0353,57957.1,891.4,0.0155,1205.4,771.0,1652.8,-0.0986,0.1945,0.2956,0.4776,espectro_anomalo,2026-09-03T18:06:17+00:00
brenne,2019-09-08,6,S2B_30TYS_20190908_0_L2A;S2B_30TYS_20190908_1_L2A;S2B_30TYT_20190908_0_L2A;S2B_31TCM_20190908_0_L2A;S2B_31TCM_20190908_1_L2A;S2B_31TCN_20190908_0_L2A,1.0,0.805,0.195,0.1135,0.0,fijo,1.401,0.101,57957.1,209.8,0.0186,384.4,164.0,519.4,-0.11,0.1025,0.1631,0.0458,nublado,2026-09-03T18:06:17+00:00
brenne,2019-09-11,1,S2B_31TCN_20190911_0_L2A,0.0375,0.2322,0.0288,0.0253,0.0,fijo,,,57957.1,0.7,0.0004,4.6,0.0,4.6,0.0073,0.174,0.2193,0.3529,sin_datos,2026-09-03T18:06:17+00:00
brenne,2019-09-13,8,S2A_30TYS_20190913_0_L2A;S2A_30TYS_20190913_1_L2A;S2A_30TYT_20190913_0_L2A;S2A_30TYT_20190913_1_L2A;S2A_31TCM_20190913_0_L2A;S2A_31TCM_20190913_1_L2A;S2A_31TCN_20190913_0_L2A;S2A_31TCN_20190913_1_L2A,1.0,0.0004,0.9996,0.0453,-0.1289,otsu,1.08,0.0321,57957.1,1033.6,0.0178,909.2,946.2,1667.2,-0.108,0.2021,0.3176,0.5117,ok,2026-09-03T18:06:17+00:00
brenne,2019-09-16,8,S2A_30TYS_20190916_0_L2A;S2A_30TYS_20190916_1_L2A;S2A_30TYT_20190916_0_L2A;S2A_30TYT_20190916_1_L2A;S2A_31TCM_20190916_0_L2A;S2A_31TCM_20190916_1_L2A;S2A_31TCN_20190916_0_L2A;S2A_31TCN_20190916_1_L2A,1.0,0.0006,0.9994,0.0474,-0.2227,otsu,1.271,0.037,57957.1,917.1,0.0158,1173.0,656.7,1532.4,-0.0788,0.1823,0.2633,0.4354,espectro_anomalo,2026-09-03T18:06:17+00:00
brenne,2019-09-18,8,S2B_30TYS_20190918_0_L2A;S2B_30TYS_20190918_1_L2A;S2B_30TYT_20190918_0_L2A;S2B_30TYT_20190918_1_L2A;S2B_31TCM_20190918_0_L2A;S2B_31TCM_20190918_1_L2A;S2B_31TCN_20190918_0_L2A;S2B_31TCN_20190918_1_L2A,1.0,0.0005,0.9995,0.0526,-0.0977,otsu,1.231,0.0389,57957.1,861.6,0.0149,995.6,675.0,1652.6,-0.091,0.1928,0.2875,0.4653,espectro_anomalo,2026-09-03T18:07:47+00:00
brenne,2019-09-21,8,S2B_30TYS_20190921_0_L2A;S2B_30TYS_20190921_1_L2A;S2B_30TYT_20190921_0_L2A;S2B_30TYT_20190921_1_L2A;S2B_31TCM_20190921_0_L2A;S2B_31TCM_20190921_1_L2A;S2B_31TCN_20190921_0_L2A;S2B_31TCN_20190921_1_L2A,1.0,0.0254,0.9746,0.0533,-0.1289,otsu,1.218,0.0438,57957.1,926.1,0.0164,854.9,776.1,1576.3,-0.1007,0.1946,0.2942,0.4746,espectro_anomalo,2026-09-03T18:06:17+00:00
brenne,2019-09-28,1,S2B_30TYT_20190928_0_L2A,0.0,0.0,0.0,,0.0,fijo,,,57957.1,0.0,0.0,0.0,0.0,0.0,,,,,sin_datos,2026-09-03T18:06:17+00:00
brenne,2019-10-06,1,S2A_30TYT_20191006_0_L2A,0.0,0.0,0.0,,0.0,fijo,,,57957.1,0.0,0.0,0.0,0.0,0.0,,,,,sin_datos,2026-09-03T18:06:17+00:00
brenne,2019-10-11,8,S2B_30TYS_20191011_0_L2A;S2B_30TYS_20191011_1_L2A;S2B_30TYT_20191011_0_L2A;S2B_30TYT_20191011_1_L2A;S2B_31TCM_20191011_0_L2A;S2B_31TCM_20191011_1_L2A;S2B_31TCN_20191011_0_L2A;S2B_31TCN_20191011_1_L2A,1.0,0.0003,0.9997,0.0287,-0.0742,otsu,1.073,0.0312,57957.1,995.8,0.0172,969.6,936.1,1775.8,-0.131,0.208,0.32,0.5436,ok,2026-09-03T18:06:17+00:00
brenne,2019-10-13,4,S2A_30TYS_20191013_0_L2A;S2A_31TCM_20191013_0_L2A;S2A_31TCM_20191013_1_L2A;S2A_31TCN_20191013_0_L2A,1.0,0.0267,0.9733,0.0386,-0.1602,otsu,1.258,0.0394,57957.1,861.1,0.0153,1130.2,680.7,1493.2,-0.0994,0.1859,0.2601,0.4225,espectro_anomalo,2026-09-03T18:07:47+00:00
brenne,2019-10-18,1,S2B_31TCN_20191018_0_L2A,0.0375,1.0,0.0,,0.0,fijo,,,57957.1,0.0,0.0,0.0,0.0,0.0,,,,,sin_datos,2026-09-03T18:06:17+00:00
brenne,2019-10-21,5,S2B_30TYT_20191021_0_L2A;S2B_30TYT_20191021_1_L2A;S2B_31TCM_20191021_0_L2A;S2B_31TCN_20191021_0_L2A;S2B_31TCN_20191021_1_L2A,1.0,0.4901,0.5099,0.0638,-0.0039,otsu,1.12,0.0527,57957.1,1032.2,0.0349,1792.9,1062.9,2329.4,-0.1723,0.1413,0.2621,0.2183,nublado,2026-09-03T18:07:47+00:00
brenne,2019-11-07,8,S2B_30TYS_20191107_0_L2A;S2B_30TYS_20191107_1_L2A;S2B_30TYT_20191107_0_L2A;S2B_30TYT_20191107_1_L2A;S2B_31TCM_20191107_0_L2A;S2B_31TCM_20191107_1_L2A;S2B_31TCN_20191107_0_L2A;S2B_31TCN_20191107_1_L2A,1.0,0.4356,0.5644,0.0563,0.0,fijo,1.444,0.0511,57957.1,724.5,0.0221,947.9,645.0,2020.2,-0.1069,0.1349,0.2154,0.1377,nublado,2026-09-03T18:07:47+00:00
brenne,2019-11-10,4,S2B_30TYS_20191110_0_L2A;S2B_30TYS_20191110_1_L2A;S2B_31TCM_20191110_0_L2A;S2B_31TCM_20191110_1_L2A,1.0,0.181,0.819,0.0461,-0.1055,otsu,1.509,0.05,57957.1,929.8,0.0196,991.4,691.9,2243.9,-0.0823,0.1287,0.2092,0.1226,espectro_anomalo,2026-09-03T18:07:47+00:00
brenne,2019-11-12,8,S2A_30TYS_20191112_0_L2A;S2A_30TYS_20191112_1_L2A;S2A_30TYT_20191112_0_L2A;S2A_30TYT_20191112_1_L2A;S2A_31TCM_20191112_0_L2A;S2A_31TCM_20191112_1_L2A;S2A_31TCN_20191112_0_L2A;S2A_31TCN_20191112_1_L2A,1.0,0.5913,0.4087,0.0713,0.0,fijo,1.567,0.0406,57957.1,714.2,0.0302,1168.2,651.6,2076.1,-0.1258,0.11,0.1974,0.0968,nublado,2026-09-03T18:07:47+00:00
brenne,2019-11-22,5,S2A_30TYT_20191122_0_L2A;S2A_30TYT_20191122_1_L2A;S2A_31TCM_20191122_0_L2A;S2A_31TCN_20191122_0_L2A;S2A_31TCN_20191122_1_L2A,1.0,0.0174,0.9826,0.0215,-0.1523,otsu,1.04,0.0203,57957.1,1607.1,0.0282,816.4,1193.3,2692.5,-0.0505,0.1465,0.2567,0.2512,ok,2026-09-03T18:07:47+00:00
brenne,2019-11-27,1,S2B_30TYS_20191127_0_L2A,0.032,0.9725,0.0009,0.0992,-0.2539,otsu,,,57957.1,0.1,0.0015,29.1,0.0,0.0,,,,,sin_datos,2026-09-03T18:07:47+00:00
brenne,2019-12-02,4,S2A_30TYT_20191202_0_L2A;S2A_30TYT_20191202_1_L2A;S2A_31TCN_20191202_0_L2A;S2A_31TCN_20191202_1_L2A,0.0375,0.0,0.0375,0.0306,0.0,fijo,1.023,0.0186,57957.1,16.0,0.0074,6.9,14.7,27.3,-0.0986,0.1827,0.2891,0.34,sin_datos,2026-09-03T18:07:47+00:00
brenne,2019-12-05,8,S2A_30TYS_20191205_0_L2A;S2A_30TYS_20191205_1_L2A;S2A_30TYT_20191205_0_L2A;S2A_30TYT_20191205_1_L2A;S2A_31TCM_20191205_0_L2A;S2A_31TCM_20191205_1_L2A;S2A_31TCN_20191205_0_L2A;S2A_31TCN_20191205_1_L2A,1.0,0.0095,0.9905,0.0231,-0.0898,otsu,0.86,0.0198,57957.1,2123.2,0.037,573.8,1791.8,3535.8,-0.0597,0.1125,0.2212,0.1442,ok,2026-09-03T18:07:47+00:00
brenne,2019-12-20,8,S2B_30TYS_20191220_0_L2A;S2B_30TYS_20191220_1_L2A;S2B_30TYT_20191220_0_L2A;S2B_30TYT_20191220_1_L2A;S2B_31TCM_20191220_0_L2A;S2B_31TCM_20191220_1_L2A;S2B_31TCN_20191220_0_L2A;S2B_31TCN_20191220_1_L2A,1.0,0.285,0.715,0.0455,0.0,fijo,1.367,0.0351,57957.1,1342.0,0.0324,265.6,1005.3,3332.6,-0.023,0.0985,0.1885,0.0826,nublado,2026-09-03T18:07:47+00:00
brenne,2019-12-22,8,S2A_30TYS_20191222_0_L2A;S2A_30TYS_20191222_1_L2A;S2A_30TYT_20191222_0_L2A;S2A_30TYT_20191222_1_L2A;S2A_31TCM_20191222_0_L2A;S2A_31TCM_20191222_1_L2A;S2A_31TCN_20191222_0_L2A;S2A_31TCN_20191222_1_L2A,1.0,0.2266,0.7734,0.0238,0.0,fijo,1.47,0.0132,57957.1,1054.8,0.0235,107.4,905.5,3671.6,0.0154,0.1277,0.2352,0.1626,nublado,2026-09-03T18:09:29+00:00
brenne,2019-12-25,3,S2A_30TYS_20191225_0_L2A;S2A_30TYS_20191225_1_L2A;S2A_30TYT_20191225_1_L2A,0.032,0.9992,0.0001,0.1685,0.0,fijo,,,57957.1,0.0,0.0,0.0,0.0,0.0,,,,,sin_datos,2026-09-03T18:07:47+00:00
brenne,2019-12-30,5,S2B_30TYS_20191230_0_L2A;S2B_30TYS_20191230_1_L2A;S2B_30TYT_20191230_0_L2A;S2B_31TCM_20191230_0_L2A;S2B_31TCM_20191230_1_L2A,1.0,0.8781,0.1219,0.1236,-0.1836,otsu,1.023,0.1122,57957.1,1666.9,0.236,2054.3,464.9,547.6,-0.0538,0.0187,0.0458,0.0001,nublado,2026-09-03T18:09:29+00:00
brenne,2020-01-04,4,S2A_30TYS_20200104_0_L2A;S2A_30TYS_20200104_1_L2A;S2A_31TCM_20200104_0_L2A;S2A_31TCM_20200104_1_L2A,1.0,0.12,0.88,0.0329,-0.1836,otsu,1.079,0.0258,57957.1,2016.8,0.0395,479.6,1319.7,3181.0,-0.0153,0.101,0.1942,0.0878,ok,2026-09-03T18:09:29+00:00
brenne,2020-01-06,8,S2B_30TYS_20200106_0_L2A;S2B_30TYS_20200106_1_L2A;S2B_30TYT_20200106_0_L2A;S2B_30TYT_20200106_1_L2A;S2B_31TCM_20200106_0_L2A;S2B_31TCM_20200106_1_L2A;S2B_31TCN_20200106_0_L2A;S2B_31TCN_20200106_1_L2A,1.0,0.0026,0.9974,0.0238,-0.0742,otsu,0.875,0.014,57957.1,2463.6,0.0426,233.9,2240.0,4889.5,0.0064,0.0832,0.2332,0.1529,ok,2026-09-03T18:09:29+00:00
brenne,2020-01-11,4,S2A_30TYT_20200111_0_L2A;S2A_30TYT_20200111_1_L2A;S2A_31TCN_20200111_0_L2A;S2A_31TCN_20200111_1_L2A,0.0375,1.0,0.0,,0.0,fijo,,,57957.1,0.0,0.0,0.0,0.0,0.0,,,,,sin_datos,2026-09-03T18:09:29+00:00
brenne,2020-01-16,8,S2B_30TYS_20200116_0_L2A;S2B_30TYS_20200116_1_L2A;S2B_30TYT_20200116_0_L2A;S2B_30TYT_20200116_1_L2A;S2B_31TCM_20200116_0_L2A;S2B_31TCM_20200116_1_L2A;S2B_31TCN_20200116_0_L2A;S2B_31TCN_20200116_1_L2A,1.0,0.0217,0.9783,0.0293,-0.1133,otsu,0.852,0.0171,57957.1,2558.8,0.0451,282.8,2249.3,4628.9,-0.0139,0.0959,0.2321,0.1558,ok,2026-09-03T18:09:29+00:00
brenne,2020-01-19,8,S2B_30TYS_20200119_0_L2A;S2B_30TYS_20200119_1_L2A;S2B_30TYT_20200119_0_L2A;S2B_30TYT_20200119_1_L2A;S2B_31TCM_20200119_0_L2A;S2B_31TCM_20200119_1_L2A;S2B_31TCN_20200119_0_L2A;S2B_31TCN_20200119_1_L2A,1.0,0.2492,0.7508,0.0425,-0.0977,otsu,1.01,0.0354,57957.1,1923.9,0.0442,576.1,1491.2,3338.8,-0.0514,0.0844,0.1723,0.0549,nublado,2026-09-03T18:09:29+00:00
brenne,2020-01-21,8,S2A_30TYS_20200121_0_L2A;S2A_30TYS_20200121_1_L2A;S2A_30TYT_20200121_0_L2A;S2A_30TYT_20200121_1_L2A;S2A_31TCM_20200121_0_L2A;S2A_31TCM_20200121_1_L2A;S2A_31TCN_20200121_0_L2A;S2A_31TCN_20200121_1_L2A,1.0,0.0012,0.9988,0.0262,-0.1367,otsu,0.87,0.0157,57957.1,2682.7,0.0463,366.1,2135.4,4656.1,0.0022,0.1144,0.2331,0.1678,ok,2026-09-03T18:09:29+00:00
brenne,2020-01-24,8,S2A_30TYS_20200124_0_L2A;S2A_30TYS_20200124_1_L2A;S2A_30TYT_20200124_0_L2A;S2A_30TYT_20200124_1_L2A;S2A_31TCM_20200124_0_L2A;S2A_31TCM_20200124_1_L2A;S2A_31TCN_20200124_0_L2A;S2A_31TCN_20200124_1_L2A,1.0,0.0019,0.9981,0.0227,-0.3086,otsu,1.427,0.0152,57957.1,2066.2,0.0357,1010.5,786.5,3672.7,0.0458,0.099,0.1798,0.0587,espectro_anomalo,2026-09-03T18:09:29+00:00
brenne,2020-02-05,7,S2B_30TYS_20200205_0_L2A;S2B_30TYS_20200205_1_L2A;S2B_30TYT_20200205_0_L2A;S2B_30TYT_20200205_1_L2A;S2B_31TCM_20200205_0_L2A;S2B_31TCM_20200205_1_L2A;S2B_31TCN_20200205_0_L2A,1.0,0.045,0.955,0.0379,-0.1211,otsu,0.834,0.0266,57957.1,2794.0,0.0505,492.0,2226.2,4215.9,-0.0371,0.1023,0.2044,0.1075,ok,2026-09-03T18:09:29+00:00
brenne,2020-02-13,3,S2A_30TYT_20200213_0_L2A;S2A_30TYT_20200213_1_L2A;S2A_31TCN_20200213_0_L2A,0.0375,0.8492,0.0057,0.1021,0.0,fijo,1.239,0.0887,57957.1,264.2,0.8057,39.1,46.9,63.6,0.0154,0.015,0.0483,0.0,sin_datos,2026-09-03T18:09:29+00:00
brenne,2020-02-15,8,S2B_30TYS_20200215_0_L2A;S2B_30TYS_20200215_1_L2A;S2B_30TYT_20200215_0_L2A;S2B_30TYT_20200215_1_L2A;S2B_31TCM_20200215_0_L2A;S2B_31TCM_20200215_1_L2A;S2B_31TCN_20200215_0_L2A;S2B_31TCN_20200215_1_L2A,1.0,0.0299,0.9701,0.0384,-0.207,otsu,0.994,0.0281,57957.1,2339.6,0.0416,1076.1,1377.6,3324.2,-0.0225,0.0977,0.1821,0.0722,ok,2026-09-03T18:11:32+00:00
brenne,2020-02-18,8,S2B_30TYS_20200218_0_L2A;S2B_30TYS_20200218_1_L2A;S2B_30TYT_20200218_0_L2A;S2B_30TYT_20200218_1_L2A;S2B_31TCM_20200218_0_L2A;S2B_31TCM_20200218_1_L2A;S2B_31TCN_20200218_0_L2A;S2B_31TCN_20200218_1_L2A,1.0,0.4765,0.5235,0.0712,0.0,fijo,1.368,0.0505,57957.1,1063.7,0.0351,712.8,830.9,2300.2,-0.0924,0.0608,0.1284,0.0144,nublado,2026-09-03T18:11:32+00:00
brenne,2020-02-20,1,S2A_30TYS_20200220_0_L2A,0.032,0.37,0.0202,0.0576,-0.082,otsu,0.661,0.0441,57957.1,71.3,0.0609,86.6,66.5,92.9,-0.0591,0.0636,0.1366,0.0847,sin_datos,2026-09-03T18:09:29+00:00
brenne,2020-02-23,2,S2A_31TCM_20200223_0_L2A;S2A_31TCM_20200223_1_L2A,1.0,0.554,0.446,0.0788,-0.3477,otsu,1.388,0.0706,57957.1,1358.9,0.0526,12020.4,331.8,1213.6,-0.0077,0.0706,0.108,0.0052,nublado,2026-09-03T18:11:32+00:00
brenne,2020-03-09,7,S2B_30TYS_20200309_0_L2A;S2B_30TYS_20200309_1_L2A;S2B_30TYT_20200309_0_L2A;S2B_31TCM_20200309_0_L2A;S2B_31TCM_20200309_1_L2A;S2B_31TCN_20200309_0_L2A;S2B_31TCN_20200309_1_L2A,1.0,0.5287,0.4713,0.0642,0.0,fijo,1.263,0.0463,57957.1,1114.0,0.0408,616.7,920.0,2459.5,-0.077,0.0576,0.1232,0.0184,nublado,2026-09-03T18:11:32+00:00
brenne,2020-03-19,8,S2B_30TYS_20200319_0_L2A;S2B_30TYS_20200319_1_L2A;S2B_30TYT_20200319_0_L2A;S2B_30TYT_20200319_1_L2A;S2B_31TCM_20200319_0_L2A;S2B_31TCM_20200319_1_L2A;S2B_31TCN_20200319_0_L2A;S2B_31TCN_20200319_1_L2A,1.0,0.0011,0.9989,0.0384,-0.2383,otsu,1.184,0.0283,57957.1,1935.2,0.0334,2682.4,931.3,3137.9,-0.0358,0.0868,0.1482,0.0181,espectro_anomalo,2026-09-03T18:11:32+00:00
brenne,2020-03-24,8,S2A_30TYS_20200324_0_L2A;S2A_30TYS_20200324_1_L2A;S2A_30TYT_20200324_0_L2A;S2A_30TYT_20200324_1_L2A;S2A_31TCM_20200324_0_L2A;S2A_31TCM_20200324_1_L2A;S2A_31TCN_20200324_0_L2A;S2A_31TCN_20200324_1_L2A,1.0,0.0115,0.9885,0.0273,-0.168,otsu,0.98,0.0128,57957.1,2495.7,0.0436,888.8,1721.7,3180.8,-0.0087,0.0729,0.174,0.0657,ok,2026-09-03T18:11:32+00:00
brenne,2020-03-26,8,S2B_30TYS_20200326_0_L2A;S2B_30TYS_20200326_1_L2A;S2B_30TYT_20200326_0_L2A;S2B_30TYT_20200326_1_L2A;S2B_31TCM_20200326_0_L2A;S2B_31TCM_20200326_1_L2A;S2B_31TCN_20200326_0_L2A;S2B_31TCN_20200326_1_L2A,1.0,0.0005,0.9995,0.0425,-0.0898,otsu,0.857,0.0299,57957.1,3103.6,0.0536,1054.4,2412.4,3946.1,-0.0509,0.0827,0.1613,0.051,ok,2026-09-03T18:11:32+00:00
brenne,2020-03-31,8,S2A_30TYS_20200331_0_L2A;S2A_30TYS_20200331_1_L2A;S2A_30TYT_20200331_0_L2A;S2A_30TYT_20200331_1_L2A;S2A_31TCM_20200331_0_L2A;S2A_31TCM_20200331_1_L2A;S2A_31TCN_20200331_0_L2A;S2A_31TCN_20200331_1_L2A,1.0,0.0028,0.9972,0.031,-0.1523,otsu,0.86,0.0153,57957.1,2825.6,0.0489,559.6,2110.2,3770.8,-0.0012,0.0713,0.1776,0.074,ok,2026-09-03T18:11:32+00:00
brenne,2020-04-03,2,S2A_30TYS_20200403_0_L2A;S2A_31TCM_20200403_0_L2A,1.0,0.9351,0.0649,0.1475,-0.2852,otsu,1.417,0.1252,57957.1,61.9,0.0164,2669.9,5.8,139.2,-0.016,0.0556,0.0808,0.0,nublado,2026-09-03T18:11:32+00:00
brenne,2020-04-05,8,S2B_30TYS_20200405_0_L2A;S2B_30TYS_20200405_1_L2A;S2B_30TYT_20200405_0_L2A;S2B_30TYT_20200405_1_L2A;S2B_31TCM_20200405_0_L2A;S2B_31TCM_20200405_1_L2A;S2B_31TCN_20200405_0_L2A;S2B_31TCN_20200405_1_L2A,1.0,0.0005,0.9995,0.0346,-0.1211,otsu,0.779,0.0179,57957.1,2847.2,0.0492,743.2,2399.0,3828.4,-0.0386,0.0713,0.1902,0.0877,ok,2026-09-03T18:11:32+00:00
brenne,2020-04-08,7,S2B_30TYS_20200408_0_L2A;S2B_30TYT_20200408_0_L2A;S2B_30TYT_20200408_1_L2A;S2B_31TCM_20200408_0_L2A;S2B_31TCM_20200408_1_L2A;S2B_31TCN_20200408_0_L2A;S2B_31TCN_20200408_1_L2A,1.0,0.4182,0.5818,0.0654,0.0,fijo,1.983,0.0597,57957.1,69.6,0.0021,76.2,63.1,587.5,-0.0824,0.0728,0.1492,0.031,nublado,2026-09-03T18:11:32+00:00
brenne,2020-04-10,8,S2A_30TYS_20200410_0_L2A;S2A_30TYS_20200410_1_L2A;S2A_30TYT_20200410_0_L2A;S2A_30TYT_20200410_1_L2A;S2A_31TCM_20200410_0_L2A;S2A_31TCM_20200410_1_L2A;S2A_31TCN_20200410_0_L2A;S2A_31TCN_20200410_1_L2A,1.0,0.0005,0.9995,0.0343,-0.1289,otsu,0.857,0.0229,57957.1,2575.7,0.0445,1418.7,2119.0,3238.0,-0.0758,0.0868,0.1788,0.0641,ok,2026-09-03T18:11:32+00:00
brenne,2020-04-13,7,S2A_30TYS_20200413_0_L2A;S2A_30TYS_20200413_1_L2A;S2A_30TYT_20200413_0_L2A;S2A_31TCM_20200413_0_L2A;S2A_31TCM_20200413_1_L2A;S2A_31TCN_20200413_0_L2A;S2A_31TCN_20200413_1_L2A,1.0,0.0896,0.9104,0.0364,-0.1523,otsu,1.0,0.0303,57957.1,1963.9,0.0372,2800.1,1441.7,2763.7,-0.0775,0.0928,0.1712,0.0537,ok,2026-09-03T18:13:18+00:00
brenne,2020-04-15,8,S2B_30TYS_20200415_0_L2A;S2B_30TYS_20200415_1_L2A;S2B_30TYT_20200415_0_L2A;S2B_30TYT_20200415_1_L2A;S2B_31TCM_20200415_0_L2A;S2B_31TCM_20200415_1_L2A;S2B_31TCN_20200415_0_L2A;S2B_31TCN_20200415_1_L2A,1.0,0.0005,0.9995,0.0328,-0.1133,otsu,0.938,0.0212,57957.1,2401.6,0.0415,1353.7,1825.6,3226.4,-0.0472,0.0819,0.1852,0.0729,ok,2026-09-03T18:13:18+00:00
brenne,2020-04-18,7,S2B_30TYS_20200418_0_L2A;S2B_30TYS_20200418_1_L2A;S2B_30TYT_20200418_0_L2A;S2B_30TYT_20200418_1_L2A;S2B_31TCM_20200418_0_L2A;S2B_31TCN_20200418_0_L2A;S2B_31TCN_20200418_1_L2A,1.0,0.3375,0.6625,0.0472,0.0,fijo,0.939,0.037,57957.1,1253.2,0.0326,493.0,1239.8,2151.6,-0.1123,0.0689,0.1869,0.0782,nublado,2026-09-03T18:13:18+00:00
brenne,2020-04-23,8,S2A_30TYS_20200423_0_L2A;S2A_30TYS_20200423_1_L2A;S2A_30TYT_20200423_0_L2A;S2A_30TYT_20200423_1_L2A;S2A_31TCM_20200423_0_L2A;S2A_31TCM_20200423_1_L2A;S2A_31TCN_20200423_0_L2A;S2A_31TCN_20200423_1_L2A,1.0,0.0531,0.9469,0.0344,-0.0898,otsu,0.836,0.0319,57957.1,2360.8,0.043,1495.5,2151.1,2549.6,-0.1023,0.0933,0.1727,0.0605,ok,2026-09-03T18:13:18+00:00
brenne,2020-05-05,5,S2B_30TYS_20200505_0_L2A;S2B_30TYS_20200505_1_L2A;S2B_30TYT_20200505_0_L2A;S2B_31TCM_20200505_0_L2A;S2B_31TCM_20200505_1_L2A,1.0,0.2935,0.7065,0.0487,0.0,fijo,1.015,0.0411,57957.1,1216.8,0.0297,574.8,1164.5,2187.7,-0.0959,0.0535,0.1472,0.0375,nublado,2026-09-03T18:13:18+00:00
brenne,2020-05-15,8,S2B_30TYS_20200515_0_L2A;S2B_30TYS_20200515_1_L2A;S2B_30TYT_20200515_0_L2A;S2B_30TYT_20200515_1_L2A;S2B_31TCM_20200515_0_L2A;S2B_31TCM_20200515_1_L2A;S2B_31TCN_20200515_0_L2A;S2B_31TCN_20200515_1_L2A,1.0,0.0021,0.9979,0.033,-0.1055,otsu,0.897,0.0264,57957.1,2481.2,0.0429,1558.6,2001.6,2714.8,-0.0612,0.0798,0.179,0.0697,ok,2026-09-03T18:13:18+00:00
brenne,2020-05-18,8,S2B_30TYS_20200518_0_L2A;S2B_30TYS_20200518_1_L2A;S2B_30TYT_20200518_0_L2A;S2B_30TYT_20200518_1_L2A;S2B_31TCM_20200518_0_L2A;S2B_31TCM_20200518_1_L2A;S2B_31TCN_20200518_0_L2A;S2B_31TCN_20200518_1_L2A,1.0,0.0234,0.9766,0.0284,-0.1367,otsu,0.874,0.0237,57957.1,2119.2,0.0374,1553.8,1796.2,2669.3,-0.0764,0.0944,0.204,0.1051,ok,2026-09-03T18:13:18+00:00
brenne,2020-05-20,8,S2A_30TYS_20200520_0_L2A;S2A_30TYS_20200520_1_L2A;S2A_30TYT_20200520_0_L2A;S2A_30TYT_20200520_1_L2A;S2A_31TCM_20200520_0_L2A;S2A_31TCM_20200520_1_L2A;S2A_31TCN_20200520_0_L2A;S2A_31TCN_20200520_1_L2A,1.0,0.0016,0.9984,0.0259,-0.168,otsu,0.761,0.0132,57957.1,2245.4,0.0388,916.2,2010.0,2757.8,-0.0426,0.0964,0.2293,0.148,ok,2026-09-03T18:13:18+00:00
brenne,2020-05-23,2,S2A_30TYT_20200523_0_L2A;S2A_30TYT_20200523_1_L2A,0.0,0.0,0.0,,0.0,fijo,,,57957.1,0.0,0.0,0.0,0.0,0.0,,,,,sin_datos,2026-09-03T18:13:18+00:00
brenne,2020-05-25,8,S2B_30TYS_20200525_0_L2A;S2B_30TYS_20200525_1_L2A;S2B_30TYT_20200525_0_L2A;S2B_30TYT_20200525_1_L2A;S2B_31TCM_20200525_0_L2A;S2B_31TCM_20200525_1_L2A;S2B_31TCN_20200525_0_L2A;S2B_31TCN_20200525_1_L2A,1.0,0.1545,0.8455,0.041,0.0,fijo,1.04,0.0256,57957.1,1042.2,0.0213,303.2,925.2,1566.4,-0.0551,0.0825,0.2037,0.1063,ok,2026-09-03T18:13:18+00:00
brenne,2020-05-28,8,S2B_30TYS_20200528_0_L2A;S2B_30TYS_20200528_1_L2A;S2B_30TYT_20200528_0_L2A;S2B_30TYT_20200528_1_L2A;S2B_31TCM_20200528_0_L2A;S2B_31TCM_20200528_1_L2A;S2B_31TCN_20200528_0_L2A;S2B_31TCN_20200528_1_L2A,1.0,0.0012,0.9988,0.031,-0.1992,otsu,0.988,0.0297,57957.1,2342.4,0.0405,1796.9,1714.3,2483.2,-0.0484,0.0934,0.1927,0.0889,ok,2026-09-03T18:13:18+00:00
brenne,2020-05-30,8,S2A_30TYS_20200530_0_L2A;S2A_30TYS_20200530_1_L2A;S2A_30TYT_20200530_0_L2A;S2A_30TYT_20200530_1_L2A;S2A_31TCM_20200530_0_L2A;S2A_31TCM_20200530_1_L2A;S2A_31TCN_20200530_0_L2A;S2A_31TCN_20200530_1_L2A,1.0,0.0018,0.9982,0.0286,-0.1836,otsu,0.795,0.0143,57957.1,2257.2,0.039,994.1,1986.7,2693.9,-0.0244,0.1148,0.2521,0.1832,ok,2026-09-03T18:15:14+00:00
brenne,2020-06-02,8,S2A_30TYS_20200602_0_L2A;S2A_30TYS_20200602_1_L2A;S2A_30TYT_20200602_0_L2A;S2A_30TYT_20200602_1_L2A;S2A_31TCM_20200602_0_L2A;S2A_31TCM_20200602_1_L2A;S2A_31TCN_20200602_0_L2A;S2A_31TCN_20200602_1_L2A,1.0,0.0013,0.9987,0.0265,-0.1602,otsu,0.639,0.0157,57957.1,2481.7,0.0429,1045.8,2325.0,2589.3,-0.0471,0.1086,0.2495,0.1772,ok,2026-09-03T18:15:14+00:00
brenne,2020-06-04,1,S2B_30TYS_20200604_0_L2A,0.032,0.8887,0.0037,0.1124,-0.2539,otsu,,,57957.1,0.1,0.0004,146.9,0.0,1.2,,,,,sin_datos,2026-09-03T18:13:18+00:00
brenne,2020-06-09,7,S2A_30TYS_20200609_0_L2A;S2A_30TYS_20200609_1_L2A;S2A_30TYT_20200609_0_L2A;S2A_30TYT_20200609_1_L2A;S2A_31TCM_20200609_0_L2A;S2A_31TCN_20200609_0_L2A;S2A_31TCN_20200609_1_L2A,1.0,0.4854,0.5146,0.0671,0.0,fijo,0.96,0.0491,57957.1,940.2,0.0315,287.6,931.6,1612.9,-0.1095,0.0777,0.1898,0.0811,nublado,2026-09-03T18:15:14+00:00
brenne,2020-06-12,2,S2A_30TYS_20200612_0_L2A;S2A_31TCM_20200612_0_L2A,1.0,0.5044,0.4956,0.0621,0.0,fijo,1.099,0.079,57957.1,856.6,0.0298,641.8,793.3,1406.0,-0.069,0.0535,0.131,0.0201,nublado,2026-09-03T18:15:14+00:00
brenne,2020-06-14,4,S2B_30TYT_20200614_0_L2A;S2B_30TYT_20200614_1_L2A;S2B_31TCN_20200614_0_L2A;S2B_31TCN_20200614_1_L2A,0.0375,0.0961,0.0339,0.0449,0.0,fijo,,,57957.1,7.8,0.0039,10.4,8.1,11.7,-0.1061,0.1422,0.2308,0.1753,sin_datos,2026-09-03T18:15:14+00:00
brenne,2020-06-22,12,S2A_30TYS_20200622_0_L2A;S2A_30TYS_20200622_1_L2A;S2A_30TYS_20200622_2_L2A;S2A_30TYT_20200622_0_L2A;S2A_30TYT_20200622_1_L2A;S2A_30TYT_20200622_2_L2A;S2A_31TCM_20200622_0_L2A;S2A_31TCM_20200622_1_L2A;S2A_31TCM_20200622_2_L2A;S2A_31TCN_20200622_0_L2A;S2A_31TCN_20200622_1_L2A;S2A_31TCN_20200622_2_L2A,1.0,0.2927,0.7073,0.041,0.0,fijo,1.184,0.0206,57957.1,479.0,0.0117,135.8,493.4,786.7,-0.0451,0.0995,0.2245,0.1419,nublado,2026-09-03T18:15:14+00:00
brenne,2020-06-24,8,S2B_30TYS_20200624_0_L2A;S2B_30TYS_20200624_1_L2A;S2B_30TYT_20200624_0_L2A;S2B_30TYT_20200624_1_L2A;S2B_31TCM_20200624_0_L2A;S2B_31TCM_20200624_1_L2A;S2B_31TCN_20200624_0_L2A;S2B_31TCN_20200624_1_L2A,1.0,0.0756,0.9244,0.0377,-0.1367,otsu,0.783,0.0222,57957.1,2132.8,0.0398,1092.0,1878.3,2412.8,-0.0766,0.1323,0.2619,0.2205,ok,2026-09-03T18:15:14+00:00
brenne,2020-06-29,2,S2A_31TCM_20200629_0_L2A;S2A_31TCN_20200629_0_L2A,1.0,0.6255,0.3745,0.0678,0.0,fijo,1.045,0.0536,57957.1,590.1,0.0272,289.4,634.7,1187.8,-0.1202,0.0904,0.2175,0.1205,nublado,2026-09-03T18:15:14+00:00
brenne,2020-07-04,4,S2B_30TYS_20200704_0_L2A;S2B_30TYS_20200704_1_L2A;S2B_31TCM_20200704_0_L2A;S2B_31TCM_20200704_1_L2A,1.0,0.1201,0.8799,0.0475,-0.3242,otsu,1.121,0.0332,57957.1,975.5,0.0191,3777.3,613.0,1297.8,-0.0602,0.125,0.2142,0.1313,espectro_anomalo,2026-09-03T18:15:14+00:00
brenne,2020-07-07,8,S2B_30TYS_20200707_0_L2A;S2B_30TYS_20200707_1_L2A;S2B_30TYT_20200707_0_L2A;S2B_30TYT_20200707_1_L2A;S2B_31TCM_20200707_0_L2A;S2B_31TCM_20200707_1_L2A;S2B_31TCN_20200707_0_L2A;S2B_31TCN_20200707_1_L2A,1.0,0.0096,0.9904,0.0352,-0.1992,otsu,0.982,0.0235,57957.1,1645.7,0.0287,1622.8,1270.4,1959.8,-0.0737,0.1328,0.2407,0.2089,ok,2026-09-03T18:15:14+00:00
brenne,2020-07-09,8,S2A_30TYS_20200709_0_L2A;S2A_30TYS_20200709_1_L2A;S2A_30TYT_20200709_0_L2A;S2A_30TYT_20200709_1_L2A;S2A_31TCM_20200709_0_L2A;S2A_31TCM_20200709_1_L2A;S2A_31TCN_20200709_0_L2A;S2A_31TCN_20200709_1_L2A,1.0,0.0004,0.9996,0.0318,-0.1914,otsu,0.784,0.0144,57957.1,2213.7,0.0382,1051.0,2030.2,2734.2,-0.0592,0.1416,0.2784,0.2439,ok,2026-09-03T18:15:14+00:00
brenne,2020-07-12,8,S2A_30TYS_20200712_0_L2A;S2A_30TYS_20200712_1_L2A;S2A_30TYT_20200712_0_L2A;S2A_30TYT_20200712_1_L2A;S2A_31TCM_20200712_0_L2A;S2A_31TCM_20200712_1_L2A;S2A_31TCN_20200712_0_L2A;S2A_31TCN_20200712_1_L2A,1.0,0.0238,0.9762,0.0329,-0.2227,otsu,0.995,0.0326,57957.1,2428.8,0.0429,1541.5,1785.3,2426.8,-0.0382,0.1039,0.2152,0.1215,ok,2026-09-03T18:16:45+00:00
brenne,2020-07-14,8,S2B_30TYS_20200714_0_L2A;S2B_30TYS_20200714_3_L2A;S2B_30TYT_20200714_0_L2A;S2B_30TYT_20200714_1_L2A;S2B_31TCM_20200714_0_L2A;S2B_31TCM_20200714_3_L2A;S2B_31TCN_20200714_0_L2A;S2B_31TCN_20200714_1_L2A,1.0,0.0143,0.9857,0.0442,-0.1602,otsu,0.833,0.0239,57957.1,1933.1,0.0338,1043.9,1725.7,2305.8,-0.0706,0.1402,0.2787,0.2461,ok,2026-09-03T18:16:45+00:00
brenne,2020-07-17,6,S2B_30TYS_20200717_0_L2A;S2B_30TYS_20200717_1_L2A;S2B_30TYT_20200717_0_L2A;S2B_30TYT_20200717_1_L2A;S2B_31TCN_20200717_0_L2A;S2B_31TCN_20200717_1_L2A,0.0695,0.7739,0.0158,0.1037,-0.3008,otsu,,,57957.1,5.4,0.0059,566.2,3.3,10.8,-0.0793,0.0911,0.1247,0.0,sin_datos,2026-09-03T18:15:14+00:00
brenne,2020-07-19,8,S2A_30TYS_20200719_0_L2A;S2A_30TYS_20200719_1_L2A;S2A_30TYT_20200719_0_L2A;S2A_30TYT_20200719_1_L2A;S2A_31TCM_20200719_0_L2A;S2A_31TCM_20200719_1_L2A;S2A_31TCN_20200719_0_L2A;S2A_31TCN_20200719_1_L2A,1.0,0.0007,0.9993,0.0359,-0.1914,otsu,0.89,0.0182,57957.1,2270.7,0.0392,1166.7,1973.0,2678.3,-0.0768,0.1499,0.3034,0.2679,ok,2026-09-03T18:16:45+00:00
brenne,2020-07-22,8,S2A_30TYS_20200722_0_L2A;S2A_30TYS_20200722_1_L2A;S2A_30TYT_20200722_0_L2A;S2A_30TYT_20200722_1_L2A;S2A_31TCM_20200722_0_L2A;S2A_31TCM_20200722_1_L2A;S2A_31TCN_20200722_0_L2A;S2A_31TCN_20200722_1_L2A,1.0,0.1239,0.8761,0.0488,-0.3008,otsu,1.122,0.0417,57957.1,1809.7,0.0356,5320.2,1146.8,2210.8,-0.0443,0.1266,0.2295,0.1531,espectro_anomalo,2026-09-03T18:16:45+00:00
brenne,2020-07-24,8,S2B_30TYS_20200724_0_L2A;S2B_30TYS_20200724_1_L2A;S2B_30TYT_20200724_0_L2A;S2B_30TYT_20200724_1_L2A;S2B_31TCM_20200724_0_L2A;S2B_31TCM_20200724_1_L2A;S2B_31TCN_20200724_0_L2A;S2B_31TCN_20200724_1_L2A,1.0,0.0004,0.9996,0.0411,-0.168,otsu,0.885,0.0223,57957.1,2226.5,0.0384,1299.7,1986.1,2722.2,-0.0757,0.154,0.2917,0.2974,ok,2026-09-03T18:16:45+00:00
brenne,2020-07-27,8,S2B_30TYS_20200727_0_L2A;S2B_30TYS_20200727_1_L2A;S2B_30TYT_20200727_0_L2A;S2B_30TYT_20200727_1_L2A;S2B_31TCM_20200727_0_L2A;S2B_31TCM_20200727_1_L2A;S2B_31TCN_20200727_0_L2A;S2B_31TCN_20200727_1_L2A,1.0,0.0038,0.9962,0.0358,-0.1914,otsu,0.866,0.0295,57957.1,2372.0,0.0411,1413.8,2102.1,2646.6,-0.0708,0.1452,0.267,0.253,ok,2026-09-03T18:16:45+00:00
brenne,2020-07-29,8,S2A_30TYS_20200729_0_L2A;S2A_30TYS_20200729_1_L2A;S2A_30TYT_20200729_0_L2A;S2A_30TYT_20200729_1_L2A;S2A_31TCM_20200729_0_L2A;S2A_31TCM_20200729_1_L2A;S2A_31TCN_20200729_0_L2A;S2A_31TCN_20200729_1_L2A,1.0,0.0007,0.9993,0.0369,-0.1914,otsu,0.903,0.0177,57957.1,2193.7,0.0379,1214.4,1955.6,2689.7,-0.0783,0.1663,0.2972,0.3865,ok,2026-09-03T18:16:45+00:00
brenne,2020-08-01,1,S2A_31TCM_20200801_0_L2A,1.0,0.4746,0.5254,0.0834,0.0,fijo,1.027,0.07,57957.1,987.7,0.0324,760.6,983.7,1630.5,-0.1085,0.1043,0.2084,0.1158,nublado,2026-09-03T18:16:45+00:00
brenne,2020-08-03,3,S2B_30TYT_20200803_0_L2A;S2B_31TCM_20200803_0_L2A;S2B_31TCN_20200803_0_L2A,1.0,0.6061,0.3939,0.0918,0.0,fijo,1.015,0.0791,57957.1,797.0,0.0349,640.8,766.4,1380.8,-0.1187,0.0876,0.1952,0.0938,nublado,2026-09-03T18:16:45+00:00
brenne,2020-08-06,8,S2B_30TYS_20200806_0_L2A;S2B_30TYS_20200806_1_L2A;S2B_30TYT_20200806_0_L2A;S2B_30TYT_20200806_1_L2A;S2B_31TCM_20200806_0_L2A;S2B_31TCM_20200806_1_L2A;S2B_31TCN_20200806_0_L2A;S2B_31TCN_20200806_1_L2A,1.0,0.0003,0.9997,0.0377,-0.1914,otsu,0.977,0.0229,57957.1,2118.1,0.0366,1530.4,1741.0,2555.1,-0.0785,0.1614,0.2808,0.3187,ok,2026-09-03T18:16:45+00:00
brenne,2020-08-08,8,S2A_30TYS_20200808_0_L2A;S2A_30TYS_20200808_1_L2A;S2A_30TYT_20200808_0_L2A;S2A_30TYT_20200808_1_L2A;S2A_31TCM_20200808_0_L2A;S2A_31TCM_20200808_1_L2A;S2A_31TCN_20200808_0_L2A;S2A_31TCN_20200808_1_L2A,1.0,0.0009,0.9991,0.0476,-0.207,otsu,0.937,0.0306,57957.1,2378.7,0.0411,1378.1,2014.4,2437.2,-0.0835,0.1577,0.2629,0.2891,ok,2026-09-03T18:16:45+00:00
brenne,2020-08-11,3,S2A_30TYS_20200811_0_L2A;S2A_30TYS_20200811_1_L2A;S2A_30TYT_20200811_0_L2A,0.032,1.0036,0.0,,0.0,fijo,,,57957.1,0.0,0.0,0.0,0.0,0.0,,,,,sin_datos,2026-09-03T18:16:45+00:00
brenne,2020-08-16,4,S2B_30TYT_20200816_0_L2A;S2B_31TCM_20200816_0_L2A;S2B_31TCN_20200816_0_L2A;S2B_31TCN_20200816_1_L2A,1.0,0.7317,0.2683,0.0951,0.0,fijo,1.324,0.0827,57957.1,282.1,0.0181,606.6,276.2,737.0,-0.1037,0.0997,0.1773,0.069,nublado,2026-09-03T18:18:38+00:00
brenne,2020-08-18,11,S2A_30TYS_20200818_0_L2A;S2A_30TYS_20200818_1_L2A;S2A_30TYT_20200818_0_L2A;S2A_30TYT_20200818_2_L2A;S2A_31TCM_20200818_0_L2A;S2A_31TCM_20200818_1_L2A;S2A_31TCM_20200818_2_L2A;S2A_31TCM_20200818_3_L2A;S2A_31TCN_20200818_0_L2A;S2A_31TCN_20200818_1_L2A;S2A_31TCN_20200818_2_L2A,1.0,0.304,0.696,0.0511,-0.1602,otsu,0.891,0.0281,57957.1,1685.3,0.0418,1429.3,1620.2,2359.0,-0.1369,0.1817,0.3411,0.4084,nublado,2026-09-03T18:18:38+00:00
brenne,2020-08-21,3,S2A_30TYT_20200821_0_L2A;S2A_30TYT_20200821_1_L2A;S2A_31TCN_20200821_0_L2A,0.0375,0.9954,0.0002,0.1101,0.0,fijo,,,57957.1,0.0,0.0,0.0,0.0,0.0,,,,,sin_datos,2026-09-03T18:18:38+00:00
brenne,2020-08-23,3,S2B_30TYT_20200823_0_L2A;S2B_31TCM_20200823_0_L2A;S2B_31TCN_20200823_0_L2A,1.0,0.4677,0.5323,0.0697,-0.1211,otsu,1.048,0.0408,57957.1,1226.6,0.0398,1234.9,1235.9,2229.8,-0.143,0.1474,0.272,0.2568,nublado,2026-09-03T18:18:38+00:00
brenne,2020-08-26,2,S2B_30TYT_20200826_0_L2A;S2B_31TCN_20200826_0_L2A,0.0375,0.5465,0.017,0.0725,0.0,fijo,,,57957.1,0.8,0.0008,7.8,1.0,10.2,-0.1038,0.1852,0.2557,0.45,sin_datos,2026-09-03T18:18:38+00:00
brenne,2020-08-28,3,S2A_30TYS_20200828_0_L2A;S2A_30TYS_20200828_1_L2A;S2A_31TCM_20200828_0_L2A,1.0,0.4533,0.5467,0.0662,-0.2148,otsu,1.031,0.0408,57957.1,1373.6,0.0434,2561.3,1022.7,1796.1,-0.0771,0.1444,0.2624,0.2692,nublado,2026-09-03T18:18:38+00:00
brenne,2020-08-31,6,S2A_30TYS_20200831_0_L2A;S2A_30TYS_20200831_1_L2A;S2A_30TYT_20200831_0_L2A;S2A_31TCM_20200831_0_L2A;S2A_31TCM_20200831_1_L2A;S2A_31TCN_20200831_0_L2A,1.0,0.7868,0.2132,0.0697,-0.1211,otsu,0.955,0.0461,57957.1,564.1,0.0457,363.2,520.9,956.2,-0.1464,0.1206,0.2104,0.1213,nublado,2026-09-03T18:18:38+00:00
brenne,2020-09-02,8,S2B_30TYS_20200902_0_L2A;S2B_30TYS_20200902_1_L2A;S2B_30TYT_20200902_0_L2A;S2B_30TYT_20200902_1_L2A;S2B_31TCM_20200902_0_L2A;S2B_31TCM_20200902_1_L2A;S2B_31TCN_20200902_0_L2A;S2B_31TCN_20200902_1_L2A,1.0,0.4008,0.5992,0.0628,-0.0742,otsu,1.013,0.0398,57957.1,1333.4,0.0384,711.7,1313.5,2133.9,-0.1399,0.1582,0.2778,0.3112,nublado,2026-09-03T18:18:38+00:00
brenne,2020-09-07,8,S2A_30TYS_20200907_0_L2A;S2A_30TYS_20200907_1_L2A;S2A_30TYT_20200907_0_L2A;S2A_30TYT_20200907_1_L2A;S2A_31TCM_20200907_0_L2A;S2A_31TCM_20200907_1_L2A;S2A_31TCN_20200907_0_L2A;S2A_31TCN_20200907_1_L2A,1.0,0.0259,0.9741,0.0383,-0.1523,otsu,0.899,0.0237,57957.1,2029.6,0.0359,1068.4,1827.1,2707.6,-0.0931,0.183,0.3028,0.4078,ok,2026-09-03T18:18:38+00:00
brenne,2020-09-10,8,S2A_30TYS_20200910_0_L2A;S2A_30TYS_20200910_1_L2A;S2A_30TYT_20200910_0_L2A;S2A_30TYT_20200910_1_L2A;S2A_31TCM_20200910_0_L2A;S2A_31TCM_20200910_1_L2A;S2A_31TCN_20200910_0_L2A;S2A_31TCN_20200910_1_L2A,1.0,0.0006,0.9994,0.0422,-0.1289,otsu,0.866,0.021,57957.1,1807.6,0.0312,717.6,1671.1,2432.4,-0.0932,0.1926,0.3164,0.4521,ok,2026-09-03T18:18:38+00:00
brenne,2020-09-12,8,S2B_30TYS_20200912_0_L2A;S2B_30TYS_20200912_1_L2A;S2B_30TYT_20200912_0_L2A;S2B_30TYT_20200912_1_L2A;S2B_31TCM_20200912_0_L2A;S2B_31TCM_20200912_1_L2A;S2B_31TCN_20200912_0_L2A;S2B_31TCN_20200912_1_L2A,1.0,0.0089,0.9911,0.0577,-0.0742,otsu,0.942,0.0456,57957.1,1980.7,0.0345,1345.2,1630.4,2245.4,-0.1,0.1477,0.2242,0.1884,ok,2026-09-03T18:18:38+00:00
brenne,2020-09-15,8,S2B_30TYS_20200915_0_L2A;S2B_30TYS_20200915_1_L2A;S2B_30TYT_20200915_0_L2A;S2B_30TYT_20200915_1_L2A;S2B_31TCM_20200915_0_L2A;S2B_31TCM_20200915_1_L2A;S2B_31TCN_20200915_0_L2A;S2B_31TCN_20200915_1_L2A,1.0,0.0007,0.9993,0.0427,-0.1211,otsu,0.857,0.03,57957.1,2288.5,0.0395,1179.4,2106.9,2809.2,-0.1047,0.1856,0.2962,0.4242,ok,2026-09-03T18:20:26+00:00
brenne,2020-09-17,8,S2A_30TYS_20200917_0_L2A;S2A_30TYS_20200917_1_L2A;S2A_30TYT_20200917_0_L2A;S2A_30TYT_20200917_1_L2A;S2A_31TCM_20200917_0_L2A;S2A_31TCM_20200917_1_L2A;S2A_31TCN_20200917_0_L2A;S2A_31TCN_20200917_1_L2A,1.0,0.0005,0.9995,0.0464,-0.1367,otsu,0.907,0.0324,57957.1,2330.7,0.0402,1162.8,2014.5,2661.2,-0.0927,0.1719,0.2678,0.3516,ok,2026-09-03T18:20:26+00:00
brenne,2020-10-10,5,S2A_30TYS_20201010_0_L2A;S2A_30TYT_20201010_0_L2A;S2A_30TYT_20201010_1_L2A;S2A_31TCN_20201010_0_L2A;S2A_31TCN_20201010_1_L2A,0.0695,0.5823,0.0291,0.0515,-0.1758,otsu,1.466,0.0356,57957.1,24.7,0.0147,496.5,20.4,49.8,-0.1363,0.1526,0.2712,0.2298,sin_datos,2026-09-03T18:18:38+00:00
brenne,2020-10-30,8,S2A_30TYS_20201030_0_L2A;S2A_30TYS_20201030_1_L2A;S2A_30TYT_20201030_0_L2A;S2A_30TYT_20201030_1_L2A;S2A_31TCM_20201030_0_L2A;S2A_31TCM_20201030_1_L2A;S2A_31TCN_20201030_0_L2A;S2A_31TCN_20201030_1_L2A,1.0,0.172,0.828,0.0344,-0.082,otsu,0.96,0.0277,57957.1,1747.0,0.0364,638.8,1699.4,3041.8,-0.1466,0.1702,0.2905,0.3829,ok,2026-09-03T18:20:26+00:00
brenne,2020-11-04,8,S2B_30TYS_20201104_0_L2A;S2B_30TYS_20201104_1_L2A;S2B_30TYT_20201104_0_L2A;S2B_30TYT_20201104_1_L2A;S2B_31TCM_20201104_0_L2A;S2B_31TCM_20201104_1_L2A;S2B_31TCN_20201104_0_L2A;S2B_31TCN_20201104_1_L2A,1.0,0.4024,0.5976,0.0285,-0.1211,otsu,1.122,0.0243,57957.1,983.9,0.0284,802.7,840.6,1717.3,-0.1139,0.1738,0.2911,0.395,nublado,2026-09-03T18:20:26+00:00
brenne,2020-11-06,8,S2A_30TYS_20201106_0_L2A;S2A_30TYS_20201106_1_L2A;S2A_30TYT_20201106_0_L2A;S2A_30TYT_20201106_1_L2A;S2A_31TCM_20201106_0_L2A;S2A_31TCM_20201106_1_L2A;S2A_31TCN_20201106_0_L2A;S2A_31TCN_20201106_1_L2A,1.0,0.8359,0.1641,0.0152,0.0,fijo,2.458,0.0058,57957.1,108.3,0.0114,114.3,64.6,619.3,-0.0646,0.1469,0.2264,0.188,nublado,2026-09-03T18:20:26+00:00
brenne,2020-11-09,4,S2A_31TCM_20201109_0_L2A;S2A_31TCM_20201109_1_L2A;S2A_31TCN_20201109_0_L2A;S2A_31TCN_20201109_1_L2A,1.0,0.2567,0.7433,0.0534,0.0,fijo,1.815,0.065,57957.1,398.7,0.0093,240.5,399.8,2041.7,-0.1118,0.1584,0.2906,0.32,nublado,2026-09-03T18:20:26+00:00
brenne,2020-11-14,8,S2B_30TYS_20201114_0_L2A;S2B_30TYS_20201114_1_L2A;S2B_30TYT_20201114_0_L2A;S2B_30TYT_20201114_1_L2A;S2B_31TCM_20201114_0_L2A;S2B_31TCM_20201114_1_L2A;S2B_31TCN_20201114_0_L2A;S2B_31TCN_20201114_1_L2A,1.0,0.0007,0.9993,0.0229,-0.1055,otsu,0.886,0.021,57957.1,2012.7,0.0348,717.1,1920.8,3323.2,-0.1263,0.1897,0.3293,0.4652,ok,2026-09-03T18:20:26+00:00
brenne,2020-11-16,1,S2A_30TYS_20201116_0_L2A,0.032,0.3182,0.0218,0.0618,0.0,fijo,,,57957.1,13.2,0.0104,7.8,9.6,0.0,-0.0883,0.1463,0.2737,0.1246,sin_datos,2026-09-03T18:20:26+00:00
brenne,2020-11-19,8,S2A_30TYS_20201119_0_L2A;S2A_30TYS_20201119_1_L2A;S2A_30TYT_20201119_0_L2A;S2A_30TYT_20201119_1_L2A;S2A_31TCM_20201119_0_L2A;S2A_31TCM_20201119_1_L2A;S2A_31TCN_20201119_0_L2A;S2A_31TCN_20201119_1_L2A,1.0,0.0043,0.9957,0.0231,-0.1445,otsu,1.087,0.0221,57957.1,1846.8,0.032,1172.0,1563.6,3317.8,-0.1049,0.1587,0.2637,0.3067,ok,2026-09-03T18:20:26+00:00
brenne,2020-11-21,8,S2B_30TYS_20201121_0_L2A;S2B_30TYS_20201121_1_L2A;S2B_30TYT_20201121_0_L2A;S2B_30TYT_20201121_1_L2A;S2B_31TCM_20201121_0_L2A;S2B_31TCM_20201121_1_L2A;S2B_31TCN_20201121_0_L2A;S2B_31TCN_20201121_1_L2A,1.0,0.0392,0.9608,0.0248,-0.0508,otsu,0.864,0.0221,57957.1,2062.3,0.037,606.5,1997.9,3568.2,-0.1411,0.1772,0.3148,0.4158,ok,2026-09-03T18:20:26+00:00
brenne,2020-11-26,4,S2A_30TYS_20201126_0_L2A;S2A_30TYS_20201126_1_L2A;S2A_31TCM_20201126_0_L2A;S2A_31TCM_20201126_1_L2A,1.0,0.5975,0.4025,0.051,-0.2773,otsu,1.286,0.0472,57957.1,1067.0,0.0457,3632.8,699.5,1527.4,-0.0913,0.1214,0.2232,0.1462,nublado,2026-09-03T18:20:26+00:00
brenne,2020-11-29,8,S2A_30TYS_20201129_0_L2A;S2A_30TYS_20201129_1_L2A;S2A_30TYT_20201129_0_L2A;S2A_30TYT_20201129_1_L2A;S2A_31TCM_20201129_0_L2A;S2A_31TCM_20201129_1_L2A;S2A_31TCN_20201129_0_L2A;S2A_31TCN_20201129_1_L2A,1.0,0.0103,0.9897,0.0299,-0.0664,otsu,1.02,0.0292,57957.1,2164.2,0.0377,836.2,1837.2,3688.5,-0.0964,0.1303,0.219,0.1495,ok,2026-09-03T18:21:49+00:00
brenne,2020-12-01,10,S2B_30TYS_20201201_0_L2A;S2B_30TYT_20201201_0_L2A;S2B_30TYT_20201201_1_L2A;S2B_30TYT_20201201_2_L2A;S2B_31TCM_20201201_0_L2A;S2B_31TCM_20201201_1_L2A;S2B_31TCM_20201201_2_L2A;S2B_31TCN_20201201_0_L2A;S2B_31TCN_20201201_1_L2A;S2B_31TCN_20201201_2_L2A,1.0,0.5775,0.4225,0.0599,-0.1133,otsu,1.196,0.042,57957.1,1229.5,0.0502,2025.4,1120.2,2623.8,-0.1683,0.094,0.1899,0.0798,nublado,2026-09-03T18:21:49+00:00
brenne,2020-12-04,3,S2B_30TYT_20201204_0_L2A;S2B_31TCN_20201204_0_L2A;S2B_31TCN_20201204_1_L2A,0.0375,0.3397,0.0248,0.0383,0.0,fijo,,,57957.1,0.9,0.0006,0.8,0.8,8.5,-0.0312,0.1581,0.1796,0.0,sin_datos,2026-09-03T18:20:26+00:00
brenne,2020-12-29,4,S2A_30TYS_20201229_0_L2A;S2A_30TYS_20201229_1_L2A;S2A_31TCM_20201229_0_L2A;S2A_31TCM_20201229_1_L2A,1.0,0.9832,0.0168,0.1463,0.0039,otsu,1.135,0.1434,57957.1,141.3,0.145,333.0,29.9,38.1,-0.0545,0.0396,0.0638,0.0,nublado,2026-09-03T18:21:49+00:00
brenne,2020-12-31,5,S2B_30TYT_20201231_0_L2A;S2B_30TYT_20201231_1_L2A;S2B_31TCM_20201231_0_L2A;S2B_31TCN_20201231_0_L2A;S2B_31TCN_20201231_1_L2A,1.0,0.6596,0.3404,0.0771,0.082,otsu,1.131,0.0622,57957.1,5495.7,0.2786,1869.8,3958.4,4460.0,-0.1016,0.0104,0.043,0.0153,nublado,2026-09-03T18:21:49+00:00
brenne,2021-01-10,8,S2B_30TYS_20210110_0_L2A;S2B_30TYS_20210110_1_L2A;S2B_30TYT_20210110_0_L2A;S2B_30TYT_20210110_1_L2A;S2B_31TCM_20210110_0_L2A;S2B_31TCM_20210110_1_L2A;S2B_31TCN_20210110_0_L2A;S2B_31TCN_20210110_1_L2A,1.0,0.0027,0.9973,0.0304,-0.0508,otsu,0.689,0.0231,57957.1,3067.4,0.0531,400.5,2914.6,4774.5,-0.0762,0.0982,0.232,0.1506,ok,2026-09-03T18:21:49+00:00
brenne,2021-01-15,4,S2A_30TYT_20210115_0_L2A;S2A_30TYT_20210115_1_L2A;S2A_31TCN_20210115_0_L2A;S2A_31TCN_20210115_1_L2A,0.0375,0.1451,0.0321,0.0704,0.0,fijo,,,57957.1,3.7,0.002,0.0,4.9,12.0,-0.1299,0.1494,0.2,0.0968,sin_datos,2026-09-03T18:21:49+00:00
brenne,2021-01-18,6,S2A_30TYS_20210118_0_L2A;S2A_30TYS_20210118_1_L2A;S2A_31TCM_20210118_0_L2A;S2A_31TCM_20210118_1_L2A;S2A_31TCN_20210118_0_L2A;S2A_31TCN_20210118_1_L2A,1.0,0.035,0.965,0.0253,-0.1523,otsu,0.822,0.0185,57957.1,2893.2,0.0517,486.4,2479.2,4231.8,-0.0658,0.1314,0.2491,0.2124,ok,2026-09-03T18:21:49+00:00
brenne,2021-01-23,2,S2B_30TYS_20210123_0_L2A;S2B_31TCM_20210123_0_L2A,1.0,0.5852,0.4148,0.0439,-0.1289,otsu,1.413,0.0386,57957.1,1538.5,0.064,3069.2,938.6,2361.9,-0.0656,0.1014,0.2129,0.1226,nublado,2026-09-03T18:21:49+00:00
brenne,2021-01-25,8,S2A_30TYS_20210125_0_L2A;S2A_30TYS_20210125_1_L2A;S2A_30TYT_20210125_0_L2A;S2A_30TYT_20210125_1_L2A;S2A_31TCM_20210125_0_L2A;S2A_31TCM_20210125_1_L2A;S2A_31TCN_20210125_0_L2A;S2A_31TCN_20210125_1_L2A,1.0,0.388,0.612,0.0396,0.0,fijo,1.22,0.0307,57957.1,1301.4,0.0367,110.2,1331.0,3227.1,-0.0902,0.1256,0.2541,0.2044,nublado,2026-09-03T18:23:43+00:00
brenne,2021-02-02,1,S2B_30TYT_20210202_0_L2A,0.0,0.0,0.0,,0.0,fijo,,,57957.1,0.0,0.0,0.0,0.0,0.0,,,,,sin_datos,2026-09-03T18:21:49+00:00
brenne,2021-02-07,2,S2A_30TYS_20210207_0_L2A;S2A_30TYS_20210207_1_L2A,0.032,0.9765,0.0008,0.1358,-0.0352,otsu,,,57957.1,2.2,0.0447,23.4,1.3,0.5,-0.0333,0.0563,0.076,0.0,sin_datos,2026-09-03T18:21:49+00:00
brenne,2021-02-17,4,S2A_30TYS_20210217_0_L2A;S2A_30TYS_20210217_1_L2A;S2A_31TCM_20210217_0_L2A;S2A_31TCM_20210217_1_L2A,1.0,0.2266,0.7734,0.0404,-0.2617,otsu,1.027,0.0298,57957.1,1651.5,0.0368,840.8,802.1,1434.0,-0.0092,0.0858,0.1442,0.0183,nublado,2026-09-03T18:21:49+00:00
brenne,2021-02-19,4,S2B_30TYT_20210219_0_L2A;S2B_30TYT_20210219_1_L2A;S2B_31TCN_20210219_0_L2A;S2B_31TCN_20210219_1_L2A,0.0375,1.0,0.0,,0.0,fijo,,,57957.1,0.0,0.0,0.0,0.0,0.0,,,,,sin_datos,2026-09-03T18:21:49+00:00
brenne,2021-02-24,8,S2A_30TYS_20210224_0_L2A;S2A_30TYS_20210224_1_L2A;S2A_30TYT_20210224_0_L2A;S2A_30TYT_20210224_1_L2A;S2A_31TCM_20210224_0_L2A;S2A_31TCM_20210224_1_L2A;S2A_31TCN_20210224_0_L2A;S2A_31TCN_20210224_1_L2A,1.0,0.0022,0.9978,0.0317,-0.3086,otsu,1.264,0.0198,57957.1,2326.2,0.0402,1768.7,784.7,3324.7,-0.0045,0.1045,0.1603,0.0312,espectro_anomalo,2026-09-03T18:23:43+00:00
brenne,2021-02-27,8,S2A_30TYS_20210227_0_L2A;S2A_30TYS_20210227_1_L2A;S2A_30TYT_20210227_0_L2A;S2A_30TYT_20210227_1_L2A;S2A_31TCM_20210227_0_L2A;S2A_31TCM_20210227_1_L2A;S2A_31TCN_20210227_0_L2A;S2A_31TCN_20210227_1_L2A,1.0,0.0028,0.9972,0.0342,-0.1211,otsu,0.75,0.0235,57957.1,3731.6,0.0646,369.9,3167.5,4311.2,-0.0561,0.0962,0.1751,0.0571,ok,2026-09-03T18:23:43+00:00
brenne,2021-03-01,8,S2B_30TYS_20210301_0_L2A;S2B_30TYS_20210301_1_L2A;S2B_30TYT_20210301_0_L2A;S2B_30TYT_20210301_1_L2A;S2B_31TCM_20210301_0_L2A;S2B_31TCM_20210301_1_L2A;S2B_31TCN_20210301_0_L2A;S2B_31TCN_20210301_1_L2A,1.0,0.0007,0.9993,0.0406,-0.1836,otsu,0.831,0.0267,57957.1,3482.8,0.0601,680.4,2497.3,3922.1,-0.0434,0.1003,0.175,0.057,ok,2026-09-03T18:23:43+00:00
brenne,2021-03-04,4,S2B_30TYS_20210304_0_L2A;S2B_30TYS_20210304_1_L2A;S2B_31TCM_20210304_0_L2A;S2B_31TCM_20210304_1_L2A,1.0,0.1223,0.8777,0.0457,-0.168,otsu,0.85,0.0332,57957.1,2532.1,0.0498,512.6,2017.3,3171.8,-0.0664,0.0959,0.1651,0.04,ok,2026-09-03T18:23:43+00:00
brenne,2021-03-06,8,S2A_30TYS_20210306_0_L2A;S2A_30TYS_20210306_1_L2A;S2A_30TYT_20210306_0_L2A;S2A_30TYT_20210306_1_L2A;S2A_31TCM_20210306_0_L2A;S2A_31TCM_20210306_1_L2A;S2A_31TCN_20210306_0_L2A;S2A_31TCN_20210306_1_L2A,1.0,0.0014,0.9986,0.0383,-0.1367,otsu,0.825,0.0235,57957.1,3507.1,0.0606,526.3,2727.0,4078.8,-0.0514,0.1037,0.1795,0.0614,ok,2026-09-03T18:23:43+00:00
brenne,2021-03-09,8,S2A_30TYS_20210309_0_L2A;S2A_30TYS_20210309_1_L2A;S2A_30TYT_20210309_0_L2A;S2A_30TYT_20210309_1_L2A;S2A_31TCM_20210309_0_L2A;S2A_31TCM_20210309_1_L2A;S2A_31TCN_20210309_0_L2A;S2A_31TCN_20210309_1_L2A,1.0,0.0103,0.9897,0.0462,-0.082,otsu,0.78,0.0365,57957.1,3702.8,0.0646,498.9,3013.3,3482.3,-0.0657,0.0693,0.1333,0.0114,ok,2026-09-03T18:23:43+00:00
brenne,2021-03-14,8,S2B_30TYS_20210314_0_L2A;S2B_30TYS_20210314_1_L2A;S2B_30TYT_20210314_0_L2A;S2B_30TYT_20210314_1_L2A;S2B_31TCM_20210314_0_L2A;S2B_31TCM_20210314_1_L2A;S2B_31TCN_20210314_0_L2A;S2B_31TCN_20210314_1_L2A,1.0,0.4835,0.5165,0.0535,-0.207,otsu,1.111,0.0318,57957.1,1450.8,0.0485,2595.8,1169.9,2309.4,-0.087,0.0805,0.1544,0.0355,nublado,2026-09-03T18:23:43+00:00
brenne,2021-03-19,1,S2A_30TYT_20210319_0_L2A,0.0,0.0,0.0,,0.0,fijo,,,57957.1,0.0,0.0,0.0,0.0,0.0,,,,,sin_datos,2026-09-03T18:23:43+00:00
brenne,2021-03-24,8,S2B_30TYS_20210324_0_L2A;S2B_30TYS_20210324_1_L2A;S2B_30TYT_20210324_0_L2A;S2B_30TYT_20210324_1_L2A;S2B_31TCM_20210324_0_L2A;S2B_31TCM_20210324_1_L2A;S2B_31TCN_20210324_0_L2A;S2B_31TCN_20210324_1_L2A,1.0,0.0433,0.9567,0.0355,-0.1289,otsu,0.724,0.0199,57957.1,3060.2,0.0552,402.2,2659.0,3448.6,-0.0631,0.0758,0.1774,0.0663,ok,2026-09-03T18:23:43+00:00
brenne,2021-03-26,1,S2A_30TYS_20210326_0_L2A,0.032,0.6396,0.0116,0.0827,0.0,fijo,0.784,0.0696,57957.1,31.1,0.0463,30.3,31.9,37.9,-0.0618,0.049,0.1002,0.0,sin_datos,2026-09-03T18:23:43+00:00
brenne,2021-03-29,8,S2A_30TYS_20210329_0_L2A;S2A_30TYS_20210329_1_L2A;S2A_30TYT_20210329_0_L2A;S2A_30TYT_20210329_1_L2A;S2A_31TCM_20210329_0_L2A;S2A_31TCM_20210329_1_L2A;S2A_31TCN_20210329_0_L2A;S2A_31TCN_20210329_1_L2A,1.0,0.0137,0.9863,0.0358,-0.2461,otsu,0.99,0.0193,57957.1,2441.6,0.0427,1089.3,1528.0,2409.2,-0.0416,0.0794,0.1544,0.0325,ok,2026-09-03T18:25:54+00:00
brenne,2021-03-31,8,S2B_30TYS_20210331_0_L2A;S2B_30TYS_20210331_1_L2A;S2B_30TYT_20210331_0_L2A;S2B_30TYT_20210331_2_L2A;S2B_31TCM_20210331_0_L2A;S2B_31TCM_20210331_2_L2A;S2B_31TCN_20210331_0_L2A;S2B_31TCN_20210331_2_L2A,1.0,0.0015,0.9985,0.0452,-0.2773,otsu,1.407,0.029,57957.1,1407.8,0.0243,3168.4,560.1,2932.5,-0.0404,0.075,0.1307,0.0165,espectro_anomalo,2026-09-03T18:25:54+00:00
brenne,2021-04-03,8,S2B_30TYS_20210403_0_L2A;S2B_30TYS_20210403_1_L2A;S2B_30TYT_20210403_0_L2A;S2B_30TYT_20210403_1_L2A;S2B_31TCM_20210403_0_L2A;S2B_31TCM_20210403_1_L2A;S2B_31TCN_20210403_0_L2A;S2B_31TCN_20210403_1_L2A,1.0,0.0011,0.9989,0.036,-0.1523,otsu,0.856,0.0265,57957.1,3337.3,0.0576,866.6,2568.7,3665.2,-0.0495,0.0813,0.1654,0.0463,ok,2026-09-03T18:25:54+00:00
brenne,2021-04-05,3,S2A_30TYS_20210405_0_L2A;S2A_30TYS_20210405_1_L2A;S2A_30TYS_20210405_2_L2A,0.032,0.1723,0.0265,0.042,-0.1758,otsu,1.15,0.027,57957.1,55.4,0.0361,30.8,30.6,43.4,-0.0056,0.1044,0.179,0.0765,sin_datos,2026-09-03T18:23:43+00:00
brenne,2021-04-08,8,S2A_30TYS_20210408_0_L2A;S2A_30TYS_20210408_1_L2A;S2A_30TYT_20210408_0_L2A;S2A_30TYT_20210408_1_L2A;S2A_31TCM_20210408_0_L2A;S2A_31TCM_20210408_1_L2A;S2A_31TCN_20210408_0_L2A;S2A_31TCN_20210408_1_L2A,1.0,0.0008,0.9992,0.0296,-0.1523,otsu,0.759,0.0142,57957.1,3285.8,0.0567,447.6,2791.4,3765.0,-0.033,0.0744,0.1818,0.0704,ok,2026-09-03T18:25:54+00:00
brenne,2021-04-13,7,S2B_30TYS_20210413_0_L2A;S2B_30TYS_20210413_1_L2A;S2B_30TYT_20210413_0_L2A;S2B_30TYT_20210413_1_L2A;S2B_31TCM_20210413_0_L2A;S2B_31TCM_20210413_1_L2A;S2B_31TCN_20210413_0_L2A,1.0,0.7237,0.2763,0.0787,0.0,fijo,0.901,0.0584,57957.1,662.8,0.0414,252.0,604.5,947.4,-0.1211,0.0384,0.1051,0.0155,nublado,2026-09-03T18:25:54+00:00
brenne,2021-04-15,8,S2A_30TYS_20210415_0_L2A;S2A_30TYS_20210415_1_L2A;S2A_30TYT_20210415_0_L2A;S2A_30TYT_20210415_1_L2A;S2A_31TCM_20210415_0_L2A;S2A_31TCM_20210415_1_L2A;S2A_31TCN_20210415_0_L2A;S2A_31TCN_20210415_1_L2A,1.0,0.2067,0.7933,0.0494,-0.0742,otsu,0.778,0.0377,57957.1,2558.3,0.0556,982.9,2282.5,2938.9,-0.0789,0.0725,0.1424,0.0303,nublado,2026-09-03T18:25:54+00:00
brenne,2021-04-18,12,S2A_30TYS_20210418_0_L2A;S2A_30TYS_20210418_1_L2A;S2A_30TYS_20210418_2_L2A;S2A_30TYT_20210418_0_L2A;S2A_30TYT_20210418_1_L2A;S2A_30TYT_20210418_2_L2A;S2A_31TCM_20210418_0_L2A;S2A_31TCM_20210418_1_L2A;S2A_31TCM_20210418_2_L2A;S2A_31TCN_20210418_0_L2A;S2A_31TCN_20210418_1_L2A;S2A_31TCN_20210418_2_L2A,1.0,0.4958,0.5042,0.048,-0.0898,otsu,0.756,0.0412,57957.1,1720.8,0.0589,451.6,1503.6,1835.0,-0.0791,0.0695,0.1399,0.0249,nublado,2026-09-03T18:25:54+00:00
brenne,2021-04-23,8,S2B_30TYS_20210423_0_L2A;S2B_30TYS_20210423_1_L2A;S2B_30TYT_20210423_0_L2A;S2B_30TYT_20210423_1_L2A;S2B_31TCM_20210423_0_L2A;S2B_31TCM_20210423_1_L2A;S2B_31TCN_20210423_0_L2A;S2B_31TCN_20210423_1_L2A,1.0,0.0003,0.9997,0.0338,-0.0977,otsu,0.755,0.0251,57957.1,3196.8,0.0552,884.8,2768.8,3478.2,-0.0728,0.0823,0.1861,0.0748,ok,2026-09-03T18:25:54+00:00
brenne,2021-04-25,4,S2A_30TYT_20210425_0_L2A;S2A_30TYT_20210425_1_L2A;S2A_31TCN_20210425_0_L2A;S2A_31TCN_20210425_1_L2A,0.0375,0.0,0.0375,0.0395,-0.1836,otsu,,,57957.1,13.6,0.0062,14.2,13.4,10.3,-0.157,0.1385,0.2305,0.236,sin_datos,2026-09-03T18:25:54+00:00
brenne,2021-04-28,2,S2A_30TYT_20210428_0_L2A;S2A_30TYT_20210428_1_L2A,0.0,0.0,0.0,,0.0,fijo,,,57957.1,0.0,0.0,0.0,0.0,0.0,,,,,sin_datos,2026-09-03T18:25:54+00:00
brenne,2021-05-03,12,S2B_30TYS_20210503_0_L2A;S2B_30TYS_20210503_1_L2A;S2B_30TYS_20210503_2_L2A;S2B_30TYT_20210503_0_L2A;S2B_30TYT_20210503_1_L2A;S2B_30TYT_20210503_2_L2A;S2B_31TCM_20210503_0_L2A;S2B_31TCM_20210503_1_L2A;S2B_31TCM_20210503_2_L2A;S2B_31TCN_20210503_0_L2A;S2B_31TCN_20210503_1_L2A;S2B_31TCN_20210503_2_L2A,1.0,0.4002,0.5998,0.0363,-0.082,otsu,0.769,0.0328,57957.1,1559.6,0.0449,568.0,1430.9,1724.1,-0.0933,0.0724,0.1576,0.0415,nublado,2026-09-03T18:27:24+00:00
brenne,2021-05-05,6,S2A_30TYS_20210505_0_L2A;S2A_30TYS_20210505_1_L2A;S2A_30TYT_20210505_0_L2A;S2A_31TCM_20210505_0_L2A;S2A_31TCM_20210505_1_L2A;S2A_31TCN_20210505_0_L2A,1.0,0.4484,0.5516,0.0534,0.0,fijo,0.902,0.0393,57957.1,1155.2,0.0361,538.0,1089.3,1695.1,-0.0956,0.042,0.1168,0.0133,nublado,2026-09-03T18:25:54+00:00
brenne,2021-05-08,12,S2A_30TYS_20210508_0_L2A;S2A_30TYS_20210508_1_L2A;S2A_30TYS_20210508_2_L2A;S2A_30TYT_20210508_0_L2A;S2A_30TYT_20210508_1_L2A;S2A_30TYT_20210508_2_L2A;S2A_31TCM_20210508_0_L2A;S2A_31TCM_20210508_1_L2A;S2A_31TCM_20210508_2_L2A;S2A_31TCN_20210508_0_L2A;S2A_31TCN_20210508_1_L2A;S2A_31TCN_20210508_2_L2A,1.0,0.1331,0.8669,0.0282,-0.1602,otsu,0.85,0.0261,57957.1,2017.5,0.0402,1329.2,1729.4,2297.1,-0.0642,0.0736,0.1695,0.0561,ok,2026-09-03T18:27:24+00:00
brenne,2021-05-10,2,S2B_31TCM_20210510_0_L2A;S2B_31TCN_20210510_0_L2A,1.0,0.5698,0.4302,0.0473,-0.0664,otsu,0.789,0.0373,57957.1,869.1,0.0349,290.6,918.5,1502.5,-0.0728,0.0092,0.1527,0.0632,nublado,2026-09-03T18:25:54+00:00
brenne,2021-05-13,3,S2B_30TYS_20210513_0_L2A;S2B_30TYS_20210513_1_L2A;S2B_31TCM_20210513_0_L2A,1.0,0.7293,0.2707,0.0608,-0.1992,otsu,1.252,0.0624,57957.1,326.4,0.0208,6469.2,225.7,633.6,-0.0871,0.0516,0.1168,0.0118,nublado,2026-09-03T18:27:24+00:00
brenne,2021-05-20,4,S2B_30TYS_20210520_0_L2A;S2B_30TYS_20210520_1_L2A;S2B_31TCM_20210520_0_L2A;S2B_31TCM_20210520_1_L2A,1.0,0.1429,0.8571,0.0311,-0.1055,otsu,0.382,0.0208,57957.1,2110.6,0.0425,664.0,2239.8,2455.8,-0.046,0.0519,0.2234,0.1238,ok,2026-09-03T18:27:24+00:00
brenne,2021-05-23,3,S2B_30TYS_20210523_0_L2A;S2B_30TYT_20210523_0_L2A;S2B_31TCN_20210523_0_L2A,0.0695,0.7503,0.0175,0.0931,0.0,fijo,,,57957.1,3.0,0.003,91.2,2.4,5.6,-0.0605,0.0499,0.0851,0.0,sin_datos,2026-09-03T18:27:24+00:00
brenne,2021-05-25,4,S2A_30TYS_20210525_0_L2A;S2A_30TYT_20210525_0_L2A;S2A_31TCM_20210525_0_L2A;S2A_31TCN_20210525_0_L2A,1.0,0.578,0.422,0.0586,0.0,fijo,0.888,0.0506,57957.1,784.3,0.0321,663.6,741.7,1266.5,-0.1037,0.0825,0.1919,0.0872,nublado,2026-09-03T18:27:24+00:00
brenne,2021-05-28,8,S2A_30TYS_20210528_0_L2A;S2A_30TYS_20210528_1_L2A;S2A_30TYT_20210528_0_L2A;S2A_30TYT_20210528_1_L2A;S2A_31TCM_20210528_0_L2A;S2A_31TCM_20210528_1_L2A;S2A_31TCN_20210528_0_L2A;S2A_31TCN_20210528_1_L2A,1.0,0.0249,0.9751,0.0281,-0.2227,otsu,1.176,0.0318,57957.1,1855.2,0.0328,2286.4,1192.9,2165.8,-0.0588,0.0904,0.1787,0.0717,espectro_anomalo,2026-09-03T18:27:24+00:00
brenne,2021-05-30,4,S2B_30TYS_20210530_0_L2A;S2B_30TYS_20210530_1_L2A;S2B_31TCM_20210530_0_L2A;S2B_31TCM_20210530_1_L2A,1.0,0.9982,0.0018,0.068,0.0,fijo,,,57957.1,0.7,0.0067,3.0,0.0,0.0,-0.0493,0.0719,0.0879,0.0,nublado,2026-09-03T18:27:24+00:00
brenne,2021-06-07,3,S2A_30TYS_20210607_0_L2A;S2A_30TYT_20210607_0_L2A;S2A_30TYT_20210607_1_L2A,0.032,1.0036,0.0,,0.0,fijo,,,57957.1,0.0,0.0,0.0,0.0,0.0,,,,,sin_datos,2026-09-03T18:27:24+00:00
brenne,2021-06-09,8,S2B_30TYS_20210609_0_L2A;S2B_30TYS_20210609_1_L2A;S2B_30TYT_20210609_0_L2A;S2B_30TYT_20210609_1_L2A;S2B_31TCM_20210609_0_L2A;S2B_31TCM_20210609_1_L2A;S2B_31TCN_20210609_0_L2A;S2B_31TCN_20210609_1_L2A,1.0,0.0623,0.9377,0.0376,-0.0898,otsu,0.618,0.0237,57957.1,2293.1,0.0422,848.0,2177.6,2614.3,-0.0925,0.0909,0.2271,0.14,ok,2026-09-03T18:27:24+00:00
brenne,2021-06-12,8,S2B_30TYS_20210612_0_L2A;S2B_30TYS_20210612_1_L2A;S2B_30TYT_20210612_0_L2A;S2B_30TYT_20210612_1_L2A;S2B_31TCM_20210612_0_L2A;S2B_31TCM_20210612_1_L2A;S2B_31TCN_20210612_0_L2A;S2B_31TCN_20210612_1_L2A,1.0,0.2991,0.7009,0.0497,-0.207,otsu,0.863,0.0417,57957.1,1741.5,0.0429,4567.7,1633.1,2243.3,-0.1151,0.0881,0.182,0.0719,nublado,2026-09-03T18:27:24+00:00
brenne,2021-06-14,8,S2A_30TYS_20210614_0_L2A;S2A_30TYS_20210614_1_L2A;S2A_30TYT_20210614_0_L2A;S2A_30TYT_20210614_1_L2A;S2A_31TCM_20210614_0_L2A;S2A_31TCM_20210614_1_L2A;S2A_31TCN_20210614_0_L2A;S2A_31TCN_20210614_1_L2A,1.0,0.0019,0.9981,0.0234,-0.1367,otsu,0.195,0.0056,57957.1,2061.2,0.0356,480.1,2537.5,2848.8,-0.057,0.1068,0.3502,0.3136,ok,2026-09-03T19:33:13+00:00
brenne,2021-06-24,4,S2A_30TYT_20210624_0_L2A;S2A_30TYT_20210624_1_L2A;S2A_31TCN_20210624_0_L2A;S2A_31TCN_20210624_1_L2A,0.0375,0.9861,0.0005,0.1134,-0.1602,otsu,,,57957.1,0.0,0.0,14.4,0.0,0.0,,,,,sin_datos,2026-09-03T19:33:13+00:00
brenne,2021-07-07,3,S2A_30TYT_20210707_0_L2A;S2A_30TYT_20210707_1_L2A;S2A_31TCN_20210707_0_L2A,0.0375,0.0832,0.0344,0.0397,0.0,fijo,,,57957.1,7.8,0.0039,16.1,6.8,10.6,-0.0918,0.113,0.1994,0.102,sin_datos,2026-09-03T18:27:24+00:00
brenne,2021-07-17,4,S2A_30TYS_20210717_0_L2A;S2A_30TYS_20210717_1_L2A;S2A_30TYT_20210717_0_L2A;S2A_30TYT_20210717_1_L2A,0.032,1.0036,0.0,,0.0,fijo,,,57957.1,0.0,0.0,0.0,0.0,0.0,,,,,sin_datos,2026-09-03T19:33:13+00:00
brenne,2021-07-19,8,S2B_30TYS_20210719_0_L2A;S2B_30TYS_20210719_1_L2A;S2B_30TYT_20210719_0_L2A;S2B_30TYT_20210719_1_L2A;S2B_31TCM_20210719_0_L2A;S2B_31TCM_20210719_1_L2A;S2B_31TCN_20210719_0_L2A;S2B_31TCN_20210719_1_L2A,1.0,0.0003,0.9997,0.0365,-0.1523,otsu,0.994,0.0269,57957.1,1909.2,0.033,2012.9,1487.3,2580.2,-0.095,0.1528,0.2571,0.2457,ok,2026-09-03T19:33:13+00:00
brenne,2021-07-22,8,S2B_30TYS_20210722_0_L2A;S2B_30TYS_20210722_1_L2A;S2B_30TYT_20210722_0_L2A;S2B_30TYT_20210722_1_L2A;S2B_31TCM_20210722_0_L2A;S2B_31TCM_20210722_1_L2A;S2B_31TCN_20210722_0_L2A;S2B_31TCN_20210722_1_L2A,1.0,0.0001,0.9999,0.0366,-0.1289,otsu,0.966,0.0369,57957.1,2248.0,0.0388,1942.7,1777.8,2588.6,-0.0928,0.1341,0.2285,0.1534,ok,2026-09-03T19:33:13+00:00
brenne,2021-07-29,4,S2B_30TYS_20210729_0_L2A;S2B_30TYT_20210729_0_L2A;S2B_31TCM_20210729_0_L2A;S2B_31TCM_20210729_1_L2A,1.0,0.5552,0.4448,0.0665,0.0,fijo,0.937,0.0544,57957.1,843.6,0.0327,633.5,861.3,1506.6,-0.1425,0.1299,0.2414,0.168,nublado,2026-09-03T19:33:13+00:00
brenne,2021-08-01,4,S2B_30TYS_20210801_0_L2A;S2B_30TYT_20210801_0_L2A;S2B_31TCM_20210801_0_L2A;S2B_31TCN_20210801_0_L2A,1.0,0.6933,0.3067,0.0611,-0.1289,otsu,0.76,0.0516,57957.1,973.0,0.0547,3109.9,905.6,1387.8,-0.1309,0.1154,0.2176,0.1211,nublado,2026-09-03T19:33:13+00:00
brenne,2021-08-03,1,S2A_30TYS_20210803_0_L2A,0.032,1.0036,0.0,,0.0,fijo,,,57957.1,0.0,0.0,0.0,0.0,0.0,,,,,sin_datos,2026-09-03T19:33:13+00:00
brenne,2021-08-08,8,S2B_30TYS_20210808_0_L2A;S2B_30TYS_20210808_1_L2A;S2B_30TYT_20210808_0_L2A;S2B_30TYT_20210808_1_L2A;S2B_31TCM_20210808_0_L2A;S2B_31TCM_20210808_1_L2A;S2B_31TCN_20210808_0_L2A;S2B_31TCN_20210808_1_L2A,1.0,0.3013,0.6987,0.0504,-0.0898,otsu,0.925,0.0383,57957.1,1386.5,0.0342,1497.0,1349.0,2194.0,-0.1213,0.1583,0.2915,0.3308,nublado,2026-09-03T19:33:13+00:00
brenne,2021-08-11,8,S2B_30TYS_20210811_0_L2A;S2B_30TYS_20210811_1_L2A;S2B_30TYT_20210811_0_L2A;S2B_30TYT_20210811_1_L2A;S2B_31TCM_20210811_0_L2A;S2B_31TCM_20210811_1_L2A;S2B_31TCN_20210811_0_L2A;S2B_31TCN_20210811_1_L2A,1.0,0.0002,0.9998,0.0289,-0.0664,otsu,0.669,0.0242,57957.1,2574.2,0.0444,1084.0,2445.6,2824.8,-0.1243,0.1787,0.3111,0.4046,ok,2026-09-03T19:33:13+00:00
brenne,2021-08-13,8,S2A_30TYS_20210813_0_L2A;S2A_30TYS_20210813_1_L2A;S2A_30TYT_20210813_0_L2A;S2A_30TYT_20210813_1_L2A;S2A_31TCM_20210813_0_L2A;S2A_31TCM_20210813_1_L2A;S2A_31TCN_20210813_0_L2A;S2A_31TCN_20210813_1_L2A,1.0,0.082,0.918,0.0445,-0.2227,otsu,0.952,0.0357,57957.1,1579.6,0.0297,2315.0,1216.6,1860.6,-0.0963,0.1564,0.2572,0.2578,ok,2026-09-03T19:33:13+00:00
brenne,2021-08-23,4,S2A_30TYS_20210823_0_L2A;S2A_30TYS_20210823_1_L2A;S2A_31TCM_20210823_0_L2A;S2A_31TCM_20210823_1_L2A,1.0,0.5884,0.4116,0.0813,-0.1445,otsu,0.809,0.0672,57957.1,1404.0,0.0589,4434.8,1287.6,1825.2,-0.1392,0.0822,0.174,0.0532,nublado,2026-09-03T19:33:13+00:00
brenne,2021-08-26,8,S2A_30TYS_20210826_0_L2A;S2A_30TYS_20210826_1_L2A;S2A_30TYT_20210826_0_L2A;S2A_30TYT_20210826_1_L2A;S2A_31TCM_20210826_0_L2A;S2A_31TCM_20210826_1_L2A;S2A_31TCN_20210826_0_L2A;S2A_31TCN_20210826_1_L2A,1.0,0.0207,0.9793,0.0299,-0.0977,otsu,0.838,0.0277,57957.1,2393.5,0.0422,1261.4,2244.3,2579.4,-0.113,0.185,0.3217,0.4019,ok,2026-09-03T19:37:49+00:00
brenne,2021-08-28,4,S2B_30TYS_20210828_0_L2A;S2B_30TYS_20210828_1_L2A;S2B_31TCM_20210828_0_L2A;S2B_31TCM_20210828_1_L2A,1.0,0.5129,0.4871,0.0701,0.0,fijo,0.993,0.0569,57957.1,1150.6,0.0408,608.6,1124.0,1953.7,-0.146,0.124,0.2565,0.19,nublado,2026-09-03T19:37:49+00:00
brenne,2021-09-02,8,S2A_30TYS_20210902_0_L2A;S2A_30TYS_20210902_1_L2A;S2A_30TYT_20210902_0_L2A;S2A_30TYT_20210902_1_L2A;S2A_31TCM_20210902_0_L2A;S2A_31TCM_20210902_1_L2A;S2A_31TCN_20210902_0_L2A;S2A_31TCN_20210902_1_L2A,1.0,0.0004,0.9996,0.0332,-0.1133,otsu,0.826,0.0262,57957.1,2554.0,0.0441,1140.8,2381.2,2887.9,-0.1151,0.2036,0.3455,0.4807,ok,2026-09-03T20:34:43+00:00
brenne,2021-09-05,8,S2A_30TYS_20210905_0_L2A;S2A_30TYS_20210905_1_L2A;S2A_30TYT_20210905_0_L2A;S2A_30TYT_20210905_1_L2A;S2A_31TCM_20210905_0_L2A;S2A_31TCM_20210905_1_L2A;S2A_31TCN_20210905_0_L2A;S2A_31TCN_20210905_1_L2A,1.0,0.0792,0.9208,0.0353,-0.1133,otsu,0.773,0.0276,57957.1,2003.6,0.0375,842.7,1897.0,2406.0,-0.131,0.1942,0.3333,0.4499,ok,2026-09-03T19:37:49+00:00
brenne,2021-09-07,9,S2B_30TYS_20210907_0_L2A;S2B_30TYS_20210907_1_L2A;S2B_30TYT_20210907_0_L2A;S2B_30TYT_20210907_1_L2A;S2B_31TCM_20210907_0_L2A;S2B_31TCM_20210907_1_L2A;S2B_31TCN_20210907_0_L2A;S2B_31TCN_20210907_1_L2A;S2B_31TCN_20210907_2_L2A,1.0,0.0279,0.9721,0.0366,-0.1133,otsu,0.833,0.0282,57957.1,2258.0,0.0401,1133.7,2069.0,2691.8,-0.1179,0.1966,0.3358,0.4605,ok,2026-09-03T19:37:49+00:00
brenne,2021-09-10,4,S2B_30TYS_20210910_0_L2A;S2B_30TYT_20210910_0_L2A;S2B_31TCM_20210910_0_L2A;S2B_31TCN_20210910_0_L2A,1.0,0.5444,0.4556,0.0532,-0.0664,otsu,0.826,0.0439,57957.1,1312.7,0.0497,1657.9,1224.6,1929.6,-0.1499,0.1762,0.3127,0.4392,nublado,2026-09-03T19:37:49+00:00
brenne,2021-09-12,7,S2A_30TYS_20210912_0_L2A;S2A_30TYS_20210912_1_L2A;S2A_30TYT_20210912_0_L2A;S2A_31TCM_20210912_0_L2A;S2A_31TCM_20210912_1_L2A;S2A_31TCM_20210912_2_L2A;S2A_31TCN_20210912_0_L2A,1.0,0.2298,0.7702,0.0353,-0.1055,otsu,0.896,0.0248,57957.1,1657.6,0.0371,710.1,1565.0,2323.8,-0.1285,0.206,0.342,0.5197,nublado,2026-09-03T19:37:49+00:00
brenne,2021-09-17,3,S2B_30TYT_20210917_0_L2A;S2B_31TCN_20210917_0_L2A;S2B_31TCN_20210917_1_L2A,0.0375,0.9738,0.001,0.1539,-0.168,otsu,,,57957.1,0.5,0.0091,28.6,0.0,0.0,-0.0418,0.0445,0.0683,0.0,sin_datos,2026-09-03T19:37:49+00:00
brenne,2021-09-22,8,S2A_30TYS_20210922_0_L2A;S2A_30TYS_20210922_1_L2A;S2A_30TYT_20210922_0_L2A;S2A_30TYT_20210922_1_L2A;S2A_31TCM_20210922_0_L2A;S2A_31TCM_20210922_1_L2A;S2A_31TCN_20210922_0_L2A;S2A_31TCN_20210922_1_L2A,1.0,0.0004,0.9996,0.0275,-0.0898,otsu,0.797,0.0208,57957.1,2490.8,0.043,1100.1,2502.2,3167.8,-0.1474,0.2181,0.3613,0.5606,ok,2026-09-03T19:37:49+00:00
brenne,2021-09-30,8,S2B_30TYS_20210930_0_L2A;S2B_30TYS_20210930_1_L2A;S2B_30TYT_20210930_0_L2A;S2B_30TYT_20210930_1_L2A;S2B_31TCM_20210930_0_L2A;S2B_31TCM_20210930_1_L2A;S2B_31TCN_20210930_0_L2A;S2B_31TCN_20210930_1_L2A,1.0,0.0005,0.9995,0.0251,-0.0898,otsu,0.762,0.0202,57957.1,2545.4,0.0439,1037.9,2516.0,3201.3,-0.1398,0.2046,0.3516,0.518,ok,2026-09-03T19:37:49+00:00
brenne,2021-10-05,8,S2A_30TYS_20211005_0_L2A;S2A_30TYS_20211005_1_L2A;S2A_30TYT_20211005_0_L2A;S2A_30TYT_20211005_1_L2A;S2A_31TCM_20211005_0_L2A;S2A_31TCM_20211005_1_L2A;S2A_31TCN_20211005_0_L2A;S2A_31TCN_20211005_1_L2A,1.0,0.4874,0.5126,0.0383,-0.0898,otsu,1.021,0.0251,57957.1,1625.1,0.0547,1923.5,1602.9,2682.5,-0.1576,0.1561,0.2837,0.3375,nublado,2026-09-03T19:37:49+00:00
brenne,2021-10-07,2,S2B_30TYS_20211007_0_L2A;S2B_30TYS_20211007_1_L2A,0.032,0.997,0.0001,0.0575,0.0,fijo,,,57957.1,0.0,0.0073,0.0,0.0,0.0,,,,,sin_datos,2026-09-03T19:37:49+00:00
brenne,2021-10-10,4,S2B_30TYS_20211010_0_L2A;S2B_30TYS_20211010_1_L2A;S2B_31TCM_20211010_0_L2A;S2B_31TCM_20211010_1_L2A,1.0,0.3355,0.6645,0.0423,-0.1289,otsu,0.915,0.0391,57957.1,743.8,0.0193,880.2,667.3,927.0,-0.1321,0.1542,0.3077,0.2663,nublado,2026-09-03T19:37:49+00:00
brenne,2021-10-12,8,S2A_30TYS_20211012_0_L2A;S2A_30TYS_20211012_1_L2A;S2A_30TYT_20211012_0_L2A;S2A_30TYT_20211012_1_L2A;S2A_31TCM_20211012_0_L2A;S2A_31TCM_20211012_1_L2A;S2A_31TCN_20211012_0_L2A;S2A_31TCN_20211012_1_L2A,1.0,0.4804,0.5196,0.0647,0.0,fijo,0.951,0.0538,57957.1,1014.2,0.0337,312.6,904.1,1562.1,-0.1237,0.1357,0.249,0.1776,nublado,2026-09-03T19:39:06+00:00
brenne,2021-10-15,9,S2A_30TYS_20211015_0_L2A;S2A_30TYS_20211015_1_L2A;S2A_30TYT_20211015_0_L2A;S2A_30TYT_20211015_1_L2A;S2A_31TCM_20211015_0_L2A;S2A_31TCM_20211015_1_L2A;S2A_31TCM_20211015_2_L2A;S2A_31TCN_20211015_0_L2A;S2A_31TCN_20211015_1_L2A,1.0,0.0006,0.9994,0.025,-0.0898,otsu,0.755,0.0201,57957.1,2558.3,0.0442,896.1,2393.8,3268.2,-0.1158,0.1633,0.2956,0.3442,ok,2026-09-03T19:39:06+00:00
brenne,2021-10-17,4,S2B_30TYS_20211017_0_L2A;S2B_30TYS_20211017_1_L2A;S2B_31TCM_20211017_0_L2A;S2B_31TCM_20211017_1_L2A,1.0,0.8083,0.1917,0.0406,-0.1367,otsu,0.983,0.0414,57957.1,226.4,0.0204,165.2,189.8,292.9,-0.1002,0.1291,0.273,0.1952,nublado,2026-09-03T19:39:06+00:00
brenne,2021-10-20,1,S2B_30TYT_20211020_0_L2A,0.0,0.0,0.0,,0.0,fijo,,,57957.1,0.0,0.0,0.0,0.0,0.0,,,,,sin_datos,2026-09-03T19:39:06+00:00
brenne,2021-10-22,8,S2A_30TYS_20211022_0_L2A;S2A_30TYS_20211022_1_L2A;S2A_30TYT_20211022_0_L2A;S2A_30TYT_20211022_1_L2A;S2A_31TCM_20211022_0_L2A;S2A_31TCM_20211022_1_L2A;S2A_31TCN_20211022_0_L2A;S2A_31TCN_20211022_1_L2A,1.0,0.0006,0.9994,0.0207,-0.0898,otsu,0.737,0.0149,57957.1,2460.6,0.0425,663.0,2372.9,3436.9,-0.1209,0.2066,0.3473,0.5219,ok,2026-09-03T19:39:06+00:00
brenne,2021-10-27,6,S2B_30TYS_20211027_0_L2A;S2B_30TYS_20211027_1_L2A;S2B_30TYT_20211027_0_L2A;S2B_30TYT_20211027_1_L2A;S2B_31TCN_20211027_0_L2A;S2B_31TCN_20211027_1_L2A,0.0695,0.5597,0.0306,0.0306,-0.1758,otsu,0.843,0.0191,57957.1,44.4,0.025,32.2,39.4,50.2,-0.0968,0.1767,0.2549,0.5041,sin_datos,2026-09-03T19:39:06+00:00
brenne,2021-11-01,4,S2A_30TYS_20211101_0_L2A;S2A_30TYS_20211101_1_L2A;S2A_31TCM_20211101_0_L2A;S2A_31TCM_20211101_1_L2A,1.0,0.6359,0.3641,0.0349,0.0,fijo,1.145,0.021,57957.1,462.9,0.0219,106.5,447.0,846.6,-0.089,0.1868,0.3233,0.4313,nublado,2026-09-03T19:39:06+00:00
brenne,2021-11-04,2,S2A_30TYS_20211104_0_L2A;S2A_30TYT_20211104_0_L2A,0.032,1.0036,0.0,,0.0,fijo,,,57957.1,0.0,0.0,0.0,0.0,0.0,,,,,sin_datos,2026-09-03T19:39:06+00:00
brenne,2021-11-06,8,S2B_30TYS_20211106_0_L2A;S2B_30TYS_20211106_1_L2A;S2B_30TYT_20211106_0_L2A;S2B_30TYT_20211106_1_L2A;S2B_31TCM_20211106_0_L2A;S2B_31TCM_20211106_1_L2A;S2B_31TCN_20211106_0_L2A;S2B_31TCN_20211106_1_L2A,1.0,0.3995,0.6005,0.0434,0.0117,otsu,0.697,0.0386,57957.1,1678.0,0.0482,305.5,1677.3,2594.6,-0.166,0.1354,0.2529,0.2406,nublado,2026-09-03T19:39:06+00:00
brenne,2021-11-09,8,S2B_30TYS_20211109_0_L2A;S2B_30TYS_20211109_1_L2A;S2B_30TYT_20211109_0_L2A;S2B_30TYT_20211109_1_L2A;S2B_31TCM_20211109_0_L2A;S2B_31TCM_20211109_1_L2A;S2B_31TCN_20211109_0_L2A;S2B_31TCN_20211109_1_L2A,1.0,0.0315,0.9685,0.0259,-0.1289,otsu,0.858,0.0204,57957.1,2048.2,0.0365,757.9,1862.1,3116.8,-0.1162,0.1618,0.2913,0.356,ok,2026-09-03T19:39:06+00:00
brenne,2021-11-11,4,S2A_30TYT_20211111_0_L2A;S2A_30TYT_20211111_1_L2A;S2A_31TCN_20211111_0_L2A;S2A_31TCN_20211111_1_L2A,0.0375,0.1369,0.0324,0.0096,0.0,fijo,,,57957.1,0.2,0.0001,0.1,0.0,10.5,0.0951,0.1249,0.148,0.0,sin_datos,2026-09-03T19:39:06+00:00
brenne,2021-11-19,8,S2B_30TYS_20211119_0_L2A;S2B_30TYS_20211119_1_L2A;S2B_30TYT_20211119_0_L2A;S2B_30TYT_20211119_1_L2A;S2B_31TCM_20211119_0_L2A;S2B_31TCM_20211119_1_L2A;S2B_31TCN_20211119_0_L2A;S2B_31TCN_20211119_1_L2A,1.0,0.0042,0.9958,0.0246,-0.0508,otsu,0.73,0.0195,57957.1,2414.3,0.0418,467.4,2400.8,3973.7,-0.1408,0.152,0.3034,0.3486,ok,2026-09-03T19:43:50+00:00
brenne,2021-11-24,4,S2A_30TYT_20211124_0_L2A;S2A_30TYT_20211124_1_L2A;S2A_31TCN_20211124_0_L2A;S2A_31TCN_20211124_1_L2A,0.0375,0.5459,0.017,0.0864,0.0,fijo,,,57957.1,0.0,0.0,0.0,0.0,6.0,,,,,sin_datos,2026-09-03T19:43:50+00:00
brenne,2021-11-29,7,S2B_30TYS_20211129_0_L2A;S2B_30TYT_20211129_0_L2A;S2B_30TYT_20211129_1_L2A;S2B_31TCM_20211129_0_L2A;S2B_31TCM_20211129_1_L2A;S2B_31TCN_20211129_0_L2A;S2B_31TCN_20211129_1_L2A,1.0,0.0012,0.9988,0.0237,-0.1133,otsu,0.832,0.0188,57957.1,2399.3,0.0414,474.4,2321.9,4145.4,-0.1212,0.1455,0.2922,0.2943,ok,2026-09-03T19:43:50+00:00
brenne,2021-12-01,1,S2A_30TYS_20211201_0_L2A,0.032,0.9994,0.0001,0.1271,0.0,fijo,,,57957.1,2.4,0.3228,4.5,0.7,0.7,-0.0582,0.0331,0.0553,0.0,sin_datos,2026-09-03T19:39:06+00:00
brenne,2021-12-09,6,S2B_30TYT_20211209_0_L2A;S2B_30TYT_20211209_1_L2A;S2B_31TCM_20211209_0_L2A;S2B_31TCM_20211209_1_L2A;S2B_31TCN_20211209_0_L2A;S2B_31TCN_20211209_1_L2A,1.0,0.1832,0.8168,0.0177,0.0,fijo,1.886,0.0096,57957.1,788.5,0.0167,98.3,1077.8,3425.6,-0.0788,0.1784,0.4,0.3746,espectro_anomalo,2026-09-03T19:43:50+00:00
brenne,2021-12-14,2,S2A_30TYS_20211214_1_L2A;S2A_31TCM_20211214_1_L2A,1.0,0.9957,0.0043,0.1972,-0.0195,otsu,1.12,0.2025,57957.1,137.3,0.5552,12.2,1.2,2480.7,-0.0164,0.0375,0.0509,0.0,nublado,2026-09-03T19:43:50+00:00
brenne,2021-12-16,4,S2B_30TYT_20211216_0_L2A;S2B_30TYT_20211216_1_L2A;S2B_31TCN_20211216_0_L2A;S2B_31TCN_20211216_1_L2A,0.0375,1.0,0.0,,0.0,fijo,,,57957.1,0.0,0.0,0.0,0.0,0.0,,,,,sin_datos,2026-09-03T19:43:50+00:00
brenne,2021-12-21,4,S2A_30TYT_20211221_0_L2A;S2A_31TCM_20211221_0_L2A;S2A_31TCN_20211221_0_L2A;S2A_31TCN_20211221_1_L2A,1.0,0.8978,0.1022,0.1411,-0.0508,otsu,1.035,0.1244,57957.1,1626.2,0.2745,892.3,444.6,428.0,-0.0649,0.0215,0.0413,0.0,nublado,2026-09-03T19:43:50+00:00
brenne,2021-12-31,8,S2A_30TYS_20211231_0_L2A;S2A_30TYS_20211231_1_L2A;S2A_30TYT_20211231_0_L2A;S2A_30TYT_20211231_1_L2A;S2A_31TCM_20211231_0_L2A;S2A_31TCM_20211231_1_L2A;S2A_31TCN_20211231_0_L2A;S2A_31TCN_20211231_1_L2A,1.0,0.0053,0.9947,0.0148,-0.0898,otsu,0.749,0.0081,57957.1,2664.4,0.0462,294.5,2849.7,4816.6,-0.1319,0.1957,0.3846,0.4489,ok,2026-09-03T19:43:50+00:00
brenne,2022-01-05,4,S2B_30TYS_20220105_0_L2A;S2B_30TYT_20220105_0_L2A;S2B_31TCM_20220105_0_L2A;S2B_31TCN_20220105_0_L2A,1.0,0.0073,0.9927,0.0245,-0.207,otsu,1.138,0.0181,57957.1,2433.0,0.0423,669.2,1791.9,4584.2,-0.0278,0.1605,0.2853,0.3131,espectro_anomalo,2026-09-03T19:43:50+00:00
brenne,2022-01-13,8,S2A_30TYS_20220113_0_L2A;S2A_30TYS_20220113_1_L2A;S2A_30TYT_20220113_0_L2A;S2A_30TYT_20220113_1_L2A;S2A_31TCM_20220113_0_L2A;S2A_31TCM_20220113_1_L2A;S2A_31TCN_20220113_0_L2A;S2A_31TCN_20220113_1_L2A,1.0,0.0133,0.9867,0.037,-0.0508,otsu,0.465,0.0261,57957.1,3246.9,0.0568,767.4,2927.9,1661.9,-0.107,0.0957,0.1988,0.0977,ok,2026-09-03T19:43:50+00:00
brenne,2022-01-15,2,S2B_30TYS_20220115_0_L2A;S2B_31TCM_20220115_0_L2A,1.0,0.9681,0.0319,0.1009,0.0,fijo,1.123,0.0707,57957.1,89.0,0.0482,106.8,61.0,80.2,-0.0694,0.027,0.0686,0.0,nublado,2026-09-03T19:43:50+00:00
brenne,2022-01-18,2,S2B_30TYS_20220118_0_L2A;S2B_31TCM_20220118_0_L2A,1.0,0.9975,0.0025,0.1621,0.0,fijo,1.021,0.1686,57957.1,38.4,0.2677,47.9,17.2,17.3,-0.0917,0.0323,0.0566,0.0,nublado,2026-09-03T19:43:50+00:00
brenne,2022-01-20,2,S2A_30TYT_20220120_0_L2A;S2A_31TCN_20220120_0_L2A,0.0375,0.172,0.0311,0.0295,0.0,fijo,1.236,0.0131,57957.1,1.4,0.0008,0.0,5.4,21.6,-0.082,0.1443,0.2171,0.1667,sin_datos,2026-09-03T20:34:43+00:00
brenne,2022-01-25,2,S2B_30TYS_20220125_0_L2A;S2B_31TCM_20220125_0_L2A,1.0,0.998,0.002,0.2022,-0.0742,otsu,1.187,0.2065,57957.1,33.7,0.285,18.0,1.4,757.1,-0.0153,0.0271,0.0404,0.0,nublado,2026-09-03T20:34:43+00:00
brenne,2022-02-07,4,S2B_30TYS_20220207_0_L2A;S2B_30TYT_20220207_0_L2A;S2B_31TCM_20220207_0_L2A;S2B_31TCN_20220207_0_L2A,1.0,0.4201,0.5799,0.0382,-0.1367,otsu,0.863,0.0265,57957.1,1562.2,0.0465,366.8,1506.1,2762.5,-0.1336,0.1308,0.2575,0.2291,nublado,2026-09-03T20:34:43+00:00
brenne,2022-02-09,4,S2A_30TYS_20220209_0_L2A;S2A_30TYT_20220209_0_L2A;S2A_31TCM_20220209_0_L2A;S2A_31TCN_20220209_0_L2A,1.0,0.0001,0.9999,0.0255,-0.1055,otsu,0.581,0.0123,57957.1,2874.8,0.0496,275.3,3014.0,4425.7,-0.1263,0.1295,0.2814,0.2584,ok,2026-09-03T20:34:43+00:00
brenne,2022-02-12,3,S2A_30TYS_20220212_0_L2A;S2A_30TYT_20220212_0_L2A;S2A_31TCN_20220212_0_L2A,0.0695,1.0017,0.0,,0.0,fijo,,,57957.1,0.0,0.0,0.0,0.0,0.0,,,,,sin_datos,2026-09-03T20:34:43+00:00
brenne,2022-02-14,3,S2B_30TYS_20220214_0_L2A;S2B_30TYT_20220214_0_L2A;S2B_31TCN_20220214_0_L2A,0.0695,0.6834,0.022,0.0528,0.0,fijo,0.822,0.0344,57957.1,19.1,0.0149,0.6,22.2,32.2,-0.1356,0.1296,0.3032,0.2453,sin_datos,2026-09-03T20:34:43+00:00
brenne,2022-02-17,2,S2B_30TYT_20220217_0_L2A;S2B_31TCN_20220217_0_L2A,0.0375,0.72,0.0105,0.0518,-0.3008,otsu,1.108,0.1419,57957.1,27.5,0.0452,202.0,2.9,7.2,-0.0511,0.0608,0.0935,0.0015,sin_datos,2026-09-03T20:34:43+00:00
brenne,2022-02-19,4,S2A_30TYS_20220219_0_L2A;S2A_30TYT_20220219_0_L2A;S2A_31TCM_20220219_0_L2A;S2A_31TCN_20220219_0_L2A,1.0,0.3141,0.6859,0.0363,-0.1914,otsu,0.896,0.0229,57957.1,1658.6,0.0417,462.2,1444.7,2521.7,-0.0918,0.1295,0.2397,0.2084,nublado,2026-09-03T20:34:43+00:00
brenne,2022-02-27,4,S2B_30TYS_20220227_0_L2A;S2B_30TYT_20220227_0_L2A;S2B_31TCM_20220227_0_L2A;S2B_31TCN_20220227_0_L2A,1.0,0.003,0.997,0.0317,-0.1055,otsu,0.627,0.0181,57957.1,3080.9,0.0533,324.0,2990.5,4067.0,-0.1087,0.1123,0.2462,0.1889,ok,2026-09-03T20:34:43+00:00
brenne,2022-03-06,4,S2B_30TYS_20220306_0_L2A;S2B_30TYT_20220306_0_L2A;S2B_31TCM_20220306_0_L2A;S2B_31TCN_20220306_0_L2A,1.0,0.003,0.997,0.0528,-0.0117,otsu,0.787,0.0443,57957.1,3292.5,0.057,575.8,2950.3,4153.8,-0.1071,0.0861,0.1667,0.0445,ok,2026-09-03T20:35:55+00:00
brenne,2022-03-09,4,S2B_30TYS_20220309_0_L2A;S2B_30TYT_20220309_0_L2A;S2B_31TCM_20220309_0_L2A;S2B_31TCN_20220309_0_L2A,1.0,0.1608,0.8392,0.0428,-0.0977,otsu,0.698,0.0269,57957.1,2318.6,0.0477,319.8,2223.8,3111.1,-0.1102,0.1127,0.219,0.1434,ok,2026-09-03T20:34:43+00:00
brenne,2022-03-14,2,S2A_30TYT_20220314_0_L2A;S2A_31TCN_20220314_0_L2A,0.0375,0.3206,0.0255,0.0153,0.0,fijo,,,57957.1,2.2,0.0015,1.6,1.0,18.0,-0.0116,0.1274,0.1762,0.0,sin_datos,2026-09-03T20:34:43+00:00
brenne,2022-03-21,8,S2A_30TYS_20220321_0_L2A;S2A_30TYS_20220321_1_L2A;S2A_30TYT_20220321_0_L2A;S2A_30TYT_20220321_1_L2A;S2A_31TCM_20220321_0_L2A;S2A_31TCM_20220321_1_L2A;S2A_31TCN_20220321_0_L2A;S2A_31TCN_20220321_1_L2A,1.0,0.5249,0.4751,0.0001,0.0,fijo,9.712,0.0001,57957.1,16.8,0.0006,93.5,20.0,1703.4,-0.6239,0.5483,0.9925,0.5796,nublado,2026-09-03T20:35:55+00:00
brenne,2022-03-24,4,S2A_30TYS_20220324_0_L2A;S2A_30TYT_20220324_0_L2A;S2A_31TCM_20220324_0_L2A;S2A_31TCN_20220324_0_L2A,1.0,0.0005,0.9995,0.041,-0.1523,otsu,0.864,0.0299,57957.1,3089.2,0.0533,781.9,2402.7,3080.4,-0.0779,0.0865,0.1644,0.0404,ok,2026-09-03T20:35:55+00:00
brenne,2022-03-26,4,S2B_30TYS_20220326_0_L2A;S2B_30TYT_20220326_0_L2A;S2B_31TCM_20220326_0_L2A;S2B_31TCN_20220326_0_L2A,1.0,0.0009,0.9991,0.0519,-0.0664,otsu,0.706,0.0383,57957.1,3269.0,0.0565,482.4,2969.6,3596.6,-0.0984,0.078,0.1637,0.0448,ok,2026-09-03T20:35:55+00:00
brenne,2022-04-10,4,S2A_30TYS_20220410_0_L2A;S2A_30TYT_20220410_0_L2A;S2A_31TCM_20220410_0_L2A;S2A_31TCN_20220410_0_L2A,1.0,0.065,0.935,0.0422,-0.2227,otsu,1.023,0.0307,57957.1,2472.6,0.0456,1529.0,1682.0,2802.1,-0.073,0.089,0.1796,0.0689,ok,2026-09-03T20:35:55+00:00
brenne,2022-04-15,4,S2B_30TYS_20220415_0_L2A;S2B_30TYT_20220415_0_L2A;S2B_31TCM_20220415_0_L2A;S2B_31TCN_20220415_0_L2A,1.0,0.3954,0.6046,0.0468,-0.1055,otsu,0.652,0.0343,57957.1,1454.0,0.0415,303.5,1360.2,1746.2,-0.1064,0.0899,0.2134,0.1253,nublado,2026-09-03T20:35:55+00:00
brenne,2022-04-20,1,S2A_31TCM_20220420_0_L2A,0.0071,0.2257,0.0055,0.0001,0.0,fijo,,,57957.1,0.0,0.0,0.3,0.0,2.0,,,,,sin_datos,2026-09-03T20:35:55+00:00
brenne,2022-04-30,4,S2A_30TYS_20220430_0_L2A;S2A_30TYT_20220430_0_L2A;S2A_31TCM_20220430_0_L2A;S2A_31TCN_20220430_0_L2A,1.0,0.0405,0.9595,0.0485,-0.0664,otsu,1.1,0.0469,57957.1,1550.6,0.0279,2271.3,1239.9,2483.3,-0.1098,0.1049,0.1786,0.0726,ok,2026-09-03T20:35:55+00:00
brenne,2022-05-03,4,S2A_30TYS_20220503_0_L2A;S2A_30TYT_20220503_0_L2A;S2A_31TCM_20220503_0_L2A;S2A_31TCN_20220503_0_L2A,1.0,0.014,0.986,0.0393,-0.0898,otsu,0.988,0.0461,57957.1,2281.7,0.0399,1773.9,1785.0,2511.6,-0.0941,0.1044,0.1798,0.0499,ok,2026-09-03T20:35:55+00:00
brenne,2022-05-05,4,S2B_30TYS_20220505_0_L2A;S2B_30TYT_20220505_0_L2A;S2B_31TCM_20220505_0_L2A;S2B_31TCN_20220505_0_L2A,1.0,0.5613,0.4387,0.0575,-0.0039,otsu,0.818,0.0549,57957.1,1057.1,0.0416,375.3,997.2,1436.0,-0.1254,0.0782,0.1742,0.047,nublado,2026-09-03T20:35:55+00:00
brenne,2022-05-08,4,S2B_30TYS_20220508_0_L2A;S2B_30TYT_20220508_0_L2A;S2B_31TCM_20220508_0_L2A;S2B_31TCN_20220508_0_L2A,1.0,0.0844,0.9156,0.0337,-0.1211,otsu,0.915,0.0367,57957.1,2215.1,0.0417,1265.3,1838.5,2469.9,-0.0838,0.1076,0.2003,0.1003,ok,2026-09-03T20:35:55+00:00
brenne,2022-05-10,4,S2A_30TYS_20220510_0_L2A;S2A_30TYT_20220510_0_L2A;S2A_31TCM_20220510_0_L2A;S2A_31TCN_20220510_0_L2A,1.0,0.0573,0.9427,0.0327,-0.1445,otsu,0.865,0.0245,57957.1,2149.2,0.0393,1175.4,1789.6,2297.4,-0.0807,0.1088,0.2108,0.123,ok,2026-09-03T20:35:55+00:00
brenne,2022-05-13,3,S2A_30TYT_20220513_0_L2A;S2A_31TCM_20220513_0_L2A;S2A_31TCN_20220513_0_L2A,1.0,0.721,0.279,0.0454,-0.1758,otsu,1.028,0.0417,57957.1,757.0,0.0468,733.7,685.6,1305.8,-0.0872,0.0911,0.1951,0.0919,nublado,2026-09-03T20:36:45+00:00
brenne,2022-05-15,3,S2B_30TYT_20220515_0_L2A;S2B_31TCM_20220515_0_L2A;S2B_31TCN_20220515_0_L2A,1.0,0.1606,0.8394,0.0001,0.0,fijo,1.0,0.0001,57957.1,117.0,0.0024,84.6,123.4,2020.9,-0.5475,0.3121,0.9931,0.4292,espectro_anomalo,2026-09-03T20:36:45+00:00
brenne,2022-05-18,1,S2B_31TCN_20220518_0_L2A,0.0375,0.6608,0.0127,0.0001,0.0,fijo,,,57957.1,0.0,0.0,0.0,0.0,0.0,,,,,sin_datos,2026-09-03T20:36:45+00:00
brenne,2022-05-25,2,S2B_30TYS_20220525_0_L2A;S2B_30TYT_20220525_0_L2A,0.032,0.25,0.024,0.0639,-0.0742,otsu,0.939,0.0512,57957.1,27.0,0.0194,20.2,23.2,34.2,-0.1026,0.1088,0.1795,0.0118,sin_datos,2026-09-03T20:36:45+00:00
brenne,2022-05-28,4,S2B_30TYS_20220528_0_L2A;S2B_30TYT_20220528_0_L2A;S2B_31TCM_20220528_0_L2A;S2B_31TCN_20220528_0_L2A,1.0,0.0011,0.9989,0.0311,-0.1836,otsu,0.888,0.038,57957.1,2410.0,0.0416,1634.3,2065.1,2430.8,-0.0601,0.1052,0.2114,0.1225,ok,2026-09-03T20:36:45+00:00
brenne,2022-05-30,4,S2A_30TYS_20220530_0_L2A;S2A_30TYT_20220530_0_L2A;S2A_31TCM_20220530_0_L2A;S2A_31TCN_20220530_0_L2A,1.0,0.3773,0.6227,0.0361,-0.1289,otsu,0.731,0.0254,57957.1,1427.9,0.0396,591.8,1355.5,1693.8,-0.0743,0.1165,0.2598,0.1905,nublado,2026-09-03T20:36:45+00:00
brenne,2022-06-02,4,S2A_30TYS_20220602_1_L2A;S2A_30TYT_20220602_0_L2A;S2A_31TCM_20220602_0_L2A;S2A_31TCN_20220602_0_L2A,1.0,0.0445,0.9555,0.0223,-0.1445,otsu,0.503,0.0173,57957.1,2447.3,0.0442,829.2,2365.5,2484.4,-0.0684,0.1341,0.31,0.274,ok,2026-09-03T20:36:45+00:00
brenne,2022-06-04,4,S2B_30TYS_20220604_0_L2A;S2B_30TYT_20220604_0_L2A;S2B_31TCM_20220604_0_L2A;S2B_31TCN_20220604_0_L2A,1.0,0.2366,0.7634,0.0464,-0.0664,otsu,0.567,0.0353,57957.1,1874.9,0.0424,559.9,1841.4,2050.2,-0.1112,0.1144,0.2474,0.1923,nublado,2026-09-03T20:36:45+00:00
brenne,2022-06-12,3,S2A_30TYS_20220612_0_L2A;S2A_30TYT_20220612_0_L2A;S2A_31TCN_20220612_0_L2A,0.0695,0.9211,0.0055,0.004,0.0,fijo,,,57957.1,3.5,0.0108,6.4,6.4,10.0,-0.1354,0.2618,0.4198,0.5517,sin_datos,2026-09-03T20:36:45+00:00
brenne,2022-06-14,4,S2B_30TYS_20220614_0_L2A;S2B_30TYT_20220614_0_L2A;S2B_31TCM_20220614_0_L2A;S2B_31TCN_20220614_0_L2A,1.0,0.9182,0.0818,0.0401,-0.2227,otsu,1.324,0.034,57957.1,97.6,0.0206,203.2,43.9,155.8,-0.031,0.0987,0.1833,0.0434,nublado,2026-09-03T20:36:45+00:00
brenne,2022-06-17,4,S2B_30TYS_20220617_0_L2A;S2B_30TYT_20220617_0_L2A;S2B_31TCM_20220617_0_L2A;S2B_31TCN_20220617_0_L2A,1.0,0.0001,0.9999,0.0464,-0.2852,otsu,1.451,0.0444,57957.1,649.6,0.0112,3587.3,167.5,2179.6,-0.0375,0.0917,0.1577,0.0244,espectro_anomalo,2026-09-03T20:36:45+00:00
brenne,2022-06-19,4,S2A_30TYS_20220619_0_L2A;S2A_30TYT_20220619_0_L2A;S2A_31TCM_20220619_0_L2A;S2A_31TCN_20220619_0_L2A,1.0,0.1126,0.8874,0.0365,0.0,fijo,1.377,0.0253,57957.1,413.8,0.008,199.8,381.6,2019.4,-0.0504,0.1281,0.2352,0.1818,espectro_anomalo,2026-09-03T20:37:44+00:00
brenne,2022-06-24,2,S2B_30TYT_20220624_0_L2A;S2B_31TCM_20220624_0_L2A,1.0,0.522,0.478,0.0655,-0.0586,otsu,1.002,0.0564,57957.1,796.9,0.0288,530.3,772.4,1498.6,-0.1274,0.1294,0.2281,0.1653,nublado,2026-09-03T20:36:45+00:00
brenne,2022-06-27,4,S2B_30TYS_20220627_0_L2A;S2B_30TYT_20220627_0_L2A;S2B_31TCM_20220627_0_L2A;S2B_31TCN_20220627_0_L2A,1.0,0.6242,0.3758,0.0565,-0.1133,otsu,1.118,0.0518,57957.1,619.0,0.0284,490.0,601.0,1048.4,-0.1181,0.1277,0.2286,0.1657,nublado,2026-09-03T20:37:44+00:00
brenne,2022-06-29,4,S2A_30TYS_20220629_0_L2A;S2A_30TYT_20220629_0_L2A;S2A_31TCM_20220629_0_L2A;S2A_31TCN_20220629_0_L2A,1.0,0.5531,0.4469,0.0369,-0.168,otsu,0.855,0.0298,57957.1,751.9,0.029,651.4,709.0,832.9,-0.1078,0.1522,0.2855,0.3058,nublado,2026-09-03T20:37:44+00:00
brenne,2022-07-02,4,S2A_30TYS_20220702_0_L2A;S2A_30TYT_20220702_0_L2A;S2A_31TCM_20220702_0_L2A;S2A_31TCN_20220702_0_L2A,1.0,0.0001,0.9999,0.0284,-0.1133,otsu,0.745,0.0231,57957.1,2254.7,0.0389,1275.4,2153.5,2626.1,-0.0992,0.1694,0.3199,0.3845,ok,2026-09-03T20:37:44+00:00
brenne,2022-07-04,3,S2B_30TYS_20220704_0_L2A;S2B_30TYT_20220704_0_L2A;S2B_31TCN_20220704_0_L2A,0.0695,0.1332,0.0603,0.0582,-0.1133,otsu,1.076,0.04,57957.1,37.9,0.0109,50.2,37.2,40.4,-0.0964,0.1435,0.2977,0.2922,sin_datos,2026-09-03T20:37:44+00:00
brenne,2022-07-07,2,S2B_30TYS_20220707_0_L2A;S2B_31TCM_20220707_0_L2A,1.0,0.7046,0.2954,0.0644,-0.1367,otsu,1.089,0.0766,57957.1,680.8,0.0398,550.2,601.2,1094.6,-0.1013,0.1126,0.2117,0.1173,nublado,2026-09-03T20:37:44+00:00
brenne,2022-07-09,4,S2A_30TYS_20220709_0_L2A;S2A_30TYT_20220709_0_L2A;S2A_31TCM_20220709_0_L2A;S2A_31TCN_20220709_0_L2A,1.0,0.0002,0.9998,0.0344,-0.1133,otsu,0.789,0.0247,57957.1,2116.6,0.0365,1270.6,1998.0,2567.6,-0.0973,0.1796,0.3026,0.4142,ok,2026-09-03T20:37:44+00:00
brenne,2022-07-12,4,S2A_30TYS_20220712_0_L2A;S2A_30TYT_20220712_0_L2A;S2A_31TCM_20220712_0_L2A;S2A_31TCN_20220712_0_L2A,1.0,0.0135,0.9865,0.0001,0.0,fijo,1.0,0.0001,57957.1,118.4,0.0021,92.8,123.3,2331.6,-0.4298,0.3823,0.9879,0.5438,espectro_anomalo,2026-09-03T20:37:44+00:00
brenne,2022-07-14,4,S2B_30TYS_20220714_0_L2A;S2B_30TYT_20220714_0_L2A;S2B_31TCM_20220714_0_L2A;S2B_31TCN_20220714_0_L2A,1.0,0.0002,0.9998,0.0426,-0.1055,otsu,0.84,0.0327,57957.1,1957.3,0.0338,1449.6,1821.8,2494.4,-0.1038,0.1672,0.2836,0.3363,ok,2026-09-03T20:37:44+00:00
brenne,2022-07-17,3,S2B_30TYT_20220717_0_L2A;S2B_31TCM_20220717_0_L2A;S2B_31TCN_20220717_0_L2A,1.0,0.3246,0.6754,0.0001,0.0,fijo,1.0,0.0001,57957.1,65.0,0.0017,110.3,70.4,1265.9,-0.4084,0.3502,0.9876,0.5028,nublado,2026-09-03T20:37:44+00:00
brenne,2022-07-19,3,S2A_30TYT_20220719_0_L2A;S2A_31TCM_20220719_0_L2A;S2A_31TCN_20220719_0_L2A,1.0,0.0002,0.9998,0.0423,-0.1523,otsu,0.804,0.0325,57957.1,2209.6,0.0381,1212.2,2071.7,2199.2,-0.0901,0.1888,0.3111,0.4186,ok,2026-09-03T20:37:44+00:00
brenne,2022-07-24,4,S2B_30TYS_20220724_0_L2A;S2B_30TYT_20220724_0_L2A;S2B_31TCM_20220724_0_L2A;S2B_31TCN_20220724_0_L2A,1.0,0.0001,0.9999,0.0395,-0.0742,otsu,0.812,0.0296,57957.1,1876.2,0.0324,1335.3,1855.3,2550.3,-0.1195,0.2057,0.3342,0.5336,ok,2026-09-03T20:38:53+00:00
brenne,2022-07-27,2,S2B_30TYT_20220727_0_L2A;S2B_31TCN_20220727_0_L2A,0.0375,0.8036,0.0074,0.0645,0.0,fijo,,,57957.1,0.1,0.0003,0.4,0.1,0.2,,,,,sin_datos,2026-09-03T20:37:44+00:00
brenne,2022-08-01,1,S2A_30TYS_20220801_0_L2A,0.032,0.8856,0.0037,0.0001,0.0,fijo,,,57957.1,1.2,0.0055,0.8,1.0,3.2,-0.1007,0.2012,0.254,0.2069,sin_datos,2026-09-03T20:38:53+00:00
brenne,2022-08-03,4,S2B_30TYS_20220803_0_L2A;S2B_30TYT_20220803_0_L2A;S2B_31TCM_20220803_0_L2A;S2B_31TCN_20220803_0_L2A,1.0,0.0002,0.9998,0.0403,-0.0898,otsu,0.823,0.0269,57957.1,1809.6,0.0312,1271.0,1767.2,2505.6,-0.1158,0.2091,0.3457,0.5517,ok,2026-09-03T20:38:53+00:00
brenne,2022-08-06,4,S2B_30TYS_20220806_0_L2A;S2B_30TYT_20220806_0_L2A;S2B_31TCM_20220806_0_L2A;S2B_31TCN_20220806_0_L2A,1.0,0.0001,0.9999,0.0428,-0.1289,otsu,0.978,0.0404,57957.1,1703.8,0.0294,1699.6,1522.6,2263.6,-0.0971,0.1808,0.2849,0.417,ok,2026-09-03T20:38:53+00:00
brenne,2022-08-08,4,S2A_30TYS_20220808_0_L2A;S2A_30TYT_20220808_0_L2A;S2A_31TCM_20220808_0_L2A;S2A_31TCN_20220808_0_L2A,1.0,0.0002,0.9998,0.0417,-0.1055,otsu,0.886,0.0281,57957.1,1687.7,0.0291,1372.8,1614.4,2348.6,-0.1133,0.2151,0.3348,0.562,ok,2026-09-03T20:38:53+00:00
brenne,2022-08-11,8,S2A_30TYS_20220811_0_L2A;S2A_30TYS_20220811_1_L2A;S2A_30TYT_20220811_0_L2A;S2A_30TYT_20220811_1_L2A;S2A_31TCM_20220811_0_L2A;S2A_31TCM_20220811_1_L2A;S2A_31TCN_20220811_0_L2A;S2A_31TCN_20220811_1_L2A,1.0,0.0001,0.9999,0.0391,-0.1289,otsu,0.941,0.0308,57957.1,1681.8,0.029,1465.2,1471.8,2228.6,-0.0923,0.1969,0.3057,0.5096,ok,2026-09-03T20:38:53+00:00
brenne,2022-08-13,4,S2B_30TYS_20220813_0_L2A;S2B_30TYT_20220813_0_L2A;S2B_31TCM_20220813_0_L2A;S2B_31TCN_20220813_0_L2A,1.0,0.0001,0.9999,0.0527,-0.1367,otsu,1.0,0.0383,57957.1,1594.6,0.0275,1555.6,1374.3,2140.8,-0.096,0.184,0.2745,0.4724,ok,2026-09-03T20:38:53+00:00
brenne,2022-08-18,6,S2A_30TYS_20220818_0_L2A;S2A_30TYS_20220818_1_L2A;S2A_30TYT_20220818_0_L2A;S2A_31TCM_20220818_0_L2A;S2A_31TCM_20220818_1_L2A;S2A_31TCN_20220818_0_L2A,1.0,0.1601,0.8399,0.0001,0.0,fijo,1.0,0.0001,57957.1,94.0,0.0019,96.2,107.5,2020.4,-0.5478,0.5754,0.9953,0.7027,espectro_anomalo,2026-09-03T20:38:53+00:00
brenne,2022-08-26,3,S2B_30TYS_20220826_0_L2A;S2B_30TYT_20220826_0_L2A;S2B_31TCM_20220826_0_L2A,1.0,0.8078,0.1922,0.0826,0.0,fijo,1.41,0.086,57957.1,232.5,0.0209,172.8,233.6,899.0,-0.1608,0.1718,0.2693,0.3102,nublado,2026-09-03T20:38:53+00:00
brenne,2022-08-28,4,S2A_30TYS_20220828_0_L2A;S2A_30TYT_20220828_0_L2A;S2A_31TCM_20220828_0_L2A;S2A_31TCN_20220828_0_L2A,1.0,0.0089,0.9911,0.0368,-0.1289,otsu,0.955,0.0257,57957.1,1525.6,0.0266,1336.1,1452.2,2307.6,-0.1153,0.2316,0.3442,0.6639,ok,2026-09-03T20:38:53+00:00
brenne,2022-08-31,2,S2A_30TYT_20220831_0_L2A;S2A_31TCN_20220831_0_L2A,0.0375,0.2976,0.0264,0.0333,0.0,fijo,,,57957.1,0.4,0.0003,9.4,0.1,3.6,-0.0964,0.1935,0.2402,0.6364,sin_datos,2026-09-03T20:38:53+00:00
brenne,2022-09-02,2,S2B_30TYT_20220902_0_L2A;S2B_31TCM_20220902_0_L2A,1.0,0.8457,0.1543,0.0953,-0.1914,otsu,1.352,0.095,57957.1,348.3,0.0389,971.6,241.2,954.6,-0.0973,0.1354,0.228,0.1547,nublado,2026-09-03T20:38:53+00:00
brenne,2022-09-05,3,S2B_30TYS_20220905_0_L2A;S2B_31TCM_20220905_0_L2A;S2B_31TCN_20220905_0_L2A,1.0,0.9156,0.0844,0.0778,0.0,fijo,1.592,0.0601,57957.1,54.7,0.0112,81.6,61.2,178.8,-0.1314,0.1984,0.2926,0.5556,nublado,2026-09-03T20:39:53+00:00
brenne,2022-09-12,4,S2B_30TYS_20220912_0_L2A;S2B_30TYT_20220912_0_L2A;S2B_31TCM_20220912_0_L2A;S2B_31TCN_20220912_0_L2A,1.0,0.4798,0.5202,0.0466,-0.1836,otsu,0.998,0.0402,57957.1,728.8,0.0242,1030.4,643.2,1150.6,-0.1117,0.1946,0.2858,0.4821,nublado,2026-09-03T20:39:53+00:00
brenne,2022-09-15,2,S2B_30TYT_20220915_0_L2A;S2B_31TCN_20220915_0_L2A,0.0375,1.0,0.0,,0.0,fijo,,,57957.1,0.0,0.0,0.0,0.0,1.1,,,,,sin_datos,2026-09-03T20:39:53+00:00
brenne,2022-09-20,4,S2A_30TYS_20220920_0_L2A;S2A_30TYT_20220920_0_L2A;S2A_31TCM_20220920_0_L2A;S2A_31TCN_20220920_0_L2A,1.0,0.0269,0.9731,0.0307,-0.1133,otsu,0.921,0.0292,57957.1,1550.3,0.0275,1301.0,1436.1,2268.9,-0.1115,0.2058,0.3156,0.5287,ok,2026-09-03T20:39:53+00:00
brenne,2022-09-22,4,S2B_30TYS_20220922_0_L2A;S2B_30TYT_20220922_0_L2A;S2B_31TCM_20220922_0_L2A;S2B_31TCN_20220922_0_L2A,1.0,0.0002,0.9998,0.0361,-0.0586,otsu,0.828,0.0316,57957.1,1725.2,0.0298,1163.6,1675.0,2478.4,-0.1254,0.2161,0.3341,0.5868,ok,2026-09-03T20:39:53+00:00
brenne,2022-09-30,4,S2A_30TYS_20220930_0_L2A;S2A_30TYT_20220930_0_L2A;S2A_31TCM_20220930_0_L2A;S2A_31TCN_20220930_0_L2A,1.0,0.3457,0.6543,0.0409,-0.043,otsu,1.124,0.0426,57957.1,891.0,0.0235,478.0,838.4,1816.9,-0.1363,0.1955,0.3131,0.4831,nublado,2026-09-03T20:39:53+00:00
brenne,2022-10-05,4,S2B_30TYS_20221005_0_L2A;S2B_30TYT_20221005_0_L2A;S2B_31TCM_20221005_0_L2A;S2B_31TCN_20221005_0_L2A,1.0,0.0001,0.9999,0.0302,-0.1211,otsu,0.886,0.032,57957.1,1675.0,0.0289,1347.0,1548.7,2295.2,-0.1241,0.2086,0.3132,0.5575,ok,2026-09-03T20:39:53+00:00
brenne,2022-10-07,1,S2A_30TYT_20221007_0_L2A,0.0,0.0,0.0,,0.0,fijo,,,57957.1,0.0,0.0,0.0,0.0,0.0,,,,,sin_datos,2026-09-03T20:39:53+00:00
brenne,2022-10-20,4,S2A_30TYS_20221020_0_L2A;S2A_30TYT_20221020_0_L2A;S2A_31TCM_20221020_0_L2A;S2A_31TCN_20221020_0_L2A,1.0,0.6468,0.3532,0.0001,0.0,fijo,1.0,0.0001,57957.1,30.7,0.0015,39.1,29.2,820.3,-0.4065,0.373,0.9914,0.5515,nublado,2026-09-03T20:39:53+00:00
brenne,2022-10-27,2,S2A_30TYT_20221027_0_L2A;S2A_31TCN_20221027_0_L2A,0.0375,0.6647,0.0126,0.0701,-0.3086,otsu,,,57957.1,0.6,0.0008,318.0,0.0,6.1,0.087,0.1294,0.1686,0.0,sin_datos,2026-09-03T20:39:53+00:00
brenne,2022-11-01,4,S2B_30TYS_20221101_0_L2A;S2B_30TYT_20221101_0_L2A;S2B_31TCM_20221101_0_L2A;S2B_31TCN_20221101_0_L2A,1.0,0.2721,0.7279,0.0441,-0.1523,otsu,1.366,0.0469,57957.1,654.8,0.0155,993.8,586.8,1912.4,-0.1176,0.1672,0.254,0.3439,nublado,2026-09-03T20:40:55+00:00
brenne,2022-11-11,4,S2B_30TYS_20221111_0_L2A;S2B_30TYT_20221111_0_L2A;S2B_31TCM_20221111_0_L2A;S2B_31TCN_20221111_0_L2A,1.0,0.0,1.0,0.0265,-0.0352,otsu,0.845,0.0295,57957.1,1790.4,0.0309,771.8,1743.5,3044.6,-0.1417,0.1883,0.3275,0.4468,ok,2026-09-03T20:39:53+00:00
brenne,2022-11-19,4,S2A_30TYS_20221119_0_L2A;S2A_30TYT_20221119_0_L2A;S2A_31TCM_20221119_0_L2A;S2A_31TCN_20221119_0_L2A,1.0,0.5563,0.4437,0.0431,0.0,fijo,1.567,0.0697,57957.1,529.6,0.0206,246.0,516.0,2031.3,-0.1226,0.1397,0.273,0.27,nublado,2026-09-03T20:40:55+00:00
brenne,2022-12-09,2,S2A_30TYT_20221209_0_L2A;S2A_31TCM_20221209_0_L2A,1.0,0.5284,0.4716,0.0506,-0.0195,otsu,1.624,0.048,57957.1,695.6,0.0255,255.0,619.2,2111.0,-0.1202,0.0716,0.1666,0.045,nublado,2026-09-03T20:40:55+00:00
brenne,2022-12-11,1,S2B_30TYT_20221211_0_L2A,0.0,0.0,0.0,,0.0,fijo,,,57957.1,0.0,0.0,0.0,0.0,0.0,,,,,sin_datos,2026-09-03T20:39:53+00:00
brenne,2022-12-16,4,S2A_30TYS_20221216_0_L2A;S2A_30TYT_20221216_0_L2A;S2A_31TCM_20221216_0_L2A;S2A_31TCN_20221216_0_L2A,1.0,0.0019,0.9981,0.0174,-0.1133,otsu,1.109,0.0156,57957.1,1853.5,0.032,908.8,1670.1,3653.6,-0.0984,0.1387,0.2834,0.2962,espectro_anomalo,2026-09-03T20:40:55+00:00
brenne,2023-01-03,4,S2B_30TYS_20230103_0_L2A;S2B_30TYT_20230103_0_L2A;S2B_31TCM_20230103_0_L2A;S2B_31TCN_20230103_0_L2A,1.0,0.1131,0.8869,0.0244,-0.1055,otsu,1.061,0.023,57957.1,1807.5,0.0352,645.8,1717.6,3417.9,-0.115,0.1709,0.3341,0.3754,ok,2026-09-03T20:40:55+00:00
brenne,2023-01-05,1,S2A_30TYT_20230105_0_L2A,0.0,0.0,0.0,,0.0,fijo,,,57957.1,0.0,0.0,0.0,0.0,0.0,,,,,sin_datos,2026-09-03T20:40:55+00:00
brenne,2023-01-15,4,S2A_30TYS_20230115_0_L2A;S2A_30TYT_20230115_0_L2A;S2A_31TCM_20230115_0_L2A;S2A_31TCN_20230115_0_L2A,1.0,0.0001,0.9999,0.0205,-0.1992,otsu,1.129,0.0178,57957.1,2176.9,0.0376,961.1,1540.8,3906.7,-0.0442,0.1621,0.2788,0.316,espectro_anomalo,2026-09-03T20:40:55+00:00
brenne,2023-01-18,4,S2A_30TYS_20230118_0_L2A;S2A_30TYT_20230118_0_L2A;S2A_31TCM_20230118_0_L2A;S2A_31TCN_20230118_0_L2A,1.0,0.0998,0.9002,0.0349,-0.0664,otsu,0.896,0.0152,57957.1,3377.2,0.0647,15236.8,2454.9,4963.6,0.0137,0.1342,0.2799,0.2326,ok,2026-09-03T20:40:55+00:00
brenne,2023-01-20,2,S2B_30TYT_20230120_0_L2A;S2B_31TCN_20230120_0_L2A,0.0375,0.9874,0.0005,0.1626,0.0195,otsu,,,57957.1,3.2,0.1164,6.6,1.2,0.0,-0.0922,0.0113,0.0281,0.0,sin_datos,2026-09-03T20:40:55+00:00
brenne,2023-02-07,4,S2A_30TYS_20230207_0_L2A;S2A_30TYT_20230207_0_L2A;S2A_31TCM_20230207_0_L2A;S2A_31TCN_20230207_0_L2A,1.0,0.0,1.0,0.032,-0.0664,otsu,0.758,0.0263,57957.1,3238.3,0.0559,387.6,2820.9,4241.7,-0.0567,0.1209,0.221,0.1528,ok,2026-09-03T20:40:55+00:00
brenne,2023-02-09,4,S2B_30TYS_20230209_0_L2A;S2B_30TYT_20230209_0_L2A;S2B_31TCM_20230209_0_L2A;S2B_31TCN_20230209_0_L2A,1.0,0.5905,0.4095,0.0441,-0.1055,otsu,0.8,0.0397,57957.1,1501.1,0.0633,355.5,1199.9,1864.4,-0.0572,0.093,0.1887,0.0794,nublado,2026-09-03T20:40:55+00:00
brenne,2023-02-12,4,S2B_30TYS_20230212_0_L2A;S2B_30TYT_20230212_0_L2A;S2B_31TCM_20230212_0_L2A;S2B_31TCN_20230212_0_L2A,1.0,0.1303,0.8697,0.039,-0.0664,otsu,0.7,0.0316,57957.1,2768.3,0.0549,358.6,2519.8,3605.7,-0.0796,0.0994,0.2023,0.1039,ok,2026-09-03T20:40:55+00:00
brenne,2023-02-14,4,S2A_30TYS_20230214_0_L2A;S2A_30TYT_20230214_0_L2A;S2A_31TCM_20230214_0_L2A;S2A_31TCN_20230214_0_L2A,1.0,0.0001,0.9999,0.0301,-0.1133,otsu,0.661,0.0179,57957.1,2987.0,0.0515,268.4,2752.7,4146.6,-0.0457,0.1003,0.2247,0.1578,ok,2026-09-03T20:41:51+00:00
brenne,2023-02-27,4,S2A_30TYS_20230227_0_L2A;S2A_30TYT_20230227_0_L2A;S2A_31TCM_20230227_0_L2A;S2A_31TCN_20230227_0_L2A,1.0,0.5156,0.4844,0.0421,-0.082,otsu,0.854,0.0315,57957.1,1355.5,0.0483,199.8,1233.8,2027.3,-0.0692,0.0861,0.1733,0.0495,nublado,2026-09-03T20:41:51+00:00
brenne,2023-03-01,4,S2B_30TYS_20230301_0_L2A;S2B_30TYT_20230301_0_L2A;S2B_31TCM_20230301_0_L2A;S2B_31TCN_20230301_0_L2A,1.0,0.0095,0.9905,0.0456,-0.1211,otsu,0.771,0.0353,57957.1,3373.2,0.0588,521.8,2709.6,3901.0,-0.0565,0.1007,0.1877,0.0641,ok,2026-09-03T20:41:51+00:00
brenne,2023-03-04,4,S2B_30TYS_20230304_0_L2A;S2B_30TYT_20230304_0_L2A;S2B_31TCM_20230304_0_L2A;S2B_31TCN_20230304_0_L2A,1.0,0.0,1.0,0.0486,-0.0742,otsu,0.795,0.0423,57957.1,3458.5,0.0597,626.4,2820.4,3864.8,-0.0683,0.0911,0.1688,0.0346,ok,2026-09-03T20:41:51+00:00
brenne,2023-03-14,2,S2B_30TYT_20230314_0_L2A;S2B_31TCN_20230314_0_L2A,0.0375,0.2923,0.0266,0.04,0.0,fijo,0.503,0.0179,57957.1,9.6,0.0063,1.0,19.2,24.4,-0.243,0.0803,0.1371,0.0041,sin_datos,2026-09-03T20:41:51+00:00
brenne,2023-03-24,4,S2B_30TYS_20230324_0_L2A;S2B_30TYT_20230324_0_L2A;S2B_31TCM_20230324_0_L2A;S2B_31TCN_20230324_0_L2A,1.0,0.8533,0.1467,0.0472,-0.1445,otsu,0.826,0.0282,57957.1,454.6,0.0535,174.1,407.7,706.8,-0.0688,0.0397,0.1351,0.0235,nublado,2026-09-03T20:41:51+00:00
brenne,2023-03-31,1,S2B_31TCN_20230331_0_L2A,0.0375,1.0,0.0,,0.0,fijo,,,57957.1,0.0,0.0,0.0,0.0,0.0,,,,,sin_datos,2026-09-03T20:41:51+00:00
brenne,2023-04-05,4,S2A_30TYS_20230405_0_L2A;S2A_30TYT_20230405_0_L2A;S2A_31TCM_20230405_0_L2A;S2A_31TCN_20230405_0_L2A,1.0,0.0011,0.9989,0.0333,-0.1211,otsu,0.776,0.018,57957.1,3071.2,0.053,537.5,2518.4,3738.0,-0.0472,0.0912,0.1893,0.0814,ok,2026-09-03T20:41:51+00:00
brenne,2023-04-08,4,S2A_30TYS_20230408_0_L2A;S2A_30TYT_20230408_0_L2A;S2A_31TCM_20230408_0_L2A;S2A_31TCN_20230408_0_L2A,1.0,0.3019,0.6981,0.0362,-0.1055,otsu,0.729,0.0233,57957.1,1974.7,0.0488,357.4,1723.9,2425.7,-0.0657,0.0851,0.1784,0.0712,nublado,2026-09-03T20:41:51+00:00
brenne,2023-04-13,1,S2B_31TCN_20230413_0_L2A,0.0375,0.8413,0.006,0.0514,-0.2461,otsu,,,57957.1,1.9,0.0056,63.2,1.9,1.3,-0.1147,-0.0154,0.0772,0.0,sin_datos,2026-09-03T20:41:51+00:00
brenne,2023-04-18,4,S2A_30TYS_20230418_0_L2A;S2A_30TYT_20230418_0_L2A;S2A_31TCM_20230418_0_L2A;S2A_31TCN_20230418_0_L2A,1.0,0.755,0.245,0.0472,-0.0508,otsu,0.495,0.0357,57957.1,881.8,0.0621,125.8,877.8,1124.2,-0.0877,0.0409,0.1421,0.0313,nublado,2026-09-03T20:41:51+00:00
brenne,2023-04-20,4,S2B_30TYS_20230420_0_L2A;S2B_30TYT_20230420_0_L2A;S2B_31TCM_20230420_0_L2A;S2B_31TCN_20230420_0_L2A,1.0,0.2084,0.7916,0.0396,-0.0586,otsu,0.785,0.0303,57957.1,2255.2,0.0492,771.8,1935.9,2710.8,-0.0798,0.094,0.183,0.0678,nublado,2026-09-03T20:41:51+00:00
brenne,2023-04-30,4,S2B_30TYS_20230430_0_L2A;S2B_30TYT_20230430_0_L2A;S2B_31TCM_20230430_0_L2A;S2B_31TCN_20230430_0_L2A,1.0,0.5825,0.4175,0.0622,0.0,fijo,1.517,0.0567,57957.1,336.9,0.0139,515.3,243.8,1187.7,-0.0939,0.0899,0.171,0.0384,nublado,2026-09-03T20:42:53+00:00
brenne,2023-05-03,4,S2B_30TYS_20230503_0_L2A;S2B_30TYT_20230503_0_L2A;S2B_31TCM_20230503_0_L2A;S2B_31TCN_20230503_0_L2A,1.0,0.0871,0.9129,0.0289,-0.1367,otsu,0.949,0.0281,57957.1,2125.0,0.0402,1602.4,1556.4,2598.6,-0.0637,0.0888,0.1824,0.0614,ok,2026-09-03T20:42:53+00:00
brenne,2023-05-05,1,S2A_30TYT_20230505_0_L2A,0.0,0.0,0.0,,0.0,fijo,,,57957.1,0.0,0.0,0.0,0.0,0.0,,,,,sin_datos,2026-09-03T20:42:53+00:00
brenne,2023-05-25,3,S2A_30TYT_20230525_0_L2A;S2A_31TCM_20230525_0_L2A;S2A_31TCN_20230525_0_L2A,1.0,0.9166,0.0834,0.1076,-0.168,otsu,1.092,0.1076,57957.1,167.5,0.0347,1557.8,135.8,269.0,-0.0734,0.0222,0.1,0.0017,nublado,2026-09-03T20:42:53+00:00
brenne,2023-05-28,4,S2A_30TYS_20230528_0_L2A;S2A_30TYT_20230528_0_L2A;S2A_31TCM_20230528_0_L2A;S2A_31TCN_20230528_0_L2A,1.0,0.0007,0.9993,0.0292,-0.168,otsu,0.961,0.0344,57957.1,2450.3,0.0423,1889.1,1826.8,2427.2,-0.0604,0.1,0.1878,0.0779,ok,2026-09-03T20:42:53+00:00
brenne,2023-05-30,2,S2B_30TYS_20230530_0_L2A;S2B_31TCM_20230530_0_L2A,1.0,0.0809,0.9191,0.0395,-0.1211,otsu,0.829,0.0306,57957.1,2243.2,0.0421,1428.3,1859.8,2289.4,-0.0754,0.106,0.2058,0.1127,ok,2026-09-03T20:42:53+00:00
brenne,2023-06-02,4,S2B_30TYS_20230602_0_L2A;S2B_30TYT_20230602_0_L2A;S2B_31TCM_20230602_0_L2A;S2B_31TCN_20230602_0_L2A,1.0,0.0789,0.9211,0.032,-0.1758,otsu,0.858,0.0405,57957.1,2603.3,0.0488,1483.9,2236.7,2337.8,-0.052,0.09,0.1895,0.0825,ok,2026-09-03T20:42:53+00:00
brenne,2023-06-04,4,S2A_30TYS_20230604_0_L2A;S2A_30TYT_20230604_0_L2A;S2A_31TCM_20230604_0_L2A;S2A_31TCN_20230604_0_L2A,1.0,0.0516,0.9484,0.0306,-0.1289,otsu,0.494,0.0208,57957.1,2622.6,0.0477,798.4,2518.1,2370.6,-0.0741,0.1189,0.2527,0.2008,ok,2026-09-03T20:42:53+00:00
brenne,2023-06-07,4,S2A_30TYS_20230607_0_L2A;S2A_30TYT_20230607_0_L2A;S2A_31TCM_20230607_0_L2A;S2A_31TCN_20230607_0_L2A,1.0,0.0004,0.9996,0.0284,-0.1602,otsu,0.654,0.0276,57957.1,2806.2,0.0484,1144.5,2592.3,2509.8,-0.0611,0.109,0.2318,0.1581,ok,2026-09-03T20:42:53+00:00
brenne,2023-06-12,2,S2B_30TYT_20230612_0_L2A;S2B_31TCN_20230612_0_L2A,0.0375,0.1833,0.0307,0.0244,0.0,fijo,,,57957.1,5.1,0.0029,2.1,5.4,1.5,-0.1167,0.1425,0.1939,0.0469,sin_datos,2026-09-03T20:42:53+00:00
brenne,2023-06-14,4,S2A_30TYS_20230614_0_L2A;S2A_30TYT_20230614_0_L2A;S2A_31TCM_20230614_0_L2A;S2A_31TCN_20230614_0_L2A,1.0,0.0002,0.9998,0.0328,-0.1523,otsu,0.688,0.0226,57957.1,2448.6,0.0423,1055.7,2211.2,2553.3,-0.0652,0.1324,0.2615,0.233,ok,2026-09-03T20:42:53+00:00
brenne,2023-06-24,4,S2A_30TYS_20230624_0_L2A;S2A_30TYT_20230624_0_L2A;S2A_31TCM_20230624_0_L2A;S2A_31TCN_20230624_0_L2A,1.0,0.0001,0.9999,0.0338,-0.1602,otsu,0.799,0.0234,57957.1,2293.1,0.0396,1280.7,2064.1,2651.2,-0.0866,0.1584,0.2827,0.3157,ok,2026-09-03T20:43:50+00:00
brenne,2023-06-27,3,S2A_30TYS_20230627_0_L2A;S2A_31TCM_20230627_0_L2A;S2A_31TCN_20230627_0_L2A,1.0,0.2575,0.7425,0.0381,-0.1367,otsu,1.13,0.0439,57957.1,1913.2,0.0445,1712.4,1257.1,2266.5,-0.0654,0.1554,0.2336,0.2137,nublado,2026-09-03T20:43:50+00:00
brenne,2023-06-29,1,S2B_31TCM_20230629_0_L2A,1.0,0.7124,0.2876,0.1452,-0.0586,otsu,1.459,0.1453,57957.1,273.4,0.0164,1539.7,103.3,1052.8,-0.084,0.0794,0.1004,0.0,nublado,2026-09-03T20:42:53+00:00
brenne,2023-07-02,4,S2B_30TYS_20230702_0_L2A;S2B_30TYT_20230702_0_L2A;S2B_31TCM_20230702_0_L2A;S2B_31TCN_20230702_0_L2A,1.0,0.1753,0.8247,0.0463,-0.1523,otsu,0.993,0.0471,57957.1,1635.0,0.0342,1611.3,1351.6,2197.2,-0.0858,0.1366,0.2265,0.1781,ok,2026-09-03T20:43:50+00:00
brenne,2023-07-04,1,S2A_31TCM_20230704_0_L2A,1.0,0.5531,0.4469,0.0546,-0.1289,otsu,1.057,0.042,57957.1,637.0,0.0246,453.6,628.9,1260.5,-0.1246,0.1411,0.2696,0.2557,nublado,2026-09-03T20:43:50+00:00
brenne,2023-07-07,4,S2A_30TYS_20230707_0_L2A;S2A_30TYT_20230707_0_L2A;S2A_31TCM_20230707_0_L2A;S2A_31TCN_20230707_0_L2A,1.0,0.1756,0.8244,0.0316,-0.1758,otsu,0.91,0.0289,57957.1,1759.0,0.0368,1497.3,1428.0,2019.8,-0.0774,0.1441,0.2552,0.2296,ok,2026-09-03T20:43:50+00:00
brenne,2023-07-09,1,S2B_31TCM_20230709_0_L2A,1.0,0.9433,0.0567,0.0978,-0.043,otsu,1.021,0.079,57957.1,112.4,0.0342,59.0,96.4,197.4,-0.1087,0.1146,0.1774,0.031,nublado,2026-09-03T20:43:50+00:00
brenne,2023-07-14,4,S2A_30TYS_20230714_0_L2A;S2A_30TYT_20230714_0_L2A;S2A_31TCM_20230714_0_L2A;S2A_31TCN_20230714_0_L2A,1.0,0.2228,0.7772,0.0336,-0.207,otsu,0.971,0.0251,57957.1,1317.6,0.0293,1366.2,991.3,1742.0,-0.0763,0.1597,0.2712,0.3342,nublado,2026-09-03T20:43:50+00:00
brenne,2023-07-17,4,S2A_30TYS_20230717_0_L2A;S2A_30TYT_20230717_0_L2A;S2A_31TCM_20230717_0_L2A;S2A_31TCN_20230717_0_L2A,1.0,0.5314,0.4686,0.0529,-0.1758,otsu,1.28,0.0496,57957.1,684.8,0.0252,907.7,598.0,1364.9,-0.0973,0.1327,0.2317,0.1886,nublado,2026-09-03T20:43:50+00:00
brenne,2023-07-19,2,S2B_30TYS_20230719_0_L2A;S2B_31TCM_20230719_0_L2A,1.0,0.5307,0.4693,0.0639,-0.1055,otsu,1.014,0.0566,57957.1,785.4,0.0289,537.4,738.5,1454.2,-0.1146,0.1343,0.2613,0.2526,nublado,2026-09-03T20:43:50+00:00
brenne,2023-07-22,4,S2B_30TYS_20230722_0_L2A;S2B_30TYT_20230722_0_L2A;S2B_31TCM_20230722_0_L2A;S2B_31TCN_20230722_0_L2A,1.0,0.0355,0.9645,0.0421,-0.1211,otsu,0.957,0.0401,57957.1,2025.6,0.0362,1755.3,1642.6,2471.1,-0.0905,0.1572,0.2536,0.3071,ok,2026-09-03T20:43:50+00:00
brenne,2023-07-24,2,S2A_30TYS_20230724_0_L2A;S2A_31TCM_20230724_0_L2A,1.0,0.8281,0.1719,0.0955,-0.1211,otsu,1.247,0.0792,57957.1,260.4,0.0261,221.7,260.4,591.9,-0.1183,0.0977,0.2298,0.1301,nublado,2026-09-03T20:43:50+00:00
brenne,2023-08-01,2,S2B_30TYS_20230801_0_L2A;S2B_31TCM_20230801_0_L2A,1.0,0.8459,0.1541,0.0597,-0.293,otsu,1.423,0.0513,57957.1,191.4,0.0214,689.0,162.9,377.3,-0.0822,0.112,0.224,0.1327,nublado,2026-09-03T20:44:40+00:00
brenne,2023-08-08,3,S2B_30TYT_20230808_0_L2A;S2B_31TCM_20230808_0_L2A;S2B_31TCN_20230808_0_L2A,1.0,0.52,0.48,0.0446,-0.1758,otsu,1.0,0.0388,57957.1,609.1,0.0219,763.8,496.4,794.4,-0.0929,0.1482,0.2566,0.2259,nublado,2026-09-03T20:44:40+00:00
brenne,2023-08-16,1,S2A_30TYS_20230816_0_L2A,0.032,0.8222,0.0058,0.1333,0.0,fijo,,,57957.1,0.0,0.0,0.0,0.0,3.0,,,,,sin_datos,2026-09-03T20:43:50+00:00
brenne,2023-08-21,4,S2B_30TYS_20230821_0_L2A;S2B_30TYT_20230821_0_L2A;S2B_31TCM_20230821_0_L2A;S2B_31TCN_20230821_0_L2A,1.0,0.0001,0.9999,0.0342,-0.1289,otsu,0.765,0.0257,57957.1,2167.1,0.0374,1294.9,2118.6,2700.7,-0.1189,0.2197,0.3426,0.5938,ok,2026-09-03T20:44:40+00:00
brenne,2023-08-23,4,S2A_30TYS_20230823_0_L2A;S2A_30TYT_20230823_0_L2A;S2A_31TCM_20230823_0_L2A;S2A_31TCN_20230823_0_L2A,1.0,0.0001,0.9999,0.0428,-0.3164,otsu,1.284,0.0321,57957.1,1026.2,0.0177,3055.6,474.5,2362.9,-0.0669,0.1592,0.2287,0.271,espectro_anomalo,2026-09-03T20:44:40+00:00
brenne,2023-08-26,2,S2A_30TYT_20230826_1_L2A;S2A_31TCN_20230826_1_L2A,0.0375,0.7934,0.0078,0.082,-0.3008,otsu,,,57957.1,6.9,0.0153,219.0,0.5,1.8,0.0455,0.0745,0.1299,0.0349,sin_datos,2026-09-03T20:44:40+00:00
brenne,2023-08-28,1,S2B_30TYS_20230828_0_L2A,0.032,1.0036,0.0,,0.0,fijo,,,57957.1,0.0,0.0,0.0,0.0,0.0,,,,,sin_datos,2026-09-03T20:44:40+00:00
brenne,2023-09-02,2,S2A_30TYS_20230902_0_L2A;S2A_30TYT_20230902_0_L2A,0.032,0.9851,0.0005,0.0452,-0.3164,otsu,,,57957.1,0.3,0.0115,1.2,0.2,0.0,-0.0818,0.0816,0.1285,0.0,sin_datos,2026-09-03T20:44:40+00:00
brenne,2023-09-05,4,S2A_30TYS_20230905_0_L2A;S2A_30TYT_20230905_1_L2A;S2A_31TCM_20230905_0_L2A;S2A_31TCN_20230905_1_L2A,1.0,0.0001,0.9999,0.0694,-0.3008,otsu,1.623,0.0663,57957.1,111.0,0.0019,5001.3,11.3,2619.5,-0.019,0.0835,0.121,0.0,espectro_anomalo,2026-09-03T20:44:40+00:00
brenne,2023-09-07,4,S2B_30TYS_20230907_0_L2A;S2B_30TYT_20230907_0_L2A;S2B_31TCM_20230907_0_L2A;S2B_31TCN_20230907_0_L2A,1.0,0.0001,0.9999,0.0451,-0.1445,otsu,0.909,0.0339,57957.1,2011.2,0.0347,1563.0,1753.7,2608.7,-0.1066,0.1804,0.2713,0.4653,ok,2026-09-03T20:44:40+00:00
brenne,2023-09-10,2,S2B_31TCM_20230910_0_L2A;S2B_31TCN_20230910_0_L2A,1.0,0.1484,0.8516,0.0448,-0.1133,otsu,0.9,0.0376,57957.1,1767.1,0.0358,1228.2,1657.3,2326.5,-0.1122,0.1916,0.29,0.4921,ok,2026-09-03T20:44:40+00:00
brenne,2023-09-15,4,S2A_30TYS_20230915_0_L2A;S2A_30TYT_20230915_0_L2A;S2A_31TCM_20230915_0_L2A;S2A_31TCN_20230915_0_L2A,1.0,0.0387,0.9613,0.0265,-0.1289,otsu,0.822,0.019,57957.1,1963.9,0.0352,1203.2,1874.5,2667.7,-0.115,0.2425,0.3752,0.6652,ok,2026-09-03T20:44:40+00:00
brenne,2023-09-20,3,S2B_30TYS_20230920_0_L2A;S2B_31TCM_20230920_0_L2A;S2B_31TCN_20230920_0_L2A,1.0,0.0587,0.9413,0.0364,-0.1133,otsu,0.9,0.0301,57957.1,1689.1,0.031,1388.5,1619.6,2457.3,-0.1245,0.2186,0.3333,0.5902,ok,2026-09-03T20:44:40+00:00
brenne,2023-09-22,4,S2A_30TYS_20230922_0_L2A;S2A_30TYT_20230922_0_L2A;S2A_31TCM_20230922_0_L2A;S2A_31TCN_20230922_0_L2A,1.0,0.4718,0.5282,0.0426,-0.0586,otsu,1.116,0.0291,57957.1,732.0,0.0239,518.3,749.0,1652.7,-0.139,0.2167,0.3355,0.6072,nublado,2026-09-03T20:45:34+00:00
brenne,2023-09-25,4,S2A_30TYS_20230925_0_L2A;S2A_30TYT_20230925_0_L2A;S2A_31TCM_20230925_0_L2A;S2A_31TCN_20230925_0_L2A,1.0,0.0015,0.9985,0.0264,-0.1055,otsu,0.744,0.0204,57957.1,2223.4,0.0384,1104.0,2194.0,2888.0,-0.126,0.228,0.3664,0.5982,ok,2026-09-03T20:45:34+00:00
brenne,2023-09-30,3,S2B_30TYS_20230930_0_L2A;S2B_30TYT_20230930_0_L2A;S2B_31TCN_20230930_0_L2A,0.0695,0.9412,0.0041,0.0733,0.0,fijo,,,57957.1,0.1,0.0005,1.4,0.2,5.0,,,,,sin_datos,2026-09-03T20:45:34+00:00
brenne,2023-10-02,4,S2A_30TYS_20231002_0_L2A;S2A_30TYT_20231002_0_L2A;S2A_31TCM_20231002_0_L2A;S2A_31TCN_20231002_0_L2A,1.0,0.0127,0.9873,0.0301,-0.1211,otsu,0.786,0.0226,57957.1,2148.7,0.0375,1116.3,2053.2,2872.0,-0.1205,0.2123,0.3328,0.5642,ok,2026-09-03T20:45:34+00:00
brenne,2023-10-05,4,S2A_30TYS_20231005_0_L2A;S2A_30TYT_20231005_0_L2A;S2A_31TCM_20231005_0_L2A;S2A_31TCN_20231005_0_L2A,1.0,0.0338,0.9662,0.0316,-0.1133,otsu,0.884,0.0235,57957.1,1788.3,0.0319,1214.1,1606.2,2474.0,-0.111,0.2037,0.3252,0.5099,ok,2026-09-03T20:45:34+00:00
brenne,2023-10-07,4,S2B_30TYS_20231007_0_L2A;S2B_30TYT_20231007_0_L2A;S2B_31TCM_20231007_0_L2A;S2B_31TCN_20231007_0_L2A,1.0,0.0,1.0,0.0459,-0.1914,otsu,1.163,0.0405,57957.1,1276.7,0.022,2447.4,836.6,2405.6,-0.0956,0.1539,0.2449,0.2788,espectro_anomalo,2026-09-03T20:45:34+00:00
brenne,2023-10-10,4,S2B_30TYS_20231010_0_L2A;S2B_30TYT_20231010_0_L2A;S2B_31TCM_20231010_0_L2A;S2B_31TCN_20231010_0_L2A,1.0,0.0,1.0,0.0343,-0.1445,otsu,0.877,0.0299,57957.1,2019.6,0.0348,1401.9,1843.8,2707.4,-0.1143,0.1939,0.3021,0.4835,ok,2026-09-03T20:45:34+00:00
brenne,2023-10-22,1,S2A_30TYT_20231022_0_L2A,0.0,0.0,0.0,,0.0,fijo,,,57957.1,0.0,0.0,0.0,0.0,0.0,,,,,sin_datos,2026-09-03T20:45:34+00:00
brenne,2023-11-04,3,S2A_30TYS_20231104_0_L2A;S2A_30TYT_20231104_0_L2A;S2A_31TCN_20231104_0_L2A,0.0695,0.5994,0.0279,0.0252,0.0,fijo,1.085,0.1375,57957.1,80.2,0.0496,31.6,13.6,16.2,-0.0269,0.0459,0.0806,0.012,sin_datos,2026-09-03T20:45:34+00:00
brenne,2023-11-06,4,S2B_30TYS_20231106_0_L2A;S2B_30TYT_20231106_0_L2A;S2B_31TCM_20231106_0_L2A;S2B_31TCN_20231106_0_L2A,1.0,0.845,0.155,0.0839,-0.1523,otsu,1.39,0.0936,57957.1,450.1,0.0501,2263.7,247.2,1050.8,-0.0583,0.0845,0.1545,0.0185,nublado,2026-09-03T20:45:34+00:00
brenne,2023-11-09,1,S2B_30TYS_20231109_0_L2A,0.032,0.9285,0.0024,0.1371,0.0352,otsu,,,57957.1,0.0,0.0,76.6,0.0,0.2,,,,,sin_datos,2026-09-03T20:45:34+00:00
brenne,2023-11-26,2,S2B_30TYS_20231126_0_L2A;S2B_31TCM_20231126_0_L2A,1.0,0.961,0.039,0.0243,-0.168,otsu,1.99,0.0238,57957.1,70.5,0.0312,87.3,39.2,255.5,-0.0132,0.1221,0.1854,0.0516,nublado,2026-09-03T20:45:34+00:00
brenne,2023-12-06,4,S2B_30TYS_20231206_0_L2A;S2B_30TYS_20231206_1_L2A;S2B_31TCM_20231206_0_L2A;S2B_31TCM_20231206_1_L2A,1.0,0.3321,0.6679,0.0406,-0.0508,otsu,0.753,0.0335,57957.1,2211.7,0.0571,217.4,2044.2,3663.0,-0.049,0.0963,0.1993,0.0987,nublado,2026-09-03T20:46:19+00:00
brenne,2023-12-16,4,S2B_30TYS_20231216_0_L2A;S2B_30TYT_20231216_0_L2A;S2B_31TCM_20231216_0_L2A;S2B_31TCN_20231216_0_L2A,1.0,0.9633,0.0367,0.1041,0.0,fijo,1.002,0.1203,57957.1,424.3,0.1995,364.9,340.8,439.8,-0.1012,0.0135,0.0486,0.0,nublado,2026-09-03T20:46:19+00:00
brenne,2023-12-24,4,S2A_30TYS_20231224_0_L2A;S2A_30TYT_20231224_0_L2A;S2A_31TCM_20231224_0_L2A;S2A_31TCN_20231224_0_L2A,1.0,0.2179,0.7821,0.0198,-0.1055,otsu,0.886,0.0098,57957.1,1854.6,0.0409,170.9,1831.0,3781.6,0.022,0.1118,0.254,0.199,nublado,2026-09-03T20:46:19+00:00
brenne,2023-12-31,2,S2A_30TYS_20231231_0_L2A;S2A_30TYT_20231231_0_L2A,0.032,0.7725,0.0073,0.0986,-0.2617,otsu,,,57957.1,1.0,0.0023,238.0,0.1,6.4,-0.0157,0.1144,0.1545,0.0,sin_datos,2026-09-03T20:46:19+00:00
brenne,2024-01-03,2,S2A_30TYS_20240103_0_L2A;S2A_31TCM_20240103_0_L2A,1.0,0.9568,0.0432,0.1192,0.1211,otsu,0.978,0.1183,57957.1,700.5,0.2795,80.6,661.6,716.6,-0.1084,0.0155,0.0463,0.0001,nublado,2026-09-03T20:46:19+00:00
brenne,2024-01-13,2,S2A_30TYS_20240113_0_L2A;S2A_31TCM_20240113_0_L2A,1.0,0.896,0.104,0.0995,-0.1055,otsu,1.117,0.0945,57957.1,631.4,0.1048,2283.5,322.4,652.3,-0.0477,0.012,0.0491,0.0,nublado,2026-09-03T20:46:19+00:00
brenne,2024-01-20,2,S2A_30TYS_20240120_0_L2A;S2A_31TCM_20240120_0_L2A,1.0,0.9868,0.0132,0.1277,-0.0742,otsu,1.052,0.1448,57957.1,195.8,0.2552,324.4,91.9,181.8,-0.0433,0.0044,0.0294,0.0,nublado,2026-09-03T20:46:19+00:00
brenne,2024-01-25,2,S2B_30TYS_20240125_0_L2A;S2B_31TCM_20240125_0_L2A,1.0,0.0679,0.9321,0.034,-0.082,otsu,0.712,0.0198,57957.1,2185.4,0.0405,117.0,2496.7,4453.0,-0.0265,0.1345,0.2712,0.2699,ok,2026-09-03T20:46:19+00:00
brenne,2024-01-30,2,S2A_30TYS_20240130_0_L2A;S2A_31TCM_20240130_0_L2A,1.0,0.2198,0.7802,0.0359,-0.2227,otsu,0.897,0.0245,57957.1,2635.8,0.0583,412.6,1719.3,3321.3,-0.0193,0.1124,0.1927,0.078,nublado,2026-09-03T20:46:19+00:00
brenne,2024-02-14,1,S2B_30TYS_20240214_0_L2A,0.032,0.9996,0.0,0.136,0.0,fijo,,,57957.1,0.7,0.9444,0.0,0.4,0.0,0.0077,0.0655,0.0882,0.0,sin_datos,2026-09-03T20:46:19+00:00
brenne,2024-02-17,4,S2B_30TYS_20240217_0_L2A;S2B_30TYT_20240217_0_L2A;S2B_31TCM_20240217_0_L2A;S2B_31TCN_20240217_0_L2A,1.0,0.1015,0.8985,0.0298,-0.1211,otsu,0.782,0.0177,57957.1,2763.6,0.0531,282.2,2463.2,4130.9,-0.0436,0.1167,0.2467,0.2009,ok,2026-09-03T20:47:12+00:00
brenne,2024-02-24,1,S2B_30TYS_20240224_0_L2A,0.032,0.9133,0.0029,0.0846,0.0,fijo,,,57957.1,3.2,0.0193,3.4,3.3,19.7,-0.0675,0.0524,0.0796,0.0,sin_datos,2026-09-03T20:46:19+00:00
brenne,2024-02-27,1,S2B_30TYT_20240227_0_L2A,0.0,0.0,0.0,,0.0,fijo,,,57957.1,0.0,0.0,0.0,0.0,0.0,,,,,sin_datos,2026-09-03T20:46:19+00:00
brenne,2024-03-10,4,S2A_30TYS_20240310_0_L2A;S2A_30TYT_20240310_0_L2A;S2A_31TCM_20240310_0_L2A;S2A_31TCN_20240310_0_L2A,1.0,0.2162,0.7838,0.0225,-0.082,otsu,0.543,0.0061,57957.1,1653.8,0.0364,99.3,1965.3,3188.6,0.0073,0.0991,0.2315,0.1557,nublado,2026-09-03T20:47:12+00:00
brenne,2024-03-13,2,S2A_30TYS_20240313_0_L2A;S2A_31TCM_20240313_0_L2A,1.0,0.8882,0.1118,0.0856,0.0,fijo,1.428,0.0762,57957.1,211.0,0.0326,6.4,225.6,738.8,-0.0429,0.045,0.0959,0.0,nublado,2026-09-03T20:47:12+00:00
brenne,2024-03-23,4,S2A_30TYS_20240323_0_L2A;S2A_30TYT_20240323_0_L2A;S2A_31TCM_20240323_0_L2A;S2A_31TCN_20240323_0_L2A,1.0,0.7596,0.2404,0.0545,-0.0977,otsu,0.724,0.0357,57957.1,861.9,0.0619,318.2,786.2,1277.8,-0.0705,0.0303,0.0914,0.0118,nublado,2026-09-03T20:47:12+00:00
brenne,2024-03-28,1,S2B_31TCN_20240328_0_L2A,0.0375,0.9859,0.0005,0.0272,0.0,fijo,,,57957.1,0.0,0.0,0.0,0.0,0.0,,,,,sin_datos,2026-09-03T20:47:12+00:00
brenne,2024-04-02,2,S2A_30TYS_20240402_0_L2A;S2A_31TCM_20240402_0_L2A,1.0,0.8383,0.1617,0.0739,0.0,fijo,1.612,0.0657,57957.1,180.2,0.0192,42.4,149.6,708.9,-0.0363,0.0195,0.0758,0.0002,nublado,2026-09-03T20:47:12+00:00
brenne,2024-04-09,4,S2A_30TYS_20240409_0_L2A;S2A_30TYT_20240409_0_L2A;S2A_31TCM_20240409_0_L2A;S2A_31TCN_20240409_0_L2A,1.0,0.6346,0.3654,0.0401,-0.1289,otsu,0.533,0.0226,57957.1,1193.6,0.0564,429.6,1241.8,1639.2,-0.0061,0.0148,0.1198,0.0243,nublado,2026-09-03T20:47:12+00:00
brenne,2024-04-12,4,S2A_30TYS_20240412_0_L2A;S2A_30TYT_20240412_0_L2A;S2A_31TCM_20240412_0_L2A;S2A_31TCN_20240412_0_L2A,1.0,0.0549,0.9451,0.0259,-0.1836,otsu,0.996,0.0154,57957.1,2765.1,0.0505,1075.8,1854.4,3219.0,-0.0098,0.0846,0.1571,0.036,ok,2026-09-03T20:47:12+00:00
brenne,2024-04-14,4,S2B_30TYS_20240414_0_L2A;S2B_30TYT_20240414_0_L2A;S2B_31TCM_20240414_0_L2A;S2B_31TCN_20240414_0_L2A,1.0,0.2201,0.7799,0.0396,-0.1992,otsu,1.261,0.0282,57957.1,1209.2,0.0268,2119.5,631.7,2081.9,-0.0459,0.0816,0.1392,0.0219,nublado,2026-09-03T20:47:12+00:00
brenne,2024-04-19,4,S2A_30TYS_20240419_0_L2A;S2A_30TYT_20240419_0_L2A;S2A_31TCM_20240419_0_L2A;S2A_31TCN_20240419_0_L2A,1.0,0.1686,0.8314,0.0313,-0.1211,otsu,0.915,0.0208,57957.1,2063.0,0.0428,834.1,1519.0,2719.6,-0.035,0.0783,0.1483,0.0256,ok,2026-09-03T20:48:05+00:00
brenne,2024-04-29,1,S2A_30TYT_20240429_0_L2A,0.0,0.0,0.0,,0.0,fijo,,,57957.1,0.0,0.0,0.0,0.0,0.0,,,,,sin_datos,2026-09-03T20:47:12+00:00
brenne,2024-05-09,4,S2A_30TYS_20240509_0_L2A;S2A_30TYT_20240509_0_L2A;S2A_31TCM_20240509_0_L2A;S2A_31TCN_20240509_0_L2A,1.0,0.102,0.898,0.0275,-0.1211,otsu,0.929,0.0186,57957.1,2369.1,0.0455,1060.4,1748.6,2880.2,-0.0316,0.0872,0.1648,0.0446,ok,2026-09-03T20:48:05+00:00
brenne,2024-05-17,1,S2B_31TCN_20240517_0_L2A,0.0375,0.8591,0.0053,0.0594,-0.3086,otsu,,,57957.1,0.0,0.0,81.5,0.0,0.0,,,,,sin_datos,2026-09-03T20:47:12+00:00
brenne,2024-05-19,2,S2A_30TYT_20240519_0_L2A;S2A_31TCN_20240519_0_L2A,0.0375,0.6958,0.0114,0.0483,-0.3477,otsu,,,57957.1,0.2,0.0003,149.1,0.2,0.7,-0.1198,-0.0131,0.0381,0.0,sin_datos,2026-09-03T20:48:05+00:00
brenne,2024-05-22,1,S2A_30TYT_20240522_0_L2A,0.0,0.0,0.0,,0.0,fijo,,,57957.1,0.0,0.0,0.0,0.0,0.0,,,,,sin_datos,2026-09-03T20:47:12+00:00
brenne,2024-06-03,4,S2B_30TYS_20240603_0_L2A;S2B_30TYT_20240603_0_L2A;S2B_31TCM_20240603_0_L2A;S2B_31TCN_20240603_0_L2A,1.0,0.0697,0.9303,0.0346,-0.1367,otsu,0.78,0.0241,57957.1,2416.9,0.0448,984.7,2016.7,2595.8,-0.0286,0.0941,0.1883,0.084,ok,2026-09-03T20:48:05+00:00
brenne,2024-06-06,4,S2B_30TYS_20240606_0_L2A;S2B_30TYT_20240606_0_L2A;S2B_31TCM_20240606_0_L2A;S2B_31TCN_20240606_0_L2A,1.0,0.0716,0.9284,0.0256,-0.1914,otsu,0.745,0.0182,57957.1,2342.6,0.0435,821.4,2288.8,2619.3,-0.0025,0.0848,0.2215,0.1239,ok,2026-09-03T20:48:05+00:00
brenne,2024-06-11,3,S2A_30TYS_20240611_0_L2A;S2A_30TYT_20240611_0_L2A;S2A_31TCM_20240611_0_L2A,1.0,0.6005,0.3995,0.0348,-0.1367,otsu,0.787,0.0341,57957.1,1373.4,0.0593,326.5,1346.0,1540.5,-0.0274,0.038,0.1695,0.0659,nublado,2026-09-03T20:48:05+00:00
brenne,2024-06-23,4,S2B_30TYS_20240623_0_L2A;S2B_30TYT_20240623_0_L2A;S2B_31TCM_20240623_0_L2A;S2B_31TCN_20240623_0_L2A,1.0,0.77,0.23,0.0618,-0.0273,otsu,0.687,0.0437,57957.1,996.6,0.0748,271.1,946.8,1279.6,-0.091,0.0951,0.2316,0.1288,nublado,2026-09-03T20:48:05+00:00
brenne,2024-06-26,4,S2B_30TYS_20240626_0_L2A;S2B_30TYT_20240626_0_L2A;S2B_31TCM_20240626_0_L2A;S2B_31TCN_20240626_0_L2A,1.0,0.0411,0.9589,0.034,-0.0898,otsu,0.612,0.0261,57957.1,3052.5,0.0549,841.5,2875.0,2921.6,-0.0778,0.1137,0.2357,0.158,ok,2026-09-03T20:48:05+00:00
brenne,2024-06-28,4,S2A_30TYS_20240628_0_L2A;S2A_30TYT_20240628_0_L2A;S2A_31TCM_20240628_0_L2A;S2A_31TCN_20240628_0_L2A,1.0,0.0302,0.9698,0.0291,-0.3242,otsu,1.139,0.0149,57957.1,1942.6,0.0346,2147.8,1112.8,2466.5,0.0192,0.1473,0.2517,0.226,espectro_anomalo,2026-09-03T20:49:03+00:00
brenne,2024-07-01,2,S2A_30TYS_20240701_0_L2A;S2A_30TYT_20240701_0_L2A,0.032,1.0033,0.0,0.1673,0.0,fijo,,,57957.1,0.0,0.0,0.4,0.0,0.0,,,,,sin_datos,2026-09-03T20:48:05+00:00
brenne,2024-07-03,2,S2B_30TYS_20240703_0_L2A;S2B_31TCM_20240703_0_L2A,1.0,0.9964,0.0036,0.1676,-0.168,otsu,,,57957.1,0.0,0.0,145.5,0.0,0.0,,,,,nublado,2026-09-03T20:48:05+00:00
brenne,2024-07-06,1,S2B_30TYT_20240706_0_L2A,0.0,0.0,0.0,,0.0,fijo,,,57957.1,0.0,0.0,0.0,0.0,0.0,,,,,sin_datos,2026-09-03T20:48:05+00:00
brenne,2024-07-08,4,S2A_30TYS_20240708_0_L2A;S2A_30TYT_20240708_0_L2A;S2A_31TCM_20240708_0_L2A;S2A_31TCN_20240708_0_L2A,1.0,0.0245,0.9755,0.0287,-0.1445,otsu,0.742,0.0169,57957.1,2686.0,0.0475,720.0,2392.6,3005.3,-0.0444,0.1722,0.3247,0.3645,ok,2026-09-03T20:49:03+00:00
brenne,2024-07-13,2,S2B_30TYS_20240713_0_L2A;S2B_30TYT_20240713_0_L2A,0.032,1.0036,0.0,,0.0,fijo,,,57957.1,0.0,0.0,0.0,0.0,0.0,,,,,sin_datos,2026-09-03T20:48:05+00:00
brenne,2024-07-18,4,S2A_30TYS_20240718_0_L2A;S2A_30TYT_20240718_0_L2A;S2A_31TCM_20240718_0_L2A;S2A_31TCN_20240718_0_L2A,1.0,0.0001,0.9999,0.0341,-0.1211,otsu,0.907,0.0246,57957.1,2520.4,0.0435,1437.7,1967.8,2872.8,-0.0794,0.1633,0.2961,0.2954,ok,2026-09-03T20:49:03+00:00
brenne,2024-07-28,4,S2A_30TYS_20240728_0_L2A;S2A_30TYT_20240728_0_L2A;S2A_31TCM_20240728_0_L2A;S2A_31TCN_20240728_0_L2A,1.0,0.0001,0.9999,0.0331,-0.1445,otsu,0.824,0.0218,57957.1,2774.1,0.0479,1098.1,2359.8,2968.4,-0.0787,0.2016,0.3353,0.4953,ok,2026-09-03T20:49:03+00:00
brenne,2024-07-31,2,S2A_30TYS_20240731_0_L2A;S2A_31TCM_20240731_0_L2A,1.0,0.8836,0.1164,0.1151,-0.3164,otsu,1.497,0.1259,57957.1,228.3,0.0338,3289.0,47.6,439.2,0.0291,0.1104,0.1661,0.0562,nublado,2026-09-03T20:49:03+00:00
brenne,2024-08-05,4,S2B_30TYS_20240805_0_L2A;S2B_30TYT_20240805_0_L2A;S2B_31TCM_20240805_0_L2A;S2B_31TCN_20240805_0_L2A,1.0,0.0333,0.9667,0.0329,-0.1055,otsu,0.826,0.0249,57957.1,2580.1,0.046,1231.6,2336.3,3041.7,-0.1029,0.2094,0.3582,0.5199,ok,2026-09-03T20:49:03+00:00
brenne,2024-08-10,4,S2A_30TYS_20240810_0_L2A;S2A_30TYT_20240810_0_L2A;S2A_31TCM_20240810_0_L2A;S2A_31TCN_20240810_0_L2A,1.0,0.0133,0.9867,0.0303,-0.1445,otsu,0.791,0.022,57957.1,2743.3,0.048,1136.6,2371.2,3048.4,-0.0795,0.1943,0.3587,0.4327,ok,2026-09-03T20:49:03+00:00
brenne,2024-08-12,4,S2B_30TYS_20240812_0_L2A;S2B_30TYT_20240812_0_L2A;S2B_31TCM_20240812_0_L2A;S2B_31TCN_20240812_0_L2A,1.0,0.0935,0.9065,0.0496,-0.1523,otsu,0.923,0.0395,57957.1,2444.0,0.0465,1630.3,1947.4,2548.3,-0.0903,0.1683,0.2878,0.3343,ok,2026-09-03T20:49:03+00:00
brenne,2024-08-15,4,S2B_30TYS_20240815_0_L2A;S2B_30TYT_20240815_0_L2A;S2B_31TCM_20240815_0_L2A;S2B_31TCN_20240815_0_L2A,1.0,0.2209,0.7791,0.0429,-0.0898,otsu,0.839,0.0291,57957.1,1844.5,0.0408,893.4,1802.0,2565.3,-0.1257,0.2141,0.3726,0.5197,nublado,2026-09-03T20:49:03+00:00
brenne,2024-08-20,3,S2A_30TYS_20240820_0_L2A;S2A_31TCM_20240820_0_L2A;S2A_31TCN_20240820_0_L2A,1.0,0.0653,0.9347,0.0328,-0.0977,otsu,0.82,0.0283,57957.1,2554.9,0.0472,1185.4,2299.4,2379.4,-0.1025,0.202,0.3312,0.4504,ok,2026-09-03T20:49:03+00:00
brenne,2024-08-22,4,S2B_30TYS_20240822_0_L2A;S2B_30TYT_20240822_0_L2A;S2B_31TCM_20240822_0_L2A;S2B_31TCN_20240822_0_L2A,1.0,0.0,1.0,0.05,-0.0742,otsu,1.072,0.0448,57957.1,1859.3,0.0321,2547.1,1130.6,2732.2,-0.0931,0.1637,0.2619,0.2808,ok,2026-09-03T20:49:03+00:00
brenne,2024-08-25,4,S2B_30TYS_20240825_0_L2A;S2B_30TYT_20240825_0_L2A;S2B_31TCM_20240825_0_L2A;S2B_31TCN_20240825_0_L2A,1.0,0.3313,0.6687,0.043,-0.0742,otsu,0.884,0.0308,57957.1,1419.6,0.0366,647.8,1358.9,2023.4,-0.1217,0.2047,0.3398,0.4948,nublado,2026-09-03T20:49:03+00:00
brenne,2024-08-27,4,S2A_30TYS_20240827_0_L2A;S2A_30TYT_20240827_0_L2A;S2A_31TCM_20240827_0_L2A;S2A_31TCN_20240827_0_L2A,1.0,0.0001,0.9999,0.0342,-0.1211,otsu,0.909,0.0245,57957.1,2693.9,0.0465,1303.2,2184.9,3185.3,-0.082,0.1923,0.3135,0.4371,ok,2026-09-03T20:49:53+00:00
brenne,2024-08-30,1,S2A_31TCM_20240830_0_L2A,1.0,0.3568,0.6432,0.0448,-0.1523,otsu,0.971,0.0381,57957.1,1444.5,0.0388,967.2,1203.5,1802.2,-0.0936,0.1901,0.3012,0.4364,nublado,2026-09-03T20:49:53+00:00
brenne,2024-09-14,2,S2B_30TYS_20240914_0_L2A;S2B_31TCM_20240914_0_L2A,1.0,0.7065,0.2935,0.0596,-0.168,otsu,1.117,0.0548,57957.1,402.7,0.0237,602.6,289.3,725.2,-0.1071,0.1716,0.2759,0.4005,nublado,2026-09-03T20:49:53+00:00
brenne,2024-09-19,4,S2A_30TYS_20240919_0_L2A;S2A_30TYT_20240919_0_L2A;S2A_31TCM_20240919_0_L2A;S2A_31TCN_20240919_0_L2A,1.0,0.0002,0.9998,0.0257,-0.0977,otsu,0.722,0.0216,57957.1,2934.4,0.0506,1000.2,2693.8,3406.6,-0.0965,0.2086,0.3412,0.523,ok,2026-09-03T20:49:53+00:00
brenne,2024-09-24,1,S2B_30TYT_20240924_0_L2A,0.0,0.0,0.0,,0.0,fijo,,,57957.1,0.0,0.0,0.0,0.0,0.0,,,,,sin_datos,2026-09-03T20:49:53+00:00
brenne,2024-10-04,4,S2B_30TYS_20241004_0_L2A;S2B_30TYT_20241004_0_L2A;S2B_31TCM_20241004_0_L2A;S2B_31TCN_20241004_0_L2A,1.0,0.2351,0.7649,0.042,-0.0117,otsu,0.918,0.0402,57957.1,1633.9,0.0369,785.8,1582.7,3472.2,-0.1457,0.1673,0.303,0.3471,nublado,2026-09-03T20:49:53+00:00
brenne,2024-10-11,1,S2B_31TCM_20241011_0_L2A,1.0,0.7099,0.2901,0.0632,0.0352,otsu,0.645,0.0566,57957.1,1262.9,0.0751,448.8,1231.4,1800.6,-0.1476,0.1292,0.2829,0.225,nublado,2026-09-03T20:49:53+00:00
brenne,2024-10-14,1,S2B_31TCN_20241014_0_L2A,0.0375,0.9883,0.0004,0.0309,0.0,fijo,,,57957.1,0.0,0.0,0.0,0.0,0.0,,,,,sin_datos,2026-09-03T20:49:53+00:00
brenne,2024-10-16,4,S2A_30TYS_20241016_0_L2A;S2A_30TYT_20241016_0_L2A;S2A_31TCM_20241016_0_L2A;S2A_31TCN_20241016_0_L2A,1.0,0.1473,0.8527,0.0292,-0.3086,otsu,1.006,0.0324,57957.1,1487.5,0.0301,3953.0,1170.8,2369.4,-0.0764,0.1729,0.3052,0.3674,ok,2026-09-03T20:49:53+00:00
brenne,2024-10-21,4,S2B_30TYS_20241021_0_L2A;S2B_30TYT_20241021_0_L2A;S2B_31TCM_20241021_0_L2A;S2B_31TCN_20241021_0_L2A,1.0,0.0,1.0,0.024,-0.082,otsu,0.747,0.0197,57957.1,3032.7,0.0523,528.3,2677.4,4057.4,-0.0492,0.182,0.3066,0.4403,ok,2026-09-03T20:49:53+00:00
brenne,2024-10-24,4,S2B_30TYS_20241024_0_L2A;S2B_30TYT_20241024_0_L2A;S2B_31TCM_20241024_0_L2A;S2B_31TCN_20241024_0_L2A,1.0,0.0008,0.9992,0.024,-0.0898,otsu,0.794,0.0218,57957.1,2844.4,0.0491,764.8,2448.0,3863.3,-0.0666,0.1785,0.2941,0.4203,ok,2026-09-03T20:49:53+00:00
brenne,2024-10-29,1,S2A_31TCM_20241029_0_L2A,1.0,0.9998,0.0002,0.2025,0.0,fijo,,,57957.1,1.6,0.1117,1.0,0.0,2422.3,-0.0163,0.0423,0.0499,0.0,nublado,2026-09-03T20:50:53+00:00
brenne,2024-10-31,1,S2B_31TCM_20241031_0_L2A,1.0,1.0,0.0,,0.0,fijo,,,57957.1,0.0,0.0,0.0,0.0,11.2,,,,,nublado,2026-09-03T20:50:53+00:00
brenne,2024-11-03,2,S2B_30TYS_20241103_0_L2A;S2B_31TCM_20241103_0_L2A,1.0,0.9742,0.0258,0.1414,0.0,fijo,1.085,0.1541,57957.1,105.4,0.0706,12.3,93.7,230.4,-0.0793,0.0399,0.0677,0.0,nublado,2026-09-03T20:50:53+00:00
brenne,2024-11-05,2,S2A_30TYS_20241105_0_L2A;S2C_30TYS_20241105_1_L2A,0.032,0.5615,0.014,0.0001,0.0,fijo,,,57957.1,0.0,0.0,3.7,0.0,18.5,,,,,sin_datos,2026-09-03T20:49:53+00:00
brenne,2024-11-08,4,S2A_30TYS_20241108_0_L2A;S2A_31TCM_20241108_0_L2A;S2C_30TYS_20241108_1_L2A;S2C_31TCM_20241108_1_L2A,1.0,0.3322,0.6678,0.0001,0.0,fijo,1.0,0.0001,57957.1,48.9,0.0013,36.7,72.3,2707.4,-0.2752,0.3212,0.9654,0.5258,nublado,2026-09-03T20:50:53+00:00
brenne,2024-11-13,2,S2B_30TYS_20241113_0_L2A;S2B_31TCM_20241113_0_L2A,1.0,0.9618,0.0382,0.1082,0.0,fijo,1.56,0.1035,57957.1,10.1,0.0046,16.5,6.8,39.7,-0.1083,0.0632,0.1107,0.0,nublado,2026-09-03T20:50:53+00:00
brenne,2024-11-15,4,S2A_30TYS_20241115_0_L2A;S2A_31TCM_20241115_0_L2A;S2C_30TYS_20241115_1_L2A;S2C_31TCM_20241115_1_L2A,1.0,0.7557,0.2443,0.0001,0.0,fijo,140.0,0.0001,57957.1,26.2,0.0019,87.3,42.1,1244.7,-0.4686,0.2289,0.9848,0.3145,nublado,2026-09-03T20:50:53+00:00
brenne,2024-11-20,2,S2B_30TYT_20241120_0_L2A;S2B_31TCN_20241120_0_L2A,0.0375,0.6755,0.0122,0.0518,0.0,fijo,,,57957.1,0.0,0.0,0.3,0.0,3.5,,,,,sin_datos,2026-09-03T20:50:53+00:00
brenne,2024-11-30,3,S2B_30TYT_20241130_0_L2A;S2B_31TCM_20241130_1_L2A;S2B_31TCN_20241130_0_L2A,0.2793,1.0004,0.0002,0.2095,0.0,fijo,,,57957.1,0.0,0.0,0.0,0.0,726.9,,,,,sin_datos,2026-09-03T20:50:53+00:00
brenne,2024-12-03,2,S2B_30TYS_20241203_0_L2A;S2B_31TCM_20241203_0_L2A,1.0,0.9574,0.0426,0.1272,-0.0586,otsu,1.48,0.1352,57957.1,6.8,0.0027,1255.1,0.7,83.3,-0.0364,0.0631,0.0885,0.0,nublado,2026-09-03T20:51:54+00:00
brenne,2024-12-13,1,S2B_30TYS_20241213_0_L2A,0.032,1.003,0.0,0.1851,0.0,fijo,,,57957.1,0.6,0.8235,0.0,0.6,2.2,-0.0518,0.0166,0.0238,0.0,sin_datos,2026-09-03T20:50:53+00:00
brenne,2024-12-15,4,S2A_30TYT_20241215_0_L2A;S2A_31TCN_20241215_0_L2A;S2C_30TYT_20241215_1_L2A;S2C_31TCN_20241215_1_L2A,0.0375,1.0,0.0,,0.0,fijo,,,57957.1,0.0,0.0,0.0,0.0,0.0,,,,,sin_datos,2026-09-03T20:50:53+00:00
brenne,2024-12-20,3,S2B_30TYS_20241220_0_L2A;S2B_31TCM_20241220_0_L2A;S2B_31TCN_20241220_0_L2A,1.0,0.0216,0.9784,0.0261,-0.1836,otsu,1.163,0.0209,57957.1,2399.1,0.0423,539.8,1641.8,4436.3,0.0242,0.1099,0.2152,0.1278,espectro_anomalo,2026-09-03T20:50:53+00:00
brenne,2024-12-23,4,S2B_30TYS_20241223_0_L2A;S2B_30TYT_20241223_0_L2A;S2B_31TCM_20241223_0_L2A;S2B_31TCN_20241223_0_L2A,1.0,0.694,0.306,0.0848,-0.2773,otsu,1.456,0.0891,57957.1,391.4,0.0221,10244.1,92.8,882.7,-0.0471,0.0657,0.108,0.0108,nublado,2026-09-03T20:50:53+00:00
brenne,2024-12-28,2,S2A_30TYS_20241228_0_L2A;S2A_31TCM_20241228_0_L2A,1.0,1.0,0.0,,0.0,fijo,,,57957.1,0.0,0.0,0.0,0.0,22.1,,,,,nublado,2026-09-03T20:51:54+00:00
brenne,2025-01-12,3,S2B_30TYS_20250112_0_L2A;S2B_30TYT_20250112_0_L2A;S2B_31TCM_20250112_0_L2A,1.0,0.7358,0.2642,0.0763,0.082,otsu,0.96,0.0569,57957.1,930.7,0.0608,36.2,925.2,1787.5,-0.0884,0.0016,0.068,0.0034,nublado,2026-09-03T20:51:54+00:00
brenne,2025-01-14,4,S2A_30TYS_20250114_0_L2A;S2A_30TYT_20250114_0_L2A;S2A_31TCM_20250114_0_L2A;S2A_31TCN_20250114_0_L2A,1.0,0.0048,0.9952,0.0218,-0.0117,otsu,0.689,0.0103,57957.1,3229.8,0.056,245.2,3141.5,5131.8,0.0433,0.0636,0.186,0.0847,ok,2026-09-03T20:51:54+00:00
brenne,2025-01-17,4,S2A_30TYS_20250117_0_L2A;S2A_30TYT_20250117_0_L2A;S2A_31TCM_20250117_0_L2A;S2A_31TCN_20250117_0_L2A,1.0,0.0,1.0,0.0214,-0.0508,otsu,0.695,0.0155,57957.1,3672.0,0.0634,281.0,3308.6,5159.5,0.0147,0.061,0.1604,0.0494,ok,2026-09-03T20:51:54+00:00
brenne,2025-02-01,2,S2B_30TYS_20250201_0_L2A;S2B_31TCM_20250201_0_L2A,1.0,0.992,0.008,0.1519,-0.0039,otsu,0.954,0.1547,57957.1,132.8,0.2854,49.1,76.9,189.8,-0.0656,0.0145,0.0358,0.0,nublado,2026-09-03T20:51:54+00:00
brenne,2025-02-03,3,S2C_30TYS_20250203_0_L2A;S2C_31TCM_20250203_0_L2A;S2C_31TCN_20250203_0_L2A,1.0,0.2924,0.7076,0.1525,0.0,fijo,1.231,0.1752,57957.1,31.4,0.0008,9.9,28.6,4013.9,-0.2513,0.0788,0.388,0.1438,nublado,2026-09-03T20:51:54+00:00
brenne,2025-02-16,4,S2C_30TYS_20250216_0_L2A;S2C_30TYT_20250216_0_L2A;S2C_31TCM_20250216_0_L2A;S2C_31TCN_20250216_0_L2A,1.0,0.0003,0.9997,0.0001,0.0,fijo,1.0,0.0001,57957.1,105.5,0.0018,18.9,102.2,4829.4,-0.4066,0.1888,0.7897,0.3565,espectro_anomalo,2026-09-03T20:51:54+00:00
brenne,2025-02-23,2,S2C_30TYS_20250223_0_L2A;S2C_31TCM_20250223_0_L2A,1.0,0.4026,0.5974,0.0001,0.0,fijo,1.0,0.0001,57957.1,89.4,0.0026,20.5,112.1,2727.8,-0.369,0.144,0.8606,0.3553,nublado,2026-09-03T20:51:54+00:00
brenne,2025-02-28,3,S2B_30TYS_20250228_0_L2A;S2B_30TYT_20250228_0_L2A;S2B_31TCN_20250228_0_L2A,0.0695,0.7675,0.0162,0.0001,0.0,fijo,1.0,0.0001,57957.1,1.7,0.0018,0.2,1.1,32.8,-0.3855,0.5582,0.9497,0.6905,sin_datos,2026-09-03T20:51:54+00:00
brenne,2025-03-03,2,S2B_30TYT_20250303_0_L2A;S2B_31TCN_20250303_0_L2A,0.0375,1.0,0.0,,0.0,fijo,,,57957.1,0.0,0.0,0.0,0.0,0.0,,,,,sin_datos,2026-09-03T20:51:54+00:00
brenne,2025-03-05,4,S2C_30TYS_20250305_0_L2A;S2C_30TYT_20250305_0_L2A;S2C_31TCM_20250305_0_L2A;S2C_31TCN_20250305_0_L2A,1.0,0.0001,0.9999,0.0001,0.0,fijo,1.0,0.0001,57957.1,136.2,0.0023,22.5,133.0,4464.8,-0.4165,0.1317,0.8506,0.3152,espectro_anomalo,2026-09-04T06:45:20+00:00
brenne,2025-03-10,2,S2B_30TYS_20250310_0_L2A;S2B_31TCM_20250310_0_L2A,1.0,0.9922,0.0078,0.0001,0.0,fijo,,,57957.1,7.6,0.0169,1.5,5.8,8.2,-0.0152,0.1032,0.1984,0.089,nublado,2026-09-03T20:51:54+00:00
brenne,2025-03-17,4,S2A_30TYS_20250317_0_L2A;S2A_30TYT_20250317_0_L2A;S2A_31TCM_20250317_0_L2A;S2A_31TCN_20250317_0_L2A,1.0,0.973,0.027,0.1114,-0.1367,otsu,1.059,0.1224,57957.1,335.8,0.2148,394.8,204.5,380.6,-0.0681,0.0138,0.0583,0.0002,nublado,2026-09-04T06:45:20+00:00
brenne,2025-03-18,4,S2C_30TYS_20250318_0_L2A;S2C_30TYT_20250318_0_L2A;S2C_31TCM_20250318_0_L2A;S2C_31TCN_20250318_0_L2A,1.0,0.0,1.0,0.0258,-0.1367,otsu,0.69,0.0106,57957.1,3539.6,0.0611,308.5,3190.9,4727.0,-0.0179,0.0549,0.1707,0.0613,ok,2026-09-04T06:45:20+00:00
brenne,2025-03-27,4,S2A_30TYS_20250327_0_L2A;S2A_30TYT_20250327_0_L2A;S2A_31TCM_20250327_0_L2A;S2A_31TCN_20250327_0_L2A,1.0,0.7544,0.2456,0.059,-0.0742,otsu,0.758,0.0385,57957.1,941.9,0.0662,111.6,843.6,1296.5,-0.0746,0.0289,0.0988,0.0074,nublado,2026-09-04T06:45:20+00:00
brenne,2025-04-02,2,S2B_30TYT_20250402_0_L2A;S2B_31TCN_20250402_0_L2A,0.0375,0.9128,0.0033,0.0714,0.0,fijo,,,57957.1,0.0,0.0,1.3,0.0,0.0,,,,,sin_datos,2026-09-04T06:45:20+00:00
brenne,2025-04-06,4,S2A_30TYS_20250406_0_L2A;S2A_30TYT_20250406_0_L2A;S2A_31TCM_20250406_0_L2A;S2A_31TCN_20250406_0_L2A,1.0,0.0001,0.9999,0.0347,-0.1211,otsu,0.762,0.0209,57957.1,3503.2,0.0605,551.8,2865.0,3927.0,-0.0414,0.075,0.1505,0.0338,ok,2026-09-04T06:45:20+00:00
brenne,2025-04-07,4,S2C_30TYS_20250407_0_L2A;S2C_30TYT_20250407_0_L2A;S2C_31TCM_20250407_0_L2A;S2C_31TCN_20250407_0_L2A,1.0,0.0072,0.9928,0.0269,-0.1523,otsu,0.849,0.0144,57957.1,3282.0,0.057,753.0,2422.1,3820.7,-0.0203,0.0447,0.1376,0.0313,ok,2026-09-04T06:45:20+00:00
brenne,2025-04-09,8,S2A_30TYS_20250409_2_L2A;S2A_30TYT_20250409_1_L2A;S2A_31TCM_20250409_1_L2A;S2A_31TCN_20250409_1_L2A;S2B_30TYS_20250409_0_L2A;S2B_30TYT_20250409_0_L2A;S2B_31TCM_20250409_0_L2A;S2B_31TCN_20250409_0_L2A,1.0,0.0001,0.9999,0.0382,-0.0977,otsu,0.808,0.0253,57957.1,3313.2,0.0572,851.6,2596.6,3806.8,-0.0472,0.0657,0.1415,0.0256,ok,2026-09-04T06:45:20+00:00
brenne,2025-04-14,1,S2C_31TCM_20250414_0_L2A,1.0,0.4978,0.5022,0.0485,-0.168,otsu,1.023,0.0352,57957.1,946.9,0.0325,712.4,704.3,1650.7,-0.0664,0.0627,0.1287,0.015,nublado,2026-09-04T06:45:20+00:00
brenne,2025-04-16,3,S2A_30TYS_20250416_0_L2A;S2A_30TYT_20250416_0_L2A;S2A_31TCN_20250416_0_L2A,0.0695,0.8178,0.0127,0.0597,-0.168,otsu,0.635,0.0232,57957.1,22.9,0.031,69.4,21.0,18.6,-0.0453,0.0538,0.1746,0.0402,sin_datos,2026-09-04T06:45:20+00:00
brenne,2025-04-17,4,S2C_30TYS_20250417_0_L2A;S2C_30TYT_20250417_0_L2A;S2C_31TCM_20250417_0_L2A;S2C_31TCN_20250417_0_L2A,1.0,0.7423,0.2577,0.0474,-0.082,otsu,0.7,0.0345,57957.1,848.4,0.0568,217.2,808.3,1287.2,-0.0823,0.0079,0.105,0.0115,nublado,2026-09-04T06:45:20+00:00
brenne,2025-04-27,4,S2C_30TYS_20250427_0_L2A;S2C_30TYT_20250427_0_L2A;S2C_31TCM_20250427_0_L2A;S2C_31TCN_20250427_0_L2A,1.0,0.2437,0.7563,0.0382,-0.0664,otsu,0.905,0.0409,57957.1,1857.3,0.0424,1328.3,1539.7,2427.1,-0.0757,0.0727,0.1437,0.023,nublado,2026-09-04T06:46:36+00:00
brenne,2025-05-06,4,S2A_30TYS_20250506_0_L2A;S2A_30TYT_20250506_0_L2A;S2A_31TCM_20250506_0_L2A;S2A_31TCN_20250506_0_L2A,1.0,0.7053,0.2947,0.049,-0.1211,otsu,0.621,0.0432,57957.1,830.7,0.0486,322.7,791.8,1161.0,-0.0589,0.0131,0.1068,0.0194,nublado,2026-09-04T06:46:36+00:00
brenne,2025-05-07,1,S2C_30TYS_20250507_0_L2A,0.032,0.615,0.0124,0.0512,-0.0977,otsu,,,57957.1,19.4,0.027,9.8,15.6,15.1,-0.0223,0.0918,0.1285,0.0,sin_datos,2026-09-04T06:45:20+00:00
brenne,2025-05-09,8,S2A_30TYS_20250509_1_L2A;S2A_30TYT_20250509_1_L2A;S2A_31TCM_20250509_1_L2A;S2A_31TCN_20250509_1_L2A;S2B_30TYS_20250509_0_L2A;S2B_30TYT_20250509_0_L2A;S2B_31TCM_20250509_0_L2A;S2B_31TCN_20250509_0_L2A,1.0,0.6271,0.3729,0.0524,-0.0273,otsu,0.481,0.0422,57957.1,928.5,0.043,167.4,920.2,1300.1,-0.075,0.0125,0.1235,0.0143,nublado,2026-09-04T06:46:36+00:00
brenne,2025-05-14,4,S2C_30TYS_20250514_0_L2A;S2C_30TYT_20250514_0_L2A;S2C_31TCM_20250514_0_L2A;S2C_31TCN_20250514_0_L2A,1.0,0.1864,0.8136,0.0281,-0.1914,otsu,0.768,0.0174,57957.1,2104.2,0.0446,891.0,1702.4,2117.4,-0.0344,0.0717,0.1919,0.0889,ok,2026-09-04T06:46:36+00:00
brenne,2025-05-16,4,S2A_30TYS_20250516_0_L2A;S2A_30TYT_20250516_0_L2A;S2A_31TCM_20250516_0_L2A;S2A_31TCN_20250516_0_L2A,1.0,0.0243,0.9757,0.0281,-0.168,otsu,0.914,0.0183,57957.1,2609.0,0.0461,1350.4,1864.4,2691.8,-0.0357,0.0956,0.1888,0.0774,ok,2026-09-04T06:46:36+00:00
brenne,2025-05-17,4,S2C_30TYS_20250517_0_L2A;S2C_30TYT_20250517_0_L2A;S2C_31TCM_20250517_0_L2A;S2C_31TCN_20250517_0_L2A,1.0,0.0009,0.9991,0.025,-0.1992,otsu,1.058,0.0283,57957.1,2646.0,0.0457,2015.5,1608.5,2613.0,-0.033,0.0742,0.1605,0.0428,ok,2026-09-04T06:46:36+00:00
brenne,2025-05-19,4,S2A_30TYT_20250519_1_L2A;S2A_31TCN_20250519_1_L2A;S2B_30TYT_20250519_0_L2A;S2B_31TCN_20250519_0_L2A,0.0375,1.0,0.0,,0.0,fijo,,,57957.1,0.0,0.0,0.0,0.0,0.0,,,,,sin_datos,2026-09-04T06:46:36+00:00
brenne,2025-05-22,4,S2B_30TYS_20250522_0_L2A;S2B_30TYT_20250522_0_L2A;S2B_31TCM_20250522_0_L2A;S2B_31TCN_20250522_0_L2A,1.0,0.4981,0.5019,0.0458,-0.1133,otsu,0.883,0.0522,57957.1,1646.7,0.0566,923.1,1446.9,1741.8,-0.0681,0.0658,0.1456,0.026,nublado,2026-09-04T06:46:36+00:00
brenne,2025-05-24,4,S2C_30TYS_20250524_0_L2A;S2C_30TYT_20250524_0_L2A;S2C_31TCM_20250524_0_L2A;S2C_31TCN_20250524_0_L2A,1.0,0.874,0.126,0.0761,0.0,fijo,2.125,0.0718,57957.1,65.4,0.009,13.1,71.2,218.0,-0.0406,0.0778,0.1592,0.0269,nublado,2026-09-04T06:46:36+00:00
brenne,2025-05-29,2,S2A_30TYS_20250529_1_L2A;S2B_31TCM_20250529_0_L2A,1.0,1.0,0.0,,0.0,fijo,,,57957.1,0.0,0.0,0.0,0.0,0.0,,,,,nublado,2026-09-04T06:46:36+00:00
brenne,2025-06-03,3,S2C_30TYS_20250603_0_L2A;S2C_30TYT_20250603_0_L2A;S2C_31TCN_20250603_0_L2A,0.0695,0.4041,0.0415,0.026,0.0,fijo,,,57957.1,18.2,0.0076,6.7,17.4,11.8,-0.0697,0.1185,0.2011,0.1031,sin_datos,2026-09-04T06:46:36+00:00
brenne,2025-06-08,8,S2A_30TYS_20250608_1_L2A;S2A_30TYT_20250608_1_L2A;S2A_31TCM_20250608_1_L2A;S2A_31TCN_20250608_1_L2A;S2B_30TYS_20250608_0_L2A;S2B_30TYT_20250608_0_L2A;S2B_31TCM_20250608_0_L2A;S2B_31TCN_20250608_0_L2A,1.0,0.3191,0.6809,0.0598,-0.043,otsu,0.793,0.0531,57957.1,1936.9,0.0491,885.8,1758.1,1857.4,-0.079,0.0817,0.1561,0.0286,nublado,2026-09-04T06:47:44+00:00
brenne,2025-06-11,4,S2B_30TYS_20250611_0_L2A;S2B_30TYT_20250611_0_L2A;S2B_31TCM_20250611_0_L2A;S2B_31TCN_20250611_0_L2A,1.0,0.1061,0.8939,0.0409,-0.2461,otsu,1.216,0.0429,57957.1,1957.0,0.0378,2646.1,791.0,2282.8,-0.0384,0.0932,0.1589,0.0307,espectro_anomalo,2026-09-04T06:47:44+00:00
brenne,2025-06-13,4,S2C_30TYS_20250613_0_L2A;S2C_30TYT_20250613_0_L2A;S2C_31TCM_20250613_0_L2A;S2C_31TCN_20250613_0_L2A,1.0,0.0003,0.9997,0.0326,-0.2305,otsu,0.721,0.021,57957.1,3008.4,0.0519,1081.4,2650.1,2427.6,-0.0382,0.1117,0.2343,0.166,ok,2026-09-04T06:46:36+00:00
brenne,2025-06-16,4,S2C_30TYS_20250616_0_L2A;S2C_30TYT_20250616_0_L2A;S2C_31TCM_20250616_0_L2A;S2C_31TCN_20250616_0_L2A,1.0,0.5096,0.4904,0.046,-0.2148,otsu,0.992,0.0409,57957.1,1367.1,0.0481,928.6,1189.4,1512.6,-0.0632,0.0884,0.1967,0.0953,nublado,2026-09-04T06:47:44+00:00
brenne,2025-06-18,8,S2A_30TYS_20250618_1_L2A;S2A_30TYT_20250618_1_L2A;S2A_31TCM_20250618_1_L2A;S2A_31TCN_20250618_1_L2A;S2B_30TYS_20250618_0_L2A;S2B_30TYT_20250618_0_L2A;S2B_31TCM_20250618_0_L2A;S2B_31TCN_20250618_0_L2A,1.0,0.0001,0.9999,0.0432,-0.1133,otsu,0.832,0.0301,57957.1,2820.8,0.0487,1207.1,2393.2,2831.4,-0.0653,0.1209,0.2219,0.1517,ok,2026-09-04T06:47:44+00:00
brenne,2025-06-21,4,S2B_30TYS_20250621_0_L2A;S2B_30TYT_20250621_0_L2A;S2B_31TCM_20250621_0_L2A;S2B_31TCN_20250621_0_L2A,1.0,0.6603,0.3397,0.0548,-0.207,otsu,0.988,0.0405,57957.1,770.4,0.0391,588.4,522.4,628.6,-0.0542,0.1145,0.1952,0.089,nublado,2026-09-04T06:47:44+00:00
brenne,2025-06-23,4,S2C_30TYS_20250623_0_L2A;S2C_30TYT_20250623_0_L2A;S2C_31TCM_20250623_0_L2A;S2C_31TCN_20250623_0_L2A,1.0,0.0071,0.9929,0.0391,-0.207,otsu,0.869,0.0214,57957.1,2585.6,0.0449,1280.0,2043.0,2531.9,-0.0439,0.143,0.2605,0.2692,ok,2026-09-04T06:47:44+00:00
brenne,2025-06-25,4,S2A_30TYS_20250625_0_L2A;S2A_30TYT_20250625_0_L2A;S2A_31TCM_20250625_0_L2A;S2A_31TCN_20250625_0_L2A,1.0,0.0004,0.9996,0.0394,-0.2539,otsu,1.005,0.0241,57957.1,2519.0,0.0435,1629.3,1520.4,2415.5,-0.033,0.1479,0.2411,0.2433,ok,2026-09-04T06:47:44+00:00
brenne,2025-06-26,1,S2C_31TCN_20250626_0_L2A,0.0375,0.9977,0.0001,0.1059,0.0,fijo,,,57957.1,0.0,0.0,0.1,0.0,0.0,,,,,sin_datos,2026-09-04T06:47:44+00:00
brenne,2025-06-28,8,S2A_30TYS_20250628_1_L2A;S2A_30TYT_20250628_1_L2A;S2A_31TCM_20250628_1_L2A;S2A_31TCN_20250628_2_L2A;S2B_30TYS_20250628_0_L2A;S2B_30TYT_20250628_0_L2A;S2B_31TCM_20250628_0_L2A;S2B_31TCN_20250628_1_L2A,1.0,0.0009,0.9991,0.0421,-0.1289,otsu,0.78,0.0249,57957.1,2733.8,0.0472,1077.7,2417.1,3034.7,-0.0642,0.1631,0.2926,0.3289,ok,2026-09-04T06:47:44+00:00
brenne,2025-07-01,4,S2B_30TYS_20250701_0_L2A;S2B_30TYT_20250701_0_L2A;S2B_31TCM_20250701_0_L2A;S2B_31TCN_20250701_0_L2A,1.0,0.0001,0.9999,0.0461,-0.2383,otsu,1.085,0.0375,57957.1,2321.0,0.0401,2247.0,1205.1,2423.1,-0.0456,0.136,0.2334,0.1807,ok,2026-09-04T06:47:44+00:00
brenne,2025-07-03,3,S2C_30TYS_20250703_0_L2A;S2C_30TYT_20250703_0_L2A;S2C_31TCN_20250703_0_L2A,0.0695,0.9466,0.0038,0.1662,0.0,fijo,,,57957.1,0.4,0.002,0.8,0.6,6.2,-0.0744,0.1065,0.1203,0.0,sin_datos,2026-09-04T06:47:44+00:00
brenne,2025-07-05,4,S2A_30TYS_20250705_0_L2A;S2A_30TYT_20250705_0_L2A;S2A_31TCM_20250705_0_L2A;S2A_31TCN_20250705_0_L2A,1.0,0.9999,0.0001,0.1393,0.0,fijo,,,57957.1,6.6,0.9595,0.1,3.9,0.0,0.0025,0.0366,0.0741,0.0,nublado,2026-09-04T06:47:44+00:00
brenne,2025-07-08,8,S2A_30TYS_20250708_1_L2A;S2A_30TYT_20250708_1_L2A;S2A_31TCM_20250708_1_L2A;S2A_31TCN_20250708_1_L2A;S2B_30TYS_20250708_0_L2A;S2B_30TYT_20250708_0_L2A;S2B_31TCM_20250708_0_L2A;S2B_31TCN_20250708_0_L2A,1.0,0.2389,0.7611,0.0543,-0.1133,otsu,0.825,0.0393,57957.1,1966.6,0.0446,994.9,1746.5,2270.6,-0.085,0.169,0.2844,0.3553,nublado,2026-09-04T06:49:05+00:00
brenne,2025-07-11,4,S2B_30TYS_20250711_0_L2A;S2B_30TYT_20250711_0_L2A;S2B_31TCM_20250711_0_L2A;S2B_31TCN_20250711_0_L2A,1.0,0.0001,0.9999,0.0443,-0.1758,otsu,0.939,0.0435,57957.1,2666.2,0.046,1713.2,2071.2,2548.6,-0.0569,0.1483,0.257,0.2525,ok,2026-09-04T06:49:05+00:00
brenne,2025-07-13,4,S2C_30TYS_20250713_0_L2A;S2C_30TYT_20250713_0_L2A;S2C_31TCM_20250713_0_L2A;S2C_31TCN_20250713_0_L2A,1.0,0.0058,0.9942,0.0474,-0.1523,otsu,0.842,0.0335,57957.1,2664.4,0.0462,1385.1,2352.4,2484.6,-0.0778,0.174,0.2962,0.369,ok,2026-09-04T06:49:05+00:00
brenne,2025-07-15,3,S2A_30TYT_20250715_0_L2A;S2A_31TCM_20250715_0_L2A;S2A_31TCN_20250715_0_L2A,1.0,0.7744,0.2256,0.0984,0.0,fijo,1.31,0.0837,57957.1,257.3,0.0197,138.0,247.8,602.7,-0.0923,0.1281,0.213,0.1399,nublado,2026-09-04T06:49:05+00:00
brenne,2025-07-16,2,S2C_30TYS_20250716_0_L2A;S2C_31TCM_20250716_0_L2A,1.0,0.01,0.99,0.0431,-0.1914,otsu,0.947,0.0357,57957.1,2414.7,0.0421,1747.0,1942.4,2445.9,-0.0636,0.1684,0.2903,0.3373,ok,2026-09-04T06:49:05+00:00
brenne,2025-07-26,4,S2C_30TYS_20250726_0_L2A;S2C_30TYT_20250726_0_L2A;S2C_31TCM_20250726_0_L2A;S2C_31TCN_20250726_0_L2A,1.0,0.7265,0.2735,0.062,-0.1367,otsu,0.882,0.0467,57957.1,787.8,0.0497,380.2,752.8,1324.4,-0.1185,0.1474,0.2777,0.2869,nublado,2026-09-04T06:49:05+00:00
brenne,2025-07-28,8,S2A_30TYS_20250728_1_L2A;S2A_30TYT_20250728_1_L2A;S2A_31TCM_20250728_1_L2A;S2A_31TCN_20250728_1_L2A;S2B_30TYS_20250728_0_L2A;S2B_30TYT_20250728_0_L2A;S2B_31TCM_20250728_0_L2A;S2B_31TCN_20250728_0_L2A,1.0,0.7401,0.2599,0.0796,-0.0352,otsu,0.882,0.0554,57957.1,698.9,0.0464,222.6,683.5,1089.1,-0.1178,0.1501,0.2732,0.2797,nublado,2026-09-04T06:49:05+00:00
brenne,2025-07-31,4,S2B_30TYS_20250731_0_L2A;S2B_30TYT_20250731_0_L2A;S2B_31TCM_20250731_0_L2A;S2B_31TCN_20250731_0_L2A,1.0,0.6696,0.3304,0.0817,0.0039,otsu,0.758,0.071,57957.1,1103.3,0.0576,399.2,1086.3,1444.5,-0.1266,0.1362,0.2247,0.1832,nublado,2026-09-04T06:49:05+00:00
brenne,2025-08-02,2,S2C_30TYS_20250802_0_L2A;S2C_31TCM_20250802_0_L2A,1.0,0.7281,0.2719,0.0736,-0.082,otsu,0.785,0.0495,57957.1,758.0,0.0481,250.2,739.6,1107.3,-0.1331,0.1493,0.2669,0.2937,nublado,2026-09-04T06:49:05+00:00
brenne,2025-08-04,4,S2A_30TYS_20250804_0_L2A;S2A_30TYT_20250804_0_L2A;S2A_31TCM_20250804_0_L2A;S2A_31TCN_20250804_0_L2A,1.0,0.9338,0.0662,0.1103,-0.2305,otsu,1.733,0.1098,57957.1,15.5,0.004,1594.1,2.4,225.6,-0.0034,0.1348,0.2011,0.1031,nublado,2026-09-04T06:49:05+00:00
brenne,2025-08-05,4,S2C_30TYS_20250805_0_L2A;S2C_30TYT_20250805_0_L2A;S2C_31TCM_20250805_0_L2A;S2C_31TCN_20250805_0_L2A,1.0,0.5572,0.4428,0.0614,-0.0742,otsu,0.828,0.0581,57957.1,1223.2,0.0477,708.9,1092.9,1466.1,-0.1096,0.1479,0.2569,0.2462,nublado,2026-09-04T06:50:23+00:00
brenne,2025-08-07,8,S2A_30TYS_20250807_1_L2A;S2A_30TYT_20250807_1_L2A;S2A_31TCM_20250807_1_L2A;S2A_31TCN_20250807_1_L2A;S2B_30TYS_20250807_0_L2A;S2B_30TYT_20250807_0_L2A;S2B_31TCM_20250807_0_L2A;S2B_31TCN_20250807_0_L2A,1.0,0.0002,0.9998,0.0411,-0.0898,otsu,0.821,0.027,57957.1,2541.3,0.0439,1158.4,2210.4,3027.5,-0.0832,0.1902,0.3099,0.4924,ok,2026-09-04T06:50:23+00:00
brenne,2025-08-10,4,S2B_30TYS_20250810_0_L2A;S2B_30TYT_20250810_0_L2A;S2B_31TCM_20250810_0_L2A;S2B_31TCN_20250810_0_L2A,1.0,0.0001,0.9999,0.0428,-0.1133,otsu,0.889,0.0365,57957.1,2510.4,0.0433,1438.8,2067.1,2725.1,-0.0803,0.1831,0.2808,0.4359,ok,2026-09-04T06:49:05+00:00
brenne,2025-08-12,4,S2C_30TYS_20250812_0_L2A;S2C_30TYT_20250812_0_L2A;S2C_31TCM_20250812_0_L2A;S2C_31TCN_20250812_0_L2A,1.0,0.0001,0.9999,0.0441,-0.2852,otsu,1.219,0.0307,57957.1,1542.5,0.0266,2636.9,611.9,2358.0,-0.0419,0.1607,0.2459,0.3273,espectro_anomalo,2026-09-04T06:49:05+00:00
brenne,2025-08-14,4,S2A_30TYS_20250814_0_L2A;S2A_30TYT_20250814_0_L2A;S2A_31TCM_20250814_0_L2A;S2A_31TCN_20250814_0_L2A,1.0,0.0029,0.9971,0.0474,-0.1758,otsu,0.925,0.0376,57957.1,2564.0,0.0444,1409.8,2015.8,2408.4,-0.0762,0.18,0.2643,0.4161,ok,2026-09-04T06:50:23+00:00
brenne,2025-08-15,4,S2C_30TYS_20250815_0_L2A;S2C_30TYT_20250815_0_L2A;S2C_31TCM_20250815_0_L2A;S2C_31TCN_20250815_0_L2A,1.0,0.0,1.0,0.0445,-0.1836,otsu,0.967,0.0368,57957.1,2412.2,0.0416,1705.7,1823.6,2404.9,-0.0803,0.1809,0.2761,0.4332,ok,2026-09-04T06:50:23+00:00
brenne,2025-08-17,8,S2A_30TYS_20250817_1_L2A;S2A_30TYT_20250817_1_L2A;S2A_31TCM_20250817_1_L2A;S2A_31TCN_20250817_1_L2A;S2B_30TYS_20250817_0_L2A;S2B_30TYT_20250817_0_L2A;S2B_31TCM_20250817_0_L2A;S2B_31TCN_20250817_0_L2A,1.0,0.0001,0.9999,0.0485,-0.1367,otsu,0.974,0.035,57957.1,2159.4,0.0373,1611.8,1676.8,2480.4,-0.0841,0.1924,0.2917,0.4837,ok,2026-09-04T06:50:23+00:00
brenne,2025-08-22,4,S2C_30TYS_20250822_0_L2A;S2C_30TYT_20250822_0_L2A;S2C_31TCM_20250822_0_L2A;S2C_31TCN_20250822_0_L2A,1.0,0.2733,0.7267,0.0535,-0.1602,otsu,0.958,0.0377,57957.1,1504.6,0.0357,1014.6,1332.4,1923.4,-0.1115,0.2014,0.3094,0.5397,nublado,2026-09-04T06:50:23+00:00
brenne,2025-08-24,4,S2A_30TYS_20250824_0_L2A;S2A_30TYT_20250824_0_L2A;S2A_31TCM_20250824_0_L2A;S2A_31TCN_20250824_0_L2A,1.0,0.4951,0.5049,0.0424,-0.1523,otsu,0.95,0.0284,57957.1,1268.1,0.0433,812.5,990.4,1536.9,-0.0788,0.2056,0.3099,0.5889,nublado,2026-09-04T06:50:23+00:00
brenne,2025-09-01,3,S2C_30TYT_20250901_0_L2A;S2C_31TCM_20250901_0_L2A;S2C_31TCN_20250901_0_L2A,1.0,0.4834,0.5166,0.0488,-0.1367,otsu,0.921,0.0326,57957.1,983.1,0.0328,521.8,920.2,1589.6,-0.1153,0.1874,0.3161,0.4361,nublado,2026-09-04T06:50:23+00:00
brenne,2025-09-03,1,S2A_30TYS_20250903_0_L2A,0.032,0.3981,0.0193,0.0548,-0.1836,otsu,0.9,0.0308,57957.1,27.0,0.0242,18.0,21.2,19.6,-0.0501,0.1632,0.2873,0.2933,sin_datos,2026-09-04T06:50:23+00:00
brenne,2025-09-06,8,S2A_30TYS_20250906_1_L2A;S2A_30TYT_20250906_1_L2A;S2A_31TCM_20250906_1_L2A;S2A_31TCN_20250906_1_L2A;S2B_30TYS_20250906_0_L2A;S2B_30TYT_20250906_0_L2A;S2B_31TCM_20250906_0_L2A;S2B_31TCN_20250906_0_L2A,1.0,0.2896,0.7104,0.0408,-0.1133,otsu,0.971,0.0374,57957.1,1552.6,0.0377,1305.6,1260.9,2033.0,-0.0908,0.1888,0.2713,0.4742,nublado,2026-09-04T06:50:23+00:00
brenne,2025-09-09,2,S2B_31TCM_20250909_0_L2A;S2B_31TCN_20250909_0_L2A,1.0,0.5213,0.4787,0.0505,-0.0742,otsu,0.914,0.0417,57957.1,984.3,0.0355,488.7,929.5,1479.5,-0.1172,0.1908,0.2859,0.4519,nublado,2026-09-04T06:50:23+00:00
brenne,2025-09-19,4,S2B_30TYS_20250919_0_L2A;S2B_30TYT_20250919_0_L2A;S2B_31TCM_20250919_0_L2A;S2B_31TCN_20250919_0_L2A,1.0,0.0001,0.9999,0.0308,-0.0586,otsu,0.759,0.0301,57957.1,2585.5,0.0446,1084.6,2380.4,3035.2,-0.1079,0.2078,0.3172,0.5686,ok,2026-09-04T06:50:23+00:00
brenne,2025-09-29,4,S2B_30TYS_20250929_0_L2A;S2B_30TYT_20250929_0_L2A;S2B_31TCM_20250929_0_L2A;S2B_31TCN_20250929_0_L2A,1.0,0.6557,0.3443,0.0469,-0.0273,otsu,1.011,0.0447,57957.1,813.5,0.0408,349.6,798.6,1552.6,-0.1515,0.1709,0.2739,0.3524,nublado,2026-09-04T06:51:19+00:00
brenne,2025-10-01,2,S2C_31TCM_20251001_0_L2A;S2C_31TCN_20251001_0_L2A,1.0,0.6617,0.3383,0.039,-0.168,otsu,1.103,0.0359,57957.1,580.6,0.0296,716.4,441.2,760.0,-0.0875,0.173,0.2702,0.3538,nublado,2026-09-04T06:51:19+00:00
brenne,2025-10-04,2,S2C_30TYT_20251004_0_L2A;S2C_31TCN_20251004_0_L2A,0.0375,0.9858,0.0005,0.037,-0.2695,otsu,,,57957.1,0.0,0.0013,6.2,0.0,0.0,,,,,sin_datos,2026-09-04T06:51:19+00:00
brenne,2025-10-06,8,S2A_30TYS_20251006_1_L2A;S2A_30TYT_20251006_1_L2A;S2A_31TCM_20251006_1_L2A;S2A_31TCN_20251006_1_L2A;S2B_30TYS_20251006_0_L2A;S2B_30TYT_20251006_0_L2A;S2B_31TCM_20251006_0_L2A;S2B_31TCN_20251006_0_L2A,1.0,0.4762,0.5238,0.0469,-0.0742,otsu,0.976,0.0409,57957.1,1228.6,0.0405,508.8,1116.9,1954.2,-0.1254,0.1773,0.2693,0.4037,nublado,2026-09-04T06:51:19+00:00
brenne,2025-10-13,4,S2A_30TYS_20251013_0_L2A;S2A_30TYT_20251013_0_L2A;S2A_31TCM_20251013_0_L2A;S2A_31TCN_20251013_0_L2A,1.0,0.9882,0.0118,0.1192,0.0,fijo,1.25,0.137,57957.1,42.9,0.0629,12.4,30.6,159.6,-0.0821,0.0413,0.069,0.0,nublado,2026-09-04T06:51:19+00:00
brenne,2025-10-16,8,S2A_30TYS_20251016_1_L2A;S2A_30TYT_20251016_1_L2A;S2A_31TCM_20251016_1_L2A;S2A_31TCN_20251016_1_L2A;S2B_30TYS_20251016_0_L2A;S2B_30TYT_20251016_0_L2A;S2B_31TCM_20251016_0_L2A;S2B_31TCN_20251016_0_L2A,1.0,0.0002,0.9998,0.0307,-0.043,otsu,0.786,0.0311,57957.1,2480.6,0.0428,876.8,2217.0,3221.9,-0.1002,0.1802,0.2864,0.4138,ok,2026-09-04T06:51:19+00:00
brenne,2025-10-24,2,S2C_30TYT_20251024_0_L2A;S2C_31TCN_20251024_0_L2A,0.0375,0.2538,0.028,0.035,0.0,fijo,,,57957.1,9.8,0.0061,7.8,8.9,14.8,-0.1408,0.1889,0.268,0.5203,sin_datos,2026-09-04T06:51:19+00:00
brenne,2025-11-02,2,S2A_30TYT_20251102_0_L2A;S2A_31TCN_20251102_0_L2A,0.0375,0.9725,0.001,0.1071,-0.1133,otsu,,,57957.1,0.0,0.0,41.0,0.0,0.0,,,,,sin_datos,2026-09-04T06:51:19+00:00
brenne,2025-11-15,1,S2B_30TYS_20251115_0_L2A,0.032,0.5678,0.0138,0.0406,0.0,fijo,,,57957.1,2.6,0.0033,1.1,1.9,1.8,-0.0567,0.1124,0.2425,0.2879,sin_datos,2026-09-04T06:51:19+00:00
brenne,2025-11-18,4,S2B_30TYS_20251118_0_L2A;S2B_30TYT_20251118_0_L2A;S2B_31TCM_20251118_0_L2A;S2B_31TCN_20251118_0_L2A,1.0,0.9997,0.0003,0.1468,0.0,fijo,,,57957.1,4.3,0.2466,3.2,0.9,5.3,-0.0733,0.029,0.037,0.0,nublado,2026-09-04T06:51:19+00:00
brenne,2025-11-20,4,S2C_30TYS_20251120_0_L2A;S2C_30TYT_20251120_0_L2A;S2C_31TCM_20251120_0_L2A;S2C_31TCN_20251120_0_L2A,1.0,0.0,1.0,0.0176,-0.1445,otsu,0.992,0.0157,57957.1,2246.2,0.0388,871.9,1914.4,3882.0,-0.0844,0.1588,0.3075,0.3454,ok,2026-09-04T06:51:59+00:00
brenne,2025-11-25,4,S2A_30TYS_20251125_1_L2A;S2A_30TYT_20251125_1_L2A;S2B_30TYS_20251125_0_L2A;S2B_30TYT_20251125_0_L2A,0.032,0.7666,0.0075,0.1044,0.0,fijo,,,57957.1,0.6,0.0013,0.9,0.4,12.0,-0.1205,0.0955,0.1277,0.0,sin_datos,2026-09-04T06:51:19+00:00
brenne,2025-11-30,3,S2C_30TYS_20251130_0_L2A;S2C_30TYT_20251130_0_L2A;S2C_31TCN_20251130_0_L2A,0.0695,0.9594,0.0029,0.1173,-0.1445,otsu,,,57957.1,0.3,0.0017,98.3,0.0,2.8,-0.0333,0.0716,0.094,0.0,sin_datos,2026-09-04T06:51:19+00:00
brenne,2025-12-05,6,S2A_30TYS_20251205_1_L2A;S2A_30TYT_20251205_1_L2A;S2A_31TCM_20251205_1_L2A;S2A_31TCN_20251205_1_L2A;S2B_30TYS_20251205_0_L2A;S2B_30TYT_20251205_0_L2A,1.0,0.9686,0.0314,0.1052,-0.1914,otsu,1.417,0.123,57957.1,32.2,0.0177,972.0,0.4,59.0,0.0039,0.0518,0.0793,0.0,nublado,2026-09-04T06:51:59+00:00
brenne,2025-12-13,4,S2C_30TYS_20251213_0_L2A;S2C_30TYT_20251213_0_L2A;S2C_31TCM_20251213_0_L2A;S2C_31TCN_20251213_0_L2A,1.0,0.0003,0.9997,0.0172,-0.1836,otsu,0.979,0.0138,57957.1,2662.9,0.046,615.2,2255.0,4671.2,-0.0496,0.1533,0.2929,0.3177,ok,2026-09-04T06:51:59+00:00
brenne,2025-12-15,8,S2A_30TYS_20251215_0_L2A;S2A_30TYT_20251215_1_L2A;S2A_31TCM_20251215_0_L2A;S2A_31TCN_20251215_0_L2A;S2B_30TYS_20251215_1_L2A;S2B_30TYT_20251215_0_L2A;S2B_31TCM_20251215_1_L2A;S2B_31TCN_20251215_1_L2A,1.0,0.5318,0.4682,0.0294,-0.1211,otsu,0.897,0.0262,57957.1,1155.4,0.0426,210.6,1023.0,1872.8,-0.0448,0.1395,0.2727,0.2472,nublado,2026-09-04T08:24:23+00:00
brenne,2025-12-18,3,S2B_30TYS_20251218_0_L2A;S2B_30TYT_20251218_0_L2A;S2B_31TCN_20251218_0_L2A,0.0695,0.9719,0.002,0.0238,-0.3242,otsu,,,57957.1,6.5,0.0575,1.3,1.1,6.8,0.012,0.1396,0.1844,0.0184,sin_datos,2026-09-04T06:51:59+00:00
brenne,2025-12-25,3,S2A_31TCN_20251225_1_L2A;S2B_30TYT_20251225_0_L2A;S2B_31TCN_20251225_0_L2A,0.0375,0.0038,0.0374,0.0446,-0.2695,otsu,0.486,0.0181,57957.1,47.3,0.0218,410.0,26.0,38.3,-0.0354,0.0729,0.1771,0.0651,sin_datos,2026-09-04T06:51:59+00:00
brenne,2025-12-28,2,S2B_30TYT_20251228_0_L2A;S2B_31TCN_20251228_0_L2A,0.0375,1.0,0.0,,0.0,fijo,,,57957.1,0.0,0.0,0.0,0.0,0.0,,,,,sin_datos,2026-09-04T06:51:59+00:00
brenne,2025-12-30,2,S2C_30TYT_20251230_0_L2A;S2C_31TCN_20251230_0_L2A,0.0375,0.0072,0.0373,0.0291,0.0,fijo,0.584,0.0118,57957.1,14.4,0.0067,0.1,22.8,31.2,-0.1185,0.1245,0.2156,0.1444,sin_datos,2026-09-04T06:51:59+00:00
brenne,2026-01-01,2,S2A_30TYT_20260101_0_L2A;S2A_31TCN_20260101_0_L2A,0.0375,0.2328,0.0288,0.0087,0.0,fijo,0.671,0.0001,57957.1,8.0,0.0048,0.1,12.8,28.3,0.0146,0.2143,0.3551,0.4422,sin_datos,2026-09-04T06:51:59+00:00
brenne,2026-01-02,2,S2C_30TYS_20260102_0_L2A;S2C_30TYT_20260102_0_L2A,0.032,0.0046,0.0319,0.0414,0.0,fijo,0.977,0.0446,57957.1,37.8,0.0205,2.8,33.3,59.7,-0.0779,0.065,0.1539,0.0011,sin_datos,2026-09-04T06:51:59+00:00
brenne,2026-01-04,4,S2B_30TYS_20260104_0_L2A;S2B_30TYT_20260104_0_L2A;S2B_31TCM_20260104_0_L2A;S2B_31TCN_20260104_0_L2A,1.0,0.9992,0.0008,0.1975,0.0195,otsu,,,57957.1,16.9,0.3833,3.3,0.2,2044.8,-0.0263,0.0215,0.0365,0.0,nublado,2026-09-04T08:24:23+00:00
brenne,2026-01-09,2,S2C_30TYT_20260109_0_L2A;S2C_31TCN_20260109_0_L2A,0.0375,0.0624,0.0352,0.0245,0.0,fijo,,,57957.1,2.4,0.0012,0.5,4.3,20.4,-0.0508,0.0564,0.1205,0.0492,sin_datos,2026-09-04T08:24:23+00:00
brenne,2026-01-11,1,S2A_30TYS_20260111_0_L2A,0.032,0.9998,0.0,0.1299,0.0,fijo,,,57957.1,0.4,1.0,0.0,0.2,0.0,-0.0291,0.0745,0.1049,0.0,sin_datos,2026-09-04T06:51:59+00:00
brenne,2026-01-14,1,S2B_30TYS_20260114_0_L2A,0.032,0.755,0.0079,0.0896,0.0,fijo,,,57957.1,0.2,0.0004,0.0,0.0,1.2,0.0157,0.0245,0.0505,0.0,sin_datos,2026-09-04T06:51:59+00:00
brenne,2026-01-22,1,S2C_30TYS_20260122_0_L2A,0.032,0.9491,0.0017,0.1076,-0.1289,otsu,,,57957.1,1.3,0.0133,42.8,0.0,3.6,-0.0161,0.0621,0.078,0.0,sin_datos,2026-09-04T06:51:59+00:00
brenne,2026-01-24,4,S2B_30TYS_20260124_0_L2A;S2B_30TYT_20260124_0_L2A;S2B_31TCM_20260124_0_L2A;S2B_31TCN_20260124_0_L2A,1.0,0.0448,0.9552,0.0279,-0.082,otsu,0.725,0.0189,57957.1,2897.6,0.0523,312.8,2756.8,4455.8,-0.0557,0.1366,0.2849,0.2547,ok,2026-09-04T08:24:23+00:00
brenne,2026-02-03,4,S2A_30TYS_20260203_1_L2A;S2A_31TCM_20260203_1_L2A;S2B_30TYS_20260203_0_L2A;S2B_31TCM_20260203_0_L2A,1.0,0.8219,0.1781,0.0612,-0.3398,otsu,1.576,0.0799,57957.1,467.6,0.0453,3473.0,131.0,677.2,-0.0007,0.0715,0.1248,0.0198,nublado,2026-09-04T08:24:23+00:00
brenne,2026-02-08,4,S2C_30TYS_20260208_0_L2A;S2C_30TYT_20260208_0_L2A;S2C_31TCM_20260208_0_L2A;S2C_31TCN_20260208_0_L2A,1.0,0.1753,0.8247,0.0227,-0.2305,otsu,0.954,0.0146,57957.1,2411.2,0.0504,530.6,1751.1,3261.3,-0.015,0.1029,0.211,0.1204,ok,2026-09-04T08:24:23+00:00
brenne,2026-02-26,4,S2B_30TYS_20260226_0_L2A;S2B_30TYT_20260226_0_L2A;S2B_31TCM_20260226_0_L2A;S2B_31TCN_20260226_0_L2A,1.0,0.0,1.0,0.0406,-0.1758,otsu,0.961,0.0339,57957.1,3836.3,0.0662,1004.9,2356.8,3654.0,-0.0239,0.0828,0.1429,0.0189,ok,2026-09-04T08:24:23+00:00
brenne,2026-02-28,4,S2C_30TYS_20260228_0_L2A;S2C_30TYT_20260228_0_L2A;S2C_31TCM_20260228_0_L2A;S2C_31TCN_20260228_0_L2A,1.0,0.6949,0.3051,0.0476,-0.1914,otsu,0.91,0.03,57957.1,835.2,0.0472,465.8,799.2,1542.5,-0.0368,0.0339,0.1279,0.0149,nublado,2026-09-04T08:24:23+00:00
brenne,2026-03-03,4,S2C_30TYS_20260303_0_L2A;S2C_30TYT_20260303_0_L2A;S2C_31TCM_20260303_0_L2A;S2C_31TCN_20260303_0_L2A,1.0,0.0001,0.9999,0.0276,-0.168,otsu,0.771,0.0155,57957.1,3759.2,0.0649,427.5,3010.7,4550.7,-0.0143,0.0913,0.1835,0.0711,ok,2026-09-04T08:24:23+00:00
brenne,2026-03-05,4,S2B_30TYS_20260305_0_L2A;S2B_30TYT_20260305_0_L2A;S2B_31TCM_20260305_0_L2A;S2B_31TCN_20260305_0_L2A,1.0,0.1061,0.8939,0.0741,-0.2852,otsu,1.814,0.0683,57957.1,451.1,0.0087,5672.4,2.8,3791.8,0.0335,0.0776,0.1008,0.0,espectro_anomalo,2026-09-04T08:24:23+00:00
brenne,2026-03-08,4,S2B_30TYS_20260308_0_L2A;S2B_30TYT_20260308_0_L2A;S2B_31TCM_20260308_0_L2A;S2B_31TCN_20260308_0_L2A,1.0,0.6085,0.3915,0.0518,0.0,fijo,1.585,0.0646,57957.1,460.6,0.0203,64.5,365.4,1632.2,-0.063,0.091,0.1517,0.0336,nublado,2026-09-04T08:24:23+00:00
brenne,2026-03-10,4,S2C_30TYS_20260310_0_L2A;S2C_30TYT_20260310_0_L2A;S2C_31TCM_20260310_0_L2A;S2C_31TCN_20260310_0_L2A,1.0,0.2491,0.7509,0.0473,0.0,fijo,1.508,0.0399,57957.1,821.7,0.0189,71.7,870.8,2690.6,-0.0609,0.0618,0.1588,0.0515,nublado,2026-09-04T08:24:23+00:00
brenne,2026-03-15,8,S2A_30TYS_20260315_1_L2A;S2A_30TYT_20260315_1_L2A;S2A_31TCM_20260315_1_L2A;S2A_31TCN_20260315_1_L2A;S2B_30TYS_20260315_0_L2A;S2B_30TYT_20260315_0_L2A;S2B_31TCM_20260315_0_L2A;S2B_31TCN_20260315_0_L2A,1.0,0.0183,0.9817,0.0335,-0.1055,otsu,0.706,0.018,57957.1,3444.8,0.0605,354.0,3055.5,4529.6,-0.0072,0.0788,0.1827,0.0689,ok,2026-09-04T08:25:33+00:00
brenne,2026-03-18,4,S2B_30TYS_20260318_0_L2A;S2B_30TYT_20260318_0_L2A;S2B_31TCM_20260318_0_L2A;S2B_31TCN_20260318_0_L2A,1.0,0.0,1.0,0.0289,-0.0898,otsu,0.674,0.0159,57957.1,3575.8,0.0617,301.0,3276.2,4531.8,-0.0129,0.0692,0.1742,0.0605,ok,2026-09-04T08:25:33+00:00
brenne,2026-03-20,4,S2C_30TYS_20260320_0_L2A;S2C_30TYT_20260320_0_L2A;S2C_31TCM_20260320_0_L2A;S2C_31TCN_20260320_0_L2A,1.0,0.0083,0.9917,0.0381,-0.1289,otsu,0.788,0.0242,57957.1,3670.7,0.0639,662.0,2873.6,4041.4,-0.0394,0.0643,0.1461,0.0237,ok,2026-09-04T08:25:33+00:00
brenne,2026-03-22,4,S2A_30TYS_20260322_0_L2A;S2A_30TYT_20260322_1_L2A;S2A_31TCM_20260322_0_L2A;S2A_31TCN_20260322_1_L2A,1.0,0.0146,0.9854,0.0361,-0.0977,otsu,0.698,0.0246,57957.1,3569.4,0.0625,618.0,3154.0,3680.0,-0.0339,0.0753,0.1617,0.0403,ok,2026-09-04T08:25:33+00:00
brenne,2026-03-25,5,S2A_30TYS_20260325_1_L2A;S2A_30TYT_20260325_1_L2A;S2A_31TCN_20260325_1_L2A;S2B_30TYT_20260325_0_L2A;S2B_31TCN_20260325_0_L2A,0.0695,0.5377,0.0323,0.0437,0.0,fijo,,,57957.1,16.6,0.0089,0.6,22.9,18.9,-0.1458,0.09,0.1485,0.0048,sin_datos,2026-09-04T08:25:33+00:00
brenne,2026-03-30,2,S2C_30TYT_20260330_0_L2A;S2C_31TCN_20260330_0_L2A,0.0375,0.9333,0.0025,0.0824,-0.3086,otsu,,,57957.1,0.4,0.0025,59.7,0.0,0.0,-0.0383,0.039,0.0936,0.0,sin_datos,2026-09-04T08:25:33+00:00
brenne,2026-04-04,5,S2A_30TYS_20260404_1_L2A;S2A_30TYT_20260404_1_L2A;S2A_31TCM_20260404_1_L2A;S2B_30TYS_20260404_0_L2A;S2B_31TCM_20260404_0_L2A,1.0,0.4047,0.5953,0.0399,-0.168,otsu,0.871,0.0268,57957.1,1715.8,0.0497,579.9,1214.4,1833.1,-0.0271,0.0792,0.1573,0.0398,nublado,2026-09-04T08:25:33+00:00
brenne,2026-04-07,4,S2B_30TYS_20260407_0_L2A;S2B_30TYT_20260407_0_L2A;S2B_31TCM_20260407_0_L2A;S2B_31TCN_20260407_0_L2A,1.0,0.0003,0.9997,0.0307,-0.082,otsu,0.654,0.0202,57957.1,3420.5,0.059,611.3,3043.5,3923.8,-0.056,0.065,0.1689,0.056,ok,2026-09-04T08:25:33+00:00
brenne,2026-04-09,4,S2C_30TYS_20260409_0_L2A;S2C_30TYT_20260409_0_L2A;S2C_31TCM_20260409_0_L2A;S2C_31TCN_20260409_0_L2A,1.0,0.0001,0.9999,0.0271,-0.1445,otsu,0.743,0.0128,57957.1,2916.0,0.0503,626.2,2499.2,3719.6,-0.0261,0.0389,0.1642,0.0574,ok,2026-09-04T08:25:33+00:00
brenne,2026-04-14,8,S2A_30TYS_20260414_1_L2A;S2A_30TYT_20260414_1_L2A;S2A_31TCM_20260414_1_L2A;S2A_31TCN_20260414_1_L2A;S2B_30TYS_20260414_0_L2A;S2B_30TYT_20260414_0_L2A;S2B_31TCM_20260414_0_L2A;S2B_31TCN_20260414_0_L2A,1.0,0.0971,0.9029,0.0338,-0.0586,otsu,0.716,0.021,57957.1,2792.1,0.0534,560.1,2431.2,3367.0,-0.0474,0.0664,0.1747,0.0603,ok,2026-09-04T08:25:33+00:00
brenne,2026-04-17,4,S2B_30TYS_20260417_0_L2A;S2B_30TYT_20260417_0_L2A;S2B_31TCM_20260417_0_L2A;S2B_31TCN_20260417_0_L2A,1.0,0.0062,0.9938,0.0337,-0.1133,otsu,1.025,0.0272,57957.1,1841.8,0.032,1264.5,1477.8,2874.8,-0.0723,0.084,0.1789,0.0602,ok,2026-09-04T08:25:33+00:00
brenne,2026-04-19,4,S2C_30TYS_20260419_0_L2A;S2C_30TYT_20260419_0_L2A;S2C_31TCM_20260419_0_L2A;S2C_31TCN_20260419_0_L2A,1.0,0.0212,0.9788,0.0295,-0.1602,otsu,0.95,0.0173,57957.1,2621.9,0.0462,1248.8,1874.4,3072.6,-0.0377,0.061,0.1623,0.0473,ok,2026-09-04T08:25:33+00:00
brenne,2026-04-21,4,S2A_30TYS_20260421_0_L2A;S2A_30TYT_20260421_1_L2A;S2A_31TCM_20260421_0_L2A;S2A_31TCN_20260421_1_L2A,1.0,0.0245,0.9755,0.0301,-0.1836,otsu,1.351,0.0203,57957.1,1437.6,0.0254,2725.0,648.3,2553.8,-0.0355,0.0892,0.1509,0.0247,espectro_anomalo,2026-09-04T08:26:40+00:00
brenne,2026-04-24,8,S2A_30TYS_20260424_1_L2A;S2A_30TYT_20260424_1_L2A;S2A_31TCM_20260424_1_L2A;S2A_31TCN_20260424_1_L2A;S2B_30TYS_20260424_0_L2A;S2B_30TYT_20260424_0_L2A;S2B_31TCM_20260424_0_L2A;S2B_31TCN_20260424_0_L2A,1.0,0.0003,0.9997,0.0329,-0.0742,otsu,0.811,0.022,57957.1,2892.6,0.0499,1030.5,2367.8,3336.3,-0.0557,0.0805,0.1829,0.0745,ok,2026-09-04T08:26:40+00:00
brenne,2026-04-27,2,S2B_30TYS_20260427_0_L2A;S2B_31TCM_20260427_0_L2A,1.0,0.8057,0.1943,0.0359,-0.1992,otsu,1.267,0.0293,57957.1,387.8,0.0344,619.4,238.3,650.2,-0.0425,0.0583,0.1253,0.0179,nublado,2026-09-04T08:26:40+00:00
brenne,2026-04-29,2,S2C_30TYS_20260429_0_L2A;S2C_31TCM_20260429_0_L2A,1.0,0.6668,0.3332,0.0397,-0.2852,otsu,1.483,0.0267,57957.1,524.7,0.0272,1258.6,221.3,916.1,-0.0255,0.0799,0.1659,0.063,nublado,2026-09-04T08:26:40+00:00
brenne,2026-05-07,3,S2B_30TYT_20260507_0_L2A;S2B_31TCM_20260507_0_L2A;S2B_31TCN_20260507_0_L2A,1.0,0.5026,0.4974,0.0401,-0.082,otsu,0.908,0.0348,57957.1,1125.1,0.039,427.4,1052.3,1652.9,-0.0861,0.0707,0.1705,0.0674,nublado,2026-09-04T08:26:40+00:00
brenne,2026-05-09,4,S2C_30TYS_20260509_0_L2A;S2C_30TYT_20260509_0_L2A;S2C_31TCM_20260509_0_L2A;S2C_31TCN_20260509_0_L2A,1.0,0.0807,0.9193,0.0257,-0.1758,otsu,0.729,0.0128,57957.1,2318.0,0.0435,764.4,2063.6,2625.3,-0.0301,0.0818,0.23,0.1397,ok,2026-09-04T08:26:40+00:00
brenne,2026-05-12,1,S2C_30TYS_20260512_0_L2A,0.032,0.7099,0.0094,0.0633,-0.2227,otsu,,,57957.1,11.2,0.0206,72.4,9.3,15.2,-0.0692,0.031,0.0889,0.0,sin_datos,2026-09-04T08:26:40+00:00
brenne,2026-05-14,1,S2A_30TYT_20260514_1_L2A,0.0,0.0,0.0,,0.0,fijo,,,57957.1,0.0,0.0,0.0,0.0,0.0,,,,,sin_datos,2026-09-04T08:26:40+00:00
brenne,2026-05-21,4,S2A_30TYS_20260521_0_L2A;S2A_30TYT_20260521_0_L2A;S2A_31TCM_20260521_0_L2A;S2A_31TCN_20260521_0_L2A,1.0,0.0003,0.9997,0.0254,-0.1445,otsu,0.624,0.014,57957.1,2867.5,0.0495,749.6,2696.6,2863.8,-0.0364,0.0993,0.2432,0.1662,ok,2026-09-04T08:26:40+00:00
brenne,2026-05-22,4,S2C_30TYS_20260522_0_L2A;S2C_30TYT_20260522_0_L2A;S2C_31TCM_20260522_0_L2A;S2C_31TCN_20260522_0_L2A,1.0,0.4604,0.5396,0.0259,-0.2461,otsu,1.032,0.0188,57957.1,1084.6,0.0347,850.5,771.6,1003.8,-0.0202,0.0821,0.199,0.0975,nublado,2026-09-04T08:26:40+00:00
brenne,2026-05-24,8,S2A_30TYS_20260524_1_L2A;S2A_30TYT_20260524_1_L2A;S2A_31TCM_20260524_1_L2A;S2A_31TCN_20260524_1_L2A;S2B_30TYS_20260524_0_L2A;S2B_30TYT_20260524_0_L2A;S2B_31TCM_20260524_0_L2A;S2B_31TCN_20260524_0_L2A,1.0,0.001,0.999,0.0329,-0.0977,otsu,0.588,0.0199,57957.1,3015.1,0.0521,731.0,2776.8,3059.7,-0.0599,0.0871,0.2346,0.1492,ok,2026-09-04T08:27:43+00:00
brenne,2026-05-27,4,S2B_30TYS_20260527_0_L2A;S2B_30TYT_20260527_0_L2A;S2B_31TCM_20260527_0_L2A;S2B_31TCN_20260527_0_L2A,1.0,0.0006,0.9994,0.03,-0.1836,otsu,0.789,0.0217,57957.1,2808.9,0.0485,1277.0,2363.7,2604.0,-0.0511,0.1013,0.2199,0.1271,ok,2026-09-04T08:26:40+00:00
brenne,2026-05-29,3,S2C_30TYS_20260529_0_L2A;S2C_30TYT_20260529_0_L2A;S2C_31TCM_20260529_0_L2A,1.0,0.1268,0.8732,0.0383,-0.3086,otsu,1.489,0.0242,57957.1,1001.9,0.0198,3065.4,348.0,2194.5,-0.0208,0.0846,0.1765,0.0396,espectro_anomalo,2026-09-04T08:27:43+00:00
brenne,2026-06-01,4,S2C_30TYS_20260601_0_L2A;S2C_30TYT_20260601_0_L2A;S2C_31TCM_20260601_0_L2A;S2C_31TCN_20260601_0_L2A,1.0,0.4162,0.5838,0.0449,-0.3086,otsu,1.4,0.0388,57957.1,924.6,0.0273,2325.1,444.7,1449.6,-0.0422,0.0946,0.1835,0.0678,nublado,2026-09-04T08:26:40+00:00
brenne,2026-06-11,3,S2C_30TYS_20260611_0_L2A;S2C_30TYT_20260611_0_L2A;S2C_31TCM_20260611_0_L2A,1.0,0.6558,0.3442,0.0555,-0.1992,otsu,1.0,0.0429,57957.1,867.3,0.0435,632.0,800.4,1237.8,-0.0766,0.1146,0.2383,0.1775,nublado,2026-09-04T08:27:43+00:00
brenne,2026-06-13,4,S2A_30TYS_20260613_1_L2A;S2A_31TCM_20260613_1_L2A;S2B_30TYS_20260613_0_L2A;S2B_31TCM_20260613_0_L2A,1.0,0.6966,0.3034,0.0527,-0.3242,otsu,1.605,0.0367,57957.1,146.0,0.0083,1180.0,46.7,500.2,-0.0275,0.0669,0.1288,0.0093,nublado,2026-09-04T08:27:43+00:00
brenne,2026-06-16,2,S2B_30TYT_20260616_0_L2A;S2B_31TCN_20260616_0_L2A,0.0375,0.7154,0.0107,0.1136,-0.332,otsu,,,57957.1,0.2,0.0004,380.2,0.0,0.4,0.0587,0.1416,0.1593,0.0,sin_datos,2026-09-04T08:27:43+00:00
brenne,2026-06-18,4,S2C_30TYS_20260618_0_L2A;S2C_30TYT_20260618_0_L2A;S2C_31TCM_20260618_0_L2A;S2C_31TCN_20260618_0_L2A,1.0,0.0004,0.9996,0.0416,-0.1836,otsu,0.609,0.0253,57957.1,3032.2,0.0523,966.1,2781.8,2591.6,-0.0616,0.1057,0.2352,0.1599,ok,2026-09-04T08:27:43+00:00
brenne,2026-06-20,3,S2A_30TYS_20260620_0_L2A;S2A_30TYT_20260620_0_L2A;S2A_31TCM_20260620_0_L2A,1.0,1.0,0.0,,0.0,fijo,,,57957.1,0.0,0.0,0.0,0.0,0.0,,,,,nublado,2026-09-04T08:27:43+00:00
brenne,2026-06-21,4,S2C_30TYS_20260621_0_L2A;S2C_30TYT_20260621_0_L2A;S2C_31TCM_20260621_0_L2A;S2C_31TCN_20260621_0_L2A,1.0,0.0001,0.9999,0.0421,-0.3008,otsu,1.212,0.0316,57957.1,1919.8,0.0331,2842.8,627.7,2413.2,-0.0289,0.1135,0.1911,0.0769,espectro_anomalo,2026-09-04T08:27:43+00:00
brenne,2026-06-23,8,S2A_30TYS_20260623_1_L2A;S2A_30TYT_20260623_1_L2A;S2A_31TCM_20260623_1_L2A;S2A_31TCN_20260623_1_L2A;S2B_30TYS_20260623_0_L2A;S2B_30TYT_20260623_0_L2A;S2B_31TCM_20260623_0_L2A;S2B_31TCN_20260623_0_L2A,1.0,0.0003,0.9997,0.0486,-0.2227,otsu,0.985,0.0303,57957.1,2456.7,0.0424,1716.1,1639.6,2424.3,-0.0491,0.1282,0.2334,0.1856,ok,2026-09-04T08:28:41+00:00
brenne,2026-06-26,4,S2B_30TYS_20260626_0_L2A;S2B_30TYT_20260626_0_L2A;S2B_31TCM_20260626_0_L2A;S2B_31TCN_20260626_0_L2A,1.0,0.001,0.999,0.0489,-0.168,otsu,0.797,0.04,57957.1,3015.2,0.0521,1295.2,2667.8,2491.4,-0.0781,0.1456,0.2607,0.2755,ok,2026-09-04T08:27:43+00:00
brenne,2026-06-28,2,S2C_30TYT_20260628_0_L2A;S2C_31TCN_20260628_0_L2A,0.0375,0.9738,0.001,0.097,-0.2227,otsu,,,57957.1,1.0,0.0183,22.1,1.0,0.8,0.0077,0.0936,0.1517,0.0,sin_datos,2026-09-04T08:27:43+00:00
brenne,2026-06-30,4,S2A_30TYS_20260630_0_L2A;S2A_30TYT_20260630_1_L2A;S2A_31TCM_20260630_0_L2A;S2A_31TCN_20260630_1_L2A,1.0,0.4173,0.5827,0.0592,-0.1445,otsu,0.786,0.0324,57957.1,1495.5,0.0443,550.8,1443.6,1769.9,-0.1087,0.1632,0.3072,0.3407,nublado,2026-09-04T08:27:43+00:00
brenne,2026-07-01,3,S2C_30TYS_20260701_0_L2A;S2C_31TCM_20260701_0_L2A;S2C_31TCN_20260701_0_L2A,1.0,0.5258,0.4742,0.0624,-0.2383,otsu,1.071,0.0566,57957.1,1148.0,0.0418,920.8,952.1,1391.3,-0.0678,0.1155,0.2324,0.1526,nublado,2026-09-04T08:27:43+00:00
brenne,2026-07-03,7,S2A_30TYS_20260703_1_L2A;S2A_30TYT_20260703_1_L2A;S2A_31TCM_20260703_1_L2A;S2A_31TCN_20260703_1_L2A;S2B_30TYS_20260703_0_L2A;S2B_30TYT_20260703_0_L2A;S2B_31TCN_20260703_0_L2A,1.0,0.0063,0.9937,0.0405,-0.1836,otsu,0.966,0.0343,57957.1,2692.1,0.0467,1492.3,2241.8,2628.5,-0.0579,0.147,0.2722,0.2626,ok,2026-09-04T08:28:41+00:00
brenne,2026-07-06,3,S2B_30TYS_20260706_0_L2A;S2B_31TCM_20260706_0_L2A;S2B_31TCN_20260706_0_L2A,1.0,0.0002,0.9998,0.0428,-0.1211,otsu,0.901,0.0302,57957.1,2523.4,0.0435,1496.9,2183.8,2789.8,-0.0794,0.1663,0.2995,0.3694,ok,2026-09-04T08:28:41+00:00
brenne,2026-07-08,4,S2C_30TYS_20260708_0_L2A;S2C_30TYT_20260708_0_L2A;S2C_31TCM_20260708_0_L2A;S2C_31TCN_20260708_0_L2A,1.0,0.0003,0.9997,0.0442,-0.168,otsu,0.869,0.0232,57957.1,2377.7,0.041,1475.2,2169.8,2592.9,-0.0779,0.1793,0.3324,0.425,ok,2026-09-04T08:28:41+00:00
brenne,2026-07-10,4,S2A_30TYS_20260710_0_L2A;S2A_30TYT_20260710_0_L2A;S2A_31TCM_20260710_0_L2A;S2A_31TCN_20260710_0_L2A,1.0,0.0003,0.9997,0.0445,-0.1289,otsu,0.849,0.0227,57957.1,2369.1,0.0409,1283.7,2222.6,2700.3,-0.0779,0.1937,0.3419,0.4986,ok,2026-09-04T08:28:41+00:00
brenne,2026-07-11,3,S2C_30TYS_20260711_0_L2A;S2C_30TYT_20260711_0_L2A;S2C_31TCM_20260711_0_L2A,1.0,0.3505,0.6495,0.0597,-0.1914,otsu,0.997,0.0403,57957.1,1106.6,0.0294,1024.8,961.5,1289.8,-0.088,0.1634,0.3306,0.3186,nublado,2026-09-04T08:28:41+00:00
brenne,2026-07-13,4,S2A_30TYT_20260713_2_L2A;S2A_31TCN_20260713_2_L2A;S2B_30TYT_20260713_1_L2A;S2B_31TCN_20260713_1_L2A,0.0375,1.0,0.0,,0.0,fijo,,,57957.1,0.0,0.0,0.0,0.0,0.0,,,,,sin_datos,2026-09-04T08:28:41+00:00
brenne,2026-07-18,4,S2C_30TYS_20260718_0_L2A;S2C_30TYT_20260718_0_L2A;S2C_31TCM_20260718_0_L2A;S2C_31TCN_20260718_0_L2A,1.0,0.2796,0.7204,0.0576,-0.1523,otsu,0.923,0.0393,57957.1,1423.3,0.0341,991.1,1371.6,1785.8,-0.1094,0.197,0.3185,0.526,nublado,2026-09-04T08:28:41+00:00
brenne,2026-07-20,4,S2A_30TYS_20260720_0_L2A;S2A_30TYT_20260720_0_L2A;S2A_31TCM_20260720_0_L2A;S2A_31TCN_20260720_0_L2A,1.0,0.0002,0.9998,0.0449,-0.1367,otsu,0.981,0.0276,57957.1,2021.5,0.0349,1727.7,1761.0,2555.4,-0.0779,0.2004,0.3237,0.4934,ok,2026-09-04T08:28:41+00:00
brenne,2026-07-21,4,S2C_30TYS_20260721_0_L2A;S2C_30TYT_20260721_0_L2A;S2C_31TCM_20260721_0_L2A;S2C_31TCN_20260721_0_L2A,1.0,0.0001,0.9999,0.0448,-0.1914,otsu,1.038,0.0443,57957.1,2170.4,0.0375,2096.5,1574.7,2389.0,-0.0586,0.1593,0.2692,0.3509,ok,2026-09-04T08:28:41+00:00
brenne,2026-07-23,4,S2B_30TYS_20260723_0_L2A;S2B_30TYT_20260723_0_L2A;S2B_31TCM_20260723_0_L2A;S2B_31TCN_20260723_0_L2A,1.0,0.0002,0.9998,0.0526,-0.0742,otsu,0.96,0.0362,57957.1,2059.6,0.0355,1685.2,1797.2,2722.8,-0.0792,0.1836,0.3046,0.4291,ok,2026-09-04T08:28:41+00:00
brenne,2026-07-26,3,S2B_30TYS_20260726_0_L2A;S2B_31TCM_20260726_0_L2A;S2B_31TCN_20260726_0_L2A,1.0,0.6996,0.3004,0.1026,0.0,fijo,1.485,0.0928,57957.1,191.8,0.011,167.0,223.3,845.3,-0.111,0.174,0.309,0.3648,nublado,2026-09-04T08:28:41+00:00
brenne,2026-07-28,4,S2C_30TYS_20260728_0_L2A;S2C_30TYT_20260728_0_L2A;S2C_31TCM_20260728_0_L2A;S2C_31TCN_20260728_0_L2A,1.0,0.0003,0.9997,0.0451,-0.1445,otsu,0.961,0.0253,57957.1,1949.7,0.0337,1654.0,1730.1,2522.1,-0.0884,0.2125,0.3664,0.5165,ok,2026-09-04T08:29:52+00:00
brenne,2026-07-30,4,S2A_30TYS_20260730_0_L2A;S2A_30TYT_20260730_0_L2A;S2A_31TCM_20260730_0_L2A;S2A_31TCN_20260730_0_L2A,1.0,0.0001,0.9999,0.0476,-0.1055,otsu,0.94,0.0364,57957.1,2353.9,0.0406,1357.0,2061.4,2437.2,-0.0805,0.2024,0.32,0.5168,ok,2026-09-04T08:29:52+00:00
brenne,2026-07-31,1,S2C_30TYT_20260731_0_L2A,0.0,0.0,0.0,,0.0,fijo,,,57957.1,0.0,0.0,0.0,0.0,0.0,,,,,sin_datos,2026-09-04T08:29:52+00:00
brenne,2026-08-02,8,S2A_30TYS_20260802_1_L2A;S2A_30TYT_20260802_1_L2A;S2A_31TCM_20260802_1_L2A;S2A_31TCN_20260802_1_L2A;S2B_30TYS_20260802_0_L2A;S2B_30TYT_20260802_0_L2A;S2B_31TCM_20260802_0_L2A;S2B_31TCN_20260802_0_L2A,1.0,0.0233,0.9767,0.0553,-0.0898,otsu,0.956,0.0379,57957.1,1969.3,0.0348,1538.9,1733.4,2501.6,-0.0901,0.1959,0.3088,0.4868,ok,2026-09-04T08:29:52+00:00
brenne,2026-08-05,2,S2B_30TYS_20260805_0_L2A;S2B_31TCM_20260805_0_L2A,1.0,0.5686,0.4314,0.0751,-0.082,otsu,1.109,0.049,57957.1,625.8,0.025,451.3,627.7,1291.7,-0.1321,0.1963,0.3143,0.5136,nublado,2026-09-04T08:29:52+00:00
brenne,2026-08-07,4,S2C_30TYS_20260807_0_L2A;S2C_30TYT_20260807_0_L2A;S2C_31TCM_20260807_0_L2A;S2C_31TCN_20260807_0_L2A,1.0,0.0003,0.9997,0.0468,-0.168,otsu,1.034,0.0261,57957.1,1748.7,0.0302,1768.3,1451.4,2383.7,-0.0818,0.2172,0.3452,0.5748,ok,2026-09-04T08:29:52+00:00
brenne,2026-08-09,2,S2A_31TCM_20260809_0_L2A;S2A_31TCN_20260809_0_L2A,1.0,0.3345,0.6655,0.0651,-0.2305,otsu,1.222,0.0451,57957.1,1106.7,0.0287,1617.2,589.5,1527.0,-0.048,0.1721,0.2645,0.3458,nublado,2026-09-04T08:29:52+00:00
brenne,2026-08-10,4,S2C_30TYS_20260810_0_L2A;S2C_30TYT_20260810_0_L2A;S2C_31TCM_20260810_0_L2A;S2C_31TCN_20260810_0_L2A,1.0,0.0043,0.9957,0.046,-0.1914,otsu,1.041,0.0305,57957.1,1841.2,0.0319,1848.5,1419.3,2256.0,-0.0775,0.2033,0.3141,0.5304,ok,2026-09-04T08:29:52+00:00
brenne,2026-08-12,8,S2A_30TYS_20260812_1_L2A;S2A_30TYT_20260812_1_L2A;S2A_31TCM_20260812_1_L2A;S2A_31TCN_20260812_1_L2A;S2B_30TYS_20260812_0_L2A;S2B_30TYT_20260812_0_L2A;S2B_31TCM_20260812_0_L2A;S2B_31TCN_20260812_0_L2A,1.0,0.0002,0.9998,0.0585,-0.1289,otsu,1.013,0.0389,57957.1,1933.8,0.0334,1521.0,1583.5,2354.1,-0.0891,0.1973,0.303,0.498,ok,2026-09-04T08:29:54+00:00
brenne,2026-08-15,1,S2B_31TCM_20260815_0_L2A,1.0,0.3228,0.6772,0.0582,-0.1523,otsu,1.155,0.0459,57957.1,1115.0,0.0284,977.0,1046.7,1746.2,-0.0964,0.2047,0.3219,0.5552,nublado,2026-09-04T08:29:52+00:00
brenne,2026-08-19,4,S2A_30TYS_20260819_0_L2A;S2A_30TYT_20260819_0_L2A;S2A_31TCM_20260819_0_L2A;S2A_31TCN_20260819_0_L2A,1.0,0.0017,0.9983,0.047,-0.1289,otsu,0.982,0.0233,57957.1,1717.5,0.0297,1371.6,1553.9,2474.3,-0.0918,0.2375,0.3628,0.6507,ok,2026-09-04T08:29:52+00:00
brenne,2026-08-22,2,S2A_31TCN_20260822_1_L2A;S2B_31TCN_20260822_0_L2A,0.0375,0.3362,0.0249,0.0428,0.0,fijo,,,57957.1,0.0,0.0,5.0,0.0,4.6,,,,,sin_datos,2026-09-04T08:29:52+00:00
brenne,2026-09-01,1,S2A_31TCM_20260901_1_L2A,1.0,0.3998,0.6002,0.0611,-0.1914,otsu,1.203,0.0448,57957.1,973.3,0.028,1170.6,655.2,1696.2,-0.0765,0.1818,0.2721,0.4158,nublado,2026-09-04T08:29:52+00:00
