site,date,n_scenes,scenes,coverage,cloud_frac,valid_frac,blue_median,mndwi_thr,thr_method,water_nir_green,water_blue,site_ha,water_ha,water_frac,wet_veg_ha,ndwi_water_ha,scl_water_ha,ndti_mean,ndci_mean,ndci_p90,bloom_frac,quality,processed_at
camargue,2017-07-04,4,S2B_31TEH_20170704_0_L2A;S2B_31TEJ_20170704_0_L2A;S2B_31TFH_20170704_0_L2A;S2B_31TFJ_20170704_0_L2A,1.0,0.0665,0.9335,0.071,0.1914,otsu,0.296,0.0796,77071.7,19878.2,0.2763,1353.4,18924.8,19272.2,-0.0848,0.028,0.1463,0.0422,ok,2026-09-03T15:28:02+00:00
camargue,2017-07-07,4,S2B_31TEH_20170707_0_L2A;S2B_31TEJ_20170707_0_L2A;S2B_31TFH_20170707_0_L2A;S2B_31TFJ_20170707_0_L2A,1.0,0.1024,0.8976,0.0694,0.0664,otsu,0.362,0.0678,77071.7,17511.0,0.2531,1247.8,16503.4,9297.8,-0.097,0.0225,0.11,0.0095,ok,2026-09-03T15:28:02+00:00
camargue,2017-07-14,4,S2B_31TEH_20170714_0_L2A;S2B_31TEJ_20170714_0_L2A;S2B_31TFH_20170714_0_L2A;S2B_31TFJ_20170714_0_L2A,1.0,0.0507,0.9493,0.0777,0.1211,otsu,0.586,0.0969,77071.7,19322.9,0.2641,1412.2,17631.8,17419.4,-0.023,0.0352,0.1072,0.0102,ok,2026-09-03T15:28:02+00:00
camargue,2017-07-17,4,S2B_31TEH_20170717_0_L2A;S2B_31TEJ_20170717_0_L2A;S2B_31TFH_20170717_0_L2A;S2B_31TFJ_20170717_0_L2A,1.0,0.1519,0.8481,0.0773,-0.043,otsu,0.757,0.1057,77071.7,12206.6,0.1867,1713.3,10692.5,423.5,-0.054,0.0241,0.096,0.0055,ok,2026-09-03T15:28:02+00:00
camargue,2017-07-24,4,S2B_31TEH_20170724_0_L2A;S2B_31TEJ_20170724_0_L2A;S2B_31TFH_20170724_0_L2A;S2B_31TFJ_20170724_0_L2A,1.0,0.1618,0.8382,0.0822,0.1133,otsu,0.526,0.098,77071.7,18605.1,0.288,1276.3,16909.9,16733.6,-0.0309,0.0413,0.118,0.0156,ok,2026-09-03T15:28:02+00:00
camargue,2017-07-27,4,S2B_31TEH_20170727_0_L2A;S2B_31TEJ_20170727_0_L2A;S2B_31TFH_20170727_0_L2A;S2B_31TFJ_20170727_0_L2A,1.0,0.1876,0.8124,0.0717,0.0742,otsu,0.428,0.0917,77071.7,14534.7,0.2321,1105.6,13477.0,8734.9,-0.0747,0.0308,0.1166,0.0157,ok,2026-09-03T15:28:02+00:00
camargue,2017-08-01,1,S2A_31TFJ_20170801_0_L2A,1.0,0.2553,0.7447,0.0729,-0.0586,otsu,0.632,0.124,77071.7,9862.7,0.1718,1112.8,9343.7,292.2,-0.034,0.0461,0.1115,0.0051,nublado,2026-09-03T15:28:02+00:00
camargue,2017-08-03,2,S2B_31TEJ_20170803_0_L2A;S2B_31TFJ_20170803_0_L2A,1.0,0.0391,0.9609,0.0612,0.0898,otsu,0.33,0.0532,77071.7,18547.5,0.2504,1394.7,17478.2,16505.3,-0.1163,0.0483,0.1668,0.0534,ok,2026-09-03T15:28:02+00:00
camargue,2017-08-06,4,S2B_31TEH_20170806_0_L2A;S2B_31TEJ_20170806_0_L2A;S2B_31TFH_20170806_1_L2A;S2B_31TFJ_20170806_0_L2A,1.0,0.0294,0.9706,0.066,0.0117,otsu,0.637,0.1417,77071.7,19311.4,0.2582,1854.7,17495.8,1519.4,-0.0316,0.0419,0.1114,0.0078,ok,2026-09-03T15:28:02+00:00
camargue,2017-08-13,4,S2B_31TEH_20170813_0_L2A;S2B_31TEJ_20170813_0_L2A;S2B_31TFH_20170813_0_L2A;S2B_31TFJ_20170813_0_L2A,1.0,0.0536,0.9464,0.0679,0.1992,otsu,0.401,0.0711,77071.7,18476.0,0.2533,1378.4,17595.5,18021.6,-0.081,0.0475,0.1602,0.0574,ok,2026-09-03T15:28:02+00:00
camargue,2017-08-23,3,S2B_31TEH_20170823_0_L2A;S2B_31TEJ_20170823_0_L2A;S2B_31TFJ_20170823_0_L2A,1.0,0.3919,0.6081,0.0715,0.1992,otsu,0.207,0.0638,77071.7,11448.3,0.2443,891.0,11657.8,10490.1,-0.1717,0.0053,0.1549,0.0519,nublado,2026-09-03T15:28:02+00:00
camargue,2017-08-26,4,S2B_31TEH_20170826_0_L2A;S2B_31TEJ_20170826_0_L2A;S2B_31TFH_20170826_0_L2A;S2B_31TFJ_20170826_0_L2A,1.0,0.0375,0.9625,0.0657,0.1211,otsu,0.395,0.0681,77071.7,18043.5,0.2432,1584.2,16813.0,14992.3,-0.1114,0.036,0.1498,0.0332,ok,2026-09-03T15:29:05+00:00
camargue,2017-09-05,4,S2B_31TEH_20170905_0_L2A;S2B_31TEJ_20170905_0_L2A;S2B_31TFH_20170905_0_L2A;S2B_31TFJ_20170905_0_L2A,1.0,0.0207,0.9793,0.0535,0.2383,otsu,0.231,0.0502,77071.7,17471.2,0.2315,1837.6,16853.8,17362.4,-0.166,0.036,0.214,0.1158,ok,2026-09-03T15:29:05+00:00
camargue,2017-09-12,3,S2B_31TEJ_20170912_0_L2A;S2B_31TFH_20170912_0_L2A;S2B_31TFJ_20170912_0_L2A,1.0,0.7552,0.2448,0.0708,0.1367,otsu,0.695,0.0938,77071.7,4091.4,0.2168,315.2,3891.2,3739.8,-0.0209,0.0322,0.0942,0.0141,nublado,2026-09-03T15:28:02+00:00
camargue,2017-10-02,2,S2B_31TEJ_20171002_0_L2A;S2B_31TFJ_20171002_0_L2A,1.0,0.0779,0.9221,0.0593,0.168,otsu,0.25,0.0507,77071.7,14192.2,0.1997,1228.5,14597.6,13393.8,-0.1826,0.0261,0.168,0.0595,ok,2026-09-03T15:29:05+00:00
camargue,2017-10-05,4,S2B_31TEH_20171005_0_L2A;S2B_31TEJ_20171005_0_L2A;S2B_31TFH_20171005_0_L2A;S2B_31TFJ_20171005_0_L2A,1.0,0.0264,0.9736,0.0541,0.2383,otsu,0.239,0.0475,77071.7,16341.0,0.2178,1593.3,15596.8,16400.0,-0.1766,0.0177,0.1661,0.0642,ok,2026-09-03T15:29:05+00:00
camargue,2017-10-12,4,S2B_31TEH_20171012_0_L2A;S2B_31TEJ_20171012_0_L2A;S2B_31TFH_20171012_0_L2A;S2B_31TFJ_20171012_0_L2A,1.0,0.0413,0.9587,0.0771,0.2148,otsu,0.317,0.0637,77071.7,16849.8,0.228,1087.8,16069.1,16093.9,-0.1464,0.0152,0.1289,0.0224,ok,2026-09-03T15:29:05+00:00
camargue,2017-10-15,4,S2B_31TEH_20171015_0_L2A;S2B_31TEJ_20171015_0_L2A;S2B_31TFH_20171015_0_L2A;S2B_31TFJ_20171015_0_L2A,1.0,0.0616,0.9384,0.0741,0.1992,otsu,0.312,0.0626,77071.7,16050.2,0.2219,867.5,15755.0,14874.1,-0.1451,0.0197,0.1315,0.0233,ok,2026-09-03T15:29:05+00:00
camargue,2017-10-22,4,S2B_31TEH_20171022_0_L2A;S2B_31TEJ_20171022_0_L2A;S2B_31TFH_20171022_0_L2A;S2B_31TFJ_20171022_0_L2A,1.0,0.2294,0.7706,0.0838,0.1992,otsu,0.586,0.0937,77071.7,15696.6,0.2643,431.2,14902.4,14893.0,-0.0331,0.033,0.1016,0.0218,nublado,2026-09-03T15:29:05+00:00
camargue,2017-10-25,3,S2B_31TEH_20171025_0_L2A;S2B_31TEJ_20171025_0_L2A;S2B_31TFH_20171025_0_L2A,0.0423,0.9983,0.0001,0.0986,0.0,fijo,,,77071.7,1.0,0.1714,0.0,1.0,1.0,-0.2701,-0.094,-0.0431,0.0,sin_datos,2026-09-03T15:29:05+00:00
camargue,2017-11-01,2,S2B_31TEH_20171101_0_L2A;S2B_31TFH_20171101_0_L2A,0.0007,0.8625,0.0001,0.0844,0.0,fijo,,,77071.7,1.3,0.1818,0.0,1.1,1.4,-0.1108,0.0605,0.1621,0.0,sin_datos,2026-09-03T15:29:05+00:00
camargue,2017-11-11,3,S2B_31TEJ_20171111_0_L2A;S2B_31TFH_20171111_0_L2A;S2B_31TFJ_20171111_0_L2A,1.0,0.1479,0.8521,0.0809,0.1992,otsu,0.548,0.1017,77071.7,18913.4,0.288,368.5,18016.2,17853.1,-0.0385,0.0327,0.0957,0.0057,ok,2026-09-03T15:29:05+00:00
camargue,2017-11-14,4,S2B_31TEH_20171114_0_L2A;S2B_31TEJ_20171114_0_L2A;S2B_31TFH_20171114_0_L2A;S2B_31TFJ_20171114_0_L2A,1.0,0.0669,0.9331,0.0793,0.1836,otsu,0.813,0.0926,77071.7,19293.6,0.2683,928.5,4276.3,6500.8,0.0275,0.0319,0.0523,0.0025,ok,2026-09-03T15:29:05+00:00
camargue,2017-11-21,4,S2B_31TEH_20171121_0_L2A;S2B_31TEJ_20171121_0_L2A;S2B_31TFH_20171121_0_L2A;S2B_31TFJ_20171121_0_L2A,1.0,0.0406,0.9594,0.0772,0.2461,otsu,0.233,0.0795,77071.7,19215.4,0.2599,665.0,18415.0,18600.5,-0.1191,-0.0102,0.1127,0.0164,ok,2026-09-03T15:29:05+00:00
camargue,2017-12-01,2,S2B_31TEJ_20171201_0_L2A;S2B_31TFJ_20171201_0_L2A,1.0,0.0645,0.9355,0.0637,0.207,otsu,0.503,0.0675,77071.7,19383.4,0.2688,709.4,17341.6,19256.8,-0.0207,0.0354,0.1245,0.0218,ok,2026-09-03T15:30:07+00:00
camargue,2017-12-14,2,S2B_31TEJ_20171214_0_L2A;S2B_31TFJ_20171214_0_L2A,1.0,0.8932,0.1068,0.0584,0.043,otsu,0.617,0.05,77071.7,1280.8,0.1557,80.8,1148.3,1126.6,-0.0784,0.0259,0.1071,0.0041,nublado,2026-09-03T15:30:07+00:00
camargue,2018-03-11,1,S2B_31TEJ_20180311_0_L2A,0.0416,0.0004,0.0416,0.0474,0.1758,otsu,0.421,0.0637,77071.7,1065.3,0.3325,35.0,1018.9,1055.0,-0.0313,0.0353,0.1215,0.0318,sin_datos,2026-09-03T15:30:07+00:00
camargue,2018-03-19,2,S2A_31TEJ_20180319_0_L2A;S2A_31TEJ_20180319_1_L2A,0.0416,1.0001,0.0,,0.0,fijo,,,77071.7,0.0,0.0,0.0,0.0,0.0,,,,,sin_datos,2026-09-03T15:30:07+00:00
camargue,2018-03-26,4,S2A_31TEH_20180326_0_L2A;S2A_31TEJ_20180326_0_L2A;S2A_31TFH_20180326_0_L2A;S2A_31TFJ_20180326_0_L2A,1.0,0.0389,0.9611,0.0705,0.1914,otsu,0.415,0.089,77071.7,25906.7,0.3498,332.2,24430.1,24176.2,-0.0424,0.0159,0.0927,0.0076,ok,2026-09-03T15:30:07+00:00
camargue,2018-03-29,1,S2A_31TFH_20180329_0_L2A,0.0007,0.9812,0.0,0.1834,0.0,fijo,,,77071.7,0.6,0.6667,0.0,1.0,0.2,,,,,sin_datos,2026-09-03T15:30:07+00:00
camargue,2018-03-31,1,S2B_31TFJ_20180331_0_L2A,1.0,0.8366,0.1634,0.0707,0.1602,otsu,0.387,0.0752,77071.7,4797.9,0.3809,59.4,4378.4,4239.0,-0.0751,0.0212,0.11,0.0192,nublado,2026-09-03T15:30:07+00:00
camargue,2018-04-05,4,S2A_31TEH_20180405_0_L2A;S2A_31TEJ_20180405_0_L2A;S2A_31TFH_20180405_0_L2A;S2A_31TFJ_20180405_0_L2A,1.0,0.0248,0.9752,0.0704,0.2148,otsu,0.55,0.0915,77071.7,25136.8,0.3345,391.5,23783.2,23591.2,-0.0286,0.0346,0.1024,0.0167,ok,2026-09-03T15:30:07+00:00
camargue,2018-04-08,1,S2A_31TFH_20180408_0_L2A,0.0007,1.0,0.0,,0.0,fijo,,,77071.7,0.0,0.0,0.0,0.0,0.0,,,,,sin_datos,2026-09-03T15:30:07+00:00
camargue,2018-04-10,4,S2B_31TEH_20180410_0_L2A;S2B_31TEJ_20180410_0_L2A;S2B_31TFH_20180410_0_L2A;S2B_31TFJ_20180410_0_L2A,1.0,0.3156,0.6844,0.0871,0.1836,otsu,0.544,0.1034,77071.7,19573.3,0.3711,350.6,18529.3,17408.3,-0.0344,0.0278,0.0931,0.014,nublado,2026-09-03T15:30:07+00:00
camargue,2018-04-15,4,S2A_31TEH_20180415_0_L2A;S2A_31TEJ_20180415_0_L2A;S2A_31TFH_20180415_0_L2A;S2A_31TFJ_20180415_0_L2A,1.0,0.6761,0.3239,0.108,0.1445,otsu,0.315,0.1044,77071.7,11331.5,0.4539,54.1,12513.0,5361.4,-0.1206,-0.0062,0.0637,0.0002,nublado,2026-09-03T15:30:07+00:00
camargue,2018-04-18,8,S2A_31TEH_20180418_0_L2A;S2A_31TEH_20180418_1_L2A;S2A_31TEJ_20180418_0_L2A;S2A_31TEJ_20180418_1_L2A;S2A_31TFH_20180418_0_L2A;S2A_31TFH_20180418_1_L2A;S2A_31TFJ_20180418_0_L2A;S2A_31TFJ_20180418_1_L2A,1.0,0.0106,0.9894,0.0576,0.1133,otsu,0.331,0.065,77071.7,27061.0,0.3549,1107.4,25096.5,22001.0,-0.1231,0.0072,0.1217,0.0198,ok,2026-09-03T15:30:07+00:00
camargue,2018-04-20,4,S2B_31TEH_20180420_0_L2A;S2B_31TEJ_20180420_0_L2A;S2B_31TFH_20180420_0_L2A;S2B_31TFJ_20180420_0_L2A,1.0,0.0116,0.9884,0.0528,0.207,otsu,0.241,0.0515,77071.7,25678.2,0.3371,804.6,24220.0,23993.6,-0.1369,-0.01,0.1169,0.0227,ok,2026-09-03T15:31:15+00:00
camargue,2018-04-25,4,S2A_31TEH_20180425_0_L2A;S2A_31TEJ_20180425_0_L2A;S2A_31TFH_20180425_0_L2A;S2A_31TFJ_20180425_0_L2A,1.0,0.0278,0.9722,0.0568,0.1836,otsu,0.268,0.0544,77071.7,24608.5,0.3284,937.0,23294.4,22134.6,-0.1405,-0.002,0.118,0.0215,ok,2026-09-03T15:31:15+00:00
camargue,2018-04-28,2,S2A_31TFH_20180428_0_L2A;S2A_31TFJ_20180428_0_L2A,1.0,0.4375,0.5625,0.095,0.0898,otsu,0.44,0.1217,77071.7,16837.0,0.3884,381.8,16136.8,3775.0,-0.067,0.0085,0.0896,0.0072,nublado,2026-09-03T15:31:15+00:00
camargue,2018-04-30,4,S2B_31TEH_20180430_0_L2A;S2B_31TEJ_20180430_0_L2A;S2B_31TFH_20180430_0_L2A;S2B_31TFJ_20180430_0_L2A,1.0,0.2653,0.7347,0.0717,0.2305,otsu,0.249,0.0793,77071.7,21344.8,0.377,592.5,20955.0,19735.0,-0.1079,-0.0072,0.0972,0.0203,nublado,2026-09-03T15:31:15+00:00
camargue,2018-05-03,4,S2B_31TEH_20180503_0_L2A;S2B_31TEJ_20180503_0_L2A;S2B_31TFH_20180503_0_L2A;S2B_31TFJ_20180503_0_L2A,1.0,0.6291,0.3709,0.0838,0.0195,otsu,0.734,0.1242,77071.7,5998.1,0.2098,534.7,4439.7,59.0,-0.0048,0.0407,0.0968,0.0008,nublado,2026-09-03T15:31:15+00:00
camargue,2018-05-05,3,S2A_31TEH_20180505_0_L2A;S2A_31TEJ_20180505_0_L2A;S2A_31TFJ_20180505_0_L2A,1.0,0.0673,0.9327,0.0637,0.2227,otsu,0.246,0.069,77071.7,24406.1,0.3395,741.6,23025.6,21624.3,-0.1059,0.0017,0.1107,0.0247,ok,2026-09-03T15:31:15+00:00
camargue,2018-05-08,4,S2A_31TEH_20180508_0_L2A;S2A_31TEJ_20180508_0_L2A;S2A_31TFH_20180508_0_L2A;S2A_31TFJ_20180508_0_L2A,1.0,0.3243,0.6757,0.0838,0.1836,otsu,0.311,0.0835,77071.7,20321.8,0.3902,650.2,19682.4,15689.0,-0.1225,0.0044,0.1003,0.0107,nublado,2026-09-03T15:31:15+00:00
camargue,2018-05-15,2,S2A_31TEH_20180515_0_L2A;S2A_31TEJ_20180515_0_L2A,0.0416,0.9782,0.001,0.1397,0.0,fijo,,,77071.7,18.2,0.239,17.9,2.9,0.6,-0.05,0.0742,0.0931,0.0,sin_datos,2026-09-03T15:31:15+00:00
camargue,2018-05-18,4,S2A_31TEH_20180518_0_L2A;S2A_31TEJ_20180518_0_L2A;S2A_31TFH_20180518_0_L2A;S2A_31TFJ_20180518_0_L2A,1.0,0.0761,0.9239,0.0618,0.0977,otsu,0.329,0.0657,77071.7,25062.1,0.352,2400.2,21929.3,12204.3,-0.096,0.0106,0.1091,0.013,ok,2026-09-03T15:31:15+00:00
camargue,2018-05-20,8,S2B_31TEH_20180520_0_L2A;S2B_31TEH_20180520_1_L2A;S2B_31TEJ_20180520_0_L2A;S2B_31TEJ_20180520_1_L2A;S2B_31TFH_20180520_0_L2A;S2B_31TFH_20180520_1_L2A;S2B_31TFJ_20180520_0_L2A;S2B_31TFJ_20180520_1_L2A,1.0,0.0148,0.9852,0.0548,0.2148,otsu,0.218,0.056,77071.7,25575.2,0.3368,1847.5,22888.6,22875.8,-0.1194,-0.0053,0.1197,0.024,ok,2026-09-03T15:31:15+00:00
camargue,2018-05-23,4,S2B_31TEH_20180523_0_L2A;S2B_31TEJ_20180523_0_L2A;S2B_31TFH_20180523_0_L2A;S2B_31TFJ_20180523_0_L2A,1.0,0.312,0.688,0.0767,0.1367,otsu,0.295,0.0642,77071.7,20261.6,0.3821,1418.9,19123.7,9353.6,-0.1153,-0.0027,0.101,0.0111,nublado,2026-09-03T15:31:15+00:00
camargue,2018-05-25,4,S2A_31TEH_20180525_0_L2A;S2A_31TEJ_20180525_0_L2A;S2A_31TFH_20180525_0_L2A;S2A_31TFJ_20180525_0_L2A,1.0,0.0155,0.9845,0.0516,0.1445,otsu,0.301,0.0486,77071.7,24188.8,0.3188,2217.1,21929.1,20502.7,-0.1122,0.0084,0.1193,0.0176,ok,2026-09-03T15:31:15+00:00
camargue,2018-05-30,2,S2B_31TEH_20180530_0_L2A;S2B_31TEH_20180530_1_L2A,0.0,0.0,0.0,,0.0,fijo,,,77071.7,0.0,0.0,0.0,0.0,0.0,,,,,sin_datos,2026-09-03T15:33:06+00:00
camargue,2018-06-02,3,S2B_31TEH_20180602_0_L2A;S2B_31TFH_20180602_0_L2A;S2B_31TFH_20180602_1_L2A,0.0007,1.0,0.0,,0.0,fijo,,,77071.7,0.0,0.0,0.0,0.0,0.0,,,,,sin_datos,2026-09-03T15:33:06+00:00
camargue,2018-06-04,5,S2A_31TEH_20180604_0_L2A;S2A_31TEH_20180604_1_L2A;S2A_31TEJ_20180604_0_L2A;S2A_31TFH_20180604_0_L2A;S2A_31TFH_20180604_1_L2A,0.0423,0.7321,0.0113,0.1057,-0.043,otsu,0.745,0.1113,77071.7,139.7,0.1599,97.9,77.0,37.6,-0.0597,0.0882,0.1422,0.0172,sin_datos,2026-09-03T15:33:06+00:00
camargue,2018-06-09,5,S2B_31TEH_20180609_0_L2A;S2B_31TFH_20180609_0_L2A;S2B_31TFH_20180609_1_L2A;S2B_31TFJ_20180609_0_L2A;S2B_31TFJ_20180609_1_L2A,1.0,0.5674,0.4326,0.0755,0.1133,otsu,0.402,0.071,77071.7,11101.4,0.333,1532.8,10428.2,8187.8,-0.0696,0.0303,0.1224,0.0234,nublado,2026-09-03T15:33:06+00:00
camargue,2018-06-12,3,S2B_31TEH_20180612_0_L2A;S2B_31TEJ_20180612_0_L2A;S2B_31TFJ_20180612_0_L2A,1.0,0.254,0.746,0.0733,0.0742,otsu,0.539,0.079,77071.7,20062.6,0.3489,3206.4,18305.0,6977.1,-0.0627,0.0324,0.1037,0.0134,nublado,2026-09-03T15:33:06+00:00
camargue,2018-06-14,12,S2A_31TEH_20180614_0_L2A;S2A_31TEH_20180614_1_L2A;S2A_31TEJ_20180614_0_L2A;S2A_31TEJ_20180614_1_L2A;S2A_31TEJ_20180614_2_L2A;S2A_31TEJ_20180614_3_L2A;S2A_31TFH_20180614_0_L2A;S2A_31TFH_20180614_1_L2A;S2A_31TFJ_20180614_0_L2A;S2A_31TFJ_20180614_1_L2A;S2A_31TFJ_20180614_2_L2A;S2A_31TFJ_20180614_3_L2A,1.0,0.0353,0.9647,0.0702,0.1211,otsu,0.853,0.1073,77071.7,22380.8,0.301,2890.7,16602.2,19238.7,0.0108,0.0451,0.0846,0.008,ok,2026-09-03T15:33:06+00:00
camargue,2018-06-19,8,S2B_31TEH_20180619_0_L2A;S2B_31TEH_20180619_1_L2A;S2B_31TEJ_20180619_0_L2A;S2B_31TEJ_20180619_1_L2A;S2B_31TFH_20180619_0_L2A;S2B_31TFH_20180619_1_L2A;S2B_31TFJ_20180619_0_L2A;S2B_31TFJ_20180619_1_L2A,1.0,0.059,0.941,0.07,0.2148,otsu,0.396,0.0875,77071.7,21568.8,0.2974,2098.2,20792.0,20266.2,-0.0587,0.0148,0.0975,0.0147,ok,2026-09-03T15:33:06+00:00
camargue,2018-06-22,8,S2B_31TEH_20180622_0_L2A;S2B_31TEH_20180622_1_L2A;S2B_31TEJ_20180622_0_L2A;S2B_31TEJ_20180622_1_L2A;S2B_31TFH_20180622_0_L2A;S2B_31TFH_20180622_1_L2A;S2B_31TFJ_20180622_0_L2A;S2B_31TFJ_20180622_1_L2A,1.0,0.2389,0.7611,0.0754,0.043,otsu,0.785,0.0733,77071.7,14090.4,0.2402,2558.7,11702.7,339.0,0.0095,0.0177,0.0413,0.0002,nublado,2026-09-03T15:33:06+00:00
camargue,2018-06-24,5,S2A_31TEH_20180624_0_L2A;S2A_31TEH_20180624_1_L2A;S2A_31TEJ_20180624_0_L2A;S2A_31TFH_20180624_0_L2A;S2A_31TFH_20180624_1_L2A,0.0423,0.97,0.0013,0.1436,0.2617,otsu,,,77071.7,18.2,0.177,0.5,14.2,13.1,-0.1207,0.0497,0.1662,0.0702,sin_datos,2026-09-03T15:33:06+00:00
camargue,2018-06-27,8,S2A_31TEH_20180627_0_L2A;S2A_31TEH_20180627_1_L2A;S2A_31TEJ_20180627_0_L2A;S2A_31TEJ_20180627_1_L2A;S2A_31TFH_20180627_0_L2A;S2A_31TFH_20180627_1_L2A;S2A_31TFJ_20180627_0_L2A;S2A_31TFJ_20180627_2_L2A,1.0,0.0775,0.9225,0.068,0.0352,otsu,0.451,0.0672,77071.7,19871.5,0.2795,2645.9,18683.5,6590.6,-0.067,0.0084,0.0952,0.0126,ok,2026-09-03T15:33:06+00:00
camargue,2018-06-29,8,S2B_31TEH_20180629_0_L2A;S2B_31TEH_20180629_1_L2A;S2B_31TEJ_20180629_0_L2A;S2B_31TEJ_20180629_1_L2A;S2B_31TFH_20180629_0_L2A;S2B_31TFH_20180629_1_L2A;S2B_31TFJ_20180629_0_L2A;S2B_31TFJ_20180629_1_L2A,1.0,0.4508,0.5492,0.0767,0.0898,otsu,0.482,0.0751,77071.7,10909.4,0.2577,1186.1,10339.8,6825.8,-0.0644,0.0242,0.1034,0.0104,nublado,2026-09-03T15:33:06+00:00
camargue,2018-07-02,8,S2B_31TEH_20180702_0_L2A;S2B_31TEH_20180702_1_L2A;S2B_31TEJ_20180702_0_L2A;S2B_31TEJ_20180702_1_L2A;S2B_31TFH_20180702_0_L2A;S2B_31TFH_20180702_1_L2A;S2B_31TFJ_20180702_0_L2A;S2B_31TFJ_20180702_1_L2A,1.0,0.309,0.691,0.0871,-0.0352,otsu,0.552,0.1205,77071.7,11318.6,0.2125,2042.1,10497.1,2781.4,-0.0718,0.012,0.0833,0.0061,nublado,2026-09-03T15:33:06+00:00
camargue,2018-07-04,8,S2A_31TEH_20180704_0_L2A;S2A_31TEH_20180704_1_L2A;S2A_31TEJ_20180704_0_L2A;S2A_31TEJ_20180704_1_L2A;S2A_31TFH_20180704_0_L2A;S2A_31TFH_20180704_1_L2A;S2A_31TFJ_20180704_0_L2A;S2A_31TFJ_20180704_1_L2A,1.0,0.0417,0.9583,0.0573,0.1992,otsu,0.247,0.0522,77071.7,20403.2,0.2762,1526.9,19736.6,19172.2,-0.1247,-0.0005,0.121,0.0311,ok,2026-09-03T15:34:44+00:00
camargue,2018-07-07,8,S2A_31TEH_20180707_0_L2A;S2A_31TEH_20180707_1_L2A;S2A_31TEJ_20180707_0_L2A;S2A_31TEJ_20180707_1_L2A;S2A_31TFH_20180707_0_L2A;S2A_31TFH_20180707_1_L2A;S2A_31TFJ_20180707_0_L2A;S2A_31TFJ_20180707_1_L2A,1.0,0.1517,0.8483,0.0723,-0.043,otsu,0.477,0.1136,77071.7,13082.7,0.2001,2251.2,11713.9,1614.2,-0.0602,0.0098,0.085,0.0019,ok,2026-09-03T15:34:44+00:00
camargue,2018-07-09,4,S2B_31TEH_20180709_0_L2A;S2B_31TEJ_20180709_0_L2A;S2B_31TFH_20180709_0_L2A;S2B_31TFJ_20180709_0_L2A,1.0,0.0547,0.9453,0.0619,0.1914,otsu,0.247,0.0613,77071.7,20020.3,0.2748,1371.4,19425.0,19176.0,-0.1087,-0.0005,0.1119,0.0291,ok,2026-09-03T15:34:44+00:00
camargue,2018-07-12,3,S2B_31TEH_20180712_0_L2A;S2B_31TEJ_20180712_0_L2A;S2B_31TFH_20180712_0_L2A,0.0423,0.9654,0.0015,0.1346,0.0,fijo,,,77071.7,0.5,0.0041,2.2,4.2,0.0,,,,,sin_datos,2026-09-03T15:34:44+00:00
camargue,2018-07-14,4,S2A_31TEH_20180714_0_L2A;S2A_31TEJ_20180714_0_L2A;S2A_31TFH_20180714_0_L2A;S2A_31TFJ_20180714_0_L2A,1.0,0.5403,0.4597,0.0813,0.1055,otsu,0.325,0.0684,77071.7,10721.1,0.3026,449.3,10772.8,6978.1,-0.0602,0.0377,0.1335,0.0398,nublado,2026-09-03T15:34:44+00:00
camargue,2018-07-17,8,S2A_31TEH_20180717_0_L2A;S2A_31TEH_20180717_1_L2A;S2A_31TEJ_20180717_0_L2A;S2A_31TEJ_20180717_1_L2A;S2A_31TFH_20180717_0_L2A;S2A_31TFH_20180717_1_L2A;S2A_31TFJ_20180717_0_L2A;S2A_31TFJ_20180717_1_L2A,1.0,0.0995,0.9005,0.0716,-0.0352,otsu,0.49,0.1157,77071.7,16098.9,0.232,2091.8,14438.9,2081.0,-0.0624,0.0145,0.0987,0.0046,ok,2026-09-03T15:34:44+00:00
camargue,2018-07-19,4,S2B_31TEH_20180719_0_L2A;S2B_31TEJ_20180719_0_L2A;S2B_31TFH_20180719_0_L2A;S2B_31TFJ_20180719_0_L2A,1.0,0.0253,0.9747,0.0549,0.1992,otsu,0.213,0.0491,77071.7,19956.8,0.2657,1510.1,19139.0,19203.5,-0.1241,0.0076,0.1367,0.0491,ok,2026-09-03T15:34:44+00:00
camargue,2018-07-22,2,S2B_31TEJ_20180722_0_L2A;S2B_31TFJ_20180722_0_L2A,1.0,0.7041,0.2959,0.0741,-0.0508,otsu,0.68,0.1054,77071.7,1738.7,0.0763,1222.2,1441.6,317.3,-0.0739,0.0253,0.088,0.0001,nublado,2026-09-03T15:34:44+00:00
camargue,2018-07-24,4,S2A_31TEH_20180724_0_L2A;S2A_31TEJ_20180724_0_L2A;S2A_31TFH_20180724_0_L2A;S2A_31TFJ_20180724_0_L2A,0.9999,0.065,0.9349,0.0546,0.1914,otsu,0.268,0.0493,77071.7,20003.0,0.2776,1456.2,19179.7,18845.6,-0.1239,0.0142,0.1388,0.0443,ok,2026-09-03T15:34:44+00:00
camargue,2018-07-27,8,S2A_31TEH_20180727_0_L2A;S2A_31TEH_20180727_1_L2A;S2A_31TEJ_20180727_0_L2A;S2A_31TEJ_20180727_1_L2A;S2A_31TFH_20180727_0_L2A;S2A_31TFH_20180727_1_L2A;S2A_31TFJ_20180727_0_L2A;S2A_31TFJ_20180727_1_L2A,1.0,0.07,0.93,0.0733,-0.0195,otsu,0.501,0.0963,77071.7,19180.8,0.2676,2109.4,17846.1,2139.5,-0.0659,0.0308,0.1131,0.0149,ok,2026-09-03T15:34:44+00:00
camargue,2018-07-29,4,S2B_31TEH_20180729_0_L2A;S2B_31TEJ_20180729_0_L2A;S2B_31TFH_20180729_0_L2A;S2B_31TFJ_20180729_0_L2A,1.0,0.0464,0.9536,0.0544,0.2148,otsu,0.226,0.0475,77071.7,19981.3,0.2719,1514.6,19268.3,19197.6,-0.1419,0.014,0.1467,0.0529,ok,2026-09-03T15:34:44+00:00
camargue,2018-08-01,8,S2B_31TEH_20180801_0_L2A;S2B_31TEH_20180801_1_L2A;S2B_31TEJ_20180801_0_L2A;S2B_31TEJ_20180801_1_L2A;S2B_31TFH_20180801_0_L2A;S2B_31TFH_20180801_1_L2A;S2B_31TFJ_20180801_0_L2A;S2B_31TFJ_20180801_1_L2A,1.0,0.5501,0.4499,0.0742,0.0664,otsu,0.414,0.0698,77071.7,11373.6,0.328,680.6,11422.6,5613.1,-0.1163,0.0319,0.0992,0.0197,nublado,2026-09-03T15:37:18+00:00
camargue,2018-08-03,5,S2A_31TEH_20180803_0_L2A;S2A_31TEJ_20180803_0_L2A;S2A_31TEJ_20180803_1_L2A;S2A_31TFH_20180803_0_L2A;S2A_31TFH_20180803_1_L2A,0.0423,0.9682,0.0013,0.0617,-0.168,otsu,,,77071.7,5.8,0.0556,11.2,3.0,0.3,-0.0552,0.0841,0.1602,0.0833,sin_datos,2026-09-03T15:34:44+00:00
camargue,2018-08-06,8,S2A_31TEH_20180806_0_L2A;S2A_31TEH_20180806_1_L2A;S2A_31TEJ_20180806_0_L2A;S2A_31TEJ_20180806_1_L2A;S2A_31TFH_20180806_0_L2A;S2A_31TFH_20180806_1_L2A;S2A_31TFJ_20180806_0_L2A;S2A_31TFJ_20180806_1_L2A,1.0,0.0509,0.9491,0.0566,0.168,otsu,0.278,0.0525,77071.7,19637.1,0.2685,1651.4,19136.8,17445.9,-0.1502,0.0414,0.1709,0.0698,ok,2026-09-03T15:37:18+00:00
camargue,2018-08-08,8,S2B_31TEH_20180808_0_L2A;S2B_31TEH_20180808_1_L2A;S2B_31TEJ_20180808_0_L2A;S2B_31TEJ_20180808_1_L2A;S2B_31TFH_20180808_0_L2A;S2B_31TFH_20180808_1_L2A;S2B_31TFJ_20180808_0_L2A;S2B_31TFJ_20180808_1_L2A,1.0,0.162,0.838,0.0767,0.0898,otsu,0.494,0.0691,77071.7,17691.4,0.2739,1574.6,16734.6,13822.6,-0.1059,0.0584,0.1426,0.0383,ok,2026-09-03T15:37:18+00:00
camargue,2018-08-11,8,S2B_31TEH_20180811_0_L2A;S2B_31TEH_20180811_1_L2A;S2B_31TEJ_20180811_0_L2A;S2B_31TEJ_20180811_1_L2A;S2B_31TFH_20180811_0_L2A;S2B_31TFH_20180811_1_L2A;S2B_31TFJ_20180811_0_L2A;S2B_31TFJ_20180811_1_L2A,1.0,0.0278,0.9722,0.0593,0.0352,otsu,0.474,0.0708,77071.7,20312.2,0.2711,2512.6,18717.0,8272.5,-0.081,0.0414,0.1345,0.0416,ok,2026-09-03T15:37:18+00:00
camargue,2018-08-13,8,S2A_31TEH_20180813_0_L2A;S2A_31TEH_20180813_2_L2A;S2A_31TEJ_20180813_0_L2A;S2A_31TEJ_20180813_1_L2A;S2A_31TFH_20180813_0_L2A;S2A_31TFH_20180813_2_L2A;S2A_31TFJ_20180813_0_L2A;S2A_31TFJ_20180813_1_L2A,1.0,0.6395,0.3605,0.0971,0.1367,otsu,0.343,0.1017,77071.7,6963.7,0.2506,258.9,7966.2,5172.3,-0.0932,0.0259,0.1329,0.0372,nublado,2026-09-03T15:37:18+00:00
camargue,2018-08-16,8,S2A_31TEH_20180816_0_L2A;S2A_31TEH_20180816_1_L2A;S2A_31TEJ_20180816_0_L2A;S2A_31TEJ_20180816_1_L2A;S2A_31TFH_20180816_0_L2A;S2A_31TFH_20180816_1_L2A;S2A_31TFJ_20180816_0_L2A;S2A_31TFJ_20180816_1_L2A,1.0,0.0341,0.9659,0.054,0.1211,otsu,0.358,0.056,77071.7,20602.9,0.2768,2059.5,19639.0,16927.2,-0.1479,0.0428,0.1797,0.079,ok,2026-09-03T15:37:18+00:00
camargue,2018-08-18,7,S2B_31TEH_20180818_0_L2A;S2B_31TEH_20180818_1_L2A;S2B_31TEJ_20180818_0_L2A;S2B_31TEJ_20180818_1_L2A;S2B_31TFH_20180818_0_L2A;S2B_31TFH_20180818_1_L2A;S2B_31TFJ_20180818_0_L2A,1.0,0.2421,0.7579,0.0472,0.1992,otsu,0.201,0.0474,77071.7,12961.6,0.2219,1039.7,12444.5,12587.5,-0.1732,0.0277,0.1671,0.0648,nublado,2026-09-03T15:37:18+00:00
camargue,2018-08-21,8,S2B_31TEH_20180821_0_L2A;S2B_31TEH_20180821_1_L2A;S2B_31TEJ_20180821_0_L2A;S2B_31TEJ_20180821_1_L2A;S2B_31TFH_20180821_0_L2A;S2B_31TFH_20180821_1_L2A;S2B_31TFJ_20180821_0_L2A;S2B_31TFJ_20180821_1_L2A,1.0,0.0436,0.9564,0.0562,0.2305,otsu,0.226,0.0557,77071.7,20023.4,0.2716,1774.1,19601.0,19129.1,-0.1788,0.0477,0.1977,0.0967,ok,2026-09-03T15:37:18+00:00
camargue,2018-08-23,8,S2A_31TEH_20180823_0_L2A;S2A_31TEH_20180823_1_L2A;S2A_31TEJ_20180823_0_L2A;S2A_31TEJ_20180823_1_L2A;S2A_31TFH_20180823_0_L2A;S2A_31TFH_20180823_1_L2A;S2A_31TFJ_20180823_0_L2A;S2A_31TFJ_20180823_1_L2A,1.0,0.3961,0.6039,0.0807,0.2461,otsu,0.314,0.0642,77071.7,12004.0,0.2579,1044.6,12446.4,10960.8,-0.1066,0.0703,0.192,0.0875,nublado,2026-09-03T15:37:18+00:00
camargue,2018-08-26,8,S2A_31TEH_20180826_0_L2A;S2A_31TEH_20180826_1_L2A;S2A_31TEJ_20180826_0_L2A;S2A_31TEJ_20180826_1_L2A;S2A_31TFH_20180826_0_L2A;S2A_31TFH_20180826_1_L2A;S2A_31TFJ_20180826_0_L2A;S2A_31TFJ_20180826_1_L2A,1.0,0.0664,0.9336,0.0715,0.082,otsu,0.524,0.1097,77071.7,19985.4,0.2777,1698.6,18626.4,13167.8,-0.0514,0.0252,0.1109,0.0197,ok,2026-09-03T15:37:18+00:00
camargue,2018-08-28,12,S2B_31TEH_20180828_0_L2A;S2B_31TEH_20180828_1_L2A;S2B_31TEJ_20180828_0_L2A;S2B_31TEJ_20180828_1_L2A;S2B_31TEJ_20180828_2_L2A;S2B_31TEJ_20180828_3_L2A;S2B_31TFH_20180828_0_L2A;S2B_31TFH_20180828_1_L2A;S2B_31TFJ_20180828_0_L2A;S2B_31TFJ_20180828_1_L2A;S2B_31TFJ_20180828_2_L2A;S2B_31TFJ_20180828_3_L2A,1.0,0.0538,0.9462,0.0495,0.2148,otsu,0.227,0.043,77071.7,19536.2,0.2679,1639.7,18812.2,18887.4,-0.1613,0.0263,0.1816,0.0741,ok,2026-09-03T15:37:18+00:00
camargue,2018-08-31,12,S2B_31TEH_20180831_0_L2A;S2B_31TEH_20180831_1_L2A;S2B_31TEH_20180831_2_L2A;S2B_31TEJ_20180831_0_L2A;S2B_31TEJ_20180831_1_L2A;S2B_31TEJ_20180831_2_L2A;S2B_31TFH_20180831_0_L2A;S2B_31TFH_20180831_1_L2A;S2B_31TFH_20180831_2_L2A;S2B_31TFJ_20180831_0_L2A;S2B_31TFJ_20180831_1_L2A;S2B_31TFJ_20180831_2_L2A,1.0,0.0489,0.9511,0.0612,0.1211,otsu,0.379,0.0721,77071.7,20028.2,0.2732,1859.7,18977.1,18216.5,-0.0981,0.0352,0.1478,0.0419,ok,2026-09-03T15:37:18+00:00
camargue,2018-09-02,7,S2A_31TEH_20180902_0_L2A;S2A_31TEH_20180902_1_L2A;S2A_31TEJ_20180902_0_L2A;S2A_31TFH_20180902_0_L2A;S2A_31TFH_20180902_1_L2A;S2A_31TFJ_20180902_0_L2A;S2A_31TFJ_20180902_1_L2A,1.0,0.2701,0.7299,0.0707,0.2148,otsu,0.37,0.0812,77071.7,16688.5,0.2967,929.1,16190.4,15793.4,-0.095,0.0216,0.1358,0.0443,nublado,2026-09-03T15:39:02+00:00
camargue,2018-09-05,8,S2A_31TEH_20180905_0_L2A;S2A_31TEH_20180905_1_L2A;S2A_31TEJ_20180905_0_L2A;S2A_31TEJ_20180905_1_L2A;S2A_31TFH_20180905_0_L2A;S2A_31TFH_20180905_1_L2A;S2A_31TFJ_20180905_0_L2A;S2A_31TFJ_20180905_1_L2A,1.0,0.855,0.145,0.1116,0.1367,otsu,0.426,0.1039,77071.7,2920.0,0.2613,216.0,3789.6,1778.4,-0.1119,0.0432,0.1277,0.0205,nublado,2026-09-03T15:39:02+00:00
camargue,2018-09-07,4,S2B_31TEH_20180907_0_L2A;S2B_31TEJ_20180907_0_L2A;S2B_31TFH_20180907_0_L2A;S2B_31TFJ_20180907_0_L2A,1.0,0.0122,0.9878,0.0501,0.168,otsu,0.383,0.0529,77071.7,21182.6,0.2782,2094.7,19908.2,20034.1,-0.1025,0.0398,0.1527,0.0478,ok,2026-09-03T15:39:02+00:00
camargue,2018-09-10,4,S2B_31TEJ_20180910_0_L2A;S2B_31TEJ_20180910_1_L2A;S2B_31TFH_20180910_0_L2A;S2B_31TFH_20180910_1_L2A,0.0423,1.0,0.0,,0.0,fijo,,,77071.7,0.0,0.0,0.0,0.0,0.0,,,,,sin_datos,2026-09-03T15:39:02+00:00
camargue,2018-09-12,3,S2A_31TEH_20180912_0_L2A;S2A_31TEJ_20180912_0_L2A;S2A_31TFJ_20180912_0_L2A,1.0,0.3024,0.6976,0.0589,0.0117,otsu,0.421,0.0569,77071.7,10427.0,0.1939,1361.3,10351.5,5883.7,-0.0868,0.0474,0.1279,0.0193,nublado,2026-09-03T15:39:02+00:00
camargue,2018-09-17,8,S2B_31TEH_20180917_0_L2A;S2B_31TEH_20180917_1_L2A;S2B_31TEJ_20180917_0_L2A;S2B_31TEJ_20180917_1_L2A;S2B_31TFH_20180917_0_L2A;S2B_31TFH_20180917_1_L2A;S2B_31TFJ_20180917_0_L2A;S2B_31TFJ_20180917_1_L2A,1.0,0.27,0.73,0.064,0.2305,otsu,0.297,0.0488,77071.7,18196.8,0.3234,1543.7,17837.8,17558.6,-0.1404,0.0392,0.1655,0.0593,nublado,2026-09-03T15:39:02+00:00
camargue,2018-09-20,8,S2B_31TEH_20180920_0_L2A;S2B_31TEH_20180920_1_L2A;S2B_31TEJ_20180920_0_L2A;S2B_31TEJ_20180920_1_L2A;S2B_31TFH_20180920_0_L2A;S2B_31TFH_20180920_1_L2A;S2B_31TFJ_20180920_0_L2A;S2B_31TFJ_20180920_1_L2A,1.0,0.011,0.989,0.0532,0.2227,otsu,0.221,0.0503,77071.7,19378.4,0.2542,2254.4,18957.9,18600.8,-0.1741,0.039,0.1855,0.0814,ok,2026-09-03T15:39:02+00:00
camargue,2018-09-22,8,S2A_31TEH_20180922_0_L2A;S2A_31TEH_20180922_1_L2A;S2A_31TEJ_20180922_0_L2A;S2A_31TEJ_20180922_1_L2A;S2A_31TFH_20180922_0_L2A;S2A_31TFH_20180922_1_L2A;S2A_31TFJ_20180922_0_L2A;S2A_31TFJ_20180922_1_L2A,1.0,0.1392,0.8608,0.0733,0.1836,otsu,0.373,0.0803,77071.7,16615.0,0.2504,1437.8,16201.9,15415.5,-0.1108,0.0343,0.1432,0.045,ok,2026-09-03T15:39:02+00:00
camargue,2018-09-25,8,S2A_31TEH_20180925_0_L2A;S2A_31TEH_20180925_1_L2A;S2A_31TEJ_20180925_0_L2A;S2A_31TEJ_20180925_1_L2A;S2A_31TFH_20180925_0_L2A;S2A_31TFH_20180925_1_L2A;S2A_31TFJ_20180925_0_L2A;S2A_31TFJ_20180925_1_L2A,1.0,0.0463,0.9537,0.0715,0.1523,otsu,0.522,0.0987,77071.7,20048.2,0.2728,952.8,19414.7,17769.8,-0.0419,0.032,0.1021,0.0204,ok,2026-09-03T15:39:02+00:00
camargue,2018-09-27,8,S2B_31TEH_20180927_0_L2A;S2B_31TEH_20180927_1_L2A;S2B_31TEJ_20180927_0_L2A;S2B_31TEJ_20180927_1_L2A;S2B_31TFH_20180927_0_L2A;S2B_31TFH_20180927_1_L2A;S2B_31TFJ_20180927_0_L2A;S2B_31TFJ_20180927_1_L2A,1.0,0.0289,0.9711,0.0614,0.1992,otsu,0.239,0.0505,77071.7,19612.3,0.262,1431.0,18933.4,18751.4,-0.1655,0.0079,0.1374,0.0367,ok,2026-09-03T15:39:02+00:00
camargue,2018-09-30,4,S2B_31TEH_20180930_0_L2A;S2B_31TEH_20180930_1_L2A;S2B_31TEJ_20180930_0_L2A;S2B_31TEJ_20180930_1_L2A,0.0416,0.994,0.0003,0.1538,0.0,fijo,,,77071.7,15.7,0.6049,4.0,11.0,2.2,-0.075,0.0392,0.0622,0.0,sin_datos,2026-09-03T15:39:02+00:00
camargue,2018-10-02,4,S2A_31TEH_20181002_0_L2A;S2A_31TEJ_20181002_0_L2A;S2A_31TFH_20181002_0_L2A;S2A_31TFJ_20181002_0_L2A,1.0,0.0483,0.9517,0.0774,0.1602,otsu,0.882,0.0948,77071.7,19886.4,0.2711,1116.6,8153.8,11405.3,0.0181,0.0389,0.0641,0.0083,ok,2026-09-03T15:39:02+00:00
camargue,2018-10-05,10,S2A_31TEH_20181005_0_L2A;S2A_31TEH_20181005_1_L2A;S2A_31TEJ_20181005_0_L2A;S2A_31TEJ_20181005_3_L2A;S2A_31TFH_20181005_0_L2A;S2A_31TFH_20181005_1_L2A;S2A_31TFJ_20181005_0_L2A;S2A_31TFJ_20181005_1_L2A;S2A_31TFJ_20181005_2_L2A;S2A_31TFJ_20181005_3_L2A,1.0,0.0234,0.9766,0.0617,0.2305,otsu,0.214,0.054,77071.7,19999.8,0.2657,1281.4,19554.9,19116.5,-0.1727,0.0156,0.1493,0.0393,ok,2026-09-03T15:40:22+00:00
camargue,2018-10-07,6,S2B_31TEH_20181007_0_L2A;S2B_31TEH_20181007_1_L2A;S2B_31TEJ_20181007_0_L2A;S2B_31TEJ_20181007_1_L2A;S2B_31TFJ_20181007_0_L2A;S2B_31TFJ_20181007_1_L2A,1.0,0.0403,0.9597,0.0458,0.2383,otsu,0.264,0.0496,77071.7,22872.5,0.3092,1490.4,21420.6,21837.3,-0.1206,0.0288,0.1436,0.0332,ok,2026-09-03T15:40:22+00:00
camargue,2018-10-12,2,S2A_31TEH_20181012_0_L2A;S2A_31TEH_20181012_1_L2A,0.0,0.0,0.0,,0.0,fijo,,,77071.7,0.0,0.0,0.0,0.0,0.0,,,,,sin_datos,2026-09-03T15:40:22+00:00
camargue,2018-10-15,1,S2A_31TEJ_20181015_0_L2A,0.0416,1.002,0.0,,0.0,fijo,,,77071.7,0.0,0.0,0.0,0.0,0.0,,,,,sin_datos,2026-09-03T15:40:22+00:00
camargue,2018-10-20,4,S2B_31TEJ_20181020_0_L2A;S2B_31TEJ_20181020_1_L2A;S2B_31TFJ_20181020_0_L2A;S2B_31TFJ_20181020_1_L2A,1.0,0.0255,0.9745,0.0516,0.1211,otsu,0.501,0.0461,77071.7,24068.6,0.3205,1764.0,22214.2,27973.0,-0.1029,0.0495,0.1334,0.0291,ok,2026-09-03T15:40:22+00:00
camargue,2018-10-22,7,S2A_31TEH_20181022_0_L2A;S2A_31TEH_20181022_1_L2A;S2A_31TEJ_20181022_0_L2A;S2A_31TEJ_20181022_1_L2A;S2A_31TFH_20181022_0_L2A;S2A_31TFJ_20181022_0_L2A;S2A_31TFJ_20181022_1_L2A,1.0,0.0143,0.9857,0.049,0.2305,otsu,0.427,0.0603,77071.7,24057.0,0.3167,1507.0,23115.0,28146.7,-0.132,0.0187,0.129,0.0353,ok,2026-09-03T15:40:22+00:00
camargue,2018-10-25,8,S2A_31TEH_20181025_0_L2A;S2A_31TEH_20181025_1_L2A;S2A_31TEJ_20181025_0_L2A;S2A_31TEJ_20181025_1_L2A;S2A_31TFH_20181025_0_L2A;S2A_31TFH_20181025_1_L2A;S2A_31TFJ_20181025_0_L2A;S2A_31TFJ_20181025_1_L2A,1.0,0.1268,0.8732,0.0555,0.2148,otsu,0.574,0.0868,77071.7,17706.4,0.2631,1092.0,16879.2,19720.8,-0.0563,0.0331,0.1075,0.0223,ok,2026-09-03T15:40:22+00:00
camargue,2018-10-30,2,S2B_31TEJ_20181030_0_L2A;S2B_31TFJ_20181030_0_L2A,1.0,0.4816,0.5184,0.0662,0.2305,otsu,0.475,0.0876,77071.7,7991.2,0.2,496.6,8905.4,10735.8,-0.1214,0.0022,0.0788,0.0076,nublado,2026-09-03T15:40:22+00:00
camargue,2018-11-01,6,S2A_31TEJ_20181101_0_L2A;S2A_31TEJ_20181101_1_L2A;S2A_31TFH_20181101_0_L2A;S2A_31TFH_20181101_1_L2A;S2A_31TFJ_20181101_0_L2A;S2A_31TFJ_20181101_1_L2A,1.0,0.5091,0.4909,0.0347,0.2773,otsu,0.287,0.0412,77071.7,12565.4,0.3321,1042.7,11549.3,14650.1,-0.1668,0.0243,0.1684,0.072,nublado,2026-09-03T15:40:22+00:00
camargue,2018-11-06,3,S2B_31TEH_20181106_0_L2A;S2B_31TEJ_20181106_0_L2A;S2B_31TFH_20181106_0_L2A,0.0423,0.5242,0.0201,0.0582,0.168,otsu,0.736,0.0489,77071.7,493.9,0.3188,104.8,501.4,738.4,-0.1021,0.0523,0.1647,0.0489,sin_datos,2026-09-03T15:40:22+00:00
camargue,2018-11-11,2,S2A_31TEJ_20181111_0_L2A;S2A_31TFH_20181111_0_L2A,0.0423,0.1169,0.0373,0.0626,0.1758,otsu,0.537,0.0764,77071.7,743.7,0.2586,75.0,764.6,973.4,-0.1254,0.0304,0.1591,0.0404,sin_datos,2026-09-03T15:40:22+00:00
camargue,2018-11-14,1,S2A_31TFH_20181114_0_L2A,0.0007,0.4313,0.0004,0.0978,0.0,fijo,,,77071.7,15.2,0.522,0.6,13.8,18.4,-0.0569,-0.0178,0.0325,0.0,sin_datos,2026-09-03T15:40:22+00:00
camargue,2018-11-16,3,S2B_31TEH_20181116_0_L2A;S2B_31TEJ_20181116_0_L2A;S2B_31TFJ_20181116_0_L2A,1.0,0.6676,0.3324,0.0986,0.207,otsu,0.641,0.0947,77071.7,7831.0,0.3057,182.4,9608.8,10768.8,-0.1228,0.0281,0.0987,0.0033,nublado,2026-09-03T15:41:13+00:00
camargue,2018-11-21,2,S2A_31TEH_20181121_0_L2A;S2A_31TFH_20181121_0_L2A,0.0007,0.8313,0.0001,0.1697,0.0,fijo,,,77071.7,8.6,1.0,0.0,8.6,8.0,-0.0765,0.0066,0.0214,0.0,sin_datos,2026-09-03T15:41:13+00:00
camargue,2018-11-24,4,S2A_31TEH_20181124_0_L2A;S2A_31TEJ_20181124_0_L2A;S2A_31TFH_20181124_0_L2A;S2A_31TFJ_20181124_0_L2A,1.0,0.0315,0.9685,0.0379,0.3164,otsu,0.206,0.0472,77071.7,28756.8,0.3852,1584.6,27186.6,32698.1,-0.1842,0.0192,0.1619,0.0648,ok,2026-09-03T15:41:13+00:00
camargue,2018-11-26,2,S2B_31TEJ_20181126_0_L2A;S2B_31TFJ_20181126_0_L2A,1.0,0.1271,0.8729,0.0547,0.2773,otsu,0.498,0.063,77071.7,17666.7,0.2626,831.2,21762.6,27578.9,-0.1299,0.0397,0.1415,0.044,ok,2026-09-03T15:41:13+00:00
camargue,2018-11-29,2,S2B_31TEJ_20181129_0_L2A;S2B_31TFJ_20181129_0_L2A,1.0,0.3599,0.6401,0.0463,0.2617,otsu,0.261,0.0381,77071.7,17077.6,0.3462,625.0,17267.7,20090.7,-0.2323,0.0034,0.1309,0.0357,nublado,2026-09-03T15:41:13+00:00
camargue,2018-12-04,4,S2A_31TEH_20181204_0_L2A;S2A_31TEJ_20181204_0_L2A;S2A_31TFH_20181204_0_L2A;S2A_31TFJ_20181204_0_L2A,1.0,0.0231,0.9769,0.0354,0.2773,otsu,0.266,0.0386,77071.7,26018.6,0.3456,1076.6,25612.8,31273.1,-0.2079,0.0022,0.1696,0.0692,ok,2026-09-03T15:41:13+00:00
camargue,2018-12-06,2,S2B_31TFH_20181206_0_L2A;S2B_31TFJ_20181206_0_L2A,1.0,0.5371,0.4629,0.056,0.2617,otsu,0.393,0.0628,77071.7,10342.4,0.2899,417.8,10203.5,13357.9,-0.1266,0.0426,0.166,0.0711,nublado,2026-09-03T15:41:13+00:00
camargue,2018-12-09,1,S2B_31TEJ_20181209_0_L2A,0.0416,0.5424,0.019,0.0588,0.1445,otsu,0.538,0.0749,77071.7,385.1,0.2626,24.5,337.0,420.3,-0.0723,0.0106,0.1221,0.0075,sin_datos,2026-09-03T15:41:13+00:00
camargue,2018-12-11,4,S2A_31TEH_20181211_0_L2A;S2A_31TEJ_20181211_0_L2A;S2A_31TFH_20181211_0_L2A;S2A_31TFJ_20181211_0_L2A,1.0,0.0307,0.9693,0.05,0.2305,otsu,0.56,0.0675,77071.7,25583.2,0.3425,1000.8,24319.4,30710.1,-0.0767,0.0198,0.1112,0.0284,ok,2026-09-03T15:41:13+00:00
camargue,2018-12-14,4,S2A_31TEH_20181214_0_L2A;S2A_31TEJ_20181214_0_L2A;S2A_31TFH_20181214_0_L2A;S2A_31TFJ_20181214_0_L2A,1.0,0.1139,0.8861,0.051,0.2539,otsu,0.346,0.0586,77071.7,24503.8,0.3588,897.4,23419.2,28776.6,-0.1448,0.0144,0.1226,0.0305,ok,2026-09-03T15:41:13+00:00
camargue,2018-12-19,2,S2B_31TEH_20181219_0_L2A;S2B_31TEJ_20181219_0_L2A,0.0416,0.531,0.0196,0.0658,0.2305,otsu,0.5,0.0583,77071.7,718.7,0.476,43.7,747.0,909.9,-0.1353,0.0384,0.1452,0.0136,sin_datos,2026-09-03T15:41:13+00:00
camargue,2018-12-24,3,S2A_31TEJ_20181224_0_L2A;S2A_31TFH_20181224_0_L2A;S2A_31TFJ_20181224_0_L2A,1.0,0.0766,0.9234,0.0414,0.2305,otsu,0.258,0.0429,77071.7,22880.0,0.3215,971.0,22358.1,27807.2,-0.2096,-0.0319,0.1326,0.0376,ok,2026-09-03T15:42:18+00:00
camargue,2018-12-26,1,S2B_31TEJ_20181226_0_L2A,0.0416,0.728,0.0113,0.0637,-0.1836,otsu,,,77071.7,17.1,0.0196,79.0,4.5,1.0,-0.0149,0.0986,0.1389,0.0,sin_datos,2026-09-03T15:41:13+00:00
camargue,2018-12-29,4,S2B_31TEH_20181229_0_L2A;S2B_31TEJ_20181229_0_L2A;S2B_31TFH_20181229_0_L2A;S2B_31TFJ_20181229_0_L2A,1.0,0.0229,0.9771,0.0616,0.2383,otsu,0.537,0.079,77071.7,25585.8,0.3397,1331.0,24273.6,30755.4,-0.0816,0.006,0.0959,0.015,ok,2026-09-03T15:42:18+00:00
camargue,2018-12-31,1,S2A_31TFJ_20181231_0_L2A,1.0,0.9445,0.0555,0.0501,0.1367,otsu,1.024,0.0608,77071.7,1905.9,0.4458,40.8,864.0,1822.1,0.0262,0.0305,0.0585,0.0003,nublado,2026-09-03T15:42:18+00:00
camargue,2019-01-03,4,S2A_31TEH_20190103_0_L2A;S2A_31TEJ_20190103_0_L2A;S2A_31TFH_20190103_0_L2A;S2A_31TFJ_20190103_0_L2A,1.0,0.0471,0.9529,0.0619,0.168,otsu,1.107,0.1018,77071.7,25061.8,0.3412,1010.4,9594.2,28935.7,0.03,0.0334,0.0673,0.0052,espectro_anomalo,2026-09-03T15:42:18+00:00
camargue,2019-01-05,4,S2B_31TEH_20190105_0_L2A;S2B_31TEJ_20190105_0_L2A;S2B_31TFH_20190105_0_L2A;S2B_31TFJ_20190105_0_L2A,1.0,0.1477,0.8523,0.082,0.1914,otsu,1.051,0.1117,77071.7,18694.2,0.2846,739.8,8602.2,21541.1,0.0106,0.0363,0.0725,0.0042,ok,2026-09-03T15:42:18+00:00
camargue,2019-01-10,4,S2A_31TEH_20190110_0_L2A;S2A_31TEJ_20190110_0_L2A;S2A_31TFH_20190110_0_L2A;S2A_31TFJ_20190110_0_L2A,1.0,0.0463,0.9537,0.069,0.1992,otsu,1.167,0.1016,77071.7,24316.5,0.3308,1025.8,8180.3,28879.2,0.042,0.0395,0.0764,0.0052,espectro_anomalo,2026-09-03T15:42:18+00:00
camargue,2019-01-15,5,S2B_31TEH_20190115_0_L2A;S2B_31TEH_20190115_1_L2A;S2B_31TEJ_20190115_0_L2A;S2B_31TFH_20190115_0_L2A;S2B_31TFJ_20190115_0_L2A,1.0,0.0799,0.9201,0.0797,0.2227,otsu,0.857,0.1062,77071.7,22554.7,0.3181,624.3,17827.5,26490.7,-0.0111,0.0156,0.0674,0.0055,ok,2026-09-03T15:42:18+00:00
camargue,2019-01-18,1,S2B_31TFH_20190118_0_L2A,0.0007,0.0281,0.0006,0.0714,0.0,fijo,0.531,0.0694,77071.7,16.6,0.3344,0.2,16.0,28.0,-0.1571,-0.0907,-0.0115,0.0,sin_datos,2026-09-03T15:42:18+00:00
camargue,2019-01-25,4,S2B_31TEH_20190125_0_L2A;S2B_31TEJ_20190125_0_L2A;S2B_31TFH_20190125_0_L2A;S2B_31TFJ_20190125_0_L2A,1.0,0.0301,0.9699,0.0769,0.2227,otsu,0.974,0.1061,77071.7,24440.6,0.327,751.0,15695.8,29199.7,0.0166,0.0255,0.0676,0.0074,ok,2026-09-03T15:42:18+00:00
camargue,2019-01-28,1,S2B_31TFJ_20190128_0_L2A,1.0,0.6916,0.3084,0.0798,0.1055,otsu,0.564,0.077,77071.7,6097.0,0.2565,208.8,5120.2,5426.4,-0.0605,-0.0152,0.0446,0.0001,nublado,2026-09-03T15:42:18+00:00
camargue,2019-01-30,8,S2A_31TEH_20190130_0_L2A;S2A_31TEH_20190130_1_L2A;S2A_31TEJ_20190130_0_L2A;S2A_31TEJ_20190130_1_L2A;S2A_31TFH_20190130_0_L2A;S2A_31TFH_20190130_1_L2A;S2A_31TFJ_20190130_0_L2A;S2A_31TFJ_20190130_1_L2A,1.0,0.0388,0.9612,0.0579,0.2305,otsu,0.422,0.0749,77071.7,24123.4,0.3256,673.1,22962.9,29443.7,-0.0928,-0.0189,0.101,0.0178,ok,2026-09-03T15:43:44+00:00
camargue,2019-02-04,4,S2B_31TEH_20190204_0_L2A;S2B_31TEJ_20190204_0_L2A;S2B_31TFH_20190204_0_L2A;S2B_31TFJ_20190204_0_L2A,1.0,0.0219,0.9781,0.0722,0.2461,otsu,0.896,0.0993,77071.7,25432.0,0.3374,745.1,16714.4,30063.2,0.0001,0.0328,0.0864,0.0098,ok,2026-09-03T15:43:44+00:00
camargue,2019-02-07,2,S2B_31TEH_20190207_0_L2A;S2B_31TEJ_20190207_0_L2A,0.0416,0.8602,0.0058,0.0957,-0.0742,otsu,1.115,0.1102,77071.7,149.0,0.3325,90.9,31.7,5.1,-0.0253,0.0539,0.0782,0.0,sin_datos,2026-09-03T15:42:18+00:00
camargue,2019-02-09,1,S2A_31TFH_20190209_0_L2A,0.0007,1.0,0.0,,0.0,fijo,,,77071.7,0.0,0.0,0.0,0.0,0.0,,,,,sin_datos,2026-09-03T15:42:18+00:00
camargue,2019-02-12,4,S2A_31TEH_20190212_0_L2A;S2A_31TEJ_20190212_0_L2A;S2A_31TFH_20190212_0_L2A;S2A_31TFJ_20190212_0_L2A,1.0,0.0759,0.9241,0.0687,0.1758,otsu,0.775,0.0961,77071.7,22645.8,0.318,748.6,18043.2,24698.1,-0.006,0.0177,0.0813,0.0077,ok,2026-09-03T15:43:44+00:00
camargue,2019-02-14,4,S2B_31TEH_20190214_0_L2A;S2B_31TEJ_20190214_0_L2A;S2B_31TFH_20190214_0_L2A;S2B_31TFJ_20190214_0_L2A,1.0,0.0274,0.9726,0.0698,0.2539,otsu,0.263,0.0696,77071.7,23302.2,0.3109,564.8,22913.3,28834.2,-0.1817,-0.035,0.1143,0.036,ok,2026-09-03T15:43:44+00:00
camargue,2019-02-17,4,S2B_31TEH_20190217_0_L2A;S2B_31TEJ_20190217_0_L2A;S2B_31TFH_20190217_0_L2A;S2B_31TFJ_20190217_0_L2A,1.0,0.5283,0.4717,0.0974,0.2695,otsu,0.562,0.0847,77071.7,9747.5,0.2681,103.7,13018.9,16301.1,-0.1678,0.0092,0.1376,0.0604,nublado,2026-09-03T15:43:44+00:00
camargue,2019-02-22,4,S2A_31TEH_20190222_0_L2A;S2A_31TEJ_20190222_0_L2A;S2A_31TFH_20190222_0_L2A;S2A_31TFJ_20190222_0_L2A,1.0,0.0172,0.9828,0.0721,0.1523,otsu,0.633,0.0833,77071.7,24008.6,0.317,678.6,21569.8,28259.0,-0.0448,0.0156,0.1006,0.0148,ok,2026-09-03T15:43:44+00:00
camargue,2019-02-24,8,S2B_31TEH_20190224_0_L2A;S2B_31TEH_20190224_1_L2A;S2B_31TEJ_20190224_0_L2A;S2B_31TEJ_20190224_1_L2A;S2B_31TFH_20190224_0_L2A;S2B_31TFH_20190224_1_L2A;S2B_31TFJ_20190224_0_L2A;S2B_31TFJ_20190224_1_L2A,1.0,0.0997,0.9003,0.0852,0.2148,otsu,0.392,0.0819,77071.7,22834.6,0.3291,505.8,21950.1,28799.2,-0.1507,-0.0056,0.1069,0.0197,ok,2026-09-03T15:43:44+00:00
camargue,2019-02-27,4,S2B_31TEH_20190227_0_L2A;S2B_31TEJ_20190227_0_L2A;S2B_31TFH_20190227_0_L2A;S2B_31TFJ_20190227_0_L2A,1.0,0.0118,0.9882,0.066,0.2383,otsu,0.353,0.0622,77071.7,23505.8,0.3086,733.8,22481.1,28524.0,-0.1646,-0.0202,0.1148,0.0312,ok,2026-09-03T15:43:44+00:00
camargue,2019-03-01,4,S2A_31TEH_20190301_0_L2A;S2A_31TEJ_20190301_0_L2A;S2A_31TFH_20190301_0_L2A;S2A_31TFJ_20190301_0_L2A,1.0,0.0476,0.9524,0.0664,0.2227,otsu,0.385,0.0644,77071.7,22304.5,0.3039,446.9,21489.6,26507.5,-0.1381,-0.0254,0.1079,0.0177,ok,2026-09-03T15:43:44+00:00
camargue,2019-03-04,4,S2A_31TEH_20190304_0_L2A;S2A_31TEJ_20190304_0_L2A;S2A_31TFH_20190304_0_L2A;S2A_31TFJ_20190304_0_L2A,1.0,0.3463,0.6537,0.0937,0.2227,otsu,0.426,0.096,77071.7,21323.4,0.4232,197.4,20790.2,25149.9,-0.1157,0.0004,0.0894,0.0073,nublado,2026-09-03T15:43:44+00:00
camargue,2019-03-09,2,S2B_31TEH_20190309_0_L2A;S2B_31TFJ_20190309_0_L2A,1.0,0.414,0.586,0.0789,0.1133,otsu,0.535,0.0751,77071.7,8292.6,0.1836,301.3,7636.6,8910.4,-0.0995,0.0056,0.0994,0.0106,nublado,2026-09-03T15:43:44+00:00
camargue,2019-03-11,4,S2A_31TEH_20190311_0_L2A;S2A_31TEJ_20190311_0_L2A;S2A_31TFH_20190311_0_L2A;S2A_31TFJ_20190311_0_L2A,1.0,0.0205,0.9795,0.0793,0.207,otsu,0.717,0.0863,77071.7,23352.2,0.3093,622.6,20774.2,27697.0,-0.0175,0.022,0.0928,0.0232,ok,2026-09-03T15:43:44+00:00
camargue,2019-03-14,4,S2A_31TEH_20190314_0_L2A;S2A_31TEJ_20190314_0_L2A;S2A_31TFH_20190314_0_L2A;S2A_31TFJ_20190314_0_L2A,1.0,0.236,0.764,0.0828,0.1758,otsu,0.583,0.0831,77071.7,17386.1,0.2953,402.1,17470.7,21448.0,-0.0602,0.0075,0.0843,0.0132,nublado,2026-09-03T15:45:53+00:00
camargue,2019-03-16,4,S2B_31TEH_20190316_0_L2A;S2B_31TEJ_20190316_0_L2A;S2B_31TFH_20190316_0_L2A;S2B_31TFJ_20190316_0_L2A,1.0,0.0152,0.9848,0.0745,0.2539,otsu,0.359,0.0739,77071.7,22874.7,0.3014,590.6,22005.4,27508.0,-0.1129,-0.0311,0.0944,0.0248,ok,2026-09-03T15:45:53+00:00
camargue,2019-03-19,4,S2B_31TEH_20190319_0_L2A;S2B_31TEJ_20190319_0_L2A;S2B_31TFH_20190319_0_L2A;S2B_31TFJ_20190319_0_L2A,1.0,0.2895,0.7105,0.1016,0.1914,otsu,0.767,0.1086,77071.7,18301.4,0.3342,293.8,16412.2,20997.3,-0.0211,0.0127,0.057,0.0064,nublado,2026-09-03T15:45:53+00:00
camargue,2019-03-21,4,S2A_31TEH_20190321_0_L2A;S2A_31TEJ_20190321_0_L2A;S2A_31TFH_20190321_0_L2A;S2A_31TFJ_20190321_0_L2A,1.0,0.0202,0.9798,0.0758,0.2539,otsu,0.351,0.0709,77071.7,22702.4,0.3006,448.5,22003.8,27130.2,-0.1338,-0.0334,0.0942,0.0142,ok,2026-09-03T15:45:53+00:00
camargue,2019-03-24,8,S2A_31TEH_20190324_0_L2A;S2A_31TEH_20190324_3_L2A;S2A_31TEJ_20190324_0_L2A;S2A_31TEJ_20190324_1_L2A;S2A_31TFH_20190324_0_L2A;S2A_31TFH_20190324_3_L2A;S2A_31TFJ_20190324_0_L2A;S2A_31TFJ_20190324_1_L2A,1.0,0.0021,0.9979,0.0629,0.2461,otsu,0.287,0.0541,77071.7,22396.2,0.2912,519.0,21704.6,27509.8,-0.1631,-0.0384,0.1121,0.0245,ok,2026-09-03T15:45:53+00:00
camargue,2019-03-26,8,S2B_31TEH_20190326_0_L2A;S2B_31TEH_20190326_1_L2A;S2B_31TEJ_20190326_0_L2A;S2B_31TEJ_20190326_1_L2A;S2B_31TFH_20190326_0_L2A;S2B_31TFH_20190326_1_L2A;S2B_31TFJ_20190326_0_L2A;S2B_31TFJ_20190326_1_L2A,1.0,0.0115,0.9885,0.0956,0.2148,otsu,1.195,0.1027,77071.7,22770.2,0.2989,771.4,6084.8,26956.0,0.0335,0.0369,0.0613,0.0048,espectro_anomalo,2026-09-03T15:45:53+00:00
camargue,2019-03-29,8,S2B_31TEH_20190329_0_L2A;S2B_31TEH_20190329_1_L2A;S2B_31TEJ_20190329_0_L2A;S2B_31TEJ_20190329_1_L2A;S2B_31TFH_20190329_0_L2A;S2B_31TFH_20190329_1_L2A;S2B_31TFJ_20190329_0_L2A;S2B_31TFJ_20190329_1_L2A,1.0,0.0047,0.9953,0.0763,0.2539,otsu,0.333,0.071,77071.7,22349.4,0.2914,609.1,21307.5,27616.8,-0.1507,-0.0245,0.0981,0.0152,ok,2026-09-03T15:45:53+00:00
camargue,2019-03-31,10,S2A_31TEH_20190331_0_L2A;S2A_31TEH_20190331_1_L2A;S2A_31TEJ_20190331_0_L2A;S2A_31TEJ_20190331_1_L2A;S2A_31TEJ_20190331_2_L2A;S2A_31TFH_20190331_0_L2A;S2A_31TFH_20190331_1_L2A;S2A_31TFH_20190331_2_L2A;S2A_31TFJ_20190331_0_L2A;S2A_31TFJ_20190331_1_L2A,1.0,0.0036,0.9964,0.0688,0.2305,otsu,0.315,0.0572,77071.7,22012.6,0.2866,514.2,21133.6,27362.7,-0.1573,-0.0208,0.1029,0.0178,ok,2026-09-03T15:45:53+00:00
camargue,2019-04-05,8,S2B_31TEH_20190405_0_L2A;S2B_31TEH_20190405_1_L2A;S2B_31TEJ_20190405_0_L2A;S2B_31TEJ_20190405_1_L2A;S2B_31TFH_20190405_0_L2A;S2B_31TFH_20190405_1_L2A;S2B_31TFJ_20190405_0_L2A;S2B_31TFJ_20190405_1_L2A,1.0,0.026,0.974,0.0653,0.2461,otsu,0.35,0.0624,77071.7,22641.8,0.3016,500.2,21555.2,27337.8,-0.1439,-0.0315,0.0924,0.0194,ok,2026-09-03T15:45:53+00:00
camargue,2019-04-08,6,S2B_31TEJ_20190408_0_L2A;S2B_31TEJ_20190408_1_L2A;S2B_31TFH_20190408_0_L2A;S2B_31TFH_20190408_1_L2A;S2B_31TFJ_20190408_0_L2A;S2B_31TFJ_20190408_1_L2A,1.0,0.8194,0.1806,0.0676,0.2539,otsu,0.375,0.0763,77071.7,6225.0,0.4472,119.7,5967.5,7388.0,-0.1215,0.0181,0.1118,0.0199,nublado,2026-09-03T15:45:53+00:00
camargue,2019-04-13,8,S2A_31TEH_20190413_0_L2A;S2A_31TEH_20190413_1_L2A;S2A_31TEJ_20190413_0_L2A;S2A_31TEJ_20190413_1_L2A;S2A_31TFH_20190413_0_L2A;S2A_31TFH_20190413_1_L2A;S2A_31TFJ_20190413_0_L2A;S2A_31TFJ_20190413_1_L2A,1.0,0.0035,0.9965,0.0837,0.1055,otsu,0.841,0.1058,77071.7,25110.9,0.327,1122.2,21065.3,27281.1,-0.0029,0.024,0.081,0.0094,ok,2026-09-03T15:47:46+00:00
camargue,2019-04-15,3,S2B_31TFH_20190415_0_L2A;S2B_31TFJ_20190415_0_L2A;S2B_31TFJ_20190415_1_L2A,1.0,0.8088,0.1912,0.0884,0.1367,otsu,0.494,0.0829,77071.7,4884.8,0.3315,193.0,4488.5,5453.3,-0.0957,-0.0076,0.1073,0.0282,nublado,2026-09-03T15:45:53+00:00
camargue,2019-04-20,4,S2A_31TEJ_20190420_0_L2A;S2A_31TEJ_20190420_1_L2A;S2A_31TFJ_20190420_0_L2A;S2A_31TFJ_20190420_1_L2A,1.0,0.4805,0.5195,0.0661,0.168,otsu,0.386,0.0587,77071.7,17188.5,0.4293,330.6,16154.6,20008.8,-0.1348,0.0048,0.1036,0.0194,nublado,2026-09-03T15:45:53+00:00
camargue,2019-04-28,8,S2B_31TEH_20190428_0_L2A;S2B_31TEH_20190428_1_L2A;S2B_31TEJ_20190428_0_L2A;S2B_31TEJ_20190428_1_L2A;S2B_31TFH_20190428_0_L2A;S2B_31TFH_20190428_1_L2A;S2B_31TFJ_20190428_0_L2A;S2B_31TFJ_20190428_1_L2A,1.0,0.3054,0.6946,0.0857,0.082,otsu,0.946,0.1109,77071.7,15125.0,0.2825,945.6,10409.9,15913.1,0.0045,0.0383,0.0866,0.0066,nublado,2026-09-03T15:47:46+00:00
camargue,2019-04-30,8,S2A_31TEH_20190430_0_L2A;S2A_31TEH_20190430_1_L2A;S2A_31TEJ_20190430_0_L2A;S2A_31TEJ_20190430_1_L2A;S2A_31TFH_20190430_0_L2A;S2A_31TFH_20190430_1_L2A;S2A_31TFJ_20190430_0_L2A;S2A_31TFJ_20190430_1_L2A,1.0,0.0294,0.9706,0.0785,0.1914,otsu,0.853,0.0933,77071.7,23964.6,0.3204,993.3,18225.3,26625.6,0.0069,0.0372,0.0885,0.0149,ok,2026-09-03T15:47:46+00:00
camargue,2019-05-05,8,S2B_31TEH_20190505_0_L2A;S2B_31TEH_20190505_1_L2A;S2B_31TEJ_20190505_0_L2A;S2B_31TEJ_20190505_1_L2A;S2B_31TFH_20190505_0_L2A;S2B_31TFH_20190505_1_L2A;S2B_31TFJ_20190505_1_L2A;S2B_31TFJ_20190505_3_L2A,1.0,0.1837,0.8163,0.0943,0.1445,otsu,1.235,0.1149,77071.7,20632.6,0.328,1315.7,4073.8,22730.9,0.0409,0.0388,0.0577,0.0014,espectro_anomalo,2026-09-03T15:47:46+00:00
camargue,2019-05-10,7,S2A_31TEH_20190510_1_L2A;S2A_31TEJ_20190510_0_L2A;S2A_31TEJ_20190510_1_L2A;S2A_31TFH_20190510_0_L2A;S2A_31TFH_20190510_1_L2A;S2A_31TFJ_20190510_0_L2A;S2A_31TFJ_20190510_1_L2A,1.0,0.552,0.448,0.073,0.1133,otsu,0.448,0.0687,77071.7,8447.8,0.2446,1336.8,6774.4,7999.4,-0.1057,0.0077,0.1244,0.0311,nublado,2026-09-03T15:47:46+00:00
camargue,2019-05-13,8,S2A_31TEH_20190513_0_L2A;S2A_31TEH_20190513_1_L2A;S2A_31TEJ_20190513_0_L2A;S2A_31TEJ_20190513_1_L2A;S2A_31TFH_20190513_0_L2A;S2A_31TFH_20190513_1_L2A;S2A_31TFJ_20190513_0_L2A;S2A_31TFJ_20190513_1_L2A,1.0,0.1903,0.8097,0.0803,0.0117,otsu,1.076,0.1165,77071.7,13646.7,0.2187,1831.5,5792.6,11421.3,0.0256,0.0499,0.0891,0.0017,ok,2026-09-03T15:47:46+00:00
camargue,2019-05-15,8,S2B_31TEH_20190515_0_L2A;S2B_31TEH_20190515_1_L2A;S2B_31TEJ_20190515_0_L2A;S2B_31TEJ_20190515_1_L2A;S2B_31TFH_20190515_0_L2A;S2B_31TFH_20190515_1_L2A;S2B_31TFJ_20190515_0_L2A;S2B_31TFJ_20190515_1_L2A,1.0,0.1498,0.8502,0.0891,0.2305,otsu,0.748,0.1026,77071.7,21715.2,0.3314,1253.1,19019.2,23681.9,-0.0092,0.0351,0.0909,0.0066,ok,2026-09-03T15:47:46+00:00
camargue,2019-05-18,4,S2B_31TEH_20190518_0_L2A;S2B_31TEH_20190518_1_L2A;S2B_31TFH_20190518_0_L2A;S2B_31TFH_20190518_1_L2A,0.0007,1.0,0.0,,0.0,fijo,,,77071.7,0.0,0.0,0.0,0.0,0.0,,,,,sin_datos,2026-09-03T15:47:46+00:00
camargue,2019-05-20,4,S2A_31TEH_20190520_0_L2A;S2A_31TEH_20190520_1_L2A;S2A_31TFH_20190520_0_L2A;S2A_31TFH_20190520_1_L2A,0.0007,0.9375,0.0,0.1084,0.0,fijo,,,77071.7,1.0,0.3,0.0,0.2,0.0,0.0116,-0.0041,0.0049,0.0,sin_datos,2026-09-03T15:47:46+00:00
camargue,2019-05-23,8,S2A_31TEH_20190523_0_L2A;S2A_31TEH_20190523_1_L2A;S2A_31TEJ_20190523_0_L2A;S2A_31TEJ_20190523_1_L2A;S2A_31TFH_20190523_0_L2A;S2A_31TFH_20190523_1_L2A;S2A_31TFJ_20190523_0_L2A;S2A_31TFJ_20190523_1_L2A,1.0,0.7848,0.2152,0.0724,-0.0273,otsu,0.849,0.1108,77071.7,4730.4,0.2852,702.1,3596.8,4877.6,-0.0277,0.0405,0.1055,0.004,nublado,2026-09-03T15:47:46+00:00
camargue,2019-05-25,5,S2B_31TEH_20190525_0_L2A;S2B_31TEH_20190525_1_L2A;S2B_31TEJ_20190525_0_L2A;S2B_31TEJ_20190525_1_L2A;S2B_31TFJ_20190525_0_L2A,1.0,0.2634,0.7366,0.0797,0.1914,otsu,0.329,0.0681,77071.7,16407.4,0.289,1359.0,14213.6,16357.4,-0.1271,0.003,0.1184,0.0176,nublado,2026-09-03T15:47:46+00:00
camargue,2019-05-28,4,S2B_31TEH_20190528_0_L2A;S2B_31TEH_20190528_1_L2A;S2B_31TFH_20190528_0_L2A;S2B_31TFH_20190528_1_L2A,0.0007,1.0,0.0,,0.0,fijo,,,77071.7,0.0,0.0,0.0,0.0,0.0,,,,,sin_datos,2026-09-03T15:47:46+00:00
camargue,2019-05-30,8,S2A_31TEH_20190530_0_L2A;S2A_31TEH_20190530_1_L2A;S2A_31TEJ_20190530_0_L2A;S2A_31TEJ_20190530_1_L2A;S2A_31TFH_20190530_0_L2A;S2A_31TFH_20190530_1_L2A;S2A_31TFJ_20190530_0_L2A;S2A_31TFJ_20190530_1_L2A,1.0,0.1172,0.8828,0.084,0.1367,otsu,0.963,0.1073,77071.7,19501.4,0.2866,1436.3,11774.7,19481.1,0.0204,0.0403,0.0907,0.0056,ok,2026-09-03T15:50:19+00:00
camargue,2019-06-02,8,S2A_31TEH_20190602_0_L2A;S2A_31TEH_20190602_1_L2A;S2A_31TEJ_20190602_0_L2A;S2A_31TEJ_20190602_1_L2A;S2A_31TFH_20190602_0_L2A;S2A_31TFH_20190602_1_L2A;S2A_31TFJ_20190602_0_L2A;S2A_31TFJ_20190602_1_L2A,1.0,0.1743,0.8257,0.0766,-0.0586,otsu,0.683,0.1117,77071.7,13806.7,0.217,3582.2,9624.6,12923.7,-0.0373,0.0384,0.1163,0.0032,ok,2026-09-03T15:50:19+00:00
camargue,2019-06-04,8,S2B_31TEH_20190604_0_L2A;S2B_31TEH_20190604_1_L2A;S2B_31TEJ_20190604_0_L2A;S2B_31TEJ_20190604_1_L2A;S2B_31TFH_20190604_0_L2A;S2B_31TFH_20190604_1_L2A;S2B_31TFJ_20190604_0_L2A;S2B_31TFJ_20190604_1_L2A,1.0,0.0268,0.9732,0.0862,0.0898,otsu,0.663,0.0966,77071.7,23462.9,0.3128,3024.8,19832.5,24649.3,-0.0336,0.0381,0.1147,0.0063,ok,2026-09-03T15:50:19+00:00
camargue,2019-06-07,6,S2B_31TEH_20190607_0_L2A;S2B_31TEH_20190607_1_L2A;S2B_31TFH_20190607_0_L2A;S2B_31TFH_20190607_1_L2A;S2B_31TFJ_20190607_0_L2A;S2B_31TFJ_20190607_1_L2A,1.0,0.1167,0.8833,0.0926,-0.0273,otsu,0.977,0.1327,77071.7,17050.9,0.2505,3542.1,10239.8,17202.9,0.0098,0.0455,0.0995,0.0005,ok,2026-09-03T15:50:19+00:00
camargue,2019-06-12,8,S2A_31TEH_20190612_0_L2A;S2A_31TEH_20190612_1_L2A;S2A_31TEJ_20190612_0_L2A;S2A_31TEJ_20190612_1_L2A;S2A_31TFH_20190612_0_L2A;S2A_31TFH_20190612_1_L2A;S2A_31TFJ_20190612_0_L2A;S2A_31TFJ_20190612_1_L2A,1.0,0.0173,0.9827,0.0601,0.0586,otsu,0.601,0.0818,77071.7,23486.2,0.3101,4911.5,19842.2,25559.0,-0.0511,0.0251,0.1246,0.0137,ok,2026-09-03T15:50:19+00:00
camargue,2019-06-17,8,S2B_31TEH_20190617_0_L2A;S2B_31TEH_20190617_1_L2A;S2B_31TEJ_20190617_0_L2A;S2B_31TEJ_20190617_1_L2A;S2B_31TFH_20190617_0_L2A;S2B_31TFH_20190617_1_L2A;S2B_31TFJ_20190617_0_L2A;S2B_31TFJ_20190617_1_L2A,1.0,0.0271,0.9729,0.0686,0.1445,otsu,0.518,0.0755,77071.7,21573.8,0.2877,3486.2,19536.5,25164.0,-0.0858,0.0178,0.1268,0.025,ok,2026-09-03T15:50:19+00:00
camargue,2019-06-19,8,S2A_31TEH_20190619_0_L2A;S2A_31TEH_20190619_1_L2A;S2A_31TEJ_20190619_0_L2A;S2A_31TEJ_20190619_1_L2A;S2A_31TFH_20190619_0_L2A;S2A_31TFH_20190619_1_L2A;S2A_31TFJ_20190619_0_L2A;S2A_31TFJ_20190619_1_L2A,1.0,0.3942,0.6058,0.08,0.0898,otsu,0.577,0.0827,77071.7,13202.1,0.2827,1766.2,11813.4,14513.9,-0.0439,0.0311,0.1149,0.0077,nublado,2026-09-03T15:50:19+00:00
camargue,2019-06-22,8,S2A_31TEH_20190622_0_L2A;S2A_31TEH_20190622_1_L2A;S2A_31TEJ_20190622_0_L2A;S2A_31TEJ_20190622_1_L2A;S2A_31TFH_20190622_0_L2A;S2A_31TFH_20190622_1_L2A;S2A_31TFJ_20190622_0_L2A;S2A_31TFJ_20190622_1_L2A,1.0,0.0358,0.9642,0.066,0.0586,otsu,0.61,0.0776,77071.7,22193.4,0.2986,4107.8,19794.9,25137.1,-0.0656,0.0363,0.1437,0.0287,ok,2026-09-03T15:50:19+00:00
camargue,2019-06-24,8,S2B_31TEH_20190624_0_L2A;S2B_31TEH_20190624_3_L2A;S2B_31TEJ_20190624_0_L2A;S2B_31TEJ_20190624_1_L2A;S2B_31TFH_20190624_0_L2A;S2B_31TFH_20190624_2_L2A;S2B_31TFJ_20190624_0_L2A;S2B_31TFJ_20190624_1_L2A,1.0,0.0229,0.9771,0.0779,0.043,otsu,0.665,0.0751,77071.7,21279.8,0.2826,3555.8,18721.4,24777.3,-0.0706,0.0321,0.1095,0.0032,ok,2026-09-03T15:50:19+00:00
camargue,2019-06-27,8,S2B_31TEH_20190627_0_L2A;S2B_31TEH_20190627_1_L2A;S2B_31TEJ_20190627_0_L2A;S2B_31TEJ_20190627_1_L2A;S2B_31TFH_20190627_0_L2A;S2B_31TFH_20190627_1_L2A;S2B_31TFJ_20190627_0_L2A;S2B_31TFJ_20190627_1_L2A,1.0,0.0075,0.9925,0.0689,0.0898,otsu,0.568,0.0674,77071.7,21211.7,0.2773,3591.2,19203.4,25638.7,-0.084,0.0401,0.1377,0.0238,ok,2026-09-03T15:50:19+00:00
camargue,2019-06-29,8,S2A_31TEH_20190629_0_L2A;S2A_31TEH_20190629_1_L2A;S2A_31TEJ_20190629_0_L2A;S2A_31TEJ_20190629_1_L2A;S2A_31TFH_20190629_0_L2A;S2A_31TFH_20190629_1_L2A;S2A_31TFJ_20190629_0_L2A;S2A_31TFJ_20190629_1_L2A,1.0,0.0268,0.9732,0.0643,0.1602,otsu,0.371,0.0581,77071.7,20261.8,0.2701,2236.5,19240.3,24443.8,-0.1082,0.0454,0.1624,0.051,ok,2026-09-03T15:50:19+00:00
camargue,2019-07-02,8,S2A_31TEH_20190702_0_L2A;S2A_31TEH_20190702_1_L2A;S2A_31TEJ_20190702_0_L2A;S2A_31TEJ_20190702_1_L2A;S2A_31TFH_20190702_0_L2A;S2A_31TFH_20190702_1_L2A;S2A_31TFJ_20190702_0_L2A;S2A_31TFJ_20190702_1_L2A,1.0,0.0367,0.9633,0.0667,0.0664,otsu,0.579,0.0692,77071.7,20151.8,0.2714,2743.4,18855.8,23514.1,-0.0845,0.0503,0.147,0.0341,ok,2026-09-03T15:50:19+00:00
camargue,2019-07-04,8,S2B_31TEH_20190704_0_L2A;S2B_31TEH_20190704_1_L2A;S2B_31TEJ_20190704_0_L2A;S2B_31TEJ_20190704_1_L2A;S2B_31TFH_20190704_0_L2A;S2B_31TFH_20190704_1_L2A;S2B_31TFJ_20190704_0_L2A;S2B_31TFJ_20190704_1_L2A,1.0,0.0256,0.9744,0.0647,0.1992,otsu,0.389,0.0541,77071.7,19824.3,0.264,1955.4,18975.8,23981.9,-0.1251,0.0465,0.1702,0.0615,ok,2026-09-03T15:52:42+00:00
camargue,2019-07-07,8,S2B_31TEH_20190707_0_L2A;S2B_31TEH_20190707_1_L2A;S2B_31TEJ_20190707_0_L2A;S2B_31TEJ_20190707_1_L2A;S2B_31TFH_20190707_0_L2A;S2B_31TFH_20190707_1_L2A;S2B_31TFJ_20190707_0_L2A;S2B_31TFJ_20190707_1_L2A,1.0,0.0322,0.9678,0.0623,0.0898,otsu,0.615,0.0653,77071.7,20272.5,0.2718,2616.8,18765.8,25001.6,-0.0976,0.0554,0.16,0.0472,ok,2026-09-03T15:52:42+00:00
camargue,2019-07-12,8,S2A_31TEH_20190712_0_L2A;S2A_31TEH_20190712_1_L2A;S2A_31TEJ_20190712_0_L2A;S2A_31TEJ_20190712_1_L2A;S2A_31TFH_20190712_0_L2A;S2A_31TFH_20190712_1_L2A;S2A_31TFJ_20190712_0_L2A;S2A_31TFJ_20190712_1_L2A,1.0,0.0047,0.9953,0.055,0.1289,otsu,0.59,0.0542,77071.7,19784.5,0.2579,1738.9,18432.6,24933.8,-0.1128,0.0512,0.178,0.0721,ok,2026-09-03T15:52:42+00:00
camargue,2019-07-14,8,S2B_31TEH_20190714_0_L2A;S2B_31TEH_20190714_1_L2A;S2B_31TEJ_20190714_0_L2A;S2B_31TEJ_20190714_1_L2A;S2B_31TFH_20190714_0_L2A;S2B_31TFH_20190714_1_L2A;S2B_31TFJ_20190714_0_L2A;S2B_31TFJ_20190714_1_L2A,1.0,0.0386,0.9614,0.0711,0.1523,otsu,0.525,0.0714,77071.7,19777.0,0.2669,1351.8,18347.7,23285.6,-0.0716,0.0356,0.1383,0.0342,ok,2026-09-03T15:52:42+00:00
camargue,2019-07-17,2,S2B_31TFJ_20190717_0_L2A;S2B_31TFJ_20190717_1_L2A,1.0,0.7828,0.2172,0.0865,0.0898,otsu,0.689,0.0906,77071.7,4944.5,0.2954,309.8,4409.0,6177.6,-0.022,0.0581,0.1434,0.04,nublado,2026-09-03T15:52:42+00:00
camargue,2019-07-19,8,S2A_31TEH_20190719_0_L2A;S2A_31TEH_20190719_1_L2A;S2A_31TEJ_20190719_0_L2A;S2A_31TEJ_20190719_1_L2A;S2A_31TFH_20190719_0_L2A;S2A_31TFH_20190719_1_L2A;S2A_31TFJ_20190719_0_L2A;S2A_31TFJ_20190719_1_L2A,1.0,0.0428,0.9572,0.0591,0.2383,otsu,0.36,0.0499,77071.7,19046.7,0.2582,1230.7,18331.2,23268.8,-0.1372,0.0294,0.1652,0.0565,ok,2026-09-03T15:52:42+00:00
camargue,2019-07-22,8,S2A_31TEH_20190722_0_L2A;S2A_31TEH_20190722_1_L2A;S2A_31TEJ_20190722_0_L2A;S2A_31TEJ_20190722_1_L2A;S2A_31TFH_20190722_0_L2A;S2A_31TFH_20190722_1_L2A;S2A_31TFJ_20190722_0_L2A;S2A_31TFJ_20190722_1_L2A,1.0,0.0743,0.9257,0.0642,0.0273,otsu,0.79,0.0763,77071.7,18121.8,0.254,1717.1,16155.2,23501.9,-0.0833,0.0537,0.1462,0.03,ok,2026-09-03T15:52:42+00:00
camargue,2019-07-24,8,S2B_31TEH_20190724_0_L2A;S2B_31TEH_20190724_1_L2A;S2B_31TEJ_20190724_0_L2A;S2B_31TEJ_20190724_1_L2A;S2B_31TFH_20190724_0_L2A;S2B_31TFH_20190724_1_L2A;S2B_31TFJ_20190724_0_L2A;S2B_31TFJ_20190724_1_L2A,1.0,0.0369,0.9631,0.0616,0.2148,otsu,0.399,0.0528,77071.7,18459.8,0.2487,1762.2,18009.0,23795.4,-0.1399,0.0699,0.2074,0.1108,ok,2026-09-03T15:52:42+00:00
camargue,2019-07-29,8,S2A_31TEH_20190729_0_L2A;S2A_31TEH_20190729_1_L2A;S2A_31TEJ_20190729_0_L2A;S2A_31TEJ_20190729_1_L2A;S2A_31TFH_20190729_0_L2A;S2A_31TFH_20190729_1_L2A;S2A_31TFJ_20190729_0_L2A;S2A_31TFJ_20190729_1_L2A,1.0,0.0168,0.9832,0.0581,0.1836,otsu,0.504,0.0542,77071.7,18761.0,0.2476,1822.6,17588.6,24009.0,-0.1151,0.0489,0.204,0.1051,ok,2026-09-03T15:52:42+00:00
camargue,2019-08-01,6,S2A_31TEH_20190801_0_L2A;S2A_31TEH_20190801_1_L2A;S2A_31TEJ_20190801_0_L2A;S2A_31TEJ_20190801_1_L2A;S2A_31TFJ_20190801_0_L2A;S2A_31TFJ_20190801_1_L2A,1.0,0.3638,0.6362,0.063,0.0117,otsu,0.709,0.066,77071.7,14651.4,0.2988,1532.6,13699.7,18028.8,-0.084,0.0381,0.1401,0.0272,nublado,2026-09-03T15:52:42+00:00
camargue,2019-08-03,8,S2B_31TEH_20190803_0_L2A;S2B_31TEH_20190803_1_L2A;S2B_31TEJ_20190803_0_L2A;S2B_31TEJ_20190803_1_L2A;S2B_31TFH_20190803_0_L2A;S2B_31TFH_20190803_1_L2A;S2B_31TFJ_20190803_0_L2A;S2B_31TFJ_20190803_1_L2A,1.0,0.0309,0.9691,0.0638,0.1602,otsu,0.546,0.0572,77071.7,17915.7,0.2399,2117.4,16580.0,23113.0,-0.1164,0.0485,0.1921,0.0905,ok,2026-09-03T15:52:42+00:00
camargue,2019-08-06,8,S2B_31TEH_20190806_0_L2A;S2B_31TEH_20190806_1_L2A;S2B_31TEJ_20190806_0_L2A;S2B_31TEJ_20190806_1_L2A;S2B_31TFH_20190806_0_L2A;S2B_31TFH_20190806_1_L2A;S2B_31TFJ_20190806_0_L2A;S2B_31TFJ_20190806_1_L2A,1.0,0.2028,0.7972,0.078,0.0039,otsu,0.82,0.0855,77071.7,15965.6,0.2599,2343.7,13729.3,21668.2,-0.0592,0.0616,0.1547,0.0365,nublado,2026-09-03T15:55:00+00:00
camargue,2019-08-08,8,S2A_31TEH_20190808_0_L2A;S2A_31TEH_20190808_1_L2A;S2A_31TEJ_20190808_0_L2A;S2A_31TEJ_20190808_1_L2A;S2A_31TFH_20190808_0_L2A;S2A_31TFH_20190808_1_L2A;S2A_31TFJ_20190808_0_L2A;S2A_31TFJ_20190808_1_L2A,1.0,0.0353,0.9647,0.0563,0.2148,otsu,0.458,0.045,77071.7,17364.5,0.2336,2040.5,16633.4,23054.6,-0.154,0.0554,0.2329,0.1434,ok,2026-09-03T15:52:42+00:00
camargue,2019-08-11,8,S2A_31TEH_20190811_0_L2A;S2A_31TEH_20190811_1_L2A;S2A_31TEJ_20190811_0_L2A;S2A_31TEJ_20190811_1_L2A;S2A_31TFH_20190811_0_L2A;S2A_31TFH_20190811_1_L2A;S2A_31TFJ_20190811_0_L2A;S2A_31TFJ_20190811_1_L2A,1.0,0.0796,0.9204,0.0697,-0.0742,otsu,0.815,0.0887,77071.7,18150.6,0.2559,2314.7,14837.4,22708.0,-0.0297,0.0605,0.1443,0.0309,ok,2026-09-03T15:55:00+00:00
camargue,2019-08-16,8,S2B_31TEH_20190816_0_L2A;S2B_31TEH_20190816_1_L2A;S2B_31TEJ_20190816_0_L2A;S2B_31TEJ_20190816_1_L2A;S2B_31TFH_20190816_0_L2A;S2B_31TFH_20190816_1_L2A;S2B_31TFJ_20190816_0_L2A;S2B_31TFJ_20190816_1_L2A,1.0,0.0347,0.9653,0.0605,0.1445,otsu,0.608,0.0661,77071.7,16839.0,0.2263,2086.7,15194.9,23054.6,-0.0955,0.0435,0.174,0.0711,ok,2026-09-03T15:55:00+00:00
camargue,2019-08-18,8,S2A_31TEH_20190818_0_L2A;S2A_31TEH_20190818_1_L2A;S2A_31TEJ_20190818_0_L2A;S2A_31TEJ_20190818_1_L2A;S2A_31TFH_20190818_0_L2A;S2A_31TFH_20190818_1_L2A;S2A_31TFJ_20190818_0_L2A;S2A_31TFJ_20190818_1_L2A,1.0,0.2419,0.7581,0.0836,0.1289,otsu,0.627,0.0792,77071.7,13860.6,0.2372,1377.9,14093.0,19521.6,-0.0949,0.0491,0.17,0.0665,nublado,2026-09-03T15:55:00+00:00
camargue,2019-08-21,4,S2A_31TFH_20190821_0_L2A;S2A_31TFH_20190821_1_L2A;S2A_31TFJ_20190821_0_L2A;S2A_31TFJ_20190821_1_L2A,1.0,0.7788,0.2212,0.0877,0.1289,otsu,0.815,0.0941,77071.7,6844.3,0.4015,486.7,6064.5,10341.1,-0.0431,0.0483,0.151,0.0513,nublado,2026-09-03T15:55:00+00:00
camargue,2019-08-23,8,S2B_31TEH_20190823_0_L2A;S2B_31TEH_20190823_1_L2A;S2B_31TEJ_20190823_0_L2A;S2B_31TEJ_20190823_1_L2A;S2B_31TFH_20190823_0_L2A;S2B_31TFH_20190823_1_L2A;S2B_31TFJ_20190823_0_L2A;S2B_31TFJ_20190823_1_L2A,1.0,0.0312,0.9688,0.0631,0.2227,otsu,0.503,0.056,77071.7,16589.4,0.2222,2083.7,15875.7,22635.2,-0.1517,0.0485,0.1893,0.0876,ok,2026-09-03T15:55:00+00:00
camargue,2019-08-26,6,S2B_31TEJ_20190826_0_L2A;S2B_31TEJ_20190826_1_L2A;S2B_31TFH_20190826_0_L2A;S2B_31TFH_20190826_1_L2A;S2B_31TFJ_20190826_0_L2A;S2B_31TFJ_20190826_1_L2A,1.0,0.0116,0.9884,0.0592,0.2148,otsu,0.575,0.0558,77071.7,16486.2,0.2164,2528.6,15895.8,23467.2,-0.1526,0.0481,0.1822,0.0795,ok,2026-09-03T15:55:00+00:00
camargue,2019-08-28,6,S2A_31TEH_20190828_0_L2A;S2A_31TEH_20190828_1_L2A;S2A_31TEJ_20190828_0_L2A;S2A_31TEJ_20190828_1_L2A;S2A_31TFH_20190828_0_L2A;S2A_31TFH_20190828_1_L2A,0.0423,0.7609,0.0102,0.1123,-0.0664,otsu,1.187,0.1176,77071.7,124.3,0.1583,193.8,43.7,195.2,-0.0555,0.0886,0.1176,0.0,sin_datos,2026-09-03T15:55:00+00:00
camargue,2019-08-31,8,S2A_31TEH_20190831_0_L2A;S2A_31TEH_20190831_1_L2A;S2A_31TEJ_20190831_0_L2A;S2A_31TEJ_20190831_1_L2A;S2A_31TFH_20190831_0_L2A;S2A_31TFH_20190831_1_L2A;S2A_31TFJ_20190831_0_L2A;S2A_31TFJ_20190831_1_L2A,1.0,0.012,0.988,0.0488,0.1914,otsu,0.532,0.0428,77071.7,16292.5,0.214,2549.9,15678.2,23159.7,-0.1428,0.0637,0.2138,0.1251,ok,2026-09-03T15:55:00+00:00
camargue,2019-09-02,8,S2B_31TEH_20190902_0_L2A;S2B_31TEH_20190902_1_L2A;S2B_31TEJ_20190902_0_L2A;S2B_31TEJ_20190902_1_L2A;S2B_31TFH_20190902_0_L2A;S2B_31TFH_20190902_1_L2A;S2B_31TFJ_20190902_0_L2A;S2B_31TFJ_20190902_1_L2A,1.0,0.0358,0.9642,0.0662,0.1445,otsu,0.654,0.0714,77071.7,17015.8,0.229,2146.7,15398.1,22089.1,-0.0598,0.0465,0.1592,0.0499,ok,2026-09-03T15:55:00+00:00
camargue,2019-09-05,8,S2B_31TEH_20190905_0_L2A;S2B_31TEH_20190905_1_L2A;S2B_31TEJ_20190905_0_L2A;S2B_31TEJ_20190905_1_L2A;S2B_31TFH_20190905_0_L2A;S2B_31TFH_20190905_1_L2A;S2B_31TFJ_20190905_0_L2A;S2B_31TFJ_20190905_1_L2A,1.0,0.0611,0.9389,0.0595,0.0898,otsu,0.603,0.0686,77071.7,16456.3,0.2274,2274.1,15012.0,20943.0,-0.0745,0.04,0.1539,0.0446,ok,2026-09-03T15:55:00+00:00
camargue,2019-09-07,8,S2A_31TEH_20190907_0_L2A;S2A_31TEH_20190907_1_L2A;S2A_31TEJ_20190907_0_L2A;S2A_31TEJ_20190907_1_L2A;S2A_31TFH_20190907_0_L2A;S2A_31TFH_20190907_1_L2A;S2A_31TFJ_20190907_0_L2A;S2A_31TFJ_20190907_1_L2A,1.0,0.0471,0.9529,0.0683,0.1758,otsu,0.779,0.0809,77071.7,17218.2,0.2345,1502.2,14843.7,21781.0,-0.028,0.0458,0.135,0.031,ok,2026-09-03T15:55:00+00:00
camargue,2019-09-12,8,S2B_31TEH_20190912_0_L2A;S2B_31TEH_20190912_1_L2A;S2B_31TEJ_20190912_0_L2A;S2B_31TEJ_20190912_1_L2A;S2B_31TFH_20190912_0_L2A;S2B_31TFH_20190912_1_L2A;S2B_31TFJ_20190912_0_L2A;S2B_31TFJ_20190912_1_L2A,1.0,0.0172,0.9828,0.0528,0.2539,otsu,0.434,0.0544,77071.7,17545.3,0.2316,1660.0,16768.5,24755.4,-0.1536,0.0385,0.2112,0.1167,ok,2026-09-03T15:57:34+00:00
camargue,2019-09-15,6,S2B_31TEH_20190915_0_L2A;S2B_31TEH_20190915_1_L2A;S2B_31TEJ_20190915_0_L2A;S2B_31TEJ_20190915_1_L2A;S2B_31TFJ_20190915_0_L2A;S2B_31TFJ_20190915_1_L2A,1.0,0.4834,0.5166,0.077,0.0664,otsu,0.819,0.0792,77071.7,7848.3,0.1971,801.8,6981.6,12327.7,-0.0946,0.0468,0.1397,0.0243,nublado,2026-09-03T15:57:34+00:00
camargue,2019-09-17,8,S2A_31TEH_20190917_0_L2A;S2A_31TEH_20190917_1_L2A;S2A_31TEJ_20190917_0_L2A;S2A_31TEJ_20190917_1_L2A;S2A_31TFH_20190917_0_L2A;S2A_31TFH_20190917_1_L2A;S2A_31TFJ_20190917_0_L2A;S2A_31TFJ_20190917_1_L2A,1.0,0.0291,0.9709,0.0538,0.1289,otsu,0.561,0.0494,77071.7,17286.1,0.231,1676.5,16281.4,24204.0,-0.1261,0.0486,0.1846,0.0814,ok,2026-09-03T15:57:34+00:00
camargue,2019-09-20,6,S2A_31TEH_20190920_0_L2A;S2A_31TEH_20190920_1_L2A;S2A_31TFH_20190920_0_L2A;S2A_31TFH_20190920_1_L2A;S2A_31TFJ_20190920_0_L2A;S2A_31TFJ_20190920_1_L2A,1.0,0.0893,0.9107,0.0618,0.1914,otsu,0.544,0.0564,77071.7,17382.1,0.2476,1523.7,16501.3,24204.2,-0.1307,0.0437,0.1822,0.0785,ok,2026-09-03T15:57:34+00:00
camargue,2019-09-25,4,S2B_31TEJ_20190925_0_L2A;S2B_31TEJ_20190925_1_L2A;S2B_31TFJ_20190925_0_L2A;S2B_31TFJ_20190925_1_L2A,1.0,0.2981,0.7019,0.0468,0.1914,otsu,0.488,0.0502,77071.7,11937.3,0.2207,1112.0,11871.7,16227.8,-0.1792,0.0166,0.1955,0.093,nublado,2026-09-03T15:57:34+00:00
camargue,2019-09-27,8,S2A_31TEH_20190927_0_L2A;S2A_31TEH_20190927_1_L2A;S2A_31TEJ_20190927_0_L2A;S2A_31TEJ_20190927_1_L2A;S2A_31TFH_20190927_0_L2A;S2A_31TFH_20190927_1_L2A;S2A_31TFJ_20190927_0_L2A;S2A_31TFJ_20190927_1_L2A,1.0,0.0488,0.9512,0.0468,0.2305,otsu,0.375,0.0467,77071.7,16611.5,0.2266,1498.6,15991.0,22733.8,-0.1794,0.0168,0.2118,0.1204,ok,2026-09-03T15:57:34+00:00
camargue,2019-09-30,8,S2A_31TEH_20190930_0_L2A;S2A_31TEH_20190930_1_L2A;S2A_31TEJ_20190930_0_L2A;S2A_31TEJ_20190930_1_L2A;S2A_31TFH_20190930_0_L2A;S2A_31TFH_20190930_1_L2A;S2A_31TFJ_20190930_0_L2A;S2A_31TFJ_20190930_1_L2A,1.0,0.0824,0.9176,0.0453,0.1914,otsu,0.465,0.0491,77071.7,17711.2,0.2504,1657.4,16731.2,23781.0,-0.1195,0.0326,0.1916,0.0888,ok,2026-09-03T15:57:34+00:00
camargue,2019-10-02,8,S2B_31TEH_20191002_0_L2A;S2B_31TEH_20191002_1_L2A;S2B_31TEJ_20191002_0_L2A;S2B_31TEJ_20191002_1_L2A;S2B_31TFH_20191002_0_L2A;S2B_31TFH_20191002_1_L2A;S2B_31TFJ_20191002_0_L2A;S2B_31TFJ_20191002_1_L2A,1.0,0.0355,0.9645,0.0566,0.1914,otsu,0.605,0.0665,77071.7,18461.6,0.2484,1799.5,17332.3,25569.4,-0.0797,0.0372,0.1541,0.0494,ok,2026-09-03T15:57:34+00:00
camargue,2019-10-05,8,S2B_31TEH_20191005_0_L2A;S2B_31TEH_20191005_1_L2A;S2B_31TEJ_20191005_0_L2A;S2B_31TEJ_20191005_1_L2A;S2B_31TFH_20191005_0_L2A;S2B_31TFH_20191005_1_L2A;S2B_31TFJ_20191005_0_L2A;S2B_31TFJ_20191005_1_L2A,1.0,0.0907,0.9093,0.0651,0.1445,otsu,0.613,0.0745,77071.7,17601.6,0.2511,1220.3,16363.2,22960.0,-0.085,0.0323,0.1316,0.0296,ok,2026-09-03T15:57:34+00:00
camargue,2019-10-07,8,S2A_31TEH_20191007_0_L2A;S2A_31TEH_20191007_1_L2A;S2A_31TEJ_20191007_0_L2A;S2A_31TEJ_20191007_1_L2A;S2A_31TFH_20191007_0_L2A;S2A_31TFH_20191007_1_L2A;S2A_31TFJ_20191007_0_L2A;S2A_31TFJ_20191007_1_L2A,1.0,0.0659,0.9341,0.0669,0.1602,otsu,1.032,0.0821,77071.7,18068.8,0.251,1339.5,9956.3,23401.0,0.0101,0.0474,0.0871,0.0182,ok,2026-09-03T15:57:34+00:00
camargue,2019-10-10,8,S2A_31TEH_20191010_0_L2A;S2A_31TEH_20191010_1_L2A;S2A_31TEJ_20191010_0_L2A;S2A_31TEJ_20191010_1_L2A;S2A_31TFH_20191010_0_L2A;S2A_31TFH_20191010_1_L2A;S2A_31TFJ_20191010_0_L2A;S2A_31TFJ_20191010_1_L2A,1.0,0.1774,0.8226,0.057,0.1523,otsu,0.545,0.0603,77071.7,14389.8,0.227,1217.0,13323.4,20368.0,-0.112,0.0242,0.1453,0.0326,ok,2026-09-03T15:57:34+00:00
camargue,2019-10-15,8,S2B_31TEH_20191015_0_L2A;S2B_31TEH_20191015_1_L2A;S2B_31TEJ_20191015_0_L2A;S2B_31TEJ_20191015_1_L2A;S2B_31TFH_20191015_0_L2A;S2B_31TFH_20191015_1_L2A;S2B_31TFJ_20191015_0_L2A;S2B_31TFJ_20191015_1_L2A,1.0,0.0315,0.9685,0.0562,0.2383,otsu,0.848,0.0822,77071.7,21995.7,0.2947,1775.0,18292.2,26649.1,-0.0075,0.0484,0.1069,0.0235,ok,2026-09-03T15:57:34+00:00
camargue,2019-10-17,6,S2A_31TEH_20191017_0_L2A;S2A_31TEH_20191017_1_L2A;S2A_31TEJ_20191017_0_L2A;S2A_31TEJ_20191017_1_L2A;S2A_31TFH_20191017_0_L2A;S2A_31TFJ_20191017_0_L2A,1.0,0.1435,0.8565,0.0714,0.1836,otsu,0.54,0.0796,77071.7,17919.0,0.2714,1145.8,16866.2,22917.3,-0.0921,0.0309,0.143,0.0335,ok,2026-09-03T15:59:56+00:00
camargue,2019-10-25,8,S2B_31TEH_20191025_0_L2A;S2B_31TEH_20191025_1_L2A;S2B_31TEJ_20191025_0_L2A;S2B_31TEJ_20191025_1_L2A;S2B_31TFH_20191025_0_L2A;S2B_31TFH_20191025_1_L2A;S2B_31TFJ_20191025_0_L2A;S2B_31TFJ_20191025_1_L2A,1.0,0.0003,0.9997,0.0526,0.1914,otsu,0.588,0.0766,77071.7,25065.8,0.3253,2116.6,22905.4,29095.2,-0.0666,0.0452,0.1686,0.0639,ok,2026-09-03T15:59:56+00:00
camargue,2019-10-27,7,S2A_31TEH_20191027_0_L2A;S2A_31TEH_20191027_1_L2A;S2A_31TEJ_20191027_1_L2A;S2A_31TFH_20191027_0_L2A;S2A_31TFH_20191027_1_L2A;S2A_31TFJ_20191027_0_L2A;S2A_31TFJ_20191027_1_L2A,1.0,0.4554,0.5446,0.0606,0.2383,otsu,0.382,0.0588,77071.7,16697.8,0.3979,956.5,16189.8,19949.6,-0.1666,0.064,0.2578,0.1448,nublado,2026-09-03T15:59:56+00:00
camargue,2019-10-30,8,S2A_31TEH_20191030_0_L2A;S2A_31TEH_20191030_1_L2A;S2A_31TEJ_20191030_0_L2A;S2A_31TEJ_20191030_1_L2A;S2A_31TFH_20191030_0_L2A;S2A_31TFH_20191030_1_L2A;S2A_31TFJ_20191030_0_L2A;S2A_31TFJ_20191030_1_L2A,1.0,0.0399,0.9601,0.049,0.2148,otsu,0.418,0.05,77071.7,21004.6,0.2839,1319.7,21180.2,27095.0,-0.1673,0.0548,0.2335,0.1378,ok,2026-09-03T15:59:56+00:00
camargue,2019-11-04,8,S2B_31TEH_20191104_0_L2A;S2B_31TEH_20191104_1_L2A;S2B_31TEJ_20191104_0_L2A;S2B_31TEJ_20191104_1_L2A;S2B_31TFH_20191104_0_L2A;S2B_31TFH_20191104_1_L2A;S2B_31TFJ_20191104_0_L2A;S2B_31TFJ_20191104_1_L2A,1.0,0.1148,0.8852,0.0534,0.2695,otsu,0.295,0.0608,77071.7,23860.8,0.3497,1225.6,23243.7,28421.9,-0.1639,0.0086,0.1412,0.0409,ok,2026-09-03T15:59:56+00:00
camargue,2019-11-06,8,S2A_31TEH_20191106_0_L2A;S2A_31TEH_20191106_1_L2A;S2A_31TEJ_20191106_0_L2A;S2A_31TEJ_20191106_1_L2A;S2A_31TFH_20191106_0_L2A;S2A_31TFH_20191106_1_L2A;S2A_31TFJ_20191106_0_L2A;S2A_31TFJ_20191106_1_L2A,1.0,0.0305,0.9695,0.0483,0.2305,otsu,0.418,0.0585,77071.7,23885.9,0.3197,1459.5,22835.0,28522.1,-0.1161,0.0237,0.1331,0.037,ok,2026-09-03T15:59:56+00:00
camargue,2019-11-09,8,S2A_31TEH_20191109_0_L2A;S2A_31TEH_20191109_1_L2A;S2A_31TEJ_20191109_0_L2A;S2A_31TEJ_20191109_1_L2A;S2A_31TFH_20191109_0_L2A;S2A_31TFH_20191109_1_L2A;S2A_31TFJ_20191109_0_L2A;S2A_31TFJ_20191109_1_L2A,1.0,0.0169,0.9831,0.0461,0.2227,otsu,0.451,0.0602,77071.7,23523.5,0.3105,1465.0,22287.8,28288.0,-0.0939,0.0135,0.1112,0.0332,ok,2026-09-03T15:59:56+00:00
camargue,2019-11-16,8,S2A_31TEH_20191116_0_L2A;S2A_31TEH_20191116_1_L2A;S2A_31TEJ_20191116_0_L2A;S2A_31TEJ_20191116_1_L2A;S2A_31TFH_20191116_0_L2A;S2A_31TFH_20191116_1_L2A;S2A_31TFJ_20191116_0_L2A;S2A_31TFJ_20191116_1_L2A,1.0,0.089,0.911,0.0502,0.2383,otsu,0.343,0.0576,77071.7,22541.1,0.321,1448.0,22148.0,27645.4,-0.1567,0.0097,0.1067,0.0233,ok,2026-09-03T15:59:56+00:00
camargue,2019-11-19,3,S2A_31TEH_20191119_0_L2A;S2A_31TEJ_20191119_0_L2A;S2A_31TEJ_20191119_1_L2A,0.0416,0.7142,0.0119,0.1108,0.0117,otsu,1.121,0.1111,77071.7,432.8,0.4705,91.4,44.3,243.7,-0.0208,0.0502,0.0688,0.0,sin_datos,2026-09-03T15:59:56+00:00
camargue,2019-11-21,2,S2B_31TEJ_20191121_0_L2A;S2B_31TFJ_20191121_0_L2A,1.0,0.4582,0.5418,0.0713,0.1992,otsu,0.465,0.0819,77071.7,15559.8,0.3726,1418.2,15334.2,19027.8,-0.103,0.0043,0.087,0.0076,nublado,2026-09-03T15:59:56+00:00
camargue,2019-11-26,3,S2A_31TEH_20191126_0_L2A;S2A_31TFH_20191126_0_L2A;S2A_31TFH_20191126_1_L2A,0.0007,1.0,0.0,,0.0,fijo,,,77071.7,0.0,0.0,0.0,0.0,0.0,,,,,sin_datos,2026-09-03T15:59:56+00:00
camargue,2019-11-29,7,S2A_31TEH_20191129_0_L2A;S2A_31TEH_20191129_1_L2A;S2A_31TEJ_20191129_0_L2A;S2A_31TFH_20191129_0_L2A;S2A_31TFH_20191129_1_L2A;S2A_31TFJ_20191129_0_L2A;S2A_31TFJ_20191129_1_L2A,1.0,0.6723,0.3277,0.0761,0.2695,otsu,0.678,0.0579,77071.7,5776.2,0.2287,200.3,8727.8,10732.8,-0.1632,-0.0005,0.1199,0.0182,nublado,2026-09-03T15:59:56+00:00
camargue,2019-12-06,8,S2A_31TEH_20191206_0_L2A;S2A_31TEH_20191206_1_L2A;S2A_31TEJ_20191206_0_L2A;S2A_31TEJ_20191206_1_L2A;S2A_31TFH_20191206_0_L2A;S2A_31TFH_20191206_1_L2A;S2A_31TFJ_20191206_0_L2A;S2A_31TFJ_20191206_1_L2A,1.0,0.0212,0.9788,0.0512,0.2617,otsu,0.248,0.0569,77071.7,25749.9,0.3413,1050.6,25094.7,30748.6,-0.1811,-0.0049,0.1301,0.0306,ok,2026-09-03T16:01:46+00:00
camargue,2019-12-09,8,S2A_31TEH_20191209_0_L2A;S2A_31TEH_20191209_1_L2A;S2A_31TEJ_20191209_0_L2A;S2A_31TEJ_20191209_1_L2A;S2A_31TFH_20191209_0_L2A;S2A_31TFH_20191209_1_L2A;S2A_31TFJ_20191209_0_L2A;S2A_31TFJ_20191209_1_L2A,1.0,0.864,0.136,0.0608,0.1836,otsu,0.555,0.0689,77071.7,2792.5,0.2665,215.0,2572.8,3834.6,-0.0239,0.0408,0.1223,0.0235,nublado,2026-09-03T16:01:46+00:00
camargue,2019-12-14,4,S2B_31TEH_20191214_1_L2A;S2B_31TEH_20191214_2_L2A;S2B_31TFJ_20191214_0_L2A;S2B_31TFJ_20191214_1_L2A,1.0,0.6113,0.3887,0.0642,0.2852,otsu,0.528,0.0699,77071.7,8778.9,0.2931,357.1,9483.5,12380.5,-0.1148,-0.003,0.1174,0.0217,nublado,2026-09-03T16:01:46+00:00
camargue,2019-12-21,8,S2B_31TEH_20191221_0_L2A;S2B_31TEH_20191221_1_L2A;S2B_31TEJ_20191221_0_L2A;S2B_31TEJ_20191221_1_L2A;S2B_31TFH_20191221_0_L2A;S2B_31TFH_20191221_1_L2A;S2B_31TFJ_20191221_0_L2A;S2B_31TFJ_20191221_1_L2A,1.0,0.0306,0.9694,0.0522,0.2773,otsu,0.316,0.0701,77071.7,26298.4,0.352,1308.2,25697.9,31331.0,-0.135,-0.0009,0.1394,0.0342,ok,2026-09-03T16:01:46+00:00
camargue,2019-12-24,8,S2B_31TEH_20191224_0_L2A;S2B_31TEH_20191224_1_L2A;S2B_31TEJ_20191224_0_L2A;S2B_31TEJ_20191224_1_L2A;S2B_31TFH_20191224_0_L2A;S2B_31TFH_20191224_1_L2A;S2B_31TFJ_20191224_0_L2A;S2B_31TFJ_20191224_1_L2A,1.0,0.2503,0.7497,0.0656,0.2305,otsu,0.317,0.068,77071.7,20208.0,0.3497,749.4,23223.4,25865.1,-0.1956,-0.0053,0.1304,0.0387,nublado,2026-09-03T16:01:46+00:00
camargue,2019-12-26,6,S2A_31TEH_20191226_0_L2A;S2A_31TEH_20191226_1_L2A;S2A_31TFH_20191226_0_L2A;S2A_31TFH_20191226_1_L2A;S2A_31TFJ_20191226_0_L2A;S2A_31TFJ_20191226_1_L2A,1.0,0.7433,0.2567,0.1012,0.2383,otsu,0.553,0.0821,77071.7,7706.7,0.3896,84.2,7431.5,7470.1,-0.0855,0.011,0.1087,0.0281,nublado,2026-09-03T16:01:46+00:00
camargue,2019-12-29,8,S2A_31TEH_20191229_0_L2A;S2A_31TEH_20191229_1_L2A;S2A_31TEJ_20191229_0_L2A;S2A_31TEJ_20191229_1_L2A;S2A_31TFH_20191229_0_L2A;S2A_31TFH_20191229_1_L2A;S2A_31TFJ_20191229_0_L2A;S2A_31TFJ_20191229_1_L2A,1.0,0.1527,0.8473,0.0577,0.2305,otsu,0.268,0.0721,77071.7,18070.7,0.2767,692.2,17495.0,20873.1,-0.1535,-0.0088,0.1161,0.0273,ok,2026-09-03T16:01:46+00:00
camargue,2019-12-31,8,S2B_31TEH_20191231_0_L2A;S2B_31TEH_20191231_1_L2A;S2B_31TEJ_20191231_0_L2A;S2B_31TEJ_20191231_1_L2A;S2B_31TFH_20191231_0_L2A;S2B_31TFH_20191231_1_L2A;S2B_31TFJ_20191231_0_L2A;S2B_31TFJ_20191231_1_L2A,1.0,0.0216,0.9784,0.064,0.2695,otsu,0.262,0.0653,77071.7,25097.8,0.3328,887.4,24718.6,30590.4,-0.1938,-0.0279,0.1064,0.0194,ok,2026-09-03T16:01:46+00:00
camargue,2020-01-05,8,S2A_31TEH_20200105_0_L2A;S2A_31TEH_20200105_1_L2A;S2A_31TEJ_20200105_0_L2A;S2A_31TEJ_20200105_1_L2A;S2A_31TFH_20200105_0_L2A;S2A_31TFH_20200105_1_L2A;S2A_31TFJ_20200105_0_L2A;S2A_31TFJ_20200105_1_L2A,1.0,0.0295,0.9705,0.0628,0.2227,otsu,0.953,0.0894,77071.7,24906.9,0.333,869.6,15850.1,29708.0,0.0081,0.0389,0.0842,0.01,ok,2026-09-03T16:01:46+00:00
camargue,2020-01-08,8,S2A_31TEH_20200108_0_L2A;S2A_31TEH_20200108_1_L2A;S2A_31TEJ_20200108_0_L2A;S2A_31TEJ_20200108_1_L2A;S2A_31TFH_20200108_0_L2A;S2A_31TFH_20200108_1_L2A;S2A_31TFJ_20200108_0_L2A;S2A_31TFJ_20200108_1_L2A,1.0,0.1137,0.8863,0.0551,0.2383,otsu,0.28,0.0696,77071.7,18989.1,0.278,697.3,18325.4,22977.9,-0.1426,-0.03,0.0991,0.0186,ok,2026-09-03T16:04:05+00:00
camargue,2020-01-10,2,S2B_31TEJ_20200110_0_L2A;S2B_31TEJ_20200110_1_L2A,0.0416,0.0178,0.0408,0.074,0.1211,otsu,0.577,0.0811,77071.7,951.2,0.3021,74.9,771.5,1071.0,-0.095,0.0744,0.162,0.0362,sin_datos,2026-09-03T16:01:46+00:00
camargue,2020-01-18,2,S2A_31TEJ_20200118_0_L2A;S2A_31TEJ_20200118_1_L2A,0.0416,0.9981,0.0001,0.1968,0.0,fijo,,,77071.7,6.2,1.0,0.0,4.0,0.0,-0.0377,0.0315,0.0419,0.0,sin_datos,2026-09-03T16:01:46+00:00
camargue,2020-01-25,1,S2A_31TFJ_20200125_0_L2A,1.0,0.5973,0.4027,0.0714,0.2305,otsu,0.48,0.0749,77071.7,9453.8,0.3046,493.0,8963.5,11474.4,-0.1082,0.028,0.1325,0.0428,nublado,2026-09-03T16:04:05+00:00
camargue,2020-01-28,2,S2A_31TEH_20200128_0_L2A;S2A_31TEH_20200128_1_L2A,0.0,0.0,0.0,,0.0,fijo,,,77071.7,0.0,0.0,0.0,0.0,0.0,,,,,sin_datos,2026-09-03T16:01:46+00:00
camargue,2020-02-04,8,S2A_31TEH_20200204_0_L2A;S2A_31TEH_20200204_1_L2A;S2A_31TEJ_20200204_0_L2A;S2A_31TEJ_20200204_1_L2A;S2A_31TFH_20200204_0_L2A;S2A_31TFH_20200204_1_L2A;S2A_31TFJ_20200204_0_L2A;S2A_31TFJ_20200204_1_L2A,1.0,0.0179,0.9821,0.0549,0.2383,otsu,0.425,0.072,77071.7,24608.5,0.3251,877.6,23699.5,29853.1,-0.0793,-0.0005,0.1171,0.0359,ok,2026-09-03T16:04:05+00:00
camargue,2020-02-07,5,S2A_31TEJ_20200207_0_L2A;S2A_31TFH_20200207_0_L2A;S2A_31TFH_20200207_1_L2A;S2A_31TFJ_20200207_0_L2A;S2A_31TFJ_20200207_1_L2A,1.0,0.2177,0.7823,0.0565,0.1914,otsu,0.355,0.0703,77071.7,18399.4,0.3052,525.3,18197.1,22076.8,-0.1163,-0.021,0.0965,0.0125,nublado,2026-09-03T16:04:05+00:00
camargue,2020-02-09,6,S2B_31TEH_20200209_0_L2A;S2B_31TEH_20200209_1_L2A;S2B_31TFH_20200209_0_L2A;S2B_31TFH_20200209_1_L2A;S2B_31TFJ_20200209_0_L2A;S2B_31TFJ_20200209_1_L2A,1.0,0.461,0.539,0.0894,0.2773,otsu,0.371,0.0856,77071.7,16690.9,0.4018,332.6,17567.7,21620.8,-0.1387,-0.0092,0.1149,0.0164,nublado,2026-09-03T16:04:05+00:00
camargue,2020-02-14,8,S2A_31TEH_20200214_0_L2A;S2A_31TEH_20200214_1_L2A;S2A_31TEJ_20200214_0_L2A;S2A_31TEJ_20200214_1_L2A;S2A_31TFH_20200214_0_L2A;S2A_31TFH_20200214_1_L2A;S2A_31TFJ_20200214_0_L2A;S2A_31TFJ_20200214_1_L2A,1.0,0.0727,0.9273,0.0596,0.2227,otsu,0.332,0.0685,77071.7,22967.7,0.3214,700.0,22821.3,28270.1,-0.1365,-0.0194,0.1308,0.036,ok,2026-09-03T16:04:05+00:00
camargue,2020-02-19,5,S2B_31TEH_20200219_0_L2A;S2B_31TFH_20200219_0_L2A;S2B_31TFH_20200219_1_L2A;S2B_31TFJ_20200219_0_L2A;S2B_31TFJ_20200219_1_L2A,1.0,0.9131,0.0869,0.0718,0.1523,otsu,0.678,0.0664,77071.7,1571.5,0.2346,100.3,1431.5,1844.3,-0.079,0.0539,0.1375,0.0119,nublado,2026-09-03T16:04:05+00:00
camargue,2020-02-22,8,S2B_31TEH_20200222_0_L2A;S2B_31TEH_20200222_1_L2A;S2B_31TEJ_20200222_0_L2A;S2B_31TEJ_20200222_1_L2A;S2B_31TFH_20200222_0_L2A;S2B_31TFH_20200222_1_L2A;S2B_31TFJ_20200222_0_L2A;S2B_31TFJ_20200222_1_L2A,1.0,0.0565,0.9435,0.063,0.2383,otsu,0.259,0.0749,77071.7,20104.2,0.2765,707.4,21410.2,26128.2,-0.1812,-0.0537,0.1045,0.0286,ok,2026-09-03T16:04:05+00:00
camargue,2020-02-24,8,S2A_31TEH_20200224_0_L2A;S2A_31TEH_20200224_1_L2A;S2A_31TEJ_20200224_0_L2A;S2A_31TEJ_20200224_1_L2A;S2A_31TFH_20200224_0_L2A;S2A_31TFH_20200224_1_L2A;S2A_31TFJ_20200224_0_L2A;S2A_31TFJ_20200224_1_L2A,1.0,0.0193,0.9807,0.0517,0.2461,otsu,0.208,0.0527,77071.7,23103.5,0.3057,792.8,22565.3,28293.9,-0.207,-0.0485,0.1481,0.0485,ok,2026-09-03T16:04:05+00:00
camargue,2020-02-29,2,S2B_31TEH_20200229_0_L2A;S2B_31TEH_20200229_1_L2A,0.0,0.0,0.0,,0.0,fijo,,,77071.7,0.0,0.0,0.0,0.0,0.0,,,,,sin_datos,2026-09-03T16:04:05+00:00
camargue,2020-03-08,8,S2A_31TEH_20200308_0_L2A;S2A_31TEH_20200308_1_L2A;S2A_31TEJ_20200308_0_L2A;S2A_31TEJ_20200308_1_L2A;S2A_31TFH_20200308_0_L2A;S2A_31TFH_20200308_1_L2A;S2A_31TFJ_20200308_0_L2A;S2A_31TFJ_20200308_1_L2A,1.0,0.0163,0.9837,0.0642,0.2305,otsu,0.402,0.0844,77071.7,24676.5,0.3255,666.1,23663.2,28551.2,-0.0733,0.0071,0.1148,0.0338,ok,2026-09-03T16:04:05+00:00
camargue,2020-03-10,2,S2B_31TFJ_20200310_0_L2A;S2B_31TFJ_20200310_1_L2A,1.0,0.409,0.591,0.1016,0.1836,otsu,0.472,0.1037,77071.7,16771.8,0.3682,220.0,17840.5,20294.1,-0.108,0.0011,0.0882,0.0159,nublado,2026-09-03T16:04:05+00:00
camargue,2020-03-13,8,S2B_31TEH_20200313_0_L2A;S2B_31TEH_20200313_1_L2A;S2B_31TEJ_20200313_0_L2A;S2B_31TEJ_20200313_1_L2A;S2B_31TFH_20200313_0_L2A;S2B_31TFH_20200313_1_L2A;S2B_31TFJ_20200313_0_L2A;S2B_31TFJ_20200313_1_L2A,1.0,0.0149,0.9851,0.0727,0.1523,otsu,0.684,0.094,77071.7,24524.3,0.323,1035.8,22679.5,28052.6,-0.0293,0.0214,0.093,0.022,ok,2026-09-03T16:06:20+00:00
camargue,2020-03-15,8,S2A_31TEH_20200315_0_L2A;S2A_31TEH_20200315_1_L2A;S2A_31TEJ_20200315_0_L2A;S2A_31TEJ_20200315_1_L2A;S2A_31TFH_20200315_0_L2A;S2A_31TFH_20200315_1_L2A;S2A_31TFJ_20200315_0_L2A;S2A_31TFJ_20200315_2_L2A,1.0,0.0886,0.9114,0.078,0.1992,otsu,0.537,0.0861,77071.7,22356.6,0.3183,560.6,21253.4,26371.7,-0.0555,0.0275,0.115,0.0319,ok,2026-09-03T16:06:20+00:00
camargue,2020-03-18,8,S2A_31TEH_20200318_0_L2A;S2A_31TEH_20200318_1_L2A;S2A_31TEJ_20200318_0_L2A;S2A_31TEJ_20200318_1_L2A;S2A_31TFH_20200318_0_L2A;S2A_31TFH_20200318_1_L2A;S2A_31TFJ_20200318_0_L2A;S2A_31TFJ_20200318_1_L2A,1.0,0.0009,0.9991,0.0597,0.168,otsu,0.354,0.06,77071.7,24142.4,0.3135,745.0,22887.0,28563.8,-0.1483,-0.0034,0.1206,0.0409,ok,2026-09-03T16:06:20+00:00
camargue,2020-03-20,6,S2B_31TEH_20200320_0_L2A;S2B_31TEH_20200320_1_L2A;S2B_31TFH_20200320_0_L2A;S2B_31TFH_20200320_1_L2A;S2B_31TFJ_20200320_0_L2A;S2B_31TFJ_20200320_1_L2A,1.0,0.9987,0.0013,0.0882,0.1211,otsu,1.3,0.102,77071.7,23.2,0.2327,0.3,14.6,24.3,-0.038,0.0588,0.1052,0.0,nublado,2026-09-03T16:06:20+00:00
camargue,2020-03-23,2,S2B_31TFH_20200323_0_L2A;S2B_31TFH_20200323_1_L2A,0.0007,0.9563,0.0,0.1846,0.0,fijo,,,77071.7,1.6,0.7143,0.0,0.8,1.6,-0.0306,0.0142,0.0287,0.0,sin_datos,2026-09-03T16:06:20+00:00
camargue,2020-03-25,6,S2A_31TEH_20200325_0_L2A;S2A_31TEH_20200325_1_L2A;S2A_31TEJ_20200325_0_L2A;S2A_31TEJ_20200325_1_L2A;S2A_31TFJ_20200325_0_L2A;S2A_31TFJ_20200325_1_L2A,1.0,0.2618,0.7382,0.0709,0.2227,otsu,0.363,0.0671,77071.7,17226.7,0.3028,625.4,16518.2,20270.4,-0.1478,-0.0009,0.1088,0.0309,nublado,2026-09-03T16:06:20+00:00
camargue,2020-03-28,8,S2A_31TEH_20200328_0_L2A;S2A_31TEH_20200328_1_L2A;S2A_31TEJ_20200328_0_L2A;S2A_31TEJ_20200328_1_L2A;S2A_31TFH_20200328_0_L2A;S2A_31TFH_20200328_1_L2A;S2A_31TFJ_20200328_0_L2A;S2A_31TFJ_20200328_1_L2A,1.0,0.0005,0.9995,0.0649,0.1836,otsu,0.359,0.0674,77071.7,23962.2,0.3111,877.1,22804.8,28372.3,-0.144,-0.0034,0.1069,0.0244,ok,2026-09-03T16:06:20+00:00
camargue,2020-04-02,8,S2B_31TEH_20200402_0_L2A;S2B_31TEH_20200402_1_L2A;S2B_31TEJ_20200402_0_L2A;S2B_31TEJ_20200402_1_L2A;S2B_31TFH_20200402_0_L2A;S2B_31TFH_20200402_1_L2A;S2B_31TFJ_20200402_0_L2A;S2B_31TFJ_20200402_1_L2A,1.0,0.1903,0.8097,0.0746,0.2461,otsu,0.3,0.0721,77071.7,21562.1,0.3455,632.3,21206.9,25200.2,-0.1722,-0.0147,0.1083,0.026,ok,2026-09-03T16:06:20+00:00
camargue,2020-04-04,8,S2A_31TEH_20200404_0_L2A;S2A_31TEH_20200404_1_L2A;S2A_31TEJ_20200404_0_L2A;S2A_31TEJ_20200404_1_L2A;S2A_31TFH_20200404_0_L2A;S2A_31TFH_20200404_1_L2A;S2A_31TFJ_20200404_0_L2A;S2A_31TFJ_20200404_1_L2A,1.0,0.0131,0.9869,0.0692,0.2461,otsu,0.285,0.068,77071.7,22997.3,0.3024,892.5,22147.0,27280.6,-0.1581,-0.0172,0.1122,0.0269,ok,2026-09-03T16:06:20+00:00
camargue,2020-04-07,8,S2A_31TEH_20200407_0_L2A;S2A_31TEH_20200407_1_L2A;S2A_31TEJ_20200407_0_L2A;S2A_31TEJ_20200407_1_L2A;S2A_31TFH_20200407_0_L2A;S2A_31TFH_20200407_1_L2A;S2A_31TFJ_20200407_0_L2A;S2A_31TFJ_20200407_1_L2A,1.0,0.0113,0.9887,0.0695,0.1836,otsu,0.382,0.0682,77071.7,23163.2,0.304,1016.8,21985.3,27271.8,-0.1392,-0.0047,0.1034,0.0183,ok,2026-09-03T16:06:20+00:00
camargue,2020-04-09,8,S2B_31TEH_20200409_0_L2A;S2B_31TEH_20200409_1_L2A;S2B_31TEJ_20200409_0_L2A;S2B_31TEJ_20200409_1_L2A;S2B_31TFH_20200409_0_L2A;S2B_31TFH_20200409_1_L2A;S2B_31TFJ_20200409_0_L2A;S2B_31TFJ_20200409_1_L2A,1.0,0.0101,0.9899,0.0739,0.2383,otsu,0.35,0.0656,77071.7,22625.3,0.2966,1092.0,21559.8,27305.3,-0.1493,-0.0022,0.109,0.0202,ok,2026-09-03T16:06:20+00:00
camargue,2020-04-12,6,S2B_31TEJ_20200412_0_L2A;S2B_31TEJ_20200412_1_L2A;S2B_31TFH_20200412_0_L2A;S2B_31TFH_20200412_1_L2A;S2B_31TFJ_20200412_0_L2A;S2B_31TFJ_20200412_1_L2A,1.0,0.3909,0.6091,0.0604,0.1055,otsu,0.389,0.0564,77071.7,13754.2,0.293,1045.9,12907.0,14903.7,-0.1544,0.0036,0.095,0.0219,nublado,2026-09-03T16:06:20+00:00
camargue,2020-04-14,8,S2A_31TEH_20200414_0_L2A;S2A_31TEH_20200414_1_L2A;S2A_31TEJ_20200414_0_L2A;S2A_31TEJ_20200414_1_L2A;S2A_31TFH_20200414_0_L2A;S2A_31TFH_20200414_1_L2A;S2A_31TFJ_20200414_0_L2A;S2A_31TFJ_20200414_1_L2A,1.0,0.0097,0.9903,0.0765,0.1758,otsu,0.544,0.0809,77071.7,23487.4,0.3077,1259.8,21794.4,27175.5,-0.0563,0.0244,0.1079,0.0184,ok,2026-09-03T16:08:29+00:00
camargue,2020-04-24,7,S2A_31TEH_20200424_0_L2A;S2A_31TEH_20200424_1_L2A;S2A_31TEJ_20200424_0_L2A;S2A_31TFH_20200424_0_L2A;S2A_31TFH_20200424_1_L2A;S2A_31TFJ_20200424_0_L2A;S2A_31TFJ_20200424_1_L2A,1.0,0.2808,0.7192,0.0665,0.2695,otsu,0.331,0.0597,77071.7,19608.0,0.3538,788.3,19864.6,23825.8,-0.1505,0.0256,0.1368,0.0354,nublado,2026-09-03T16:08:29+00:00
camargue,2020-04-29,8,S2B_31TEH_20200429_0_L2A;S2B_31TEH_20200429_1_L2A;S2B_31TEJ_20200429_0_L2A;S2B_31TEJ_20200429_1_L2A;S2B_31TFH_20200429_0_L2A;S2B_31TFH_20200429_1_L2A;S2B_31TFJ_20200429_0_L2A;S2B_31TFJ_20200429_1_L2A,1.0,0.0285,0.9715,0.0585,0.2305,otsu,0.308,0.0648,77071.7,24645.4,0.3291,1743.4,23055.2,28182.2,-0.123,-0.0033,0.107,0.0244,ok,2026-09-03T16:08:29+00:00
camargue,2020-05-02,6,S2B_31TEH_20200502_0_L2A;S2B_31TEH_20200502_1_L2A;S2B_31TFH_20200502_0_L2A;S2B_31TFH_20200502_1_L2A;S2B_31TFJ_20200502_0_L2A;S2B_31TFJ_20200502_1_L2A,1.0,0.3381,0.6619,0.089,0.1602,otsu,0.474,0.0938,77071.7,17576.5,0.3446,590.2,17000.8,20227.4,-0.0812,0.0056,0.0914,0.0169,nublado,2026-09-03T16:08:29+00:00
camargue,2020-05-04,8,S2A_31TEH_20200504_0_L2A;S2A_31TEH_20200504_1_L2A;S2A_31TEJ_20200504_0_L2A;S2A_31TEJ_20200504_1_L2A;S2A_31TFH_20200504_0_L2A;S2A_31TFH_20200504_1_L2A;S2A_31TFJ_20200504_0_L2A;S2A_31TFJ_20200504_1_L2A,1.0,0.0156,0.9844,0.0672,0.1211,otsu,0.443,0.0713,77071.7,23912.3,0.3152,2039.2,21934.4,27323.4,-0.0908,0.0116,0.1051,0.021,ok,2026-09-03T16:08:29+00:00
camargue,2020-05-07,7,S2A_31TEH_20200507_0_L2A;S2A_31TEH_20200507_1_L2A;S2A_31TEJ_20200507_0_L2A;S2A_31TEJ_20200507_1_L2A;S2A_31TFH_20200507_0_L2A;S2A_31TFJ_20200507_0_L2A;S2A_31TFJ_20200507_1_L2A,1.0,0.4664,0.5336,0.0824,0.0039,otsu,0.632,0.1033,77071.7,14513.1,0.3529,1105.1,12611.7,14820.8,-0.0581,0.0253,0.0955,0.0122,nublado,2026-09-03T16:08:29+00:00
camargue,2020-05-12,7,S2B_31TEH_20200512_0_L2A;S2B_31TEH_20200512_1_L2A;S2B_31TEJ_20200512_0_L2A;S2B_31TFH_20200512_0_L2A;S2B_31TFH_20200512_1_L2A;S2B_31TFJ_20200512_0_L2A;S2B_31TFJ_20200512_1_L2A,1.0,0.3446,0.6554,0.061,0.0977,otsu,0.547,0.0852,77071.7,15259.4,0.3021,1976.0,13086.2,15255.4,-0.052,0.0404,0.1144,0.0257,nublado,2026-09-03T16:08:29+00:00
camargue,2020-05-14,3,S2A_31TFH_20200514_0_L2A;S2A_31TFH_20200514_1_L2A;S2A_31TFJ_20200514_0_L2A,1.0,0.7584,0.2416,0.1017,0.2617,otsu,0.539,0.0835,77071.7,7440.3,0.3995,238.4,7550.4,8520.8,-0.0726,0.0363,0.1227,0.0261,nublado,2026-09-03T16:08:29+00:00
camargue,2020-05-17,8,S2A_31TEH_20200517_0_L2A;S2A_31TEH_20200517_1_L2A;S2A_31TEJ_20200517_0_L2A;S2A_31TEJ_20200517_1_L2A;S2A_31TFH_20200517_0_L2A;S2A_31TFH_20200517_1_L2A;S2A_31TFJ_20200517_0_L2A;S2A_31TFJ_20200517_1_L2A,1.0,0.4011,0.5989,0.081,0.0273,otsu,0.708,0.1137,77071.7,17441.6,0.3779,1832.3,14123.2,15580.3,-0.0172,0.0371,0.1034,0.0037,nublado,2026-09-03T16:08:29+00:00
camargue,2020-05-19,8,S2B_31TEH_20200519_0_L2A;S2B_31TEH_20200519_1_L2A;S2B_31TEJ_20200519_0_L2A;S2B_31TEJ_20200519_1_L2A;S2B_31TFH_20200519_0_L2A;S2B_31TFH_20200519_1_L2A;S2B_31TFJ_20200519_0_L2A;S2B_31TFJ_20200519_1_L2A,1.0,0.0207,0.9793,0.0711,0.1602,otsu,0.623,0.0878,77071.7,26446.7,0.3504,2580.3,23169.6,28045.3,-0.0289,0.0369,0.1123,0.0187,ok,2026-09-03T16:08:29+00:00
camargue,2020-05-22,8,S2B_31TEH_20200522_0_L2A;S2B_31TEH_20200522_1_L2A;S2B_31TEJ_20200522_0_L2A;S2B_31TEJ_20200522_1_L2A;S2B_31TFH_20200522_0_L2A;S2B_31TFH_20200522_1_L2A;S2B_31TFJ_20200522_0_L2A;S2B_31TFJ_20200522_1_L2A,1.0,0.2168,0.7832,0.0745,-0.0117,otsu,0.655,0.0932,77071.7,20460.0,0.339,4024.5,16564.3,19062.7,-0.0463,0.0369,0.1096,0.0142,nublado,2026-09-03T16:08:29+00:00
camargue,2020-05-24,8,S2A_31TEH_20200524_0_L2A;S2A_31TEH_20200524_1_L2A;S2A_31TEJ_20200524_0_L2A;S2A_31TEJ_20200524_1_L2A;S2A_31TFH_20200524_0_L2A;S2A_31TFH_20200524_1_L2A;S2A_31TFJ_20200524_0_L2A;S2A_31TFJ_20200524_1_L2A,1.0,0.0192,0.9808,0.0731,0.1211,otsu,0.858,0.0939,77071.7,24513.9,0.3243,3323.2,17900.5,26085.1,0.0124,0.0395,0.0948,0.0096,ok,2026-09-03T16:08:29+00:00
camargue,2020-05-27,8,S2A_31TEH_20200527_0_L2A;S2A_31TEH_20200527_1_L2A;S2A_31TEJ_20200527_0_L2A;S2A_31TEJ_20200527_1_L2A;S2A_31TFH_20200527_0_L2A;S2A_31TFH_20200527_1_L2A;S2A_31TFJ_20200527_0_L2A;S2A_31TFJ_20200527_1_L2A,1.0,0.0388,0.9612,0.0768,-0.043,otsu,0.662,0.1094,77071.7,23430.4,0.3163,4341.9,18690.2,23114.2,-0.032,0.0359,0.1138,0.0124,ok,2026-09-03T16:10:27+00:00
camargue,2020-05-29,5,S2B_31TEH_20200529_0_L2A;S2B_31TEH_20200529_1_L2A;S2B_31TFH_20200529_0_L2A;S2B_31TFH_20200529_1_L2A;S2B_31TFJ_20200529_0_L2A,1.0,0.9556,0.0444,0.0967,0.1523,otsu,0.814,0.0964,77071.7,1950.6,0.5696,65.3,1717.0,2406.4,-0.0273,0.0341,0.0911,0.0007,nublado,2026-09-03T16:10:27+00:00
camargue,2020-06-01,6,S2B_31TEH_20200601_0_L2A;S2B_31TEH_20200601_1_L2A;S2B_31TFH_20200601_0_L2A;S2B_31TFH_20200601_1_L2A;S2B_31TFJ_20200601_0_L2A;S2B_31TFJ_20200601_1_L2A,1.0,0.1579,0.8421,0.0842,-0.0195,otsu,0.701,0.1035,77071.7,18678.2,0.2878,5245.6,15433.0,18300.3,-0.0488,0.0366,0.117,0.0103,ok,2026-09-03T16:10:27+00:00
camargue,2020-06-03,4,S2A_31TEJ_20200603_0_L2A;S2A_31TEJ_20200603_1_L2A;S2A_31TFJ_20200603_0_L2A;S2A_31TFJ_20200603_1_L2A,1.0,0.9253,0.0747,0.0835,-0.043,otsu,1.413,0.0651,77071.7,321.1,0.0557,810.6,53.9,138.1,-0.034,0.1267,0.1759,0.0693,nublado,2026-09-03T16:10:27+00:00
camargue,2020-06-06,8,S2A_31TEH_20200606_0_L2A;S2A_31TEH_20200606_1_L2A;S2A_31TEJ_20200606_0_L2A;S2A_31TEJ_20200606_1_L2A;S2A_31TFH_20200606_0_L2A;S2A_31TFH_20200606_1_L2A;S2A_31TFJ_20200606_0_L2A;S2A_31TFJ_20200606_1_L2A,1.0,0.0164,0.9836,0.064,0.0195,otsu,0.577,0.0986,77071.7,23610.2,0.3115,4921.3,20975.5,24502.7,-0.0372,0.0284,0.1223,0.0187,ok,2026-09-03T16:10:27+00:00
camargue,2020-06-08,8,S2B_31TEH_20200608_0_L2A;S2B_31TEH_20200608_1_L2A;S2B_31TEJ_20200608_0_L2A;S2B_31TEJ_20200608_1_L2A;S2B_31TFH_20200608_0_L2A;S2B_31TFH_20200608_1_L2A;S2B_31TFJ_20200608_0_L2A;S2B_31TFJ_20200608_1_L2A,1.0,0.4047,0.5953,0.0872,0.1602,otsu,0.499,0.0912,77071.7,16744.5,0.3649,1673.9,15700.5,18796.2,-0.0595,0.0144,0.107,0.0132,nublado,2026-09-03T16:10:27+00:00
camargue,2020-06-11,2,S2B_31TFJ_20200611_0_L2A;S2B_31TFJ_20200611_1_L2A,1.0,0.4506,0.5494,0.0854,-0.043,otsu,0.675,0.1221,77071.7,10910.6,0.2577,3281.9,9407.8,10919.7,-0.0589,0.022,0.1014,0.0059,nublado,2026-09-03T16:10:27+00:00
camargue,2020-06-16,2,S2A_31TEJ_20200616_0_L2A;S2A_31TEJ_20200616_1_L2A,0.0416,0.0281,0.0404,0.0598,0.043,otsu,0.774,0.0747,77071.7,713.6,0.229,189.4,603.0,811.0,-0.0529,0.0482,0.1427,0.0327,sin_datos,2026-09-03T16:10:27+00:00
camargue,2020-06-18,2,S2B_31TEJ_20200618_0_L2A;S2B_31TEJ_20200618_1_L2A,0.0416,1.0018,0.0,,0.0,fijo,,,77071.7,0.0,0.0,0.0,0.0,0.0,,,,,sin_datos,2026-09-03T16:10:27+00:00
camargue,2020-06-21,9,S2B_31TEH_20200621_1_L2A;S2B_31TEH_20200621_3_L2A;S2B_31TEJ_20200621_1_L2A;S2B_31TEJ_20200621_3_L2A;S2B_31TFH_20200621_0_L2A;S2B_31TFH_20200621_1_L2A;S2B_31TFH_20200621_3_L2A;S2B_31TFJ_20200621_0_L2A;S2B_31TFJ_20200621_1_L2A,1.0,0.2446,0.7554,0.07,-0.0508,otsu,0.732,0.1149,77071.7,9614.6,0.1651,5886.7,7417.9,9486.4,-0.0199,0.0338,0.1062,0.0027,nublado,2026-09-03T16:10:27+00:00
camargue,2020-06-23,8,S2A_31TEH_20200623_0_L2A;S2A_31TEH_20200623_1_L2A;S2A_31TEJ_20200623_0_L2A;S2A_31TEJ_20200623_1_L2A;S2A_31TFH_20200623_0_L2A;S2A_31TFH_20200623_1_L2A;S2A_31TFJ_20200623_0_L2A;S2A_31TFJ_20200623_1_L2A,1.0,0.0645,0.9355,0.067,0.1523,otsu,0.365,0.0707,77071.7,21495.0,0.2981,3007.0,20226.9,24103.4,-0.0972,0.0176,0.1393,0.0256,ok,2026-09-03T16:10:27+00:00
camargue,2020-06-26,8,S2A_31TEH_20200626_0_L2A;S2A_31TEH_20200626_1_L2A;S2A_31TEJ_20200626_0_L2A;S2A_31TEJ_20200626_1_L2A;S2A_31TFH_20200626_0_L2A;S2A_31TFH_20200626_1_L2A;S2A_31TFJ_20200626_0_L2A;S2A_31TFJ_20200626_1_L2A,1.0,0.0708,0.9292,0.0746,-0.082,otsu,0.76,0.1175,77071.7,19532.3,0.2727,5848.5,16072.5,21099.0,-0.0239,0.0353,0.1002,0.0059,ok,2026-09-03T16:10:27+00:00
camargue,2020-06-28,8,S2B_31TEH_20200628_0_L2A;S2B_31TEH_20200628_1_L2A;S2B_31TEJ_20200628_0_L2A;S2B_31TEJ_20200628_1_L2A;S2B_31TFH_20200628_0_L2A;S2B_31TFH_20200628_1_L2A;S2B_31TFJ_20200628_0_L2A;S2B_31TFJ_20200628_1_L2A,1.0,0.0425,0.9575,0.0628,0.2305,otsu,0.235,0.0561,77071.7,20770.4,0.2815,2036.0,20261.8,24385.8,-0.1504,-0.0091,0.1346,0.0314,ok,2026-09-03T16:13:06+00:00
camargue,2020-07-01,7,S2B_31TEH_20200701_0_L2A;S2B_31TEJ_20200701_0_L2A;S2B_31TEJ_20200701_1_L2A;S2B_31TFH_20200701_0_L2A;S2B_31TFH_20200701_1_L2A;S2B_31TFJ_20200701_0_L2A;S2B_31TFJ_20200701_1_L2A,1.0,0.7405,0.2595,0.1297,0.0508,otsu,0.593,0.1496,77071.7,2942.2,0.1471,1417.3,2750.2,3183.2,-0.0932,0.018,0.0939,0.0086,nublado,2026-09-03T16:13:06+00:00
camargue,2020-07-03,8,S2A_31TEH_20200703_0_L2A;S2A_31TEH_20200703_1_L2A;S2A_31TEJ_20200703_0_L2A;S2A_31TEJ_20200703_1_L2A;S2A_31TFH_20200703_0_L2A;S2A_31TFH_20200703_1_L2A;S2A_31TFJ_20200703_0_L2A;S2A_31TFJ_20200703_1_L2A,1.0,0.0888,0.9112,0.0739,0.1055,otsu,0.641,0.0848,77071.7,19945.6,0.284,2241.3,18505.6,22867.5,-0.0425,0.0197,0.1025,0.0112,ok,2026-09-03T16:13:06+00:00
camargue,2020-07-06,8,S2A_31TEH_20200706_0_L2A;S2A_31TEH_20200706_1_L2A;S2A_31TEJ_20200706_0_L2A;S2A_31TEJ_20200706_1_L2A;S2A_31TFH_20200706_0_L2A;S2A_31TFH_20200706_1_L2A;S2A_31TFJ_20200706_0_L2A;S2A_31TFJ_20200706_1_L2A,1.0,0.1848,0.8152,0.0649,-0.0352,otsu,0.665,0.1145,77071.7,11210.9,0.1784,2455.0,9721.1,11313.8,-0.0363,0.0159,0.0857,0.0013,ok,2026-09-03T16:13:06+00:00
camargue,2020-07-08,8,S2B_31TEH_20200708_0_L2A;S2B_31TEH_20200708_1_L2A;S2B_31TEJ_20200708_0_L2A;S2B_31TEJ_20200708_1_L2A;S2B_31TFH_20200708_0_L2A;S2B_31TFH_20200708_1_L2A;S2B_31TFJ_20200708_0_L2A;S2B_31TFJ_20200708_1_L2A,1.0,0.0476,0.9524,0.0654,0.2383,otsu,0.249,0.0631,77071.7,19963.4,0.272,1501.3,19289.9,23318.1,-0.1258,-0.0153,0.1306,0.0337,ok,2026-09-03T16:13:06+00:00
camargue,2020-07-11,8,S2B_31TEH_20200711_0_L2A;S2B_31TEH_20200711_1_L2A;S2B_31TEJ_20200711_0_L2A;S2B_31TEJ_20200711_1_L2A;S2B_31TFH_20200711_0_L2A;S2B_31TFH_20200711_1_L2A;S2B_31TFJ_20200711_0_L2A;S2B_31TFJ_20200711_1_L2A,1.0,0.0966,0.9034,0.0747,-0.0117,otsu,0.703,0.1148,77071.7,16827.7,0.2417,2345.0,15082.9,18279.4,-0.0376,0.0247,0.0906,0.0032,ok,2026-09-03T16:13:06+00:00
camargue,2020-07-13,8,S2A_31TEH_20200713_0_L2A;S2A_31TEH_20200713_1_L2A;S2A_31TEJ_20200713_0_L2A;S2A_31TEJ_20200713_1_L2A;S2A_31TFH_20200713_0_L2A;S2A_31TFH_20200713_1_L2A;S2A_31TFJ_20200713_0_L2A;S2A_31TFJ_20200713_1_L2A,1.0,0.0896,0.9104,0.0696,0.1055,otsu,0.572,0.0708,77071.7,17525.0,0.2498,1646.1,17657.6,22085.3,-0.1104,0.029,0.1433,0.0474,ok,2026-09-03T16:13:06+00:00
camargue,2020-07-16,8,S2A_31TEH_20200716_0_L2A;S2A_31TEH_20200716_1_L2A;S2A_31TEJ_20200716_0_L2A;S2A_31TEJ_20200716_1_L2A;S2A_31TFH_20200716_0_L2A;S2A_31TFH_20200716_1_L2A;S2A_31TFJ_20200716_0_L2A;S2A_31TFJ_20200716_1_L2A,1.0,0.1444,0.8556,0.0704,-0.0352,otsu,0.621,0.116,77071.7,14407.5,0.2185,2008.3,12837.0,15654.6,-0.041,0.0205,0.0922,0.0052,ok,2026-09-03T16:13:06+00:00
camargue,2020-07-18,8,S2B_31TEH_20200718_0_L2A;S2B_31TEH_20200718_1_L2A;S2B_31TEJ_20200718_0_L2A;S2B_31TEJ_20200718_1_L2A;S2B_31TFH_20200718_0_L2A;S2B_31TFH_20200718_1_L2A;S2B_31TFJ_20200718_0_L2A;S2B_31TFJ_20200718_1_L2A,1.0,0.0563,0.9437,0.0708,0.2148,otsu,0.413,0.0762,77071.7,19837.4,0.2727,1345.4,19243.4,23051.2,-0.0693,0.0214,0.1287,0.0372,ok,2026-09-03T16:13:06+00:00
camargue,2020-07-21,8,S2B_31TEH_20200721_0_L2A;S2B_31TEH_20200721_1_L2A;S2B_31TEJ_20200721_0_L2A;S2B_31TEJ_20200721_1_L2A;S2B_31TFH_20200721_0_L2A;S2B_31TFH_20200721_1_L2A;S2B_31TFJ_20200721_0_L2A;S2B_31TFJ_20200721_1_L2A,1.0,0.5295,0.4705,0.1128,0.043,otsu,0.617,0.1181,77071.7,9199.0,0.2537,853.9,9089.1,10916.0,-0.0822,0.0228,0.1066,0.0201,nublado,2026-09-03T16:13:06+00:00
camargue,2020-07-23,8,S2A_31TEH_20200723_0_L2A;S2A_31TEH_20200723_1_L2A;S2A_31TEJ_20200723_0_L2A;S2A_31TEJ_20200723_1_L2A;S2A_31TFH_20200723_0_L2A;S2A_31TFH_20200723_1_L2A;S2A_31TFJ_20200723_0_L2A;S2A_31TFJ_20200723_1_L2A,1.0,0.0437,0.9563,0.0605,0.1602,otsu,0.322,0.0574,77071.7,19750.6,0.268,1425.8,19035.2,23641.1,-0.1266,0.0155,0.1423,0.0375,ok,2026-09-03T16:13:06+00:00
camargue,2020-07-26,8,S2A_31TEH_20200726_0_L2A;S2A_31TEH_20200726_1_L2A;S2A_31TEJ_20200726_0_L2A;S2A_31TEJ_20200726_1_L2A;S2A_31TFH_20200726_0_L2A;S2A_31TFH_20200726_1_L2A;S2A_31TFJ_20200726_0_L2A;S2A_31TFJ_20200726_1_L2A,1.0,0.0408,0.9592,0.0597,0.1445,otsu,0.439,0.059,77071.7,19528.5,0.2642,1504.5,18498.4,24345.3,-0.1208,0.0112,0.1315,0.0358,ok,2026-09-03T16:15:16+00:00
camargue,2020-07-31,8,S2B_31TEH_20200731_0_L2A;S2B_31TEH_20200731_1_L2A;S2B_31TEJ_20200731_0_L2A;S2B_31TEJ_20200731_1_L2A;S2B_31TFH_20200731_0_L2A;S2B_31TFH_20200731_1_L2A;S2B_31TFJ_20200731_0_L2A;S2B_31TFJ_20200731_1_L2A,1.0,0.0297,0.9703,0.0597,0.0508,otsu,0.67,0.0656,77071.7,19616.6,0.2623,2070.6,18097.4,23438.1,-0.1016,0.0308,0.1278,0.0226,ok,2026-09-03T16:13:06+00:00
camargue,2020-08-02,8,S2A_31TEH_20200802_0_L2A;S2A_31TEH_20200802_1_L2A;S2A_31TEJ_20200802_0_L2A;S2A_31TEJ_20200802_1_L2A;S2A_31TFH_20200802_0_L2A;S2A_31TFH_20200802_1_L2A;S2A_31TFJ_20200802_0_L2A;S2A_31TFJ_20200802_1_L2A,1.0,0.0395,0.9605,0.0626,0.1445,otsu,0.373,0.0672,77071.7,19385.9,0.2619,1652.2,18579.7,23153.1,-0.098,0.024,0.1515,0.0497,ok,2026-09-03T16:15:16+00:00
camargue,2020-08-05,8,S2A_31TEH_20200805_0_L2A;S2A_31TEH_20200805_1_L2A;S2A_31TEJ_20200805_0_L2A;S2A_31TEJ_20200805_1_L2A;S2A_31TFH_20200805_0_L2A;S2A_31TFH_20200805_1_L2A;S2A_31TFJ_20200805_0_L2A;S2A_31TFJ_20200805_1_L2A,1.0,0.0378,0.9622,0.0615,0.1055,otsu,0.518,0.0863,77071.7,19773.9,0.2666,1672.2,18447.0,22816.5,-0.0531,0.024,0.1278,0.0329,ok,2026-09-03T16:15:16+00:00
camargue,2020-08-07,8,S2B_31TEH_20200807_0_L2A;S2B_31TEH_20200807_1_L2A;S2B_31TEJ_20200807_0_L2A;S2B_31TEJ_20200807_1_L2A;S2B_31TFH_20200807_0_L2A;S2B_31TFH_20200807_1_L2A;S2B_31TFJ_20200807_0_L2A;S2B_31TFJ_20200807_1_L2A,1.0,0.0365,0.9635,0.0578,0.2148,otsu,0.305,0.05,77071.7,18947.8,0.2552,1556.8,18126.9,23252.5,-0.154,0.0083,0.1591,0.0602,ok,2026-09-03T16:15:16+00:00
camargue,2020-08-10,2,S2B_31TEJ_20200810_0_L2A;S2B_31TEJ_20200810_1_L2A,0.0416,1.0,0.0,,0.0,fijo,,,77071.7,0.0,0.0,0.0,0.0,0.0,,,,,sin_datos,2026-09-03T16:15:16+00:00
camargue,2020-08-15,14,S2A_31TEH_20200815_0_L2A;S2A_31TEH_20200815_1_L2A;S2A_31TEJ_20200815_0_L2A;S2A_31TEJ_20200815_1_L2A;S2A_31TEJ_20200815_2_L2A;S2A_31TEJ_20200815_3_L2A;S2A_31TFH_20200815_0_L2A;S2A_31TFH_20200815_1_L2A;S2A_31TFH_20200815_2_L2A;S2A_31TFH_20200815_3_L2A;S2A_31TFJ_20200815_0_L2A;S2A_31TFJ_20200815_1_L2A;S2A_31TFJ_20200815_2_L2A;S2A_31TFJ_20200815_3_L2A,1.0,0.0144,0.9856,0.0499,0.1758,otsu,0.36,0.0512,77071.7,19347.5,0.2547,1821.1,18334.4,24336.2,-0.1442,0.0197,0.182,0.0808,ok,2026-09-03T16:15:16+00:00
camargue,2020-08-20,7,S2B_31TEH_20200820_0_L2A;S2B_31TEH_20200820_1_L2A;S2B_31TEJ_20200820_0_L2A;S2B_31TFH_20200820_0_L2A;S2B_31TFH_20200820_1_L2A;S2B_31TFJ_20200820_0_L2A;S2B_31TFJ_20200820_1_L2A,1.0,0.4296,0.5704,0.0864,0.1133,otsu,0.655,0.0863,77071.7,11679.0,0.2657,1423.4,11863.2,15336.5,-0.0814,0.0495,0.1587,0.0526,nublado,2026-09-03T16:15:16+00:00
camargue,2020-08-22,8,S2A_31TEH_20200822_0_L2A;S2A_31TEH_20200822_3_L2A;S2A_31TEJ_20200822_0_L2A;S2A_31TEJ_20200822_1_L2A;S2A_31TFH_20200822_0_L2A;S2A_31TFH_20200822_3_L2A;S2A_31TFJ_20200822_0_L2A;S2A_31TFJ_20200822_1_L2A,1.0,0.0276,0.9724,0.0535,0.1602,otsu,0.358,0.0531,77071.7,19366.1,0.2584,1889.0,18748.8,23752.2,-0.1431,0.0456,0.2094,0.1114,ok,2026-09-03T16:15:16+00:00
camargue,2020-08-25,8,S2A_31TEH_20200825_0_L2A;S2A_31TEH_20200825_1_L2A;S2A_31TEJ_20200825_0_L2A;S2A_31TEJ_20200825_1_L2A;S2A_31TFH_20200825_0_L2A;S2A_31TFH_20200825_1_L2A;S2A_31TFJ_20200825_0_L2A;S2A_31TFJ_20200825_1_L2A,1.0,0.017,0.983,0.0442,0.2227,otsu,0.293,0.0451,77071.7,18736.6,0.2473,1628.5,17920.2,24015.8,-0.1652,0.0191,0.2298,0.1318,ok,2026-09-03T16:15:16+00:00
camargue,2020-08-27,8,S2B_31TEH_20200827_0_L2A;S2B_31TEH_20200827_1_L2A;S2B_31TEJ_20200827_0_L2A;S2B_31TEJ_20200827_1_L2A;S2B_31TFH_20200827_0_L2A;S2B_31TFH_20200827_1_L2A;S2B_31TFJ_20200827_0_L2A;S2B_31TFJ_20200827_1_L2A,1.0,0.0293,0.9707,0.0552,0.2227,otsu,0.335,0.0522,77071.7,18510.4,0.2474,1839.0,17772.6,23293.0,-0.1622,0.0319,0.2154,0.1217,ok,2026-09-03T16:15:16+00:00
camargue,2020-08-30,8,S2B_31TEH_20200830_0_L2A;S2B_31TEH_20200830_1_L2A;S2B_31TEJ_20200830_0_L2A;S2B_31TEJ_20200830_1_L2A;S2B_31TFH_20200830_0_L2A;S2B_31TFH_20200830_1_L2A;S2B_31TFJ_20200830_0_L2A;S2B_31TFJ_20200830_1_L2A,1.0,0.1088,0.8912,0.0577,0.1914,otsu,0.458,0.0697,77071.7,18158.9,0.2644,1842.2,17269.6,23331.0,-0.107,0.0483,0.1867,0.084,ok,2026-09-03T16:15:16+00:00
camargue,2020-09-01,6,S2A_31TEJ_20200901_0_L2A;S2A_31TEJ_20200901_1_L2A;S2A_31TFH_20200901_0_L2A;S2A_31TFH_20200901_1_L2A;S2A_31TFJ_20200901_0_L2A;S2A_31TFJ_20200901_1_L2A,1.0,0.26,0.74,0.0577,0.1914,otsu,0.529,0.0676,77071.7,16270.7,0.2853,1350.7,15364.5,21093.3,-0.0785,0.0622,0.2013,0.1015,nublado,2026-09-03T16:15:16+00:00
camargue,2020-09-04,8,S2A_31TEH_20200904_0_L2A;S2A_31TEH_20200904_1_L2A;S2A_31TEJ_20200904_0_L2A;S2A_31TEJ_20200904_1_L2A;S2A_31TFH_20200904_0_L2A;S2A_31TFH_20200904_1_L2A;S2A_31TFJ_20200904_0_L2A;S2A_31TFJ_20200904_1_L2A,1.0,0.0109,0.9891,0.0442,0.207,otsu,0.372,0.0439,77071.7,18968.5,0.2488,1827.8,18073.3,25003.4,-0.1762,0.0271,0.2347,0.1458,ok,2026-09-03T16:16:51+00:00
camargue,2020-09-06,8,S2B_31TEH_20200906_0_L2A;S2B_31TEH_20200906_1_L2A;S2B_31TEJ_20200906_0_L2A;S2B_31TEJ_20200906_1_L2A;S2B_31TFH_20200906_0_L2A;S2B_31TFH_20200906_1_L2A;S2B_31TFJ_20200906_0_L2A;S2B_31TFJ_20200906_1_L2A,1.0,0.0333,0.9667,0.0654,0.2227,otsu,0.387,0.0696,77071.7,19134.4,0.2568,1754.1,18449.8,24245.6,-0.1337,0.0331,0.1847,0.0793,ok,2026-09-03T16:16:51+00:00
camargue,2020-09-09,4,S2B_31TEH_20200909_0_L2A;S2B_31TEH_20200909_1_L2A;S2B_31TFH_20200909_0_L2A;S2B_31TFH_20200909_1_L2A,0.0007,1.0,0.0,,0.0,fijo,,,77071.7,0.0,0.0,0.0,0.0,0.0,,,,,sin_datos,2026-09-03T16:16:51+00:00
camargue,2020-09-11,4,S2A_31TEH_20200911_0_L2A;S2A_31TEH_20200911_1_L2A;S2A_31TEJ_20200911_0_L2A;S2A_31TEJ_20200911_1_L2A,0.0416,0.0059,0.0413,0.0554,0.1367,otsu,0.658,0.0614,77071.7,560.6,0.1759,157.1,489.4,795.4,-0.072,0.0832,0.188,0.0808,sin_datos,2026-09-03T16:16:51+00:00
camargue,2020-09-14,8,S2A_31TEH_20200914_0_L2A;S2A_31TEH_20200914_1_L2A;S2A_31TEJ_20200914_0_L2A;S2A_31TEJ_20200914_1_L2A;S2A_31TFH_20200914_0_L2A;S2A_31TFH_20200914_1_L2A;S2A_31TFJ_20200914_0_L2A;S2A_31TFJ_20200914_1_L2A,1.0,0.0071,0.9929,0.0406,0.2227,otsu,0.334,0.042,77071.7,18355.7,0.2399,2250.6,17951.7,25503.4,-0.1999,0.0426,0.2823,0.208,ok,2026-09-03T16:16:51+00:00
camargue,2020-09-16,7,S2B_31TEH_20200916_1_L2A;S2B_31TEJ_20200916_0_L2A;S2B_31TEJ_20200916_1_L2A;S2B_31TFH_20200916_0_L2A;S2B_31TFH_20200916_1_L2A;S2B_31TFJ_20200916_0_L2A;S2B_31TFJ_20200916_1_L2A,1.0,0.0168,0.9832,0.0538,0.2148,otsu,0.364,0.0524,77071.7,18491.4,0.244,2191.7,18291.5,25212.5,-0.1921,0.0442,0.2274,0.1443,ok,2026-09-03T16:16:51+00:00
camargue,2020-09-19,4,S2B_31TEH_20200919_0_L2A;S2B_31TEH_20200919_1_L2A;S2B_31TFH_20200919_0_L2A;S2B_31TFH_20200919_1_L2A,0.0007,0.1719,0.0006,0.0861,0.0,fijo,0.883,0.0769,77071.7,12.8,0.3019,1.4,12.5,21.9,-0.1302,-0.0102,0.0267,0.0,sin_datos,2026-09-03T16:16:51+00:00
camargue,2020-09-21,2,S2A_31TFJ_20200921_0_L2A;S2A_31TFJ_20200921_1_L2A,1.0,0.6699,0.3301,0.0898,0.1445,otsu,0.635,0.0868,77071.7,11215.8,0.4409,449.3,12350.1,14437.6,-0.1443,0.0408,0.175,0.0691,nublado,2026-09-03T16:16:51+00:00
camargue,2020-09-24,4,S2A_31TEH_20200924_0_L2A;S2A_31TEH_20200924_1_L2A;S2A_31TFH_20200924_0_L2A;S2A_31TFH_20200924_1_L2A,0.0007,0.9563,0.0,0.1319,0.0,fijo,,,77071.7,0.2,0.0714,0.0,0.2,0.0,,,,,sin_datos,2026-09-03T16:16:51+00:00
camargue,2020-09-26,8,S2B_31TEH_20200926_0_L2A;S2B_31TEH_20200926_1_L2A;S2B_31TEJ_20200926_0_L2A;S2B_31TEJ_20200926_1_L2A;S2B_31TFH_20200926_0_L2A;S2B_31TFH_20200926_1_L2A;S2B_31TFJ_20200926_0_L2A;S2B_31TFJ_20200926_1_L2A,1.0,0.0214,0.9786,0.0634,0.1758,otsu,1.001,0.0952,77071.7,21698.4,0.2877,1595.4,12823.7,26054.1,-0.0024,0.0468,0.0885,0.0196,ok,2026-09-03T16:18:52+00:00
camargue,2020-09-29,3,S2B_31TFH_20200929_0_L2A;S2B_31TFH_20200929_1_L2A;S2B_31TFJ_20200929_0_L2A,1.0,0.5453,0.4547,0.0732,0.207,otsu,0.663,0.0868,77071.7,10843.0,0.3094,691.8,10253.1,13783.8,-0.0747,0.0518,0.1201,0.0297,nublado,2026-09-03T16:16:51+00:00
camargue,2020-10-04,6,S2A_31TEH_20201004_0_L2A;S2A_31TEH_20201004_1_L2A;S2A_31TFH_20201004_0_L2A;S2A_31TFH_20201004_1_L2A;S2A_31TFJ_20201004_0_L2A;S2A_31TFJ_20201004_1_L2A,1.0,0.0555,0.9445,0.0466,0.2227,otsu,0.321,0.0657,77071.7,21587.0,0.2965,1428.6,20665.4,26280.3,-0.1307,0.0194,0.1592,0.0597,ok,2026-09-03T16:16:51+00:00
camargue,2020-10-06,1,S2B_31TEH_20201006_0_L2A,0.0,0.0,0.0,,0.0,fijo,,,77071.7,0.0,0.0,0.0,0.0,0.0,,,,,sin_datos,2026-09-03T16:16:51+00:00
camargue,2020-10-11,8,S2A_31TEH_20201011_0_L2A;S2A_31TEH_20201011_1_L2A;S2A_31TEJ_20201011_0_L2A;S2A_31TEJ_20201011_1_L2A;S2A_31TFH_20201011_0_L2A;S2A_31TFH_20201011_1_L2A;S2A_31TFJ_20201011_0_L2A;S2A_31TFJ_20201011_1_L2A,1.0,0.0349,0.9651,0.0621,0.1523,otsu,1.038,0.0877,77071.7,19726.1,0.2652,1411.2,11025.4,24990.2,0.0105,0.049,0.0916,0.0201,ok,2026-09-03T16:18:52+00:00
camargue,2020-10-14,4,S2A_31TEH_20201014_0_L2A;S2A_31TFH_20201014_0_L2A;S2A_31TFH_20201014_1_L2A;S2A_31TFJ_20201014_0_L2A,1.0,0.9247,0.0753,0.097,0.3008,otsu,0.643,0.0925,77071.7,2444.3,0.4212,38.4,2494.4,3311.7,-0.0474,0.0373,0.1372,0.0466,nublado,2026-09-03T16:18:52+00:00
camargue,2020-10-16,2,S2B_31TFJ_20201016_0_L2A;S2B_31TFJ_20201016_1_L2A,1.0,0.7877,0.2123,0.1024,0.1523,otsu,0.674,0.1017,77071.7,4671.0,0.2855,94.7,5551.2,6148.8,-0.0866,0.0102,0.0495,0.0027,nublado,2026-09-03T16:18:52+00:00
camargue,2020-10-19,4,S2B_31TFH_20201019_0_L2A;S2B_31TFH_20201019_1_L2A;S2B_31TFJ_20201019_0_L2A;S2B_31TFJ_20201019_1_L2A,1.0,0.6961,0.3039,0.1008,0.1289,otsu,0.685,0.0988,77071.7,3517.8,0.1502,363.4,3326.6,4717.4,-0.0557,0.025,0.1159,0.03,nublado,2026-09-03T16:18:52+00:00
camargue,2020-10-24,8,S2A_31TEH_20201024_0_L2A;S2A_31TEH_20201024_1_L2A;S2A_31TEJ_20201024_0_L2A;S2A_31TEJ_20201024_1_L2A;S2A_31TFH_20201024_0_L2A;S2A_31TFH_20201024_1_L2A;S2A_31TFJ_20201024_0_L2A;S2A_31TFJ_20201024_1_L2A,1.0,0.0115,0.9885,0.0504,0.2305,otsu,0.36,0.0651,77071.7,20307.7,0.2665,1352.0,19530.2,26342.6,-0.1105,0.0396,0.2,0.1001,ok,2026-09-03T16:18:52+00:00
camargue,2020-10-26,2,S2B_31TEH_20201026_0_L2A;S2B_31TEH_20201026_1_L2A,0.0,0.0,0.0,,0.0,fijo,,,77071.7,0.0,0.0,0.0,0.0,0.0,,,,,sin_datos,2026-09-03T16:18:52+00:00
camargue,2020-10-31,2,S2A_31TFJ_20201031_0_L2A;S2A_31TFJ_20201031_1_L2A,1.0,0.9951,0.0049,0.1347,0.1914,otsu,0.873,0.1415,77071.7,98.6,0.2615,2.4,178.4,246.7,-0.1469,0.0262,0.0979,0.0032,nublado,2026-09-03T16:18:52+00:00
camargue,2020-11-05,8,S2B_31TEH_20201105_0_L2A;S2B_31TEH_20201105_1_L2A;S2B_31TEJ_20201105_0_L2A;S2B_31TEJ_20201105_1_L2A;S2B_31TFH_20201105_0_L2A;S2B_31TFH_20201105_1_L2A;S2B_31TFJ_20201105_0_L2A;S2B_31TFJ_20201105_1_L2A,1.0,0.0013,0.9987,0.0706,0.2227,otsu,0.58,0.0849,77071.7,20467.7,0.2659,989.9,19812.2,27282.1,-0.0701,0.0428,0.1359,0.0487,ok,2026-09-03T16:18:52+00:00
camargue,2020-11-08,6,S2B_31TEH_20201108_0_L2A;S2B_31TEH_20201108_1_L2A;S2B_31TFH_20201108_0_L2A;S2B_31TFH_20201108_1_L2A;S2B_31TFJ_20201108_0_L2A;S2B_31TFJ_20201108_1_L2A,1.0,0.2259,0.7741,0.0653,0.2773,otsu,0.398,0.0853,77071.7,22781.3,0.3818,839.4,21703.2,27630.9,-0.0925,0.0395,0.1283,0.044,nublado,2026-09-03T16:18:52+00:00
camargue,2020-11-10,8,S2A_31TEH_20201110_0_L2A;S2A_31TEH_20201110_1_L2A;S2A_31TEJ_20201110_0_L2A;S2A_31TEJ_20201110_1_L2A;S2A_31TFH_20201110_0_L2A;S2A_31TFH_20201110_1_L2A;S2A_31TFJ_20201110_0_L2A;S2A_31TFJ_20201110_1_L2A,1.0,0.7329,0.2671,0.079,0.1914,otsu,0.811,0.0761,77071.7,4485.8,0.2179,183.4,5273.0,17449.9,-0.0856,0.0606,0.1905,0.0858,nublado,2026-09-03T16:18:52+00:00
camargue,2020-11-18,8,S2B_31TEH_20201118_0_L2A;S2B_31TEH_20201118_1_L2A;S2B_31TEJ_20201118_0_L2A;S2B_31TEJ_20201118_1_L2A;S2B_31TFH_20201118_0_L2A;S2B_31TFH_20201118_1_L2A;S2B_31TFJ_20201118_0_L2A;S2B_31TFJ_20201118_1_L2A,1.0,0.0179,0.9821,0.051,0.2617,otsu,0.251,0.06,77071.7,22996.6,0.3038,1214.9,22291.8,28340.0,-0.1952,-0.0234,0.1258,0.0456,ok,2026-09-03T16:18:52+00:00
camargue,2020-11-20,8,S2A_31TEH_20201120_0_L2A;S2A_31TEH_20201120_1_L2A;S2A_31TEJ_20201120_0_L2A;S2A_31TEJ_20201120_1_L2A;S2A_31TFH_20201120_0_L2A;S2A_31TFH_20201120_1_L2A;S2A_31TFJ_20201120_0_L2A;S2A_31TFJ_20201120_1_L2A,1.0,0.04,0.96,0.0596,0.1758,otsu,1.002,0.0924,77071.7,22510.1,0.3042,1281.8,13046.9,28045.6,0.011,0.0457,0.0918,0.0157,ok,2026-09-03T16:20:49+00:00
camargue,2020-11-23,16,S2A_31TEH_20201123_0_L2A;S2A_31TEH_20201123_1_L2A;S2A_31TEH_20201123_2_L2A;S2A_31TEH_20201123_3_L2A;S2A_31TEJ_20201123_0_L2A;S2A_31TEJ_20201123_1_L2A;S2A_31TEJ_20201123_2_L2A;S2A_31TEJ_20201123_3_L2A;S2A_31TFH_20201123_0_L2A;S2A_31TFH_20201123_1_L2A;S2A_31TFH_20201123_2_L2A;S2A_31TFH_20201123_3_L2A;S2A_31TFJ_20201123_0_L2A;S2A_31TFJ_20201123_1_L2A;S2A_31TFJ_20201123_2_L2A;S2A_31TFJ_20201123_3_L2A,1.0,0.0016,0.9984,0.052,0.2305,otsu,0.326,0.0615,77071.7,22817.1,0.2965,909.8,21672.2,28801.8,-0.164,-0.0257,0.1142,0.0329,ok,2026-09-03T16:20:49+00:00
camargue,2020-11-30,8,S2A_31TEH_20201130_0_L2A;S2A_31TEH_20201130_1_L2A;S2A_31TEJ_20201130_0_L2A;S2A_31TEJ_20201130_1_L2A;S2A_31TFH_20201130_0_L2A;S2A_31TFH_20201130_1_L2A;S2A_31TFJ_20201130_0_L2A;S2A_31TFJ_20201130_1_L2A,1.0,0.0012,0.9988,0.0584,0.2305,otsu,0.569,0.0759,77071.7,23245.6,0.302,913.3,21963.4,29349.3,-0.0891,0.0118,0.1126,0.0352,ok,2026-09-03T16:20:49+00:00
camargue,2020-12-03,5,S2A_31TEH_20201203_1_L2A;S2A_31TFH_20201203_0_L2A;S2A_31TFH_20201203_1_L2A;S2A_31TFJ_20201203_0_L2A;S2A_31TFJ_20201203_1_L2A,1.0,0.5998,0.4002,0.066,0.2617,otsu,0.308,0.0819,77071.7,12985.6,0.421,189.6,12544.6,16121.8,-0.1004,-0.0172,0.0685,0.021,nublado,2026-09-03T16:20:49+00:00
camargue,2020-12-13,8,S2A_31TEH_20201213_0_L2A;S2A_31TEH_20201213_1_L2A;S2A_31TEJ_20201213_0_L2A;S2A_31TEJ_20201213_1_L2A;S2A_31TFH_20201213_0_L2A;S2A_31TFH_20201213_1_L2A;S2A_31TFJ_20201213_0_L2A;S2A_31TFJ_20201213_1_L2A,1.0,0.581,0.419,0.0596,0.1133,otsu,0.695,0.0558,77071.7,8741.9,0.2707,183.0,8293.4,10845.8,-0.0789,-0.0155,0.0621,0.0133,nublado,2026-09-03T16:20:49+00:00
camargue,2020-12-15,1,S2B_31TEH_20201215_0_L2A,0.0,0.0,0.0,,0.0,fijo,,,77071.7,0.0,0.0,0.0,0.0,0.0,,,,,sin_datos,2026-09-03T16:20:49+00:00
camargue,2020-12-18,4,S2B_31TEH_20201218_0_L2A;S2B_31TEH_20201218_1_L2A;S2B_31TFH_20201218_0_L2A;S2B_31TFH_20201218_1_L2A,0.0007,0.9594,0.0,0.1315,0.0,fijo,,,77071.7,1.0,0.4615,0.3,1.6,1.1,-0.058,-0.011,0.0115,0.0,sin_datos,2026-09-03T16:20:49+00:00
camargue,2020-12-25,8,S2B_31TEH_20201225_0_L2A;S2B_31TEH_20201225_1_L2A;S2B_31TEJ_20201225_0_L2A;S2B_31TEJ_20201225_1_L2A;S2B_31TFH_20201225_0_L2A;S2B_31TFH_20201225_1_L2A;S2B_31TFJ_20201225_0_L2A;S2B_31TFJ_20201225_1_L2A,1.0,0.4506,0.5494,0.0737,0.2695,otsu,0.557,0.0806,77071.7,17929.9,0.4235,451.4,17606.1,22071.8,-0.0918,0.0216,0.1111,0.0342,nublado,2026-09-03T16:20:49+00:00
camargue,2020-12-28,6,S2B_31TEH_20201228_0_L2A;S2B_31TEH_20201228_1_L2A;S2B_31TEJ_20201228_0_L2A;S2B_31TEJ_20201228_1_L2A;S2B_31TFJ_20201228_0_L2A;S2B_31TFJ_20201228_1_L2A,1.0,0.1002,0.8998,0.0491,0.2305,otsu,0.424,0.0746,77071.7,23328.8,0.3364,591.5,22195.4,27509.1,-0.0898,-0.0028,0.0987,0.0237,ok,2026-09-03T16:20:49+00:00
camargue,2020-12-30,8,S2A_31TEH_20201230_0_L2A;S2A_31TEH_20201230_1_L2A;S2A_31TEJ_20201230_0_L2A;S2A_31TEJ_20201230_1_L2A;S2A_31TFH_20201230_0_L2A;S2A_31TFH_20201230_1_L2A;S2A_31TFJ_20201230_0_L2A;S2A_31TFJ_20201230_1_L2A,1.0,0.0052,0.9948,0.0482,0.2383,otsu,0.423,0.0655,77071.7,24579.0,0.3206,771.7,23657.8,30382.2,-0.1288,-0.0035,0.1253,0.0389,ok,2026-09-03T16:20:49+00:00
camargue,2021-01-04,3,S2B_31TEH_20210104_0_L2A;S2B_31TEH_20210104_1_L2A;S2B_31TFH_20210104_0_L2A,0.0007,1.0,0.0,,0.0,fijo,,,77071.7,0.0,0.0,0.0,0.0,0.0,,,,,sin_datos,2026-09-03T16:20:49+00:00
camargue,2021-01-07,6,S2B_31TEJ_20210107_0_L2A;S2B_31TEJ_20210107_1_L2A;S2B_31TFH_20210107_0_L2A;S2B_31TFH_20210107_1_L2A;S2B_31TFJ_20210107_0_L2A;S2B_31TFJ_20210107_1_L2A,1.0,0.4414,0.5586,0.0496,0.2227,otsu,0.381,0.0619,77071.7,8864.8,0.2059,446.2,8220.5,10617.1,-0.1748,-0.0374,0.1119,0.0297,nublado,2026-09-03T16:20:49+00:00
camargue,2021-01-09,3,S2A_31TEJ_20210109_0_L2A;S2A_31TFJ_20210109_0_L2A;S2A_31TFJ_20210109_1_L2A,1.0,0.0966,0.9034,0.0533,0.1289,otsu,0.715,0.0749,77071.7,23528.3,0.3379,338.1,20567.4,27899.7,-0.0397,0.0255,0.0969,0.0193,ok,2026-09-03T16:22:42+00:00
camargue,2021-01-12,6,S2A_31TEH_20210112_0_L2A;S2A_31TEH_20210112_1_L2A;S2A_31TFH_20210112_0_L2A;S2A_31TFH_20210112_1_L2A;S2A_31TFJ_20210112_0_L2A;S2A_31TFJ_20210112_1_L2A,1.0,0.9988,0.0012,0.033,-0.1523,otsu,,,77071.7,6.4,0.0693,1.0,1.1,1.6,0.0123,0.0279,0.042,0.0,nublado,2026-09-03T16:22:42+00:00
camargue,2021-01-14,8,S2B_31TEH_20210114_0_L2A;S2B_31TEH_20210114_1_L2A;S2B_31TEJ_20210114_0_L2A;S2B_31TEJ_20210114_1_L2A;S2B_31TFH_20210114_0_L2A;S2B_31TFH_20210114_1_L2A;S2B_31TFJ_20210114_0_L2A;S2B_31TFJ_20210114_1_L2A,1.0,0.0021,0.9979,0.0651,0.2227,otsu,0.543,0.0873,77071.7,23797.6,0.3094,680.6,22287.0,29740.3,-0.0759,0.0067,0.1097,0.027,ok,2026-09-03T16:22:42+00:00
camargue,2021-01-17,6,S2B_31TEJ_20210117_0_L2A;S2B_31TEJ_20210117_1_L2A;S2B_31TFH_20210117_0_L2A;S2B_31TFH_20210117_1_L2A;S2B_31TFJ_20210117_0_L2A;S2B_31TFJ_20210117_1_L2A,1.0,0.1778,0.8222,0.0657,0.2539,otsu,0.391,0.0849,77071.7,21540.3,0.3399,548.0,20755.7,26584.8,-0.1254,-0.0122,0.1067,0.0318,ok,2026-09-03T16:22:42+00:00
camargue,2021-01-19,8,S2A_31TEH_20210119_0_L2A;S2A_31TEH_20210119_1_L2A;S2A_31TEJ_20210119_0_L2A;S2A_31TEJ_20210119_1_L2A;S2A_31TFH_20210119_0_L2A;S2A_31TFH_20210119_1_L2A;S2A_31TFJ_20210119_0_L2A;S2A_31TFJ_20210119_1_L2A,1.0,0.0019,0.9981,0.0609,0.2461,otsu,0.352,0.0748,77071.7,23354.2,0.3036,559.4,22446.6,29610.4,-0.1429,-0.0089,0.1164,0.0423,ok,2026-09-03T16:22:42+00:00
camargue,2021-01-24,8,S2B_31TEH_20210124_0_L2A;S2B_31TEH_20210124_1_L2A;S2B_31TEJ_20210124_0_L2A;S2B_31TEJ_20210124_1_L2A;S2B_31TFH_20210124_0_L2A;S2B_31TFH_20210124_1_L2A;S2B_31TFJ_20210124_0_L2A;S2B_31TFJ_20210124_1_L2A,1.0,0.0046,0.9954,0.0569,0.2461,otsu,0.5,0.0805,77071.7,24757.4,0.3227,811.0,23260.0,29987.4,-0.099,-0.0021,0.1257,0.0393,ok,2026-09-03T16:22:42+00:00
camargue,2021-01-27,8,S2B_31TEH_20210127_0_L2A;S2B_31TEH_20210127_1_L2A;S2B_31TEJ_20210127_0_L2A;S2B_31TEJ_20210127_1_L2A;S2B_31TFH_20210127_0_L2A;S2B_31TFH_20210127_1_L2A;S2B_31TFJ_20210127_0_L2A;S2B_31TFJ_20210127_1_L2A,1.0,0.0677,0.9323,0.0686,0.1914,otsu,0.319,0.088,77071.7,22224.3,0.3093,516.2,21228.6,26325.0,-0.1481,-0.0092,0.1084,0.034,ok,2026-09-03T16:22:42+00:00
camargue,2021-01-29,6,S2A_31TEH_20210129_0_L2A;S2A_31TEH_20210129_1_L2A;S2A_31TEJ_20210129_0_L2A;S2A_31TEJ_20210129_1_L2A;S2A_31TFH_20210129_0_L2A;S2A_31TFH_20210129_1_L2A,0.0423,0.0021,0.0422,0.0537,0.1836,otsu,0.408,0.0609,77071.7,870.2,0.2678,50.6,775.0,1033.3,-0.0871,0.032,0.1642,0.0373,sin_datos,2026-09-03T16:22:42+00:00
camargue,2021-02-01,3,S2A_31TEH_20210201_0_L2A;S2A_31TEH_20210201_1_L2A;S2A_31TEJ_20210201_0_L2A,0.0416,0.8089,0.008,0.071,0.1914,otsu,0.813,0.041,77071.7,130.2,0.2103,1.3,103.7,167.7,-0.0353,0.0381,0.1085,0.0037,sin_datos,2026-09-03T16:22:42+00:00
camargue,2021-02-03,3,S2B_31TEH_20210203_0_L2A;S2B_31TFH_20210203_0_L2A;S2B_31TFH_20210203_1_L2A,0.0007,1.0,0.0,,0.0,fijo,,,77071.7,0.0,0.0,0.0,0.0,0.0,,,,,sin_datos,2026-09-03T16:22:42+00:00
camargue,2021-02-11,8,S2A_31TEH_20210211_0_L2A;S2A_31TEH_20210211_1_L2A;S2A_31TEJ_20210211_0_L2A;S2A_31TEJ_20210211_1_L2A;S2A_31TFH_20210211_0_L2A;S2A_31TFH_20210211_1_L2A;S2A_31TFJ_20210211_0_L2A;S2A_31TFJ_20210211_1_L2A,1.0,0.0011,0.9989,0.0494,0.207,otsu,0.456,0.0702,77071.7,25460.6,0.3307,609.4,24084.3,30046.7,-0.1007,-0.0068,0.1203,0.0375,ok,2026-09-03T16:25:13+00:00
camargue,2021-02-13,8,S2B_31TEH_20210213_0_L2A;S2B_31TEH_20210213_1_L2A;S2B_31TEJ_20210213_0_L2A;S2B_31TEJ_20210213_1_L2A;S2B_31TFH_20210213_0_L2A;S2B_31TFH_20210213_1_L2A;S2B_31TFJ_20210213_0_L2A;S2B_31TFJ_20210213_1_L2A,1.0,0.0189,0.9811,0.0614,0.2461,otsu,0.504,0.0801,77071.7,25204.3,0.3333,588.6,23908.0,29623.7,-0.0884,0.0036,0.1154,0.0296,ok,2026-09-03T16:22:42+00:00
camargue,2021-02-21,5,S2A_31TEJ_20210221_0_L2A;S2A_31TFH_20210221_0_L2A;S2A_31TFH_20210221_1_L2A;S2A_31TFJ_20210221_0_L2A;S2A_31TFJ_20210221_1_L2A,1.0,0.0111,0.9889,0.0626,0.1758,otsu,0.739,0.0874,77071.7,24894.6,0.3266,660.3,21568.6,29297.9,-0.0174,0.0368,0.114,0.026,ok,2026-09-03T16:22:42+00:00
camargue,2021-02-23,8,S2B_31TEH_20210223_0_L2A;S2B_31TEH_20210223_1_L2A;S2B_31TEJ_20210223_0_L2A;S2B_31TEJ_20210223_1_L2A;S2B_31TFH_20210223_0_L2A;S2B_31TFH_20210223_1_L2A;S2B_31TFJ_20210223_0_L2A;S2B_31TFJ_20210223_1_L2A,1.0,0.0039,0.9961,0.0583,0.0664,otsu,0.457,0.0702,77071.7,25713.4,0.3349,515.0,23053.9,29173.9,-0.1155,0.0318,0.1473,0.0226,ok,2026-09-03T16:25:13+00:00
camargue,2021-02-26,8,S2B_31TEH_20210226_0_L2A;S2B_31TEH_20210226_1_L2A;S2B_31TEJ_20210226_0_L2A;S2B_31TEJ_20210226_3_L2A;S2B_31TFH_20210226_0_L2A;S2B_31TFH_20210226_1_L2A;S2B_31TFJ_20210226_0_L2A;S2B_31TFJ_20210226_3_L2A,1.0,0.4517,0.5483,0.0756,0.168,otsu,0.587,0.0791,77071.7,10661.3,0.2523,355.5,9646.7,12543.5,-0.0919,0.0362,0.1271,0.0256,nublado,2026-09-03T16:25:13+00:00
camargue,2021-02-28,6,S2A_31TEJ_20210228_0_L2A;S2A_31TEJ_20210228_1_L2A;S2A_31TFH_20210228_0_L2A;S2A_31TFH_20210228_1_L2A;S2A_31TFJ_20210228_0_L2A;S2A_31TFJ_20210228_1_L2A,1.0,0.4532,0.5468,0.086,0.207,otsu,0.663,0.0877,77071.7,13973.1,0.3316,291.5,13313.4,18326.2,-0.0751,0.0417,0.1243,0.0225,nublado,2026-09-03T16:25:13+00:00
camargue,2021-03-05,7,S2B_31TEH_20210305_1_L2A;S2B_31TEJ_20210305_0_L2A;S2B_31TEJ_20210305_1_L2A;S2B_31TFH_20210305_0_L2A;S2B_31TFH_20210305_1_L2A;S2B_31TFJ_20210305_0_L2A;S2B_31TFJ_20210305_1_L2A,1.0,0.0928,0.9072,0.0728,0.1758,otsu,0.377,0.0741,77071.7,22936.2,0.328,384.2,21772.2,26952.8,-0.1409,0.0003,0.1096,0.0103,ok,2026-09-03T16:25:13+00:00
camargue,2021-03-08,4,S2B_31TEJ_20210308_0_L2A;S2B_31TEJ_20210308_1_L2A;S2B_31TFJ_20210308_0_L2A;S2B_31TFJ_20210308_1_L2A,1.0,0.3926,0.6074,0.0862,0.1055,otsu,0.67,0.1079,77071.7,10535.7,0.225,498.7,9077.8,10977.4,-0.0674,0.0217,0.085,0.0003,nublado,2026-09-03T16:25:13+00:00
camargue,2021-03-10,8,S2A_31TEH_20210310_0_L2A;S2A_31TEH_20210310_1_L2A;S2A_31TEJ_20210310_0_L2A;S2A_31TEJ_20210310_1_L2A;S2A_31TFH_20210310_0_L2A;S2A_31TFH_20210310_1_L2A;S2A_31TFJ_20210310_0_L2A;S2A_31TFJ_20210310_1_L2A,1.0,0.0031,0.9969,0.0608,0.2227,otsu,0.587,0.0774,77071.7,22754.4,0.2962,582.1,21584.3,28317.4,-0.0562,0.004,0.1018,0.0255,ok,2026-09-03T16:25:13+00:00
camargue,2021-03-13,7,S2A_31TEH_20210313_0_L2A;S2A_31TEH_20210313_1_L2A;S2A_31TEJ_20210313_0_L2A;S2A_31TEJ_20210313_1_L2A;S2A_31TFH_20210313_0_L2A;S2A_31TFH_20210313_1_L2A;S2A_31TFJ_20210313_0_L2A,1.0,0.2509,0.7491,0.0676,0.1914,otsu,0.58,0.0725,77071.7,11856.3,0.2054,304.2,10952.8,14649.0,-0.0553,0.0341,0.1285,0.038,nublado,2026-09-03T16:25:13+00:00
camargue,2021-03-15,8,S2B_31TEH_20210315_0_L2A;S2B_31TEH_20210315_1_L2A;S2B_31TEJ_20210315_0_L2A;S2B_31TEJ_20210315_1_L2A;S2B_31TFH_20210315_0_L2A;S2B_31TFH_20210315_1_L2A;S2B_31TFJ_20210315_0_L2A;S2B_31TFJ_20210315_1_L2A,1.0,0.0237,0.9763,0.0752,0.1914,otsu,0.683,0.0898,77071.7,22409.0,0.2978,479.0,19757.4,26961.3,-0.0147,0.0288,0.0881,0.016,ok,2026-09-03T16:25:13+00:00
camargue,2021-03-18,4,S2B_31TFH_20210318_0_L2A;S2B_31TFH_20210318_1_L2A;S2B_31TFJ_20210318_0_L2A;S2B_31TFJ_20210318_1_L2A,1.0,0.4522,0.5478,0.0846,0.1367,otsu,1.034,0.1072,77071.7,12098.9,0.2866,206.6,5479.7,13259.7,0.0223,0.0377,0.067,0.0115,nublado,2026-09-03T16:25:13+00:00
camargue,2021-03-20,8,S2A_31TEH_20210320_0_L2A;S2A_31TEH_20210320_1_L2A;S2A_31TEJ_20210320_0_L2A;S2A_31TEJ_20210320_1_L2A;S2A_31TFH_20210320_0_L2A;S2A_31TFH_20210320_1_L2A;S2A_31TFJ_20210320_0_L2A;S2A_31TFJ_20210320_1_L2A,1.0,0.0031,0.9969,0.0769,0.207,otsu,0.939,0.0968,77071.7,22968.0,0.2989,467.4,14491.2,27666.7,0.0043,0.0345,0.076,0.0115,ok,2026-09-03T16:25:13+00:00
camargue,2021-03-23,12,S2A_31TEH_20210323_0_L2A;S2A_31TEH_20210323_1_L2A;S2A_31TEH_20210323_2_L2A;S2A_31TEJ_20210323_0_L2A;S2A_31TEJ_20210323_1_L2A;S2A_31TEJ_20210323_2_L2A;S2A_31TFH_20210323_0_L2A;S2A_31TFH_20210323_1_L2A;S2A_31TFH_20210323_2_L2A;S2A_31TFJ_20210323_0_L2A;S2A_31TFJ_20210323_1_L2A;S2A_31TFJ_20210323_2_L2A,1.0,0.2508,0.7492,0.0797,0.2148,otsu,0.744,0.1006,77071.7,17324.8,0.3,197.6,16438.4,21303.7,-0.017,0.0299,0.0752,0.011,nublado,2026-09-03T16:27:17+00:00
camargue,2021-03-25,8,S2B_31TEH_20210325_0_L2A;S2B_31TEH_20210325_1_L2A;S2B_31TEJ_20210325_0_L2A;S2B_31TEJ_20210325_1_L2A;S2B_31TFH_20210325_0_L2A;S2B_31TFH_20210325_1_L2A;S2B_31TFJ_20210325_0_L2A;S2B_31TFJ_20210325_1_L2A,1.0,0.0033,0.9967,0.0704,0.2383,otsu,0.299,0.0706,77071.7,22440.8,0.2921,333.6,21563.7,27595.4,-0.1663,-0.0207,0.0944,0.0164,ok,2026-09-03T16:25:13+00:00
camargue,2021-03-28,8,S2B_31TEH_20210328_0_L2A;S2B_31TEH_20210328_1_L2A;S2B_31TEJ_20210328_0_L2A;S2B_31TEJ_20210328_1_L2A;S2B_31TFH_20210328_0_L2A;S2B_31TFH_20210328_1_L2A;S2B_31TFJ_20210328_0_L2A;S2B_31TFJ_20210328_1_L2A,1.0,0.0364,0.9636,0.0675,0.2461,otsu,0.331,0.0719,77071.7,21951.8,0.2956,365.9,20967.0,27167.2,-0.1578,-0.0075,0.113,0.025,ok,2026-09-03T16:27:17+00:00
camargue,2021-03-30,12,S2A_31TEH_20210330_0_L2A;S2A_31TEH_20210330_1_L2A;S2A_31TEH_20210330_2_L2A;S2A_31TEJ_20210330_0_L2A;S2A_31TEJ_20210330_1_L2A;S2A_31TEJ_20210330_2_L2A;S2A_31TFH_20210330_0_L2A;S2A_31TFH_20210330_1_L2A;S2A_31TFH_20210330_2_L2A;S2A_31TFJ_20210330_0_L2A;S2A_31TFJ_20210330_1_L2A;S2A_31TFJ_20210330_2_L2A,1.0,0.0027,0.9973,0.0638,0.2227,otsu,0.31,0.0605,77071.7,21872.2,0.2846,370.9,20823.7,27365.3,-0.1683,-0.0103,0.1154,0.0235,ok,2026-09-03T16:27:17+00:00
camargue,2021-04-02,8,S2A_31TEH_20210402_0_L2A;S2A_31TEH_20210402_1_L2A;S2A_31TEJ_20210402_0_L2A;S2A_31TEJ_20210402_1_L2A;S2A_31TFH_20210402_0_L2A;S2A_31TFH_20210402_1_L2A;S2A_31TFJ_20210402_0_L2A;S2A_31TFJ_20210402_1_L2A,1.0,0.0309,0.9691,0.0667,0.0898,otsu,0.53,0.0681,77071.7,21519.0,0.2881,433.3,19316.6,25131.8,-0.1073,0.0004,0.0887,0.0059,ok,2026-09-03T16:27:17+00:00
camargue,2021-04-04,8,S2B_31TEH_20210404_0_L2A;S2B_31TEH_20210404_1_L2A;S2B_31TEJ_20210404_0_L2A;S2B_31TEJ_20210404_1_L2A;S2B_31TFH_20210404_0_L2A;S2B_31TFH_20210404_1_L2A;S2B_31TFJ_20210404_0_L2A;S2B_31TFJ_20210404_1_L2A,1.0,0.8163,0.1837,0.1225,0.1992,otsu,0.731,0.1144,77071.7,5800.5,0.4096,42.9,5731.2,7506.1,-0.0598,0.028,0.0792,0.0032,nublado,2026-09-03T16:27:17+00:00
camargue,2021-04-07,8,S2B_31TEH_20210407_0_L2A;S2B_31TEH_20210407_1_L2A;S2B_31TEJ_20210407_0_L2A;S2B_31TEJ_20210407_1_L2A;S2B_31TFH_20210407_0_L2A;S2B_31TFH_20210407_1_L2A;S2B_31TFJ_20210407_0_L2A;S2B_31TFJ_20210407_1_L2A,1.0,0.082,0.918,0.0908,0.1289,otsu,1.008,0.1224,77071.7,21157.0,0.299,525.1,9935.5,22203.2,0.0204,0.0268,0.0569,0.0034,ok,2026-09-03T16:27:17+00:00
camargue,2021-04-09,1,S2A_31TFH_20210409_0_L2A,0.0007,1.0,0.0,,0.0,fijo,,,77071.7,0.0,0.0,0.0,0.0,0.0,,,,,sin_datos,2026-09-03T16:27:17+00:00
camargue,2021-04-12,8,S2A_31TEH_20210412_0_L2A;S2A_31TEH_20210412_1_L2A;S2A_31TEJ_20210412_0_L2A;S2A_31TEJ_20210412_1_L2A;S2A_31TFH_20210412_0_L2A;S2A_31TFH_20210412_1_L2A;S2A_31TFJ_20210412_0_L2A;S2A_31TFJ_20210412_1_L2A,1.0,0.2078,0.7922,0.0756,0.0977,otsu,0.978,0.1144,77071.7,18867.2,0.309,529.8,10510.2,20539.8,0.0167,0.0344,0.0683,0.0008,nublado,2026-09-03T16:27:17+00:00
camargue,2021-04-14,8,S2B_31TEH_20210414_0_L2A;S2B_31TEH_20210414_1_L2A;S2B_31TEJ_20210414_0_L2A;S2B_31TEJ_20210414_1_L2A;S2B_31TFH_20210414_0_L2A;S2B_31TFH_20210414_1_L2A;S2B_31TFJ_20210414_0_L2A;S2B_31TFJ_20210414_1_L2A,1.0,0.121,0.879,0.085,0.2305,otsu,0.63,0.0986,77071.7,19026.9,0.2809,273.8,17608.2,23485.8,-0.0412,0.0269,0.0851,0.0064,ok,2026-09-03T16:27:17+00:00
camargue,2021-04-17,1,S2B_31TEJ_20210417_0_L2A,0.0416,1.002,0.0,,0.0,fijo,,,77071.7,0.0,0.0,0.0,0.0,0.0,,,,,sin_datos,2026-09-03T16:27:17+00:00
camargue,2021-04-19,12,S2A_31TEH_20210419_0_L2A;S2A_31TEH_20210419_1_L2A;S2A_31TEH_20210419_2_L2A;S2A_31TEJ_20210419_0_L2A;S2A_31TEJ_20210419_1_L2A;S2A_31TEJ_20210419_2_L2A;S2A_31TFH_20210419_0_L2A;S2A_31TFH_20210419_1_L2A;S2A_31TFH_20210419_2_L2A;S2A_31TFJ_20210419_0_L2A;S2A_31TFJ_20210419_1_L2A;S2A_31TFJ_20210419_2_L2A,1.0,0.0073,0.9927,0.077,0.2305,otsu,0.487,0.0857,77071.7,22845.8,0.2986,397.3,21340.5,27456.6,-0.0697,0.0138,0.0997,0.0081,ok,2026-09-03T16:27:17+00:00
camargue,2021-04-22,8,S2A_31TEH_20210422_0_L2A;S2A_31TEH_20210422_1_L2A;S2A_31TEJ_20210422_0_L2A;S2A_31TEJ_20210422_1_L2A;S2A_31TFH_20210422_0_L2A;S2A_31TFH_20210422_1_L2A;S2A_31TFJ_20210422_0_L2A;S2A_31TFJ_20210422_1_L2A,1.0,0.1488,0.8512,0.0643,0.1992,otsu,0.297,0.0628,77071.7,19658.6,0.2997,462.6,18329.3,22527.7,-0.1431,-0.0163,0.1043,0.0097,ok,2026-09-03T16:27:17+00:00
camargue,2021-04-24,8,S2B_31TEH_20210424_0_L2A;S2B_31TEH_20210424_1_L2A;S2B_31TEJ_20210424_0_L2A;S2B_31TEJ_20210424_1_L2A;S2B_31TFH_20210424_0_L2A;S2B_31TFH_20210424_1_L2A;S2B_31TFJ_20210424_0_L2A;S2B_31TFJ_20210424_1_L2A,1.0,0.0249,0.9751,0.0737,0.2227,otsu,0.347,0.069,77071.7,22242.9,0.296,617.1,20706.9,26576.0,-0.1383,-0.0124,0.1008,0.0096,ok,2026-09-03T16:29:34+00:00
camargue,2021-04-29,2,S2A_31TFH_20210429_0_L2A;S2A_31TFH_20210429_1_L2A,0.0007,0.1406,0.0006,0.0749,0.0,fijo,1.055,0.0683,77071.7,18.4,0.4182,2.2,14.1,27.7,-0.0825,0.0174,0.0644,0.0,sin_datos,2026-09-03T16:29:34+00:00
camargue,2021-05-02,8,S2A_31TEH_20210502_0_L2A;S2A_31TEH_20210502_1_L2A;S2A_31TEJ_20210502_0_L2A;S2A_31TEJ_20210502_1_L2A;S2A_31TFH_20210502_0_L2A;S2A_31TFH_20210502_1_L2A;S2A_31TFJ_20210502_0_L2A;S2A_31TFJ_20210502_1_L2A,1.0,0.2347,0.7653,0.0698,0.0664,otsu,0.546,0.0954,77071.7,23288.6,0.3948,1269.1,20308.0,23105.8,-0.0618,0.0158,0.0921,0.0044,nublado,2026-09-03T16:29:34+00:00
camargue,2021-05-04,6,S2B_31TEH_20210504_0_L2A;S2B_31TEH_20210504_1_L2A;S2B_31TFH_20210504_0_L2A;S2B_31TFH_20210504_1_L2A;S2B_31TFJ_20210504_0_L2A;S2B_31TFJ_20210504_1_L2A,1.0,0.7112,0.2888,0.0712,0.2148,otsu,0.471,0.0785,77071.7,9543.8,0.4287,165.6,8960.5,11272.6,-0.0792,0.0259,0.1198,0.0203,nublado,2026-09-03T16:29:34+00:00
camargue,2021-05-07,7,S2B_31TEH_20210507_0_L2A;S2B_31TEH_20210507_1_L2A;S2B_31TEJ_20210507_0_L2A;S2B_31TFH_20210507_0_L2A;S2B_31TFH_20210507_1_L2A;S2B_31TFJ_20210507_0_L2A;S2B_31TFJ_20210507_1_L2A,1.0,0.6928,0.3072,0.0826,0.0977,otsu,0.542,0.0951,77071.7,8849.0,0.3737,246.1,8515.0,9817.9,-0.0765,0.0104,0.0863,0.0067,nublado,2026-09-03T16:29:34+00:00
camargue,2021-05-09,8,S2A_31TEH_20210509_0_L2A;S2A_31TEH_20210509_1_L2A;S2A_31TEJ_20210509_0_L2A;S2A_31TEJ_20210509_1_L2A;S2A_31TFH_20210509_0_L2A;S2A_31TFH_20210509_1_L2A;S2A_31TFJ_20210509_0_L2A;S2A_31TFJ_20210509_1_L2A,1.0,0.0236,0.9764,0.0798,0.082,otsu,0.888,0.1089,77071.7,24604.2,0.327,1040.2,17910.9,25912.0,0.0108,0.0454,0.0937,0.0051,ok,2026-09-03T16:29:34+00:00
camargue,2021-05-12,8,S2A_31TEH_20210512_0_L2A;S2A_31TEH_20210512_1_L2A;S2A_31TEJ_20210512_0_L2A;S2A_31TEJ_20210512_1_L2A;S2A_31TFH_20210512_0_L2A;S2A_31TFH_20210512_1_L2A;S2A_31TFJ_20210512_0_L2A;S2A_31TFJ_20210512_1_L2A,1.0,0.0034,0.9966,0.0642,0.1133,otsu,0.508,0.0958,77071.7,25980.2,0.3382,1348.0,22892.2,27996.2,-0.0555,0.0241,0.1085,0.0106,ok,2026-09-03T16:29:34+00:00
camargue,2021-05-14,8,S2B_31TEH_20210514_0_L2A;S2B_31TEH_20210514_1_L2A;S2B_31TEJ_20210514_0_L2A;S2B_31TEJ_20210514_1_L2A;S2B_31TFH_20210514_0_L2A;S2B_31TFH_20210514_1_L2A;S2B_31TFJ_20210514_0_L2A;S2B_31TFJ_20210514_1_L2A,1.0,0.0816,0.9184,0.0815,0.1445,otsu,0.698,0.1058,77071.7,24348.0,0.344,987.5,21543.4,26909.4,-0.0143,0.0355,0.094,0.0062,ok,2026-09-03T16:29:34+00:00
camargue,2021-05-17,4,S2B_31TEH_20210517_0_L2A;S2B_31TEH_20210517_1_L2A;S2B_31TEJ_20210517_0_L2A;S2B_31TFJ_20210517_0_L2A,1.0,0.6675,0.3325,0.074,0.0195,otsu,0.84,0.1028,77071.7,4838.4,0.1888,1008.5,3088.0,3896.6,-0.0208,0.0497,0.1022,0.0,nublado,2026-09-03T16:29:34+00:00
camargue,2021-05-19,8,S2A_31TEH_20210519_0_L2A;S2A_31TEH_20210519_1_L2A;S2A_31TEJ_20210519_0_L2A;S2A_31TEJ_20210519_1_L2A;S2A_31TFH_20210519_0_L2A;S2A_31TFH_20210519_1_L2A;S2A_31TFJ_20210519_0_L2A;S2A_31TFJ_20210519_1_L2A,1.0,0.9151,0.0849,0.0786,0.043,otsu,0.713,0.0947,77071.7,748.3,0.1143,197.0,451.5,598.6,-0.0192,0.0521,0.114,0.0021,nublado,2026-09-03T16:29:34+00:00
camargue,2021-05-24,8,S2B_31TEH_20210524_0_L2A;S2B_31TEH_20210524_1_L2A;S2B_31TEJ_20210524_0_L2A;S2B_31TEJ_20210524_1_L2A;S2B_31TFH_20210524_0_L2A;S2B_31TFH_20210524_1_L2A;S2B_31TFJ_20210524_0_L2A;S2B_31TFJ_20210524_1_L2A,1.0,0.0057,0.9943,0.0687,0.2305,otsu,0.403,0.075,77071.7,24763.7,0.3232,1409.8,22016.0,28043.7,-0.0897,0.0124,0.1245,0.0204,ok,2026-09-03T16:29:34+00:00
camargue,2021-05-27,16,S2B_31TEH_20210527_0_L2A;S2B_31TEH_20210527_1_L2A;S2B_31TEH_20210527_2_L2A;S2B_31TEH_20210527_3_L2A;S2B_31TEJ_20210527_0_L2A;S2B_31TEJ_20210527_1_L2A;S2B_31TEJ_20210527_2_L2A;S2B_31TEJ_20210527_3_L2A;S2B_31TFH_20210527_0_L2A;S2B_31TFH_20210527_1_L2A;S2B_31TFH_20210527_2_L2A;S2B_31TFH_20210527_3_L2A;S2B_31TFJ_20210527_0_L2A;S2B_31TFJ_20210527_1_L2A;S2B_31TFJ_20210527_2_L2A;S2B_31TFJ_20210527_3_L2A,1.0,0.0426,0.9574,0.0819,0.0195,otsu,0.592,0.1232,77071.7,24618.2,0.3336,2669.8,19926.6,24024.3,-0.0448,0.0212,0.1022,0.0053,ok,2026-09-03T16:31:19+00:00
camargue,2021-06-01,2,S2A_31TFJ_20210601_0_L2A;S2A_31TFJ_20210601_1_L2A,1.0,0.4256,0.5744,0.0786,-0.043,otsu,0.708,0.129,77071.7,9948.0,0.2247,1986.1,7269.0,8930.7,-0.0161,0.0344,0.1103,0.001,nublado,2026-09-03T16:29:34+00:00
camargue,2021-06-03,8,S2B_31TEH_20210603_0_L2A;S2B_31TEH_20210603_1_L2A;S2B_31TEJ_20210603_0_L2A;S2B_31TEJ_20210603_1_L2A;S2B_31TFH_20210603_0_L2A;S2B_31TFH_20210603_1_L2A;S2B_31TFJ_20210603_0_L2A;S2B_31TFJ_20210603_1_L2A,1.0,0.0078,0.9922,0.0716,0.1367,otsu,0.421,0.0766,77071.7,24024.0,0.3141,2129.8,21080.5,26829.0,-0.0994,0.0153,0.129,0.0226,ok,2026-09-03T16:31:19+00:00
camargue,2021-06-06,1,S2B_31TFH_20210606_0_L2A,0.0007,0.625,0.0002,0.1272,0.0,fijo,,,77071.7,1.8,0.0917,0.3,0.8,4.5,-0.0449,0.0854,0.1256,0.0,sin_datos,2026-09-03T16:31:19+00:00
camargue,2021-06-08,8,S2A_31TEH_20210608_0_L2A;S2A_31TEH_20210608_1_L2A;S2A_31TEJ_20210608_0_L2A;S2A_31TEJ_20210608_1_L2A;S2A_31TFH_20210608_0_L2A;S2A_31TFH_20210608_1_L2A;S2A_31TFJ_20210608_0_L2A;S2A_31TFJ_20210608_1_L2A,1.0,0.5172,0.4828,0.0817,0.168,otsu,0.612,0.094,77071.7,12151.0,0.3266,763.0,11203.4,13801.3,-0.0297,0.0403,0.1097,0.0169,nublado,2026-09-03T16:31:19+00:00
camargue,2021-06-11,6,S2A_31TEJ_20210611_0_L2A;S2A_31TEJ_20210611_1_L2A;S2A_31TFH_20210611_0_L2A;S2A_31TFH_20210611_1_L2A;S2A_31TFJ_20210611_0_L2A;S2A_31TFJ_20210611_1_L2A,1.0,0.0476,0.9524,0.0797,-0.043,otsu,0.675,0.1175,77071.7,21893.9,0.2983,3767.4,17896.8,22823.7,-0.0322,0.0354,0.1158,0.0084,ok,2026-09-03T16:31:19+00:00
camargue,2021-06-13,8,S2B_31TEH_20210613_0_L2A;S2B_31TEH_20210613_1_L2A;S2B_31TEJ_20210613_0_L2A;S2B_31TEJ_20210613_1_L2A;S2B_31TFH_20210613_0_L2A;S2B_31TFH_20210613_1_L2A;S2B_31TFJ_20210613_0_L2A;S2B_31TFJ_20210613_1_L2A,1.0,0.2604,0.7396,0.0805,0.1367,otsu,0.55,0.0913,77071.7,15715.7,0.2757,2369.9,14181.3,16929.3,-0.0292,0.0306,0.116,0.0207,nublado,2026-09-03T16:31:19+00:00
camargue,2021-06-16,8,S2B_31TEH_20210616_0_L2A;S2B_31TEH_20210616_1_L2A;S2B_31TEJ_20210616_0_L2A;S2B_31TEJ_20210616_1_L2A;S2B_31TFH_20210616_0_L2A;S2B_31TFH_20210616_1_L2A;S2B_31TFJ_20210616_0_L2A;S2B_31TFJ_20210616_1_L2A,1.0,0.1476,0.8524,0.0845,-0.082,otsu,0.746,0.1233,77071.7,16161.8,0.246,4444.2,12935.7,17420.8,-0.0355,0.0381,0.1089,0.0073,ok,2026-09-03T16:31:19+00:00
camargue,2021-06-18,2,S2A_31TFH_20210618_1_L2A;S2A_31TFJ_20210618_0_L2A,1.0,1.0,0.0,,0.0,fijo,,,77071.7,0.0,0.0,0.0,0.0,0.0,,,,,nublado,2026-09-03T16:31:19+00:00
camargue,2021-06-21,8,S2A_31TEH_20210621_0_L2A;S2A_31TEH_20210621_1_L2A;S2A_31TEJ_20210621_0_L2A;S2A_31TEJ_20210621_1_L2A;S2A_31TFH_20210621_0_L2A;S2A_31TFH_20210621_1_L2A;S2A_31TFJ_20210621_0_L2A;S2A_31TFJ_20210621_1_L2A,1.0,0.4076,0.5924,0.0781,-0.0742,otsu,0.942,0.1246,77071.7,7533.4,0.165,2146.9,5533.8,8483.0,-0.0159,0.0462,0.107,0.0026,nublado,2026-09-03T16:31:19+00:00
camargue,2021-06-23,2,S2B_31TEJ_20210623_0_L2A;S2B_31TEJ_20210623_1_L2A,0.0416,0.263,0.0307,0.0768,0.168,otsu,0.505,0.0686,77071.7,555.2,0.2345,47.5,503.7,638.4,-0.0699,0.0565,0.1513,0.0352,sin_datos,2026-09-03T16:31:19+00:00
camargue,2021-06-26,8,S2B_31TEH_20210626_0_L2A;S2B_31TEH_20210626_1_L2A;S2B_31TEJ_20210626_0_L2A;S2B_31TEJ_20210626_1_L2A;S2B_31TFH_20210626_0_L2A;S2B_31TFH_20210626_1_L2A;S2B_31TFJ_20210626_0_L2A;S2B_31TFJ_20210626_1_L2A,1.0,0.3258,0.6742,0.0744,0.1133,otsu,0.495,0.0867,77071.7,11995.5,0.2309,1936.0,11352.6,13917.6,-0.1219,-0.0106,0.0865,0.0122,nublado,2026-09-03T16:31:19+00:00
camargue,2021-07-01,8,S2A_31TEH_20210701_0_L2A;S2A_31TEH_20210701_1_L2A;S2A_31TEJ_20210701_0_L2A;S2A_31TEJ_20210701_1_L2A;S2A_31TFH_20210701_0_L2A;S2A_31TFH_20210701_1_L2A;S2A_31TFJ_20210701_0_L2A;S2A_31TFJ_20210701_1_L2A,1.0,0.0473,0.9527,0.0797,-0.0508,otsu,0.707,0.1236,77071.7,19677.1,0.268,3121.0,16610.1,21951.8,-0.0344,0.0234,0.0862,0.0067,ok,2026-09-03T16:31:19+00:00
camargue,2021-07-03,5,S2B_31TEH_20210703_0_L2A;S2B_31TFH_20210703_0_L2A;S2B_31TFH_20210703_1_L2A;S2B_31TFJ_20210703_0_L2A;S2B_31TFJ_20210703_1_L2A,1.0,0.5198,0.4802,0.0847,0.1367,otsu,0.366,0.0816,77071.7,14251.5,0.385,436.8,13896.3,17712.5,-0.1271,0.0065,0.0999,0.0115,nublado,2026-09-03T16:33:44+00:00
camargue,2021-07-08,6,S2A_31TEH_20210708_0_L2A;S2A_31TEH_20210708_1_L2A;S2A_31TEJ_20210708_0_L2A;S2A_31TEJ_20210708_1_L2A;S2A_31TFJ_20210708_0_L2A;S2A_31TFJ_20210708_1_L2A,1.0,0.3125,0.6875,0.0774,0.1758,otsu,0.41,0.0794,77071.7,17320.5,0.3269,682.7,16522.1,21593.0,-0.0921,0.0199,0.1356,0.0424,nublado,2026-09-03T16:33:44+00:00
camargue,2021-07-11,8,S2A_31TEH_20210711_0_L2A;S2A_31TEH_20210711_1_L2A;S2A_31TEJ_20210711_0_L2A;S2A_31TEJ_20210711_1_L2A;S2A_31TFH_20210711_0_L2A;S2A_31TFH_20210711_1_L2A;S2A_31TFJ_20210711_0_L2A;S2A_31TFJ_20210711_1_L2A,1.0,0.0149,0.9851,0.0701,-0.0039,otsu,0.623,0.0957,77071.7,20894.1,0.2752,2208.0,18251.0,24249.0,-0.0433,0.0304,0.1097,0.0223,ok,2026-09-03T16:33:44+00:00
camargue,2021-07-13,8,S2B_31TEH_20210713_0_L2A;S2B_31TEH_20210713_1_L2A;S2B_31TEJ_20210713_0_L2A;S2B_31TEJ_20210713_1_L2A;S2B_31TFH_20210713_0_L2A;S2B_31TFH_20210713_1_L2A;S2B_31TFJ_20210713_0_L2A;S2B_31TFJ_20210713_1_L2A,1.0,0.3753,0.6247,0.0887,0.1289,otsu,0.5,0.1033,77071.7,13335.2,0.277,576.6,12989.8,15638.9,-0.0483,0.0128,0.0876,0.0148,nublado,2026-09-03T16:33:44+00:00
camargue,2021-07-16,8,S2B_31TEH_20210716_0_L2A;S2B_31TEH_20210716_1_L2A;S2B_31TEJ_20210716_0_L2A;S2B_31TEJ_20210716_1_L2A;S2B_31TFH_20210716_0_L2A;S2B_31TFH_20210716_1_L2A;S2B_31TFJ_20210716_0_L2A;S2B_31TFJ_20210716_1_L2A,1.0,0.073,0.927,0.0845,-0.0039,otsu,0.724,0.1231,77071.7,20177.0,0.2824,1453.1,17519.4,22846.1,-0.025,0.0307,0.0916,0.0039,ok,2026-09-03T16:33:44+00:00
camargue,2021-07-18,8,S2A_31TEH_20210718_0_L2A;S2A_31TEH_20210718_1_L2A;S2A_31TEJ_20210718_0_L2A;S2A_31TEJ_20210718_1_L2A;S2A_31TFH_20210718_0_L2A;S2A_31TFH_20210718_1_L2A;S2A_31TFJ_20210718_0_L2A;S2A_31TFJ_20210718_1_L2A,1.0,0.012,0.988,0.071,0.1992,otsu,0.612,0.0833,77071.7,20880.0,0.2742,1025.3,19699.7,25463.5,-0.0384,0.042,0.1283,0.0361,ok,2026-09-03T16:33:44+00:00
camargue,2021-07-21,12,S2A_31TEH_20210721_0_L2A;S2A_31TEH_20210721_1_L2A;S2A_31TEH_20210721_2_L2A;S2A_31TEJ_20210721_0_L2A;S2A_31TEJ_20210721_1_L2A;S2A_31TEJ_20210721_2_L2A;S2A_31TFH_20210721_0_L2A;S2A_31TFH_20210721_1_L2A;S2A_31TFH_20210721_2_L2A;S2A_31TFJ_20210721_0_L2A;S2A_31TFJ_20210721_1_L2A;S2A_31TFJ_20210721_2_L2A,1.0,0.7601,0.2399,0.0797,0.1367,otsu,0.606,0.0853,77071.7,5426.9,0.2935,469.6,4965.3,6431.4,-0.0333,0.0543,0.1491,0.0372,nublado,2026-09-03T16:33:44+00:00
camargue,2021-07-23,6,S2B_31TEH_20210723_0_L2A;S2B_31TEH_20210723_1_L2A;S2B_31TFH_20210723_0_L2A;S2B_31TFH_20210723_1_L2A;S2B_31TFJ_20210723_0_L2A;S2B_31TFJ_20210723_1_L2A,1.0,0.7041,0.2959,0.0739,0.0508,otsu,0.468,0.0803,77071.7,3770.1,0.1653,450.6,3447.8,4312.5,-0.0894,0.0085,0.1201,0.0224,nublado,2026-09-03T16:33:44+00:00
camargue,2021-07-26,7,S2B_31TEH_20210726_0_L2A;S2B_31TEH_20210726_1_L2A;S2B_31TEJ_20210726_0_L2A;S2B_31TEJ_20210726_1_L2A;S2B_31TFH_20210726_0_L2A;S2B_31TFH_20210726_1_L2A;S2B_31TFJ_20210726_0_L2A,1.0,0.4978,0.5022,0.0737,0.082,otsu,0.64,0.083,77071.7,9336.2,0.2412,1096.3,8511.0,11401.3,-0.0541,0.0529,0.1536,0.0534,nublado,2026-09-03T16:33:44+00:00
camargue,2021-07-28,8,S2A_31TEH_20210728_0_L2A;S2A_31TEH_20210728_1_L2A;S2A_31TEJ_20210728_0_L2A;S2A_31TEJ_20210728_1_L2A;S2A_31TFH_20210728_0_L2A;S2A_31TFH_20210728_1_L2A;S2A_31TFJ_20210728_0_L2A;S2A_31TFJ_20210728_1_L2A,1.0,0.146,0.854,0.0625,0.2148,otsu,0.305,0.0653,77071.7,17895.4,0.2719,868.2,17230.9,22657.4,-0.1394,0.02,0.1591,0.0558,ok,2026-09-03T16:33:44+00:00
camargue,2021-07-31,7,S2A_31TEH_20210731_0_L2A;S2A_31TEH_20210731_1_L2A;S2A_31TEJ_20210731_0_L2A;S2A_31TFH_20210731_0_L2A;S2A_31TFH_20210731_1_L2A;S2A_31TFJ_20210731_0_L2A;S2A_31TFJ_20210731_1_L2A,1.0,0.387,0.613,0.0743,0.0273,otsu,0.576,0.0891,77071.7,14844.3,0.3142,1043.0,14056.6,17676.2,-0.0659,0.0388,0.1319,0.039,nublado,2026-09-03T16:33:44+00:00
camargue,2021-08-02,8,S2B_31TEH_20210802_0_L2A;S2B_31TEH_20210802_1_L2A;S2B_31TEJ_20210802_0_L2A;S2B_31TEJ_20210802_1_L2A;S2B_31TFH_20210802_0_L2A;S2B_31TFH_20210802_1_L2A;S2B_31TFJ_20210802_0_L2A;S2B_31TFJ_20210802_1_L2A,1.0,0.2721,0.7279,0.067,0.2227,otsu,0.319,0.0673,77071.7,17343.8,0.3092,910.4,16338.9,21532.0,-0.1256,0.0177,0.156,0.0543,nublado,2026-09-03T16:33:44+00:00
camargue,2021-08-05,4,S2B_31TFH_20210805_1_L2A;S2B_31TFH_20210805_2_L2A;S2B_31TFJ_20210805_0_L2A;S2B_31TFJ_20210805_1_L2A,1.0,0.036,0.964,0.0607,0.1289,otsu,0.502,0.0741,77071.7,20085.6,0.2703,1663.5,18583.5,24967.0,-0.0937,0.0377,0.1512,0.0478,ok,2026-09-03T16:35:55+00:00
camargue,2021-08-10,8,S2A_31TEH_20210810_0_L2A;S2A_31TEH_20210810_1_L2A;S2A_31TEJ_20210810_0_L2A;S2A_31TEJ_20210810_1_L2A;S2A_31TFH_20210810_0_L2A;S2A_31TFH_20210810_1_L2A;S2A_31TFJ_20210810_0_L2A;S2A_31TFJ_20210810_1_L2A,1.0,0.0076,0.9924,0.0545,0.1445,otsu,0.437,0.0561,77071.7,20316.2,0.2656,1465.4,18805.6,25400.3,-0.1299,0.0316,0.1664,0.0623,ok,2026-09-03T16:35:55+00:00
camargue,2021-08-12,6,S2B_31TEH_20210812_0_L2A;S2B_31TEH_20210812_1_L2A;S2B_31TEJ_20210812_0_L2A;S2B_31TEJ_20210812_1_L2A;S2B_31TFJ_20210812_0_L2A;S2B_31TFJ_20210812_1_L2A,1.0,0.1217,0.8783,0.0627,0.0273,otsu,0.647,0.0594,77071.7,15169.8,0.2241,1204.8,13204.0,20841.0,-0.0758,0.0689,0.1756,0.0685,ok,2026-09-03T16:35:55+00:00
camargue,2021-08-15,8,S2B_31TEH_20210815_0_L2A;S2B_31TEH_20210815_1_L2A;S2B_31TEJ_20210815_0_L2A;S2B_31TEJ_20210815_1_L2A;S2B_31TFH_20210815_0_L2A;S2B_31TFH_20210815_1_L2A;S2B_31TFJ_20210815_0_L2A;S2B_31TFJ_20210815_1_L2A,1.0,0.5145,0.4855,0.0658,0.082,otsu,0.467,0.0669,77071.7,8597.1,0.2297,370.2,8367.7,10389.9,-0.1535,0.0063,0.1031,0.0129,nublado,2026-09-03T16:35:55+00:00
camargue,2021-08-17,8,S2A_31TEH_20210817_0_L2A;S2A_31TEH_20210817_1_L2A;S2A_31TEJ_20210817_0_L2A;S2A_31TEJ_20210817_1_L2A;S2A_31TFH_20210817_0_L2A;S2A_31TFH_20210817_1_L2A;S2A_31TFJ_20210817_0_L2A;S2A_31TFJ_20210817_1_L2A,1.0,0.0096,0.9904,0.0706,0.1367,otsu,0.751,0.0843,77071.7,20269.3,0.2655,1421.0,18006.7,24918.2,-0.0273,0.0466,0.1244,0.0297,ok,2026-09-03T16:35:55+00:00
camargue,2021-08-20,8,S2A_31TEH_20210820_0_L2A;S2A_31TEH_20210820_1_L2A;S2A_31TEJ_20210820_0_L2A;S2A_31TEJ_20210820_1_L2A;S2A_31TFH_20210820_0_L2A;S2A_31TFH_20210820_1_L2A;S2A_31TFJ_20210820_0_L2A;S2A_31TFJ_20210820_1_L2A,1.0,0.0115,0.9885,0.0515,0.1914,otsu,0.337,0.0545,77071.7,19720.0,0.2588,1271.5,18766.6,24795.7,-0.1452,0.0276,0.1825,0.082,ok,2026-09-03T16:35:55+00:00
camargue,2021-08-22,8,S2B_31TEH_20210822_0_L2A;S2B_31TEH_20210822_1_L2A;S2B_31TEJ_20210822_0_L2A;S2B_31TEJ_20210822_1_L2A;S2B_31TFH_20210822_0_L2A;S2B_31TFH_20210822_1_L2A;S2B_31TFJ_20210822_0_L2A;S2B_31TFJ_20210822_1_L2A,1.0,0.024,0.976,0.0736,0.1992,otsu,0.457,0.0735,77071.7,19837.9,0.2637,1360.0,19018.9,24810.9,-0.1352,0.0559,0.1645,0.0532,ok,2026-09-03T16:35:55+00:00
camargue,2021-08-25,5,S2B_31TEH_20210825_0_L2A;S2B_31TEJ_20210825_0_L2A;S2B_31TEJ_20210825_1_L2A;S2B_31TFJ_20210825_0_L2A;S2B_31TFJ_20210825_1_L2A,1.0,0.4142,0.5858,0.0598,0.2227,otsu,0.298,0.0657,77071.7,7930.9,0.1757,913.0,7645.4,9486.6,-0.192,0.0244,0.1729,0.0693,nublado,2026-09-03T16:35:55+00:00
camargue,2021-08-27,8,S2A_31TEH_20210827_0_L2A;S2A_31TEH_20210827_1_L2A;S2A_31TEJ_20210827_0_L2A;S2A_31TEJ_20210827_1_L2A;S2A_31TFH_20210827_0_L2A;S2A_31TFH_20210827_1_L2A;S2A_31TFJ_20210827_0_L2A;S2A_31TFJ_20210827_1_L2A,1.0,0.014,0.986,0.0661,0.1914,otsu,0.542,0.0724,77071.7,19862.6,0.2614,1469.8,18606.9,24825.9,-0.0685,0.0316,0.1389,0.0397,ok,2026-09-03T16:35:55+00:00
camargue,2021-08-30,8,S2A_31TEH_20210830_0_L2A;S2A_31TEH_20210830_1_L2A;S2A_31TEJ_20210830_0_L2A;S2A_31TEJ_20210830_1_L2A;S2A_31TFH_20210830_0_L2A;S2A_31TFH_20210830_1_L2A;S2A_31TFJ_20210830_0_L2A;S2A_31TFJ_20210830_1_L2A,1.0,0.0164,0.9836,0.0604,0.1602,otsu,0.465,0.073,77071.7,19989.1,0.2637,1419.4,18825.0,24686.9,-0.0758,0.0378,0.154,0.0499,ok,2026-09-03T16:35:55+00:00
camargue,2021-09-01,8,S2B_31TEH_20210901_0_L2A;S2B_31TEH_20210901_1_L2A;S2B_31TEJ_20210901_0_L2A;S2B_31TEJ_20210901_1_L2A;S2B_31TFH_20210901_0_L2A;S2B_31TFH_20210901_1_L2A;S2B_31TFJ_20210901_0_L2A;S2B_31TFJ_20210901_1_L2A,1.0,0.1682,0.8318,0.066,0.2305,otsu,0.333,0.0649,77071.7,16929.1,0.2641,1140.6,16494.6,21540.0,-0.1573,0.0133,0.1655,0.0586,ok,2026-09-03T16:35:55+00:00
camargue,2021-09-04,6,S2B_31TEH_20210904_0_L2A;S2B_31TEH_20210904_1_L2A;S2B_31TEJ_20210904_0_L2A;S2B_31TEJ_20210904_1_L2A;S2B_31TFJ_20210904_0_L2A;S2B_31TFJ_20210904_1_L2A,1.0,0.7368,0.2632,0.0517,-0.082,otsu,1.068,0.0725,77071.7,884.3,0.0436,915.7,632.0,1168.6,-0.0677,0.1066,0.1959,0.0925,nublado,2026-09-03T16:35:55+00:00
camargue,2021-09-06,8,S2A_31TEH_20210906_0_L2A;S2A_31TEH_20210906_1_L2A;S2A_31TEJ_20210906_0_L2A;S2A_31TEJ_20210906_1_L2A;S2A_31TFH_20210906_0_L2A;S2A_31TFH_20210906_1_L2A;S2A_31TFJ_20210906_0_L2A;S2A_31TFJ_20210906_1_L2A,1.0,0.0053,0.9947,0.0521,0.2383,otsu,0.348,0.0528,77071.7,21479.8,0.2802,1563.0,20880.8,26921.0,-0.1697,0.0397,0.1926,0.0893,ok,2026-09-03T16:38:26+00:00
camargue,2021-09-09,2,S2A_31TEH_20210909_0_L2A;S2A_31TFH_20210909_0_L2A,0.0007,1.0,0.0,,0.0,fijo,,,77071.7,0.0,0.0,0.0,0.0,0.0,,,,,sin_datos,2026-09-03T16:38:26+00:00
camargue,2021-09-11,9,S2B_31TEH_20210911_0_L2A;S2B_31TEH_20210911_1_L2A;S2B_31TEH_20210911_2_L2A;S2B_31TEJ_20210911_0_L2A;S2B_31TEJ_20210911_1_L2A;S2B_31TFH_20210911_0_L2A;S2B_31TFH_20210911_1_L2A;S2B_31TFJ_20210911_0_L2A;S2B_31TFJ_20210911_1_L2A,1.0,0.0008,0.9992,0.0469,0.2383,otsu,0.306,0.0492,77071.7,21078.1,0.2737,1853.3,20275.2,26828.8,-0.1715,0.0422,0.2073,0.1098,ok,2026-09-03T16:38:26+00:00
camargue,2021-09-16,1,S2A_31TEH_20210916_0_L2A,0.0,0.0,0.0,,0.0,fijo,,,77071.7,0.0,0.0,0.0,0.0,0.0,,,,,sin_datos,2026-09-03T16:38:26+00:00
camargue,2021-09-19,12,S2A_31TEH_20210919_0_L2A;S2A_31TEH_20210919_1_L2A;S2A_31TEH_20210919_2_L2A;S2A_31TEJ_20210919_0_L2A;S2A_31TEJ_20210919_1_L2A;S2A_31TEJ_20210919_2_L2A;S2A_31TFH_20210919_0_L2A;S2A_31TFH_20210919_1_L2A;S2A_31TFH_20210919_2_L2A;S2A_31TFJ_20210919_0_L2A;S2A_31TFJ_20210919_1_L2A;S2A_31TFJ_20210919_2_L2A,1.0,0.2955,0.7045,0.0544,0.1758,otsu,0.432,0.073,77071.7,14487.8,0.2668,769.9,14499.0,18710.6,-0.0787,0.0195,0.1232,0.034,nublado,2026-09-03T16:38:26+00:00
camargue,2021-09-21,4,S2B_31TEJ_20210921_0_L2A;S2B_31TFH_20210921_0_L2A;S2B_31TFJ_20210921_0_L2A;S2B_31TFJ_20210921_1_L2A,1.0,0.3903,0.6097,0.0783,0.207,otsu,0.541,0.0806,77071.7,11483.4,0.2444,573.8,11679.7,15725.3,-0.0967,0.0247,0.1229,0.0352,nublado,2026-09-03T16:38:26+00:00
camargue,2021-09-24,8,S2B_31TEH_20210924_0_L2A;S2B_31TEH_20210924_1_L2A;S2B_31TEJ_20210924_0_L2A;S2B_31TEJ_20210924_1_L2A;S2B_31TFH_20210924_0_L2A;S2B_31TFH_20210924_1_L2A;S2B_31TFJ_20210924_0_L2A;S2B_31TFJ_20210924_1_L2A,1.0,0.0019,0.9981,0.0647,0.082,otsu,0.607,0.0707,77071.7,21109.3,0.2744,1409.0,19036.2,26469.0,-0.1012,0.0361,0.1198,0.0164,ok,2026-09-03T16:38:26+00:00
camargue,2021-09-26,4,S2A_31TEH_20210926_0_L2A;S2A_31TEH_20210926_1_L2A;S2A_31TEJ_20210926_0_L2A;S2A_31TEJ_20210926_1_L2A,0.0416,0.001,0.0415,0.1051,0.1992,otsu,0.761,0.112,77071.7,833.4,0.2603,153.1,749.3,976.2,-0.0977,0.077,0.1263,0.0004,sin_datos,2026-09-03T16:38:26+00:00
camargue,2021-09-29,8,S2A_31TEH_20210929_0_L2A;S2A_31TEH_20210929_1_L2A;S2A_31TEJ_20210929_0_L2A;S2A_31TEJ_20210929_1_L2A;S2A_31TFH_20210929_0_L2A;S2A_31TFH_20210929_1_L2A;S2A_31TFJ_20210929_0_L2A;S2A_31TFJ_20210929_1_L2A,1.0,0.025,0.975,0.0494,0.1758,otsu,0.487,0.061,77071.7,19023.5,0.2532,1353.1,17897.6,24309.8,-0.0961,0.0226,0.1488,0.053,ok,2026-09-03T16:38:26+00:00
camargue,2021-10-01,8,S2B_31TEH_20211001_0_L2A;S2B_31TEH_20211001_1_L2A;S2B_31TEJ_20211001_0_L2A;S2B_31TEJ_20211001_1_L2A;S2B_31TFH_20211001_0_L2A;S2B_31TFH_20211001_1_L2A;S2B_31TFJ_20211001_0_L2A;S2B_31TFJ_20211001_1_L2A,1.0,0.4394,0.5606,0.0922,0.207,otsu,0.53,0.0945,77071.7,11816.2,0.2735,525.6,11789.1,16562.7,-0.1059,0.0128,0.1069,0.0183,nublado,2026-09-03T16:40:53+00:00
camargue,2021-10-06,7,S2A_31TEH_20211006_0_L2A;S2A_31TEH_20211006_1_L2A;S2A_31TEJ_20211006_0_L2A;S2A_31TEJ_20211006_1_L2A;S2A_31TFH_20211006_0_L2A;S2A_31TFJ_20211006_0_L2A;S2A_31TFJ_20211006_1_L2A,1.0,0.0994,0.9006,0.0568,0.1914,otsu,0.686,0.084,77071.7,20504.8,0.2954,1191.2,19077.9,25412.5,-0.0358,0.0437,0.1207,0.0302,ok,2026-09-03T16:38:26+00:00
camargue,2021-10-09,8,S2A_31TEH_20211009_0_L2A;S2A_31TEH_20211009_1_L2A;S2A_31TEJ_20211009_0_L2A;S2A_31TEJ_20211009_1_L2A;S2A_31TFH_20211009_0_L2A;S2A_31TFH_20211009_1_L2A;S2A_31TFJ_20211009_0_L2A;S2A_31TFJ_20211009_1_L2A,1.0,0.0018,0.9982,0.0543,0.2461,otsu,0.316,0.0659,77071.7,21205.6,0.2756,1058.2,20261.8,26801.3,-0.1364,0.0071,0.1232,0.0373,ok,2026-09-03T16:38:26+00:00
camargue,2021-10-11,9,S2B_31TEH_20211011_0_L2A;S2B_31TEH_20211011_1_L2A;S2B_31TEJ_20211011_0_L2A;S2B_31TEJ_20211011_1_L2A;S2B_31TFH_20211011_0_L2A;S2B_31TFH_20211011_1_L2A;S2B_31TFH_20211011_2_L2A;S2B_31TFJ_20211011_0_L2A;S2B_31TFJ_20211011_1_L2A,1.0,0.0044,0.9956,0.0678,0.2305,otsu,0.931,0.0937,77071.7,20981.4,0.2734,1281.9,16065.4,26829.3,-0.0057,0.0438,0.093,0.0207,ok,2026-09-03T16:38:26+00:00
camargue,2021-10-14,10,S2B_31TEH_20211014_1_L2A;S2B_31TEH_20211014_2_L2A;S2B_31TEJ_20211014_0_L2A;S2B_31TEJ_20211014_1_L2A;S2B_31TFH_20211014_0_L2A;S2B_31TFH_20211014_1_L2A;S2B_31TFH_20211014_2_L2A;S2B_31TFJ_20211014_0_L2A;S2B_31TFJ_20211014_1_L2A;S2B_31TFJ_20211014_2_L2A,1.0,0.1769,0.8231,0.0851,0.2461,otsu,0.601,0.1035,77071.7,17327.2,0.2731,503.5,17117.3,22281.6,-0.0569,0.0391,0.0862,0.01,ok,2026-09-03T16:40:53+00:00
camargue,2021-10-16,8,S2A_31TEH_20211016_0_L2A;S2A_31TEH_20211016_1_L2A;S2A_31TEJ_20211016_0_L2A;S2A_31TEJ_20211016_1_L2A;S2A_31TFH_20211016_0_L2A;S2A_31TFH_20211016_1_L2A;S2A_31TFJ_20211016_0_L2A;S2A_31TFJ_20211016_1_L2A,1.0,0.0572,0.9428,0.0648,0.2461,otsu,0.436,0.0732,77071.7,18637.9,0.2565,875.5,18207.5,23983.5,-0.1324,0.0119,0.1214,0.0309,ok,2026-09-03T16:40:53+00:00
camargue,2021-10-24,8,S2B_31TEH_20211024_1_L2A;S2B_31TEH_20211024_3_L2A;S2B_31TEJ_20211024_0_L2A;S2B_31TEJ_20211024_1_L2A;S2B_31TFH_20211024_1_L2A;S2B_31TFH_20211024_3_L2A;S2B_31TFJ_20211024_0_L2A;S2B_31TFJ_20211024_1_L2A,1.0,0.3127,0.6873,0.0788,0.1914,otsu,0.539,0.0821,77071.7,12451.7,0.2351,757.3,12497.4,16157.6,-0.1296,0.0202,0.1015,0.0211,nublado,2026-09-03T16:40:53+00:00
camargue,2021-10-26,8,S2A_31TEH_20211026_0_L2A;S2A_31TEH_20211026_1_L2A;S2A_31TEJ_20211026_0_L2A;S2A_31TEJ_20211026_1_L2A;S2A_31TFH_20211026_0_L2A;S2A_31TFH_20211026_1_L2A;S2A_31TFJ_20211026_1_L2A;S2A_31TFJ_20211026_2_L2A,1.0,0.0033,0.9967,0.0603,0.2148,otsu,0.466,0.0689,77071.7,19908.3,0.2592,974.4,18839.4,26309.1,-0.0932,0.0263,0.1324,0.043,ok,2026-09-03T16:40:53+00:00
camargue,2021-10-29,3,S2A_31TFH_20211029_0_L2A;S2A_31TFH_20211029_1_L2A;S2A_31TFJ_20211029_0_L2A,1.0,0.378,0.622,0.0717,0.207,otsu,0.682,0.0757,77071.7,14300.8,0.2983,425.9,14633.9,18798.6,-0.0542,0.0376,0.1123,0.0263,nublado,2026-09-03T16:40:53+00:00
camargue,2021-11-03,2,S2B_31TEJ_20211103_0_L2A;S2B_31TEJ_20211103_1_L2A,0.0416,0.181,0.0341,0.04,0.1914,otsu,0.457,0.0396,77071.7,843.4,0.3213,50.1,775.5,1040.5,-0.1116,0.0679,0.1684,0.0562,sin_datos,2026-09-03T16:40:53+00:00
camargue,2021-11-05,8,S2A_31TEH_20211105_0_L2A;S2A_31TEH_20211105_1_L2A;S2A_31TEJ_20211105_0_L2A;S2A_31TEJ_20211105_1_L2A;S2A_31TFH_20211105_0_L2A;S2A_31TFH_20211105_1_L2A;S2A_31TFJ_20211105_0_L2A;S2A_31TFJ_20211105_1_L2A,1.0,0.0013,0.9987,0.0539,0.2148,otsu,0.669,0.0765,77071.7,24442.1,0.3176,941.3,21327.7,29149.6,-0.0283,0.0433,0.1072,0.0217,ok,2026-09-03T16:40:53+00:00
camargue,2021-11-13,3,S2B_31TFH_20211113_0_L2A;S2B_31TFJ_20211113_0_L2A;S2B_31TFJ_20211113_1_L2A,1.0,0.8682,0.1318,0.053,0.1836,otsu,0.471,0.0678,77071.7,2390.4,0.2353,107.0,2254.7,2993.8,-0.1424,0.0502,0.1837,0.0764,nublado,2026-09-03T16:40:53+00:00
camargue,2021-11-18,8,S2A_31TEH_20211118_0_L2A;S2A_31TEH_20211118_1_L2A;S2A_31TEJ_20211118_1_L2A;S2A_31TEJ_20211118_2_L2A;S2A_31TFH_20211118_0_L2A;S2A_31TFH_20211118_1_L2A;S2A_31TFJ_20211118_1_L2A;S2A_31TFJ_20211118_2_L2A,1.0,0.0235,0.9765,0.0598,0.1992,otsu,0.711,0.0893,77071.7,24153.3,0.3209,739.2,22199.0,28097.6,-0.0258,0.0334,0.0998,0.0184,ok,2026-09-03T16:40:53+00:00
camargue,2021-11-20,8,S2B_31TEH_20211120_0_L2A;S2B_31TEH_20211120_1_L2A;S2B_31TEJ_20211120_0_L2A;S2B_31TEJ_20211120_1_L2A;S2B_31TFH_20211120_0_L2A;S2B_31TFH_20211120_1_L2A;S2B_31TFJ_20211120_0_L2A;S2B_31TFJ_20211120_1_L2A,1.0,0.0017,0.9983,0.0637,0.2617,otsu,0.328,0.0738,77071.7,23410.6,0.3043,908.5,22494.2,29375.5,-0.1463,-0.0186,0.1095,0.0258,ok,2026-09-03T16:40:53+00:00
camargue,2021-11-28,8,S2A_31TEH_20211128_0_L2A;S2A_31TEH_20211128_1_L2A;S2A_31TEJ_20211128_0_L2A;S2A_31TEJ_20211128_1_L2A;S2A_31TFH_20211128_0_L2A;S2A_31TFH_20211128_1_L2A;S2A_31TFJ_20211128_0_L2A;S2A_31TFJ_20211128_1_L2A,1.0,0.0335,0.9665,0.0488,0.2461,otsu,0.677,0.0813,77071.7,25306.6,0.3397,963.7,22921.9,29665.6,-0.0195,0.0271,0.0901,0.018,ok,2026-09-03T16:40:53+00:00
camargue,2021-11-30,8,S2B_31TEH_20211130_0_L2A;S2B_31TEH_20211130_1_L2A;S2B_31TEJ_20211130_0_L2A;S2B_31TEJ_20211130_1_L2A;S2B_31TFH_20211130_0_L2A;S2B_31TFH_20211130_1_L2A;S2B_31TFJ_20211130_0_L2A;S2B_31TFJ_20211130_1_L2A,1.0,0.0009,0.9991,0.0606,0.2539,otsu,0.506,0.089,77071.7,25109.4,0.3261,823.7,23834.2,30511.5,-0.0522,0.0136,0.0884,0.0231,ok,2026-09-03T16:42:20+00:00
camargue,2021-12-03,6,S2B_31TEH_20211203_0_L2A;S2B_31TEH_20211203_1_L2A;S2B_31TFH_20211203_0_L2A;S2B_31TFH_20211203_1_L2A;S2B_31TFJ_20211203_0_L2A;S2B_31TFJ_20211203_1_L2A,1.0,0.4374,0.5626,0.0774,0.2383,otsu,0.924,0.1025,77071.7,20636.6,0.4759,501.0,13720.5,24072.5,0.0084,0.0217,0.0551,0.0044,nublado,2026-09-03T16:42:20+00:00
camargue,2021-12-10,5,S2B_31TEJ_20211210_0_L2A;S2B_31TEJ_20211210_1_L2A;S2B_31TFH_20211210_0_L2A;S2B_31TFH_20211210_1_L2A;S2B_31TFJ_20211210_0_L2A,1.0,0.1716,0.8284,0.0357,0.2148,otsu,0.303,0.0508,77071.7,21638.6,0.3389,1065.8,20330.4,28369.6,-0.1162,-0.0246,0.1183,0.0443,ok,2026-09-03T16:42:20+00:00
camargue,2021-12-15,8,S2A_31TEH_20211215_0_L2A;S2A_31TEH_20211215_3_L2A;S2A_31TEJ_20211215_0_L2A;S2A_31TEJ_20211215_1_L2A;S2A_31TFH_20211215_0_L2A;S2A_31TFH_20211215_3_L2A;S2A_31TFJ_20211215_0_L2A;S2A_31TFJ_20211215_1_L2A,1.0,0.1245,0.8755,0.0628,0.2148,otsu,0.436,0.0746,77071.7,18566.7,0.2752,341.0,17438.2,23043.5,-0.1007,-0.0004,0.1028,0.0169,ok,2026-09-03T16:42:20+00:00
camargue,2021-12-18,8,S2A_31TEH_20211218_0_L2A;S2A_31TEH_20211218_1_L2A;S2A_31TEJ_20211218_0_L2A;S2A_31TEJ_20211218_1_L2A;S2A_31TFH_20211218_0_L2A;S2A_31TFH_20211218_1_L2A;S2A_31TFJ_20211218_0_L2A;S2A_31TFJ_20211218_1_L2A,1.0,0.7751,0.2249,0.0924,0.2305,otsu,0.598,0.0994,77071.7,5805.0,0.3349,62.4,6878.1,8567.2,-0.1197,-0.0281,0.0695,0.0076,nublado,2026-09-03T16:42:20+00:00
camargue,2021-12-20,6,S2B_31TEJ_20211220_0_L2A;S2B_31TEJ_20211220_1_L2A;S2B_31TFH_20211220_0_L2A;S2B_31TFH_20211220_1_L2A;S2B_31TFJ_20211220_0_L2A;S2B_31TFJ_20211220_1_L2A,1.0,0.0015,0.9985,0.0653,0.2695,otsu,0.343,0.0768,77071.7,24157.8,0.3139,767.2,23093.0,30460.2,-0.1502,-0.0373,0.0886,0.0166,ok,2026-09-03T16:42:20+00:00
camargue,2021-12-25,1,S2A_31TFJ_20211225_0_L2A,1.0,0.8779,0.1221,0.0857,-0.0117,otsu,0.824,0.0933,77071.7,2807.7,0.2982,380.0,2767.4,2563.5,-0.126,0.0029,0.0453,0.0035,nublado,2026-09-03T16:42:20+00:00
camargue,2022-01-07,4,S2A_31TEH_20220107_0_L2A;S2A_31TEJ_20220107_0_L2A;S2A_31TFH_20220107_0_L2A;S2A_31TFJ_20220107_0_L2A,1.0,0.0974,0.9026,0.0544,0.2305,otsu,0.521,0.0811,77071.7,21025.8,0.3023,670.1,19831.2,25614.4,-0.0538,0.0075,0.0833,0.017,ok,2026-09-03T16:42:20+00:00
camargue,2022-01-12,4,S2B_31TEH_20220112_0_L2A;S2B_31TEJ_20220112_0_L2A;S2B_31TFH_20220112_0_L2A;S2B_31TFJ_20220112_0_L2A,1.0,0.0296,0.9704,0.0662,0.2383,otsu,0.795,0.0955,77071.7,24064.3,0.3218,760.5,18999.2,28920.6,-0.0174,0.0199,0.0775,0.012,ok,2026-09-03T16:42:20+00:00
camargue,2022-01-14,4,S2A_31TEH_20220114_0_L2A;S2A_31TEJ_20220114_0_L2A;S2A_31TFH_20220114_0_L2A;S2A_31TFJ_20220114_0_L2A,1.0,0.0265,0.9735,0.0624,0.2617,otsu,0.345,0.0733,77071.7,23451.8,0.3126,627.0,22870.9,28887.4,-0.1386,-0.0293,0.1002,0.018,ok,2026-09-03T16:42:20+00:00
camargue,2022-01-17,4,S2A_31TEH_20220117_0_L2A;S2A_31TEJ_20220117_0_L2A;S2A_31TFH_20220117_0_L2A;S2A_31TFJ_20220117_0_L2A,1.0,0.0299,0.9701,0.06,0.1914,otsu,0.742,0.0888,77071.7,23567.4,0.3152,712.8,19394.4,28175.4,-0.0109,0.0177,0.0747,0.0135,ok,2026-09-03T16:42:20+00:00
camargue,2022-01-22,4,S2B_31TEH_20220122_0_L2A;S2B_31TEJ_20220122_0_L2A;S2B_31TFH_20220122_0_L2A;S2B_31TFJ_20220122_0_L2A,1.0,0.0333,0.9667,0.0721,0.2227,otsu,0.839,0.1015,77071.7,23447.2,0.3147,634.2,17757.9,27849.0,-0.0069,0.0264,0.0761,0.0091,ok,2026-09-03T16:42:20+00:00
camargue,2022-01-24,4,S2A_31TEH_20220124_0_L2A;S2A_31TEJ_20220124_0_L2A;S2A_31TFH_20220124_0_L2A;S2A_31TFJ_20220124_0_L2A,1.0,0.5223,0.4777,0.1051,-0.0195,otsu,0.848,0.1402,77071.7,5252.3,0.1427,146.6,5188.0,7716.2,-0.0919,-0.0132,0.0502,0.0014,nublado,2026-09-03T16:43:28+00:00
camargue,2022-01-27,4,S2A_31TEH_20220127_0_L2A;S2A_31TEJ_20220127_0_L2A;S2A_31TFH_20220127_0_L2A;S2A_31TFJ_20220127_0_L2A,1.0,0.002,0.998,0.0621,0.2305,otsu,0.461,0.0776,77071.7,22766.1,0.296,636.3,21686.9,28836.8,-0.0921,-0.0209,0.0921,0.0167,ok,2026-09-03T16:43:28+00:00
camargue,2022-01-29,4,S2B_31TEH_20220129_0_L2A;S2B_31TEJ_20220129_0_L2A;S2B_31TFH_20220129_0_L2A;S2B_31TFJ_20220129_0_L2A,1.0,0.004,0.9959,0.0775,0.2461,otsu,0.682,0.0985,77071.7,22782.6,0.2968,557.3,20705.0,28926.1,-0.0214,0.0229,0.0846,0.0129,ok,2026-09-03T16:43:28+00:00
camargue,2022-02-01,4,S2B_31TEH_20220201_0_L2A;S2B_31TEJ_20220201_0_L2A;S2B_31TFH_20220201_0_L2A;S2B_31TFJ_20220201_0_L2A,1.0,0.0047,0.9953,0.0768,0.1758,otsu,1.029,0.1118,77071.7,22813.8,0.2974,612.8,10080.8,28283.2,0.0261,0.039,0.0745,0.0045,ok,2026-09-03T16:43:28+00:00
camargue,2022-02-03,1,S2A_31TFH_20220203_0_L2A,0.0007,0.9125,0.0001,0.1031,0.0,fijo,,,77071.7,2.4,0.5357,0.0,2.1,2.4,-0.1111,-0.0587,0.0198,0.0,sin_datos,2026-09-03T16:43:28+00:00
camargue,2022-02-06,4,S2A_31TEH_20220206_0_L2A;S2A_31TEJ_20220206_0_L2A;S2A_31TFH_20220206_0_L2A;S2A_31TFJ_20220206_0_L2A,1.0,0.0037,0.9963,0.0674,0.2148,otsu,0.66,0.0869,77071.7,22373.6,0.2914,482.4,20845.4,28192.8,-0.0284,0.0142,0.0909,0.0222,ok,2026-09-03T16:43:28+00:00
camargue,2022-02-08,4,S2B_31TEH_20220208_0_L2A;S2B_31TEJ_20220208_0_L2A;S2B_31TFH_20220208_0_L2A;S2B_31TFJ_20220208_0_L2A,1.0,0.0119,0.9881,0.081,0.2383,otsu,0.793,0.0992,77071.7,21925.8,0.2879,462.6,19409.6,27853.4,-0.0142,0.0236,0.0756,0.0114,ok,2026-09-03T16:43:28+00:00
camargue,2022-02-11,4,S2B_31TEH_20220211_0_L2A;S2B_31TEJ_20220211_0_L2A;S2B_31TFH_20220211_0_L2A;S2B_31TFJ_20220211_0_L2A,1.0,0.0024,0.9976,0.0738,0.1523,otsu,0.601,0.0904,77071.7,22840.8,0.2971,508.6,21126.7,28121.3,-0.0417,0.0252,0.1107,0.017,ok,2026-09-03T16:43:28+00:00
camargue,2022-02-18,4,S2B_31TEH_20220218_0_L2A;S2B_31TEJ_20220218_0_L2A;S2B_31TFH_20220218_0_L2A;S2B_31TFJ_20220218_0_L2A,0.9999,0.0014,0.9986,0.0641,0.2383,otsu,0.28,0.0692,77071.7,23042.9,0.2994,475.0,22261.4,29046.4,-0.1667,-0.0065,0.142,0.0442,ok,2026-09-03T16:43:28+00:00
camargue,2022-02-21,4,S2B_31TEH_20220221_0_L2A;S2B_31TEJ_20220221_0_L2A;S2B_31TFH_20220221_0_L2A;S2B_31TFJ_20220221_0_L2A,1.0,0.0058,0.9942,0.0779,0.168,otsu,0.878,0.1016,77071.7,23145.0,0.3021,637.9,18277.9,28216.0,0.003,0.0343,0.0866,0.008,ok,2026-09-03T16:43:28+00:00
camargue,2022-02-23,4,S2A_31TEH_20220223_0_L2A;S2A_31TEJ_20220223_0_L2A;S2A_31TFH_20220223_0_L2A;S2A_31TFJ_20220223_0_L2A,0.9999,0.0055,0.9945,0.0687,0.2461,otsu,0.6,0.0826,77071.7,22320.5,0.2912,413.3,21469.9,28359.2,-0.0483,0.0186,0.1045,0.0308,ok,2026-09-03T16:43:28+00:00
camargue,2022-02-26,4,S2A_31TEH_20220226_0_L2A;S2A_31TEJ_20220226_0_L2A;S2A_31TFH_20220226_0_L2A;S2A_31TFJ_20220226_0_L2A,1.0,0.0021,0.9979,0.0704,0.207,otsu,0.696,0.0903,77071.7,22671.4,0.2948,349.9,21320.0,28177.1,-0.0165,0.0238,0.0899,0.0201,ok,2026-09-03T16:43:28+00:00
camargue,2022-02-28,4,S2B_31TEH_20220228_0_L2A;S2B_31TEJ_20220228_0_L2A;S2B_31TFH_20220228_0_L2A;S2B_31TFJ_20220228_0_L2A,1.0,0.0139,0.9861,0.0697,0.2383,otsu,0.29,0.0708,77071.7,21758.4,0.2863,345.9,21095.8,28038.6,-0.1609,-0.0306,0.1236,0.0371,ok,2026-09-03T16:44:29+00:00
camargue,2022-03-03,4,S2B_31TEH_20220303_1_L2A;S2B_31TEJ_20220303_0_L2A;S2B_31TFH_20220303_1_L2A;S2B_31TFJ_20220303_0_L2A,1.0,0.1123,0.8877,0.0671,0.2461,otsu,0.314,0.068,77071.7,19364.8,0.283,390.6,18680.8,24830.7,-0.1699,-0.0161,0.1298,0.0361,ok,2026-09-03T16:44:29+00:00
camargue,2022-03-05,4,S2A_31TEH_20220305_0_L2A;S2A_31TEJ_20220305_0_L2A;S2A_31TFH_20220305_0_L2A;S2A_31TFJ_20220305_0_L2A,1.0,0.0222,0.9778,0.0747,0.2383,otsu,0.431,0.0794,77071.7,22012.2,0.2921,385.9,21135.5,26626.9,-0.1041,-0.0066,0.1051,0.0203,ok,2026-09-03T16:44:29+00:00
camargue,2022-03-23,4,S2B_31TEH_20220323_0_L2A;S2B_31TEJ_20220323_0_L2A;S2B_31TFH_20220323_0_L2A;S2B_31TFJ_20220323_0_L2A,1.0,0.0052,0.9948,0.076,0.2148,otsu,0.385,0.0875,77071.7,22695.5,0.296,485.6,21462.7,28223.0,-0.1203,-0.003,0.1059,0.0144,ok,2026-09-03T16:44:29+00:00
camargue,2022-03-25,3,S2A_31TEJ_20220325_0_L2A;S2A_31TFH_20220325_0_L2A;S2A_31TFJ_20220325_0_L2A,1.0,0.0167,0.9833,0.066,0.1992,otsu,0.352,0.0645,77071.7,22087.0,0.2914,397.3,20896.8,26758.2,-0.1459,-0.0108,0.1057,0.0146,ok,2026-09-03T16:44:29+00:00
camargue,2022-03-28,2,S2A_31TEJ_20220328_0_L2A;S2A_31TFH_20220328_0_L2A,0.0423,0.6643,0.0142,0.0706,-0.0117,otsu,0.385,0.0809,77071.7,94.6,0.0865,13.1,62.1,21.9,-0.0331,0.0347,0.1003,0.0,sin_datos,2026-09-03T16:44:29+00:00
camargue,2022-04-04,4,S2A_31TEH_20220404_0_L2A;S2A_31TEJ_20220404_0_L2A;S2A_31TFH_20220404_0_L2A;S2A_31TFJ_20220404_0_L2A,1.0,0.0074,0.9926,0.08,0.2383,otsu,0.64,0.0923,77071.7,22329.0,0.2919,352.2,21405.3,27685.1,-0.0399,0.02,0.0776,0.0134,ok,2026-09-03T16:44:29+00:00
camargue,2022-04-09,4,S2B_31TEH_20220409_0_L2A;S2B_31TEJ_20220409_0_L2A;S2B_31TFH_20220409_0_L2A;S2B_31TFJ_20220409_0_L2A,1.0,0.109,0.891,0.0904,0.1836,otsu,0.89,0.1057,77071.7,20821.1,0.3032,397.1,17104.8,24759.2,0.0094,0.0318,0.0733,0.0046,ok,2026-09-03T16:44:29+00:00
camargue,2022-04-14,4,S2A_31TEH_20220414_0_L2A;S2A_31TEJ_20220414_0_L2A;S2A_31TFH_20220414_0_L2A;S2A_31TFJ_20220414_0_L2A,1.0,0.9879,0.0121,0.0554,0.0,fijo,,,77071.7,13.0,0.0138,5.4,2.1,10.9,0.0368,0.0627,0.0789,0.0,nublado,2026-09-03T16:44:29+00:00
camargue,2022-04-17,4,S2A_31TEH_20220417_0_L2A;S2A_31TEJ_20220417_0_L2A;S2A_31TFH_20220417_0_L2A;S2A_31TFJ_20220417_0_L2A,1.0,0.0066,0.9934,0.0702,0.2148,otsu,0.347,0.0764,77071.7,22627.4,0.2955,628.5,21193.9,26929.3,-0.1101,0.0041,0.1088,0.0239,ok,2026-09-03T16:44:29+00:00
camargue,2022-04-19,4,S2B_31TEH_20220419_0_L2A;S2B_31TEJ_20220419_0_L2A;S2B_31TFH_20220419_0_L2A;S2B_31TFJ_20220419_0_L2A,1.0,0.3525,0.6475,0.0705,0.1836,otsu,0.339,0.0618,77071.7,13723.4,0.275,547.2,12883.2,16282.6,-0.1732,-0.0235,0.0956,0.0207,nublado,2026-09-03T16:44:29+00:00
camargue,2022-04-22,3,S2B_31TEH_20220422_0_L2A;S2B_31TEJ_20220422_0_L2A;S2B_31TFJ_20220422_0_L2A,1.0,0.1687,0.8313,0.0578,0.1992,otsu,0.408,0.0632,77071.7,17254.9,0.2693,958.7,15867.5,20156.5,-0.1548,0.0015,0.1169,0.0191,ok,2026-09-03T16:44:29+00:00
camargue,2022-04-27,4,S2A_31TEH_20220427_0_L2A;S2A_31TEJ_20220427_0_L2A;S2A_31TFH_20220427_0_L2A;S2A_31TFJ_20220427_0_L2A,1.0,0.6907,0.3093,0.0777,0.0664,otsu,0.591,0.0857,77071.7,8256.6,0.3463,327.4,7279.5,8897.4,-0.0679,0.0193,0.1003,0.0067,nublado,2026-09-03T16:45:52+00:00
camargue,2022-04-29,4,S2B_31TEH_20220429_0_L2A;S2B_31TEJ_20220429_0_L2A;S2B_31TFH_20220429_0_L2A;S2B_31TFJ_20220429_0_L2A,1.0,0.3187,0.6813,0.0735,0.168,otsu,0.434,0.0738,77071.7,16563.8,0.3154,729.4,14973.8,19483.8,-0.106,0.0069,0.0942,0.0103,nublado,2026-09-03T16:45:52+00:00
camargue,2022-05-02,3,S2B_31TEJ_20220502_0_L2A;S2B_31TFH_20220502_0_L2A;S2B_31TFJ_20220502_0_L2A,1.0,0.2454,0.7546,0.0936,0.1758,otsu,0.592,0.0937,77071.7,19225.6,0.3306,980.8,17175.2,21781.9,-0.1114,0.0008,0.0672,0.0035,nublado,2026-09-03T16:45:52+00:00
camargue,2022-05-04,3,S2A_31TEJ_20220504_0_L2A;S2A_31TFH_20220504_0_L2A;S2A_31TFJ_20220504_0_L2A,1.0,0.0418,0.9582,0.0624,0.2383,otsu,0.3,0.0565,77071.7,22623.5,0.3063,747.7,21429.8,27037.8,-0.1452,-0.0018,0.1136,0.0204,ok,2026-09-03T16:45:52+00:00
camargue,2022-05-07,4,S2A_31TEH_20220507_0_L2A;S2A_31TEJ_20220507_0_L2A;S2A_31TFH_20220507_0_L2A;S2A_31TFJ_20220507_0_L2A,1.0,0.0069,0.9931,0.081,0.043,otsu,0.851,0.1203,77071.7,25139.2,0.3284,1245.6,19272.6,25331.5,0.0071,0.0463,0.0926,0.0043,ok,2026-09-03T16:45:52+00:00
camargue,2022-05-09,4,S2B_31TEH_20220509_0_L2A;S2B_31TEJ_20220509_0_L2A;S2B_31TFH_20220509_0_L2A;S2B_31TFJ_20220509_0_L2A,1.0,0.177,0.823,0.0731,0.1367,otsu,0.505,0.0735,77071.7,16093.6,0.2537,1455.4,15243.5,18646.9,-0.1243,0.025,0.1207,0.0175,ok,2026-09-03T16:45:52+00:00
camargue,2022-05-12,4,S2B_31TEH_20220512_0_L2A;S2B_31TEJ_20220512_0_L2A;S2B_31TFH_20220512_0_L2A;S2B_31TFJ_20220512_0_L2A,1.0,0.0264,0.9736,0.083,0.0195,otsu,0.631,0.1066,77071.7,24038.1,0.3203,2131.2,19898.6,24046.7,-0.0403,0.0334,0.1032,0.0052,ok,2026-09-03T16:45:52+00:00
camargue,2022-05-14,4,S2A_31TEH_20220514_0_L2A;S2A_31TEJ_20220514_0_L2A;S2A_31TFH_20220514_0_L2A;S2A_31TFJ_20220514_0_L2A,1.0,0.5664,0.4336,0.0717,0.168,otsu,0.372,0.0689,77071.7,13113.9,0.3924,310.7,12241.9,15208.0,-0.1207,0.0051,0.0997,0.0051,nublado,2026-09-03T16:45:52+00:00
camargue,2022-05-17,4,S2A_31TEH_20220517_0_L2A;S2A_31TEJ_20220517_0_L2A;S2A_31TFH_20220517_0_L2A;S2A_31TFJ_20220517_0_L2A,1.0,0.4281,0.5719,0.0676,0.0273,otsu,0.72,0.0822,77071.7,11266.4,0.2556,1786.6,8744.0,11097.3,-0.0487,0.0397,0.127,0.0093,nublado,2026-09-03T16:45:52+00:00
camargue,2022-05-19,8,S2B_31TEH_20220519_0_L2A;S2B_31TEH_20220519_1_L2A;S2B_31TEJ_20220519_0_L2A;S2B_31TEJ_20220519_1_L2A;S2B_31TFH_20220519_0_L2A;S2B_31TFH_20220519_1_L2A;S2B_31TFJ_20220519_0_L2A;S2B_31TFJ_20220519_1_L2A,1.0,0.0324,0.9676,0.0756,0.1211,otsu,0.467,0.0781,77071.7,22971.8,0.308,2078.4,20460.5,25995.4,-0.0779,0.0315,0.1275,0.0167,ok,2026-09-03T16:47:10+00:00
camargue,2022-05-22,1,S2B_31TEJ_20220522_0_L2A,0.0416,0.9185,0.0034,0.1428,0.0195,otsu,0.675,0.168,77071.7,34.6,0.1307,4.0,29.6,25.4,-0.0523,0.0136,0.0663,0.0,sin_datos,2026-09-03T16:45:52+00:00
camargue,2022-05-27,4,S2A_31TEH_20220527_0_L2A;S2A_31TEJ_20220527_0_L2A;S2A_31TFH_20220527_0_L2A;S2A_31TFJ_20220527_0_L2A,1.0,0.2626,0.7374,0.0719,-0.043,otsu,0.841,0.128,77071.7,12049.9,0.212,3173.0,9278.6,12137.8,-0.0068,0.0472,0.112,0.0035,nublado,2026-09-03T16:45:52+00:00
camargue,2022-05-29,4,S2B_31TEH_20220529_0_L2A;S2B_31TEJ_20220529_0_L2A;S2B_31TFH_20220529_0_L2A;S2B_31TFJ_20220529_0_L2A,1.0,0.034,0.966,0.0861,0.1445,otsu,0.934,0.1072,77071.7,21604.5,0.2902,2927.5,13416.6,25560.8,0.0175,0.0443,0.0875,0.004,ok,2026-09-03T16:45:52+00:00
camargue,2022-06-01,3,S2B_31TEJ_20220601_0_L2A;S2B_31TFH_20220601_0_L2A;S2B_31TFJ_20220601_0_L2A,1.0,0.2412,0.7588,0.0723,0.1289,otsu,0.572,0.0761,77071.7,14781.4,0.2527,2325.6,13155.2,18025.8,-0.0758,0.0229,0.128,0.012,nublado,2026-09-03T16:47:10+00:00
camargue,2022-06-03,4,S2A_31TEH_20220603_0_L2A;S2A_31TEJ_20220603_0_L2A;S2A_31TFH_20220603_0_L2A;S2A_31TFJ_20220603_0_L2A,1.0,0.04,0.96,0.066,0.1133,otsu,0.48,0.0606,77071.7,20701.6,0.2798,2361.4,18841.8,25060.5,-0.0968,0.0252,0.1401,0.0253,ok,2026-09-03T16:47:10+00:00
camargue,2022-06-06,4,S2A_31TEH_20220606_0_L2A;S2A_31TEJ_20220606_0_L2A;S2A_31TFH_20220606_0_L2A;S2A_31TFJ_20220606_0_L2A,1.0,0.0283,0.9717,0.0706,0.082,otsu,0.556,0.0821,77071.7,21046.6,0.281,3279.2,18973.8,24730.6,-0.0697,0.0187,0.1178,0.0169,ok,2026-09-03T16:47:10+00:00
camargue,2022-06-11,4,S2B_31TEH_20220611_0_L2A;S2B_31TEJ_20220611_0_L2A;S2B_31TFH_20220611_0_L2A;S2B_31TFJ_20220611_0_L2A,1.0,0.0603,0.9397,0.0778,0.0352,otsu,0.736,0.1218,77071.7,17934.2,0.2476,4059.2,15436.6,21648.6,-0.0195,0.0367,0.1024,0.0123,ok,2026-09-03T16:47:10+00:00
camargue,2022-06-13,4,S2A_31TEH_20220613_0_L2A;S2A_31TEJ_20220613_0_L2A;S2A_31TFH_20220613_0_L2A;S2A_31TFJ_20220613_0_L2A,1.0,0.035,0.965,0.0756,0.1289,otsu,0.503,0.0775,77071.7,19718.6,0.2651,2096.0,18156.6,24796.6,-0.0702,0.0329,0.1272,0.0217,ok,2026-09-03T16:47:10+00:00
camargue,2022-06-16,3,S2A_31TEH_20220616_0_L2A;S2A_31TFH_20220616_0_L2A;S2A_31TFJ_20220616_0_L2A,1.0,0.253,0.747,0.0721,-0.0195,otsu,0.754,0.0798,77071.7,15923.7,0.2766,1265.9,13888.3,20642.4,-0.0581,0.036,0.1064,0.0045,nublado,2026-09-03T16:47:10+00:00
camargue,2022-06-18,4,S2B_31TEH_20220618_0_L2A;S2B_31TEJ_20220618_0_L2A;S2B_31TFH_20220618_0_L2A;S2B_31TFJ_20220618_0_L2A,1.0,0.0339,0.9661,0.0729,0.1055,otsu,0.492,0.0689,77071.7,19061.4,0.256,1423.0,17545.8,25098.2,-0.0946,0.0439,0.1524,0.0363,ok,2026-09-03T16:47:10+00:00
camargue,2022-06-23,4,S2A_31TEH_20220623_0_L2A;S2A_31TEJ_20220623_0_L2A;S2A_31TFH_20220623_0_L2A;S2A_31TFJ_20220623_0_L2A,1.0,0.1843,0.8157,0.0875,0.1055,otsu,0.797,0.0945,77071.7,17518.9,0.2787,1160.6,15698.4,22881.0,-0.0315,0.0603,0.1325,0.021,ok,2026-09-03T16:47:10+00:00
camargue,2022-06-26,4,S2A_31TEH_20220626_0_L2A;S2A_31TEJ_20220626_0_L2A;S2A_31TFH_20220626_0_L2A;S2A_31TFJ_20220626_0_L2A,1.0,0.0818,0.9182,0.071,-0.0117,otsu,0.677,0.1029,77071.7,18408.2,0.2601,2020.5,16195.5,22015.8,-0.0506,0.0426,0.1177,0.0141,ok,2026-09-03T16:47:10+00:00
camargue,2022-06-28,4,S2B_31TEH_20220628_0_L2A;S2B_31TEJ_20220628_0_L2A;S2B_31TFH_20220628_0_L2A;S2B_31TFJ_20220628_0_L2A,1.0,0.019,0.981,0.0791,0.0977,otsu,0.759,0.0998,77071.7,20234.7,0.2676,1294.9,18442.6,25450.2,-0.0162,0.0557,0.1207,0.0237,ok,2026-09-03T16:47:10+00:00
camargue,2022-07-01,4,S2B_31TEH_20220701_0_L2A;S2B_31TEJ_20220701_0_L2A;S2B_31TFH_20220701_0_L2A;S2B_31TFJ_20220701_0_L2A,1.0,0.1091,0.8909,0.0785,-0.0586,otsu,0.929,0.1336,77071.7,14447.2,0.2104,2370.7,10695.4,17243.4,-0.0055,0.0397,0.0923,0.0032,ok,2026-09-03T16:48:28+00:00
camargue,2022-07-03,4,S2A_31TEH_20220703_0_L2A;S2A_31TEJ_20220703_0_L2A;S2A_31TFH_20220703_0_L2A;S2A_31TFJ_20220703_0_L2A,1.0,0.0176,0.9824,0.0671,0.1367,otsu,0.502,0.0632,77071.7,19260.8,0.2544,1195.0,17787.8,25237.0,-0.1087,0.025,0.1366,0.0311,ok,2026-09-03T16:47:10+00:00
camargue,2022-07-06,2,S2A_31TEJ_20220706_0_L2A;S2A_31TFJ_20220706_0_L2A,1.0,0.1949,0.8051,0.0808,-0.0508,otsu,0.921,0.1298,77071.7,13217.1,0.213,1563.0,9725.3,16189.0,0.0013,0.0377,0.0883,0.002,ok,2026-09-03T16:48:28+00:00
camargue,2022-07-08,4,S2B_31TEH_20220708_0_L2A;S2B_31TEJ_20220708_0_L2A;S2B_31TFH_20220708_0_L2A;S2B_31TFJ_20220708_0_L2A,1.0,0.0264,0.9736,0.0875,0.168,otsu,0.95,0.104,77071.7,19395.4,0.2585,1230.6,12781.8,25085.1,0.0011,0.0499,0.0966,0.0205,ok,2026-09-03T16:48:28+00:00
camargue,2022-07-11,4,S2B_31TEH_20220711_0_L2A;S2B_31TEJ_20220711_0_L2A;S2B_31TFH_20220711_0_L2A;S2B_31TFJ_20220711_0_L2A,1.0,0.0472,0.9528,0.0781,0.1055,otsu,0.708,0.0933,77071.7,18128.2,0.2469,1498.9,16556.3,23585.1,-0.0762,0.0152,0.1132,0.0183,ok,2026-09-03T16:48:28+00:00
camargue,2022-07-13,4,S2A_31TEH_20220713_0_L2A;S2A_31TEJ_20220713_0_L2A;S2A_31TFH_20220713_0_L2A;S2A_31TFJ_20220713_0_L2A,1.0,0.0283,0.9717,0.0658,0.1836,otsu,0.427,0.0617,77071.7,18189.1,0.2429,1304.2,17137.9,24268.6,-0.108,0.0304,0.1589,0.0619,ok,2026-09-03T16:48:28+00:00
camargue,2022-07-16,4,S2A_31TEH_20220716_0_L2A;S2A_31TEJ_20220716_0_L2A;S2A_31TFH_20220716_0_L2A;S2A_31TFJ_20220716_0_L2A,1.0,0.0426,0.9574,0.077,-0.0039,otsu,0.806,0.1092,77071.7,17956.2,0.2434,1838.1,15065.3,22519.4,-0.0093,0.0438,0.1098,0.0208,ok,2026-09-03T16:48:28+00:00
camargue,2022-07-18,8,S2B_31TEH_20220718_0_L2A;S2B_31TEH_20220718_1_L2A;S2B_31TEJ_20220718_0_L2A;S2B_31TEJ_20220718_1_L2A;S2B_31TFH_20220718_0_L2A;S2B_31TFH_20220718_1_L2A;S2B_31TFJ_20220718_0_L2A;S2B_31TFJ_20220718_1_L2A,1.0,0.0299,0.9701,0.0705,0.2227,otsu,0.439,0.0654,77071.7,18031.5,0.2412,1390.9,17153.8,24860.6,-0.1264,0.0406,0.1784,0.0756,ok,2026-09-03T16:48:28+00:00
camargue,2022-07-21,4,S2B_31TEH_20220721_0_L2A;S2B_31TEJ_20220721_1_L2A;S2B_31TFH_20220721_0_L2A;S2B_31TFJ_20220721_1_L2A,1.0,0.0266,0.9734,0.0831,0.0039,otsu,0.717,0.111,77071.7,19035.0,0.2537,2093.4,16327.5,23944.2,-0.0221,0.0383,0.1038,0.0135,ok,2026-09-03T16:48:28+00:00
camargue,2022-07-23,3,S2A_31TEH_20220723_0_L2A;S2A_31TFH_20220723_0_L2A;S2A_31TFJ_20220723_1_L2A,1.0,0.8562,0.1438,0.0796,0.1055,otsu,0.409,0.0817,77071.7,2930.4,0.2644,127.4,3319.2,4070.4,-0.1297,0.0033,0.1223,0.0319,nublado,2026-09-03T16:48:28+00:00
camargue,2022-07-26,4,S2A_31TEH_20220726_0_L2A;S2A_31TEJ_20220726_0_L2A;S2A_31TFH_20220726_0_L2A;S2A_31TFJ_20220726_0_L2A,1.0,0.0267,0.9733,0.0744,0.0039,otsu,0.726,0.102,77071.7,18771.5,0.2502,1762.1,16027.8,23422.2,-0.0186,0.0384,0.1104,0.0183,ok,2026-09-03T16:48:28+00:00
camargue,2022-07-28,2,S2B_31TEJ_20220728_0_L2A;S2B_31TFJ_20220728_0_L2A,1.0,0.6058,0.3942,0.0757,0.1445,otsu,0.321,0.0692,77071.7,5148.3,0.1695,527.4,4905.6,6220.2,-0.1706,-0.0193,0.1152,0.0108,nublado,2026-09-03T16:48:28+00:00
camargue,2022-07-31,4,S2B_31TEH_20220731_0_L2A;S2B_31TEJ_20220731_0_L2A;S2B_31TFH_20220731_0_L2A;S2B_31TFJ_20220731_0_L2A,1.0,0.0144,0.9856,0.0759,0.0352,otsu,0.644,0.0989,77071.7,18716.0,0.2464,1802.2,16003.5,23842.7,-0.0433,0.0339,0.1184,0.021,ok,2026-09-03T16:49:36+00:00
camargue,2022-08-02,4,S2A_31TEH_20220802_0_L2A;S2A_31TEJ_20220802_0_L2A;S2A_31TFH_20220802_0_L2A;S2A_31TFJ_20220802_0_L2A,1.0,0.0313,0.9687,0.0649,0.1992,otsu,0.457,0.064,77071.7,17299.4,0.2317,1302.1,16002.1,23790.9,-0.0888,0.0255,0.1593,0.0592,ok,2026-09-03T16:48:28+00:00
camargue,2022-08-05,4,S2A_31TEH_20220805_0_L2A;S2A_31TEJ_20220805_0_L2A;S2A_31TFH_20220805_0_L2A;S2A_31TFJ_20220805_0_L2A,1.0,0.03,0.97,0.0605,0.1523,otsu,0.505,0.06,77071.7,16929.8,0.2265,1610.2,15868.3,23603.8,-0.1142,0.0285,0.1652,0.0613,ok,2026-09-03T16:49:36+00:00
camargue,2022-08-07,4,S2B_31TEH_20220807_0_L2A;S2B_31TEJ_20220807_0_L2A;S2B_31TFH_20220807_0_L2A;S2B_31TFJ_20220807_0_L2A,1.0,0.038,0.962,0.0729,0.2148,otsu,0.464,0.0731,77071.7,16744.3,0.2258,1579.5,15734.4,23546.2,-0.0908,0.0283,0.1593,0.0553,ok,2026-09-03T16:49:36+00:00
camargue,2022-08-10,4,S2B_31TEH_20220810_0_L2A;S2B_31TEJ_20220810_0_L2A;S2B_31TFH_20220810_0_L2A;S2B_31TFJ_20220810_0_L2A,1.0,0.0236,0.9764,0.0001,-0.3008,otsu,1.0,0.0001,77071.7,20610.9,0.2739,4278.7,5758.1,23034.6,-0.0542,0.0916,0.3448,0.1178,espectro_anomalo,2026-09-03T16:49:36+00:00
camargue,2022-08-12,4,S2A_31TEH_20220812_0_L2A;S2A_31TEJ_20220812_0_L2A;S2A_31TFH_20220812_0_L2A;S2A_31TFJ_20220812_0_L2A,1.0,0.0535,0.9465,0.0713,0.1836,otsu,0.549,0.0656,77071.7,16414.9,0.225,1511.0,15605.1,23532.5,-0.1211,0.0292,0.157,0.0476,ok,2026-09-03T16:49:36+00:00
camargue,2022-08-15,4,S2A_31TEH_20220815_0_L2A;S2A_31TEJ_20220815_0_L2A;S2A_31TFH_20220815_0_L2A;S2A_31TFJ_20220815_0_L2A,1.0,0.0726,0.9274,0.0538,0.0977,otsu,0.573,0.0644,77071.7,18367.0,0.257,1806.2,16550.7,23978.1,-0.093,0.0435,0.1701,0.0633,ok,2026-09-03T16:49:36+00:00
camargue,2022-08-20,4,S2B_31TEH_20220820_0_L2A;S2B_31TEJ_20220820_0_L2A;S2B_31TFH_20220820_0_L2A;S2B_31TFJ_20220820_0_L2A,1.0,0.0086,0.9914,0.0597,0.082,otsu,0.626,0.0859,77071.7,23029.9,0.3014,1818.7,20398.6,26565.3,-0.0551,0.048,0.1383,0.034,ok,2026-09-03T16:49:36+00:00
camargue,2022-08-22,4,S2A_31TEH_20220822_0_L2A;S2A_31TEJ_20220822_0_L2A;S2A_31TFH_20220822_0_L2A;S2A_31TFJ_20220822_0_L2A,1.0,0.0047,0.9953,0.0575,0.1602,otsu,0.554,0.0689,77071.7,21471.0,0.2799,1463.8,19864.8,26659.8,-0.0722,0.0478,0.1503,0.0415,ok,2026-09-03T16:49:36+00:00
camargue,2022-08-25,3,S2A_31TEJ_20220825_0_L2A;S2A_31TFH_20220825_0_L2A;S2A_31TFJ_20220825_0_L2A,1.0,0.0818,0.9182,0.0495,0.1992,otsu,0.438,0.0502,77071.7,18720.3,0.2645,1310.2,17845.4,23835.2,-0.1432,0.0319,0.1719,0.0611,ok,2026-09-03T16:49:36+00:00
camargue,2022-08-27,4,S2B_31TEH_20220827_0_L2A;S2B_31TEJ_20220827_0_L2A;S2B_31TFH_20220827_0_L2A;S2B_31TFJ_20220827_0_L2A,1.0,0.0121,0.9879,0.0623,0.2148,otsu,0.447,0.069,77071.7,20523.0,0.2696,1469.0,19469.0,26290.9,-0.0981,0.0452,0.1693,0.0611,ok,2026-09-03T16:49:36+00:00
camargue,2022-08-30,3,S2B_31TEH_20220830_0_L2A;S2B_31TEJ_20220830_0_L2A;S2B_31TFH_20220830_0_L2A,0.0423,0.8167,0.0078,0.1098,0.0586,otsu,0.873,0.1106,77071.7,122.9,0.2037,24.5,115.5,174.9,-0.0969,0.0803,0.1391,0.0078,sin_datos,2026-09-03T16:49:36+00:00
camargue,2022-09-01,1,S2A_31TFH_20220901_0_L2A,0.0007,1.0,0.0,,0.0,fijo,,,77071.7,0.0,0.0,0.0,0.0,0.0,,,,,sin_datos,2026-09-03T16:49:36+00:00
camargue,2022-09-04,4,S2A_31TEH_20220904_0_L2A;S2A_31TEJ_20220904_0_L2A;S2A_31TFH_20220904_0_L2A;S2A_31TFJ_20220904_0_L2A,1.0,0.1533,0.8467,0.0498,0.168,otsu,0.427,0.0548,77071.7,18536.8,0.2841,1445.1,17856.2,23794.6,-0.1367,0.0554,0.1981,0.0976,ok,2026-09-03T16:50:37+00:00
camargue,2022-09-06,3,S2B_31TEH_20220906_0_L2A;S2B_31TFH_20220906_0_L2A;S2B_31TFJ_20220906_0_L2A,1.0,0.2472,0.7528,0.074,0.1367,otsu,0.555,0.0778,77071.7,18767.8,0.3235,1269.8,17596.3,24296.2,-0.0872,0.0567,0.1667,0.0613,nublado,2026-09-03T16:50:37+00:00
camargue,2022-09-09,4,S2B_31TEH_20220909_0_L2A;S2B_31TEJ_20220909_0_L2A;S2B_31TFH_20220909_0_L2A;S2B_31TFJ_20220909_0_L2A,1.0,0.5027,0.4973,0.0781,0.1914,otsu,0.612,0.0809,77071.7,11734.4,0.3062,873.1,12070.1,16054.6,-0.1057,0.0492,0.1493,0.0401,nublado,2026-09-03T16:50:37+00:00
camargue,2022-09-11,4,S2A_31TEH_20220911_0_L2A;S2A_31TEJ_20220911_0_L2A;S2A_31TFH_20220911_0_L2A;S2A_31TFJ_20220911_0_L2A,1.0,0.0012,0.9988,0.0484,0.207,otsu,0.405,0.0576,77071.7,21512.6,0.2795,1589.0,20196.3,26609.1,-0.1093,0.0294,0.1496,0.0488,ok,2026-09-03T16:50:37+00:00
camargue,2022-09-16,4,S2B_31TEH_20220916_0_L2A;S2B_31TEJ_20220916_0_L2A;S2B_31TFH_20220916_0_L2A;S2B_31TFJ_20220916_0_L2A,1.0,0.139,0.861,0.0656,0.2383,otsu,0.379,0.0683,77071.7,20700.3,0.3119,1362.2,20057.3,25913.1,-0.1364,0.0231,0.14,0.0365,ok,2026-09-03T16:50:37+00:00
camargue,2022-09-19,4,S2B_31TEH_20220919_0_L2A;S2B_31TEJ_20220919_0_L2A;S2B_31TFH_20220919_0_L2A;S2B_31TFJ_20220919_0_L2A,1.0,0.0762,0.9238,0.0001,-0.1367,otsu,0.311,0.0001,77071.7,22591.7,0.3173,5838.2,13713.1,26189.1,-0.0697,0.1425,0.482,0.1673,espectro_anomalo,2026-09-03T16:50:37+00:00
camargue,2022-09-21,4,S2A_31TEH_20220921_0_L2A;S2A_31TEJ_20220921_0_L2A;S2A_31TFH_20220921_0_L2A;S2A_31TFJ_20220921_0_L2A,1.0,0.3917,0.6083,0.0775,0.207,otsu,0.612,0.0937,77071.7,13157.3,0.2807,549.0,13580.6,16101.3,-0.0541,0.0296,0.0961,0.024,nublado,2026-09-03T16:50:37+00:00
camargue,2022-09-24,3,S2A_31TEH_20220924_0_L2A;S2A_31TEJ_20220924_0_L2A;S2A_31TFH_20220924_0_L2A,0.0423,0.9925,0.0004,0.1168,0.0,fijo,,,77071.7,10.7,0.3472,2.2,9.4,10.1,-0.0614,0.0507,0.0793,0.0,sin_datos,2026-09-03T16:50:37+00:00
camargue,2022-09-26,4,S2B_31TEH_20220926_0_L2A;S2B_31TEJ_20220926_0_L2A;S2B_31TFH_20220926_0_L2A;S2B_31TFJ_20220926_0_L2A,1.0,0.0167,0.9833,0.0587,0.2383,otsu,0.365,0.0664,77071.7,20952.5,0.2765,1521.4,19799.5,26517.9,-0.11,0.0113,0.1288,0.0357,ok,2026-09-03T16:50:37+00:00
camargue,2022-09-29,1,S2B_31TFJ_20220929_0_L2A,1.0,0.544,0.4559,0.0658,0.2383,otsu,0.48,0.0804,77071.7,11287.0,0.3212,405.9,10781.0,14404.3,-0.0757,0.0282,0.1361,0.0472,nublado,2026-09-03T16:50:37+00:00
camargue,2022-10-04,4,S2A_31TEH_20221004_0_L2A;S2A_31TEJ_20221004_0_L2A;S2A_31TFH_20221004_0_L2A;S2A_31TFJ_20221004_0_L2A,1.0,0.4045,0.5955,0.0514,0.207,otsu,0.485,0.0545,77071.7,11119.7,0.2423,943.8,10292.5,14816.3,-0.0879,0.0376,0.1675,0.0632,nublado,2026-09-03T16:50:37+00:00
camargue,2022-10-06,3,S2B_31TEH_20221006_0_L2A;S2B_31TFH_20221006_0_L2A;S2B_31TFJ_20221006_0_L2A,1.0,0.7027,0.2973,0.0709,0.207,otsu,0.451,0.0697,77071.7,5592.2,0.244,112.6,5444.2,7775.8,-0.151,-0.0186,0.0857,0.0047,nublado,2026-09-03T16:51:39+00:00
camargue,2022-10-09,1,S2B_31TEH_20221009_0_L2A,0.0,0.0,0.0,,0.0,fijo,,,77071.7,0.0,0.0,0.0,0.0,0.0,,,,,sin_datos,2026-09-03T16:50:37+00:00
camargue,2022-10-11,2,S2A_31TEH_20221011_0_L2A;S2A_31TFH_20221011_0_L2A,0.0007,1.0,0.0,,0.0,fijo,,,77071.7,0.0,0.0,0.0,0.0,0.0,,,,,sin_datos,2026-09-03T16:51:39+00:00
camargue,2022-10-14,1,S2A_31TFJ_20221014_0_L2A,1.0,0.8537,0.1463,0.0986,0.1992,otsu,1.02,0.095,77071.7,1467.7,0.1301,96.8,3126.1,4870.7,-0.1545,0.003,0.0743,0.0036,nublado,2026-09-03T16:51:39+00:00
camargue,2022-10-16,4,S2B_31TEH_20221016_0_L2A;S2B_31TEJ_20221016_0_L2A;S2B_31TFH_20221016_0_L2A;S2B_31TFJ_20221016_0_L2A,1.0,0.5814,0.4186,0.1,0.2148,otsu,0.67,0.1029,77071.7,8098.4,0.251,519.2,10189.4,11989.8,-0.0946,0.0144,0.0869,0.0033,nublado,2026-09-03T16:51:39+00:00
camargue,2022-10-26,1,S2B_31TFJ_20221026_0_L2A,1.0,0.6678,0.3322,0.0689,0.1758,otsu,0.257,0.0477,77071.7,4457.6,0.1741,93.3,5417.3,5975.2,-0.1751,-0.045,0.0187,0.0052,nublado,2026-09-03T16:51:39+00:00
camargue,2022-10-31,1,S2A_31TFH_20221031_0_L2A,0.0007,1.0,0.0,,0.0,fijo,,,77071.7,0.0,0.0,0.0,0.0,0.0,,,,,sin_datos,2026-09-03T16:51:39+00:00
camargue,2022-11-05,4,S2B_31TEH_20221105_0_L2A;S2B_31TEJ_20221105_0_L2A;S2B_31TFH_20221105_0_L2A;S2B_31TFJ_20221105_0_L2A,1.0,0.0022,0.9978,0.0624,0.168,otsu,1.067,0.0878,77071.7,20406.2,0.2654,1322.4,10502.1,27234.9,0.0161,0.0501,0.087,0.0221,ok,2026-09-03T16:51:39+00:00
camargue,2022-11-10,3,S2A_31TEJ_20221110_0_L2A;S2A_31TFH_20221110_0_L2A;S2A_31TFJ_20221110_0_L2A,1.0,0.0014,0.9986,0.0597,0.207,otsu,0.765,0.0758,77071.7,20522.7,0.2667,1073.4,19205.4,27364.5,-0.0341,0.0535,0.1349,0.0468,ok,2026-09-03T16:51:39+00:00
camargue,2022-11-20,4,S2A_31TEH_20221120_0_L2A;S2A_31TEJ_20221120_0_L2A;S2A_31TFH_20221120_0_L2A;S2A_31TFJ_20221120_0_L2A,1.0,0.0008,0.9992,0.0551,0.2148,otsu,0.846,0.079,77071.7,21922.2,0.2847,976.8,18825.1,28256.5,-0.0193,0.0458,0.1073,0.0344,ok,2026-09-03T16:51:39+00:00
camargue,2022-11-25,4,S2B_31TEH_20221125_0_L2A;S2B_31TEJ_20221125_0_L2A;S2B_31TFH_20221125_0_L2A;S2B_31TFJ_20221125_0_L2A,1.0,0.0013,0.9987,0.0555,0.2305,otsu,0.339,0.061,77071.7,22285.9,0.2895,949.0,21158.4,28711.8,-0.1669,0.0118,0.1527,0.049,ok,2026-09-03T16:51:39+00:00
camargue,2022-11-30,4,S2A_31TEH_20221130_0_L2A;S2A_31TEJ_20221130_0_L2A;S2A_31TFH_20221130_0_L2A;S2A_31TFJ_20221130_0_L2A,0.9998,0.0202,0.9796,0.0522,0.2617,otsu,0.323,0.0643,77071.7,24571.4,0.3255,912.5,23381.9,29983.0,-0.1377,0.0128,0.1303,0.0359,ok,2026-09-03T16:51:39+00:00
camargue,2022-12-05,3,S2B_31TEH_20221205_0_L2A;S2B_31TFH_20221205_0_L2A;S2B_31TFJ_20221205_0_L2A,0.9997,0.3696,0.6302,0.0726,0.3164,otsu,0.42,0.0816,77071.7,16613.3,0.342,558.1,17943.7,22232.8,-0.1422,0.002,0.113,0.0241,nublado,2026-09-03T16:51:39+00:00
camargue,2022-12-10,4,S2A_31TEH_20221210_0_L2A;S2A_31TEJ_20221210_0_L2A;S2A_31TFH_20221210_0_L2A;S2A_31TFJ_20221210_0_L2A,1.0,0.2292,0.7708,0.0483,0.2305,otsu,0.529,0.0665,77071.7,19801.6,0.3333,820.2,18482.2,23770.7,-0.0837,0.0285,0.1202,0.0255,nublado,2026-09-03T16:52:41+00:00
camargue,2022-12-18,1,S2B_31TFJ_20221218_0_L2A,1.0,0.9343,0.0657,0.0895,0.0586,otsu,0.875,0.0985,77071.7,730.4,0.1443,69.4,738.6,1056.6,-0.0877,0.0431,0.1074,0.0105,nublado,2026-09-03T16:52:41+00:00
camargue,2022-12-25,2,S2B_31TEH_20221225_0_L2A;S2B_31TFJ_20221225_0_L2A,1.0,0.8746,0.1254,0.108,0.2305,otsu,0.646,0.117,77071.7,3577.9,0.3702,106.4,4861.6,5331.5,-0.1097,0.0176,0.0876,0.0033,nublado,2026-09-03T16:52:41+00:00
camargue,2022-12-28,2,S2B_31TEH_20221228_0_L2A;S2B_31TFJ_20221228_0_L2A,1.0,0.6834,0.3166,0.0678,0.1523,otsu,0.624,0.0788,77071.7,2255.5,0.0924,411.8,2483.4,3371.4,-0.1528,0.0636,0.1766,0.0683,nublado,2026-09-03T16:52:41+00:00
camargue,2023-01-04,4,S2B_31TEH_20230104_0_L2A;S2B_31TEJ_20230104_0_L2A;S2B_31TFH_20230104_0_L2A;S2B_31TFJ_20230104_0_L2A,1.0,0.0005,0.9995,0.0518,0.2773,otsu,0.274,0.0623,77071.7,24142.7,0.3134,1276.2,23342.6,30753.4,-0.1711,-0.0069,0.1527,0.0577,ok,2026-09-03T16:52:41+00:00
camargue,2023-01-07,1,S2B_31TEH_20230107_0_L2A,0.0,0.0,0.0,,0.0,fijo,,,77071.7,0.0,0.0,0.0,0.0,0.0,,,,,sin_datos,2026-09-03T16:52:41+00:00
camargue,2023-01-09,4,S2A_31TEH_20230109_0_L2A;S2A_31TEJ_20230109_0_L2A;S2A_31TFH_20230109_0_L2A;S2A_31TFJ_20230109_0_L2A,1.0,0.2065,0.7935,0.0551,0.2227,otsu,0.399,0.071,77071.7,20063.4,0.3281,510.1,20461.9,24681.9,-0.1077,0.0066,0.1229,0.0342,nublado,2026-09-03T16:52:41+00:00
camargue,2023-01-12,1,S2A_31TEH_20230112_0_L2A,0.0,0.0,0.0,,0.0,fijo,,,77071.7,0.0,0.0,0.0,0.0,0.0,,,,,sin_datos,2026-09-03T16:52:41+00:00
camargue,2023-01-17,1,S2B_31TEJ_20230117_0_L2A,0.0416,1.0016,0.0,,0.0,fijo,,,77071.7,0.0,0.0,0.0,0.0,0.0,,,,,sin_datos,2026-09-03T16:52:41+00:00
camargue,2023-01-19,4,S2A_31TEH_20230119_0_L2A;S2A_31TEJ_20230119_0_L2A;S2A_31TFH_20230119_0_L2A;S2A_31TFJ_20230119_0_L2A,1.0,0.0215,0.9785,0.0532,0.2383,otsu,0.456,0.0766,77071.7,24032.0,0.3187,743.5,23257.8,29580.3,-0.0758,0.0007,0.0913,0.0301,ok,2026-09-03T16:52:41+00:00
camargue,2023-01-22,4,S2A_31TEH_20230122_0_L2A;S2A_31TEJ_20230122_0_L2A;S2A_31TFH_20230122_0_L2A;S2A_31TFJ_20230122_0_L2A,1.0,0.05,0.95,0.0659,0.168,otsu,0.989,0.1061,77071.7,24121.0,0.3294,765.9,12432.5,28395.5,0.021,0.0361,0.0708,0.0096,ok,2026-09-03T16:52:41+00:00
camargue,2023-01-27,4,S2B_31TEH_20230127_0_L2A;S2B_31TEJ_20230127_0_L2A;S2B_31TFH_20230127_0_L2A;S2B_31TFJ_20230127_0_L2A,1.0,0.1264,0.8736,0.0708,0.207,otsu,0.896,0.1027,77071.7,21711.4,0.3225,731.2,13801.6,25460.0,-0.0,0.0263,0.0627,0.0111,ok,2026-09-03T16:53:55+00:00
camargue,2023-01-29,4,S2A_31TEH_20230129_0_L2A;S2A_31TEJ_20230129_0_L2A;S2A_31TFH_20230129_0_L2A;S2A_31TFJ_20230129_0_L2A,1.0,0.0013,0.9987,0.0697,0.2383,otsu,0.598,0.0934,77071.7,23514.9,0.3055,673.8,22241.4,29554.4,-0.0471,0.0159,0.082,0.0201,ok,2026-09-03T16:52:41+00:00
camargue,2023-02-01,4,S2A_31TEH_20230201_0_L2A;S2A_31TEJ_20230201_0_L2A;S2A_31TFH_20230201_0_L2A;S2A_31TFJ_20230201_0_L2A,1.0,0.0029,0.9971,0.067,0.168,otsu,0.883,0.0992,77071.7,23547.8,0.3064,815.4,15649.3,28705.4,0.0046,0.0268,0.0744,0.0126,ok,2026-09-03T16:53:55+00:00
camargue,2023-02-03,4,S2B_31TEH_20230203_0_L2A;S2B_31TEJ_20230203_0_L2A;S2B_31TFH_20230203_0_L2A;S2B_31TFJ_20230203_0_L2A,1.0,0.0078,0.9922,0.0795,0.2227,otsu,0.994,0.1051,77071.7,23200.8,0.3034,637.4,13045.0,28905.0,0.0067,0.0353,0.074,0.0128,ok,2026-09-03T16:53:55+00:00
camargue,2023-02-06,3,S2B_31TEH_20230206_0_L2A;S2B_31TEJ_20230206_0_L2A;S2B_31TFJ_20230206_0_L2A,1.0,0.1422,0.8578,0.0798,0.2148,otsu,0.834,0.102,77071.7,17588.2,0.266,336.2,16460.3,23138.1,-0.0294,0.032,0.0908,0.0129,ok,2026-09-03T16:53:55+00:00
camargue,2023-02-08,4,S2A_31TEH_20230208_0_L2A;S2A_31TEJ_20230208_0_L2A;S2A_31TFH_20230208_0_L2A;S2A_31TFJ_20230208_0_L2A,1.0,0.0011,0.9989,0.0632,0.2383,otsu,0.423,0.0783,77071.7,23233.6,0.3018,619.7,22310.6,29039.5,-0.1116,-0.0127,0.0991,0.0241,ok,2026-09-03T16:53:55+00:00
camargue,2023-02-11,4,S2A_31TEH_20230211_0_L2A;S2A_31TEJ_20230211_0_L2A;S2A_31TFH_20230211_0_L2A;S2A_31TFJ_20230211_0_L2A,1.0,0.0015,0.9985,0.0672,0.2461,otsu,0.416,0.0776,77071.7,22613.3,0.2939,667.7,21754.4,28710.6,-0.1202,-0.023,0.0873,0.0175,ok,2026-09-03T16:53:55+00:00
camargue,2023-02-13,4,S2B_31TEH_20230213_0_L2A;S2B_31TEJ_20230213_0_L2A;S2B_31TFH_20230213_0_L2A;S2B_31TFJ_20230213_0_L2A,1.0,0.0026,0.9974,0.0731,0.2617,otsu,0.297,0.0718,77071.7,22277.0,0.2898,656.0,21657.8,28768.5,-0.1742,-0.025,0.0996,0.022,ok,2026-09-03T16:53:55+00:00
camargue,2023-02-16,3,S2B_31TEH_20230216_0_L2A;S2B_31TEJ_20230216_0_L2A;S2B_31TFJ_20230216_0_L2A,1.0,0.2871,0.7129,0.0726,0.1914,otsu,0.502,0.0755,77071.7,16042.6,0.292,540.5,14818.7,21198.4,-0.1241,0.0128,0.1071,0.0179,nublado,2026-09-03T16:53:55+00:00
camargue,2023-02-18,4,S2A_31TEH_20230218_0_L2A;S2A_31TEJ_20230218_0_L2A;S2A_31TFH_20230218_0_L2A;S2A_31TFJ_20230218_0_L2A,1.0,0.0017,0.9983,0.0571,0.2461,otsu,0.247,0.0537,77071.7,22202.9,0.2886,573.9,21638.9,28410.1,-0.2007,-0.0234,0.1151,0.0331,ok,2026-09-03T16:53:55+00:00
camargue,2023-02-26,4,S2B_31TEH_20230226_0_L2A;S2B_31TEJ_20230226_0_L2A;S2B_31TFH_20230226_0_L2A;S2B_31TFJ_20230226_0_L2A,1.0,0.1612,0.8388,0.0743,0.1523,otsu,1.066,0.1063,77071.7,21781.3,0.3369,659.8,8045.6,25190.2,0.0251,0.0383,0.0674,0.0061,ok,2026-09-03T16:53:55+00:00
camargue,2023-03-03,4,S2A_31TEH_20230303_0_L2A;S2A_31TEJ_20230303_0_L2A;S2A_31TFH_20230303_0_L2A;S2A_31TFJ_20230303_0_L2A,1.0,0.3873,0.6127,0.0774,0.168,otsu,0.674,0.0966,77071.7,15256.0,0.3231,373.9,13972.2,18510.2,-0.0453,0.0251,0.0933,0.0191,nublado,2026-09-03T16:54:43+00:00
camargue,2023-03-05,4,S2B_31TEH_20230305_0_L2A;S2B_31TEJ_20230305_0_L2A;S2B_31TFH_20230305_0_L2A;S2B_31TFJ_20230305_0_L2A,1.0,0.0022,0.9978,0.0812,0.2383,otsu,0.434,0.0904,77071.7,23410.7,0.3044,449.1,22511.2,28579.8,-0.0998,0.0066,0.0941,0.0208,ok,2026-09-03T16:53:55+00:00
camargue,2023-03-10,2,S2A_31TFH_20230310_0_L2A;S2A_31TFJ_20230310_0_L2A,1.0,0.6866,0.3134,0.0895,0.1992,otsu,0.754,0.0903,77071.7,12061.6,0.4993,56.8,11439.8,14660.5,-0.0335,0.0346,0.095,0.0146,nublado,2026-09-03T16:53:55+00:00
camargue,2023-03-13,1,S2A_31TEJ_20230313_0_L2A,0.0416,0.9928,0.0004,0.0497,0.0,fijo,,,77071.7,2.6,0.086,0.0,2.4,0.8,-0.0148,0.0141,0.0494,0.0,sin_datos,2026-09-03T16:54:43+00:00
camargue,2023-03-15,4,S2B_31TEH_20230315_0_L2A;S2B_31TEJ_20230315_0_L2A;S2B_31TFH_20230315_0_L2A;S2B_31TFJ_20230315_0_L2A,1.0,0.0603,0.9397,0.0832,0.1758,otsu,0.765,0.1028,77071.7,22586.2,0.3119,413.0,20579.5,26661.8,-0.0281,0.0373,0.1014,0.0164,ok,2026-09-03T16:54:43+00:00
camargue,2023-03-20,4,S2A_31TEH_20230320_0_L2A;S2A_31TEJ_20230320_0_L2A;S2A_31TFH_20230320_0_L2A;S2A_31TFJ_20230320_0_L2A,1.0,0.0563,0.9437,0.0662,0.207,otsu,0.469,0.0764,77071.7,22907.7,0.315,421.0,21815.2,26783.7,-0.09,0.0311,0.1422,0.0471,ok,2026-09-03T16:54:43+00:00
camargue,2023-03-23,1,S2A_31TFH_20230323_0_L2A,0.0007,1.0,0.0,,0.0,fijo,,,77071.7,0.0,0.0,0.0,0.0,0.0,,,,,sin_datos,2026-09-03T16:54:43+00:00
camargue,2023-03-25,3,S2B_31TEH_20230325_0_L2A;S2B_31TEJ_20230325_0_L2A;S2B_31TFH_20230325_0_L2A,0.0423,0.5109,0.0207,0.0663,0.0742,otsu,0.832,0.062,77071.7,238.9,0.1498,31.4,179.2,265.1,-0.0567,0.0831,0.1696,0.0529,sin_datos,2026-09-03T16:54:43+00:00
camargue,2023-03-28,4,S2B_31TEH_20230328_0_L2A;S2B_31TEJ_20230328_0_L2A;S2B_31TFH_20230328_0_L2A;S2B_31TFJ_20230328_0_L2A,1.0,0.0023,0.9977,0.0747,0.2461,otsu,0.544,0.0934,77071.7,23150.1,0.3011,588.2,22112.6,27770.6,-0.0551,0.023,0.0907,0.0261,ok,2026-09-03T16:54:43+00:00
camargue,2023-03-30,2,S2A_31TFH_20230330_0_L2A;S2A_31TFJ_20230330_0_L2A,1.0,0.9971,0.0029,0.1436,0.2305,otsu,0.721,0.1481,77071.7,56.8,0.2569,0.2,108.8,72.2,-0.0816,0.0001,0.0311,0.0,nublado,2026-09-03T16:54:43+00:00
camargue,2023-04-02,4,S2A_31TEH_20230402_0_L2A;S2A_31TEJ_20230402_0_L2A;S2A_31TFH_20230402_0_L2A;S2A_31TFJ_20230402_0_L2A,1.0,0.0695,0.9305,0.079,0.1133,otsu,0.939,0.1066,77071.7,21433.8,0.2989,398.6,15693.4,24567.4,0.0125,0.0425,0.0822,0.0114,ok,2026-09-03T16:54:43+00:00
camargue,2023-04-04,2,S2B_31TEH_20230404_0_L2A;S2B_31TEJ_20230404_0_L2A,0.0416,0.6638,0.014,0.0803,0.207,otsu,0.808,0.084,77071.7,202.6,0.188,1.9,186.1,263.0,-0.0302,0.0258,0.078,0.0008,sin_datos,2026-09-03T16:54:43+00:00
camargue,2023-04-07,4,S2B_31TEH_20230407_0_L2A;S2B_31TEJ_20230407_0_L2A;S2B_31TFH_20230407_0_L2A;S2B_31TFJ_20230407_0_L2A,1.0,0.0313,0.9687,0.0669,0.2383,otsu,0.353,0.0681,77071.7,21834.6,0.2925,490.2,20747.7,26386.9,-0.1494,-0.0022,0.1123,0.0268,ok,2026-09-03T16:54:43+00:00
camargue,2023-04-09,2,S2A_31TEJ_20230409_0_L2A;S2A_31TFH_20230409_0_L2A,0.0423,0.0033,0.0421,0.0578,0.1523,otsu,0.473,0.0607,77071.7,749.6,0.2309,23.0,657.4,907.7,-0.0758,0.0224,0.1577,0.0472,sin_datos,2026-09-03T16:54:43+00:00
camargue,2023-04-14,1,S2B_31TFJ_20230414_0_L2A,1.0,0.7419,0.2581,0.1048,0.1992,otsu,0.676,0.1029,77071.7,5823.5,0.2928,71.5,5832.5,7954.9,-0.0573,0.0182,0.0662,0.0062,nublado,2026-09-03T16:55:52+00:00
camargue,2023-04-17,4,S2B_31TEH_20230417_0_L2A;S2B_31TEJ_20230417_0_L2A;S2B_31TFH_20230417_0_L2A;S2B_31TFJ_20230417_0_L2A,1.0,0.0038,0.9962,0.0856,0.1367,otsu,0.887,0.1191,77071.7,23617.8,0.3076,768.3,18103.0,26644.6,-0.0021,0.0397,0.0816,0.0077,ok,2026-09-03T16:55:52+00:00
camargue,2023-04-19,4,S2A_31TEH_20230419_0_L2A;S2A_31TEJ_20230419_0_L2A;S2A_31TFH_20230419_0_L2A;S2A_31TFJ_20230419_0_L2A,1.0,0.0058,0.9942,0.0679,0.2461,otsu,0.307,0.0675,77071.7,22400.2,0.2923,677.4,21066.6,26839.7,-0.1415,-0.0018,0.1161,0.0219,ok,2026-09-03T16:55:52+00:00
camargue,2023-04-24,1,S2B_31TFJ_20230424_0_L2A,1.0,0.9269,0.0731,0.1066,0.207,otsu,0.561,0.1206,77071.7,3427.0,0.6081,17.0,3382.9,3618.9,-0.026,0.0058,0.0465,0.0012,nublado,2026-09-03T16:55:52+00:00
camargue,2023-04-29,2,S2A_31TEH_20230429_0_L2A;S2A_31TFH_20230429_0_L2A,0.0007,1.0,0.0,,0.0,fijo,,,77071.7,0.0,0.0,0.0,0.0,0.0,,,,,sin_datos,2026-09-03T16:55:52+00:00
camargue,2023-05-02,4,S2A_31TEH_20230502_0_L2A;S2A_31TEJ_20230502_0_L2A;S2A_31TFH_20230502_0_L2A;S2A_31TFJ_20230502_0_L2A,1.0,0.0184,0.9816,0.0871,0.0586,otsu,1.041,0.116,77071.7,22312.0,0.2949,1080.8,10305.6,24245.3,0.0252,0.0417,0.0766,0.0014,ok,2026-09-03T16:55:52+00:00
camargue,2023-05-04,4,S2B_31TEH_20230504_0_L2A;S2B_31TEJ_20230504_0_L2A;S2B_31TFH_20230504_0_L2A;S2B_31TFJ_20230504_0_L2A,1.0,0.1398,0.8602,0.0778,0.1992,otsu,0.37,0.0821,77071.7,16387.2,0.2472,877.8,14960.3,19442.4,-0.1113,0.0133,0.1106,0.0149,ok,2026-09-03T16:55:52+00:00
camargue,2023-05-07,3,S2B_31TEJ_20230507_0_L2A;S2B_31TFH_20230507_0_L2A;S2B_31TFJ_20230507_0_L2A,1.0,0.1873,0.8127,0.0707,0.2227,otsu,0.355,0.068,77071.7,17350.6,0.277,831.0,16079.8,20601.4,-0.1526,0.0049,0.1227,0.017,ok,2026-09-03T16:55:52+00:00
camargue,2023-05-12,2,S2A_31TEH_20230512_0_L2A;S2A_31TFH_20230512_0_L2A,0.0007,0.9969,0.0,0.1696,0.0,fijo,,,77071.7,0.2,1.0,0.0,0.2,0.0,,,,,sin_datos,2026-09-03T16:55:52+00:00
camargue,2023-05-14,3,S2B_31TEH_20230514_0_L2A;S2B_31TFH_20230514_0_L2A;S2B_31TFJ_20230514_0_L2A,1.0,0.7394,0.2606,0.0943,0.2148,otsu,0.387,0.0943,77071.7,8107.5,0.4037,176.6,8070.1,10438.1,-0.1259,-0.0032,0.1043,0.0094,nublado,2026-09-03T16:55:52+00:00
camargue,2023-05-17,3,S2B_31TEH_20230517_0_L2A;S2B_31TEJ_20230517_0_L2A;S2B_31TFH_20230517_0_L2A,0.0423,0.4236,0.0244,0.0809,0.0273,otsu,1.052,0.117,77071.7,360.0,0.1918,45.6,214.2,392.5,0.0052,0.0455,0.0819,0.0,sin_datos,2026-09-03T16:55:52+00:00
camargue,2023-05-22,3,S2A_31TEJ_20230522_0_L2A;S2A_31TFH_20230522_0_L2A;S2A_31TFJ_20230522_0_L2A,1.0,0.015,0.985,0.0687,0.0742,otsu,0.595,0.0911,77071.7,25046.9,0.3299,2380.8,21587.7,26867.5,-0.0663,0.0375,0.1267,0.0113,ok,2026-09-03T16:55:52+00:00
camargue,2023-05-24,4,S2B_31TEH_20230524_0_L2A;S2B_31TEJ_20230524_0_L2A;S2B_31TFH_20230524_0_L2A;S2B_31TFJ_20230524_0_L2A,1.0,0.005,0.995,0.0764,0.1914,otsu,0.514,0.0881,77071.7,23758.1,0.3098,1815.2,21360.6,27662.9,-0.0691,0.0304,0.1259,0.0146,ok,2026-09-03T16:56:52+00:00
camargue,2023-05-27,4,S2B_31TEH_20230527_0_L2A;S2B_31TEJ_20230527_0_L2A;S2B_31TFH_20230527_0_L2A;S2B_31TFJ_20230527_0_L2A,1.0,0.1339,0.8661,0.0732,0.1055,otsu,0.659,0.0883,77071.7,15445.4,0.2314,2540.3,12453.9,17086.2,-0.0578,0.0458,0.1298,0.0121,ok,2026-09-03T16:56:52+00:00
camargue,2023-05-29,4,S2A_31TEH_20230529_0_L2A;S2A_31TEJ_20230529_0_L2A;S2A_31TFH_20230529_0_L2A;S2A_31TFJ_20230529_0_L2A,1.0,0.2256,0.7744,0.0798,0.1602,otsu,0.481,0.0797,77071.7,17302.1,0.2899,1601.6,15791.2,20263.5,-0.1046,0.0244,0.1232,0.008,nublado,2026-09-03T16:56:52+00:00
camargue,2023-06-01,4,S2A_31TEH_20230601_0_L2A;S2A_31TEJ_20230601_0_L2A;S2A_31TFH_20230601_0_L2A;S2A_31TFJ_20230601_0_L2A,1.0,0.0712,0.9288,0.0653,0.082,otsu,0.648,0.083,77071.7,21731.8,0.3036,2592.8,19063.5,24693.4,-0.0856,0.0274,0.1343,0.0173,ok,2026-09-03T16:56:52+00:00
camargue,2023-06-03,4,S2B_31TEH_20230603_0_L2A;S2B_31TEJ_20230603_0_L2A;S2B_31TFH_20230603_0_L2A;S2B_31TFJ_20230603_0_L2A,1.0,0.5094,0.4906,0.0928,0.2461,otsu,0.492,0.0901,77071.7,12941.6,0.3423,813.0,12539.8,16894.6,-0.0886,0.0352,0.1271,0.0162,nublado,2026-09-03T16:56:52+00:00
camargue,2023-06-06,4,S2B_31TEH_20230606_1_L2A;S2B_31TEJ_20230606_0_L2A;S2B_31TFH_20230606_0_L2A;S2B_31TFJ_20230606_0_L2A,1.0,0.3307,0.6693,0.0926,0.0352,otsu,0.676,0.1094,77071.7,16409.0,0.3181,2061.1,14639.2,19678.4,-0.0675,0.029,0.1075,0.0066,nublado,2026-09-03T16:56:52+00:00
camargue,2023-06-08,1,S2A_31TEH_20230608_0_L2A,0.0,0.0,0.0,,0.0,fijo,,,77071.7,0.0,0.0,0.0,0.0,0.0,,,,,sin_datos,2026-09-03T16:56:52+00:00
camargue,2023-06-11,1,S2A_31TFJ_20230611_0_L2A,1.0,0.489,0.511,0.0768,-0.0508,otsu,0.632,0.1285,77071.7,8315.7,0.2111,1697.6,7408.6,9296.5,-0.066,0.0315,0.1025,0.0089,nublado,2026-09-03T16:56:52+00:00
camargue,2023-06-16,4,S2B_31TEH_20230616_0_L2A;S2B_31TEJ_20230616_0_L2A;S2B_31TFH_20230616_0_L2A;S2B_31TFJ_20230616_0_L2A,1.0,0.1063,0.8937,0.0804,-0.0352,otsu,0.774,0.123,77071.7,17501.3,0.2541,4478.9,14200.5,19872.0,-0.0274,0.0271,0.0834,0.0004,ok,2026-09-03T16:56:52+00:00
camargue,2023-06-18,3,S2A_31TEH_20230618_0_L2A;S2A_31TEJ_20230618_0_L2A;S2A_31TFJ_20230618_0_L2A,1.0,0.2919,0.7081,0.0895,0.043,otsu,0.676,0.111,77071.7,14641.6,0.2683,1528.0,13710.2,16817.3,-0.0395,0.0337,0.1001,0.0054,nublado,2026-09-03T16:56:52+00:00
camargue,2023-06-21,1,S2A_31TEJ_20230621_0_L2A,0.0416,1.002,0.0,,0.0,fijo,,,77071.7,0.0,0.0,0.0,0.0,0.0,,,,,sin_datos,2026-09-03T16:56:52+00:00
camargue,2023-06-23,4,S2B_31TEH_20230623_0_L2A;S2B_31TEJ_20230623_0_L2A;S2B_31TFH_20230623_0_L2A;S2B_31TFJ_20230623_0_L2A,1.0,0.0074,0.9926,0.0849,0.1055,otsu,0.838,0.105,77071.7,21693.8,0.2836,2270.2,17771.5,25776.3,-0.008,0.0383,0.0877,0.003,ok,2026-09-03T16:56:52+00:00
camargue,2023-06-26,4,S2B_31TEH_20230626_0_L2A;S2B_31TEJ_20230626_0_L2A;S2B_31TFH_20230626_0_L2A;S2B_31TFJ_20230626_0_L2A,1.0,0.0818,0.9182,0.0832,-0.0586,otsu,0.805,0.1299,77071.7,17229.9,0.2435,3441.9,13999.4,19853.3,-0.0239,0.0353,0.0937,0.0017,ok,2026-09-03T16:58:01+00:00
camargue,2023-06-28,4,S2A_31TEH_20230628_0_L2A;S2A_31TEJ_20230628_0_L2A;S2A_31TFH_20230628_0_L2A;S2A_31TFJ_20230628_0_L2A,1.0,0.0184,0.9816,0.0804,0.1367,otsu,0.724,0.0942,77071.7,20820.3,0.2752,1497.4,19333.3,25784.0,-0.0292,0.0486,0.1127,0.0122,ok,2026-09-03T16:58:01+00:00
camargue,2023-07-01,3,S2A_31TEH_20230701_0_L2A;S2A_31TFH_20230701_0_L2A;S2A_31TFJ_20230701_0_L2A,1.0,0.1973,0.8027,0.0758,-0.0195,otsu,0.734,0.1158,77071.7,15431.0,0.2494,1469.4,13465.6,18354.4,-0.027,0.0426,0.1039,0.0084,ok,2026-09-03T16:58:01+00:00
camargue,2023-07-03,4,S2B_31TEH_20230703_0_L2A;S2B_31TEJ_20230703_0_L2A;S2B_31TFH_20230703_0_L2A;S2B_31TFJ_20230703_0_L2A,1.0,0.0176,0.9824,0.0806,0.1445,otsu,0.538,0.0878,77071.7,19949.1,0.2635,1434.2,18686.9,25340.5,-0.0773,0.027,0.1163,0.0141,ok,2026-09-03T16:58:01+00:00
camargue,2023-07-06,3,S2B_31TEJ_20230706_0_L2A;S2B_31TFH_20230706_0_L2A;S2B_31TFJ_20230706_0_L2A,1.0,0.5644,0.4356,0.0927,0.0898,otsu,0.768,0.1073,77071.7,10657.4,0.3174,549.1,9607.2,15157.3,-0.0379,0.0495,0.1304,0.0213,nublado,2026-09-03T16:58:01+00:00
camargue,2023-07-08,4,S2A_31TEH_20230708_0_L2A;S2A_31TEJ_20230708_0_L2A;S2A_31TFH_20230708_0_L2A;S2A_31TFJ_20230708_0_L2A,1.0,0.0232,0.9768,0.0673,0.1602,otsu,0.44,0.0618,77071.7,19320.2,0.2566,1021.9,18305.8,25390.9,-0.1193,0.0359,0.1538,0.0363,ok,2026-09-03T16:58:01+00:00
camargue,2023-07-11,4,S2A_31TEH_20230711_0_L2A;S2A_31TEJ_20230711_0_L2A;S2A_31TFH_20230711_0_L2A;S2A_31TFJ_20230711_0_L2A,1.0,0.0393,0.9607,0.0786,-0.0742,otsu,0.812,0.0958,77071.7,19565.8,0.2643,1699.2,15963.5,24402.9,-0.0273,0.0542,0.1168,0.0075,ok,2026-09-03T16:58:01+00:00
camargue,2023-07-13,4,S2B_31TEH_20230713_0_L2A;S2B_31TEJ_20230713_0_L2A;S2B_31TFH_20230713_0_L2A;S2B_31TFJ_20230713_0_L2A,1.0,0.0313,0.9687,0.0733,0.168,otsu,0.514,0.0715,77071.7,19315.8,0.2587,1449.3,18216.6,25069.0,-0.1,0.0368,0.1522,0.0423,ok,2026-09-03T16:58:01+00:00
camargue,2023-07-16,4,S2B_31TEH_20230716_1_L2A;S2B_31TEJ_20230716_0_L2A;S2B_31TFH_20230716_1_L2A;S2B_31TFJ_20230716_0_L2A,1.0,0.0193,0.9807,0.0761,0.1289,otsu,0.548,0.0819,77071.7,19668.6,0.2602,1585.3,18454.7,25245.9,-0.1031,0.0379,0.1462,0.034,ok,2026-09-03T16:58:01+00:00
camargue,2023-07-18,3,S2A_31TEJ_20230718_0_L2A;S2A_31TFH_20230718_0_L2A;S2A_31TFJ_20230718_0_L2A,1.0,0.657,0.343,0.0766,0.0664,otsu,0.588,0.0707,77071.7,7283.5,0.2755,453.4,6637.8,9938.4,-0.0319,0.0498,0.1564,0.0471,nublado,2026-09-03T16:58:01+00:00
camargue,2023-07-21,4,S2A_31TEH_20230721_0_L2A;S2A_31TEJ_20230721_0_L2A;S2A_31TFH_20230721_0_L2A;S2A_31TFJ_20230721_0_L2A,1.0,0.0169,0.9831,0.0773,0.0117,otsu,0.664,0.0906,77071.7,19982.9,0.2637,1739.4,17866.2,24560.8,-0.0507,0.0477,0.1322,0.0229,ok,2026-09-03T16:58:01+00:00
camargue,2023-07-23,4,S2B_31TEH_20230723_0_L2A;S2B_31TEJ_20230723_0_L2A;S2B_31TFH_20230723_0_L2A;S2B_31TFJ_20230723_0_L2A,1.0,0.0266,0.9734,0.0711,0.168,otsu,0.472,0.0677,77071.7,18735.0,0.2497,1313.6,17713.1,24939.4,-0.1225,0.0276,0.1653,0.0575,ok,2026-09-03T16:58:01+00:00
camargue,2023-07-26,4,S2B_31TEH_20230726_0_L2A;S2B_31TEJ_20230726_0_L2A;S2B_31TFH_20230726_0_L2A;S2B_31TFJ_20230726_0_L2A,1.0,0.3265,0.6735,0.0853,0.0195,otsu,0.699,0.1156,77071.7,13519.8,0.2605,1135.2,11645.8,16468.3,-0.0347,0.023,0.1051,0.0109,nublado,2026-09-03T16:59:20+00:00
camargue,2023-07-28,4,S2A_31TEH_20230728_0_L2A;S2A_31TEJ_20230728_0_L2A;S2A_31TFH_20230728_0_L2A;S2A_31TFJ_20230728_0_L2A,1.0,0.0737,0.9263,0.058,0.2305,otsu,0.434,0.0628,77071.7,15746.6,0.2206,1123.8,14956.8,22325.8,-0.1415,0.0176,0.1771,0.073,ok,2026-09-03T16:59:20+00:00
camargue,2023-07-31,4,S2A_31TEH_20230731_0_L2A;S2A_31TEJ_20230731_0_L2A;S2A_31TFH_20230731_0_L2A;S2A_31TFJ_20230731_0_L2A,1.0,0.0051,0.9949,0.0678,0.043,otsu,0.609,0.0894,77071.7,19476.5,0.254,1783.7,17042.6,24697.9,-0.0433,0.0325,0.1296,0.0288,ok,2026-09-03T16:59:20+00:00
camargue,2023-08-02,4,S2B_31TEH_20230802_0_L2A;S2B_31TEJ_20230802_0_L2A;S2B_31TFH_20230802_0_L2A;S2B_31TFJ_20230802_0_L2A,1.0,0.0092,0.9908,0.0701,0.2305,otsu,0.434,0.0715,77071.7,18086.2,0.2368,1281.9,17083.2,25204.6,-0.1192,0.016,0.1653,0.0592,ok,2026-09-03T16:59:20+00:00
camargue,2023-08-05,4,S2B_31TEH_20230805_0_L2A;S2B_31TEJ_20230805_0_L2A;S2B_31TFH_20230805_0_L2A;S2B_31TFJ_20230805_0_L2A,1.0,0.0203,0.9797,0.083,0.0273,otsu,0.904,0.124,77071.7,19440.0,0.2575,1465.0,15183.8,24127.7,0.0083,0.0379,0.0913,0.006,ok,2026-09-03T16:59:20+00:00
camargue,2023-08-07,8,S2A_31TEH_20230807_0_L2A;S2A_31TEH_20230807_1_L2A;S2A_31TEJ_20230807_0_L2A;S2A_31TEJ_20230807_1_L2A;S2A_31TFH_20230807_0_L2A;S2A_31TFH_20230807_1_L2A;S2A_31TFJ_20230807_0_L2A;S2A_31TFJ_20230807_1_L2A,1.0,0.0237,0.9763,0.0762,0.1602,otsu,0.764,0.0916,77071.7,18089.6,0.2404,1188.3,16070.7,24507.0,-0.0115,0.0356,0.1114,0.0279,ok,2026-09-03T16:59:20+00:00
camargue,2023-08-10,4,S2A_31TEH_20230810_0_L2A;S2A_31TEJ_20230810_0_L2A;S2A_31TFH_20230810_0_L2A;S2A_31TFJ_20230810_0_L2A,1.0,0.2756,0.7244,0.0795,-0.0117,otsu,0.738,0.0946,77071.7,13938.9,0.2497,799.2,11948.0,18249.3,-0.0448,0.0304,0.1066,0.0067,nublado,2026-09-03T16:59:20+00:00
camargue,2023-08-12,3,S2B_31TEH_20230812_0_L2A;S2B_31TEJ_20230812_0_L2A;S2B_31TFJ_20230812_0_L2A,1.0,0.6049,0.3951,0.0808,0.1758,otsu,0.575,0.0848,77071.7,7730.7,0.2539,388.2,7890.9,11717.6,-0.0858,0.0314,0.149,0.0479,nublado,2026-09-03T16:59:20+00:00
camargue,2023-08-15,4,S2B_31TEH_20230815_0_L2A;S2B_31TEJ_20230815_0_L2A;S2B_31TFH_20230815_0_L2A;S2B_31TFJ_20230815_0_L2A,1.0,0.5187,0.4813,0.0707,0.1211,otsu,0.506,0.0794,77071.7,10834.7,0.2921,1041.3,10464.3,13851.0,-0.1188,0.0125,0.1334,0.0334,nublado,2026-09-03T16:59:20+00:00
camargue,2023-08-17,4,S2A_31TEH_20230817_0_L2A;S2A_31TEJ_20230817_0_L2A;S2A_31TFH_20230817_0_L2A;S2A_31TFJ_20230817_0_L2A,1.0,0.0343,0.9657,0.0613,0.1445,otsu,0.496,0.0563,77071.7,17053.0,0.2291,1445.0,15950.1,23959.0,-0.1175,0.035,0.1716,0.0669,ok,2026-09-03T16:59:20+00:00
camargue,2023-08-20,4,S2A_31TEH_20230820_0_L2A;S2A_31TEJ_20230820_0_L2A;S2A_31TFH_20230820_0_L2A;S2A_31TFJ_20230820_0_L2A,1.0,0.0267,0.9733,0.0559,0.1602,otsu,0.456,0.0532,77071.7,17076.0,0.2276,1369.1,16194.6,23856.8,-0.1237,0.0215,0.1654,0.0635,ok,2026-09-03T16:59:20+00:00
camargue,2023-08-22,4,S2B_31TEH_20230822_0_L2A;S2B_31TEJ_20230822_0_L2A;S2B_31TFH_20230822_0_L2A;S2B_31TFJ_20230822_0_L2A,1.0,0.0353,0.9647,0.0636,0.2227,otsu,0.391,0.0564,77071.7,16717.8,0.2249,1430.2,16265.8,23955.2,-0.1513,0.0222,0.1789,0.0765,ok,2026-09-03T16:59:20+00:00
camargue,2023-08-25,3,S2B_31TEH_20230825_0_L2A;S2B_31TFH_20230825_0_L2A;S2B_31TFJ_20230825_0_L2A,1.0,0.4021,0.5979,0.0941,0.1367,otsu,0.567,0.0943,77071.7,13396.2,0.2907,1302.4,13124.6,19122.1,-0.0801,0.0342,0.14,0.0395,nublado,2026-09-03T17:00:33+00:00
camargue,2023-08-30,4,S2A_31TEH_20230830_0_L2A;S2A_31TEJ_20230830_0_L2A;S2A_31TFH_20230830_0_L2A;S2A_31TFJ_20230830_0_L2A,1.0,0.007,0.993,0.0682,0.1133,otsu,0.858,0.0886,77071.7,19179.2,0.2506,1816.2,16565.4,27063.4,-0.0305,0.05,0.1151,0.0235,ok,2026-09-03T17:00:33+00:00
camargue,2023-09-01,4,S2B_31TEH_20230901_0_L2A;S2B_31TEJ_20230901_0_L2A;S2B_31TFH_20230901_0_L2A;S2B_31TFJ_20230901_0_L2A,1.0,0.5052,0.4948,0.0755,0.168,otsu,0.386,0.0772,77071.7,8823.7,0.2314,489.6,8321.0,11389.3,-0.1573,-0.0166,0.1066,0.0135,nublado,2026-09-03T17:00:33+00:00
camargue,2023-09-04,4,S2B_31TEH_20230904_0_L2A;S2B_31TEJ_20230904_0_L2A;S2B_31TFH_20230904_0_L2A;S2B_31TFJ_20230904_0_L2A,1.0,0.0086,0.9914,0.0604,0.1445,otsu,0.526,0.0631,77071.7,18493.9,0.242,1289.9,17297.3,25635.4,-0.1152,0.023,0.1437,0.0402,ok,2026-09-03T17:00:33+00:00
camargue,2023-09-06,8,S2A_31TEH_20230906_0_L2A;S2A_31TEH_20230906_1_L2A;S2A_31TEJ_20230906_0_L2A;S2A_31TEJ_20230906_1_L2A;S2A_31TFH_20230906_0_L2A;S2A_31TFH_20230906_1_L2A;S2A_31TFJ_20230906_0_L2A;S2A_31TFJ_20230906_1_L2A,1.0,0.011,0.989,0.0593,0.2305,otsu,0.406,0.059,77071.7,18205.1,0.2388,1189.4,17595.4,24889.1,-0.1389,0.0157,0.1632,0.0612,ok,2026-09-03T17:00:33+00:00
camargue,2023-09-09,4,S2A_31TEH_20230909_0_L2A;S2A_31TEJ_20230909_0_L2A;S2A_31TFH_20230909_0_L2A;S2A_31TFJ_20230909_0_L2A,1.0,0.0107,0.9893,0.0539,0.2383,otsu,0.375,0.0555,77071.7,18304.6,0.2401,1301.8,17677.4,24546.2,-0.141,-0.0029,0.1534,0.0559,ok,2026-09-03T17:00:33+00:00
camargue,2023-09-11,3,S2B_31TEJ_20230911_0_L2A;S2B_31TFH_20230911_0_L2A;S2B_31TFJ_20230911_0_L2A,1.0,0.0911,0.9089,0.0611,0.207,otsu,0.391,0.0575,77071.7,15986.9,0.2282,1293.4,15410.2,21364.3,-0.1482,0.0028,0.1456,0.0468,ok,2026-09-03T17:00:33+00:00
camargue,2023-09-14,4,S2B_31TEH_20230914_0_L2A;S2B_31TEJ_20230914_0_L2A;S2B_31TFH_20230914_0_L2A;S2B_31TFJ_20230914_0_L2A,1.0,0.0742,0.9258,0.0604,0.1836,otsu,0.409,0.0695,77071.7,18170.9,0.2547,1435.5,17376.3,23787.2,-0.1005,0.029,0.1541,0.0588,ok,2026-09-03T17:00:33+00:00
camargue,2023-09-16,1,S2A_31TEH_20230916_0_L2A,0.0,0.0,0.0,,0.0,fijo,,,77071.7,0.0,0.0,0.0,0.0,0.0,,,,,sin_datos,2026-09-03T17:00:33+00:00
camargue,2023-09-19,4,S2A_31TEH_20230919_0_L2A;S2A_31TEJ_20230919_0_L2A;S2A_31TFH_20230919_0_L2A;S2A_31TFJ_20230919_0_L2A,1.0,0.0037,0.9963,0.0521,0.2227,otsu,0.33,0.0642,77071.7,19213.6,0.2502,1389.1,18477.3,25384.5,-0.1139,0.0178,0.1599,0.0611,ok,2026-09-03T17:00:33+00:00
camargue,2023-09-24,4,S2B_31TEH_20230924_0_L2A;S2B_31TEJ_20230924_0_L2A;S2B_31TFH_20230924_0_L2A;S2B_31TFJ_20230924_0_L2A,1.0,0.009,0.991,0.0618,0.2227,otsu,0.611,0.0817,77071.7,19719.7,0.2582,1471.7,18469.4,26181.9,-0.0512,0.0271,0.1107,0.0324,ok,2026-09-03T17:00:33+00:00
camargue,2023-09-26,4,S2A_31TEH_20230926_0_L2A;S2A_31TEJ_20230926_0_L2A;S2A_31TFH_20230926_0_L2A;S2A_31TFJ_20230926_0_L2A,1.0,0.0097,0.9903,0.0559,0.2461,otsu,0.372,0.0599,77071.7,18883.8,0.2474,1273.4,18166.2,25994.9,-0.1379,-0.0101,0.1372,0.0422,ok,2026-09-03T17:00:33+00:00
camargue,2023-09-29,4,S2A_31TEH_20230929_0_L2A;S2A_31TEJ_20230929_0_L2A;S2A_31TFH_20230929_0_L2A;S2A_31TFJ_20230929_0_L2A,1.0,0.0055,0.9945,0.053,0.2305,otsu,0.37,0.0566,77071.7,18885.0,0.2464,1244.5,18261.8,25328.6,-0.1356,0.0057,0.1506,0.0516,ok,2026-09-03T17:01:44+00:00
camargue,2023-10-01,4,S2B_31TEH_20231001_0_L2A;S2B_31TEJ_20231001_0_L2A;S2B_31TFH_20231001_0_L2A;S2B_31TFJ_20231001_0_L2A,1.0,0.0118,0.9882,0.0658,0.2305,otsu,0.349,0.0706,77071.7,18865.3,0.2477,1220.8,18255.4,25951.8,-0.1244,0.0108,0.1406,0.0453,ok,2026-09-03T17:01:44+00:00
camargue,2023-10-04,4,S2B_31TEH_20231004_0_L2A;S2B_31TEJ_20231004_0_L2A;S2B_31TFH_20231004_0_L2A;S2B_31TFJ_20231004_0_L2A,1.0,0.1716,0.8284,0.0667,0.1758,otsu,0.727,0.0804,77071.7,15205.3,0.2381,1284.8,13842.2,19631.4,-0.0194,0.0353,0.1047,0.0321,ok,2026-09-03T17:01:44+00:00
camargue,2023-10-06,4,S2A_31TEH_20231006_0_L2A;S2A_31TEJ_20231006_0_L2A;S2A_31TFH_20231006_0_L2A;S2A_31TFJ_20231006_0_L2A,1.0,0.0074,0.9926,0.0594,0.2305,otsu,0.374,0.0632,77071.7,18427.7,0.2409,1208.3,17496.8,25106.2,-0.1087,0.0033,0.1288,0.0424,ok,2026-09-03T17:01:44+00:00
camargue,2023-10-09,4,S2A_31TEH_20231009_0_L2A;S2A_31TEJ_20231009_0_L2A;S2A_31TFH_20231009_0_L2A;S2A_31TFJ_20231009_0_L2A,1.0,0.1936,0.8064,0.0696,0.1289,otsu,0.639,0.0763,77071.7,13208.6,0.2125,790.2,13133.8,19853.8,-0.0906,0.0141,0.1175,0.0224,ok,2026-09-03T17:01:44+00:00
camargue,2023-10-11,4,S2B_31TEH_20231011_0_L2A;S2B_31TEJ_20231011_0_L2A;S2B_31TFH_20231011_0_L2A;S2B_31TFJ_20231011_0_L2A,1.0,0.1761,0.8239,0.0729,0.207,otsu,0.381,0.0695,77071.7,15846.9,0.2496,972.2,15846.9,21389.3,-0.1476,-0.0103,0.1165,0.0257,ok,2026-09-03T17:01:44+00:00
camargue,2023-10-14,3,S2B_31TEH_20231014_0_L2A;S2B_31TFH_20231014_0_L2A;S2B_31TFJ_20231014_0_L2A,1.0,0.4949,0.5051,0.0781,0.1836,otsu,0.549,0.069,77071.7,10079.2,0.2589,442.2,11616.5,15476.8,-0.1552,0.016,0.1175,0.0157,nublado,2026-09-03T17:01:44+00:00
camargue,2023-10-21,4,S2B_31TEH_20231021_0_L2A;S2B_31TEJ_20231021_0_L2A;S2B_31TFH_20231021_0_L2A;S2B_31TFJ_20231021_0_L2A,1.0,0.4232,0.5768,0.0602,0.2148,otsu,0.47,0.0843,77071.7,10940.6,0.2461,617.9,10649.9,13559.0,-0.0817,0.0214,0.111,0.0156,nublado,2026-09-03T17:01:44+00:00
camargue,2023-10-24,2,S2B_31TEH_20231024_0_L2A;S2B_31TFH_20231024_0_L2A,0.0007,0.0,0.0007,0.0608,0.0,fijo,0.939,0.0549,77071.7,19.0,0.3719,1.0,16.2,26.4,-0.0466,-0.0247,0.0632,0.0,sin_datos,2026-09-03T17:01:44+00:00
camargue,2023-10-31,8,S2B_31TEH_20231031_0_L2A;S2B_31TEH_20231031_1_L2A;S2B_31TEJ_20231031_0_L2A;S2B_31TEJ_20231031_1_L2A;S2B_31TFH_20231031_0_L2A;S2B_31TFH_20231031_1_L2A;S2B_31TFJ_20231031_0_L2A;S2B_31TFJ_20231031_1_L2A,1.0,0.0009,0.9991,0.0586,0.2305,otsu,0.64,0.0768,77071.7,22457.9,0.2917,1143.0,21000.5,28443.5,-0.0546,0.0409,0.1262,0.0329,ok,2026-09-03T17:02:52+00:00
camargue,2023-11-03,1,S2B_31TFH_20231103_0_L2A,0.0007,1.0,0.0,,0.0,fijo,,,77071.7,0.0,0.0,0.0,0.0,0.0,,,,,sin_datos,2026-09-03T17:01:44+00:00
camargue,2023-11-05,4,S2A_31TEH_20231105_0_L2A;S2A_31TEJ_20231105_0_L2A;S2A_31TFH_20231105_0_L2A;S2A_31TFJ_20231105_0_L2A,1.0,0.0352,0.9648,0.0569,0.1992,otsu,0.746,0.0752,77071.7,22909.4,0.3081,880.2,18385.4,28554.1,-0.0277,0.0421,0.1044,0.0209,ok,2026-09-03T17:02:52+00:00
camargue,2023-11-08,4,S2A_31TEH_20231108_0_L2A;S2A_31TEJ_20231108_0_L2A;S2A_31TFH_20231108_0_L2A;S2A_31TFJ_20231108_0_L2A,1.0,0.047,0.953,0.0498,0.2227,otsu,0.337,0.0556,77071.7,19657.3,0.2676,898.7,18581.4,25536.2,-0.148,-0.0327,0.1091,0.0273,ok,2026-09-03T17:01:44+00:00
camargue,2023-11-10,2,S2B_31TEH_20231110_0_L2A;S2B_31TEJ_20231110_0_L2A,0.0416,0.8708,0.0055,0.0663,0.1367,otsu,1.138,0.0629,77071.7,130.7,0.3111,26.7,125.4,297.1,-0.0631,0.044,0.1036,0.0012,sin_datos,2026-09-03T17:01:44+00:00
camargue,2023-11-13,2,S2B_31TEH_20231113_0_L2A;S2B_31TEJ_20231113_0_L2A,0.0416,1.002,0.0,,0.0,fijo,,,77071.7,0.0,0.0,0.0,0.0,0.0,,,,,sin_datos,2026-09-03T17:02:52+00:00
camargue,2023-11-15,4,S2A_31TEH_20231115_0_L2A;S2A_31TEJ_20231115_0_L2A;S2A_31TFH_20231115_0_L2A;S2A_31TFJ_20231115_0_L2A,1.0,0.0013,0.9987,0.0579,0.2148,otsu,0.556,0.0726,77071.7,22025.9,0.2862,1037.9,20784.6,28430.4,-0.0611,0.0233,0.1116,0.0294,ok,2026-09-03T17:02:52+00:00
camargue,2023-11-18,1,S2A_31TFJ_20231118_0_L2A,1.0,0.1814,0.8186,0.0599,0.2148,otsu,0.402,0.0739,77071.7,20314.1,0.322,590.7,19477.9,26118.1,-0.0964,0.011,0.1089,0.026,ok,2026-09-03T17:02:52+00:00
camargue,2023-11-20,4,S2B_31TEH_20231120_0_L2A;S2B_31TEJ_20231120_0_L2A;S2B_31TFH_20231120_0_L2A;S2B_31TFJ_20231120_0_L2A,1.0,0.0049,0.9951,0.0594,0.2461,otsu,0.33,0.0615,77071.7,21371.0,0.2787,766.2,20573.0,28222.2,-0.1697,-0.019,0.1168,0.0291,ok,2026-09-03T17:02:52+00:00
camargue,2023-11-25,4,S2A_31TEH_20231125_0_L2A;S2A_31TEJ_20231125_0_L2A;S2A_31TFH_20231125_0_L2A;S2A_31TFJ_20231125_0_L2A,1.0,0.0032,0.9968,0.0738,0.1992,otsu,1.135,0.0989,77071.7,22108.0,0.2878,789.8,9479.7,27932.0,0.0271,0.0378,0.063,0.0053,espectro_anomalo,2026-09-03T17:02:52+00:00
camargue,2023-11-28,1,S2A_31TFJ_20231128_0_L2A,1.0,0.7848,0.2152,0.0811,0.1289,otsu,0.664,0.106,77071.7,4661.8,0.281,66.9,4991.5,5964.0,-0.1078,-0.0122,0.0458,0.0002,nublado,2026-09-03T17:02:52+00:00
camargue,2023-12-03,4,S2B_31TEH_20231203_0_L2A;S2B_31TEJ_20231203_0_L2A;S2B_31TFH_20231203_0_L2A;S2B_31TFJ_20231203_0_L2A,1.0,0.015,0.985,0.0721,0.2383,otsu,0.833,0.0964,77071.7,22420.2,0.2953,885.0,16331.2,28196.8,-0.0171,0.0185,0.0692,0.0097,ok,2026-09-03T17:02:52+00:00
camargue,2023-12-05,4,S2A_31TEH_20231205_0_L2A;S2A_31TEJ_20231205_0_L2A;S2A_31TFH_20231205_0_L2A;S2A_31TFJ_20231205_0_L2A,1.0,0.0013,0.9987,0.0648,0.2227,otsu,0.451,0.0841,77071.7,22574.1,0.2933,696.6,21006.7,28798.6,-0.0709,0.0109,0.0947,0.0137,ok,2026-09-03T17:02:52+00:00
camargue,2023-12-10,3,S2B_31TEH_20231210_0_L2A;S2B_31TFH_20231210_0_L2A;S2B_31TFJ_20231210_0_L2A,1.0,0.9645,0.0355,0.0512,0.168,otsu,0.574,0.0713,77071.7,550.4,0.2013,29.1,482.4,701.6,-0.1262,0.1135,0.2252,0.1985,nublado,2026-09-03T17:02:52+00:00
camargue,2023-12-15,4,S2A_31TEH_20231215_0_L2A;S2A_31TEJ_20231215_0_L2A;S2A_31TFH_20231215_0_L2A;S2A_31TFJ_20231215_0_L2A,1.0,0.0014,0.9986,0.0634,0.1992,otsu,0.895,0.089,77071.7,22817.3,0.2965,759.4,16031.8,28844.8,0.0018,0.0331,0.0843,0.0074,ok,2026-09-03T17:03:52+00:00
camargue,2023-12-18,4,S2A_31TEH_20231218_0_L2A;S2A_31TEJ_20231218_0_L2A;S2A_31TFH_20231218_0_L2A;S2A_31TFJ_20231218_0_L2A,1.0,0.0021,0.9979,0.0591,0.2461,otsu,0.369,0.0735,77071.7,22276.8,0.2896,543.4,20957.6,28955.7,-0.1243,-0.0262,0.0907,0.0111,ok,2026-09-03T17:03:52+00:00
camargue,2023-12-20,1,S2B_31TEJ_20231220_0_L2A,0.0416,1.002,0.0,,0.0,fijo,,,77071.7,0.0,0.0,0.0,0.0,0.0,,,,,sin_datos,2026-09-03T17:02:52+00:00
camargue,2023-12-23,4,S2B_31TEH_20231223_0_L2A;S2B_31TEJ_20231223_0_L2A;S2B_31TFH_20231223_0_L2A;S2B_31TFJ_20231223_0_L2A,1.0,0.0018,0.9982,0.072,0.2305,otsu,0.673,0.096,77071.7,21615.2,0.281,624.6,19937.6,28696.2,-0.039,0.0145,0.0842,0.0072,ok,2026-09-03T17:03:52+00:00
camargue,2023-12-25,4,S2A_31TEH_20231225_0_L2A;S2A_31TEJ_20231225_0_L2A;S2A_31TFH_20231225_0_L2A;S2A_31TFJ_20231225_0_L2A,1.0,0.0025,0.9975,0.0636,0.2539,otsu,0.324,0.0718,77071.7,21267.4,0.2766,463.7,20183.5,28736.2,-0.1455,-0.0239,0.0984,0.0187,ok,2026-09-03T17:03:52+00:00
camargue,2023-12-30,4,S2B_31TEH_20231230_0_L2A;S2B_31TEJ_20231230_0_L2A;S2B_31TFH_20231230_0_L2A;S2B_31TFJ_20231230_0_L2A,1.0,0.0069,0.9931,0.067,0.2539,otsu,0.327,0.0678,77071.7,21690.1,0.2834,487.5,20820.8,28568.8,-0.1796,-0.0129,0.1177,0.0183,ok,2026-09-03T17:03:52+00:00
camargue,2024-01-04,4,S2A_31TEH_20240104_0_L2A;S2A_31TEJ_20240104_0_L2A;S2A_31TFH_20240104_0_L2A;S2A_31TFJ_20240104_0_L2A,1.0,0.0041,0.9959,0.0606,0.2383,otsu,0.318,0.0642,77071.7,21731.8,0.2831,520.5,20484.2,28742.2,-0.151,-0.0138,0.111,0.0183,ok,2026-09-03T17:03:52+00:00
camargue,2024-01-07,1,S2A_31TEH_20240107_0_L2A,0.0,0.0,0.0,,0.0,fijo,,,77071.7,0.0,0.0,0.0,0.0,0.0,,,,,sin_datos,2026-09-03T17:03:52+00:00
camargue,2024-01-09,4,S2B_31TEH_20240109_0_L2A;S2B_31TEJ_20240109_0_L2A;S2B_31TFH_20240109_0_L2A;S2B_31TFJ_20240109_0_L2A,1.0,0.0085,0.9915,0.0854,0.2617,otsu,0.546,0.1038,77071.7,21778.6,0.285,385.9,20554.2,28851.8,-0.057,0.0163,0.0791,0.0072,ok,2026-09-03T17:03:52+00:00
camargue,2024-01-12,4,S2B_31TEH_20240112_0_L2A;S2B_31TEJ_20240112_0_L2A;S2B_31TFH_20240112_0_L2A;S2B_31TFJ_20240112_0_L2A,1.0,0.0012,0.9988,0.0613,0.2461,otsu,0.617,0.0921,77071.7,24290.6,0.3155,622.2,21669.1,29699.7,-0.0582,0.0197,0.0908,0.0095,ok,2026-09-03T17:03:52+00:00
camargue,2024-01-22,2,S2B_31TEH_20240122_0_L2A;S2B_31TFH_20240122_0_L2A,0.0007,1.0,0.0,,0.0,fijo,,,77071.7,0.0,0.0,0.0,0.0,0.0,,,,,sin_datos,2026-09-03T17:03:52+00:00
camargue,2024-01-24,4,S2A_31TEH_20240124_0_L2A;S2A_31TEJ_20240124_0_L2A;S2A_31TFH_20240124_0_L2A;S2A_31TFJ_20240124_0_L2A,1.0,0.0226,0.9774,0.0609,0.2305,otsu,0.316,0.064,77071.7,21314.4,0.2829,351.0,20369.8,27651.5,-0.1784,-0.0093,0.1259,0.0174,ok,2026-09-03T17:04:52+00:00
camargue,2024-01-27,3,S2A_31TEH_20240127_0_L2A;S2A_31TEJ_20240127_0_L2A;S2A_31TFH_20240127_0_L2A,0.0423,0.7389,0.011,0.0487,0.0195,otsu,0.46,0.069,77071.7,129.6,0.1524,9.3,94.7,110.9,-0.0377,0.037,0.1407,0.0037,sin_datos,2026-09-03T17:03:52+00:00
camargue,2024-02-03,4,S2A_31TEH_20240203_0_L2A;S2A_31TEJ_20240203_0_L2A;S2A_31TFH_20240203_0_L2A;S2A_31TFJ_20240203_0_L2A,1.0,0.0691,0.9309,0.0657,0.207,otsu,0.439,0.0768,77071.7,18074.6,0.2519,363.4,16805.4,24366.7,-0.0933,0.0189,0.1261,0.0159,ok,2026-09-03T17:04:52+00:00
camargue,2024-02-08,1,S2B_31TFJ_20240208_0_L2A,1.0,0.38,0.62,0.0765,0.1914,otsu,0.341,0.0782,77071.7,16131.5,0.3376,122.9,15241.6,20589.1,-0.152,-0.007,0.0997,0.0081,nublado,2026-09-03T17:03:52+00:00
camargue,2024-02-11,4,S2B_31TEH_20240211_0_L2A;S2B_31TEJ_20240211_0_L2A;S2B_31TFH_20240211_0_L2A;S2B_31TFJ_20240211_0_L2A,1.0,0.0326,0.9674,0.0584,0.2383,otsu,0.676,0.0819,77071.7,23480.3,0.3149,557.0,21787.8,28952.6,-0.0371,0.037,0.1152,0.0182,ok,2026-09-03T17:04:52+00:00
camargue,2024-02-13,4,S2A_31TEH_20240213_0_L2A;S2A_31TEJ_20240213_0_L2A;S2A_31TFH_20240213_0_L2A;S2A_31TFJ_20240213_0_L2A,1.0,0.2984,0.7016,0.0572,0.2305,otsu,0.5,0.073,77071.7,16448.5,0.3042,361.6,14906.4,21015.4,-0.0798,0.0283,0.1144,0.0171,nublado,2026-09-03T17:04:52+00:00
camargue,2024-02-18,3,S2B_31TEJ_20240218_0_L2A;S2B_31TFH_20240218_0_L2A;S2B_31TFJ_20240218_0_L2A,1.0,0.7095,0.2905,0.0835,0.1523,otsu,0.575,0.0898,77071.7,7617.8,0.3402,74.1,6809.3,9895.4,-0.0823,0.0234,0.1145,0.0129,nublado,2026-09-03T17:04:52+00:00
camargue,2024-02-23,3,S2A_31TEH_20240223_0_L2A;S2A_31TFH_20240223_0_L2A;S2A_31TFJ_20240223_0_L2A,1.0,0.503,0.497,0.0774,0.2695,otsu,0.534,0.0871,77071.7,15685.9,0.4095,166.4,15495.8,20019.4,-0.0667,0.0146,0.0961,0.0204,nublado,2026-09-03T17:04:52+00:00
camargue,2024-02-26,1,S2A_31TFH_20240226_0_L2A,0.0007,1.0,0.0,,0.0,fijo,,,77071.7,0.0,0.0,0.0,0.0,0.0,,,,,sin_datos,2026-09-03T17:04:52+00:00
camargue,2024-03-04,4,S2A_31TEH_20240304_0_L2A;S2A_31TEJ_20240304_0_L2A;S2A_31TFH_20240304_0_L2A;S2A_31TFJ_20240304_0_L2A,1.0,0.001,0.999,0.0569,0.2305,otsu,0.788,0.0871,77071.7,26151.2,0.3396,387.7,22573.1,30122.1,-0.0098,0.0438,0.1029,0.0185,ok,2026-09-03T17:04:52+00:00
camargue,2024-03-07,3,S2A_31TEJ_20240307_0_L2A;S2A_31TFH_20240307_0_L2A;S2A_31TFJ_20240307_0_L2A,1.0,0.0164,0.9836,0.0605,0.2383,otsu,0.285,0.0778,77071.7,24121.6,0.3182,271.5,22877.3,28533.3,-0.1179,-0.0163,0.1003,0.0161,ok,2026-09-03T17:04:52+00:00
camargue,2024-03-12,4,S2B_31TEH_20240312_0_L2A;S2B_31TEJ_20240312_0_L2A;S2B_31TFH_20240312_0_L2A;S2B_31TFJ_20240312_0_L2A,1.0,0.0074,0.9926,0.0585,0.2227,otsu,0.413,0.0868,77071.7,28896.5,0.3777,698.9,26577.0,31547.2,-0.0666,0.0214,0.121,0.0307,ok,2026-09-03T17:04:52+00:00
camargue,2024-03-14,4,S2A_31TEH_20240314_0_L2A;S2A_31TEJ_20240314_0_L2A;S2A_31TFH_20240314_0_L2A;S2A_31TFJ_20240314_0_L2A,1.0,0.2264,0.7736,0.0652,0.2539,otsu,0.277,0.0719,77071.7,24204.5,0.406,225.8,23930.7,27847.8,-0.1416,-0.0035,0.1151,0.0262,nublado,2026-09-03T17:04:52+00:00
camargue,2024-03-17,1,S2A_31TEH_20240317_0_L2A,0.0,0.0,0.0,,0.0,fijo,,,77071.7,0.0,0.0,0.0,0.0,0.0,,,,,sin_datos,2026-09-03T17:04:52+00:00
camargue,2024-03-19,3,S2B_31TEH_20240319_0_L2A;S2B_31TFH_20240319_0_L2A;S2B_31TFJ_20240319_0_L2A,1.0,0.4,0.6,0.061,0.2148,otsu,0.294,0.0654,77071.7,15018.4,0.3247,304.8,14559.5,17256.2,-0.1249,0.0096,0.1412,0.0346,nublado,2026-09-03T17:05:51+00:00
camargue,2024-03-22,2,S2B_31TEJ_20240322_0_L2A;S2B_31TFJ_20240322_0_L2A,1.0,0.1076,0.8924,0.0734,0.1445,otsu,0.446,0.0881,77071.7,21020.5,0.3056,405.3,20045.8,23110.9,-0.1157,-0.0077,0.0893,0.0097,ok,2026-09-03T17:05:51+00:00
camargue,2024-03-24,3,S2A_31TEH_20240324_0_L2A;S2A_31TEJ_20240324_0_L2A;S2A_31TFH_20240324_0_L2A,0.0423,0.3714,0.0266,0.0706,0.1836,otsu,0.424,0.0737,77071.7,750.2,0.3664,8.6,700.2,840.5,-0.0905,0.0079,0.1159,0.0194,sin_datos,2026-09-03T17:05:51+00:00
camargue,2024-03-27,4,S2A_31TEH_20240327_0_L2A;S2A_31TEJ_20240327_1_L2A;S2A_31TFH_20240327_0_L2A;S2A_31TFJ_20240327_0_L2A,1.0,0.1036,0.8964,0.0532,0.2695,otsu,0.215,0.0742,77071.7,26801.6,0.3879,386.4,25515.2,29529.1,-0.111,0.0008,0.0975,0.0131,ok,2026-09-03T17:05:51+00:00
camargue,2024-04-01,4,S2B_31TEH_20240401_0_L2A;S2B_31TEJ_20240401_0_L2A;S2B_31TFH_20240401_0_L2A;S2B_31TFJ_20240401_0_L2A,1.0,0.0005,0.9995,0.0524,0.2695,otsu,0.255,0.0785,77071.7,27816.3,0.3611,730.7,26610.2,30805.9,-0.1125,0.0006,0.1161,0.0277,ok,2026-09-03T17:05:51+00:00
camargue,2024-04-03,4,S2A_31TEH_20240403_0_L2A;S2A_31TEJ_20240403_0_L2A;S2A_31TFH_20240403_0_L2A;S2A_31TFJ_20240403_0_L2A,1.0,0.5847,0.4153,0.0649,0.2617,otsu,0.229,0.0735,77071.7,14388.8,0.4495,125.4,14287.5,16066.9,-0.1546,-0.013,0.0962,0.0103,nublado,2026-09-03T17:05:51+00:00
camargue,2024-04-06,1,S2A_31TFJ_20240406_0_L2A,1.0,0.9362,0.0638,0.0747,0.1836,otsu,0.57,0.0754,77071.7,2922.1,0.5943,8.0,2827.4,3395.8,-0.0455,0.0286,0.1182,0.0126,nublado,2026-09-03T17:05:51+00:00
camargue,2024-04-08,1,S2B_31TFH_20240408_0_L2A,0.0007,1.0,0.0,,0.0,fijo,,,77071.7,0.0,0.0,0.0,0.0,0.0,,,,,sin_datos,2026-09-03T17:05:51+00:00
camargue,2024-04-11,4,S2B_31TEH_20240411_0_L2A;S2B_31TEJ_20240411_0_L2A;S2B_31TFH_20240411_0_L2A;S2B_31TFJ_20240411_0_L2A,1.0,0.0038,0.9962,0.081,0.1367,otsu,0.876,0.1171,77071.7,26504.5,0.3452,951.4,18182.1,28796.2,0.0015,0.0394,0.0827,0.0071,ok,2026-09-03T17:05:51+00:00
camargue,2024-04-13,2,S2A_31TEH_20240413_0_L2A;S2A_31TFH_20240413_0_L2A,0.0007,1.0,0.0,,0.0,fijo,,,77071.7,0.0,0.0,0.0,0.0,0.0,,,,,sin_datos,2026-09-03T17:05:51+00:00
camargue,2024-04-16,4,S2A_31TEH_20240416_0_L2A;S2A_31TEJ_20240416_0_L2A;S2A_31TFH_20240416_0_L2A;S2A_31TFJ_20240416_0_L2A,1.0,0.4796,0.5204,0.085,0.1055,otsu,0.816,0.1046,77071.7,12945.9,0.3228,312.8,11406.6,14685.0,-0.0045,0.028,0.0747,0.0041,nublado,2026-09-03T17:05:51+00:00
camargue,2024-04-18,4,S2B_31TEH_20240418_0_L2A;S2B_31TEJ_20240418_0_L2A;S2B_31TFH_20240418_0_L2A;S2B_31TFJ_20240418_0_L2A,1.0,0.1048,0.8952,0.0875,0.1836,otsu,0.811,0.107,77071.7,23627.7,0.3425,738.9,20324.2,26923.5,-0.0089,0.0351,0.0746,0.0089,ok,2026-09-03T17:05:51+00:00
camargue,2024-04-21,4,S2B_31TEH_20240421_0_L2A;S2B_31TEJ_20240421_0_L2A;S2B_31TFH_20240421_0_L2A;S2B_31TFJ_20240421_0_L2A,1.0,0.0103,0.9897,0.0906,0.1055,otsu,1.077,0.1278,77071.7,24828.2,0.3255,1057.1,10175.4,26818.1,0.0231,0.0373,0.0634,0.0022,ok,2026-09-03T17:06:43+00:00
camargue,2024-04-23,3,S2A_31TEH_20240423_0_L2A;S2A_31TFH_20240423_0_L2A;S2A_31TFJ_20240423_0_L2A,1.0,0.7909,0.2091,0.0998,0.1992,otsu,0.924,0.1099,77071.7,6943.4,0.4308,273.4,4698.1,8131.7,-0.0063,0.0267,0.0572,0.0015,nublado,2026-09-03T17:06:43+00:00
camargue,2024-04-26,2,S2A_31TEH_20240426_0_L2A;S2A_31TFH_20240426_0_L2A,0.0007,1.0,0.0,,0.0,fijo,,,77071.7,0.0,0.0,0.0,0.0,0.0,,,,,sin_datos,2026-09-03T17:06:43+00:00
camargue,2024-05-03,4,S2A_31TEH_20240503_0_L2A;S2A_31TEJ_20240503_0_L2A;S2A_31TFH_20240503_0_L2A;S2A_31TFJ_20240503_0_L2A,1.0,0.0017,0.9983,0.0558,0.2695,otsu,0.326,0.0756,77071.7,25626.2,0.3331,908.5,24216.6,29374.2,-0.0954,0.0165,0.1122,0.0281,ok,2026-09-03T17:06:43+00:00
camargue,2024-05-08,4,S2B_31TEH_20240508_0_L2A;S2B_31TEJ_20240508_0_L2A;S2B_31TFH_20240508_0_L2A;S2B_31TFJ_20240508_0_L2A,1.0,0.0513,0.9487,0.0755,0.1758,otsu,0.86,0.1069,77071.7,24324.3,0.3327,1132.6,18390.9,27273.3,-0.0025,0.0489,0.0987,0.0132,ok,2026-09-03T17:06:43+00:00
camargue,2024-05-11,4,S2B_31TEH_20240511_0_L2A;S2B_31TEJ_20240511_0_L2A;S2B_31TFH_20240511_0_L2A;S2B_31TFJ_20240511_0_L2A,1.0,0.0572,0.9428,0.062,0.168,otsu,0.47,0.0726,77071.7,23521.6,0.3237,1391.2,21712.2,26182.2,-0.1273,0.0023,0.1113,0.0237,ok,2026-09-03T17:06:43+00:00
camargue,2024-05-13,3,S2A_31TEH_20240513_0_L2A;S2A_31TEJ_20240513_0_L2A;S2A_31TFH_20240513_0_L2A,0.0423,0.8565,0.0061,0.1087,0.0195,otsu,0.907,0.1043,77071.7,147.7,0.3145,30.2,152.8,232.8,-0.0817,0.0395,0.0978,0.0011,sin_datos,2026-09-03T17:06:43+00:00
camargue,2024-05-16,8,S2A_31TEH_20240516_0_L2A;S2A_31TEH_20240516_1_L2A;S2A_31TEJ_20240516_0_L2A;S2A_31TEJ_20240516_1_L2A;S2A_31TFH_20240516_0_L2A;S2A_31TFH_20240516_1_L2A;S2A_31TFJ_20240516_0_L2A;S2A_31TFJ_20240516_1_L2A,1.0,0.2036,0.7964,0.0547,0.1836,otsu,0.285,0.0666,77071.7,22889.6,0.3729,945.6,21364.0,25439.7,-0.129,0.0084,0.1217,0.0312,nublado,2026-09-03T17:06:43+00:00
camargue,2024-05-18,1,S2B_31TFH_20240518_0_L2A,0.0007,1.0,0.0,,0.0,fijo,,,77071.7,0.0,0.0,0.0,0.0,0.0,,,,,sin_datos,2026-09-03T17:06:43+00:00
camargue,2024-05-21,4,S2B_31TEH_20240521_0_L2A;S2B_31TEJ_20240521_0_L2A;S2B_31TFH_20240521_1_L2A;S2B_31TFJ_20240521_0_L2A,1.0,0.3126,0.6874,0.0834,0.1055,otsu,0.593,0.1022,77071.7,20436.0,0.3857,1281.1,18236.0,22148.0,-0.0507,0.0256,0.1007,0.0093,nublado,2026-09-03T17:06:43+00:00
camargue,2024-05-23,4,S2A_31TEH_20240523_0_L2A;S2A_31TEJ_20240523_0_L2A;S2A_31TFH_20240523_0_L2A;S2A_31TFJ_20240523_0_L2A,1.0,0.3498,0.6502,0.0766,0.2539,otsu,0.305,0.0807,77071.7,20432.6,0.4078,589.0,19713.6,23785.0,-0.1209,0.0098,0.1221,0.0239,nublado,2026-09-03T17:06:43+00:00
camargue,2024-05-26,4,S2A_31TEH_20240526_0_L2A;S2A_31TEJ_20240526_0_L2A;S2A_31TFH_20240526_0_L2A;S2A_31TFJ_20240526_0_L2A,1.0,0.3771,0.6229,0.0881,-0.0273,otsu,0.618,0.1142,77071.7,15197.8,0.3165,1639.0,13191.5,15297.8,-0.0685,0.0227,0.0961,0.0036,nublado,2026-09-03T17:07:43+00:00
camargue,2024-05-28,1,S2B_31TEH_20240528_0_L2A,0.0,0.0,0.0,,0.0,fijo,,,77071.7,0.0,0.0,0.0,0.0,0.0,,,,,sin_datos,2026-09-03T17:06:43+00:00
camargue,2024-05-31,4,S2B_31TEH_20240531_0_L2A;S2B_31TEJ_20240531_0_L2A;S2B_31TFH_20240531_0_L2A;S2B_31TFJ_20240531_0_L2A,1.0,0.3729,0.6271,0.0883,0.0508,otsu,0.73,0.1328,77071.7,15289.0,0.3163,1765.6,12378.7,14492.3,-0.021,0.0362,0.0911,0.0017,nublado,2026-09-03T17:07:43+00:00
camargue,2024-06-02,3,S2A_31TEH_20240602_0_L2A;S2A_31TFH_20240602_0_L2A;S2A_31TFJ_20240602_0_L2A,1.0,0.5236,0.4764,0.0871,0.1758,otsu,0.623,0.1006,77071.7,15713.0,0.4279,719.7,14181.6,17851.4,-0.0302,0.0327,0.1077,0.0092,nublado,2026-09-03T17:07:43+00:00
camargue,2024-06-05,4,S2A_31TEH_20240605_0_L2A;S2A_31TEJ_20240605_0_L2A;S2A_31TFH_20240605_0_L2A;S2A_31TFJ_20240605_0_L2A,1.0,0.1588,0.8412,0.0706,-0.0508,otsu,0.613,0.1225,77071.7,17734.7,0.2735,4005.8,14150.9,16075.0,-0.0489,0.0361,0.1177,0.0087,ok,2026-09-03T17:07:43+00:00
camargue,2024-06-10,3,S2B_31TEH_20240610_0_L2A;S2B_31TEJ_20240610_0_L2A;S2B_31TFH_20240610_0_L2A,0.0423,0.9854,0.0006,0.124,0.0,fijo,0.748,0.1319,77071.7,21.6,0.4383,2.6,19.5,18.4,-0.0358,0.0143,0.0691,0.0,sin_datos,2026-09-03T17:07:43+00:00
camargue,2024-06-12,4,S2A_31TEH_20240612_0_L2A;S2A_31TEJ_20240612_0_L2A;S2A_31TFH_20240612_0_L2A;S2A_31TFJ_20240612_0_L2A,1.0,0.0076,0.9924,0.0722,0.1211,otsu,0.629,0.092,77071.7,24713.6,0.3231,3289.8,21749.4,26826.7,-0.0308,0.0278,0.1092,0.0124,ok,2026-09-03T17:07:43+00:00
camargue,2024-06-15,2,S2A_31TEH_20240615_0_L2A;S2A_31TFH_20240615_0_L2A,0.0007,0.9844,0.0,0.1703,0.0,fijo,,,77071.7,0.6,0.8,0.0,0.8,0.8,,,,,sin_datos,2026-09-03T17:07:43+00:00
camargue,2024-06-17,3,S2B_31TEH_20240617_0_L2A;S2B_31TFH_20240617_0_L2A;S2B_31TFJ_20240617_0_L2A,1.0,0.4725,0.5275,0.0991,0.0898,otsu,0.636,0.1046,77071.7,13216.8,0.3251,1513.6,11745.9,15609.9,-0.0496,0.0317,0.1166,0.013,nublado,2026-09-03T17:07:43+00:00
camargue,2024-06-22,4,S2A_31TEH_20240622_0_L2A;S2A_31TEJ_20240622_0_L2A;S2A_31TFH_20240622_0_L2A;S2A_31TFJ_20240622_0_L2A,1.0,0.059,0.941,0.0689,0.1289,otsu,0.511,0.0841,77071.7,22295.2,0.3074,2864.2,20164.0,25041.9,-0.0491,0.0308,0.1358,0.0279,ok,2026-09-03T17:07:43+00:00
camargue,2024-06-25,4,S2A_31TEH_20240625_0_L2A;S2A_31TEJ_20240625_0_L2A;S2A_31TFH_20240625_0_L2A;S2A_31TFJ_20240625_0_L2A,1.0,0.1571,0.8429,0.0669,-0.0898,otsu,0.716,0.1289,77071.7,16355.8,0.2518,4892.6,13231.0,16351.5,-0.0402,0.0412,0.116,0.0085,ok,2026-09-03T17:07:43+00:00
camargue,2024-06-27,4,S2B_31TEH_20240627_0_L2A;S2B_31TEJ_20240627_0_L2A;S2B_31TFH_20240627_0_L2A;S2B_31TFJ_20240627_0_L2A,1.0,0.0266,0.9734,0.068,0.1367,otsu,0.417,0.0653,77071.7,21865.6,0.2914,2179.4,20476.0,25832.3,-0.1211,0.0282,0.1443,0.0379,ok,2026-09-03T17:07:43+00:00
camargue,2024-06-30,3,S2B_31TEJ_20240630_0_L2A;S2B_31TFH_20240630_0_L2A;S2B_31TFJ_20240630_0_L2A,1.0,0.0597,0.9403,0.0715,0.0273,otsu,0.583,0.0941,77071.7,22499.7,0.3105,3264.2,20103.4,24616.0,-0.0719,0.0376,0.136,0.0181,ok,2026-09-03T17:07:43+00:00
camargue,2024-07-02,4,S2A_31TEH_20240702_0_L2A;S2A_31TEJ_20240702_0_L2A;S2A_31TFH_20240702_0_L2A;S2A_31TFJ_20240702_0_L2A,1.0,0.0111,0.9889,0.0764,0.1133,otsu,0.821,0.1003,77071.7,22628.3,0.2969,2364.0,19668.0,25780.8,0.003,0.041,0.1044,0.0094,ok,2026-09-03T17:09:01+00:00
camargue,2024-07-05,4,S2A_31TEH_20240705_0_L2A;S2A_31TEJ_20240705_0_L2A;S2A_31TFH_20240705_0_L2A;S2A_31TFJ_20240705_0_L2A,1.0,0.2798,0.7202,0.0637,0.0898,otsu,0.545,0.0784,77071.7,16553.8,0.2982,1740.5,15046.9,18912.6,-0.0639,0.0363,0.1492,0.0468,nublado,2026-09-03T17:09:01+00:00
camargue,2024-07-07,4,S2B_31TEH_20240707_0_L2A;S2B_31TEJ_20240707_0_L2A;S2B_31TFH_20240707_0_L2A;S2B_31TFJ_20240707_0_L2A,1.0,0.2176,0.7824,0.0753,0.1445,otsu,0.57,0.0823,77071.7,15673.6,0.2599,1451.0,15446.4,20455.2,-0.0787,0.0334,0.1512,0.0354,nublado,2026-09-03T17:09:01+00:00
camargue,2024-07-10,4,S2B_31TEH_20240710_0_L2A;S2B_31TEJ_20240710_0_L2A;S2B_31TFH_20240710_0_L2A;S2B_31TFJ_20240710_0_L2A,1.0,0.0081,0.9919,0.0676,0.0586,otsu,0.64,0.0877,77071.7,22185.3,0.2902,2791.8,20524.3,25213.4,-0.0937,0.0187,0.1251,0.0212,ok,2026-09-03T17:09:01+00:00
camargue,2024-07-12,3,S2A_31TEH_20240712_0_L2A;S2A_31TFH_20240712_0_L2A;S2A_31TFJ_20240712_0_L2A,1.0,0.6054,0.3946,0.0983,0.1445,otsu,0.562,0.0977,77071.7,11202.4,0.3683,529.3,11659.2,14405.1,-0.1106,0.0281,0.1223,0.0147,nublado,2026-09-03T17:09:01+00:00
camargue,2024-07-15,3,S2A_31TEH_20240715_0_L2A;S2A_31TFH_20240715_0_L2A;S2A_31TFJ_20240715_0_L2A,1.0,0.8335,0.1665,0.1116,0.0508,otsu,0.618,0.1266,77071.7,4553.1,0.3548,394.2,4555.0,5209.4,-0.0829,0.0164,0.0958,0.0059,nublado,2026-09-03T17:09:01+00:00
camargue,2024-07-17,4,S2B_31TEH_20240717_0_L2A;S2B_31TEJ_20240717_0_L2A;S2B_31TFH_20240717_0_L2A;S2B_31TFJ_20240717_0_L2A,1.0,0.0395,0.9605,0.0728,0.1523,otsu,0.483,0.0823,77071.7,21311.8,0.2879,1896.8,19906.7,25645.9,-0.0793,0.0184,0.131,0.0286,ok,2026-09-03T17:09:01+00:00
camargue,2024-07-20,4,S2B_31TEH_20240720_0_L2A;S2B_31TEJ_20240720_0_L2A;S2B_31TFH_20240720_0_L2A;S2B_31TFJ_20240720_0_L2A,1.0,0.0086,0.9914,0.0705,0.0664,otsu,0.681,0.0903,77071.7,21712.0,0.2841,2376.6,19987.8,25547.5,-0.1079,0.0186,0.1273,0.0206,ok,2026-09-03T17:09:01+00:00
camargue,2024-07-22,4,S2A_31TEH_20240722_0_L2A;S2A_31TEJ_20240722_0_L2A;S2A_31TFH_20240722_0_L2A;S2A_31TFJ_20240722_0_L2A,1.0,0.0034,0.9966,0.062,0.1211,otsu,0.688,0.085,77071.7,22450.1,0.2923,1703.7,20973.9,26349.8,-0.0267,0.0428,0.1315,0.0346,ok,2026-09-03T17:09:01+00:00
camargue,2024-07-25,4,S2A_31TEH_20240725_0_L2A;S2A_31TEJ_20240725_0_L2A;S2A_31TFH_20240725_0_L2A;S2A_31TFJ_20240725_0_L2A,1.0,0.0195,0.9805,0.0725,-0.0039,otsu,0.599,0.1092,77071.7,22470.1,0.2974,2171.4,20012.3,24912.6,-0.0452,0.0314,0.1224,0.0155,ok,2026-09-03T17:09:01+00:00
camargue,2024-07-27,4,S2B_31TEH_20240727_0_L2A;S2B_31TEJ_20240727_0_L2A;S2B_31TFH_20240727_0_L2A;S2B_31TFJ_20240727_0_L2A,1.0,0.0262,0.9738,0.064,0.1914,otsu,0.294,0.0643,77071.7,21283.5,0.2836,1464.2,20495.4,26303.5,-0.1437,0.021,0.1713,0.0705,ok,2026-09-03T17:09:01+00:00
camargue,2024-07-30,4,S2B_31TEH_20240730_0_L2A;S2B_31TEJ_20240730_0_L2A;S2B_31TFH_20240730_0_L2A;S2B_31TFJ_20240730_0_L2A,1.0,0.0175,0.9825,0.0727,0.0039,otsu,0.632,0.0891,77071.7,21919.8,0.2895,2404.2,19634.6,25586.1,-0.0677,0.037,0.1271,0.0231,ok,2026-09-03T17:10:15+00:00
camargue,2024-08-01,4,S2A_31TEH_20240801_0_L2A;S2A_31TEJ_20240801_0_L2A;S2A_31TFH_20240801_0_L2A;S2A_31TFJ_20240801_0_L2A,1.0,0.0168,0.9832,0.0616,0.168,otsu,0.343,0.06,77071.7,20997.8,0.2771,1699.2,20153.1,25851.4,-0.1421,0.0164,0.1564,0.0592,ok,2026-09-03T17:09:01+00:00
camargue,2024-08-04,4,S2A_31TEH_20240804_0_L2A;S2A_31TEJ_20240804_0_L2A;S2A_31TFH_20240804_0_L2A;S2A_31TFJ_20240804_0_L2A,1.0,0.0051,0.9949,0.0692,-0.0039,otsu,0.669,0.1069,77071.7,22273.9,0.2905,2102.9,19946.9,25028.8,-0.0311,0.0367,0.1148,0.0152,ok,2026-09-03T17:10:15+00:00
camargue,2024-08-06,4,S2B_31TEH_20240806_0_L2A;S2B_31TEJ_20240806_0_L2A;S2B_31TFH_20240806_0_L2A;S2B_31TFJ_20240806_0_L2A,1.0,0.0085,0.9915,0.0683,0.2305,otsu,0.316,0.0679,77071.7,20778.9,0.2719,1590.4,20239.5,25877.4,-0.1583,0.0129,0.1568,0.0503,ok,2026-09-03T17:10:15+00:00
camargue,2024-08-09,4,S2B_31TEH_20240809_0_L2A;S2B_31TEJ_20240809_0_L2A;S2B_31TFH_20240809_0_L2A;S2B_31TFJ_20240809_0_L2A,1.0,0.0129,0.9871,0.0642,0.0508,otsu,0.521,0.0847,77071.7,21172.5,0.2783,2164.3,19629.1,24990.1,-0.0695,0.032,0.1374,0.0356,ok,2026-09-03T17:10:15+00:00
camargue,2024-08-11,4,S2A_31TEH_20240811_0_L2A;S2A_31TEJ_20240811_0_L2A;S2A_31TFH_20240811_0_L2A;S2A_31TFJ_20240811_0_L2A,1.0,0.0226,0.9774,0.0584,0.207,otsu,0.284,0.0576,77071.7,20287.0,0.2693,1641.8,19785.9,25345.3,-0.1581,0.0264,0.1854,0.084,ok,2026-09-03T17:10:15+00:00
camargue,2024-08-16,2,S2B_31TEH_20240816_0_L2A;S2B_31TFH_20240816_0_L2A,0.0007,0.5281,0.0003,0.0697,0.0,fijo,,,77071.7,0.2,0.0066,1.0,0.2,0.3,,,,,sin_datos,2026-09-03T17:10:15+00:00
camargue,2024-08-19,4,S2B_31TEH_20240819_0_L2A;S2B_31TEJ_20240819_0_L2A;S2B_31TFH_20240819_0_L2A;S2B_31TFJ_20240819_0_L2A,1.0,0.0034,0.9966,0.0669,0.043,otsu,0.835,0.1056,77071.7,22324.5,0.2907,1891.8,19076.2,25268.6,-0.0042,0.0444,0.1033,0.0166,ok,2026-09-03T17:10:15+00:00
camargue,2024-08-21,4,S2A_31TEH_20240821_0_L2A;S2A_31TEJ_20240821_0_L2A;S2A_31TFH_20240821_0_L2A;S2A_31TFJ_20240821_0_L2A,1.0,0.0081,0.9919,0.0666,0.1758,otsu,0.544,0.0793,77071.7,21200.2,0.2773,1571.7,20149.9,25841.8,-0.0777,0.0283,0.1309,0.0295,ok,2026-09-03T17:10:15+00:00
camargue,2024-08-24,3,S2A_31TEH_20240824_0_L2A;S2A_31TFH_20240824_0_L2A;S2A_31TFJ_20240824_0_L2A,1.0,0.3049,0.6951,0.0859,0.082,otsu,0.577,0.0966,77071.7,16473.0,0.3075,1250.4,15695.4,19555.7,-0.0797,0.031,0.1234,0.0252,nublado,2026-09-03T17:10:15+00:00
camargue,2024-08-26,4,S2B_31TEH_20240826_0_L2A;S2B_31TEJ_20240826_0_L2A;S2B_31TFH_20240826_0_L2A;S2B_31TFJ_20240826_0_L2A,1.0,0.0105,0.9895,0.067,0.1602,otsu,0.698,0.0864,77071.7,20985.0,0.2752,1850.9,19236.3,25874.1,-0.0367,0.0369,0.1182,0.0305,ok,2026-09-03T17:10:15+00:00
camargue,2024-08-29,4,S2B_31TEH_20240829_0_L2A;S2B_31TEJ_20240829_0_L2A;S2B_31TFH_20240829_0_L2A;S2B_31TFJ_20240829_0_L2A,1.0,0.0151,0.9849,0.0498,0.2461,otsu,0.246,0.0533,77071.7,20227.0,0.2665,1865.0,19858.4,25864.0,-0.1889,0.0209,0.2035,0.1031,ok,2026-09-03T17:11:10+00:00
camargue,2024-08-31,4,S2A_31TEH_20240831_0_L2A;S2A_31TEJ_20240831_0_L2A;S2A_31TFH_20240831_0_L2A;S2A_31TFJ_20240831_0_L2A,1.0,0.1967,0.8033,0.0536,0.2148,otsu,0.295,0.0514,77071.7,19517.6,0.3152,1552.6,19022.7,24469.0,-0.1673,0.0171,0.1643,0.0683,ok,2026-09-03T17:10:15+00:00
camargue,2024-09-03,1,S2A_31TFJ_20240903_0_L2A,1.0,0.9932,0.0068,0.0881,0.1211,otsu,1.008,0.0851,77071.7,31.5,0.0605,10.6,34.1,55.4,-0.0873,0.0961,0.1234,0.0,nublado,2026-09-03T17:10:15+00:00
camargue,2024-09-05,4,S2B_31TEH_20240905_0_L2A;S2B_31TEJ_20240905_0_L2A;S2B_31TFH_20240905_0_L2A;S2B_31TFJ_20240905_0_L2A,1.0,0.2438,0.7562,0.0561,0.2461,otsu,0.329,0.0633,77071.7,19627.0,0.3368,1367.4,19173.3,24079.2,-0.1278,0.0317,0.1687,0.0723,nublado,2026-09-03T17:11:10+00:00
camargue,2024-09-10,4,S2A_31TEH_20240910_0_L2A;S2A_31TEJ_20240910_0_L2A;S2A_31TFH_20240910_0_L2A;S2A_31TFJ_20240910_0_L2A,1.0,0.0016,0.9984,0.0564,0.1602,otsu,0.678,0.0794,77071.7,22037.9,0.2864,1762.4,20629.9,26417.4,-0.04,0.0402,0.122,0.0282,ok,2026-09-03T17:11:10+00:00
camargue,2024-09-13,4,S2A_31TEH_20240913_0_L2A;S2A_31TEJ_20240913_0_L2A;S2A_31TFH_20240913_0_L2A;S2A_31TFJ_20240913_0_L2A,1.0,0.2077,0.7923,0.0685,0.1133,otsu,0.943,0.0989,77071.7,19785.8,0.324,1332.0,12723.0,23166.6,0.0069,0.036,0.0742,0.0068,nublado,2026-09-03T17:11:10+00:00
camargue,2024-09-15,4,S2B_31TEH_20240915_0_L2A;S2B_31TEJ_20240915_0_L2A;S2B_31TFH_20240915_0_L2A;S2B_31TFJ_20240915_0_L2A,1.0,0.0099,0.9901,0.0707,0.1914,otsu,0.983,0.0997,77071.7,21573.1,0.2827,1467.2,11908.0,26101.1,0.0126,0.0455,0.0794,0.0113,ok,2026-09-03T17:11:10+00:00
camargue,2024-09-18,4,S2B_31TEH_20240918_0_L2A;S2B_31TEJ_20240918_0_L2A;S2B_31TFH_20240918_0_L2A;S2B_31TFJ_20240918_0_L2A,1.0,0.0026,0.9974,0.0578,0.2617,otsu,0.262,0.07,77071.7,21339.4,0.2776,1397.0,20684.2,26126.7,-0.1524,0.0119,0.1776,0.0676,ok,2026-09-03T17:11:10+00:00
camargue,2024-09-20,1,S2A_31TFJ_20240920_0_L2A,1.0,0.805,0.195,0.0874,0.1289,otsu,0.517,0.0918,77071.7,2664.2,0.1773,226.9,2443.0,2998.4,-0.1445,0.0073,0.0974,0.0114,nublado,2026-09-03T17:11:10+00:00
camargue,2024-09-23,4,S2A_31TEH_20240923_0_L2A;S2A_31TEJ_20240923_0_L2A;S2A_31TFH_20240923_0_L2A;S2A_31TFJ_20240923_0_L2A,1.0,0.0206,0.9794,0.0525,0.2305,otsu,0.333,0.0707,77071.7,23106.9,0.3061,1551.4,21773.4,27060.6,-0.1247,0.0172,0.1431,0.0412,ok,2026-09-03T17:11:10+00:00
camargue,2024-09-28,4,S2B_31TEH_20240928_0_L2A;S2B_31TEJ_20240928_0_L2A;S2B_31TFH_20240928_0_L2A;S2B_31TFJ_20240928_0_L2A,1.0,0.2896,0.7104,0.067,0.207,otsu,0.71,0.0845,77071.7,17058.4,0.3116,1254.2,16268.8,20959.2,-0.0425,0.0415,0.1256,0.0344,nublado,2026-09-03T17:11:10+00:00
camargue,2024-09-30,2,S2A_31TEH_20240930_0_L2A;S2A_31TFH_20240930_0_L2A,0.0007,0.9563,0.0,0.0985,0.0,fijo,,,77071.7,0.0,0.0,0.0,0.0,0.2,,,,,sin_datos,2026-09-03T17:11:10+00:00
camargue,2024-10-03,4,S2A_31TEH_20241003_0_L2A;S2A_31TEJ_20241003_0_L2A;S2A_31TFH_20241003_0_L2A;S2A_31TFJ_20241003_0_L2A,1.0,0.037,0.963,0.0612,0.1289,otsu,0.801,0.0864,77071.7,22120.3,0.298,1459.2,18937.1,26002.4,-0.0029,0.0462,0.1084,0.0215,ok,2026-09-03T17:11:10+00:00
camargue,2024-10-05,4,S2B_31TEH_20241005_0_L2A;S2B_31TEJ_20241005_0_L2A;S2B_31TFH_20241005_0_L2A;S2B_31TFJ_20241005_0_L2A,1.0,0.0015,0.9985,0.0653,0.2383,otsu,0.584,0.0845,77071.7,22137.6,0.2877,1230.6,21009.3,26896.3,-0.0546,0.0303,0.1133,0.0329,ok,2026-09-03T17:11:10+00:00
camargue,2024-10-08,3,S2B_31TEH_20241008_0_L2A;S2B_31TEJ_20241008_0_L2A;S2B_31TFH_20241008_0_L2A,0.0423,0.9873,0.0006,0.1041,0.0,fijo,0.661,0.1089,77071.7,21.1,0.44,1.6,16.6,24.6,-0.0577,0.0075,0.0768,0.0,sin_datos,2026-09-03T17:12:17+00:00
camargue,2024-10-10,4,S2A_31TEH_20241010_0_L2A;S2A_31TEJ_20241010_0_L2A;S2A_31TFH_20241010_0_L2A;S2A_31TFJ_20241010_0_L2A,1.0,0.0225,0.9775,0.056,0.2305,otsu,0.588,0.0763,77071.7,23893.3,0.3171,1337.8,23047.0,27847.0,-0.069,0.042,0.1377,0.0492,ok,2026-09-03T17:12:17+00:00
camargue,2024-10-13,1,S2A_31TFH_20241013_0_L2A,0.0007,0.3531,0.0004,0.0845,0.0,fijo,,,77071.7,9.6,0.2899,0.6,8.6,10.6,-0.0304,-0.0085,0.0379,0.0,sin_datos,2026-09-03T17:12:17+00:00
camargue,2024-10-15,1,S2B_31TFH_20241015_0_L2A,0.0007,0.7656,0.0002,0.0885,0.0,fijo,,,77071.7,3.4,0.28,0.0,3.0,8.2,-0.0137,0.0145,0.0359,0.0,sin_datos,2026-09-03T17:12:17+00:00
camargue,2024-10-18,2,S2B_31TFH_20241018_0_L2A;S2B_31TFJ_20241018_0_L2A,1.0,0.4203,0.5797,0.0621,0.2539,otsu,0.541,0.0824,77071.7,16797.4,0.376,620.2,16392.6,19458.9,-0.0675,0.0327,0.1168,0.038,nublado,2026-09-03T17:12:17+00:00
camargue,2024-10-20,4,S2A_31TEH_20241020_0_L2A;S2A_31TEJ_20241020_0_L2A;S2A_31TFH_20241020_0_L2A;S2A_31TFJ_20241020_0_L2A,1.0,0.0394,0.9606,0.0584,0.1602,otsu,0.424,0.0743,77071.7,22524.5,0.3042,1238.7,21490.6,26081.4,-0.1186,0.034,0.1638,0.052,ok,2026-09-03T17:12:17+00:00
camargue,2024-10-23,3,S2A_31TEH_20241023_0_L2A;S2A_31TEJ_20241023_0_L2A;S2A_31TFJ_20241023_0_L2A,1.0,0.7044,0.2956,0.0844,0.2148,otsu,0.501,0.0822,77071.7,8832.5,0.3878,94.4,9727.8,11522.4,-0.1151,0.0133,0.1142,0.0332,nublado,2026-09-03T17:12:17+00:00
camargue,2024-10-28,1,S2B_31TFJ_20241028_0_L2A,1.0,0.9376,0.0624,0.0671,-0.2148,otsu,1.38,0.09,77071.7,642.7,0.1337,1536.5,62.7,145.1,-0.0053,0.0657,0.0937,0.0,nublado,2026-09-03T17:12:17+00:00
camargue,2024-10-30,6,S2A_31TEJ_20241030_0_L2A;S2A_31TFH_20241030_0_L2A;S2A_31TFJ_20241030_0_L2A;S2C_31TEJ_20241030_1_L2A;S2C_31TFH_20241030_1_L2A;S2C_31TFJ_20241030_1_L2A,1.0,0.0654,0.9346,0.0001,0.0,fijo,1.0,0.0001,77071.7,4793.1,0.0665,689.6,4649.6,25514.9,-0.659,0.2651,0.9811,0.378,espectro_anomalo,2026-09-03T17:12:17+00:00
camargue,2024-11-02,8,S2A_31TEH_20241102_0_L2A;S2A_31TEJ_20241102_0_L2A;S2A_31TFH_20241102_0_L2A;S2A_31TFJ_20241102_0_L2A;S2C_31TEH_20241102_1_L2A;S2C_31TEJ_20241102_1_L2A;S2C_31TFH_20241102_1_L2A;S2C_31TFJ_20241102_1_L2A,1.0,0.0003,0.9997,0.0001,0.0,fijo,1.0,0.0001,77071.7,6713.4,0.0871,776.2,6367.4,29017.0,-0.5472,0.1686,0.9394,0.2884,espectro_anomalo,2026-09-03T17:12:17+00:00
camargue,2024-11-04,4,S2B_31TEH_20241104_0_L2A;S2B_31TEJ_20241104_0_L2A;S2B_31TFH_20241104_0_L2A;S2B_31TFJ_20241104_0_L2A,1.0,0.1631,0.8369,0.0756,0.168,otsu,0.445,0.078,77071.7,21998.6,0.3411,1000.6,21257.8,26228.8,-0.1354,0.0013,0.1073,0.0178,ok,2026-09-03T17:12:17+00:00
camargue,2024-11-07,2,S2B_31TEJ_20241107_0_L2A;S2B_31TFJ_20241107_0_L2A,1.0,0.7264,0.2736,0.0723,0.2305,otsu,0.588,0.0694,77071.7,6900.0,0.3272,453.9,7512.2,10333.6,-0.1092,0.0327,0.1797,0.0826,nublado,2026-09-03T17:13:40+00:00
camargue,2024-11-12,2,S2A_31TEJ_20241112_0_L2A;S2C_31TEJ_20241112_1_L2A,0.0416,0.1368,0.0359,0.0001,0.0,fijo,1.0,0.0001,77071.7,208.0,0.0752,29.0,196.2,885.9,-0.387,0.0032,0.302,0.1723,sin_datos,2026-09-03T17:12:17+00:00
camargue,2024-11-14,3,S2B_31TEH_20241114_0_L2A;S2B_31TEJ_20241114_0_L2A;S2B_31TFJ_20241114_1_L2A,1.0,0.2679,0.7321,0.0743,0.2461,otsu,0.867,0.1006,77071.7,20869.4,0.3699,842.1,18657.1,25785.4,-0.0115,0.0336,0.0847,0.0156,nublado,2026-09-03T17:13:40+00:00
camargue,2024-11-17,4,S2B_31TEH_20241117_0_L2A;S2B_31TEJ_20241117_0_L2A;S2B_31TFH_20241117_0_L2A;S2B_31TFJ_20241117_0_L2A,1.0,0.0011,0.9989,0.0528,0.1992,otsu,0.29,0.0624,77071.7,24193.3,0.3142,1457.6,22793.8,29238.6,-0.1664,-0.008,0.1267,0.0282,ok,2026-09-03T17:13:40+00:00
camargue,2024-11-19,8,S2A_31TEH_20241119_0_L2A;S2A_31TEJ_20241119_0_L2A;S2A_31TFH_20241119_0_L2A;S2A_31TFJ_20241119_0_L2A;S2C_31TEH_20241119_1_L2A;S2C_31TEJ_20241119_1_L2A;S2C_31TFH_20241119_1_L2A;S2C_31TFJ_20241119_1_L2A,1.0,0.0036,0.9964,0.0001,0.0,fijo,1.0,0.0001,77071.7,7343.7,0.0956,965.3,7059.4,28944.0,-0.6546,0.0929,0.4545,0.1911,espectro_anomalo,2026-09-03T17:13:40+00:00
camargue,2024-11-22,8,S2A_31TEH_20241122_0_L2A;S2A_31TEJ_20241122_0_L2A;S2A_31TFH_20241122_0_L2A;S2A_31TFJ_20241122_0_L2A;S2C_31TEH_20241122_1_L2A;S2C_31TEJ_20241122_1_L2A;S2C_31TFH_20241122_1_L2A;S2C_31TFJ_20241122_1_L2A,1.0,0.0002,0.9998,0.0001,-0.2227,otsu,0.007,0.0001,77071.7,26591.5,0.3451,7899.7,16397.4,29104.3,-0.0402,0.0565,0.1571,0.082,espectro_anomalo,2026-09-03T17:13:40+00:00
camargue,2024-11-27,4,S2B_31TEH_20241127_0_L2A;S2B_31TEJ_20241127_0_L2A;S2B_31TFH_20241127_0_L2A;S2B_31TFJ_20241127_0_L2A,1.0,0.0006,0.9994,0.0507,0.2539,otsu,0.287,0.0662,77071.7,23950.6,0.3109,1325.0,23047.4,29215.8,-0.1811,-0.0147,0.1307,0.0373,ok,2026-09-03T17:13:40+00:00
camargue,2024-11-29,8,S2A_31TEH_20241129_0_L2A;S2A_31TEJ_20241129_0_L2A;S2A_31TFH_20241129_0_L2A;S2A_31TFJ_20241129_0_L2A;S2C_31TEH_20241129_1_L2A;S2C_31TEJ_20241129_1_L2A;S2C_31TFH_20241129_1_L2A;S2C_31TFJ_20241129_1_L2A,1.0,0.1163,0.8837,0.0001,-0.2773,otsu,0.167,0.0001,77071.7,21146.4,0.3105,5944.5,10018.4,23743.4,-0.1371,0.0612,0.2343,0.1136,espectro_anomalo,2026-09-03T17:13:40+00:00
camargue,2024-12-02,6,S2A_31TEJ_20241202_0_L2A;S2A_31TFJ_20241202_0_L2A;S2C_31TEJ_20241202_1_L2A;S2C_31TEJ_20241202_2_L2A;S2C_31TFJ_20241202_1_L2A;S2C_31TFJ_20241202_2_L2A,1.0,0.8963,0.1037,0.1042,0.1211,otsu,0.844,0.11,77071.7,1564.5,0.1958,140.6,1470.6,2200.3,-0.0657,0.0377,0.0913,0.0001,nublado,2026-09-03T17:13:40+00:00
camargue,2024-12-04,3,S2B_31TEH_20241204_0_L2A;S2B_31TEJ_20241204_0_L2A;S2B_31TFJ_20241204_0_L2A,0.0007,0.1834,0.0002,0.0001,0.0,fijo,,,77071.7,0.0,0.0,0.0,0.0,0.0,,,,,sin_datos,2026-09-03T17:13:40+00:00
camargue,2024-12-12,6,S2A_31TEH_20241212_0_L2A;S2A_31TFH_20241212_0_L2A;S2A_31TFJ_20241212_0_L2A;S2C_31TEH_20241212_1_L2A;S2C_31TFH_20241212_1_L2A;S2C_31TFJ_20241212_1_L2A,1.0,0.0826,0.9174,0.0001,-0.2383,otsu,0.011,0.0001,77071.7,25770.7,0.3645,5354.6,13310.7,27609.0,-0.1489,0.0238,0.1267,0.0741,espectro_anomalo,2026-09-03T17:13:40+00:00
camargue,2024-12-14,4,S2B_31TEH_20241214_0_L2A;S2B_31TEJ_20241214_0_L2A;S2B_31TFH_20241214_0_L2A;S2B_31TFJ_20241214_0_L2A,1.0,0.5857,0.4143,0.0608,0.2695,otsu,0.299,0.0774,77071.7,12178.7,0.3814,531.8,11221.3,14447.7,-0.143,0.0022,0.1125,0.0222,nublado,2026-09-03T17:13:40+00:00
camargue,2024-12-17,2,S2B_31TEH_20241217_0_L2A;S2B_31TFH_20241217_0_L2A,0.0007,0.65,0.0002,0.0635,0.0,fijo,,,77071.7,14.2,0.7946,1.1,13.3,17.9,-0.1473,-0.0562,0.0083,0.0,sin_datos,2026-09-03T17:13:40+00:00
camargue,2024-12-19,3,S2A_31TEJ_20241219_0_L2A;S2A_31TFH_20241219_0_L2A;S2C_31TFH_20241219_1_L2A,0.0423,0.5638,0.0184,0.0001,0.168,otsu,0.007,0.0001,77071.7,302.4,0.2129,30.2,320.2,571.0,-0.6905,0.0259,0.4856,0.2169,sin_datos,2026-09-03T17:14:55+00:00
camargue,2024-12-24,4,S2B_31TEH_20241224_0_L2A;S2B_31TEJ_20241224_0_L2A;S2B_31TFH_20241224_0_L2A;S2B_31TFJ_20241224_0_L2A,1.0,0.002,0.998,0.0668,0.207,otsu,0.741,0.0954,77071.7,23200.0,0.3016,1018.4,20703.2,29470.6,-0.0223,0.0256,0.0852,0.0119,ok,2026-09-03T17:14:55+00:00
camargue,2024-12-27,4,S2B_31TEH_20241227_0_L2A;S2B_31TEJ_20241227_0_L2A;S2B_31TFH_20241227_0_L2A;S2B_31TFJ_20241227_0_L2A,1.0,0.002,0.998,0.0596,0.2695,otsu,0.338,0.0727,77071.7,23251.4,0.3023,973.9,22231.8,29414.2,-0.1679,-0.043,0.0892,0.0212,ok,2026-09-03T17:14:55+00:00
camargue,2024-12-29,4,S2A_31TEH_20241229_0_L2A;S2A_31TEJ_20241229_0_L2A;S2A_31TFH_20241229_0_L2A;S2A_31TFJ_20241229_0_L2A,1.0,0.0013,0.9987,0.054,0.2539,otsu,0.264,0.0606,77071.7,22977.4,0.2985,707.0,22197.6,29440.6,-0.1956,-0.05,0.1029,0.0266,ok,2026-09-03T17:14:55+00:00
camargue,2025-01-03,2,S2B_31TFH_20250103_0_L2A;S2B_31TFJ_20250103_0_L2A,1.0,0.976,0.024,0.0457,0.2852,otsu,1.087,0.0445,77071.7,578.2,0.312,9.1,629.6,1311.0,-0.0703,0.0289,0.1345,0.031,nublado,2026-09-03T17:14:55+00:00
camargue,2025-01-08,4,S2A_31TEH_20250108_0_L2A;S2A_31TEJ_20250108_0_L2A;S2A_31TFH_20250108_0_L2A;S2A_31TFJ_20250108_0_L2A,1.0,0.2893,0.7107,0.0591,0.2383,otsu,0.286,0.0681,77071.7,16017.3,0.2924,386.6,15654.9,20385.4,-0.164,0.0232,0.1505,0.0373,nublado,2026-09-03T17:14:55+00:00
camargue,2025-01-11,2,S2A_31TEH_20250111_0_L2A;S2A_31TEJ_20250111_0_L2A,0.0416,0.9346,0.0027,0.0032,0.0586,otsu,0.354,0.0103,77071.7,54.7,0.2611,1.3,51.8,88.5,-0.1416,-0.052,0.1109,0.0409,sin_datos,2026-09-03T17:14:55+00:00
camargue,2025-01-13,4,S2B_31TEH_20250113_0_L2A;S2B_31TEJ_20250113_0_L2A;S2B_31TFH_20250113_0_L2A;S2B_31TFJ_20250113_0_L2A,1.0,0.0014,0.9986,0.0792,0.2383,otsu,0.979,0.1066,77071.7,24129.1,0.3135,708.2,15886.2,29941.6,0.0023,0.0314,0.0752,0.0133,ok,2026-09-03T17:14:55+00:00
camargue,2025-01-16,4,S2B_31TEH_20250116_0_L2A;S2B_31TEJ_20250116_0_L2A;S2B_31TFH_20250116_0_L2A;S2B_31TFJ_20250116_0_L2A,1.0,0.0472,0.9528,0.0738,0.2539,otsu,0.565,0.1035,77071.7,22110.6,0.3011,574.1,21068.3,26894.1,-0.0577,0.0156,0.0839,0.0119,ok,2026-09-03T17:14:55+00:00
camargue,2025-01-18,1,S2A_31TFJ_20250118_0_L2A,1.0,0.94,0.06,0.0684,0.0508,otsu,1.363,0.0516,77071.7,109.3,0.0236,13.9,81.4,190.7,-0.0061,0.0167,0.0947,0.0029,nublado,2026-09-03T17:14:55+00:00
camargue,2025-01-23,4,S2B_31TEH_20250123_0_L2A;S2B_31TEJ_20250123_0_L2A;S2B_31TFH_20250123_0_L2A;S2B_31TFJ_20250123_0_L2A,1.0,0.0523,0.9477,0.0553,0.2383,otsu,0.203,0.0744,77071.7,23644.5,0.3237,842.1,23059.7,28826.1,-0.1887,0.0068,0.1539,0.0524,ok,2026-09-03T17:14:55+00:00
camargue,2025-01-28,3,S2C_31TEH_20250128_0_L2A;S2C_31TFH_20250128_0_L2A;S2C_31TFJ_20250128_0_L2A,1.0,0.6253,0.3747,0.0001,-0.2227,otsu,0.015,0.0001,77071.7,13816.6,0.4785,3043.5,7159.7,16166.4,-0.2025,0.0607,0.3768,0.1572,nublado,2026-09-03T17:16:00+00:00
camargue,2025-01-31,1,S2C_31TFH_20250131_0_L2A,0.0007,0.1313,0.0006,0.0001,0.0,fijo,1.0,0.0001,77071.7,8.0,0.1799,1.1,8.0,24.8,-0.7347,-0.1826,0.0,0.0,sin_datos,2026-09-03T17:14:55+00:00
camargue,2025-02-05,4,S2B_31TEH_20250205_0_L2A;S2B_31TEJ_20250205_0_L2A;S2B_31TFH_20250205_0_L2A;S2B_31TFJ_20250205_0_L2A,1.0,0.0011,0.9989,0.0577,0.2461,otsu,0.437,0.0805,77071.7,26166.2,0.3399,963.8,24740.2,31005.1,-0.1021,0.0053,0.1159,0.0308,ok,2026-09-03T17:16:00+00:00
camargue,2025-02-15,4,S2B_31TEH_20250215_0_L2A;S2B_31TEJ_20250215_0_L2A;S2B_31TFH_20250215_0_L2A;S2B_31TFJ_20250215_0_L2A,1.0,0.0221,0.9779,0.0001,-0.2539,otsu,0.007,0.0001,77071.7,31702.4,0.4206,10621.0,17898.4,30969.8,-0.1991,-0.0094,0.1596,0.0817,espectro_anomalo,2026-09-03T17:16:00+00:00
camargue,2025-02-27,3,S2C_31TEJ_20250227_0_L2A;S2C_31TFH_20250227_0_L2A;S2C_31TFJ_20250227_0_L2A,1.0,0.1857,0.8143,0.0001,-0.2773,otsu,1.0,0.0001,77071.7,24711.2,0.3937,3319.4,10598.7,25096.2,-0.3667,0.0314,0.0,0.06,espectro_anomalo,2026-09-03T17:16:00+00:00
camargue,2025-03-02,3,S2C_31TEJ_20250302_0_L2A;S2C_31TFH_20250302_0_L2A;S2C_31TFJ_20250302_0_L2A,1.0,0.3475,0.6525,0.0001,-0.3398,otsu,1.0,0.0001,77071.7,18825.4,0.3744,4539.7,6630.6,16510.9,-0.1861,-0.0247,0.0,0.0525,nublado,2026-09-03T17:16:00+00:00
camargue,2025-03-12,4,S2C_31TEH_20250312_0_L2A;S2C_31TEJ_20250312_0_L2A;S2C_31TFH_20250312_0_L2A;S2C_31TFJ_20250312_0_L2A,1.0,0.575,0.425,0.0668,0.1914,otsu,0.377,0.0794,77071.7,10068.3,0.3073,296.0,12084.3,13913.9,-0.1994,-0.0076,0.157,0.0274,nublado,2026-09-03T17:16:00+00:00
camargue,2025-03-17,4,S2B_31TEH_20250317_0_L2A;S2B_31TEJ_20250317_0_L2A;S2B_31TFH_20250317_0_L2A;S2B_31TFJ_20250317_0_L2A,1.0,0.001,0.999,0.0552,0.2383,otsu,0.283,0.0656,77071.7,27144.5,0.3525,1149.6,25901.6,30710.4,-0.1687,0.0001,0.1454,0.0361,ok,2026-09-03T17:16:00+00:00
camargue,2025-03-22,1,S2C_31TEH_20250322_0_L2A,0.0,0.0,0.0,,0.0,fijo,,,77071.7,0.0,0.0,0.0,0.0,0.0,,,,,sin_datos,2026-09-03T17:16:00+00:00
camargue,2025-03-24,4,S2A_31TEH_20250324_1_L2A;S2A_31TFH_20250324_1_L2A;S2B_31TEH_20250324_0_L2A;S2B_31TFH_20250324_0_L2A,0.0007,1.0,0.0,,0.0,fijo,,,77071.7,0.0,0.0,0.0,0.0,0.0,,,,,sin_datos,2026-09-03T17:16:00+00:00
camargue,2025-03-27,4,S2B_31TEH_20250327_0_L2A;S2B_31TEJ_20250327_0_L2A;S2B_31TFH_20250327_0_L2A;S2B_31TFJ_20250327_0_L2A,1.0,0.0033,0.9967,0.0655,0.1758,otsu,0.483,0.0898,77071.7,28440.5,0.3702,1405.4,26914.1,31074.1,-0.0821,0.035,0.1309,0.0208,ok,2026-09-03T17:16:00+00:00
camargue,2025-03-29,2,S2C_31TEJ_20250329_0_L2A;S2C_31TFJ_20250329_0_L2A,1.0,0.4078,0.5922,0.0759,0.168,otsu,0.824,0.0877,77071.7,20213.1,0.4429,442.6,17075.7,22354.7,-0.0096,0.0324,0.0768,0.0089,nublado,2026-09-03T17:16:00+00:00
camargue,2025-03-31,4,S2A_31TEH_20250331_0_L2A;S2A_31TEJ_20250331_0_L2A;S2A_31TFH_20250331_0_L2A;S2A_31TFJ_20250331_0_L2A,1.0,0.0056,0.9944,0.0728,0.1914,otsu,0.981,0.098,77071.7,27344.6,0.3568,1040.6,14659.8,30357.6,0.0173,0.049,0.0886,0.0111,ok,2026-09-03T17:16:00+00:00
camargue,2025-04-01,4,S2C_31TEH_20250401_0_L2A;S2C_31TEJ_20250401_0_L2A;S2C_31TFH_20250401_0_L2A;S2C_31TFJ_20250401_0_L2A,1.0,0.0059,0.9941,0.0621,0.2227,otsu,0.391,0.0784,77071.7,26948.5,0.3517,810.4,25856.8,30408.6,-0.0927,0.0127,0.1289,0.0287,ok,2026-09-03T17:17:02+00:00
camargue,2025-04-06,4,S2B_31TEH_20250406_0_L2A;S2B_31TEJ_20250406_0_L2A;S2B_31TFH_20250406_0_L2A;S2B_31TFJ_20250406_0_L2A,1.0,0.0043,0.9957,0.0661,0.1133,otsu,0.435,0.0726,77071.7,27033.0,0.3523,1629.1,25081.9,29447.4,-0.1305,0.0273,0.1609,0.0287,ok,2026-09-03T17:17:02+00:00
camargue,2025-04-08,4,S2C_31TEH_20250408_0_L2A;S2C_31TEJ_20250408_0_L2A;S2C_31TFH_20250408_0_L2A;S2C_31TFJ_20250408_0_L2A,1.0,0.263,0.737,0.061,0.2227,otsu,0.246,0.0576,77071.7,23264.2,0.4096,616.6,22705.4,26748.5,-0.207,-0.0145,0.1862,0.0769,nublado,2026-09-03T17:17:02+00:00
camargue,2025-04-10,4,S2A_31TEH_20250410_0_L2A;S2A_31TEJ_20250410_0_L2A;S2A_31TFH_20250410_0_L2A;S2A_31TFJ_20250410_0_L2A,1.0,0.6314,0.3686,0.0886,0.3008,otsu,0.314,0.0858,77071.7,15792.5,0.5559,140.5,16509.4,18169.4,-0.2026,0.0053,0.1581,0.0219,nublado,2026-09-03T17:17:02+00:00
camargue,2025-04-11,3,S2C_31TEH_20250411_0_L2A;S2C_31TEJ_20250411_0_L2A;S2C_31TFH_20250411_0_L2A,0.0423,0.8431,0.0067,0.084,0.0742,otsu,0.931,0.0712,77071.7,149.4,0.2895,29.8,133.9,198.4,-0.0999,0.063,0.1512,0.0439,sin_datos,2026-09-03T17:17:02+00:00
camargue,2025-04-18,4,S2C_31TEH_20250418_0_L2A;S2C_31TEJ_20250418_0_L2A;S2C_31TFH_20250418_0_L2A;S2C_31TFJ_20250418_0_L2A,1.0,0.0016,0.9984,0.0558,0.2383,otsu,0.262,0.0613,77071.7,25823.4,0.3356,1249.6,24697.0,29619.4,-0.1799,-0.0043,0.1954,0.0889,ok,2026-09-03T17:17:02+00:00
camargue,2025-04-20,3,S2A_31TEH_20250420_0_L2A;S2A_31TEJ_20250420_0_L2A;S2A_31TFJ_20250420_0_L2A,1.0,0.0545,0.9455,0.0677,0.1992,otsu,0.407,0.0831,77071.7,24854.2,0.3411,1236.5,23539.8,27344.2,-0.108,0.0362,0.1648,0.0399,ok,2026-09-03T17:17:02+00:00
camargue,2025-04-21,4,S2C_31TEH_20250421_0_L2A;S2C_31TEJ_20250421_0_L2A;S2C_31TFH_20250421_0_L2A;S2C_31TFJ_20250421_0_L2A,1.0,0.1132,0.8868,0.0594,0.1992,otsu,0.274,0.0647,77071.7,24653.9,0.3607,1115.7,23639.7,27797.4,-0.195,-0.0119,0.1837,0.0708,ok,2026-09-03T17:17:02+00:00
camargue,2025-04-23,2,S2A_31TFH_20250423_1_L2A;S2B_31TFH_20250423_0_L2A,0.0007,1.0,0.0,,0.0,fijo,,,77071.7,0.0,0.0,0.0,0.0,0.0,,,,,sin_datos,2026-09-03T17:17:02+00:00
camargue,2025-04-28,4,S2C_31TEH_20250428_0_L2A;S2C_31TEJ_20250428_0_L2A;S2C_31TFH_20250428_0_L2A;S2C_31TFJ_20250428_0_L2A,1.0,0.7512,0.2488,0.0916,0.1445,otsu,0.58,0.0888,77071.7,8031.0,0.4188,93.8,9405.8,10327.8,-0.1742,-0.0265,0.0869,0.0075,nublado,2026-09-03T17:17:02+00:00
camargue,2025-04-30,4,S2A_31TEH_20250430_0_L2A;S2A_31TEJ_20250430_0_L2A;S2A_31TFH_20250430_0_L2A;S2A_31TFJ_20250430_0_L2A,1.0,0.0039,0.9961,0.053,0.2461,otsu,0.224,0.0505,77071.7,24483.4,0.3189,1339.2,23332.2,28585.9,-0.2037,0.0055,0.1644,0.0495,ok,2026-09-03T17:17:02+00:00
camargue,2025-05-01,4,S2C_31TEH_20250501_0_L2A;S2C_31TEJ_20250501_0_L2A;S2C_31TFH_20250501_0_L2A;S2C_31TFJ_20250501_0_L2A,1.0,0.0046,0.9954,0.055,0.1289,otsu,0.407,0.0581,77071.7,24894.9,0.3245,2113.1,22893.9,27840.3,-0.1675,-0.0082,0.1328,0.0293,ok,2026-09-03T17:17:02+00:00
camargue,2025-05-03,8,S2A_31TEH_20250503_1_L2A;S2A_31TEJ_20250503_1_L2A;S2A_31TFH_20250503_1_L2A;S2A_31TFJ_20250503_1_L2A;S2B_31TEH_20250503_0_L2A;S2B_31TEJ_20250503_0_L2A;S2B_31TFH_20250503_0_L2A;S2B_31TFJ_20250503_0_L2A,1.0,0.4472,0.5528,0.0898,0.0898,otsu,0.563,0.0929,77071.7,14869.1,0.349,855.5,14189.0,17356.2,-0.09,0.0226,0.1027,0.0105,nublado,2026-09-03T17:18:21+00:00
camargue,2025-05-06,2,S2B_31TEH_20250506_0_L2A;S2B_31TFH_20250506_0_L2A,0.0007,1.0,0.0,,0.0,fijo,,,77071.7,0.0,0.0,0.0,0.0,0.0,,,,,sin_datos,2026-09-03T17:18:21+00:00
camargue,2025-05-08,3,S2C_31TEH_20250508_0_L2A;S2C_31TEJ_20250508_0_L2A;S2C_31TFH_20250508_0_L2A,0.0423,0.2985,0.0297,0.0641,0.1836,otsu,0.475,0.0654,77071.7,655.0,0.2859,95.2,609.3,810.1,-0.1293,0.0547,0.209,0.1077,sin_datos,2026-09-03T17:18:21+00:00
camargue,2025-05-10,3,S2A_31TEH_20250510_0_L2A;S2A_31TFH_20250510_0_L2A;S2A_31TFJ_20250510_0_L2A,1.0,0.4487,0.5513,0.0874,0.1367,otsu,0.557,0.0923,77071.7,16917.4,0.3982,745.8,17245.1,20324.3,-0.0994,0.0143,0.1033,0.0162,nublado,2026-09-03T17:18:21+00:00
camargue,2025-05-11,1,S2C_31TEH_20250511_0_L2A,0.0,0.0,0.0,,0.0,fijo,,,77071.7,0.0,0.0,0.0,0.0,0.0,,,,,sin_datos,2026-09-03T17:18:21+00:00
camargue,2025-05-13,8,S2A_31TEH_20250513_1_L2A;S2A_31TEJ_20250513_1_L2A;S2A_31TFH_20250513_1_L2A;S2A_31TFJ_20250513_1_L2A;S2B_31TEH_20250513_0_L2A;S2B_31TEJ_20250513_0_L2A;S2B_31TFH_20250513_0_L2A;S2B_31TFJ_20250513_0_L2A,1.0,0.1918,0.8082,0.0612,0.2305,otsu,0.32,0.0658,77071.7,18829.8,0.3023,1480.2,17052.5,21206.4,-0.1193,0.0071,0.1312,0.0299,ok,2026-09-03T17:18:21+00:00
camargue,2025-05-16,4,S2B_31TEH_20250516_0_L2A;S2B_31TEJ_20250516_0_L2A;S2B_31TFH_20250516_0_L2A;S2B_31TFJ_20250516_0_L2A,1.0,0.6657,0.3343,0.099,0.1133,otsu,0.561,0.1312,77071.7,9888.8,0.3839,834.2,9273.3,9810.1,-0.0693,0.0104,0.0769,0.0071,nublado,2026-09-03T17:18:21+00:00
camargue,2025-05-18,4,S2C_31TEH_20250518_0_L2A;S2C_31TEJ_20250518_0_L2A;S2C_31TFH_20250518_0_L2A;S2C_31TFJ_20250518_0_L2A,1.0,0.1246,0.8754,0.06,0.1992,otsu,0.341,0.0585,77071.7,21652.3,0.3209,1937.9,19097.4,23724.5,-0.158,-0.033,0.1226,0.0274,ok,2026-09-03T17:18:21+00:00
camargue,2025-05-20,3,S2A_31TEH_20250520_0_L2A;S2A_31TEJ_20250520_0_L2A;S2A_31TFH_20250520_0_L2A,0.0423,0.8491,0.0064,0.0895,0.0742,otsu,0.784,0.0993,77071.7,121.8,0.2464,9.1,110.7,132.6,-0.07,0.0454,0.113,0.0053,sin_datos,2026-09-03T17:18:21+00:00
camargue,2025-05-21,1,S2C_31TFH_20250521_0_L2A,0.0007,1.0,0.0,,0.0,fijo,,,77071.7,0.0,0.0,0.0,0.0,0.0,,,,,sin_datos,2026-09-03T17:18:21+00:00
camargue,2025-05-23,8,S2A_31TEH_20250523_1_L2A;S2A_31TEJ_20250523_1_L2A;S2A_31TFH_20250523_1_L2A;S2A_31TFJ_20250523_1_L2A;S2B_31TEH_20250523_0_L2A;S2B_31TEJ_20250523_0_L2A;S2B_31TFH_20250523_0_L2A;S2B_31TFJ_20250523_0_L2A,1.0,0.0739,0.9261,0.0858,0.1445,otsu,0.762,0.107,77071.7,25993.3,0.3642,2818.4,21148.6,27599.5,-0.0151,0.0292,0.0974,0.0071,ok,2026-09-03T17:20:02+00:00
camargue,2025-05-26,4,S2B_31TEH_20250526_0_L2A;S2B_31TEJ_20250526_0_L2A;S2B_31TFH_20250526_0_L2A;S2B_31TFJ_20250526_0_L2A,1.0,0.6355,0.3645,0.0877,0.082,otsu,0.633,0.11,77071.7,12009.8,0.4275,1191.7,9774.9,12449.9,-0.0411,0.0275,0.1094,0.0127,nublado,2026-09-03T17:18:21+00:00
camargue,2025-05-28,4,S2C_31TEH_20250528_0_L2A;S2C_31TEJ_20250528_0_L2A;S2C_31TFH_20250528_0_L2A;S2C_31TFJ_20250528_0_L2A,1.0,0.0473,0.9527,0.0639,0.1523,otsu,0.336,0.066,77071.7,24466.9,0.3332,2978.4,20947.5,25836.5,-0.1184,-0.0183,0.1285,0.0235,ok,2026-09-03T17:18:21+00:00
camargue,2025-05-30,4,S2A_31TEH_20250530_0_L2A;S2A_31TEJ_20250530_0_L2A;S2A_31TFH_20250530_0_L2A;S2A_31TFJ_20250530_0_L2A,1.0,0.016,0.984,0.0618,0.2383,otsu,0.276,0.0599,77071.7,25131.7,0.3314,2739.8,22209.1,27899.4,-0.1462,-0.0145,0.134,0.0296,ok,2026-09-03T17:20:02+00:00
camargue,2025-05-31,4,S2C_31TEH_20250531_0_L2A;S2C_31TEJ_20250531_0_L2A;S2C_31TFH_20250531_0_L2A;S2C_31TFJ_20250531_0_L2A,1.0,0.2139,0.7861,0.0839,-0.043,otsu,0.632,0.1077,77071.7,19745.8,0.3259,4217.1,16820.0,19143.8,-0.0614,0.025,0.1144,0.0125,nublado,2026-09-03T17:20:02+00:00
camargue,2025-06-07,3,S2C_31TEH_20250607_0_L2A;S2C_31TFH_20250607_0_L2A;S2C_31TFJ_20250607_0_L2A,1.0,0.5812,0.4188,0.0882,0.1992,otsu,0.243,0.0798,77071.7,13333.9,0.4131,796.5,12927.2,14267.7,-0.1853,-0.0318,0.1165,0.024,nublado,2026-09-03T17:20:02+00:00
camargue,2025-06-09,4,S2A_31TEH_20250609_0_L2A;S2A_31TEJ_20250609_0_L2A;S2A_31TFH_20250609_0_L2A;S2A_31TFJ_20250609_0_L2A,1.0,0.0153,0.9847,0.057,0.1289,otsu,0.557,0.0816,77071.7,23349.1,0.3077,3971.8,21184.2,27169.0,-0.0429,0.0232,0.1341,0.041,ok,2026-09-03T17:20:02+00:00
camargue,2025-06-10,4,S2C_31TEH_20250610_0_L2A;S2C_31TEJ_20250610_0_L2A;S2C_31TFH_20250610_0_L2A;S2C_31TFJ_20250610_0_L2A,1.0,0.0142,0.9858,0.0622,0.1211,otsu,0.44,0.0671,77071.7,23243.5,0.3059,4695.4,21297.6,26738.9,-0.1411,-0.0118,0.1312,0.0282,ok,2026-09-03T17:20:02+00:00
camargue,2025-06-12,6,S2A_31TEJ_20250612_1_L2A;S2A_31TFH_20250612_1_L2A;S2A_31TFJ_20250612_1_L2A;S2B_31TEJ_20250612_0_L2A;S2B_31TFH_20250612_0_L2A;S2B_31TFJ_20250612_0_L2A,1.0,0.0221,0.9779,0.0753,0.0508,otsu,0.52,0.0852,77071.7,23495.4,0.3117,4513.8,21183.4,25836.2,-0.0929,0.0236,0.1201,0.0169,ok,2026-09-03T17:20:02+00:00
camargue,2025-06-17,4,S2C_31TEH_20250617_0_L2A;S2C_31TEJ_20250617_0_L2A;S2C_31TFH_20250617_0_L2A;S2C_31TFJ_20250617_0_L2A,1.0,0.0131,0.9869,0.068,0.1992,otsu,0.296,0.0741,77071.7,22283.2,0.293,3346.9,21264.8,26419.5,-0.1343,-0.0156,0.1354,0.0413,ok,2026-09-03T17:20:02+00:00
camargue,2025-06-19,4,S2A_31TEH_20250619_0_L2A;S2A_31TEJ_20250619_0_L2A;S2A_31TFH_20250619_0_L2A;S2A_31TFJ_20250619_0_L2A,1.0,0.0111,0.9889,0.0624,0.2305,otsu,0.274,0.0579,77071.7,21660.3,0.2842,2805.8,20956.3,26157.4,-0.1645,-0.0012,0.1374,0.0404,ok,2026-09-03T17:20:02+00:00
camargue,2025-06-22,8,S2A_31TEH_20250622_1_L2A;S2A_31TEJ_20250622_1_L2A;S2A_31TFH_20250622_1_L2A;S2A_31TFJ_20250622_1_L2A;S2B_31TEH_20250622_0_L2A;S2B_31TEJ_20250622_0_L2A;S2B_31TFH_20250622_0_L2A;S2B_31TFJ_20250622_0_L2A,1.0,0.0303,0.9697,0.0713,0.1289,otsu,0.415,0.0784,77071.7,21487.4,0.2875,2966.4,20533.9,25738.6,-0.1141,0.0182,0.1304,0.0328,ok,2026-09-03T17:20:02+00:00
camargue,2025-06-25,4,S2B_31TEH_20250625_0_L2A;S2B_31TEJ_20250625_0_L2A;S2B_31TFH_20250625_0_L2A;S2B_31TFJ_20250625_0_L2A,1.0,0.0975,0.9025,0.0761,-0.0898,otsu,0.756,0.1249,77071.7,17326.2,0.2491,4458.9,14455.4,19006.7,-0.0403,0.0392,0.1032,0.0047,ok,2026-09-03T17:20:02+00:00
camargue,2025-06-27,4,S2C_31TEH_20250627_0_L2A;S2C_31TEJ_20250627_0_L2A;S2C_31TFH_20250627_0_L2A;S2C_31TFJ_20250627_0_L2A,1.0,0.2034,0.7966,0.0648,0.0977,otsu,0.61,0.0843,77071.7,12340.2,0.201,1702.4,11294.4,15183.7,-0.0254,0.0353,0.1509,0.0524,nublado,2026-09-03T17:20:02+00:00
camargue,2025-06-29,4,S2A_31TEH_20250629_0_L2A;S2A_31TEJ_20250629_0_L2A;S2A_31TFH_20250629_0_L2A;S2A_31TFJ_20250629_0_L2A,1.0,0.0189,0.9811,0.0563,0.2227,otsu,0.254,0.0523,77071.7,20633.6,0.2729,1719.0,20281.0,25557.3,-0.1752,-0.0,0.1677,0.064,ok,2026-09-03T17:21:30+00:00
camargue,2025-06-30,4,S2C_31TEH_20250630_0_L2A;S2C_31TEJ_20250630_0_L2A;S2C_31TFH_20250630_0_L2A;S2C_31TFJ_20250630_0_L2A,1.0,0.018,0.982,0.0572,0.0586,otsu,0.478,0.0639,77071.7,21120.0,0.2791,2539.2,20207.5,25063.0,-0.1219,0.021,0.1574,0.0572,ok,2026-09-03T17:21:30+00:00
camargue,2025-07-02,8,S2A_31TEH_20250702_1_L2A;S2A_31TEJ_20250702_1_L2A;S2A_31TFH_20250702_1_L2A;S2A_31TFJ_20250702_1_L2A;S2B_31TEH_20250702_0_L2A;S2B_31TEJ_20250702_0_L2A;S2B_31TFH_20250702_0_L2A;S2B_31TFJ_20250702_0_L2A,1.0,0.0237,0.9763,0.0595,0.207,otsu,0.242,0.0546,77071.7,20578.1,0.2735,1719.2,20093.0,25479.2,-0.1721,0.0138,0.1739,0.0672,ok,2026-09-03T17:21:30+00:00
camargue,2025-07-05,4,S2B_31TEH_20250705_0_L2A;S2B_31TEJ_20250705_0_L2A;S2B_31TFH_20250705_0_L2A;S2B_31TFJ_20250705_0_L2A,1.0,0.0769,0.9231,0.0732,-0.0039,otsu,0.617,0.1062,77071.7,18356.6,0.258,2393.4,16719.8,21054.6,-0.0697,0.0333,0.1243,0.0245,ok,2026-09-03T17:21:30+00:00
camargue,2025-07-07,4,S2C_31TEH_20250707_0_L2A;S2C_31TEJ_20250707_0_L2A;S2C_31TFH_20250707_0_L2A;S2C_31TFJ_20250707_0_L2A,1.0,0.0925,0.9075,0.071,0.0977,otsu,0.453,0.0786,77071.7,20055.5,0.2867,1575.7,18956.8,24211.0,-0.0823,0.0041,0.1274,0.0291,ok,2026-09-03T17:21:30+00:00
camargue,2025-07-09,4,S2A_31TEH_20250709_0_L2A;S2A_31TEJ_20250709_0_L2A;S2A_31TFH_20250709_0_L2A;S2A_31TFJ_20250709_0_L2A,1.0,0.0243,0.9757,0.0753,0.1602,otsu,0.67,0.093,77071.7,20572.3,0.2736,1503.5,19046.9,24931.4,-0.0291,0.0259,0.1026,0.0163,ok,2026-09-03T17:21:30+00:00
camargue,2025-07-10,4,S2C_31TEH_20250710_0_L2A;S2C_31TEJ_20250710_0_L2A;S2C_31TFH_20250710_0_L2A;S2C_31TFJ_20250710_0_L2A,1.0,0.031,0.969,0.0728,0.0117,otsu,0.618,0.1057,77071.7,20429.6,0.2735,2199.7,18604.6,23484.6,-0.0621,0.0123,0.1078,0.0186,ok,2026-09-03T17:21:30+00:00
camargue,2025-07-15,4,S2B_31TEH_20250715_0_L2A;S2B_31TEJ_20250715_0_L2A;S2B_31TFH_20250715_1_L2A;S2B_31TFJ_20250715_0_L2A,1.0,0.1666,0.8334,0.0891,-0.0273,otsu,0.657,0.1143,77071.7,18751.5,0.2919,2288.5,16700.0,21919.2,-0.048,0.0392,0.1192,0.0128,ok,2026-09-03T17:21:30+00:00
camargue,2025-07-17,4,S2C_31TEH_20250717_0_L2A;S2C_31TEJ_20250717_0_L2A;S2C_31TFH_20250717_0_L2A;S2C_31TFJ_20250717_0_L2A,1.0,0.0173,0.9827,0.0699,0.1211,otsu,0.552,0.0827,77071.7,20579.5,0.2717,1608.6,19254.6,24872.8,-0.0493,0.0126,0.1207,0.0291,ok,2026-09-03T17:21:30+00:00
camargue,2025-07-20,4,S2C_31TEH_20250720_0_L2A;S2C_31TEJ_20250720_0_L2A;S2C_31TFH_20250720_0_L2A;S2C_31TFJ_20250720_0_L2A,1.0,0.0877,0.9123,0.0558,0.0586,otsu,0.469,0.0607,77071.7,20507.7,0.2917,1715.4,19607.2,24523.8,-0.1426,0.0068,0.1719,0.0737,ok,2026-09-03T17:21:30+00:00
camargue,2025-07-22,8,S2A_31TEH_20250722_1_L2A;S2A_31TEJ_20250722_1_L2A;S2A_31TFH_20250722_1_L2A;S2A_31TFJ_20250722_1_L2A;S2B_31TEH_20250722_0_L2A;S2B_31TEJ_20250722_0_L2A;S2B_31TFH_20250722_0_L2A;S2B_31TFJ_20250722_0_L2A,1.0,0.0081,0.9919,0.0642,0.1836,otsu,0.316,0.0678,77071.7,20514.9,0.2683,1749.9,19484.8,25132.8,-0.1286,0.0071,0.151,0.0565,ok,2026-09-03T17:22:45+00:00
camargue,2025-07-25,4,S2B_31TEH_20250725_0_L2A;S2B_31TEJ_20250725_0_L2A;S2B_31TFH_20250725_0_L2A;S2B_31TFJ_20250725_0_L2A,1.0,0.1796,0.8204,0.0853,-0.0117,otsu,0.621,0.1147,77071.7,19767.5,0.3126,1711.7,17634.2,22286.4,-0.0485,0.0258,0.0987,0.0099,ok,2026-09-03T17:21:30+00:00
camargue,2025-07-27,4,S2C_31TEH_20250727_0_L2A;S2C_31TEJ_20250727_0_L2A;S2C_31TFH_20250727_0_L2A;S2C_31TFJ_20250727_0_L2A,1.0,0.2701,0.7299,0.0675,0.0977,otsu,0.482,0.0812,77071.7,14516.6,0.258,873.0,13552.5,18124.3,-0.0589,0.0101,0.1209,0.0396,nublado,2026-09-03T17:21:30+00:00
camargue,2025-07-29,4,S2A_31TEH_20250729_0_L2A;S2A_31TEJ_20250729_0_L2A;S2A_31TFH_20250729_0_L2A;S2A_31TFJ_20250729_0_L2A,1.0,0.0251,0.9749,0.0778,0.1367,otsu,0.92,0.101,77071.7,20659.2,0.2749,1455.2,15293.9,24959.8,0.0078,0.0466,0.0934,0.0173,ok,2026-09-03T17:22:45+00:00
camargue,2025-07-30,4,S2C_31TEH_20250730_0_L2A;S2C_31TEJ_20250730_0_L2A;S2C_31TFH_20250730_0_L2A;S2C_31TFJ_20250730_0_L2A,1.0,0.0507,0.9493,0.0773,-0.0117,otsu,0.607,0.1203,77071.7,20474.6,0.2799,1715.4,18227.7,23213.1,-0.0421,0.0158,0.0955,0.0107,ok,2026-09-03T17:22:45+00:00
camargue,2025-08-01,8,S2A_31TEH_20250801_1_L2A;S2A_31TEJ_20250801_1_L2A;S2A_31TFH_20250801_1_L2A;S2A_31TFJ_20250801_1_L2A;S2B_31TEH_20250801_0_L2A;S2B_31TEJ_20250801_0_L2A;S2B_31TFH_20250801_0_L2A;S2B_31TFJ_20250801_0_L2A,1.0,0.0413,0.9587,0.0732,0.1992,otsu,0.354,0.0748,77071.7,20138.7,0.2726,1515.8,19341.3,25047.0,-0.126,0.0084,0.127,0.0356,ok,2026-09-03T17:22:45+00:00
camargue,2025-08-04,1,S2B_31TEJ_20250804_0_L2A,0.0416,1.0,0.0,,0.0,fijo,,,77071.7,0.0,0.0,0.0,0.0,0.0,,,,,sin_datos,2026-09-03T17:22:45+00:00
camargue,2025-08-06,3,S2C_31TEH_20250806_0_L2A;S2C_31TEJ_20250806_0_L2A;S2C_31TFH_20250806_0_L2A,0.0423,0.3727,0.0265,0.0816,0.0977,otsu,1.062,0.0565,77071.7,176.0,0.0861,95.4,149.3,291.0,-0.0699,0.0865,0.1786,0.0736,sin_datos,2026-09-03T17:22:45+00:00
camargue,2025-08-08,4,S2A_31TEH_20250808_0_L2A;S2A_31TEJ_20250808_0_L2A;S2A_31TFH_20250808_0_L2A;S2A_31TFJ_20250808_0_L2A,1.0,0.03,0.97,0.063,0.1914,otsu,0.316,0.0602,77071.7,19796.5,0.2648,1412.2,19071.4,25135.2,-0.1422,0.0156,0.1435,0.0524,ok,2026-09-03T17:22:45+00:00
camargue,2025-08-11,8,S2A_31TEH_20250811_1_L2A;S2A_31TEJ_20250811_1_L2A;S2A_31TFH_20250811_1_L2A;S2A_31TFJ_20250811_1_L2A;S2B_31TEH_20250811_0_L2A;S2B_31TEJ_20250811_0_L2A;S2B_31TFH_20250811_0_L2A;S2B_31TFJ_20250811_0_L2A,1.0,0.0375,0.9625,0.0574,0.2227,otsu,0.232,0.0535,77071.7,19460.6,0.2623,1518.1,18872.3,25062.6,-0.1659,0.0088,0.1737,0.0816,ok,2026-09-03T17:22:45+00:00
camargue,2025-08-14,4,S2B_31TEH_20250814_0_L2A;S2B_31TEJ_20250814_0_L2A;S2B_31TFH_20250814_0_L2A;S2B_31TFJ_20250814_0_L2A,1.0,0.1175,0.8825,0.0619,0.1992,otsu,0.315,0.0634,77071.7,19060.0,0.2802,1614.1,18471.8,24057.4,-0.1604,0.0294,0.162,0.0647,ok,2026-09-03T17:22:45+00:00
camargue,2025-08-16,4,S2C_31TEH_20250816_0_L2A;S2C_31TEJ_20250816_0_L2A;S2C_31TFH_20250816_0_L2A;S2C_31TFJ_20250816_0_L2A,1.0,0.0633,0.9367,0.0636,0.1445,otsu,0.527,0.0655,77071.7,17453.0,0.2418,1743.4,16445.8,22011.7,-0.0862,0.0323,0.1516,0.0586,ok,2026-09-03T17:22:45+00:00
camargue,2025-08-18,4,S2A_31TEH_20250818_0_L2A;S2A_31TEJ_20250818_0_L2A;S2A_31TFH_20250818_0_L2A;S2A_31TFJ_20250818_0_L2A,1.0,0.0225,0.9775,0.0759,0.1367,otsu,0.517,0.0798,77071.7,20078.6,0.2665,1636.2,18608.6,25372.5,-0.0986,0.0408,0.1255,0.0296,ok,2026-09-03T17:22:45+00:00
camargue,2025-08-21,7,S2A_31TEJ_20250821_1_L2A;S2A_31TFH_20250821_1_L2A;S2A_31TFJ_20250821_1_L2A;S2B_31TEH_20250821_0_L2A;S2B_31TEJ_20250821_0_L2A;S2B_31TFH_20250821_0_L2A;S2B_31TFJ_20250821_0_L2A,1.0,0.7763,0.2237,0.0428,0.1992,otsu,0.27,0.0388,77071.7,1701.0,0.0987,246.7,1641.0,2174.2,-0.1196,0.0903,0.2308,0.1358,nublado,2026-09-03T17:24:03+00:00
camargue,2025-08-26,2,S2C_31TEJ_20250826_0_L2A;S2C_31TFJ_20250826_0_L2A,1.0,0.2143,0.7857,0.0657,0.168,otsu,0.398,0.0656,77071.7,16699.7,0.2758,1407.4,16427.2,22020.8,-0.1545,0.0132,0.1712,0.0679,nublado,2026-09-03T17:22:45+00:00
camargue,2025-08-29,3,S2C_31TEH_20250829_0_L2A;S2C_31TFH_20250829_0_L2A;S2C_31TFJ_20250829_0_L2A,1.0,0.0698,0.9302,0.0502,0.168,otsu,0.355,0.0639,77071.7,19763.0,0.2757,1626.7,18876.3,24542.9,-0.1461,0.0046,0.1703,0.0703,ok,2026-09-03T17:24:03+00:00
camargue,2025-08-31,8,S2A_31TEH_20250831_1_L2A;S2A_31TEJ_20250831_1_L2A;S2A_31TFH_20250831_1_L2A;S2A_31TFJ_20250831_1_L2A;S2B_31TEH_20250831_0_L2A;S2B_31TEJ_20250831_0_L2A;S2B_31TFH_20250831_0_L2A;S2B_31TFJ_20250831_0_L2A,1.0,0.0064,0.9936,0.0557,0.2461,otsu,0.26,0.0569,77071.7,20185.1,0.2636,1390.1,19645.4,25587.2,-0.1889,0.0163,0.1978,0.096,ok,2026-09-03T17:24:03+00:00
camargue,2025-09-03,4,S2B_31TEH_20250903_0_L2A;S2B_31TEJ_20250903_0_L2A;S2B_31TFH_20250903_0_L2A;S2B_31TFJ_20250903_0_L2A,1.0,0.0023,0.9977,0.0475,0.2461,otsu,0.259,0.0546,77071.7,20945.0,0.2724,1543.4,20173.0,26104.8,-0.1918,0.0239,0.2009,0.101,ok,2026-09-03T17:24:03+00:00
camargue,2025-09-05,4,S2C_31TEH_20250905_0_L2A;S2C_31TEJ_20250905_0_L2A;S2C_31TFH_20250905_0_L2A;S2C_31TFJ_20250905_0_L2A,1.0,0.012,0.988,0.0506,0.1914,otsu,0.365,0.0608,77071.7,20750.1,0.2725,1552.8,19723.4,25845.4,-0.1294,0.0101,0.1674,0.0691,ok,2026-09-03T17:24:03+00:00
camargue,2025-09-07,4,S2A_31TEH_20250907_0_L2A;S2A_31TEJ_20250907_0_L2A;S2A_31TFH_20250907_0_L2A;S2A_31TFJ_20250907_0_L2A,1.0,0.0159,0.9841,0.058,0.1289,otsu,0.462,0.0625,77071.7,20962.9,0.2764,1491.4,19588.8,25952.0,-0.131,0.0359,0.1519,0.0433,ok,2026-09-03T17:24:03+00:00
camargue,2025-09-10,6,S2A_31TFH_20250910_1_L2A;S2A_31TFJ_20250910_1_L2A;S2B_31TEH_20250910_0_L2A;S2B_31TEJ_20250910_0_L2A;S2B_31TFH_20250910_0_L2A;S2B_31TFJ_20250910_0_L2A,1.0,0.0822,0.9178,0.0556,0.2461,otsu,0.27,0.0566,77071.7,19228.6,0.2718,1326.9,18712.2,23956.0,-0.1886,0.0181,0.1718,0.0656,ok,2026-09-03T17:24:03+00:00
camargue,2025-09-15,4,S2C_31TEH_20250915_0_L2A;S2C_31TEJ_20250915_0_L2A;S2C_31TFH_20250915_0_L2A;S2C_31TFJ_20250915_0_L2A,1.0,0.0032,0.9968,0.0387,0.2305,otsu,0.209,0.0411,77071.7,20410.1,0.2657,1507.4,19818.2,26214.1,-0.2157,-0.0068,0.2,0.0999,ok,2026-09-03T17:24:03+00:00
camargue,2025-09-17,4,S2A_31TEH_20250917_0_L2A;S2A_31TEJ_20250917_0_L2A;S2A_31TFH_20250917_0_L2A;S2A_31TFJ_20250917_0_L2A,1.0,0.9998,0.0002,0.1353,0.0,fijo,,,77071.7,10.2,0.5818,0.0,8.6,0.0,0.0044,0.0443,0.0683,0.0,nublado,2026-09-03T17:24:03+00:00
camargue,2025-09-18,4,S2C_31TEH_20250918_0_L2A;S2C_31TEJ_20250918_0_L2A;S2C_31TFH_20250918_0_L2A;S2C_31TFJ_20250918_0_L2A,1.0,0.0196,0.9804,0.0471,0.1992,otsu,0.264,0.0527,77071.7,19852.0,0.2627,1517.1,19109.3,24934.1,-0.1844,-0.0097,0.1568,0.0657,ok,2026-09-03T17:24:03+00:00
camargue,2025-09-20,8,S2A_31TEH_20250920_1_L2A;S2A_31TEJ_20250920_1_L2A;S2A_31TFH_20250920_1_L2A;S2A_31TFJ_20250920_1_L2A;S2B_31TEH_20250920_0_L2A;S2B_31TEJ_20250920_0_L2A;S2B_31TFH_20250920_0_L2A;S2B_31TFJ_20250920_0_L2A,1.0,0.3567,0.6433,0.0587,0.1836,otsu,0.517,0.0656,77071.7,7152.2,0.1443,931.5,6823.2,9919.4,-0.1047,0.0683,0.2059,0.1059,nublado,2026-09-03T17:25:29+00:00
camargue,2025-09-23,4,S2B_31TEH_20250923_0_L2A;S2B_31TEJ_20250923_0_L2A;S2B_31TFH_20250923_0_L2A;S2B_31TFJ_20250923_0_L2A,1.0,0.2476,0.7524,0.0544,0.2539,otsu,0.282,0.0593,77071.7,18642.2,0.3215,1159.5,18303.0,23263.7,-0.1788,0.0226,0.1712,0.0763,nublado,2026-09-03T17:24:03+00:00
camargue,2025-09-25,4,S2C_31TEH_20250925_0_L2A;S2C_31TEJ_20250925_0_L2A;S2C_31TFH_20250925_0_L2A;S2C_31TFJ_20250925_0_L2A,1.0,0.2136,0.7864,0.0571,0.207,otsu,0.298,0.0617,77071.7,19042.9,0.3142,877.6,18514.7,23293.0,-0.1715,-0.0197,0.1242,0.0468,nublado,2026-09-03T17:24:03+00:00
camargue,2025-09-27,3,S2A_31TEH_20250927_0_L2A;S2A_31TEJ_20250927_0_L2A;S2A_31TFJ_20250927_0_L2A,1.0,0.4413,0.5587,0.0506,0.1758,otsu,0.305,0.051,77071.7,10908.0,0.2533,481.0,10269.0,13014.1,-0.176,0.0075,0.1478,0.0556,nublado,2026-09-03T17:25:29+00:00
camargue,2025-09-30,8,S2A_31TEH_20250930_1_L2A;S2A_31TEJ_20250930_1_L2A;S2A_31TFH_20250930_1_L2A;S2A_31TFJ_20250930_1_L2A;S2B_31TEH_20250930_0_L2A;S2B_31TEJ_20250930_0_L2A;S2B_31TFH_20250930_0_L2A;S2B_31TFJ_20250930_0_L2A,1.0,0.0404,0.9596,0.0572,0.1992,otsu,0.487,0.0657,77071.7,20465.1,0.2767,1341.1,19281.9,25151.2,-0.1111,0.0167,0.1298,0.0516,ok,2026-09-03T17:25:29+00:00
camargue,2025-10-05,4,S2C_31TEH_20251005_0_L2A;S2C_31TEJ_20251005_0_L2A;S2C_31TFH_20251005_0_L2A;S2C_31TFJ_20251005_0_L2A,1.0,0.011,0.989,0.0623,0.1758,otsu,0.676,0.0791,77071.7,21128.3,0.2772,1327.2,18265.9,26221.9,-0.0444,0.0185,0.107,0.0435,ok,2026-09-03T17:25:29+00:00
camargue,2025-10-07,4,S2A_31TEH_20251007_0_L2A;S2A_31TEJ_20251007_0_L2A;S2A_31TFH_20251007_0_L2A;S2A_31TFJ_20251007_0_L2A,1.0,0.193,0.807,0.0631,0.2383,otsu,0.316,0.0731,77071.7,19367.4,0.3114,912.8,18614.4,23901.3,-0.1261,0.0095,0.1171,0.046,ok,2026-09-03T17:25:29+00:00
camargue,2025-10-08,2,S2C_31TFH_20251008_0_L2A;S2C_31TFJ_20251008_0_L2A,1.0,0.0548,0.9452,0.0562,0.1992,otsu,0.274,0.0595,77071.7,19908.0,0.2733,1137.0,19253.6,24594.4,-0.1883,-0.0223,0.125,0.0448,ok,2026-09-03T17:25:29+00:00
camargue,2025-10-10,12,S2A_31TEH_20251010_1_L2A;S2A_31TEH_20251010_2_L2A;S2A_31TEJ_20251010_1_L2A;S2A_31TEJ_20251010_2_L2A;S2A_31TFH_20251010_1_L2A;S2A_31TFH_20251010_2_L2A;S2A_31TFJ_20251010_1_L2A;S2A_31TFJ_20251010_2_L2A;S2B_31TEH_20251010_0_L2A;S2B_31TEJ_20251010_0_L2A;S2B_31TFH_20251010_0_L2A;S2B_31TFJ_20251010_0_L2A,1.0,0.0073,0.9927,0.0681,0.2383,otsu,0.42,0.0766,77071.7,21009.3,0.2746,1231.0,20297.8,26413.4,-0.121,0.0185,0.1325,0.0524,ok,2026-09-03T17:25:29+00:00
camargue,2025-10-13,3,S2B_31TEH_20251013_0_L2A;S2B_31TEJ_20251013_1_L2A;S2B_31TFJ_20251013_0_L2A,1.0,0.205,0.795,0.0659,0.2383,otsu,0.362,0.068,77071.7,18495.4,0.3018,936.5,17830.1,23462.9,-0.1806,-0.0037,0.1233,0.0426,nublado,2026-09-03T17:25:29+00:00
camargue,2025-10-15,4,S2C_31TEH_20251015_0_L2A;S2C_31TEJ_20251015_0_L2A;S2C_31TFH_20251015_0_L2A;S2C_31TFJ_20251015_0_L2A,1.0,0.0041,0.9959,0.0593,0.207,otsu,0.39,0.065,77071.7,20957.4,0.273,1304.0,20078.4,26930.6,-0.1554,-0.0015,0.1432,0.0622,ok,2026-09-03T17:25:29+00:00
camargue,2025-10-17,4,S2A_31TEH_20251017_0_L2A;S2A_31TEJ_20251017_0_L2A;S2A_31TFH_20251017_0_L2A;S2A_31TFJ_20251017_0_L2A,1.0,0.0621,0.9379,0.0677,0.1836,otsu,0.508,0.0686,77071.7,19251.4,0.2663,1217.4,18579.0,25325.6,-0.1448,0.0191,0.1301,0.0481,ok,2026-09-03T17:25:29+00:00
camargue,2025-10-18,5,S2C_31TEH_20251018_0_L2A;S2C_31TEJ_20251018_1_L2A;S2C_31TFH_20251018_0_L2A;S2C_31TFJ_20251018_0_L2A;S2C_31TFJ_20251018_1_L2A,1.0,0.0029,0.9971,0.0547,0.1992,otsu,0.337,0.0556,77071.7,20619.8,0.2683,1479.0,19642.2,26458.4,-0.1818,-0.0109,0.139,0.0597,ok,2026-09-03T17:25:29+00:00
camargue,2025-10-23,1,S2B_31TEJ_20251023_0_L2A,0.0416,0.745,0.0107,0.1004,0.0,fijo,1.211,0.0941,77071.7,165.9,0.2014,75.5,8.2,186.6,-0.0248,0.0431,0.073,0.0,sin_datos,2026-09-03T17:25:29+00:00
camargue,2025-10-27,2,S2A_31TEJ_20251027_0_L2A;S2A_31TFJ_20251027_0_L2A,1.0,0.3031,0.6969,0.0585,0.2305,otsu,0.223,0.0677,77071.7,12730.1,0.237,494.4,12441.1,15100.0,-0.1937,-0.0192,0.1195,0.0416,nublado,2026-09-03T17:26:59+00:00
camargue,2025-10-28,4,S2C_31TEH_20251028_0_L2A;S2C_31TEJ_20251028_0_L2A;S2C_31TFH_20251028_0_L2A;S2C_31TFJ_20251028_0_L2A,1.0,0.001,0.999,0.0548,0.1992,otsu,0.314,0.0657,77071.7,21763.7,0.2827,1106.9,20805.3,27103.7,-0.1617,-0.0286,0.1155,0.0436,ok,2026-09-03T17:26:59+00:00
camargue,2025-10-30,8,S2A_31TEH_20251030_1_L2A;S2A_31TEJ_20251030_1_L2A;S2A_31TFH_20251030_1_L2A;S2A_31TFJ_20251030_1_L2A;S2B_31TEH_20251030_0_L2A;S2B_31TEJ_20251030_0_L2A;S2B_31TFH_20251030_0_L2A;S2B_31TFJ_20251030_0_L2A,1.0,0.0008,0.9992,0.0582,0.2227,otsu,0.456,0.0816,77071.7,23060.3,0.2994,1250.2,21622.4,27815.2,-0.0815,0.0209,0.1172,0.0386,ok,2026-09-03T17:26:59+00:00
camargue,2025-11-04,4,S2C_31TEH_20251104_0_L2A;S2C_31TEJ_20251104_0_L2A;S2C_31TFH_20251104_0_L2A;S2C_31TFJ_20251104_0_L2A,1.0,0.0066,0.9934,0.0557,0.2227,otsu,0.275,0.0628,77071.7,21708.3,0.2835,922.9,20841.1,27624.8,-0.1726,-0.0334,0.1178,0.044,ok,2026-09-03T17:26:59+00:00
camargue,2025-11-07,2,S2C_31TEH_20251107_0_L2A;S2C_31TEJ_20251107_0_L2A,0.0416,0.0042,0.0414,0.0372,0.168,otsu,0.394,0.0552,77071.7,848.3,0.2658,104.0,764.3,1021.1,-0.0936,0.0359,0.1457,0.0396,sin_datos,2026-09-03T17:26:59+00:00
camargue,2025-11-09,8,S2A_31TEH_20251109_1_L2A;S2A_31TEJ_20251109_1_L2A;S2A_31TFH_20251109_1_L2A;S2A_31TFJ_20251109_1_L2A;S2B_31TEH_20251109_0_L2A;S2B_31TEJ_20251109_0_L2A;S2B_31TFH_20251109_0_L2A;S2B_31TFJ_20251109_0_L2A,1.0,0.1951,0.8049,0.0601,0.1992,otsu,0.341,0.0675,77071.7,18025.3,0.2905,718.4,18294.4,22319.7,-0.1664,-0.0036,0.1274,0.0407,ok,2026-09-03T17:26:59+00:00
camargue,2025-11-17,4,S2C_31TEH_20251117_0_L2A;S2C_31TEJ_20251117_0_L2A;S2C_31TFH_20251117_0_L2A;S2C_31TFJ_20251117_0_L2A,1.0,0.0006,0.9994,0.0502,0.1992,otsu,0.295,0.0618,77071.7,23570.4,0.306,980.8,22627.8,28647.0,-0.1726,-0.0285,0.1433,0.0601,ok,2026-09-03T17:26:59+00:00
camargue,2025-11-19,8,S2A_31TEH_20251119_1_L2A;S2A_31TEJ_20251119_1_L2A;S2A_31TFH_20251119_1_L2A;S2A_31TFJ_20251119_1_L2A;S2B_31TEH_20251119_0_L2A;S2B_31TEJ_20251119_0_L2A;S2B_31TFH_20251119_0_L2A;S2B_31TFJ_20251119_0_L2A,1.0,0.403,0.597,0.0753,0.1836,otsu,0.475,0.0988,77071.7,15185.9,0.3301,542.4,14301.0,18730.9,-0.0899,0.0095,0.1081,0.0226,nublado,2026-09-03T17:26:59+00:00
camargue,2025-11-22,4,S2B_31TEH_20251122_0_L2A;S2B_31TEJ_20251122_0_L2A;S2B_31TFH_20251122_0_L2A;S2B_31TFJ_20251122_0_L2A,1.0,0.0072,0.9928,0.0761,0.1992,otsu,1.046,0.1063,77071.7,23485.8,0.3069,1041.1,10858.1,28469.6,0.0205,0.0296,0.0627,0.006,ok,2026-09-03T17:26:59+00:00
camargue,2025-11-26,4,S2A_31TEH_20251126_0_L2A;S2A_31TEJ_20251126_0_L2A;S2A_31TFH_20251126_0_L2A;S2A_31TFJ_20251126_0_L2A,1.0,0.0025,0.9975,0.0687,0.1758,otsu,1.0,0.0984,77071.7,22937.1,0.2983,982.1,12846.7,28319.2,0.0122,0.0388,0.0798,0.0072,ok,2026-09-03T17:26:59+00:00
camargue,2025-11-27,4,S2C_31TEH_20251127_0_L2A;S2C_31TEJ_20251127_0_L2A;S2C_31TFH_20251127_0_L2A;S2C_31TFJ_20251127_0_L2A,1.0,0.0016,0.9984,0.0667,0.1523,otsu,1.112,0.1012,77071.7,22991.5,0.2988,1021.6,9056.8,28319.0,0.0251,0.0312,0.0666,0.0072,espectro_anomalo,2026-09-03T17:26:59+00:00
camargue,2025-11-29,8,S2A_31TEH_20251129_1_L2A;S2A_31TEJ_20251129_1_L2A;S2A_31TFH_20251129_1_L2A;S2A_31TFJ_20251129_1_L2A;S2B_31TEH_20251129_0_L2A;S2B_31TEJ_20251129_0_L2A;S2B_31TFH_20251129_0_L2A;S2B_31TFJ_20251129_0_L2A,1.0,0.0966,0.9034,0.0717,0.2383,otsu,0.295,0.0832,77071.7,16490.1,0.2368,603.4,15955.5,21573.3,-0.1616,-0.0388,0.1119,0.0347,ok,2026-09-03T17:28:05+00:00
camargue,2025-12-04,1,S2C_31TEH_20251204_0_L2A,0.0,0.0,0.0,,0.0,fijo,,,77071.7,0.0,0.0,0.0,0.0,0.0,,,,,sin_datos,2026-09-03T17:26:59+00:00
camargue,2025-12-07,1,S2C_31TFH_20251207_0_L2A,0.0007,1.0,0.0,,0.0,fijo,,,77071.7,0.0,0.0,0.0,0.0,0.0,,,,,sin_datos,2026-09-03T17:28:05+00:00
camargue,2025-12-14,4,S2C_31TEH_20251214_0_L2A;S2C_31TEJ_20251214_0_L2A;S2C_31TFH_20251214_0_L2A;S2C_31TFJ_20251214_0_L2A,1.0,0.0173,0.9827,0.0606,0.2227,otsu,0.377,0.0646,77071.7,23312.2,0.3078,694.9,22462.4,29416.2,-0.1663,-0.0019,0.1274,0.0329,ok,2026-09-03T17:28:05+00:00
camargue,2025-12-16,1,S2A_31TFH_20251216_0_L2A,0.0007,0.3531,0.0004,0.0995,0.0,fijo,,,77071.7,13.0,0.3913,0.0,4.5,13.6,0.0163,0.0398,0.0721,0.0,sin_datos,2026-09-03T17:28:05+00:00
camargue,2025-12-17,4,S2C_31TEH_20251217_0_L2A;S2C_31TEJ_20251217_0_L2A;S2C_31TFH_20251217_0_L2A;S2C_31TFJ_20251217_0_L2A,1.0,0.0014,0.9986,0.0483,0.168,otsu,0.257,0.0621,77071.7,25293.3,0.3286,928.3,23860.2,30267.2,-0.1838,-0.0049,0.1479,0.0509,ok,2026-09-03T17:28:05+00:00
camargue,2025-12-27,2,S2C_31TFH_20251227_0_L2A;S2C_31TFJ_20251227_0_L2A,1.0,0.0738,0.9262,0.0445,0.2148,otsu,0.384,0.0582,77071.7,27576.0,0.3863,538.2,26954.4,31783.4,-0.1205,-0.0221,0.1051,0.0266,ok,2026-09-03T17:28:05+00:00
camargue,2025-12-29,8,S2A_31TEH_20251229_1_L2A;S2A_31TEJ_20251229_1_L2A;S2A_31TFH_20251229_1_L2A;S2A_31TFJ_20251229_1_L2A;S2B_31TEH_20251229_0_L2A;S2B_31TEJ_20251229_0_L2A;S2B_31TFH_20251229_0_L2A;S2B_31TFJ_20251229_0_L2A,1.0,0.0933,0.9067,0.0622,0.2695,otsu,0.355,0.0747,77071.7,25559.4,0.3658,478.6,26101.8,31720.0,-0.1434,-0.0274,0.09,0.0177,ok,2026-09-03T17:28:05+00:00
camargue,2026-01-01,1,S2B_31TFJ_20260101_0_L2A,1.0,0.9991,0.0009,0.1562,0.0,fijo,0.969,0.1559,77071.7,63.8,0.9477,0.2,37.1,0.3,-0.0144,0.0219,0.0493,0.0,nublado,2026-09-03T17:28:05+00:00
camargue,2026-01-03,2,S2C_31TEJ_20260103_0_L2A;S2C_31TFJ_20260103_0_L2A,1.0,0.0581,0.9419,0.0412,0.2227,otsu,0.346,0.0463,77071.7,25572.8,0.3523,582.7,24301.1,30645.8,-0.128,-0.0637,0.0742,0.0251,ok,2026-09-03T17:28:05+00:00
camargue,2026-01-05,3,S2A_31TEH_20260105_0_L2A;S2A_31TFH_20260105_0_L2A;S2A_31TFJ_20260105_0_L2A,1.0,0.5586,0.4414,0.042,0.1523,otsu,0.795,0.0485,77071.7,9669.6,0.2843,160.8,8692.2,11056.2,-0.009,0.0178,0.0799,0.0039,nublado,2026-09-03T17:28:05+00:00
camargue,2026-01-06,4,S2C_31TEH_20260106_0_L2A;S2C_31TEJ_20260106_0_L2A;S2C_31TFH_20260106_0_L2A;S2C_31TFJ_20260106_0_L2A,1.0,0.0035,0.9965,0.0535,0.1367,otsu,0.869,0.0931,77071.7,28383.7,0.3696,744.2,18704.2,31633.1,0.0113,0.0196,0.0671,0.0052,ok,2026-09-03T17:28:05+00:00
camargue,2026-01-08,2,S2B_31TFH_20260108_0_L2A;S2B_31TFJ_20260108_0_L2A,1.0,0.6854,0.3146,0.078,0.2305,otsu,0.33,0.0951,77071.7,10012.0,0.4129,39.2,9928.5,12142.1,-0.1179,-0.0036,0.0738,0.006,nublado,2026-09-03T17:28:05+00:00
camargue,2026-01-11,4,S2B_31TEH_20260111_0_L2A;S2B_31TEJ_20260111_0_L2A;S2B_31TFH_20260111_0_L2A;S2B_31TFJ_20260111_0_L2A,1.0,0.0008,0.9992,0.0591,0.1836,otsu,0.659,0.0933,77071.7,26873.9,0.349,771.8,24189.6,31511.4,-0.0274,0.0234,0.0932,0.0101,ok,2026-09-03T17:29:06+00:00
camargue,2026-01-21,2,S2B_31TFH_20260121_0_L2A;S2B_31TFJ_20260121_0_L2A,1.0,0.6765,0.3235,0.0753,0.2305,otsu,0.463,0.081,77071.7,10809.8,0.4336,226.1,11358.1,12857.9,-0.1502,0.006,0.0955,0.0045,nublado,2026-09-03T17:29:06+00:00
camargue,2026-01-23,1,S2C_31TEH_20260123_0_L2A,0.0,0.0,0.0,,0.0,fijo,,,77071.7,0.0,0.0,0.0,0.0,0.0,,,,,sin_datos,2026-09-03T17:29:06+00:00
camargue,2026-01-26,4,S2C_31TEH_20260126_0_L2A;S2C_31TEJ_20260126_0_L2A;S2C_31TFH_20260126_0_L2A;S2C_31TFJ_20260126_0_L2A,1.0,0.0007,0.9993,0.0371,0.2383,otsu,0.257,0.049,77071.7,27991.0,0.3634,1109.9,26669.1,32669.6,-0.1739,-0.0121,0.1521,0.0493,ok,2026-09-03T17:29:06+00:00
camargue,2026-01-28,4,S2B_31TEH_20260128_0_L2A;S2B_31TEJ_20260128_0_L2A;S2B_31TFH_20260128_0_L2A;S2B_31TFJ_20260128_0_L2A,1.0,0.1173,0.8827,0.0566,0.293,otsu,0.314,0.0673,77071.7,26682.4,0.3922,651.0,26384.2,31857.4,-0.1284,0.0292,0.1556,0.0547,ok,2026-09-03T17:29:06+00:00
camargue,2026-02-17,8,S2A_31TEH_20260217_1_L2A;S2A_31TEJ_20260217_1_L2A;S2A_31TFH_20260217_1_L2A;S2A_31TFJ_20260217_1_L2A;S2B_31TEH_20260217_0_L2A;S2B_31TEJ_20260217_0_L2A;S2B_31TFH_20260217_0_L2A;S2B_31TFJ_20260217_0_L2A,1.0,0.004,0.996,0.0547,0.2695,otsu,0.345,0.0734,77071.7,29931.0,0.3899,630.7,29029.0,34991.2,-0.0815,0.0145,0.1268,0.0315,ok,2026-09-03T17:29:06+00:00
camargue,2026-02-20,8,S2A_31TEH_20260220_0_L2A;S2A_31TEJ_20260220_0_L2A;S2A_31TFH_20260220_0_L2A;S2A_31TFJ_20260220_0_L2A;S2B_31TEH_20260220_1_L2A;S2B_31TEJ_20260220_1_L2A;S2B_31TFH_20260220_1_L2A;S2B_31TFJ_20260220_1_L2A,1.0,0.1216,0.8784,0.0611,0.2305,otsu,0.516,0.0898,77071.7,27803.0,0.4107,680.6,26432.0,31409.3,-0.0372,0.0274,0.1141,0.0165,ok,2026-09-03T17:29:06+00:00
camargue,2026-02-22,2,S2C_31TEH_20260222_0_L2A;S2C_31TFH_20260222_0_L2A,0.0007,1.0,0.0,,0.0,fijo,,,77071.7,0.0,0.0,0.0,0.0,0.0,,,,,sin_datos,2026-09-03T17:29:06+00:00
camargue,2026-02-25,1,S2C_31TFH_20260225_0_L2A,0.0007,0.6312,0.0002,0.0853,0.0,fijo,,,77071.7,15.7,0.8305,0.0,16.0,18.9,-0.0902,-0.0284,0.0162,0.0,sin_datos,2026-09-03T17:29:06+00:00
camargue,2026-03-02,2,S2B_31TEH_20260302_0_L2A;S2B_31TFH_20260302_0_L2A,0.0007,1.0,0.0,,0.0,fijo,,,77071.7,0.0,0.0,0.0,0.0,0.0,,,,,sin_datos,2026-09-03T17:29:06+00:00
camargue,2026-03-04,3,S2C_31TEH_20260304_0_L2A;S2C_31TEJ_20260304_0_L2A;S2C_31TFJ_20260304_0_L2A,1.0,0.0965,0.9035,0.0669,0.0742,otsu,0.569,0.0639,77071.7,23903.5,0.3433,587.7,21419.2,24112.6,-0.0992,0.0077,0.0952,0.0005,ok,2026-09-03T17:29:06+00:00
camargue,2026-03-12,2,S2B_31TFH_20260312_0_L2A;S2B_31TFJ_20260312_0_L2A,1.0,0.3481,0.6519,0.0582,0.1758,otsu,0.571,0.0863,77071.7,18493.6,0.3681,1317.1,16709.8,18964.8,-0.0513,0.0185,0.1074,0.0061,nublado,2026-09-03T17:30:29+00:00
camargue,2026-03-16,3,S2A_31TEH_20260316_0_L2A;S2A_31TEJ_20260316_0_L2A;S2A_31TFH_20260316_0_L2A,0.0423,0.9987,0.0001,0.0455,0.0,fijo,,,77071.7,1.3,0.2963,0.0,0.2,0.0,-0.002,0.0414,0.0609,0.0,sin_datos,2026-09-03T17:29:06+00:00
camargue,2026-03-17,4,S2C_31TEH_20260317_0_L2A;S2C_31TEJ_20260317_0_L2A;S2C_31TFH_20260317_0_L2A;S2C_31TFJ_20260317_0_L2A,1.0,0.029,0.971,0.0519,0.2148,otsu,0.485,0.0782,77071.7,26634.6,0.3559,770.7,25537.0,31034.2,-0.0526,0.0188,0.116,0.0271,ok,2026-09-03T17:30:29+00:00
camargue,2026-03-19,8,S2A_31TEH_20260319_1_L2A;S2A_31TEJ_20260319_1_L2A;S2A_31TFH_20260319_1_L2A;S2A_31TFJ_20260319_1_L2A;S2B_31TEH_20260319_0_L2A;S2B_31TEJ_20260319_0_L2A;S2B_31TFH_20260319_0_L2A;S2B_31TFJ_20260319_0_L2A,1.0,0.0011,0.9989,0.0587,0.2461,otsu,0.294,0.0686,77071.7,26912.6,0.3496,787.8,26113.4,32069.8,-0.138,-0.0145,0.1207,0.027,ok,2026-09-03T17:30:29+00:00
camargue,2026-03-26,4,S2A_31TEH_20260326_0_L2A;S2A_31TEJ_20260326_0_L2A;S2A_31TFH_20260326_0_L2A;S2A_31TFJ_20260326_0_L2A,1.0,0.1561,0.8439,0.0707,0.1914,otsu,0.924,0.0994,77071.7,23264.8,0.3577,857.1,15392.6,26350.1,0.0104,0.0352,0.0784,0.0103,ok,2026-09-03T17:30:29+00:00
camargue,2026-03-27,4,S2C_31TEH_20260327_0_L2A;S2C_31TEJ_20260327_0_L2A;S2C_31TFH_20260327_0_L2A;S2C_31TFJ_20260327_0_L2A,1.0,0.0113,0.9887,0.0716,0.1133,otsu,1.024,0.1105,77071.7,27759.0,0.3643,1305.3,11327.8,29358.7,0.0232,0.032,0.0692,0.0036,ok,2026-09-03T17:30:29+00:00
camargue,2026-03-29,5,S2A_31TEH_20260329_1_L2A;S2A_31TEJ_20260329_1_L2A;S2A_31TFJ_20260329_1_L2A;S2B_31TEJ_20260329_0_L2A;S2B_31TFJ_20260329_0_L2A,1.0,0.3505,0.6495,0.0792,0.1836,otsu,1.098,0.115,77071.7,14788.0,0.2954,836.5,3986.1,15841.9,0.0235,0.0421,0.0707,0.0014,nublado,2026-09-03T17:30:29+00:00
camargue,2026-04-01,4,S2B_31TEH_20260401_0_L2A;S2B_31TEJ_20260401_0_L2A;S2B_31TFH_20260401_0_L2A;S2B_31TFJ_20260401_0_L2A,1.0,0.0266,0.9734,0.0878,0.1367,otsu,1.1,0.1232,77071.7,27493.3,0.3665,1348.8,9120.5,29872.5,0.0236,0.0363,0.0698,0.0018,ok,2026-09-03T17:30:29+00:00
camargue,2026-04-03,4,S2C_31TEH_20260403_0_L2A;S2C_31TEJ_20260403_0_L2A;S2C_31TFH_20260403_0_L2A;S2C_31TFJ_20260403_0_L2A,1.0,0.0146,0.9854,0.0809,0.1836,otsu,0.961,0.1034,77071.7,26294.7,0.3462,811.5,15225.6,30430.1,0.0092,0.0322,0.0834,0.0085,ok,2026-09-03T17:30:29+00:00
camargue,2026-04-05,4,S2A_31TEH_20260405_0_L2A;S2A_31TEJ_20260405_0_L2A;S2A_31TFH_20260405_0_L2A;S2A_31TFJ_20260405_0_L2A,1.0,0.0079,0.9921,0.0604,0.2539,otsu,0.249,0.061,77071.7,24885.0,0.3255,614.4,24318.1,30021.0,-0.1625,-0.0279,0.1335,0.0421,ok,2026-09-03T17:30:29+00:00
camargue,2026-04-06,2,S2C_31TEJ_20260406_0_L2A;S2C_31TFJ_20260406_0_L2A,1.0,0.0086,0.9914,0.0571,0.1914,otsu,0.328,0.058,77071.7,24915.7,0.3261,693.1,24198.6,29428.6,-0.1702,-0.0447,0.1211,0.0355,ok,2026-09-03T17:30:29+00:00
camargue,2026-04-08,8,S2A_31TEH_20260408_1_L2A;S2A_31TEJ_20260408_1_L2A;S2A_31TFH_20260408_1_L2A;S2A_31TFJ_20260408_1_L2A;S2B_31TEH_20260408_0_L2A;S2B_31TEJ_20260408_0_L2A;S2B_31TFH_20260408_0_L2A;S2B_31TFJ_20260408_0_L2A,1.0,0.0058,0.9942,0.0592,0.2539,otsu,0.259,0.0524,77071.7,24510.2,0.3199,712.8,23754.7,29672.5,-0.1823,-0.0278,0.1137,0.0234,ok,2026-09-03T17:30:29+00:00
camargue,2026-04-11,4,S2B_31TEH_20260411_0_L2A;S2B_31TEJ_20260411_0_L2A;S2B_31TFH_20260411_0_L2A;S2B_31TFJ_20260411_0_L2A,1.0,0.131,0.869,0.0824,0.0742,otsu,0.691,0.0957,77071.7,24484.6,0.3656,866.1,21153.1,25249.8,-0.0341,0.0281,0.0935,0.0071,ok,2026-09-03T17:30:29+00:00
camargue,2026-04-15,4,S2A_31TEH_20260415_0_L2A;S2A_31TEJ_20260415_0_L2A;S2A_31TFH_20260415_0_L2A;S2A_31TFJ_20260415_0_L2A,1.0,0.0025,0.9975,0.0728,0.1992,otsu,0.469,0.0831,77071.7,25842.9,0.3362,781.1,24234.7,29708.8,-0.065,0.0251,0.1077,0.0218,ok,2026-09-03T17:31:45+00:00
camargue,2026-04-16,4,S2C_31TEH_20260416_0_L2A;S2C_31TEJ_20260416_0_L2A;S2C_31TFH_20260416_0_L2A;S2C_31TFJ_20260416_0_L2A,1.0,0.0895,0.9105,0.0714,0.1055,otsu,0.569,0.0913,77071.7,22676.3,0.3232,914.6,20389.8,24208.5,-0.0463,0.0177,0.0981,0.0129,ok,2026-09-03T17:31:45+00:00
camargue,2026-04-18,8,S2A_31TEH_20260418_1_L2A;S2A_31TEJ_20260418_1_L2A;S2A_31TFH_20260418_1_L2A;S2A_31TFJ_20260418_1_L2A;S2B_31TEH_20260418_0_L2A;S2B_31TEJ_20260418_0_L2A;S2B_31TFH_20260418_0_L2A;S2B_31TFJ_20260418_0_L2A,1.0,0.0348,0.9652,0.0636,0.2148,otsu,0.304,0.0608,77071.7,24142.7,0.3245,871.5,22796.6,27915.8,-0.1505,-0.0165,0.1173,0.0257,ok,2026-09-03T17:31:45+00:00
camargue,2026-04-21,4,S2B_31TEH_20260421_0_L2A;S2B_31TEJ_20260421_0_L2A;S2B_31TFH_20260421_0_L2A;S2B_31TFJ_20260421_0_L2A,1.0,0.0042,0.9958,0.0713,0.0977,otsu,0.477,0.0761,77071.7,26100.6,0.3401,1767.0,23143.5,28117.4,-0.0915,0.0148,0.1062,0.0119,ok,2026-09-03T17:31:45+00:00
camargue,2026-04-23,3,S2C_31TEH_20260423_0_L2A;S2C_31TFH_20260423_0_L2A;S2C_31TFJ_20260423_0_L2A,1.0,0.4542,0.5458,0.0593,0.1992,otsu,0.192,0.0516,77071.7,11284.5,0.2683,699.2,10626.9,12809.6,-0.2078,-0.042,0.136,0.0469,nublado,2026-09-03T17:31:45+00:00
camargue,2026-04-25,9,S2A_31TEH_20260425_0_L2A;S2A_31TEH_20260425_1_L2A;S2A_31TEH_20260425_2_L2A;S2A_31TEJ_20260425_0_L2A;S2A_31TEJ_20260425_1_L2A;S2A_31TEJ_20260425_2_L2A;S2A_31TFH_20260425_0_L2A;S2A_31TFJ_20260425_0_L2A;S2A_31TFJ_20260425_1_L2A,1.0,0.0342,0.9658,0.0565,0.2383,otsu,0.248,0.0521,77071.7,23610.2,0.3172,1152.6,22011.5,27524.8,-0.151,-0.0004,0.1289,0.0336,ok,2026-09-03T17:31:45+00:00
camargue,2026-04-26,4,S2C_31TEH_20260426_0_L2A;S2C_31TEJ_20260426_0_L2A;S2C_31TFH_20260426_0_L2A;S2C_31TFJ_20260426_0_L2A,1.0,0.3553,0.6447,0.0564,0.1211,otsu,0.356,0.0557,77071.7,14770.2,0.2973,1148.3,13481.4,15183.7,-0.1573,-0.019,0.104,0.0216,nublado,2026-09-03T17:31:45+00:00
camargue,2026-04-28,3,S2A_31TFH_20260428_1_L2A;S2A_31TFH_20260428_2_L2A;S2B_31TFH_20260428_0_L2A,0.0007,1.0,0.0,,0.0,fijo,,,77071.7,0.0,0.0,0.0,0.0,0.0,,,,,sin_datos,2026-09-03T17:31:45+00:00
camargue,2026-05-05,4,S2A_31TEH_20260505_0_L2A;S2A_31TEJ_20260505_0_L2A;S2A_31TFH_20260505_0_L2A;S2A_31TFJ_20260505_0_L2A,1.0,0.092,0.908,0.0498,0.2773,otsu,0.188,0.0608,77071.7,26334.7,0.3763,1136.2,24921.9,29812.6,-0.1358,0.0017,0.1425,0.05,ok,2026-09-03T17:31:45+00:00
camargue,2026-05-06,4,S2C_31TEH_20260506_0_L2A;S2C_31TEJ_20260506_0_L2A;S2C_31TFH_20260506_0_L2A;S2C_31TFJ_20260506_0_L2A,1.0,0.2235,0.7765,0.0547,0.1445,otsu,0.404,0.0632,77071.7,23583.0,0.3941,1451.0,21863.7,26338.7,-0.1287,-0.0203,0.1153,0.0273,nublado,2026-09-03T17:31:45+00:00
camargue,2026-05-08,4,S2A_31TEJ_20260508_1_L2A;S2A_31TFJ_20260508_1_L2A;S2B_31TEJ_20260508_0_L2A;S2B_31TFJ_20260508_0_L2A,1.0,0.0091,0.9909,0.0537,0.2617,otsu,0.225,0.0524,77071.7,26217.6,0.3433,1596.8,24418.6,29881.6,-0.1708,-0.0189,0.1301,0.0336,ok,2026-09-03T17:31:45+00:00
camargue,2026-05-11,4,S2B_31TEH_20260511_0_L2A;S2B_31TEJ_20260511_0_L2A;S2B_31TFH_20260511_0_L2A;S2B_31TFJ_20260511_0_L2A,1.0,0.0602,0.9398,0.0614,0.1445,otsu,0.404,0.0741,77071.7,26961.3,0.3722,2663.0,24340.6,29368.0,-0.1079,0.0154,0.1304,0.0315,ok,2026-09-03T17:32:46+00:00
camargue,2026-05-13,1,S2C_31TFH_20260513_0_L2A,0.0007,1.0,0.0,,0.0,fijo,,,77071.7,0.0,0.0,0.0,0.0,0.0,,,,,sin_datos,2026-09-03T17:31:45+00:00
camargue,2026-05-15,2,S2A_31TEJ_20260515_0_L2A;S2A_31TFJ_20260515_0_L2A,1.0,0.5116,0.4884,0.0852,0.1758,otsu,0.358,0.0957,77071.7,16071.7,0.427,537.9,15770.7,18096.2,-0.0985,-0.0165,0.0853,0.0149,nublado,2026-09-03T17:32:46+00:00
camargue,2026-05-16,4,S2C_31TEH_20260516_0_L2A;S2C_31TEJ_20260516_0_L2A;S2C_31TFH_20260516_0_L2A;S2C_31TFJ_20260516_0_L2A,1.0,0.8455,0.1545,0.0964,0.1367,otsu,0.61,0.1058,77071.7,6382.1,0.5358,232.0,6119.7,6936.2,-0.0788,-0.0148,0.0786,0.0082,nublado,2026-09-03T17:32:46+00:00
camargue,2026-05-18,1,S2B_31TFH_20260518_0_L2A,0.0007,0.65,0.0002,0.0742,0.0,fijo,,,77071.7,10.1,0.5625,1.1,10.1,16.8,-0.1484,0.0322,0.0837,0.0,sin_datos,2026-09-03T17:32:46+00:00
camargue,2026-05-21,4,S2B_31TEH_20260521_0_L2A;S2B_31TEJ_20260521_0_L2A;S2B_31TFH_20260521_0_L2A;S2B_31TFJ_20260521_0_L2A,1.0,0.1131,0.8869,0.0685,0.0508,otsu,0.648,0.0919,77071.7,20541.9,0.3005,3531.7,16777.6,19346.4,-0.0777,0.0258,0.1292,0.0222,ok,2026-09-03T17:32:46+00:00
camargue,2026-05-23,4,S2C_31TEH_20260523_0_L2A;S2C_31TEJ_20260523_0_L2A;S2C_31TFH_20260523_0_L2A;S2C_31TFJ_20260523_0_L2A,1.0,0.3023,0.6977,0.0584,0.2227,otsu,0.203,0.054,77071.7,18327.7,0.3408,1097.8,17012.5,20483.2,-0.1681,-0.0377,0.131,0.0312,nublado,2026-09-03T17:32:46+00:00
camargue,2026-05-25,4,S2A_31TEH_20260525_0_L2A;S2A_31TEJ_20260525_0_L2A;S2A_31TFH_20260525_0_L2A;S2A_31TFJ_20260525_0_L2A,1.0,0.0725,0.9275,0.0567,0.2305,otsu,0.282,0.0503,77071.7,22227.7,0.3109,2090.9,20089.8,25075.5,-0.156,-0.0032,0.1502,0.0433,ok,2026-09-03T17:32:46+00:00
camargue,2026-05-26,4,S2C_31TEH_20260526_0_L2A;S2C_31TEJ_20260526_0_L2A;S2C_31TFH_20260526_0_L2A;S2C_31TFJ_20260526_0_L2A,1.0,0.0091,0.9909,0.0583,0.0898,otsu,0.61,0.058,77071.7,25755.2,0.3372,3509.4,22491.4,27453.9,-0.1246,0.0049,0.1404,0.0312,ok,2026-09-03T17:32:46+00:00
camargue,2026-05-28,7,S2A_31TEH_20260528_1_L2A;S2A_31TEJ_20260528_1_L2A;S2A_31TFH_20260528_1_L2A;S2A_31TFJ_20260528_1_L2A;S2B_31TEH_20260528_0_L2A;S2B_31TFH_20260528_0_L2A;S2B_31TFJ_20260528_0_L2A,1.0,0.8114,0.1886,0.0794,0.168,otsu,0.436,0.0865,77071.7,6543.5,0.4502,547.2,6152.6,7607.0,-0.09,0.0165,0.1339,0.0357,nublado,2026-09-03T17:32:46+00:00
camargue,2026-05-31,4,S2B_31TEH_20260531_0_L2A;S2B_31TEJ_20260531_0_L2A;S2B_31TFH_20260531_0_L2A;S2B_31TFJ_20260531_0_L2A,1.0,0.0847,0.9153,0.076,0.043,otsu,0.539,0.0839,77071.7,24336.0,0.345,4436.0,21181.9,25316.0,-0.0789,0.04,0.134,0.0207,ok,2026-09-03T17:32:46+00:00
camargue,2026-06-05,4,S2C_31TEH_20260605_0_L2A;S2C_31TEJ_20260605_0_L2A;S2C_31TFH_20260605_0_L2A;S2C_31TFJ_20260605_0_L2A,1.0,0.2373,0.7627,0.0734,-0.043,otsu,0.699,0.1206,77071.7,18769.4,0.3193,4531.8,15357.4,19503.5,-0.0513,0.0177,0.0986,0.005,nublado,2026-09-03T17:32:46+00:00
camargue,2026-06-07,2,S2A_31TFH_20260607_1_L2A;S2B_31TFH_20260607_0_L2A,0.0007,0.8469,0.0001,0.1365,0.0,fijo,,,77071.7,2.2,0.2857,0.0,2.6,4.2,-0.0929,-0.0265,-0.0043,0.0,sin_datos,2026-09-03T17:32:46+00:00
camargue,2026-06-10,2,S2B_31TEJ_20260610_0_L2A;S2B_31TFJ_20260610_0_L2A,1.0,0.7538,0.2462,0.0726,-0.0195,otsu,0.552,0.1291,77071.7,4213.6,0.2221,1864.2,3594.4,3604.5,-0.0745,0.0029,0.0999,0.0021,nublado,2026-09-03T17:34:13+00:00
camargue,2026-06-12,4,S2C_31TEH_20260612_0_L2A;S2C_31TEJ_20260612_0_L2A;S2C_31TFH_20260612_0_L2A;S2C_31TFJ_20260612_0_L2A,1.0,0.0189,0.9811,0.0732,0.1367,otsu,0.501,0.0881,77071.7,22918.2,0.3031,3568.3,20847.8,26434.6,-0.0715,0.0038,0.1226,0.0257,ok,2026-09-03T17:34:13+00:00
camargue,2026-06-14,4,S2A_31TEH_20260614_0_L2A;S2A_31TEJ_20260614_0_L2A;S2A_31TFH_20260614_0_L2A;S2A_31TFJ_20260614_0_L2A,1.0,0.6269,0.3731,0.0717,0.0898,otsu,0.461,0.0779,77071.7,5378.2,0.187,1335.5,4970.7,5977.4,-0.126,-0.0092,0.1061,0.0233,nublado,2026-09-03T17:34:13+00:00
camargue,2026-06-15,4,S2C_31TEH_20260615_0_L2A;S2C_31TEJ_20260615_0_L2A;S2C_31TFH_20260615_0_L2A;S2C_31TFJ_20260615_0_L2A,1.0,0.2226,0.7774,0.0744,-0.0352,otsu,0.649,0.1141,77071.7,15592.5,0.2603,4057.4,13168.3,16486.2,-0.0476,0.0109,0.0936,0.0045,nublado,2026-09-03T17:34:13+00:00
camargue,2026-06-17,8,S2A_31TEH_20260617_1_L2A;S2A_31TEJ_20260617_1_L2A;S2A_31TFH_20260617_1_L2A;S2A_31TFJ_20260617_1_L2A;S2B_31TEH_20260617_0_L2A;S2B_31TEJ_20260617_0_L2A;S2B_31TFH_20260617_0_L2A;S2B_31TFJ_20260617_0_L2A,1.0,0.021,0.979,0.0654,0.1914,otsu,0.275,0.0568,77071.7,21915.4,0.2905,2699.4,20761.4,26274.9,-0.1692,0.0158,0.1575,0.0516,ok,2026-09-03T17:34:13+00:00
camargue,2026-06-20,4,S2B_31TEH_20260620_0_L2A;S2B_31TEJ_20260620_0_L2A;S2B_31TFH_20260620_0_L2A;S2B_31TFJ_20260620_0_L2A,1.0,0.0149,0.9851,0.0654,0.0977,otsu,0.545,0.0631,77071.7,21904.5,0.2885,3322.7,20291.0,25878.1,-0.1203,0.0318,0.1435,0.037,ok,2026-09-03T17:34:13+00:00
camargue,2026-06-22,4,S2C_31TEH_20260622_0_L2A;S2C_31TEJ_20260622_0_L2A;S2C_31TFH_20260622_0_L2A;S2C_31TFJ_20260622_0_L2A,1.0,0.0303,0.9697,0.0512,0.1055,otsu,0.307,0.0409,77071.7,20967.8,0.2806,2256.8,19852.0,25924.5,-0.1586,0.016,0.1832,0.0819,ok,2026-09-03T17:34:13+00:00
camargue,2026-06-24,3,S2A_31TEH_20260624_0_L2A;S2A_31TEJ_20260624_0_L2A;S2A_31TFH_20260624_0_L2A,0.0423,0.0189,0.0415,0.0576,0.1367,otsu,0.596,0.0471,77071.7,587.4,0.1838,115.0,523.2,849.4,-0.103,0.0866,0.1936,0.0902,sin_datos,2026-09-03T17:34:13+00:00
camargue,2026-06-25,4,S2C_31TEH_20260625_0_L2A;S2C_31TEJ_20260625_0_L2A;S2C_31TFH_20260625_0_L2A;S2C_31TFJ_20260625_0_L2A,1.0,0.0307,0.9693,0.069,-0.0352,otsu,0.751,0.1013,77071.7,21259.2,0.2846,4073.6,19135.5,24216.5,-0.086,0.0353,0.1378,0.0364,ok,2026-09-03T17:34:13+00:00
camargue,2026-06-27,7,S2A_31TEH_20260627_1_L2A;S2A_31TEJ_20260627_1_L2A;S2A_31TFH_20260627_1_L2A;S2A_31TFJ_20260627_1_L2A;S2B_31TEH_20260627_0_L2A;S2B_31TEJ_20260627_0_L2A;S2B_31TFJ_20260627_0_L2A,1.0,0.0273,0.9727,0.0592,0.1992,otsu,0.281,0.0491,77071.7,20610.6,0.2749,2153.0,19938.9,25659.2,-0.1744,0.0319,0.1863,0.0828,ok,2026-09-03T17:35:30+00:00
camargue,2026-06-30,4,S2B_31TEH_20260630_0_L2A;S2B_31TEJ_20260630_0_L2A;S2B_31TFH_20260630_0_L2A;S2B_31TFJ_20260630_0_L2A,1.0,0.0297,0.9703,0.0778,-0.0352,otsu,0.658,0.1057,77071.7,21596.5,0.2888,3286.1,19640.0,24310.7,-0.0613,0.0479,0.1296,0.0311,ok,2026-09-03T17:34:13+00:00
camargue,2026-07-02,4,S2C_31TEH_20260702_0_L2A;S2C_31TEJ_20260702_0_L2A;S2C_31TFH_20260702_0_L2A;S2C_31TFJ_20260702_0_L2A,1.0,0.0338,0.9662,0.0812,0.1211,otsu,0.798,0.1,77071.7,21133.8,0.2838,1580.6,17752.2,25398.4,-0.0047,0.0273,0.0844,0.0121,ok,2026-09-03T17:34:13+00:00
camargue,2026-07-04,4,S2A_31TEH_20260704_0_L2A;S2A_31TEJ_20260704_0_L2A;S2A_31TFH_20260704_0_L2A;S2A_31TFJ_20260704_0_L2A,1.0,0.0358,0.9642,0.0768,0.1523,otsu,0.582,0.0921,77071.7,20939.8,0.2818,1458.4,19593.9,25328.5,-0.051,0.0255,0.1165,0.0198,ok,2026-09-03T17:34:13+00:00
camargue,2026-07-05,4,S2C_31TEH_20260705_0_L2A;S2C_31TEJ_20260705_0_L2A;S2C_31TFH_20260705_0_L2A;S2C_31TFJ_20260705_0_L2A,1.0,0.0749,0.9251,0.0829,-0.043,otsu,0.726,0.1287,77071.7,18743.4,0.2629,2317.4,15727.4,21341.4,-0.0343,0.013,0.0818,0.0015,ok,2026-09-03T17:35:30+00:00
camargue,2026-07-07,8,S2A_31TEH_20260707_0_L2A;S2A_31TEJ_20260707_0_L2A;S2A_31TFH_20260707_0_L2A;S2A_31TFJ_20260707_0_L2A;S2B_31TEH_20260707_1_L2A;S2B_31TEJ_20260707_1_L2A;S2B_31TFH_20260707_1_L2A;S2B_31TFJ_20260707_1_L2A,1.0,0.0434,0.9566,0.0651,0.2461,otsu,0.273,0.0577,77071.7,20103.5,0.2727,1395.5,19571.4,25305.1,-0.1668,-0.006,0.1392,0.0366,ok,2026-09-03T17:35:30+00:00
camargue,2026-07-10,4,S2B_31TEH_20260710_0_L2A;S2B_31TEJ_20260710_0_L2A;S2B_31TFH_20260710_0_L2A;S2B_31TFJ_20260710_0_L2A,1.0,0.3068,0.6932,0.076,0.0977,otsu,0.524,0.0828,77071.7,17879.7,0.3346,1413.1,17138.6,21576.2,-0.0934,0.04,0.1424,0.0375,nublado,2026-09-03T17:35:30+00:00
camargue,2026-07-12,4,S2C_31TEH_20260712_0_L2A;S2C_31TEJ_20260712_0_L2A;S2C_31TFH_20260712_0_L2A;S2C_31TFJ_20260712_0_L2A,1.0,0.0324,0.9676,0.0563,0.207,otsu,0.241,0.0477,77071.7,20347.0,0.2728,1414.1,19861.1,25221.6,-0.1745,-0.0067,0.1709,0.0709,ok,2026-09-03T17:35:30+00:00
camargue,2026-07-14,4,S2A_31TEH_20260714_0_L2A;S2A_31TEJ_20260714_0_L2A;S2A_31TFH_20260714_0_L2A;S2A_31TFJ_20260714_0_L2A,1.0,0.0761,0.9239,0.0613,0.1602,otsu,0.312,0.0531,77071.7,20508.8,0.288,1289.0,19983.0,24927.5,-0.1582,0.0277,0.1708,0.0643,ok,2026-09-03T17:35:30+00:00
camargue,2026-07-15,4,S2C_31TEH_20260715_0_L2A;S2C_31TEJ_20260715_0_L2A;S2C_31TFH_20260715_0_L2A;S2C_31TFJ_20260715_0_L2A,1.0,0.5136,0.4864,0.0905,-0.043,otsu,0.668,0.1081,77071.7,12440.3,0.3318,1222.4,11145.3,15003.5,-0.0609,0.0395,0.1371,0.0263,nublado,2026-09-03T17:35:30+00:00
camargue,2026-07-17,8,S2A_31TEH_20260717_1_L2A;S2A_31TEJ_20260717_1_L2A;S2A_31TFH_20260717_1_L2A;S2A_31TFJ_20260717_1_L2A;S2B_31TEH_20260717_0_L2A;S2B_31TEJ_20260717_0_L2A;S2B_31TFH_20260717_0_L2A;S2B_31TFJ_20260717_0_L2A,1.0,0.0251,0.9749,0.0574,0.1992,otsu,0.271,0.0491,77071.7,20400.8,0.2715,1718.1,19878.1,25323.7,-0.1747,0.0348,0.2,0.0998,ok,2026-09-03T17:35:30+00:00
camargue,2026-07-20,4,S2B_31TEH_20260720_0_L2A;S2B_31TEJ_20260720_1_L2A;S2B_31TFH_20260720_0_L2A;S2B_31TFJ_20260720_0_L2A,1.0,0.111,0.889,0.0625,-0.0195,otsu,0.577,0.08,77071.7,18612.5,0.2716,1918.9,16907.4,21878.6,-0.0743,0.0448,0.1484,0.0556,ok,2026-09-03T17:35:30+00:00
camargue,2026-07-22,3,S2C_31TEJ_20260722_0_L2A;S2C_31TFH_20260722_0_L2A;S2C_31TFJ_20260722_0_L2A,1.0,0.0316,0.9684,0.0657,0.1445,otsu,0.417,0.0651,77071.7,20309.9,0.2721,1594.1,19118.4,25249.8,-0.118,0.0021,0.14,0.0489,ok,2026-09-03T17:35:30+00:00
camargue,2026-07-24,4,S2A_31TEH_20260724_0_L2A;S2A_31TEJ_20260724_0_L2A;S2A_31TFH_20260724_0_L2A;S2A_31TFJ_20260724_0_L2A,1.0,0.0345,0.9655,0.0574,0.2305,otsu,0.279,0.0498,77071.7,19630.1,0.2638,1474.1,18866.4,24855.7,-0.1672,0.0151,0.1776,0.0765,ok,2026-09-03T17:35:30+00:00
camargue,2026-07-25,1,S2C_31TEH_20260725_0_L2A,0.0,0.0,0.0,,0.0,fijo,,,77071.7,0.0,0.0,0.0,0.0,0.0,,,,,sin_datos,2026-09-03T17:35:30+00:00
camargue,2026-07-27,8,S2A_31TEH_20260727_1_L2A;S2A_31TEJ_20260727_1_L2A;S2A_31TFH_20260727_1_L2A;S2A_31TFJ_20260727_1_L2A;S2B_31TEH_20260727_0_L2A;S2B_31TEJ_20260727_0_L2A;S2B_31TFH_20260727_0_L2A;S2B_31TFJ_20260727_0_L2A,1.0,0.0072,0.9928,0.0637,0.1914,otsu,0.404,0.0669,77071.7,20596.3,0.2692,1637.4,19598.9,25587.5,-0.1337,0.0162,0.1455,0.0476,ok,2026-09-03T17:36:53+00:00
camargue,2026-07-30,4,S2B_31TEH_20260730_0_L2A;S2B_31TEJ_20260730_0_L2A;S2B_31TFH_20260730_0_L2A;S2B_31TFJ_20260730_0_L2A,1.0,0.4119,0.5881,0.0826,0.082,otsu,0.546,0.0906,77071.7,11874.7,0.262,1188.5,11529.1,13802.7,-0.1244,0.0229,0.1136,0.0132,nublado,2026-09-03T17:36:53+00:00
camargue,2026-08-01,4,S2C_31TEH_20260801_0_L2A;S2C_31TEJ_20260801_0_L2A;S2C_31TFH_20260801_0_L2A;S2C_31TFJ_20260801_0_L2A,1.0,0.0055,0.9945,0.0577,0.168,otsu,0.37,0.0548,77071.7,20339.2,0.2654,1990.9,19512.0,25293.8,-0.1505,0.0232,0.165,0.0607,ok,2026-09-03T17:36:53+00:00
camargue,2026-08-03,4,S2A_31TEH_20260803_0_L2A;S2A_31TEJ_20260803_0_L2A;S2A_31TFH_20260803_0_L2A;S2A_31TFJ_20260803_0_L2A,1.0,0.056,0.944,0.0555,0.0898,otsu,0.406,0.055,77071.7,19409.3,0.2668,1788.8,18585.9,23510.2,-0.1273,0.0558,0.1719,0.0631,ok,2026-09-03T17:36:53+00:00
camargue,2026-08-04,4,S2C_31TEH_20260804_0_L2A;S2C_31TEJ_20260804_0_L2A;S2C_31TFH_20260804_0_L2A;S2C_31TFJ_20260804_0_L2A,1.0,0.4809,0.5191,0.0734,0.0664,otsu,0.576,0.0798,77071.7,11277.0,0.2819,1172.3,11210.2,14343.4,-0.1064,0.0497,0.17,0.0635,nublado,2026-09-03T17:36:53+00:00
camargue,2026-08-06,8,S2A_31TEH_20260806_1_L2A;S2A_31TEJ_20260806_1_L2A;S2A_31TFH_20260806_1_L2A;S2A_31TFJ_20260806_1_L2A;S2B_31TEH_20260806_0_L2A;S2B_31TEJ_20260806_0_L2A;S2B_31TFH_20260806_0_L2A;S2B_31TFJ_20260806_0_L2A,1.0,0.0082,0.9918,0.0632,0.168,otsu,0.399,0.0633,77071.7,20257.0,0.265,1828.8,19376.0,25106.1,-0.1311,0.0362,0.1685,0.0635,ok,2026-09-03T17:36:53+00:00
camargue,2026-08-09,4,S2B_31TEH_20260809_0_L2A;S2B_31TEJ_20260809_0_L2A;S2B_31TFH_20260809_0_L2A;S2B_31TFJ_20260809_0_L2A,1.0,0.6477,0.3523,0.0581,0.043,otsu,0.522,0.0618,77071.7,5478.6,0.2017,766.4,5572.2,6479.8,-0.1444,0.0549,0.1557,0.0448,nublado,2026-09-03T17:36:53+00:00
camargue,2026-08-11,2,S2C_31TEH_20260811_0_L2A;S2C_31TEJ_20260811_0_L2A,0.0416,0.0,0.0416,0.054,0.1211,otsu,0.617,0.0546,77071.7,612.6,0.1911,155.4,554.6,836.3,-0.1009,0.1102,0.2,0.1,sin_datos,2026-09-03T17:36:53+00:00
camargue,2026-08-13,4,S2A_31TEH_20260813_0_L2A;S2A_31TEJ_20260813_0_L2A;S2A_31TFH_20260813_0_L2A;S2A_31TFJ_20260813_0_L2A,1.0,0.0101,0.9899,0.0503,0.1758,otsu,0.305,0.0441,77071.7,19464.2,0.2551,1976.3,18821.8,24926.7,-0.1722,0.062,0.213,0.1168,ok,2026-09-03T17:36:53+00:00
camargue,2026-08-14,4,S2C_31TEH_20260814_0_L2A;S2C_31TEJ_20260814_0_L2A;S2C_31TFH_20260814_0_L2A;S2C_31TFJ_20260814_0_L2A,1.0,0.0139,0.9861,0.0478,0.1211,otsu,0.341,0.0465,77071.7,19568.5,0.2575,2194.6,18909.0,24771.5,-0.1759,0.0411,0.2042,0.1045,ok,2026-09-03T17:36:53+00:00
camargue,2026-08-16,6,S2A_31TEH_20260816_1_L2A;S2A_31TFH_20260816_1_L2A;S2A_31TFJ_20260816_1_L2A;S2B_31TEH_20260816_0_L2A;S2B_31TFH_20260816_0_L2A;S2B_31TFJ_20260816_0_L2A,1.0,0.8261,0.1739,0.0718,0.1914,otsu,0.282,0.0724,77071.7,2926.4,0.2184,152.0,3357.8,4077.4,-0.1718,0.0034,0.1398,0.0352,nublado,2026-09-03T17:37:09+00:00
camargue,2026-08-19,4,S2B_31TEH_20260819_0_L2A;S2B_31TEJ_20260819_0_L2A;S2B_31TFH_20260819_0_L2A;S2B_31TFJ_20260819_0_L2A,1.0,0.008,0.992,0.0515,0.2227,otsu,0.325,0.0508,77071.7,19247.4,0.2517,2070.6,18627.5,24614.2,-0.1938,0.0536,0.2219,0.1242,ok,2026-09-03T17:36:53+00:00
camargue,2026-08-21,4,S2C_31TEH_20260821_0_L2A;S2C_31TEJ_20260821_0_L2A;S2C_31TFH_20260821_0_L2A;S2C_31TFJ_20260821_0_L2A,1.0,0.1262,0.8738,0.048,0.1914,otsu,0.295,0.0478,77071.7,18675.8,0.2773,1847.0,18227.0,24510.9,-0.1838,0.0405,0.253,0.1433,ok,2026-09-03T17:36:53+00:00
camargue,2026-08-23,4,S2A_31TEH_20260823_0_L2A;S2A_31TEJ_20260823_0_L2A;S2A_31TFH_20260823_0_L2A;S2A_31TFJ_20260823_0_L2A,1.0,0.5727,0.4273,0.0631,0.1836,otsu,0.39,0.0542,77071.7,9574.6,0.2907,959.5,9525.4,12851.8,-0.1541,0.0618,0.208,0.11,nublado,2026-09-03T17:37:09+00:00
camargue,2026-08-24,2,S2C_31TEJ_20260824_0_L2A;S2C_31TFJ_20260824_0_L2A,1.0,0.5826,0.4174,0.0691,0.043,otsu,0.63,0.0793,77071.7,10639.4,0.3307,1119.4,9650.2,14021.4,-0.064,0.0462,0.1603,0.0585,nublado,2026-09-03T17:37:09+00:00
camargue,2026-08-29,4,S2B_31TEH_20260829_0_L2A;S2B_31TEJ_20260829_0_L2A;S2B_31TFH_20260829_0_L2A;S2B_31TFJ_20260829_0_L2A,1.0,0.4111,0.5889,0.0478,0.1367,otsu,0.268,0.0484,113447.0,38477.0,0.576,1363.7,37848.0,41493.9,-0.3283,-0.0209,0.0908,0.0292,nublado,2026-09-03T14:22:42+00:00
camargue,2026-08-31,4,S2C_31TEH_20260831_0_L2A;S2C_31TEJ_20260831_0_L2A;S2C_31TFH_20260831_0_L2A;S2C_31TFJ_20260831_0_L2A,1.0,0.0191,0.9809,0.0463,0.1523,otsu,0.186,0.0429,113447.0,56020.5,0.5034,1891.7,55472.6,61024.2,-0.3438,-0.035,0.1067,0.0333,ok,2026-09-03T14:22:42+00:00
camargue,2026-09-02,4,S2A_31TEH_20260902_0_L2A;S2A_31TEJ_20260902_0_L2A;S2A_31TFH_20260902_0_L2A;S2A_31TFJ_20260902_0_L2A,1.0,0.003,0.997,0.0555,0.207,otsu,0.331,0.054,77071.7,20538.2,0.2673,1611.7,19922.9,25715.7,-0.1795,0.0366,0.1783,0.072,ok,2026-09-03T14:29:04+00:00
