site,date,n_scenes,scenes,coverage,cloud_frac,valid_frac,blue_median,mndwi_thr,thr_method,water_nir_green,water_blue,site_ha,water_ha,water_frac,wet_veg_ha,ndwi_water_ha,scl_water_ha,ndti_mean,ndci_mean,ndci_p90,bloom_frac,quality,processed_at
fuente-piedra,2017-07-03,1,S2B_30SUG_20170703_0_L2A,1.0,0.1624,0.8376,0.1062,0.0,fijo,,,8667.8,5.0,0.0007,1.4,3.1,0.0,0.0226,0.0264,0.0525,0.0159,ok,2026-09-03T08:00:42+00:00
fuente-piedra,2017-07-13,1,S2B_30SUG_20170713_0_L2A,1.0,0.136,0.864,0.1084,0.0,fijo,,,8667.8,0.9,0.0001,1.1,0.0,0.0,0.0164,0.0295,0.0678,0.0,ok,2026-09-03T08:00:42+00:00
fuente-piedra,2017-07-16,1,S2B_30SUG_20170716_0_L2A,1.0,0.1173,0.8827,0.0857,0.0,fijo,,,8667.8,0.3,0.0,0.4,0.0,0.0,0.0278,0.0474,0.0809,0.0,ok,2026-09-03T08:00:42+00:00
fuente-piedra,2017-07-23,1,S2B_30SUG_20170723_0_L2A,1.0,0.1406,0.8594,0.1064,0.0,fijo,,,8667.8,6.7,0.0009,4.2,2.1,0.3,0.0162,0.0338,0.0739,0.0,ok,2026-09-03T08:00:42+00:00
fuente-piedra,2017-07-26,1,S2B_30SUG_20170726_0_L2A,1.0,0.0643,0.9357,0.0934,0.0,fijo,1.404,0.1315,8667.8,5.3,0.0007,3.4,1.3,55.6,-0.0159,0.0817,0.238,0.1364,espectro_anomalo,2026-09-03T08:00:42+00:00
fuente-piedra,2017-08-02,1,S2B_30SUG_20170802_0_L2A,1.0,0.1466,0.8534,0.1012,0.0,fijo,,,8667.8,8.0,0.0011,1.6,3.2,12.2,0.0032,0.0347,0.0655,0.0,ok,2026-09-03T08:00:42+00:00
fuente-piedra,2017-08-05,1,S2B_30SUG_20170805_0_L2A,1.0,0.1148,0.8852,0.0883,0.0,fijo,,,8667.8,1.4,0.0002,3.7,0.0,0.0,0.0221,0.056,0.087,0.0,ok,2026-09-03T08:00:42+00:00
fuente-piedra,2017-08-07,1,S2A_30SUG_20170807_0_L2A,1.0,0.1745,0.8255,0.105,0.0,fijo,,,8667.8,0.4,0.0001,1.2,0.0,0.0,0.0076,0.0471,0.06,0.0,ok,2026-09-03T08:00:42+00:00
fuente-piedra,2017-08-12,1,S2B_30SUG_20170812_0_L2A,1.0,0.1444,0.8556,0.1008,0.0,fijo,,,8667.8,4.9,0.0007,2.6,1.8,0.0,0.0307,0.0346,0.0499,0.0246,ok,2026-09-03T08:00:42+00:00
fuente-piedra,2017-08-15,1,S2B_30SUG_20170815_0_L2A,1.0,0.1035,0.8965,0.0923,0.0,fijo,,,8667.8,0.0,0.0,0.6,0.1,0.0,,,,,ok,2026-09-03T08:00:42+00:00
fuente-piedra,2017-08-22,1,S2B_30SUG_20170822_0_L2A,1.0,0.1329,0.8671,0.1031,0.0,fijo,,,8667.8,0.0,0.0,1.9,0.0,0.0,,,,,ok,2026-09-03T08:00:42+00:00
fuente-piedra,2017-08-25,1,S2B_30SUG_20170825_0_L2A,1.0,0.3416,0.6584,0.1163,0.0,fijo,,,8667.8,0.0,0.0,0.0,0.0,54.7,,,,,nublado,2026-09-03T08:00:50+00:00
fuente-piedra,2017-09-01,1,S2B_30SUG_20170901_0_L2A,1.0,0.0351,0.9649,0.095,0.1055,otsu,0.505,0.0597,8667.8,761.7,0.0911,49.6,631.1,675.2,-0.001,0.05,0.1333,0.0204,ok,2026-09-03T08:00:42+00:00
fuente-piedra,2017-09-04,1,S2B_30SUG_20170904_0_L2A,1.0,0.0267,0.9733,0.0895,0.168,otsu,0.674,0.0671,8667.8,648.7,0.0769,108.9,544.6,590.3,-0.0306,0.1176,0.216,0.1412,ok,2026-09-03T08:00:50+00:00
fuente-piedra,2017-09-11,1,S2B_30SUG_20170911_0_L2A,1.0,0.0673,0.9327,0.0914,0.2305,otsu,0.731,0.0792,8667.8,554.2,0.0686,26.8,471.0,497.0,-0.0805,0.1451,0.2705,0.2444,ok,2026-09-03T08:00:50+00:00
fuente-piedra,2017-09-24,1,S2B_30SUG_20170924_0_L2A,1.0,0.0864,0.9136,0.0857,0.0273,otsu,1.104,0.1678,8667.8,240.8,0.0304,7.7,61.2,259.2,0.0184,0.0517,0.0747,0.0002,espectro_anomalo,2026-09-03T08:00:50+00:00
fuente-piedra,2017-09-26,1,S2A_30SUG_20170926_0_L2A,1.0,0.1043,0.8957,0.0851,-0.0273,otsu,1.042,0.1479,8667.8,198.0,0.0255,9.6,58.0,217.2,-0.0003,0.0346,0.0547,0.0,ok,2026-09-03T08:00:50+00:00
fuente-piedra,2017-10-01,1,S2B_30SUG_20171001_0_L2A,1.0,0.1016,0.8984,0.0871,-0.1602,otsu,0.969,0.1114,8667.8,190.1,0.0244,11.8,147.5,14.8,-0.0211,0.0349,0.0558,0.0,ok,2026-09-03T08:00:50+00:00
fuente-piedra,2017-10-04,1,S2B_30SUG_20171004_0_L2A,1.0,0.0908,0.9092,0.0801,-0.1758,otsu,0.973,0.1147,8667.8,199.7,0.0253,10.0,159.9,2.6,-0.012,0.0327,0.0506,0.0018,ok,2026-09-03T08:00:50+00:00
fuente-piedra,2017-10-11,1,S2B_30SUG_20171011_0_L2A,1.0,0.1012,0.8988,0.0799,0.0,fijo,1.021,0.1232,8667.8,114.8,0.0147,7.8,48.3,3.8,-0.0083,0.0284,0.0495,0.0003,ok,2026-09-03T08:00:50+00:00
fuente-piedra,2017-10-21,1,S2B_30SUG_20171021_0_L2A,1.0,0.0459,0.9541,0.0588,0.2148,otsu,0.697,0.0458,8667.8,519.3,0.0628,17.9,440.2,429.2,-0.1183,0.1467,0.2597,0.2451,ok,2026-09-03T08:00:50+00:00
fuente-piedra,2017-10-24,1,S2B_30SUG_20171024_0_L2A,1.0,0.0455,0.9545,0.0737,0.168,otsu,0.838,0.0356,8667.8,352.0,0.0425,120.4,207.1,159.2,-0.0526,0.1758,0.3096,0.3713,ok,2026-09-03T08:00:50+00:00
fuente-piedra,2017-10-31,1,S2B_30SUG_20171031_0_L2A,1.0,0.1012,0.8988,0.0826,0.1758,otsu,1.003,0.0397,8667.8,327.1,0.042,99.4,161.3,80.0,-0.0618,0.1646,0.26,0.3397,ok,2026-09-03T08:00:50+00:00
fuente-piedra,2017-11-10,1,S2B_30SUG_20171110_0_L2A,1.0,0.0312,0.9688,0.073,0.2148,otsu,0.743,0.0616,8667.8,502.0,0.0598,29.8,345.8,367.9,-0.0495,0.1302,0.1797,0.0435,ok,2026-09-03T08:00:50+00:00
fuente-piedra,2017-11-13,1,S2B_30SUG_20171113_0_L2A,1.0,0.0301,0.9699,0.067,0.207,otsu,0.81,0.0616,8667.8,478.1,0.0569,8.9,361.8,410.0,-0.0418,0.1176,0.179,0.0467,ok,2026-09-03T08:01:00+00:00
fuente-piedra,2017-11-20,1,S2B_30SUG_20171120_0_L2A,1.0,0.0354,0.9646,0.0678,0.1914,otsu,0.855,0.0497,8667.8,480.8,0.0575,36.7,264.5,340.5,-0.0276,0.1116,0.1778,0.0455,ok,2026-09-03T08:01:00+00:00
fuente-piedra,2017-11-23,1,S2B_30SUG_20171123_0_L2A,1.0,0.3511,0.6489,0.0923,0.0,fijo,,,8667.8,6.8,0.0012,0.0,1.4,0.0,-0.0442,0.1283,0.1784,0.0118,nublado,2026-09-03T08:01:00+00:00
fuente-piedra,2017-11-30,1,S2B_30SUG_20171130_0_L2A,1.0,0.0531,0.9469,0.0586,0.2461,otsu,0.556,0.0531,8667.8,961.0,0.1171,14.6,699.1,822.6,0.0004,0.1313,0.2595,0.2774,ok,2026-09-03T08:01:00+00:00
fuente-piedra,2017-12-13,1,S2B_30SUG_20171213_0_L2A,1.0,0.0134,0.9866,0.0441,0.2227,otsu,0.554,0.0577,8667.8,941.9,0.1101,10.7,751.7,882.5,0.0173,0.1148,0.19,0.0789,ok,2026-09-03T08:01:00+00:00
fuente-piedra,2017-12-20,1,S2B_30SUG_20171220_0_L2A,1.0,0.0785,0.9215,0.052,0.1836,otsu,0.514,0.0727,8667.8,601.9,0.0754,12.7,510.0,570.4,-0.0032,0.1176,0.162,0.0349,ok,2026-09-03T08:01:00+00:00
fuente-piedra,2017-12-30,1,S2B_30SUG_20171230_0_L2A,0.9999,0.0119,0.988,0.0451,0.2148,otsu,0.55,0.0531,8667.8,918.8,0.1073,46.2,813.3,988.9,-0.1017,0.1949,0.283,0.4525,ok,2026-09-03T08:01:00+00:00
fuente-piedra,2018-02-23,1,S2A_30SUG_20180223_0_L2A,1.0,0.0019,0.9981,0.0547,0.207,otsu,0.551,0.042,8667.8,969.2,0.112,26.4,832.2,1020.3,-0.1454,0.2355,0.347,0.6598,ok,2026-09-03T08:01:00+00:00
fuente-piedra,2018-03-20,1,S2B_30SUG_20180320_0_L2A,1.0,0.7559,0.2441,0.0828,0.1602,otsu,0.342,0.0819,8667.8,335.4,0.1585,1.0,346.4,291.6,-0.19,0.0657,0.1197,0.0049,nublado,2026-09-03T08:01:00+00:00
fuente-piedra,2018-03-28,1,S2A_30SUG_20180328_0_L2A,1.0,0.0027,0.9973,0.0545,0.2227,otsu,0.105,0.0488,8667.8,1162.7,0.1345,8.5,1157.9,1111.3,-0.2698,0.1637,0.2672,0.3034,ok,2026-09-03T08:01:00+00:00
fuente-piedra,2018-04-02,1,S2B_30SUG_20180402_0_L2A,1.0,1.0,0.0,0.1023,0.0,fijo,,,8667.8,0.0,0.0,0.0,0.0,0.0,,,,,nublado,2026-09-03T08:01:00+00:00
fuente-piedra,2018-04-04,1,S2A_30SUG_20180404_1_L2A,1.0,0.1691,0.8309,0.0828,0.1602,otsu,0.205,0.0809,8667.8,1021.0,0.1418,4.4,1022.2,935.5,-0.1883,0.0527,0.1676,0.0729,ok,2026-09-03T08:01:00+00:00
fuente-piedra,2018-04-09,1,S2B_30SUG_20180409_0_L2A,1.0,0.5319,0.4681,0.0918,0.1055,otsu,0.229,0.1232,8667.8,223.4,0.0551,5.5,228.2,167.4,-0.1055,-0.0132,0.0311,0.0002,nublado,2026-09-03T08:01:09+00:00
fuente-piedra,2018-04-14,1,S2A_30SUG_20180414_0_L2A,1.0,0.0928,0.9072,0.0492,0.2227,otsu,0.083,0.0661,8667.8,1090.3,0.1387,3.8,1089.1,1041.1,-0.1992,0.0273,0.1801,0.0751,ok,2026-09-03T08:01:09+00:00
fuente-piedra,2018-04-17,2,S2A_30SUG_20180417_0_L2A;S2A_30SUG_20180417_1_L2A,1.0,0.0545,0.9455,0.0654,-0.0117,otsu,0.383,0.1283,8667.8,760.4,0.0928,10.2,751.3,3.0,-0.1163,0.0315,0.1383,0.013,ok,2026-09-03T08:01:09+00:00
fuente-piedra,2018-04-19,2,S2B_30SUG_20180419_0_L2A;S2B_30SUG_20180419_1_L2A,1.0,0.0138,0.9862,0.071,0.1133,otsu,0.366,0.0923,8667.8,1136.7,0.133,2.6,1015.4,1087.4,-0.0562,0.0262,0.0906,0.0212,ok,2026-09-03T08:01:09+00:00
fuente-piedra,2018-04-22,1,S2B_30SUG_20180422_0_L2A,1.0,0.0959,0.9041,0.0723,-0.0742,otsu,0.332,0.1088,8667.8,417.9,0.0533,5.1,410.4,0.0,-0.1288,0.0607,0.1343,0.0058,ok,2026-09-03T08:01:09+00:00
fuente-piedra,2018-04-24,1,S2A_30SUG_20180424_0_L2A,1.0,0.1423,0.8577,0.0773,0.082,otsu,0.198,0.093,8667.8,917.2,0.1234,2.4,929.6,556.3,-0.1346,0.0126,0.1179,0.0161,ok,2026-09-03T08:01:09+00:00
fuente-piedra,2018-04-27,1,S2A_30SUG_20180427_0_L2A,1.0,0.0448,0.9552,0.0647,0.1523,otsu,0.139,0.1028,8667.8,1050.6,0.1269,1.0,1049.6,964.4,-0.1441,-0.0562,-0.0103,0.0006,ok,2026-09-03T08:01:09+00:00
fuente-piedra,2018-04-29,1,S2B_30SUG_20180429_0_L2A,1.0,0.3427,0.6573,0.0757,0.1289,otsu,0.494,0.1301,8667.8,489.7,0.0859,11.8,458.0,430.4,-0.0316,0.0052,0.0335,0.0004,nublado,2026-09-03T08:01:09+00:00
fuente-piedra,2018-05-02,1,S2B_30SUG_20180502_0_L2A,1.0,0.9372,0.0628,0.0909,0.0,fijo,,,8667.8,2.6,0.0049,0.4,2.6,0.2,-0.0552,-0.004,0.0453,0.0,nublado,2026-09-03T08:01:09+00:00
fuente-piedra,2018-05-04,1,S2A_30SUG_20180504_0_L2A,1.0,0.7167,0.2833,0.1128,0.1992,otsu,0.196,0.1589,8667.8,517.1,0.2106,1.8,522.4,482.5,-0.1387,-0.0787,-0.0363,0.0,nublado,2026-09-03T08:01:09+00:00
fuente-piedra,2018-05-07,1,S2A_30SUG_20180507_1_L2A,1.0,0.5929,0.4071,0.1045,0.0,fijo,0.647,0.1257,8667.8,95.4,0.027,10.2,112.3,16.6,-0.0605,0.0003,0.0431,0.0008,nublado,2026-09-03T08:01:09+00:00
fuente-piedra,2018-05-12,1,S2B_30SUG_20180512_0_L2A,1.0,0.7688,0.2312,0.1035,0.0195,otsu,0.484,0.139,8667.8,133.1,0.0664,13.3,129.6,82.5,-0.0751,-0.0114,0.0409,0.0039,nublado,2026-09-03T08:01:09+00:00
fuente-piedra,2018-05-14,1,S2A_30SUG_20180514_0_L2A,1.0,0.0317,0.9683,0.0779,0.1367,otsu,0.24,0.1175,8667.8,1071.6,0.1277,2.2,1069.5,951.7,-0.0994,-0.0435,0.0186,0.0069,ok,2026-09-03T08:01:21+00:00
fuente-piedra,2018-05-17,1,S2A_30SUG_20180517_0_L2A,1.0,0.0239,0.9761,0.0717,0.207,otsu,0.159,0.127,8667.8,999.6,0.1182,3.8,996.9,962.0,-0.1251,-0.0461,0.0485,0.029,ok,2026-09-03T08:01:21+00:00
fuente-piedra,2018-05-19,1,S2B_30SUG_20180519_0_L2A,1.0,0.1365,0.8635,0.1036,0.1914,otsu,0.32,0.1426,8667.8,1081.3,0.1445,5.1,1076.2,1068.3,-0.0827,-0.0109,0.0614,0.0181,ok,2026-09-03T08:01:21+00:00
fuente-piedra,2018-05-22,1,S2B_30SUG_20180522_0_L2A,1.0,0.0426,0.9574,0.0576,0.207,otsu,0.102,0.1209,8667.8,1033.5,0.1245,6.0,1028.4,1000.0,-0.1616,-0.0383,0.1085,0.0434,ok,2026-09-03T08:01:21+00:00
fuente-piedra,2018-05-24,1,S2A_30SUG_20180524_0_L2A,1.0,0.2432,0.7568,0.1025,0.1289,otsu,0.273,0.127,8667.8,822.6,0.1254,9.3,850.4,730.6,-0.1217,-0.0172,0.07,0.0035,nublado,2026-09-03T08:01:21+00:00
fuente-piedra,2018-06-03,2,S2A_30SUG_20180603_0_L2A;S2A_30SUG_20180603_1_L2A,1.0,0.0952,0.9048,0.0757,0.1523,otsu,0.237,0.083,8667.8,883.6,0.1127,14.0,918.0,812.2,-0.1808,0.0762,0.1827,0.078,ok,2026-09-03T08:01:21+00:00
fuente-piedra,2018-06-13,2,S2A_30SUG_20180613_0_L2A;S2A_30SUG_20180613_1_L2A,1.0,0.0388,0.9612,0.0851,0.1914,otsu,0.233,0.0801,8667.8,1067.8,0.1282,14.2,1059.0,1040.6,-0.1886,0.0933,0.202,0.1052,ok,2026-09-03T08:01:21+00:00
fuente-piedra,2018-06-16,2,S2A_30SUG_20180616_0_L2A;S2A_30SUG_20180616_1_L2A,1.0,0.124,0.876,0.0715,0.0898,otsu,0.413,0.0901,8667.8,88.2,0.0116,6.6,86.3,59.8,-0.1049,0.1194,0.2072,0.1188,ok,2026-09-03T08:01:21+00:00
fuente-piedra,2018-06-18,2,S2B_30SUG_20180618_0_L2A;S2B_30SUG_20180618_1_L2A,1.0,0.0194,0.9806,0.095,0.0742,otsu,0.565,0.1106,8667.8,1045.5,0.123,9.8,1020.6,966.0,-0.058,0.0513,0.0943,0.0124,ok,2026-09-03T08:01:21+00:00
fuente-piedra,2018-06-21,2,S2B_30SUG_20180621_0_L2A;S2B_30SUG_20180621_1_L2A,1.0,0.1134,0.8866,0.0806,-0.0273,otsu,0.58,0.119,8667.8,155.6,0.0202,4.1,147.8,21.6,-0.0539,0.1043,0.1919,0.08,ok,2026-09-03T08:01:21+00:00
fuente-piedra,2018-06-23,2,S2A_30SUG_20180623_0_L2A;S2A_30SUG_20180623_1_L2A,1.0,0.0249,0.9751,0.0954,0.0508,otsu,0.365,0.0996,8667.8,988.2,0.1169,4.4,971.4,232.2,-0.1018,0.0717,0.1446,0.0174,ok,2026-09-03T08:01:33+00:00
fuente-piedra,2018-06-26,1,S2A_30SUG_20180626_0_L2A,1.0,0.0214,0.9786,0.0807,0.1055,otsu,0.369,0.0985,8667.8,936.6,0.1104,2.9,919.1,826.8,-0.101,0.0637,0.1512,0.0145,ok,2026-09-03T08:01:21+00:00
fuente-piedra,2018-06-28,1,S2B_30SUG_20180628_0_L2A,1.0,0.0234,0.9766,0.1008,0.1602,otsu,0.394,0.0946,8667.8,1002.5,0.1184,7.6,961.6,960.6,-0.0791,0.0548,0.1467,0.0106,ok,2026-09-03T08:01:21+00:00
fuente-piedra,2018-07-01,1,S2B_30SUG_20180701_0_L2A,1.0,0.3454,0.6546,0.0941,-0.1133,otsu,0.399,0.0459,8667.8,209.2,0.0369,15.5,201.5,63.9,-0.0727,0.0392,0.1035,0.001,nublado,2026-09-03T08:01:33+00:00
fuente-piedra,2018-07-03,2,S2A_30SUG_20180703_0_L2A;S2A_30SUG_20180703_1_L2A,1.0,0.0201,0.9799,0.0924,0.1211,otsu,0.454,0.0698,8667.8,979.9,0.1154,3.6,912.2,928.0,-0.0775,0.0964,0.1494,0.0098,ok,2026-09-03T08:01:33+00:00
fuente-piedra,2018-07-06,2,S2A_30SUG_20180706_0_L2A;S2A_30SUG_20180706_1_L2A,1.0,0.023,0.977,0.0824,0.1836,otsu,0.378,0.0704,8667.8,913.0,0.1078,1.7,866.0,864.8,-0.1089,0.1085,0.1607,0.0144,ok,2026-09-03T08:01:33+00:00
fuente-piedra,2018-07-08,2,S2B_30SUG_20180708_0_L2A;S2B_30SUG_20180708_1_L2A,1.0,0.0291,0.9709,0.0998,0.1836,otsu,0.412,0.0729,8667.8,939.4,0.1116,5.0,874.3,885.6,-0.0849,0.0849,0.1294,0.0048,ok,2026-09-03T08:01:33+00:00
fuente-piedra,2018-07-11,1,S2B_30SUG_20180711_0_L2A,1.0,0.0381,0.9619,0.0884,0.0273,otsu,0.526,0.1225,8667.8,767.1,0.092,0.8,719.7,30.0,-0.0308,0.0288,0.0669,0.0,ok,2026-09-03T08:01:33+00:00
fuente-piedra,2018-07-13,1,S2A_30SUG_20180713_0_L2A,1.0,0.0398,0.9602,0.0995,0.1914,otsu,0.429,0.0803,8667.8,844.4,0.1014,2.1,794.0,813.2,-0.0565,0.0401,0.0743,0.0,ok,2026-09-03T08:01:33+00:00
fuente-piedra,2018-07-16,2,S2A_30SUG_20180716_0_L2A;S2A_30SUG_20180716_1_L2A,1.0,0.0443,0.9557,0.08,0.1992,otsu,0.375,0.0797,8667.8,748.0,0.0903,4.4,696.6,685.3,-0.0547,0.041,0.0837,0.0035,ok,2026-09-03T08:01:33+00:00
fuente-piedra,2018-07-18,2,S2B_30SUG_20180718_0_L2A;S2B_30SUG_20180718_1_L2A,1.0,0.0416,0.9584,0.1056,0.1133,otsu,0.549,0.0931,8667.8,798.6,0.0961,11.5,683.8,716.9,-0.0267,0.034,0.062,0.0002,ok,2026-09-03T08:01:33+00:00
fuente-piedra,2018-07-21,1,S2B_30SUG_20180721_0_L2A,1.0,0.044,0.956,0.0846,0.1836,otsu,0.535,0.0856,8667.8,743.7,0.0898,4.0,662.5,695.0,-0.029,0.0383,0.0703,0.0061,ok,2026-09-03T08:01:33+00:00
fuente-piedra,2018-07-23,1,S2A_30SUG_20180723_0_L2A,1.0,0.0473,0.9527,0.1021,0.1602,otsu,0.618,0.0816,8667.8,772.6,0.0936,1.0,644.7,707.1,-0.0208,0.0372,0.075,0.001,ok,2026-09-03T08:01:33+00:00
fuente-piedra,2018-07-26,1,S2A_30SUG_20180726_0_L2A,1.0,0.0574,0.9426,0.0786,0.168,otsu,0.596,0.0551,8667.8,604.4,0.074,26.6,540.5,586.8,-0.0126,0.0477,0.0742,0.0154,ok,2026-09-03T08:01:33+00:00
fuente-piedra,2018-07-28,1,S2B_30SUG_20180728_0_L2A,1.0,0.0637,0.9363,0.1005,0.1758,otsu,0.572,0.0655,8667.8,662.5,0.0816,10.2,604.0,604.8,-0.0342,0.0316,0.06,0.0108,ok,2026-09-03T08:01:52+00:00
fuente-piedra,2018-07-31,2,S2B_30SUG_20180731_0_L2A;S2B_30SUG_20180731_1_L2A,1.0,0.0678,0.9322,0.0824,0.1523,otsu,0.644,0.0657,8667.8,494.5,0.0612,5.2,424.3,458.6,-0.0156,0.0427,0.0818,0.0141,ok,2026-09-03T08:01:52+00:00
fuente-piedra,2018-08-02,2,S2A_30SUG_20180802_0_L2A;S2A_30SUG_20180802_1_L2A,1.0,0.1046,0.8954,0.1118,-0.0898,otsu,0.93,0.0923,8667.8,227.4,0.0293,1.5,121.9,2.4,0.0104,0.0359,0.0499,0.0035,ok,2026-09-03T08:01:52+00:00
fuente-piedra,2018-08-05,2,S2A_30SUG_20180805_0_L2A;S2A_30SUG_20180805_1_L2A,1.0,0.1175,0.8825,0.0903,0.0352,otsu,0.741,0.1826,8667.8,89.0,0.0116,2.3,63.3,72.0,0.0157,0.0326,0.0508,0.0004,ok,2026-09-03T08:01:52+00:00
fuente-piedra,2018-08-07,2,S2B_30SUG_20180807_0_L2A;S2B_30SUG_20180807_1_L2A,1.0,0.1281,0.8719,0.1154,0.0,fijo,0.996,0.1874,8667.8,36.1,0.0048,2.1,13.9,70.3,0.0048,0.0375,0.0617,0.0044,ok,2026-09-03T08:01:52+00:00
fuente-piedra,2018-08-10,2,S2B_30SUG_20180810_1_L2A;S2B_30SUG_20180810_2_L2A,1.0,0.1223,0.8777,0.0869,0.0,fijo,1.057,0.1745,8667.8,22.9,0.003,4.8,2.2,9.5,0.0188,0.0455,0.0869,0.0244,ok,2026-09-03T08:01:52+00:00
fuente-piedra,2018-08-12,3,S2A_30SUG_20180812_0_L2A;S2A_30SUG_20180812_1_L2A;S2A_30SUG_20180812_2_L2A,1.0,0.1316,0.8684,0.0979,0.0,fijo,0.963,0.1807,8667.8,43.3,0.0057,5.9,27.3,1.5,0.0017,0.0388,0.0742,0.0148,ok,2026-09-03T08:01:52+00:00
fuente-piedra,2018-08-15,2,S2A_30SUG_20180815_0_L2A;S2A_30SUG_20180815_1_L2A,1.0,0.1219,0.8781,0.0853,0.0,fijo,1.022,0.177,8667.8,34.1,0.0045,6.3,12.3,0.6,0.0164,0.0555,0.1084,0.0012,ok,2026-09-03T08:01:52+00:00
fuente-piedra,2018-08-17,2,S2B_30SUG_20180817_0_L2A;S2B_30SUG_20180817_1_L2A,1.0,0.1318,0.8682,0.1056,0.0,fijo,,,8667.8,18.9,0.0025,7.4,13.6,3.0,-0.0143,0.0565,0.1145,0.0381,ok,2026-09-03T08:01:52+00:00
fuente-piedra,2018-08-20,2,S2B_30SUG_20180820_0_L2A;S2B_30SUG_20180820_1_L2A,1.0,0.127,0.873,0.0919,0.0,fijo,,,8667.8,13.2,0.0017,2.6,7.8,0.1,-0.0085,0.0712,0.1424,0.0,ok,2026-09-03T08:01:52+00:00
fuente-piedra,2018-08-22,2,S2A_30SUG_20180822_0_L2A;S2A_30SUG_20180822_1_L2A,1.0,0.1307,0.8693,0.0972,0.0,fijo,1.072,0.1617,8667.8,20.0,0.0027,6.5,4.0,0.6,0.0161,0.0491,0.1043,0.0259,ok,2026-09-03T08:01:52+00:00
fuente-piedra,2018-08-25,2,S2A_30SUG_20180825_0_L2A;S2A_30SUG_20180825_1_L2A,1.0,0.2157,0.7843,0.0876,0.0,fijo,,,8667.8,11.4,0.0017,9.0,8.0,3.0,-0.03,0.0643,0.1464,0.0699,nublado,2026-09-03T08:01:52+00:00
fuente-piedra,2018-08-27,2,S2B_30SUG_20180827_0_L2A;S2B_30SUG_20180827_1_L2A,1.0,0.252,0.748,0.1093,0.0,fijo,,,8667.8,3.2,0.0005,3.5,1.8,0.2,-0.0052,0.0313,0.0619,0.0,nublado,2026-09-03T08:02:05+00:00
fuente-piedra,2018-08-30,1,S2B_30SUG_20180830_0_L2A,1.0,0.1208,0.8792,0.0863,0.0,fijo,,,8667.8,8.2,0.0011,6.7,0.1,0.2,0.0409,0.0489,0.0873,0.0,ok,2026-09-03T08:02:05+00:00
fuente-piedra,2018-09-01,2,S2A_30SUG_20180901_0_L2A;S2A_30SUG_20180901_1_L2A,1.0,0.13,0.87,0.0949,0.0,fijo,,,8667.8,6.3,0.0008,6.8,4.7,0.0,0.0081,0.0352,0.0711,0.0,ok,2026-09-03T08:02:05+00:00
fuente-piedra,2018-09-04,2,S2A_30SUG_20180904_0_L2A;S2A_30SUG_20180904_2_L2A,1.0,0.1255,0.8745,0.0806,0.0,fijo,,,8667.8,5.2,0.0007,7.4,4.5,0.2,-0.0158,0.0371,0.085,0.0078,ok,2026-09-03T08:02:05+00:00
fuente-piedra,2018-09-06,1,S2B_30SUG_20180906_0_L2A,1.0,0.131,0.869,0.0963,0.0,fijo,,,8667.8,7.4,0.001,8.4,6.4,1.6,-0.0281,0.049,0.1124,0.0054,ok,2026-09-03T08:02:05+00:00
fuente-piedra,2018-09-09,2,S2B_30SUG_20180909_0_L2A;S2B_30SUG_20180909_1_L2A,1.0,0.1539,0.8461,0.0802,0.0117,otsu,1.018,0.1307,8667.8,153.3,0.0209,1.2,81.1,61.5,0.0284,0.0248,0.0532,0.0003,ok,2026-09-03T08:02:05+00:00
fuente-piedra,2018-09-11,1,S2A_30SUG_20180911_0_L2A,1.0,0.5574,0.4426,0.113,0.0,fijo,,,8667.8,3.4,0.0009,1.9,3.7,0.1,0.0135,0.0323,0.048,0.0,nublado,2026-09-03T08:02:05+00:00
fuente-piedra,2018-09-16,2,S2B_30SUG_20180916_0_L2A;S2B_30SUG_20180916_1_L2A,1.0,0.1081,0.8919,0.0704,0.0742,otsu,0.93,0.097,8667.8,453.7,0.0587,13.8,227.3,248.0,0.0114,0.0783,0.1315,0.0004,ok,2026-09-03T08:02:05+00:00
fuente-piedra,2018-09-19,1,S2B_30SUG_20180919_0_L2A,1.0,0.0662,0.9338,0.0815,0.0508,otsu,0.961,0.1087,8667.8,327.2,0.0404,10.7,150.6,187.7,0.0207,0.0845,0.1325,0.0,ok,2026-09-03T08:02:05+00:00
fuente-piedra,2018-09-21,2,S2A_30SUG_20180921_0_L2A;S2A_30SUG_20180921_1_L2A,1.0,0.0771,0.9229,0.0814,0.082,otsu,0.958,0.1542,8667.8,247.3,0.0309,9.9,145.1,149.2,0.031,0.064,0.0961,0.0,ok,2026-09-03T08:02:05+00:00
fuente-piedra,2018-09-24,1,S2A_30SUG_20180924_0_L2A,1.0,0.0942,0.9058,0.075,0.0,fijo,0.984,0.1533,8667.8,70.2,0.0089,11.8,29.2,17.0,0.0028,0.0359,0.0579,0.0,ok,2026-09-03T08:02:05+00:00
fuente-piedra,2018-09-26,2,S2B_30SUG_20180926_0_L2A;S2B_30SUG_20180926_1_L2A,1.0,0.2802,0.7198,0.1147,0.0,fijo,0.881,0.0948,8667.8,81.8,0.0131,6.8,69.2,21.1,-0.0233,0.0277,0.0525,0.0,nublado,2026-09-03T08:02:05+00:00
fuente-piedra,2018-09-29,2,S2B_30SUG_20180929_0_L2A;S2B_30SUG_20180929_1_L2A,1.0,0.0867,0.9133,0.0739,0.0,fijo,1.06,0.1601,8667.8,53.6,0.0068,11.3,6.3,0.6,0.0136,0.0424,0.0748,0.0,ok,2026-09-03T08:02:15+00:00
fuente-piedra,2018-10-01,2,S2A_30SUG_20181001_0_L2A;S2A_30SUG_20181001_1_L2A,1.0,0.0947,0.9053,0.0847,0.0,fijo,1.011,0.1494,8667.8,67.7,0.0086,11.9,28.8,12.6,0.0039,0.0401,0.074,0.0,ok,2026-09-03T08:02:15+00:00
fuente-piedra,2018-10-04,1,S2A_30SUG_20181004_0_L2A,1.0,0.0911,0.9089,0.078,0.0,fijo,1.066,0.155,8667.8,47.5,0.006,12.9,2.4,0.1,0.0075,0.0341,0.0614,0.0017,ok,2026-09-03T08:02:15+00:00
fuente-piedra,2018-10-06,1,S2B_30SUG_20181006_0_L2A,1.0,0.0947,0.9053,0.0825,0.0,fijo,1.057,0.1654,8667.8,46.4,0.0059,9.7,2.6,0.5,0.008,0.0321,0.0556,0.0,ok,2026-09-03T08:02:15+00:00
fuente-piedra,2018-10-09,1,S2B_30SUG_20181009_0_L2A,1.0,0.1237,0.8763,0.0781,0.0,fijo,1.239,0.1078,8667.8,38.1,0.005,9.8,6.2,195.4,0.0139,0.0346,0.0622,0.0021,espectro_anomalo,2026-09-03T08:02:15+00:00
fuente-piedra,2018-10-16,1,S2B_30SUG_20181016_0_L2A,1.0,0.3752,0.6248,0.0746,0.1211,otsu,0.888,0.1072,8667.8,413.0,0.0763,1.3,263.8,483.0,-0.0316,0.0738,0.13,0.0334,nublado,2026-09-03T08:02:15+00:00
fuente-piedra,2018-10-19,2,S2B_30SUG_20181019_0_L2A;S2B_30SUG_20181019_1_L2A,1.0,0.6506,0.3494,0.0573,0.1289,otsu,0.925,0.1125,8667.8,177.3,0.0585,3.4,97.6,195.1,-0.0256,0.0857,0.1923,0.0668,nublado,2026-09-03T08:02:15+00:00
fuente-piedra,2018-10-24,1,S2A_30SUG_20181024_0_L2A,1.0,0.0017,0.9983,0.056,0.1836,otsu,0.193,0.0489,8667.8,1266.8,0.1464,0.5,1178.7,1210.7,0.0371,-0.0726,0.0196,0.0,ok,2026-09-03T08:02:15+00:00
fuente-piedra,2018-10-29,2,S2B_30SUG_20181029_0_L2A;S2B_30SUG_20181029_1_L2A,1.0,0.0019,0.9981,0.0549,0.1992,otsu,0.093,0.0364,8667.8,1241.3,0.1435,1.4,1173.5,1218.6,-0.0335,-0.0405,0.0305,0.0002,ok,2026-09-03T08:02:15+00:00
fuente-piedra,2018-11-05,2,S2B_30SUG_20181105_0_L2A;S2B_30SUG_20181105_2_L2A,1.0,0.4204,0.5796,0.075,0.1602,otsu,0.237,0.0427,8667.8,977.1,0.1945,8.8,1027.6,1053.8,-0.2717,0.1745,0.2798,0.3556,nublado,2026-09-03T08:02:15+00:00
fuente-piedra,2018-11-13,1,S2A_30SUG_20181113_0_L2A,1.0,0.7995,0.2005,0.039,-0.0586,otsu,0.614,0.0087,8667.8,118.4,0.0681,1.0,110.6,108.2,-0.0826,0.1688,0.233,0.2922,nublado,2026-09-03T08:02:15+00:00
fuente-piedra,2018-11-15,1,S2B_30SUG_20181115_0_L2A,1.0,0.9925,0.0075,0.0701,0.0,fijo,,,8667.8,0.0,0.0,0.0,0.0,0.0,,,,,nublado,2026-09-03T08:02:15+00:00
fuente-piedra,2018-11-28,1,S2B_30SUG_20181128_0_L2A,1.0,0.0003,0.9997,0.0403,0.2227,otsu,0.029,0.0179,8667.8,1239.7,0.1431,2.2,1240.9,1240.0,-0.287,0.0977,0.2226,0.1762,ok,2026-09-03T08:02:24+00:00
fuente-piedra,2018-11-30,1,S2A_30SUG_20181130_0_L2A,0.9999,0.2886,0.7113,0.0609,0.2148,otsu,0.1,0.0369,8667.8,1099.3,0.1783,1.0,1164.0,1163.5,-0.2381,0.0386,0.1274,0.0031,nublado,2026-09-03T08:02:24+00:00
fuente-piedra,2018-12-03,1,S2A_30SUG_20181203_0_L2A,1.0,0.038,0.962,0.05,0.2227,otsu,0.03,0.0245,8667.8,1234.1,0.148,0.7,1239.6,1232.9,-0.2154,-0.0047,0.1245,0.0159,ok,2026-09-03T08:02:24+00:00
fuente-piedra,2018-12-05,1,S2B_30SUG_20181205_0_L2A,0.9995,0.0003,0.9992,0.0533,0.2227,otsu,0.029,0.0329,8667.8,1229.4,0.1419,1.2,1237.8,1238.1,-0.2244,-0.0159,0.1098,0.0135,ok,2026-09-03T08:02:24+00:00
fuente-piedra,2018-12-10,1,S2A_30SUG_20181210_0_L2A,0.9999,0.0003,0.9996,0.0484,0.2227,otsu,0.04,0.0327,8667.8,1228.1,0.1417,1.1,1236.2,1234.4,-0.2183,-0.0323,0.1138,0.0209,ok,2026-09-03T08:02:24+00:00
fuente-piedra,2018-12-13,1,S2A_30SUG_20181213_0_L2A,1.0,0.6169,0.3831,0.0381,0.207,otsu,0.66,0.0227,8667.8,1112.9,0.3352,28.0,1076.2,1208.4,0.003,0.0238,0.0682,0.0047,nublado,2026-09-03T08:02:24+00:00
fuente-piedra,2018-12-15,1,S2B_30SUG_20181215_0_L2A,1.0,0.0004,0.9996,0.0496,0.1992,otsu,0.096,0.0535,8667.8,1237.5,0.1428,1.7,1241.5,1241.5,-0.171,-0.0324,0.0555,0.0046,ok,2026-09-03T08:02:24+00:00
fuente-piedra,2018-12-20,1,S2A_30SUG_20181220_0_L2A,1.0,0.0021,0.9979,0.0446,0.207,otsu,0.092,0.0489,8667.8,1229.0,0.1421,2.5,1235.4,1232.6,-0.1746,-0.0619,0.0277,0.0055,ok,2026-09-03T08:02:24+00:00
fuente-piedra,2018-12-23,1,S2A_30SUG_20181223_0_L2A,1.0,0.0011,0.9989,0.0489,0.1836,otsu,0.105,0.0442,8667.8,1229.2,0.142,3.0,1229.7,1222.1,-0.1801,-0.0749,0.0412,0.0059,ok,2026-09-03T08:02:24+00:00
fuente-piedra,2018-12-28,1,S2B_30SUG_20181228_0_L2A,1.0,0.0002,0.9998,0.0567,0.1758,otsu,0.149,0.0591,8667.8,1234.1,0.1424,4.5,1232.7,1235.9,-0.1836,-0.0469,0.04,0.0038,ok,2026-09-03T08:02:24+00:00
fuente-piedra,2018-12-30,1,S2A_30SUG_20181230_0_L2A,1.0,0.0004,0.9996,0.0508,0.1992,otsu,0.095,0.0442,8667.8,1224.1,0.1413,3.2,1229.2,1231.5,-0.2055,-0.058,0.0354,0.0082,ok,2026-09-03T08:02:24+00:00
fuente-piedra,2019-01-02,1,S2A_30SUG_20190102_0_L2A,1.0,0.0,0.9999,0.0443,0.2227,otsu,0.057,0.0421,8667.8,1225.0,0.1413,4.7,1229.0,1232.8,-0.2077,-0.0872,0.0138,0.0058,ok,2026-09-03T08:02:24+00:00
fuente-piedra,2019-01-04,2,S2B_30SUG_20190104_0_L2A;S2B_30SUG_20190104_1_L2A,1.0,0.0512,0.9488,0.0663,0.1836,otsu,0.138,0.0626,8667.8,1076.2,0.1309,3.4,1105.6,1100.6,-0.1877,-0.0575,0.0251,0.0052,ok,2026-09-03T08:02:33+00:00
fuente-piedra,2019-01-07,1,S2B_30SUG_20190107_0_L2A,1.0,0.0009,0.9991,0.0499,0.2148,otsu,0.069,0.0448,8667.8,1223.0,0.1412,4.6,1228.4,1235.0,-0.2172,-0.0691,0.0462,0.0117,ok,2026-09-03T08:02:33+00:00
fuente-piedra,2019-01-09,1,S2A_30SUG_20190109_0_L2A,0.9999,0.0002,0.9997,0.0494,0.2148,otsu,0.077,0.0394,8667.8,1219.2,0.1407,4.5,1225.7,1231.1,-0.2197,-0.0497,0.0686,0.0143,ok,2026-09-03T08:02:33+00:00
fuente-piedra,2019-01-12,1,S2A_30SUG_20190112_0_L2A,1.0,0.0001,0.9999,0.0472,0.207,otsu,0.078,0.0397,8667.8,1222.8,0.1411,4.4,1227.5,1230.6,-0.222,-0.0556,0.0594,0.015,ok,2026-09-03T08:02:33+00:00
fuente-piedra,2019-01-14,1,S2B_30SUG_20190114_0_L2A,0.9998,0.0004,0.9994,0.057,0.2148,otsu,0.064,0.0459,8667.8,1218.2,0.1406,3.6,1226.2,1232.6,-0.2311,-0.0522,0.0626,0.0164,ok,2026-09-03T08:02:33+00:00
fuente-piedra,2019-01-27,1,S2B_30SUG_20190127_0_L2A,1.0,0.0008,0.9992,0.0528,0.1914,otsu,0.129,0.0508,8667.8,1220.6,0.1409,8.8,1225.3,1229.4,-0.2257,-0.0086,0.1281,0.0383,ok,2026-09-03T08:02:33+00:00
fuente-piedra,2019-01-29,1,S2A_30SUG_20190129_0_L2A,1.0,0.5408,0.4592,0.0604,0.1133,otsu,0.175,0.0386,8667.8,420.8,0.1057,0.3,431.6,408.6,-0.2632,0.0212,0.1291,0.0218,nublado,2026-09-03T08:02:33+00:00
fuente-piedra,2019-02-01,1,S2A_30SUG_20190201_0_L2A,1.0,0.3015,0.6985,0.0594,0.207,otsu,0.672,0.0819,8667.8,1087.0,0.1796,7.4,847.5,1084.4,0.0466,0.0395,0.0737,0.0007,nublado,2026-09-03T08:02:33+00:00
fuente-piedra,2019-02-03,1,S2B_30SUG_20190203_0_L2A,0.9999,0.0001,0.9998,0.0477,0.2148,otsu,0.088,0.0561,8667.8,1232.8,0.1422,4.8,1235.0,1235.5,-0.2135,-0.0652,0.0408,0.0047,ok,2026-09-03T08:02:33+00:00
fuente-piedra,2019-02-06,1,S2B_30SUG_20190206_0_L2A,1.0,0.0005,0.9995,0.044,0.1992,otsu,0.048,0.0346,8667.8,1214.3,0.1402,11.2,1226.0,1221.4,-0.2954,0.0061,0.2036,0.1025,ok,2026-09-03T08:02:33+00:00
fuente-piedra,2019-02-08,2,S2A_30SUG_20190208_0_L2A;S2A_30SUG_20190208_1_L2A,1.0,0.0005,0.9995,0.0495,0.1914,otsu,0.098,0.0359,8667.8,1204.8,0.1391,19.2,1219.4,1215.7,-0.2743,0.0193,0.2168,0.1152,ok,2026-09-03T08:02:45+00:00
fuente-piedra,2019-02-13,1,S2B_30SUG_20190213_0_L2A,1.0,0.0011,0.9989,0.0622,0.1992,otsu,0.194,0.0648,8667.8,1229.7,0.142,6.4,1223.6,1226.3,-0.1564,0.0331,0.1712,0.075,ok,2026-09-03T08:02:33+00:00
fuente-piedra,2019-02-21,1,S2A_30SUG_20190221_0_L2A,1.0,0.0036,0.9964,0.0624,0.043,otsu,0.758,0.0824,8667.8,1209.2,0.14,14.0,785.2,1091.9,-0.0188,0.0702,0.1447,0.0185,ok,2026-09-03T08:02:33+00:00
fuente-piedra,2019-02-26,1,S2B_30SUG_20190226_0_L2A,1.0,0.0008,0.9992,0.0572,0.0977,otsu,0.469,0.0802,8667.8,1232.0,0.1423,11.1,1125.8,1207.6,-0.0436,0.0439,0.1572,0.0533,ok,2026-09-03T08:02:45+00:00
fuente-piedra,2019-02-28,1,S2A_30SUG_20190228_0_L2A,1.0,0.0045,0.9955,0.0596,0.1602,otsu,0.144,0.0475,8667.8,1172.6,0.1359,25.5,1186.2,1176.0,-0.2722,0.0562,0.3085,0.2354,ok,2026-09-03T08:02:45+00:00
fuente-piedra,2019-03-03,1,S2A_30SUG_20190303_0_L2A,1.0,0.0006,0.9994,0.0517,0.1836,otsu,0.151,0.0379,8667.8,1115.7,0.1288,112.8,1192.5,1196.4,-0.3069,0.1027,0.3918,0.3732,ok,2026-09-03T08:02:45+00:00
fuente-piedra,2019-03-08,1,S2B_30SUG_20190308_0_L2A,1.0,0.478,0.522,0.0632,0.0742,otsu,0.227,0.0534,8667.8,591.7,0.1308,15.5,637.2,615.9,-0.2827,0.1002,0.3002,0.2533,nublado,2026-09-03T08:02:45+00:00
fuente-piedra,2019-03-10,1,S2A_30SUG_20190310_0_L2A,1.0,0.0017,0.9983,0.0583,0.1914,otsu,0.107,0.0348,8667.8,1212.3,0.1401,7.2,1220.5,1209.0,-0.3582,0.1453,0.4146,0.408,ok,2026-09-03T08:02:45+00:00
fuente-piedra,2019-03-13,1,S2A_30SUG_20190313_0_L2A,1.0,0.001,0.999,0.0523,0.0977,otsu,0.228,0.0403,8667.8,1177.7,0.136,58.6,1189.2,1193.6,-0.259,0.1045,0.2824,0.3258,ok,2026-09-03T08:02:45+00:00
fuente-piedra,2019-03-15,1,S2B_30SUG_20190315_0_L2A,1.0,0.0023,0.9977,0.0617,0.1836,otsu,0.11,0.0371,8667.8,1129.6,0.1306,90.1,1174.0,1194.9,-0.3608,0.1604,0.4779,0.4046,ok,2026-09-03T08:02:45+00:00
fuente-piedra,2019-03-18,1,S2B_30SUG_20190318_0_L2A,1.0,0.2773,0.7227,0.0705,0.1367,otsu,0.205,0.0483,8667.8,1143.0,0.1825,10.8,1151.9,1141.7,-0.2807,0.0964,0.2786,0.3054,nublado,2026-09-03T08:02:45+00:00
fuente-piedra,2019-03-20,1,S2A_30SUG_20190320_0_L2A,1.0,0.0308,0.9692,0.0751,0.1445,otsu,0.209,0.0684,8667.8,1182.0,0.1407,8.9,1162.3,1180.2,-0.1888,0.0693,0.2939,0.2495,ok,2026-09-03T08:02:45+00:00
fuente-piedra,2019-03-23,2,S2A_30SUG_20190323_0_L2A;S2A_30SUG_20190323_1_L2A,1.0,0.9323,0.0677,0.0574,0.0977,otsu,0.655,0.0544,8667.8,133.5,0.2275,0.3,123.3,134.9,0.0594,-0.0063,0.0302,0.0,nublado,2026-09-03T08:03:01+00:00
fuente-piedra,2019-03-25,2,S2B_30SUG_20190325_0_L2A;S2B_30SUG_20190325_1_L2A,1.0,0.0211,0.9789,0.0672,0.1445,otsu,0.15,0.0467,8667.8,1161.1,0.1368,6.4,1161.6,1148.5,-0.3075,0.1269,0.4111,0.3598,ok,2026-09-03T08:02:45+00:00
fuente-piedra,2019-03-28,2,S2B_30SUG_20190328_0_L2A;S2B_30SUG_20190328_1_L2A,1.0,0.0085,0.9915,0.0658,-0.043,otsu,0.486,0.0957,8667.8,1168.6,0.136,16.7,913.7,1028.3,-0.0368,0.0482,0.1336,0.0089,ok,2026-09-03T08:03:01+00:00
fuente-piedra,2019-03-30,2,S2A_30SUG_20190330_0_L2A;S2A_30SUG_20190330_1_L2A,1.0,0.0172,0.9828,0.0683,0.1289,otsu,0.369,0.0678,8667.8,1196.3,0.1404,3.8,912.8,1169.0,-0.0904,0.0946,0.3493,0.2136,ok,2026-09-03T08:03:01+00:00
fuente-piedra,2019-04-04,1,S2B_30SUG_20190404_0_L2A,1.0,0.0026,0.9974,0.0642,0.1914,otsu,0.118,0.0387,8667.8,1208.4,0.1398,10.6,1207.4,1204.0,-0.3249,0.1653,0.4952,0.4394,ok,2026-09-03T08:02:45+00:00
fuente-piedra,2019-04-09,1,S2A_30SUG_20190409_0_L2A,1.0,0.5282,0.4718,0.0764,0.0898,otsu,0.379,0.0529,8667.8,391.6,0.0958,17.6,414.3,433.8,-0.1844,0.0261,0.1688,0.0493,nublado,2026-09-03T08:03:01+00:00
fuente-piedra,2019-04-12,2,S2A_30SUG_20190412_0_L2A;S2A_30SUG_20190412_1_L2A,1.0,0.0026,0.9974,0.0602,0.1758,otsu,0.146,0.0406,8667.8,1221.4,0.1413,4.8,1214.7,1202.8,-0.2884,0.1292,0.4071,0.4067,ok,2026-09-03T08:03:01+00:00
fuente-piedra,2019-04-14,2,S2B_30SUG_20190414_0_L2A;S2B_30SUG_20190414_1_L2A,1.0,0.0088,0.9912,0.0706,0.1992,otsu,0.109,0.0382,8667.8,1170.9,0.1363,45.9,1209.6,1203.5,-0.3407,0.1765,0.538,0.4208,ok,2026-09-03T08:03:01+00:00
fuente-piedra,2019-04-19,1,S2A_30SUG_20190419_0_L2A,1.0,0.6631,0.3369,0.0964,0.0742,otsu,0.515,0.0983,8667.8,382.2,0.1309,19.4,480.4,512.2,-0.1732,0.0557,0.2133,0.1201,nublado,2026-09-03T08:03:01+00:00
fuente-piedra,2019-04-22,2,S2A_30SUG_20190422_0_L2A;S2A_30SUG_20190422_1_L2A,1.0,0.9262,0.0738,0.08,-0.0352,otsu,0.554,0.1111,8667.8,114.2,0.1784,16.0,110.7,104.9,-0.106,0.0335,0.0776,0.0,nublado,2026-09-03T08:03:01+00:00
fuente-piedra,2019-04-27,2,S2B_30SUG_20190427_0_L2A;S2B_30SUG_20190427_1_L2A,1.0,0.0574,0.9426,0.0655,-0.1758,otsu,0.765,0.1023,8667.8,769.0,0.0941,27.4,747.7,651.8,-0.0669,0.0698,0.1061,0.0005,ok,2026-09-03T08:03:01+00:00
fuente-piedra,2019-04-29,2,S2A_30SUG_20190429_0_L2A;S2A_30SUG_20190429_1_L2A,1.0,0.3612,0.6388,0.0729,0.0508,otsu,0.306,0.0618,8667.8,904.6,0.1634,7.8,902.6,858.8,-0.153,0.1066,0.3402,0.3335,nublado,2026-09-03T08:03:01+00:00
fuente-piedra,2019-05-02,2,S2A_30SUG_20190502_0_L2A;S2A_30SUG_20190502_1_L2A,1.0,0.9009,0.0991,0.0615,0.0,fijo,,,8667.8,5.4,0.0063,0.7,4.5,1.1,-0.0282,0.0488,0.1028,0.0,nublado,2026-09-03T08:03:01+00:00
fuente-piedra,2019-05-04,2,S2B_30SUG_20190504_0_L2A;S2B_30SUG_20190504_1_L2A,1.0,0.9817,0.0183,0.1334,0.0586,otsu,0.557,0.1328,8667.8,72.0,0.4533,0.5,73.1,74.2,-0.1666,0.037,0.0826,0.0,nublado,2026-09-03T08:03:01+00:00
fuente-piedra,2019-05-07,3,S2B_30SUG_20190507_0_L2A;S2B_30SUG_20190507_1_L2A;S2B_30SUG_20190507_2_L2A,1.0,0.0184,0.9816,0.0614,0.0742,otsu,0.205,0.0218,8667.8,1078.0,0.1267,17.5,1082.3,892.7,-0.2862,0.1787,0.4851,0.455,ok,2026-09-03T08:03:19+00:00
fuente-piedra,2019-05-12,2,S2A_30SUG_20190512_0_L2A;S2A_30SUG_20190512_1_L2A,1.0,0.0942,0.9058,0.0677,-0.1836,otsu,0.844,0.1163,8667.8,454.0,0.0578,18.0,417.4,365.0,-0.0332,0.0743,0.1013,0.0004,ok,2026-09-03T08:03:19+00:00
fuente-piedra,2019-05-14,2,S2B_30SUG_20190514_0_L2A;S2B_30SUG_20190514_1_L2A,1.0,0.0245,0.9755,0.0818,0.0039,otsu,0.412,0.0811,8667.8,1168.2,0.1382,6.6,855.2,1090.8,-0.049,0.0879,0.2155,0.1568,ok,2026-09-03T08:03:19+00:00
fuente-piedra,2019-05-19,2,S2A_30SUG_20190519_0_L2A;S2A_30SUG_20190519_1_L2A,1.0,0.0113,0.9887,0.0845,0.082,otsu,0.323,0.0631,8667.8,1172.1,0.1368,11.2,1175.4,1138.9,-0.1579,0.0961,0.3375,0.3373,ok,2026-09-03T08:03:19+00:00
fuente-piedra,2019-05-22,2,S2A_30SUG_20190522_0_L2A;S2A_30SUG_20190522_1_L2A,1.0,0.1072,0.8928,0.0738,-0.0117,otsu,0.225,0.0568,8667.8,309.1,0.0399,4.3,306.5,276.4,-0.1769,0.1446,0.4531,0.3251,ok,2026-09-03T08:03:19+00:00
fuente-piedra,2019-05-24,2,S2B_30SUG_20190524_0_L2A;S2B_30SUG_20190524_1_L2A,1.0,0.0171,0.9829,0.0885,0.0742,otsu,0.331,0.0718,8667.8,1092.2,0.1282,70.5,1156.0,1110.7,-0.1749,0.1067,0.3683,0.2954,ok,2026-09-03T08:03:19+00:00
fuente-piedra,2019-05-27,2,S2B_30SUG_20190527_0_L2A;S2B_30SUG_20190527_1_L2A,1.0,0.0239,0.9761,0.0748,0.1133,otsu,0.187,0.0535,8667.8,959.4,0.1134,44.8,1003.0,976.6,-0.2289,0.1256,0.5146,0.3377,ok,2026-09-03T08:03:19+00:00
fuente-piedra,2019-05-29,2,S2A_30SUG_20190529_0_L2A;S2A_30SUG_20190529_1_L2A,1.0,0.0171,0.9829,0.0894,0.0117,otsu,0.499,0.0715,8667.8,1147.9,0.1347,10.6,1008.9,1091.0,-0.048,0.0791,0.2566,0.2182,ok,2026-09-03T08:03:19+00:00
fuente-piedra,2019-06-01,2,S2A_30SUG_20190601_0_L2A;S2A_30SUG_20190601_2_L2A,1.0,0.1382,0.8618,0.0772,0.0,fijo,0.932,0.192,8667.8,42.0,0.0056,0.3,24.4,16.5,0.026,0.0489,0.0874,0.0,ok,2026-09-03T08:03:19+00:00
fuente-piedra,2019-06-03,2,S2B_30SUG_20190603_0_L2A;S2B_30SUG_20190603_1_L2A,1.0,0.2884,0.7116,0.1021,0.1445,otsu,0.259,0.0818,8667.8,729.4,0.1183,6.6,732.8,701.8,-0.0966,0.0354,0.2813,0.1818,nublado,2026-09-03T08:03:19+00:00
fuente-piedra,2019-06-06,2,S2B_30SUG_20190606_0_L2A;S2B_30SUG_20190606_1_L2A,1.0,0.0447,0.9553,0.0782,0.1211,otsu,0.195,0.0748,8667.8,810.1,0.0978,15.5,826.0,794.3,-0.1455,0.0326,0.3852,0.1685,ok,2026-09-03T08:03:19+00:00
fuente-piedra,2019-06-08,2,S2A_30SUG_20190608_0_L2A;S2A_30SUG_20190608_1_L2A,1.0,0.6082,0.3918,0.1116,-0.0195,otsu,0.795,0.1011,8667.8,225.4,0.0664,0.5,209.8,206.4,-0.0086,0.0121,0.0295,0.0007,nublado,2026-09-03T08:03:19+00:00
fuente-piedra,2019-06-11,2,S2A_30SUG_20190611_0_L2A;S2A_30SUG_20190611_1_L2A,1.0,0.1412,0.8588,0.0753,0.0,fijo,,,8667.8,11.6,0.0016,0.2,6.6,4.2,0.0572,0.0476,0.0889,0.0069,ok,2026-09-03T08:03:36+00:00
fuente-piedra,2019-06-13,2,S2B_30SUG_20190613_0_L2A;S2B_30SUG_20190613_1_L2A,1.0,0.1442,0.8558,0.109,0.0508,otsu,0.464,0.0954,8667.8,1035.6,0.1396,3.0,1036.0,1003.9,-0.0189,0.0009,0.0306,0.0188,ok,2026-09-03T08:03:36+00:00
fuente-piedra,2019-06-18,2,S2A_30SUG_20190618_0_L2A;S2A_30SUG_20190618_1_L2A,1.0,0.0141,0.9859,0.098,0.1758,otsu,0.261,0.0747,8667.8,1133.2,0.1326,2.1,1135.1,1113.7,-0.0564,-0.0322,0.0159,0.0122,ok,2026-09-03T08:03:36+00:00
fuente-piedra,2019-06-21,2,S2A_30SUG_20190621_0_L2A;S2A_30SUG_20190621_1_L2A,1.0,0.0737,0.9263,0.0747,0.0977,otsu,0.24,0.0383,8667.8,534.0,0.0665,10.3,559.5,539.4,-0.21,0.2115,0.4841,0.5062,ok,2026-09-03T08:03:36+00:00
fuente-piedra,2019-06-23,2,S2B_30SUG_20190623_0_L2A;S2B_30SUG_20190623_1_L2A,1.0,0.0158,0.9842,0.0995,0.1133,otsu,0.324,0.0612,8667.8,1125.2,0.1319,4.6,1122.1,1076.0,-0.1319,0.1153,0.3249,0.2569,ok,2026-09-03T08:03:36+00:00
fuente-piedra,2019-06-26,2,S2B_30SUG_20190626_0_L2A;S2B_30SUG_20190626_1_L2A,1.0,0.0405,0.9595,0.0846,0.0742,otsu,0.382,0.068,8667.8,816.7,0.0982,5.7,817.0,813.9,-0.1007,0.1048,0.1878,0.0653,ok,2026-09-03T08:03:36+00:00
fuente-piedra,2019-06-28,3,S2A_30SUG_20190628_0_L2A;S2A_30SUG_20190628_1_L2A;S2A_30SUG_20190628_2_L2A,1.0,0.0152,0.9848,0.0976,0.0664,otsu,0.447,0.0605,8667.8,1104.1,0.1293,11.8,1082.9,1056.6,-0.0576,0.0711,0.145,0.0321,ok,2026-09-03T08:03:36+00:00
fuente-piedra,2019-07-01,2,S2A_30SUG_20190701_0_L2A;S2A_30SUG_20190701_1_L2A,1.0,0.0849,0.9151,0.0846,0.0664,otsu,0.317,0.0764,8667.8,443.3,0.0559,6.9,435.8,434.0,-0.1238,0.0862,0.1676,0.0346,ok,2026-09-03T08:03:36+00:00
fuente-piedra,2019-07-03,2,S2B_30SUG_20190703_0_L2A;S2B_30SUG_20190703_1_L2A,1.0,0.0166,0.9834,0.1028,0.1367,otsu,0.381,0.0711,8667.8,1102.4,0.1293,15.2,1081.0,1085.8,-0.0869,0.0605,0.1211,0.0062,ok,2026-09-03T08:03:36+00:00
fuente-piedra,2019-07-08,2,S2A_30SUG_20190708_0_L2A;S2A_30SUG_20190708_1_L2A,1.0,0.0757,0.9243,0.1002,0.1523,otsu,0.335,0.061,8667.8,918.1,0.1146,10.7,910.5,920.9,-0.0797,0.0568,0.1313,0.0347,ok,2026-09-03T08:03:36+00:00
fuente-piedra,2019-07-11,2,S2A_30SUG_20190711_0_L2A;S2A_30SUG_20190711_1_L2A,1.0,0.1281,0.8719,0.094,0.0,fijo,1.066,0.1964,8667.8,41.8,0.0055,0.2,5.0,2.7,0.0596,0.0657,0.0851,0.0,ok,2026-09-03T08:03:36+00:00
fuente-piedra,2019-07-13,2,S2B_30SUG_20190713_0_L2A;S2B_30SUG_20190713_1_L2A,1.0,0.5172,0.4828,0.1027,-0.1133,otsu,0.762,0.074,8667.8,285.6,0.0682,48.2,294.7,371.2,-0.0434,0.0654,0.1375,0.0146,nublado,2026-09-03T08:03:36+00:00
fuente-piedra,2019-07-16,2,S2B_30SUG_20190716_0_L2A;S2B_30SUG_20190716_1_L2A,1.0,0.0479,0.9521,0.0826,0.0742,otsu,0.392,0.0565,8667.8,722.9,0.0876,2.3,685.2,716.6,-0.0821,0.0978,0.1777,0.0598,ok,2026-09-03T08:03:53+00:00
fuente-piedra,2019-07-18,2,S2A_30SUG_20190718_0_L2A;S2A_30SUG_20190718_1_L2A,1.0,0.0165,0.9835,0.1006,0.1445,otsu,0.393,0.0654,8667.8,1061.2,0.1245,2.1,992.2,1043.0,-0.0884,0.0887,0.1562,0.0216,ok,2026-09-03T08:03:53+00:00
fuente-piedra,2019-07-21,2,S2A_30SUG_20190721_0_L2A;S2A_30SUG_20190721_1_L2A,1.0,0.0136,0.9864,0.0884,0.0039,otsu,0.543,0.0788,8667.8,1004.7,0.1175,2.8,940.0,969.3,-0.0596,0.0887,0.1363,0.0092,ok,2026-09-03T08:03:53+00:00
fuente-piedra,2019-07-23,2,S2B_30SUG_20190723_0_L2A;S2B_30SUG_20190723_1_L2A,1.0,0.0371,0.9629,0.1065,-0.0117,otsu,0.595,0.0726,8667.8,942.5,0.1129,9.1,854.0,933.9,-0.0539,0.0854,0.131,0.0143,ok,2026-09-03T08:03:53+00:00
fuente-piedra,2019-07-26,2,S2B_30SUG_20190726_0_L2A;S2B_30SUG_20190726_1_L2A,1.0,0.0844,0.9156,0.0884,-0.0039,otsu,0.411,0.0648,8667.8,639.4,0.0806,4.8,612.4,655.6,-0.0896,0.0811,0.1398,0.0254,ok,2026-09-03T08:03:53+00:00
fuente-piedra,2019-07-28,2,S2A_30SUG_20190728_0_L2A;S2A_30SUG_20190728_1_L2A,1.0,0.0406,0.9594,0.1001,0.1914,otsu,0.396,0.0574,8667.8,1001.8,0.1205,5.2,892.8,1006.4,-0.0858,0.1012,0.1549,0.0125,ok,2026-09-03T08:03:53+00:00
fuente-piedra,2019-07-31,2,S2A_30SUG_20190731_0_L2A;S2A_30SUG_20190731_1_L2A,1.0,0.113,0.887,0.091,-0.1289,otsu,0.807,0.0937,8667.8,122.3,0.0159,6.3,76.8,95.1,0.0203,0.0748,0.1361,0.0183,ok,2026-09-03T08:03:53+00:00
fuente-piedra,2019-08-02,2,S2B_30SUG_20190802_0_L2A;S2B_30SUG_20190802_1_L2A,1.0,0.0238,0.9762,0.1011,0.168,otsu,0.45,0.0723,8667.8,957.6,0.1132,18.0,820.8,983.2,-0.063,0.0786,0.1503,0.0268,ok,2026-09-03T08:03:53+00:00
fuente-piedra,2019-08-05,2,S2B_30SUG_20190805_0_L2A;S2B_30SUG_20190805_1_L2A,1.0,0.0151,0.9849,0.0875,0.082,otsu,0.53,0.0816,8667.8,920.4,0.1078,2.8,792.5,932.8,-0.0429,0.0763,0.1386,0.0285,ok,2026-09-03T08:03:53+00:00
fuente-piedra,2019-08-10,2,S2A_30SUG_20190810_0_L2A;S2A_30SUG_20190810_1_L2A,1.0,0.0294,0.9706,0.0822,0.1211,otsu,0.485,0.0787,8667.8,824.1,0.098,2.7,718.4,837.2,-0.0298,0.057,0.089,0.0018,ok,2026-09-03T08:03:53+00:00
fuente-piedra,2019-08-12,2,S2B_30SUG_20190812_0_L2A;S2B_30SUG_20190812_1_L2A,1.0,0.1739,0.8261,0.0976,0.1914,otsu,0.525,0.0757,8667.8,738.6,0.1032,9.1,647.1,759.0,-0.0344,0.027,0.0564,0.0002,ok,2026-09-03T08:03:53+00:00
fuente-piedra,2019-08-15,2,S2B_30SUG_20190815_0_L2A;S2B_30SUG_20190815_1_L2A,1.0,0.0343,0.9657,0.0822,0.1367,otsu,0.587,0.0676,8667.8,777.4,0.0929,3.1,654.7,812.2,-0.02,0.0336,0.0642,0.0003,ok,2026-09-03T08:03:53+00:00
fuente-piedra,2019-08-17,2,S2A_30SUG_20190817_0_L2A;S2A_30SUG_20190817_1_L2A,1.0,0.0461,0.9539,0.0952,0.168,otsu,0.497,0.0632,8667.8,786.1,0.0951,4.4,643.5,818.3,-0.0248,0.0211,0.0561,0.0002,ok,2026-09-03T08:04:11+00:00
fuente-piedra,2019-08-20,2,S2A_30SUG_20190820_0_L2A;S2A_30SUG_20190820_1_L2A,1.0,0.0482,0.9518,0.079,0.1836,otsu,0.511,0.0672,8667.8,707.5,0.0858,2.7,588.3,735.4,-0.0265,0.0219,0.062,0.0011,ok,2026-09-03T08:04:11+00:00
fuente-piedra,2019-08-22,2,S2B_30SUG_20190822_0_L2A;S2B_30SUG_20190822_1_L2A,1.0,0.047,0.953,0.1022,0.1367,otsu,0.746,0.0849,8667.8,792.0,0.0959,2.2,602.3,818.1,0.0093,0.0397,0.0846,0.0001,ok,2026-09-03T08:04:11+00:00
fuente-piedra,2019-08-25,2,S2B_30SUG_20190825_0_L2A;S2B_30SUG_20190825_1_L2A,1.0,0.0472,0.9528,0.0862,0.0742,otsu,0.885,0.0823,8667.8,691.9,0.0838,0.4,513.6,723.9,0.0326,0.0448,0.0846,0.0001,ok,2026-09-03T08:04:11+00:00
fuente-piedra,2019-08-27,2,S2A_30SUG_20190827_0_L2A;S2A_30SUG_20190827_1_L2A,1.0,0.1225,0.8775,0.0817,0.1367,otsu,0.72,0.0869,8667.8,747.6,0.0983,1.0,549.2,792.3,-0.0102,0.0444,0.0771,0.0,ok,2026-09-03T08:04:11+00:00
fuente-piedra,2019-08-30,4,S2A_30SUG_20190830_0_L2A;S2A_30SUG_20190830_1_L2A;S2A_30SUG_20190830_2_L2A;S2A_30SUG_20190830_3_L2A,1.0,0.0117,0.9883,0.0821,0.0586,otsu,0.92,0.0987,8667.8,802.3,0.0937,1.4,450.8,939.8,0.0289,0.0558,0.0802,0.0002,ok,2026-09-03T08:04:11+00:00
fuente-piedra,2019-09-01,2,S2B_30SUG_20190901_0_L2A;S2B_30SUG_20190901_1_L2A,1.0,0.0545,0.9455,0.094,0.1445,otsu,0.841,0.0856,8667.8,567.6,0.0693,1.2,452.3,613.5,0.0002,0.0554,0.0808,0.0001,ok,2026-09-03T08:04:11+00:00
fuente-piedra,2019-09-04,2,S2B_30SUG_20190904_0_L2A;S2B_30SUG_20190904_1_L2A,1.0,0.935,0.065,0.1051,0.0,fijo,,,8667.8,7.7,0.0136,4.8,1.0,21.8,0.0282,0.0344,0.0604,0.0,nublado,2026-09-03T08:04:11+00:00
fuente-piedra,2019-09-06,2,S2A_30SUG_20190906_0_L2A;S2A_30SUG_20190906_1_L2A,1.0,0.0813,0.9187,0.0914,0.1367,otsu,0.916,0.1487,8667.8,290.9,0.0365,0.3,239.1,462.6,0.0202,0.0453,0.0652,0.0007,ok,2026-09-03T08:04:11+00:00
fuente-piedra,2019-09-09,2,S2A_30SUG_20190909_0_L2A;S2A_30SUG_20190909_1_L2A,1.0,0.0649,0.9351,0.082,0.1289,otsu,0.957,0.1251,8667.8,352.1,0.0434,2.4,277.4,602.4,0.0108,0.049,0.073,0.0003,ok,2026-09-03T08:04:11+00:00
fuente-piedra,2019-09-11,2,S2B_30SUG_20190911_0_L2A;S2B_30SUG_20190911_1_L2A,1.0,0.1,0.9,0.0918,0.0586,otsu,1.06,0.1318,8667.8,131.0,0.0168,1.8,57.8,263.1,0.0218,0.0363,0.0537,0.0003,ok,2026-09-03T08:04:11+00:00
fuente-piedra,2019-09-16,2,S2A_30SUG_20190916_0_L2A;S2A_30SUG_20190916_1_L2A,1.0,0.0598,0.9402,0.0741,0.1367,otsu,0.806,0.0575,8667.8,679.2,0.0833,77.6,548.0,797.2,-0.0807,0.1469,0.2578,0.2067,ok,2026-09-03T08:04:11+00:00
fuente-piedra,2019-09-19,2,S2A_30SUG_20190919_0_L2A;S2A_30SUG_20190919_1_L2A,1.0,0.0318,0.9682,0.0801,0.1211,otsu,0.959,0.057,8667.8,576.1,0.0686,18.4,434.6,671.4,-0.0746,0.163,0.2162,0.1843,ok,2026-09-03T08:04:28+00:00
fuente-piedra,2019-09-24,2,S2B_30SUG_20190924_0_L2A;S2B_30SUG_20190924_1_L2A,1.0,0.0242,0.9758,0.0789,0.1914,otsu,0.975,0.0746,8667.8,573.5,0.0678,17.1,413.7,700.9,-0.0385,0.1289,0.2221,0.1456,ok,2026-09-03T08:04:28+00:00
fuente-piedra,2019-09-26,2,S2A_30SUG_20190926_0_L2A;S2A_30SUG_20190926_1_L2A,1.0,0.0434,0.9566,0.0819,0.2148,otsu,0.922,0.069,8667.8,538.3,0.0649,8.0,389.3,607.2,-0.0237,0.1062,0.1625,0.0118,ok,2026-09-03T08:04:28+00:00
fuente-piedra,2019-09-29,2,S2A_30SUG_20190929_0_L2A;S2A_30SUG_20190929_1_L2A,1.0,0.0398,0.9602,0.0793,0.1523,otsu,0.973,0.0738,8667.8,504.4,0.0606,8.1,321.2,554.6,-0.0035,0.0873,0.1221,0.0005,ok,2026-09-03T08:04:28+00:00
fuente-piedra,2019-10-01,2,S2B_30SUG_20191001_0_L2A;S2B_30SUG_20191001_1_L2A,1.0,0.0543,0.9457,0.0867,0.1914,otsu,0.951,0.0754,8667.8,464.1,0.0566,6.7,344.6,520.6,-0.0117,0.0801,0.1128,0.0003,ok,2026-09-03T08:04:28+00:00
fuente-piedra,2019-10-04,2,S2B_30SUG_20191004_0_L2A;S2B_30SUG_20191004_1_L2A,1.0,0.0563,0.9437,0.0795,0.1992,otsu,0.897,0.0852,8667.8,370.0,0.0452,5.6,295.0,471.4,0.0133,0.0634,0.0836,0.0003,ok,2026-09-03T08:04:28+00:00
fuente-piedra,2019-10-06,2,S2A_30SUG_20191006_0_L2A;S2A_30SUG_20191006_1_L2A,1.0,0.0603,0.9397,0.0859,0.1758,otsu,0.908,0.0951,8667.8,391.9,0.0481,5.3,308.7,434.1,0.0095,0.0552,0.0753,0.0001,ok,2026-09-03T08:04:28+00:00
fuente-piedra,2019-10-09,2,S2A_30SUG_20191009_0_L2A;S2A_30SUG_20191009_1_L2A,1.0,0.0625,0.9375,0.078,0.1836,otsu,0.897,0.1407,8667.8,322.8,0.0397,4.9,271.0,372.1,0.0146,0.0533,0.0678,0.0002,ok,2026-09-03T08:04:28+00:00
fuente-piedra,2019-10-14,1,S2B_30SUG_20191014_0_L2A,1.0,0.4346,0.5654,0.0919,0.0977,otsu,1.043,0.1233,8667.8,113.4,0.0231,2.2,102.9,269.9,-0.0204,0.0253,0.0581,0.0,nublado,2026-09-03T08:04:28+00:00
fuente-piedra,2019-10-16,2,S2A_30SUG_20191016_0_L2A;S2A_30SUG_20191016_1_L2A,1.0,0.0976,0.9024,0.0769,0.0,fijo,1.323,0.1587,8667.8,70.3,0.009,5.4,18.4,143.1,0.0326,0.0378,0.0581,0.0011,espectro_anomalo,2026-09-03T08:04:28+00:00
fuente-piedra,2019-10-21,2,S2B_30SUG_20191021_0_L2A;S2B_30SUG_20191021_1_L2A,1.0,0.0544,0.9456,0.0772,0.1289,otsu,1.155,0.1142,8667.8,449.1,0.0548,10.3,218.5,487.6,0.0041,0.0584,0.0831,0.0,espectro_anomalo,2026-09-03T08:04:28+00:00
fuente-piedra,2019-10-24,2,S2B_30SUG_20191024_0_L2A;S2B_30SUG_20191024_1_L2A,1.0,0.3067,0.6933,0.0754,-0.0352,otsu,1.142,0.0814,8667.8,302.1,0.0503,1.4,118.9,398.9,0.0069,0.0471,0.0689,0.0,nublado,2026-09-03T08:04:28+00:00
fuente-piedra,2019-10-26,2,S2A_30SUG_20191026_0_L2A;S2A_30SUG_20191026_1_L2A,1.0,0.0554,0.9446,0.0723,0.1211,otsu,1.007,0.1518,8667.8,365.5,0.0446,7.1,224.5,330.6,0.0113,0.0449,0.0694,0.0,ok,2026-09-03T08:04:44+00:00
fuente-piedra,2019-10-29,2,S2A_30SUG_20191029_0_L2A;S2A_30SUG_20191029_1_L2A,1.0,0.798,0.202,0.1246,0.0,fijo,1.352,0.0576,8667.8,47.6,0.0272,4.4,0.7,115.3,0.0233,0.0426,0.0628,0.0,nublado,2026-09-03T08:04:44+00:00
fuente-piedra,2019-11-08,2,S2A_30SUG_20191108_0_L2A;S2A_30SUG_20191108_1_L2A,1.0,0.3621,0.6379,0.0683,0.168,otsu,1.004,0.0989,8667.8,399.0,0.0722,12.1,202.8,474.5,-0.0189,0.0759,0.1258,0.0,nublado,2026-09-03T08:04:44+00:00
fuente-piedra,2019-11-15,1,S2A_30SUG_20191115_0_L2A,1.0,0.2327,0.7673,0.0674,0.0508,otsu,1.129,0.0918,8667.8,482.6,0.0726,7.6,128.4,522.8,0.006,0.0737,0.1155,0.0009,nublado,2026-09-03T08:04:44+00:00
fuente-piedra,2019-11-18,2,S2A_30SUG_20191118_0_L2A;S2A_30SUG_20191118_1_L2A,1.0,0.3605,0.6395,0.0606,0.043,otsu,1.108,0.0728,8667.8,442.4,0.0798,6.9,191.3,519.3,-0.0087,0.0683,0.1112,0.0006,nublado,2026-09-03T08:04:44+00:00
fuente-piedra,2019-11-23,2,S2B_30SUG_20191123_0_L2A;S2B_30SUG_20191123_1_L2A,1.0,0.3139,0.6861,0.0562,0.1211,otsu,1.009,0.0934,8667.8,380.4,0.064,8.6,262.6,453.4,-0.046,0.0976,0.1723,0.0379,nublado,2026-09-03T08:04:44+00:00
fuente-piedra,2019-11-30,2,S2B_30SUG_20191130_0_L2A;S2B_30SUG_20191130_1_L2A,1.0,0.0214,0.9786,0.0508,0.207,otsu,0.876,0.0621,8667.8,642.0,0.0757,25.4,507.4,752.6,-0.0885,0.142,0.2037,0.1169,ok,2026-09-03T08:04:44+00:00
fuente-piedra,2019-12-03,2,S2B_30SUG_20191203_0_L2A;S2B_30SUG_20191203_1_L2A,1.0,0.4477,0.5523,0.0393,0.1367,otsu,1.289,0.0337,8667.8,519.4,0.1085,89.1,278.2,716.3,-0.0206,0.0905,0.1542,0.0322,nublado,2026-09-03T08:04:44+00:00
fuente-piedra,2019-12-05,2,S2A_30SUG_20191205_0_L2A;S2A_30SUG_20191205_1_L2A,1.0,0.0307,0.9693,0.0371,0.1992,otsu,0.841,0.0552,8667.8,663.4,0.079,41.8,510.9,750.1,-0.0355,0.1024,0.1718,0.0538,ok,2026-09-03T08:04:44+00:00
fuente-piedra,2019-12-08,2,S2A_30SUG_20191208_0_L2A;S2A_30SUG_20191208_1_L2A,1.0,0.0228,0.9772,0.0403,0.1914,otsu,0.812,0.0615,8667.8,650.4,0.0768,44.8,503.6,754.9,-0.0354,0.0996,0.1584,0.048,ok,2026-09-03T08:04:44+00:00
fuente-piedra,2019-12-10,2,S2B_30SUG_20191210_0_L2A;S2B_30SUG_20191210_1_L2A,1.0,0.1381,0.8619,0.0603,0.0,fijo,1.082,0.1199,8667.8,49.4,0.0066,7.2,25.3,82.8,-0.0245,0.0711,0.1168,0.0008,ok,2026-09-03T08:04:44+00:00
fuente-piedra,2019-12-15,2,S2A_30SUG_20191215_0_L2A;S2A_30SUG_20191215_1_L2A,1.0,0.0268,0.9732,0.0471,0.1992,otsu,0.764,0.061,8667.8,606.6,0.0719,40.6,496.1,716.5,-0.0537,0.1168,0.1743,0.0333,ok,2026-09-03T08:04:44+00:00
fuente-piedra,2019-12-23,2,S2B_30SUG_20191223_0_L2A;S2B_30SUG_20191223_1_L2A,1.0,0.8141,0.1859,0.1013,0.0,fijo,0.745,0.1299,8667.8,45.8,0.0284,0.2,44.3,53.9,-0.0799,0.0458,0.0773,0.0,nublado,2026-09-03T08:05:04+00:00
fuente-piedra,2019-12-25,2,S2A_30SUG_20191225_0_L2A;S2A_30SUG_20191225_1_L2A,1.0,0.0225,0.9775,0.0383,0.2148,otsu,0.64,0.0591,8667.8,777.0,0.0917,73.0,652.8,886.2,-0.0959,0.1336,0.2353,0.1666,ok,2026-09-03T08:05:04+00:00
fuente-piedra,2019-12-28,2,S2A_30SUG_20191228_0_L2A;S2A_30SUG_20191228_1_L2A,1.0,0.0115,0.9885,0.0409,0.1992,otsu,0.774,0.0594,8667.8,791.0,0.0923,112.6,602.3,950.0,-0.0621,0.1365,0.2297,0.1665,ok,2026-09-03T08:05:04+00:00
fuente-piedra,2019-12-30,4,S2B_30SUG_20191230_0_L2A;S2B_30SUG_20191230_1_L2A;S2B_30SUG_20191230_2_L2A;S2B_30SUG_20191230_3_L2A,1.0,0.0004,0.9996,0.0548,0.1836,otsu,0.818,0.0734,8667.8,861.1,0.0994,81.8,619.8,1048.4,-0.0435,0.1078,0.1755,0.0333,ok,2026-09-03T08:05:04+00:00
fuente-piedra,2020-01-02,2,S2B_30SUG_20200102_0_L2A;S2B_30SUG_20200102_1_L2A,1.0,0.0187,0.9813,0.0533,0.207,otsu,0.707,0.068,8667.8,743.6,0.0874,94.5,621.2,876.0,-0.1037,0.1466,0.221,0.1872,ok,2026-09-03T08:05:04+00:00
fuente-piedra,2020-01-04,2,S2A_30SUG_20200104_0_L2A;S2A_30SUG_20200104_1_L2A,1.0,0.3296,0.6704,0.1034,0.1914,otsu,0.747,0.1107,8667.8,610.2,0.105,36.9,539.5,677.7,-0.1017,0.1118,0.1553,0.0099,nublado,2026-09-03T08:05:04+00:00
fuente-piedra,2020-01-07,2,S2A_30SUG_20200107_0_L2A;S2A_30SUG_20200107_1_L2A,1.0,0.0174,0.9826,0.0427,0.1992,otsu,0.757,0.0593,8667.8,669.0,0.0786,142.6,572.3,858.2,-0.1072,0.1601,0.2301,0.2455,ok,2026-09-03T08:05:04+00:00
fuente-piedra,2020-01-09,2,S2B_30SUG_20200109_0_L2A;S2B_30SUG_20200109_1_L2A,1.0,0.0185,0.9815,0.0623,0.1992,otsu,0.734,0.0717,8667.8,674.6,0.0793,115.3,583.8,856.0,-0.1217,0.1651,0.2356,0.2841,ok,2026-09-03T08:05:04+00:00
fuente-piedra,2020-01-12,2,S2B_30SUG_20200112_0_L2A;S2B_30SUG_20200112_1_L2A,1.0,0.0125,0.9875,0.0479,0.1992,otsu,0.709,0.0637,8667.8,695.2,0.0812,65.8,580.0,817.1,-0.1057,0.1561,0.2091,0.1379,ok,2026-09-03T08:05:04+00:00
fuente-piedra,2020-01-24,2,S2A_30SUG_20200124_0_L2A;S2A_30SUG_20200124_1_L2A,1.0,0.9853,0.0147,0.0302,0.0,fijo,,,8667.8,0.0,0.0,0.0,0.0,0.0,,,,,nublado,2026-09-03T08:05:04+00:00
fuente-piedra,2020-01-27,2,S2A_30SUG_20200127_0_L2A;S2A_30SUG_20200127_1_L2A,1.0,0.0077,0.9923,0.0123,0.1289,otsu,0.614,0.0243,8667.8,818.3,0.0951,162.9,728.8,1038.2,-0.1368,0.2369,0.3545,0.6245,ok,2026-09-03T08:05:04+00:00
fuente-piedra,2020-02-03,2,S2A_30SUG_20200203_0_L2A;S2A_30SUG_20200203_1_L2A,1.0,0.009,0.991,0.0438,0.207,otsu,0.623,0.0497,8667.8,812.3,0.0946,146.3,725.2,982.4,-0.1297,0.1839,0.2577,0.3708,ok,2026-09-03T08:05:04+00:00
fuente-piedra,2020-02-06,2,S2A_30SUG_20200206_0_L2A;S2A_30SUG_20200206_1_L2A,1.0,0.0181,0.9819,0.0518,0.1445,otsu,0.942,0.0915,8667.8,892.8,0.1049,17.0,515.7,923.8,-0.0106,0.0988,0.1313,0.0077,ok,2026-09-03T08:05:25+00:00
fuente-piedra,2020-02-16,2,S2A_30SUG_20200216_0_L2A;S2A_30SUG_20200216_1_L2A,1.0,0.0081,0.9919,0.0474,0.1992,otsu,0.515,0.0686,8667.8,848.1,0.0986,51.7,721.2,926.1,-0.0833,0.1091,0.1771,0.0541,ok,2026-09-03T08:05:25+00:00
fuente-piedra,2020-02-18,2,S2B_30SUG_20200218_0_L2A;S2B_30SUG_20200218_1_L2A,1.0,0.4218,0.5782,0.0979,0.1914,otsu,0.8,0.1008,8667.8,791.0,0.1578,33.2,680.7,869.2,-0.0588,0.071,0.1064,0.0004,nublado,2026-09-03T08:05:25+00:00
fuente-piedra,2020-02-21,2,S2B_30SUG_20200221_0_L2A;S2B_30SUG_20200221_1_L2A,1.0,0.0238,0.9762,0.0615,0.1367,otsu,0.81,0.0777,8667.8,884.3,0.1045,32.6,687.0,938.7,-0.0324,0.0794,0.1078,0.0024,ok,2026-09-03T08:05:25+00:00
fuente-piedra,2020-02-23,2,S2A_30SUG_20200223_0_L2A;S2A_30SUG_20200223_1_L2A,1.0,0.0133,0.9867,0.0554,0.1992,otsu,0.545,0.0661,8667.8,827.0,0.0967,60.4,693.2,918.4,-0.0587,0.0685,0.1104,0.001,ok,2026-09-03T08:05:25+00:00
fuente-piedra,2020-02-26,2,S2A_30SUG_20200226_1_L2A;S2A_30SUG_20200226_2_L2A,1.0,0.0642,0.9358,0.0506,0.1836,otsu,0.472,0.0691,8667.8,558.2,0.0688,5.4,511.8,564.1,-0.0585,0.061,0.099,0.0023,ok,2026-09-03T08:05:25+00:00
fuente-piedra,2020-02-28,2,S2B_30SUG_20200228_0_L2A;S2B_30SUG_20200228_1_L2A,1.0,0.9456,0.0544,0.0693,0.0,fijo,,,8667.8,0.3,0.0007,0.7,0.2,0.0,0.0359,0.0381,0.0465,0.0,nublado,2026-09-03T08:05:25+00:00
fuente-piedra,2020-03-02,2,S2B_30SUG_20200302_0_L2A;S2B_30SUG_20200302_1_L2A,1.0,0.1334,0.8666,0.059,0.0977,otsu,0.972,0.0844,8667.8,793.3,0.1056,16.8,453.0,829.6,-0.0197,0.0642,0.0886,0.0015,ok,2026-09-03T08:05:25+00:00
fuente-piedra,2020-03-04,2,S2A_30SUG_20200304_0_L2A;S2A_30SUG_20200304_1_L2A,1.0,0.4511,0.5489,0.0818,0.2227,otsu,0.509,0.0876,8667.8,645.9,0.1357,4.5,597.0,715.2,-0.0735,0.0421,0.0789,0.0003,nublado,2026-09-03T08:05:25+00:00
fuente-piedra,2020-03-07,2,S2A_30SUG_20200307_0_L2A;S2A_30SUG_20200307_1_L2A,1.0,0.825,0.175,0.0508,0.0,fijo,,,8667.8,0.0,0.0,0.0,0.0,0.0,,,,,nublado,2026-09-03T08:05:25+00:00
fuente-piedra,2020-03-14,2,S2A_30SUG_20200314_0_L2A;S2A_30SUG_20200314_1_L2A,1.0,0.0322,0.9678,0.0645,0.207,otsu,0.681,0.0943,8667.8,624.1,0.0744,12.7,545.3,739.0,-0.0196,0.0323,0.058,0.0004,ok,2026-09-03T08:05:25+00:00
fuente-piedra,2020-03-24,2,S2A_30SUG_20200324_0_L2A;S2A_30SUG_20200324_1_L2A,1.0,0.1993,0.8007,0.0713,0.0977,otsu,0.845,0.1014,8667.8,628.5,0.0906,84.4,518.1,744.2,-0.0256,0.055,0.1135,0.0003,ok,2026-09-03T08:05:25+00:00
fuente-piedra,2020-03-27,2,S2A_30SUG_20200327_0_L2A;S2A_30SUG_20200327_1_L2A,1.0,0.464,0.536,0.0635,0.1055,otsu,0.932,0.0994,8667.8,255.8,0.055,26.2,146.4,320.2,-0.0138,0.0547,0.1117,0.0025,nublado,2026-09-03T08:05:42+00:00
fuente-piedra,2020-03-29,2,S2B_30SUG_20200329_0_L2A;S2B_30SUG_20200329_1_L2A,1.0,0.0834,0.9166,0.0771,0.207,otsu,0.573,0.092,8667.8,695.5,0.0875,1.8,593.6,715.1,-0.0315,0.0357,0.077,0.0015,ok,2026-09-03T08:05:42+00:00
fuente-piedra,2020-04-01,2,S2B_30SUG_20200401_0_L2A;S2B_30SUG_20200401_1_L2A,1.0,0.2232,0.7768,0.0625,0.1211,otsu,0.883,0.098,8667.8,440.9,0.0655,35.7,337.3,544.5,-0.0312,0.0615,0.1216,0.0002,nublado,2026-09-03T08:05:42+00:00
fuente-piedra,2020-04-03,2,S2A_30SUG_20200403_0_L2A;S2A_30SUG_20200403_1_L2A,1.0,0.036,0.964,0.0516,0.2305,otsu,0.678,0.0762,8667.8,819.1,0.098,44.2,676.5,903.2,-0.0335,0.0608,0.1172,0.0027,ok,2026-09-03T08:05:42+00:00
fuente-piedra,2020-04-08,2,S2B_30SUG_20200408_0_L2A;S2B_30SUG_20200408_1_L2A,1.0,0.0488,0.9512,0.0909,0.0977,otsu,0.823,0.0934,8667.8,743.6,0.0902,7.2,594.4,805.1,-0.0102,0.0525,0.0688,0.0,ok,2026-09-03T08:05:42+00:00
fuente-piedra,2020-04-11,2,S2B_30SUG_20200411_0_L2A;S2B_30SUG_20200411_1_L2A,1.0,0.5917,0.4083,0.1054,0.0,fijo,,,8667.8,3.4,0.0009,3.8,3.2,9.6,-0.017,0.0372,0.0547,0.0,nublado,2026-09-03T08:05:42+00:00
fuente-piedra,2020-04-13,2,S2A_30SUG_20200413_0_L2A;S2A_30SUG_20200413_1_L2A,1.0,0.3915,0.6085,0.093,0.2148,otsu,0.61,0.0913,8667.8,726.2,0.1377,13.8,591.6,773.2,-0.0469,0.0374,0.072,0.0001,nublado,2026-09-03T08:05:42+00:00
fuente-piedra,2020-04-23,2,S2A_30SUG_20200423_0_L2A;S2A_30SUG_20200423_1_L2A,1.0,0.6249,0.3751,0.0861,0.0,fijo,,,8667.8,0.6,0.0002,0.0,0.0,1.1,0.0281,0.0685,0.0997,0.0,nublado,2026-09-03T08:05:42+00:00
fuente-piedra,2020-05-01,2,S2B_30SUG_20200501_0_L2A;S2B_30SUG_20200501_1_L2A,1.0,0.0215,0.9785,0.0616,0.0977,otsu,0.585,0.0832,8667.8,677.1,0.0798,21.7,586.8,719.6,-0.0534,0.059,0.1007,0.0,ok,2026-09-03T08:05:42+00:00
fuente-piedra,2020-05-03,2,S2A_30SUG_20200503_0_L2A;S2A_30SUG_20200503_1_L2A,1.0,0.0216,0.9784,0.0693,0.1445,otsu,0.807,0.0677,8667.8,774.8,0.0914,11.8,584.0,827.6,-0.0121,0.0437,0.0673,0.0,ok,2026-09-03T08:05:42+00:00
fuente-piedra,2020-05-06,2,S2A_30SUG_20200506_0_L2A;S2A_30SUG_20200506_1_L2A,1.0,0.0793,0.9207,0.0629,0.1133,otsu,0.951,0.088,8667.8,248.4,0.0311,6.2,173.6,313.8,-0.0006,0.0428,0.0663,0.0,ok,2026-09-03T08:05:42+00:00
fuente-piedra,2020-05-08,2,S2B_30SUG_20200508_0_L2A;S2B_30SUG_20200508_1_L2A,1.0,0.0393,0.9607,0.0783,0.1523,otsu,0.82,0.0821,8667.8,702.6,0.0844,6.4,504.4,755.9,-0.0076,0.0611,0.0954,0.0005,ok,2026-09-03T08:05:42+00:00
fuente-piedra,2020-05-13,1,S2A_30SUG_20200513_0_L2A,1.0,0.6002,0.3998,0.0861,0.2148,otsu,0.665,0.0937,8667.8,435.1,0.1256,3.6,392.4,493.0,-0.0613,0.0414,0.0836,0.0,nublado,2026-09-03T08:06:00+00:00
fuente-piedra,2020-05-18,2,S2B_30SUG_20200518_0_L2A;S2B_30SUG_20200518_1_L2A,1.0,0.1212,0.8788,0.0784,0.207,otsu,0.782,0.092,8667.8,612.2,0.0804,14.2,503.6,666.4,-0.0301,0.0512,0.0739,0.0,ok,2026-09-03T08:06:00+00:00
fuente-piedra,2020-05-21,2,S2B_30SUG_20200521_0_L2A;S2B_30SUG_20200521_1_L2A,1.0,0.0326,0.9674,0.0693,0.168,otsu,0.809,0.0914,8667.8,514.2,0.0613,4.7,420.8,604.1,0.0054,0.0404,0.0649,0.0008,ok,2026-09-03T08:06:00+00:00
fuente-piedra,2020-05-23,2,S2A_30SUG_20200523_0_L2A;S2A_30SUG_20200523_1_L2A,1.0,0.8842,0.1158,0.09,0.0,fijo,,,8667.8,0.0,0.0,0.0,0.0,0.0,,,,,nublado,2026-09-03T08:06:00+00:00
fuente-piedra,2020-05-26,2,S2A_30SUG_20200526_0_L2A;S2A_30SUG_20200526_1_L2A,1.0,0.099,0.901,0.0702,0.0742,otsu,1.023,0.1392,8667.8,107.7,0.0138,0.8,50.8,333.6,0.0528,0.0339,0.0509,0.0,ok,2026-09-03T08:06:00+00:00
fuente-piedra,2020-05-28,2,S2B_30SUG_20200528_0_L2A;S2B_30SUG_20200528_1_L2A,1.0,0.1046,0.8954,0.0895,-0.1289,otsu,1.024,0.1644,8667.8,158.8,0.0205,5.6,96.2,311.5,-0.0024,0.0236,0.0393,0.0005,ok,2026-09-03T08:06:00+00:00
fuente-piedra,2020-06-05,2,S2A_30SUG_20200605_0_L2A;S2A_30SUG_20200605_1_L2A,1.0,0.6535,0.3465,0.0891,-0.0898,otsu,0.946,0.0856,8667.8,239.0,0.0796,21.4,207.6,287.6,-0.0347,0.0104,0.0333,0.0,nublado,2026-09-03T08:06:00+00:00
fuente-piedra,2020-06-07,2,S2B_30SUG_20200607_0_L2A;S2B_30SUG_20200607_1_L2A,1.0,0.2277,0.7723,0.0961,0.0,fijo,0.959,0.1229,8667.8,118.2,0.0177,3.6,177.6,359.9,-0.0296,0.0144,0.033,0.0078,nublado,2026-09-03T08:06:00+00:00
fuente-piedra,2020-06-10,2,S2B_30SUG_20200610_0_L2A;S2B_30SUG_20200610_1_L2A,1.0,0.9585,0.0415,0.0902,0.0,fijo,,,8667.8,0.0,0.0,0.0,0.0,0.0,,,,,nublado,2026-09-03T08:06:00+00:00
fuente-piedra,2020-06-15,2,S2A_30SUG_20200615_0_L2A;S2A_30SUG_20200615_1_L2A,1.0,0.0958,0.9042,0.073,0.0,fijo,1.007,0.1188,8667.8,86.8,0.0111,0.9,72.4,233.4,-0.0034,0.0182,0.0316,0.0,ok,2026-09-03T08:06:00+00:00
fuente-piedra,2020-06-17,2,S2B_30SUG_20200617_0_L2A;S2B_30SUG_20200617_1_L2A,1.0,0.1027,0.8973,0.0906,-0.168,otsu,0.983,0.1263,8667.8,212.4,0.0273,4.0,145.1,295.0,-0.005,0.0227,0.0346,0.0064,ok,2026-09-03T08:06:00+00:00
fuente-piedra,2020-06-20,2,S2B_30SUG_20200620_0_L2A;S2B_30SUG_20200620_1_L2A,1.0,0.1122,0.8878,0.0747,0.0,fijo,1.091,0.1139,8667.8,16.5,0.0021,0.8,1.2,125.2,0.0164,0.0386,0.0619,0.0218,incoherente,2026-09-03T08:06:00+00:00
fuente-piedra,2020-06-22,2,S2A_30SUG_20200622_0_L2A;S2A_30SUG_20200622_1_L2A,1.0,0.1167,0.8833,0.098,-0.0898,otsu,1.07,0.1776,8667.8,96.6,0.0126,3.3,9.9,164.4,0.0293,0.0231,0.0335,0.0,ok,2026-09-03T08:06:20+00:00
fuente-piedra,2020-06-25,2,S2A_30SUG_20200625_0_L2A;S2A_30SUG_20200625_1_L2A,1.0,0.1145,0.8855,0.0809,0.0,fijo,,,8667.8,9.8,0.0013,0.3,0.6,75.2,0.0333,0.0436,0.0663,0.0,incoherente,2026-09-03T08:06:20+00:00
fuente-piedra,2020-06-27,2,S2B_30SUG_20200627_0_L2A;S2B_30SUG_20200627_1_L2A,1.0,0.1263,0.8737,0.0991,0.0,fijo,1.086,0.1841,8667.8,55.6,0.0073,1.6,10.0,165.8,0.0379,0.0252,0.0367,0.0,ok,2026-09-03T08:06:20+00:00
fuente-piedra,2020-06-30,2,S2B_30SUG_20200630_0_L2A;S2B_30SUG_20200630_1_L2A,1.0,0.1114,0.8886,0.0894,0.0,fijo,,,8667.8,0.0,0.0,0.0,0.0,14.5,,,,,ok,2026-09-03T08:06:20+00:00
fuente-piedra,2020-07-02,2,S2A_30SUG_20200702_0_L2A;S2A_30SUG_20200702_1_L2A,1.0,0.123,0.877,0.1061,0.0,fijo,,,8667.8,7.0,0.0009,1.1,0.0,49.3,0.0398,0.0277,0.0406,0.0,ok,2026-09-03T08:06:20+00:00
fuente-piedra,2020-07-05,2,S2A_30SUG_20200705_0_L2A;S2A_30SUG_20200705_1_L2A,1.0,0.115,0.885,0.0854,0.0,fijo,,,8667.8,3.4,0.0004,0.0,0.7,38.7,0.004,0.0728,0.1425,0.0,ok,2026-09-03T08:06:20+00:00
fuente-piedra,2020-07-07,2,S2B_30SUG_20200707_0_L2A;S2B_30SUG_20200707_1_L2A,1.0,0.1205,0.8795,0.1119,0.0,fijo,,,8667.8,1.4,0.0002,0.1,0.0,22.0,0.0496,0.0381,0.0577,0.0,ok,2026-09-03T08:06:20+00:00
fuente-piedra,2020-07-10,2,S2B_30SUG_20200710_0_L2A;S2B_30SUG_20200710_1_L2A,1.0,0.1156,0.8844,0.0875,0.0,fijo,,,8667.8,1.8,0.0002,1.2,1.4,37.6,0.0355,0.0526,0.0862,0.0,ok,2026-09-03T08:06:20+00:00
fuente-piedra,2020-07-12,2,S2A_30SUG_20200712_1_L2A;S2A_30SUG_20200712_2_L2A,1.0,0.122,0.878,0.112,0.0,fijo,,,8667.8,0.2,0.0,0.0,0.0,19.2,0.0403,0.0451,0.0589,0.0,ok,2026-09-03T08:06:20+00:00
fuente-piedra,2020-07-15,2,S2A_30SUG_20200715_0_L2A;S2A_30SUG_20200715_1_L2A,1.0,0.1135,0.8865,0.0859,0.0,fijo,,,8667.8,1.4,0.0002,0.0,0.6,29.8,-0.0398,0.1248,0.1544,0.0,ok,2026-09-03T08:06:20+00:00
fuente-piedra,2020-07-17,2,S2B_30SUG_20200717_0_L2A;S2B_30SUG_20200717_1_L2A,1.0,0.1313,0.8687,0.1081,0.0,fijo,,,8667.8,6.7,0.0009,0.8,3.7,74.0,0.032,0.0343,0.0451,0.012,incoherente,2026-09-03T08:06:20+00:00
fuente-piedra,2020-07-20,2,S2B_30SUG_20200720_0_L2A;S2B_30SUG_20200720_1_L2A,1.0,0.1129,0.8871,0.0896,0.0,fijo,,,8667.8,0.9,0.0001,0.1,0.0,31.5,-0.0517,0.1542,0.1819,0.0455,ok,2026-09-03T08:06:20+00:00
fuente-piedra,2020-07-22,2,S2A_30SUG_20200722_0_L2A;S2A_30SUG_20200722_1_L2A,1.0,0.1519,0.8481,0.1062,0.0,fijo,,,8667.8,7.8,0.0011,1.7,5.0,61.7,0.0437,0.0278,0.0461,0.0,incoherente,2026-09-03T08:06:37+00:00
fuente-piedra,2020-07-25,2,S2A_30SUG_20200725_0_L2A;S2A_30SUG_20200725_1_L2A,1.0,0.0615,0.9385,0.0905,-0.2539,otsu,1.296,0.1626,8667.8,435.0,0.0535,5.0,0.2,886.4,0.093,0.036,0.0441,0.0,espectro_anomalo,2026-09-03T08:06:37+00:00
fuente-piedra,2020-07-27,2,S2B_30SUG_20200727_0_L2A;S2B_30SUG_20200727_1_L2A,1.0,0.1263,0.8737,0.1086,0.0,fijo,,,8667.8,2.5,0.0003,1.3,1.2,43.2,0.0262,0.0326,0.0492,0.0,ok,2026-09-03T08:06:37+00:00
fuente-piedra,2020-07-30,2,S2B_30SUG_20200730_0_L2A;S2B_30SUG_20200730_1_L2A,1.0,0.1063,0.8937,0.0911,0.0,fijo,,,8667.8,0.2,0.0,0.9,0.1,29.5,-0.0285,0.1365,0.2385,0.1667,ok,2026-09-03T08:06:37+00:00
fuente-piedra,2020-08-01,2,S2A_30SUG_20200801_0_L2A;S2A_30SUG_20200801_1_L2A,1.0,0.1138,0.8862,0.1166,0.0,fijo,,,8667.8,0.0,0.0,0.0,0.0,10.0,,,,,ok,2026-09-03T08:06:37+00:00
fuente-piedra,2020-08-04,2,S2A_30SUG_20200804_0_L2A;S2A_30SUG_20200804_1_L2A,1.0,0.1125,0.8875,0.0926,0.0,fijo,,,8667.8,4.8,0.0006,2.5,4.4,38.9,-0.0013,0.037,0.0511,0.0248,ok,2026-09-03T08:06:37+00:00
fuente-piedra,2020-08-06,2,S2B_30SUG_20200806_0_L2A;S2B_30SUG_20200806_1_L2A,1.0,0.124,0.876,0.108,0.0,fijo,,,8667.8,0.7,0.0001,1.0,0.3,42.4,-0.0056,0.0654,0.1276,0.1111,ok,2026-09-03T08:06:37+00:00
fuente-piedra,2020-08-09,2,S2B_30SUG_20200809_0_L2A;S2B_30SUG_20200809_1_L2A,1.0,0.1031,0.8969,0.1007,0.0,fijo,,,8667.8,0.0,0.0,0.0,0.0,29.7,,,,,ok,2026-09-03T08:06:37+00:00
fuente-piedra,2020-08-11,2,S2A_30SUG_20200811_0_L2A;S2A_30SUG_20200811_1_L2A,1.0,0.5009,0.4991,0.0842,-0.1367,otsu,1.258,0.0688,8667.8,405.8,0.0938,76.6,9.1,491.6,0.063,0.035,0.0557,0.0,nublado,2026-09-03T08:06:37+00:00
fuente-piedra,2020-08-14,2,S2A_30SUG_20200814_0_L2A;S2A_30SUG_20200814_1_L2A,1.0,0.0993,0.9007,0.0768,0.0,fijo,1.28,0.129,8667.8,9.2,0.0012,2.4,0.6,39.6,0.0226,0.0396,0.0565,0.013,espectro_anomalo,2026-09-03T08:06:37+00:00
fuente-piedra,2020-08-16,2,S2B_30SUG_20200816_0_L2A;S2B_30SUG_20200816_1_L2A,1.0,0.1172,0.8828,0.0891,0.0,fijo,1.194,0.1498,8667.8,15.5,0.002,2.3,8.3,87.5,0.0156,0.0235,0.0384,0.0129,espectro_anomalo,2026-09-03T08:06:37+00:00
fuente-piedra,2020-08-19,2,S2B_30SUG_20200819_0_L2A;S2B_30SUG_20200819_1_L2A,1.0,0.0983,0.9017,0.0794,0.0,fijo,1.275,0.1467,8667.8,3.4,0.0004,1.8,0.1,56.1,0.0162,0.0329,0.0532,0.0,espectro_anomalo,2026-09-03T08:06:37+00:00
fuente-piedra,2020-08-21,2,S2A_30SUG_20200821_0_L2A;S2A_30SUG_20200821_1_L2A,1.0,0.1211,0.8789,0.0852,0.0,fijo,1.22,0.1536,8667.8,12.3,0.0016,1.6,5.9,60.9,0.0187,0.0221,0.0413,0.0,espectro_anomalo,2026-09-03T08:06:56+00:00
fuente-piedra,2020-08-24,2,S2A_30SUG_20200824_0_L2A;S2A_30SUG_20200824_1_L2A,1.0,0.0994,0.9006,0.0793,0.0,fijo,1.242,0.1444,8667.8,7.1,0.0009,1.5,0.8,53.6,0.0303,0.0336,0.0565,0.0112,espectro_anomalo,2026-09-03T08:06:56+00:00
fuente-piedra,2020-08-26,2,S2B_30SUG_20200826_0_L2A;S2B_30SUG_20200826_1_L2A,1.0,0.5375,0.4625,0.0868,0.0,fijo,,,8667.8,0.0,0.0,0.0,0.0,0.0,,,,,nublado,2026-09-03T08:06:56+00:00
fuente-piedra,2020-08-29,2,S2B_30SUG_20200829_0_L2A;S2B_30SUG_20200829_1_L2A,1.0,0.0986,0.9014,0.0723,0.0,fijo,1.284,0.1589,8667.8,6.4,0.0008,0.9,0.0,80.0,0.0338,0.0225,0.0482,0.0,espectro_anomalo,2026-09-03T08:06:56+00:00
fuente-piedra,2020-08-31,2,S2A_30SUG_20200831_0_L2A;S2A_30SUG_20200831_1_L2A,1.0,0.1095,0.8905,0.0903,0.0,fijo,1.217,0.1687,8667.8,8.2,0.0011,1.1,2.3,77.6,0.025,0.0274,0.052,0.0049,espectro_anomalo,2026-09-03T08:06:56+00:00
fuente-piedra,2020-09-03,2,S2A_30SUG_20200903_0_L2A;S2A_30SUG_20200903_1_L2A,1.0,0.0975,0.9025,0.0772,0.0,fijo,1.267,0.1557,8667.8,7.0,0.0009,1.4,0.4,55.1,0.0449,0.0387,0.0609,0.0114,espectro_anomalo,2026-09-03T08:06:56+00:00
fuente-piedra,2020-09-05,2,S2B_30SUG_20200905_0_L2A;S2B_30SUG_20200905_1_L2A,1.0,0.1122,0.8878,0.0885,0.0,fijo,1.203,0.1765,8667.8,6.8,0.0009,1.6,3.1,72.6,0.012,0.04,0.1003,0.0117,espectro_anomalo,2026-09-03T08:06:56+00:00
fuente-piedra,2020-09-08,2,S2B_30SUG_20200908_0_L2A;S2B_30SUG_20200908_1_L2A,1.0,0.0976,0.9024,0.0854,0.0,fijo,1.211,0.1815,8667.8,5.7,0.0007,1.8,1.5,70.2,0.0246,0.0443,0.0749,0.0282,espectro_anomalo,2026-09-03T08:06:56+00:00
fuente-piedra,2020-09-10,2,S2A_30SUG_20200910_0_L2A;S2A_30SUG_20200910_1_L2A,1.0,0.1138,0.8862,0.0834,0.0,fijo,1.248,0.1761,8667.8,7.6,0.001,2.9,2.5,63.3,0.0161,0.053,0.1454,0.0316,espectro_anomalo,2026-09-03T08:06:56+00:00
fuente-piedra,2020-09-15,2,S2B_30SUG_20200915_0_L2A;S2B_30SUG_20200915_1_L2A,1.0,0.1371,0.8629,0.0979,0.0,fijo,,,8667.8,6.8,0.0009,1.2,3.5,25.5,0.0162,0.0379,0.049,0.0292,ok,2026-09-03T08:06:56+00:00
fuente-piedra,2020-09-18,2,S2B_30SUG_20200918_0_L2A;S2B_30SUG_20200918_1_L2A,1.0,0.3083,0.6917,0.0851,0.0,fijo,1.203,0.0951,8667.8,15.0,0.0025,5.0,3.2,184.5,0.0263,0.0126,0.0395,0.0,nublado,2026-09-03T08:06:56+00:00
fuente-piedra,2020-09-20,2,S2A_30SUG_20200920_0_L2A;S2A_30SUG_20200920_1_L2A,1.0,0.2378,0.7622,0.0942,-0.3086,otsu,1.277,0.1922,8667.8,554.8,0.084,70.6,0.1,667.6,0.0929,0.045,0.0586,0.0,nublado,2026-09-03T08:07:34+00:00
fuente-piedra,2020-09-23,2,S2A_30SUG_20200923_0_L2A;S2A_30SUG_20200923_1_L2A,1.0,0.0417,0.9583,0.0771,-0.3164,otsu,1.267,0.18,8667.8,583.0,0.0702,10.2,0.4,783.3,0.0897,0.0469,0.0568,0.0008,espectro_anomalo,2026-09-03T08:06:56+00:00
fuente-piedra,2020-09-25,2,S2B_30SUG_20200925_0_L2A;S2B_30SUG_20200925_1_L2A,1.0,0.0974,0.9026,0.085,0.0,fijo,1.291,0.1937,8667.8,4.0,0.0005,3.6,0.7,85.0,0.0379,0.0501,0.0807,0.0404,espectro_anomalo,2026-09-03T08:07:34+00:00
fuente-piedra,2020-09-28,2,S2B_30SUG_20200928_0_L2A;S2B_30SUG_20200928_1_L2A,1.0,0.0864,0.9136,0.072,0.0,fijo,1.309,0.1834,8667.8,0.0,0.0,2.6,0.3,72.4,,,,,espectro_anomalo,2026-09-03T08:07:34+00:00
fuente-piedra,2020-10-03,2,S2A_30SUG_20201003_0_L2A;S2A_30SUG_20201003_1_L2A,1.0,0.1868,0.8132,0.0675,0.0,fijo,1.228,0.0969,8667.8,56.5,0.008,2.9,2.1,362.4,0.0442,0.0301,0.0738,0.0,espectro_anomalo,2026-09-03T08:07:34+00:00
fuente-piedra,2020-10-08,2,S2B_30SUG_20201008_0_L2A;S2B_30SUG_20201008_1_L2A,1.0,0.1339,0.8661,0.0683,0.0,fijo,1.197,0.1289,8667.8,27.1,0.0036,1.9,13.9,144.8,0.0154,0.0197,0.0341,0.0,espectro_anomalo,2026-09-03T08:07:34+00:00
fuente-piedra,2020-10-10,2,S2A_30SUG_20201010_0_L2A;S2A_30SUG_20201010_1_L2A,1.0,0.1055,0.8945,0.0722,0.0,fijo,1.237,0.1232,8667.8,24.5,0.0032,1.5,16.4,96.0,0.0182,0.0244,0.0402,0.0,espectro_anomalo,2026-09-03T08:07:34+00:00
fuente-piedra,2020-10-13,2,S2A_30SUG_20201013_0_L2A;S2A_30SUG_20201013_1_L2A,1.0,0.0924,0.9076,0.0642,0.0,fijo,,,8667.8,5.8,0.0007,0.2,0.4,13.4,0.0201,0.0368,0.044,0.0276,ok,2026-09-03T08:07:34+00:00
fuente-piedra,2020-10-15,2,S2B_30SUG_20201015_0_L2A;S2B_30SUG_20201015_1_L2A,1.0,0.088,0.912,0.0763,0.0,fijo,1.283,0.1313,8667.8,28.1,0.0036,1.8,1.2,117.4,0.0177,0.022,0.0378,0.0057,espectro_anomalo,2026-09-03T08:07:34+00:00
fuente-piedra,2020-10-18,2,S2B_30SUG_20201018_0_L2A;S2B_30SUG_20201018_1_L2A,1.0,0.1295,0.8705,0.0703,0.0,fijo,1.368,0.1166,8667.8,4.8,0.0006,1.1,0.2,115.7,0.0301,0.0302,0.041,0.0336,espectro_anomalo,2026-09-03T08:07:34+00:00
fuente-piedra,2020-10-23,2,S2A_30SUG_20201023_0_L2A;S2A_30SUG_20201023_1_L2A,1.0,0.3038,0.6962,0.0697,0.1914,otsu,0.979,0.0947,8667.8,445.9,0.0739,52.4,294.8,596.9,0.0022,0.0442,0.1157,0.0006,nublado,2026-09-03T08:07:34+00:00
fuente-piedra,2020-10-25,2,S2B_30SUG_20201025_0_L2A;S2B_30SUG_20201025_1_L2A,1.0,0.138,0.862,0.0876,0.1523,otsu,0.917,0.127,8667.8,286.1,0.0383,2.1,241.8,374.7,-0.0029,0.0211,0.0386,0.0,ok,2026-09-03T08:07:34+00:00
fuente-piedra,2020-10-28,2,S2B_30SUG_20201028_0_L2A;S2B_30SUG_20201028_1_L2A,1.0,0.0436,0.9564,0.0513,0.168,otsu,0.971,0.1009,8667.8,308.8,0.0373,2.5,256.2,417.4,0.0117,0.0283,0.0482,0.0003,ok,2026-09-03T08:07:34+00:00
fuente-piedra,2020-10-30,2,S2A_30SUG_20201030_0_L2A;S2A_30SUG_20201030_1_L2A,1.0,0.0506,0.9494,0.0697,0.1602,otsu,1.03,0.1067,8667.8,319.8,0.0389,0.9,193.1,395.4,0.0351,0.0493,0.091,0.0013,ok,2026-09-03T08:07:34+00:00
fuente-piedra,2020-11-02,2,S2A_30SUG_20201102_0_L2A;S2A_30SUG_20201102_1_L2A,1.0,0.0696,0.9304,0.0619,0.168,otsu,0.999,0.1076,8667.8,197.0,0.0244,1.3,144.2,274.8,0.0093,0.0491,0.0763,0.0018,ok,2026-09-03T08:07:34+00:00
fuente-piedra,2020-11-07,2,S2B_30SUG_20201107_1_L2A;S2B_30SUG_20201107_3_L2A,1.0,0.5141,0.4859,0.0684,0.2148,otsu,0.717,0.1043,8667.8,363.6,0.0863,8.4,293.3,430.8,-0.011,0.0604,0.1198,0.0007,nublado,2026-09-03T08:07:34+00:00
fuente-piedra,2020-11-12,2,S2A_30SUG_20201112_0_L2A;S2A_30SUG_20201112_1_L2A,1.0,0.1258,0.8742,0.0735,0.1914,otsu,1.344,0.0611,8667.8,513.6,0.0678,89.5,306.7,795.6,-0.0214,0.098,0.1619,0.0501,espectro_anomalo,2026-09-03T08:07:34+00:00
fuente-piedra,2020-11-17,2,S2B_30SUG_20201117_0_L2A;S2B_30SUG_20201117_1_L2A,1.0,0.0181,0.9819,0.0537,0.1992,otsu,0.767,0.0888,8667.8,592.4,0.0696,12.1,484.6,664.8,-0.0021,0.0583,0.1042,0.0009,ok,2026-09-03T08:07:34+00:00
fuente-piedra,2020-11-19,2,S2A_30SUG_20201119_0_L2A;S2A_30SUG_20201119_1_L2A,1.0,0.0208,0.9792,0.0606,0.1992,otsu,0.838,0.0864,8667.8,599.1,0.0706,40.2,473.2,698.4,-0.0178,0.0779,0.1301,0.0138,ok,2026-09-03T08:07:34+00:00
fuente-piedra,2020-11-22,2,S2A_30SUG_20201122_0_L2A;S2A_30SUG_20201122_1_L2A,1.0,0.0292,0.9708,0.0556,0.1914,otsu,1.01,0.0764,8667.8,582.7,0.0693,34.6,375.8,669.4,0.0022,0.0869,0.1377,0.0023,ok,2026-09-03T08:07:34+00:00
fuente-piedra,2020-11-24,2,S2B_30SUG_20201124_0_L2A;S2B_30SUG_20201124_1_L2A,1.0,0.0897,0.9103,0.0731,0.168,otsu,0.767,0.0971,8667.8,470.8,0.0597,0.2,386.0,491.7,-0.0209,0.0671,0.0972,0.0008,ok,2026-09-03T08:07:34+00:00
fuente-piedra,2020-11-29,2,S2A_30SUG_20201129_0_L2A;S2A_30SUG_20201129_1_L2A,1.0,0.3229,0.6771,0.0553,0.082,otsu,0.917,0.0661,8667.8,245.3,0.0418,18.0,208.4,347.5,-0.0577,0.1157,0.1716,0.0685,nublado,2026-09-03T08:07:34+00:00
fuente-piedra,2020-12-02,2,S2A_30SUG_20201202_0_L2A;S2A_30SUG_20201202_1_L2A,1.0,0.0152,0.9848,0.0386,0.207,otsu,0.725,0.0749,8667.8,731.6,0.0857,55.7,600.1,855.2,-0.0292,0.1106,0.1773,0.0632,ok,2026-09-03T08:07:34+00:00
fuente-piedra,2020-12-04,1,S2B_30SUG_20201204_0_L2A,1.0,0.9543,0.0457,0.0056,-0.332,otsu,1.059,0.1759,8667.8,75.4,0.1903,50.3,11.5,19.8,0.0152,0.0298,0.0579,0.0,nublado,2026-09-03T08:07:34+00:00
fuente-piedra,2020-12-09,2,S2A_30SUG_20201209_0_L2A;S2A_30SUG_20201209_1_L2A,1.0,0.0556,0.9444,0.0433,0.1992,otsu,0.594,0.0806,8667.8,494.6,0.0604,24.4,417.8,552.3,-0.0454,0.0863,0.1241,0.0027,ok,2026-09-03T08:07:34+00:00
fuente-piedra,2020-12-22,2,S2A_30SUG_20201222_0_L2A;S2A_30SUG_20201222_1_L2A,1.0,0.0,1.0,0.03,0.207,otsu,0.675,0.0493,8667.8,768.7,0.0887,89.3,645.4,939.3,-0.1287,0.2377,0.3318,0.6634,ok,2026-09-03T08:07:49+00:00
fuente-piedra,2020-12-24,2,S2B_30SUG_20201224_0_L2A;S2B_30SUG_20201224_1_L2A,1.0,0.4802,0.5198,0.0817,-0.0039,otsu,0.908,0.1127,8667.8,245.6,0.0545,14.8,207.2,294.6,-0.0911,0.1137,0.1692,0.0226,nublado,2026-09-03T08:07:49+00:00
fuente-piedra,2020-12-27,2,S2B_30SUG_20201227_0_L2A;S2B_30SUG_20201227_1_L2A,1.0,0.0067,0.9933,0.0397,0.207,otsu,0.6,0.0612,8667.8,782.0,0.0908,31.0,648.5,837.3,-0.1021,0.1625,0.2214,0.2018,ok,2026-09-03T08:07:49+00:00
fuente-piedra,2020-12-29,2,S2A_30SUG_20201229_0_L2A;S2A_30SUG_20201229_1_L2A,1.0,0.4113,0.5887,0.0505,0.1445,otsu,0.865,0.0639,8667.8,428.4,0.084,44.2,343.9,579.2,-0.0938,0.177,0.2288,0.2938,nublado,2026-09-03T08:07:49+00:00
fuente-piedra,2021-01-01,2,S2A_30SUG_20210101_0_L2A;S2A_30SUG_20210101_1_L2A,1.0,0.449,0.551,0.046,0.1914,otsu,0.529,0.0674,8667.8,493.0,0.1032,12.2,435.6,541.0,-0.1331,0.1597,0.2162,0.1856,nublado,2026-09-03T08:07:49+00:00
fuente-piedra,2021-01-03,2,S2B_30SUG_20210103_0_L2A;S2B_30SUG_20210103_1_L2A,1.0,0.0102,0.9898,0.0443,0.2148,otsu,0.619,0.0655,8667.8,780.8,0.091,30.0,649.8,850.1,-0.0858,0.1403,0.1995,0.0974,ok,2026-09-03T08:07:49+00:00
fuente-piedra,2021-01-11,2,S2A_30SUG_20210111_0_L2A;S2A_30SUG_20210111_1_L2A,1.0,0.0946,0.9054,0.0466,0.207,otsu,0.55,0.0658,8667.8,880.0,0.1121,67.9,781.8,980.9,-0.1271,0.1821,0.2511,0.3321,ok,2026-09-03T08:07:49+00:00
fuente-piedra,2021-01-13,2,S2B_30SUG_20210113_0_L2A;S2B_30SUG_20210113_1_L2A,1.0,0.0083,0.9917,0.0425,0.2305,otsu,0.453,0.0572,8667.8,895.0,0.1041,56.6,784.3,952.8,-0.1344,0.1735,0.2421,0.2862,ok,2026-09-03T08:07:49+00:00
fuente-piedra,2021-01-16,2,S2B_30SUG_20210116_0_L2A;S2B_30SUG_20210116_1_L2A,1.0,0.0047,0.9953,0.0396,0.207,otsu,0.463,0.0546,8667.8,891.9,0.1034,55.0,774.1,955.1,-0.1207,0.1719,0.2486,0.3164,ok,2026-09-03T08:07:49+00:00
fuente-piedra,2021-01-18,2,S2A_30SUG_20210118_0_L2A;S2A_30SUG_20210118_1_L2A,1.0,0.0063,0.9937,0.0438,0.207,otsu,0.471,0.053,8667.8,878.3,0.102,59.6,770.0,950.9,-0.1151,0.1644,0.2335,0.238,ok,2026-09-03T08:07:49+00:00
fuente-piedra,2021-01-28,3,S2A_30SUG_20210128_0_L2A;S2A_30SUG_20210128_1_L2A;S2A_30SUG_20210128_2_L2A,1.0,0.0194,0.9806,0.0429,0.1367,otsu,0.596,0.0486,8667.8,836.1,0.0984,47.1,732.1,917.1,-0.1467,0.2275,0.3231,0.6151,ok,2026-09-03T08:08:09+00:00
fuente-piedra,2021-02-12,2,S2B_30SUG_20210212_0_L2A;S2B_30SUG_20210212_1_L2A,1.0,0.1927,0.8073,0.0502,0.2148,otsu,0.468,0.0557,8667.8,854.2,0.1221,42.1,805.0,934.6,-0.1638,0.2156,0.3129,0.5565,ok,2026-09-03T08:07:49+00:00
fuente-piedra,2021-02-15,2,S2B_30SUG_20210215_0_L2A;S2B_30SUG_20210215_1_L2A,1.0,0.0117,0.9883,0.0474,0.1289,otsu,0.932,0.0873,8667.8,919.2,0.1073,7.2,614.1,945.6,-0.0217,0.0875,0.1269,0.0168,ok,2026-09-03T08:07:49+00:00
fuente-piedra,2021-02-17,2,S2A_30SUG_20210217_0_L2A;S2A_30SUG_20210217_1_L2A,1.0,0.9997,0.0003,0.098,0.0,fijo,,,8667.8,1.1,0.4909,0.6,0.3,1.1,0.0231,0.0999,0.1291,0.0,nublado,2026-09-03T08:08:09+00:00
fuente-piedra,2021-02-20,3,S2A_30SUG_20210220_0_L2A;S2A_30SUG_20210220_1_L2A;S2A_30SUG_20210220_2_L2A,1.0,1.0,0.0,,0.0,fijo,,,8667.8,0.0,0.0,0.0,0.0,0.0,,,,,nublado,2026-09-03T08:08:09+00:00
fuente-piedra,2021-02-22,2,S2B_30SUG_20210222_0_L2A;S2B_30SUG_20210222_1_L2A,1.0,0.0868,0.9132,0.0441,0.1914,otsu,0.497,0.0529,8667.8,826.7,0.1044,34.8,746.1,886.7,-0.1347,0.2048,0.3058,0.4842,ok,2026-09-03T08:08:09+00:00
fuente-piedra,2021-03-02,2,S2A_30SUG_20210302_0_L2A;S2A_30SUG_20210302_1_L2A,1.0,0.7941,0.2059,0.1165,0.0,fijo,,,8667.8,19.8,0.0111,2.1,18.4,19.6,-0.0838,0.1274,0.1913,0.0867,nublado,2026-09-03T08:08:09+00:00
fuente-piedra,2021-03-09,2,S2A_30SUG_20210309_0_L2A;S2A_30SUG_20210309_1_L2A,1.0,0.5873,0.4127,0.066,0.1914,otsu,0.73,0.0407,8667.8,670.0,0.1873,28.3,580.0,778.0,-0.1375,0.1717,0.2786,0.2865,nublado,2026-09-03T08:08:09+00:00
fuente-piedra,2021-03-12,2,S2A_30SUG_20210312_0_L2A;S2A_30SUG_20210312_1_L2A,1.0,0.0067,0.9933,0.0417,0.1836,otsu,0.529,0.0446,8667.8,876.3,0.1018,58.9,743.0,973.1,-0.1287,0.2022,0.3735,0.3993,ok,2026-09-03T08:08:09+00:00
fuente-piedra,2021-03-14,2,S2B_30SUG_20210314_0_L2A;S2B_30SUG_20210314_1_L2A,1.0,0.0072,0.9928,0.0569,0.1992,otsu,0.553,0.0568,8667.8,880.3,0.1023,35.5,770.1,942.0,-0.118,0.1568,0.2811,0.2803,ok,2026-09-03T08:08:09+00:00
fuente-piedra,2021-03-17,2,S2B_30SUG_20210317_0_L2A;S2B_30SUG_20210317_1_L2A,1.0,0.0059,0.9941,0.0491,0.1602,otsu,0.595,0.0585,8667.8,905.4,0.1051,44.1,741.4,962.2,-0.0697,0.1175,0.1853,0.0605,ok,2026-09-03T08:08:09+00:00
fuente-piedra,2021-03-19,2,S2A_30SUG_20210319_0_L2A;S2A_30SUG_20210319_1_L2A,1.0,0.6955,0.3045,0.0613,0.0,fijo,,,8667.8,0.0,0.0,0.0,0.0,0.0,,,,,nublado,2026-09-03T08:08:09+00:00
fuente-piedra,2021-03-22,2,S2A_30SUG_20210322_0_L2A;S2A_30SUG_20210322_1_L2A,1.0,0.0007,0.9993,0.047,0.1914,otsu,0.554,0.0575,8667.8,847.3,0.0978,10.1,704.4,902.0,-0.0612,0.0954,0.139,0.0043,ok,2026-09-03T08:08:09+00:00
fuente-piedra,2021-03-24,2,S2B_30SUG_20210324_0_L2A;S2B_30SUG_20210324_1_L2A,1.0,0.0077,0.9923,0.0604,0.207,otsu,0.526,0.0599,8667.8,818.8,0.0952,7.8,718.4,849.0,-0.076,0.086,0.1283,0.0026,ok,2026-09-03T08:08:09+00:00
fuente-piedra,2021-03-27,2,S2B_30SUG_20210327_0_L2A;S2B_30SUG_20210327_1_L2A,1.0,0.6999,0.3001,0.0537,-0.1055,otsu,1.568,0.0703,8667.8,100.2,0.0385,8.7,0.0,175.0,0.0439,0.0565,0.0666,0.0,nublado,2026-09-03T08:08:31+00:00
fuente-piedra,2021-03-29,2,S2A_30SUG_20210329_0_L2A;S2A_30SUG_20210329_1_L2A,1.0,0.1363,0.8637,0.1208,-0.3008,otsu,,,8667.8,8.3,0.0011,4006.4,0.0,15.0,0.0611,0.0557,0.0603,0.0,neblina,2026-09-03T08:08:31+00:00
fuente-piedra,2021-04-01,2,S2A_30SUG_20210401_0_L2A;S2A_30SUG_20210401_1_L2A,1.0,0.0219,0.9781,0.057,0.0117,otsu,0.931,0.083,8667.8,868.3,0.1024,5.4,530.6,955.0,0.0147,0.0636,0.084,0.0003,ok,2026-09-03T08:08:31+00:00
fuente-piedra,2021-04-03,2,S2B_30SUG_20210403_0_L2A;S2B_30SUG_20210403_1_L2A,1.0,0.6761,0.3239,0.0918,0.043,otsu,0.799,0.0814,8667.8,74.5,0.0265,1.8,70.5,154.8,-0.0571,0.005,0.0278,0.0,nublado,2026-09-03T08:08:31+00:00
fuente-piedra,2021-04-11,1,S2A_30SUG_20210411_0_L2A,1.0,0.7306,0.2694,0.0661,0.0,fijo,,,8667.8,6.6,0.0028,13.6,6.0,11.6,-0.024,0.028,0.0725,0.0,nublado,2026-09-03T08:08:31+00:00
fuente-piedra,2021-04-13,2,S2B_30SUG_20210413_0_L2A;S2B_30SUG_20210413_1_L2A,1.0,0.0074,0.9926,0.0845,0.0352,otsu,1.078,0.1045,8667.8,843.8,0.0981,3.5,324.3,979.9,0.0065,0.043,0.0631,0.0,ok,2026-09-03T08:08:31+00:00
fuente-piedra,2021-04-16,2,S2B_30SUG_20210416_0_L2A;S2B_30SUG_20210416_1_L2A,1.0,0.6331,0.3669,0.0905,0.0977,otsu,0.862,0.0939,8667.8,360.4,0.1133,4.5,305.0,451.6,-0.0411,0.0162,0.0425,0.0,nublado,2026-09-03T08:08:31+00:00
fuente-piedra,2021-04-18,3,S2A_30SUG_20210418_0_L2A;S2A_30SUG_20210418_1_L2A;S2A_30SUG_20210418_2_L2A,1.0,0.1248,0.8752,0.0639,0.1367,otsu,1.035,0.0831,8667.8,241.6,0.0319,7.6,160.9,353.8,-0.03,0.0413,0.0711,0.0003,ok,2026-09-03T08:08:31+00:00
fuente-piedra,2021-04-23,2,S2B_30SUG_20210423_0_L2A;S2B_30SUG_20210423_1_L2A,1.0,0.1433,0.8567,0.0876,0.0664,otsu,1.065,0.0764,8667.8,82.1,0.0111,0.6,28.7,83.0,0.0212,0.0933,0.1326,0.0,ok,2026-09-03T08:08:31+00:00
fuente-piedra,2021-05-01,2,S2A_30SUG_20210501_0_L2A;S2A_30SUG_20210501_1_L2A,1.0,0.0288,0.9712,0.0561,0.1758,otsu,0.935,0.0929,8667.8,468.4,0.0556,5.8,349.2,585.1,-0.0135,0.0585,0.085,0.0001,ok,2026-09-03T08:08:31+00:00
fuente-piedra,2021-05-06,2,S2B_30SUG_20210506_0_L2A;S2B_30SUG_20210506_1_L2A,1.0,0.0634,0.9366,0.0667,0.1523,otsu,0.901,0.1093,8667.8,363.5,0.0448,1.7,260.0,409.0,0.0184,0.0406,0.0526,0.0,ok,2026-09-03T08:08:31+00:00
fuente-piedra,2021-05-11,2,S2A_30SUG_20210511_0_L2A;S2A_30SUG_20210511_1_L2A,1.0,0.1493,0.8507,0.0641,0.0,fijo,1.262,0.1502,8667.8,94.4,0.0128,3.6,24.2,798.0,0.0438,0.038,0.0674,0.0,espectro_anomalo,2026-09-03T08:08:49+00:00
fuente-piedra,2021-05-13,2,S2B_30SUG_20210513_0_L2A;S2B_30SUG_20210513_1_L2A,1.0,0.1072,0.8928,0.0829,0.0,fijo,1.166,0.1374,8667.8,45.0,0.0058,0.9,3.9,150.5,0.0176,0.0373,0.0632,0.0044,espectro_anomalo,2026-09-03T08:08:31+00:00
fuente-piedra,2021-05-16,2,S2B_30SUG_20210516_0_L2A;S2B_30SUG_20210516_1_L2A,1.0,0.1034,0.8966,0.0717,0.0,fijo,1.185,0.1375,8667.8,32.5,0.0042,1.2,1.9,170.8,0.0161,0.0331,0.0635,0.0049,espectro_anomalo,2026-09-03T08:08:49+00:00
fuente-piedra,2021-05-18,2,S2A_30SUG_20210518_0_L2A;S2A_30SUG_20210518_1_L2A,1.0,0.1152,0.8848,0.0844,0.0,fijo,1.039,0.1498,8667.8,78.0,0.0102,1.8,24.6,140.2,0.0052,0.0245,0.0455,0.0005,ok,2026-09-03T08:08:49+00:00
fuente-piedra,2021-05-21,2,S2A_30SUG_20210521_0_L2A;S2A_30SUG_20210521_1_L2A,1.0,0.8817,0.1183,0.0703,0.0,fijo,,,8667.8,0.1,0.0001,0.0,0.1,7.1,,,,,nublado,2026-09-03T08:08:49+00:00
fuente-piedra,2021-05-26,2,S2B_30SUG_20210526_0_L2A;S2B_30SUG_20210526_1_L2A,1.0,0.4716,0.5284,0.0923,-0.2305,otsu,1.128,0.1851,8667.8,186.4,0.0407,0.0,0.0,397.1,0.0408,0.0297,0.0399,0.0,nublado,2026-09-03T08:08:49+00:00
fuente-piedra,2021-05-28,2,S2A_30SUG_20210528_0_L2A;S2A_30SUG_20210528_1_L2A,1.0,0.0857,0.9143,0.0778,-0.1445,otsu,1.095,0.1595,8667.8,316.0,0.0399,4.6,106.4,893.4,0.0213,0.0352,0.053,0.0009,ok,2026-09-03T08:08:49+00:00
fuente-piedra,2021-06-02,2,S2B_30SUG_20210602_0_L2A;S2B_30SUG_20210602_1_L2A,1.0,0.3835,0.6165,0.0963,0.0,fijo,,,8667.8,6.4,0.0012,1.7,1.7,22.2,-0.0045,0.0183,0.0436,0.0,nublado,2026-09-03T08:08:49+00:00
fuente-piedra,2021-06-07,2,S2A_30SUG_20210607_0_L2A;S2A_30SUG_20210607_1_L2A,1.0,0.0652,0.9348,0.0909,-0.2227,otsu,1.178,0.1721,8667.8,419.2,0.0517,6.0,1.5,683.8,0.0527,0.0365,0.0495,0.0,espectro_anomalo,2026-09-03T08:08:49+00:00
fuente-piedra,2021-06-10,2,S2A_30SUG_20210610_0_L2A;S2A_30SUG_20210610_1_L2A,1.0,0.0556,0.9444,0.0784,-0.2539,otsu,1.21,0.182,8667.8,491.5,0.06,5.2,0.0,852.4,0.0652,0.0378,0.0488,0.0,espectro_anomalo,2026-09-03T08:08:49+00:00
fuente-piedra,2021-06-12,2,S2B_30SUG_20210612_0_L2A;S2B_30SUG_20210612_1_L2A,1.0,0.0773,0.9227,0.1002,-0.1914,otsu,1.16,0.1847,8667.8,326.2,0.0408,3.7,1.6,738.9,0.0462,0.035,0.0461,0.0,espectro_anomalo,2026-09-03T08:08:49+00:00
fuente-piedra,2021-06-20,2,S2A_30SUG_20210620_0_L2A;S2A_30SUG_20210620_1_L2A,1.0,0.1129,0.8871,0.0749,0.0,fijo,,,8667.8,7.4,0.001,1.8,2.9,72.8,0.01,0.0532,0.1371,0.0432,incoherente,2026-09-03T08:08:49+00:00
fuente-piedra,2021-06-22,2,S2B_30SUG_20210622_0_L2A;S2B_30SUG_20210622_1_L2A,1.0,0.5818,0.4182,0.1211,0.0,fijo,1.164,0.113,8667.8,26.2,0.0072,4.3,10.0,238.6,0.0188,0.0232,0.0399,0.0,nublado,2026-09-03T08:08:49+00:00
fuente-piedra,2021-06-25,2,S2B_30SUG_20210625_0_L2A;S2B_30SUG_20210625_1_L2A,1.0,0.1044,0.8956,0.079,0.0,fijo,,,8667.8,5.0,0.0006,0.6,0.6,42.7,0.0339,0.0504,0.1026,0.0,ok,2026-09-03T08:09:09+00:00
fuente-piedra,2021-06-27,2,S2A_30SUG_20210627_0_L2A;S2A_30SUG_20210627_1_L2A,1.0,0.1271,0.8729,0.097,0.0,fijo,1.162,0.1984,8667.8,18.0,0.0024,2.2,1.4,89.6,0.0573,0.0282,0.0377,0.0,espectro_anomalo,2026-09-03T08:09:09+00:00
fuente-piedra,2021-06-30,2,S2A_30SUG_20210630_0_L2A;S2A_30SUG_20210630_1_L2A,1.0,0.1103,0.8897,0.0786,0.0,fijo,,,8667.8,2.6,0.0003,0.5,0.2,37.3,0.0545,0.037,0.0467,0.0,ok,2026-09-03T08:09:09+00:00
fuente-piedra,2021-07-02,2,S2B_30SUG_20210702_0_L2A;S2B_30SUG_20210702_1_L2A,1.0,0.1292,0.8708,0.1006,0.0,fijo,,,8667.8,9.8,0.0013,1.7,1.0,68.9,0.0655,0.0223,0.0309,0.0,incoherente,2026-09-03T08:09:09+00:00
fuente-piedra,2021-07-05,2,S2B_30SUG_20210705_0_L2A;S2B_30SUG_20210705_1_L2A,1.0,0.0676,0.9324,0.093,-0.207,otsu,1.292,0.1832,8667.8,304.6,0.0377,5.0,0.9,853.9,0.0873,0.0375,0.0442,0.0001,espectro_anomalo,2026-09-03T08:09:09+00:00
fuente-piedra,2021-07-07,2,S2A_30SUG_20210707_0_L2A;S2A_30SUG_20210707_1_L2A,1.0,0.1492,0.8508,0.1014,0.0,fijo,,,8667.8,6.2,0.0008,1.2,0.6,13.8,0.0923,0.0326,0.0408,0.0,ok,2026-09-03T08:09:09+00:00
fuente-piedra,2021-07-10,2,S2A_30SUG_20210710_0_L2A;S2A_30SUG_20210710_1_L2A,1.0,0.0659,0.9341,0.08,0.0,fijo,1.413,0.171,8667.8,107.9,0.0133,0.0,0.0,792.3,0.1206,0.0486,0.0566,0.0,espectro_anomalo,2026-09-03T08:09:09+00:00
fuente-piedra,2021-07-12,2,S2B_30SUG_20210712_0_L2A;S2B_30SUG_20210712_1_L2A,1.0,0.1109,0.8891,0.1063,0.0,fijo,,,8667.8,0.0,0.0,0.1,0.0,2.7,,,,,ok,2026-09-03T08:09:09+00:00
fuente-piedra,2021-07-15,2,S2B_30SUG_20210715_0_L2A;S2B_30SUG_20210715_1_L2A,1.0,0.0718,0.9282,0.0922,-0.2148,otsu,1.338,0.1797,8667.8,285.1,0.0354,4.0,0.2,826.0,0.1031,0.0421,0.0498,0.0,espectro_anomalo,2026-09-03T08:09:09+00:00
fuente-piedra,2021-07-17,2,S2A_30SUG_20210717_0_L2A;S2A_30SUG_20210717_1_L2A,1.0,0.1205,0.8795,0.1051,0.0,fijo,,,8667.8,0.0,0.0,0.0,0.0,0.7,,,,,ok,2026-09-03T08:09:09+00:00
fuente-piedra,2021-07-20,2,S2A_30SUG_20210720_0_L2A;S2A_30SUG_20210720_1_L2A,1.0,0.0999,0.9001,0.087,0.0,fijo,,,8667.8,0.0,0.0,1.0,0.2,0.6,,,,,ok,2026-09-03T08:09:09+00:00
fuente-piedra,2021-07-22,2,S2B_30SUG_20210722_0_L2A;S2B_30SUG_20210722_1_L2A,1.0,0.0917,0.9083,0.108,-0.2227,otsu,1.407,0.1777,8667.8,242.8,0.0308,2.6,0.0,865.4,0.1077,0.0405,0.0487,0.0,espectro_anomalo,2026-09-03T08:09:09+00:00
fuente-piedra,2021-07-25,2,S2B_30SUG_20210725_0_L2A;S2B_30SUG_20210725_1_L2A,1.0,0.1013,0.8987,0.0866,0.0,fijo,,,8667.8,0.4,0.0,1.0,0.4,38.8,-0.0591,0.1598,0.1926,0.1111,ok,2026-09-03T08:09:25+00:00
fuente-piedra,2021-07-27,2,S2A_30SUG_20210727_0_L2A;S2A_30SUG_20210727_1_L2A,1.0,0.1218,0.8782,0.101,0.0,fijo,,,8667.8,0.0,0.0,0.9,0.3,44.6,,,,,ok,2026-09-03T08:09:25+00:00
fuente-piedra,2021-07-30,2,S2A_30SUG_20210730_0_L2A;S2A_30SUG_20210730_1_L2A,1.0,0.0954,0.9046,0.0884,0.0,fijo,,,8667.8,0.0,0.0,0.1,0.1,29.0,,,,,ok,2026-09-03T08:09:25+00:00
fuente-piedra,2021-08-01,2,S2B_30SUG_20210801_0_L2A;S2B_30SUG_20210801_1_L2A,1.0,0.1222,0.8778,0.1066,0.0,fijo,,,8667.8,0.0,0.0,1.5,0.2,45.7,,,,,ok,2026-09-03T08:09:25+00:00
fuente-piedra,2021-08-04,2,S2B_30SUG_20210804_0_L2A;S2B_30SUG_20210804_1_L2A,1.0,0.1013,0.8987,0.0814,0.0,fijo,,,8667.8,0.1,0.0,1.5,0.3,39.0,,,,,ok,2026-09-03T08:09:25+00:00
fuente-piedra,2021-08-06,2,S2A_30SUG_20210806_0_L2A;S2A_30SUG_20210806_1_L2A,1.0,0.0907,0.9093,0.103,0.0,fijo,1.325,0.1896,8667.8,115.4,0.0146,2.3,0.2,862.3,0.1173,0.0471,0.056,0.0,espectro_anomalo,2026-09-03T08:09:25+00:00
fuente-piedra,2021-08-09,2,S2A_30SUG_20210809_0_L2A;S2A_30SUG_20210809_1_L2A,1.0,0.3683,0.6317,0.1042,0.0,fijo,1.336,0.187,8667.8,79.3,0.0145,0.1,0.0,639.3,0.1219,0.0522,0.0618,0.0,nublado,2026-09-03T08:09:25+00:00
fuente-piedra,2021-08-11,2,S2B_30SUG_20210811_0_L2A;S2B_30SUG_20210811_1_L2A,1.0,0.6387,0.3613,0.1028,0.0,fijo,1.392,0.1943,8667.8,21.7,0.0069,0.0,0.0,362.3,0.1384,0.0423,0.05,0.0,nublado,2026-09-03T08:09:25+00:00
fuente-piedra,2021-08-14,2,S2B_30SUG_20210814_0_L2A;S2B_30SUG_20210814_1_L2A,1.0,0.106,0.894,0.1026,0.0,fijo,,,8667.8,0.0,0.0,0.0,0.0,24.5,,,,,ok,2026-09-03T08:09:25+00:00
fuente-piedra,2021-08-16,2,S2A_30SUG_20210816_0_L2A;S2A_30SUG_20210816_1_L2A,1.0,0.0855,0.9145,0.1014,0.0,fijo,1.391,0.19,8667.8,42.6,0.0054,0.0,0.0,752.9,0.1253,0.0452,0.0534,0.0,espectro_anomalo,2026-09-03T08:09:25+00:00
fuente-piedra,2021-08-19,2,S2A_30SUG_20210819_0_L2A;S2A_30SUG_20210819_1_L2A,1.0,0.0806,0.9194,0.0822,0.0,fijo,1.354,0.1893,8667.8,69.4,0.0087,0.8,0.0,699.2,0.129,0.0539,0.0647,0.0,espectro_anomalo,2026-09-03T08:09:25+00:00
fuente-piedra,2021-08-21,2,S2B_30SUG_20210821_0_L2A;S2B_30SUG_20210821_1_L2A,1.0,0.1638,0.8362,0.1047,0.0,fijo,1.37,0.1958,8667.8,42.8,0.0059,0.3,0.0,747.8,0.1291,0.0526,0.0609,0.0,espectro_anomalo,2026-09-03T08:09:25+00:00
fuente-piedra,2021-08-24,2,S2B_30SUG_20210824_0_L2A;S2B_30SUG_20210824_1_L2A,1.0,0.1959,0.8041,0.1162,0.0,fijo,,,8667.8,0.0,0.0,0.0,0.0,41.4,,,,,ok,2026-09-03T08:09:46+00:00
fuente-piedra,2021-08-26,2,S2A_30SUG_20210826_0_L2A;S2A_30SUG_20210826_1_L2A,1.0,0.0823,0.9177,0.0933,0.0,fijo,1.362,0.1964,8667.8,57.6,0.0072,2.0,0.1,777.3,0.1367,0.0575,0.0688,0.0,espectro_anomalo,2026-09-03T08:09:46+00:00
fuente-piedra,2021-08-29,2,S2A_30SUG_20210829_0_L2A;S2A_30SUG_20210829_1_L2A,1.0,0.6663,0.3337,0.1063,0.0,fijo,1.133,0.0974,8667.8,26.6,0.0092,1.8,0.0,146.2,0.0673,0.0374,0.0554,0.0,nublado,2026-09-03T08:09:46+00:00
fuente-piedra,2021-09-03,2,S2B_30SUG_20210903_0_L2A;S2B_30SUG_20210903_3_L2A,1.0,0.0128,0.9872,0.0744,0.1758,otsu,0.639,0.0658,8667.8,676.2,0.079,8.0,530.1,721.7,-0.0146,0.0578,0.1134,0.0004,ok,2026-09-03T08:09:46+00:00
fuente-piedra,2021-09-05,2,S2A_30SUG_20210905_0_L2A;S2A_30SUG_20210905_1_L2A,1.0,0.0757,0.9243,0.0921,0.1289,otsu,1.086,0.0719,8667.8,654.6,0.0817,6.4,393.9,782.2,0.0151,0.0726,0.118,0.0029,ok,2026-09-03T08:09:46+00:00
fuente-piedra,2021-09-08,2,S2A_30SUG_20210908_0_L2A;S2A_30SUG_20210908_1_L2A,1.0,0.5918,0.4082,0.1022,0.1289,otsu,1.11,0.0969,8667.8,139.7,0.0395,27.1,77.9,231.4,0.011,0.0943,0.1638,0.0077,nublado,2026-09-03T08:09:46+00:00
fuente-piedra,2021-09-10,3,S2B_30SUG_20210910_0_L2A;S2B_30SUG_20210910_1_L2A;S2B_30SUG_20210910_2_L2A,1.0,0.0164,0.9836,0.0978,0.1602,otsu,1.084,0.0955,8667.8,459.8,0.0539,68.0,276.4,764.3,-0.0406,0.1341,0.2221,0.1926,ok,2026-09-03T08:09:46+00:00
fuente-piedra,2021-09-18,3,S2A_30SUG_20210918_0_L2A;S2A_30SUG_20210918_1_L2A;S2A_30SUG_20210918_2_L2A,1.0,0.0058,0.9942,0.0774,0.1602,otsu,1.092,0.1008,8667.8,510.2,0.0592,13.0,300.6,741.7,-0.0199,0.1078,0.1525,0.0047,ok,2026-09-03T08:09:46+00:00
fuente-piedra,2021-09-20,2,S2B_30SUG_20210920_0_L2A;S2B_30SUG_20210920_1_L2A,1.0,0.0364,0.9636,0.0882,0.1758,otsu,1.032,0.0955,8667.8,422.4,0.0506,11.6,254.6,515.1,-0.0159,0.0956,0.1273,0.0037,ok,2026-09-03T08:09:46+00:00
fuente-piedra,2021-09-23,2,S2B_30SUG_20210923_0_L2A;S2B_30SUG_20210923_1_L2A,1.0,0.0215,0.9785,0.078,-0.043,otsu,1.297,0.1087,8667.8,567.8,0.0669,10.1,58.2,776.4,0.0616,0.0883,0.1135,0.0001,espectro_anomalo,2026-09-03T08:09:46+00:00
fuente-piedra,2021-09-25,3,S2A_30SUG_20210925_0_L2A;S2A_30SUG_20210925_1_L2A;S2A_30SUG_20210925_2_L2A,1.0,0.0879,0.9121,0.0833,0.1367,otsu,1.232,0.0882,8667.8,371.1,0.0469,11.9,172.9,571.1,0.0068,0.0805,0.1094,0.0,espectro_anomalo,2026-09-03T08:10:03+00:00
fuente-piedra,2021-09-28,2,S2A_30SUG_20210928_0_L2A;S2A_30SUG_20210928_1_L2A,1.0,0.0138,0.9862,0.0802,0.043,otsu,1.3,0.1498,8667.8,338.8,0.0396,7.6,69.8,646.3,0.026,0.0551,0.068,0.0004,espectro_anomalo,2026-09-03T08:09:46+00:00
fuente-piedra,2021-09-30,2,S2B_30SUG_20210930_0_L2A;S2B_30SUG_20210930_1_L2A,1.0,0.0364,0.9636,0.0886,0.0195,otsu,1.27,0.1652,8667.8,218.0,0.0261,6.7,41.6,528.5,0.023,0.0546,0.0701,0.0006,espectro_anomalo,2026-09-03T08:09:46+00:00
fuente-piedra,2021-10-05,2,S2A_30SUG_20211005_0_L2A;S2A_30SUG_20211005_1_L2A,1.0,0.0108,0.9892,0.0842,-0.0352,otsu,1.246,0.1288,8667.8,406.7,0.0474,7.0,25.0,653.8,0.0283,0.0573,0.0777,0.0,espectro_anomalo,2026-09-03T08:10:03+00:00
fuente-piedra,2021-10-08,2,S2A_30SUG_20211008_0_L2A;S2A_30SUG_20211008_1_L2A,1.0,0.0792,0.9208,0.0704,0.0,fijo,1.178,0.1732,8667.8,61.6,0.0077,5.0,0.3,122.2,0.0269,0.0415,0.0517,0.0006,espectro_anomalo,2026-09-03T08:10:03+00:00
fuente-piedra,2021-10-10,2,S2B_30SUG_20211010_0_L2A;S2B_30SUG_20211010_1_L2A,1.0,0.0839,0.9161,0.0845,0.0,fijo,1.12,0.1801,8667.8,67.6,0.0085,4.6,2.8,132.4,0.0096,0.0408,0.0513,0.0,espectro_anomalo,2026-09-03T08:10:03+00:00
fuente-piedra,2021-10-13,2,S2B_30SUG_20211013_0_L2A;S2B_30SUG_20211013_1_L2A,1.0,0.0263,0.9737,0.0829,-0.3164,otsu,1.224,0.1688,8667.8,746.7,0.0885,18.7,0.1,478.0,0.073,0.0473,0.0586,0.0,espectro_anomalo,2026-09-03T08:10:03+00:00
fuente-piedra,2021-10-15,2,S2A_30SUG_20211015_0_L2A;S2A_30SUG_20211015_1_L2A,1.0,0.0742,0.9258,0.0758,0.0,fijo,1.175,0.1741,8667.8,42.4,0.0053,4.6,0.2,113.2,0.0213,0.0407,0.0523,0.0,espectro_anomalo,2026-09-03T08:10:03+00:00
fuente-piedra,2021-10-18,2,S2A_30SUG_20211018_0_L2A;S2A_30SUG_20211018_1_L2A,1.0,0.0263,0.9737,0.0719,0.0,fijo,1.168,0.1705,8667.8,101.8,0.0121,5.5,0.7,453.6,0.0287,0.051,0.0606,0.0,espectro_anomalo,2026-09-03T08:10:03+00:00
fuente-piedra,2021-10-20,2,S2B_30SUG_20211020_0_L2A;S2B_30SUG_20211020_1_L2A,1.0,0.2435,0.7565,0.0812,0.0,fijo,1.16,0.1906,8667.8,25.2,0.0038,0.2,0.0,113.9,0.0165,0.0347,0.0433,0.0,nublado,2026-09-03T08:10:03+00:00
fuente-piedra,2021-10-23,2,S2B_30SUG_20211023_0_L2A;S2B_30SUG_20211023_1_L2A,1.0,0.3322,0.6678,0.0808,-0.1914,otsu,1.078,0.0537,8667.8,304.0,0.0525,32.6,152.0,420.9,-0.0192,0.0216,0.0421,0.0,nublado,2026-09-03T08:10:03+00:00
fuente-piedra,2021-10-25,2,S2A_30SUG_20211025_0_L2A;S2A_30SUG_20211025_1_L2A,1.0,0.0731,0.9269,0.0756,0.0,fijo,1.233,0.198,8667.8,14.6,0.0018,5.1,0.2,128.7,0.023,0.0365,0.0492,0.0,espectro_anomalo,2026-09-03T08:10:03+00:00
fuente-piedra,2021-10-28,2,S2A_30SUG_20211028_0_L2A;S2A_30SUG_20211028_1_L2A,1.0,0.0583,0.9417,0.0671,0.0,fijo,1.249,0.1685,8667.8,0.6,0.0001,5.2,1.8,58.8,0.1329,0.0752,0.0986,0.0,espectro_anomalo,2026-09-03T08:10:03+00:00
fuente-piedra,2021-11-04,2,S2A_30SUG_20211104_0_L2A;S2A_30SUG_20211104_1_L2A,1.0,0.1281,0.8719,0.0652,0.1211,otsu,1.161,0.1043,8667.8,390.6,0.0517,7.8,227.2,666.0,-0.0428,0.0759,0.1154,0.0142,espectro_anomalo,2026-09-03T08:10:03+00:00
fuente-piedra,2021-11-07,2,S2A_30SUG_20211107_0_L2A;S2A_30SUG_20211107_1_L2A,1.0,0.0533,0.9467,0.0613,0.1758,otsu,1.141,0.1108,8667.8,177.9,0.0217,3.8,83.2,251.2,0.0017,0.0513,0.0698,0.0,espectro_anomalo,2026-09-03T08:10:19+00:00
fuente-piedra,2021-11-09,2,S2B_30SUG_20211109_0_L2A;S2B_30SUG_20211109_1_L2A,1.0,0.0542,0.9458,0.0713,0.1523,otsu,1.149,0.1129,8667.8,178.3,0.0217,4.4,72.6,270.9,0.0055,0.0544,0.0734,0.0,espectro_anomalo,2026-09-03T08:10:19+00:00
fuente-piedra,2021-11-14,2,S2A_30SUG_20211114_0_L2A;S2A_30SUG_20211114_1_L2A,1.0,0.008,0.992,0.0668,-0.1445,otsu,1.227,0.1365,8667.8,500.6,0.0582,7.2,35.7,682.2,0.0327,0.0509,0.0679,0.0002,espectro_anomalo,2026-09-03T08:10:19+00:00
fuente-piedra,2021-11-17,2,S2A_30SUG_20211117_0_L2A;S2A_30SUG_20211117_1_L2A,1.0,0.053,0.947,0.0631,-0.1758,otsu,1.224,0.1518,8667.8,521.1,0.0635,8.8,29.4,575.9,0.0408,0.0418,0.054,0.0002,espectro_anomalo,2026-09-03T08:10:19+00:00
fuente-piedra,2021-11-19,2,S2B_30SUG_20211119_0_L2A;S2B_30SUG_20211119_1_L2A,1.0,0.0954,0.9046,0.0786,-0.0664,otsu,1.23,0.0907,8667.8,188.2,0.024,6.0,50.2,335.8,-0.0062,0.0358,0.0577,0.0,espectro_anomalo,2026-09-03T08:10:19+00:00
fuente-piedra,2021-11-24,2,S2A_30SUG_20211124_0_L2A;S2A_30SUG_20211124_1_L2A,1.0,0.9647,0.0353,0.0621,0.0,fijo,,,8667.8,0.0,0.0,0.0,0.0,0.0,,,,,nublado,2026-09-03T08:10:19+00:00
fuente-piedra,2021-11-27,2,S2A_30SUG_20211127_0_L2A;S2A_30SUG_20211127_1_L2A,1.0,0.0464,0.9536,0.044,0.1523,otsu,1.061,0.1089,8667.8,358.4,0.0434,7.8,151.4,427.9,-0.0036,0.0585,0.0932,0.0002,ok,2026-09-03T08:10:19+00:00
fuente-piedra,2021-12-04,2,S2A_30SUG_20211204_0_L2A;S2A_30SUG_20211204_1_L2A,1.0,0.0013,0.9987,0.0541,-0.0117,otsu,1.256,0.1137,8667.8,443.5,0.0512,7.6,81.1,822.4,0.0216,0.0501,0.0693,0.0003,espectro_anomalo,2026-09-03T08:10:19+00:00
fuente-piedra,2021-12-07,2,S2A_30SUG_20211207_0_L2A;S2A_30SUG_20211207_1_L2A,1.0,0.0475,0.9525,0.049,0.1602,otsu,1.167,0.096,8667.8,136.2,0.0165,7.2,101.3,363.2,-0.0091,0.0576,0.0826,0.0,espectro_anomalo,2026-09-03T08:10:19+00:00
fuente-piedra,2021-12-09,2,S2B_30SUG_20211209_0_L2A;S2B_30SUG_20211209_1_L2A,1.0,0.78,0.22,0.0471,0.0,fijo,1.136,0.1091,8667.8,9.0,0.0047,0.0,4.2,20.6,-0.0027,0.065,0.0987,0.0,nublado,2026-09-03T08:10:19+00:00
fuente-piedra,2021-12-12,2,S2B_30SUG_20211212_0_L2A;S2B_30SUG_20211212_1_L2A,1.0,0.0056,0.9944,0.0532,-0.0977,otsu,1.225,0.1167,8667.8,477.6,0.0554,16.9,64.4,733.7,0.0224,0.0472,0.0714,0.0003,espectro_anomalo,2026-09-03T08:10:19+00:00
fuente-piedra,2021-12-14,2,S2A_30SUG_20211214_0_L2A;S2A_30SUG_20211214_1_L2A,1.0,0.0507,0.9493,0.0582,-0.0117,otsu,1.27,0.0851,8667.8,332.6,0.0404,8.2,20.7,457.3,0.0638,0.0467,0.0745,0.0,espectro_anomalo,2026-09-03T08:10:31+00:00
fuente-piedra,2021-12-17,2,S2A_30SUG_20211217_0_L2A;S2A_30SUG_20211217_1_L2A,1.0,0.0209,0.9791,0.0662,-0.2227,otsu,1.311,0.0719,8667.8,886.2,0.1044,10.8,12.2,961.6,0.0413,0.0414,0.0605,0.0,espectro_anomalo,2026-09-03T08:10:19+00:00
fuente-piedra,2021-12-19,2,S2B_30SUG_20211219_0_L2A;S2B_30SUG_20211219_1_L2A,1.0,0.0174,0.9826,0.0735,-0.2617,otsu,1.26,0.1182,8667.8,699.5,0.0821,29.1,5.0,765.8,0.0519,0.0434,0.0635,0.0001,espectro_anomalo,2026-09-03T08:10:31+00:00
fuente-piedra,2021-12-29,2,S2B_30SUG_20211229_0_L2A;S2B_30SUG_20211229_1_L2A,1.0,0.0238,0.9762,0.0492,0.2227,otsu,0.719,0.1012,8667.8,681.8,0.0806,30.2,579.5,803.1,-0.0004,0.0283,0.0602,0.0002,ok,2026-09-03T08:10:31+00:00
fuente-piedra,2022-01-01,1,S2B_30SUG_20220101_0_L2A,1.0,0.0139,0.9861,0.0494,0.2227,otsu,0.68,0.093,8667.8,651.8,0.0763,31.6,558.9,720.8,-0.0077,0.0335,0.0751,0.0002,ok,2026-09-03T08:10:31+00:00
fuente-piedra,2022-01-03,1,S2A_30SUG_20220103_0_L2A,1.0,0.0667,0.9333,0.0504,0.1992,otsu,0.812,0.0895,8667.8,275.4,0.034,27.8,221.5,343.6,-0.0286,0.0771,0.123,0.0038,ok,2026-09-03T08:10:31+00:00
fuente-piedra,2022-01-06,1,S2A_30SUG_20220106_0_L2A,1.0,0.0434,0.9566,0.0354,0.207,otsu,0.677,0.0898,8667.8,680.8,0.0821,36.4,545.9,781.6,-0.0245,0.0805,0.1234,0.0048,ok,2026-09-03T08:10:31+00:00
fuente-piedra,2022-01-08,1,S2B_30SUG_20220108_0_L2A,1.0,0.0185,0.9815,0.051,0.2148,otsu,0.712,0.0992,8667.8,662.3,0.0778,18.9,544.6,730.0,-0.0145,0.0606,0.0966,0.0005,ok,2026-09-03T08:10:31+00:00
fuente-piedra,2022-01-11,1,S2B_30SUG_20220111_0_L2A,1.0,0.0589,0.9411,0.0572,0.1992,otsu,0.69,0.1027,8667.8,657.6,0.0806,27.0,547.4,736.1,-0.0448,0.0949,0.14,0.0041,ok,2026-09-03T08:10:31+00:00
fuente-piedra,2022-01-13,2,S2A_30SUG_20220113_0_L2A;S2A_30SUG_20220113_1_L2A,1.0,0.1793,0.8207,0.0737,0.1836,otsu,0.752,0.1016,8667.8,585.1,0.0822,27.6,431.5,658.0,-0.0372,0.0937,0.1402,0.0167,ok,2026-09-03T08:10:31+00:00
fuente-piedra,2022-01-16,1,S2A_30SUG_20220116_0_L2A,1.0,0.0229,0.9771,0.0519,0.1914,otsu,0.782,0.0891,8667.8,667.2,0.0788,45.8,505.5,755.8,-0.038,0.1021,0.1595,0.033,ok,2026-09-03T08:10:31+00:00
fuente-piedra,2022-01-18,1,S2B_30SUG_20220118_0_L2A,1.0,0.0248,0.9752,0.0649,0.2148,otsu,0.831,0.0947,8667.8,696.4,0.0824,36.8,486.2,773.0,-0.0248,0.088,0.13,0.0016,ok,2026-09-03T08:10:31+00:00
fuente-piedra,2022-01-21,1,S2B_30SUG_20220121_0_L2A,1.0,0.0242,0.9758,0.0632,0.1992,otsu,0.76,0.1021,8667.8,615.0,0.0727,12.6,482.8,678.1,-0.0315,0.0798,0.1125,0.002,ok,2026-09-03T08:10:31+00:00
fuente-piedra,2022-01-23,1,S2A_30SUG_20220123_0_L2A,1.0,0.9147,0.0853,0.1064,-0.293,otsu,1.636,0.1214,8667.8,58.8,0.0796,322.0,0.0,0.0,0.1134,0.0623,0.0751,0.0,nublado,2026-09-03T08:10:39+00:00
fuente-piedra,2022-01-28,1,S2B_30SUG_20220128_0_L2A,1.0,0.0022,0.9978,0.0638,0.1133,otsu,1.169,0.0916,8667.8,745.6,0.0862,22.4,410.2,927.9,0.0007,0.084,0.1226,0.0002,espectro_anomalo,2026-09-03T08:10:39+00:00
fuente-piedra,2022-01-31,1,S2B_30SUG_20220131_0_L2A,1.0,0.0051,0.9949,0.0895,-0.0195,otsu,1.211,0.1191,8667.8,712.2,0.0826,13.1,251.7,886.4,0.0229,0.0612,0.0833,0.0,espectro_anomalo,2026-09-03T08:10:39+00:00
fuente-piedra,2022-02-02,1,S2A_30SUG_20220202_0_L2A,1.0,0.0039,0.9961,0.0586,0.168,otsu,1.112,0.0949,8667.8,585.8,0.0678,6.3,357.0,852.4,-0.0024,0.0729,0.1096,0.0005,espectro_anomalo,2026-09-03T08:10:39+00:00
fuente-piedra,2022-02-05,1,S2A_30SUG_20220205_0_L2A,1.0,0.0035,0.9965,0.0545,0.1367,otsu,1.0,0.1055,8667.8,575.3,0.0666,13.0,364.6,805.6,-0.0078,0.0806,0.113,0.0001,ok,2026-09-03T08:10:39+00:00
fuente-piedra,2022-02-07,1,S2B_30SUG_20220207_0_L2A,1.0,0.0022,0.9978,0.0659,0.1523,otsu,1.213,0.0988,8667.8,669.8,0.0774,13.4,342.8,881.6,0.0053,0.0688,0.1035,0.0008,espectro_anomalo,2026-09-03T08:10:39+00:00
fuente-piedra,2022-02-10,1,S2B_30SUG_20220210_0_L2A,1.0,0.0023,0.9977,0.0587,0.1211,otsu,1.236,0.095,8667.8,663.5,0.0767,15.6,290.1,851.9,0.0186,0.0669,0.1026,0.0016,espectro_anomalo,2026-09-03T08:10:39+00:00
fuente-piedra,2022-02-12,1,S2A_30SUG_20220212_0_L2A,1.0,0.0129,0.9871,0.0681,0.082,otsu,1.221,0.1002,8667.8,553.4,0.0647,10.0,265.6,870.7,0.0084,0.0725,0.1028,0.0,espectro_anomalo,2026-09-03T08:10:39+00:00
fuente-piedra,2022-02-15,1,S2A_30SUG_20220215_0_L2A,1.0,0.0096,0.9904,0.0543,0.1211,otsu,1.22,0.0991,8667.8,532.1,0.062,8.3,213.3,745.3,0.0203,0.0626,0.0945,0.0026,espectro_anomalo,2026-09-03T08:10:39+00:00
fuente-piedra,2022-02-17,1,S2B_30SUG_20220217_0_L2A,1.0,0.0059,0.9941,0.0663,0.1445,otsu,1.218,0.1068,8667.8,454.5,0.0527,8.6,222.3,822.0,0.0118,0.0685,0.1017,0.0015,espectro_anomalo,2026-09-03T08:10:39+00:00
fuente-piedra,2022-02-20,1,S2B_30SUG_20220220_0_L2A,1.0,0.3616,0.6384,0.0852,0.0664,otsu,1.118,0.0934,8667.8,350.8,0.0634,10.7,219.0,625.2,-0.0274,0.0535,0.0915,0.0001,nublado,2026-09-03T08:10:39+00:00
fuente-piedra,2022-02-22,1,S2A_30SUG_20220222_0_L2A,1.0,0.0069,0.9931,0.0613,0.0898,otsu,1.273,0.1007,8667.8,445.0,0.0517,10.3,120.5,799.8,0.0221,0.0594,0.0969,0.0002,espectro_anomalo,2026-09-03T08:10:39+00:00
fuente-piedra,2022-02-27,1,S2B_30SUG_20220227_0_L2A,1.0,0.0131,0.9869,0.0729,-0.1445,otsu,1.282,0.1262,8667.8,733.6,0.0858,27.6,14.4,890.1,0.0489,0.0558,0.086,0.0,espectro_anomalo,2026-09-03T08:10:50+00:00
fuente-piedra,2022-03-02,1,S2B_30SUG_20220302_0_L2A,1.0,0.0048,0.9952,0.0616,-0.168,otsu,1.222,0.1486,8667.8,768.1,0.089,14.4,38.8,814.9,0.051,0.0387,0.0536,0.0014,espectro_anomalo,2026-09-03T08:10:50+00:00
fuente-piedra,2022-03-09,1,S2B_30SUG_20220309_0_L2A,1.0,0.5612,0.4388,0.0774,-0.0586,otsu,1.35,0.1156,8667.8,247.9,0.0652,19.2,2.6,456.0,0.0285,0.043,0.0596,0.0002,nublado,2026-09-03T08:10:50+00:00
fuente-piedra,2022-03-12,1,S2B_30SUG_20220312_0_L2A,1.0,0.919,0.081,0.0952,-0.0352,otsu,1.477,0.1443,8667.8,23.4,0.0333,0.3,0.0,28.0,0.0852,0.053,0.0602,0.0,nublado,2026-09-03T08:10:50+00:00
fuente-piedra,2022-03-27,1,S2A_30SUG_20220327_0_L2A,1.0,0.2515,0.7485,0.0803,-0.0273,otsu,0.861,0.0955,8667.8,351.4,0.0542,30.2,263.7,438.2,-0.0068,0.0985,0.1525,0.0056,nublado,2026-09-03T08:10:50+00:00
fuente-piedra,2022-04-01,1,S2B_30SUG_20220401_0_L2A,1.0,0.8041,0.1959,0.0824,0.1133,otsu,0.639,0.1035,8667.8,172.5,0.1016,3.6,161.0,181.8,-0.0772,0.0838,0.1654,0.0209,nublado,2026-09-03T08:10:50+00:00
fuente-piedra,2022-04-08,1,S2B_30SUG_20220408_0_L2A,1.0,0.0281,0.9719,0.0775,0.1836,otsu,0.415,0.091,8667.8,916.6,0.1088,23.6,820.2,959.0,-0.0583,0.0682,0.1288,0.0109,ok,2026-09-03T08:10:50+00:00
fuente-piedra,2022-04-11,1,S2B_30SUG_20220411_0_L2A,1.0,0.052,0.948,0.0754,-0.0508,otsu,0.73,0.1268,8667.8,622.8,0.0758,11.2,539.5,630.0,0.0087,0.0446,0.0742,0.0,ok,2026-09-03T08:10:50+00:00
fuente-piedra,2022-04-13,1,S2A_30SUG_20220413_0_L2A,1.0,0.6561,0.3439,0.0785,0.1758,otsu,0.624,0.1163,8667.8,133.3,0.0447,5.8,119.9,185.3,-0.0269,0.0509,0.0895,0.006,nublado,2026-09-03T08:10:50+00:00
fuente-piedra,2022-04-16,1,S2A_30SUG_20220416_0_L2A,1.0,0.0013,0.9987,0.0697,0.082,otsu,0.596,0.0865,8667.8,1010.4,0.1167,20.2,845.2,1037.8,-0.0164,0.0601,0.1057,0.0026,ok,2026-09-03T08:10:50+00:00
fuente-piedra,2022-04-18,1,S2B_30SUG_20220418_0_L2A,1.0,0.0556,0.9444,0.082,0.1992,otsu,0.462,0.0851,8667.8,982.0,0.12,7.3,854.6,1012.0,-0.0343,0.0568,0.1021,0.0002,ok,2026-09-03T08:10:50+00:00
fuente-piedra,2022-04-21,1,S2B_30SUG_20220421_0_L2A,1.0,0.0174,0.9826,0.0675,0.043,otsu,0.6,0.1115,8667.8,933.5,0.1096,12.8,817.0,944.1,-0.0178,0.0451,0.0824,0.0007,ok,2026-09-03T08:10:50+00:00
fuente-piedra,2022-04-28,1,S2B_30SUG_20220428_0_L2A,1.0,0.2078,0.7922,0.0896,0.2148,otsu,0.468,0.1036,8667.8,812.0,0.1183,20.4,718.9,856.4,-0.0423,0.0431,0.0888,0.001,nublado,2026-09-03T08:11:00+00:00
fuente-piedra,2022-05-01,1,S2B_30SUG_20220501_0_L2A,1.0,0.3724,0.6276,0.0694,0.0195,otsu,0.659,0.0859,8667.8,839.9,0.1544,25.5,672.8,880.1,0.0003,0.0643,0.1104,0.0,nublado,2026-09-03T08:11:00+00:00
fuente-piedra,2022-05-06,1,S2A_30SUG_20220506_0_L2A,1.0,0.0208,0.9792,0.0609,0.1836,otsu,0.471,0.0759,8667.8,942.3,0.111,18.8,791.8,995.8,-0.0288,0.0616,0.1222,0.0138,ok,2026-09-03T08:11:00+00:00
fuente-piedra,2022-05-08,1,S2B_30SUG_20220508_0_L2A,1.0,0.0228,0.9772,0.0796,0.1992,otsu,0.53,0.0804,8667.8,929.1,0.1097,18.1,778.6,989.9,-0.0285,0.0577,0.1001,0.0043,ok,2026-09-03T08:11:00+00:00
fuente-piedra,2022-05-11,1,S2B_30SUG_20220511_0_L2A,1.0,0.3959,0.6041,0.0693,0.0273,otsu,1.287,0.0943,8667.8,167.1,0.0319,14.8,62.9,230.0,0.0657,0.0759,0.137,0.0134,nublado,2026-09-03T08:11:00+00:00
fuente-piedra,2022-05-13,1,S2A_30SUG_20220513_0_L2A,1.0,0.0082,0.9918,0.0761,0.1523,otsu,0.643,0.0801,8667.8,902.4,0.105,9.8,691.4,983.6,-0.0126,0.0707,0.1109,0.0001,ok,2026-09-03T08:11:00+00:00
fuente-piedra,2022-05-16,1,S2A_30SUG_20220516_0_L2A,1.0,0.0037,0.9963,0.0695,0.1914,otsu,0.642,0.0924,8667.8,798.0,0.0924,3.3,650.9,873.6,-0.0144,0.0631,0.0889,0.0,ok,2026-09-03T08:11:00+00:00
fuente-piedra,2022-05-18,1,S2B_30SUG_20220518_0_L2A,1.0,0.0349,0.9651,0.0838,0.0586,otsu,0.814,0.0893,8667.8,781.8,0.0935,1.4,547.8,892.0,0.0211,0.0505,0.0677,0.0,ok,2026-09-03T08:11:00+00:00
fuente-piedra,2022-05-21,1,S2B_30SUG_20220521_0_L2A,1.0,0.1609,0.8391,0.0849,-0.1523,otsu,1.45,0.1252,8667.8,374.8,0.0515,6.8,14.6,490.9,0.0875,0.051,0.0689,0.0,espectro_anomalo,2026-09-03T08:11:00+00:00
fuente-piedra,2022-05-23,1,S2A_30SUG_20220523_0_L2A,1.0,0.0113,0.9887,0.0874,0.1602,otsu,1.03,0.0938,8667.8,671.1,0.0783,2.4,492.8,942.3,0.0129,0.0334,0.0569,0.0,ok,2026-09-03T08:11:00+00:00
fuente-piedra,2022-05-26,1,S2A_30SUG_20220526_0_L2A,1.0,0.0539,0.9461,0.0742,-0.0195,otsu,1.348,0.1171,8667.8,422.4,0.0515,0.6,25.6,645.6,0.0885,0.0507,0.0689,0.0001,espectro_anomalo,2026-09-03T08:11:00+00:00
fuente-piedra,2022-05-28,1,S2B_30SUG_20220528_0_L2A,1.0,0.0241,0.9759,0.0993,0.043,otsu,1.224,0.107,8667.8,702.4,0.083,2.8,244.1,1003.2,0.0443,0.0438,0.06,0.0,espectro_anomalo,2026-09-03T08:11:00+00:00
fuente-piedra,2022-05-31,1,S2B_30SUG_20220531_0_L2A,1.0,0.0382,0.9618,0.082,0.0742,otsu,1.202,0.1229,8667.8,517.2,0.062,3.0,273.8,1003.6,0.021,0.0283,0.0421,0.0,espectro_anomalo,2026-09-03T08:11:07+00:00
fuente-piedra,2022-06-05,1,S2A_30SUG_20220605_0_L2A,1.0,0.0888,0.9112,0.0764,0.0,fijo,1.17,0.1747,8667.8,134.1,0.017,4.2,27.9,740.8,0.027,0.0323,0.0496,0.0,espectro_anomalo,2026-09-03T08:11:07+00:00
fuente-piedra,2022-06-07,1,S2B_30SUG_20220607_0_L2A,1.0,0.0977,0.9023,0.104,-0.1836,otsu,1.172,0.1696,8667.8,287.0,0.0367,6.0,36.2,709.4,0.0381,0.033,0.0438,0.0,espectro_anomalo,2026-09-03T08:11:07+00:00
fuente-piedra,2022-06-10,1,S2B_30SUG_20220610_0_L2A,1.0,0.0789,0.9211,0.0929,-0.2383,otsu,1.197,0.1831,8667.8,346.2,0.0434,18.1,21.7,964.7,0.0568,0.0411,0.0524,0.0,espectro_anomalo,2026-09-03T08:11:07+00:00
fuente-piedra,2022-06-12,1,S2A_30SUG_20220612_0_L2A,1.0,0.1139,0.8861,0.0929,0.0,fijo,1.11,0.1754,8667.8,103.0,0.0134,0.0,8.1,826.8,0.023,0.0292,0.0398,0.0,espectro_anomalo,2026-09-03T08:11:07+00:00
fuente-piedra,2022-06-15,1,S2A_30SUG_20220615_0_L2A,1.0,0.836,0.164,0.0897,0.0,fijo,,,8667.8,0.0,0.0,0.0,0.0,0.0,,,,,nublado,2026-09-03T08:11:07+00:00
fuente-piedra,2022-06-17,1,S2B_30SUG_20220617_0_L2A,1.0,0.1583,0.8417,0.0928,0.0,fijo,1.222,0.1769,8667.8,39.3,0.0054,0.0,0.0,910.3,0.0409,0.0336,0.0438,0.0,espectro_anomalo,2026-09-03T08:11:07+00:00
fuente-piedra,2022-06-20,1,S2B_30SUG_20220620_0_L2A,1.0,0.1007,0.8993,0.097,0.0,fijo,1.264,0.1908,8667.8,35.8,0.0046,0.9,0.1,998.4,0.0449,0.0346,0.0455,0.0,espectro_anomalo,2026-09-03T08:11:07+00:00
fuente-piedra,2022-06-22,1,S2A_30SUG_20220622_0_L2A,1.0,0.3353,0.6647,0.1122,0.0,fijo,1.135,0.1947,8667.8,6.2,0.0011,3.3,4.8,469.8,-0.015,0.0268,0.0803,0.0,nublado,2026-09-03T08:11:07+00:00
fuente-piedra,2022-06-25,1,S2A_30SUG_20220625_0_L2A,1.0,0.1134,0.8866,0.0856,0.0,fijo,1.246,0.1875,8667.8,24.8,0.0032,3.4,2.0,954.5,0.0338,0.0372,0.0731,0.0016,espectro_anomalo,2026-09-03T08:11:07+00:00
fuente-piedra,2022-06-27,1,S2B_30SUG_20220627_0_L2A,1.0,0.1241,0.8759,0.1116,0.0,fijo,1.293,0.1982,8667.8,15.2,0.002,3.9,1.6,917.7,0.0167,0.0402,0.0932,0.0,espectro_anomalo,2026-09-03T08:11:07+00:00
fuente-piedra,2022-06-30,1,S2B_30SUG_20220630_0_L2A,1.0,0.149,0.851,0.0923,0.0,fijo,1.286,0.1976,8667.8,10.9,0.0015,3.8,1.5,992.8,0.0173,0.0545,0.1218,0.0478,espectro_anomalo,2026-09-03T08:11:07+00:00
fuente-piedra,2022-07-02,1,S2A_30SUG_20220702_0_L2A,1.0,0.6794,0.3206,0.1269,0.0,fijo,,,8667.8,3.3,0.0012,0.7,2.4,368.5,0.0052,0.0406,0.103,0.012,nublado,2026-09-03T08:11:16+00:00
fuente-piedra,2022-07-05,1,S2A_30SUG_20220705_0_L2A,1.0,0.1031,0.8969,0.0831,0.0,fijo,1.323,0.1854,8667.8,19.0,0.0024,1.5,0.0,990.9,0.0803,0.0419,0.0579,0.0,espectro_anomalo,2026-09-03T08:11:16+00:00
fuente-piedra,2022-07-07,1,S2B_30SUG_20220707_0_L2A,1.0,0.1224,0.8776,0.1153,0.0,fijo,1.28,0.2001,8667.8,14.2,0.0019,4.9,1.0,996.8,0.0359,0.0473,0.0878,0.0254,espectro_anomalo,2026-09-03T08:11:16+00:00
fuente-piedra,2022-07-10,1,S2B_30SUG_20220710_0_L2A,1.0,0.1095,0.8905,0.0947,0.0,fijo,1.285,0.1955,8667.8,21.2,0.0028,0.5,0.1,991.2,0.0704,0.0397,0.0613,0.0,espectro_anomalo,2026-09-03T08:11:16+00:00
fuente-piedra,2022-07-12,1,S2A_30SUG_20220712_0_L2A,1.0,0.119,0.881,0.1128,0.0,fijo,1.323,0.2013,8667.8,22.7,0.003,0.5,0.0,990.0,0.0804,0.034,0.0473,0.0,espectro_anomalo,2026-09-03T08:11:16+00:00
fuente-piedra,2022-07-15,1,S2A_30SUG_20220715_0_L2A,1.0,0.1041,0.8959,0.0936,0.0,fijo,1.312,0.1942,8667.8,35.4,0.0046,0.0,0.0,983.2,0.0841,0.0453,0.0635,0.0,espectro_anomalo,2026-09-03T08:11:16+00:00
fuente-piedra,2022-07-17,1,S2B_30SUG_20220717_0_L2A,1.0,0.125,0.875,0.1134,0.0,fijo,1.317,0.2022,8667.8,24.9,0.0033,0.2,0.0,1006.3,0.0835,0.0348,0.0473,0.0,espectro_anomalo,2026-09-03T08:11:16+00:00
fuente-piedra,2022-07-20,1,S2B_30SUG_20220720_0_L2A,1.0,0.1101,0.8899,0.0948,0.0,fijo,1.301,0.1983,8667.8,30.8,0.004,1.9,0.1,988.8,0.0781,0.0332,0.0467,0.0,espectro_anomalo,2026-09-03T08:11:16+00:00
fuente-piedra,2022-07-22,1,S2A_30SUG_20220722_0_L2A,1.0,0.1184,0.8816,0.1013,0.0,fijo,1.341,0.1945,8667.8,40.2,0.0053,0.1,0.0,995.0,0.1028,0.0435,0.0518,0.0,espectro_anomalo,2026-09-03T08:11:16+00:00
fuente-piedra,2022-07-25,1,S2A_30SUG_20220725_0_L2A,1.0,0.1406,0.8594,0.093,0.0,fijo,1.316,0.1942,8667.8,32.2,0.0043,0.4,0.0,987.6,0.0899,0.0427,0.0525,0.0,espectro_anomalo,2026-09-03T08:11:16+00:00
fuente-piedra,2022-07-27,1,S2B_30SUG_20220727_0_L2A,1.0,0.1246,0.8754,0.1118,0.0,fijo,1.294,0.2036,8667.8,32.8,0.0043,2.0,0.1,1002.1,0.0756,0.0421,0.0514,0.0,espectro_anomalo,2026-09-03T08:11:16+00:00
fuente-piedra,2022-08-01,1,S2A_30SUG_20220801_0_L2A,1.0,0.1158,0.8842,0.1043,0.0,fijo,1.295,0.2001,8667.8,48.7,0.0064,1.2,0.0,984.4,0.0921,0.0444,0.0541,0.0,espectro_anomalo,2026-09-03T08:11:16+00:00
fuente-piedra,2022-08-04,1,S2A_30SUG_20220804_0_L2A,1.0,0.1041,0.8959,0.089,0.0,fijo,1.317,0.1998,8667.8,46.7,0.006,0.1,0.0,970.2,0.0905,0.0469,0.0597,0.0,espectro_anomalo,2026-09-03T08:11:24+00:00
fuente-piedra,2022-08-06,1,S2B_30SUG_20220806_0_L2A,1.0,0.1215,0.8785,0.1075,0.0,fijo,1.328,0.1988,8667.8,45.5,0.006,1.8,0.0,987.7,0.0897,0.0455,0.0583,0.0009,espectro_anomalo,2026-09-03T08:11:24+00:00
fuente-piedra,2022-08-09,1,S2B_30SUG_20220809_0_L2A,1.0,0.961,0.039,0.0791,-0.3086,otsu,2.018,0.1283,8667.8,100.5,0.2972,16.8,0.0,0.0,0.2229,0.0671,0.0801,0.0,nublado,2026-09-03T08:11:24+00:00
fuente-piedra,2022-08-11,1,S2A_30SUG_20220811_0_L2A,1.0,0.1018,0.8982,0.0919,0.0,fijo,1.324,0.1949,8667.8,42.7,0.0055,0.8,0.2,961.4,0.1046,0.05,0.0614,0.0,espectro_anomalo,2026-09-03T08:11:24+00:00
fuente-piedra,2022-08-14,1,S2A_30SUG_20220814_0_L2A,1.0,0.3186,0.6814,0.0929,0.0,fijo,1.281,0.1964,8667.8,24.6,0.0042,0.3,0.0,425.6,0.0545,0.0409,0.0642,0.0,nublado,2026-09-03T08:11:24+00:00
fuente-piedra,2022-08-16,1,S2B_30SUG_20220816_0_L2A,1.0,0.0615,0.9385,0.1006,-0.3008,otsu,1.303,0.1972,8667.8,517.9,0.0637,8.4,1.5,811.0,0.0877,0.0427,0.0533,0.0,espectro_anomalo,2026-09-03T08:11:24+00:00
fuente-piedra,2022-08-19,1,S2B_30SUG_20220819_0_L2A,1.0,0.0569,0.9431,0.083,0.0,fijo,1.28,0.1943,8667.8,62.8,0.0077,4.5,0.1,753.8,0.0558,0.034,0.055,0.0006,espectro_anomalo,2026-09-03T08:11:24+00:00
fuente-piedra,2022-08-21,1,S2A_30SUG_20220821_0_L2A,1.0,0.0776,0.9224,0.0931,0.0,fijo,1.309,0.1977,8667.8,59.8,0.0075,4.7,0.2,875.9,0.0599,0.0377,0.0569,0.0007,espectro_anomalo,2026-09-03T08:11:24+00:00
fuente-piedra,2022-08-24,1,S2A_30SUG_20220824_0_L2A,1.0,0.2718,0.7282,0.0895,0.0,fijo,1.228,0.1905,8667.8,5.9,0.0009,0.6,0.0,343.2,0.0467,0.0457,0.0706,0.0,nublado,2026-09-03T08:11:24+00:00
fuente-piedra,2022-08-26,1,S2B_30SUG_20220826_0_L2A,1.0,0.0873,0.9127,0.0978,0.0,fijo,1.278,0.2004,8667.8,48.7,0.0062,5.1,0.3,881.7,0.0593,0.0446,0.0638,0.0,espectro_anomalo,2026-09-03T08:11:24+00:00
fuente-piedra,2022-08-29,1,S2B_30SUG_20220829_0_L2A,1.0,0.3176,0.6824,0.0904,0.0,fijo,1.293,0.1983,8667.8,26.0,0.0044,0.6,0.0,615.6,0.0757,0.0449,0.0615,0.0,nublado,2026-09-03T08:11:24+00:00
fuente-piedra,2022-08-31,1,S2A_30SUG_20220831_0_L2A,1.0,0.1776,0.8224,0.0991,0.0,fijo,,,8667.8,2.6,0.0004,0.0,0.0,231.2,0.0387,0.0521,0.0765,0.0,incoherente,2026-09-03T08:11:24+00:00
fuente-piedra,2022-09-03,1,S2A_30SUG_20220903_0_L2A,1.0,0.6418,0.3582,0.0736,0.0,fijo,,,8667.8,0.0,0.0,1.9,0.0,5.8,,,,,nublado,2026-09-03T08:11:34+00:00
fuente-piedra,2022-09-05,1,S2B_30SUG_20220905_0_L2A,1.0,0.0851,0.9149,0.0929,0.0,fijo,1.282,0.2013,8667.8,36.7,0.0046,5.6,0.2,863.2,0.0702,0.0436,0.0604,0.0,espectro_anomalo,2026-09-03T08:11:34+00:00
fuente-piedra,2022-09-08,1,S2B_30SUG_20220908_0_L2A,1.0,0.0712,0.9288,0.0757,0.0,fijo,1.258,0.1981,8667.8,30.5,0.0038,4.6,0.2,802.8,0.0788,0.0454,0.0607,0.0026,espectro_anomalo,2026-09-03T08:11:34+00:00
fuente-piedra,2022-09-10,1,S2A_30SUG_20220910_0_L2A,1.0,0.1327,0.8673,0.0846,0.0,fijo,1.272,0.2007,8667.8,32.1,0.0043,3.2,0.4,841.1,0.0783,0.0493,0.0668,0.0025,espectro_anomalo,2026-09-03T08:11:34+00:00
fuente-piedra,2022-09-18,1,S2B_30SUG_20220918_0_L2A,1.0,0.7143,0.2857,0.0868,0.0,fijo,,,8667.8,0.0,0.0,0.0,0.0,85.6,,,,,nublado,2026-09-03T08:11:34+00:00
fuente-piedra,2022-09-20,1,S2A_30SUG_20220920_0_L2A,1.0,0.1984,0.8016,0.0801,0.0,fijo,1.324,0.0854,8667.8,0.0,0.0,1.4,0.0,188.9,,,,,espectro_anomalo,2026-09-03T08:11:34+00:00
fuente-piedra,2022-09-23,1,S2A_30SUG_20220923_0_L2A,1.0,0.0477,0.9523,0.0718,0.0,fijo,1.261,0.1966,8667.8,33.1,0.004,7.0,0.2,718.3,0.0623,0.0591,0.0912,0.0012,espectro_anomalo,2026-09-03T08:11:34+00:00
fuente-piedra,2022-09-25,1,S2B_30SUG_20220925_0_L2A,1.0,0.4003,0.5997,0.0903,0.0,fijo,1.275,0.2045,8667.8,23.6,0.0045,7.0,0.2,763.2,0.0543,0.0449,0.0701,0.0,nublado,2026-09-03T08:11:34+00:00
fuente-piedra,2022-09-28,1,S2B_30SUG_20220928_0_L2A,1.0,0.0567,0.9433,0.0712,0.0,fijo,1.278,0.1979,8667.8,21.3,0.0026,6.4,0.2,701.4,0.0587,0.0472,0.0804,0.0,espectro_anomalo,2026-09-03T08:11:34+00:00
fuente-piedra,2022-09-30,1,S2A_30SUG_20220930_0_L2A,1.0,0.0053,0.9947,0.0675,0.0039,otsu,1.478,0.099,8667.8,176.8,0.0205,20.8,0.8,602.6,0.0703,0.0859,0.1273,0.0,espectro_anomalo,2026-09-03T08:11:34+00:00
fuente-piedra,2022-10-03,1,S2A_30SUG_20221003_0_L2A,1.0,0.0425,0.9575,0.1295,-0.2305,otsu,1.402,0.1818,8667.8,726.4,0.0875,15.5,0.0,815.0,0.0894,0.0483,0.0557,0.0,neblina,2026-09-03T08:11:34+00:00
fuente-piedra,2022-10-05,1,S2B_30SUG_20221005_0_L2A,1.0,0.0224,0.9776,0.0847,0.0,fijo,1.368,0.1593,8667.8,49.8,0.0059,1.7,0.0,541.6,0.0462,0.0614,0.0817,0.0,espectro_anomalo,2026-09-03T08:11:34+00:00
fuente-piedra,2022-10-08,1,S2B_30SUG_20221008_0_L2A,1.0,0.0235,0.9765,0.0673,0.0,fijo,1.352,0.1576,8667.8,29.1,0.0034,1.4,0.0,499.1,0.0503,0.0604,0.0819,0.0,espectro_anomalo,2026-09-03T08:11:43+00:00
fuente-piedra,2022-10-13,1,S2A_30SUG_20221013_0_L2A,1.0,0.0061,0.9939,0.0641,-0.0586,otsu,1.333,0.0977,8667.8,242.8,0.0282,8.9,10.4,642.3,0.0363,0.0671,0.1054,0.0003,espectro_anomalo,2026-09-03T08:11:43+00:00
fuente-piedra,2022-10-15,1,S2B_30SUG_20221015_0_L2A,1.0,0.0174,0.9826,0.0836,-0.332,otsu,1.331,0.1365,8667.8,881.2,0.1035,28.8,1.2,510.0,0.0835,0.0495,0.0621,0.0,espectro_anomalo,2026-09-03T08:11:43+00:00
fuente-piedra,2022-11-02,1,S2A_30SUG_20221102_0_L2A,1.0,0.0127,0.9873,0.0678,0.0,fijo,1.288,0.137,8667.8,77.1,0.009,5.6,0.1,492.0,0.0466,0.0573,0.0794,0.0,espectro_anomalo,2026-09-03T08:11:43+00:00
fuente-piedra,2022-11-07,1,S2B_30SUG_20221107_0_L2A,1.0,0.0133,0.9867,0.065,0.0,fijo,1.309,0.1378,8667.8,59.4,0.0069,6.8,0.2,456.2,0.0487,0.0431,0.0638,0.0,espectro_anomalo,2026-09-03T08:11:43+00:00
fuente-piedra,2022-11-12,1,S2A_30SUG_20221112_0_L2A,1.0,0.0582,0.9418,0.0683,0.0,fijo,1.309,0.1338,8667.8,47.2,0.0058,6.4,0.1,350.5,0.0542,0.057,0.0764,0.0,espectro_anomalo,2026-09-03T08:11:43+00:00
fuente-piedra,2022-11-14,1,S2B_30SUG_20221114_0_L2A,1.0,0.2548,0.7452,0.0832,0.0,fijo,1.296,0.111,8667.8,37.1,0.0057,6.8,1.5,412.5,0.0256,0.0433,0.0586,0.0,nublado,2026-09-03T08:11:43+00:00
fuente-piedra,2022-11-19,1,S2A_30SUG_20221119_0_L2A,1.0,0.0501,0.9499,0.049,0.0195,otsu,1.37,0.0984,8667.8,381.6,0.0463,8.1,0.8,765.5,0.0652,0.0683,0.1214,0.0053,espectro_anomalo,2026-09-03T08:11:43+00:00
fuente-piedra,2022-11-27,1,S2B_30SUG_20221127_0_L2A,1.0,0.1149,0.8851,0.057,-0.1914,otsu,1.425,0.108,8667.8,501.4,0.0654,32.9,1.3,695.4,0.0599,0.0442,0.0733,0.0,espectro_anomalo,2026-09-03T08:11:43+00:00
fuente-piedra,2022-11-29,1,S2A_30SUG_20221129_0_L2A,1.0,0.1125,0.8875,0.0553,-0.1758,otsu,1.324,0.1264,8667.8,466.3,0.0606,7.1,2.7,518.4,0.0505,0.0494,0.0786,0.0,espectro_anomalo,2026-09-03T08:11:43+00:00
fuente-piedra,2022-12-17,1,S2B_30SUG_20221217_0_L2A,1.0,0.2949,0.7051,0.0432,0.207,otsu,0.496,0.0535,8667.8,823.9,0.1348,93.3,731.0,964.2,-0.1816,0.2598,0.4393,0.6245,nublado,2026-09-03T08:11:43+00:00
fuente-piedra,2022-12-19,1,S2A_30SUG_20221219_0_L2A,1.0,0.0,1.0,0.0354,0.1992,otsu,0.712,0.0343,8667.8,745.8,0.086,251.0,747.1,1065.3,-0.2082,0.3019,0.4639,0.8166,ok,2026-09-03T08:11:43+00:00
fuente-piedra,2022-12-22,1,S2A_30SUG_20221222_0_L2A,1.0,0.5293,0.4707,0.0881,-0.3398,otsu,1.055,0.1784,8667.8,1087.7,0.2666,1000.3,39.7,357.5,0.0506,0.0658,0.0857,0.0063,nublado,2026-09-03T08:11:51+00:00
fuente-piedra,2022-12-24,1,S2B_30SUG_20221224_0_L2A,1.0,0.0,1.0,0.0411,0.1992,otsu,0.656,0.0228,8667.8,264.7,0.0305,643.8,691.8,963.2,-0.3183,0.4289,0.5841,0.9704,ok,2026-09-03T08:11:51+00:00
fuente-piedra,2022-12-27,1,S2B_30SUG_20221227_0_L2A,1.0,0.815,0.185,0.0313,0.0977,otsu,0.936,0.0243,8667.8,4.6,0.0029,49.7,33.6,56.8,-0.184,0.3416,0.4297,0.8696,nublado,2026-09-03T08:11:51+00:00
fuente-piedra,2022-12-29,1,S2A_30SUG_20221229_0_L2A,1.0,0.0001,0.9999,0.0459,0.1211,otsu,0.723,0.0379,8667.8,599.2,0.0691,302.1,656.3,965.2,-0.2312,0.3364,0.4318,0.9712,ok,2026-09-03T08:11:51+00:00
fuente-piedra,2023-01-03,1,S2B_30SUG_20230103_0_L2A,1.0,0.8687,0.1313,0.0978,0.0,fijo,1.056,0.1563,8667.8,46.4,0.0408,4.5,34.3,406.1,-0.0437,0.108,0.1905,0.0716,nublado,2026-09-03T08:11:51+00:00
fuente-piedra,2023-01-06,1,S2B_30SUG_20230106_0_L2A,1.0,0.0001,0.9999,0.0503,0.168,otsu,0.645,0.0667,8667.8,801.6,0.0925,157.8,720.0,1044.3,-0.1368,0.2097,0.3112,0.5212,ok,2026-09-03T08:11:51+00:00
fuente-piedra,2023-01-11,1,S2A_30SUG_20230111_0_L2A,1.0,0.8789,0.1211,0.0538,0.0,fijo,0.588,0.1083,8667.8,26.5,0.0252,2.8,25.4,26.3,-0.1296,0.1374,0.1796,0.0302,nublado,2026-09-03T08:11:51+00:00
fuente-piedra,2023-01-13,1,S2B_30SUG_20230113_0_L2A,1.0,0.0,1.0,0.0447,0.1602,otsu,0.651,0.0559,8667.8,810.2,0.0935,104.0,717.1,991.7,-0.1181,0.1889,0.3175,0.3705,ok,2026-09-03T08:11:51+00:00
fuente-piedra,2023-01-18,1,S2A_30SUG_20230118_0_L2A,1.0,0.525,0.475,0.0704,0.1836,otsu,0.752,0.0746,8667.8,555.1,0.1348,14.9,526.0,620.5,-0.0845,0.102,0.1546,0.0185,nublado,2026-09-03T08:11:51+00:00
fuente-piedra,2023-01-23,1,S2B_30SUG_20230123_0_L2A,1.0,0.0005,0.9995,0.0502,0.207,otsu,0.525,0.0615,8667.8,799.7,0.0923,82.7,700.4,934.8,-0.114,0.1727,0.2543,0.2794,ok,2026-09-03T08:11:51+00:00
fuente-piedra,2023-01-28,1,S2A_30SUG_20230128_0_L2A,1.0,0.0007,0.9993,0.05,0.1992,otsu,0.538,0.0559,8667.8,797.1,0.092,60.1,682.5,923.7,-0.1057,0.1712,0.2477,0.2714,ok,2026-09-03T08:11:51+00:00
fuente-piedra,2023-01-31,1,S2A_30SUG_20230131_0_L2A,1.0,0.002,0.998,0.0436,0.1914,otsu,0.629,0.0525,8667.8,806.0,0.0932,120.3,679.8,995.2,-0.0964,0.1775,0.27,0.2768,ok,2026-09-03T08:11:51+00:00
fuente-piedra,2023-02-02,1,S2B_30SUG_20230202_0_L2A,1.0,0.0008,0.9992,0.0603,0.1992,otsu,0.616,0.0646,8667.8,828.4,0.0956,93.6,697.3,1004.4,-0.096,0.1646,0.2544,0.2278,ok,2026-09-03T08:12:00+00:00
fuente-piedra,2023-02-05,1,S2B_30SUG_20230205_0_L2A,1.0,0.0031,0.9969,0.0507,0.1992,otsu,0.585,0.0574,8667.8,768.1,0.0889,74.5,654.8,879.6,-0.098,0.1807,0.2917,0.2826,ok,2026-09-03T08:12:00+00:00
fuente-piedra,2023-02-22,1,S2B_30SUG_20230222_0_L2A,1.0,0.0032,0.9968,0.0664,0.0508,otsu,0.934,0.0718,8667.8,797.6,0.0923,45.3,519.7,958.2,-0.0691,0.184,0.284,0.4088,ok,2026-09-03T08:12:00+00:00
fuente-piedra,2023-02-27,1,S2A_30SUG_20230227_0_L2A,1.0,0.0061,0.9939,0.0581,0.1914,otsu,0.852,0.062,8667.8,721.0,0.0837,12.8,508.1,878.0,-0.0764,0.1825,0.2854,0.432,ok,2026-09-03T08:12:00+00:00
fuente-piedra,2023-03-02,1,S2A_30SUG_20230302_0_L2A,1.0,0.0207,0.9793,0.0544,0.1914,otsu,0.869,0.0648,8667.8,698.0,0.0822,20.4,481.1,783.5,-0.0623,0.1602,0.2438,0.2867,ok,2026-09-03T08:12:00+00:00
fuente-piedra,2023-03-04,1,S2B_30SUG_20230304_0_L2A,1.0,0.0063,0.9937,0.0702,0.1836,otsu,0.896,0.079,8667.8,700.6,0.0813,22.4,491.2,843.1,-0.0565,0.1379,0.2246,0.1938,ok,2026-09-03T08:12:00+00:00
fuente-piedra,2023-03-12,1,S2A_30SUG_20230312_0_L2A,1.0,0.6561,0.3439,0.0636,0.0664,otsu,1.07,0.0705,8667.8,400.0,0.1342,30.7,227.2,538.3,-0.0201,0.1429,0.1948,0.0774,nublado,2026-09-03T08:12:00+00:00
fuente-piedra,2023-03-14,1,S2B_30SUG_20230314_0_L2A,1.0,0.1972,0.8028,0.0663,0.1914,otsu,0.964,0.0711,8667.8,641.3,0.0922,40.3,394.8,799.8,-0.0059,0.1051,0.1582,0.001,ok,2026-09-03T08:12:00+00:00
fuente-piedra,2023-03-17,1,S2B_30SUG_20230317_0_L2A,1.0,0.6605,0.3395,0.0814,-0.0664,otsu,1.151,0.0923,8667.8,60.7,0.0206,10.3,22.3,89.2,0.0185,0.0436,0.071,0.002,nublado,2026-09-03T08:12:00+00:00
fuente-piedra,2023-03-19,1,S2A_30SUG_20230319_0_L2A,1.0,0.1338,0.8662,0.0667,0.1914,otsu,1.253,0.0821,8667.8,567.5,0.0756,14.0,340.2,907.1,0.0186,0.0706,0.0996,0.0,espectro_anomalo,2026-09-03T08:12:00+00:00
fuente-piedra,2023-03-22,1,S2A_30SUG_20230322_0_L2A,1.0,0.0004,0.9996,0.0001,-0.1836,otsu,2.138,0.0001,8667.8,442.4,0.0511,181.2,148.0,819.0,0.0954,0.1464,0.3553,0.2246,espectro_anomalo,2026-09-03T08:12:00+00:00
fuente-piedra,2023-03-29,1,S2A_30SUG_20230329_0_L2A,1.0,0.0271,0.9729,0.0678,0.0195,otsu,1.279,0.1206,8667.8,635.6,0.0754,5.8,43.7,780.5,0.0559,0.044,0.0666,0.0,espectro_anomalo,2026-09-03T08:12:00+00:00
fuente-piedra,2023-04-01,1,S2A_30SUG_20230401_0_L2A,1.0,1.0,0.0,0.1261,0.0,fijo,,,8667.8,0.0,1.0,0.0,0.0,0.0,,,,,nublado,2026-09-03T08:12:10+00:00
fuente-piedra,2023-04-03,1,S2B_30SUG_20230403_0_L2A,1.0,0.0779,0.9221,0.074,-0.2227,otsu,1.313,0.1713,8667.8,370.6,0.0464,10.3,4.5,523.8,0.0596,0.028,0.0384,0.0002,espectro_anomalo,2026-09-03T08:12:10+00:00
fuente-piedra,2023-04-08,1,S2A_30SUG_20230408_0_L2A,1.0,0.0833,0.9167,0.0712,-0.2227,otsu,1.326,0.1803,8667.8,334.6,0.0421,6.6,3.2,544.5,0.0591,0.0315,0.041,0.0001,espectro_anomalo,2026-09-03T08:12:10+00:00
fuente-piedra,2023-04-11,1,S2A_30SUG_20230411_0_L2A,1.0,0.0851,0.9149,0.0662,-0.2383,otsu,1.324,0.1834,8667.8,285.4,0.036,9.6,2.3,664.5,0.0602,0.0352,0.0451,0.0011,espectro_anomalo,2026-09-03T08:12:10+00:00
fuente-piedra,2023-04-13,1,S2B_30SUG_20230413_0_L2A,1.0,0.1114,0.8886,0.0906,-0.1992,otsu,1.336,0.186,8667.8,270.0,0.0351,8.8,1.1,703.1,0.0415,0.0285,0.0383,0.0003,espectro_anomalo,2026-09-03T08:12:10+00:00
fuente-piedra,2023-04-18,1,S2A_30SUG_20230418_0_L2A,1.0,0.0948,0.9052,0.0783,-0.1914,otsu,1.239,0.1712,8667.8,227.9,0.0291,4.8,0.6,734.0,0.0415,0.03,0.0426,0.0,espectro_anomalo,2026-09-03T08:12:10+00:00
fuente-piedra,2023-04-23,1,S2B_30SUG_20230423_0_L2A,1.0,0.065,0.935,0.0843,-0.2852,otsu,1.335,0.1664,8667.8,488.7,0.0603,11.8,7.2,678.4,0.0701,0.0354,0.048,0.0002,espectro_anomalo,2026-09-03T08:12:10+00:00
fuente-piedra,2023-04-26,1,S2B_30SUG_20230426_0_L2A,1.0,0.0627,0.9373,0.0768,-0.293,otsu,1.31,0.1813,8667.8,481.4,0.0593,13.2,2.1,745.6,0.0726,0.0323,0.0426,0.0002,espectro_anomalo,2026-09-03T08:12:10+00:00
fuente-piedra,2023-05-01,1,S2A_30SUG_20230501_0_L2A,1.0,0.1022,0.8978,0.08,0.0,fijo,1.261,0.194,8667.8,67.2,0.0086,1.3,0.9,662.5,0.0244,0.0302,0.0429,0.0,espectro_anomalo,2026-09-03T08:12:10+00:00
fuente-piedra,2023-05-06,1,S2B_30SUG_20230506_0_L2A,1.0,0.0764,0.9236,0.0847,0.0,fijo,1.251,0.1917,8667.8,83.8,0.0105,3.7,0.7,853.5,0.0484,0.0277,0.0398,0.0,espectro_anomalo,2026-09-03T08:12:10+00:00
fuente-piedra,2023-05-11,1,S2A_30SUG_20230511_0_L2A,1.0,0.0873,0.9127,0.085,0.0,fijo,1.258,0.1937,8667.8,87.2,0.011,2.1,0.3,865.5,0.0628,0.0294,0.0389,0.0,espectro_anomalo,2026-09-03T08:12:10+00:00
fuente-piedra,2023-05-13,1,S2B_30SUG_20230513_0_L2A,1.0,0.4528,0.5472,0.1192,0.0,fijo,1.106,0.0982,8667.8,49.1,0.0104,2.0,8.4,303.2,-0.0043,0.0105,0.0243,0.0008,nublado,2026-09-03T08:12:10+00:00
fuente-piedra,2023-05-16,1,S2B_30SUG_20230516_0_L2A,1.0,0.1574,0.8426,0.0958,0.0,fijo,1.321,0.1957,8667.8,66.1,0.0091,2.3,2.0,749.2,0.0724,0.0265,0.0322,0.0006,espectro_anomalo,2026-09-03T08:12:17+00:00
fuente-piedra,2023-05-18,1,S2A_30SUG_20230518_0_L2A,1.0,0.4169,0.5831,0.1065,-0.1992,otsu,1.236,0.1453,8667.8,302.2,0.0598,6.3,59.8,443.6,0.0444,0.041,0.0664,0.0001,nublado,2026-09-03T08:12:17+00:00
fuente-piedra,2023-05-26,1,S2B_30SUG_20230526_0_L2A,1.0,0.0302,0.9698,0.0932,-0.207,otsu,1.274,0.1554,8667.8,631.6,0.0751,6.3,6.6,681.8,0.0637,0.0534,0.0718,0.0001,espectro_anomalo,2026-09-03T08:12:17+00:00
fuente-piedra,2023-05-31,1,S2A_30SUG_20230531_0_L2A,1.0,0.5796,0.4204,0.0929,0.0,fijo,1.14,0.0686,8667.8,30.9,0.0085,0.6,12.5,86.3,-0.0049,0.0245,0.0405,0.0,nublado,2026-09-03T08:12:17+00:00
fuente-piedra,2023-06-05,1,S2B_30SUG_20230605_0_L2A,1.0,0.175,0.825,0.0907,0.0,fijo,1.213,0.1784,8667.8,40.6,0.0057,1.6,12.8,486.9,-0.0081,0.0449,0.0552,0.0325,espectro_anomalo,2026-09-03T08:12:17+00:00
fuente-piedra,2023-06-10,1,S2A_30SUG_20230610_0_L2A,1.0,0.5417,0.4583,0.0976,0.0,fijo,1.102,0.1051,8667.8,31.2,0.0079,0.1,33.0,177.8,0.0011,0.0345,0.0532,0.0,nublado,2026-09-03T08:12:17+00:00
fuente-piedra,2023-06-12,1,S2B_30SUG_20230612_0_L2A,1.0,0.024,0.976,0.1055,-0.3086,otsu,1.275,0.1672,8667.8,914.5,0.1081,7.2,4.3,672.1,0.0639,0.0457,0.0558,0.0006,espectro_anomalo,2026-09-03T08:12:17+00:00
fuente-piedra,2023-06-15,1,S2B_30SUG_20230615_0_L2A,1.0,0.0227,0.9773,0.0909,-0.3398,otsu,1.264,0.1799,8667.8,921.8,0.1088,19.8,3.7,632.1,0.0738,0.0409,0.0499,0.0001,espectro_anomalo,2026-09-03T08:12:17+00:00
fuente-piedra,2023-06-17,1,S2A_30SUG_20230617_0_L2A,1.0,0.0421,0.9579,0.1027,-0.3242,otsu,1.265,0.1841,8667.8,799.6,0.0963,13.5,1.9,725.0,0.0713,0.043,0.0512,0.0012,espectro_anomalo,2026-09-03T08:12:17+00:00
fuente-piedra,2023-06-20,1,S2A_30SUG_20230620_0_L2A,1.0,0.3417,0.6583,0.1102,0.0,fijo,1.346,0.1116,8667.8,1.9,0.0003,1.4,1.8,82.6,-0.0461,0.1199,0.2751,0.1915,nublado,2026-09-03T08:12:17+00:00
fuente-piedra,2023-06-22,1,S2B_30SUG_20230622_0_L2A,1.0,0.0191,0.9809,0.1063,-0.3164,otsu,1.3,0.1614,8667.8,930.1,0.1094,8.3,6.8,666.3,0.062,0.0416,0.052,0.0001,espectro_anomalo,2026-09-03T08:12:17+00:00
fuente-piedra,2023-06-25,1,S2B_30SUG_20230625_0_L2A,1.0,0.0242,0.9758,0.0928,-0.3398,otsu,1.265,0.181,8667.8,918.4,0.1086,18.4,0.3,632.4,0.0727,0.0407,0.0492,0.0,espectro_anomalo,2026-09-03T08:12:17+00:00
fuente-piedra,2023-06-27,1,S2A_30SUG_20230627_0_L2A,1.0,0.0439,0.9561,0.1017,-0.332,otsu,1.274,0.1813,8667.8,785.9,0.0948,17.8,0.4,678.7,0.0731,0.0403,0.0494,0.0001,espectro_anomalo,2026-09-03T08:12:26+00:00
fuente-piedra,2023-06-30,1,S2A_30SUG_20230630_0_L2A,1.0,0.0373,0.9627,0.0962,-0.3242,otsu,1.255,0.182,8667.8,757.9,0.0908,11.7,0.4,673.0,0.0752,0.0377,0.0481,0.0003,espectro_anomalo,2026-09-03T08:12:26+00:00
fuente-piedra,2023-07-02,1,S2B_30SUG_20230702_0_L2A,1.0,0.0714,0.9286,0.1105,-0.3242,otsu,1.091,0.1696,8667.8,537.0,0.0667,9.0,0.3,716.5,0.064,0.0424,0.0521,0.0001,ok,2026-09-03T08:12:26+00:00
fuente-piedra,2023-07-05,1,S2B_30SUG_20230705_0_L2A,1.0,0.8689,0.1311,0.0776,0.0,fijo,,,8667.8,0.0,0.0,0.0,0.0,0.0,,,,,nublado,2026-09-03T08:12:26+00:00
fuente-piedra,2023-07-07,1,S2A_30SUG_20230707_0_L2A,1.0,0.064,0.936,0.1105,-0.332,otsu,1.149,0.1844,8667.8,587.1,0.0724,9.4,0.1,739.0,0.0803,0.0415,0.0526,0.0,espectro_anomalo,2026-09-03T08:12:26+00:00
fuente-piedra,2023-07-10,1,S2A_30SUG_20230710_0_L2A,1.0,0.8436,0.1564,0.0871,0.0,fijo,,,8667.8,0.0,0.0,0.0,0.0,10.0,,,,,nublado,2026-09-03T08:12:26+00:00
fuente-piedra,2023-07-12,1,S2B_30SUG_20230712_0_L2A,1.0,0.079,0.921,0.1143,0.0,fijo,1.262,0.1832,8667.8,22.8,0.0029,0.3,0.0,616.6,0.0731,0.03,0.0369,0.0,espectro_anomalo,2026-09-03T08:12:26+00:00
fuente-piedra,2023-07-15,1,S2B_30SUG_20230715_0_L2A,1.0,0.0603,0.9397,0.095,0.0,fijo,1.259,0.1821,8667.8,22.5,0.0028,0.6,0.1,636.9,0.0897,0.0387,0.0453,0.0,espectro_anomalo,2026-09-03T08:12:26+00:00
fuente-piedra,2023-07-17,1,S2A_30SUG_20230717_0_L2A,1.0,0.0811,0.9189,0.1046,0.0,fijo,1.296,0.176,8667.8,14.8,0.0019,0.0,0.0,686.7,0.1085,0.036,0.0428,0.0,espectro_anomalo,2026-09-03T08:12:26+00:00
fuente-piedra,2023-07-20,1,S2A_30SUG_20230720_0_L2A,1.0,0.3972,0.6028,0.106,0.0,fijo,1.332,0.1342,8667.8,0.0,0.0,0.0,0.0,27.1,,,,,nublado,2026-09-03T08:12:26+00:00
fuente-piedra,2023-07-22,1,S2B_30SUG_20230722_0_L2A,1.0,0.0628,0.9372,0.1145,0.0,fijo,1.325,0.1771,8667.8,11.0,0.0013,1.2,0.0,518.0,0.1044,0.0402,0.0459,0.0,espectro_anomalo,2026-09-03T08:12:26+00:00
fuente-piedra,2023-07-25,1,S2B_30SUG_20230725_0_L2A,1.0,0.0391,0.9609,0.0974,0.0,fijo,1.363,0.1741,8667.8,12.3,0.0015,1.0,0.2,507.9,0.0986,0.05,0.1011,0.0163,espectro_anomalo,2026-09-03T08:12:26+00:00
fuente-piedra,2023-07-27,1,S2A_30SUG_20230727_0_L2A,1.0,0.0601,0.9399,0.1095,0.0,fijo,1.332,0.1794,8667.8,8.6,0.0011,2.2,0.1,625.5,0.1225,0.0389,0.0452,0.0,espectro_anomalo,2026-09-03T08:12:34+00:00
fuente-piedra,2023-07-30,1,S2A_30SUG_20230730_0_L2A,1.0,0.0447,0.9553,0.093,0.0,fijo,1.314,0.1803,8667.8,7.0,0.0008,3.3,1.6,569.6,0.1212,0.0412,0.048,0.0,espectro_anomalo,2026-09-03T08:12:34+00:00
fuente-piedra,2023-08-01,1,S2B_30SUG_20230801_0_L2A,1.0,0.075,0.925,0.1129,0.0,fijo,1.346,0.187,8667.8,6.3,0.0008,2.9,1.2,647.5,0.1209,0.0349,0.0408,0.0,espectro_anomalo,2026-09-03T08:12:34+00:00
fuente-piedra,2023-08-04,1,S2B_30SUG_20230804_0_L2A,1.0,0.0498,0.9502,0.0981,0.0,fijo,1.351,0.1805,8667.8,3.8,0.0005,3.2,1.8,513.8,0.129,0.0405,0.0458,0.0,espectro_anomalo,2026-09-03T08:12:34+00:00
fuente-piedra,2023-08-06,1,S2A_30SUG_20230806_0_L2A,1.0,0.0695,0.9305,0.1077,0.0,fijo,1.326,0.1859,8667.8,1.8,0.0002,2.1,0.0,642.0,0.1307,0.0397,0.0474,0.0,espectro_anomalo,2026-09-03T08:12:34+00:00
fuente-piedra,2023-08-09,1,S2A_30SUG_20230809_0_L2A,1.0,0.0623,0.9377,0.0809,0.0,fijo,1.39,0.1748,8667.8,0.0,0.0,0.0,0.0,380.4,,,,,espectro_anomalo,2026-09-03T08:12:34+00:00
fuente-piedra,2023-08-11,1,S2B_30SUG_20230811_0_L2A,1.0,0.0766,0.9234,0.112,0.0,fijo,1.358,0.1913,8667.8,0.6,0.0001,2.9,1.6,559.7,0.1147,0.0395,0.0536,0.0,espectro_anomalo,2026-09-03T08:12:34+00:00
fuente-piedra,2023-08-14,1,S2B_30SUG_20230814_0_L2A,1.0,0.0482,0.9518,0.0963,0.0,fijo,1.325,0.1796,8667.8,0.7,0.0001,3.3,0.0,462.3,0.0753,0.0773,0.2146,0.1667,espectro_anomalo,2026-09-03T08:12:34+00:00
fuente-piedra,2023-08-19,1,S2A_30SUG_20230819_0_L2A,1.0,0.0502,0.9498,0.0918,0.0,fijo,1.3,0.1837,8667.8,0.9,0.0001,4.0,0.1,506.5,0.128,0.0474,0.0553,0.0,espectro_anomalo,2026-09-03T08:12:34+00:00
fuente-piedra,2023-08-21,1,S2B_30SUG_20230821_0_L2A,1.0,0.0714,0.9286,0.112,0.0,fijo,1.302,0.1922,8667.8,0.4,0.0001,3.1,0.1,579.9,0.1226,0.0458,0.052,0.0,espectro_anomalo,2026-09-03T08:12:34+00:00
fuente-piedra,2023-08-24,1,S2B_30SUG_20230824_0_L2A,1.0,0.0519,0.9481,0.095,0.0,fijo,1.339,0.1854,8667.8,0.4,0.0,3.0,0.0,441.0,0.1317,0.0423,0.0508,0.0,espectro_anomalo,2026-09-03T08:12:34+00:00
fuente-piedra,2023-08-29,1,S2A_30SUG_20230829_0_L2A,1.0,0.0241,0.9759,0.0852,0.0,fijo,1.365,0.1752,8667.8,0.4,0.0,4.2,0.1,433.3,0.1336,0.0444,0.0565,0.0,espectro_anomalo,2026-09-03T08:12:34+00:00
fuente-piedra,2023-08-31,1,S2B_30SUG_20230831_0_L2A,1.0,0.0482,0.9518,0.1038,0.0,fijo,1.308,0.1812,8667.8,0.3,0.0,3.1,0.1,494.6,0.1302,0.0463,0.0595,0.0,espectro_anomalo,2026-09-03T08:12:44+00:00
fuente-piedra,2023-09-05,1,S2A_30SUG_20230905_0_L2A,1.0,0.4437,0.5563,0.084,0.0,fijo,1.266,0.1534,8667.8,34.0,0.0071,2.3,0.2,223.2,0.0881,0.0308,0.0381,0.0,nublado,2026-09-03T08:12:44+00:00
fuente-piedra,2023-09-08,1,S2A_30SUG_20230908_0_L2A,1.0,0.0063,0.9937,0.0828,0.0,fijo,1.234,0.1642,8667.8,52.7,0.0061,2.1,0.2,406.0,0.083,0.0318,0.0403,0.0,espectro_anomalo,2026-09-03T08:12:44+00:00
fuente-piedra,2023-09-10,1,S2B_30SUG_20230910_0_L2A,1.0,0.0187,0.9813,0.0987,0.0,fijo,1.246,0.1813,8667.8,43.8,0.0052,2.8,0.1,500.0,0.0787,0.0325,0.0406,0.0,espectro_anomalo,2026-09-03T08:12:44+00:00
fuente-piedra,2023-09-13,1,S2B_30SUG_20230913_0_L2A,1.0,0.0128,0.9872,0.0909,0.0,fijo,1.224,0.1685,8667.8,35.6,0.0042,4.5,0.2,387.0,0.0816,0.026,0.0342,0.0011,espectro_anomalo,2026-09-03T08:12:44+00:00
fuente-piedra,2023-09-15,1,S2A_30SUG_20230915_0_L2A,1.0,0.1535,0.8465,0.0953,0.0,fijo,1.217,0.162,8667.8,22.6,0.0031,1.4,0.2,390.6,0.0904,0.0337,0.0425,0.0,espectro_anomalo,2026-09-03T08:12:44+00:00
fuente-piedra,2023-09-20,1,S2B_30SUG_20230920_0_L2A,1.0,0.0167,0.9833,0.0947,0.0,fijo,1.289,0.1405,8667.8,7.2,0.0008,5.8,0.2,492.5,0.024,0.0361,0.0628,0.0055,espectro_anomalo,2026-09-03T08:12:44+00:00
fuente-piedra,2023-09-23,1,S2B_30SUG_20230923_0_L2A,1.0,0.084,0.916,0.0802,0.0,fijo,1.258,0.1221,8667.8,6.4,0.0008,7.9,4.6,308.5,-0.0076,0.009,0.0403,0.0,espectro_anomalo,2026-09-03T08:12:44+00:00
fuente-piedra,2023-09-25,1,S2A_30SUG_20230925_0_L2A,1.0,0.0216,0.9784,0.0823,0.0,fijo,1.311,0.1316,8667.8,6.0,0.0007,4.9,0.1,503.0,0.0398,0.0318,0.0526,0.0,espectro_anomalo,2026-09-03T08:12:44+00:00
fuente-piedra,2023-09-28,1,S2A_30SUG_20230928_0_L2A,1.0,0.0092,0.9908,0.0761,0.0,fijo,1.278,0.1466,8667.8,4.8,0.0006,4.6,0.1,449.4,0.054,0.0364,0.0683,0.0,espectro_anomalo,2026-09-03T08:12:44+00:00
fuente-piedra,2023-09-30,1,S2B_30SUG_20230930_0_L2A,1.0,0.026,0.974,0.089,0.0,fijo,1.296,0.1471,8667.8,3.6,0.0004,3.3,0.1,457.5,0.0411,0.0306,0.0508,0.0,espectro_anomalo,2026-09-03T08:12:44+00:00
fuente-piedra,2023-10-03,1,S2B_30SUG_20231003_0_L2A,1.0,0.0436,0.9564,0.0782,0.0,fijo,1.264,0.1595,8667.8,3.5,0.0004,5.7,0.1,409.2,0.0559,0.0391,0.0723,0.0,espectro_anomalo,2026-09-03T08:12:44+00:00
fuente-piedra,2023-10-05,1,S2A_30SUG_20231005_0_L2A,1.0,0.041,0.959,0.0852,0.0,fijo,1.278,0.1517,8667.8,3.0,0.0004,5.4,0.2,435.2,0.0501,0.0323,0.0571,0.0,espectro_anomalo,2026-09-03T08:12:54+00:00
fuente-piedra,2023-10-08,1,S2A_30SUG_20231008_0_L2A,1.0,0.132,0.868,0.0881,0.0,fijo,1.295,0.1668,8667.8,1.2,0.0002,0.6,0.0,485.2,0.049,0.0325,0.0512,0.0,espectro_anomalo,2026-09-03T08:12:54+00:00
fuente-piedra,2023-10-10,1,S2B_30SUG_20231010_0_L2A,1.0,0.0347,0.9653,0.0891,0.0,fijo,1.292,0.1532,8667.8,1.6,0.0002,6.0,0.2,407.0,0.048,0.035,0.0549,0.0,espectro_anomalo,2026-09-03T08:12:54+00:00
fuente-piedra,2023-10-28,1,S2A_30SUG_20231028_0_L2A,1.0,0.4902,0.5098,0.0791,0.0977,otsu,1.19,0.1319,8667.8,98.4,0.0223,16.3,47.0,290.7,0.033,0.0409,0.0646,0.0,nublado,2026-09-03T08:12:54+00:00
fuente-piedra,2023-11-07,1,S2A_30SUG_20231107_0_L2A,1.0,0.0023,0.9977,0.0597,-0.2148,otsu,1.355,0.1175,8667.8,619.0,0.0716,42.2,0.4,655.4,0.0531,0.0524,0.0848,0.0002,espectro_anomalo,2026-09-03T08:12:54+00:00
fuente-piedra,2023-11-12,1,S2B_30SUG_20231112_0_L2A,1.0,0.1695,0.8305,0.0626,0.0,fijo,1.215,0.1338,8667.8,100.0,0.0139,12.3,0.2,467.1,0.0335,0.0661,0.1068,0.0,espectro_anomalo,2026-09-03T08:12:54+00:00
fuente-piedra,2023-11-14,1,S2A_30SUG_20231114_0_L2A,1.0,0.0052,0.9948,0.0606,-0.3477,otsu,1.272,0.1291,8667.8,915.1,0.1061,94.7,0.1,602.9,0.0753,0.05,0.0688,0.0002,espectro_anomalo,2026-09-03T08:12:54+00:00
fuente-piedra,2023-11-17,1,S2A_30SUG_20231117_1_L2A,1.0,0.0062,0.9938,0.0585,-0.3477,otsu,1.239,0.1498,8667.8,928.6,0.1078,100.0,0.0,571.7,0.0767,0.0473,0.0621,0.0001,espectro_anomalo,2026-09-03T08:12:54+00:00
fuente-piedra,2023-11-19,1,S2B_30SUG_20231119_0_L2A,1.0,0.0047,0.9953,0.0685,0.0,fijo,1.294,0.1315,8667.8,42.0,0.0049,14.3,0.0,595.4,0.0253,0.0418,0.0795,0.0,espectro_anomalo,2026-09-03T08:12:54+00:00
fuente-piedra,2023-11-22,1,S2B_30SUG_20231122_0_L2A,1.0,0.007,0.993,0.0604,0.0,fijo,1.34,0.1333,8667.8,17.0,0.002,19.8,0.0,470.1,0.0334,0.0376,0.0801,0.0,espectro_anomalo,2026-09-03T08:12:54+00:00
fuente-piedra,2023-11-24,1,S2A_30SUG_20231124_0_L2A,1.0,0.003,0.997,0.058,0.0,fijo,1.311,0.1404,8667.8,21.0,0.0024,13.2,0.0,603.4,0.0317,0.028,0.038,0.0,espectro_anomalo,2026-09-03T08:12:54+00:00
fuente-piedra,2023-12-02,1,S2B_30SUG_20231202_0_L2A,1.0,0.7271,0.2729,0.0606,0.1133,otsu,1.274,0.0897,8667.8,167.4,0.0708,8.9,47.2,387.6,-0.0359,0.0793,0.1252,0.005,nublado,2026-09-03T08:13:04+00:00
fuente-piedra,2023-12-12,1,S2B_30SUG_20231212_0_L2A,1.0,0.0002,0.9998,0.0396,0.1523,otsu,1.236,0.105,8667.8,386.9,0.0446,39.5,227.1,722.0,-0.035,0.1261,0.1938,0.0831,espectro_anomalo,2026-09-03T08:12:54+00:00
fuente-piedra,2023-12-14,1,S2A_30SUG_20231214_0_L2A,1.0,0.0057,0.9943,0.0335,0.1523,otsu,1.355,0.0944,8667.8,406.8,0.0472,86.1,193.0,764.8,-0.0314,0.124,0.2101,0.1174,espectro_anomalo,2026-09-03T08:13:04+00:00
fuente-piedra,2023-12-17,1,S2A_30SUG_20231217_0_L2A,1.0,0.001,0.999,0.0454,0.1367,otsu,1.356,0.0994,8667.8,464.5,0.0536,25.5,134.9,777.4,0.007,0.1008,0.1582,0.0282,espectro_anomalo,2026-09-03T08:13:04+00:00
fuente-piedra,2023-12-19,1,S2B_30SUG_20231219_0_L2A,1.0,0.0024,0.9976,0.0534,0.1445,otsu,1.382,0.104,8667.8,394.6,0.0456,15.4,143.7,786.1,-0.021,0.1046,0.1782,0.0424,espectro_anomalo,2026-09-03T08:13:04+00:00
fuente-piedra,2023-12-22,1,S2B_30SUG_20231222_0_L2A,1.0,0.0028,0.9972,0.0478,0.1367,otsu,1.347,0.1099,8667.8,331.5,0.0384,26.3,107.5,672.2,-0.014,0.1021,0.1697,0.0531,espectro_anomalo,2026-09-03T08:13:04+00:00
fuente-piedra,2023-12-24,1,S2A_30SUG_20231224_0_L2A,1.0,0.0034,0.9966,0.0469,0.1445,otsu,1.352,0.1045,8667.8,319.4,0.037,23.2,116.1,750.3,-0.0174,0.1039,0.1672,0.05,espectro_anomalo,2026-09-03T08:13:04+00:00
fuente-piedra,2023-12-27,1,S2A_30SUG_20231227_0_L2A,1.0,0.0032,0.9968,0.0436,0.1523,otsu,1.351,0.1103,8667.8,296.8,0.0344,18.8,99.8,690.9,-0.0077,0.0957,0.1513,0.0357,espectro_anomalo,2026-09-03T08:13:04+00:00
fuente-piedra,2024-01-01,1,S2B_30SUG_20240101_0_L2A,1.0,0.0971,0.9029,0.0554,0.1211,otsu,1.268,0.115,8667.8,294.6,0.0376,18.5,88.7,654.6,-0.0019,0.0876,0.1429,0.0069,espectro_anomalo,2026-09-03T08:13:04+00:00
fuente-piedra,2024-01-03,1,S2A_30SUG_20240103_0_L2A,1.0,0.0106,0.9894,0.0483,0.0898,otsu,1.317,0.1057,8667.8,256.2,0.0299,17.8,58.8,645.5,0.0053,0.0846,0.1314,0.0027,espectro_anomalo,2026-09-03T08:13:04+00:00
fuente-piedra,2024-01-06,1,S2A_30SUG_20240106_0_L2A,1.0,1.0,0.0,,0.0,fijo,,,8667.8,0.0,0.0,0.0,0.0,0.0,,,,,nublado,2026-09-03T08:13:04+00:00
fuente-piedra,2024-01-08,1,S2B_30SUG_20240108_0_L2A,1.0,0.8564,0.1436,0.1231,-0.293,otsu,1.65,0.1448,8667.8,58.3,0.0469,591.9,0.0,0.0,0.1076,0.0488,0.0587,0.0,nublado,2026-09-03T08:13:04+00:00
fuente-piedra,2024-01-21,1,S2B_30SUG_20240121_0_L2A,1.0,0.3512,0.6488,0.0467,0.1758,otsu,1.038,0.0863,8667.8,476.4,0.0847,54.3,315.1,693.0,-0.1182,0.196,0.3286,0.498,nublado,2026-09-03T08:13:11+00:00
fuente-piedra,2024-01-23,1,S2A_30SUG_20240123_0_L2A,1.0,0.9815,0.0185,0.0423,0.0,fijo,,,8667.8,0.0,0.0,0.0,0.0,0.0,,,,,nublado,2026-09-03T08:13:04+00:00
fuente-piedra,2024-01-31,1,S2B_30SUG_20240131_0_L2A,1.0,0.0031,0.9969,0.0574,0.082,otsu,1.318,0.1048,8667.8,198.4,0.023,309.1,141.9,842.0,0.0011,0.0884,0.117,0.0058,espectro_anomalo,2026-09-03T08:13:11+00:00
fuente-piedra,2024-02-02,1,S2A_30SUG_20240202_0_L2A,1.0,0.0526,0.9474,0.0477,0.1367,otsu,1.342,0.074,8667.8,197.8,0.0241,366.5,200.3,733.9,0.0153,0.1055,0.1709,0.0609,espectro_anomalo,2026-09-03T08:13:11+00:00
fuente-piedra,2024-02-05,1,S2A_30SUG_20240205_0_L2A,1.0,0.9943,0.0057,0.0856,0.0,fijo,,,8667.8,0.0,0.0,0.0,0.0,0.0,,,,,nublado,2026-09-03T08:13:11+00:00
fuente-piedra,2024-02-17,1,S2B_30SUG_20240217_0_L2A,1.0,0.0007,0.9993,0.0443,0.1914,otsu,1.162,0.0678,8667.8,312.2,0.036,303.1,385.3,840.4,-0.1479,0.2238,0.3597,0.5741,espectro_anomalo,2026-09-03T08:13:11+00:00
fuente-piedra,2024-02-20,1,S2B_30SUG_20240220_0_L2A,1.0,0.0015,0.9985,0.0507,0.1758,otsu,1.098,0.0647,8667.8,324.0,0.0374,235.8,317.2,734.2,-0.1431,0.2251,0.3285,0.6488,ok,2026-09-03T08:13:11+00:00
fuente-piedra,2024-02-27,1,S2B_30SUG_20240227_0_L2A,1.0,0.0026,0.9974,0.0456,0.1758,otsu,1.133,0.0934,8667.8,571.7,0.0661,53.2,366.8,822.8,-0.0642,0.1305,0.1959,0.0869,espectro_anomalo,2026-09-03T08:13:11+00:00
fuente-piedra,2024-03-01,1,S2B_30SUG_20240301_0_L2A,1.0,0.0133,0.9867,0.0578,0.1602,otsu,1.049,0.1006,8667.8,540.9,0.0632,20.0,319.2,649.4,-0.0097,0.0863,0.1232,0.0015,ok,2026-09-03T08:13:11+00:00
fuente-piedra,2024-03-03,1,S2A_30SUG_20240303_0_L2A,1.0,0.4922,0.5078,0.0736,0.168,otsu,0.879,0.0922,8667.8,251.0,0.057,1.0,210.3,309.2,-0.0482,0.0534,0.0842,0.0,nublado,2026-09-03T08:13:11+00:00
fuente-piedra,2024-03-06,1,S2A_30SUG_20240306_0_L2A,1.0,0.0033,0.9967,0.052,0.1602,otsu,1.187,0.1025,8667.8,540.0,0.0625,14.9,289.7,746.1,0.027,0.0569,0.0772,0.0004,espectro_anomalo,2026-09-03T08:13:11+00:00
fuente-piedra,2024-03-11,1,S2B_30SUG_20240311_0_L2A,1.0,0.6007,0.3993,0.0609,0.1445,otsu,1.075,0.1052,8667.8,227.2,0.0656,52.5,130.5,347.4,0.01,0.0851,0.1421,0.0139,nublado,2026-09-03T08:13:11+00:00
fuente-piedra,2024-03-16,1,S2A_30SUG_20240316_0_L2A,1.0,0.004,0.996,0.0578,0.1914,otsu,0.862,0.0766,8667.8,690.5,0.08,23.4,497.2,813.7,-0.0409,0.1379,0.1923,0.0657,ok,2026-09-03T08:13:19+00:00
fuente-piedra,2024-03-26,1,S2A_30SUG_20240326_0_L2A,1.0,0.398,0.602,0.0472,0.1445,otsu,0.836,0.0883,8667.8,464.2,0.089,83.6,318.3,625.2,-0.0411,0.1332,0.1922,0.0723,nublado,2026-09-03T08:13:11+00:00
fuente-piedra,2024-04-02,1,S2A_30SUG_20240402_0_L2A,1.0,0.5459,0.4541,0.077,0.043,otsu,1.01,0.0959,8667.8,254.0,0.0645,64.0,158.3,347.9,-0.0181,0.1148,0.1672,0.0157,nublado,2026-09-03T08:13:19+00:00
fuente-piedra,2024-04-07,1,S2B_30SUG_20240407_0_L2A,1.0,0.0691,0.9309,0.0573,-0.168,otsu,1.454,0.0812,8667.8,357.2,0.0443,131.0,152.3,540.2,0.0417,0.1028,0.1443,0.0038,espectro_anomalo,2026-09-03T08:13:19+00:00
fuente-piedra,2024-04-10,1,S2B_30SUG_20240410_0_L2A,1.0,0.009,0.991,0.0672,0.0117,otsu,0.919,0.1023,8667.8,786.8,0.0916,46.4,556.5,879.0,0.001,0.0817,0.126,0.0013,ok,2026-09-03T08:13:19+00:00
fuente-piedra,2024-04-12,1,S2A_30SUG_20240412_0_L2A,1.0,0.0099,0.9901,0.068,0.1914,otsu,0.962,0.0753,8667.8,801.6,0.0934,22.3,548.1,948.8,-0.0233,0.1059,0.1576,0.0071,ok,2026-09-03T08:13:19+00:00
fuente-piedra,2024-04-15,1,S2A_30SUG_20240415_0_L2A,1.0,0.0071,0.9929,0.0623,0.1602,otsu,1.006,0.0838,8667.8,749.0,0.087,48.2,514.4,931.9,-0.0103,0.0914,0.1277,0.0004,ok,2026-09-03T08:13:19+00:00
fuente-piedra,2024-04-17,1,S2B_30SUG_20240417_0_L2A,1.0,0.0765,0.9235,0.0938,0.0664,otsu,1.106,0.1035,8667.8,636.6,0.0795,9.6,378.6,843.1,-0.0074,0.0705,0.1007,0.0,espectro_anomalo,2026-09-03T08:13:19+00:00
fuente-piedra,2024-04-22,1,S2A_30SUG_20240422_0_L2A,1.0,0.0379,0.9621,0.0701,0.1523,otsu,1.163,0.0962,8667.8,651.4,0.0781,5.6,367.8,857.3,0.0224,0.0502,0.0812,0.0,espectro_anomalo,2026-09-03T08:13:19+00:00
fuente-piedra,2024-04-30,1,S2B_30SUG_20240430_0_L2A,1.0,0.3683,0.6317,0.0792,0.0508,otsu,1.155,0.1271,8667.8,290.6,0.0531,0.7,103.1,352.0,0.0318,0.0427,0.0592,0.0,nublado,2026-09-03T08:13:19+00:00
fuente-piedra,2024-05-02,1,S2A_30SUG_20240502_0_L2A,1.0,0.0853,0.9147,0.0663,0.168,otsu,1.183,0.1108,8667.8,418.9,0.0528,3.0,232.5,626.4,0.008,0.0464,0.0721,0.0001,espectro_anomalo,2026-09-03T08:13:19+00:00
fuente-piedra,2024-05-07,1,S2B_30SUG_20240507_0_L2A,1.0,0.1812,0.8188,0.084,0.1367,otsu,1.185,0.1195,8667.8,271.1,0.0382,3.1,115.4,454.2,0.0179,0.0524,0.0748,0.0,espectro_anomalo,2026-09-03T08:13:19+00:00
fuente-piedra,2024-05-10,1,S2B_30SUG_20240510_0_L2A,1.0,0.6634,0.3366,0.077,-0.2617,otsu,1.22,0.1748,8667.8,290.8,0.0997,10.5,6.6,414.7,0.0681,0.0373,0.047,0.0006,nublado,2026-09-03T08:13:27+00:00
fuente-piedra,2024-05-12,1,S2A_30SUG_20240512_0_L2A,1.0,0.2267,0.7733,0.0928,-0.2148,otsu,1.217,0.1888,8667.8,602.0,0.0898,6.3,1.8,975.0,0.0555,0.0423,0.0506,0.002,nublado,2026-09-03T08:13:19+00:00
fuente-piedra,2024-05-15,1,S2A_30SUG_20240515_0_L2A,1.0,0.0729,0.9271,0.0716,-0.2695,otsu,1.232,0.1809,8667.8,456.8,0.0568,18.0,2.1,921.3,0.0638,0.0356,0.0459,0.0013,espectro_anomalo,2026-09-03T08:13:27+00:00
fuente-piedra,2024-05-20,1,S2B_30SUG_20240520_0_L2A,1.0,0.0895,0.9105,0.079,0.0,fijo,1.187,0.1707,8667.8,83.8,0.0106,4.7,3.2,934.8,0.0151,0.0334,0.0439,0.0081,espectro_anomalo,2026-09-03T08:13:27+00:00
fuente-piedra,2024-05-22,1,S2A_30SUG_20240522_0_L2A,1.0,0.0934,0.9066,0.0958,-0.2617,otsu,1.166,0.1822,8667.8,287.5,0.0366,9.4,3.2,960.7,0.0487,0.0366,0.0455,0.0057,espectro_anomalo,2026-09-03T08:13:27+00:00
fuente-piedra,2024-05-25,1,S2A_30SUG_20240525_0_L2A,1.0,0.0896,0.9104,0.0866,0.0,fijo,1.165,0.1788,8667.8,47.0,0.006,3.6,2.5,948.8,0.0213,0.0396,0.0594,0.0,espectro_anomalo,2026-09-03T08:13:27+00:00
fuente-piedra,2024-05-27,1,S2B_30SUG_20240527_0_L2A,1.0,0.1077,0.8923,0.1076,0.0,fijo,1.132,0.1599,8667.8,36.5,0.0047,4.9,2.9,987.6,0.0071,0.0338,0.0724,0.0,espectro_anomalo,2026-09-03T08:13:27+00:00
fuente-piedra,2024-05-30,1,S2B_30SUG_20240530_0_L2A,1.0,0.1013,0.8987,0.0891,0.0,fijo,1.149,0.164,8667.8,20.1,0.0026,3.4,1.8,942.2,0.0144,0.0439,0.0841,0.0,espectro_anomalo,2026-09-03T08:13:27+00:00
fuente-piedra,2024-06-01,1,S2A_30SUG_20240601_0_L2A,1.0,0.1071,0.8929,0.1081,0.0,fijo,1.106,0.1764,8667.8,24.4,0.0032,1.7,1.5,965.4,0.0125,0.0525,0.097,0.0245,espectro_anomalo,2026-09-03T08:13:27+00:00
fuente-piedra,2024-06-04,1,S2A_30SUG_20240604_0_L2A,1.0,0.1029,0.8971,0.087,0.0,fijo,1.139,0.1782,8667.8,17.8,0.0023,2.2,1.6,927.8,0.0239,0.0504,0.0805,0.0203,espectro_anomalo,2026-09-03T08:13:27+00:00
fuente-piedra,2024-06-06,1,S2B_30SUG_20240606_0_L2A,1.0,0.9895,0.0105,0.1047,0.0,fijo,,,8667.8,0.0,0.0004,0.0,0.1,0.2,,,,,nublado,2026-09-03T08:13:27+00:00
fuente-piedra,2024-06-11,1,S2A_30SUG_20240611_0_L2A,1.0,0.2566,0.7434,0.11,0.0,fijo,1.044,0.1273,8667.8,11.6,0.0018,6.2,35.0,346.1,0.0007,0.0298,0.051,0.0,nublado,2026-09-03T08:13:27+00:00
fuente-piedra,2024-06-14,1,S2A_30SUG_20240614_0_L2A,1.0,0.0421,0.9579,0.0877,-0.332,otsu,1.248,0.1887,8667.8,761.7,0.0917,36.0,1.8,792.7,0.0789,0.0456,0.0552,0.001,espectro_anomalo,2026-09-03T08:13:35+00:00
fuente-piedra,2024-06-16,1,S2B_30SUG_20240616_0_L2A,1.0,0.0773,0.9227,0.1095,-0.3008,otsu,1.259,0.1908,8667.8,447.6,0.056,14.5,1.7,865.2,0.0636,0.0338,0.0455,0.0,espectro_anomalo,2026-09-03T08:13:27+00:00
fuente-piedra,2024-06-19,1,S2B_30SUG_20240619_0_L2A,1.0,0.5264,0.4736,0.1167,0.0,fijo,1.17,0.1163,8667.8,33.2,0.0081,1.5,14.8,421.4,-0.0166,0.0199,0.0268,0.0277,nublado,2026-09-03T08:13:35+00:00
fuente-piedra,2024-06-21,1,S2A_30SUG_20240621_0_L2A,1.0,0.0772,0.9228,0.1079,0.0,fijo,1.256,0.1912,8667.8,11.6,0.0015,4.4,2.0,858.4,0.0171,0.0532,0.0549,0.069,espectro_anomalo,2026-09-03T08:13:35+00:00
fuente-piedra,2024-06-24,1,S2A_30SUG_20240624_0_L2A,1.0,0.0624,0.9376,0.094,0.0,fijo,1.223,0.1904,8667.8,10.2,0.0013,1.4,0.6,801.0,0.0445,0.0379,0.0521,0.0,espectro_anomalo,2026-09-03T08:13:35+00:00
fuente-piedra,2024-07-01,1,S2A_30SUG_20240701_0_L2A,1.0,0.057,0.943,0.1038,-0.3477,otsu,1.266,0.1912,8667.8,690.0,0.0844,48.0,1.6,695.6,0.0899,0.045,0.0573,0.0,espectro_anomalo,2026-09-03T08:13:35+00:00
fuente-piedra,2024-07-04,1,S2A_30SUG_20240704_0_L2A,1.0,0.0322,0.9678,0.0953,-0.3477,otsu,1.268,0.1902,8667.8,876.1,0.1044,39.1,0.0,690.9,0.0898,0.0433,0.0554,0.0002,espectro_anomalo,2026-09-03T08:13:35+00:00
fuente-piedra,2024-07-09,1,S2B_30SUG_20240709_0_L2A,1.0,0.0472,0.9528,0.0971,0.0,fijo,1.242,0.1909,8667.8,3.8,0.0005,4.8,1.8,702.4,0.0539,0.038,0.0625,0.0105,espectro_anomalo,2026-09-03T08:13:35+00:00
fuente-piedra,2024-07-11,1,S2A_30SUG_20240711_0_L2A,1.0,0.0738,0.9262,0.1098,0.0,fijo,1.226,0.1847,8667.8,1.8,0.0002,2.0,0.8,703.2,0.0631,0.0516,0.0765,0.0,espectro_anomalo,2026-09-03T08:13:35+00:00
fuente-piedra,2024-07-14,1,S2A_30SUG_20240714_0_L2A,1.0,0.0469,0.9531,0.0956,0.0,fijo,1.26,0.1919,8667.8,4.0,0.0005,4.7,1.6,723.1,0.0665,0.0311,0.0449,0.01,espectro_anomalo,2026-09-03T08:13:35+00:00
fuente-piedra,2024-07-16,1,S2B_30SUG_20240716_0_L2A,1.0,0.0789,0.9211,0.1166,0.0,fijo,1.188,0.1914,8667.8,3.2,0.0004,5.1,1.4,772.7,0.0667,0.0335,0.0439,0.0,espectro_anomalo,2026-09-03T08:13:35+00:00
fuente-piedra,2024-07-19,1,S2B_30SUG_20240719_0_L2A,1.0,0.0496,0.9504,0.0992,0.0,fijo,1.278,0.1861,8667.8,1.0,0.0001,1.2,0.6,653.9,0.0201,0.0804,0.1938,0.08,espectro_anomalo,2026-09-03T08:13:35+00:00
fuente-piedra,2024-07-21,1,S2A_30SUG_20240721_0_L2A,1.0,0.0718,0.9282,0.1124,0.0,fijo,1.22,0.1922,8667.8,2.4,0.0003,4.3,1.9,766.9,-0.0931,0.1583,0.3906,0.35,espectro_anomalo,2026-09-03T08:13:35+00:00
fuente-piedra,2024-07-24,1,S2A_30SUG_20240724_0_L2A,1.0,0.0465,0.9535,0.0985,0.0,fijo,1.268,0.1914,8667.8,2.7,0.0003,2.5,2.0,690.9,-0.0576,0.1304,0.312,0.2985,espectro_anomalo,2026-09-03T08:13:41+00:00
fuente-piedra,2024-07-26,1,S2B_30SUG_20240726_0_L2A,1.0,0.0874,0.9126,0.1164,0.0,fijo,1.216,0.1821,8667.8,1.8,0.0002,4.1,1.9,766.2,-0.0029,0.1028,0.4097,0.1304,espectro_anomalo,2026-09-03T08:13:41+00:00
fuente-piedra,2024-07-31,1,S2A_30SUG_20240731_0_L2A,1.0,0.0621,0.9379,0.1111,0.0,fijo,1.251,0.1889,8667.8,0.5,0.0001,1.7,0.7,682.4,0.0664,0.0747,0.1052,0.0,espectro_anomalo,2026-09-03T08:13:41+00:00
fuente-piedra,2024-08-03,1,S2A_30SUG_20240803_0_L2A,1.0,0.0342,0.9658,0.0986,0.0,fijo,1.268,0.1852,8667.8,2.2,0.0003,4.6,1.8,596.4,0.0096,0.1097,0.2111,0.1636,espectro_anomalo,2026-09-03T08:13:41+00:00
fuente-piedra,2024-08-05,1,S2B_30SUG_20240805_0_L2A,1.0,0.075,0.925,0.1157,0.0,fijo,1.272,0.1857,8667.8,1.2,0.0001,5.1,1.5,728.6,0.0545,0.0733,0.1141,0.0,espectro_anomalo,2026-09-03T08:13:41+00:00
fuente-piedra,2024-08-08,1,S2B_30SUG_20240808_0_L2A,1.0,0.0474,0.9526,0.0987,0.0,fijo,1.27,0.1839,8667.8,0.8,0.0001,5.3,0.6,607.1,0.0524,0.0826,0.1254,0.0,espectro_anomalo,2026-09-03T08:13:41+00:00
fuente-piedra,2024-08-10,1,S2A_30SUG_20240810_0_L2A,1.0,0.0538,0.9462,0.1132,0.0,fijo,1.251,0.1907,8667.8,0.7,0.0001,3.2,0.0,677.2,0.0752,0.0749,0.1127,0.0,espectro_anomalo,2026-09-03T08:13:41+00:00
fuente-piedra,2024-08-15,1,S2B_30SUG_20240815_0_L2A,1.0,0.076,0.924,0.1135,0.0,fijo,1.24,0.184,8667.8,0.8,0.0001,4.8,0.2,706.3,0.0578,0.0831,0.1021,0.0,espectro_anomalo,2026-09-03T08:13:41+00:00
fuente-piedra,2024-08-18,1,S2B_30SUG_20240818_0_L2A,1.0,0.0667,0.9333,0.0993,0.0,fijo,1.238,0.188,8667.8,0.4,0.0,5.7,1.2,552.1,0.0297,0.0971,0.1232,0.0,espectro_anomalo,2026-09-03T08:13:41+00:00
fuente-piedra,2024-08-20,1,S2A_30SUG_20240820_0_L2A,1.0,0.065,0.935,0.1086,0.0,fijo,1.226,0.1905,8667.8,0.4,0.0001,5.6,1.5,701.6,0.0333,0.111,0.1383,0.0,espectro_anomalo,2026-09-03T08:13:41+00:00
fuente-piedra,2024-08-23,1,S2A_30SUG_20240823_0_L2A,1.0,0.0465,0.9535,0.0934,0.0,fijo,1.26,0.1843,8667.8,0.2,0.0,6.0,1.0,617.5,,,,,espectro_anomalo,2026-09-03T08:13:41+00:00
fuente-piedra,2024-08-25,1,S2B_30SUG_20240825_0_L2A,1.0,0.0737,0.9263,0.1092,0.0,fijo,1.281,0.1863,8667.8,0.3,0.0,2.3,0.0,677.3,0.0503,0.0978,0.1101,0.0,espectro_anomalo,2026-09-03T08:13:49+00:00
fuente-piedra,2024-08-28,1,S2B_30SUG_20240828_0_L2A,1.0,0.0382,0.9618,0.0998,0.0,fijo,1.264,0.1834,8667.8,0.3,0.0,3.0,0.0,529.6,0.0343,0.108,0.121,0.0,espectro_anomalo,2026-09-03T08:13:41+00:00
fuente-piedra,2024-08-30,1,S2A_30SUG_20240830_0_L2A,1.0,0.3451,0.6549,0.1068,0.0,fijo,1.277,0.1752,8667.8,0.0,0.0,0.5,0.0,83.7,,,,,nublado,2026-09-03T08:13:49+00:00
fuente-piedra,2024-09-02,1,S2A_30SUG_20240902_0_L2A,1.0,0.0302,0.9698,0.0877,0.0,fijo,1.239,0.1846,8667.8,0.8,0.0001,7.0,0.0,563.7,0.0488,0.1111,0.1339,0.0,espectro_anomalo,2026-09-03T08:13:49+00:00
fuente-piedra,2024-09-04,1,S2B_30SUG_20240904_0_L2A,1.0,0.0587,0.9413,0.1058,0.0,fijo,1.282,0.1904,8667.8,0.2,0.0,7.1,0.0,653.6,,,,,espectro_anomalo,2026-09-03T08:13:49+00:00
fuente-piedra,2024-09-07,1,S2B_30SUG_20240907_0_L2A,1.0,1.0,0.0,,0.0,fijo,,,8667.8,0.0,0.0,0.0,0.0,0.0,,,,,nublado,2026-09-03T08:13:49+00:00
fuente-piedra,2024-09-09,1,S2A_30SUG_20240909_0_L2A,1.0,0.0086,0.9914,0.0907,0.0,fijo,1.327,0.1438,8667.8,14.4,0.0017,10.1,0.9,547.4,0.0488,0.0658,0.0985,0.0,espectro_anomalo,2026-09-03T08:13:49+00:00
fuente-piedra,2024-09-12,1,S2A_30SUG_20240912_0_L2A,1.0,0.0302,0.9698,0.0954,-0.3477,otsu,1.3,0.1691,8667.8,1127.8,0.1342,55.2,0.8,547.3,0.0875,0.0474,0.058,0.0,espectro_anomalo,2026-09-03T08:13:49+00:00
fuente-piedra,2024-09-14,1,S2B_30SUG_20240914_0_L2A,1.0,0.6389,0.3611,0.1042,0.0,fijo,,,8667.8,0.3,0.0001,0.5,0.0,1.8,0.0766,0.0933,0.1086,0.0,nublado,2026-09-03T08:13:49+00:00
fuente-piedra,2024-09-22,1,S2A_30SUG_20240922_0_L2A,1.0,0.4997,0.5003,0.0897,0.0,fijo,1.278,0.0872,8667.8,0.3,0.0001,1.8,1.1,112.9,-0.0296,0.0076,0.0154,0.0,nublado,2026-09-03T08:13:49+00:00
fuente-piedra,2024-09-29,1,S2A_30SUG_20240929_0_L2A,1.0,0.0161,0.9839,0.0895,0.0,fijo,1.26,0.1743,8667.8,0.1,0.0,5.9,0.1,494.3,,,,,espectro_anomalo,2026-09-03T08:13:49+00:00
fuente-piedra,2024-10-02,1,S2A_30SUG_20241002_0_L2A,1.0,0.4653,0.5347,0.0872,0.0,fijo,1.26,0.1953,8667.8,0.2,0.0001,6.3,0.1,183.6,0.0439,0.0968,0.1031,0.0,nublado,2026-09-03T08:13:49+00:00
fuente-piedra,2024-10-04,1,S2B_30SUG_20241004_0_L2A,1.0,0.191,0.809,0.106,0.0,fijo,1.268,0.1561,8667.8,1.6,0.0002,9.0,0.1,369.7,0.0324,0.0721,0.1054,0.0,espectro_anomalo,2026-09-03T08:13:49+00:00
fuente-piedra,2024-10-17,1,S2B_30SUG_20241017_0_L2A,1.0,0.6177,0.3823,0.0777,-0.1211,otsu,1.216,0.0634,8667.8,276.8,0.0835,23.9,69.3,307.8,0.004,0.0358,0.0657,0.0032,nublado,2026-09-03T08:13:57+00:00
fuente-piedra,2024-10-19,1,S2A_30SUG_20241019_0_L2A,1.0,0.2413,0.7587,0.0804,0.0,fijo,1.274,0.1239,8667.8,155.2,0.0236,14.7,24.1,563.7,0.0227,0.0348,0.0482,0.0,nublado,2026-09-03T08:13:57+00:00
fuente-piedra,2024-10-22,1,S2A_30SUG_20241022_0_L2A,1.0,0.0497,0.9503,0.0646,0.0,fijo,1.219,0.128,8667.8,30.5,0.0037,14.1,0.6,425.4,0.0283,0.0415,0.0564,0.0013,espectro_anomalo,2026-09-03T08:13:57+00:00
fuente-piedra,2024-10-24,1,S2B_30SUG_20241024_0_L2A,1.0,0.0162,0.9838,0.0776,0.0,fijo,1.283,0.1126,8667.8,5.3,0.0006,8.7,0.6,418.3,0.0518,0.057,0.0933,0.015,espectro_anomalo,2026-09-03T08:13:57+00:00
fuente-piedra,2024-10-27,1,S2B_30SUG_20241027_0_L2A,1.0,0.3095,0.6905,0.0564,0.0742,otsu,1.277,0.0517,8667.8,329.9,0.0551,23.2,96.6,520.1,0.0407,0.0348,0.0676,0.0,nublado,2026-09-03T08:13:57+00:00
fuente-piedra,2024-11-01,2,S2A_30SUG_20241101_0_L2A;S2C_30SUG_20241101_1_L2A,1.0,0.2954,0.7046,0.0001,0.0352,otsu,0.195,0.0219,8667.8,614.5,0.1006,41.0,507.2,719.0,0.0497,0.0967,0.2401,0.1269,nublado,2026-09-03T08:13:57+00:00
fuente-piedra,2024-11-06,1,S2B_30SUG_20241106_0_L2A,1.0,0.0018,0.9982,0.0687,0.168,otsu,0.897,0.0833,8667.8,795.4,0.0919,48.7,541.0,956.8,-0.036,0.1578,0.2875,0.3014,ok,2026-09-03T08:13:57+00:00
fuente-piedra,2024-11-11,2,S2A_30SUG_20241111_0_L2A;S2C_30SUG_20241111_1_L2A,1.0,0.0007,0.9993,0.0001,-0.1133,otsu,0.241,0.0001,8667.8,522.2,0.0603,228.0,303.9,792.5,-0.2801,0.757,0.9953,0.9288,espectro_anomalo,2026-09-03T08:13:57+00:00
fuente-piedra,2024-11-16,1,S2B_30SUG_20241116_0_L2A,1.0,0.0045,0.9955,0.0472,0.1055,otsu,1.018,0.0561,8667.8,639.2,0.0741,220.2,502.4,946.4,-0.0996,0.253,0.367,0.6818,ok,2026-09-03T08:13:57+00:00
fuente-piedra,2024-11-18,2,S2A_30SUG_20241118_0_L2A;S2C_30SUG_20241118_1_L2A,1.0,0.6509,0.3491,0.0379,0.1133,otsu,1.374,0.0463,8667.8,215.0,0.0711,153.8,165.9,433.4,-0.0832,0.2471,0.3488,0.7222,nublado,2026-09-03T08:14:06+00:00
fuente-piedra,2024-11-23,1,S2B_30SUG_20241123_0_L2A,1.0,0.0491,0.9509,0.0558,0.1758,otsu,0.997,0.0594,8667.8,663.6,0.0805,197.6,506.9,960.6,-0.0658,0.2021,0.3385,0.431,ok,2026-09-03T08:13:57+00:00
fuente-piedra,2024-11-28,2,S2A_30SUG_20241128_0_L2A;S2C_30SUG_20241128_1_L2A,1.0,0.0005,0.9995,0.0001,-0.2227,otsu,2.197,0.0001,8667.8,509.4,0.0588,410.4,199.7,992.6,-0.2249,0.783,0.9949,0.8769,espectro_anomalo,2026-09-03T08:14:06+00:00
fuente-piedra,2024-12-03,1,S2B_30SUG_20241203_0_L2A,1.0,0.4137,0.5863,0.0824,0.0195,otsu,1.242,0.0807,8667.8,216.6,0.0426,66.1,175.0,400.0,-0.0953,0.1663,0.27,0.2982,nublado,2026-09-03T08:13:57+00:00
fuente-piedra,2024-12-06,1,S2B_30SUG_20241206_0_L2A,1.0,0.0159,0.9841,0.0442,0.1602,otsu,0.845,0.0562,8667.8,614.1,0.072,95.6,473.9,763.0,-0.0657,0.2165,0.3827,0.455,ok,2026-09-03T08:13:57+00:00
fuente-piedra,2024-12-08,2,S2A_30SUG_20241208_0_L2A;S2C_30SUG_20241208_1_L2A,1.0,0.0003,0.9997,0.0001,-0.2383,otsu,0.016,0.0001,8667.8,574.9,0.0663,217.2,188.8,859.2,-0.1067,0.561,0.9933,0.7198,espectro_anomalo,2026-09-03T08:14:06+00:00
fuente-piedra,2024-12-11,2,S2A_30SUG_20241211_0_L2A;S2C_30SUG_20241211_2_L2A,1.0,0.0259,0.9741,0.0477,0.1992,otsu,0.859,0.0636,8667.8,671.9,0.0796,47.2,496.9,816.0,-0.0627,0.1859,0.3353,0.3705,ok,2026-09-03T08:14:06+00:00
fuente-piedra,2024-12-13,1,S2B_30SUG_20241213_0_L2A,1.0,0.9882,0.0118,0.0275,0.0,fijo,,,8667.8,0.0,0.0,0.0,0.0,0.0,,,,,nublado,2026-09-03T08:14:06+00:00
fuente-piedra,2024-12-16,1,S2B_30SUG_20241216_0_L2A,1.0,0.0036,0.9964,0.0525,0.1055,otsu,1.142,0.0791,8667.8,624.8,0.0723,196.9,423.2,956.0,-0.0256,0.131,0.2333,0.1492,espectro_anomalo,2026-09-03T08:14:06+00:00
fuente-piedra,2024-12-18,2,S2A_30SUG_20241218_0_L2A;S2C_30SUG_20241218_1_L2A,1.0,0.3245,0.6755,0.0001,-0.1133,otsu,0.986,0.0001,8667.8,33.8,0.0058,54.8,38.6,79.2,-0.316,0.5791,0.9962,0.9562,nublado,2026-09-03T08:14:06+00:00
fuente-piedra,2024-12-21,1,S2A_30SUG_20241221_0_L2A,1.0,0.0006,0.9994,0.0401,0.1836,otsu,1.002,0.0628,8667.8,621.0,0.0717,67.1,452.3,889.4,-0.0619,0.1863,0.3209,0.3715,ok,2026-09-03T08:14:06+00:00
fuente-piedra,2024-12-23,1,S2B_30SUG_20241223_0_L2A,1.0,0.0016,0.9984,0.0502,0.1992,otsu,1.007,0.0687,8667.8,620.5,0.0717,49.2,458.0,902.9,-0.0662,0.1907,0.3202,0.3781,ok,2026-09-03T08:14:06+00:00
fuente-piedra,2024-12-26,1,S2B_30SUG_20241226_0_L2A,1.0,0.0006,0.9994,0.0506,0.168,otsu,1.059,0.0686,8667.8,649.7,0.075,105.4,443.4,903.5,-0.0577,0.1793,0.3049,0.3642,ok,2026-09-03T08:14:06+00:00
fuente-piedra,2024-12-28,1,S2A_30SUG_20241228_0_L2A,1.0,0.109,0.891,0.0505,0.1602,otsu,0.99,0.0608,8667.8,541.6,0.0701,121.7,343.6,741.4,-0.0577,0.1712,0.291,0.3215,ok,2026-09-03T08:14:13+00:00
fuente-piedra,2024-12-31,1,S2A_30SUG_20241231_0_L2A,1.0,0.0005,0.9995,0.0454,0.168,otsu,1.059,0.067,8667.8,634.2,0.0732,77.1,426.5,866.4,-0.0576,0.1814,0.3044,0.3501,ok,2026-09-03T08:14:06+00:00
fuente-piedra,2025-01-02,1,S2B_30SUG_20250102_1_L2A,1.0,0.0011,0.9989,0.051,0.1914,otsu,1.081,0.0699,8667.8,589.4,0.0681,57.5,417.6,874.8,-0.0692,0.1807,0.2995,0.3402,ok,2026-09-03T08:14:06+00:00
fuente-piedra,2025-01-10,1,S2A_30SUG_20250110_0_L2A,1.0,0.1692,0.8308,0.0814,-0.082,otsu,1.141,0.1371,8667.8,524.7,0.0729,89.7,292.7,972.9,-0.0153,0.1064,0.1643,0.0352,espectro_anomalo,2026-09-03T08:14:13+00:00
fuente-piedra,2025-01-12,1,S2B_30SUG_20250112_0_L2A,1.0,0.0005,0.9995,0.0461,0.1758,otsu,1.102,0.0673,8667.8,544.8,0.0629,139.8,394.5,924.0,-0.0831,0.2106,0.3409,0.4954,espectro_anomalo,2026-09-03T08:14:13+00:00
fuente-piedra,2025-01-15,1,S2B_30SUG_20250115_0_L2A,1.0,0.0013,0.9987,0.0433,0.1914,otsu,1.024,0.062,8667.8,536.0,0.0619,91.9,375.7,786.0,-0.0813,0.2004,0.322,0.4465,ok,2026-09-03T08:14:13+00:00
fuente-piedra,2025-01-17,1,S2A_30SUG_20250117_0_L2A,1.0,0.0386,0.9614,0.0503,0.1914,otsu,0.985,0.0617,8667.8,539.6,0.0648,40.4,390.2,752.4,-0.0776,0.201,0.3172,0.4506,ok,2026-09-03T08:14:13+00:00
fuente-piedra,2025-01-22,1,S2B_30SUG_20250122_0_L2A,1.0,1.0,0.0,,0.0,fijo,,,8667.8,0.0,0.0,0.0,0.0,0.0,,,,,nublado,2026-09-03T08:14:13+00:00
fuente-piedra,2025-01-30,1,S2C_30SUG_20250130_0_L2A,1.0,0.3794,0.6206,0.0001,0.0,fijo,1.254,0.0411,8667.8,109.8,0.0204,47.1,28.2,778.1,-0.061,0.1836,0.4561,0.3042,nublado,2026-09-03T08:14:13+00:00
fuente-piedra,2025-02-01,1,S2B_30SUG_20250201_0_L2A,1.0,0.0001,0.9999,0.0428,0.1914,otsu,0.969,0.0629,8667.8,667.0,0.077,37.8,471.1,880.4,-0.0868,0.2105,0.3215,0.5228,ok,2026-09-03T08:14:13+00:00
fuente-piedra,2025-02-04,1,S2B_30SUG_20250204_0_L2A,1.0,0.0015,0.9985,0.037,0.1836,otsu,1.009,0.0649,8667.8,714.6,0.0826,177.8,530.0,1015.2,-0.0936,0.2164,0.3593,0.4883,ok,2026-09-03T08:14:13+00:00
fuente-piedra,2025-02-06,1,S2C_30SUG_20250206_0_L2A,1.0,0.001,0.999,0.0001,-0.2148,otsu,0.362,0.0001,8667.8,549.6,0.0635,276.4,250.3,896.7,-0.2238,0.5706,0.9945,0.717,espectro_anomalo,2026-09-03T08:14:13+00:00
fuente-piedra,2025-02-09,1,S2C_30SUG_20250209_0_L2A,1.0,0.0002,0.9998,0.0001,-0.168,otsu,0.049,0.0001,8667.8,612.0,0.0706,200.3,331.8,869.3,-0.2577,0.5528,0.9935,0.7615,espectro_anomalo,2026-09-03T08:14:13+00:00
fuente-piedra,2025-02-11,1,S2B_30SUG_20250211_0_L2A,1.0,0.0585,0.9415,0.0552,0.168,otsu,0.952,0.0718,8667.8,751.9,0.0921,68.7,509.6,973.6,-0.047,0.1564,0.2697,0.2416,ok,2026-09-03T08:14:13+00:00
fuente-piedra,2025-02-14,1,S2B_30SUG_20250214_0_L2A,1.0,0.0,1.0,0.0001,-0.1445,otsu,0.265,0.0001,8667.8,589.1,0.068,143.8,308.6,805.0,-0.2157,0.5443,0.9935,0.7776,espectro_anomalo,2026-09-03T08:14:20+00:00
fuente-piedra,2025-02-16,1,S2C_30SUG_20250216_0_L2A,1.0,0.2248,0.7752,0.0001,-0.2773,otsu,1.0,0.0001,8667.8,414.0,0.0616,88.3,121.9,453.2,-0.1514,0.2854,0.9896,0.3997,nublado,2026-09-03T08:14:20+00:00
fuente-piedra,2025-02-19,1,S2C_30SUG_20250219_0_L2A,1.0,0.0002,0.9998,0.0001,-0.1211,otsu,1.688,0.0001,8667.8,553.8,0.0639,311.7,289.7,926.6,-0.2286,0.5632,0.994,0.7706,espectro_anomalo,2026-09-03T08:14:20+00:00
fuente-piedra,2025-02-26,1,S2C_30SUG_20250226_0_L2A,1.0,0.0227,0.9773,0.0001,-0.0977,otsu,0.83,0.0001,8667.8,511.0,0.0603,194.9,285.0,794.7,-0.2786,0.4979,0.9943,0.6853,espectro_anomalo,2026-09-03T08:14:20+00:00
fuente-piedra,2025-03-11,1,S2C_30SUG_20250311_0_L2A,1.0,0.6788,0.3212,0.0543,0.0977,otsu,0.349,0.0735,8667.8,211.4,0.0759,28.1,204.4,232.5,-0.1042,0.1195,0.1956,0.0918,nublado,2026-09-03T08:14:20+00:00
fuente-piedra,2025-03-26,1,S2B_30SUG_20250326_0_L2A,1.0,0.0604,0.9396,0.0538,0.2227,otsu,0.205,0.0816,8667.8,1080.8,0.1327,11.1,1051.6,1098.9,-0.1018,0.0338,0.118,0.0207,ok,2026-09-03T08:14:20+00:00
fuente-piedra,2025-03-28,1,S2C_30SUG_20250328_0_L2A,1.0,0.0022,0.9978,0.0582,0.207,otsu,0.22,0.074,8667.8,1074.7,0.1243,9.3,1046.5,1096.0,-0.0962,0.0064,0.0957,0.012,ok,2026-09-03T08:14:20+00:00
fuente-piedra,2025-03-30,1,S2A_30SUG_20250330_0_L2A,1.0,0.0043,0.9957,0.0612,0.207,otsu,0.304,0.0737,8667.8,1078.1,0.1249,7.5,1044.0,1095.5,-0.0703,0.0193,0.087,0.0108,ok,2026-09-03T08:14:20+00:00
fuente-piedra,2025-03-31,1,S2C_30SUG_20250331_0_L2A,1.0,0.0407,0.9593,0.0579,0.0117,otsu,0.7,0.1291,8667.8,997.9,0.12,16.8,935.1,974.1,-0.0065,0.023,0.0545,0.0022,ok,2026-09-03T08:14:20+00:00
fuente-piedra,2025-04-07,1,S2C_30SUG_20250407_0_L2A,1.0,0.0028,0.9972,0.0547,0.1758,otsu,0.237,0.0745,8667.8,1072.2,0.124,6.8,1040.8,1085.6,-0.0948,0.0141,0.1413,0.0607,ok,2026-09-03T08:14:20+00:00
fuente-piedra,2025-04-09,1,S2A_30SUG_20250409_0_L2A,1.0,0.0042,0.9958,0.0641,0.0352,otsu,0.662,0.0905,8667.8,1072.2,0.1242,15.0,1006.3,1068.6,-0.0319,0.0555,0.131,0.0313,ok,2026-09-03T08:14:20+00:00
fuente-piedra,2025-04-15,1,S2B_30SUG_20250415_0_L2A,1.0,0.6114,0.3886,0.0733,0.0898,otsu,0.445,0.1234,8667.8,589.3,0.175,5.8,573.1,588.0,-0.0522,0.038,0.0886,0.007,nublado,2026-09-03T08:14:20+00:00
fuente-piedra,2025-04-19,1,S2A_30SUG_20250419_0_L2A,1.0,0.7392,0.2608,0.093,0.1602,otsu,0.499,0.1357,8667.8,388.9,0.172,0.7,382.3,388.4,-0.0593,0.022,0.0495,0.0,nublado,2026-09-03T08:14:30+00:00
fuente-piedra,2025-04-22,2,S2A_30SUG_20250422_1_L2A;S2B_30SUG_20250422_0_L2A,1.0,0.8205,0.1795,0.1079,0.1758,otsu,0.359,0.1398,8667.8,171.1,0.11,0.7,163.9,180.4,-0.0599,0.0082,0.0578,0.0,nublado,2026-09-03T08:14:30+00:00
fuente-piedra,2025-04-25,1,S2B_30SUG_20250425_0_L2A,1.0,0.0115,0.9885,0.0621,0.0273,otsu,0.504,0.1008,8667.8,1042.8,0.1217,10.3,932.8,1040.6,-0.0362,0.0319,0.0942,0.0014,ok,2026-09-03T08:14:30+00:00
fuente-piedra,2025-04-27,1,S2C_30SUG_20250427_0_L2A,1.0,0.0067,0.9933,0.0694,0.168,otsu,0.469,0.103,8667.8,1042.5,0.1211,3.7,976.8,1061.0,-0.0323,0.0054,0.0752,0.0082,ok,2026-09-03T08:14:30+00:00
fuente-piedra,2025-05-02,2,S2A_30SUG_20250502_1_L2A;S2B_30SUG_20250502_0_L2A,1.0,0.5515,0.4485,0.0659,0.1914,otsu,0.369,0.0889,8667.8,198.8,0.0512,4.9,200.9,228.5,-0.0843,0.0296,0.1937,0.0885,nublado,2026-09-03T08:14:30+00:00
fuente-piedra,2025-05-10,1,S2C_30SUG_20250510_0_L2A,1.0,0.5187,0.4813,0.0874,0.0508,otsu,0.478,0.0808,8667.8,361.0,0.0865,5.4,337.7,387.7,-0.0689,-0.0188,0.0668,0.0,nublado,2026-09-03T08:14:30+00:00
fuente-piedra,2025-05-12,2,S2A_30SUG_20250512_1_L2A;S2B_30SUG_20250512_0_L2A,1.0,0.159,0.841,0.0884,0.1758,otsu,0.39,0.1266,8667.8,807.1,0.1107,18.0,731.0,833.9,-0.0591,0.0105,0.1093,0.0157,ok,2026-09-03T08:14:30+00:00
fuente-piedra,2025-05-15,1,S2B_30SUG_20250515_1_L2A,1.0,0.265,0.735,0.0712,0.0117,otsu,0.733,0.1058,8667.8,157.3,0.0247,7.6,114.9,250.2,-0.0236,0.0491,0.1347,0.0053,nublado,2026-09-03T08:14:30+00:00
fuente-piedra,2025-05-17,1,S2C_30SUG_20250517_0_L2A,1.0,0.1412,0.8588,0.0762,0.1445,otsu,0.856,0.119,8667.8,970.3,0.1304,31.1,881.7,1029.5,0.0069,0.0337,0.0781,0.0196,ok,2026-09-03T08:14:30+00:00
fuente-piedra,2025-05-19,1,S2A_30SUG_20250519_0_L2A,1.0,0.0568,0.9432,0.0855,0.1523,otsu,0.662,0.1171,8667.8,663.2,0.0811,45.3,592.8,770.4,-0.0194,0.0233,0.0852,0.0051,ok,2026-09-03T08:14:30+00:00
fuente-piedra,2025-05-20,1,S2C_30SUG_20250520_0_L2A,1.0,0.0161,0.9839,0.0679,0.1602,otsu,0.349,0.1186,8667.8,826.5,0.0969,12.8,742.9,874.3,-0.0528,-0.0011,0.0874,0.0115,ok,2026-09-03T08:14:30+00:00
fuente-piedra,2025-05-22,2,S2A_30SUG_20250522_1_L2A;S2B_30SUG_20250522_0_L2A,1.0,0.0129,0.9871,0.0924,0.1914,otsu,0.418,0.1144,8667.8,901.3,0.1053,33.9,799.4,997.1,-0.0503,0.019,0.0996,0.0121,ok,2026-09-03T08:14:37+00:00
fuente-piedra,2025-05-25,1,S2B_30SUG_20250525_0_L2A,1.0,0.0054,0.9946,0.0716,0.168,otsu,0.441,0.1153,8667.8,826.9,0.0959,63.5,743.0,985.1,-0.0561,0.0262,0.1249,0.0284,ok,2026-09-03T08:14:37+00:00
fuente-piedra,2025-05-27,1,S2C_30SUG_20250527_0_L2A,1.0,0.3357,0.6643,0.0956,0.1211,otsu,0.792,0.1317,8667.8,699.4,0.1215,45.8,617.8,792.6,-0.017,0.0322,0.1138,0.0079,nublado,2026-09-03T08:14:37+00:00
fuente-piedra,2025-05-29,1,S2A_30SUG_20250529_1_L2A,1.0,0.0146,0.9854,0.0918,0.0508,otsu,1.06,0.1302,8667.8,848.2,0.0993,21.4,403.6,938.9,0.0129,0.0623,0.1245,0.0234,ok,2026-09-03T08:14:37+00:00
fuente-piedra,2025-05-30,1,S2C_30SUG_20250530_0_L2A,1.0,0.0954,0.9046,0.0822,-0.207,otsu,1.343,0.1424,8667.8,205.4,0.0262,26.3,0.6,503.5,0.062,0.0644,0.1046,0.001,espectro_anomalo,2026-09-03T08:14:30+00:00
fuente-piedra,2025-06-04,1,S2B_30SUG_20250604_0_L2A,1.0,0.037,0.963,0.0892,0.0742,otsu,1.005,0.1322,8667.8,492.8,0.059,16.7,371.0,817.0,0.0049,0.0381,0.0712,0.0006,ok,2026-09-03T08:14:37+00:00
fuente-piedra,2025-06-06,1,S2C_30SUG_20250606_0_L2A,1.0,0.0166,0.9834,0.099,0.168,otsu,0.8,0.1235,8667.8,689.0,0.0808,4.8,571.2,991.2,0.0016,0.0141,0.0474,0.0003,ok,2026-09-03T08:14:37+00:00
fuente-piedra,2025-06-08,1,S2A_30SUG_20250608_0_L2A,1.0,0.0212,0.9788,0.0991,-0.0039,otsu,0.964,0.1273,8667.8,662.5,0.0781,3.3,433.7,957.8,0.0257,0.0376,0.0582,0.0004,ok,2026-09-03T08:14:37+00:00
fuente-piedra,2025-06-11,2,S2A_30SUG_20250611_1_L2A;S2B_30SUG_20250611_0_L2A,1.0,0.6388,0.3612,0.1042,0.1055,otsu,0.564,0.1398,8667.8,122.4,0.0391,0.3,113.8,137.8,-0.023,0.0102,0.0397,0.0,nublado,2026-09-03T08:14:37+00:00
fuente-piedra,2025-06-14,1,S2B_30SUG_20250614_0_L2A,1.0,0.0759,0.9241,0.0852,-0.1758,otsu,1.185,0.1646,8667.8,668.3,0.0834,4.5,188.0,785.3,0.0553,0.0408,0.0523,0.0009,espectro_anomalo,2026-09-03T08:14:37+00:00
fuente-piedra,2025-06-18,1,S2A_30SUG_20250618_0_L2A,1.0,0.1091,0.8909,0.0993,-0.0742,otsu,1.221,0.1229,8667.8,484.3,0.0627,3.7,82.2,779.5,0.0502,0.0469,0.0572,0.0006,espectro_anomalo,2026-09-03T08:14:37+00:00
fuente-piedra,2025-06-21,2,S2A_30SUG_20250621_1_L2A;S2B_30SUG_20250621_0_L2A,1.0,0.1077,0.8923,0.1051,-0.1289,otsu,1.197,0.1857,8667.8,116.4,0.015,5.6,2.4,528.3,0.0318,0.0402,0.0528,0.0,espectro_anomalo,2026-09-03T08:14:47+00:00
fuente-piedra,2025-06-24,1,S2B_30SUG_20250624_0_L2A,1.0,0.2888,0.7112,0.0963,0.0,fijo,1.102,0.1871,8667.8,24.6,0.004,0.8,0.4,776.4,0.0222,0.0396,0.0482,0.0114,nublado,2026-09-03T08:14:37+00:00
fuente-piedra,2025-06-26,1,S2C_30SUG_20250626_0_L2A,1.0,0.1085,0.8915,0.1042,0.0,fijo,1.181,0.1756,8667.8,90.4,0.0117,3.8,3.4,653.6,0.0294,0.0256,0.0365,0.0,espectro_anomalo,2026-09-03T08:14:37+00:00
fuente-piedra,2025-06-28,1,S2A_30SUG_20250628_0_L2A,1.0,0.1139,0.8861,0.1033,0.0,fijo,1.061,0.1696,8667.8,78.8,0.0103,2.4,19.3,752.6,0.0211,0.0242,0.0356,0.0,incoherente,2026-09-03T08:14:47+00:00
fuente-piedra,2025-06-29,1,S2C_30SUG_20250629_0_L2A,1.0,0.1027,0.8973,0.0979,0.0,fijo,1.145,0.1812,8667.8,77.8,0.01,0.1,0.7,956.2,0.0302,0.0309,0.0422,0.0051,espectro_anomalo,2026-09-03T08:14:47+00:00
fuente-piedra,2025-07-01,2,S2A_30SUG_20250701_1_L2A;S2B_30SUG_20250701_0_L2A,1.0,0.1136,0.8864,0.1109,0.0,fijo,1.106,0.1551,8667.8,64.4,0.0084,2.3,2.4,814.0,0.0289,0.0372,0.0507,0.0019,espectro_anomalo,2026-09-03T08:14:47+00:00
fuente-piedra,2025-07-04,1,S2B_30SUG_20250704_0_L2A,1.0,0.1056,0.8944,0.0906,0.0,fijo,1.131,0.1608,8667.8,44.3,0.0057,0.2,0.6,851.0,0.0338,0.0341,0.0501,0.0054,espectro_anomalo,2026-09-03T08:14:47+00:00
fuente-piedra,2025-07-06,1,S2C_30SUG_20250706_0_L2A,1.0,0.114,0.886,0.1081,0.0,fijo,1.071,0.1452,8667.8,60.0,0.0078,2.4,13.4,845.7,0.0253,0.0293,0.046,0.0013,incoherente,2026-09-03T08:14:47+00:00
fuente-piedra,2025-07-08,1,S2A_30SUG_20250708_0_L2A,1.0,0.1132,0.8868,0.106,0.0,fijo,1.116,0.134,8667.8,52.9,0.0069,1.4,2.4,866.5,0.0305,0.0406,0.0515,0.0174,espectro_anomalo,2026-09-03T08:14:47+00:00
fuente-piedra,2025-07-09,1,S2C_30SUG_20250709_0_L2A,1.0,0.101,0.899,0.0958,0.0,fijo,1.182,0.1585,8667.8,38.1,0.0049,0.1,0.3,943.4,0.0457,0.0413,0.0553,0.0084,espectro_anomalo,2026-09-03T08:14:47+00:00
fuente-piedra,2025-07-11,2,S2A_30SUG_20250711_1_L2A;S2B_30SUG_20250711_0_L2A,1.0,0.1165,0.8835,0.1101,0.0,fijo,1.124,0.1259,8667.8,50.5,0.0066,3.1,3.0,882.9,0.0204,0.0286,0.0428,0.0016,espectro_anomalo,2026-09-03T08:14:47+00:00
fuente-piedra,2025-07-14,1,S2B_30SUG_20250714_0_L2A,1.0,0.1054,0.8946,0.0913,0.0,fijo,1.232,0.1223,8667.8,30.6,0.0039,2.2,2.1,959.7,0.047,0.0415,0.057,0.0209,espectro_anomalo,2026-09-03T08:14:47+00:00
fuente-piedra,2025-07-16,1,S2C_30SUG_20250716_0_L2A,1.0,0.1138,0.8862,0.1083,0.0,fijo,1.177,0.1183,8667.8,35.8,0.0047,2.8,1.8,864.1,0.0501,0.0279,0.0453,0.0011,espectro_anomalo,2026-09-03T08:14:47+00:00
fuente-piedra,2025-07-18,1,S2A_30SUG_20250718_0_L2A,1.0,0.1134,0.8866,0.1068,0.0,fijo,1.198,0.1174,8667.8,38.7,0.005,2.8,1.5,941.0,0.0368,0.0369,0.0475,0.0248,espectro_anomalo,2026-09-03T08:14:55+00:00
fuente-piedra,2025-07-19,1,S2C_30SUG_20250719_0_L2A,1.0,0.106,0.894,0.0921,0.0,fijo,1.22,0.1204,8667.8,37.6,0.0049,1.3,1.8,967.6,0.0384,0.0377,0.0561,0.0202,espectro_anomalo,2026-09-03T08:14:47+00:00
fuente-piedra,2025-07-21,2,S2A_30SUG_20250721_1_L2A;S2B_30SUG_20250721_0_L2A,1.0,0.1168,0.8832,0.1121,0.0,fijo,1.211,0.1232,8667.8,34.6,0.0045,3.2,2.2,954.6,0.0313,0.0423,0.0525,0.0382,espectro_anomalo,2026-09-03T08:14:55+00:00
fuente-piedra,2025-07-24,1,S2B_30SUG_20250724_0_L2A,1.0,0.12,0.88,0.0936,0.0,fijo,1.208,0.1173,8667.8,27.2,0.0036,2.7,2.3,980.8,0.0445,0.047,0.064,0.0441,espectro_anomalo,2026-09-03T08:14:55+00:00
fuente-piedra,2025-07-26,1,S2C_30SUG_20250726_0_L2A,1.0,0.1162,0.8838,0.1101,0.0,fijo,1.206,0.1341,8667.8,23.5,0.0031,2.6,0.4,965.2,0.06,0.0293,0.0441,0.0017,espectro_anomalo,2026-09-03T08:14:55+00:00
fuente-piedra,2025-07-28,1,S2A_30SUG_20250728_0_L2A,1.0,0.1138,0.8862,0.111,0.0,fijo,1.193,0.1425,8667.8,29.8,0.0039,4.2,0.6,997.5,0.0528,0.0321,0.0454,0.0027,espectro_anomalo,2026-09-03T08:14:55+00:00
fuente-piedra,2025-07-29,1,S2C_30SUG_20250729_0_L2A,1.0,0.1063,0.8937,0.0955,0.0,fijo,1.233,0.1312,8667.8,22.2,0.0029,0.8,1.5,975.1,0.0516,0.054,0.0794,0.0649,espectro_anomalo,2026-09-03T08:14:55+00:00
fuente-piedra,2025-07-31,2,S2A_30SUG_20250731_1_L2A;S2B_30SUG_20250731_0_L2A,1.0,0.1164,0.8836,0.1133,0.0,fijo,1.248,0.1387,8667.8,19.6,0.0026,2.6,0.1,990.1,0.0634,0.042,0.0535,0.0041,espectro_anomalo,2026-09-03T08:14:55+00:00
fuente-piedra,2025-08-03,1,S2B_30SUG_20250803_0_L2A,1.0,0.1055,0.8945,0.0978,0.0,fijo,1.276,0.1392,8667.8,14.2,0.0018,1.8,0.0,947.1,0.0753,0.0317,0.0446,0.0,espectro_anomalo,2026-09-03T08:14:55+00:00
fuente-piedra,2025-08-05,1,S2C_30SUG_20250805_0_L2A,1.0,0.1126,0.8874,0.1126,0.0,fijo,1.37,0.1428,8667.8,3.7,0.0005,0.0,0.0,917.8,0.0877,0.04,0.0488,0.0,espectro_anomalo,2026-09-03T08:14:55+00:00
fuente-piedra,2025-08-07,1,S2A_30SUG_20250807_1_L2A,1.0,0.1257,0.8743,0.1047,0.0,fijo,1.43,0.1189,8667.8,3.3,0.0004,0.0,0.0,986.1,0.0924,0.0485,0.0601,0.0,espectro_anomalo,2026-09-03T08:14:55+00:00
fuente-piedra,2025-08-08,1,S2C_30SUG_20250808_0_L2A,1.0,0.1008,0.8992,0.0938,0.0,fijo,1.285,0.1344,8667.8,8.4,0.0011,1.5,0.0,952.0,0.0734,0.0393,0.0538,0.0,espectro_anomalo,2026-09-03T08:14:55+00:00
fuente-piedra,2025-08-10,2,S2A_30SUG_20250810_1_L2A;S2B_30SUG_20250810_0_L2A,1.0,0.1139,0.8861,0.1081,0.0,fijo,1.293,0.1326,8667.8,9.6,0.0012,1.8,0.1,977.7,0.0678,0.0386,0.055,0.0,espectro_anomalo,2026-09-03T08:15:04+00:00
fuente-piedra,2025-08-13,1,S2B_30SUG_20250813_0_L2A,1.0,0.1038,0.8962,0.0977,0.0,fijo,1.248,0.1396,8667.8,11.0,0.0014,2.0,0.2,920.8,0.0638,0.0348,0.0528,0.0,espectro_anomalo,2026-09-03T08:15:04+00:00
fuente-piedra,2025-08-15,1,S2C_30SUG_20250815_0_L2A,1.0,0.1156,0.8844,0.1052,0.0,fijo,1.281,0.1354,8667.8,9.4,0.0012,1.1,0.2,907.7,0.0707,0.0319,0.0484,0.0,espectro_anomalo,2026-09-03T08:14:55+00:00
fuente-piedra,2025-08-17,1,S2A_30SUG_20250817_0_L2A,1.0,0.6067,0.3933,0.1068,0.0,fijo,1.125,0.1662,8667.8,4.3,0.0013,0.0,0.1,332.4,0.0152,0.0354,0.058,0.0,nublado,2026-09-03T08:15:04+00:00
fuente-piedra,2025-08-20,2,S2A_30SUG_20250820_1_L2A;S2B_30SUG_20250820_0_L2A,1.0,0.1192,0.8808,0.1032,0.0,fijo,1.312,0.1276,8667.8,10.6,0.0014,3.3,0.3,978.4,0.0624,0.0425,0.0734,0.0,espectro_anomalo,2026-09-03T08:15:04+00:00
fuente-piedra,2025-08-23,1,S2B_30SUG_20250823_0_L2A,1.0,0.1028,0.8972,0.0959,0.0,fijo,1.289,0.1395,8667.8,11.2,0.0014,3.4,0.4,942.4,0.0585,0.0364,0.0564,0.0,espectro_anomalo,2026-09-03T08:15:04+00:00
fuente-piedra,2025-08-25,2,S2C_30SUG_20250825_0_L2A;S2C_30SUG_20250825_1_L2A,1.0,0.1578,0.8422,0.0754,0.0,fijo,,,8667.8,0.3,0.0,0.5,5.9,244.8,0.0889,0.0188,0.0556,0.0,incoherente,2026-09-03T08:15:04+00:00
fuente-piedra,2025-08-27,1,S2A_30SUG_20250827_1_L2A,1.0,0.0994,0.9006,0.1034,0.0,fijo,1.332,0.1518,8667.8,4.9,0.0006,0.1,0.0,897.0,0.0566,0.0482,0.0661,0.0,espectro_anomalo,2026-09-03T08:15:04+00:00
fuente-piedra,2025-08-28,1,S2C_30SUG_20250828_0_L2A,1.0,0.1315,0.8685,0.0845,0.0,fijo,1.311,0.1475,8667.8,10.0,0.0013,2.6,5.8,534.1,0.0022,0.0164,0.0437,0.008,espectro_anomalo,2026-09-03T08:15:04+00:00
fuente-piedra,2025-08-30,2,S2A_30SUG_20250830_1_L2A;S2B_30SUG_20250830_0_L2A,1.0,0.1077,0.8923,0.1023,0.0,fijo,1.244,0.1549,8667.8,12.1,0.0016,4.8,0.5,946.7,0.0409,0.0435,0.0663,0.0033,espectro_anomalo,2026-09-03T08:15:10+00:00
fuente-piedra,2025-09-02,1,S2B_30SUG_20250902_0_L2A,1.0,0.1019,0.8981,0.0862,0.0,fijo,1.311,0.1396,8667.8,7.8,0.001,3.3,1.2,919.1,0.0406,0.0428,0.0773,0.0155,espectro_anomalo,2026-09-03T08:15:04+00:00
fuente-piedra,2025-09-04,1,S2C_30SUG_20250904_0_L2A,1.0,0.1171,0.8829,0.0972,0.0,fijo,1.255,0.1508,8667.8,6.2,0.0008,5.0,0.7,873.8,0.0454,0.0401,0.0874,0.0065,espectro_anomalo,2026-09-03T08:15:04+00:00
fuente-piedra,2025-09-06,1,S2A_30SUG_20250906_0_L2A,1.0,0.1067,0.8933,0.0897,0.0,fijo,1.381,0.1242,8667.8,7.3,0.0009,1.2,0.0,928.0,0.0503,0.045,0.0717,0.0,espectro_anomalo,2026-09-03T08:15:10+00:00
fuente-piedra,2025-09-12,1,S2B_30SUG_20250912_0_L2A,1.0,0.0981,0.9019,0.0818,0.0,fijo,1.298,0.1405,8667.8,8.6,0.0011,7.0,1.2,891.9,0.0242,0.0469,0.0826,0.014,espectro_anomalo,2026-09-03T08:15:04+00:00
fuente-piedra,2025-09-14,1,S2C_30SUG_20250914_0_L2A,1.0,0.1072,0.8928,0.0889,0.0,fijo,1.26,0.1534,8667.8,8.0,0.001,5.7,0.4,860.4,0.0207,0.0447,0.108,0.01,espectro_anomalo,2026-09-03T08:15:04+00:00
fuente-piedra,2025-09-16,1,S2A_30SUG_20250916_0_L2A,1.0,0.1012,0.8988,0.0887,0.0,fijo,1.283,0.1494,8667.8,8.2,0.0011,5.6,0.3,907.1,0.0242,0.0465,0.0857,0.0,espectro_anomalo,2026-09-03T08:15:10+00:00
fuente-piedra,2025-09-17,1,S2C_30SUG_20250917_0_L2A,1.0,0.0885,0.9115,0.0816,0.0,fijo,1.29,0.1499,8667.8,7.4,0.0009,4.0,0.3,826.4,0.0232,0.0505,0.1003,0.0161,espectro_anomalo,2026-09-03T08:15:10+00:00
fuente-piedra,2025-09-22,1,S2B_30SUG_20250922_0_L2A,1.0,0.0973,0.9027,0.0757,0.0,fijo,1.349,0.1521,8667.8,5.3,0.0007,4.0,0.4,824.2,0.02,0.0428,0.0892,0.0076,espectro_anomalo,2026-09-03T08:15:10+00:00
fuente-piedra,2025-09-24,1,S2C_30SUG_20250924_0_L2A,1.0,0.7336,0.2664,0.0946,0.0,fijo,,,8667.8,2.1,0.0009,2.7,0.2,37.4,0.0217,0.0218,0.0309,0.0,nublado,2026-09-03T08:15:10+00:00
fuente-piedra,2025-09-26,1,S2A_30SUG_20250926_0_L2A,1.0,0.0993,0.9007,0.0829,0.0,fijo,1.265,0.1589,8667.8,8.2,0.0011,6.4,0.5,894.5,0.0194,0.0583,0.1111,0.0146,espectro_anomalo,2026-09-03T08:15:10+00:00
fuente-piedra,2025-10-02,1,S2B_30SUG_20251002_0_L2A,1.0,0.0458,0.9542,0.0757,0.0,fijo,1.305,0.1792,8667.8,36.7,0.0044,10.9,3.3,788.1,0.0388,0.0423,0.0703,0.0087,espectro_anomalo,2026-09-03T08:15:10+00:00
fuente-piedra,2025-10-04,1,S2C_30SUG_20251004_0_L2A,1.0,0.0789,0.9211,0.0756,0.0,fijo,1.316,0.1843,8667.8,27.9,0.0035,8.4,1.9,758.8,0.0449,0.0338,0.0592,0.0057,espectro_anomalo,2026-09-03T08:15:10+00:00
fuente-piedra,2025-10-06,1,S2A_30SUG_20251006_0_L2A,1.0,0.3423,0.6577,0.0909,0.0,fijo,1.221,0.1721,8667.8,28.3,0.005,0.6,1.8,506.1,0.0372,0.0368,0.0611,0.0028,nublado,2026-09-03T08:15:10+00:00
fuente-piedra,2025-10-07,1,S2C_30SUG_20251007_0_L2A,1.0,0.0632,0.9368,0.0738,0.0,fijo,1.3,0.1863,8667.8,24.6,0.003,5.1,0.2,834.0,0.0424,0.0311,0.0501,0.0049,espectro_anomalo,2026-09-03T08:15:10+00:00
fuente-piedra,2025-10-09,2,S2A_30SUG_20251009_1_L2A;S2B_30SUG_20251009_0_L2A,1.0,0.1288,0.8712,0.0994,0.0,fijo,1.293,0.1973,8667.8,24.2,0.0032,6.6,0.1,886.0,0.0365,0.0392,0.0532,0.0,espectro_anomalo,2026-09-03T08:15:19+00:00
fuente-piedra,2025-10-12,1,S2B_30SUG_20251012_0_L2A,1.0,0.0598,0.9402,0.0929,-0.3398,otsu,1.311,0.191,8667.8,801.8,0.0984,118.3,0.0,741.7,0.0933,0.0462,0.0591,0.0,espectro_anomalo,2026-09-03T08:15:10+00:00
fuente-piedra,2025-10-14,1,S2C_30SUG_20251014_0_L2A,1.0,0.0652,0.9348,0.0809,0.0,fijo,1.289,0.1901,8667.8,14.8,0.0018,9.5,0.0,788.1,0.0467,0.033,0.0483,0.0,espectro_anomalo,2026-09-03T08:15:19+00:00
fuente-piedra,2025-10-17,1,S2C_30SUG_20251017_0_L2A,1.0,0.0397,0.9603,0.0762,0.0,fijo,1.321,0.1788,8667.8,13.9,0.0017,6.4,0.0,742.7,0.0468,0.0349,0.0537,0.0,espectro_anomalo,2026-09-03T08:15:19+00:00
fuente-piedra,2025-10-19,2,S2A_30SUG_20251019_1_L2A;S2B_30SUG_20251019_0_L2A,1.0,0.994,0.006,0.0953,0.0,fijo,,,8667.8,0.0,0.0,0.0,0.0,0.0,,,,,nublado,2026-09-03T08:15:19+00:00
fuente-piedra,2025-10-22,1,S2B_30SUG_20251022_0_L2A,1.0,0.5699,0.4301,0.0918,0.0,fijo,1.217,0.0797,8667.8,3.3,0.0009,0.0,0.2,165.8,0.0378,0.0285,0.0439,0.0,nublado,2026-09-03T08:15:19+00:00
fuente-piedra,2025-10-24,1,S2C_30SUG_20251024_0_L2A,1.0,0.0562,0.9438,0.0733,0.0,fijo,1.27,0.1857,8667.8,10.0,0.0012,9.4,0.2,808.5,0.0474,0.0342,0.054,0.0,espectro_anomalo,2026-09-03T08:15:19+00:00
fuente-piedra,2025-10-27,1,S2C_30SUG_20251027_0_L2A,1.0,0.7873,0.2127,0.0664,0.0586,otsu,1.411,0.0889,8667.8,23.6,0.0128,6.0,0.0,54.4,0.0725,0.102,0.1478,0.0,nublado,2026-09-03T08:15:19+00:00
fuente-piedra,2025-11-03,1,S2C_30SUG_20251103_0_L2A,1.0,0.0013,0.9987,0.0601,0.082,otsu,1.375,0.1027,8667.8,305.0,0.0352,49.8,67.4,793.7,0.0363,0.0629,0.0997,0.0,espectro_anomalo,2026-09-03T08:15:19+00:00
fuente-piedra,2025-11-06,1,S2C_30SUG_20251106_0_L2A,1.0,0.4979,0.5021,0.0646,0.0586,otsu,1.433,0.0756,8667.8,222.2,0.051,86.1,29.5,403.2,0.0248,0.0606,0.1095,0.0014,nublado,2026-09-03T08:15:19+00:00
fuente-piedra,2025-11-08,2,S2A_30SUG_20251108_1_L2A;S2B_30SUG_20251108_0_L2A,1.0,0.043,0.957,0.0618,-0.0117,otsu,1.431,0.1093,8667.8,247.7,0.0299,62.8,27.4,790.6,0.0289,0.065,0.0991,0.0073,espectro_anomalo,2026-09-03T08:15:29+00:00
fuente-piedra,2025-11-18,2,S2A_30SUG_20251118_1_L2A;S2B_30SUG_20251118_0_L2A,1.0,0.0171,0.9829,0.043,0.1758,otsu,0.829,0.1166,8667.8,688.3,0.0808,94.5,545.2,1008.1,0.0109,0.0456,0.0968,0.0095,ok,2026-09-03T08:15:19+00:00
fuente-piedra,2025-11-21,1,S2B_30SUG_20251121_0_L2A,1.0,0.0027,0.9973,0.0435,0.1992,otsu,0.742,0.1044,8667.8,652.1,0.0754,48.4,507.6,816.7,0.0078,0.0585,0.132,0.0194,ok,2026-09-03T08:15:19+00:00
fuente-piedra,2025-11-23,1,S2C_30SUG_20251123_0_L2A,1.0,1.0,0.0,,0.0,fijo,,,8667.8,0.0,0.0,0.0,0.0,0.0,,,,,nublado,2026-09-03T08:15:19+00:00
fuente-piedra,2025-11-25,1,S2A_30SUG_20251125_0_L2A,1.0,0.6094,0.3906,0.0354,0.0117,otsu,1.237,0.0382,8667.8,165.5,0.0489,4.4,72.4,226.3,0.0016,0.1092,0.1593,0.0343,nublado,2026-09-03T08:15:29+00:00
fuente-piedra,2025-11-26,1,S2C_30SUG_20251126_0_L2A,1.0,0.0009,0.9991,0.0389,0.1836,otsu,0.806,0.0893,8667.8,640.6,0.074,61.8,497.6,863.1,-0.023,0.0935,0.1619,0.0372,ok,2026-09-03T08:15:29+00:00
fuente-piedra,2025-11-28,2,S2A_30SUG_20251128_0_L2A;S2B_30SUG_20251128_1_L2A,1.0,0.0005,0.9995,0.0481,0.1992,otsu,0.783,0.0955,8667.8,647.9,0.0748,43.6,506.4,863.0,-0.0282,0.1042,0.1667,0.0372,ok,2026-09-03T08:15:29+00:00
fuente-piedra,2025-12-01,1,S2B_30SUG_20251201_0_L2A,1.0,1.0,0.0,,0.0,fijo,,,8667.8,0.0,0.0,0.0,0.0,0.0,,,,,nublado,2026-09-03T08:15:29+00:00
fuente-piedra,2025-12-03,1,S2C_30SUG_20251203_0_L2A,1.0,0.5147,0.4853,0.0532,0.1445,otsu,0.803,0.0581,8667.8,442.8,0.1053,149.6,386.6,688.1,-0.158,0.1764,0.2796,0.3001,nublado,2026-09-03T08:15:29+00:00
fuente-piedra,2025-12-08,2,S2A_30SUG_20251208_1_L2A;S2B_30SUG_20251208_0_L2A,1.0,0.0905,0.9095,0.044,0.1836,otsu,0.792,0.09,8667.8,463.0,0.0587,39.8,378.3,624.0,-0.0767,0.1603,0.2318,0.1983,ok,2026-09-03T08:15:29+00:00
fuente-piedra,2025-12-11,2,S2B_30SUG_20251211_0_L2A;S2B_30SUG_20251211_1_L2A,1.0,0.004,0.996,0.0451,0.168,otsu,0.999,0.0853,8667.8,743.3,0.0861,149.1,540.8,1059.5,-0.0478,0.1493,0.2383,0.2048,ok,2026-09-03T08:15:29+00:00
fuente-piedra,2025-12-18,2,S2A_30SUG_20251218_1_L2A;S2B_30SUG_20251218_0_L2A,1.0,0.0002,0.9998,0.038,0.1836,otsu,0.645,0.0783,8667.8,759.8,0.0877,92.2,649.3,986.6,-0.0593,0.1166,0.2,0.0999,ok,2026-09-03T08:15:29+00:00
fuente-piedra,2025-12-25,1,S2A_30SUG_20251225_0_L2A,1.0,0.7167,0.2833,0.0566,0.0,fijo,0.819,0.1038,8667.8,41.3,0.0168,2.8,29.0,46.1,0.0189,0.0821,0.1221,0.0,nublado,2026-09-03T08:15:29+00:00
fuente-piedra,2025-12-26,1,S2C_30SUG_20251226_0_L2A,1.0,0.4536,0.5464,0.0328,0.207,otsu,0.38,0.0776,8667.8,557.4,0.1177,23.5,513.0,613.0,-0.102,0.0953,0.2365,0.1414,nublado,2026-09-03T08:15:29+00:00
fuente-piedra,2025-12-31,1,S2B_30SUG_20251231_0_L2A,1.0,0.4323,0.5677,0.0341,0.1523,otsu,0.467,0.0576,8667.8,181.7,0.0369,9.0,154.0,194.1,-0.0873,0.1756,0.2835,0.319,nublado,2026-09-03T08:15:29+00:00
fuente-piedra,2026-01-07,2,S2A_30SUG_20260107_1_L2A;S2B_30SUG_20260107_0_L2A,1.0,0.0003,0.9997,0.0365,0.2148,otsu,0.268,0.0744,8667.8,1027.0,0.1185,33.6,940.2,1095.8,-0.1103,0.098,0.18,0.0717,ok,2026-09-03T08:15:37+00:00
fuente-piedra,2026-01-10,1,S2B_30SUG_20260110_0_L2A,1.0,0.0598,0.9402,0.0326,0.1992,otsu,0.284,0.0617,8667.8,913.5,0.1121,48.7,852.4,1008.3,-0.1223,0.105,0.1872,0.0821,ok,2026-09-03T08:15:37+00:00
fuente-piedra,2026-01-12,1,S2C_30SUG_20260112_0_L2A,1.0,0.0001,0.9999,0.0295,0.1914,otsu,0.278,0.0547,8667.8,992.6,0.1145,59.9,924.0,1090.2,-0.1165,0.093,0.2315,0.1423,ok,2026-09-03T08:15:37+00:00
fuente-piedra,2026-02-14,1,S2C_30SUG_20260214_0_L2A,1.0,0.0069,0.9931,0.0346,0.1445,otsu,0.847,0.1061,8667.8,1213.2,0.1409,13.7,1000.8,1176.0,-0.0335,0.1054,0.1963,0.092,ok,2026-09-03T08:15:37+00:00
fuente-piedra,2026-02-19,2,S2A_30SUG_20260219_1_L2A;S2B_30SUG_20260219_0_L2A,1.0,0.4272,0.5728,0.0552,0.1445,otsu,0.249,0.0397,8667.8,787.0,0.1585,6.8,790.6,779.3,-0.3254,0.2481,0.375,0.6802,nublado,2026-09-03T08:15:37+00:00
fuente-piedra,2026-02-21,1,S2C_30SUG_20260221_0_L2A,1.0,0.001,0.999,0.0415,0.1992,otsu,0.154,0.0405,8667.8,1179.6,0.1362,8.2,1181.8,1173.5,-0.3521,0.2613,0.4223,0.7066,ok,2026-09-03T08:15:37+00:00
fuente-piedra,2026-02-24,1,S2C_30SUG_20260224_0_L2A,1.0,0.6009,0.3991,0.0478,0.0,fijo,0.488,0.0586,8667.8,26.0,0.0075,2.9,20.1,0.0,-0.0811,0.0942,0.2056,0.1125,nublado,2026-09-03T08:15:37+00:00
fuente-piedra,2026-02-26,1,S2B_30SUG_20260226_0_L2A,1.0,0.0029,0.9971,0.0577,0.1992,otsu,0.148,0.0718,8667.8,1169.3,0.1353,5.0,1173.4,1163.0,-0.2782,0.0931,0.1704,0.0456,ok,2026-09-03T08:15:37+00:00
fuente-piedra,2026-03-01,1,S2B_30SUG_20260301_0_L2A,1.0,0.1329,0.8671,0.0647,0.0977,otsu,0.337,0.0921,8667.8,1065.6,0.1418,9.8,1057.7,1036.2,-0.178,0.1048,0.2027,0.1063,ok,2026-09-03T08:15:37+00:00
fuente-piedra,2026-03-03,1,S2C_30SUG_20260303_0_L2A,1.0,0.1186,0.8814,0.0912,-0.1211,otsu,0.893,0.0875,8667.8,210.9,0.0276,30.8,145.3,182.1,-0.0903,0.086,0.1216,0.0,ok,2026-09-03T08:15:37+00:00
fuente-piedra,2026-03-11,1,S2B_30SUG_20260311_0_L2A,1.0,0.0004,0.9996,0.0359,0.1992,otsu,0.073,0.048,8667.8,1186.2,0.1369,6.6,1185.8,1175.8,-0.3183,0.0353,0.1497,0.0422,ok,2026-09-03T08:15:37+00:00
fuente-piedra,2026-03-13,1,S2C_30SUG_20260313_0_L2A,1.0,0.0004,0.9996,0.0443,0.1992,otsu,0.038,0.0555,8667.8,1181.1,0.1363,3.8,1186.6,1172.7,-0.3091,-0.0775,0.0399,0.0022,ok,2026-09-03T08:15:37+00:00
fuente-piedra,2026-03-15,1,S2A_30SUG_20260315_0_L2A,1.0,0.8993,0.1007,0.0834,0.0508,otsu,0.515,0.1419,8667.8,43.3,0.0496,1.1,42.6,45.7,-0.1273,-0.0224,0.0201,0.0,nublado,2026-09-03T08:15:46+00:00
fuente-piedra,2026-03-16,2,S2C_30SUG_20260316_0_L2A;S2C_30SUG_20260316_1_L2A,1.0,0.0014,0.9986,0.0457,0.082,otsu,0.266,0.0967,8667.8,1188.2,0.1373,14.8,1172.8,1164.6,-0.1705,-0.021,0.0571,0.0018,ok,2026-09-03T08:15:46+00:00
fuente-piedra,2026-03-18,2,S2A_30SUG_20260318_1_L2A;S2B_30SUG_20260318_0_L2A,1.0,0.0015,0.9985,0.0615,0.1602,otsu,0.178,0.0814,8667.8,1182.5,0.1366,4.3,1178.7,1163.8,-0.2608,0.0189,0.0908,0.0019,ok,2026-09-03T08:15:46+00:00
fuente-piedra,2026-03-21,1,S2B_30SUG_20260321_0_L2A,1.0,0.2285,0.7715,0.0715,0.0586,otsu,0.468,0.1252,8667.8,630.8,0.0943,7.9,620.6,587.2,-0.1264,0.0724,0.1191,0.0067,nublado,2026-09-03T08:15:46+00:00
fuente-piedra,2026-03-25,1,S2A_30SUG_20260325_0_L2A,1.0,0.0008,0.9992,0.0564,0.207,otsu,0.131,0.096,8667.8,1183.0,0.1366,3.7,1182.4,1168.2,-0.243,-0.0128,0.1003,0.0164,ok,2026-09-03T08:15:46+00:00
fuente-piedra,2026-03-26,1,S2C_30SUG_20260326_0_L2A,1.0,0.0007,0.9993,0.0528,0.1914,otsu,0.119,0.0899,8667.8,1187.4,0.1371,6.0,1181.6,1172.6,-0.2457,-0.0902,0.0167,0.0026,ok,2026-09-03T08:15:46+00:00
fuente-piedra,2026-03-28,2,S2A_30SUG_20260328_1_L2A;S2B_30SUG_20260328_0_L2A,1.0,0.0425,0.9575,0.0655,0.207,otsu,0.123,0.1116,8667.8,1013.7,0.1221,2.4,1008.6,1002.0,-0.1881,-0.071,-0.0058,0.0,ok,2026-09-03T08:15:55+00:00
fuente-piedra,2026-03-31,1,S2B_30SUG_20260331_0_L2A,1.0,0.0026,0.9974,0.0562,0.1055,otsu,0.253,0.1242,8667.8,1177.6,0.1362,9.5,1161.4,1157.0,-0.1357,-0.0511,-0.0172,0.0001,ok,2026-09-03T08:15:46+00:00
fuente-piedra,2026-04-02,1,S2C_30SUG_20260402_0_L2A,1.0,0.1802,0.8198,0.0611,0.1836,otsu,0.144,0.1064,8667.8,717.2,0.1009,4.0,710.0,699.3,-0.1393,-0.1104,-0.0351,0.002,ok,2026-09-03T08:15:46+00:00
fuente-piedra,2026-04-04,1,S2A_30SUG_20260404_0_L2A,1.0,0.0028,0.9972,0.0629,0.1758,otsu,0.427,0.1106,8667.8,1171.4,0.1355,6.4,1150.6,1165.4,-0.0617,-0.0173,0.0316,0.0011,ok,2026-09-03T08:15:46+00:00
fuente-piedra,2026-04-05,1,S2C_30SUG_20260405_0_L2A,1.0,0.062,0.938,0.0568,0.0117,otsu,0.6,0.1621,8667.8,711.1,0.0875,13.0,675.6,647.3,-0.0393,-0.0117,0.0255,0.0003,ok,2026-09-03T08:15:46+00:00
fuente-piedra,2026-04-14,1,S2A_30SUG_20260414_0_L2A,1.0,0.0011,0.9989,0.0615,0.2227,otsu,0.103,0.1081,8667.8,1181.4,0.1365,4.7,1177.3,1170.2,-0.1946,-0.0843,-0.0348,0.0005,ok,2026-09-03T08:15:46+00:00
fuente-piedra,2026-04-15,1,S2C_30SUG_20260415_0_L2A,1.0,0.0019,0.9981,0.0548,0.1602,otsu,0.095,0.0995,8667.8,1179.0,0.1363,8.7,1172.1,1157.1,-0.2274,-0.1032,0.0073,0.005,ok,2026-09-03T08:15:46+00:00
fuente-piedra,2026-04-20,1,S2B_30SUG_20260420_0_L2A,1.0,0.0844,0.9156,0.0615,-0.0586,otsu,0.449,0.1606,8667.8,474.7,0.0598,19.2,455.2,422.6,-0.1086,0.0195,0.0763,0.0003,ok,2026-09-03T08:15:55+00:00
fuente-piedra,2026-04-22,1,S2C_30SUG_20260422_0_L2A,1.0,0.0048,0.9952,0.0644,0.1211,otsu,0.159,0.0822,8667.8,1151.6,0.1335,4.7,1149.2,1110.7,-0.2683,-0.0182,0.0905,0.0235,ok,2026-09-03T08:15:55+00:00
fuente-piedra,2026-04-27,3,S2A_30SUG_20260427_2_L2A;S2B_30SUG_20260427_0_L2A;S2B_30SUG_20260427_1_L2A,1.0,0.3377,0.6623,0.0714,0.0195,otsu,0.364,0.13,8667.8,87.2,0.0152,7.0,77.8,27.6,-0.1034,0.0719,0.2028,0.1023,nublado,2026-09-03T08:15:55+00:00
fuente-piedra,2026-04-30,1,S2B_30SUG_20260430_0_L2A,1.0,0.6231,0.3769,0.0875,0.0742,otsu,0.378,0.0972,8667.8,401.5,0.1229,6.1,396.9,370.5,-0.2591,0.1082,0.1857,0.0529,nublado,2026-09-03T08:15:55+00:00
fuente-piedra,2026-05-04,1,S2A_30SUG_20260504_0_L2A,1.0,0.7043,0.2957,0.1009,0.1445,otsu,0.263,0.0844,8667.8,299.0,0.1167,1.9,300.3,304.3,-0.2685,0.0708,0.1852,0.0823,nublado,2026-09-03T08:15:55+00:00
fuente-piedra,2026-05-05,1,S2C_30SUG_20260505_0_L2A,1.0,0.0457,0.9543,0.0643,-0.0117,otsu,0.459,0.106,8667.8,1106.4,0.1338,12.5,1093.2,1039.3,-0.1826,0.0842,0.1804,0.0613,ok,2026-09-03T08:15:55+00:00
fuente-piedra,2026-05-07,2,S2A_30SUG_20260507_1_L2A;S2B_30SUG_20260507_0_L2A,1.0,0.299,0.701,0.0985,0.168,otsu,0.258,0.1063,8667.8,892.8,0.1469,3.0,894.5,909.4,-0.2087,0.0601,0.1387,0.0456,nublado,2026-09-03T08:15:55+00:00
fuente-piedra,2026-05-12,1,S2C_30SUG_20260512_0_L2A,1.0,0.8237,0.1763,0.1145,0.0898,otsu,0.331,0.1224,8667.8,361.4,0.2365,0.9,359.7,382.7,-0.1824,0.0378,0.1785,0.0561,nublado,2026-09-03T08:15:55+00:00
fuente-piedra,2026-05-14,1,S2A_30SUG_20260514_0_L2A,1.0,0.9839,0.0161,0.0665,0.0,fijo,,,8667.8,0.8,0.0055,0.0,0.8,0.5,-0.0694,-0.0499,0.003,0.0,nublado,2026-09-03T08:15:55+00:00
fuente-piedra,2026-05-15,1,S2C_30SUG_20260515_0_L2A,1.0,0.0973,0.9027,0.0673,-0.0977,otsu,0.55,0.1438,8667.8,387.3,0.0495,10.4,355.5,368.6,-0.0568,0.0429,0.1095,0.0009,ok,2026-09-03T08:15:55+00:00
fuente-piedra,2026-05-17,1,S2B_30SUG_20260517_0_L2A,1.0,0.5043,0.4957,0.1086,0.168,otsu,0.201,0.1208,8667.8,772.8,0.1799,2.3,782.9,796.4,-0.1834,-0.0122,0.1991,0.0994,nublado,2026-09-03T08:15:55+00:00
fuente-piedra,2026-05-20,1,S2B_30SUG_20260520_0_L2A,1.0,0.1351,0.8649,0.0672,0.0,fijo,0.971,0.1696,8667.8,37.8,0.005,1.5,25.5,114.7,0.0137,0.0359,0.0944,0.0,ok,2026-09-03T08:16:03+00:00
fuente-piedra,2026-05-22,1,S2C_30SUG_20260522_0_L2A,1.0,0.934,0.066,0.0934,-0.0273,otsu,,,8667.8,16.9,0.0296,0.2,16.4,8.2,0.0065,-0.0202,0.0068,0.0,nublado,2026-09-03T08:16:03+00:00
fuente-piedra,2026-05-24,1,S2A_30SUG_20260524_0_L2A,1.0,1.0,0.0,,0.0,fijo,,,8667.8,0.0,0.0,0.0,0.0,0.0,,,,,nublado,2026-09-03T08:16:03+00:00
fuente-piedra,2026-05-27,2,S2A_30SUG_20260527_1_L2A;S2B_30SUG_20260527_0_L2A,1.0,0.1063,0.8937,0.0965,0.1055,otsu,0.384,0.1377,8667.8,761.3,0.0983,1.6,745.2,754.8,-0.0601,-0.002,0.0678,0.0091,ok,2026-09-03T08:16:03+00:00
fuente-piedra,2026-05-30,1,S2B_30SUG_20260530_0_L2A,1.0,0.0099,0.9901,0.0782,0.1602,otsu,0.136,0.1112,8667.8,1074.0,0.1251,0.6,1075.0,1098.5,-0.1695,-0.0193,0.1375,0.0642,ok,2026-09-03T08:16:03+00:00
fuente-piedra,2026-06-01,1,S2C_30SUG_20260601_0_L2A,1.0,0.011,0.989,0.0933,0.168,otsu,0.153,0.0966,8667.8,1119.4,0.1306,0.5,1124.5,1108.7,-0.1636,-0.046,0.1106,0.0596,ok,2026-09-03T08:16:03+00:00
fuente-piedra,2026-06-03,1,S2A_30SUG_20260603_0_L2A,1.0,0.0035,0.9965,0.094,0.1992,otsu,0.169,0.0868,8667.8,1133.2,0.1312,1.3,1137.9,1126.0,-0.1445,-0.0166,0.0975,0.0388,ok,2026-09-03T08:16:03+00:00
fuente-piedra,2026-06-04,1,S2C_30SUG_20260604_0_L2A,1.0,0.0985,0.9015,0.0752,-0.1133,otsu,0.61,0.1561,8667.8,323.4,0.0414,3.4,296.3,545.6,-0.0252,0.0179,0.0919,0.0041,ok,2026-09-03T08:16:03+00:00
fuente-piedra,2026-06-09,1,S2B_30SUG_20260609_0_L2A,1.0,0.0205,0.9795,0.0807,0.1367,otsu,0.166,0.0743,8667.8,970.3,0.1143,1.5,969.9,1050.2,-0.1278,-0.0013,0.1139,0.0235,ok,2026-09-03T08:16:03+00:00
fuente-piedra,2026-06-11,1,S2C_30SUG_20260611_0_L2A,1.0,0.0105,0.9895,0.107,0.0117,otsu,0.736,0.1172,8667.8,1110.1,0.1294,1.9,946.5,1061.4,-0.0044,0.0359,0.0599,0.001,ok,2026-09-03T08:16:03+00:00
fuente-piedra,2026-06-13,1,S2A_30SUG_20260613_0_L2A,1.0,0.0683,0.9317,0.1028,0.0352,otsu,0.787,0.1361,8667.8,1069.8,0.1325,0.3,911.8,1033.0,0.0157,0.0307,0.0511,0.0002,ok,2026-09-03T08:16:03+00:00
fuente-piedra,2026-06-14,1,S2C_30SUG_20260614_0_L2A,1.0,0.0191,0.9809,0.0887,0.0508,otsu,0.325,0.1302,8667.8,981.7,0.1155,1.9,962.3,1038.3,-0.0661,-0.0341,0.0393,0.0008,ok,2026-09-03T08:16:11+00:00
fuente-piedra,2026-06-16,2,S2A_30SUG_20260616_1_L2A;S2B_30SUG_20260616_0_L2A,1.0,0.0053,0.9947,0.1053,0.1289,otsu,0.332,0.1119,8667.8,1124.9,0.1305,2.0,1108.5,1109.2,-0.0759,-0.0116,0.0609,0.0011,ok,2026-09-03T08:16:11+00:00
fuente-piedra,2026-06-19,1,S2B_30SUG_20260619_0_L2A,1.0,0.7647,0.2353,0.1042,0.0,fijo,,,8667.8,18.5,0.0091,0.0,16.2,15.6,-0.0292,0.0358,0.09,0.0,nublado,2026-09-03T08:16:03+00:00
fuente-piedra,2026-06-21,1,S2C_30SUG_20260621_0_L2A,1.0,0.0107,0.9893,0.0961,0.043,otsu,0.43,0.1002,8667.8,1113.4,0.1298,0.6,1084.8,1076.0,-0.0413,-0.0141,0.0392,0.0034,ok,2026-09-03T08:16:11+00:00
fuente-piedra,2026-06-24,1,S2C_30SUG_20260624_0_L2A,1.0,0.9639,0.0361,0.1003,-0.0898,otsu,,,8667.8,18.0,0.0574,0.3,17.3,28.3,-0.0212,0.0129,0.0233,0.0,nublado,2026-09-03T08:16:11+00:00
fuente-piedra,2026-06-26,2,S2A_30SUG_20260626_1_L2A;S2B_30SUG_20260626_0_L2A,1.0,0.2614,0.7386,0.1061,0.1758,otsu,0.24,0.1095,8667.8,530.6,0.0829,1.7,518.1,525.4,-0.0713,-0.0237,0.0442,0.0068,nublado,2026-09-03T08:16:11+00:00
fuente-piedra,2026-06-29,1,S2B_30SUG_20260629_0_L2A,1.0,0.0152,0.9848,0.0853,0.1445,otsu,0.227,0.0954,8667.8,976.0,0.1143,5.7,954.8,1034.2,-0.0777,0.0009,0.0948,0.012,ok,2026-09-03T08:16:11+00:00
fuente-piedra,2026-07-01,1,S2C_30SUG_20260701_0_L2A,1.0,0.0095,0.9905,0.1017,0.168,otsu,0.275,0.0941,8667.8,1071.6,0.1248,7.1,1050.5,1083.2,-0.0823,-0.0016,0.0942,0.0127,ok,2026-09-03T08:16:11+00:00
fuente-piedra,2026-07-03,1,S2A_30SUG_20260703_0_L2A,1.0,0.0113,0.9887,0.1065,0.0508,otsu,0.938,0.1199,8667.8,1042.6,0.1217,19.3,725.9,1051.4,0.0067,0.0585,0.0827,0.0029,ok,2026-09-03T08:16:11+00:00
fuente-piedra,2026-07-04,1,S2C_30SUG_20260704_0_L2A,1.0,0.1294,0.8706,0.0843,0.0,fijo,1.283,0.1709,8667.8,16.7,0.0022,5.3,2.3,158.0,0.0312,0.0777,0.1478,0.0096,espectro_anomalo,2026-09-03T08:16:11+00:00
fuente-piedra,2026-07-06,2,S2A_30SUG_20260706_1_L2A;S2B_30SUG_20260706_0_L2A,1.0,0.0102,0.9898,0.1115,0.1367,otsu,0.62,0.1201,8667.8,1062.0,0.1238,5.1,990.7,1073.9,-0.0223,0.0436,0.0687,0.0002,ok,2026-09-03T08:16:19+00:00
fuente-piedra,2026-07-09,1,S2B_30SUG_20260709_0_L2A,1.0,0.0408,0.9592,0.0953,0.0039,otsu,0.695,0.1268,8667.8,711.0,0.0855,4.2,622.6,923.1,-0.003,0.0267,0.0845,0.0021,ok,2026-09-03T08:16:11+00:00
fuente-piedra,2026-07-11,1,S2C_30SUG_20260711_0_L2A,1.0,0.0136,0.9864,0.0995,0.0586,otsu,0.413,0.0903,8667.8,1026.6,0.1201,4.7,934.6,1036.2,-0.0388,0.0091,0.0852,0.0004,ok,2026-09-03T08:16:19+00:00
fuente-piedra,2026-07-13,1,S2A_30SUG_20260713_0_L2A,1.0,0.0105,0.9895,0.0998,0.1992,otsu,0.339,0.0855,8667.8,1005.4,0.1172,4.0,918.5,1031.6,-0.0568,0.0299,0.1192,0.0114,ok,2026-09-03T08:16:11+00:00
fuente-piedra,2026-07-14,1,S2C_30SUG_20260714_0_L2A,1.0,0.0041,0.9959,0.0869,0.0273,otsu,0.479,0.0925,8667.8,1011.8,0.1172,5.8,903.1,1017.4,-0.0399,0.0391,0.1351,0.017,ok,2026-09-03T08:16:11+00:00
fuente-piedra,2026-07-16,2,S2A_30SUG_20260716_1_L2A;S2B_30SUG_20260716_0_L2A,1.0,0.0055,0.9945,0.113,-0.043,otsu,0.733,0.0968,8667.8,985.0,0.1143,10.2,796.4,996.8,-0.0255,0.0716,0.1283,0.0,ok,2026-09-03T08:16:19+00:00
fuente-piedra,2026-07-19,1,S2B_30SUG_20260719_0_L2A,1.0,0.8164,0.1836,0.1037,-0.1289,otsu,0.768,0.1275,8667.8,43.4,0.0273,0.0,41.5,42.1,-0.0656,0.0958,0.1141,0.0,nublado,2026-09-03T08:16:19+00:00
fuente-piedra,2026-07-21,1,S2C_30SUG_20260721_0_L2A,1.0,1.0,0.0,,0.0,fijo,,,8667.8,0.0,0.0,0.0,0.0,0.0,,,,,nublado,2026-09-03T08:16:19+00:00
fuente-piedra,2026-07-23,1,S2A_30SUG_20260723_0_L2A,1.0,0.1596,0.8404,0.0995,-0.168,otsu,0.873,0.0589,8667.8,580.0,0.0796,15.2,360.4,615.0,-0.0197,0.1283,0.184,0.0461,ok,2026-09-03T08:16:19+00:00
fuente-piedra,2026-07-24,1,S2C_30SUG_20260724_0_L2A,1.0,0.0073,0.9927,0.0932,-0.0742,otsu,0.839,0.0884,8667.8,905.6,0.1052,8.0,656.5,972.2,-0.0198,0.0939,0.1378,0.0059,ok,2026-09-03T08:16:19+00:00
fuente-piedra,2026-07-26,2,S2A_30SUG_20260726_1_L2A;S2B_30SUG_20260726_0_L2A,1.0,0.0236,0.9764,0.0965,0.2305,otsu,0.52,0.0751,8667.8,860.5,0.1017,5.2,729.6,998.1,-0.0539,0.0745,0.1452,0.0159,ok,2026-09-03T08:16:19+00:00
fuente-piedra,2026-07-29,1,S2B_30SUG_20260729_1_L2A,1.0,0.0851,0.9149,0.0955,-0.082,otsu,1.381,0.1173,8667.8,290.6,0.0366,5.8,37.5,429.0,0.0747,0.066,0.0976,0.0007,espectro_anomalo,2026-09-03T08:16:19+00:00
fuente-piedra,2026-08-02,1,S2A_30SUG_20260802_0_L2A,1.0,0.0189,0.9811,0.1028,0.1914,otsu,0.792,0.0925,8667.8,799.2,0.094,3.9,612.8,1029.4,-0.0058,0.0414,0.0717,0.0001,ok,2026-09-03T08:16:19+00:00
fuente-piedra,2026-08-05,2,S2A_30SUG_20260805_1_L2A;S2B_30SUG_20260805_0_L2A,1.0,0.0315,0.9685,0.1091,0.1602,otsu,0.805,0.1016,8667.8,748.8,0.0892,4.0,571.6,1030.0,-0.0168,0.0489,0.0758,0.0001,ok,2026-09-03T08:16:27+00:00
fuente-piedra,2026-08-08,1,S2B_30SUG_20260808_0_L2A,1.0,0.0462,0.9538,0.0935,-0.0117,otsu,0.979,0.1462,8667.8,639.9,0.0774,5.3,366.9,916.3,0.0344,0.0472,0.0706,0.0022,ok,2026-09-03T08:16:19+00:00
fuente-piedra,2026-08-10,1,S2C_30SUG_20260810_0_L2A,1.0,0.0516,0.9484,0.1021,0.0508,otsu,0.939,0.0895,8667.8,684.7,0.0833,4.8,409.2,946.7,0.0219,0.0389,0.0624,0.0,ok,2026-09-03T08:16:27+00:00
fuente-piedra,2026-08-12,1,S2A_30SUG_20260812_0_L2A,1.0,0.0601,0.9399,0.0989,0.1133,otsu,0.916,0.0764,8667.8,615.2,0.0755,4.9,403.2,916.9,0.0204,0.0426,0.0684,0.0,ok,2026-09-03T08:16:19+00:00
fuente-piedra,2026-08-13,1,S2C_30SUG_20260813_0_L2A,1.0,0.0577,0.9423,0.0948,-0.0508,otsu,1.019,0.1176,8667.8,543.0,0.0665,5.8,264.6,948.6,0.0374,0.049,0.0694,0.0017,ok,2026-09-03T08:16:27+00:00
fuente-piedra,2026-08-15,2,S2A_30SUG_20260815_1_L2A;S2B_30SUG_20260815_0_L2A,1.0,0.0433,0.9567,0.0913,0.0664,otsu,1.005,0.0956,8667.8,534.4,0.0644,6.5,279.7,754.5,0.0286,0.0642,0.0898,0.0001,ok,2026-09-03T08:16:27+00:00
fuente-piedra,2026-08-18,1,S2B_30SUG_20260818_0_L2A,1.0,0.0566,0.9434,0.0869,0.043,otsu,1.057,0.1476,8667.8,329.5,0.0403,6.7,198.8,688.3,0.0336,0.052,0.0692,0.0,ok,2026-09-03T08:16:27+00:00
fuente-piedra,2026-08-22,1,S2A_30SUG_20260822_0_L2A,1.0,0.0965,0.9035,0.0889,0.0,fijo,1.324,0.1902,8667.8,85.8,0.011,6.9,24.3,427.0,0.0383,0.0453,0.0687,0.0093,espectro_anomalo,2026-09-03T08:16:27+00:00
fuente-piedra,2026-08-23,1,S2C_30SUG_20260823_0_L2A,1.0,0.093,0.907,0.0799,0.0,fijo,1.334,0.1895,8667.8,49.1,0.0062,8.0,7.4,453.4,0.0473,0.0429,0.0729,0.0041,espectro_anomalo,2026-09-03T08:16:27+00:00
fuente-piedra,2026-08-25,2,S2A_30SUG_20260825_1_L2A;S2B_30SUG_20260825_0_L2A,1.0,0.099,0.901,0.0946,0.0,fijo,1.401,0.1917,8667.8,40.8,0.0052,7.9,2.2,438.0,0.0439,0.0412,0.0627,0.0039,espectro_anomalo,2026-09-03T08:16:27+00:00
fuente-piedra,2026-08-28,1,S2B_30SUG_20260828_0_L2A,1.0,0.0937,0.9063,0.0794,0.0,fijo,1.398,0.1931,8667.8,29.1,0.0037,8.6,0.4,459.5,0.0554,0.0371,0.0613,0.0014,espectro_anomalo,2026-09-03T08:16:27+00:00
fuente-piedra,2026-08-30,1,S2C_30SUG_20260830_0_L2A,1.0,0.1071,0.8929,0.0869,0.0,fijo,1.397,0.1949,8667.8,31.4,0.0041,8.0,1.5,478.1,0.0625,0.0401,0.0718,0.0089,espectro_anomalo,2026-09-03T08:16:27+00:00
fuente-piedra,2026-09-01,1,S2A_30SUG_20260901_0_L2A,1.0,0.1088,0.8912,0.0865,0.0,fijo,1.339,0.194,8667.8,29.6,0.0038,6.1,0.4,472.4,0.0659,0.0481,0.0842,0.0,espectro_anomalo,2026-09-03T08:16:27+00:00
fuente-piedra,2026-09-02,1,S2C_30SUG_20260902_0_L2A,1.0,0.0953,0.9047,0.0806,0.0,fijo,1.347,0.198,8667.8,22.4,0.0029,7.2,0.1,568.0,0.0568,0.0463,0.0775,0.0053,espectro_anomalo,2026-09-03T08:16:27+00:00
