site,date,n_scenes,scenes,coverage,cloud_frac,valid_frac,blue_median,mndwi_thr,thr_method,water_nir_green,water_blue,site_ha,water_ha,water_frac,wet_veg_ha,ndwi_water_ha,scl_water_ha,ndti_mean,ndci_mean,ndci_p90,bloom_frac,quality,processed_at
gallocanta,2017-07-03,1,S2B_30TXL_20170703_0_L2A,1.0,0.1408,0.8592,0.1151,-0.2461,otsu,1.14,0.1723,2813.8,719.0,0.2974,6.0,0.0,0.3,0.0354,0.0246,0.0329,0.0,espectro_anomalo,2026-09-03T08:17:39+00:00
gallocanta,2017-07-10,1,S2B_30TXL_20170710_0_L2A,1.0,0.5652,0.4348,0.1126,0.0,fijo,,,2813.8,4.0,0.0032,2.9,9.3,1.8,-0.0311,0.0124,0.0328,0.0,nublado,2026-09-03T08:17:39+00:00
gallocanta,2017-07-13,1,S2B_30TXL_20170713_0_L2A,1.0,0.3715,0.6285,0.0946,0.0,fijo,,,2813.8,0.0,0.0,0.0,0.0,0.0,,,,,nublado,2026-09-03T08:17:39+00:00
gallocanta,2017-07-15,1,S2A_30TXL_20170715_0_L2A,1.0,0.4161,0.5839,0.1108,0.0,fijo,,,2813.8,0.0,0.0,0.0,0.0,0.0,,,,,nublado,2026-09-03T08:17:39+00:00
gallocanta,2017-07-20,1,S2B_30TXL_20170720_0_L2A,1.0,0.4113,0.5887,0.1162,0.0,fijo,,,2813.8,0.0,0.0,0.0,0.1,0.0,,,,,nublado,2026-09-03T08:17:39+00:00
gallocanta,2017-07-23,1,S2B_30TXL_20170723_0_L2A,1.0,0.3789,0.6211,0.1014,0.0,fijo,,,2813.8,0.0,0.0,0.0,0.0,0.0,,,,,nublado,2026-09-03T08:17:39+00:00
gallocanta,2017-07-30,1,S2B_30TXL_20170730_0_L2A,1.0,0.5994,0.4006,0.1329,0.0,fijo,,,2813.8,0.7,0.0006,1.2,0.6,0.0,-0.0141,-0.0063,0.0201,0.0,nublado,2026-09-03T08:17:39+00:00
gallocanta,2017-08-07,1,S2A_30TXL_20170807_0_L2A,1.0,0.3477,0.6523,0.094,0.0,fijo,,,2813.8,0.0,0.0,0.0,0.0,0.0,,,,,nublado,2026-09-03T08:17:39+00:00
gallocanta,2017-08-09,1,S2B_30TXL_20170809_0_L2A,1.0,0.8876,0.1124,0.124,0.0,fijo,,,2813.8,0.2,0.0006,0.4,0.8,0.1,-0.0347,-0.032,-0.0183,0.0,nublado,2026-09-03T08:17:39+00:00
gallocanta,2017-08-12,2,S2B_30TXL_20170812_0_L2A;S2B_30TXL_20170812_1_L2A,1.0,0.3879,0.6121,0.0924,0.0,fijo,,,2813.8,0.0,0.0,0.0,0.0,0.0,,,,,nublado,2026-09-03T08:17:39+00:00
gallocanta,2017-08-19,1,S2B_30TXL_20170819_0_L2A,1.0,0.4044,0.5956,0.1077,0.0,fijo,,,2813.8,0.0,0.0,0.0,0.0,0.0,,,,,nublado,2026-09-03T08:17:39+00:00
gallocanta,2017-08-22,1,S2B_30TXL_20170822_0_L2A,1.0,0.3965,0.6035,0.1042,0.0,fijo,,,2813.8,0.0,0.0,0.0,0.0,0.0,,,,,nublado,2026-09-03T08:17:39+00:00
gallocanta,2017-08-29,1,S2B_30TXL_20170829_0_L2A,1.0,0.873,0.127,0.1443,0.0508,otsu,,,2813.8,13.0,0.0365,1.2,8.6,0.4,0.0008,0.0283,0.0475,0.0,nublado,2026-09-03T08:17:45+00:00
gallocanta,2017-09-01,1,S2B_30TXL_20170901_0_L2A,1.0,0.3483,0.6517,0.0986,0.1211,otsu,1.078,0.1972,2813.8,38.5,0.021,0.0,1.1,2.7,0.0321,0.0241,0.0314,0.0,nublado,2026-09-03T08:17:45+00:00
gallocanta,2017-09-08,1,S2B_30TXL_20170908_0_L2A,1.0,0.2134,0.7866,0.1112,-0.2852,otsu,1.236,0.1879,2813.8,530.4,0.2396,8.9,0.0,0.0,0.0448,0.0344,0.0415,0.0,nublado,2026-09-03T08:17:45+00:00
gallocanta,2017-09-11,1,S2B_30TXL_20170911_0_L2A,1.0,0.3638,0.6362,0.0862,0.0,fijo,1.006,0.1087,2813.8,48.3,0.027,0.6,23.0,5.3,-0.0058,0.0128,0.0353,0.0,nublado,2026-09-03T08:17:45+00:00
gallocanta,2017-09-26,1,S2A_30TXL_20170926_0_L2A,1.0,0.3619,0.6381,0.0783,0.0,fijo,,,2813.8,0.2,0.0001,0.0,0.2,0.0,,,,,nublado,2026-09-03T08:17:45+00:00
gallocanta,2017-09-28,1,S2B_30TXL_20170928_0_L2A,1.0,0.5109,0.4891,0.0998,0.0,fijo,,,2813.8,0.0,0.0,0.0,0.0,0.0,,,,,nublado,2026-09-03T08:17:45+00:00
gallocanta,2017-10-08,1,S2B_30TXL_20171008_0_L2A,1.0,0.4,0.6,0.0883,0.0,fijo,,,2813.8,0.0,0.0,0.0,0.0,0.0,,,,,nublado,2026-09-03T08:17:45+00:00
gallocanta,2017-10-11,1,S2B_30TXL_20171011_0_L2A,1.0,0.3584,0.6416,0.088,0.0,fijo,,,2813.8,0.0,0.0,0.0,0.0,0.0,,,,,nublado,2026-09-03T08:17:45+00:00
gallocanta,2017-10-28,1,S2B_30TXL_20171028_0_L2A,1.0,0.3924,0.6076,0.0932,0.0,fijo,,,2813.8,0.0,0.0,0.0,0.0,0.0,,,,,nublado,2026-09-03T08:17:45+00:00
gallocanta,2017-10-31,2,S2B_30TXL_20171031_0_L2A;S2B_30TXL_20171031_1_L2A,1.0,0.3684,0.6316,0.0869,0.0,fijo,,,2813.8,0.0,0.0,0.0,0.0,0.0,,,,,nublado,2026-09-03T08:17:51+00:00
gallocanta,2017-11-07,1,S2B_30TXL_20171107_0_L2A,1.0,0.0594,0.9406,0.1097,-0.332,otsu,1.352,0.1494,2813.8,983.0,0.3714,30.4,0.0,0.0,0.0656,0.0281,0.0378,0.0,espectro_anomalo,2026-09-03T08:17:45+00:00
gallocanta,2017-11-10,1,S2B_30TXL_20171110_0_L2A,1.0,0.9642,0.0358,0.1123,-0.1367,otsu,1.109,0.136,2813.8,62.1,0.6166,0.2,0.1,3.1,-0.0058,0.0204,0.0337,0.0,nublado,2026-09-03T08:17:45+00:00
gallocanta,2017-11-17,1,S2B_30TXL_20171117_0_L2A,1.0,0.3887,0.6113,0.0831,0.0,fijo,,,2813.8,0.0,0.0,0.0,0.0,0.0,,,,,nublado,2026-09-03T08:17:45+00:00
gallocanta,2017-11-20,1,S2B_30TXL_20171120_0_L2A,1.0,0.4146,0.5854,0.0916,0.0,fijo,,,2813.8,0.0,0.0,0.0,0.0,0.0,,,,,nublado,2026-09-03T08:17:51+00:00
gallocanta,2017-11-27,1,S2B_30TXL_20171127_0_L2A,1.0,0.3235,0.6765,0.0734,0.0,fijo,,,2813.8,0.0,0.0,0.0,0.0,0.0,,,,,nublado,2026-09-03T08:17:51+00:00
gallocanta,2017-11-30,1,S2B_30TXL_20171130_0_L2A,1.0,0.3908,0.6092,0.0899,0.0,fijo,0.969,0.1115,2813.8,71.6,0.0417,0.1,51.7,34.9,-0.027,-0.0103,0.0181,0.0,nublado,2026-09-03T08:17:51+00:00
gallocanta,2017-12-17,1,S2B_30TXL_20171217_0_L2A,1.0,0.4807,0.5193,0.0897,-0.332,otsu,1.17,0.0864,2813.8,520.4,0.3562,46.3,2.2,26.3,0.0473,0.0269,0.046,0.0,nublado,2026-09-03T08:17:51+00:00
gallocanta,2018-02-23,1,S2A_30TXL_20180223_0_L2A,1.0,0.218,0.782,0.0918,-0.332,otsu,1.323,0.1871,2813.8,529.4,0.2406,9.6,0.0,0.0,0.0595,0.0282,0.0461,0.0,nublado,2026-09-03T08:17:51+00:00
gallocanta,2018-02-25,1,S2B_30TXL_20180225_0_L2A,1.0,0.3637,0.6363,0.1001,0.0,fijo,,,2813.8,4.0,0.0022,0.0,0.0,0.0,0.0429,0.0359,0.0467,0.0,nublado,2026-09-03T08:17:51+00:00
gallocanta,2018-03-27,2,S2B_30TXL_20180327_0_L2A;S2B_30TXL_20180327_1_L2A,1.0,0.412,0.588,0.1132,0.0,fijo,1.025,0.0972,2813.8,20.8,0.0126,0.1,9.7,2.6,-0.01,0.0122,0.0311,0.0,nublado,2026-09-03T08:17:51+00:00
gallocanta,2018-03-30,2,S2B_30TXL_20180330_0_L2A;S2B_30TXL_20180330_1_L2A,1.0,0.9514,0.0486,0.1306,-0.1602,otsu,1.178,0.1145,2813.8,59.0,0.432,8.1,0.0,0.3,0.0195,0.0221,0.0466,0.0,nublado,2026-09-03T08:17:56+00:00
gallocanta,2018-04-09,1,S2B_30TXL_20180409_0_L2A,1.0,0.4592,0.5408,0.0918,0.0,fijo,,,2813.8,11.6,0.0076,1.6,5.4,1.1,0.0016,0.0146,0.0314,0.0,nublado,2026-09-03T08:17:51+00:00
gallocanta,2018-04-14,1,S2A_30TXL_20180414_0_L2A,1.0,0.4362,0.5638,0.0992,0.2383,otsu,0.395,0.11,2813.8,461.2,0.2907,0.9,415.5,480.2,0.0796,-0.0214,0.0286,0.0,nublado,2026-09-03T08:17:51+00:00
gallocanta,2018-04-19,2,S2B_30TXL_20180419_0_L2A;S2B_30TXL_20180419_1_L2A,1.0,0.1103,0.8897,0.0977,0.1523,otsu,0.454,0.1421,2813.8,716.5,0.2862,9.4,655.4,546.7,0.0127,0.0394,0.179,0.082,ok,2026-09-03T08:17:56+00:00
gallocanta,2018-04-21,1,S2A_30TXL_20180421_0_L2A,1.0,1.0,0.0,,0.0,fijo,,,2813.8,0.0,0.0,0.0,0.0,0.0,,,,,nublado,2026-09-03T08:17:51+00:00
gallocanta,2018-04-24,1,S2A_30TXL_20180424_0_L2A,1.0,0.1136,0.8864,0.0869,0.0977,otsu,0.546,0.0876,2813.8,643.6,0.258,12.4,630.0,1.9,-0.112,0.1667,0.2688,0.2699,ok,2026-09-03T08:17:51+00:00
gallocanta,2018-04-26,1,S2B_30TXL_20180426_0_L2A,1.0,0.1215,0.8785,0.1051,0.207,otsu,0.351,0.1169,2813.8,709.0,0.2868,8.5,670.7,663.6,-0.1084,0.1135,0.1768,0.0578,ok,2026-09-03T08:17:56+00:00
gallocanta,2018-05-01,1,S2A_30TXL_20180501_0_L2A,1.0,0.8067,0.1933,0.1179,0.0898,otsu,,,2813.8,15.9,0.0292,5.1,11.9,15.5,-0.0449,0.0792,0.1049,0.0,nublado,2026-09-03T08:17:56+00:00
gallocanta,2018-05-04,1,S2A_30TXL_20180504_0_L2A,1.0,0.3785,0.6215,0.0951,0.1523,otsu,0.573,0.1728,2813.8,322.5,0.1844,2.0,293.6,262.6,-0.0107,0.0325,0.0744,0.0,nublado,2026-09-03T08:17:56+00:00
gallocanta,2018-05-06,1,S2B_30TXL_20180506_0_L2A,1.0,0.5157,0.4843,0.1108,0.1836,otsu,0.368,0.1651,2813.8,95.2,0.0699,4.2,84.7,449.2,-0.0427,0.0145,0.0842,0.0,nublado,2026-09-03T08:17:56+00:00
gallocanta,2018-05-09,1,S2B_30TXL_20180509_0_L2A,1.0,0.2997,0.7003,0.0847,0.1992,otsu,0.605,0.174,2813.8,214.7,0.109,3.4,168.9,506.4,-0.0414,0.0939,0.1696,0.0374,nublado,2026-09-03T08:17:56+00:00
gallocanta,2018-05-11,1,S2A_30TXL_20180511_0_L2A,1.0,0.5159,0.4841,0.1001,0.168,otsu,0.693,0.1393,2813.8,147.1,0.108,5.0,114.6,350.4,-0.0672,0.1059,0.1658,0.0408,nublado,2026-09-03T08:17:56+00:00
gallocanta,2018-05-14,1,S2A_30TXL_20180514_0_L2A,1.0,0.7747,0.2253,0.0994,0.2383,otsu,0.48,0.1071,2813.8,146.8,0.2315,6.9,127.0,125.5,-0.1028,0.0475,0.1423,0.0136,nublado,2026-09-03T08:17:56+00:00
gallocanta,2018-05-16,1,S2B_30TXL_20180516_0_L2A,1.0,0.3242,0.6758,0.0938,0.2227,otsu,0.552,0.1779,2813.8,282.3,0.1484,5.2,215.2,508.2,-0.0709,0.1332,0.1932,0.0809,nublado,2026-09-03T08:17:56+00:00
gallocanta,2018-05-19,1,S2B_30TXL_20180519_0_L2A,1.0,0.9657,0.0343,0.1133,0.0,fijo,,,2813.8,11.4,0.1181,76.8,0.5,0.3,-0.0187,0.0396,0.0636,0.0,nublado,2026-09-03T08:17:56+00:00
gallocanta,2018-05-21,1,S2A_30TXL_20180521_0_L2A,1.0,0.2345,0.7655,0.0934,0.2617,otsu,0.579,0.1277,2813.8,433.8,0.2014,32.4,378.6,536.3,-0.1374,0.199,0.3106,0.4799,nublado,2026-09-03T08:17:56+00:00
gallocanta,2018-05-24,1,S2A_30TXL_20180524_0_L2A,1.0,0.1983,0.8017,0.0781,0.1836,otsu,0.547,0.1065,2813.8,415.7,0.1843,42.7,403.0,369.4,-0.1593,0.2112,0.3366,0.5423,ok,2026-09-03T08:18:07+00:00
gallocanta,2018-05-26,1,S2B_30TXL_20180526_0_L2A,1.0,0.5628,0.4372,0.0998,0.2305,otsu,0.553,0.1214,2813.8,142.7,0.116,32.1,133.5,142.8,-0.1744,0.2218,0.3042,0.6655,nublado,2026-09-03T08:18:07+00:00
gallocanta,2018-06-03,2,S2A_30TXL_20180603_0_L2A;S2A_30TXL_20180603_1_L2A,1.0,0.1498,0.8502,0.0669,0.2227,otsu,0.271,0.0886,2813.8,812.9,0.3398,6.7,691.6,750.5,-0.0278,0.0769,0.1897,0.0782,ok,2026-09-03T08:18:07+00:00
gallocanta,2018-06-13,2,S2A_30TXL_20180613_0_L2A;S2A_30TXL_20180613_1_L2A,1.0,0.654,0.346,0.0797,-0.0039,otsu,0.496,0.0619,2813.8,192.7,0.198,13.9,182.3,68.2,-0.0839,0.0624,0.1092,0.0015,nublado,2026-09-03T08:18:07+00:00
gallocanta,2018-06-15,2,S2B_30TXL_20180615_0_L2A;S2B_30TXL_20180615_1_L2A,1.0,0.08,0.92,0.0545,0.2383,otsu,0.246,0.03,2813.8,875.9,0.3384,4.9,865.6,919.2,-0.1883,0.2044,0.3914,0.5196,ok,2026-09-03T08:18:07+00:00
gallocanta,2018-06-18,2,S2B_30TXL_20180618_0_L2A;S2B_30TXL_20180618_1_L2A,1.0,0.2018,0.7982,0.0652,0.0117,otsu,0.367,0.0344,2813.8,504.6,0.2246,8.7,496.7,171.6,-0.1658,0.1774,0.332,0.339,nublado,2026-09-03T08:18:07+00:00
gallocanta,2018-06-20,2,S2A_30TXL_20180620_0_L2A;S2A_30TXL_20180620_1_L2A,1.0,0.0986,0.9014,0.0605,0.2148,otsu,0.318,0.0299,2813.8,825.0,0.3253,44.4,858.0,892.4,-0.2695,0.2646,0.4464,0.612,ok,2026-09-03T08:18:07+00:00
gallocanta,2018-06-23,2,S2A_30TXL_20180623_0_L2A;S2A_30TXL_20180623_1_L2A,1.0,0.0781,0.9219,0.0599,0.168,otsu,0.41,0.036,2813.8,823.4,0.3174,73.8,873.9,818.6,-0.248,0.2563,0.4121,0.6132,ok,2026-09-03T08:18:07+00:00
gallocanta,2018-06-25,2,S2B_30TXL_20180625_0_L2A;S2B_30TXL_20180625_1_L2A,1.0,0.0848,0.9152,0.0623,0.168,otsu,0.481,0.0257,2813.8,770.9,0.2994,142.3,850.9,826.2,-0.2351,0.2781,0.4458,0.6481,ok,2026-09-03T08:18:07+00:00
gallocanta,2018-06-30,1,S2A_30TXL_20180630_0_L2A,1.0,0.1126,0.8874,0.0632,0.0352,otsu,0.579,0.024,2813.8,577.8,0.2314,217.6,688.8,243.2,-0.2142,0.2905,0.4227,0.8004,ok,2026-09-03T08:18:07+00:00
gallocanta,2018-07-03,2,S2A_30TXL_20180703_0_L2A;S2A_30TXL_20180703_1_L2A,1.0,0.0795,0.9205,0.0625,0.1523,otsu,0.456,0.0321,2813.8,739.4,0.2855,117.9,776.6,700.6,-0.2085,0.2675,0.3615,0.802,ok,2026-09-03T08:18:07+00:00
gallocanta,2018-07-05,2,S2B_30TXL_20180705_0_L2A;S2B_30TXL_20180705_1_L2A,1.0,0.2305,0.7695,0.0861,0.207,otsu,0.404,0.0473,2813.8,705.0,0.3256,83.1,745.1,696.0,-0.2192,0.2683,0.3541,0.8551,nublado,2026-09-03T08:18:15+00:00
gallocanta,2018-07-08,2,S2B_30TXL_20180708_0_L2A;S2B_30TXL_20180708_1_L2A,1.0,0.0805,0.9195,0.0673,0.1602,otsu,0.425,0.0366,2813.8,694.6,0.2685,163.6,749.1,682.5,-0.2044,0.2801,0.3732,0.8178,ok,2026-09-03T08:18:15+00:00
gallocanta,2018-07-10,1,S2A_30TXL_20180710_0_L2A,1.0,0.0745,0.9255,0.0598,0.1914,otsu,0.368,0.0233,2813.8,690.9,0.2653,180.0,733.6,749.5,-0.2025,0.3045,0.4147,0.8397,ok,2026-09-03T08:18:07+00:00
gallocanta,2018-07-13,1,S2A_30TXL_20180713_0_L2A,0.9992,0.338,0.6614,0.0808,-0.043,otsu,0.534,0.072,2813.8,354.2,0.1903,104.0,372.0,12.0,-0.1137,0.1698,0.2667,0.3215,nublado,2026-09-03T08:18:15+00:00
gallocanta,2018-07-15,1,S2B_30TXL_20180715_0_L2A,1.0,0.1036,0.8964,0.0626,0.1758,otsu,0.412,0.0226,2813.8,571.7,0.2267,280.6,636.3,684.4,-0.1763,0.2878,0.4055,0.8038,ok,2026-09-03T08:18:15+00:00
gallocanta,2018-07-18,2,S2B_30TXL_20180718_0_L2A;S2B_30TXL_20180718_1_L2A,1.0,0.1756,0.8244,0.0743,0.043,otsu,0.49,0.0434,2813.8,504.0,0.2172,160.2,507.8,172.5,-0.138,0.2284,0.3312,0.6104,ok,2026-09-03T08:18:15+00:00
gallocanta,2018-07-20,1,S2A_30TXL_20180720_0_L2A,1.0,0.1654,0.8346,0.0966,0.0898,otsu,0.373,0.041,2813.8,378.6,0.1612,227.0,436.6,202.5,-0.1646,0.234,0.3457,0.6251,ok,2026-09-03T08:18:15+00:00
gallocanta,2018-07-23,1,S2A_30TXL_20180723_0_L2A,0.9987,0.2094,0.7897,0.0699,0.168,otsu,0.404,0.0379,2813.8,467.0,0.2102,185.0,512.0,520.0,-0.2081,0.268,0.3627,0.8207,nublado,2026-09-03T08:18:15+00:00
gallocanta,2018-07-25,1,S2B_30TXL_20180725_0_L2A,1.0,0.113,0.887,0.0707,0.1914,otsu,0.346,0.0261,2813.8,416.1,0.1667,387.4,467.1,510.4,-0.2429,0.3355,0.4554,0.9532,ok,2026-09-03T08:18:15+00:00
gallocanta,2018-07-28,1,S2B_30TXL_20180728_0_L2A,1.0,0.1115,0.8885,0.0676,0.1602,otsu,0.429,0.0282,2813.8,365.8,0.1463,396.5,404.3,405.0,-0.2347,0.323,0.4248,0.9349,ok,2026-09-03T08:18:15+00:00
gallocanta,2018-07-30,1,S2A_30TXL_20180730_0_L2A,1.0,0.1732,0.8268,0.0769,0.1289,otsu,0.447,0.0309,2813.8,353.9,0.1521,341.5,395.4,400.2,-0.229,0.3204,0.4101,0.9619,ok,2026-09-03T08:18:15+00:00
gallocanta,2018-08-02,2,S2A_30TXL_20180802_0_L2A;S2A_30TXL_20180802_1_L2A,1.0,0.1593,0.8407,0.0764,0.1055,otsu,0.498,0.029,2813.8,300.2,0.1269,348.6,336.8,345.2,-0.2378,0.3335,0.4221,0.9506,ok,2026-09-03T08:18:15+00:00
gallocanta,2018-08-04,2,S2B_30TXL_20180804_0_L2A;S2B_30TXL_20180804_1_L2A,1.0,0.2358,0.7642,0.101,-0.0586,otsu,0.682,0.037,2813.8,246.3,0.1145,250.3,244.7,0.0,-0.168,0.2788,0.3366,0.9242,nublado,2026-09-03T08:18:25+00:00
gallocanta,2018-08-07,2,S2B_30TXL_20180807_0_L2A;S2B_30TXL_20180807_1_L2A,1.0,0.2043,0.7957,0.1031,-0.1133,otsu,0.946,0.0685,2813.8,193.2,0.0863,480.0,113.0,0.1,-0.0855,0.2067,0.2497,0.6441,nublado,2026-09-03T08:18:15+00:00
gallocanta,2018-08-09,2,S2A_30TXL_20180809_0_L2A;S2A_30TXL_20180809_1_L2A,1.0,0.1384,0.8616,0.0817,0.1602,otsu,0.46,0.0403,2813.8,246.3,0.1016,479.4,299.5,290.2,-0.2519,0.2814,0.3861,0.8396,ok,2026-09-03T08:18:25+00:00
gallocanta,2018-08-12,3,S2A_30TXL_20180812_0_L2A;S2A_30TXL_20180812_1_L2A;S2A_30TXL_20180812_2_L2A,1.0,0.8358,0.1642,0.1261,0.0,fijo,,,2813.8,0.0,0.0,1.4,0.0,0.0,,,,,nublado,2026-09-03T08:18:25+00:00
gallocanta,2018-08-14,2,S2B_30TXL_20180814_0_L2A;S2B_30TXL_20180814_1_L2A,1.0,0.1123,0.8877,0.0828,0.1758,otsu,0.554,0.0324,2813.8,212.2,0.085,523.7,253.2,255.8,-0.2535,0.3314,0.4165,0.9067,ok,2026-09-03T08:18:25+00:00
gallocanta,2018-08-17,2,S2B_30TXL_20180817_0_L2A;S2B_30TXL_20180817_1_L2A,1.0,0.9225,0.0775,0.1361,0.0977,otsu,0.831,0.1348,2813.8,23.8,0.109,62.9,23.8,7.2,-0.1518,0.1835,0.2576,0.362,nublado,2026-09-03T08:18:25+00:00
gallocanta,2018-08-19,2,S2A_30TXL_20180819_0_L2A;S2A_30TXL_20180819_1_L2A,1.0,0.1136,0.8864,0.0751,0.1445,otsu,0.612,0.0303,2813.8,115.6,0.0463,619.4,184.1,161.0,-0.2582,0.3427,0.438,0.9187,ok,2026-09-03T08:18:25+00:00
gallocanta,2018-08-22,2,S2A_30TXL_20180822_0_L2A;S2A_30TXL_20180822_1_L2A,1.0,0.1248,0.8752,0.0732,0.1055,otsu,0.615,0.0318,2813.8,77.6,0.0315,626.3,136.3,110.2,-0.2657,0.357,0.4493,0.9541,ok,2026-09-03T08:18:25+00:00
gallocanta,2018-08-24,2,S2B_30TXL_20180824_0_L2A;S2B_30TXL_20180824_1_L2A,1.0,0.0697,0.9303,0.075,0.1758,otsu,0.723,0.0339,2813.8,90.6,0.0346,659.6,154.2,129.4,-0.187,0.2797,0.403,0.751,ok,2026-09-03T08:18:25+00:00
gallocanta,2018-08-27,2,S2B_30TXL_20180827_0_L2A;S2B_30TXL_20180827_1_L2A,1.0,0.108,0.892,0.072,0.1289,otsu,0.706,0.032,2813.8,47.0,0.0187,654.1,109.3,86.8,-0.2455,0.3266,0.4207,0.9131,ok,2026-09-03T08:18:25+00:00
gallocanta,2018-08-29,2,S2A_30TXL_20180829_0_L2A;S2A_30TXL_20180829_1_L2A,1.0,0.0984,0.9016,0.0724,0.1211,otsu,0.709,0.0401,2813.8,82.0,0.0323,590.5,134.6,82.2,-0.1891,0.2744,0.3718,0.7751,ok,2026-09-03T08:18:25+00:00
gallocanta,2018-09-01,2,S2A_30TXL_20180901_0_L2A;S2A_30TXL_20180901_1_L2A,1.0,0.0945,0.9055,0.0713,0.1445,otsu,0.675,0.0337,2813.8,35.0,0.0137,678.2,84.4,51.6,-0.2254,0.3034,0.4171,0.7794,ok,2026-09-03T08:18:25+00:00
gallocanta,2018-09-06,1,S2B_30TXL_20180906_0_L2A,1.0,0.1364,0.8636,0.0782,0.1211,otsu,0.723,0.0432,2813.8,18.5,0.0076,618.1,53.9,24.0,-0.2118,0.2736,0.3698,0.7857,ok,2026-09-03T08:18:25+00:00
gallocanta,2018-09-13,2,S2B_30TXL_20180913_0_L2A;S2B_30TXL_20180913_1_L2A,1.0,0.0938,0.9062,0.0671,0.1914,otsu,0.798,0.0245,2813.8,20.8,0.0082,706.3,39.4,31.6,-0.1421,0.2301,0.3826,0.5221,ok,2026-09-03T08:18:34+00:00
gallocanta,2018-09-16,1,S2B_30TXL_20180916_0_L2A,1.0,0.1094,0.8906,0.0643,0.1289,otsu,,,2813.8,8.2,0.0033,670.8,17.4,11.3,-0.2045,0.2606,0.3629,0.7304,ok,2026-09-03T08:18:34+00:00
gallocanta,2018-09-18,2,S2A_30TXL_20180918_0_L2A;S2A_30TXL_20180918_1_L2A,1.0,0.5351,0.4649,0.0901,-0.0039,otsu,,,2813.8,2.1,0.0016,195.4,1.0,0.0,-0.1097,0.1916,0.2579,0.3962,nublado,2026-09-03T08:18:34+00:00
gallocanta,2018-09-21,2,S2A_30TXL_20180921_0_L2A;S2A_30TXL_20180921_1_L2A,1.0,0.8763,0.1237,0.0703,-0.0117,otsu,,,2813.8,0.0,0.0001,112.3,0.0,0.0,,,,,nublado,2026-09-03T08:18:34+00:00
gallocanta,2018-09-23,1,S2B_30TXL_20180923_0_L2A,1.0,0.1426,0.8574,0.0689,0.1289,otsu,,,2813.8,7.1,0.0029,636.5,11.4,8.9,-0.1992,0.2512,0.3675,0.7345,ok,2026-09-03T08:18:34+00:00
gallocanta,2018-09-26,2,S2B_30TXL_20180926_0_L2A;S2B_30TXL_20180926_1_L2A,1.0,0.218,0.782,0.0818,0.1445,otsu,,,2813.8,16.3,0.0074,547.7,27.3,12.8,-0.1225,0.1197,0.281,0.2973,nublado,2026-09-03T08:18:34+00:00
gallocanta,2018-09-28,2,S2A_30TXL_20180928_0_L2A;S2A_30TXL_20180928_1_L2A,1.0,0.1842,0.8158,0.0709,0.0898,otsu,,,2813.8,4.6,0.002,589.4,6.7,4.8,-0.1841,0.2283,0.3183,0.6034,ok,2026-09-03T08:18:34+00:00
gallocanta,2018-10-01,2,S2A_30TXL_20181001_0_L2A;S2A_30TXL_20181001_1_L2A,1.0,0.1837,0.8163,0.0708,0.1055,otsu,,,2813.8,4.3,0.0019,523.1,5.4,4.4,-0.1673,0.203,0.3116,0.5093,ok,2026-09-03T08:18:34+00:00
gallocanta,2018-10-03,1,S2B_30TXL_20181003_0_L2A,1.0,0.1835,0.8165,0.0727,0.0977,otsu,,,2813.8,4.5,0.0019,563.2,5.6,4.9,-0.1551,0.2102,0.292,0.5446,ok,2026-09-03T08:18:34+00:00
gallocanta,2018-10-06,1,S2B_30TXL_20181006_0_L2A,1.0,0.1853,0.8147,0.0715,0.0742,otsu,,,2813.8,4.0,0.0017,495.2,4.6,3.5,-0.1533,0.2144,0.274,0.63,ok,2026-09-03T08:18:48+00:00
gallocanta,2018-10-16,1,S2B_30TXL_20181016_0_L2A,1.0,0.1779,0.8221,0.0696,0.1055,otsu,0.941,0.1095,2813.8,21.1,0.0091,520.7,15.0,11.2,-0.0306,0.0894,0.2067,0.1082,ok,2026-09-03T08:18:34+00:00
gallocanta,2018-10-21,1,S2A_30TXL_20181021_0_L2A,1.0,0.0989,0.9011,0.0632,0.1055,otsu,0.845,0.0508,2813.8,605.6,0.2389,135.7,459.8,568.4,-0.0313,0.21,0.3629,0.483,ok,2026-09-03T08:18:34+00:00
gallocanta,2018-10-23,1,S2B_30TXL_20181023_0_L2A,1.0,0.0825,0.9175,0.0646,0.1992,otsu,1.026,0.0325,2813.8,466.6,0.1807,344.2,413.6,703.8,-0.0699,0.2641,0.3873,0.7226,ok,2026-09-03T08:18:42+00:00
gallocanta,2018-11-07,1,S2A_30TXL_20181107_0_L2A,1.0,0.8738,0.1262,0.0829,0.0,fijo,0.987,0.1137,2813.8,85.9,0.2419,8.6,126.5,45.8,-0.0843,0.0744,0.144,0.0605,nublado,2026-09-03T08:18:34+00:00
gallocanta,2018-11-10,1,S2A_30TXL_20181110_0_L2A,1.0,0.5387,0.4613,0.1254,0.0586,otsu,0.761,0.0346,2813.8,347.5,0.2677,24.4,389.4,152.5,-0.0873,0.2255,0.4343,0.457,nublado,2026-09-03T08:18:42+00:00
gallocanta,2018-11-12,1,S2B_30TXL_20181112_0_L2A,1.0,0.085,0.915,0.0559,0.1445,otsu,0.678,0.0199,2813.8,716.5,0.2783,70.8,694.6,691.5,-0.155,0.3531,0.4983,0.7948,ok,2026-09-03T08:18:42+00:00
gallocanta,2018-11-17,1,S2A_30TXL_20181117_0_L2A,1.0,0.0262,0.9738,0.0513,0.1992,otsu,0.583,0.0196,2813.8,768.4,0.2804,131.4,804.9,803.9,-0.1831,0.3746,0.5647,0.8123,ok,2026-09-03T08:18:42+00:00
gallocanta,2018-11-27,2,S2A_30TXL_20181127_0_L2A;S2A_30TXL_20181127_1_L2A,1.0,1.0,0.0,,0.0,fijo,,,2813.8,0.0,0.0,0.0,0.0,0.0,,,,,nublado,2026-09-03T08:18:42+00:00
gallocanta,2018-11-30,1,S2A_30TXL_20181130_0_L2A,1.0,0.8776,0.1224,0.1149,0.043,otsu,0.533,0.1171,2813.8,34.7,0.1008,2.9,35.3,4.8,-0.0999,0.1159,0.1655,0.0253,nublado,2026-09-03T08:18:42+00:00
gallocanta,2018-12-02,1,S2B_30TXL_20181202_0_L2A,1.0,0.0645,0.9355,0.0655,0.1836,otsu,0.267,0.0447,2813.8,478.7,0.1819,16.9,589.0,358.7,-0.1414,0.2309,0.3698,0.5908,ok,2026-09-03T08:18:42+00:00
gallocanta,2018-12-07,1,S2A_30TXL_20181207_0_L2A,1.0,0.0103,0.9897,0.0494,0.2148,otsu,0.336,0.0238,2813.8,909.8,0.3267,26.4,864.1,851.8,-0.192,0.3004,0.4239,0.7959,ok,2026-09-03T08:18:42+00:00
gallocanta,2018-12-12,1,S2B_30TXL_20181212_0_L2A,1.0,0.011,0.989,0.0557,0.2148,otsu,0.315,0.0271,2813.8,908.1,0.3263,17.0,870.5,856.5,-0.189,0.3056,0.4667,0.7397,ok,2026-09-03T08:18:42+00:00
gallocanta,2018-12-20,1,S2A_30TXL_20181220_0_L2A,1.0,0.9999,0.0001,0.14,0.0,fijo,,,2813.8,0.0,0.0,0.0,0.0,0.0,,,,,nublado,2026-09-03T08:18:42+00:00
gallocanta,2018-12-22,1,S2B_30TXL_20181222_0_L2A,1.0,0.9992,0.0008,0.2049,0.0,fijo,,,2813.8,2.1,1.0,0.0,2.1,0.0,-0.0716,0.0714,0.086,0.0,nublado,2026-09-03T08:18:42+00:00
gallocanta,2018-12-27,1,S2A_30TXL_20181227_0_L2A,1.0,0.0397,0.9603,0.0496,0.207,otsu,0.248,0.0263,2813.8,927.9,0.3434,15.6,896.7,883.8,-0.212,0.2791,0.4662,0.6732,ok,2026-09-03T08:18:42+00:00
gallocanta,2018-12-30,1,S2A_30TXL_20181230_0_L2A,1.0,0.0432,0.9567,0.0435,0.2148,otsu,0.243,0.0223,2813.8,920.0,0.3417,12.6,895.5,887.7,-0.1978,0.26,0.4306,0.6233,ok,2026-09-03T08:18:48+00:00
gallocanta,2019-01-01,1,S2B_30TXL_20190101_0_L2A,1.0,0.0454,0.9546,0.0566,0.2227,otsu,0.226,0.0315,2813.8,924.3,0.3441,11.4,902.0,890.7,-0.196,0.2446,0.4095,0.5864,ok,2026-09-03T08:18:48+00:00
gallocanta,2019-01-04,1,S2B_30TXL_20190104_0_L2A,0.9998,0.0447,0.9552,0.0514,0.2383,otsu,0.235,0.0324,2813.8,914.9,0.3404,11.7,898.2,890.7,-0.1968,0.223,0.3764,0.5485,ok,2026-09-03T08:18:48+00:00
gallocanta,2019-01-06,1,S2A_30TXL_20190106_0_L2A,1.0,0.0071,0.9929,0.0574,0.2227,otsu,0.212,0.0323,2813.8,936.7,0.3353,7.4,906.4,886.7,-0.1986,0.2253,0.3898,0.5323,ok,2026-09-03T08:18:48+00:00
gallocanta,2019-01-09,1,S2A_30TXL_20190109_0_L2A,1.0,0.0401,0.9599,0.0456,0.1758,otsu,0.187,0.0284,2813.8,929.2,0.3441,11.6,903.8,892.0,-0.1778,0.2151,0.4085,0.4995,ok,2026-09-03T08:18:48+00:00
gallocanta,2019-01-11,1,S2B_30TXL_20190111_0_L2A,1.0,0.007,0.993,0.0705,0.2148,otsu,0.211,0.0516,2813.8,945.9,0.3385,6.5,905.6,885.7,-0.1627,0.1753,0.3514,0.4141,ok,2026-09-03T08:18:48+00:00
gallocanta,2019-01-14,1,S2B_30TXL_20190114_0_L2A,1.0,0.0036,0.9964,0.0566,0.2383,otsu,0.19,0.0429,2813.8,945.1,0.3371,9.5,910.2,897.6,-0.1957,0.2043,0.3768,0.4746,ok,2026-09-03T08:18:48+00:00
gallocanta,2019-01-16,1,S2A_30TXL_20190116_0_L2A,1.0,0.0259,0.9741,0.0618,0.2148,otsu,0.21,0.0424,2813.8,942.8,0.344,7.6,908.1,888.4,-0.1956,0.2093,0.3622,0.5189,ok,2026-09-03T08:18:48+00:00
gallocanta,2019-01-19,1,S2A_30TXL_20190119_0_L2A,1.0,0.9987,0.0013,0.1913,0.0,fijo,,,2813.8,3.7,1.0,0.0,3.7,0.0,-0.0574,0.0669,0.0796,0.0,nublado,2026-09-03T08:18:48+00:00
gallocanta,2019-01-26,1,S2A_30TXL_20190126_0_L2A,0.9999,0.0022,0.9977,0.053,0.2227,otsu,0.154,0.0524,2813.8,960.4,0.3421,30.9,920.9,907.7,-0.2067,0.1631,0.3436,0.3845,ok,2026-09-03T08:18:56+00:00
gallocanta,2019-01-31,1,S2B_30TXL_20190131_1_L2A,1.0,0.1067,0.8933,0.0983,0.1602,otsu,0.672,0.136,2813.8,802.2,0.3191,9.3,706.8,697.9,-0.0507,0.0843,0.1293,0.015,ok,2026-09-03T08:18:48+00:00
gallocanta,2019-02-03,1,S2B_30TXL_20190203_0_L2A,1.0,0.9145,0.0855,0.1037,0.168,otsu,0.872,0.0959,2813.8,49.2,0.2043,0.2,41.0,30.3,-0.0372,0.0279,0.0446,0.0,nublado,2026-09-03T08:18:48+00:00
gallocanta,2019-02-05,1,S2A_30TXL_20190205_0_L2A,1.0,0.0147,0.9853,0.066,0.2227,otsu,0.141,0.0537,2813.8,958.6,0.3458,12.8,933.4,914.3,-0.2049,0.1377,0.2383,0.2179,ok,2026-09-03T08:18:56+00:00
gallocanta,2019-02-08,2,S2A_30TXL_20190208_0_L2A;S2A_30TXL_20190208_1_L2A,1.0,0.0026,0.9974,0.0576,0.2227,otsu,0.168,0.0365,2813.8,951.7,0.3391,17.6,921.0,902.6,-0.2129,0.2069,0.3299,0.5432,ok,2026-09-03T08:18:56+00:00
gallocanta,2019-02-13,1,S2B_30TXL_20190213_0_L2A,1.0,0.0023,0.9977,0.0627,0.2461,otsu,0.139,0.0412,2813.8,947.4,0.3375,11.9,926.9,910.7,-0.238,0.2157,0.381,0.5244,ok,2026-09-03T08:18:56+00:00
gallocanta,2019-02-15,1,S2A_30TXL_20190215_0_L2A,1.0,0.0443,0.9557,0.0701,0.2305,otsu,0.15,0.046,2813.8,933.2,0.347,7.4,924.9,907.0,-0.2242,0.1905,0.3585,0.4309,ok,2026-09-03T08:18:56+00:00
gallocanta,2019-02-18,1,S2A_30TXL_20190218_0_L2A,1.0,0.0022,0.9978,0.0739,0.1836,otsu,0.217,0.0605,2813.8,944.4,0.3364,7.1,924.5,901.6,-0.1683,0.1471,0.3122,0.3471,ok,2026-09-03T08:18:56+00:00
gallocanta,2019-02-20,1,S2B_30TXL_20190220_0_L2A,1.0,0.0462,0.9538,0.0814,0.0898,otsu,0.304,0.0564,2813.8,931.0,0.3469,6.3,914.4,789.0,-0.1488,0.1525,0.2792,0.3509,ok,2026-09-03T08:18:56+00:00
gallocanta,2019-02-23,1,S2B_30TXL_20190223_0_L2A,1.0,0.0132,0.9868,0.0785,0.2305,otsu,0.193,0.0589,2813.8,922.2,0.3322,8.9,905.5,888.1,-0.1766,0.1389,0.3228,0.3735,ok,2026-09-03T08:18:56+00:00
gallocanta,2019-02-25,1,S2A_30TXL_20190225_0_L2A,1.0,0.0108,0.9892,0.0856,0.2227,otsu,0.18,0.0638,2813.8,938.2,0.3371,6.4,919.2,898.8,-0.168,0.1312,0.3088,0.3592,ok,2026-09-03T08:18:56+00:00
gallocanta,2019-02-28,1,S2A_30TXL_20190228_0_L2A,1.0,0.0931,0.9069,0.0846,0.1836,otsu,0.192,0.1027,2813.8,746.4,0.2925,5.8,730.4,713.2,-0.1338,0.0825,0.2686,0.2248,ok,2026-09-03T08:18:56+00:00
gallocanta,2019-03-02,1,S2B_30TXL_20190302_0_L2A,1.0,0.0253,0.9747,0.0898,0.2383,otsu,0.176,0.0817,2813.8,930.4,0.3392,7.7,919.1,912.5,-0.1584,0.1189,0.3377,0.333,ok,2026-09-03T08:18:56+00:00
gallocanta,2019-03-05,1,S2B_30TXL_20190305_0_L2A,1.0,0.3395,0.6605,0.0923,0.1602,otsu,0.319,0.0826,2813.8,497.0,0.2674,3.9,535.2,465.7,-0.1522,0.1183,0.3158,0.2912,nublado,2026-09-03T08:18:56+00:00
gallocanta,2019-03-10,1,S2A_30TXL_20190310_0_L2A,1.0,0.022,0.978,0.0761,0.2305,otsu,0.179,0.0694,2813.8,924.2,0.3358,12.6,916.7,897.2,-0.1864,0.1434,0.3588,0.3352,ok,2026-09-03T08:19:06+00:00
gallocanta,2019-03-12,1,S2B_30TXL_20190312_0_L2A,1.0,0.0461,0.9539,0.0916,0.1758,otsu,0.237,0.0909,2813.8,900.3,0.3354,10.6,885.2,870.4,-0.1528,0.1225,0.3379,0.2886,ok,2026-09-03T08:19:06+00:00
gallocanta,2019-03-15,1,S2B_30TXL_20190315_0_L2A,1.0,0.035,0.965,0.0798,0.2383,otsu,0.195,0.0783,2813.8,915.2,0.337,24.6,911.8,898.6,-0.1915,0.1466,0.3906,0.3273,ok,2026-09-03T08:19:06+00:00
gallocanta,2019-03-17,1,S2A_30TXL_20190317_0_L2A,0.9999,0.0546,0.9453,0.0866,0.1992,otsu,0.274,0.0811,2813.8,903.9,0.3398,23.2,903.0,896.4,-0.1487,0.1439,0.3769,0.3524,ok,2026-09-03T08:19:06+00:00
gallocanta,2019-03-20,1,S2A_30TXL_20190320_0_L2A,1.0,0.6059,0.3941,0.0898,0.1055,otsu,0.302,0.0561,2813.8,183.0,0.165,3.2,205.3,115.5,-0.1584,0.091,0.2165,0.1231,nublado,2026-09-03T08:19:06+00:00
gallocanta,2019-03-22,1,S2B_30TXL_20190322_0_L2A,1.0,0.0653,0.9347,0.0911,0.207,otsu,0.271,0.077,2813.8,893.9,0.3399,31.9,893.7,882.4,-0.1792,0.1513,0.369,0.3674,ok,2026-09-03T08:19:06+00:00
gallocanta,2019-03-25,2,S2B_30TXL_20190325_0_L2A;S2B_30TXL_20190325_1_L2A,1.0,0.041,0.959,0.0836,0.2383,otsu,0.257,0.0762,2813.8,879.7,0.326,43.6,882.3,872.8,-0.1912,0.1674,0.4174,0.4013,ok,2026-09-03T08:19:06+00:00
gallocanta,2019-03-27,2,S2A_30TXL_20190327_0_L2A;S2A_30TXL_20190327_1_L2A,1.0,0.0535,0.9465,0.0856,0.2227,otsu,0.252,0.0702,2813.8,855.3,0.3211,63.4,870.1,859.9,-0.1943,0.1746,0.442,0.4063,ok,2026-09-03T08:19:21+00:00
gallocanta,2019-03-30,3,S2A_30TXL_20190330_0_L2A;S2A_30TXL_20190330_1_L2A;S2A_30TXL_20190330_2_L2A,1.0,0.0497,0.9503,0.0804,0.207,otsu,0.342,0.064,2813.8,843.1,0.3153,73.2,859.7,847.2,-0.1785,0.1771,0.41,0.4265,ok,2026-09-03T08:19:06+00:00
gallocanta,2019-04-04,2,S2B_30TXL_20190404_0_L2A;S2B_30TXL_20190404_1_L2A,1.0,0.0213,0.9787,0.0634,0.2305,otsu,0.363,0.0503,2813.8,787.1,0.2858,124.0,840.9,874.6,-0.1932,0.1889,0.4575,0.4467,ok,2026-09-03T08:19:06+00:00
gallocanta,2019-04-09,2,S2A_30TXL_20190409_0_L2A;S2A_30TXL_20190409_1_L2A,1.0,0.7566,0.2434,0.0923,0.1602,otsu,0.234,0.0676,2813.8,64.1,0.0936,3.2,63.4,74.7,-0.2185,0.19,0.3611,0.5034,nublado,2026-09-03T08:19:06+00:00
gallocanta,2019-04-11,2,S2B_30TXL_20190411_0_L2A;S2B_30TXL_20190411_1_L2A,1.0,0.757,0.243,0.1103,0.2305,otsu,0.382,0.1651,2813.8,108.2,0.1583,15.9,108.8,205.1,-0.0988,0.0922,0.2607,0.1371,nublado,2026-09-03T08:19:21+00:00
gallocanta,2019-04-16,2,S2A_30TXL_20190416_0_L2A;S2A_30TXL_20190416_1_L2A,1.0,0.2617,0.7383,0.092,0.1211,otsu,0.384,0.0868,2813.8,389.8,0.1876,64.9,390.2,324.7,-0.1597,0.1724,0.3487,0.4003,nublado,2026-09-03T08:19:06+00:00
gallocanta,2019-04-29,2,S2A_30TXL_20190429_0_L2A;S2A_30TXL_20190429_1_L2A,1.0,0.0157,0.9843,0.0482,0.1992,otsu,0.275,0.0196,2813.8,889.4,0.3211,92.9,939.2,905.1,-0.2763,0.3109,0.5112,0.7283,ok,2026-09-03T08:19:06+00:00
gallocanta,2019-05-01,2,S2B_30TXL_20190501_0_L2A;S2B_30TXL_20190501_1_L2A,1.0,0.0187,0.9813,0.0563,0.2148,otsu,0.286,0.0205,2813.8,850.9,0.3082,129.4,942.0,927.7,-0.2879,0.3143,0.5032,0.7335,ok,2026-09-03T08:19:21+00:00
gallocanta,2019-05-04,2,S2B_30TXL_20190504_0_L2A;S2B_30TXL_20190504_1_L2A,1.0,0.0601,0.9399,0.056,0.1133,otsu,0.362,0.0309,2813.8,715.7,0.2706,135.6,768.5,588.4,-0.2133,0.2373,0.4441,0.5652,ok,2026-09-03T08:19:21+00:00
gallocanta,2019-05-06,3,S2A_30TXL_20190506_0_L2A;S2A_30TXL_20190506_1_L2A;S2A_30TXL_20190506_2_L2A,1.0,0.2345,0.7655,0.0513,0.1445,otsu,0.46,0.0168,2813.8,689.1,0.3199,231.0,857.0,851.9,-0.2617,0.2706,0.4641,0.6488,nublado,2026-09-03T08:19:21+00:00
gallocanta,2019-05-09,2,S2A_30TXL_20190509_0_L2A;S2A_30TXL_20190509_1_L2A,1.0,0.1557,0.8443,0.061,0.0508,otsu,0.364,0.0513,2813.8,565.5,0.238,106.2,603.1,227.6,-0.2036,0.205,0.3525,0.5483,ok,2026-09-03T08:19:21+00:00
gallocanta,2019-05-11,2,S2B_30TXL_20190511_0_L2A;S2B_30TXL_20190511_1_L2A,1.0,0.1799,0.8201,0.0726,0.1055,otsu,0.363,0.0497,2813.8,512.9,0.2223,93.2,539.8,457.0,-0.2382,0.2218,0.3794,0.6112,ok,2026-09-03T08:19:21+00:00
gallocanta,2019-05-14,2,S2B_30TXL_20190514_0_L2A;S2B_30TXL_20190514_1_L2A,1.0,0.043,0.957,0.0534,0.168,otsu,0.449,0.0228,2813.8,538.5,0.2,394.6,752.4,727.6,-0.262,0.2665,0.4923,0.6088,ok,2026-09-03T08:19:35+00:00
gallocanta,2019-05-16,2,S2A_30TXL_20190516_0_L2A;S2A_30TXL_20190516_1_L2A,1.0,0.0656,0.9344,0.0577,0.168,otsu,0.407,0.0209,2813.8,489.2,0.186,416.2,705.8,668.9,-0.2748,0.2877,0.5313,0.6319,ok,2026-09-03T08:19:21+00:00
gallocanta,2019-05-26,2,S2A_30TXL_20190526_0_L2A;S2A_30TXL_20190526_1_L2A,1.0,0.5102,0.4898,0.0701,0.1445,otsu,0.367,0.0253,2813.8,118.7,0.0861,183.3,175.4,120.4,-0.264,0.3087,0.518,0.7064,nublado,2026-09-03T08:19:21+00:00
gallocanta,2019-05-29,2,S2A_30TXL_20190529_0_L2A;S2A_30TXL_20190529_1_L2A,1.0,0.1697,0.8303,0.0685,-0.0977,otsu,0.825,0.1287,2813.8,439.6,0.1882,204.1,348.8,1.3,-0.0742,0.1442,0.2128,0.1584,ok,2026-09-03T08:19:21+00:00
gallocanta,2019-05-31,2,S2B_30TXL_20190531_0_L2A;S2B_30TXL_20190531_1_L2A,1.0,0.0857,0.9143,0.0612,0.1289,otsu,0.418,0.0362,2813.8,265.4,0.1032,600.7,390.8,361.4,-0.22,0.2506,0.4086,0.6433,ok,2026-09-03T08:19:21+00:00
gallocanta,2019-06-08,2,S2A_30TXL_20190608_0_L2A;S2A_30TXL_20190608_1_L2A,1.0,0.3008,0.6992,0.0686,-0.0898,otsu,0.971,0.1192,2813.8,103.0,0.0524,345.6,58.0,0.0,-0.0755,0.1665,0.2305,0.2384,nublado,2026-09-03T08:19:21+00:00
gallocanta,2019-06-10,2,S2B_30TXL_20190610_0_L2A;S2B_30TXL_20190610_1_L2A,1.0,0.228,0.772,0.0831,0.043,otsu,0.401,0.071,2813.8,90.9,0.0418,480.1,112.8,66.8,-0.2005,0.2011,0.3249,0.5537,nublado,2026-09-03T08:19:35+00:00
gallocanta,2019-06-13,2,S2B_30TXL_20190613_0_L2A;S2B_30TXL_20190613_1_L2A,1.0,1.0,0.0,,0.0,fijo,,,2813.8,0.0,0.0,0.0,0.0,0.0,,,,,nublado,2026-09-03T08:19:35+00:00
gallocanta,2019-06-15,2,S2A_30TXL_20190615_0_L2A;S2A_30TXL_20190615_1_L2A,1.0,0.074,0.926,0.0694,0.082,otsu,0.42,0.0465,2813.8,92.7,0.0356,772.1,114.0,91.0,-0.2166,0.2344,0.3796,0.6155,ok,2026-09-03T08:19:35+00:00
gallocanta,2019-06-18,2,S2A_30TXL_20190618_0_L2A;S2A_30TXL_20190618_1_L2A,1.0,0.1072,0.8928,0.0681,-0.043,otsu,0.533,0.0833,2813.8,84.4,0.0336,736.0,81.8,13.5,-0.138,0.1876,0.3347,0.4526,ok,2026-09-03T08:19:35+00:00
gallocanta,2019-06-20,2,S2B_30TXL_20190620_0_L2A;S2B_30TXL_20190620_1_L2A,1.0,0.8621,0.1379,0.125,-0.0352,otsu,,,2813.8,1.4,0.0035,25.2,1.0,0.0,-0.0535,0.1277,0.1939,0.0588,nublado,2026-09-03T08:19:35+00:00
gallocanta,2019-06-23,2,S2B_30TXL_20190623_0_L2A;S2B_30TXL_20190623_1_L2A,1.0,0.1394,0.8606,0.0838,-0.0664,otsu,0.802,0.0944,2813.8,53.5,0.0221,731.2,40.7,1.4,-0.109,0.1673,0.29,0.3972,ok,2026-09-03T08:19:35+00:00
gallocanta,2019-06-25,1,S2A_30TXL_20190625_0_L2A,1.0,0.1057,0.8943,0.0822,-0.0117,otsu,0.4,0.0637,2813.8,47.3,0.0188,802.4,47.0,26.3,-0.1608,0.2147,0.3273,0.5833,ok,2026-09-03T08:19:35+00:00
gallocanta,2019-06-28,2,S2A_30TXL_20190628_0_L2A;S2A_30TXL_20190628_1_L2A,1.0,0.0941,0.9059,0.0786,-0.0898,otsu,0.83,0.1014,2813.8,38.0,0.0149,825.0,21.4,0.0,-0.0419,0.1344,0.2478,0.2558,ok,2026-09-03T08:19:35+00:00
gallocanta,2019-06-30,2,S2B_30TXL_20190630_0_L2A;S2B_30TXL_20190630_1_L2A,1.0,0.1318,0.8682,0.0863,-0.0039,otsu,0.648,0.0646,2813.8,26.8,0.011,806.8,22.1,16.0,-0.1084,0.1851,0.2975,0.4507,ok,2026-09-03T08:19:46+00:00
gallocanta,2019-07-03,2,S2B_30TXL_20190703_0_L2A;S2B_30TXL_20190703_1_L2A,1.0,0.0216,0.9784,0.0849,0.0195,otsu,0.828,0.0843,2813.8,28.5,0.0104,809.3,20.8,1.4,-0.0658,0.1867,0.2946,0.4278,ok,2026-09-03T08:19:35+00:00
gallocanta,2019-07-05,2,S2A_30TXL_20190705_0_L2A;S2A_30TXL_20190705_1_L2A,1.0,0.1018,0.8982,0.0853,0.0664,otsu,0.707,0.0404,2813.8,21.5,0.0085,792.0,17.0,14.3,-0.0912,0.2181,0.3273,0.5791,ok,2026-09-03T08:19:35+00:00
gallocanta,2019-07-08,2,S2A_30TXL_20190708_0_L2A;S2A_30TXL_20190708_1_L2A,1.0,0.6689,0.3311,0.0863,0.0977,otsu,,,2813.8,9.6,0.0103,312.0,3.7,2.1,0.0324,0.0888,0.1741,0.0586,nublado,2026-09-03T08:19:35+00:00
gallocanta,2019-07-10,2,S2B_30TXL_20190710_0_L2A;S2B_30TXL_20190710_1_L2A,1.0,0.0629,0.9371,0.0838,0.1523,otsu,0.749,0.0458,2813.8,21.4,0.0081,793.4,15.1,13.6,-0.0842,0.2172,0.3286,0.5551,ok,2026-09-03T08:19:46+00:00
gallocanta,2019-07-15,2,S2A_30TXL_20190715_0_L2A;S2A_30TXL_20190715_1_L2A,1.0,0.061,0.939,0.0875,0.1367,otsu,,,2813.8,19.2,0.0073,780.8,9.6,9.2,-0.0467,0.1868,0.3018,0.4479,ok,2026-09-03T08:19:46+00:00
gallocanta,2019-07-18,2,S2A_30TXL_20190718_0_L2A;S2A_30TXL_20190718_1_L2A,1.0,0.0332,0.9668,0.0934,0.043,otsu,1.411,0.1568,2813.8,39.1,0.0144,763.9,8.7,7.2,-0.0001,0.1536,0.293,0.2416,espectro_anomalo,2026-09-03T08:19:46+00:00
gallocanta,2019-07-20,2,S2B_30TXL_20190720_0_L2A;S2B_30TXL_20190720_1_L2A,1.0,0.2646,0.7354,0.0892,0.1289,otsu,,,2813.8,8.3,0.004,623.9,5.2,2.8,-0.0805,0.209,0.3178,0.5337,nublado,2026-09-03T08:19:46+00:00
gallocanta,2019-07-23,2,S2B_30TXL_20190723_1_L2A;S2B_30TXL_20190723_2_L2A,1.0,0.1182,0.8818,0.1079,-0.0195,otsu,1.39,0.1446,2813.8,32.5,0.0131,728.4,3.7,0.0,0.0225,0.1211,0.2015,0.1071,espectro_anomalo,2026-09-03T08:19:46+00:00
gallocanta,2019-07-25,2,S2A_30TXL_20190725_0_L2A;S2A_30TXL_20190725_1_L2A,1.0,0.2877,0.7123,0.0982,0.1367,otsu,,,2813.8,8.8,0.0044,521.9,6.7,1.7,-0.0983,0.2212,0.3137,0.7014,nublado,2026-09-03T08:19:46+00:00
gallocanta,2019-07-28,2,S2A_30TXL_20190728_0_L2A;S2A_30TXL_20190728_1_L2A,1.0,0.1121,0.8879,0.0953,0.0508,otsu,,,2813.8,19.8,0.0079,714.4,4.4,5.1,0.0095,0.1449,0.2813,0.2929,ok,2026-09-03T08:19:46+00:00
gallocanta,2019-07-30,2,S2B_30TXL_20190730_0_L2A;S2B_30TXL_20190730_1_L2A,1.0,0.1493,0.8507,0.0996,0.1211,otsu,,,2813.8,17.5,0.0073,697.2,4.5,4.7,0.0119,0.1442,0.2703,0.3021,ok,2026-09-03T08:19:46+00:00
gallocanta,2019-08-02,2,S2B_30TXL_20190802_0_L2A;S2B_30TXL_20190802_1_L2A,1.0,0.1241,0.8759,0.1063,0.0586,otsu,1.454,0.167,2813.8,22.6,0.0092,673.9,3.9,4.0,0.0211,0.1385,0.2665,0.2407,espectro_anomalo,2026-09-03T08:19:46+00:00
gallocanta,2019-08-04,2,S2A_30TXL_20190804_0_L2A;S2A_30TXL_20190804_1_L2A,1.0,0.2101,0.7899,0.1079,0.1055,otsu,,,2813.8,16.9,0.0076,637.7,4.0,3.3,0.0029,0.1588,0.282,0.327,nublado,2026-09-03T08:19:46+00:00
gallocanta,2019-08-09,2,S2B_30TXL_20190809_0_L2A;S2B_30TXL_20190809_1_L2A,1.0,0.1913,0.8087,0.1127,0.1055,otsu,1.423,0.1775,2813.8,23.6,0.0104,607.1,3.3,4.1,0.0232,0.1498,0.273,0.2437,espectro_anomalo,2026-09-03T08:19:46+00:00
gallocanta,2019-08-12,2,S2B_30TXL_20190812_0_L2A;S2B_30TXL_20190812_1_L2A,1.0,0.1816,0.8184,0.1181,0.0742,otsu,1.434,0.1757,2813.8,20.1,0.0087,581.7,2.0,3.5,0.0232,0.1399,0.243,0.2406,espectro_anomalo,2026-09-03T08:19:56+00:00
gallocanta,2019-08-14,2,S2A_30TXL_20190814_0_L2A;S2A_30TXL_20190814_1_L2A,1.0,0.2195,0.7805,0.1187,0.1133,otsu,1.394,0.18,2813.8,24.1,0.011,550.3,2.8,3.6,0.0122,0.1503,0.2442,0.211,nublado,2026-09-03T08:19:56+00:00
gallocanta,2019-08-17,2,S2A_30TXL_20190817_0_L2A;S2A_30TXL_20190817_1_L2A,1.0,0.1879,0.8121,0.1165,0.0664,otsu,1.424,0.1874,2813.8,34.0,0.0149,518.6,0.7,2.5,0.0289,0.1454,0.2218,0.1469,espectro_anomalo,2026-09-03T08:19:56+00:00
gallocanta,2019-08-19,2,S2B_30TXL_20190819_0_L2A;S2B_30TXL_20190819_1_L2A,1.0,0.2407,0.7593,0.1275,0.1055,otsu,1.435,0.186,2813.8,33.2,0.0156,480.7,0.6,2.2,0.0257,0.1602,0.2119,0.1372,nublado,2026-09-03T08:19:56+00:00
gallocanta,2019-08-22,2,S2B_30TXL_20190822_0_L2A;S2B_30TXL_20190822_1_L2A,1.0,0.0202,0.9798,0.106,0.1523,otsu,1.436,0.169,2813.8,31.0,0.0112,702.6,0.6,2.6,0.0296,0.1232,0.2328,0.186,espectro_anomalo,2026-09-03T08:19:56+00:00
gallocanta,2019-08-24,2,S2A_30TXL_20190824_0_L2A;S2A_30TXL_20190824_1_L2A,1.0,0.1161,0.8839,0.1169,0.1289,otsu,1.377,0.1948,2813.8,28.5,0.0115,591.8,0.6,1.8,0.019,0.1332,0.2287,0.1599,espectro_anomalo,2026-09-03T08:19:56+00:00
gallocanta,2019-08-27,2,S2A_30TXL_20190827_0_L2A;S2A_30TXL_20190827_1_L2A,1.0,0.5932,0.4068,0.1364,0.1914,otsu,,,2813.8,17.5,0.0153,35.2,4.2,2.5,-0.0258,0.1803,0.222,0.2517,nublado,2026-09-03T08:19:56+00:00
gallocanta,2019-08-29,2,S2B_30TXL_20190829_0_L2A;S2B_30TXL_20190829_1_L2A,1.0,0.8864,0.1136,0.115,0.0,fijo,,,2813.8,0.0,0.0,0.0,0.0,0.0,,,,,nublado,2026-09-03T08:19:56+00:00
gallocanta,2019-09-01,2,S2B_30TXL_20190901_0_L2A;S2B_30TXL_20190901_1_L2A,1.0,0.2557,0.7443,0.1222,0.1367,otsu,,,2813.8,19.3,0.0092,384.8,0.4,0.6,-0.0034,0.1633,0.2175,0.2008,nublado,2026-09-03T08:19:56+00:00
gallocanta,2019-09-03,2,S2A_30TXL_20190903_0_L2A;S2A_30TXL_20190903_1_L2A,1.0,0.061,0.939,0.1151,0.1289,otsu,1.369,0.196,2813.8,72.2,0.0273,595.6,0.2,0.7,0.0258,0.1123,0.1535,0.0416,espectro_anomalo,2026-09-03T08:19:56+00:00
gallocanta,2019-09-06,2,S2A_30TXL_20190906_0_L2A;S2A_30TXL_20190906_1_L2A,1.0,1.0,0.0,,0.0,fijo,,,2813.8,0.0,0.0,0.0,0.0,0.0,,,,,nublado,2026-09-03T08:19:56+00:00
gallocanta,2019-09-08,2,S2B_30TXL_20190908_0_L2A;S2B_30TXL_20190908_1_L2A,1.0,0.2396,0.7604,0.1093,0.1289,otsu,,,2813.8,14.9,0.007,426.1,0.0,0.2,0.0237,0.1425,0.1897,0.0831,nublado,2026-09-03T08:20:09+00:00
gallocanta,2019-09-16,1,S2A_30TXL_20190916_0_L2A,1.0,1.0,0.0,,0.0,fijo,,,2813.8,0.0,0.0,0.0,0.0,0.0,,,,,nublado,2026-09-03T08:19:56+00:00
gallocanta,2019-09-21,1,S2B_30TXL_20190921_0_L2A,1.0,0.9631,0.0369,0.1414,-0.1836,otsu,,,2813.8,12.6,0.1218,20.0,0.0,0.0,0.0329,0.0512,0.0888,0.0,nublado,2026-09-03T08:20:09+00:00
gallocanta,2019-09-26,2,S2A_30TXL_20190926_0_L2A;S2A_30TXL_20190926_1_L2A,1.0,0.1365,0.8635,0.0945,0.0977,otsu,1.355,0.1992,2813.8,85.5,0.0352,451.6,0.0,0.0,0.0336,0.1179,0.1519,0.0094,espectro_anomalo,2026-09-03T08:20:09+00:00
gallocanta,2019-09-28,2,S2B_30TXL_20190928_0_L2A;S2B_30TXL_20190928_1_L2A,1.0,0.2265,0.7735,0.1005,0.1289,otsu,,,2813.8,14.2,0.0065,415.4,0.0,0.0,0.0261,0.1122,0.1353,0.0226,nublado,2026-09-03T08:20:09+00:00
gallocanta,2019-10-01,2,S2B_30TXL_20191001_0_L2A;S2B_30TXL_20191001_1_L2A,1.0,0.2433,0.7567,0.0918,0.0898,otsu,,,2813.8,9.6,0.0045,357.6,0.0,0.0,0.019,0.1138,0.1391,0.0209,nublado,2026-09-03T08:20:09+00:00
gallocanta,2019-10-03,2,S2A_30TXL_20191003_0_L2A;S2A_30TXL_20191003_1_L2A,1.0,0.6885,0.3115,0.1084,-0.1367,otsu,,,2813.8,3.2,0.0037,19.4,0.0,0.0,-0.0024,0.1174,0.1387,0.0,nublado,2026-09-03T08:20:09+00:00
gallocanta,2019-10-06,2,S2A_30TXL_20191006_0_L2A;S2A_30TXL_20191006_1_L2A,1.0,0.3984,0.6016,0.1004,-0.0977,otsu,,,2813.8,0.9,0.0005,104.4,0.0,0.0,-0.0021,0.1645,0.217,0.2273,nublado,2026-09-03T08:20:09+00:00
gallocanta,2019-10-08,2,S2B_30TXL_20191008_0_L2A;S2B_30TXL_20191008_1_L2A,1.0,0.2947,0.7053,0.0981,0.1445,otsu,,,2813.8,15.1,0.0076,270.6,0.0,0.0,0.0213,0.1369,0.1782,0.0423,nublado,2026-09-03T08:20:09+00:00
gallocanta,2019-10-11,2,S2B_30TXL_20191011_0_L2A;S2B_30TXL_20191011_1_L2A,1.0,0.2552,0.7448,0.0927,0.1367,otsu,,,2813.8,16.8,0.008,272.1,0.0,0.0,0.0228,0.1389,0.1928,0.0808,nublado,2026-09-03T08:20:20+00:00
gallocanta,2019-10-13,2,S2A_30TXL_20191013_0_L2A;S2A_30TXL_20191013_1_L2A,1.0,0.3517,0.6483,0.102,0.1133,otsu,0.995,0.0794,2813.8,45.0,0.0247,224.4,11.6,6.8,-0.0228,0.1323,0.2155,0.1741,nublado,2026-09-03T08:20:09+00:00
gallocanta,2019-10-16,2,S2A_30TXL_20191016_0_L2A;S2A_30TXL_20191016_1_L2A,1.0,0.3904,0.6096,0.1076,0.0,fijo,,,2813.8,0.4,0.0002,0.0,0.0,0.0,0.0175,0.0636,0.097,0.0,nublado,2026-09-03T08:20:09+00:00
gallocanta,2019-10-26,2,S2A_30TXL_20191026_0_L2A;S2A_30TXL_20191026_1_L2A,1.0,0.1113,0.8887,0.086,0.168,otsu,1.311,0.1899,2813.8,199.6,0.0798,388.2,0.8,2.4,0.0269,0.117,0.1817,0.0587,espectro_anomalo,2026-09-03T08:20:09+00:00
gallocanta,2019-10-31,2,S2B_30TXL_20191031_0_L2A;S2B_30TXL_20191031_1_L2A,1.0,0.7323,0.2677,0.1003,0.1055,otsu,1.139,0.1063,2813.8,80.0,0.1063,73.2,2.4,0.1,-0.0347,0.1161,0.1689,0.0055,nublado,2026-09-03T08:20:09+00:00
gallocanta,2019-11-02,2,S2A_30TXL_20191102_0_L2A;S2A_30TXL_20191102_1_L2A,1.0,0.3323,0.6677,0.1,0.168,otsu,1.282,0.1689,2813.8,55.8,0.0297,335.9,0.2,0.2,0.0178,0.1507,0.2032,0.1075,nublado,2026-09-03T08:20:20+00:00
gallocanta,2019-11-05,2,S2A_30TXL_20191105_0_L2A;S2A_30TXL_20191105_1_L2A,1.0,0.8319,0.1681,0.1017,0.0,fijo,,,2813.8,11.1,0.0235,3.8,0.0,0.6,-0.0009,0.0843,0.1201,0.0,nublado,2026-09-03T08:20:20+00:00
gallocanta,2019-11-12,2,S2A_30TXL_20191112_0_L2A;S2A_30TXL_20191112_1_L2A,1.0,0.1752,0.8248,0.0841,0.1914,otsu,1.26,0.1705,2813.8,329.0,0.1418,323.5,9.6,16.3,0.019,0.1309,0.1947,0.0896,espectro_anomalo,2026-09-03T08:20:20+00:00
gallocanta,2019-11-17,2,S2B_30TXL_20191117_0_L2A;S2B_30TXL_20191117_1_L2A,1.0,0.8775,0.1225,0.1759,0.0,fijo,,,2813.8,0.1,0.0002,0.0,0.0,0.0,,,,,nublado,2026-09-03T08:20:20+00:00
gallocanta,2019-11-25,2,S2A_30TXL_20191125_0_L2A;S2A_30TXL_20191125_1_L2A,1.0,1.0,0.0,0.1152,0.0,fijo,,,2813.8,0.0,0.0,0.0,0.0,0.0,,,,,nublado,2026-09-03T08:20:20+00:00
gallocanta,2019-11-30,4,S2B_30TXL_20191130_0_L2A;S2B_30TXL_20191130_1_L2A;S2B_30TXL_20191130_2_L2A;S2B_30TXL_20191130_3_L2A,1.0,0.6,0.4,0.1088,0.1992,otsu,0.768,0.1067,2813.8,121.3,0.1077,67.4,41.0,33.8,-0.0368,0.1665,0.2385,0.2833,nublado,2026-09-03T08:20:20+00:00
gallocanta,2019-12-02,1,S2A_30TXL_20191202_0_L2A,1.0,0.9995,0.0005,0.1408,0.0,fijo,,,2813.8,0.6,0.4706,0.0,0.7,0.0,-0.0509,0.0372,0.0563,0.0,nublado,2026-09-03T08:20:20+00:00
gallocanta,2019-12-07,2,S2B_30TXL_20191207_0_L2A;S2B_30TXL_20191207_1_L2A,1.0,0.1143,0.8857,0.1154,0.082,otsu,0.939,0.0853,2813.8,452.5,0.1816,288.8,72.2,21.7,-0.0067,0.1314,0.2013,0.1051,ok,2026-09-03T08:20:20+00:00
gallocanta,2019-12-10,2,S2B_30TXL_20191210_0_L2A;S2B_30TXL_20191210_1_L2A,1.0,0.0281,0.9719,0.0662,0.1914,otsu,0.858,0.0702,2813.8,371.5,0.1359,403.7,78.5,117.0,-0.0002,0.128,0.2292,0.174,ok,2026-09-03T08:20:20+00:00
gallocanta,2019-12-15,2,S2A_30TXL_20191215_0_L2A;S2A_30TXL_20191215_1_L2A,1.0,0.2622,0.7378,0.0775,0.1602,otsu,0.898,0.041,2813.8,354.4,0.1707,271.5,249.3,263.2,-0.0603,0.1311,0.2306,0.1853,nublado,2026-09-03T08:20:20+00:00
gallocanta,2019-12-17,2,S2B_30TXL_20191217_0_L2A;S2B_30TXL_20191217_1_L2A,1.0,0.0377,0.9623,0.1011,0.0898,otsu,0.948,0.0678,2813.8,440.0,0.1625,321.0,59.2,80.5,0.0094,0.141,0.2233,0.1795,ok,2026-09-03T08:20:20+00:00
gallocanta,2019-12-20,2,S2B_30TXL_20191220_0_L2A;S2B_30TXL_20191220_1_L2A,1.0,0.8633,0.1367,0.1444,0.2617,otsu,0.907,0.1477,2813.8,233.1,0.606,9.0,266.5,94.5,-0.0671,0.0388,0.0771,0.0,nublado,2026-09-03T08:20:32+00:00
gallocanta,2019-12-22,2,S2A_30TXL_20191222_0_L2A;S2A_30TXL_20191222_1_L2A,1.0,0.2207,0.7793,0.1024,0.1523,otsu,0.89,0.1123,2813.8,260.3,0.1187,262.3,112.0,75.0,-0.027,0.1273,0.2274,0.158,nublado,2026-09-03T08:20:32+00:00
gallocanta,2019-12-25,2,S2A_30TXL_20191225_0_L2A;S2A_30TXL_20191225_1_L2A,1.0,0.0987,0.9013,0.0614,0.1758,otsu,0.81,0.0496,2813.8,441.0,0.1739,289.5,221.0,254.7,-0.0218,0.1673,0.2603,0.3192,ok,2026-09-03T08:20:32+00:00
gallocanta,2019-12-30,2,S2B_30TXL_20191230_0_L2A;S2B_30TXL_20191230_1_L2A,1.0,0.0449,0.9551,0.0689,0.1914,otsu,0.808,0.0539,2813.8,481.3,0.1791,259.6,220.4,250.1,-0.015,0.1545,0.2528,0.268,ok,2026-09-03T08:20:32+00:00
gallocanta,2020-01-01,2,S2A_30TXL_20200101_0_L2A;S2A_30TXL_20200101_1_L2A,1.0,0.1529,0.8471,0.0709,0.1914,otsu,0.8,0.0527,2813.8,383.1,0.1607,237.5,220.3,255.9,-0.0242,0.1592,0.2499,0.2686,ok,2026-09-03T08:20:32+00:00
gallocanta,2020-01-06,2,S2B_30TXL_20200106_0_L2A;S2B_30TXL_20200106_1_L2A,1.0,0.1345,0.8655,0.0793,0.1836,otsu,0.811,0.0602,2813.8,424.4,0.1743,227.1,219.4,258.9,-0.0147,0.1491,0.2419,0.2222,ok,2026-09-03T08:20:32+00:00
gallocanta,2020-01-09,2,S2B_30TXL_20200109_0_L2A;S2B_30TXL_20200109_1_L2A,1.0,0.0359,0.9641,0.0747,0.1836,otsu,0.774,0.0531,2813.8,476.8,0.1758,233.1,234.1,251.5,-0.0182,0.1565,0.2605,0.285,ok,2026-09-03T08:20:32+00:00
gallocanta,2020-01-11,2,S2A_30TXL_20200111_0_L2A;S2A_30TXL_20200111_1_L2A,1.0,0.0145,0.9855,0.0834,0.1914,otsu,0.796,0.0537,2813.8,459.1,0.1656,270.4,208.4,256.6,-0.0134,0.1434,0.2439,0.2167,ok,2026-09-03T08:20:32+00:00
gallocanta,2020-01-14,2,S2A_30TXL_20200114_0_L2A;S2A_30TXL_20200114_1_L2A,1.0,0.1325,0.8675,0.0753,0.1992,otsu,0.809,0.0547,2813.8,378.2,0.1549,221.0,216.8,262.4,-0.0173,0.1506,0.2412,0.2327,ok,2026-09-03T08:20:32+00:00
gallocanta,2020-01-16,4,S2B_30TXL_20200116_0_L2A;S2B_30TXL_20200116_1_L2A;S2B_30TXL_20200116_2_L2A;S2B_30TXL_20200116_3_L2A,1.0,0.698,0.302,0.0864,0.0977,otsu,0.765,0.0347,2813.8,128.6,0.1513,53.3,72.8,71.8,-0.0624,0.1391,0.219,0.1609,nublado,2026-09-03T08:20:43+00:00
gallocanta,2020-01-26,2,S2B_30TXL_20200126_0_L2A;S2B_30TXL_20200126_1_L2A,1.0,0.897,0.103,0.0418,-0.207,otsu,1.214,0.1356,2813.8,76.3,0.2633,41.9,3.3,7.5,0.0385,0.0838,0.1398,0.0205,nublado,2026-09-03T08:20:32+00:00
gallocanta,2020-01-29,2,S2B_30TXL_20200129_0_L2A;S2B_30TXL_20200129_1_L2A,1.0,0.472,0.528,0.0775,0.168,otsu,0.366,0.0545,2813.8,455.5,0.3066,17.1,440.0,297.6,-0.1344,0.1719,0.2832,0.3707,nublado,2026-09-03T08:20:32+00:00
gallocanta,2020-01-31,2,S2A_30TXL_20200131_0_L2A;S2A_30TXL_20200131_1_L2A,1.0,0.9395,0.0605,0.112,0.2227,otsu,0.672,0.1024,2813.8,63.5,0.3729,1.1,111.3,69.0,-0.1625,0.1477,0.2809,0.2406,nublado,2026-09-03T08:20:32+00:00
gallocanta,2020-02-05,2,S2B_30TXL_20200205_0_L2A;S2B_30TXL_20200205_1_L2A,1.0,0.003,0.997,0.0594,0.2227,otsu,0.251,0.0301,2813.8,767.2,0.2735,209.2,756.9,744.1,-0.2296,0.3162,0.4158,0.9141,ok,2026-09-03T08:20:43+00:00
gallocanta,2020-02-10,2,S2A_30TXL_20200210_0_L2A;S2A_30TXL_20200210_1_L2A,1.0,0.7913,0.2087,0.0993,0.1758,otsu,0.368,0.0621,2813.8,140.1,0.2386,16.8,260.6,129.0,-0.2458,0.1815,0.2586,0.3649,nublado,2026-09-03T08:20:43+00:00
gallocanta,2020-02-13,2,S2A_30TXL_20200213_0_L2A;S2A_30TXL_20200213_1_L2A,1.0,0.2765,0.7235,0.0709,0.1914,otsu,0.169,0.0343,2813.8,585.5,0.2876,162.9,656.1,493.2,-0.2585,0.2863,0.4132,0.8229,nublado,2026-09-03T08:20:43+00:00
gallocanta,2020-02-15,2,S2B_30TXL_20200215_0_L2A;S2B_30TXL_20200215_1_L2A,1.0,0.0032,0.9968,0.0642,0.2148,otsu,0.21,0.0344,2813.8,765.8,0.273,199.6,759.2,740.7,-0.2211,0.2454,0.3773,0.6361,ok,2026-09-03T08:20:43+00:00
gallocanta,2020-02-18,2,S2B_30TXL_20200218_0_L2A;S2B_30TXL_20200218_1_L2A,1.0,0.8255,0.1745,0.1094,0.0,fijo,,,2813.8,13.4,0.0274,9.4,10.1,0.2,-0.0475,0.093,0.1323,0.006,nublado,2026-09-03T08:20:43+00:00
gallocanta,2020-02-20,2,S2A_30TXL_20200220_0_L2A;S2A_30TXL_20200220_1_L2A,1.0,0.0033,0.9967,0.0643,0.207,otsu,0.177,0.0383,2813.8,779.7,0.278,178.8,771.2,747.2,-0.2015,0.1784,0.3054,0.3838,ok,2026-09-03T08:20:43+00:00
gallocanta,2020-02-23,2,S2A_30TXL_20200223_0_L2A;S2A_30TXL_20200223_1_L2A,1.0,0.0114,0.9886,0.0615,0.207,otsu,0.176,0.0399,2813.8,774.8,0.2785,183.5,765.0,743.3,-0.1927,0.1563,0.2871,0.3152,ok,2026-09-03T08:20:43+00:00
gallocanta,2020-02-25,2,S2B_30TXL_20200225_0_L2A;S2B_30TXL_20200225_1_L2A,1.0,0.8708,0.1292,0.0689,-0.0352,otsu,0.574,0.0551,2813.8,89.0,0.2447,7.0,94.3,1.5,-0.121,0.1653,0.2345,0.267,nublado,2026-09-03T08:20:43+00:00
gallocanta,2020-02-28,2,S2B_30TXL_20200228_0_L2A;S2B_30TXL_20200228_1_L2A,1.0,0.326,0.674,0.0815,0.0508,otsu,0.329,0.0776,2813.8,551.1,0.2906,52.3,543.5,30.1,-0.146,0.1043,0.1597,0.0251,nublado,2026-09-03T08:20:43+00:00
gallocanta,2020-03-04,1,S2A_30TXL_20200304_0_L2A,1.0,0.1873,0.8127,0.0944,0.2227,otsu,0.67,0.1063,2813.8,722.3,0.3158,2.7,689.3,640.2,-0.0389,0.0897,0.1113,0.0007,ok,2026-09-03T08:20:43+00:00
gallocanta,2020-03-09,2,S2B_30TXL_20200309_0_L2A;S2B_30TXL_20200309_1_L2A,1.0,0.0574,0.9426,0.0988,0.207,otsu,0.516,0.1202,2813.8,935.3,0.3527,9.9,912.2,890.0,-0.0501,0.0822,0.105,0.0032,ok,2026-09-03T08:20:43+00:00
gallocanta,2020-03-11,2,S2A_30TXL_20200311_0_L2A;S2A_30TXL_20200311_1_L2A,1.0,0.0124,0.9876,0.0664,0.2227,otsu,0.152,0.0415,2813.8,935.0,0.3364,16.7,915.9,891.4,-0.2211,0.1796,0.2565,0.2927,ok,2026-09-03T08:20:56+00:00
gallocanta,2020-03-14,2,S2A_30TXL_20200314_0_L2A;S2A_30TXL_20200314_1_L2A,1.0,0.0178,0.9822,0.063,0.2305,otsu,0.172,0.0536,2813.8,922.4,0.3338,20.8,906.8,889.0,-0.2249,0.1808,0.2764,0.3504,ok,2026-09-03T08:20:56+00:00
gallocanta,2020-03-19,2,S2B_30TXL_20200319_0_L2A;S2B_30TXL_20200319_1_L2A,1.0,0.0121,0.9879,0.0757,0.0586,otsu,0.573,0.0712,2813.8,966.6,0.3477,77.2,900.2,0.0,-0.1251,0.1163,0.165,0.0131,ok,2026-09-03T08:20:56+00:00
gallocanta,2020-03-29,2,S2B_30TXL_20200329_0_L2A;S2B_30TXL_20200329_1_L2A,1.0,0.0059,0.9941,0.0682,0.1914,otsu,0.213,0.0691,2813.8,1002.5,0.3584,25.5,975.5,950.3,-0.1698,0.0546,0.147,0.0312,ok,2026-09-03T08:20:56+00:00
gallocanta,2020-04-03,2,S2A_30TXL_20200403_0_L2A;S2A_30TXL_20200403_1_L2A,1.0,0.0061,0.9939,0.0555,0.2461,otsu,0.121,0.0596,2813.8,1039.1,0.3716,49.0,1001.5,988.2,-0.1526,0.0029,0.1063,0.0205,ok,2026-09-03T08:20:56+00:00
gallocanta,2020-04-13,2,S2A_30TXL_20200413_0_L2A;S2A_30TXL_20200413_1_L2A,1.0,0.0119,0.9881,0.0588,0.2383,otsu,0.117,0.0675,2813.8,1064.6,0.3829,27.7,1040.5,1018.4,-0.1413,-0.0339,0.0968,0.0246,ok,2026-09-03T08:20:56+00:00
gallocanta,2020-04-25,2,S2B_30TXL_20200425_0_L2A;S2B_30TXL_20200425_1_L2A,1.0,0.0407,0.9593,0.0584,0.0977,otsu,0.279,0.0627,2813.8,1013.9,0.3756,40.4,1015.6,780.4,-0.1916,0.0241,0.1712,0.0684,ok,2026-09-03T08:20:56+00:00
gallocanta,2020-05-03,2,S2A_30TXL_20200503_0_L2A;S2A_30TXL_20200503_1_L2A,1.0,0.0216,0.9784,0.0468,0.1758,otsu,0.149,0.0504,2813.8,945.4,0.3434,106.0,983.2,898.1,-0.2863,0.0616,0.2832,0.1765,ok,2026-09-03T08:20:56+00:00
gallocanta,2020-05-08,2,S2B_30TXL_20200508_0_L2A;S2B_30TXL_20200508_1_L2A,1.0,0.0247,0.9753,0.0459,0.1367,otsu,0.24,0.0359,2813.8,838.9,0.3057,215.9,905.7,661.2,-0.3119,0.1636,0.3333,0.2723,ok,2026-09-03T08:20:56+00:00
gallocanta,2020-05-18,2,S2B_30TXL_20200518_0_L2A;S2B_30TXL_20200518_1_L2A,1.0,0.0208,0.9792,0.0375,0.1133,otsu,0.18,0.0218,2813.8,807.5,0.2931,285.6,873.0,544.5,-0.3311,0.224,0.4303,0.4724,ok,2026-09-03T08:20:56+00:00
gallocanta,2020-05-20,2,S2A_30TXL_20200520_0_L2A;S2A_30TXL_20200520_1_L2A,1.0,0.0166,0.9834,0.0362,0.1992,otsu,0.107,0.0198,2813.8,781.9,0.2826,307.2,878.8,817.2,-0.4607,0.2872,0.476,0.7365,ok,2026-09-03T08:20:56+00:00
gallocanta,2020-05-23,2,S2A_30TXL_20200523_0_L2A;S2A_30TXL_20200523_1_L2A,1.0,0.3086,0.6914,0.0351,0.0664,otsu,0.252,0.025,2813.8,541.9,0.2785,252.4,597.8,404.3,-0.3874,0.2381,0.375,0.6109,nublado,2026-09-03T08:20:56+00:00
gallocanta,2020-05-28,2,S2B_30TXL_20200528_0_L2A;S2B_30TXL_20200528_1_L2A,1.0,0.0546,0.9454,0.0485,-0.0039,otsu,0.501,0.0203,2813.8,621.9,0.2338,357.2,673.7,103.2,-0.1634,0.1406,0.257,0.1694,ok,2026-09-03T08:21:08+00:00
gallocanta,2020-05-30,2,S2A_30TXL_20200530_0_L2A;S2A_30TXL_20200530_1_L2A,1.0,0.0584,0.9416,0.0471,0.1445,otsu,0.201,0.0247,2813.8,584.6,0.2206,380.9,689.2,593.5,-0.4023,0.2598,0.4133,0.6833,ok,2026-09-03T08:21:08+00:00
gallocanta,2020-06-07,2,S2B_30TXL_20200607_0_L2A;S2B_30TXL_20200607_1_L2A,1.0,0.2239,0.7761,0.0614,0.1133,otsu,0.162,0.028,2813.8,463.2,0.2121,169.1,542.6,307.8,-0.3022,0.2195,0.4292,0.4751,nublado,2026-09-03T08:21:08+00:00
gallocanta,2020-06-09,2,S2A_30TXL_20200609_0_L2A;S2A_30TXL_20200609_1_L2A,1.0,0.3719,0.6281,0.0682,0.1211,otsu,0.165,0.0259,2813.8,261.2,0.1478,83.2,318.1,226.6,-0.3877,0.2855,0.4924,0.6706,nublado,2026-09-03T08:21:08+00:00
gallocanta,2020-06-12,2,S2A_30TXL_20200612_0_L2A;S2A_30TXL_20200612_1_L2A,1.0,0.3281,0.6719,0.0813,0.0039,otsu,0.669,0.0342,2813.8,486.7,0.2574,125.9,483.1,98.6,-0.1444,0.133,0.2584,0.1917,nublado,2026-09-03T08:21:08+00:00
gallocanta,2020-06-17,2,S2B_30TXL_20200617_0_L2A;S2B_30TXL_20200617_1_L2A,1.0,0.1631,0.8369,0.0629,0.1992,otsu,0.185,0.03,2813.8,529.4,0.2248,210.0,633.1,540.0,-0.354,0.2682,0.4342,0.6894,ok,2026-09-03T08:21:08+00:00
gallocanta,2020-06-19,2,S2A_30TXL_20200619_0_L2A;S2A_30TXL_20200619_1_L2A,1.0,0.7864,0.2136,0.092,0.0977,otsu,0.469,0.0486,2813.8,84.2,0.1401,34.1,104.8,82.6,-0.2144,0.2045,0.347,0.5085,nublado,2026-09-03T08:21:08+00:00
gallocanta,2020-06-22,2,S2A_30TXL_20200622_0_L2A;S2A_30TXL_20200622_1_L2A,1.0,0.0649,0.9351,0.0461,0.1055,otsu,0.325,0.0149,2813.8,604.4,0.2297,326.3,672.3,686.2,-0.3088,0.308,0.4327,0.8291,ok,2026-09-03T08:21:08+00:00
gallocanta,2020-06-24,1,S2B_30TXL_20200624_0_L2A,1.0,0.8261,0.1739,0.0862,-0.0664,otsu,0.859,0.0705,2813.8,71.4,0.146,57.0,47.6,0.0,-0.081,0.1388,0.204,0.1137,nublado,2026-09-03T08:21:08+00:00
gallocanta,2020-06-27,2,S2B_30TXL_20200627_0_L2A;S2B_30TXL_20200627_1_L2A,1.0,0.126,0.874,0.0508,0.0195,otsu,0.393,0.0177,2813.8,439.7,0.1788,281.1,452.0,421.1,-0.2736,0.276,0.4096,0.7649,ok,2026-09-03T08:21:08+00:00
gallocanta,2020-06-29,2,S2A_30TXL_20200629_0_L2A;S2A_30TXL_20200629_1_L2A,1.0,0.0384,0.9616,0.0532,0.1211,otsu,0.246,0.0134,2813.8,631.6,0.2334,360.4,695.8,749.9,-0.3428,0.3486,0.4915,0.8853,ok,2026-09-03T08:21:08+00:00
gallocanta,2020-07-02,2,S2A_30TXL_20200702_0_L2A;S2A_30TXL_20200702_1_L2A,1.0,0.8147,0.1853,0.0778,-0.0664,otsu,,,2813.8,13.1,0.0252,19.1,8.2,0.2,-0.0749,0.1943,0.2803,0.5366,nublado,2026-09-03T08:21:08+00:00
gallocanta,2020-07-04,2,S2B_30TXL_20200704_0_L2A;S2B_30TXL_20200704_1_L2A,1.0,0.0453,0.9547,0.0561,0.1133,otsu,0.364,0.0139,2813.8,552.7,0.2057,448.2,614.3,726.7,-0.323,0.3196,0.4529,0.8437,ok,2026-09-03T08:21:17+00:00
gallocanta,2020-07-07,2,S2B_30TXL_20200707_0_L2A;S2B_30TXL_20200707_1_L2A,1.0,0.1029,0.8971,0.0651,-0.0117,otsu,0.484,0.0159,2813.8,509.4,0.2018,318.8,531.0,269.6,-0.1685,0.1986,0.3918,0.4495,ok,2026-09-03T08:21:17+00:00
gallocanta,2020-07-14,2,S2B_30TXL_20200714_0_L2A;S2B_30TXL_20200714_1_L2A,1.0,0.3196,0.6804,0.0995,0.0273,otsu,0.41,0.0382,2813.8,167.2,0.0874,73.4,167.8,104.7,-0.2196,0.1614,0.2594,0.2951,nublado,2026-09-03T08:21:17+00:00
gallocanta,2020-07-17,2,S2B_30TXL_20200717_0_L2A;S2B_30TXL_20200717_1_L2A,1.0,0.0632,0.9368,0.0537,0.0977,otsu,0.401,0.0166,2813.8,421.9,0.1601,500.7,487.4,471.8,-0.2799,0.2737,0.4209,0.7162,ok,2026-09-03T08:21:17+00:00
gallocanta,2020-07-19,2,S2A_30TXL_20200719_0_L2A;S2A_30TXL_20200719_1_L2A,1.0,0.0782,0.9218,0.0591,0.0977,otsu,0.347,0.0153,2813.8,400.6,0.1544,504.0,494.9,469.2,-0.3196,0.2984,0.4583,0.7556,ok,2026-09-03T08:21:17+00:00
gallocanta,2020-07-22,1,S2A_30TXL_20200722_0_L2A,1.0,1.0,0.0,,0.0,fijo,,,2813.8,0.0,0.0,0.0,0.0,0.0,,,,,nublado,2026-09-03T08:21:17+00:00
gallocanta,2020-07-24,2,S2B_30TXL_20200724_0_L2A;S2B_30TXL_20200724_1_L2A,1.0,0.0697,0.9303,0.0722,0.0742,otsu,0.585,0.0316,2813.8,349.2,0.1334,501.7,404.4,325.0,-0.2011,0.2154,0.3205,0.5834,ok,2026-09-03T08:21:17+00:00
gallocanta,2020-07-27,2,S2B_30TXL_20200727_0_L2A;S2B_30TXL_20200727_1_L2A,1.0,0.1976,0.8024,0.0741,-0.0586,otsu,0.511,0.0267,2813.8,188.9,0.0837,362.5,190.9,71.1,-0.1814,0.2156,0.3112,0.6027,ok,2026-09-03T08:21:17+00:00
gallocanta,2020-07-29,2,S2A_30TXL_20200729_0_L2A;S2A_30TXL_20200729_1_L2A,1.0,0.1509,0.8491,0.0717,0.0508,otsu,0.459,0.0177,2813.8,224.9,0.0941,455.0,304.2,246.3,-0.2809,0.2963,0.4255,0.8278,ok,2026-09-03T08:21:17+00:00
gallocanta,2020-08-01,2,S2A_30TXL_20200801_0_L2A;S2A_30TXL_20200801_1_L2A,1.0,0.235,0.765,0.0527,0.0195,otsu,0.567,0.0136,2813.8,174.3,0.081,503.1,227.2,156.1,-0.2136,0.2473,0.4155,0.6347,nublado,2026-09-03T08:21:17+00:00
gallocanta,2020-08-03,2,S2B_30TXL_20200803_0_L2A;S2B_30TXL_20200803_1_L2A,1.0,0.0464,0.9536,0.0586,0.1289,otsu,0.486,0.0131,2813.8,187.5,0.0699,775.2,295.1,278.9,-0.2634,0.2956,0.476,0.7877,ok,2026-09-03T08:21:17+00:00
gallocanta,2020-08-06,2,S2B_30TXL_20200806_0_L2A;S2B_30TXL_20200806_1_L2A,1.0,0.0718,0.9282,0.0622,0.0898,otsu,0.471,0.0202,2813.8,177.4,0.0679,689.4,285.4,215.5,-0.2508,0.2905,0.4154,0.8138,ok,2026-09-03T08:21:17+00:00
gallocanta,2020-08-08,2,S2A_30TXL_20200808_0_L2A;S2A_30TXL_20200808_1_L2A,1.0,0.2422,0.7578,0.0742,-0.1211,otsu,0.642,0.0191,2813.8,100.2,0.047,408.7,87.5,0.0,-0.0913,0.1822,0.3109,0.4681,nublado,2026-09-03T08:21:34+00:00
gallocanta,2020-08-13,2,S2B_30TXL_20200813_0_L2A;S2B_30TXL_20200813_1_L2A,1.0,0.0465,0.9535,0.0655,0.1133,otsu,0.557,0.0213,2813.8,150.6,0.0561,771.8,226.6,178.0,-0.2151,0.2906,0.3991,0.8451,ok,2026-09-03T08:21:34+00:00
gallocanta,2020-08-16,2,S2B_30TXL_20200816_0_L2A;S2B_30TXL_20200816_1_L2A,1.0,0.0253,0.9747,0.0549,0.1133,otsu,0.522,0.0198,2813.8,131.6,0.048,824.7,186.7,146.6,-0.1812,0.2626,0.3786,0.7374,ok,2026-09-03T08:21:34+00:00
gallocanta,2020-08-21,2,S2A_30TXL_20200821_0_L2A;S2A_30TXL_20200821_1_L2A,1.0,0.0876,0.9124,0.0531,0.0664,otsu,0.413,0.0118,2813.8,117.0,0.0456,721.7,132.2,112.4,-0.154,0.2734,0.4058,0.7223,ok,2026-09-03T08:21:34+00:00
gallocanta,2020-08-23,2,S2B_30TXL_20200823_0_L2A;S2B_30TXL_20200823_1_L2A,1.0,0.0646,0.9354,0.0585,0.1289,otsu,0.407,0.0153,2813.8,124.7,0.0474,821.0,150.5,134.8,-0.1651,0.2846,0.4176,0.7508,ok,2026-09-03T08:21:34+00:00
gallocanta,2020-08-26,2,S2B_30TXL_20200826_0_L2A;S2B_30TXL_20200826_1_L2A,1.0,0.0608,0.9392,0.0588,0.0898,otsu,0.424,0.0225,2813.8,123.1,0.0466,800.5,131.6,110.2,-0.1499,0.2653,0.3784,0.7446,ok,2026-09-03T08:21:34+00:00
gallocanta,2020-08-31,2,S2A_30TXL_20200831_0_L2A;S2A_30TXL_20200831_1_L2A,1.0,0.0526,0.9474,0.0496,0.1133,otsu,0.396,0.0115,2813.8,107.7,0.0404,815.9,107.7,110.6,-0.134,0.2425,0.3889,0.6163,ok,2026-09-03T08:21:34+00:00
gallocanta,2020-09-02,2,S2B_30TXL_20200902_0_L2A;S2B_30TXL_20200902_1_L2A,1.0,0.0614,0.9386,0.0575,0.1367,otsu,0.373,0.0154,2813.8,115.5,0.0437,829.8,116.5,119.2,-0.1447,0.2539,0.3964,0.6533,ok,2026-09-03T08:21:34+00:00
gallocanta,2020-09-05,2,S2B_30TXL_20200905_0_L2A;S2B_30TXL_20200905_1_L2A,1.0,0.0556,0.9444,0.0552,0.1133,otsu,0.356,0.0177,2813.8,110.2,0.0415,831.1,110.6,102.5,-0.1533,0.2578,0.3961,0.6649,ok,2026-09-03T08:21:34+00:00
gallocanta,2020-09-07,2,S2A_30TXL_20200907_0_L2A;S2A_30TXL_20200907_1_L2A,1.0,0.0764,0.9236,0.0555,0.1133,otsu,0.357,0.0125,2813.8,107.6,0.0414,809.5,111.7,109.5,-0.1591,0.269,0.421,0.6953,ok,2026-09-03T08:21:34+00:00
gallocanta,2020-09-10,2,S2A_30TXL_20200910_0_L2A;S2A_30TXL_20200910_1_L2A,1.0,0.0645,0.9355,0.0529,0.0977,otsu,0.346,0.0161,2813.8,108.1,0.0411,817.3,107.6,98.0,-0.1575,0.2552,0.4034,0.6319,ok,2026-09-03T08:21:34+00:00
gallocanta,2020-09-12,2,S2B_30TXL_20200912_0_L2A;S2B_30TXL_20200912_1_L2A,1.0,0.0716,0.9284,0.0606,0.1289,otsu,0.342,0.0227,2813.8,117.1,0.0448,811.3,115.6,105.8,-0.1513,0.2497,0.3836,0.6568,ok,2026-09-03T08:21:45+00:00
gallocanta,2020-09-15,2,S2B_30TXL_20200915_0_L2A;S2B_30TXL_20200915_1_L2A,1.0,0.0508,0.9492,0.0691,0.0977,otsu,0.553,0.0361,2813.8,110.5,0.0414,777.1,105.2,87.0,-0.1336,0.2303,0.327,0.6564,ok,2026-09-03T08:21:34+00:00
gallocanta,2020-09-17,1,S2A_30TXL_20200917_0_L2A,1.0,0.9265,0.0735,0.1535,-0.2227,otsu,1.253,0.1098,2813.8,22.4,0.1083,23.1,0.7,0.0,-0.0001,0.056,0.077,0.0036,nublado,2026-09-03T08:21:45+00:00
gallocanta,2020-09-22,2,S2B_30TXL_20200922_0_L2A;S2B_30TXL_20200922_1_L2A,1.0,0.1525,0.8475,0.0613,0.1602,otsu,0.413,0.0281,2813.8,116.1,0.0487,809.1,128.8,125.9,-0.1903,0.2492,0.4027,0.6592,ok,2026-09-03T08:21:45+00:00
gallocanta,2020-09-25,2,S2B_30TXL_20200925_0_L2A;S2B_30TXL_20200925_1_L2A,1.0,0.2092,0.7908,0.0549,0.1289,otsu,0.721,0.021,2813.8,112.8,0.0507,679.9,127.7,170.4,-0.1243,0.1393,0.3144,0.2758,nublado,2026-09-03T08:21:45+00:00
gallocanta,2020-09-27,2,S2A_30TXL_20200927_0_L2A;S2A_30TXL_20200927_1_L2A,1.0,0.0312,0.9688,0.0523,0.1367,otsu,0.403,0.018,2813.8,118.8,0.0436,804.9,121.9,123.4,-0.1752,0.2145,0.3757,0.5335,ok,2026-09-03T08:21:45+00:00
gallocanta,2020-09-30,2,S2A_30TXL_20200930_0_L2A;S2A_30TXL_20200930_1_L2A,1.0,1.0,0.0,,0.0,fijo,,,2813.8,0.0,0.0,0.0,0.0,0.0,,,,,nublado,2026-09-03T08:21:45+00:00
gallocanta,2020-10-05,2,S2B_30TXL_20201005_0_L2A;S2B_30TXL_20201005_1_L2A,1.0,0.2422,0.7578,0.0674,0.1055,otsu,0.568,0.0105,2813.8,63.2,0.0297,476.6,73.3,73.2,-0.2183,0.2067,0.3841,0.5066,nublado,2026-09-03T08:21:45+00:00
gallocanta,2020-10-10,2,S2A_30TXL_20201010_0_L2A;S2A_30TXL_20201010_1_L2A,1.0,0.4273,0.5727,0.0999,0.1758,otsu,0.453,0.033,2813.8,29.0,0.018,340.8,38.2,24.6,-0.2155,0.2434,0.3738,0.6703,nublado,2026-09-03T08:21:45+00:00
gallocanta,2020-10-12,2,S2B_30TXL_20201012_0_L2A;S2B_30TXL_20201012_1_L2A,1.0,0.4142,0.5858,0.0626,0.1758,otsu,0.717,0.0187,2813.8,54.3,0.033,482.9,74.1,82.4,-0.2362,0.2494,0.4028,0.6598,nublado,2026-09-03T08:21:45+00:00
gallocanta,2020-10-17,2,S2A_30TXL_20201017_0_L2A;S2A_30TXL_20201017_1_L2A,1.0,0.0452,0.9548,0.06,-0.0352,otsu,0.401,0.0299,2813.8,142.2,0.0529,826.0,119.9,64.4,-0.0983,0.1668,0.3283,0.3772,ok,2026-09-03T08:21:45+00:00
gallocanta,2020-10-27,2,S2A_30TXL_20201027_0_L2A;S2A_30TXL_20201027_1_L2A,1.0,0.3376,0.662,0.0922,-0.0039,otsu,0.494,0.0491,2813.8,367.0,0.197,4.8,55.8,30.4,0.8597,-0.7824,-0.6838,0.0007,nublado,2026-09-03T08:21:45+00:00
gallocanta,2020-10-30,2,S2A_30TXL_20201030_0_L2A;S2A_30TXL_20201030_1_L2A,1.0,0.0209,0.9791,0.0475,0.1602,otsu,0.379,0.0165,2813.8,123.0,0.0447,812.0,127.2,140.4,-0.1628,0.2149,0.3981,0.4665,ok,2026-09-03T08:21:57+00:00
gallocanta,2020-11-01,2,S2B_30TXL_20201101_0_L2A;S2B_30TXL_20201101_1_L2A,1.0,0.7226,0.2774,0.0701,-0.0273,otsu,0.491,0.0481,2813.8,53.1,0.0681,93.5,50.8,0.2,-0.1028,0.1396,0.2295,0.1596,nublado,2026-09-03T08:21:45+00:00
gallocanta,2020-11-11,2,S2B_30TXL_20201111_0_L2A;S2B_30TXL_20201111_1_L2A,1.0,0.0195,0.9805,0.0513,0.1211,otsu,0.465,0.0238,2813.8,151.5,0.0549,790.7,152.7,181.9,-0.1502,0.1893,0.3775,0.4027,ok,2026-09-03T08:21:57+00:00
gallocanta,2020-11-19,2,S2A_30TXL_20201119_0_L2A;S2A_30TXL_20201119_1_L2A,1.0,0.3494,0.6506,0.0515,0.1055,otsu,0.48,0.0226,2813.8,161.8,0.0884,402.9,155.2,200.6,-0.1312,0.1932,0.3726,0.4058,nublado,2026-09-03T08:21:57+00:00
gallocanta,2020-11-21,2,S2B_30TXL_20201121_0_L2A;S2B_30TXL_20201121_1_L2A,1.0,0.0214,0.9786,0.0552,0.1836,otsu,0.572,0.0254,2813.8,178.9,0.065,750.7,179.2,225.8,-0.1445,0.1795,0.3649,0.3918,ok,2026-09-03T08:21:57+00:00
gallocanta,2020-11-24,2,S2B_30TXL_20201124_0_L2A;S2B_30TXL_20201124_1_L2A,1.0,0.0808,0.9192,0.0448,0.1211,otsu,0.805,0.0152,2813.8,75.3,0.0291,690.8,57.4,84.0,-0.0875,0.1846,0.3658,0.3717,ok,2026-09-03T08:21:57+00:00
gallocanta,2020-12-04,2,S2B_30TXL_20201204_0_L2A;S2B_30TXL_20201204_1_L2A,1.0,0.7518,0.2482,0.0917,0.1758,otsu,0.97,0.0553,2813.8,177.5,0.2542,97.8,107.3,87.8,-0.0616,0.0689,0.2024,0.1014,nublado,2026-09-03T08:21:57+00:00
gallocanta,2020-12-06,2,S2A_30TXL_20201206_0_L2A;S2A_30TXL_20201206_1_L2A,1.0,0.2573,0.7427,0.0698,0.168,otsu,0.774,0.0181,2813.8,130.0,0.0622,490.2,131.3,182.4,-0.1164,0.1796,0.4059,0.3564,nublado,2026-09-03T08:21:57+00:00
gallocanta,2020-12-09,2,S2A_30TXL_20201209_0_L2A;S2A_30TXL_20201209_1_L2A,1.0,0.0347,0.9653,0.0531,0.1758,otsu,0.741,0.0273,2813.8,256.7,0.0945,678.6,256.0,339.5,-0.1188,0.1893,0.4209,0.364,ok,2026-09-03T08:21:57+00:00
gallocanta,2020-12-26,2,S2A_30TXL_20201226_0_L2A;S2A_30TXL_20201226_1_L2A,1.0,0.0456,0.9544,0.0482,0.1758,otsu,0.676,0.0183,2813.8,264.1,0.0983,681.6,297.1,404.8,-0.2016,0.2635,0.4509,0.6336,ok,2026-09-03T08:21:57+00:00
gallocanta,2020-12-31,2,S2B_30TXL_20201231_0_L2A;S2B_30TXL_20201231_1_L2A,1.0,0.0355,0.9645,0.054,0.1914,otsu,0.661,0.0226,2813.8,302.4,0.1114,646.1,325.9,442.5,-0.2105,0.2755,0.4588,0.673,ok,2026-09-03T08:21:57+00:00
gallocanta,2021-01-03,2,S2B_30TXL_20210103_0_L2A;S2B_30TXL_20210103_1_L2A,1.0,0.5693,0.4307,0.0444,0.0,fijo,0.618,0.0417,2813.8,521.3,0.4301,615.1,443.6,533.2,-0.1367,0.1922,0.3979,0.4301,nublado,2026-09-03T08:21:57+00:00
gallocanta,2021-01-05,2,S2A_30TXL_20210105_0_L2A;S2A_30TXL_20210105_1_L2A,1.0,0.5593,0.4407,0.0606,0.3164,otsu,0.827,0.0359,2813.8,180.6,0.1456,349.3,254.6,277.0,-0.1635,0.2489,0.4607,0.614,nublado,2026-09-03T08:22:09+00:00
gallocanta,2021-01-13,2,S2B_30TXL_20210113_0_L2A;S2B_30TXL_20210113_1_L2A,1.0,0.9507,0.0493,0.19,0.0,fijo,0.733,0.1922,2813.8,131.2,0.9452,5.6,126.9,749.0,-0.0324,0.1185,0.1721,0.0506,nublado,2026-09-03T08:21:57+00:00
gallocanta,2021-01-18,2,S2A_30TXL_20210118_0_L2A;S2A_30TXL_20210118_1_L2A,1.0,0.8254,0.1746,0.1407,0.0,fijo,0.764,0.1395,2813.8,460.4,0.9373,22.4,425.0,807.7,-0.0305,0.1359,0.2108,0.1246,nublado,2026-09-03T08:22:09+00:00
gallocanta,2021-01-28,3,S2A_30TXL_20210128_0_L2A;S2A_30TXL_20210128_1_L2A;S2A_30TXL_20210128_2_L2A,1.0,0.9999,0.0001,0.1994,0.0,fijo,,,2813.8,0.2,1.0,0.0,0.2,0.0,-0.078,0.0925,0.11,0.0,nublado,2026-09-03T08:22:09+00:00
gallocanta,2021-01-30,2,S2B_30TXL_20210130_0_L2A;S2B_30TXL_20210130_1_L2A,1.0,0.5771,0.4229,0.0895,0.0273,otsu,0.632,0.0531,2813.8,299.2,0.2514,53.6,300.5,209.8,-0.1374,0.2035,0.3284,0.5273,nublado,2026-09-03T08:22:09+00:00
gallocanta,2021-02-07,2,S2A_30TXL_20210207_0_L2A;S2A_30TXL_20210207_1_L2A,1.0,0.0843,0.9157,0.0482,0.1445,otsu,0.647,0.0176,2813.8,513.1,0.1991,337.6,562.4,660.4,-0.2103,0.3358,0.4735,0.8471,ok,2026-09-03T08:22:09+00:00
gallocanta,2021-02-14,2,S2A_30TXL_20210214_0_L2A;S2A_30TXL_20210214_1_L2A,1.0,0.0117,0.9883,0.0512,0.1758,otsu,0.535,0.0158,2813.8,747.9,0.2689,278.1,862.7,920.8,-0.2499,0.3483,0.4851,0.8193,ok,2026-09-03T08:22:09+00:00
gallocanta,2021-02-19,2,S2B_30TXL_20210219_0_L2A;S2B_30TXL_20210219_1_L2A,1.0,0.0115,0.9885,0.0651,0.1055,otsu,0.613,0.0222,2813.8,791.1,0.2844,222.8,828.2,897.2,-0.191,0.2931,0.4269,0.7668,ok,2026-09-03T08:22:09+00:00
gallocanta,2021-02-24,2,S2A_30TXL_20210224_0_L2A;S2A_30TXL_20210224_1_L2A,1.0,0.0495,0.9505,0.0613,0.0586,otsu,0.659,0.0257,2813.8,765.3,0.2861,203.6,774.2,776.8,-0.1711,0.2625,0.3754,0.7375,ok,2026-09-03T08:22:09+00:00
gallocanta,2021-02-27,2,S2A_30TXL_20210227_0_L2A;S2A_30TXL_20210227_1_L2A,1.0,0.696,0.304,0.076,-0.0273,otsu,0.822,0.062,2813.8,428.6,0.5011,67.2,300.6,0.0,-0.0941,0.1548,0.2289,0.2455,nublado,2026-09-03T08:22:09+00:00
gallocanta,2021-03-06,2,S2A_30TXL_20210306_0_L2A;S2A_30TXL_20210306_1_L2A,1.0,0.3103,0.6897,0.1016,-0.0195,otsu,0.725,0.085,2813.8,356.6,0.1838,30.8,298.2,29.2,-0.0988,0.1438,0.2196,0.1904,nublado,2026-09-03T08:22:23+00:00
gallocanta,2021-03-09,2,S2A_30TXL_20210309_0_L2A;S2A_30TXL_20210309_1_L2A,1.0,0.8206,0.1794,0.1195,0.168,otsu,0.482,0.0543,2813.8,120.4,0.2385,1.5,165.2,89.2,-0.189,0.1747,0.2481,0.3671,nublado,2026-09-03T08:22:09+00:00
gallocanta,2021-03-16,2,S2A_30TXL_20210316_0_L2A;S2A_30TXL_20210316_1_L2A,1.0,0.0114,0.9886,0.0607,0.168,otsu,0.569,0.0157,2813.8,623.8,0.2242,360.7,775.8,829.5,-0.2335,0.2904,0.4863,0.6386,ok,2026-09-03T08:22:23+00:00
gallocanta,2021-03-21,2,S2B_30TXL_20210321_0_L2A;S2B_30TXL_20210321_1_L2A,1.0,0.0627,0.9373,0.0688,0.1836,otsu,0.588,0.025,2813.8,677.2,0.2567,258.5,780.8,814.9,-0.1952,0.2527,0.4474,0.6147,ok,2026-09-03T08:22:09+00:00
gallocanta,2021-03-24,2,S2B_30TXL_20210324_0_L2A;S2B_30TXL_20210324_1_L2A,1.0,0.0281,0.9719,0.061,0.207,otsu,0.592,0.0226,2813.8,581.2,0.2125,403.6,718.3,780.7,-0.2124,0.2501,0.4545,0.5957,ok,2026-09-03T08:22:09+00:00
gallocanta,2021-03-29,2,S2A_30TXL_20210329_0_L2A;S2A_30TXL_20210329_1_L2A,1.0,0.3996,0.6004,0.0874,-0.0898,otsu,0.95,0.0871,2813.8,237.4,0.1405,246.0,129.6,0.1,-0.068,0.1244,0.2034,0.1149,nublado,2026-09-03T08:22:23+00:00
gallocanta,2021-03-31,2,S2B_30TXL_20210331_0_L2A;S2B_30TXL_20210331_1_L2A,1.0,0.0358,0.9642,0.078,-0.0508,otsu,0.719,0.0611,2813.8,427.2,0.1575,596.0,318.2,1.7,-0.0975,0.1431,0.274,0.3622,ok,2026-09-03T08:22:23+00:00
gallocanta,2021-04-03,2,S2B_30TXL_20210403_0_L2A;S2B_30TXL_20210403_1_L2A,1.0,0.274,0.726,0.0792,0.0273,otsu,0.551,0.0746,2813.8,250.0,0.1224,60.3,237.0,3.5,-0.1204,0.1285,0.2866,0.264,nublado,2026-09-03T08:22:23+00:00
gallocanta,2021-04-05,3,S2A_30TXL_20210405_0_L2A;S2A_30TXL_20210405_1_L2A;S2A_30TXL_20210405_2_L2A,1.0,0.0343,0.9657,0.0585,0.168,otsu,0.555,0.0184,2813.8,401.4,0.1477,573.0,494.8,529.3,-0.2005,0.2275,0.4872,0.5047,ok,2026-09-03T08:22:23+00:00
gallocanta,2021-04-08,2,S2A_30TXL_20210408_0_L2A;S2A_30TXL_20210408_1_L2A,1.0,0.0244,0.9756,0.0639,0.1367,otsu,0.569,0.0385,2813.8,454.7,0.1656,530.7,491.0,430.8,-0.1579,0.2034,0.3939,0.5143,ok,2026-09-03T08:22:23+00:00
gallocanta,2021-04-13,2,S2B_30TXL_20210413_0_L2A;S2B_30TXL_20210413_1_L2A,1.0,0.1499,0.8501,0.0732,0.0898,otsu,0.533,0.0465,2813.8,285.7,0.1194,356.2,329.0,174.5,-0.1669,0.1838,0.3753,0.4198,ok,2026-09-03T08:22:23+00:00
gallocanta,2021-04-18,3,S2A_30TXL_20210418_0_L2A;S2A_30TXL_20210418_1_L2A;S2A_30TXL_20210418_2_L2A,1.0,0.0408,0.9592,0.0595,0.1367,otsu,0.546,0.0455,2813.8,365.4,0.1354,551.9,405.2,347.1,-0.1458,0.1803,0.3726,0.4391,ok,2026-09-03T08:22:23+00:00
gallocanta,2021-04-23,2,S2B_30TXL_20210423_0_L2A;S2B_30TXL_20210423_1_L2A,1.0,0.4127,0.5873,0.0629,0.0352,otsu,0.283,0.0881,2813.8,178.2,0.1079,149.6,190.4,29.7,-0.1678,0.195,0.357,0.4998,nublado,2026-09-03T08:22:23+00:00
gallocanta,2021-04-25,2,S2A_30TXL_20210425_0_L2A;S2A_30TXL_20210425_1_L2A,1.0,0.9969,0.0031,0.1319,0.0,fijo,,,2813.8,3.0,0.3442,0.7,2.5,0.0,-0.0638,0.0679,0.1274,0.0,nublado,2026-09-03T08:22:23+00:00
gallocanta,2021-05-05,2,S2A_30TXL_20210505_0_L2A;S2A_30TXL_20210505_1_L2A,1.0,0.0143,0.9857,0.0445,0.168,otsu,0.57,0.0155,2813.8,369.6,0.1333,635.6,569.6,547.6,-0.262,0.3191,0.5418,0.6794,ok,2026-09-03T08:22:23+00:00
gallocanta,2021-05-08,3,S2A_30TXL_20210508_0_L2A;S2A_30TXL_20210508_1_L2A;S2A_30TXL_20210508_2_L2A,1.0,0.0098,0.9902,0.0439,0.0508,otsu,0.546,0.0232,2813.8,408.5,0.1466,605.0,507.3,177.2,-0.1929,0.2711,0.4486,0.675,ok,2026-09-03T08:22:35+00:00
gallocanta,2021-05-18,2,S2A_30TXL_20210518_0_L2A;S2A_30TXL_20210518_1_L2A,1.0,0.1506,0.8494,0.0439,0.0352,otsu,0.647,0.0252,2813.8,246.8,0.1033,448.4,299.8,81.9,-0.1933,0.2625,0.4263,0.6552,ok,2026-09-03T08:22:35+00:00
gallocanta,2021-05-20,2,S2B_30TXL_20210520_0_L2A;S2B_30TXL_20210520_1_L2A,1.0,0.6282,0.3718,0.0637,0.0117,otsu,0.693,0.056,2813.8,31.9,0.0305,63.7,32.6,6.0,-0.1591,0.2436,0.3838,0.5915,nublado,2026-09-03T08:22:35+00:00
gallocanta,2021-05-25,2,S2A_30TXL_20210525_0_L2A;S2A_30TXL_20210525_1_L2A,1.0,0.164,0.836,0.0621,0.1289,otsu,0.373,0.0267,2813.8,127.4,0.0542,472.0,193.9,135.2,-0.2859,0.3088,0.5033,0.7482,ok,2026-09-03T08:22:35+00:00
gallocanta,2021-05-28,2,S2A_30TXL_20210528_0_L2A;S2A_30TXL_20210528_1_L2A,1.0,0.6314,0.3686,0.0697,-0.1289,otsu,1.004,0.0978,2813.8,42.8,0.0413,276.9,33.8,0.8,-0.0761,0.1772,0.3431,0.3529,nublado,2026-09-03T08:22:35+00:00
gallocanta,2021-05-30,2,S2B_30TXL_20210530_0_L2A;S2B_30TXL_20210530_1_L2A,1.0,0.0598,0.9402,0.0338,0.1836,otsu,0.002,0.0016,2813.8,151.4,0.0572,711.6,241.4,115.8,-0.5718,0.6154,0.9944,0.8402,espectro_anomalo,2026-09-03T08:22:35+00:00
gallocanta,2021-06-02,2,S2B_30TXL_20210602_0_L2A;S2B_30TXL_20210602_1_L2A,1.0,0.9991,0.0009,0.0635,0.0,fijo,,,2813.8,0.0,0.0,0.0,0.0,0.0,,,,,nublado,2026-09-03T08:22:35+00:00
gallocanta,2021-06-07,2,S2A_30TXL_20210607_0_L2A;S2A_30TXL_20210607_1_L2A,1.0,0.212,0.788,0.042,0.1055,otsu,0.679,0.012,2813.8,134.4,0.0606,391.3,180.1,153.7,-0.1922,0.3188,0.6018,0.6105,nublado,2026-09-03T08:22:35+00:00
gallocanta,2021-06-09,2,S2B_30TXL_20210609_0_L2A;S2B_30TXL_20210609_1_L2A,1.0,0.0376,0.9624,0.0508,0.1602,otsu,0.715,0.0185,2813.8,215.4,0.0795,732.5,361.9,375.9,-0.2605,0.3714,0.5333,0.7942,ok,2026-09-03T08:22:35+00:00
gallocanta,2021-06-12,2,S2B_30TXL_20210612_0_L2A;S2B_30TXL_20210612_1_L2A,1.0,0.0627,0.9373,0.0391,0.082,otsu,0.719,0.0128,2813.8,175.0,0.0664,683.5,257.7,178.2,-0.1807,0.3023,0.5269,0.6216,ok,2026-09-03T08:22:35+00:00
gallocanta,2021-06-14,2,S2A_30TXL_20210614_0_L2A;S2A_30TXL_20210614_1_L2A,1.0,0.0117,0.9883,0.0477,-0.1602,otsu,1.048,0.1029,2813.8,118.6,0.0426,973.2,129.2,0.0,-0.0955,0.1962,0.4471,0.3627,ok,2026-09-03T08:22:35+00:00
gallocanta,2021-06-24,2,S2A_30TXL_20210624_0_L2A;S2A_30TXL_20210624_1_L2A,1.0,0.0101,0.9899,0.0451,0.1992,otsu,0.697,0.0065,2813.8,160.0,0.0574,819.6,325.6,347.4,-0.3207,0.45,0.6779,0.8047,ok,2026-09-03T08:22:35+00:00
gallocanta,2021-06-27,2,S2A_30TXL_20210627_0_L2A;S2A_30TXL_20210627_1_L2A,1.0,0.0074,0.9926,0.0506,-0.1055,otsu,0.878,0.0574,2813.8,377.0,0.135,688.0,274.8,0.4,-0.0926,0.227,0.3146,0.7042,ok,2026-09-03T08:22:47+00:00
gallocanta,2021-06-29,2,S2B_30TXL_20210629_0_L2A;S2B_30TXL_20210629_1_L2A,1.0,0.0237,0.9763,0.0523,0.1758,otsu,0.745,0.0116,2813.8,132.2,0.0481,835.8,250.4,270.8,-0.2698,0.41,0.6162,0.7988,ok,2026-09-03T08:22:47+00:00
gallocanta,2021-07-02,2,S2B_30TXL_20210702_0_L2A;S2B_30TXL_20210702_1_L2A,1.0,0.0208,0.9792,0.0523,0.0352,otsu,0.823,0.0272,2813.8,203.3,0.0738,782.7,197.6,68.0,-0.1319,0.2738,0.3849,0.7848,ok,2026-09-03T08:22:47+00:00
gallocanta,2021-07-07,2,S2A_30TXL_20210707_0_L2A;S2A_30TXL_20210707_1_L2A,1.0,0.1351,0.8649,0.0536,0.0508,otsu,0.818,0.016,2813.8,72.6,0.0298,752.2,86.0,67.6,-0.1331,0.299,0.5006,0.6525,ok,2026-09-03T08:22:47+00:00
gallocanta,2021-07-09,2,S2B_30TXL_20210709_0_L2A;S2B_30TXL_20210709_1_L2A,1.0,0.071,0.929,0.0567,0.1602,otsu,0.702,0.0145,2813.8,77.9,0.0298,815.4,146.2,130.3,-0.2312,0.3847,0.5968,0.7808,ok,2026-09-03T08:22:47+00:00
gallocanta,2021-07-12,2,S2B_30TXL_20210712_0_L2A;S2B_30TXL_20210712_1_L2A,1.0,0.0757,0.9243,0.0676,-0.0352,otsu,0.943,0.1107,2813.8,227.9,0.0876,692.8,116.0,1.7,-0.0493,0.1757,0.2651,0.3233,ok,2026-09-03T08:22:47+00:00
gallocanta,2021-07-14,2,S2A_30TXL_20210714_0_L2A;S2A_30TXL_20210714_1_L2A,1.0,0.0541,0.9459,0.0478,0.1445,otsu,0.758,0.0068,2813.8,53.7,0.0202,878.9,91.0,93.2,-0.1878,0.3565,0.5983,0.7327,ok,2026-09-03T08:22:47+00:00
gallocanta,2021-07-17,2,S2A_30TXL_20210717_0_L2A;S2A_30TXL_20210717_1_L2A,1.0,0.0731,0.9269,0.0598,0.0039,otsu,0.937,0.0157,2813.8,71.5,0.0274,829.0,54.3,51.5,-0.0888,0.2486,0.4356,0.5797,ok,2026-09-03T08:22:47+00:00
gallocanta,2021-07-19,2,S2B_30TXL_20210719_0_L2A;S2B_30TXL_20210719_1_L2A,1.0,0.071,0.929,0.0508,0.1367,otsu,0.792,0.0102,2813.8,50.4,0.0193,877.3,74.6,77.6,-0.1741,0.3581,0.5992,0.7746,ok,2026-09-03T08:22:47+00:00
gallocanta,2021-07-22,2,S2B_30TXL_20210722_0_L2A;S2B_30TXL_20210722_1_L2A,1.0,0.0599,0.9401,0.0682,0.0273,otsu,0.821,0.03,2813.8,59.6,0.0225,841.8,47.6,34.4,-0.1007,0.2593,0.4161,0.6756,ok,2026-09-03T08:22:47+00:00
gallocanta,2021-07-24,2,S2A_30TXL_20210724_0_L2A;S2A_30TXL_20210724_1_L2A,1.0,0.1381,0.8619,0.0518,0.1133,otsu,0.768,0.015,2813.8,40.4,0.0167,845.9,54.5,52.2,-0.1534,0.3182,0.4938,0.7832,ok,2026-09-03T08:22:47+00:00
gallocanta,2021-07-27,2,S2A_30TXL_20210727_0_L2A;S2A_30TXL_20210727_1_L2A,1.0,0.3397,0.6603,0.0655,0.1133,otsu,0.646,0.0239,2813.8,68.5,0.0369,609.9,95.2,76.4,-0.1979,0.3373,0.5075,0.8336,nublado,2026-09-03T08:22:47+00:00
gallocanta,2021-07-29,3,S2B_30TXL_20210729_0_L2A;S2B_30TXL_20210729_1_L2A;S2B_30TXL_20210729_2_L2A,1.0,0.0436,0.9564,0.0598,0.1445,otsu,0.671,0.0149,2813.8,55.2,0.0205,853.8,67.6,56.8,-0.1515,0.3601,0.5413,0.8348,ok,2026-09-03T08:22:57+00:00
gallocanta,2021-08-06,2,S2A_30TXL_20210806_0_L2A;S2A_30TXL_20210806_1_L2A,1.0,0.0422,0.9578,0.0557,0.0742,otsu,0.795,0.0145,2813.8,68.6,0.0254,842.0,48.4,58.2,-0.0777,0.2976,0.4273,0.7876,ok,2026-09-03T08:22:57+00:00
gallocanta,2021-08-08,2,S2B_30TXL_20210808_0_L2A;S2B_30TXL_20210808_1_L2A,1.0,0.131,0.869,0.0756,0.1445,otsu,0.774,0.0438,2813.8,77.0,0.0315,779.0,55.9,30.7,-0.0842,0.2889,0.3905,0.8332,ok,2026-09-03T08:22:57+00:00
gallocanta,2021-08-11,2,S2B_30TXL_20210811_0_L2A;S2B_30TXL_20210811_1_L2A,1.0,0.125,0.875,0.0961,-0.1055,otsu,1.252,0.0702,2813.8,83.5,0.0339,676.7,0.0,0.0,0.0084,0.1651,0.237,0.3774,espectro_anomalo,2026-09-03T08:22:57+00:00
gallocanta,2021-08-13,2,S2A_30TXL_20210813_0_L2A;S2A_30TXL_20210813_1_L2A,1.0,0.0614,0.9386,0.0585,-0.0117,otsu,0.91,0.0171,2813.8,60.8,0.023,819.2,38.5,0.0,-0.0527,0.3211,0.4429,0.8394,ok,2026-09-03T08:22:57+00:00
gallocanta,2021-08-16,2,S2A_30TXL_20210816_0_L2A;S2A_30TXL_20210816_1_L2A,1.0,0.0577,0.9423,0.057,0.1133,otsu,0.874,0.0167,2813.8,103.0,0.0388,759.6,62.1,85.6,-0.0405,0.3023,0.3958,0.8737,ok,2026-09-03T08:22:57+00:00
gallocanta,2021-08-18,2,S2B_30TXL_20210818_0_L2A;S2B_30TXL_20210818_1_L2A,1.0,0.0836,0.9164,0.0631,0.1602,otsu,0.889,0.0185,2813.8,103.5,0.0401,750.7,61.6,89.1,-0.0249,0.3216,0.4256,0.8941,ok,2026-09-03T08:22:57+00:00
gallocanta,2021-08-21,2,S2B_30TXL_20210821_0_L2A;S2B_30TXL_20210821_1_L2A,1.0,0.0491,0.9509,0.0663,0.1055,otsu,0.848,0.024,2813.8,114.9,0.0429,737.8,55.4,66.6,-0.033,0.3079,0.391,0.9175,ok,2026-09-03T08:22:57+00:00
gallocanta,2021-08-23,2,S2A_30TXL_20210823_0_L2A;S2A_30TXL_20210823_1_L2A,1.0,0.997,0.003,0.0963,0.0,fijo,,,2813.8,0.0,0.0,0.0,0.0,0.0,,,,,nublado,2026-09-03T08:22:57+00:00
gallocanta,2021-08-26,2,S2A_30TXL_20210826_0_L2A;S2A_30TXL_20210826_1_L2A,1.0,0.37,0.63,0.0951,0.0195,otsu,1.036,0.0474,2813.8,44.4,0.025,283.8,24.5,9.3,-0.026,0.2266,0.3031,0.6685,nublado,2026-09-03T08:22:57+00:00
gallocanta,2021-08-28,2,S2B_30TXL_20210828_0_L2A;S2B_30TXL_20210828_1_L2A,1.0,0.0986,0.9014,0.0676,0.082,otsu,1.114,0.0271,2813.8,152.7,0.0602,658.1,39.3,91.7,0.0211,0.2967,0.3628,0.9586,espectro_anomalo,2026-09-03T08:22:57+00:00
gallocanta,2021-08-31,2,S2B_30TXL_20210831_0_L2A;S2B_30TXL_20210831_1_L2A,1.0,0.0074,0.9926,0.0578,0.1992,otsu,1.071,0.0195,2813.8,157.5,0.0564,712.8,62.2,115.1,-0.0132,0.3457,0.4414,0.9388,ok,2026-09-03T08:22:57+00:00
gallocanta,2021-09-02,2,S2A_30TXL_20210902_0_L2A;S2A_30TXL_20210902_1_L2A,1.0,0.1726,0.8274,0.068,0.2227,otsu,0.778,0.0483,2813.8,490.5,0.2107,173.7,353.0,446.7,0.0622,0.1833,0.3818,0.421,ok,2026-09-03T08:23:10+00:00
gallocanta,2021-09-05,2,S2A_30TXL_20210905_0_L2A;S2A_30TXL_20210905_1_L2A,1.0,0.0112,0.9888,0.0475,0.1758,otsu,0.843,0.0179,2813.8,544.6,0.1958,390.7,393.6,554.0,-0.0009,0.3082,0.416,0.8388,ok,2026-09-03T08:23:10+00:00
gallocanta,2021-09-10,3,S2B_30TXL_20210910_0_L2A;S2B_30TXL_20210910_1_L2A;S2B_30TXL_20210910_2_L2A,1.0,0.6117,0.3883,0.0676,0.1992,otsu,0.748,0.0291,2813.8,207.8,0.1901,150.6,250.2,231.3,-0.1594,0.2516,0.3536,0.7474,nublado,2026-09-03T08:23:10+00:00
gallocanta,2021-09-12,2,S2A_30TXL_20210912_0_L2A;S2A_30TXL_20210912_1_L2A,1.0,0.1096,0.8904,0.0516,0.1289,otsu,0.756,0.0153,2813.8,469.6,0.1875,430.9,383.1,493.6,-0.0536,0.3402,0.4386,0.9205,ok,2026-09-03T08:23:10+00:00
gallocanta,2021-09-15,2,S2A_30TXL_20210915_0_L2A;S2A_30TXL_20210915_1_L2A,1.0,0.9204,0.0796,0.1046,0.0195,otsu,0.948,0.1248,2813.8,149.0,0.6654,11.5,140.1,16.4,-0.0439,0.0489,0.0944,0.0005,nublado,2026-09-03T08:23:10+00:00
gallocanta,2021-09-17,3,S2B_30TXL_20210917_0_L2A;S2B_30TXL_20210917_1_L2A;S2B_30TXL_20210917_2_L2A,1.0,0.5879,0.4121,0.0806,0.207,otsu,0.845,0.0533,2813.8,89.8,0.0775,185.8,82.8,84.6,-0.0996,0.2931,0.4337,0.7631,nublado,2026-09-03T08:23:10+00:00
gallocanta,2021-09-22,2,S2A_30TXL_20210922_0_L2A;S2A_30TXL_20210922_1_L2A,1.0,0.6098,0.3902,0.0784,0.0,fijo,,,2813.8,2.7,0.0024,2.5,1.5,1.0,-0.0774,0.1733,0.2797,0.403,nublado,2026-09-03T08:23:10+00:00
gallocanta,2021-09-25,3,S2A_30TXL_20210925_0_L2A;S2A_30TXL_20210925_1_L2A;S2A_30TXL_20210925_2_L2A,1.0,0.7778,0.2222,0.1005,0.0977,otsu,0.366,0.04,2813.8,48.8,0.078,12.5,47.4,35.2,-0.141,0.2763,0.3822,0.7703,nublado,2026-09-03T08:23:10+00:00
gallocanta,2021-09-27,3,S2B_30TXL_20210927_0_L2A;S2B_30TXL_20210927_1_L2A;S2B_30TXL_20210927_2_L2A,1.0,0.0161,0.9839,0.0501,0.0664,otsu,0.733,0.0197,2813.8,500.8,0.1809,422.2,439.4,579.6,-0.0964,0.267,0.4131,0.7239,ok,2026-09-03T08:23:10+00:00
gallocanta,2021-09-30,2,S2B_30TXL_20210930_0_L2A;S2B_30TXL_20210930_1_L2A,1.0,0.1026,0.8974,0.0613,0.1602,otsu,0.726,0.0329,2813.8,448.6,0.1776,369.1,400.0,445.9,-0.1127,0.2583,0.3905,0.7215,ok,2026-09-03T08:23:10+00:00
gallocanta,2021-10-02,2,S2A_30TXL_20211002_0_L2A;S2A_30TXL_20211002_1_L2A,1.0,0.531,0.469,0.0668,0.0195,otsu,0.761,0.0314,2813.8,35.8,0.0272,129.5,24.8,2.9,-0.081,0.1922,0.311,0.4375,nublado,2026-09-03T08:23:10+00:00
gallocanta,2021-10-05,2,S2A_30TXL_20211005_0_L2A;S2A_30TXL_20211005_1_L2A,1.0,0.4793,0.5207,0.0628,0.082,otsu,0.816,0.0254,2813.8,79.3,0.0541,79.5,75.8,55.1,-0.1004,0.3174,0.4387,0.8971,nublado,2026-09-03T08:23:10+00:00
gallocanta,2021-10-07,2,S2B_30TXL_20211007_0_L2A;S2B_30TXL_20211007_1_L2A,1.0,0.0091,0.9909,0.0467,0.1523,otsu,0.643,0.0165,2813.8,507.5,0.182,407.5,468.2,606.6,-0.1098,0.2448,0.4171,0.6587,ok,2026-09-03T08:23:22+00:00
gallocanta,2021-10-10,2,S2B_30TXL_20211010_0_L2A;S2B_30TXL_20211010_1_L2A,1.0,0.2479,0.7521,0.0657,0.1055,otsu,0.517,0.0239,2813.8,287.3,0.1358,207.1,268.1,209.2,-0.1161,0.2472,0.4123,0.637,nublado,2026-09-03T08:23:22+00:00
gallocanta,2021-10-12,2,S2A_30TXL_20211012_0_L2A;S2A_30TXL_20211012_1_L2A,1.0,0.0104,0.9896,0.0435,0.168,otsu,0.615,0.0143,2813.8,510.0,0.1832,391.4,471.3,601.8,-0.1251,0.2537,0.4112,0.6956,ok,2026-09-03T08:23:22+00:00
gallocanta,2021-10-15,2,S2A_30TXL_20211015_0_L2A;S2A_30TXL_20211015_1_L2A,1.0,0.0207,0.9793,0.0391,0.1523,otsu,0.615,0.0135,2813.8,537.0,0.1949,361.4,467.2,597.0,-0.1002,0.2547,0.4079,0.6904,ok,2026-09-03T08:23:22+00:00
gallocanta,2021-10-20,3,S2B_30TXL_20211020_0_L2A;S2B_30TXL_20211020_1_L2A;S2B_30TXL_20211020_2_L2A,1.0,0.4453,0.5547,0.0689,-0.0195,otsu,0.594,0.0347,2813.8,234.6,0.1503,186.4,178.3,34.0,-0.0544,0.1605,0.2616,0.2817,nublado,2026-09-03T08:23:22+00:00
gallocanta,2021-10-22,2,S2A_30TXL_20211022_0_L2A;S2A_30TXL_20211022_1_L2A,1.0,0.0212,0.9788,0.0427,0.168,otsu,0.592,0.0113,2813.8,542.7,0.197,349.7,481.0,620.6,-0.121,0.2557,0.4191,0.7038,ok,2026-09-03T08:23:22+00:00
gallocanta,2021-10-25,2,S2A_30TXL_20211025_0_L2A;S2A_30TXL_20211025_1_L2A,1.0,0.0206,0.9794,0.0396,0.1523,otsu,0.621,0.0108,2813.8,545.7,0.198,350.7,462.2,611.8,-0.0954,0.2365,0.3963,0.64,ok,2026-09-03T08:23:22+00:00
gallocanta,2021-10-27,2,S2B_30TXL_20211027_0_L2A;S2B_30TXL_20211027_1_L2A,1.0,0.0436,0.9564,0.053,0.168,otsu,0.608,0.0223,2813.8,579.5,0.2153,309.7,502.0,633.5,-0.109,0.2277,0.3709,0.6287,ok,2026-09-03T08:23:22+00:00
gallocanta,2021-11-01,2,S2A_30TXL_20211101_0_L2A;S2A_30TXL_20211101_1_L2A,1.0,0.2786,0.7214,0.0414,0.1445,otsu,0.421,0.0033,2813.8,381.4,0.1879,176.9,456.2,544.2,-0.2279,0.2474,0.6131,0.5734,nublado,2026-09-03T08:23:22+00:00
gallocanta,2021-11-04,2,S2A_30TXL_20211104_0_L2A;S2A_30TXL_20211104_1_L2A,1.0,0.9597,0.0403,0.0929,-0.0117,otsu,0.76,0.0842,2813.8,33.4,0.2949,2.2,32.4,14.9,-0.0787,0.0439,0.0924,0.0048,nublado,2026-09-03T08:23:22+00:00
gallocanta,2021-11-06,2,S2B_30TXL_20211106_0_L2A;S2B_30TXL_20211106_1_L2A,1.0,0.0094,0.9906,0.0444,0.207,otsu,0.568,0.0122,2813.8,627.2,0.225,293.0,604.3,778.3,-0.1346,0.1581,0.3828,0.3796,ok,2026-09-03T08:23:22+00:00
gallocanta,2021-11-09,2,S2B_30TXL_20211109_0_L2A;S2B_30TXL_20211109_1_L2A,1.0,0.0134,0.9866,0.0435,0.1914,otsu,0.558,0.0125,2813.8,619.4,0.2231,299.2,597.4,731.8,-0.1455,0.1703,0.36,0.3939,ok,2026-09-03T08:23:22+00:00
gallocanta,2021-11-11,2,S2A_30TXL_20211111_0_L2A;S2A_30TXL_20211111_1_L2A,1.0,0.0065,0.9935,0.0406,0.1445,otsu,0.541,0.006,2813.8,613.5,0.2194,288.2,574.8,728.1,-0.1294,0.2303,0.4142,0.5843,ok,2026-09-03T08:23:30+00:00
gallocanta,2021-11-14,2,S2A_30TXL_20211114_0_L2A;S2A_30TXL_20211114_1_L2A,1.0,0.0124,0.9876,0.0398,0.168,otsu,0.59,0.0064,2813.8,616.5,0.2218,271.4,570.9,734.5,-0.0984,0.2402,0.4088,0.6267,ok,2026-09-03T08:23:30+00:00
gallocanta,2021-11-19,2,S2B_30TXL_20211119_0_L2A;S2B_30TXL_20211119_1_L2A,1.0,0.003,0.997,0.048,0.207,otsu,0.488,0.0142,2813.8,645.5,0.2301,268.4,610.1,718.4,-0.131,0.2303,0.3873,0.5996,ok,2026-09-03T08:23:30+00:00
gallocanta,2021-11-21,1,S2A_30TXL_20211121_0_L2A,1.0,0.3527,0.6473,0.0553,0.1445,otsu,0.451,0.0212,2813.8,446.2,0.245,175.2,558.4,490.1,-0.1884,0.2758,0.4331,0.7206,nublado,2026-09-03T08:23:30+00:00
gallocanta,2021-11-26,1,S2B_30TXL_20211126_0_L2A,1.0,0.6899,0.3101,0.0809,0.0,fijo,0.95,0.0517,2813.8,358.8,0.4112,11.7,362.6,321.3,-0.0819,0.1099,0.2434,0.113,nublado,2026-09-03T08:23:30+00:00
gallocanta,2021-12-06,2,S2B_30TXL_20211206_0_L2A;S2B_30TXL_20211206_1_L2A,1.0,0.0579,0.9421,0.0411,0.1914,otsu,0.231,0.0256,2813.8,920.1,0.3471,20.1,949.2,904.2,-0.1714,0.0041,0.1063,0.015,ok,2026-09-03T08:23:30+00:00
gallocanta,2021-12-14,2,S2A_30TXL_20211214_0_L2A;S2A_30TXL_20211214_1_L2A,1.0,0.0174,0.9826,0.0405,0.207,otsu,0.219,0.0214,2813.8,999.9,0.3616,18.0,985.4,974.6,-0.249,0.0366,0.1478,0.0467,ok,2026-09-03T08:23:30+00:00
gallocanta,2021-12-16,2,S2B_30TXL_20211216_0_L2A;S2B_30TXL_20211216_1_L2A,1.0,0.0131,0.9869,0.0486,0.207,otsu,0.208,0.0262,2813.8,1003.0,0.3612,18.8,986.2,977.6,-0.2573,0.0992,0.2181,0.1276,ok,2026-09-03T08:23:30+00:00
gallocanta,2021-12-19,2,S2B_30TXL_20211219_0_L2A;S2B_30TXL_20211219_1_L2A,1.0,0.0103,0.9897,0.0404,0.1602,otsu,0.168,0.0151,2813.8,1007.7,0.3619,27.2,984.7,973.3,-0.2908,0.2086,0.3344,0.5253,ok,2026-09-03T08:23:30+00:00
gallocanta,2021-12-31,2,S2A_30TXL_20211231_0_L2A;S2A_30TXL_20211231_1_L2A,1.0,0.0283,0.9717,0.0406,0.1758,otsu,0.081,0.0103,2813.8,945.2,0.3457,27.7,933.8,923.6,-0.3134,0.2375,0.4125,0.5869,ok,2026-09-03T08:23:30+00:00
gallocanta,2022-01-03,1,S2A_30TXL_20220103_0_L2A,1.0,0.0911,0.9089,0.0383,-0.0117,otsu,0.227,0.0057,2813.8,816.4,0.3192,28.8,802.6,776.8,-0.2547,0.2437,0.4336,0.5985,ok,2026-09-03T08:23:30+00:00
gallocanta,2022-01-05,1,S2B_30TXL_20220105_0_L2A,1.0,0.1076,0.8924,0.0314,0.2148,otsu,0.006,0.0081,2813.8,930.4,0.3705,19.4,932.2,968.3,-0.2644,0.2095,0.4445,0.5218,ok,2026-09-03T08:23:38+00:00
gallocanta,2022-01-08,1,S2B_30TXL_20220108_0_L2A,1.0,0.0162,0.9838,0.04,0.1914,otsu,0.157,0.0156,2813.8,1018.5,0.3679,29.1,1001.8,984.9,-0.2376,0.1666,0.3457,0.3742,ok,2026-09-03T08:23:30+00:00
gallocanta,2022-01-10,1,S2A_30TXL_20220110_0_L2A,1.0,0.0228,0.9772,0.0476,0.168,otsu,0.297,0.0268,2813.8,1019.9,0.3709,16.8,1011.4,963.7,-0.1697,0.1201,0.2503,0.1619,ok,2026-09-03T08:23:38+00:00
gallocanta,2022-01-13,2,S2A_30TXL_20220113_0_L2A;S2A_30TXL_20220113_1_L2A,1.0,0.0046,0.9954,0.0438,0.1992,otsu,0.176,0.026,2813.8,1038.5,0.3708,18.7,1010.5,999.3,-0.2061,0.0524,0.1724,0.0547,ok,2026-09-03T08:23:38+00:00
gallocanta,2022-01-15,1,S2B_30TXL_20220115_0_L2A,1.0,0.0069,0.9931,0.0505,0.207,otsu,0.131,0.0251,2813.8,1032.3,0.3694,16.3,1007.3,999.2,-0.2283,0.0881,0.2302,0.1682,ok,2026-09-03T08:23:38+00:00
gallocanta,2022-01-18,1,S2B_30TXL_20220118_0_L2A,0.9999,0.0046,0.9954,0.0459,0.2227,otsu,0.084,0.0191,2813.8,1037.5,0.3704,14.9,1014.3,1005.8,-0.261,0.1239,0.2792,0.2501,ok,2026-09-03T08:23:38+00:00
gallocanta,2022-01-20,1,S2A_30TXL_20220120_0_L2A,1.0,0.7108,0.2892,0.0823,0.1914,otsu,0.113,0.0421,2813.8,314.2,0.3861,3.2,430.8,309.7,-0.3097,0.0681,0.2836,0.2155,nublado,2026-09-03T08:23:38+00:00
gallocanta,2022-01-23,1,S2A_30TXL_20220123_0_L2A,1.0,0.0076,0.9924,0.0473,0.1914,otsu,0.132,0.0185,2813.8,1043.9,0.3738,13.2,1015.4,1001.9,-0.2342,0.1393,0.2895,0.3003,ok,2026-09-03T08:23:38+00:00
gallocanta,2022-01-25,1,S2B_30TXL_20220125_0_L2A,1.0,0.0048,0.9952,0.0596,0.2227,otsu,0.065,0.0242,2813.8,1043.4,0.3726,15.8,1022.9,1005.1,-0.2738,0.1571,0.3238,0.3513,ok,2026-09-03T08:23:38+00:00
gallocanta,2022-01-28,1,S2B_30TXL_20220128_0_L2A,0.9999,0.1286,0.8713,0.0539,0.2148,otsu,0.082,0.0196,2813.8,702.0,0.2863,18.8,683.3,672.1,-0.2826,0.1923,0.3931,0.4708,ok,2026-09-03T08:23:38+00:00
gallocanta,2022-01-30,1,S2A_30TXL_20220130_0_L2A,1.0,0.0168,0.9832,0.0514,0.1914,otsu,0.069,0.0153,2813.8,1004.8,0.3632,12.9,984.9,965.4,-0.2845,0.1997,0.3568,0.4824,ok,2026-09-03T08:23:38+00:00
gallocanta,2022-02-02,1,S2A_30TXL_20220202_0_L2A,0.9999,0.0665,0.9334,0.048,0.1992,otsu,0.093,0.0222,2813.8,878.8,0.3346,12.4,856.4,840.2,-0.2422,0.0914,0.2438,0.1826,ok,2026-09-03T08:23:38+00:00
gallocanta,2022-02-07,1,S2B_30TXL_20220207_0_L2A,1.0,0.2633,0.7366,0.0626,0.1914,otsu,0.095,0.0228,2813.8,452.4,0.2183,6.7,518.4,403.9,-0.2778,0.1662,0.2996,0.3629,nublado,2026-09-03T08:23:43+00:00
gallocanta,2022-02-09,1,S2A_30TXL_20220209_0_L2A,1.0,0.0485,0.9515,0.0568,0.1914,otsu,0.05,0.0148,2813.8,919.2,0.3433,16.9,902.3,880.9,-0.3363,0.2495,0.47,0.5898,ok,2026-09-03T08:23:38+00:00
gallocanta,2022-02-14,1,S2B_30TXL_20220214_0_L2A,1.0,0.9615,0.0385,0.1015,0.168,otsu,,,2813.8,3.8,0.0347,0.0,4.4,3.7,-0.2053,0.1357,0.2035,0.117,nublado,2026-09-03T08:23:43+00:00
gallocanta,2022-02-17,1,S2B_30TXL_20220217_0_L2A,1.0,0.1119,0.8881,0.066,0.207,otsu,0.12,0.021,2813.8,906.0,0.3626,15.0,890.3,864.4,-0.3037,0.1808,0.3307,0.3608,ok,2026-09-03T08:23:43+00:00
gallocanta,2022-02-22,1,S2A_30TXL_20220222_0_L2A,1.0,0.0339,0.9661,0.0546,0.1914,otsu,0.073,0.011,2813.8,970.7,0.3571,12.9,952.8,927.8,-0.3102,0.214,0.3768,0.5591,ok,2026-09-03T08:23:43+00:00
gallocanta,2022-02-27,1,S2B_30TXL_20220227_0_L2A,1.0,0.6629,0.3371,0.1087,0.1523,otsu,0.284,0.0577,2813.8,236.5,0.2494,5.2,266.4,191.4,-0.2124,0.1212,0.1788,0.0441,nublado,2026-09-03T08:23:43+00:00
gallocanta,2022-03-01,1,S2A_30TXL_20220301_0_L2A,1.0,0.01,0.99,0.0621,0.1836,otsu,0.093,0.0147,2813.8,1028.5,0.3692,13.1,1014.5,987.6,-0.2943,0.2028,0.338,0.5186,ok,2026-09-03T08:23:43+00:00
gallocanta,2022-03-09,1,S2B_30TXL_20220309_0_L2A,1.0,0.4034,0.5966,0.0803,0.2148,otsu,0.138,0.0651,2813.8,428.3,0.2551,16.0,415.3,377.4,-0.1826,0.0622,0.1369,0.0227,nublado,2026-09-03T08:23:43+00:00
gallocanta,2022-04-03,1,S2A_30TXL_20220403_0_L2A,1.0,0.0232,0.9768,0.0582,0.1289,otsu,0.283,0.0594,2813.8,1088.7,0.3961,25.5,1064.1,1016.7,-0.1355,-0.0365,0.032,0.0006,ok,2026-09-03T08:23:43+00:00
gallocanta,2022-04-10,1,S2A_30TXL_20220410_0_L2A,1.0,0.0045,0.9955,0.0717,0.0977,otsu,0.307,0.0555,2813.8,1110.2,0.3964,16.0,1085.7,877.0,-0.1654,-0.0098,0.05,0.0012,ok,2026-09-03T08:23:43+00:00
gallocanta,2022-04-15,1,S2B_30TXL_20220415_0_L2A,1.0,0.0013,0.9987,0.0732,0.0039,otsu,0.632,0.0547,2813.8,1085.9,0.3864,36.6,1066.7,0.1,-0.1746,0.0462,0.0958,0.0014,ok,2026-09-03T08:23:43+00:00
gallocanta,2022-04-18,1,S2B_30TXL_20220418_0_L2A,1.0,0.0252,0.9748,0.0549,0.1992,otsu,0.208,0.0335,2813.8,1003.5,0.3659,33.8,1002.4,974.3,-0.2551,0.0403,0.1596,0.0464,ok,2026-09-03T08:23:43+00:00
gallocanta,2022-04-25,1,S2B_30TXL_20220425_0_L2A,1.0,0.0034,0.9966,0.0572,0.2383,otsu,0.093,0.0484,2813.8,1111.2,0.3962,26.0,1103.0,1077.2,-0.2302,-0.0394,0.0895,0.0188,ok,2026-09-03T08:23:43+00:00
gallocanta,2022-05-05,1,S2B_30TXL_20220505_0_L2A,1.0,0.1849,0.8151,0.0491,0.2305,otsu,0.132,0.0384,2813.8,1034.2,0.4509,51.0,1033.1,989.2,-0.2815,0.0269,0.1714,0.079,ok,2026-09-03T08:23:48+00:00
gallocanta,2022-05-08,1,S2B_30TXL_20220508_0_L2A,1.0,0.0014,0.9986,0.056,0.0742,otsu,0.285,0.0386,2813.8,999.9,0.3559,189.4,999.4,449.3,-0.2103,0.0546,0.1609,0.0586,ok,2026-09-03T08:23:48+00:00
gallocanta,2022-05-10,1,S2A_30TXL_20220510_0_L2A,1.0,0.0024,0.9976,0.0518,0.1836,otsu,0.154,0.0337,2813.8,902.6,0.3215,248.3,933.3,852.2,-0.3015,0.0281,0.2072,0.1071,ok,2026-09-03T08:23:48+00:00
gallocanta,2022-05-13,1,S2A_30TXL_20220513_0_L2A,1.0,0.0025,0.9975,0.0479,0.1602,otsu,0.143,0.0398,2813.8,921.2,0.3282,220.9,939.4,858.4,-0.2924,0.0221,0.2317,0.1289,ok,2026-09-03T08:23:48+00:00
gallocanta,2022-05-15,1,S2B_30TXL_20220515_0_L2A,1.0,0.0005,0.9995,0.041,0.168,otsu,0.084,0.0312,2813.8,927.2,0.3297,222.1,947.4,878.0,-0.3086,0.0435,0.2915,0.1775,ok,2026-09-03T08:23:48+00:00
gallocanta,2022-05-18,1,S2B_30TXL_20220518_0_L2A,1.0,0.6342,0.3658,0.0765,0.0117,otsu,0.361,0.0786,2813.8,219.5,0.2133,128.7,220.4,57.7,-0.1676,0.0531,0.1582,0.0465,nublado,2026-09-03T08:23:48+00:00
gallocanta,2022-05-28,1,S2B_30TXL_20220528_0_L2A,1.0,0.009,0.991,0.0473,0.1133,otsu,0.237,0.0302,2813.8,728.3,0.2612,400.0,795.3,634.4,-0.2885,0.1336,0.3157,0.326,ok,2026-09-03T08:23:48+00:00
gallocanta,2022-05-30,1,S2A_30TXL_20220530_0_L2A,1.0,0.9511,0.0489,0.071,-0.043,otsu,,,2813.8,16.3,0.1183,17.5,16.1,0.0,-0.1479,0.1494,0.2079,0.1425,nublado,2026-09-03T08:23:48+00:00
gallocanta,2022-06-04,1,S2B_30TXL_20220604_0_L2A,1.0,0.5755,0.4245,0.0641,0.1367,otsu,0.2,0.0336,2813.8,287.9,0.241,223.8,318.2,273.3,-0.3646,0.1326,0.3333,0.3534,nublado,2026-09-03T08:23:48+00:00
gallocanta,2022-06-07,1,S2B_30TXL_20220607_0_L2A,1.0,0.0569,0.9431,0.0539,0.1289,otsu,0.135,0.0247,2813.8,651.8,0.2456,382.2,712.8,604.7,-0.3475,0.1918,0.4293,0.444,ok,2026-09-03T08:23:54+00:00
gallocanta,2022-06-09,1,S2A_30TXL_20220609_0_L2A,1.0,0.0312,0.9688,0.0545,0.1055,otsu,0.152,0.0222,2813.8,685.8,0.2516,411.5,753.7,673.4,-0.3458,0.1889,0.4182,0.4158,ok,2026-09-03T08:23:48+00:00
gallocanta,2022-06-14,1,S2B_30TXL_20220614_0_L2A,1.0,0.0479,0.9521,0.073,-0.082,otsu,0.599,0.0317,2813.8,554.0,0.2068,544.9,574.1,0.0,-0.2065,0.1758,0.2566,0.3422,ok,2026-09-03T08:23:48+00:00
gallocanta,2022-06-17,1,S2B_30TXL_20220617_0_L2A,1.0,0.0179,0.9821,0.0706,-0.0586,otsu,0.685,0.0413,2813.8,600.1,0.2171,513.9,562.5,0.8,-0.1583,0.157,0.2268,0.198,ok,2026-09-03T08:23:48+00:00
gallocanta,2022-06-19,1,S2A_30TXL_20220619_0_L2A,1.0,0.0287,0.9713,0.0561,0.0742,otsu,0.205,0.0151,2813.8,569.5,0.2084,511.2,641.1,562.2,-0.3339,0.2348,0.4135,0.5647,ok,2026-09-03T08:23:54+00:00
gallocanta,2022-06-22,1,S2A_30TXL_20220622_0_L2A,1.0,0.0803,0.9197,0.0624,-0.0273,otsu,0.167,0.015,2813.8,643.6,0.2487,421.1,666.7,69.6,-0.1925,0.1542,0.2941,0.2739,ok,2026-09-03T08:23:54+00:00
gallocanta,2022-06-24,1,S2B_30TXL_20220624_0_L2A,1.0,0.4018,0.5982,0.0848,0.0977,otsu,0.101,0.0214,2813.8,190.0,0.1129,130.6,218.0,168.6,-0.3588,0.2138,0.3503,0.5156,nublado,2026-09-03T08:23:54+00:00
gallocanta,2022-06-27,1,S2B_30TXL_20220627_0_L2A,1.0,0.6478,0.3522,0.0966,-0.0898,otsu,0.853,0.0914,2813.8,73.7,0.0743,42.3,59.4,0.0,-0.1019,0.102,0.1546,0.0304,nublado,2026-09-03T08:23:54+00:00
gallocanta,2022-06-29,1,S2A_30TXL_20220629_0_L2A,1.0,0.0335,0.9665,0.0554,0.1211,otsu,0.088,0.0154,2813.8,561.3,0.2064,504.4,634.6,557.5,-0.382,0.2584,0.4591,0.6296,ok,2026-09-03T08:23:54+00:00
gallocanta,2022-07-02,1,S2A_30TXL_20220702_0_L2A,1.0,0.4368,0.5632,0.085,-0.0039,otsu,0.253,0.0372,2813.8,385.2,0.2431,286.2,383.4,21.2,-0.1872,0.1548,0.2612,0.2752,nublado,2026-09-03T08:23:54+00:00
gallocanta,2022-07-04,1,S2B_30TXL_20220704_0_L2A,1.0,0.0603,0.9397,0.0549,0.1133,otsu,0.032,0.0121,2813.8,543.7,0.2056,509.4,605.2,552.6,-0.3566,0.2611,0.5272,0.5599,ok,2026-09-03T08:23:54+00:00
gallocanta,2022-07-07,1,S2B_30TXL_20220707_0_L2A,1.0,0.0036,0.9964,0.0594,0.0664,otsu,0.175,0.0175,2813.8,558.4,0.1992,503.5,596.0,403.0,-0.2308,0.2218,0.4228,0.5,ok,2026-09-03T08:23:54+00:00
gallocanta,2022-07-09,1,S2A_30TXL_20220709_0_L2A,1.0,0.0252,0.9748,0.055,0.1211,otsu,0.11,0.0125,2813.8,512.6,0.1869,533.8,568.3,517.8,-0.3103,0.2816,0.4821,0.6804,ok,2026-09-03T08:23:54+00:00
gallocanta,2022-07-12,1,S2A_30TXL_20220712_0_L2A,1.0,0.0247,0.9753,0.0627,0.0586,otsu,0.255,0.0263,2813.8,572.8,0.2087,487.2,562.7,435.0,-0.1983,0.1918,0.3323,0.4657,ok,2026-09-03T08:23:54+00:00
gallocanta,2022-07-14,1,S2B_30TXL_20220714_0_L2A,1.0,0.0427,0.9573,0.0624,-0.0352,otsu,0.567,0.0271,2813.8,500.0,0.1856,561.3,463.1,138.8,-0.1405,0.1806,0.2918,0.4022,ok,2026-09-03T08:23:54+00:00
gallocanta,2022-07-17,1,S2B_30TXL_20220717_0_L2A,1.0,0.0266,0.9734,0.0736,-0.0195,otsu,0.571,0.0387,2813.8,527.7,0.1927,538.6,446.4,172.9,-0.1176,0.1689,0.2482,0.3168,ok,2026-09-03T08:24:01+00:00
gallocanta,2022-07-19,1,S2A_30TXL_20220719_0_L2A,1.0,0.0624,0.9376,0.0533,-0.082,otsu,0.493,0.0189,2813.8,461.2,0.1748,576.6,451.4,44.2,-0.1831,0.2459,0.3756,0.6871,ok,2026-09-03T08:24:01+00:00
gallocanta,2022-07-22,1,S2A_30TXL_20220722_0_L2A,1.0,0.2126,0.7874,0.0955,0.0117,otsu,0.516,0.0445,2813.8,342.9,0.1548,299.8,316.0,190.9,-0.1259,0.1625,0.2601,0.3078,nublado,2026-09-03T08:24:01+00:00
gallocanta,2022-07-24,1,S2B_30TXL_20220724_0_L2A,1.0,0.0708,0.9292,0.0541,0.082,otsu,0.054,0.0079,2813.8,400.2,0.1531,606.3,458.4,433.0,-0.3548,0.3714,0.6307,0.8328,ok,2026-09-03T08:24:01+00:00
gallocanta,2022-07-27,1,S2B_30TXL_20220727_0_L2A,1.0,0.038,0.962,0.0635,0.0977,otsu,0.205,0.0225,2813.8,468.0,0.1729,544.3,510.0,443.3,-0.2769,0.2859,0.4462,0.742,ok,2026-09-03T08:24:01+00:00
gallocanta,2022-07-29,1,S2A_30TXL_20220729_0_L2A,1.0,0.2003,0.7997,0.0661,0.0977,otsu,0.055,0.0109,2813.8,361.7,0.1607,462.6,422.1,365.5,-0.3717,0.3683,0.583,0.8277,nublado,2026-09-03T08:24:01+00:00
gallocanta,2022-08-01,1,S2A_30TXL_20220801_0_L2A,1.0,0.0295,0.9705,0.0656,0.0508,otsu,0.386,0.0277,2813.8,468.2,0.1715,534.9,491.7,429.6,-0.2172,0.2471,0.3652,0.6922,ok,2026-09-03T08:24:01+00:00
gallocanta,2022-08-03,1,S2B_30TXL_20220803_0_L2A,1.0,0.0815,0.9185,0.0839,0.082,otsu,0.469,0.0439,2813.8,483.4,0.187,512.6,486.0,403.7,-0.1816,0.2078,0.2979,0.5432,ok,2026-09-03T08:24:01+00:00
gallocanta,2022-08-06,1,S2B_30TXL_20220806_0_L2A,1.0,0.0188,0.9812,0.0664,0.0664,otsu,0.491,0.0331,2813.8,504.2,0.1826,498.0,512.4,463.8,-0.1822,0.2013,0.3043,0.4589,ok,2026-09-03T08:24:01+00:00
gallocanta,2022-08-08,1,S2A_30TXL_20220808_0_L2A,1.0,0.4503,0.5497,0.0955,0.043,otsu,0.212,0.0192,2813.8,139.2,0.09,167.0,165.0,91.4,-0.2678,0.2909,0.4244,0.7874,nublado,2026-09-03T08:24:01+00:00
gallocanta,2022-08-11,1,S2A_30TXL_20220811_0_L2A,1.0,0.0319,0.9681,0.0681,-0.1055,otsu,0.75,0.0362,2813.8,528.9,0.1942,496.7,434.9,0.0,-0.1,0.1794,0.2522,0.3354,ok,2026-09-03T08:24:07+00:00
gallocanta,2022-08-18,1,S2A_30TXL_20220818_0_L2A,1.0,0.6336,0.3664,0.1132,0.0508,otsu,,,2813.8,13.6,0.0132,16.8,16.2,11.5,-0.3697,0.3782,0.6567,0.8529,nublado,2026-09-03T08:24:01+00:00
gallocanta,2022-08-21,1,S2A_30TXL_20220821_0_L2A,1.0,0.0381,0.9619,0.0663,-0.0273,otsu,0.47,0.0243,2813.8,625.5,0.2311,369.2,601.8,152.1,-0.1717,0.2458,0.3251,0.7797,ok,2026-09-03T08:24:01+00:00
gallocanta,2022-08-23,1,S2B_30TXL_20220823_0_L2A,1.0,0.0578,0.9422,0.0573,0.1758,otsu,0.157,0.0107,2813.8,561.5,0.2118,395.2,621.6,627.2,-0.3416,0.4098,0.5537,0.9597,ok,2026-09-03T08:24:07+00:00
gallocanta,2022-08-26,1,S2B_30TXL_20220826_0_L2A,1.0,0.0086,0.9914,0.0532,0.1523,otsu,0.341,0.0168,2813.8,590.3,0.2116,384.9,644.4,653.9,-0.301,0.4014,0.4971,0.9883,ok,2026-09-03T08:24:07+00:00
gallocanta,2022-08-28,1,S2A_30TXL_20220828_0_L2A,1.0,0.0299,0.9701,0.0522,0.1211,otsu,0.273,0.0091,2813.8,491.9,0.1802,470.6,587.9,576.4,-0.3663,0.4613,0.5727,0.9898,ok,2026-09-03T08:24:07+00:00
gallocanta,2022-08-31,1,S2A_30TXL_20220831_0_L2A,1.0,0.0402,0.9598,0.0533,0.0508,otsu,0.478,0.0167,2813.8,608.5,0.2253,356.8,629.6,624.6,-0.2409,0.3651,0.4729,0.9719,ok,2026-09-03T08:24:07+00:00
gallocanta,2022-09-02,1,S2B_30TXL_20220902_0_L2A,1.0,0.0612,0.9388,0.0537,0.168,otsu,0.245,0.0094,2813.8,476.2,0.1803,475.7,582.6,593.1,-0.4074,0.5145,0.6701,0.9913,ok,2026-09-03T08:24:07+00:00
gallocanta,2022-09-05,1,S2B_30TXL_20220905_0_L2A,1.0,0.0529,0.9471,0.0521,0.1289,otsu,0.37,0.0131,2813.8,464.3,0.1742,492.3,566.0,549.2,-0.3614,0.4653,0.6321,0.9813,ok,2026-09-03T08:24:07+00:00
gallocanta,2022-09-10,1,S2A_30TXL_20220910_0_L2A,1.0,0.0536,0.9464,0.0526,0.082,otsu,0.374,0.0106,2813.8,461.2,0.1732,479.9,543.1,521.3,-0.3362,0.4534,0.5923,0.9772,ok,2026-09-03T08:24:07+00:00
gallocanta,2022-09-12,1,S2B_30TXL_20220912_0_L2A,1.0,0.9999,0.0001,0.1107,0.0,fijo,,,2813.8,0.4,1.0,0.0,0.0,0.0,0.0362,0.0647,0.0778,0.0,nublado,2026-09-03T08:24:07+00:00
gallocanta,2022-09-22,1,S2B_30TXL_20220922_0_L2A,1.0,0.0165,0.9835,0.0538,0.1836,otsu,0.291,0.0119,2813.8,523.2,0.1891,422.8,607.0,648.7,-0.3563,0.4415,0.6676,0.9418,ok,2026-09-03T08:24:07+00:00
gallocanta,2022-09-27,1,S2A_30TXL_20220927_0_L2A,1.0,0.3031,0.6969,0.0709,0.1445,otsu,0.262,0.033,2813.8,215.1,0.1097,74.8,220.4,210.6,-0.2574,0.2687,0.566,0.5308,nublado,2026-09-03T08:24:12+00:00
gallocanta,2022-10-02,1,S2B_30TXL_20221002_0_L2A,1.0,0.0264,0.9736,0.0522,0.1914,otsu,0.225,0.0191,2813.8,636.1,0.2322,311.1,670.8,706.9,-0.2647,0.2823,0.4701,0.6879,ok,2026-09-03T08:24:07+00:00
gallocanta,2022-10-05,1,S2B_30TXL_20221005_0_L2A,1.0,0.0323,0.9677,0.0549,0.0508,otsu,0.456,0.0263,2813.8,618.4,0.2271,346.6,617.6,614.5,-0.1954,0.231,0.3585,0.6118,ok,2026-09-03T08:24:12+00:00
gallocanta,2022-10-12,1,S2B_30TXL_20221012_0_L2A,1.0,0.7439,0.2561,0.0965,0.0,fijo,,,2813.8,1.0,0.0013,7.9,0.0,0.0,0.0255,0.0652,0.1117,0.0,nublado,2026-09-03T08:24:12+00:00
gallocanta,2022-10-15,1,S2B_30TXL_20221015_0_L2A,1.0,0.0126,0.9874,0.047,0.168,otsu,0.252,0.0244,2813.8,635.4,0.2287,315.2,652.0,674.3,-0.1776,0.1877,0.3616,0.4373,ok,2026-09-03T08:24:12+00:00
gallocanta,2022-10-17,1,S2A_30TXL_20221017_0_L2A,1.0,0.0193,0.9807,0.0551,0.0195,otsu,0.348,0.0314,2813.8,694.4,0.2516,264.0,681.8,658.2,-0.1489,0.1699,0.332,0.3556,ok,2026-09-03T08:24:07+00:00
gallocanta,2022-10-22,1,S2B_30TXL_20221022_0_L2A,1.0,0.4189,0.5811,0.0547,0.0508,otsu,0.213,0.0306,2813.8,119.3,0.073,23.0,145.8,95.7,-0.181,0.1787,0.293,0.2985,nublado,2026-09-03T08:24:12+00:00
gallocanta,2022-11-01,1,S2B_30TXL_20221101_0_L2A,1.0,0.6364,0.3636,0.0524,0.2148,otsu,0.209,0.0412,2813.8,277.0,0.2708,21.0,286.1,272.0,-0.1745,0.1484,0.2794,0.2338,nublado,2026-09-03T08:24:12+00:00
gallocanta,2022-11-04,1,S2B_30TXL_20221104_0_L2A,1.0,0.0167,0.9833,0.0423,0.1523,otsu,0.459,0.0191,2813.8,784.6,0.2836,154.4,788.9,840.0,-0.1351,0.181,0.3625,0.2923,ok,2026-09-03T08:24:12+00:00
gallocanta,2022-11-06,1,S2A_30TXL_20221106_0_L2A,1.0,0.0309,0.9691,0.0452,0.1523,otsu,0.165,0.0174,2813.8,771.4,0.2829,157.8,778.4,818.9,-0.1883,0.1969,0.369,0.3695,ok,2026-09-03T08:24:12+00:00
gallocanta,2022-11-19,1,S2A_30TXL_20221119_0_L2A,1.0,0.4584,0.5416,0.0647,0.1836,otsu,0.439,0.0445,2813.8,182.1,0.1195,7.7,179.6,178.5,-0.116,0.111,0.222,0.1245,nublado,2026-09-03T08:24:12+00:00
gallocanta,2022-11-26,1,S2A_30TXL_20221126_0_L2A,1.0,0.023,0.977,0.0416,0.1602,otsu,0.226,0.028,2813.8,890.9,0.3241,62.5,888.7,897.2,-0.174,0.1073,0.2432,0.1484,ok,2026-09-03T08:24:12+00:00
gallocanta,2022-11-29,1,S2A_30TXL_20221129_0_L2A,1.0,0.7452,0.2548,0.1028,-0.2461,otsu,0.948,0.11,2813.8,326.9,0.456,3.5,144.0,98.7,-0.0014,0.0459,0.0619,0.0,nublado,2026-09-03T08:24:12+00:00
gallocanta,2022-12-01,1,S2B_30TXL_20221201_0_L2A,1.0,0.8794,0.1206,0.1073,0.1602,otsu,,,2813.8,6.2,0.0183,0.1,6.0,5.5,-0.1749,0.044,0.1111,0.0323,nublado,2026-09-03T08:24:12+00:00
gallocanta,2022-12-04,1,S2B_30TXL_20221204_0_L2A,1.0,0.5764,0.4236,0.085,0.1992,otsu,0.81,0.1035,2813.8,289.1,0.2425,1.2,650.2,415.3,-0.144,0.0406,0.0854,0.0003,nublado,2026-09-03T08:24:18+00:00
gallocanta,2022-12-06,1,S2A_30TXL_20221206_0_L2A,1.0,0.9874,0.0126,0.2023,-0.332,otsu,,,2813.8,16.0,0.4519,6.4,0.0,0.0,0.0722,0.0607,0.0714,0.0,nublado,2026-09-03T08:24:18+00:00
gallocanta,2022-12-14,1,S2B_30TXL_20221214_0_L2A,1.0,0.9369,0.0631,0.1239,-0.2148,otsu,0.989,0.1405,2813.8,126.4,0.7119,2.5,65.8,9.8,-0.0213,0.0497,0.0639,0.0006,nublado,2026-09-03T08:24:18+00:00
gallocanta,2022-12-19,1,S2A_30TXL_20221219_0_L2A,1.0,0.5826,0.4174,0.0338,-0.0117,otsu,0.361,0.028,2813.8,629.3,0.5358,23.9,608.5,569.5,-0.1287,0.1121,0.2297,0.1545,nublado,2026-09-03T08:24:18+00:00
gallocanta,2022-12-21,1,S2B_30TXL_20221221_0_L2A,1.0,0.7185,0.2815,0.0804,-0.1758,otsu,0.906,0.1431,2813.8,283.9,0.3584,24.4,112.0,48.5,-0.022,0.0547,0.0873,0.0,nublado,2026-09-03T08:24:18+00:00
gallocanta,2022-12-24,1,S2B_30TXL_20221224_0_L2A,1.0,0.0471,0.9529,0.0419,0.2227,otsu,0.11,0.025,2813.8,859.9,0.3207,27.7,850.5,841.6,-0.203,0.1382,0.3,0.2225,ok,2026-09-03T08:24:18+00:00
gallocanta,2022-12-26,1,S2A_30TXL_20221226_0_L2A,1.0,0.0282,0.9718,0.0438,0.168,otsu,0.117,0.0227,2813.8,909.6,0.3326,17.7,900.7,886.6,-0.1869,0.1187,0.2655,0.1833,ok,2026-09-03T08:24:18+00:00
gallocanta,2022-12-31,1,S2B_30TXL_20221231_0_L2A,1.0,0.0365,0.9635,0.0517,0.207,otsu,0.132,0.0339,2813.8,888.6,0.3278,11.0,882.1,872.9,-0.1773,0.0799,0.2012,0.1007,ok,2026-09-03T08:24:18+00:00
gallocanta,2023-01-03,1,S2B_30TXL_20230103_0_L2A,1.0,0.9061,0.0939,0.1557,-0.082,otsu,0.813,0.146,2813.8,130.4,0.4936,0.4,125.3,74.1,-0.0621,0.0411,0.0655,0.0,nublado,2026-09-03T08:24:18+00:00
gallocanta,2023-01-05,1,S2A_30TXL_20230105_0_L2A,1.0,0.0436,0.9564,0.0446,0.1914,otsu,0.076,0.0165,2813.8,873.2,0.3245,9.4,866.7,856.6,-0.1857,0.148,0.2746,0.2293,ok,2026-09-03T08:24:18+00:00
gallocanta,2023-01-10,1,S2B_30TXL_20230110_0_L2A,1.0,0.0174,0.9826,0.0496,0.2148,otsu,0.153,0.0396,2813.8,945.2,0.3419,18.3,934.0,924.7,-0.1626,0.0471,0.1643,0.0605,ok,2026-09-03T08:24:18+00:00
gallocanta,2023-01-20,1,S2B_30TXL_20230120_0_L2A,1.0,0.2287,0.7713,0.068,0.1914,otsu,0.656,0.076,2813.8,742.0,0.3419,10.7,746.6,684.5,-0.0592,0.0627,0.0813,0.0004,nublado,2026-09-03T08:24:24+00:00
gallocanta,2023-01-25,1,S2A_30TXL_20230125_0_L2A,1.0,0.0163,0.9837,0.0613,0.2148,otsu,0.142,0.0577,2813.8,964.9,0.3486,11.6,951.0,923.6,-0.1588,-0.0119,0.0684,0.0015,ok,2026-09-03T08:24:18+00:00
gallocanta,2023-01-28,1,S2A_30TXL_20230128_0_L2A,1.0,0.6274,0.3726,0.0902,0.168,otsu,0.303,0.0993,2813.8,215.5,0.2056,3.6,229.2,175.2,-0.1214,0.0031,0.0518,0.0,nublado,2026-09-03T08:24:24+00:00
gallocanta,2023-01-30,1,S2B_30TXL_20230130_0_L2A,1.0,0.0325,0.9675,0.065,0.2305,otsu,0.116,0.063,2813.8,924.9,0.3398,13.6,912.5,899.5,-0.1751,-0.0218,0.0738,0.0024,ok,2026-09-03T08:24:24+00:00
gallocanta,2023-02-02,1,S2B_30TXL_20230202_0_L2A,1.0,0.0245,0.9755,0.0547,0.2305,otsu,0.091,0.0496,2813.8,939.9,0.3424,14.1,926.9,915.2,-0.1901,0.0124,0.1129,0.0119,ok,2026-09-03T08:24:24+00:00
gallocanta,2023-02-04,1,S2A_30TXL_20230204_0_L2A,1.0,0.0367,0.9633,0.0531,0.2148,otsu,0.087,0.0417,2813.8,914.9,0.3375,13.5,905.9,890.3,-0.2027,0.0278,0.142,0.0319,ok,2026-09-03T08:24:24+00:00
gallocanta,2023-02-12,1,S2B_30TXL_20230212_0_L2A,1.0,0.0529,0.9471,0.0544,0.2227,otsu,0.084,0.0373,2813.8,873.3,0.3277,14.3,862.5,849.7,-0.2231,0.0916,0.2215,0.1382,ok,2026-09-03T08:24:24+00:00
gallocanta,2023-02-17,1,S2A_30TXL_20230217_0_L2A,1.0,0.0506,0.9494,0.0514,0.207,otsu,0.101,0.0328,2813.8,882.6,0.3304,16.3,872.1,858.1,-0.217,0.1031,0.2343,0.1528,ok,2026-09-03T08:24:24+00:00
gallocanta,2023-02-19,1,S2B_30TXL_20230219_0_L2A,1.0,0.0586,0.9414,0.0786,0.0039,otsu,0.381,0.0523,2813.8,888.1,0.3353,19.7,849.1,126.7,-0.1325,0.1061,0.1985,0.0965,ok,2026-09-03T08:24:24+00:00
gallocanta,2023-02-22,1,S2B_30TXL_20230222_0_L2A,1.0,0.9901,0.0099,0.159,-0.0742,otsu,,,2813.8,5.4,0.1951,0.0,5.2,0.0,-0.0672,0.0679,0.0976,0.0,nublado,2026-09-03T08:24:24+00:00
gallocanta,2023-02-24,1,S2A_30TXL_20230224_0_L2A,1.0,0.0266,0.9734,0.0578,0.1836,otsu,0.138,0.0317,2813.8,913.4,0.3335,14.8,906.4,889.3,-0.2196,0.134,0.296,0.2276,ok,2026-09-03T08:24:24+00:00
gallocanta,2023-03-04,1,S2B_30TXL_20230304_0_L2A,1.0,0.0292,0.9708,0.0542,0.2305,otsu,0.06,0.0352,2813.8,937.2,0.3431,13.7,921.4,905.8,-0.2264,0.0749,0.1878,0.0826,ok,2026-09-03T08:24:24+00:00
gallocanta,2023-03-11,1,S2B_30TXL_20230311_0_L2A,1.0,0.3664,0.6336,0.0764,0.1523,otsu,0.576,0.0619,2813.8,690.8,0.3875,15.1,702.2,648.2,-0.1085,0.1124,0.1663,0.054,nublado,2026-09-03T08:24:29+00:00
gallocanta,2023-03-14,1,S2B_30TXL_20230314_0_L2A,1.0,0.6866,0.3134,0.0832,-0.0195,otsu,0.663,0.0753,2813.8,196.7,0.2231,8.4,181.0,0.0,-0.0855,0.101,0.1455,0.0065,nublado,2026-09-03T08:24:24+00:00
gallocanta,2023-03-16,1,S2A_30TXL_20230316_0_L2A,1.0,0.0446,0.9554,0.0619,0.1523,otsu,0.207,0.0282,2813.8,864.4,0.3215,60.7,860.4,816.3,-0.2243,0.192,0.2797,0.3979,ok,2026-09-03T08:24:29+00:00
gallocanta,2023-03-19,1,S2A_30TXL_20230319_0_L2A,1.0,0.7383,0.2617,0.0974,0.1992,otsu,0.174,0.0525,2813.8,134.8,0.183,3.1,146.0,116.8,-0.1962,0.1054,0.2038,0.1107,nublado,2026-09-03T08:24:29+00:00
gallocanta,2023-03-26,1,S2A_30TXL_20230326_0_L2A,1.0,0.1814,0.8186,0.068,0.082,otsu,0.718,0.0448,2813.8,612.3,0.2658,10.4,569.1,562.6,-0.0378,0.0562,0.0896,0.0048,ok,2026-09-03T08:24:29+00:00
gallocanta,2023-03-29,1,S2A_30TXL_20230329_0_L2A,1.0,0.0493,0.9507,0.0594,0.168,otsu,0.18,0.0347,2813.8,927.6,0.3467,10.4,909.8,884.9,-0.1175,0.0722,0.1742,0.0607,ok,2026-09-03T08:24:29+00:00
gallocanta,2023-04-03,1,S2B_30TXL_20230403_0_L2A,1.0,0.0318,0.9682,0.0621,0.2305,otsu,0.192,0.048,2813.8,936.6,0.3438,10.9,924.7,909.7,-0.1576,0.0714,0.1574,0.043,ok,2026-09-03T08:24:29+00:00
gallocanta,2023-04-08,1,S2A_30TXL_20230408_0_L2A,1.0,0.0608,0.9392,0.063,0.1992,otsu,0.176,0.0484,2813.8,926.6,0.3506,4.2,907.7,889.7,-0.1132,0.0461,0.1685,0.0639,ok,2026-09-03T08:24:29+00:00
gallocanta,2023-04-13,1,S2B_30TXL_20230413_0_L2A,1.0,0.4374,0.5626,0.0807,0.043,otsu,0.706,0.0621,2813.8,203.1,0.1283,15.5,190.2,154.3,-0.03,0.0447,0.0902,0.0037,nublado,2026-09-03T08:24:29+00:00
gallocanta,2023-04-15,1,S2A_30TXL_20230415_0_L2A,1.0,0.4463,0.5537,0.0899,0.1055,otsu,0.487,0.0808,2813.8,334.4,0.2146,0.4,325.6,292.8,-0.0585,0.0424,0.0671,0.0,nublado,2026-09-03T08:24:29+00:00
gallocanta,2023-04-18,1,S2A_30TXL_20230418_0_L2A,1.0,0.0675,0.9325,0.0648,0.207,otsu,0.172,0.049,2813.8,885.8,0.3376,30.9,851.6,840.0,-0.1051,0.0525,0.1871,0.0854,ok,2026-09-03T08:24:29+00:00
gallocanta,2023-04-20,1,S2B_30TXL_20230420_0_L2A,1.0,0.1097,0.8903,0.0752,0.207,otsu,0.205,0.0556,2813.8,820.2,0.3274,30.4,795.1,786.4,-0.1006,0.0608,0.2105,0.1132,ok,2026-09-03T08:24:29+00:00
gallocanta,2023-04-23,1,S2B_30TXL_20230423_0_L2A,1.0,0.2066,0.7934,0.0851,0.0508,otsu,0.481,0.076,2813.8,597.0,0.2674,41.2,545.2,313.7,-0.0576,0.0728,0.1694,0.0517,nublado,2026-09-03T08:24:35+00:00
gallocanta,2023-04-25,1,S2A_30TXL_20230425_0_L2A,1.0,0.4683,0.5317,0.0931,0.0508,otsu,0.314,0.0652,2813.8,292.8,0.1957,31.7,255.7,115.7,-0.0836,0.0849,0.1666,0.0623,nublado,2026-09-03T08:24:29+00:00
gallocanta,2023-05-03,1,S2B_30TXL_20230503_0_L2A,1.0,0.0746,0.9254,0.0803,0.082,otsu,0.304,0.0516,2813.8,759.4,0.2916,126.6,724.2,561.6,-0.1106,0.125,0.2558,0.1868,ok,2026-09-03T08:24:35+00:00
gallocanta,2023-05-05,1,S2A_30TXL_20230505_0_L2A,1.0,0.7196,0.2804,0.1023,-0.0586,otsu,0.648,0.0627,2813.8,95.7,0.1213,17.4,64.8,0.0,-0.0711,0.1185,0.2007,0.1015,nublado,2026-09-03T08:24:35+00:00
gallocanta,2023-05-10,1,S2B_30TXL_20230510_0_L2A,1.0,0.4202,0.5798,0.1022,0.1445,otsu,0.299,0.0694,2813.8,365.0,0.2237,86.0,346.2,328.2,-0.1511,0.1359,0.2093,0.1208,nublado,2026-09-03T08:24:35+00:00
gallocanta,2023-05-18,1,S2A_30TXL_20230518_0_L2A,1.0,0.2393,0.7607,0.088,0.1523,otsu,0.297,0.0649,2813.8,437.8,0.2045,54.9,415.0,375.5,-0.1215,0.1077,0.2005,0.1004,nublado,2026-09-03T08:24:35+00:00
gallocanta,2023-05-20,1,S2B_30TXL_20230520_0_L2A,1.0,0.4844,0.5156,0.1138,0.2148,otsu,0.236,0.0745,2813.8,185.4,0.1278,10.0,177.3,173.7,-0.1444,0.0997,0.1932,0.0917,nublado,2026-09-03T08:24:35+00:00
gallocanta,2023-05-30,1,S2B_30TXL_20230530_0_L2A,1.0,0.9786,0.0214,0.1366,-0.3477,otsu,,,2813.8,2.2,0.0373,26.1,0.0,0.0,0.0723,0.0719,0.0883,0.0,nublado,2026-09-03T08:24:35+00:00
gallocanta,2023-06-02,1,S2B_30TXL_20230602_0_L2A,1.0,0.6048,0.3952,0.0982,0.0039,otsu,0.652,0.0736,2813.8,51.6,0.0464,67.4,48.0,18.6,-0.1083,0.1839,0.2919,0.4442,nublado,2026-09-03T08:24:35+00:00
gallocanta,2023-06-04,1,S2A_30TXL_20230604_0_L2A,1.0,0.3495,0.6505,0.0856,0.2148,otsu,0.349,0.057,2813.8,421.6,0.2303,99.7,441.1,415.9,-0.23,0.2642,0.3877,0.7201,nublado,2026-09-03T08:24:35+00:00
gallocanta,2023-06-09,1,S2B_30TXL_20230609_0_L2A,1.0,0.8953,0.1047,0.105,0.0,fijo,,,2813.8,1.0,0.0035,0.4,0.7,0.0,-0.0397,0.0922,0.1943,0.0769,nublado,2026-09-03T08:24:35+00:00
gallocanta,2023-06-12,1,S2B_30TXL_20230612_0_L2A,1.0,0.8828,0.1172,0.0506,0.0742,otsu,,,2813.8,19.3,0.0586,9.7,19.9,10.8,-0.1627,0.202,0.2711,0.5694,nublado,2026-09-03T08:24:35+00:00
gallocanta,2023-06-17,1,S2A_30TXL_20230617_0_L2A,1.0,0.1627,0.8373,0.0709,0.0664,otsu,0.383,0.0459,2813.8,346.1,0.1469,286.8,369.2,263.4,-0.2169,0.2978,0.3881,0.9218,ok,2026-09-03T08:24:35+00:00
gallocanta,2023-06-22,1,S2B_30TXL_20230622_0_L2A,1.0,0.0276,0.9724,0.053,0.1523,otsu,0.348,0.0299,2813.8,624.9,0.2284,242.2,658.4,561.4,-0.24,0.328,0.4156,0.9224,ok,2026-09-03T08:24:41+00:00
gallocanta,2023-06-24,1,S2A_30TXL_20230624_0_L2A,1.0,0.0358,0.9642,0.0614,0.1367,otsu,0.332,0.0302,2813.8,574.0,0.2116,295.9,603.0,565.9,-0.2383,0.3239,0.3986,0.9767,ok,2026-09-03T08:24:41+00:00
gallocanta,2023-06-27,1,S2A_30TXL_20230627_0_L2A,1.0,0.0154,0.9846,0.0531,0.0977,otsu,0.506,0.0421,2813.8,625.2,0.2257,241.8,612.3,549.8,-0.1832,0.2972,0.3903,0.9412,ok,2026-09-03T08:24:41+00:00
gallocanta,2023-06-29,1,S2B_30TXL_20230629_0_L2A,1.0,0.0382,0.9618,0.0659,0.0898,otsu,0.572,0.0413,2813.8,579.2,0.214,280.9,575.2,519.4,-0.1679,0.3061,0.3679,0.9758,ok,2026-09-03T08:24:41+00:00
gallocanta,2023-07-02,1,S2B_30TXL_20230702_0_L2A,1.0,0.0423,0.9577,0.0582,0.1523,otsu,0.4,0.0279,2813.8,632.4,0.2347,195.2,619.3,594.8,-0.1996,0.3421,0.4209,0.9636,ok,2026-09-03T08:24:41+00:00
gallocanta,2023-07-04,1,S2A_30TXL_20230704_0_L2A,1.0,0.7238,0.2762,0.0823,0.0,fijo,,,2813.8,0.0,0.0,0.3,0.0,0.0,,,,,nublado,2026-09-03T08:24:41+00:00
gallocanta,2023-07-07,1,S2A_30TXL_20230707_0_L2A,1.0,0.8653,0.1347,0.0823,-0.2695,otsu,1.14,0.0913,2813.8,49.7,0.1311,70.7,16.7,0.2,0.0196,0.0862,0.1694,0.0515,nublado,2026-09-03T08:24:41+00:00
gallocanta,2023-07-09,1,S2B_30TXL_20230709_0_L2A,1.0,0.0817,0.9183,0.0671,0.0664,otsu,0.519,0.0249,2813.8,530.0,0.2051,284.9,513.5,502.2,-0.1776,0.3585,0.4522,0.9322,ok,2026-09-03T08:24:41+00:00
gallocanta,2023-07-14,1,S2A_30TXL_20230714_0_L2A,1.0,0.0875,0.9125,0.0659,0.1445,otsu,0.435,0.0182,2813.8,477.6,0.186,290.8,523.0,500.6,-0.2398,0.4177,0.5254,0.9473,ok,2026-09-03T08:24:41+00:00
gallocanta,2023-07-17,1,S2A_30TXL_20230717_0_L2A,1.0,0.077,0.923,0.0787,-0.082,otsu,0.806,0.0459,2813.8,514.3,0.198,253.5,388.6,0.0,-0.1066,0.261,0.3377,0.8039,ok,2026-09-03T08:24:41+00:00
gallocanta,2023-07-19,1,S2B_30TXL_20230719_0_L2A,1.0,0.0838,0.9162,0.0957,-0.0977,otsu,0.858,0.0516,2813.8,546.0,0.2118,283.6,392.4,0.0,-0.1003,0.2432,0.3477,0.7167,ok,2026-09-03T08:24:41+00:00
gallocanta,2023-07-22,1,S2B_30TXL_20230722_0_L2A,1.0,0.7435,0.2565,0.1154,-0.1914,otsu,1.138,0.1005,2813.8,34.2,0.0474,52.9,6.8,0.1,-0.0038,0.0867,0.213,0.1495,nublado,2026-09-03T08:24:41+00:00
gallocanta,2023-07-24,1,S2A_30TXL_20230724_0_L2A,1.0,0.1103,0.8897,0.0754,0.168,otsu,0.488,0.0205,2813.8,385.4,0.1539,335.7,482.2,437.5,-0.267,0.3889,0.5832,0.8473,ok,2026-09-03T08:24:46+00:00
gallocanta,2023-07-27,1,S2A_30TXL_20230727_0_L2A,1.0,0.6172,0.3828,0.0997,0.0664,otsu,0.585,0.0532,2813.8,71.3,0.0662,19.4,44.4,34.0,-0.1391,0.2618,0.4552,0.6004,nublado,2026-09-03T08:24:46+00:00
gallocanta,2023-07-29,1,S2B_30TXL_20230729_0_L2A,1.0,0.1233,0.8767,0.0856,0.168,otsu,0.523,0.0261,2813.8,409.7,0.1661,296.3,489.4,439.6,-0.2498,0.362,0.5611,0.791,ok,2026-09-03T08:24:46+00:00
gallocanta,2023-08-01,1,S2B_30TXL_20230801_0_L2A,1.0,0.1099,0.8901,0.08,0.1836,otsu,0.542,0.0221,2813.8,348.1,0.139,360.2,465.8,407.8,-0.2461,0.3315,0.5833,0.7235,ok,2026-09-03T08:24:46+00:00
gallocanta,2023-08-03,1,S2A_30TXL_20230803_0_L2A,1.0,0.253,0.747,0.0879,0.1758,otsu,0.513,0.0312,2813.8,425.1,0.2022,154.5,462.6,410.8,-0.2484,0.3293,0.5242,0.7874,nublado,2026-09-03T08:24:46+00:00
gallocanta,2023-08-06,1,S2A_30TXL_20230806_0_L2A,1.0,0.1082,0.8918,0.0872,0.1289,otsu,0.587,0.0387,2813.8,571.8,0.2279,144.5,476.7,421.7,-0.1607,0.2342,0.4327,0.5487,ok,2026-09-03T08:24:46+00:00
gallocanta,2023-08-08,1,S2B_30TXL_20230808_0_L2A,1.0,0.1478,0.8522,0.0963,0.0039,otsu,0.604,0.0696,2813.8,554.4,0.2312,174.8,416.3,227.6,-0.1135,0.1931,0.3834,0.4441,ok,2026-09-03T08:24:46+00:00
gallocanta,2023-08-11,1,S2B_30TXL_20230811_0_L2A,1.0,0.1362,0.8638,0.094,0.1445,otsu,0.592,0.0624,2813.8,569.6,0.2344,95.1,468.0,402.1,-0.134,0.1776,0.338,0.4016,ok,2026-09-03T08:24:46+00:00
gallocanta,2023-08-13,1,S2A_30TXL_20230813_0_L2A,1.0,0.1629,0.8371,0.0945,0.1055,otsu,0.556,0.0697,2813.8,554.9,0.2356,98.8,452.6,393.7,-0.1182,0.1679,0.304,0.3524,ok,2026-09-03T08:24:46+00:00
gallocanta,2023-08-16,1,S2A_30TXL_20230816_0_L2A,1.0,0.7599,0.2401,0.1191,0.0,fijo,,,2813.8,8.5,0.0126,1.0,1.8,0.0,0.0274,0.0558,0.0743,0.0,nublado,2026-09-03T08:24:46+00:00
gallocanta,2023-08-18,1,S2B_30TXL_20230818_0_L2A,1.0,0.1985,0.8015,0.1004,0.1445,otsu,0.662,0.073,2813.8,399.8,0.1773,102.0,362.7,295.7,-0.1443,0.2166,0.3603,0.5912,ok,2026-09-03T08:24:46+00:00
gallocanta,2023-08-21,1,S2B_30TXL_20230821_0_L2A,1.0,0.1546,0.8454,0.0966,0.1133,otsu,0.662,0.0651,2813.8,510.1,0.2144,69.7,404.3,270.0,-0.1141,0.1831,0.3645,0.4442,ok,2026-09-03T08:24:46+00:00
gallocanta,2023-08-23,1,S2A_30TXL_20230823_0_L2A,1.0,0.1926,0.8074,0.0931,0.1055,otsu,0.695,0.0385,2813.8,440.8,0.194,97.0,354.9,255.8,-0.1185,0.1951,0.4179,0.4357,ok,2026-09-03T08:24:52+00:00
gallocanta,2023-08-31,1,S2B_30TXL_20230831_0_L2A,1.0,0.1497,0.8503,0.0946,0.0352,otsu,0.897,0.0647,2813.8,604.5,0.2527,29.0,205.5,169.8,-0.0114,0.0958,0.2205,0.1348,ok,2026-09-03T08:24:52+00:00
gallocanta,2023-09-05,1,S2A_30TXL_20230905_0_L2A,1.0,0.0966,0.9034,0.0977,-0.043,otsu,1.017,0.0766,2813.8,571.3,0.2247,65.6,290.6,0.0,-0.0761,0.1516,0.2856,0.3953,ok,2026-09-03T08:24:52+00:00
gallocanta,2023-09-07,1,S2B_30TXL_20230907_0_L2A,1.0,0.8581,0.1419,0.0908,-0.043,otsu,,,2813.8,5.6,0.0139,9.8,1.0,0.0,-0.0086,0.066,0.0997,0.0,nublado,2026-09-03T08:24:52+00:00
gallocanta,2023-09-10,1,S2B_30TXL_20230910_0_L2A,1.0,0.0216,0.9784,0.0799,0.1133,otsu,0.855,0.0263,2813.8,296.0,0.1075,343.9,198.6,99.0,-0.0532,0.1142,0.2923,0.1621,ok,2026-09-03T08:24:52+00:00
gallocanta,2023-09-17,1,S2B_30TXL_20230917_0_L2A,1.0,0.696,0.304,0.0944,-0.207,otsu,1.111,0.113,2813.8,57.4,0.0671,48.8,15.5,2.0,0.0086,0.0493,0.1188,0.0119,nublado,2026-09-03T08:24:52+00:00
gallocanta,2023-09-20,1,S2B_30TXL_20230920_0_L2A,1.0,0.5868,0.4132,0.0676,0.1133,otsu,0.991,0.0611,2813.8,81.8,0.0703,107.8,55.4,8.2,-0.0634,0.0878,0.1985,0.0973,nublado,2026-09-03T08:24:52+00:00
gallocanta,2023-09-22,1,S2A_30TXL_20230922_0_L2A,1.0,0.4566,0.5434,0.0855,0.1367,otsu,1.146,0.121,2813.8,77.6,0.0507,134.6,18.6,1.2,-0.0222,0.1253,0.2693,0.2011,nublado,2026-09-03T08:24:52+00:00
gallocanta,2023-09-25,1,S2A_30TXL_20230925_0_L2A,1.0,0.0775,0.9225,0.0793,0.0508,otsu,1.177,0.173,2813.8,297.4,0.1146,310.3,11.2,3.4,0.0046,0.0789,0.1432,0.0241,espectro_anomalo,2026-09-03T08:24:52+00:00
gallocanta,2023-09-27,1,S2B_30TXL_20230927_0_L2A,1.0,0.0995,0.9005,0.0892,0.0742,otsu,1.141,0.1697,2813.8,257.8,0.1018,306.6,18.9,2.0,-0.0081,0.0779,0.1424,0.0199,espectro_anomalo,2026-09-03T08:24:52+00:00
gallocanta,2023-09-30,1,S2B_30TXL_20230930_0_L2A,1.0,0.1272,0.8728,0.0807,0.0742,otsu,1.172,0.1715,2813.8,210.0,0.0855,283.0,6.1,0.6,0.0016,0.0678,0.1265,0.0097,espectro_anomalo,2026-09-03T08:24:52+00:00
gallocanta,2023-10-02,1,S2A_30TXL_20231002_0_L2A,1.0,0.8361,0.1639,0.1145,0.0,fijo,,,2813.8,0.0,0.0,0.0,0.0,0.0,,,,,nublado,2026-09-03T08:24:52+00:00
gallocanta,2023-10-05,1,S2A_30TXL_20231005_0_L2A,1.0,0.1423,0.8577,0.0823,0.0195,otsu,1.204,0.1429,2813.8,230.2,0.0954,248.0,0.2,0.0,0.0058,0.0722,0.1294,0.0016,espectro_anomalo,2026-09-03T08:24:58+00:00
gallocanta,2023-10-07,1,S2B_30TXL_20231007_0_L2A,1.0,0.1989,0.8011,0.0881,0.0117,otsu,1.206,0.1524,2813.8,216.7,0.0961,231.0,0.4,0.0,0.004,0.0661,0.1216,0.0024,espectro_anomalo,2026-09-03T08:24:58+00:00
gallocanta,2023-10-10,1,S2B_30TXL_20231010_0_L2A,1.0,0.2051,0.7949,0.0804,0.0273,otsu,1.213,0.1553,2813.8,201.2,0.09,194.0,0.2,0.0,0.0102,0.0575,0.1157,0.004,nublado,2026-09-03T08:24:58+00:00
gallocanta,2023-10-12,1,S2A_30TXL_20231012_0_L2A,1.0,0.223,0.777,0.0831,0.0039,otsu,1.21,0.1468,2813.8,209.4,0.0958,173.4,0.1,0.0,0.0131,0.067,0.1326,0.0067,nublado,2026-09-03T08:24:58+00:00
gallocanta,2023-10-27,1,S2B_30TXL_20231027_0_L2A,1.0,0.0952,0.9048,0.0887,0.1055,otsu,1.179,0.1484,2813.8,184.0,0.0723,282.3,4.7,1.3,-0.0034,0.0779,0.1299,0.0072,espectro_anomalo,2026-09-03T08:24:58+00:00
gallocanta,2023-11-04,1,S2A_30TXL_20231104_0_L2A,1.0,0.0536,0.9464,0.0799,-0.0508,otsu,1.195,0.1386,2813.8,459.7,0.1726,282.8,43.5,0.7,0.0089,0.0762,0.1272,0.0225,espectro_anomalo,2026-09-03T08:24:58+00:00
gallocanta,2023-11-06,1,S2B_30TXL_20231106_0_L2A,1.0,0.1818,0.8182,0.0824,0.1367,otsu,0.801,0.0428,2813.8,181.3,0.0788,356.3,118.0,23.4,-0.0212,0.0786,0.1424,0.0596,ok,2026-09-03T08:24:58+00:00
gallocanta,2023-11-09,1,S2B_30TXL_20231109_0_L2A,1.0,0.0266,0.9734,0.0877,0.1523,otsu,1.19,0.1717,2813.8,155.1,0.0566,386.4,47.9,11.3,0.003,0.0768,0.1241,0.0188,espectro_anomalo,2026-09-03T08:24:58+00:00
gallocanta,2023-11-14,1,S2A_30TXL_20231114_0_L2A,1.0,0.5763,0.4237,0.081,-0.1211,otsu,1.225,0.1778,2813.8,129.8,0.1089,57.3,0.0,0.0,0.0265,0.0639,0.1252,0.0006,nublado,2026-09-03T08:24:58+00:00
gallocanta,2023-11-19,1,S2B_30TXL_20231119_0_L2A,1.0,0.0253,0.9747,0.0755,0.0352,otsu,1.232,0.179,2813.8,247.9,0.0904,372.3,0.3,1.7,0.019,0.0673,0.1266,0.001,espectro_anomalo,2026-09-03T08:24:58+00:00
gallocanta,2023-11-21,1,S2A_30TXL_20231121_0_L2A,1.0,0.9318,0.0682,0.1287,0.0,fijo,,,2813.8,2.2,0.0117,1.9,0.0,0.0,-0.0198,0.097,0.1288,0.0179,nublado,2026-09-03T08:24:58+00:00
gallocanta,2023-11-24,1,S2A_30TXL_20231124_0_L2A,1.0,0.0512,0.9488,0.0741,-0.043,otsu,1.297,0.1653,2813.8,350.7,0.1314,380.3,0.4,1.8,0.0379,0.0619,0.1107,0.0021,espectro_anomalo,2026-09-03T08:24:58+00:00
gallocanta,2023-11-26,1,S2B_30TXL_20231126_0_L2A,1.0,0.6803,0.3197,0.1028,-0.0977,otsu,1.282,0.179,2813.8,279.7,0.311,225.2,0.0,0.0,0.0302,0.0603,0.1086,0.0,nublado,2026-09-03T08:25:04+00:00
gallocanta,2023-12-04,1,S2A_30TXL_20231204_0_L2A,1.0,0.9209,0.0791,0.0808,0.0,fijo,,,2813.8,0.0,0.0,0.0,0.0,0.0,,,,,nublado,2026-09-03T08:25:04+00:00
gallocanta,2023-12-06,1,S2B_30TXL_20231206_0_L2A,1.0,1.0,0.0,,0.0,fijo,,,2813.8,0.0,0.0,0.0,0.0,0.0,,,,,nublado,2026-09-03T08:25:04+00:00
gallocanta,2023-12-14,1,S2A_30TXL_20231214_0_L2A,1.0,0.3014,0.6986,0.0953,-0.0273,otsu,1.207,0.1655,2813.8,180.1,0.0916,173.9,5.8,5.5,0.0107,0.0661,0.1135,0.0167,nublado,2026-09-03T08:25:04+00:00
gallocanta,2023-12-16,1,S2B_30TXL_20231216_0_L2A,1.0,0.0204,0.9796,0.0749,0.1055,otsu,0.886,0.0162,2813.8,325.0,0.1179,345.5,101.0,131.0,-0.0266,0.1204,0.2824,0.1579,ok,2026-09-03T08:25:04+00:00
gallocanta,2023-12-19,1,S2B_30TXL_20231219_0_L2A,1.0,0.0104,0.9896,0.0732,0.0742,otsu,0.85,0.0162,2813.8,422.3,0.1516,280.6,114.7,129.1,-0.0223,0.1163,0.2988,0.1633,ok,2026-09-03T08:25:04+00:00
gallocanta,2023-12-21,1,S2A_30TXL_20231221_0_L2A,1.0,0.0104,0.9896,0.0804,0.082,otsu,0.834,0.0156,2813.8,454.2,0.1631,245.2,149.7,136.8,-0.03,0.1378,0.349,0.1924,ok,2026-09-03T08:25:04+00:00
gallocanta,2023-12-24,1,S2A_30TXL_20231224_0_L2A,1.0,0.2407,0.7593,0.1379,-0.1211,otsu,1.16,0.1628,2813.8,625.3,0.2927,59.1,52.1,1.2,-0.0078,0.0942,0.2071,0.1206,nublado,2026-09-03T08:25:04+00:00
gallocanta,2023-12-26,1,S2B_30TXL_20231226_0_L2A,1.0,0.0124,0.9876,0.0838,0.082,otsu,0.913,0.0166,2813.8,416.4,0.1498,283.6,91.0,134.6,-0.0187,0.1179,0.3225,0.1886,ok,2026-09-03T08:25:04+00:00
gallocanta,2024-01-08,1,S2B_30TXL_20240108_0_L2A,1.0,0.0166,0.9834,0.0604,0.1523,otsu,0.781,0.0116,2813.8,335.0,0.1211,348.4,196.1,200.8,-0.0577,0.163,0.4177,0.2859,ok,2026-09-03T08:25:10+00:00
gallocanta,2024-01-13,1,S2A_30TXL_20240113_0_L2A,1.0,0.0234,0.9766,0.0505,0.1211,otsu,0.725,0.0267,2813.8,508.8,0.1851,214.5,235.4,237.0,-0.0702,0.1965,0.3835,0.44,ok,2026-09-03T08:25:04+00:00
gallocanta,2024-01-18,1,S2B_30TXL_20240118_0_L2A,1.0,0.5718,0.4282,0.0944,0.0117,otsu,1.108,0.1026,2813.8,122.4,0.1016,98.3,11.2,0.6,-0.0385,0.1048,0.167,0.0516,nublado,2026-09-03T08:25:04+00:00
gallocanta,2024-01-20,1,S2A_30TXL_20240120_0_L2A,1.0,1.0,0.0,,0.0,fijo,,,2813.8,0.0,0.0,0.0,0.0,0.0,,,,,nublado,2026-09-03T08:25:04+00:00
gallocanta,2024-01-23,1,S2A_30TXL_20240123_0_L2A,1.0,0.9999,0.0001,0.0712,0.0,fijo,,,2813.8,0.0,0.0,0.0,0.0,0.0,,,,,nublado,2026-09-03T08:25:10+00:00
gallocanta,2024-01-25,1,S2B_30TXL_20240125_0_L2A,1.0,0.0362,0.9638,0.0655,0.1445,otsu,0.627,0.0223,2813.8,159.9,0.059,589.1,378.0,326.5,-0.2054,0.289,0.5275,0.5693,ok,2026-09-03T08:25:10+00:00
gallocanta,2024-02-02,1,S2A_30TXL_20240202_0_L2A,1.0,0.5943,0.4057,0.0889,0.0664,otsu,0.61,0.0395,2813.8,311.7,0.2731,72.8,303.0,124.4,-0.1782,0.2557,0.3988,0.7123,nublado,2026-09-03T08:25:10+00:00
gallocanta,2024-02-04,1,S2B_30TXL_20240204_0_L2A,1.0,0.9945,0.0055,0.1482,0.0,fijo,,,2813.8,0.2,0.013,0.0,0.1,0.0,-0.0383,0.1533,0.2131,0.4,nublado,2026-09-03T08:25:10+00:00
gallocanta,2024-02-07,1,S2B_30TXL_20240207_0_L2A,1.0,0.8949,0.1051,0.083,0.0,fijo,,,2813.8,0.9,0.0031,0.4,0.2,0.0,-0.0472,0.1024,0.1234,0.0,nublado,2026-09-03T08:25:10+00:00
gallocanta,2024-02-12,1,S2A_30TXL_20240212_0_L2A,1.0,0.9988,0.0012,0.0765,0.0,fijo,,,2813.8,0.0,0.0,0.0,0.0,0.0,,,,,nublado,2026-09-03T08:25:10+00:00
gallocanta,2024-02-17,1,S2B_30TXL_20240217_0_L2A,1.0,0.0116,0.9884,0.0568,0.1758,otsu,0.676,0.0144,2813.8,251.7,0.0905,498.2,343.5,313.4,-0.2488,0.3854,0.4911,0.9053,ok,2026-09-03T08:25:10+00:00
gallocanta,2024-02-19,1,S2A_30TXL_20240219_0_L2A,1.0,0.2517,0.7483,0.0821,0.1836,otsu,0.64,0.0173,2813.8,334.8,0.159,266.6,346.9,335.5,-0.2258,0.3522,0.4796,0.8754,nublado,2026-09-03T08:25:10+00:00
gallocanta,2024-02-24,1,S2B_30TXL_20240224_0_L2A,1.0,0.5359,0.4641,0.0943,0.0586,otsu,0.821,0.0455,2813.8,78.4,0.0601,173.6,33.3,33.3,-0.0607,0.1272,0.2033,0.1122,nublado,2026-09-03T08:25:10+00:00
gallocanta,2024-02-29,1,S2A_30TXL_20240229_0_L2A,1.0,0.0106,0.9894,0.0748,0.168,otsu,0.603,0.0254,2813.8,499.8,0.1795,215.2,355.1,362.4,-0.108,0.2167,0.2941,0.6605,ok,2026-09-03T08:25:10+00:00
gallocanta,2024-03-03,1,S2A_30TXL_20240303_0_L2A,1.0,0.9738,0.0262,0.1082,0.2227,otsu,,,2813.8,6.6,0.0889,0.4,4.7,1.8,-0.0677,0.1018,0.138,0.0,nublado,2026-09-03T08:25:10+00:00
gallocanta,2024-03-05,1,S2B_30TXL_20240305_0_L2A,1.0,0.8279,0.1721,0.122,-0.0273,otsu,1.197,0.1222,2813.8,21.6,0.0447,17.3,0.0,0.0,-0.0305,0.0876,0.1156,0.0,nublado,2026-09-03T08:25:16+00:00
gallocanta,2024-03-13,1,S2A_30TXL_20240313_0_L2A,1.0,0.0299,0.9701,0.0781,0.1055,otsu,0.686,0.0359,2813.8,454.5,0.1665,247.2,333.4,294.8,-0.0969,0.2487,0.3208,0.79,ok,2026-09-03T08:25:16+00:00
gallocanta,2024-03-15,1,S2B_30TXL_20240315_0_L2A,1.0,0.2931,0.7069,0.0832,0.0742,otsu,0.818,0.0388,2813.8,382.9,0.1925,206.0,256.8,14.8,-0.0895,0.2718,0.359,0.7944,nublado,2026-09-03T08:25:16+00:00
gallocanta,2024-03-18,1,S2B_30TXL_20240318_0_L2A,1.0,0.1462,0.8538,0.0973,0.1055,otsu,0.889,0.0366,2813.8,428.4,0.1783,219.2,266.3,59.4,-0.0964,0.2707,0.3518,0.7868,ok,2026-09-03T08:25:16+00:00
gallocanta,2024-03-20,1,S2A_30TXL_20240320_0_L2A,1.0,0.3793,0.6207,0.1127,-0.0195,otsu,0.963,0.0523,2813.8,236.2,0.1352,89.2,112.6,1.0,-0.0792,0.231,0.2993,0.7131,nublado,2026-09-03T08:25:16+00:00
gallocanta,2024-03-28,1,S2B_30TXL_20240328_0_L2A,1.0,0.2708,0.7292,0.0721,0.168,otsu,0.831,0.0541,2813.8,328.3,0.16,93.5,243.2,226.0,-0.0788,0.1666,0.2218,0.2002,nublado,2026-09-03T08:25:16+00:00
gallocanta,2024-03-30,1,S2A_30TXL_20240330_0_L2A,1.0,0.3281,0.6719,0.0747,0.1133,otsu,0.639,0.0404,2813.8,185.5,0.0981,109.7,90.6,89.6,-0.0801,0.1726,0.3267,0.4175,nublado,2026-09-03T08:25:16+00:00
gallocanta,2024-04-04,1,S2B_30TXL_20240404_0_L2A,1.0,0.0371,0.9629,0.0641,0.2148,otsu,0.597,0.0212,2813.8,490.8,0.1811,180.9,392.8,406.9,-0.1226,0.2903,0.3952,0.8908,ok,2026-09-03T08:25:16+00:00
gallocanta,2024-04-07,1,S2B_30TXL_20240407_0_L2A,1.0,0.1427,0.8573,0.0817,-0.1992,otsu,1.396,0.1707,2813.8,243.9,0.1011,453.2,0.0,0.0,0.0252,0.0913,0.1694,0.0331,espectro_anomalo,2026-09-03T08:25:16+00:00
gallocanta,2024-04-09,1,S2A_30TXL_20240409_0_L2A,1.0,0.1337,0.8663,0.0675,0.1602,otsu,0.645,0.0182,2813.8,509.9,0.2092,144.7,370.3,372.0,-0.1165,0.2234,0.3299,0.6166,ok,2026-09-03T08:25:16+00:00
gallocanta,2024-04-12,1,S2A_30TXL_20240412_0_L2A,1.0,0.0633,0.9367,0.063,0.1758,otsu,0.701,0.0229,2813.8,485.9,0.1843,92.5,330.8,345.6,-0.0997,0.2243,0.3228,0.609,ok,2026-09-03T08:25:16+00:00
gallocanta,2024-04-14,1,S2B_30TXL_20240414_0_L2A,1.0,0.121,0.879,0.069,0.2148,otsu,0.712,0.0182,2813.8,461.8,0.1867,76.0,347.3,345.2,-0.1148,0.2383,0.3897,0.5941,ok,2026-09-03T08:25:16+00:00
gallocanta,2024-04-17,1,S2B_30TXL_20240417_0_L2A,1.0,0.1257,0.8743,0.0618,0.1992,otsu,0.761,0.0177,2813.8,487.0,0.198,62.6,311.8,307.5,-0.1065,0.2221,0.3839,0.5675,ok,2026-09-03T08:25:23+00:00
gallocanta,2024-04-19,1,S2A_30TXL_20240419_0_L2A,1.0,0.1575,0.8425,0.0632,0.1836,otsu,0.79,0.0139,2813.8,483.4,0.2039,55.1,271.9,296.1,-0.0887,0.2124,0.3702,0.5425,ok,2026-09-03T08:25:23+00:00
gallocanta,2024-04-22,1,S2A_30TXL_20240422_0_L2A,1.0,0.1648,0.8352,0.064,0.0977,otsu,0.909,0.0212,2813.8,481.6,0.2049,75.8,192.8,232.9,-0.0491,0.1566,0.2999,0.3814,ok,2026-09-03T08:25:23+00:00
gallocanta,2024-04-24,1,S2B_30TXL_20240424_0_L2A,1.0,0.169,0.831,0.0707,0.1523,otsu,0.81,0.0242,2813.8,543.9,0.2326,30.0,218.8,254.3,-0.0523,0.1472,0.2773,0.3765,ok,2026-09-03T08:25:23+00:00
gallocanta,2024-05-02,1,S2A_30TXL_20240502_0_L2A,1.0,0.4608,0.5392,0.0822,0.2148,otsu,0.615,0.0728,2813.8,233.0,0.1535,4.8,199.5,155.0,-0.1201,0.1283,0.2096,0.1379,nublado,2026-09-03T08:25:23+00:00
gallocanta,2024-05-04,1,S2B_30TXL_20240504_0_L2A,1.0,0.3822,0.6178,0.09,-0.0195,otsu,0.682,0.0848,2813.8,486.4,0.2798,58.4,237.6,133.1,-0.0611,0.0924,0.2016,0.1041,nublado,2026-09-03T08:25:23+00:00
gallocanta,2024-05-07,1,S2B_30TXL_20240507_0_L2A,1.0,0.687,0.313,0.1074,0.2148,otsu,0.671,0.1461,2813.8,48.9,0.0555,0.2,41.3,34.8,-0.1045,0.1174,0.1895,0.0556,nublado,2026-09-03T08:25:23+00:00
gallocanta,2024-05-09,1,S2A_30TXL_20240509_0_L2A,1.0,0.1191,0.8809,0.0892,0.1289,otsu,0.797,0.1055,2813.8,399.9,0.1613,12.4,294.1,200.9,-0.0652,0.0974,0.2213,0.1559,ok,2026-09-03T08:25:23+00:00
gallocanta,2024-05-24,1,S2B_30TXL_20240524_0_L2A,1.0,0.1066,0.8934,0.0933,0.1367,otsu,0.838,0.0693,2813.8,319.8,0.1272,128.0,148.0,23.6,-0.0432,0.1057,0.2036,0.1056,ok,2026-09-03T08:25:23+00:00
gallocanta,2024-06-01,1,S2A_30TXL_20240601_0_L2A,1.0,0.3165,0.6835,0.0941,-0.2148,otsu,1.14,0.1489,2813.8,450.7,0.2344,16.1,1.9,0.2,0.0128,0.0376,0.065,0.0,nublado,2026-09-03T08:25:23+00:00
gallocanta,2024-06-03,1,S2B_30TXL_20240603_0_L2A,1.0,0.2593,0.7407,0.1101,-0.1836,otsu,1.139,0.141,2813.8,543.2,0.2606,3.9,0.3,0.2,0.0074,0.0436,0.0769,0.0,nublado,2026-09-03T08:25:23+00:00
gallocanta,2024-06-06,1,S2B_30TXL_20240606_0_L2A,1.0,0.3228,0.6772,0.1063,-0.2383,otsu,1.127,0.1248,2813.8,651.0,0.3416,15.8,2.5,0.0,0.0134,0.0343,0.0539,0.0,nublado,2026-09-03T08:25:23+00:00
gallocanta,2024-06-08,1,S2A_30TXL_20240608_0_L2A,1.0,0.9063,0.0937,0.1001,-0.3164,otsu,1.342,0.1767,2813.8,55.5,0.2105,14.0,0.0,0.0,0.0459,0.0465,0.0645,0.0,nublado,2026-09-03T08:25:29+00:00
gallocanta,2024-06-13,1,S2B_30TXL_20240613_0_L2A,1.0,0.741,0.259,0.1037,-0.1367,otsu,1.119,0.1804,2813.8,79.8,0.1094,6.1,17.4,3.1,0.0032,0.0362,0.0618,0.0,nublado,2026-09-03T08:25:29+00:00
gallocanta,2024-06-16,1,S2B_30TXL_20240616_0_L2A,1.0,0.1113,0.8887,0.0931,0.1758,otsu,0.851,0.084,2813.8,246.8,0.0987,77.6,250.8,100.6,-0.069,0.1396,0.3439,0.3062,ok,2026-09-03T08:25:29+00:00
gallocanta,2024-06-18,1,S2A_30TXL_20240618_0_L2A,1.0,0.2876,0.7124,0.1055,-0.1914,otsu,1.083,0.1425,2813.8,414.0,0.2065,15.2,45.9,0.1,0.0013,0.0484,0.1019,0.0246,nublado,2026-09-03T08:25:29+00:00
gallocanta,2024-06-21,1,S2A_30TXL_20240621_0_L2A,1.0,0.4,0.6,0.0921,0.1055,otsu,0.698,0.0535,2813.8,285.2,0.169,0.8,179.4,159.7,-0.0635,0.0741,0.1956,0.0928,nublado,2026-09-03T08:25:29+00:00
gallocanta,2024-06-23,1,S2B_30TXL_20240623_0_L2A,1.0,0.9706,0.0294,0.1508,-0.1055,otsu,,,2813.8,4.2,0.0502,3.1,0.0,0.0,-0.0108,0.072,0.1062,0.0,nublado,2026-09-03T08:25:29+00:00
gallocanta,2024-06-26,1,S2B_30TXL_20240626_0_L2A,1.0,0.6473,0.3527,0.1082,-0.2461,otsu,1.218,0.1674,2813.8,207.3,0.2088,6.7,0.0,0.0,0.0417,0.0405,0.0635,0.0,nublado,2026-09-03T08:25:29+00:00
gallocanta,2024-06-28,1,S2A_30TXL_20240628_0_L2A,1.0,0.102,0.898,0.1005,-0.1758,otsu,1.223,0.1284,2813.8,615.3,0.2435,37.6,0.0,0.0,0.0285,0.0745,0.1553,0.0598,espectro_anomalo,2026-09-03T08:25:29+00:00
gallocanta,2024-07-01,1,S2A_30TXL_20240701_0_L2A,1.0,0.0387,0.9613,0.0894,0.1445,otsu,1.02,0.107,2813.8,212.0,0.0784,141.8,147.2,12.4,-0.0528,0.104,0.2313,0.15,ok,2026-09-03T08:25:29+00:00
gallocanta,2024-07-03,1,S2B_30TXL_20240703_0_L2A,1.0,0.1326,0.8674,0.102,0.1211,otsu,1.19,0.1151,2813.8,167.8,0.0688,104.0,6.4,1.8,-0.017,0.0967,0.2053,0.1077,espectro_anomalo,2026-09-03T08:25:29+00:00
gallocanta,2024-07-08,1,S2A_30TXL_20240708_0_L2A,1.0,0.7478,0.2522,0.1132,0.0,fijo,,,2813.8,1.5,0.0021,0.3,0.7,0.3,-0.0449,0.1752,0.2396,0.2632,nublado,2026-09-03T08:25:29+00:00
gallocanta,2024-07-11,1,S2A_30TXL_20240711_0_L2A,1.0,0.1002,0.8998,0.0962,-0.207,otsu,1.135,0.1244,2813.8,722.8,0.2855,52.3,16.4,0.6,0.0118,0.0496,0.1041,0.0247,espectro_anomalo,2026-09-03T08:25:29+00:00
gallocanta,2024-07-13,1,S2B_30TXL_20240713_0_L2A,1.0,0.3042,0.6958,0.1236,-0.2148,otsu,1.143,0.1481,2813.8,427.8,0.2185,12.8,1.5,0.2,0.0077,0.0426,0.0834,0.0003,nublado,2026-09-03T08:25:35+00:00
gallocanta,2024-07-16,1,S2B_30TXL_20240716_0_L2A,1.0,0.1425,0.8575,0.1024,-0.2695,otsu,1.177,0.1344,2813.8,699.5,0.2899,26.2,2.8,0.0,0.0225,0.0317,0.0506,0.0,espectro_anomalo,2026-09-03T08:25:35+00:00
gallocanta,2024-07-18,2,S2A_30TXL_20240718_0_L2A;S2A_30TXL_20240718_1_L2A,1.0,0.2287,0.7713,0.1195,-0.293,otsu,1.194,0.1519,2813.8,503.5,0.232,20.9,0.0,0.0,0.0342,0.0414,0.0573,0.0,nublado,2026-09-03T08:25:35+00:00
gallocanta,2024-07-21,1,S2A_30TXL_20240721_0_L2A,1.0,0.1676,0.8324,0.1041,-0.2852,otsu,1.186,0.1395,2813.8,655.8,0.28,27.9,0.0,0.0,0.0339,0.0295,0.0456,0.0,espectro_anomalo,2026-09-03T08:25:35+00:00
gallocanta,2024-07-23,1,S2B_30TXL_20240723_0_L2A,1.0,0.2516,0.7484,0.1167,-0.2852,otsu,1.149,0.1518,2813.8,512.7,0.2435,13.8,0.0,0.0,0.0261,0.0333,0.0485,0.0,nublado,2026-09-03T08:25:35+00:00
gallocanta,2024-07-26,1,S2B_30TXL_20240726_0_L2A,1.0,0.2643,0.7357,0.1101,-0.2773,otsu,1.13,0.1778,2813.8,404.5,0.1954,14.3,0.0,0.0,0.0301,0.0312,0.0435,0.0,nublado,2026-09-03T08:25:35+00:00
gallocanta,2024-07-28,1,S2A_30TXL_20240728_0_L2A,1.0,0.2485,0.7515,0.1203,-0.293,otsu,1.179,0.1677,2813.8,466.0,0.2203,15.6,0.0,0.0,0.0372,0.0358,0.0476,0.0,nublado,2026-09-03T08:25:35+00:00
gallocanta,2024-07-31,1,S2A_30TXL_20240731_0_L2A,1.0,0.0461,0.9539,0.106,-0.3086,otsu,1.23,0.132,2813.8,974.0,0.3628,39.3,0.0,0.0,0.0386,0.0375,0.0514,0.0,espectro_anomalo,2026-09-03T08:25:35+00:00
gallocanta,2024-08-02,1,S2B_30TXL_20240802_0_L2A,1.0,0.1025,0.8975,0.1209,-0.3008,otsu,1.195,0.1388,2813.8,845.7,0.3349,23.2,0.0,0.0,0.0336,0.0395,0.0531,0.0,neblina,2026-09-03T08:25:35+00:00
gallocanta,2024-08-05,1,S2B_30TXL_20240805_0_L2A,1.0,0.1725,0.8275,0.1185,-0.2773,otsu,1.114,0.1601,2813.8,658.1,0.2826,12.4,5.5,0.0,0.027,0.0321,0.0447,0.0,espectro_anomalo,2026-09-03T08:25:35+00:00
gallocanta,2024-08-07,1,S2A_30TXL_20240807_0_L2A,1.0,0.0935,0.9065,0.1124,-0.3086,otsu,1.254,0.1336,2813.8,843.6,0.3307,34.1,0.3,0.0,0.0466,0.0405,0.053,0.0,espectro_anomalo,2026-09-03T08:25:35+00:00
gallocanta,2024-08-10,1,S2A_30TXL_20240810_0_L2A,1.0,0.1745,0.8255,0.1068,-0.3086,otsu,1.181,0.151,2813.8,676.6,0.2913,20.9,0.1,0.0,0.0396,0.0344,0.0481,0.0,espectro_anomalo,2026-09-03T08:25:35+00:00
gallocanta,2024-08-12,1,S2B_30TXL_20240812_0_L2A,1.0,0.4283,0.5717,0.1196,-0.3008,otsu,1.165,0.1638,2813.8,204.4,0.1271,20.3,0.8,0.2,0.0288,0.0366,0.0514,0.0,nublado,2026-09-03T08:25:41+00:00
gallocanta,2024-08-15,1,S2B_30TXL_20240815_0_L2A,1.0,0.0361,0.9639,0.1036,-0.1523,otsu,1.107,0.038,2813.8,771.2,0.2843,5.7,2.9,39.9,0.036,0.0378,0.0533,0.0,espectro_anomalo,2026-09-03T08:25:41+00:00
gallocanta,2024-08-17,1,S2A_30TXL_20240817_0_L2A,1.0,0.1849,0.8151,0.1124,-0.293,otsu,1.177,0.1703,2813.8,664.4,0.2897,28.0,26.3,1.7,0.0386,0.036,0.0481,0.0,espectro_anomalo,2026-09-03T08:25:41+00:00
gallocanta,2024-08-20,1,S2A_30TXL_20240820_0_L2A,1.0,0.123,0.877,0.1072,-0.2852,otsu,1.217,0.148,2813.8,774.2,0.3137,25.8,2.1,0.5,0.0354,0.03,0.0426,0.0,espectro_anomalo,2026-09-03T08:25:41+00:00
gallocanta,2024-08-22,1,S2B_30TXL_20240822_0_L2A,1.0,0.7201,0.2799,0.1456,0.0,fijo,0.94,0.1395,2813.8,33.4,0.0425,0.0,32.6,0.0,-0.0381,0.0231,0.0351,0.0,nublado,2026-09-03T08:25:41+00:00
gallocanta,2024-08-25,1,S2B_30TXL_20240825_0_L2A,1.0,0.143,0.857,0.1179,-0.2852,otsu,1.199,0.154,2813.8,748.4,0.3103,20.3,2.4,0.1,0.0375,0.0369,0.0481,0.0,espectro_anomalo,2026-09-03T08:25:41+00:00
gallocanta,2024-08-27,1,S2A_30TXL_20240827_0_L2A,1.0,0.6233,0.3767,0.1121,-0.3008,otsu,1.052,0.1609,2813.8,90.9,0.0857,16.8,11.1,0.6,0.0168,0.0345,0.0558,0.0,nublado,2026-09-03T08:25:41+00:00
gallocanta,2024-09-06,1,S2A_30TXL_20240906_0_L2A,1.0,0.0184,0.9816,0.0676,0.2305,otsu,0.896,0.0685,2813.8,991.0,0.3588,9.7,572.2,936.1,0.1608,0.0359,0.0614,0.0088,ok,2026-09-03T08:25:41+00:00
gallocanta,2024-09-09,1,S2A_30TXL_20240909_0_L2A,1.0,0.0119,0.9881,0.044,0.207,otsu,0.259,0.0272,2813.8,927.9,0.3337,37.4,914.5,910.8,-0.166,0.2789,0.4604,0.6835,ok,2026-09-03T08:25:41+00:00
gallocanta,2024-09-11,1,S2B_30TXL_20240911_0_L2A,1.0,0.0186,0.9814,0.0527,0.1992,otsu,0.364,0.0229,2813.8,823.2,0.2981,131.5,871.5,869.2,-0.3288,0.4531,0.5321,0.9899,ok,2026-09-03T08:25:41+00:00
gallocanta,2024-09-14,1,S2B_30TXL_20240914_0_L2A,1.0,0.0158,0.9842,0.0495,0.2227,otsu,0.333,0.0231,2813.8,906.6,0.3273,38.5,902.4,897.1,-0.2761,0.4207,0.5293,0.9846,ok,2026-09-03T08:25:41+00:00
gallocanta,2024-09-16,1,S2A_30TXL_20240916_0_L2A,1.0,0.0221,0.9779,0.0425,0.1523,otsu,0.286,0.0135,2813.8,879.7,0.3197,34.0,871.3,849.1,-0.2344,0.3571,0.4688,0.9179,ok,2026-09-03T08:25:48+00:00
gallocanta,2024-09-19,1,S2A_30TXL_20240919_0_L2A,1.0,0.8294,0.1706,0.0576,-0.043,otsu,0.551,0.0367,2813.8,39.6,0.0824,13.6,44.3,18.5,-0.1525,0.193,0.2872,0.5076,nublado,2026-09-03T08:25:41+00:00
gallocanta,2024-09-26,1,S2A_30TXL_20240926_0_L2A,1.0,0.073,0.927,0.0555,0.1836,otsu,0.647,0.0474,2813.8,838.3,0.3214,27.0,539.4,582.8,-0.0756,0.178,0.2585,0.3136,ok,2026-09-03T08:25:48+00:00
gallocanta,2024-09-29,1,S2A_30TXL_20240929_0_L2A,1.0,0.0332,0.9668,0.0456,0.1523,otsu,0.259,0.0213,2813.8,814.8,0.2995,59.2,824.9,779.5,-0.238,0.2723,0.3946,0.8018,ok,2026-09-03T08:25:48+00:00
gallocanta,2024-10-04,1,S2B_30TXL_20241004_0_L2A,1.0,0.0157,0.9843,0.0437,0.2305,otsu,0.162,0.024,2813.8,887.8,0.3206,43.7,885.0,885.9,-0.2773,0.2791,0.3906,0.8074,ok,2026-09-03T08:25:48+00:00
gallocanta,2024-10-11,1,S2B_30TXL_20241011_0_L2A,1.0,0.7139,0.2861,0.0399,-0.1992,otsu,0.616,0.0278,2813.8,175.6,0.218,29.1,207.4,7.4,-0.0908,0.0871,0.2017,0.1048,nublado,2026-09-03T08:25:48+00:00
gallocanta,2024-10-19,1,S2A_30TXL_20241019_0_L2A,1.0,0.1744,0.8256,0.0509,0.207,otsu,0.16,0.0361,2813.8,614.5,0.2645,32.9,646.3,604.0,-0.2223,0.1742,0.3965,0.5052,ok,2026-09-03T08:25:48+00:00
gallocanta,2024-10-21,1,S2B_30TXL_20241021_0_L2A,1.0,0.0268,0.9732,0.041,0.2227,otsu,0.064,0.0219,2813.8,848.7,0.3099,63.2,872.6,867.8,-0.3008,0.2875,0.5265,0.6988,ok,2026-09-03T08:25:48+00:00
gallocanta,2024-10-24,1,S2B_30TXL_20241024_0_L2A,1.0,0.065,0.935,0.0455,0.2305,otsu,0.109,0.0273,2813.8,745.6,0.2834,68.2,775.4,770.4,-0.3067,0.2682,0.5123,0.6624,ok,2026-09-03T08:25:48+00:00
gallocanta,2024-11-05,2,S2A_30TXL_20241105_0_L2A;S2C_30TXL_20241105_1_L2A,1.0,0.3858,0.6142,0.0001,0.0,fijo,1.0,0.0001,2813.8,27.6,0.016,48.4,22.3,101.8,0.0567,0.3125,0.634,0.6986,nublado,2026-09-03T08:25:48+00:00
gallocanta,2024-11-10,1,S2B_30TXL_20241110_0_L2A,1.0,0.9603,0.0397,0.0556,0.0,fijo,,,2813.8,1.3,0.0118,0.0,0.9,0.0,0.014,0.1055,0.1407,0.0,nublado,2026-09-03T08:25:48+00:00
gallocanta,2024-11-18,2,S2A_30TXL_20241118_0_L2A;S2C_30TXL_20241118_1_L2A,1.0,0.5616,0.4384,0.0557,-0.0742,otsu,0.668,0.017,2813.8,142.4,0.1154,25.0,139.9,122.6,-0.0967,0.1579,0.2415,0.2461,nublado,2026-09-03T08:25:54+00:00
gallocanta,2024-11-28,2,S2A_30TXL_20241128_0_L2A;S2C_30TXL_20241128_1_L2A,1.0,0.0153,0.9847,0.0001,0.0,fijo,1.0,0.0001,2813.8,60.3,0.0218,27.6,55.3,990.7,0.0145,0.246,0.601,0.4871,espectro_anomalo,2026-09-03T08:25:54+00:00
gallocanta,2024-11-30,1,S2B_30TXL_20241130_0_L2A,1.0,0.0173,0.9827,0.0409,0.0039,otsu,0.236,0.0098,2813.8,975.0,0.3526,42.1,988.9,979.0,-0.2836,0.2668,0.4586,0.6914,ok,2026-09-03T08:25:48+00:00
gallocanta,2024-12-03,1,S2B_30TXL_20241203_0_L2A,1.0,0.314,0.686,0.0823,-0.1836,otsu,0.711,0.0386,2813.8,377.1,0.1954,113.1,163.4,37.6,-0.0512,0.0803,0.1186,0.0015,nublado,2026-09-03T08:25:48+00:00
gallocanta,2024-12-05,2,S2A_30TXL_20241205_0_L2A;S2C_30TXL_20241205_1_L2A,1.0,0.0039,0.9961,0.0001,0.0,fijo,1.0,0.0001,2813.8,105.8,0.0377,33.9,101.7,1031.9,-0.3841,0.1221,0.4271,0.2775,espectro_anomalo,2026-09-03T08:25:54+00:00
gallocanta,2024-12-08,2,S2A_30TXL_20241208_0_L2A;S2C_30TXL_20241208_1_L2A,1.0,0.8217,0.1783,0.0001,0.0117,otsu,0.002,0.0105,2813.8,103.6,0.2066,13.0,90.7,86.5,-0.0508,0.0608,0.1824,0.0899,nublado,2026-09-03T08:25:54+00:00
gallocanta,2024-12-13,1,S2B_30TXL_20241213_0_L2A,1.0,0.8912,0.1088,0.1155,0.0,fijo,,,2813.8,7.5,0.0246,1.4,11.0,4.9,-0.0317,0.0099,0.0861,0.0,nublado,2026-09-03T08:25:54+00:00
gallocanta,2024-12-18,2,S2A_30TXL_20241218_0_L2A;S2C_30TXL_20241218_1_L2A,1.0,0.3685,0.6315,0.0001,0.0,fijo,1.0,0.0001,2813.8,57.4,0.0323,26.3,51.5,99.4,-0.1584,0.2317,0.5733,0.4962,nublado,2026-09-03T08:25:54+00:00
gallocanta,2024-12-20,1,S2B_30TXL_20241220_0_L2A,1.0,0.1373,0.8627,0.0676,0.2148,otsu,0.201,0.0414,2813.8,785.0,0.3234,8.1,902.3,767.2,-0.2432,0.1112,0.3694,0.3326,ok,2026-09-03T08:25:54+00:00
gallocanta,2024-12-25,1,S2A_30TXL_20241225_0_L2A,1.0,0.0217,0.9783,0.0711,0.1055,otsu,0.156,0.0346,2813.8,851.8,0.3095,4.6,1001.6,663.4,-0.2515,0.131,0.4783,0.2795,ok,2026-09-03T08:25:54+00:00
gallocanta,2024-12-28,1,S2A_30TXL_20241228_0_L2A,1.0,0.0546,0.9454,0.038,0.1367,otsu,0.133,0.008,2813.8,902.9,0.3394,32.6,906.2,899.0,-0.3581,0.2674,0.5207,0.6367,ok,2026-09-03T08:25:54+00:00
gallocanta,2024-12-30,1,S2B_30TXL_20241230_0_L2A,1.0,0.0475,0.9525,0.0457,0.168,otsu,0.054,0.0111,2813.8,918.3,0.3426,33.8,925.7,920.4,-0.4224,0.3386,0.6557,0.6713,ok,2026-09-03T08:25:54+00:00
gallocanta,2025-01-02,1,S2B_30TXL_20250102_0_L2A,1.0,0.0776,0.9224,0.0416,0.1914,otsu,0.038,0.0057,2813.8,814.2,0.3137,66.6,851.1,844.2,-0.4903,0.4263,0.8218,0.6881,ok,2026-09-03T08:25:54+00:00
gallocanta,2025-01-04,1,S2A_30TXL_20250104_0_L2A,1.0,0.107,0.893,0.0465,0.1133,otsu,0.105,0.0103,2813.8,784.2,0.3121,20.6,779.5,764.3,-0.3852,0.3122,0.5857,0.6527,ok,2026-09-03T08:26:00+00:00
gallocanta,2025-01-09,1,S2B_30TXL_20250109_0_L2A,1.0,0.1047,0.8953,0.0761,0.1758,otsu,0.243,0.0557,2813.8,831.8,0.3302,16.4,868.4,787.0,-0.2017,0.0973,0.2447,0.1994,ok,2026-09-03T08:25:54+00:00
gallocanta,2025-01-12,1,S2B_30TXL_20250112_0_L2A,1.0,0.4125,0.5875,0.06,0.1914,otsu,0.214,0.0666,2813.8,480.2,0.2905,18.2,478.7,453.6,-0.1787,0.0692,0.2741,0.2156,nublado,2026-09-03T08:26:00+00:00
gallocanta,2025-01-14,1,S2A_30TXL_20250114_0_L2A,1.0,0.0199,0.9801,0.0436,0.1758,otsu,0.095,0.0126,2813.8,1013.8,0.3676,27.4,1016.2,1001.6,-0.3947,0.2398,0.5766,0.5397,ok,2026-09-03T08:26:00+00:00
gallocanta,2025-01-19,1,S2B_30TXL_20250119_0_L2A,1.0,0.011,0.989,0.0475,0.168,otsu,0.121,0.0126,2813.8,1037.5,0.3728,34.4,1035.0,1028.4,-0.3819,0.2795,0.5357,0.6352,ok,2026-09-03T08:26:00+00:00
gallocanta,2025-01-24,1,S2C_30TXL_20250124_0_L2A,1.0,0.7055,0.2945,0.0001,-0.2305,otsu,0.02,0.0001,2813.8,79.5,0.096,58.5,38.8,49.0,-0.1374,-0.0322,0.204,0.1021,nublado,2026-09-03T08:26:00+00:00
gallocanta,2025-02-03,1,S2C_30TXL_20250203_0_L2A,1.0,0.6413,0.3587,0.0091,0.0,fijo,,,2813.8,6.7,0.0067,6.1,58.8,2.4,-0.1698,0.1795,0.2554,0.2143,nublado,2026-09-03T08:26:00+00:00
gallocanta,2025-02-06,1,S2C_30TXL_20250206_0_L2A,1.0,0.0006,0.9994,0.0001,0.0,fijo,1.0,0.0001,2813.8,119.3,0.0424,41.8,114.9,1059.6,-0.307,-0.0662,0.304,0.1535,espectro_anomalo,2026-09-03T08:26:00+00:00
gallocanta,2025-02-08,1,S2B_30TXL_20250208_0_L2A,1.0,0.0209,0.9791,0.0001,0.0,fijo,1.0,0.0001,2813.8,192.7,0.0699,47.8,186.8,1015.2,-0.4167,-0.1316,0.13,0.0581,espectro_anomalo,2026-09-03T08:26:00+00:00
gallocanta,2025-02-11,1,S2B_30TXL_20250211_0_L2A,1.0,0.1005,0.8995,0.0001,0.0,fijo,1.0,0.0001,2813.8,121.2,0.0479,47.8,116.6,803.1,-0.2619,-0.0253,0.2288,0.1271,espectro_anomalo,2026-09-03T08:26:00+00:00
gallocanta,2025-02-13,1,S2C_30TXL_20250213_0_L2A,1.0,0.6512,0.3488,0.0001,-0.2383,otsu,0.003,0.0048,2813.8,123.3,0.1256,73.8,76.0,61.6,-0.1873,0.0376,0.2,0.1003,nublado,2026-09-03T08:26:00+00:00
gallocanta,2025-02-16,1,S2C_30TXL_20250216_0_L2A,1.0,0.997,0.003,0.0001,0.0,fijo,,,2813.8,0.0,0.0,0.0,0.0,0.0,,,,,nublado,2026-09-03T08:26:00+00:00
gallocanta,2025-02-23,1,S2C_30TXL_20250223_0_L2A,1.0,0.0003,0.9997,0.0001,0.0,fijo,1.0,0.0001,2813.8,135.3,0.0481,39.4,133.0,1057.8,-0.2929,-0.1361,0.2192,0.1103,espectro_anomalo,2026-09-03T08:26:07+00:00
gallocanta,2025-02-26,1,S2C_30TXL_20250226_0_L2A,1.0,0.016,0.984,0.0001,0.0,fijo,1.0,0.0001,2813.8,136.0,0.0491,38.4,134.2,874.8,-0.3017,-0.1007,0.2718,0.128,espectro_anomalo,2026-09-03T08:26:00+00:00
gallocanta,2025-02-28,1,S2B_30TXL_20250228_0_L2A,1.0,0.5186,0.4814,0.0001,0.0,fijo,1.0,0.0001,2813.8,40.4,0.0298,14.6,38.7,215.3,-0.2217,-0.0302,0.1789,0.0882,nublado,2026-09-03T08:26:07+00:00
gallocanta,2025-03-15,1,S2C_30TXL_20250315_0_L2A,1.0,0.5314,0.4686,0.0692,0.1055,otsu,0.215,0.0971,2813.8,106.4,0.0807,25.2,99.8,90.9,-0.1409,0.0584,0.2484,0.1887,nublado,2026-09-03T08:26:07+00:00
gallocanta,2025-03-28,1,S2C_30TXL_20250328_0_L2A,1.0,0.7285,0.2715,0.0748,-0.043,otsu,0.614,0.0351,2813.8,102.3,0.1339,15.9,101.3,50.0,-0.1776,0.1479,0.2555,0.3864,nublado,2026-09-03T08:26:07+00:00
gallocanta,2025-03-30,2,S2A_30TXL_20250330_1_L2A;S2B_30TXL_20250330_0_L2A,1.0,0.0036,0.9964,0.0575,0.1758,otsu,0.27,0.0163,2813.8,930.8,0.332,207.6,1097.6,1092.8,-0.3484,0.1962,0.4837,0.5001,ok,2026-09-03T08:26:07+00:00
gallocanta,2025-04-06,1,S2A_30TXL_20250406_0_L2A,1.0,0.1861,0.8139,0.067,-0.0742,otsu,0.274,0.1177,2813.8,507.3,0.2215,457.6,637.1,78.7,-0.172,0.1228,0.2191,0.1783,ok,2026-09-03T08:26:07+00:00
gallocanta,2025-04-07,1,S2C_30TXL_20250407_0_L2A,1.0,0.0005,0.9995,0.0427,-0.0273,otsu,0.589,0.0108,2813.8,512.9,0.1824,657.6,892.2,868.7,-0.2443,0.1068,0.3283,0.3626,ok,2026-09-03T08:26:07+00:00
gallocanta,2025-04-09,2,S2A_30TXL_20250409_1_L2A;S2B_30TXL_20250409_0_L2A,1.0,0.005,0.995,0.0525,0.043,otsu,0.504,0.0162,2813.8,519.6,0.1856,614.6,845.8,741.2,-0.2733,0.1247,0.3431,0.4036,ok,2026-09-03T08:26:07+00:00
gallocanta,2025-04-16,1,S2A_30TXL_20250416_0_L2A,1.0,0.645,0.355,0.0588,0.1133,otsu,0.316,0.1606,2813.8,105.5,0.1056,70.1,108.6,104.0,-0.0739,0.034,0.1801,0.0754,nublado,2026-09-03T08:26:07+00:00
gallocanta,2025-04-17,1,S2C_30TXL_20250417_0_L2A,1.0,0.0093,0.9907,0.0377,-0.0977,otsu,0.258,0.0666,2813.8,864.6,0.3102,343.4,878.7,249.1,-0.1256,0.1267,0.2713,0.3286,ok,2026-09-03T08:26:07+00:00
gallocanta,2025-04-24,1,S2C_30TXL_20250424_0_L2A,1.0,0.0013,0.9987,0.0374,0.0586,otsu,0.505,0.0091,2813.8,386.0,0.1374,768.2,647.4,633.0,-0.2645,0.0859,0.4554,0.2837,ok,2026-09-03T08:26:07+00:00
gallocanta,2025-04-26,1,S2A_30TXL_20250426_0_L2A,1.0,0.9273,0.0727,0.0902,0.2227,otsu,,,2813.8,14.2,0.0696,1.4,13.1,21.4,-0.0423,0.0155,0.1195,0.0028,nublado,2026-09-03T08:26:07+00:00
gallocanta,2025-04-27,1,S2C_30TXL_20250427_0_L2A,1.0,0.926,0.074,0.0931,0.0117,otsu,,,2813.8,4.0,0.0194,27.4,4.2,1.2,-0.1231,0.1128,0.2419,0.2376,nublado,2026-09-03T08:26:14+00:00
gallocanta,2025-04-29,2,S2A_30TXL_20250429_1_L2A;S2B_30TXL_20250429_0_L2A,1.0,0.2394,0.7606,0.0497,0.0352,otsu,0.608,0.0284,2813.8,219.0,0.1023,514.4,324.4,227.1,-0.2251,0.1514,0.3201,0.4379,nublado,2026-09-03T08:26:14+00:00
gallocanta,2025-05-06,1,S2A_30TXL_20250506_0_L2A,1.0,0.4232,0.5768,0.0626,0.1602,otsu,0.541,0.0362,2813.8,293.4,0.1808,476.0,421.8,360.4,-0.2467,0.1049,0.2862,0.3266,nublado,2026-09-03T08:26:14+00:00
gallocanta,2025-05-07,1,S2C_30TXL_20250507_0_L2A,1.0,0.1686,0.8314,0.0461,-0.0586,otsu,0.241,0.0781,2813.8,193.3,0.0826,557.2,218.0,140.7,-0.1373,0.0407,0.2509,0.1552,ok,2026-09-03T08:26:14+00:00
gallocanta,2025-05-12,1,S2B_30TXL_20250512_0_L2A,1.0,0.9148,0.0852,0.086,0.1836,otsu,,,2813.8,17.6,0.0733,13.9,18.4,14.6,-0.1346,0.0637,0.2128,0.1162,nublado,2026-09-03T08:26:14+00:00
gallocanta,2025-05-16,1,S2A_30TXL_20250516_0_L2A,1.0,0.004,0.996,0.0335,0.0508,otsu,0.108,0.0338,2813.8,224.4,0.0801,897.3,305.4,244.1,-0.2656,0.1045,0.5471,0.2459,ok,2026-09-03T08:26:14+00:00
gallocanta,2025-05-17,1,S2C_30TXL_20250517_0_L2A,1.0,0.1155,0.8845,0.034,-0.0664,otsu,0.184,0.0347,2813.8,174.7,0.0702,841.9,223.1,128.4,-0.1986,0.01,0.2357,0.1387,ok,2026-09-03T08:26:14+00:00
gallocanta,2025-05-22,1,S2B_30TXL_20250522_0_L2A,1.0,0.6073,0.3927,0.0574,0.043,otsu,0.857,0.0998,2813.8,34.3,0.0311,297.6,36.4,0.2,-0.0869,0.1087,0.2296,0.148,nublado,2026-09-03T08:26:14+00:00
gallocanta,2025-05-24,1,S2C_30TXL_20250524_0_L2A,1.0,0.0464,0.9536,0.0381,-0.0664,otsu,0.294,0.0621,2813.8,100.4,0.0374,930.6,126.4,78.9,-0.1887,0.0726,0.3255,0.2383,ok,2026-09-03T08:26:14+00:00
gallocanta,2025-05-26,1,S2A_30TXL_20250526_0_L2A,1.0,0.1277,0.8723,0.0437,0.0117,otsu,0.182,0.0941,2813.8,109.4,0.0446,703.8,146.6,71.6,-0.2944,0.1606,0.9659,0.2706,ok,2026-09-03T08:26:14+00:00
gallocanta,2025-05-27,1,S2C_30TXL_20250527_0_L2A,1.0,0.0186,0.9814,0.0372,-0.0508,otsu,0.105,0.0386,2813.8,140.9,0.051,981.3,177.4,120.3,-0.261,0.0148,0.3052,0.2172,ok,2026-09-03T08:26:14+00:00
gallocanta,2025-05-29,2,S2A_30TXL_20250529_1_L2A;S2B_30TXL_20250529_0_L2A,1.0,0.0254,0.9746,0.0492,0.0742,otsu,0.202,0.0478,2813.8,146.2,0.0533,973.6,176.8,143.1,-0.2406,0.0383,0.2871,0.2101,ok,2026-09-03T08:26:20+00:00
gallocanta,2025-06-05,1,S2A_30TXL_20250605_0_L2A,1.0,0.8471,0.1529,0.0912,0.0742,otsu,,,2813.8,15.3,0.0356,20.8,14.7,0.0,-0.1234,0.0773,0.2054,0.1123,nublado,2026-09-03T08:26:14+00:00
gallocanta,2025-06-06,1,S2C_30TXL_20250606_0_L2A,1.0,0.015,0.985,0.0498,-0.0586,otsu,0.651,0.0869,2813.8,167.7,0.0605,989.4,156.3,0.3,-0.1147,0.0964,0.2325,0.1715,ok,2026-09-03T08:26:20+00:00
gallocanta,2025-06-08,2,S2A_30TXL_20250608_2_L2A;S2B_30TXL_20250608_0_L2A,1.0,0.0145,0.9855,0.0537,0.0664,otsu,0.252,0.0541,2813.8,135.4,0.0488,993.5,142.8,113.5,-0.2131,0.0757,0.2779,0.2266,ok,2026-09-03T08:26:20+00:00
gallocanta,2025-06-13,1,S2C_30TXL_20250613_0_L2A,1.0,0.5567,0.4433,0.0705,-0.0664,otsu,,,2813.8,10.4,0.0083,80.2,7.4,0.4,-0.0944,0.1898,0.3198,0.4462,nublado,2026-09-03T08:26:20+00:00
gallocanta,2025-06-16,1,S2C_30TXL_20250616_0_L2A,1.0,0.0041,0.9959,0.0514,-0.0664,otsu,0.268,0.0729,2813.8,133.6,0.0477,1004.6,118.2,69.6,-0.1366,0.0853,0.244,0.2009,ok,2026-09-03T08:26:20+00:00
gallocanta,2025-06-18,2,S2A_30TXL_20250618_1_L2A;S2B_30TXL_20250618_0_L2A,1.0,0.0713,0.9287,0.0587,0.0664,otsu,0.248,0.0461,2813.8,121.0,0.0463,984.3,121.0,91.8,-0.2047,0.1173,0.3019,0.2638,ok,2026-09-03T08:26:20+00:00
gallocanta,2025-06-21,1,S2B_30TXL_20250621_0_L2A,1.0,0.3985,0.6015,0.078,-0.0664,otsu,0.725,0.1142,2813.8,78.4,0.0463,493.2,61.3,1.0,-0.0912,0.1253,0.2286,0.1591,nublado,2026-09-03T08:26:20+00:00
gallocanta,2025-06-23,1,S2C_30TXL_20250623_0_L2A,1.0,0.0051,0.9949,0.0487,-0.043,otsu,0.372,0.0946,2813.8,101.7,0.0363,965.2,111.1,27.4,-0.2201,0.1416,0.3533,0.3457,ok,2026-09-03T08:26:20+00:00
gallocanta,2025-06-25,1,S2A_30TXL_20250625_0_L2A,1.0,0.3383,0.6617,0.0571,0.043,otsu,0.206,0.036,2813.8,87.9,0.0472,571.0,81.8,65.3,-0.149,0.0987,0.289,0.2393,nublado,2026-09-03T08:26:20+00:00
gallocanta,2025-06-26,1,S2C_30TXL_20250626_0_L2A,1.0,0.0186,0.9814,0.0564,-0.0508,otsu,0.266,0.0313,2813.8,117.8,0.0427,993.8,107.9,84.2,-0.1223,0.0882,0.2756,0.2309,ok,2026-09-03T08:26:20+00:00
gallocanta,2025-06-28,2,S2A_30TXL_20250628_1_L2A;S2B_30TXL_20250628_0_L2A,1.0,0.0475,0.9525,0.0606,0.1055,otsu,0.181,0.0313,2813.8,115.1,0.0429,976.0,118.2,99.4,-0.2035,0.1331,0.368,0.3462,ok,2026-09-03T08:26:27+00:00
gallocanta,2025-07-01,1,S2B_30TXL_20250701_0_L2A,1.0,0.0339,0.9661,0.0696,-0.0586,otsu,0.343,0.03,2813.8,127.5,0.0469,978.0,98.4,26.4,-0.0803,0.1165,0.2755,0.2494,ok,2026-09-03T08:26:27+00:00
gallocanta,2025-07-03,1,S2C_30TXL_20250703_0_L2A,1.0,0.0361,0.9639,0.0504,0.1211,otsu,0.067,0.0288,2813.8,107.0,0.0395,908.7,110.5,88.9,-0.2302,0.1142,0.4238,0.3957,ok,2026-09-03T08:26:20+00:00
gallocanta,2025-07-05,1,S2A_30TXL_20250705_0_L2A,1.0,0.0033,0.9967,0.0473,0.168,otsu,0.169,0.0286,2813.8,123.3,0.044,945.4,131.3,113.6,-0.269,0.1809,0.5124,0.4517,ok,2026-09-03T08:26:20+00:00
gallocanta,2025-07-06,1,S2C_30TXL_20250706_0_L2A,1.0,0.0016,0.9984,0.048,0.0039,otsu,0.349,0.0496,2813.8,158.4,0.0564,952.4,129.4,60.8,-0.0964,0.1354,0.3129,0.3157,ok,2026-09-03T08:26:27+00:00
gallocanta,2025-07-08,2,S2A_30TXL_20250708_1_L2A;S2B_30TXL_20250708_0_L2A,1.0,0.0127,0.9873,0.0569,0.1523,otsu,0.316,0.0265,2813.8,133.5,0.0481,944.3,120.6,119.3,-0.1402,0.1296,0.3263,0.3418,ok,2026-09-03T08:26:27+00:00
gallocanta,2025-07-11,1,S2B_30TXL_20250711_0_L2A,1.0,0.5983,0.4017,0.0842,-0.0117,otsu,,,2813.8,15.4,0.0137,319.7,13.3,5.7,-0.1035,0.1793,0.2833,0.4611,nublado,2026-09-03T08:26:27+00:00
gallocanta,2025-07-13,1,S2C_30TXL_20250713_0_L2A,1.0,0.1549,0.8451,0.0551,0.1289,otsu,0.108,0.014,2813.8,79.3,0.0333,690.6,86.3,81.8,-0.2657,0.1072,0.4691,0.4304,ok,2026-09-03T08:26:27+00:00
gallocanta,2025-07-15,1,S2A_30TXL_20250715_0_L2A,1.0,0.0146,0.9854,0.0531,0.0898,otsu,0.379,0.0211,2813.8,125.5,0.0453,941.3,112.6,109.7,-0.1312,0.1411,0.3328,0.4329,ok,2026-09-03T08:26:27+00:00
gallocanta,2025-07-16,1,S2C_30TXL_20250716_0_L2A,1.0,0.016,0.984,0.0596,-0.0352,otsu,0.38,0.0149,2813.8,119.5,0.0432,965.1,99.2,97.0,-0.1148,0.1229,0.327,0.3897,ok,2026-09-03T08:26:27+00:00
gallocanta,2025-07-18,2,S2A_30TXL_20250718_1_L2A;S2B_30TXL_20250718_0_L2A,1.0,0.0401,0.9599,0.0546,0.0742,otsu,0.344,0.0195,2813.8,114.9,0.0425,947.8,101.6,103.5,-0.129,0.1412,0.3454,0.4422,ok,2026-09-03T08:26:34+00:00
gallocanta,2025-07-21,1,S2B_30TXL_20250721_0_L2A,1.0,0.0336,0.9664,0.0627,0.0195,otsu,0.602,0.022,2813.8,128.3,0.0472,946.2,95.2,62.8,-0.0697,0.1256,0.2912,0.2887,ok,2026-09-03T08:26:27+00:00
gallocanta,2025-07-25,1,S2A_30TXL_20250725_0_L2A,1.0,0.6748,0.3252,0.1062,-0.0195,otsu,,,2813.8,6.3,0.0069,13.5,5.5,3.8,-0.15,0.1243,0.2617,0.3121,nublado,2026-09-03T08:26:27+00:00
gallocanta,2025-07-26,1,S2C_30TXL_20250726_0_L2A,1.0,0.034,0.966,0.0538,-0.0039,otsu,0.367,0.0115,2813.8,126.3,0.0465,934.0,100.6,91.9,-0.0954,0.1064,0.331,0.3307,ok,2026-09-03T08:26:27+00:00
gallocanta,2025-07-28,2,S2A_30TXL_20250728_1_L2A;S2B_30TXL_20250728_0_L2A,1.0,0.0462,0.9538,0.0548,0.1211,otsu,0.361,0.0143,2813.8,131.4,0.049,912.0,110.1,120.6,-0.0919,0.1255,0.3517,0.3935,ok,2026-09-03T08:26:34+00:00
gallocanta,2025-07-31,1,S2B_30TXL_20250731_0_L2A,1.0,0.0341,0.9659,0.0584,0.082,otsu,0.314,0.0143,2813.8,137.8,0.0507,910.9,112.4,114.7,-0.0978,0.176,0.3612,0.4576,ok,2026-09-03T08:26:27+00:00
gallocanta,2025-08-02,1,S2C_30TXL_20250802_0_L2A,1.0,0.0275,0.9725,0.0511,0.1055,otsu,0.294,0.0133,2813.8,144.6,0.0528,894.3,121.3,123.3,-0.0888,0.1494,0.3852,0.4537,ok,2026-09-03T08:26:34+00:00
gallocanta,2025-08-04,1,S2A_30TXL_20250804_0_L2A,1.0,0.0359,0.9641,0.0536,0.1133,otsu,0.233,0.0113,2813.8,148.5,0.0547,883.2,124.2,123.0,-0.1164,0.1756,0.396,0.488,ok,2026-09-03T08:26:34+00:00
gallocanta,2025-08-05,1,S2C_30TXL_20250805_0_L2A,1.0,0.0167,0.9833,0.0731,0.0273,otsu,0.62,0.0439,2813.8,192.4,0.0696,863.1,123.2,102.4,-0.0621,0.1544,0.2716,0.3754,ok,2026-09-03T08:26:34+00:00
gallocanta,2025-08-07,2,S2A_30TXL_20250807_1_L2A;S2B_30TXL_20250807_0_L2A,1.0,0.0453,0.9547,0.0574,0.0664,otsu,0.444,0.0154,2813.8,142.0,0.0529,887.4,108.4,121.5,-0.0668,0.1397,0.3347,0.4081,ok,2026-09-03T08:26:34+00:00
gallocanta,2025-08-10,1,S2B_30TXL_20250810_0_L2A,1.0,0.0306,0.9694,0.0714,0.0039,otsu,0.775,0.0383,2813.8,178.6,0.0655,867.4,94.2,46.6,-0.0371,0.1533,0.2637,0.3355,ok,2026-09-03T08:26:34+00:00
gallocanta,2025-08-12,1,S2C_30TXL_20250812_0_L2A,1.0,0.0344,0.9656,0.0752,-0.0273,otsu,0.96,0.0409,2813.8,181.9,0.0669,857.8,95.6,2.2,-0.0396,0.1543,0.2654,0.3358,ok,2026-09-03T08:26:34+00:00
gallocanta,2025-08-14,1,S2A_30TXL_20250814_0_L2A,1.0,0.0163,0.9837,0.0882,0.0273,otsu,0.808,0.0668,2813.8,258.6,0.0934,766.1,107.9,66.6,-0.0275,0.1417,0.2239,0.2261,ok,2026-09-03T08:26:34+00:00
gallocanta,2025-08-15,1,S2C_30TXL_20250815_0_L2A,1.0,0.023,0.977,0.0769,0.0195,otsu,0.672,0.0517,2813.8,234.8,0.0854,797.7,134.0,97.5,-0.0521,0.1481,0.2671,0.3619,ok,2026-09-03T08:26:34+00:00
gallocanta,2025-08-17,2,S2A_30TXL_20250817_1_L2A;S2B_30TXL_20250817_0_L2A,1.0,0.033,0.967,0.0865,-0.0508,otsu,0.989,0.0631,2813.8,235.2,0.0864,801.7,105.9,0.0,-0.0254,0.1233,0.233,0.2443,ok,2026-09-03T08:26:41+00:00
gallocanta,2025-08-20,1,S2B_30TXL_20250820_0_L2A,1.0,0.0569,0.9431,0.0951,0.1523,otsu,0.692,0.075,2813.8,302.8,0.1141,701.1,202.6,139.0,-0.0836,0.1243,0.2528,0.2896,ok,2026-09-03T08:26:34+00:00
gallocanta,2025-08-22,1,S2C_30TXL_20250822_0_L2A,1.0,0.0367,0.9633,0.0537,0.1211,otsu,0.401,0.0108,2813.8,182.2,0.0672,806.6,167.2,139.9,-0.1485,0.1683,0.4242,0.5536,ok,2026-09-03T08:26:41+00:00
gallocanta,2025-08-24,1,S2A_30TXL_20250824_0_L2A,1.0,0.0603,0.9397,0.0507,0.0977,otsu,0.41,0.0058,2813.8,173.3,0.0655,786.5,153.5,165.5,-0.1374,0.1476,0.4245,0.5451,ok,2026-09-03T08:26:34+00:00
gallocanta,2025-08-27,2,S2A_30TXL_20250827_1_L2A;S2B_30TXL_20250827_0_L2A,1.0,0.4748,0.5252,0.1102,-0.2461,otsu,1.349,0.0753,2813.8,41.2,0.0279,87.6,0.0,0.0,0.0373,0.1147,0.1784,0.0533,nublado,2026-09-03T08:26:41+00:00
gallocanta,2025-08-30,1,S2B_30TXL_20250830_0_L2A,1.0,0.0298,0.9702,0.0526,0.1523,otsu,0.622,0.0206,2813.8,243.6,0.0892,737.8,183.0,236.4,-0.0593,0.1767,0.3676,0.4984,ok,2026-09-03T08:26:41+00:00
gallocanta,2025-09-01,1,S2C_30TXL_20250901_0_L2A,1.0,0.0647,0.9353,0.0508,0.1367,otsu,0.609,0.009,2813.8,224.2,0.0852,721.2,194.9,273.9,-0.0831,0.1636,0.4358,0.4789,ok,2026-09-03T08:26:41+00:00
gallocanta,2025-09-03,1,S2A_30TXL_20250903_0_L2A,1.0,0.0565,0.9435,0.0498,0.1367,otsu,0.516,0.0093,2813.8,240.4,0.0905,717.7,187.2,273.8,-0.0522,0.1742,0.4107,0.5234,ok,2026-09-03T08:26:41+00:00
gallocanta,2025-09-04,1,S2C_30TXL_20250904_0_L2A,1.0,0.0387,0.9613,0.0529,0.043,otsu,0.594,0.0176,2813.8,277.4,0.1026,708.8,185.8,210.4,-0.0334,0.196,0.3542,0.5032,ok,2026-09-03T08:26:41+00:00
gallocanta,2025-09-06,2,S2A_30TXL_20250906_1_L2A;S2B_30TXL_20250906_0_L2A,1.0,0.0523,0.9477,0.0549,0.0898,otsu,0.478,0.0095,2813.8,236.7,0.0888,713.6,188.2,267.2,-0.0551,0.2046,0.4323,0.5862,ok,2026-09-03T08:26:41+00:00
gallocanta,2025-09-09,1,S2B_30TXL_20250909_0_L2A,1.0,0.0385,0.9615,0.0594,0.1523,otsu,0.642,0.0209,2813.8,297.4,0.1099,668.5,228.4,300.7,-0.0721,0.2213,0.3897,0.6038,ok,2026-09-03T08:26:41+00:00
gallocanta,2025-09-11,1,S2C_30TXL_20250911_0_L2A,1.0,0.0532,0.9468,0.0485,0.0977,otsu,0.521,0.0037,2813.8,278.4,0.1045,645.0,243.1,368.8,-0.0829,0.2622,0.5556,0.6651,ok,2026-09-03T08:26:41+00:00
gallocanta,2025-09-14,1,S2C_30TXL_20250914_0_L2A,1.0,0.0375,0.9625,0.0499,0.0508,otsu,0.644,0.0102,2813.8,339.0,0.1252,621.9,234.9,343.6,-0.0418,0.2488,0.4305,0.653,ok,2026-09-03T08:26:41+00:00
gallocanta,2025-09-16,2,S2A_30TXL_20250916_1_L2A;S2B_30TXL_20250916_0_L2A,1.0,0.0545,0.9455,0.0537,0.1289,otsu,0.553,0.0089,2813.8,347.9,0.1308,599.0,264.4,407.0,-0.0575,0.3036,0.5202,0.7677,ok,2026-09-03T08:26:48+00:00
gallocanta,2025-09-19,1,S2B_30TXL_20250919_0_L2A,1.0,0.0352,0.9648,0.061,0.0508,otsu,0.747,0.0247,2813.8,432.9,0.1595,535.9,265.6,365.8,-0.0446,0.2448,0.3641,0.6883,ok,2026-09-03T08:26:41+00:00
gallocanta,2025-09-23,1,S2A_30TXL_20250923_0_L2A,1.0,0.0518,0.9482,0.0472,0.1758,otsu,0.585,0.0058,2813.8,429.2,0.1609,485.1,345.2,514.7,-0.0983,0.2898,0.4883,0.7507,ok,2026-09-03T08:26:48+00:00
gallocanta,2025-09-24,1,S2C_30TXL_20250924_0_L2A,1.0,0.1876,0.8124,0.0543,0.043,otsu,0.702,0.0093,2813.8,279.8,0.1224,379.5,195.1,276.2,-0.0494,0.2307,0.4045,0.5969,ok,2026-09-03T08:26:48+00:00
gallocanta,2025-09-26,2,S2A_30TXL_20250926_1_L2A;S2B_30TXL_20250926_0_L2A,1.0,0.0592,0.9408,0.0529,0.1758,otsu,0.672,0.0123,2813.8,481.4,0.1818,469.1,352.0,564.3,-0.0756,0.2643,0.4758,0.6774,ok,2026-09-03T08:26:48+00:00
gallocanta,2025-10-01,1,S2C_30TXL_20251001_0_L2A,1.0,0.1326,0.8674,0.0578,0.1367,otsu,0.522,0.0111,2813.8,428.0,0.1753,364.3,356.0,490.4,-0.1561,0.3129,0.5178,0.7928,ok,2026-09-03T08:26:48+00:00
gallocanta,2025-10-04,1,S2C_30TXL_20251004_0_L2A,1.0,0.053,0.947,0.0493,0.0352,otsu,0.674,0.0141,2813.8,541.6,0.2033,371.4,356.8,523.8,-0.0624,0.2547,0.4044,0.6728,ok,2026-09-03T08:26:48+00:00
gallocanta,2025-10-06,2,S2A_30TXL_20251006_1_L2A;S2B_30TXL_20251006_0_L2A,1.0,0.0407,0.9593,0.0529,0.1836,otsu,0.615,0.0138,2813.8,590.5,0.2188,360.9,424.8,664.5,-0.072,0.2656,0.4398,0.6812,ok,2026-09-03T08:26:48+00:00
gallocanta,2025-10-09,1,S2B_30TXL_20251009_0_L2A,1.0,0.1466,0.8534,0.1029,-0.0586,otsu,1.021,0.0713,2813.8,672.6,0.2801,142.9,264.6,0.1,-0.0214,0.1419,0.2272,0.2164,ok,2026-09-03T08:26:48+00:00
gallocanta,2025-10-14,1,S2C_30TXL_20251014_0_L2A,1.0,0.0602,0.9398,0.0576,0.0195,otsu,0.635,0.0235,2813.8,685.6,0.2592,275.6,496.5,618.2,-0.0951,0.2529,0.3712,0.7211,ok,2026-09-03T08:26:48+00:00
gallocanta,2025-10-16,2,S2A_30TXL_20251016_2_L2A;S2B_30TXL_20251016_1_L2A,1.0,0.0439,0.9561,0.0539,0.1367,otsu,0.596,0.0159,2813.8,604.0,0.2245,329.1,457.0,695.5,-0.1132,0.2939,0.4358,0.8046,ok,2026-09-03T08:26:55+00:00
gallocanta,2025-10-21,1,S2C_30TXL_20251021_0_L2A,1.0,0.6544,0.3456,0.0873,0.043,otsu,0.6,0.0279,2813.8,70.3,0.0723,28.5,61.8,58.1,-0.1465,0.2857,0.4237,0.7604,nublado,2026-09-03T08:26:48+00:00
gallocanta,2025-10-23,1,S2A_30TXL_20251023_0_L2A,1.0,0.1137,0.8863,0.0524,0.082,otsu,0.716,0.0165,2813.8,599.8,0.2405,196.6,504.3,668.0,-0.1316,0.1367,0.2798,0.248,ok,2026-09-03T08:26:48+00:00
gallocanta,2025-10-26,2,S2A_30TXL_20251026_1_L2A;S2B_30TXL_20251026_0_L2A,1.0,0.5694,0.4306,0.0831,0.1836,otsu,0.455,0.0302,2813.8,135.9,0.1122,35.7,164.2,119.9,-0.2127,0.2689,0.407,0.7313,nublado,2026-09-03T08:26:55+00:00
gallocanta,2025-11-03,1,S2C_30TXL_20251103_0_L2A,1.0,0.0185,0.9815,0.0353,0.0742,otsu,0.443,0.0037,2813.8,757.9,0.2744,216.5,720.4,844.4,-0.195,0.3576,0.5068,0.8996,ok,2026-09-03T08:26:55+00:00
gallocanta,2025-11-10,1,S2C_30TXL_20251110_0_L2A,1.0,0.1188,0.8812,0.055,0.0117,otsu,0.457,0.0131,2813.8,585.5,0.2361,127.2,551.3,585.4,-0.1586,0.2436,0.3673,0.6885,ok,2026-09-03T08:26:55+00:00
gallocanta,2025-11-12,1,S2A_30TXL_20251112_0_L2A,1.0,1.0,0.0,,0.0,fijo,,,2813.8,0.0,0.0,0.0,0.0,0.0,,,,,nublado,2026-09-03T08:26:48+00:00
gallocanta,2025-11-18,1,S2B_30TXL_20251118_0_L2A,1.0,0.0427,0.9573,0.0416,0.1914,otsu,0.364,0.0062,2813.8,752.0,0.2792,147.4,724.9,828.3,-0.1851,0.3141,0.487,0.7845,ok,2026-09-03T08:26:55+00:00
gallocanta,2025-11-20,1,S2C_30TXL_20251120_0_L2A,1.0,0.461,0.539,0.0919,0.1055,otsu,0.416,0.0322,2813.8,330.3,0.2178,24.2,331.6,308.5,-0.1466,0.1724,0.2937,0.3965,nublado,2026-09-03T08:26:55+00:00
gallocanta,2025-11-22,1,S2A_30TXL_20251122_0_L2A,1.0,0.0176,0.9824,0.0376,0.1523,otsu,0.21,0.0018,2813.8,861.0,0.3115,99.8,831.8,908.8,-0.1687,0.2619,0.4715,0.5895,espectro_anomalo,2026-09-03T08:26:55+00:00
gallocanta,2025-11-25,2,S2A_30TXL_20251125_2_L2A;S2B_30TXL_20251125_0_L2A,1.0,0.5781,0.4219,0.0704,0.1914,otsu,0.328,0.0451,2813.8,228.0,0.192,1.1,226.6,223.7,-0.1211,0.0862,0.1707,0.0607,nublado,2026-09-03T08:27:01+00:00
gallocanta,2025-11-28,1,S2B_30TXL_20251128_0_L2A,1.0,0.0476,0.9524,0.0389,0.1836,otsu,0.255,0.0084,2813.8,824.7,0.3077,79.0,798.6,850.6,-0.1645,0.2006,0.368,0.5309,ok,2026-09-03T08:26:55+00:00
gallocanta,2025-12-03,1,S2C_30TXL_20251203_0_L2A,1.0,0.6274,0.3726,0.0733,0.082,otsu,0.274,0.0318,2813.8,84.1,0.0802,1.1,87.6,69.6,-0.1476,0.1222,0.2088,0.1147,nublado,2026-09-03T08:26:55+00:00
gallocanta,2025-12-05,2,S2A_30TXL_20251205_1_L2A;S2B_30TXL_20251205_0_L2A,1.0,0.5411,0.4589,0.0936,0.0508,otsu,0.339,0.0403,2813.8,163.9,0.127,1.0,177.8,130.4,-0.1182,0.1117,0.1779,0.0481,nublado,2026-09-03T08:27:01+00:00
gallocanta,2025-12-08,1,S2B_30TXL_20251208_0_L2A,1.0,0.9483,0.0517,0.1257,0.0,fijo,,,2813.8,0.1,0.0005,0.0,0.1,0.0,,,,,nublado,2026-09-03T08:26:55+00:00
gallocanta,2025-12-12,1,S2A_30TXL_20251212_0_L2A,1.0,0.0197,0.9803,0.0555,0.1523,otsu,0.299,0.0187,2813.8,922.5,0.3344,45.9,909.8,919.2,-0.1854,0.216,0.3463,0.5464,ok,2026-09-03T08:26:55+00:00
gallocanta,2025-12-13,1,S2C_30TXL_20251213_0_L2A,1.0,0.1193,0.8807,0.0496,0.0742,otsu,0.288,0.0164,2813.8,678.9,0.2739,30.1,658.8,659.3,-0.1957,0.2105,0.3494,0.4907,ok,2026-09-03T08:26:55+00:00
gallocanta,2025-12-22,1,S2A_30TXL_20251222_0_L2A,1.0,1.0,0.0,,0.0,fijo,,,2813.8,0.0,0.0,0.0,0.0,0.0,,,,,nublado,2026-09-03T08:27:01+00:00
gallocanta,2025-12-23,1,S2C_30TXL_20251223_0_L2A,1.0,0.5592,0.4408,0.0784,0.082,otsu,0.294,0.0481,2813.8,99.2,0.08,0.3,110.2,74.4,-0.1494,0.1188,0.1704,0.0407,nublado,2026-09-03T08:27:01+00:00
gallocanta,2025-12-30,1,S2C_30TXL_20251230_0_L2A,1.0,0.0508,0.9492,0.0461,0.1523,otsu,0.221,0.0173,2813.8,895.6,0.3353,30.2,883.2,885.3,-0.22,0.2013,0.3415,0.4693,ok,2026-09-03T08:27:01+00:00
gallocanta,2026-01-07,1,S2B_30TXL_20260107_0_L2A,1.0,0.3064,0.6936,0.047,0.0,fijo,0.155,0.0244,2813.8,1050.4,0.5382,84.7,920.3,898.0,-0.2003,0.1615,0.2961,0.3293,nublado,2026-09-03T08:27:01+00:00
gallocanta,2026-01-09,1,S2C_30TXL_20260109_0_L2A,1.0,0.6792,0.3208,0.0699,0.0195,otsu,0.873,0.0287,2813.8,197.2,0.2184,20.0,170.9,165.2,-0.0697,0.0162,0.0732,0.0002,nublado,2026-09-03T08:27:01+00:00
gallocanta,2026-01-11,1,S2A_30TXL_20260111_0_L2A,1.0,0.0267,0.9733,0.0455,0.1914,otsu,0.224,0.0335,2813.8,954.5,0.3485,5.2,943.0,926.2,-0.2055,0.0754,0.1811,0.0543,ok,2026-09-03T08:27:01+00:00
gallocanta,2026-01-22,1,S2C_30TXL_20260122_0_L2A,1.0,0.8187,0.1813,0.0969,-0.2852,otsu,1.165,0.1345,2813.8,140.9,0.2762,64.1,35.6,2.4,0.0101,0.0495,0.0735,0.0,nublado,2026-09-03T08:27:01+00:00
gallocanta,2026-02-06,2,S2A_30TXL_20260206_0_L2A;S2B_30TXL_20260206_1_L2A,1.0,1.0,0.0,,0.0,fijo,,,2813.8,0.0,0.0,0.0,0.0,0.0,,,,,nublado,2026-09-03T08:27:08+00:00
gallocanta,2026-02-18,1,S2C_30TXL_20260218_0_L2A,1.0,0.0146,0.9854,0.053,0.1758,otsu,0.297,0.0283,2813.8,976.5,0.3522,17.5,971.6,951.4,-0.346,0.3133,0.3827,0.9538,ok,2026-09-03T08:27:01+00:00
gallocanta,2026-02-21,1,S2C_30TXL_20260221_0_L2A,1.0,0.017,0.983,0.0446,0.1758,otsu,0.194,0.0255,2813.8,974.4,0.3523,8.9,964.0,942.1,-0.313,0.2197,0.2998,0.5942,ok,2026-09-03T08:27:01+00:00
gallocanta,2026-02-23,2,S2A_30TXL_20260223_1_L2A;S2B_30TXL_20260223_0_L2A,1.0,0.0333,0.9667,0.0549,0.207,otsu,0.152,0.0291,2813.8,960.6,0.3532,7.4,957.7,939.8,-0.306,0.2115,0.2885,0.5487,ok,2026-09-03T08:27:08+00:00
gallocanta,2026-02-26,1,S2B_30TXL_20260226_0_L2A,1.0,0.0277,0.9723,0.057,0.1836,otsu,0.215,0.0352,2813.8,966.1,0.3531,10.2,959.6,935.9,-0.2763,0.1926,0.2681,0.4705,ok,2026-09-03T08:27:01+00:00
gallocanta,2026-03-12,1,S2A_30TXL_20260312_0_L2A,1.0,0.1349,0.8651,0.053,0.1992,otsu,0.069,0.0172,2813.8,779.6,0.3203,19.3,761.2,734.6,-0.3038,0.2351,0.3174,0.7279,ok,2026-09-03T08:27:08+00:00
gallocanta,2026-03-13,1,S2C_30TXL_20260313_0_L2A,1.0,0.345,0.655,0.055,0.1211,otsu,0.145,0.0203,2813.8,361.4,0.1961,18.2,367.9,314.6,-0.2923,0.2135,0.3008,0.5467,nublado,2026-09-03T08:27:08+00:00
gallocanta,2026-03-15,2,S2A_30TXL_20260315_1_L2A;S2B_30TXL_20260315_0_L2A,1.0,0.7834,0.2166,0.088,0.1914,otsu,0.423,0.0793,2813.8,122.6,0.2011,1.0,120.9,113.1,-0.1597,0.1169,0.165,0.0166,nublado,2026-09-03T08:27:08+00:00
gallocanta,2026-03-18,1,S2B_30TXL_20260318_0_L2A,1.0,1.0,0.0,,0.0,fijo,,,2813.8,0.0,0.0,0.0,0.0,0.0,,,,,nublado,2026-09-03T08:27:08+00:00
gallocanta,2026-03-22,1,S2A_30TXL_20260322_0_L2A,1.0,0.0073,0.9927,0.0566,0.1914,otsu,0.221,0.0332,2813.8,1059.2,0.3792,17.4,1053.3,1012.6,-0.2693,0.1565,0.2207,0.1659,ok,2026-09-03T08:27:08+00:00
gallocanta,2026-03-25,2,S2A_30TXL_20260325_1_L2A;S2B_30TXL_20260325_0_L2A,1.0,0.0303,0.9697,0.0559,0.1914,otsu,0.134,0.03,2813.8,1010.8,0.3704,12.4,1001.8,966.1,-0.2652,0.1372,0.2736,0.2131,ok,2026-09-03T08:27:08+00:00
gallocanta,2026-03-28,1,S2B_30TXL_20260328_0_L2A,1.0,0.5022,0.4978,0.0843,0.1211,otsu,0.347,0.086,2813.8,498.3,0.3557,1.3,494.8,413.6,-0.1316,0.044,0.1552,0.0155,nublado,2026-09-03T08:27:08+00:00
gallocanta,2026-03-30,1,S2C_30TXL_20260330_0_L2A,1.0,0.0211,0.9789,0.0572,0.1758,otsu,0.391,0.0523,2813.8,1053.4,0.3825,4.5,1036.3,1001.2,-0.128,0.0871,0.1425,0.0015,ok,2026-09-03T08:27:08+00:00
gallocanta,2026-04-01,1,S2A_30TXL_20260401_0_L2A,1.0,0.5682,0.4318,0.0819,0.1367,otsu,0.752,0.0907,2813.8,139.7,0.115,2.4,124.0,112.2,-0.0603,0.0954,0.1328,0.004,nublado,2026-09-03T08:27:08+00:00
gallocanta,2026-04-02,1,S2C_30TXL_20260402_0_L2A,1.0,0.6954,0.3046,0.0891,0.0664,otsu,0.828,0.1264,2813.8,145.9,0.1702,4.1,127.2,18.4,-0.0534,0.0812,0.1241,0.0003,nublado,2026-09-03T08:27:08+00:00
gallocanta,2026-04-04,2,S2A_30TXL_20260404_1_L2A;S2B_30TXL_20260404_0_L2A,1.0,0.022,0.978,0.0596,0.2305,otsu,0.169,0.0556,2813.8,1063.8,0.3866,4.5,1055.9,1023.7,-0.2069,0.0944,0.1502,0.0317,ok,2026-09-03T08:27:15+00:00
gallocanta,2026-04-09,1,S2C_30TXL_20260409_0_L2A,1.0,0.6793,0.3207,0.0786,-0.0039,otsu,0.513,0.068,2813.8,275.9,0.3057,5.4,258.1,0.0,-0.1725,0.0932,0.1242,0.002,nublado,2026-09-03T08:27:15+00:00
gallocanta,2026-04-14,2,S2A_30TXL_20260414_0_L2A;S2B_30TXL_20260414_1_L2A,1.0,0.9879,0.0121,0.1044,0.1367,otsu,,,2813.8,5.0,0.1454,0.1,4.3,2.2,-0.0799,0.0919,0.1135,0.0,nublado,2026-09-03T08:27:15+00:00
gallocanta,2026-04-19,1,S2C_30TXL_20260419_0_L2A,1.0,0.0204,0.9796,0.0503,0.2148,otsu,0.242,0.0439,2813.8,1053.8,0.3823,4.8,1045.8,1005.5,-0.3847,0.3525,0.4497,0.9433,ok,2026-09-03T08:27:15+00:00
gallocanta,2026-04-21,1,S2A_30TXL_20260421_0_L2A,1.0,0.9999,0.0001,0.1338,0.0,fijo,,,2813.8,0.1,0.6,0.1,0.1,0.0,,,,,nublado,2026-09-03T08:27:15+00:00
gallocanta,2026-04-22,1,S2C_30TXL_20260422_0_L2A,1.0,0.4231,0.5769,0.054,0.1055,otsu,0.307,0.0459,2813.8,503.2,0.31,13.4,505.5,240.8,-0.3374,0.323,0.4363,0.8812,nublado,2026-09-03T08:27:15+00:00
gallocanta,2026-04-24,1,S2A_30TXL_20260424_1_L2A,1.0,0.3792,0.6208,0.0552,0.0898,otsu,0.528,0.0501,2813.8,617.0,0.3532,122.7,705.8,0.7,-0.3237,0.3256,0.4547,0.7603,nublado,2026-09-03T08:27:15+00:00
gallocanta,2026-04-27,1,S2B_30TXL_20260427_0_L2A,1.0,0.0736,0.9264,0.0476,0.1836,otsu,0.301,0.0362,2813.8,975.1,0.3741,34.6,993.1,885.0,-0.395,0.3673,0.5321,0.7781,ok,2026-09-03T08:27:15+00:00
gallocanta,2026-05-11,1,S2A_30TXL_20260511_0_L2A,1.0,0.9907,0.0093,0.0943,0.0,fijo,,,2813.8,0.4,0.0138,0.4,0.5,0.0,-0.224,0.2457,0.2879,0.7778,nublado,2026-09-03T08:27:15+00:00
gallocanta,2026-05-14,2,S2A_30TXL_20260514_1_L2A;S2B_30TXL_20260514_0_L2A,1.0,0.8212,0.1788,0.0762,0.1836,otsu,0.423,0.0994,2813.8,89.6,0.178,4.3,91.9,75.0,-0.3017,0.3318,0.448,0.916,nublado,2026-09-03T08:27:30+00:00
gallocanta,2026-05-19,1,S2C_30TXL_20260519_0_L2A,1.0,0.6599,0.3401,0.0816,0.1523,otsu,0.424,0.0924,2813.8,249.0,0.2603,21.3,244.1,157.8,-0.2955,0.3171,0.4801,0.796,nublado,2026-09-03T08:27:15+00:00
gallocanta,2026-05-21,1,S2A_30TXL_20260521_0_L2A,1.0,0.0148,0.9852,0.0732,0.2383,otsu,0.307,0.0804,2813.8,1032.4,0.3724,42.0,1039.9,993.5,-0.3434,0.3385,0.4369,0.9081,ok,2026-09-03T08:27:15+00:00
gallocanta,2026-05-22,1,S2C_30TXL_20260522_0_L2A,1.0,0.1999,0.8001,0.0756,0.1914,otsu,0.323,0.088,2813.8,782.2,0.3474,38.4,790.8,705.4,-0.3223,0.2983,0.3945,0.8247,ok,2026-09-03T08:27:15+00:00
gallocanta,2026-05-24,2,S2A_30TXL_20260524_1_L2A;S2B_30TXL_20260524_0_L2A,1.0,0.3199,0.6801,0.0966,0.2539,otsu,0.292,0.1083,2813.8,810.2,0.4234,8.3,807.3,786.1,-0.2652,0.2522,0.3278,0.802,nublado,2026-09-03T08:27:23+00:00
gallocanta,2026-05-27,1,S2B_30TXL_20260527_0_L2A,1.0,0.3116,0.6884,0.0918,0.1602,otsu,0.327,0.1077,2813.8,873.1,0.4507,34.9,856.8,697.7,-0.1452,0.0823,0.1937,0.0799,nublado,2026-09-03T08:27:23+00:00
gallocanta,2026-05-29,1,S2C_30TXL_20260529_0_L2A,1.0,0.0418,0.9582,0.0684,0.1914,otsu,0.155,0.0751,2813.8,970.1,0.3598,82.5,956.0,927.5,-0.1278,-0.0637,0.1218,0.0475,ok,2026-09-03T08:27:23+00:00
gallocanta,2026-06-01,1,S2C_30TXL_20260601_0_L2A,1.0,0.0625,0.9375,0.0603,0.1523,otsu,0.149,0.062,2813.8,869.6,0.3296,107.2,860.7,818.8,-0.1702,-0.0282,0.1865,0.0888,ok,2026-09-03T08:27:23+00:00
gallocanta,2026-06-03,2,S2A_30TXL_20260603_1_L2A;S2B_30TXL_20260603_0_L2A,1.0,0.0976,0.9024,0.0662,0.1992,otsu,0.133,0.0579,2813.8,802.3,0.3159,115.0,800.4,778.3,-0.1728,-0.0148,0.1744,0.0801,ok,2026-09-03T08:27:23+00:00
gallocanta,2026-06-08,1,S2C_30TXL_20260608_0_L2A,1.0,0.8891,0.1109,0.1265,0.0195,otsu,,,2813.8,0.8,0.0027,5.1,0.6,0.1,-0.0446,0.1286,0.1881,0.0,nublado,2026-09-03T08:27:23+00:00
gallocanta,2026-06-10,1,S2A_30TXL_20260610_0_L2A,1.0,0.0752,0.9248,0.0606,0.207,otsu,0.058,0.0378,2813.8,820.1,0.3151,153.2,842.0,814.8,-0.2669,0.099,0.4077,0.2661,ok,2026-09-03T08:27:23+00:00
gallocanta,2026-06-11,1,S2C_30TXL_20260611_0_L2A,1.0,0.0531,0.9469,0.0565,0.0508,otsu,0.153,0.0357,2813.8,829.0,0.3111,184.9,853.3,667.0,-0.2323,0.0959,0.3518,0.2427,ok,2026-09-03T08:27:23+00:00
gallocanta,2026-06-13,2,S2A_30TXL_20260613_1_L2A;S2B_30TXL_20260613_0_L2A,1.0,0.9999,0.0001,0.1249,0.0,fijo,,,2813.8,0.4,1.0,0.0,0.4,0.0,-0.0417,0.0227,0.0497,0.0,nublado,2026-09-03T08:27:30+00:00
gallocanta,2026-06-16,1,S2B_30TXL_20260616_0_L2A,1.0,0.0656,0.9344,0.0583,0.1445,otsu,0.109,0.0361,2813.8,722.0,0.2746,200.4,768.3,667.7,-0.2883,0.1747,0.4254,0.4238,ok,2026-09-03T08:27:23+00:00
gallocanta,2026-06-18,1,S2C_30TXL_20260618_0_L2A,1.0,0.0472,0.9528,0.0608,0.082,otsu,0.152,0.0286,2813.8,772.6,0.2882,241.5,833.8,757.5,-0.2918,0.1678,0.4141,0.4411,ok,2026-09-03T08:27:23+00:00
gallocanta,2026-06-20,1,S2A_30TXL_20260620_0_L2A,1.0,0.4204,0.5796,0.0999,-0.1055,otsu,0.743,0.0797,2813.8,300.0,0.184,180.0,268.4,0.3,-0.1261,0.1509,0.2368,0.2036,nublado,2026-09-03T08:27:23+00:00
gallocanta,2026-06-21,1,S2C_30TXL_20260621_0_L2A,1.0,0.398,0.602,0.0908,-0.168,otsu,0.894,0.1353,2813.8,75.2,0.0444,88.6,58.2,0.0,-0.0493,0.0935,0.1596,0.0224,nublado,2026-09-03T08:27:23+00:00
gallocanta,2026-06-23,2,S2A_30TXL_20260623_1_L2A;S2B_30TXL_20260623_0_L2A,1.0,0.0831,0.9169,0.0678,0.0195,otsu,0.249,0.0342,2813.8,725.9,0.2813,263.3,775.7,329.8,-0.2594,0.1909,0.3757,0.4918,ok,2026-09-03T08:27:30+00:00
gallocanta,2026-06-26,1,S2B_30TXL_20260626_0_L2A,1.0,0.1023,0.8977,0.0802,-0.0352,otsu,0.203,0.0198,2813.8,662.9,0.2624,226.7,674.1,198.0,-0.1729,0.1658,0.3812,0.2946,ok,2026-09-03T08:27:30+00:00
gallocanta,2026-06-28,1,S2C_30TXL_20260628_0_L2A,1.0,0.3967,0.6033,0.0933,-0.0117,otsu,0.23,0.035,2813.8,321.4,0.1893,210.4,349.9,35.0,-0.2586,0.2256,0.3707,0.5655,nublado,2026-09-03T08:27:30+00:00
gallocanta,2026-06-30,1,S2A_30TXL_20260630_0_L2A,1.0,0.3853,0.6147,0.0803,0.1602,otsu,0.056,0.044,2813.8,236.7,0.1368,99.2,242.4,214.4,-0.2964,0.1522,0.3431,0.3307,nublado,2026-09-03T08:27:30+00:00
gallocanta,2026-07-01,1,S2C_30TXL_20260701_0_L2A,1.0,0.014,0.986,0.0616,0.0664,otsu,0.134,0.0295,2813.8,870.6,0.3138,137.4,863.1,558.0,-0.2391,0.1369,0.3476,0.2844,ok,2026-09-03T08:27:30+00:00
gallocanta,2026-07-03,2,S2A_30TXL_20260703_1_L2A;S2B_30TXL_20260703_0_L2A,1.0,0.042,0.958,0.0644,0.2148,otsu,0.053,0.031,2813.8,834.0,0.3094,152.0,849.8,819.2,-0.2977,0.1605,0.4051,0.3671,ok,2026-09-03T08:27:30+00:00
gallocanta,2026-07-06,1,S2B_30TXL_20260706_0_L2A,1.0,0.041,0.959,0.0613,0.1836,otsu,0.101,0.0341,2813.8,809.3,0.2999,179.2,825.5,777.3,-0.2791,0.1778,0.3965,0.4117,ok,2026-09-03T08:27:30+00:00
gallocanta,2026-07-08,1,S2C_30TXL_20260708_0_L2A,1.0,0.0479,0.9521,0.0712,0.0977,otsu,0.302,0.0441,2813.8,861.0,0.3214,126.0,852.6,800.4,-0.2038,0.1083,0.2807,0.2316,ok,2026-09-03T08:27:30+00:00
gallocanta,2026-07-10,1,S2A_30TXL_20260710_0_L2A,1.0,0.0574,0.9426,0.0709,0.082,otsu,0.319,0.0426,2813.8,861.5,0.3248,122.1,852.2,755.2,-0.1963,0.1266,0.2745,0.2399,ok,2026-09-03T08:27:30+00:00
gallocanta,2026-07-11,1,S2C_30TXL_20260711_0_L2A,1.0,0.0741,0.9259,0.0624,0.0508,otsu,0.332,0.0411,2813.8,864.7,0.3319,127.4,852.4,708.7,-0.2008,0.1422,0.3028,0.2803,ok,2026-09-03T08:27:36+00:00
gallocanta,2026-07-13,2,S2A_30TXL_20260713_1_L2A;S2B_30TXL_20260713_0_L2A,1.0,0.0699,0.9301,0.0726,0.1523,otsu,0.221,0.0367,2813.8,802.1,0.3065,113.8,801.2,772.8,-0.2322,0.1835,0.3461,0.3775,ok,2026-09-03T08:27:36+00:00
gallocanta,2026-07-16,1,S2B_30TXL_20260716_0_L2A,1.0,0.967,0.033,0.0702,0.0,fijo,,,2813.8,0.0,0.0,0.0,0.0,0.0,,,,,nublado,2026-09-03T08:27:30+00:00
gallocanta,2026-07-18,1,S2C_30TXL_20260718_0_L2A,1.0,0.2236,0.7764,0.0887,-0.0977,otsu,0.386,0.0216,2813.8,492.6,0.2255,136.2,476.1,0.0,-0.2304,0.219,0.3736,0.5278,nublado,2026-09-03T08:27:36+00:00
gallocanta,2026-07-20,1,S2A_30TXL_20260720_0_L2A,1.0,0.0902,0.9098,0.0736,-0.0352,otsu,0.447,0.0353,2813.8,840.6,0.3284,142.5,809.7,0.1,-0.1808,0.1873,0.3157,0.3627,ok,2026-09-03T08:27:36+00:00
gallocanta,2026-07-21,1,S2C_30TXL_20260721_0_L2A,1.0,0.1968,0.8032,0.099,-0.1523,otsu,0.811,0.0611,2813.8,608.0,0.269,80.0,498.3,0.0,-0.0689,0.1219,0.1977,0.0936,ok,2026-09-03T08:27:36+00:00
gallocanta,2026-07-23,2,S2A_30TXL_20260723_1_L2A;S2B_30TXL_20260723_0_L2A,1.0,0.0734,0.9266,0.0782,0.0273,otsu,0.435,0.0423,2813.8,832.9,0.3194,136.2,805.1,523.8,-0.1566,0.1543,0.2849,0.2521,ok,2026-09-03T08:27:36+00:00
gallocanta,2026-07-26,1,S2B_30TXL_20260726_0_L2A,1.0,0.0395,0.9605,0.0922,0.043,otsu,0.461,0.0564,2813.8,846.0,0.313,128.4,809.0,313.8,-0.1029,0.1254,0.2241,0.1422,ok,2026-09-03T08:27:36+00:00
gallocanta,2026-07-28,1,S2C_30TXL_20260728_0_L2A,1.0,0.0588,0.9412,0.0821,0.1289,otsu,0.367,0.0491,2813.8,811.3,0.3064,144.4,793.7,761.5,-0.1673,0.1504,0.286,0.245,ok,2026-09-03T08:27:36+00:00
gallocanta,2026-07-30,1,S2A_30TXL_20260730_0_L2A,1.0,0.065,0.935,0.082,0.0039,otsu,0.501,0.0414,2813.8,804.4,0.3057,157.9,761.4,245.7,-0.1328,0.165,0.2693,0.2487,ok,2026-09-03T08:27:36+00:00
gallocanta,2026-07-31,1,S2C_30TXL_20260731_0_L2A,1.0,0.1083,0.8917,0.0757,-0.0273,otsu,0.327,0.0326,2813.8,717.6,0.286,151.9,677.0,148.6,-0.1476,0.1752,0.3115,0.3184,ok,2026-09-03T08:27:36+00:00
gallocanta,2026-08-02,2,S2A_30TXL_20260802_1_L2A;S2B_30TXL_20260802_0_L2A,1.0,0.0808,0.9192,0.0751,0.0977,otsu,0.302,0.0312,2813.8,780.4,0.3017,154.4,770.0,725.9,-0.1756,0.1971,0.3501,0.3711,ok,2026-09-03T08:27:42+00:00
gallocanta,2026-08-05,1,S2B_30TXL_20260805_0_L2A,1.0,0.066,0.934,0.0741,0.1602,otsu,0.27,0.0325,2813.8,786.0,0.2991,152.7,772.4,727.3,-0.1852,0.1993,0.3542,0.4142,ok,2026-09-03T08:27:36+00:00
gallocanta,2026-08-07,1,S2C_30TXL_20260807_0_L2A,1.0,0.0292,0.9708,0.0612,0.1914,otsu,0.015,0.013,2813.8,751.7,0.2752,169.7,778.4,762.3,-0.2805,0.2633,0.4877,0.6702,ok,2026-09-03T08:27:42+00:00
gallocanta,2026-08-09,1,S2A_30TXL_20260809_0_L2A,1.0,0.035,0.965,0.0814,0.0195,otsu,0.443,0.04,2813.8,809.9,0.2983,141.1,779.4,281.9,-0.1266,0.1485,0.2709,0.2206,ok,2026-09-03T08:27:36+00:00
gallocanta,2026-08-10,1,S2C_30TXL_20260810_0_L2A,1.0,0.0351,0.9649,0.0755,-0.0039,otsu,0.432,0.0402,2813.8,806.3,0.297,144.3,775.1,8.1,-0.1405,0.1611,0.3064,0.2396,ok,2026-09-03T08:27:42+00:00
gallocanta,2026-08-12,2,S2A_30TXL_20260812_1_L2A;S2B_30TXL_20260812_0_L2A,1.0,0.0496,0.9504,0.0748,0.1914,otsu,0.283,0.0382,2813.8,782.5,0.2926,142.0,780.1,760.4,-0.1615,0.1926,0.3189,0.4374,ok,2026-09-03T08:27:42+00:00
gallocanta,2026-08-17,1,S2C_30TXL_20260817_0_L2A,1.0,0.1086,0.8914,0.0612,0.082,otsu,0.136,0.0123,2813.8,719.1,0.2867,163.6,766.8,740.1,-0.205,0.224,0.4205,0.5237,ok,2026-09-03T08:27:42+00:00
gallocanta,2026-08-19,1,S2A_30TXL_20260819_0_L2A,1.0,0.081,0.919,0.0588,0.1055,otsu,0.181,0.015,2813.8,719.4,0.2782,146.1,744.4,748.4,-0.1633,0.1915,0.3532,0.3771,ok,2026-09-03T08:27:42+00:00
gallocanta,2026-08-20,1,S2C_30TXL_20260820_0_L2A,1.0,0.0921,0.9079,0.071,0.0508,otsu,0.417,0.0361,2813.8,781.3,0.3058,119.0,761.6,709.8,-0.1188,0.1347,0.2696,0.1772,ok,2026-09-03T08:27:42+00:00
gallocanta,2026-08-22,2,S2A_30TXL_20260822_1_L2A;S2B_30TXL_20260822_0_L2A,1.0,0.9984,0.0016,0.1167,0.0,fijo,,,2813.8,0.0,0.0,0.0,0.0,0.0,,,,,nublado,2026-09-03T08:27:42+00:00
gallocanta,2026-08-25,1,S2B_30TXL_20260825_0_L2A,1.0,0.062,0.938,0.0682,0.168,otsu,0.317,0.0332,2813.8,740.4,0.2805,97.4,730.8,715.7,-0.1408,0.1617,0.2768,0.2227,ok,2026-09-03T08:27:42+00:00
gallocanta,2026-08-27,1,S2C_30TXL_20260827_0_L2A,1.0,0.2053,0.7947,0.0773,0.082,otsu,0.347,0.0217,2813.8,621.7,0.278,90.3,618.7,562.5,-0.1395,0.1398,0.251,0.1649,nublado,2026-09-03T08:27:42+00:00
gallocanta,2026-08-29,1,S2A_30TXL_20260829_0_L2A,1.0,0.0822,0.9178,0.0602,0.1914,otsu,0.182,0.0175,2813.8,787.5,0.305,98.9,777.2,771.0,-0.1595,0.2175,0.3433,0.5563,ok,2026-09-03T08:27:42+00:00
gallocanta,2026-08-30,1,S2C_30TXL_20260830_0_L2A,1.0,0.0775,0.9225,0.0617,0.1055,otsu,0.322,0.0241,2813.8,790.5,0.3045,100.4,763.2,753.4,-0.1409,0.1899,0.3004,0.4441,ok,2026-09-03T08:27:42+00:00
gallocanta,2026-09-01,2,S2A_30TXL_20260901_1_L2A;S2B_30TXL_20260901_0_L2A,1.0,0.112,0.888,0.0648,0.1992,otsu,0.127,0.0185,2813.8,730.4,0.2923,100.4,720.4,716.4,-0.1833,0.2313,0.3822,0.5911,ok,2026-09-03T08:27:45+00:00
gallocanta,2026-09-04,1,S2B_30TXL_20260904_0_L2A,1.0,0.0828,0.9172,0.0713,0.0664,otsu,0.478,0.0297,2813.8,775.2,0.3004,103.4,714.7,713.0,-0.1122,0.1991,0.2993,0.5041,ok,2026-09-05T10:43:28+00:00
