site,date,n_scenes,scenes,coverage,cloud_frac,valid_frac,blue_median,mndwi_thr,thr_method,water_nir_green,water_blue,site_ha,water_ha,water_frac,wet_veg_ha,ndwi_water_ha,scl_water_ha,ndti_mean,ndci_mean,ndci_p90,bloom_frac,quality,processed_at
grand-lieu,2017-07-03,1,S2B_30TWT_20170703_0_L2A,1.0,0.9213,0.0787,0.1339,-0.0898,otsu,0.993,0.1143,6299.3,26.2,0.0528,230.1,14.4,0.1,-0.1004,0.1051,0.1452,0.0,nublado,2026-09-03T14:58:51+00:00
grand-lieu,2017-07-06,1,S2B_30TXT_20170706_0_L2A,0.5058,1.0031,0.0,,0.0,fijo,,,6299.3,0.0,0.0,0.0,0.0,0.2,,,,,parcial,2026-09-03T14:58:51+00:00
grand-lieu,2017-07-16,2,S2B_30TWT_20170716_0_L2A;S2B_30TXT_20170716_0_L2A,1.0,0.0016,0.9984,0.0254,0.0898,otsu,0.601,0.0152,6299.3,824.2,0.1311,249.5,916.6,868.4,-0.2489,0.4419,0.5038,0.9838,ok,2026-09-03T14:58:51+00:00
grand-lieu,2017-08-02,2,S2B_30TWT_20170802_0_L2A;S2B_30TXT_20170802_0_L2A,1.0,0.0372,0.9628,0.0345,0.0898,otsu,0.707,0.0233,6299.3,913.7,0.1507,218.8,951.5,1157.0,-0.1898,0.361,0.4137,0.9681,ok,2026-09-03T14:58:51+00:00
grand-lieu,2017-08-05,2,S2B_30TWT_20170805_0_L2A;S2B_30TXT_20170805_0_L2A,1.0,0.2432,0.7568,0.0423,-0.0977,otsu,0.987,0.035,6299.3,544.9,0.1143,618.0,504.1,1013.9,-0.1289,0.243,0.3229,0.7539,nublado,2026-09-03T14:58:51+00:00
grand-lieu,2017-08-07,2,S2A_30TWT_20170807_0_L2A;S2A_30TXT_20170807_0_L2A,1.0,0.3842,0.6158,0.0294,-0.2305,otsu,1.382,0.0098,6299.3,28.7,0.0074,972.1,28.1,518.6,-0.1196,0.2651,0.4286,0.6248,nublado,2026-09-03T14:58:51+00:00
grand-lieu,2017-08-25,1,S2B_30TWT_20170825_0_L2A,1.0,0.9882,0.0118,0.197,-0.1133,otsu,,,6299.3,0.6,0.0081,24.5,0.0,0.0,-0.0732,0.075,0.0913,0.0,nublado,2026-09-03T14:58:51+00:00
grand-lieu,2017-09-01,1,S2B_30TWT_20170901_0_L2A,1.0,0.2501,0.7499,0.0429,0.0977,otsu,0.992,0.034,6299.3,459.9,0.0974,743.2,632.8,1282.2,-0.177,0.2826,0.3752,0.8053,nublado,2026-09-03T14:58:51+00:00
grand-lieu,2017-09-11,2,S2B_30TWT_20170911_0_L2A;S2B_30TXT_20170911_0_L2A,1.0,0.2194,0.7806,0.0431,0.0508,otsu,1.099,0.0349,6299.3,64.3,0.0131,998.3,90.0,348.9,-0.1619,0.2881,0.33,0.9422,nublado,2026-09-03T14:58:51+00:00
grand-lieu,2017-10-04,4,S2B_30TWT_20171004_0_L2A;S2B_30TWT_20171004_1_L2A;S2B_30TXT_20171004_0_L2A;S2B_30TXT_20171004_1_L2A,1.0,0.0279,0.9721,0.0286,-0.1133,otsu,0.917,0.0191,6299.3,56.2,0.0092,1675.1,622.8,754.9,-0.2321,0.3712,0.4232,0.9716,incoherente,2026-09-03T14:58:51+00:00
grand-lieu,2017-10-06,1,S2A_30TXT_20171006_0_L2A,0.5058,0.1678,0.421,0.0316,-0.0195,otsu,0.798,0.0243,6299.3,549.3,0.2071,438.7,649.8,1034.7,-0.2194,0.3299,0.3809,0.9663,parcial,2026-09-03T14:58:51+00:00
grand-lieu,2017-10-11,1,S2B_30TXT_20171011_0_L2A,0.5058,0.9231,0.0402,0.133,-0.0039,otsu,1.026,0.1322,6299.3,49.0,0.1935,32.8,51.9,84.0,-0.1048,0.0642,0.0972,0.0,parcial,2026-09-03T14:58:51+00:00
grand-lieu,2017-10-14,2,S2B_30TWT_20171014_0_L2A;S2B_30TXT_20171014_0_L2A,1.0,0.0047,0.9953,0.0261,-0.0586,otsu,0.824,0.0208,6299.3,846.3,0.135,1039.5,985.3,1581.1,-0.2085,0.3369,0.365,0.9993,ok,2026-09-03T14:59:11+00:00
grand-lieu,2017-10-21,2,S2B_30TWT_20171021_0_L2A;S2B_30TXT_20171021_0_L2A,1.0,0.3234,0.6766,0.0342,-0.0039,otsu,1.047,0.031,6299.3,460.6,0.1081,1034.8,193.2,1148.7,-0.1184,0.2673,0.2955,0.9867,nublado,2026-09-03T14:59:11+00:00
grand-lieu,2017-11-13,2,S2B_30TWT_20171113_0_L2A;S2B_30TXT_20171113_0_L2A,1.0,0.0105,0.9895,0.0158,0.0898,otsu,0.647,0.0082,6299.3,936.1,0.1502,998.5,1378.9,1672.3,-0.3327,0.4469,0.5,0.9999,ok,2026-09-03T14:59:11+00:00
grand-lieu,2017-11-23,2,S2B_30TWT_20171123_0_L2A;S2B_30TXT_20171123_0_L2A,1.0,0.769,0.231,0.1063,-0.1758,otsu,0.994,0.131,6299.3,208.0,0.1429,375.6,108.0,146.7,-0.0404,0.0707,0.1035,0.0,nublado,2026-09-03T14:59:11+00:00
grand-lieu,2017-12-20,1,S2B_30TWT_20171220_0_L2A,1.0,0.9979,0.0021,0.1676,0.0,fijo,,,6299.3,12.0,0.9094,0.5,4.2,3.8,-0.0648,0.0608,0.0801,0.0,nublado,2026-09-03T14:59:11+00:00
grand-lieu,2018-02-23,2,S2A_30TWT_20180223_0_L2A;S2A_30TXT_20180223_0_L2A,1.0,0.0,1.0,0.0288,0.1992,otsu,0.587,0.0278,6299.3,3454.1,0.5483,115.5,3375.5,3784.0,-0.1138,0.1605,0.2468,0.3623,ok,2026-09-03T14:59:11+00:00
grand-lieu,2018-03-20,4,S2B_30TWT_20180320_0_L2A;S2B_30TWT_20180320_1_L2A;S2B_30TXT_20180320_0_L2A;S2B_30TXT_20180320_1_L2A,1.0,0.0188,0.9812,0.0202,0.0898,otsu,0.872,0.0177,6299.3,2397.0,0.3878,731.3,1391.8,3170.4,-0.0521,0.2545,0.3279,0.8181,ok,2026-09-03T14:59:11+00:00
grand-lieu,2018-03-30,3,S2B_30TWT_20180330_0_L2A;S2B_30TWT_20180330_1_L2A;S2B_30TXT_20180330_0_L2A,1.0,0.4819,0.5181,0.0227,0.0586,otsu,0.924,0.0146,6299.3,1236.9,0.379,319.4,979.0,1761.2,0.0101,0.186,0.2828,0.5428,nublado,2026-09-03T14:59:11+00:00
grand-lieu,2018-04-17,2,S2A_30TWT_20180417_0_L2A;S2A_30TXT_20180417_0_L2A,1.0,0.0346,0.9654,0.0183,-0.0117,otsu,0.821,0.0171,6299.3,2083.1,0.3425,936.0,1889.6,2297.7,-0.0669,0.1552,0.2508,0.2759,ok,2026-09-03T14:59:11+00:00
grand-lieu,2018-04-19,4,S2B_30TWT_20180419_0_L2A;S2B_30TWT_20180419_1_L2A;S2B_30TXT_20180419_0_L2A;S2B_30TXT_20180419_1_L2A,1.0,0.0374,0.9626,0.0121,0.0742,otsu,0.774,0.0085,6299.3,1955.2,0.3224,555.2,1782.0,2192.8,-0.0474,0.1585,0.2946,0.3258,ok,2026-09-03T14:59:11+00:00
grand-lieu,2018-04-22,2,S2B_30TWT_20180422_0_L2A;S2B_30TXT_20180422_0_L2A,1.0,0.0932,0.9068,0.0385,-0.168,otsu,1.245,0.0418,6299.3,679.4,0.1189,2581.3,0.5,2.6,0.0091,0.1057,0.1618,0.0136,espectro_anomalo,2026-09-03T14:59:11+00:00
grand-lieu,2018-04-24,2,S2A_30TWT_20180424_0_L2A;S2A_30TXT_20180424_0_L2A,1.0,0.5074,0.4926,0.0329,0.1211,otsu,0.602,0.0186,6299.3,855.6,0.2757,87.3,878.6,861.2,-0.0493,0.02,0.1087,0.0036,nublado,2026-09-03T14:59:11+00:00
grand-lieu,2018-05-04,2,S2A_30TWT_20180504_0_L2A;S2A_30TXT_20180504_0_L2A,1.0,0.007,0.993,0.0142,0.0195,otsu,0.657,0.0091,6299.3,1162.2,0.1858,803.3,1079.9,1267.0,-0.0165,0.0858,0.2103,0.112,ok,2026-09-03T14:59:34+00:00
grand-lieu,2018-05-07,2,S2A_30TWT_20180507_0_L2A;S2A_30TXT_20180507_0_L2A,1.0,0.2809,0.7191,0.0296,-0.0352,otsu,0.673,0.0281,6299.3,840.5,0.1855,819.8,757.7,718.3,-0.0654,0.0852,0.1544,0.0242,nublado,2026-09-03T14:59:34+00:00
grand-lieu,2018-05-09,2,S2B_30TWT_20180509_0_L2A;S2B_30TXT_20180509_0_L2A,1.0,0.9776,0.0224,0.0356,0.0,fijo,,,6299.3,0.0,0.0,0.0,0.0,0.0,,,,,nublado,2026-09-03T14:59:34+00:00
grand-lieu,2018-05-17,1,S2A_30TWT_20180517_0_L2A,1.0,0.9999,0.0001,0.2148,0.0,fijo,,,6299.3,0.0,0.0,0.4,0.0,0.0,,,,,nublado,2026-09-03T14:59:34+00:00
grand-lieu,2018-05-19,2,S2B_30TWT_20180519_0_L2A;S2B_30TXT_20180519_0_L2A,1.0,0.0034,0.9966,0.0199,-0.0273,otsu,0.781,0.0125,6299.3,1023.9,0.1631,330.2,885.2,991.0,-0.0021,0.1265,0.1955,0.089,ok,2026-09-03T14:59:34+00:00
grand-lieu,2018-05-22,1,S2B_30TXT_20180522_0_L2A,0.5058,0.9478,0.0273,0.0204,-0.293,otsu,,,6299.3,0.0,0.0,75.9,0.0,0.0,,,,,parcial,2026-09-03T14:59:34+00:00
grand-lieu,2018-05-24,2,S2A_30TWT_20180524_0_L2A;S2A_30TXT_20180524_0_L2A,1.0,0.3776,0.6224,0.0578,0.1055,otsu,0.536,0.0491,6299.3,504.4,0.1286,91.3,521.9,419.8,-0.1247,0.0799,0.1506,0.0107,nublado,2026-09-03T14:59:34+00:00
grand-lieu,2018-05-27,2,S2A_30TWT_20180527_0_L2A;S2A_30TXT_20180527_0_L2A,1.0,0.5638,0.4362,0.0559,-0.2461,otsu,0.677,0.0306,6299.3,215.6,0.0785,993.9,127.7,80.1,-0.0363,0.0831,0.1328,0.0037,nublado,2026-09-03T14:59:34+00:00
grand-lieu,2018-06-01,2,S2B_30TWT_20180601_0_L2A;S2B_30TWT_20180601_1_L2A,1.0,0.9536,0.0464,0.106,-0.1758,otsu,,,6299.3,1.6,0.0053,177.2,0.4,0.0,-0.0332,0.1403,0.1875,0.0256,nublado,2026-09-03T14:59:34+00:00
grand-lieu,2018-06-13,4,S2A_30TWT_20180613_0_L2A;S2A_30TWT_20180613_1_L2A;S2A_30TXT_20180613_0_L2A;S2A_30TXT_20180613_1_L2A,1.0,0.0163,0.9837,0.0239,0.0664,otsu,0.75,0.0133,6299.3,995.0,0.1606,95.4,950.8,609.9,-0.0473,0.1843,0.2404,0.4504,ok,2026-09-03T14:59:34+00:00
grand-lieu,2018-06-21,4,S2B_30TWT_20180621_0_L2A;S2B_30TWT_20180621_1_L2A;S2B_30TXT_20180621_0_L2A;S2B_30TXT_20180621_1_L2A,1.0,0.0009,0.9991,0.0228,-0.2539,otsu,0.911,0.0461,6299.3,1052.7,0.1673,1186.9,902.0,2.6,-0.0036,0.1224,0.163,0.0358,ok,2026-09-03T14:59:34+00:00
grand-lieu,2018-06-23,4,S2A_30TWT_20180623_0_L2A;S2A_30TWT_20180623_1_L2A;S2A_30TXT_20180623_0_L2A;S2A_30TXT_20180623_1_L2A,1.0,0.0009,0.9991,0.0226,0.0273,otsu,0.644,0.0131,6299.3,981.0,0.1559,141.8,966.7,997.4,-0.1069,0.2912,0.3482,0.9714,ok,2026-09-03T14:59:34+00:00
grand-lieu,2018-06-26,3,S2A_30TWT_20180626_0_L2A;S2A_30TWT_20180626_1_L2A;S2A_30TXT_20180626_0_L2A,1.0,0.001,0.999,0.0228,-0.2383,otsu,0.839,0.0376,6299.3,1031.0,0.1638,1087.3,880.9,7.2,-0.0246,0.1913,0.2303,0.3297,ok,2026-09-03T15:00:02+00:00
grand-lieu,2018-06-28,4,S2B_30TWT_20180628_0_L2A;S2B_30TWT_20180628_1_L2A;S2B_30TXT_20180628_0_L2A;S2B_30TXT_20180628_1_L2A,1.0,0.1317,0.8683,0.0291,0.0508,otsu,0.722,0.0185,6299.3,785.6,0.1436,134.9,760.3,757.0,-0.1167,0.3098,0.3722,0.9497,ok,2026-09-03T15:00:02+00:00
grand-lieu,2018-07-01,4,S2B_30TWT_20180701_0_L2A;S2B_30TWT_20180701_1_L2A;S2B_30TXT_20180701_0_L2A;S2B_30TXT_20180701_1_L2A,1.0,0.0014,0.9986,0.0238,-0.0898,otsu,0.836,0.0129,6299.3,704.9,0.1121,658.3,835.3,146.9,-0.0785,0.27,0.4023,0.8007,ok,2026-09-03T15:00:02+00:00
grand-lieu,2018-07-03,2,S2A_30TXT_20180703_0_L2A;S2A_30TXT_20180703_1_L2A,0.5058,0.9757,0.0138,0.1722,-0.1914,otsu,,,6299.3,0.0,0.0,38.7,0.0,0.0,,,,,parcial,2026-09-03T15:00:02+00:00
grand-lieu,2018-07-06,4,S2A_30TWT_20180706_0_L2A;S2A_30TWT_20180706_1_L2A;S2A_30TXT_20180706_0_L2A;S2A_30TXT_20180706_1_L2A,1.0,0.5658,0.4342,0.0646,0.168,otsu,0.694,0.0632,6299.3,469.5,0.1717,183.6,583.0,319.2,-0.2145,0.3142,0.393,0.9364,nublado,2026-09-03T15:00:02+00:00
grand-lieu,2018-07-08,4,S2B_30TWT_20180708_0_L2A;S2B_30TWT_20180708_1_L2A;S2B_30TXT_20180708_0_L2A;S2B_30TXT_20180708_1_L2A,1.0,0.0009,0.9991,0.0265,0.0977,otsu,0.9,0.0174,6299.3,389.6,0.0619,733.1,831.2,551.0,-0.1916,0.4104,0.4726,0.9956,ok,2026-09-03T15:00:02+00:00
grand-lieu,2018-07-11,4,S2B_30TWT_20180711_0_L2A;S2B_30TWT_20180711_1_L2A;S2B_30TXT_20180711_0_L2A;S2B_30TXT_20180711_1_L2A,1.0,0.0025,0.9975,0.0221,-0.0898,otsu,0.915,0.0217,6299.3,710.3,0.113,666.8,545.9,366.5,-0.1106,0.3487,0.3976,0.999,ok,2026-09-03T15:00:02+00:00
grand-lieu,2018-07-13,2,S2A_30TWT_20180713_0_L2A;S2A_30TXT_20180713_0_L2A,1.0,0.0395,0.9605,0.0268,0.0664,otsu,0.723,0.0156,6299.3,696.2,0.1151,325.1,786.7,615.8,-0.1857,0.3964,0.458,0.9992,ok,2026-09-03T15:00:02+00:00
grand-lieu,2018-07-16,4,S2A_30TWT_20180716_0_L2A;S2A_30TWT_20180716_1_L2A;S2A_30TXT_20180716_0_L2A;S2A_30TXT_20180716_1_L2A,1.0,0.0014,0.9986,0.0266,0.0586,otsu,0.759,0.0193,6299.3,715.9,0.1138,416.0,793.8,604.4,-0.1863,0.3657,0.4221,0.9988,ok,2026-09-03T15:00:02+00:00
grand-lieu,2018-07-18,4,S2B_30TWT_20180718_0_L2A;S2B_30TWT_20180718_1_L2A;S2B_30TXT_20180718_0_L2A;S2B_30TXT_20180718_1_L2A,1.0,0.0013,0.9987,0.0364,0.1133,otsu,0.594,0.0249,6299.3,861.6,0.137,291.2,949.1,795.2,-0.2369,0.3604,0.4067,0.9961,ok,2026-09-03T15:00:02+00:00
grand-lieu,2018-07-21,1,S2B_30TXT_20180721_0_L2A,0.5058,0.7685,0.1187,0.0759,-0.0664,otsu,0.611,0.062,6299.3,79.8,0.1067,133.1,62.8,38.0,-0.1462,0.1606,0.2532,0.2533,parcial,2026-09-03T15:00:02+00:00
grand-lieu,2018-07-23,2,S2A_30TWT_20180723_0_L2A;S2A_30TXT_20180723_0_L2A,1.0,0.1028,0.8972,0.0254,0.1289,otsu,0.583,0.0139,6299.3,865.1,0.1531,152.4,911.8,860.8,-0.2169,0.3871,0.4348,0.9996,ok,2026-09-03T15:00:02+00:00
grand-lieu,2018-07-26,2,S2A_30TWT_20180726_0_L2A;S2A_30TXT_20180726_0_L2A,0.9998,0.0087,0.9911,0.0216,0.0586,otsu,0.623,0.0112,6299.3,932.5,0.1494,168.5,947.2,706.9,-0.1937,0.4001,0.4497,0.9997,ok,2026-09-03T15:00:29+00:00
grand-lieu,2018-07-28,1,S2B_30TXT_20180728_0_L2A,0.5058,0.9802,0.011,0.1174,-0.0742,otsu,,,6299.3,2.9,0.0415,13.6,0.0,0.0,-0.053,0.1075,0.1313,0.0,parcial,2026-09-03T15:00:29+00:00
grand-lieu,2018-07-31,2,S2B_30TWT_20180731_0_L2A;S2B_30TWT_20180731_1_L2A,1.0,0.2312,0.7688,0.0344,0.082,otsu,0.743,0.0237,6299.3,563.2,0.1163,194.4,597.6,542.5,-0.1561,0.3273,0.3858,0.9529,nublado,2026-09-03T15:00:29+00:00
grand-lieu,2018-08-02,4,S2A_30TWT_20180802_0_L2A;S2A_30TWT_20180802_1_L2A;S2A_30TXT_20180802_0_L2A;S2A_30TXT_20180802_1_L2A,1.0,0.0017,0.9983,0.022,0.0977,otsu,0.783,0.0091,6299.3,680.4,0.1082,405.6,850.0,862.6,-0.2195,0.4447,0.493,0.9995,ok,2026-09-03T15:00:29+00:00
grand-lieu,2018-08-05,4,S2A_30TWT_20180805_0_L2A;S2A_30TWT_20180805_1_L2A;S2A_30TXT_20180805_0_L2A;S2A_30TXT_20180805_1_L2A,1.0,0.0024,0.9976,0.0283,0.0508,otsu,0.728,0.0181,6299.3,778.1,0.1238,323.1,867.7,822.5,-0.2116,0.4136,0.4764,0.9994,ok,2026-09-03T15:00:29+00:00
grand-lieu,2018-08-07,2,S2B_30TWT_20180807_0_L2A;S2B_30TWT_20180807_1_L2A,1.0,0.7031,0.2969,0.0693,-0.1289,otsu,1.183,0.0918,6299.3,63.8,0.0341,769.2,0.0,3.4,-0.0018,0.1042,0.1383,0.0013,nublado,2026-09-03T15:00:29+00:00
grand-lieu,2018-08-17,4,S2B_30TWT_20180817_0_L2A;S2B_30TWT_20180817_1_L2A;S2B_30TXT_20180817_0_L2A;S2B_30TXT_20180817_1_L2A,1.0,0.5056,0.4944,0.0652,0.0273,otsu,0.776,0.0478,6299.3,287.6,0.0923,151.4,296.1,275.2,-0.1711,0.1978,0.2803,0.5083,nublado,2026-09-03T15:00:29+00:00
grand-lieu,2018-08-22,4,S2A_30TWT_20180822_0_L2A;S2A_30TWT_20180822_1_L2A;S2A_30TXT_20180822_0_L2A;S2A_30TXT_20180822_1_L2A,1.0,0.0031,0.9969,0.0197,0.043,otsu,0.902,0.0059,6299.3,457.4,0.0728,610.8,723.8,691.8,-0.1731,0.4149,0.4532,0.9988,ok,2026-09-03T15:00:29+00:00
grand-lieu,2018-08-27,3,S2B_30TWT_20180827_0_L2A;S2B_30TWT_20180827_1_L2A;S2B_30TXT_20180827_0_L2A,1.0,0.5766,0.4234,0.1665,0.1992,otsu,0.713,0.1735,6299.3,563.0,0.2111,564.8,549.7,95.8,-0.1367,0.0691,0.0942,0.0,nublado,2026-09-03T15:00:29+00:00
grand-lieu,2018-09-01,4,S2A_30TWT_20180901_0_L2A;S2A_30TWT_20180901_1_L2A;S2A_30TXT_20180901_0_L2A;S2A_30TXT_20180901_1_L2A,1.0,0.0042,0.9958,0.0232,0.0586,otsu,0.863,0.0113,6299.3,342.6,0.0546,745.5,812.5,817.6,-0.1902,0.3869,0.451,0.9985,ok,2026-09-03T15:00:29+00:00
grand-lieu,2018-09-04,4,S2A_30TWT_20180904_0_L2A;S2A_30TWT_20180904_1_L2A;S2A_30TXT_20180904_0_L2A;S2A_30TXT_20180904_1_L2A,1.0,0.1014,0.8986,0.0281,0.0508,otsu,0.947,0.0197,6299.3,451.3,0.0797,573.9,610.0,633.5,-0.147,0.3273,0.3928,0.9942,ok,2026-09-03T15:00:29+00:00
grand-lieu,2018-09-09,4,S2B_30TWT_20180909_0_L2A;S2B_30TWT_20180909_1_L2A;S2B_30TXT_20180909_0_L2A;S2B_30TXT_20180909_1_L2A,1.0,0.0016,0.9984,0.0236,0.0664,otsu,0.944,0.0138,6299.3,145.5,0.0231,983.7,624.7,640.1,-0.1594,0.3603,0.4199,0.9975,incoherente,2026-09-03T15:00:29+00:00
grand-lieu,2018-09-11,2,S2A_30TWT_20180911_0_L2A;S2A_30TXT_20180911_0_L2A,1.0,0.0043,0.9957,0.0253,0.0977,otsu,0.805,0.0126,6299.3,219.1,0.0349,850.3,891.9,867.3,-0.2069,0.3909,0.4822,0.998,ok,2026-09-03T15:00:55+00:00
grand-lieu,2018-09-14,4,S2A_30TWT_20180914_0_L2A;S2A_30TWT_20180914_1_L2A;S2A_30TXT_20180914_0_L2A;S2A_30TXT_20180914_1_L2A,1.0,0.0065,0.9935,0.025,0.0742,otsu,0.997,0.0135,6299.3,153.7,0.0246,923.8,503.8,791.4,-0.1769,0.366,0.4483,0.9987,incoherente,2026-09-03T15:00:55+00:00
grand-lieu,2018-09-24,2,S2A_30TWT_20180924_0_L2A;S2A_30TXT_20180924_0_L2A,1.0,0.1155,0.8845,0.0225,0.0352,otsu,1.139,0.0145,6299.3,78.6,0.0141,903.4,127.0,689.7,-0.1975,0.3487,0.3844,0.9868,espectro_anomalo,2026-09-03T15:00:55+00:00
grand-lieu,2018-09-26,4,S2B_30TWT_20180926_0_L2A;S2B_30TWT_20180926_1_L2A;S2B_30TXT_20180926_0_L2A;S2B_30TXT_20180926_1_L2A,1.0,0.0035,0.9965,0.0244,-0.0039,otsu,1.075,0.0128,6299.3,94.1,0.015,1128.2,225.0,898.4,-0.1788,0.3443,0.4189,0.9966,incoherente,2026-09-03T15:00:55+00:00
grand-lieu,2018-09-29,4,S2B_30TWT_20180929_0_L2A;S2B_30TWT_20180929_1_L2A;S2B_30TXT_20180929_0_L2A;S2B_30TXT_20180929_1_L2A,1.0,0.0044,0.9956,0.0215,-0.0117,otsu,1.044,0.0119,6299.3,55.0,0.0088,1204.8,232.3,862.2,-0.1467,0.3312,0.3988,0.9927,incoherente,2026-09-03T15:00:55+00:00
grand-lieu,2018-10-01,2,S2A_30TXT_20181001_0_L2A;S2A_30TXT_20181001_1_L2A,0.5058,0.8747,0.0639,0.0518,-0.3398,otsu,,,6299.3,1.2,0.003,56.9,0.3,0.0,0.007,0.1153,0.2449,0.3333,parcial,2026-09-03T15:00:55+00:00
grand-lieu,2018-10-04,2,S2A_30TWT_20181004_0_L2A;S2A_30TXT_20181004_0_L2A,1.0,0.007,0.993,0.0184,0.0586,otsu,0.811,0.0077,6299.3,478.4,0.0765,698.9,890.8,992.4,-0.2369,0.461,0.5274,0.9998,ok,2026-09-03T15:00:55+00:00
grand-lieu,2018-10-09,4,S2B_30TWT_20181009_0_L2A;S2B_30TWT_20181009_1_L2A;S2B_30TXT_20181009_0_L2A;S2B_30TXT_20181009_1_L2A,1.0,0.002,0.998,0.0223,0.0742,otsu,0.785,0.0133,6299.3,463.0,0.0736,870.6,944.5,1342.2,-0.2616,0.4562,0.5176,0.9998,ok,2026-09-03T15:00:55+00:00
grand-lieu,2018-10-16,1,S2B_30TXT_20181016_0_L2A,0.5058,0.4817,0.2634,0.0672,0.0586,otsu,0.754,0.0545,6299.3,417.2,0.2515,95.4,481.1,652.0,-0.2286,0.2536,0.3574,0.6865,parcial,2026-09-03T15:00:55+00:00
grand-lieu,2018-10-19,4,S2B_30TWT_20181019_0_L2A;S2B_30TWT_20181019_1_L2A;S2B_30TXT_20181019_0_L2A;S2B_30TXT_20181019_1_L2A,1.0,0.0039,0.9961,0.0376,-0.0117,otsu,0.847,0.0329,6299.3,903.0,0.1439,928.9,951.6,1540.9,-0.1817,0.306,0.3333,0.9944,ok,2026-09-03T15:01:13+00:00
grand-lieu,2018-10-21,2,S2A_30TWT_20181021_0_L2A;S2A_30TXT_20181021_0_L2A,1.0,0.0028,0.9972,0.0296,0.0273,otsu,0.755,0.0218,6299.3,932.7,0.1485,732.6,1032.9,1539.9,-0.2339,0.3537,0.3919,0.9933,ok,2026-09-03T15:00:55+00:00
grand-lieu,2018-10-24,2,S2A_30TWT_20181024_0_L2A;S2A_30TXT_20181024_0_L2A,1.0,0.378,0.622,0.0626,-0.1992,otsu,1.213,0.0692,6299.3,1006.8,0.257,568.4,666.2,1320.7,-0.076,0.1435,0.2701,0.2274,nublado,2026-09-03T15:00:55+00:00
grand-lieu,2018-11-03,1,S2A_30TWT_20181103_0_L2A,1.0,0.5919,0.4081,0.033,-0.3008,otsu,,,6299.3,2.0,0.0008,214.0,1.0,0.0,-0.1098,0.2424,0.2796,0.8824,nublado,2026-09-03T15:00:55+00:00
grand-lieu,2018-11-08,2,S2B_30TWT_20181108_0_L2A;S2B_30TXT_20181108_0_L2A,1.0,0.0068,0.9932,0.0155,-0.0117,otsu,0.861,0.0107,6299.3,814.6,0.1302,1096.7,1009.2,1751.7,-0.2532,0.4351,0.4758,1.0,ok,2026-09-03T15:01:13+00:00
grand-lieu,2018-11-10,2,S2A_30TWT_20181110_0_L2A;S2A_30TXT_20181110_0_L2A,1.0,0.732,0.268,0.0674,-0.0664,otsu,1.17,0.0492,6299.3,368.1,0.218,325.8,253.3,603.3,-0.0881,0.1343,0.229,0.1867,nublado,2026-09-03T15:01:13+00:00
grand-lieu,2018-11-13,2,S2A_30TWT_20181113_0_L2A;S2A_30TXT_20181113_0_L2A,1.0,0.0759,0.9241,0.0209,-0.0273,otsu,0.737,0.0152,6299.3,1058.8,0.1819,747.4,1199.4,1869.0,-0.2345,0.3677,0.4489,0.8915,ok,2026-09-03T15:01:13+00:00
grand-lieu,2018-11-15,2,S2B_30TWT_20181115_0_L2A;S2B_30TXT_20181115_0_L2A,1.0,0.0119,0.9881,0.0275,-0.043,otsu,0.623,0.0276,6299.3,1202.6,0.1932,776.6,1306.3,1915.2,-0.2332,0.3273,0.428,0.9276,ok,2026-09-03T15:01:13+00:00
grand-lieu,2018-11-18,2,S2B_30TWT_20181118_0_L2A;S2B_30TXT_20181118_0_L2A,1.0,0.0153,0.9847,0.0246,0.0898,otsu,0.773,0.0217,6299.3,1230.2,0.1983,746.9,1334.2,1940.7,-0.2173,0.3281,0.3798,0.9761,ok,2026-09-03T15:01:13+00:00
grand-lieu,2018-11-20,1,S2A_30TWT_20181120_0_L2A,1.0,0.1729,0.8271,0.0454,0.0352,otsu,0.805,0.0418,6299.3,1222.2,0.2346,452.2,1194.7,1771.1,-0.1503,0.2091,0.2684,0.6363,ok,2026-09-03T15:01:13+00:00
grand-lieu,2018-11-30,2,S2A_30TWT_20181130_0_L2A;S2A_30TXT_20181130_0_L2A,1.0,0.5755,0.4245,0.0226,0.0195,otsu,0.926,0.0153,6299.3,1208.0,0.4518,384.6,1061.8,1782.6,-0.1232,0.2006,0.3387,0.4841,nublado,2026-09-03T15:01:13+00:00
grand-lieu,2018-12-10,2,S2A_30TWT_20181210_0_L2A;S2A_30TXT_20181210_0_L2A,1.0,0.509,0.491,0.0252,-0.0742,otsu,0.717,0.0265,6299.3,679.1,0.2196,56.5,614.1,783.5,-0.0562,0.1489,0.2444,0.4145,nublado,2026-09-03T15:01:13+00:00
grand-lieu,2018-12-20,2,S2A_30TWT_20181220_0_L2A;S2A_30TXT_20181220_0_L2A,1.0,0.6649,0.3351,0.0547,-0.043,otsu,0.829,0.0363,6299.3,810.8,0.384,208.0,708.5,1053.9,-0.0828,0.1321,0.1971,0.0861,nublado,2026-09-03T15:01:13+00:00
grand-lieu,2018-12-25,3,S2B_30TWT_20181225_0_L2A;S2B_30TXT_20181225_0_L2A;S2B_30TXT_20181225_1_L2A,1.0,0.084,0.916,0.0302,0.1992,otsu,0.433,0.0277,6299.3,3116.9,0.5402,55.0,3386.1,3761.8,-0.1431,0.1913,0.4138,0.4424,ok,2026-09-03T15:01:27+00:00
grand-lieu,2019-01-02,1,S2A_30TWT_20190102_0_L2A,1.0,0.8217,0.1783,0.0684,0.0,fijo,1.03,0.0207,6299.3,321.3,0.286,50.1,360.3,448.4,-0.1414,0.0583,0.1667,0.0668,nublado,2026-09-03T15:01:13+00:00
grand-lieu,2019-01-09,2,S2A_30TWT_20190109_0_L2A;S2A_30TXT_20190109_0_L2A,1.0,0.1762,0.8238,0.0129,0.0352,otsu,0.559,0.0108,6299.3,2232.4,0.4302,68.0,2242.8,2837.1,-0.14,0.2362,0.3396,0.7257,ok,2026-09-03T15:01:27+00:00
grand-lieu,2019-01-14,1,S2B_30TXT_20190114_0_L2A,0.5058,1.0027,0.0002,0.184,0.0,fijo,,,6299.3,1.2,0.8158,0.0,0.6,0.0,-0.0763,0.0258,0.0446,0.0,parcial,2026-09-03T15:01:13+00:00
grand-lieu,2019-01-17,2,S2B_30TWT_20190117_0_L2A;S2B_30TXT_20190117_0_L2A,1.0,0.086,0.914,0.0133,-0.043,otsu,0.909,0.0093,6299.3,2009.0,0.3489,262.2,1767.6,3346.0,-0.102,0.2488,0.3264,0.8378,ok,2026-09-03T15:01:27+00:00
grand-lieu,2019-01-19,1,S2A_30TWT_20190119_0_L2A,1.0,0.4723,0.5277,0.0303,-0.0898,otsu,0.813,0.0182,6299.3,1595.0,0.4798,250.6,1085.1,2059.1,-0.0413,0.1578,0.247,0.2641,nublado,2026-09-03T15:01:27+00:00
grand-lieu,2019-01-22,2,S2A_30TWT_20190122_0_L2A;S2A_30TXT_20190122_0_L2A,1.0,0.0117,0.9883,0.0075,-0.0977,otsu,1.046,0.0037,6299.3,1944.8,0.3124,101.4,1480.6,3512.5,-0.0276,0.3061,0.3589,0.9645,ok,2026-09-03T15:01:27+00:00
grand-lieu,2019-01-24,1,S2B_30TXT_20190124_0_L2A,0.5058,1.0029,0.0,0.0993,0.0,fijo,,,6299.3,0.0,0.0,0.0,0.0,0.0,,,,,parcial,2026-09-03T15:01:27+00:00
grand-lieu,2019-01-27,1,S2B_30TWT_20190127_0_L2A,1.0,0.7223,0.2777,0.0222,0.0117,otsu,1.251,0.018,6299.3,887.4,0.5073,193.7,126.3,1267.2,-0.0405,0.1814,0.2251,0.2745,nublado,2026-09-03T15:01:27+00:00
grand-lieu,2019-02-03,2,S2B_30TWT_20190203_0_L2A;S2B_30TXT_20190203_0_L2A,1.0,0.0502,0.9498,0.0191,0.1602,otsu,0.665,0.0168,6299.3,2444.4,0.4086,250.1,2356.9,3525.3,-0.1695,0.3048,0.389,0.8437,ok,2026-09-03T15:01:27+00:00
grand-lieu,2019-02-13,2,S2B_30TWT_20190213_0_L2A;S2B_30TXT_20190213_0_L2A,1.0,0.0553,0.9447,0.023,0.1289,otsu,0.633,0.0205,6299.3,3138.0,0.5273,180.3,3167.3,3696.8,-0.1449,0.2315,0.3702,0.6376,ok,2026-09-03T15:01:27+00:00
grand-lieu,2019-02-16,1,S2B_30TXT_20190216_0_L2A,0.5058,0.9306,0.0351,0.0537,-0.168,otsu,,,6299.3,7.8,0.0353,32.0,5.3,0.0,-0.0842,0.0909,0.1383,0.0,parcial,2026-09-03T15:01:27+00:00
grand-lieu,2019-02-23,2,S2B_30TWT_20190223_0_L2A;S2B_30TXT_20190223_0_L2A,1.0,0.0407,0.9593,0.0256,0.1602,otsu,0.468,0.0231,6299.3,3028.2,0.5011,194.6,3049.8,3503.5,-0.1903,0.2454,0.3158,0.7522,ok,2026-09-03T15:01:27+00:00
grand-lieu,2019-02-26,2,S2B_30TWT_20190226_0_L2A;S2B_30TXT_20190226_0_L2A,1.0,0.0319,0.9681,0.0208,0.1758,otsu,0.51,0.0194,6299.3,2914.9,0.478,318.6,2870.7,3414.2,-0.1767,0.2414,0.3004,0.7929,ok,2026-09-03T15:01:52+00:00
grand-lieu,2019-03-08,1,S2B_30TXT_20190308_0_L2A,0.5058,0.7124,0.1462,0.1187,-0.0586,otsu,1.096,0.1207,6299.3,540.2,0.5865,120.1,138.3,277.4,-0.0322,0.0636,0.0943,0.0,parcial,2026-09-03T15:01:27+00:00
grand-lieu,2019-03-10,1,S2A_30TWT_20190310_0_L2A,1.0,0.7675,0.2325,0.0516,-0.043,otsu,1.136,0.0468,6299.3,568.1,0.388,118.3,9.1,729.6,-0.037,0.1381,0.1742,0.0041,nublado,2026-09-03T15:01:52+00:00
grand-lieu,2019-03-13,2,S2A_30TWT_20190313_0_L2A;S2A_30TXT_20190313_0_L2A,1.0,0.7808,0.2192,0.0595,-0.0742,otsu,1.114,0.0221,6299.3,517.1,0.3745,201.7,210.2,624.6,-0.0139,0.0959,0.151,0.0099,nublado,2026-09-03T15:01:52+00:00
grand-lieu,2019-03-20,1,S2A_30TXT_20190320_0_L2A,0.5058,0.8742,0.065,0.1286,-0.1523,otsu,1.1,0.1311,6299.3,113.2,0.2765,111.0,24.5,68.4,-0.0423,0.0748,0.1053,0.0004,parcial,2026-09-03T15:01:52+00:00
grand-lieu,2019-03-23,4,S2A_30TWT_20190323_0_L2A;S2A_30TWT_20190323_1_L2A;S2A_30TXT_20190323_0_L2A;S2A_30TXT_20190323_1_L2A,1.0,0.0,1.0,0.0233,0.1602,otsu,0.582,0.0218,6299.3,2310.6,0.3668,651.1,2247.6,2784.2,-0.1631,0.2339,0.3228,0.7389,ok,2026-09-03T15:01:52+00:00
grand-lieu,2019-03-28,3,S2B_30TWT_20190328_0_L2A;S2B_30TWT_20190328_1_L2A;S2B_30TXT_20190328_0_L2A,1.0,0.2953,0.7047,0.0447,0.1211,otsu,0.748,0.0407,6299.3,1583.9,0.3568,625.4,1497.4,1717.4,-0.1257,0.1693,0.2422,0.3477,nublado,2026-09-03T15:01:52+00:00
grand-lieu,2019-03-30,4,S2A_30TWT_20190330_0_L2A;S2A_30TWT_20190330_1_L2A;S2A_30TXT_20190330_0_L2A;S2A_30TXT_20190330_1_L2A,1.0,0.0,1.0,0.0268,0.1445,otsu,0.648,0.0252,6299.3,2005.4,0.3184,619.2,2022.3,2328.8,-0.1924,0.2755,0.3651,0.9494,ok,2026-09-03T15:01:52+00:00
grand-lieu,2019-04-04,2,S2B_30TWT_20190404_0_L2A;S2B_30TXT_20190404_0_L2A,1.0,0.5221,0.4779,0.0449,0.1445,otsu,0.717,0.0425,6299.3,1125.5,0.3739,117.1,1133.9,1333.2,-0.136,0.196,0.2359,0.5702,nublado,2026-09-03T15:01:52+00:00
grand-lieu,2019-04-07,2,S2B_30TWT_20190407_0_L2A;S2B_30TXT_20190407_0_L2A,1.0,0.3891,0.6109,0.038,0.1914,otsu,0.768,0.0418,6299.3,1002.4,0.2605,517.5,1010.8,1599.1,-0.1472,0.1895,0.3071,0.4269,nublado,2026-09-03T15:01:52+00:00
grand-lieu,2019-04-09,4,S2A_30TWT_20190409_0_L2A;S2A_30TWT_20190409_1_L2A;S2A_30TXT_20190409_0_L2A;S2A_30TXT_20190409_1_L2A,1.0,0.0468,0.9532,0.0161,0.1992,otsu,0.515,0.0142,6299.3,1721.1,0.2866,255.2,1809.4,2126.7,-0.2072,0.3153,0.4098,0.9629,ok,2026-09-03T15:01:52+00:00
grand-lieu,2019-04-12,4,S2A_30TWT_20190412_0_L2A;S2A_30TWT_20190412_1_L2A;S2A_30TXT_20190412_0_L2A;S2A_30TXT_20190412_1_L2A,1.0,0.0,1.0,0.0333,0.1914,otsu,0.601,0.0329,6299.3,1855.2,0.2945,592.2,1842.7,2103.1,-0.1575,0.164,0.2418,0.3089,ok,2026-09-03T15:01:52+00:00
grand-lieu,2019-04-14,2,S2B_30TXT_20190414_0_L2A;S2B_30TXT_20190414_1_L2A,0.5058,0.9999,0.0016,0.1554,0.0,fijo,,,6299.3,1.1,0.1084,0.7,0.0,4.4,-0.0415,0.0494,0.0572,0.0,parcial,2026-09-03T15:01:52+00:00
grand-lieu,2019-04-17,2,S2B_30TXT_20190417_0_L2A;S2B_30TXT_20190417_1_L2A,0.5058,1.0,0.0,,0.0,fijo,,,6299.3,0.0,0.0,0.0,0.0,0.0,,,,,parcial,2026-09-03T15:02:28+00:00
grand-lieu,2019-04-19,4,S2A_30TWT_20190419_0_L2A;S2A_30TWT_20190419_1_L2A;S2A_30TXT_20190419_0_L2A;S2A_30TXT_20190419_1_L2A,1.0,0.0268,0.9732,0.0274,0.0117,otsu,0.757,0.0254,6299.3,1129.4,0.1842,794.0,1111.1,1597.4,-0.1362,0.1511,0.2593,0.3248,ok,2026-09-03T15:02:28+00:00
grand-lieu,2019-04-22,1,S2A_30TWT_20190422_0_L2A,1.0,0.958,0.042,0.0529,-0.2773,otsu,,,6299.3,0.0,0.0,170.7,0.0,0.0,,,,,nublado,2026-09-03T15:02:28+00:00
grand-lieu,2019-04-27,4,S2B_30TWT_20190427_0_L2A;S2B_30TWT_20190427_1_L2A;S2B_30TXT_20190427_0_L2A;S2B_30TXT_20190427_1_L2A,1.0,0.2009,0.7991,0.041,0.0039,otsu,0.936,0.0447,6299.3,937.1,0.1862,700.3,817.6,1457.6,-0.0436,0.1041,0.1697,0.0329,nublado,2026-09-03T15:02:28+00:00
grand-lieu,2019-04-29,3,S2A_30TWT_20190429_0_L2A;S2A_30TWT_20190429_1_L2A;S2A_30TXT_20190429_0_L2A,1.0,0.3986,0.6014,0.0441,0.0664,otsu,0.729,0.0378,6299.3,800.1,0.2112,481.8,826.9,1388.7,-0.1456,0.1004,0.215,0.1527,nublado,2026-09-03T15:02:28+00:00
grand-lieu,2019-05-12,4,S2A_30TWT_20190512_0_L2A;S2A_30TWT_20190512_1_L2A;S2A_30TXT_20190512_0_L2A;S2A_30TXT_20190512_1_L2A,1.0,0.0835,0.9165,0.0281,-0.0898,otsu,0.756,0.0294,6299.3,852.6,0.1477,790.5,807.8,1222.2,-0.091,0.1194,0.1791,0.0555,ok,2026-09-03T15:02:28+00:00
grand-lieu,2019-05-14,4,S2B_30TWT_20190514_0_L2A;S2B_30TWT_20190514_1_L2A;S2B_30TXT_20190514_0_L2A;S2B_30TXT_20190514_1_L2A,1.0,0.0013,0.9987,0.029,-0.0586,otsu,1.003,0.0288,6299.3,1039.8,0.1653,985.2,693.8,1360.4,-0.0463,0.131,0.1744,0.0516,ok,2026-09-03T15:02:28+00:00
grand-lieu,2019-05-19,2,S2A_30TWT_20190519_0_L2A;S2A_30TWT_20190519_3_L2A,1.0,0.468,0.532,0.0659,0.1133,otsu,0.701,0.0584,6299.3,545.8,0.1629,141.8,578.9,844.0,-0.1409,0.0653,0.1019,0.0013,nublado,2026-09-03T15:02:28+00:00
grand-lieu,2019-05-24,4,S2B_30TWT_20190524_0_L2A;S2B_30TWT_20190524_1_L2A;S2B_30TXT_20190524_0_L2A;S2B_30TXT_20190524_1_L2A,1.0,0.0193,0.9807,0.0267,0.1055,otsu,0.3,0.0201,6299.3,1061.5,0.1718,101.6,1069.9,1235.0,-0.1398,0.1484,0.2198,0.1624,ok,2026-09-03T15:02:28+00:00
grand-lieu,2019-05-27,3,S2B_30TWT_20190527_0_L2A;S2B_30TWT_20190527_1_L2A;S2B_30TXT_20190527_0_L2A,1.0,0.3077,0.6923,0.0637,-0.1523,otsu,0.969,0.0732,6299.3,567.2,0.1301,994.0,433.6,799.3,-0.0434,0.0775,0.1035,0.0011,nublado,2026-09-03T15:02:28+00:00
grand-lieu,2019-06-01,4,S2A_30TWT_20190601_0_L2A;S2A_30TWT_20190601_1_L2A;S2A_30TXT_20190601_0_L2A;S2A_30TXT_20190601_1_L2A,1.0,0.0005,0.9995,0.0215,0.0117,otsu,0.538,0.0149,6299.3,1036.0,0.1645,108.5,1019.9,1199.9,-0.1175,0.1609,0.2255,0.2185,ok,2026-09-03T15:02:28+00:00
grand-lieu,2019-06-03,4,S2B_30TWT_20190603_0_L2A;S2B_30TWT_20190603_1_L2A;S2B_30TXT_20190603_0_L2A;S2B_30TXT_20190603_1_L2A,1.0,0.433,0.567,0.1089,0.082,otsu,1.118,0.1144,6299.3,492.2,0.1378,909.7,462.6,895.0,-0.1132,0.0709,0.1048,0.0,nublado,2026-09-03T15:02:28+00:00
grand-lieu,2019-06-06,3,S2B_30TWT_20190606_0_L2A;S2B_30TWT_20190606_1_L2A;S2B_30TXT_20190606_0_L2A,1.0,0.2762,0.7238,0.0705,-0.082,otsu,0.992,0.0923,6299.3,778.7,0.1708,926.2,551.4,995.7,-0.0523,0.0809,0.11,0.0004,nublado,2026-09-03T15:03:04+00:00
grand-lieu,2019-06-08,2,S2A_30TWT_20190608_0_L2A;S2A_30TXT_20190608_0_L2A,1.0,0.3519,0.6481,0.0581,0.0508,otsu,0.789,0.057,6299.3,831.0,0.2036,613.6,826.5,1159.2,-0.117,0.1276,0.1595,0.0273,nublado,2026-09-03T15:03:04+00:00
grand-lieu,2019-06-13,4,S2B_30TWT_20190613_0_L2A;S2B_30TWT_20190613_1_L2A;S2B_30TXT_20190613_0_L2A;S2B_30TXT_20190613_1_L2A,1.0,0.6398,0.3602,0.062,-0.0352,otsu,0.988,0.0631,6299.3,245.2,0.1081,269.5,255.1,473.2,-0.1167,0.1164,0.179,0.0463,nublado,2026-09-03T15:03:04+00:00
grand-lieu,2019-06-16,2,S2B_30TWT_20190616_0_L2A;S2B_30TWT_20190616_1_L2A,1.0,0.8554,0.1446,0.0865,-0.0586,otsu,1.277,0.1042,6299.3,88.0,0.0966,206.4,61.7,202.6,-0.0879,0.0864,0.1149,0.0,nublado,2026-09-03T15:03:04+00:00
grand-lieu,2019-06-18,4,S2A_30TWT_20190618_0_L2A;S2A_30TWT_20190618_1_L2A;S2A_30TXT_20190618_0_L2A;S2A_30TXT_20190618_1_L2A,1.0,0.0003,0.9997,0.0191,0.0977,otsu,0.249,0.0124,6299.3,1022.1,0.1623,49.9,1074.6,1175.2,-0.1525,0.241,0.3459,0.728,ok,2026-09-03T15:03:04+00:00
grand-lieu,2019-06-21,4,S2A_30TWT_20190621_0_L2A;S2A_30TWT_20190621_1_L2A;S2A_30TXT_20190621_0_L2A;S2A_30TXT_20190621_1_L2A,1.0,0.1706,0.8294,0.0406,0.043,otsu,0.677,0.0375,6299.3,739.5,0.1415,179.2,731.4,964.8,-0.1582,0.2044,0.3104,0.5761,ok,2026-09-03T15:03:04+00:00
grand-lieu,2019-06-26,4,S2B_30TWT_20190626_0_L2A;S2B_30TWT_20190626_1_L2A;S2B_30TXT_20190626_0_L2A;S2B_30TXT_20190626_1_L2A,1.0,0.0004,0.9996,0.0269,-0.2227,otsu,0.843,0.0397,6299.3,1058.6,0.1681,1044.4,1008.5,1181.5,-0.0604,0.1884,0.2678,0.3853,ok,2026-09-03T15:03:04+00:00
grand-lieu,2019-06-28,4,S2A_30TWT_20190628_0_L2A;S2A_30TWT_20190628_1_L2A;S2A_30TXT_20190628_0_L2A;S2A_30TXT_20190628_1_L2A,1.0,0.0002,0.9998,0.0363,-0.1914,otsu,1.009,0.0366,6299.3,819.8,0.1302,1232.3,528.8,1184.6,-0.0966,0.2135,0.2707,0.6218,ok,2026-09-03T15:03:04+00:00
grand-lieu,2019-07-01,4,S2A_30TWT_20190701_0_L2A;S2A_30TWT_20190701_2_L2A;S2A_30TXT_20190701_0_L2A;S2A_30TXT_20190701_3_L2A,1.0,0.0377,0.9623,0.0421,-0.1914,otsu,1.001,0.0623,6299.3,1011.3,0.1668,1227.1,691.0,1219.5,-0.0516,0.1565,0.1991,0.0965,ok,2026-09-03T15:03:04+00:00
grand-lieu,2019-07-03,4,S2B_30TWT_20190703_0_L2A;S2B_30TWT_20190703_1_L2A;S2B_30TXT_20190703_0_L2A;S2B_30TXT_20190703_1_L2A,1.0,0.0006,0.9994,0.0385,0.0352,otsu,0.871,0.0357,6299.3,920.4,0.1462,357.9,859.2,1154.1,-0.1361,0.2357,0.2787,0.8551,ok,2026-09-03T15:03:04+00:00
grand-lieu,2019-07-06,4,S2B_30TWT_20190706_0_L2A;S2B_30TWT_20190706_1_L2A;S2B_30TXT_20190706_0_L2A;S2B_30TXT_20190706_1_L2A,1.0,0.0003,0.9997,0.0357,0.0898,otsu,0.682,0.0346,6299.3,919.8,0.1461,258.0,959.8,1135.6,-0.1882,0.2691,0.3387,0.8938,ok,2026-09-03T15:03:04+00:00
grand-lieu,2019-07-08,4,S2A_30TWT_20190708_1_L2A;S2A_30TWT_20190708_3_L2A;S2A_30TXT_20190708_1_L2A;S2A_30TXT_20190708_2_L2A,1.0,0.0055,0.9945,0.0318,0.0742,otsu,0.688,0.0285,6299.3,940.0,0.15,202.2,955.8,1132.4,-0.1568,0.2583,0.3219,0.8866,ok,2026-09-03T15:03:04+00:00
grand-lieu,2019-07-11,4,S2A_30TWT_20190711_0_L2A;S2A_30TWT_20190711_1_L2A;S2A_30TXT_20190711_0_L2A;S2A_30TXT_20190711_1_L2A,1.0,0.0697,0.9303,0.0461,-0.1836,otsu,1.051,0.0382,6299.3,587.6,0.1003,1236.4,417.2,946.7,-0.1101,0.2192,0.255,0.7764,ok,2026-09-03T15:03:46+00:00
grand-lieu,2019-07-13,4,S2B_30TWT_20190713_0_L2A;S2B_30TWT_20190713_1_L2A;S2B_30TXT_20190713_0_L2A;S2B_30TXT_20190713_1_L2A,1.0,0.0005,0.9995,0.0373,0.1367,otsu,0.534,0.0224,6299.3,941.2,0.1495,188.4,975.8,1154.4,-0.2111,0.3179,0.3644,0.928,ok,2026-09-03T15:03:46+00:00
grand-lieu,2019-07-16,4,S2B_30TWT_20190716_0_L2A;S2B_30TWT_20190716_1_L2A;S2B_30TXT_20190716_0_L2A;S2B_30TXT_20190716_1_L2A,1.0,0.0054,0.9946,0.0365,0.0898,otsu,0.634,0.0308,6299.3,932.6,0.1489,226.1,949.7,1142.6,-0.1966,0.2816,0.3239,0.897,ok,2026-09-03T15:03:46+00:00
grand-lieu,2019-07-21,3,S2A_30TWT_20190721_0_L2A;S2A_30TWT_20190721_3_L2A;S2A_30TXT_20190721_0_L2A,1.0,0.1112,0.8888,0.0477,0.1289,otsu,0.68,0.0413,6299.3,965.9,0.1725,145.5,988.2,1166.0,-0.2078,0.3064,0.3667,0.9041,ok,2026-09-03T15:03:46+00:00
grand-lieu,2019-07-23,4,S2B_30TWT_20190723_0_L2A;S2B_30TWT_20190723_1_L2A;S2B_30TXT_20190723_0_L2A;S2B_30TXT_20190723_1_L2A,1.0,0.0004,0.9996,0.0444,-0.207,otsu,1.04,0.0406,6299.3,568.9,0.0903,1381.8,316.5,1170.6,-0.11,0.2522,0.3082,0.8633,ok,2026-09-03T15:03:46+00:00
grand-lieu,2019-07-28,4,S2A_30TWT_20190728_0_L2A;S2A_30TWT_20190728_1_L2A;S2A_30TXT_20190728_0_L2A;S2A_30TXT_20190728_1_L2A,1.0,0.6231,0.3769,0.0552,0.1055,otsu,0.978,0.0461,6299.3,339.7,0.1431,372.7,525.7,911.7,-0.1828,0.2506,0.3401,0.7293,nublado,2026-09-03T15:03:46+00:00
grand-lieu,2019-07-31,4,S2A_30TWT_20190731_0_L2A;S2A_30TWT_20190731_1_L2A;S2A_30TXT_20190731_0_L2A;S2A_30TXT_20190731_1_L2A,1.0,0.3129,0.6871,0.0504,0.0352,otsu,0.957,0.045,6299.3,469.4,0.1085,582.5,693.1,1118.2,-0.1774,0.2475,0.3604,0.6125,nublado,2026-09-03T15:03:46+00:00
grand-lieu,2019-08-02,4,S2B_30TWT_20190802_0_L2A;S2B_30TWT_20190802_1_L2A;S2B_30TXT_20190802_0_L2A;S2B_30TXT_20190802_1_L2A,1.0,0.0208,0.9792,0.052,0.1055,otsu,0.842,0.0401,6299.3,398.7,0.0646,761.1,936.7,1143.4,-0.2194,0.3094,0.4062,0.9092,ok,2026-09-03T15:03:46+00:00
grand-lieu,2019-08-07,4,S2A_30TWT_20190807_0_L2A;S2A_30TWT_20190807_1_L2A;S2A_30TXT_20190807_0_L2A;S2A_30TXT_20190807_1_L2A,1.0,0.327,0.673,0.0616,-0.0039,otsu,1.048,0.0503,6299.3,407.8,0.0962,356.6,436.2,858.2,-0.1858,0.2595,0.3802,0.7115,nublado,2026-09-03T15:03:46+00:00
grand-lieu,2019-08-10,4,S2A_30TWT_20190810_0_L2A;S2A_30TWT_20190810_1_L2A;S2A_30TXT_20190810_0_L2A;S2A_30TXT_20190810_1_L2A,1.0,0.2674,0.7326,0.0583,-0.043,otsu,1.155,0.0523,6299.3,499.0,0.1081,712.3,362.6,1122.0,-0.121,0.1713,0.2316,0.3038,nublado,2026-09-03T15:03:46+00:00
grand-lieu,2019-08-12,4,S2B_30TWT_20190812_0_L2A;S2B_30TWT_20190812_1_L2A;S2B_30TXT_20190812_0_L2A;S2B_30TXT_20190812_1_L2A,1.0,0.4001,0.5999,0.0788,0.082,otsu,0.931,0.0682,6299.3,482.0,0.1275,353.7,496.3,749.9,-0.1579,0.1803,0.2703,0.3941,nublado,2026-09-03T15:03:46+00:00
grand-lieu,2019-08-20,4,S2A_30TWT_20190820_0_L2A;S2A_30TWT_20190820_1_L2A;S2A_30TXT_20190820_0_L2A;S2A_30TXT_20190820_1_L2A,1.0,0.181,0.819,0.0441,0.0664,otsu,0.946,0.0347,6299.3,356.2,0.0691,665.4,734.6,1074.4,-0.1785,0.2664,0.3887,0.7544,ok,2026-09-03T15:03:46+00:00
grand-lieu,2019-08-22,4,S2B_30TWT_20190822_0_L2A;S2B_30TWT_20190822_1_L2A;S2B_30TXT_20190822_0_L2A;S2B_30TXT_20190822_1_L2A,1.0,0.3019,0.6981,0.0403,-0.2539,otsu,0.952,0.0303,6299.3,42.4,0.0097,1074.6,158.6,237.4,-0.1933,0.2897,0.3772,0.9717,nublado,2026-09-03T15:04:17+00:00
grand-lieu,2019-08-25,4,S2B_30TWT_20190825_0_L2A;S2B_30TWT_20190825_1_L2A;S2B_30TXT_20190825_0_L2A;S2B_30TXT_20190825_1_L2A,1.0,0.0005,0.9995,0.0417,0.082,otsu,0.84,0.0367,6299.3,394.3,0.0626,812.6,869.9,1167.1,-0.214,0.3317,0.4037,0.9684,ok,2026-09-03T15:04:17+00:00
grand-lieu,2019-08-27,4,S2A_30TWT_20190827_0_L2A;S2A_30TWT_20190827_1_L2A;S2A_30TXT_20190827_0_L2A;S2A_30TXT_20190827_1_L2A,1.0,0.0371,0.9629,0.0376,0.0508,otsu,0.879,0.0278,6299.3,253.0,0.0417,867.6,860.7,1133.6,-0.1868,0.3123,0.4235,0.969,incoherente,2026-09-03T15:04:17+00:00
grand-lieu,2019-08-30,2,S2A_30TWT_20190830_0_L2A;S2A_30TWT_20190830_1_L2A,1.0,1.0,0.0,,0.0,fijo,,,6299.3,0.0,0.0,0.0,0.0,0.0,,,,,nublado,2026-09-03T15:04:17+00:00
grand-lieu,2019-09-01,4,S2B_30TWT_20190901_0_L2A;S2B_30TWT_20190901_1_L2A;S2B_30TXT_20190901_0_L2A;S2B_30TXT_20190901_1_L2A,1.0,0.2794,0.7206,0.0488,0.0117,otsu,1.051,0.0377,6299.3,161.1,0.0355,638.3,414.6,907.6,-0.1755,0.2347,0.3298,0.6697,nublado,2026-09-03T15:04:17+00:00
grand-lieu,2019-09-06,4,S2A_30TWT_20190906_0_L2A;S2A_30TWT_20190906_1_L2A;S2A_30TXT_20190906_0_L2A;S2A_30TXT_20190906_1_L2A,1.0,0.0005,0.9995,0.0353,-0.0352,otsu,1.095,0.0262,6299.3,71.8,0.0114,1167.0,149.3,1168.6,-0.167,0.2522,0.2844,0.9766,incoherente,2026-09-03T15:04:17+00:00
grand-lieu,2019-09-11,4,S2B_30TWT_20190911_0_L2A;S2B_30TWT_20190911_1_L2A;S2B_30TXT_20190911_0_L2A;S2B_30TXT_20190911_1_L2A,1.0,0.0081,0.9919,0.033,0.082,otsu,0.888,0.0229,6299.3,214.8,0.0344,930.7,841.2,1181.2,-0.2187,0.3358,0.4254,0.9797,incoherente,2026-09-03T15:04:17+00:00
grand-lieu,2019-09-14,2,S2B_30TWT_20190914_0_L2A;S2B_30TWT_20190914_1_L2A,1.0,1.0,0.0,,0.0,fijo,,,6299.3,0.0,0.0,0.0,0.0,0.0,,,,,nublado,2026-09-03T15:04:17+00:00
grand-lieu,2019-09-16,4,S2A_30TWT_20190916_0_L2A;S2A_30TWT_20190916_1_L2A;S2A_30TXT_20190916_0_L2A;S2A_30TXT_20190916_1_L2A,1.0,0.0008,0.9992,0.0306,0.0273,otsu,0.941,0.0215,6299.3,139.6,0.0222,1012.0,738.3,1188.0,-0.1833,0.319,0.3789,0.9791,incoherente,2026-09-03T15:04:17+00:00
grand-lieu,2019-09-19,4,S2A_30TWT_20190919_0_L2A;S2A_30TWT_20190919_1_L2A;S2A_30TXT_20190919_0_L2A;S2A_30TXT_20190919_1_L2A,1.0,0.001,0.999,0.0259,-0.0977,otsu,1.367,0.0241,6299.3,41.2,0.0065,1622.6,28.3,1229.4,-0.1212,0.2963,0.3486,0.9096,espectro_anomalo,2026-09-03T15:04:17+00:00
grand-lieu,2019-09-21,3,S2B_30TWT_20190921_0_L2A;S2B_30TXT_20190921_0_L2A;S2B_30TXT_20190921_1_L2A,1.0,0.1705,0.8295,0.05,0.0039,otsu,1.196,0.0332,6299.3,122.6,0.0235,853.1,368.7,1294.6,-0.1496,0.2683,0.3077,0.9713,espectro_anomalo,2026-09-03T15:04:17+00:00
grand-lieu,2019-09-24,4,S2B_30TWT_20190924_0_L2A;S2B_30TWT_20190924_1_L2A;S2B_30TXT_20190924_0_L2A;S2B_30TXT_20190924_1_L2A,1.0,0.5766,0.4234,0.0668,0.0352,otsu,1.3,0.0607,6299.3,287.0,0.1076,586.3,211.3,814.5,-0.1172,0.1547,0.2287,0.2464,nublado,2026-09-03T15:04:48+00:00
grand-lieu,2019-10-01,1,S2B_30TXT_20191001_0_L2A,0.5058,0.7241,0.1404,0.0958,-0.0039,otsu,1.339,0.0982,6299.3,77.4,0.0875,248.0,37.8,407.6,-0.0632,0.1052,0.1643,0.0243,parcial,2026-09-03T15:04:17+00:00
grand-lieu,2019-10-06,4,S2A_30TWT_20191006_0_L2A;S2A_30TWT_20191006_1_L2A;S2A_30TXT_20191006_0_L2A;S2A_30TXT_20191006_1_L2A,1.0,0.5497,0.4503,0.0461,0.0195,otsu,0.946,0.0396,6299.3,465.4,0.1641,378.9,491.3,964.9,-0.1772,0.2652,0.3402,0.8166,nublado,2026-09-03T15:04:48+00:00
grand-lieu,2019-10-09,4,S2A_30TWT_20191009_0_L2A;S2A_30TWT_20191009_1_L2A;S2A_30TXT_20191009_0_L2A;S2A_30TXT_20191009_1_L2A,1.0,0.2201,0.7799,0.0478,-0.0352,otsu,1.283,0.0375,6299.3,232.2,0.0473,1063.4,121.0,1230.9,-0.112,0.2565,0.3066,0.8916,nublado,2026-09-03T15:04:48+00:00
grand-lieu,2019-10-11,4,S2B_30TWT_20191011_0_L2A;S2B_30TWT_20191011_1_L2A;S2B_30TXT_20191011_0_L2A;S2B_30TXT_20191011_1_L2A,1.0,0.4324,0.5676,0.0475,-0.0742,otsu,0.969,0.0409,6299.3,595.9,0.1667,574.2,582.8,1266.3,-0.1645,0.2371,0.3093,0.7016,nublado,2026-09-03T15:04:48+00:00
grand-lieu,2019-10-21,4,S2B_30TWT_20191021_0_L2A;S2B_30TWT_20191021_1_L2A;S2B_30TXT_20191021_0_L2A;S2B_30TXT_20191021_1_L2A,1.0,0.0227,0.9773,0.0327,0.043,otsu,0.794,0.0273,6299.3,912.2,0.1482,817.3,1045.9,1674.3,-0.2304,0.3384,0.3943,0.9323,ok,2026-09-03T15:04:48+00:00
grand-lieu,2019-10-26,4,S2A_30TWT_20191026_0_L2A;S2A_30TWT_20191026_1_L2A;S2A_30TXT_20191026_0_L2A;S2A_30TXT_20191026_1_L2A,1.0,0.0064,0.9936,0.0226,-0.0195,otsu,0.813,0.0173,6299.3,971.0,0.1551,967.5,1113.8,1706.4,-0.2208,0.3386,0.3783,0.9836,ok,2026-09-03T15:04:48+00:00
grand-lieu,2019-11-03,3,S2B_30TWT_20191103_0_L2A;S2B_30TWT_20191103_1_L2A;S2B_30TXT_20191103_0_L2A,1.0,0.7703,0.2297,0.0964,0.0977,otsu,1.143,0.0744,6299.3,313.4,0.2166,205.2,270.0,625.5,-0.0968,0.0886,0.1648,0.0315,nublado,2026-09-03T15:04:48+00:00
grand-lieu,2019-11-08,2,S2A_30TWT_20191108_0_L2A;S2A_30TWT_20191108_1_L2A,1.0,0.6224,0.3776,0.0754,0.0,fijo,1.005,0.101,6299.3,105.2,0.0442,156.0,49.9,18.0,-0.0735,0.0993,0.1501,0.0133,nublado,2026-09-03T15:04:48+00:00
grand-lieu,2019-11-10,2,S2B_30TWT_20191110_0_L2A;S2B_30TWT_20191110_1_L2A,1.0,0.11,0.89,0.0361,0.1289,otsu,0.718,0.0318,6299.3,1634.0,0.2915,455.3,1738.0,2073.2,-0.127,0.2119,0.3302,0.6198,ok,2026-09-03T15:04:48+00:00
grand-lieu,2019-11-13,2,S2B_30TXT_20191113_0_L2A;S2B_30TXT_20191113_1_L2A,0.5058,0.3382,0.3347,0.0396,0.0977,otsu,0.578,0.0419,6299.3,335.6,0.1592,67.4,337.2,361.2,-0.0896,0.0964,0.2346,0.2294,parcial,2026-09-03T15:04:48+00:00
grand-lieu,2019-11-18,4,S2A_30TWT_20191118_0_L2A;S2A_30TWT_20191118_1_L2A;S2A_30TXT_20191118_0_L2A;S2A_30TXT_20191118_1_L2A,1.0,0.1749,0.8251,0.0239,0.1523,otsu,0.653,0.0206,6299.3,1325.7,0.2551,316.8,1389.5,1613.0,-0.14,0.1767,0.3139,0.4509,ok,2026-09-03T15:04:48+00:00
grand-lieu,2019-11-23,1,S2B_30TXT_20191123_0_L2A,0.5058,0.8111,0.0966,0.1013,0.0195,otsu,1.118,0.1025,6299.3,177.4,0.2916,88.0,67.7,196.5,-0.0338,0.0644,0.0892,0.0002,parcial,2026-09-03T15:04:48+00:00
grand-lieu,2019-12-03,4,S2B_30TWT_20191203_0_L2A;S2B_30TWT_20191203_1_L2A;S2B_30TXT_20191203_0_L2A;S2B_30TXT_20191203_1_L2A,1.0,0.7256,0.2744,0.1158,0.0586,otsu,0.825,0.1191,6299.3,719.3,0.4161,17.8,867.3,662.6,-0.0619,0.024,0.0627,0.0,nublado,2026-09-03T15:05:18+00:00
grand-lieu,2019-12-13,4,S2B_30TWT_20191213_0_L2A;S2B_30TWT_20191213_1_L2A;S2B_30TXT_20191213_0_L2A;S2B_30TXT_20191213_1_L2A,1.0,0.3045,0.6955,0.0405,0.0195,otsu,0.988,0.0426,6299.3,2546.9,0.5813,37.4,1473.7,2607.4,0.009,0.0998,0.1604,0.0082,nublado,2026-09-03T15:05:18+00:00
grand-lieu,2019-12-20,4,S2B_30TWT_20191220_0_L2A;S2B_30TWT_20191220_1_L2A;S2B_30TXT_20191220_0_L2A;S2B_30TXT_20191220_1_L2A,1.0,0.6585,0.3415,0.0628,0.1211,otsu,0.748,0.0638,6299.3,1112.8,0.5173,164.9,959.7,1188.8,-0.0208,0.0567,0.1212,0.0002,nublado,2026-09-03T15:05:18+00:00
grand-lieu,2019-12-23,4,S2B_30TWT_20191223_0_L2A;S2B_30TWT_20191223_1_L2A;S2B_30TXT_20191223_0_L2A;S2B_30TXT_20191223_1_L2A,1.0,0.9908,0.0092,0.0331,-0.1445,otsu,,,6299.3,14.8,0.255,19.3,2.3,4.6,0.0396,0.0475,0.1133,0.0,nublado,2026-09-03T15:05:18+00:00
grand-lieu,2019-12-25,3,S2A_30TWT_20191225_0_L2A;S2A_30TWT_20191225_1_L2A;S2A_30TXT_20191225_1_L2A,1.0,0.9951,0.0049,0.1941,0.0664,otsu,,,6299.3,15.6,0.5032,0.0,27.4,3.4,-0.0275,0.0156,0.0278,0.0,nublado,2026-09-03T15:05:18+00:00
grand-lieu,2019-12-28,2,S2A_30TWT_20191228_0_L2A;S2A_30TWT_20191228_1_L2A,1.0,0.9752,0.0248,0.0193,-0.1523,otsu,0.978,0.1501,6299.3,72.5,0.4637,2.5,43.8,15.1,0.0103,0.0557,0.1142,0.0,nublado,2026-09-03T15:05:18+00:00
grand-lieu,2019-12-30,4,S2B_30TWT_20191230_0_L2A;S2B_30TWT_20191230_1_L2A;S2B_30TXT_20191230_0_L2A;S2B_30TXT_20191230_1_L2A,1.0,0.0967,0.9033,0.0265,0.2461,otsu,0.335,0.0273,6299.3,3344.8,0.5878,53.0,3508.4,3956.0,-0.0378,0.0629,0.25,0.147,ok,2026-09-03T15:05:18+00:00
grand-lieu,2020-01-04,3,S2A_30TWT_20200104_0_L2A;S2A_30TWT_20200104_1_L2A;S2A_30TXT_20200104_0_L2A,1.0,0.9848,0.0152,0.0255,-0.1367,otsu,,,6299.3,12.6,0.1322,0.8,8.7,8.8,-0.0058,0.0615,0.1104,0.0,nublado,2026-09-03T15:05:18+00:00
grand-lieu,2020-01-09,1,S2B_30TWT_20200109_0_L2A,1.0,1.0,0.0,,0.0,fijo,,,6299.3,0.0,0.0,0.0,0.0,10.7,,,,,nublado,2026-09-03T15:05:18+00:00
grand-lieu,2020-01-12,2,S2B_30TWT_20200112_0_L2A;S2B_30TWT_20200112_1_L2A,1.0,1.0,0.0,,0.0,fijo,,,6299.3,0.0,0.0,0.0,0.0,1.2,,,,,nublado,2026-09-03T15:05:18+00:00
grand-lieu,2020-01-17,4,S2A_30TWT_20200117_0_L2A;S2A_30TWT_20200117_1_L2A;S2A_30TXT_20200117_0_L2A;S2A_30TXT_20200117_1_L2A,1.0,0.4691,0.5309,0.0537,0.0,fijo,0.887,0.035,6299.3,1797.2,0.5374,267.0,974.6,2250.3,0.0197,0.0518,0.1058,0.0015,nublado,2026-09-03T15:05:18+00:00
grand-lieu,2020-01-19,4,S2B_30TWT_20200119_0_L2A;S2B_30TWT_20200119_1_L2A;S2B_30TXT_20200119_0_L2A;S2B_30TXT_20200119_1_L2A,1.0,0.015,0.985,0.0269,0.1367,otsu,0.583,0.0261,6299.3,3281.6,0.5289,101.0,2804.2,3863.9,-0.0075,0.072,0.1603,0.0329,ok,2026-09-03T15:05:47+00:00
grand-lieu,2020-01-22,4,S2B_30TWT_20200122_0_L2A;S2B_30TWT_20200122_1_L2A;S2B_30TXT_20200122_0_L2A;S2B_30TXT_20200122_1_L2A,1.0,0.0762,0.9238,0.0298,0.1992,otsu,0.625,0.0302,6299.3,3422.0,0.5881,112.0,3100.2,3827.1,-0.0165,0.0538,0.1211,0.0059,ok,2026-09-03T15:05:18+00:00
grand-lieu,2020-02-01,1,S2B_30TXT_20200201_0_L2A,0.5058,0.6497,0.1774,0.0706,0.1445,otsu,0.642,0.062,6299.3,526.5,0.4712,6.6,566.9,471.1,-0.0435,0.0621,0.0961,0.0,parcial,2026-09-03T15:05:47+00:00
grand-lieu,2020-02-06,4,S2A_30TWT_20200206_0_L2A;S2A_30TWT_20200206_1_L2A;S2A_30TXT_20200206_0_L2A;S2A_30TXT_20200206_1_L2A,1.0,0.0378,0.9622,0.016,0.2227,otsu,0.48,0.0177,6299.3,3347.6,0.5523,119.2,3243.5,4011.9,0.0254,0.053,0.1663,0.0547,ok,2026-09-03T15:05:47+00:00
grand-lieu,2020-02-11,4,S2B_30TWT_20200211_0_L2A;S2B_30TWT_20200211_1_L2A;S2B_30TXT_20200211_0_L2A;S2B_30TXT_20200211_1_L2A,1.0,0.6322,0.3678,0.0844,-0.1055,otsu,1.242,0.075,6299.3,260.2,0.1123,656.0,31.0,150.6,-0.0054,0.0874,0.1147,0.0,nublado,2026-09-03T15:05:47+00:00
grand-lieu,2020-02-13,2,S2A_30TXT_20200213_0_L2A;S2A_30TXT_20200213_1_L2A,0.5058,0.973,0.0149,0.1854,0.3008,otsu,0.898,0.1615,6299.3,85.4,0.9077,0.5,32.9,30.5,-0.0182,0.0237,0.0403,0.0,parcial,2026-09-03T15:05:47+00:00
grand-lieu,2020-02-18,4,S2B_30TWT_20200218_0_L2A;S2B_30TWT_20200218_1_L2A;S2B_30TXT_20200218_0_L2A;S2B_30TXT_20200218_1_L2A,1.0,0.2792,0.7208,0.0334,0.1289,otsu,0.579,0.0324,6299.3,3057.2,0.6733,140.3,2998.3,3399.8,-0.082,0.1327,0.2,0.0994,nublado,2026-09-03T15:05:47+00:00
grand-lieu,2020-02-26,3,S2A_30TWT_20200226_0_L2A;S2A_30TXT_20200226_0_L2A;S2A_30TXT_20200226_1_L2A,1.0,0.2661,0.7339,0.024,-0.043,otsu,0.974,0.0241,6299.3,1985.0,0.4293,497.8,911.2,2613.5,-0.0088,0.1641,0.2322,0.225,nublado,2026-09-03T15:05:47+00:00
grand-lieu,2020-03-02,4,S2B_30TWT_20200302_0_L2A;S2B_30TWT_20200302_1_L2A;S2B_30TXT_20200302_0_L2A;S2B_30TXT_20200302_1_L2A,1.0,0.6516,0.3484,0.0679,0.2148,otsu,0.754,0.0496,6299.3,823.4,0.3752,51.1,1122.6,1428.9,-0.0656,0.098,0.1816,0.0666,nublado,2026-09-03T15:05:47+00:00
grand-lieu,2020-03-09,1,S2B_30TXT_20200309_0_L2A,0.5058,0.9145,0.0448,0.1639,0.168,otsu,1.09,0.1674,6299.3,82.1,0.2906,10.8,5.5,15.0,-0.0308,0.0664,0.0777,0.0,parcial,2026-09-03T15:05:47+00:00
grand-lieu,2020-03-12,2,S2B_30TWT_20200312_0_L2A;S2B_30TWT_20200312_1_L2A,1.0,0.9682,0.0318,0.1495,-0.0352,otsu,1.105,0.1504,6299.3,27.2,0.1359,66.0,15.6,8.9,-0.0498,0.0532,0.0772,0.0,nublado,2026-09-03T15:05:47+00:00
grand-lieu,2020-03-17,2,S2A_30TWT_20200317_0_L2A;S2A_30TWT_20200317_1_L2A,1.0,0.9827,0.0173,0.1332,-0.043,otsu,,,6299.3,14.7,0.1346,41.7,1.9,0.0,-0.0394,0.0482,0.0641,0.0,nublado,2026-09-03T15:05:47+00:00
grand-lieu,2020-03-19,4,S2B_30TWT_20200319_0_L2A;S2B_30TWT_20200319_1_L2A;S2B_30TXT_20200319_0_L2A;S2B_30TXT_20200319_1_L2A,1.0,0.0944,0.9056,0.0204,-0.2227,otsu,1.431,0.0084,6299.3,478.4,0.0839,2673.3,2.2,1759.4,-0.0403,0.1664,0.2067,0.1274,espectro_anomalo,2026-09-03T15:05:47+00:00
grand-lieu,2020-03-24,4,S2A_30TWT_20200324_0_L2A;S2A_30TWT_20200324_1_L2A;S2A_30TXT_20200324_0_L2A;S2A_30TXT_20200324_1_L2A,1.0,0.0282,0.9718,0.0172,0.1914,otsu,0.664,0.0153,6299.3,2521.2,0.4118,639.2,2453.0,3210.3,-0.1272,0.2158,0.2761,0.649,ok,2026-09-03T15:06:22+00:00
grand-lieu,2020-03-27,4,S2A_30TWT_20200327_0_L2A;S2A_30TWT_20200327_2_L2A;S2A_30TXT_20200327_0_L2A;S2A_30TXT_20200327_2_L2A,1.0,0.0362,0.9638,0.0303,0.082,otsu,0.83,0.0304,6299.3,2326.2,0.3832,1071.0,1925.2,2584.0,-0.1033,0.1682,0.2143,0.2037,ok,2026-09-03T15:06:22+00:00
grand-lieu,2020-03-29,4,S2B_30TWT_20200329_0_L2A;S2B_30TWT_20200329_1_L2A;S2B_30TXT_20200329_0_L2A;S2B_30TXT_20200329_1_L2A,1.0,0.1775,0.8225,0.033,0.0664,otsu,1.243,0.0329,6299.3,1537.4,0.2967,1044.8,412.9,2290.3,-0.0115,0.1655,0.1996,0.098,espectro_anomalo,2026-09-03T15:06:22+00:00
grand-lieu,2020-04-01,4,S2B_30TWT_20200401_0_L2A;S2B_30TWT_20200401_1_L2A;S2B_30TXT_20200401_0_L2A;S2B_30TXT_20200401_1_L2A,1.0,0.0162,0.9838,0.0273,0.207,otsu,0.742,0.0274,6299.3,2426.0,0.3915,812.9,2196.7,2768.9,-0.1013,0.2072,0.2494,0.5688,ok,2026-09-03T15:06:22+00:00
grand-lieu,2020-04-03,4,S2A_30TWT_20200403_0_L2A;S2A_30TWT_20200403_1_L2A;S2A_30TXT_20200403_0_L2A;S2A_30TXT_20200403_1_L2A,1.0,0.2328,0.7672,0.0307,0.2148,otsu,0.541,0.0282,6299.3,2090.4,0.4325,263.6,2122.1,2386.1,-0.1544,0.2181,0.276,0.6643,nublado,2026-09-03T15:06:22+00:00
grand-lieu,2020-04-08,4,S2B_30TWT_20200408_0_L2A;S2B_30TWT_20200408_1_L2A;S2B_30TXT_20200408_0_L2A;S2B_30TXT_20200408_1_L2A,1.0,0.8517,0.1483,0.0929,-0.1523,otsu,1.118,0.0503,6299.3,75.3,0.0806,410.1,50.3,52.0,-0.0424,0.112,0.1493,0.0165,nublado,2026-09-03T15:06:22+00:00
grand-lieu,2020-04-11,4,S2B_30TWT_20200411_0_L2A;S2B_30TWT_20200411_1_L2A;S2B_30TXT_20200411_0_L2A;S2B_30TXT_20200411_1_L2A,1.0,0.0213,0.9787,0.0315,0.1836,otsu,0.626,0.0287,6299.3,1888.3,0.3063,817.3,1889.4,2246.3,-0.1598,0.1546,0.2303,0.2519,ok,2026-09-03T15:06:22+00:00
grand-lieu,2020-04-13,2,S2A_30TXT_20200413_0_L2A;S2A_30TXT_20200413_1_L2A,0.5058,0.7002,0.1525,0.1098,0.0508,otsu,1.015,0.1059,6299.3,288.6,0.3003,201.6,251.9,551.8,-0.0617,0.064,0.1098,0.0003,parcial,2026-09-03T15:06:22+00:00
grand-lieu,2020-04-16,4,S2A_30TWT_20200416_0_L2A;S2A_30TWT_20200416_3_L2A;S2A_30TXT_20200416_1_L2A;S2A_30TXT_20200416_3_L2A,1.0,0.329,0.671,0.0284,-0.0352,otsu,0.947,0.0281,6299.3,1025.6,0.2426,757.9,785.8,1817.3,-0.0719,0.1392,0.2394,0.2308,nublado,2026-09-03T15:06:22+00:00
grand-lieu,2020-04-18,2,S2B_30TXT_20200418_0_L2A;S2B_30TXT_20200418_1_L2A,0.5058,1.002,0.0006,0.1917,0.0,fijo,,,6299.3,0.0,0.0,0.0,0.0,0.0,,,,,parcial,2026-09-03T15:06:22+00:00
grand-lieu,2020-04-23,4,S2A_30TWT_20200423_0_L2A;S2A_30TWT_20200423_1_L2A;S2A_30TXT_20200423_0_L2A;S2A_30TXT_20200423_1_L2A,1.0,0.0234,0.9766,0.0384,0.0898,otsu,0.673,0.036,6299.3,1333.6,0.2168,1083.1,1262.8,1740.4,-0.1302,0.1307,0.2234,0.186,ok,2026-09-03T15:06:22+00:00
grand-lieu,2020-04-26,4,S2A_30TWT_20200426_0_L2A;S2A_30TWT_20200426_3_L2A;S2A_30TXT_20200426_0_L2A;S2A_30TXT_20200426_3_L2A,1.0,0.2745,0.7255,0.0545,0.1445,otsu,0.677,0.0519,6299.3,1191.0,0.2606,443.6,1162.7,1633.8,-0.1305,0.0965,0.1673,0.0487,nublado,2026-09-03T15:06:22+00:00
grand-lieu,2020-04-28,4,S2B_30TWT_20200428_0_L2A;S2B_30TWT_20200428_1_L2A;S2B_30TXT_20200428_0_L2A;S2B_30TXT_20200428_1_L2A,1.0,0.7856,0.2144,0.0833,-0.0898,otsu,1.236,0.0884,6299.3,70.2,0.0519,448.5,35.6,122.4,-0.0446,0.0801,0.121,0.004,nublado,2026-09-03T15:06:53+00:00
grand-lieu,2020-05-16,2,S2A_30TWT_20200516_0_L2A;S2A_30TWT_20200516_1_L2A,1.0,0.9716,0.0284,0.0485,-0.2695,otsu,,,6299.3,0.0,0.0,29.0,0.0,0.0,,,,,nublado,2026-09-03T15:06:53+00:00
grand-lieu,2020-05-18,4,S2B_30TWT_20200518_0_L2A;S2B_30TWT_20200518_1_L2A;S2B_30TXT_20200518_0_L2A;S2B_30TXT_20200518_1_L2A,1.0,0.0005,0.9995,0.0271,0.1445,otsu,0.426,0.0225,6299.3,1029.9,0.1636,370.8,1064.0,1285.8,-0.2314,0.2674,0.3701,0.8785,ok,2026-09-03T15:06:53+00:00
grand-lieu,2020-05-21,4,S2B_30TWT_20200521_0_L2A;S2B_30TWT_20200521_1_L2A;S2B_30TXT_20200521_0_L2A;S2B_30TXT_20200521_1_L2A,1.0,0.0246,0.9754,0.0323,0.043,otsu,0.662,0.0295,6299.3,863.0,0.1404,500.4,885.9,1116.8,-0.1936,0.2436,0.283,0.9557,ok,2026-09-03T15:06:53+00:00
grand-lieu,2020-05-23,4,S2A_30TWT_20200523_0_L2A;S2A_30TWT_20200523_1_L2A;S2A_30TXT_20200523_0_L2A;S2A_30TXT_20200523_1_L2A,1.0,0.3315,0.6685,0.0397,0.0039,otsu,0.683,0.0367,6299.3,848.3,0.2014,357.9,827.6,1162.7,-0.1254,0.208,0.2673,0.5622,nublado,2026-09-03T15:06:53+00:00
grand-lieu,2020-05-26,4,S2A_30TWT_20200526_0_L2A;S2A_30TWT_20200526_1_L2A;S2A_30TXT_20200526_0_L2A;S2A_30TXT_20200526_1_L2A,1.0,0.0004,0.9996,0.0302,-0.168,otsu,0.851,0.0429,6299.3,1037.8,0.1648,1187.0,961.4,1224.0,-0.0784,0.201,0.2745,0.4277,ok,2026-09-03T15:06:53+00:00
grand-lieu,2020-05-28,4,S2B_30TWT_20200528_0_L2A;S2B_30TWT_20200528_1_L2A;S2B_30TXT_20200528_0_L2A;S2B_30TXT_20200528_1_L2A,1.0,0.0009,0.9991,0.0338,0.0117,otsu,0.804,0.03,6299.3,889.2,0.1413,548.6,904.3,1192.2,-0.1573,0.289,0.356,0.9537,ok,2026-09-03T15:06:53+00:00
grand-lieu,2020-05-31,4,S2B_30TWT_20200531_0_L2A;S2B_30TWT_20200531_1_L2A;S2B_30TXT_20200531_0_L2A;S2B_30TXT_20200531_1_L2A,1.0,0.0003,0.9997,0.0304,-0.168,otsu,0.967,0.0438,6299.3,931.0,0.1479,1232.8,730.9,1200.7,-0.0753,0.2237,0.3011,0.6065,ok,2026-09-03T15:06:53+00:00
grand-lieu,2020-06-02,4,S2A_30TWT_20200602_0_L2A;S2A_30TWT_20200602_1_L2A;S2A_30TXT_20200602_0_L2A;S2A_30TXT_20200602_1_L2A,1.0,0.0004,0.9996,0.0305,0.1211,otsu,0.769,0.0236,6299.3,600.8,0.0954,612.5,934.5,1164.2,-0.2549,0.4211,0.4764,0.9832,ok,2026-09-03T15:06:53+00:00
grand-lieu,2020-06-12,1,S2A_30TXT_20200612_0_L2A,0.5058,0.9301,0.0366,0.1321,-0.0898,otsu,1.219,0.099,6299.3,15.8,0.0687,55.3,7.5,40.7,-0.0585,0.1472,0.1807,0.0253,parcial,2026-09-03T15:06:53+00:00
grand-lieu,2020-06-15,2,S2A_30TWT_20200615_0_L2A;S2A_30TXT_20200615_0_L2A,1.0,0.807,0.193,0.0619,-0.1992,otsu,1.47,0.0888,6299.3,21.6,0.0178,519.9,4.0,147.7,-0.007,0.1255,0.1895,0.0667,nublado,2026-09-03T15:06:53+00:00
grand-lieu,2020-06-20,2,S2B_30TWT_20200620_0_L2A;S2B_30TWT_20200620_1_L2A,1.0,0.9992,0.0008,0.1653,0.0,fijo,,,6299.3,0.5,0.1066,3.8,0.2,7.3,-0.0402,0.0767,0.1041,0.0,nublado,2026-09-03T15:06:53+00:00
grand-lieu,2020-06-22,6,S2A_30TWT_20200622_0_L2A;S2A_30TWT_20200622_1_L2A;S2A_30TWT_20200622_2_L2A;S2A_30TXT_20200622_0_L2A;S2A_30TXT_20200622_1_L2A;S2A_30TXT_20200622_2_L2A,1.0,0.0007,0.9993,0.0346,0.0742,otsu,0.848,0.0362,6299.3,880.1,0.1398,393.8,929.6,1189.8,-0.1643,0.2822,0.3376,0.9623,ok,2026-09-03T15:07:37+00:00
grand-lieu,2020-06-25,3,S2A_30TWT_20200625_0_L2A;S2A_30TXT_20200625_0_L2A;S2A_30TXT_20200625_1_L2A,1.0,0.3092,0.6908,0.0483,-0.1055,otsu,1.097,0.0529,6299.3,447.6,0.1029,802.5,408.4,987.5,-0.1006,0.2184,0.2763,0.6884,nublado,2026-09-03T15:07:37+00:00
grand-lieu,2020-07-07,4,S2B_30TWT_20200707_0_L2A;S2B_30TWT_20200707_1_L2A;S2B_30TXT_20200707_0_L2A;S2B_30TXT_20200707_1_L2A,1.0,0.0008,0.9992,0.0288,0.1055,otsu,0.634,0.0258,6299.3,865.8,0.1375,386.5,1002.7,1189.9,-0.2662,0.4006,0.4226,0.9983,ok,2026-09-03T15:07:37+00:00
grand-lieu,2020-07-12,4,S2A_30TWT_20200712_0_L2A;S2A_30TWT_20200712_1_L2A;S2A_30TXT_20200712_0_L2A;S2A_30TXT_20200712_1_L2A,1.0,0.0006,0.9994,0.0278,0.1133,otsu,0.834,0.0243,6299.3,712.8,0.1132,568.6,877.7,1183.0,-0.2346,0.4067,0.4409,0.9993,ok,2026-09-03T15:07:37+00:00
grand-lieu,2020-07-17,4,S2B_30TWT_20200717_0_L2A;S2B_30TWT_20200717_1_L2A;S2B_30TXT_20200717_0_L2A;S2B_30TXT_20200717_1_L2A,1.0,0.0046,0.9954,0.0331,0.0352,otsu,0.989,0.0289,6299.3,5.5,0.0009,1301.7,563.0,1156.3,-0.2132,0.3651,0.419,1.0,incoherente,2026-09-03T15:07:37+00:00
grand-lieu,2020-07-20,4,S2B_30TWT_20200720_0_L2A;S2B_30TWT_20200720_1_L2A;S2B_30TXT_20200720_0_L2A;S2B_30TXT_20200720_1_L2A,1.0,0.0007,0.9993,0.0318,-0.043,otsu,1.054,0.0332,6299.3,414.6,0.0659,1081.3,458.4,1160.5,-0.1445,0.3313,0.368,0.9994,ok,2026-09-03T15:07:37+00:00
grand-lieu,2020-07-22,4,S2A_30TWT_20200722_0_L2A;S2A_30TWT_20200722_1_L2A;S2A_30TXT_20200722_0_L2A;S2A_30TXT_20200722_1_L2A,1.0,0.0005,0.9995,0.0291,0.0977,otsu,1.033,0.0218,6299.3,54.2,0.0086,1173.4,452.6,1149.7,-0.2457,0.4518,0.4855,0.9941,incoherente,2026-09-03T15:07:37+00:00
grand-lieu,2020-07-27,4,S2B_30TWT_20200727_0_L2A;S2B_30TWT_20200727_1_L2A;S2B_30TXT_20200727_0_L2A;S2B_30TXT_20200727_1_L2A,1.0,0.3541,0.6459,0.0549,0.0273,otsu,1.04,0.0464,6299.3,353.8,0.087,426.7,420.9,900.8,-0.1849,0.3078,0.3677,0.9484,nublado,2026-09-03T15:07:37+00:00
grand-lieu,2020-07-30,4,S2B_30TWT_20200730_0_L2A;S2B_30TWT_20200730_1_L2A;S2B_30TXT_20200730_0_L2A;S2B_30TXT_20200730_1_L2A,1.0,0.0007,0.9993,0.0292,0.0586,otsu,0.961,0.0243,6299.3,238.9,0.038,1041.8,657.6,1144.8,-0.2348,0.4176,0.4805,0.9992,incoherente,2026-09-03T15:07:37+00:00
grand-lieu,2020-08-01,4,S2A_30TWT_20200801_0_L2A;S2A_30TWT_20200801_1_L2A;S2A_30TXT_20200801_0_L2A;S2A_30TXT_20200801_1_L2A,1.0,0.4662,0.5338,0.0559,-0.0586,otsu,1.043,0.0448,6299.3,227.3,0.0676,340.2,289.1,576.9,-0.2251,0.3413,0.4396,0.9073,nublado,2026-09-03T15:07:37+00:00
grand-lieu,2020-08-04,4,S2A_30TWT_20200804_0_L2A;S2A_30TWT_20200804_1_L2A;S2A_30TXT_20200804_0_L2A;S2A_30TXT_20200804_1_L2A,1.0,0.0008,0.9992,0.0244,0.1055,otsu,0.945,0.0183,6299.3,9.2,0.0015,1190.3,627.6,1129.0,-0.1516,0.3394,0.4159,0.9522,incoherente,2026-09-03T15:07:37+00:00
grand-lieu,2020-08-06,4,S2B_30TWT_20200806_0_L2A;S2B_30TWT_20200806_1_L2A;S2B_30TXT_20200806_0_L2A;S2B_30TXT_20200806_1_L2A,1.0,0.0011,0.9989,0.0316,0.0742,otsu,0.884,0.0237,6299.3,6.7,0.0011,1240.0,693.8,1136.9,-0.2148,0.3918,0.4907,0.9461,incoherente,2026-09-03T15:07:37+00:00
grand-lieu,2020-08-09,4,S2B_30TWT_20200809_0_L2A;S2B_30TWT_20200809_1_L2A;S2B_30TXT_20200809_0_L2A;S2B_30TXT_20200809_1_L2A,1.0,0.3721,0.6279,0.0462,0.0117,otsu,1.009,0.0392,6299.3,36.4,0.0092,698.8,306.5,654.1,-0.128,0.3315,0.388,0.9857,nublado,2026-09-03T15:08:08+00:00
grand-lieu,2020-08-11,4,S2A_30TWT_20200811_0_L2A;S2A_30TWT_20200811_1_L2A;S2A_30TXT_20200811_0_L2A;S2A_30TXT_20200811_1_L2A,1.0,0.0015,0.9985,0.037,-0.043,otsu,0.981,0.0303,6299.3,16.5,0.0026,1354.6,563.5,1163.2,-0.2241,0.3907,0.426,0.9733,incoherente,2026-09-03T15:08:08+00:00
grand-lieu,2020-08-14,4,S2A_30TWT_20200814_0_L2A;S2A_30TWT_20200814_1_L2A;S2A_30TXT_20200814_0_L2A;S2A_30TXT_20200814_1_L2A,1.0,0.4455,0.5545,0.0521,0.0039,otsu,1.225,0.0389,6299.3,139.5,0.0399,668.5,157.5,889.2,-0.1519,0.2364,0.3155,0.7305,nublado,2026-09-03T15:08:08+00:00
grand-lieu,2020-08-21,4,S2A_30TWT_20200821_0_L2A;S2A_30TWT_20200821_1_L2A;S2A_30TXT_20200821_0_L2A;S2A_30TXT_20200821_1_L2A,1.0,0.5493,0.4507,0.053,-0.1367,otsu,1.421,0.0485,6299.3,101.6,0.0358,878.8,65.2,729.4,-0.0833,0.19,0.2443,0.5067,nublado,2026-09-03T15:08:08+00:00
grand-lieu,2020-08-26,1,S2B_30TWT_20200826_0_L2A,1.0,0.4199,0.5801,0.0419,-0.1367,otsu,1.508,0.0263,6299.3,54.1,0.0148,1030.2,20.3,873.1,-0.0397,0.2304,0.3437,0.5917,nublado,2026-09-03T15:08:08+00:00
grand-lieu,2020-08-31,4,S2A_30TWT_20200831_0_L2A;S2A_30TWT_20200831_1_L2A;S2A_30TXT_20200831_0_L2A;S2A_30TXT_20200831_1_L2A,1.0,0.1735,0.8265,0.0325,0.082,otsu,1.057,0.0267,6299.3,18.0,0.0035,1150.1,324.7,1195.0,-0.2272,0.2981,0.37,0.9,incoherente,2026-09-03T15:08:08+00:00
grand-lieu,2020-09-03,4,S2A_30TWT_20200903_0_L2A;S2A_30TWT_20200903_1_L2A;S2A_30TXT_20200903_0_L2A;S2A_30TXT_20200903_1_L2A,1.0,0.0,1.0,0.0247,0.0352,otsu,1.036,0.0189,6299.3,23.4,0.0037,1249.4,325.5,1179.2,-0.1652,0.3423,0.3862,1.0,incoherente,2026-09-03T15:08:08+00:00
grand-lieu,2020-09-08,4,S2B_30TWT_20200908_0_L2A;S2B_30TWT_20200908_1_L2A;S2B_30TXT_20200908_0_L2A;S2B_30TXT_20200908_1_L2A,1.0,0.1241,0.8759,0.0765,-0.3086,otsu,1.633,0.0874,6299.3,4.9,0.0009,2878.1,13.0,1510.2,-0.1258,0.2832,0.3573,0.9431,espectro_anomalo,2026-09-03T15:08:08+00:00
grand-lieu,2020-09-10,4,S2A_30TWT_20200910_0_L2A;S2A_30TWT_20200910_1_L2A;S2A_30TXT_20200910_0_L2A;S2A_30TXT_20200910_1_L2A,1.0,0.0,1.0,0.0284,0.0664,otsu,0.933,0.02,6299.3,173.6,0.0276,1064.6,808.3,1204.3,-0.1577,0.322,0.3902,0.9972,incoherente,2026-09-03T15:08:08+00:00
grand-lieu,2020-09-13,4,S2A_30TWT_20200913_0_L2A;S2A_30TWT_20200913_1_L2A;S2A_30TXT_20200913_0_L2A;S2A_30TXT_20200913_1_L2A,1.0,0.0512,0.9488,0.0409,0.0898,otsu,1.057,0.0392,6299.3,98.0,0.0164,985.7,174.6,960.5,-0.1516,0.2372,0.2825,0.8976,incoherente,2026-09-03T15:08:08+00:00
grand-lieu,2020-09-15,2,S2B_30TXT_20200915_0_L2A;S2B_30TXT_20200915_1_L2A,0.5058,1.0031,0.0,,0.0,fijo,,,6299.3,0.0,0.0,0.0,0.0,0.0,,,,,parcial,2026-09-03T15:08:08+00:00
grand-lieu,2020-09-28,2,S2B_30TXT_20200928_0_L2A;S2B_30TXT_20200928_1_L2A,0.5058,0.9874,0.008,0.1382,0.1211,otsu,,,6299.3,4.6,0.0918,5.9,3.4,0.0,-0.1048,0.0695,0.0841,0.0,parcial,2026-09-03T15:08:08+00:00
grand-lieu,2020-10-10,4,S2A_30TWT_20201010_0_L2A;S2A_30TWT_20201010_1_L2A;S2A_30TXT_20201010_0_L2A;S2A_30TXT_20201010_1_L2A,1.0,0.2331,0.7669,0.038,0.082,otsu,0.916,0.0279,6299.3,229.2,0.0474,1154.5,878.2,1490.5,-0.2682,0.2674,0.3933,0.8121,nublado,2026-09-03T15:08:42+00:00
grand-lieu,2020-10-13,2,S2A_30TWT_20201013_0_L2A;S2A_30TWT_20201013_1_L2A,1.0,0.3081,0.6919,0.0382,0.0508,otsu,0.945,0.0297,6299.3,354.2,0.0813,1152.2,780.7,1521.5,-0.2084,0.3111,0.3951,0.9551,nublado,2026-09-03T15:08:42+00:00
grand-lieu,2020-10-15,4,S2B_30TWT_20201015_0_L2A;S2B_30TWT_20201015_1_L2A;S2B_30TXT_20201015_0_L2A;S2B_30TXT_20201015_1_L2A,1.0,0.3032,0.6968,0.0393,0.1367,otsu,0.83,0.0344,6299.3,437.3,0.0996,1034.8,1060.9,1610.2,-0.2564,0.371,0.4236,0.9907,nublado,2026-09-03T15:08:42+00:00
grand-lieu,2020-10-18,4,S2B_30TWT_20201018_0_L2A;S2B_30TWT_20201018_1_L2A;S2B_30TXT_20201018_0_L2A;S2B_30TXT_20201018_1_L2A,1.0,0.0404,0.9596,0.0301,0.043,otsu,0.835,0.0273,6299.3,407.6,0.0674,1367.9,1107.1,1582.2,-0.2497,0.3817,0.4398,0.9938,ok,2026-09-03T15:08:42+00:00
grand-lieu,2020-10-23,4,S2A_30TWT_20201023_0_L2A;S2A_30TWT_20201023_1_L2A;S2A_30TXT_20201023_0_L2A;S2A_30TXT_20201023_1_L2A,1.0,0.7085,0.2915,0.0375,-0.1211,otsu,1.183,0.018,6299.3,227.2,0.1237,578.8,231.1,543.3,-0.1702,0.1788,0.284,0.3835,nublado,2026-09-03T15:08:42+00:00
grand-lieu,2020-11-04,4,S2B_30TWT_20201104_0_L2A;S2B_30TWT_20201104_1_L2A;S2B_30TXT_20201104_0_L2A;S2B_30TXT_20201104_1_L2A,1.0,0.3074,0.6926,0.0299,0.0195,otsu,0.971,0.0255,6299.3,138.4,0.0317,965.5,399.9,762.1,-0.1703,0.2867,0.3706,0.7804,nublado,2026-09-03T15:08:42+00:00
grand-lieu,2020-11-09,2,S2A_30TWT_20201109_0_L2A;S2A_30TWT_20201109_1_L2A,1.0,0.2665,0.7335,0.038,0.0664,otsu,0.725,0.0242,6299.3,888.2,0.1922,331.2,1094.6,1507.4,-0.2029,0.2948,0.4264,0.8172,nublado,2026-09-03T15:08:42+00:00
grand-lieu,2020-11-12,4,S2A_30TWT_20201112_0_L2A;S2A_30TWT_20201112_1_L2A;S2A_30TXT_20201112_0_L2A;S2A_30TXT_20201112_1_L2A,1.0,0.3871,0.6129,0.0216,-0.0195,otsu,0.842,0.0178,6299.3,805.7,0.2087,458.8,1007.9,1258.8,-0.182,0.3338,0.4097,0.864,nublado,2026-09-03T15:08:42+00:00
grand-lieu,2020-11-14,2,S2B_30TXT_20201114_0_L2A;S2B_30TXT_20201114_1_L2A,0.5058,1.0031,0.0,,0.0,fijo,,,6299.3,0.0,0.0,0.0,0.0,0.0,,,,,parcial,2026-09-03T15:08:42+00:00
grand-lieu,2020-11-19,4,S2A_30TWT_20201119_0_L2A;S2A_30TWT_20201119_1_L2A;S2A_30TXT_20201119_0_L2A;S2A_30TXT_20201119_1_L2A,1.0,0.2215,0.7785,0.0258,0.0273,otsu,0.833,0.0206,6299.3,1163.5,0.2373,1081.6,1560.0,2424.0,-0.1668,0.2758,0.3891,0.7537,nublado,2026-09-03T15:08:42+00:00
grand-lieu,2020-11-22,4,S2A_30TWT_20201122_0_L2A;S2A_30TWT_20201122_1_L2A;S2A_30TXT_20201122_0_L2A;S2A_30TXT_20201122_1_L2A,1.0,0.0366,0.9634,0.008,0.168,otsu,0.656,0.0047,6299.3,1270.8,0.2094,823.6,1908.3,2753.8,-0.2526,0.4394,0.5815,0.8427,ok,2026-09-03T15:08:42+00:00
grand-lieu,2020-11-29,4,S2A_30TWT_20201129_0_L2A;S2A_30TWT_20201129_1_L2A;S2A_30TXT_20201129_0_L2A;S2A_30TXT_20201129_1_L2A,1.0,0.0599,0.9401,0.0111,0.1758,otsu,0.611,0.0077,6299.3,1839.2,0.3106,560.9,1970.7,2857.3,-0.2564,0.3947,0.4795,0.944,ok,2026-09-03T15:08:42+00:00
grand-lieu,2020-12-04,4,S2B_30TWT_20201204_0_L2A;S2B_30TWT_20201204_1_L2A;S2B_30TXT_20201204_0_L2A;S2B_30TXT_20201204_1_L2A,1.0,0.0638,0.9362,0.0093,0.082,otsu,1.041,0.0062,6299.3,302.8,0.0514,1703.8,1249.2,2911.4,-0.1642,0.4065,0.5872,0.8015,incoherente,2026-09-03T15:09:14+00:00
grand-lieu,2020-12-12,4,S2A_30TWT_20201212_0_L2A;S2A_30TWT_20201212_1_L2A;S2A_30TXT_20201212_0_L2A;S2A_30TXT_20201212_1_L2A,1.0,0.0845,0.9155,0.0139,0.043,otsu,0.886,0.0122,6299.3,2311.5,0.4008,327.2,2059.6,3404.7,-0.0616,0.2549,0.4196,0.6049,ok,2026-09-03T15:09:14+00:00
grand-lieu,2020-12-17,4,S2B_30TWT_20201217_0_L2A;S2B_30TWT_20201217_1_L2A;S2B_30TXT_20201217_0_L2A;S2B_30TXT_20201217_1_L2A,1.0,0.0888,0.9112,0.0197,0.1836,otsu,0.587,0.0172,6299.3,2590.7,0.4513,167.3,2729.6,3511.9,-0.1422,0.2665,0.4635,0.6547,ok,2026-09-03T15:09:14+00:00
grand-lieu,2020-12-19,4,S2A_30TWT_20201219_0_L2A;S2A_30TWT_20201219_1_L2A;S2A_30TXT_20201219_0_L2A;S2A_30TXT_20201219_1_L2A,1.0,0.9732,0.0268,0.0001,0.0,fijo,134.0,0.0001,6299.3,7.0,0.0418,8.2,0.0,136.6,-0.0195,0.0624,0.2439,0.1136,nublado,2026-09-03T15:09:14+00:00
grand-lieu,2020-12-29,4,S2A_30TWT_20201229_0_L2A;S2A_30TWT_20201229_1_L2A;S2A_30TXT_20201229_0_L2A;S2A_30TXT_20201229_1_L2A,1.0,0.2805,0.7195,0.022,0.1914,otsu,0.681,0.0209,6299.3,2605.2,0.5748,16.1,2536.4,3236.5,-0.0334,0.1834,0.3209,0.5332,nublado,2026-09-03T15:09:14+00:00
grand-lieu,2021-01-01,2,S2A_30TWT_20210101_0_L2A;S2A_30TWT_20210101_1_L2A,1.0,0.6336,0.3664,0.0834,0.0,fijo,1.111,0.0424,6299.3,1041.5,0.4512,405.6,131.2,733.2,0.0343,0.0526,0.0774,0.0155,nublado,2026-09-03T15:09:14+00:00
grand-lieu,2021-01-08,4,S2A_30TWT_20210108_0_L2A;S2A_30TWT_20210108_1_L2A;S2A_30TXT_20210108_0_L2A;S2A_30TXT_20210108_1_L2A,1.0,0.0305,0.9695,0.0204,0.2305,otsu,0.388,0.0222,6299.3,3443.4,0.5638,28.2,3460.3,3931.5,-0.0435,0.0893,0.2252,0.1547,ok,2026-09-03T15:09:14+00:00
grand-lieu,2021-02-07,3,S2A_30TWT_20210207_0_L2A;S2A_30TWT_20210207_1_L2A;S2A_30TXT_20210207_0_L2A,1.0,0.2182,0.7818,0.0339,0.2617,otsu,0.391,0.0348,6299.3,3559.0,0.7226,3.3,3726.7,3873.4,-0.0191,0.0736,0.2015,0.1016,nublado,2026-09-03T15:09:14+00:00
grand-lieu,2021-02-12,1,S2B_30TWT_20210212_0_L2A,1.0,0.9651,0.0349,0.0904,0.0,fijo,1.262,0.1193,6299.3,42.0,0.1907,80.3,0.2,1.2,0.0026,0.0569,0.0843,0.0,nublado,2026-09-03T15:09:14+00:00
grand-lieu,2021-02-17,4,S2A_30TWT_20210217_0_L2A;S2A_30TWT_20210217_1_L2A;S2A_30TXT_20210217_0_L2A;S2A_30TXT_20210217_1_L2A,1.0,0.6963,0.3037,0.0523,0.2383,otsu,0.53,0.0427,6299.3,1041.0,0.5441,52.8,1309.9,1418.0,-0.0745,0.0623,0.1188,0.0024,nublado,2026-09-03T15:09:14+00:00
grand-lieu,2021-02-25,2,S2B_30TWT_20210225_0_L2A;S2B_30TWT_20210225_1_L2A,1.0,1.0,0.0,,0.0,fijo,,,6299.3,0.0,0.0,0.0,0.0,0.0,,,,,nublado,2026-09-03T15:09:14+00:00
grand-lieu,2021-02-27,4,S2A_30TWT_20210227_0_L2A;S2A_30TWT_20210227_1_L2A;S2A_30TXT_20210227_0_L2A;S2A_30TXT_20210227_1_L2A,1.0,0.0004,0.9996,0.0194,0.207,otsu,0.54,0.017,6299.3,3214.2,0.5105,153.4,3279.0,3736.9,-0.1437,0.264,0.3594,0.8652,ok,2026-09-03T15:09:14+00:00
grand-lieu,2021-03-02,2,S2A_30TWT_20210302_0_L2A;S2A_30TWT_20210302_1_L2A,1.0,0.0409,0.9591,0.052,-0.0586,otsu,1.004,0.0517,6299.3,2676.2,0.443,938.9,824.8,1845.0,-0.0362,0.1475,0.1661,0.0,ok,2026-09-03T15:09:54+00:00
grand-lieu,2021-03-07,4,S2B_30TWT_20210307_0_L2A;S2B_30TWT_20210307_1_L2A;S2B_30TXT_20210307_0_L2A;S2B_30TXT_20210307_1_L2A,1.0,0.5834,0.4166,0.127,0.0,fijo,1.054,0.0898,6299.3,141.5,0.0539,98.1,126.2,273.5,-0.0732,0.0885,0.1336,0.0031,nublado,2026-09-03T15:09:54+00:00
grand-lieu,2021-03-09,4,S2A_30TWT_20210309_0_L2A;S2A_30TWT_20210309_1_L2A;S2A_30TXT_20210309_0_L2A;S2A_30TXT_20210309_1_L2A,1.0,0.2288,0.7712,0.0405,0.1367,otsu,0.718,0.0374,6299.3,2425.5,0.4993,432.5,2348.8,2584.0,-0.1397,0.2092,0.268,0.6561,nublado,2026-09-03T15:09:54+00:00
grand-lieu,2021-03-14,2,S2B_30TXT_20210314_0_L2A;S2B_30TXT_20210314_1_L2A,0.5058,0.9878,0.0062,0.0608,-0.2305,otsu,,,6299.3,0.0,0.0,12.2,0.0,0.0,,,,,parcial,2026-09-03T15:09:54+00:00
grand-lieu,2021-03-19,4,S2A_30TWT_20210319_0_L2A;S2A_30TWT_20210319_1_L2A;S2A_30TXT_20210319_0_L2A;S2A_30TXT_20210319_1_L2A,1.0,0.3042,0.6958,0.0248,0.1758,otsu,0.782,0.0215,6299.3,1575.6,0.3595,491.4,1413.4,2235.8,-0.1435,0.3298,0.386,0.9676,nublado,2026-09-03T15:09:54+00:00
grand-lieu,2021-03-22,4,S2A_30TWT_20210322_0_L2A;S2A_30TWT_20210322_1_L2A;S2A_30TXT_20210322_0_L2A;S2A_30TXT_20210322_1_L2A,1.0,0.0043,0.9957,0.0166,0.0977,otsu,0.688,0.0143,6299.3,2294.6,0.3658,624.4,2163.9,2731.1,-0.174,0.3805,0.4374,0.961,ok,2026-09-03T15:09:54+00:00
grand-lieu,2021-03-24,4,S2B_30TWT_20210324_0_L2A;S2B_30TWT_20210324_1_L2A;S2B_30TXT_20210324_0_L2A;S2B_30TXT_20210324_1_L2A,1.0,0.291,0.709,0.0432,0.0977,otsu,0.6,0.0388,6299.3,2049.3,0.4588,264.4,2065.5,2332.8,-0.1814,0.2457,0.3089,0.8112,nublado,2026-09-03T15:09:54+00:00
grand-lieu,2021-03-27,2,S2B_30TWT_20210327_0_L2A;S2B_30TWT_20210327_1_L2A,1.0,0.5787,0.4213,0.0505,0.168,otsu,0.688,0.0478,6299.3,1513.2,0.5702,79.8,1534.0,1755.5,-0.1554,0.2245,0.2887,0.6803,nublado,2026-09-03T15:09:54+00:00
grand-lieu,2021-03-29,4,S2A_30TWT_20210329_0_L2A;S2A_30TWT_20210329_1_L2A;S2A_30TXT_20210329_0_L2A;S2A_30TXT_20210329_1_L2A,1.0,0.0,1.0,0.0207,0.1992,otsu,0.55,0.0187,6299.3,2128.4,0.3379,326.1,2066.1,2467.6,-0.2366,0.3597,0.3929,0.9917,ok,2026-09-03T15:09:54+00:00
grand-lieu,2021-04-01,4,S2A_30TWT_20210401_0_L2A;S2A_30TWT_20210401_1_L2A;S2A_30TXT_20210401_0_L2A;S2A_30TXT_20210401_1_L2A,1.0,0.3047,0.6953,0.0325,-0.1758,otsu,1.306,0.0167,6299.3,850.3,0.1941,1239.2,286.5,1117.4,-0.0766,0.238,0.2762,0.7676,nublado,2026-09-03T15:09:54+00:00
grand-lieu,2021-04-03,4,S2B_30TWT_20210403_0_L2A;S2B_30TWT_20210403_1_L2A;S2B_30TXT_20210403_0_L2A;S2B_30TXT_20210403_1_L2A,1.0,0.0012,0.9988,0.033,0.1445,otsu,0.923,0.0316,6299.3,1828.2,0.2906,617.1,1178.2,2287.7,-0.1089,0.2586,0.2993,0.9709,ok,2026-09-03T15:09:54+00:00
grand-lieu,2021-04-08,4,S2A_30TWT_20210408_0_L2A;S2A_30TWT_20210408_1_L2A;S2A_30TXT_20210408_0_L2A;S2A_30TXT_20210408_1_L2A,1.0,0.5239,0.4761,0.0338,-0.0117,otsu,0.976,0.0294,6299.3,488.6,0.1629,544.7,393.2,665.4,-0.138,0.2355,0.2601,0.9821,nublado,2026-09-03T15:09:54+00:00
grand-lieu,2021-04-13,4,S2B_30TWT_20210413_0_L2A;S2B_30TWT_20210413_1_L2A;S2B_30TXT_20210413_0_L2A;S2B_30TXT_20210413_1_L2A,1.0,0.0723,0.9277,0.0292,0.1914,otsu,0.606,0.0267,6299.3,1726.3,0.2954,253.0,1735.0,1956.6,-0.1904,0.3079,0.3415,0.9974,ok,2026-09-03T15:10:30+00:00
grand-lieu,2021-04-16,4,S2B_30TWT_20210416_0_L2A;S2B_30TWT_20210416_1_L2A;S2B_30TXT_20210416_0_L2A;S2B_30TXT_20210416_1_L2A,1.0,0.1244,0.8756,0.0384,0.1914,otsu,0.68,0.0388,6299.3,1764.1,0.3199,359.8,1825.1,1964.8,-0.1748,0.2778,0.3133,0.9875,ok,2026-09-03T15:10:30+00:00
grand-lieu,2021-04-18,6,S2A_30TWT_20210418_0_L2A;S2A_30TWT_20210418_1_L2A;S2A_30TWT_20210418_2_L2A;S2A_30TXT_20210418_0_L2A;S2A_30TXT_20210418_1_L2A;S2A_30TXT_20210418_2_L2A,1.0,0.0025,0.9975,0.0264,0.1836,otsu,0.518,0.0237,6299.3,1757.5,0.2797,282.5,1847.4,2004.4,-0.22,0.3366,0.3644,0.9995,ok,2026-09-03T15:10:30+00:00
grand-lieu,2021-04-21,6,S2A_30TWT_20210421_0_L2A;S2A_30TWT_20210421_1_L2A;S2A_30TWT_20210421_2_L2A;S2A_30TXT_20210421_0_L2A;S2A_30TXT_20210421_1_L2A;S2A_30TXT_20210421_2_L2A,1.0,0.3696,0.6304,0.0379,0.082,otsu,0.587,0.0386,6299.3,849.6,0.2139,372.3,877.4,1048.2,-0.1786,0.2351,0.3023,0.7478,nublado,2026-09-03T15:10:30+00:00
grand-lieu,2021-04-23,4,S2B_30TWT_20210423_0_L2A;S2B_30TWT_20210423_1_L2A;S2B_30TXT_20210423_0_L2A;S2B_30TXT_20210423_1_L2A,1.0,0.0004,0.9996,0.0338,0.1602,otsu,0.581,0.0325,6299.3,1446.6,0.2297,621.4,1573.2,1892.9,-0.2085,0.3263,0.3617,0.9992,ok,2026-09-03T15:10:30+00:00
grand-lieu,2021-04-26,2,S2B_30TXT_20210426_0_L2A;S2B_30TXT_20210426_1_L2A,0.5058,0.0014,0.5051,0.0353,0.0352,otsu,0.962,0.0412,6299.3,1023.2,0.3216,320.8,751.8,1238.2,-0.0906,0.2321,0.2937,0.7927,parcial,2026-09-03T15:10:30+00:00
grand-lieu,2021-04-28,4,S2A_30TWT_20210428_0_L2A;S2A_30TWT_20210428_1_L2A;S2A_30TXT_20210428_0_L2A;S2A_30TXT_20210428_1_L2A,1.0,0.7042,0.2958,0.0594,0.1133,otsu,0.597,0.0526,6299.3,481.8,0.2586,133.8,504.0,683.9,-0.1593,0.1969,0.2987,0.4924,nublado,2026-09-03T15:10:30+00:00
grand-lieu,2021-05-01,4,S2A_30TWT_20210501_0_L2A;S2A_30TWT_20210501_1_L2A;S2A_30TXT_20210501_0_L2A;S2A_30TXT_20210501_1_L2A,1.0,0.4049,0.5951,0.0464,0.1055,otsu,0.574,0.0442,6299.3,795.4,0.2122,458.1,839.3,1137.6,-0.1925,0.262,0.3351,0.8172,nublado,2026-09-03T15:10:30+00:00
grand-lieu,2021-05-03,5,S2B_30TWT_20210503_0_L2A;S2B_30TWT_20210503_1_L2A;S2B_30TWT_20210503_2_L2A;S2B_30TXT_20210503_0_L2A;S2B_30TXT_20210503_1_L2A,1.0,0.5709,0.4291,0.05,0.1211,otsu,0.543,0.0492,6299.3,575.6,0.2129,165.9,592.3,751.8,-0.1678,0.1967,0.3,0.5805,nublado,2026-09-03T15:10:30+00:00
grand-lieu,2021-05-08,6,S2A_30TWT_20210508_0_L2A;S2A_30TWT_20210508_1_L2A;S2A_30TWT_20210508_2_L2A;S2A_30TXT_20210508_0_L2A;S2A_30TXT_20210508_1_L2A;S2A_30TXT_20210508_2_L2A,1.0,0.4414,0.5586,0.0423,0.043,otsu,0.733,0.0435,6299.3,618.2,0.1757,286.8,639.4,1049.9,-0.1405,0.2112,0.3099,0.5225,nublado,2026-09-03T15:11:07+00:00
grand-lieu,2021-05-11,2,S2A_30TXT_20210511_0_L2A;S2A_30TXT_20210511_1_L2A,0.5058,0.8676,0.0672,0.0707,0.0898,otsu,0.68,0.0618,6299.3,226.8,0.5359,25.3,224.6,254.7,-0.0805,0.0979,0.1703,0.0337,parcial,2026-09-03T15:10:30+00:00
grand-lieu,2021-05-13,1,S2B_30TWT_20210513_0_L2A,1.0,0.7856,0.2144,0.0734,-0.0742,otsu,1.187,0.0809,6299.3,119.0,0.0881,302.0,84.4,225.8,-0.0596,0.1203,0.1752,0.0461,nublado,2026-09-03T15:10:30+00:00
grand-lieu,2021-05-16,2,S2B_30TWT_20210516_0_L2A;S2B_30TXT_20210516_0_L2A,1.0,0.8134,0.1866,0.0716,0.082,otsu,1.103,0.0833,6299.3,205.2,0.1746,278.9,181.0,328.4,-0.0786,0.0881,0.1397,0.0033,nublado,2026-09-03T15:10:30+00:00
grand-lieu,2021-05-21,4,S2A_30TWT_20210521_0_L2A;S2A_30TWT_20210521_1_L2A;S2A_30TXT_20210521_0_L2A;S2A_30TXT_20210521_1_L2A,1.0,0.9129,0.0871,0.0726,-0.1602,otsu,,,6299.3,1.6,0.0029,251.6,0.0,0.2,0.0701,0.0997,0.1288,0.0,nublado,2026-09-03T15:11:07+00:00
grand-lieu,2021-05-23,4,S2B_30TWT_20210523_0_L2A;S2B_30TWT_20210523_1_L2A;S2B_30TXT_20210523_0_L2A;S2B_30TXT_20210523_1_L2A,1.0,0.5841,0.4159,0.0663,0.0352,otsu,0.887,0.0661,6299.3,447.3,0.1707,441.2,475.4,869.7,-0.1187,0.1572,0.2105,0.1588,nublado,2026-09-03T15:11:07+00:00
grand-lieu,2021-05-28,4,S2A_30TWT_20210528_0_L2A;S2A_30TWT_20210528_1_L2A;S2A_30TXT_20210528_0_L2A;S2A_30TXT_20210528_1_L2A,1.0,0.0,1.0,0.0342,-0.0352,otsu,0.991,0.036,6299.3,739.4,0.1174,918.3,752.0,1390.2,-0.1831,0.2512,0.308,0.8945,ok,2026-09-03T15:11:07+00:00
grand-lieu,2021-05-31,4,S2A_30TWT_20210531_0_L2A;S2A_30TWT_20210531_1_L2A;S2A_30TXT_20210531_0_L2A;S2A_30TXT_20210531_1_L2A,1.0,0.0,1.0,0.026,0.1289,otsu,0.418,0.0295,6299.3,1138.2,0.1807,211.3,1148.4,1376.4,-0.1792,0.2195,0.2817,0.7108,ok,2026-09-03T15:11:07+00:00
grand-lieu,2021-06-05,4,S2B_30TWT_20210605_0_L2A;S2B_30TWT_20210605_1_L2A;S2B_30TXT_20210605_0_L2A;S2B_30TXT_20210605_1_L2A,1.0,0.1487,0.8513,0.0349,0.2148,otsu,0.367,0.0337,6299.3,1009.5,0.1882,91.6,1035.8,1229.1,-0.2144,0.2463,0.2938,0.8558,ok,2026-09-03T15:11:07+00:00
grand-lieu,2021-06-07,4,S2A_30TWT_20210607_0_L2A;S2A_30TWT_20210607_1_L2A;S2A_30TXT_20210607_0_L2A;S2A_30TXT_20210607_1_L2A,1.0,0.1884,0.8116,0.0371,0.2148,otsu,0.273,0.0365,6299.3,1065.8,0.2085,85.8,1113.0,1233.7,-0.205,0.2156,0.2649,0.6988,ok,2026-09-03T15:11:07+00:00
grand-lieu,2021-06-10,2,S2A_30TXT_20210610_0_L2A;S2A_30TXT_20210610_1_L2A,0.5058,0.9948,0.0037,0.0562,-0.2383,otsu,,,6299.3,0.0,0.0,11.6,0.0,0.0,,,,,parcial,2026-09-03T15:11:07+00:00
grand-lieu,2021-06-12,4,S2B_30TWT_20210612_0_L2A;S2B_30TWT_20210612_1_L2A;S2B_30TXT_20210612_0_L2A;S2B_30TXT_20210612_1_L2A,1.0,0.0,1.0,0.0276,0.168,otsu,0.394,0.0265,6299.3,1082.5,0.1718,130.0,1131.3,1241.6,-0.2158,0.3263,0.3877,0.9742,ok,2026-09-03T15:11:07+00:00
grand-lieu,2021-06-15,4,S2B_30TWT_20210615_0_L2A;S2B_30TWT_20210615_1_L2A;S2B_30TXT_20210615_0_L2A;S2B_30TXT_20210615_1_L2A,1.0,0.0,1.0,0.0283,-0.0039,otsu,0.715,0.0391,6299.3,1055.7,0.1676,313.8,1076.4,1202.6,-0.1571,0.2944,0.4549,0.8286,ok,2026-09-03T15:11:07+00:00
grand-lieu,2021-06-30,3,S2A_30TWT_20210630_0_L2A;S2A_30TWT_20210630_1_L2A;S2A_30TXT_20210630_0_L2A,1.0,0.2835,0.7165,0.0473,0.1211,otsu,0.639,0.0497,6299.3,733.8,0.1626,146.1,774.2,1044.1,-0.2173,0.2894,0.3653,0.8714,nublado,2026-09-03T15:11:07+00:00
grand-lieu,2021-07-07,3,S2A_30TWT_20210707_0_L2A;S2A_30TXT_20210707_0_L2A;S2A_30TXT_20210707_1_L2A,1.0,0.1065,0.8935,0.0328,0.1367,otsu,0.567,0.0284,6299.3,967.9,0.172,126.6,1013.2,1176.7,-0.1979,0.3181,0.3812,0.9535,ok,2026-09-03T15:11:07+00:00
grand-lieu,2021-07-15,4,S2B_30TWT_20210715_0_L2A;S2B_30TWT_20210715_1_L2A;S2B_30TXT_20210715_0_L2A;S2B_30TXT_20210715_1_L2A,1.0,0.3596,0.6404,0.0483,-0.0117,otsu,0.786,0.057,6299.3,525.2,0.1302,353.4,515.6,828.9,-0.1435,0.1811,0.2561,0.3646,nublado,2026-09-03T15:11:47+00:00
grand-lieu,2021-07-17,4,S2A_30TWT_20210717_0_L2A;S2A_30TWT_20210717_1_L2A;S2A_30TXT_20210717_0_L2A;S2A_30TXT_20210717_1_L2A,1.0,0.0,1.0,0.0314,0.0508,otsu,0.714,0.0263,6299.3,917.0,0.1456,288.8,930.8,1139.0,-0.1799,0.3059,0.3527,0.9739,ok,2026-09-03T15:11:47+00:00
grand-lieu,2021-07-20,4,S2A_30TWT_20210720_0_L2A;S2A_30TWT_20210720_1_L2A;S2A_30TXT_20210720_0_L2A;S2A_30TXT_20210720_1_L2A,1.0,0.0,1.0,0.0325,-0.0898,otsu,0.951,0.0407,6299.3,938.2,0.1489,557.0,836.8,1165.1,-0.0947,0.2327,0.2797,0.8385,ok,2026-09-03T15:11:47+00:00
grand-lieu,2021-07-22,4,S2B_30TWT_20210722_0_L2A;S2B_30TWT_20210722_1_L2A;S2B_30TXT_20210722_0_L2A;S2B_30TXT_20210722_1_L2A,1.0,0.348,0.652,0.0419,0.0664,otsu,0.848,0.0414,6299.3,611.6,0.1489,291.0,628.1,791.8,-0.1652,0.2772,0.3107,0.9625,nublado,2026-09-03T15:11:47+00:00
grand-lieu,2021-07-25,3,S2B_30TWT_20210725_0_L2A;S2B_30TWT_20210725_1_L2A;S2B_30TXT_20210725_0_L2A,1.0,0.2305,0.7695,0.0401,-0.0664,otsu,0.87,0.0461,6299.3,559.3,0.1154,506.5,533.0,904.1,-0.1228,0.2303,0.2823,0.7568,nublado,2026-09-03T15:11:47+00:00
grand-lieu,2021-07-30,3,S2A_30TWT_20210730_0_L2A;S2A_30TWT_20210730_1_L2A;S2A_30TXT_20210730_0_L2A,1.0,0.4907,0.5093,0.0608,-0.043,otsu,0.964,0.064,6299.3,439.0,0.1368,517.6,416.6,857.6,-0.1328,0.1905,0.2524,0.4384,nublado,2026-09-03T15:11:47+00:00
grand-lieu,2021-08-01,1,S2B_30TXT_20210801_0_L2A,0.5058,1.0031,0.0,0.1933,0.0,fijo,,,6299.3,0.0,0.0,0.1,0.0,0.0,,,,,parcial,2026-09-03T15:11:47+00:00
grand-lieu,2021-08-11,4,S2B_30TWT_20210811_0_L2A;S2B_30TWT_20210811_1_L2A;S2B_30TXT_20210811_0_L2A;S2B_30TXT_20210811_1_L2A,1.0,0.0,1.0,0.0336,0.1133,otsu,0.798,0.0279,6299.3,626.8,0.0995,591.2,957.1,1166.2,-0.2366,0.3763,0.4296,0.9934,ok,2026-09-03T15:11:47+00:00
grand-lieu,2021-08-14,4,S2B_30TWT_20210814_0_L2A;S2B_30TWT_20210814_1_L2A;S2B_30TXT_20210814_0_L2A;S2B_30TXT_20210814_1_L2A,1.0,0.0005,0.9995,0.0278,0.1367,otsu,0.741,0.0243,6299.3,642.3,0.102,550.2,961.6,1172.0,-0.2615,0.4087,0.4684,0.9916,ok,2026-09-03T15:11:47+00:00
grand-lieu,2021-08-16,1,S2A_30TXT_20210816_0_L2A,0.5058,0.6135,0.1964,0.0683,0.0352,otsu,0.941,0.0602,6299.3,158.2,0.1279,99.0,172.1,292.7,-0.1714,0.1902,0.3104,0.3987,parcial,2026-09-03T15:11:47+00:00
grand-lieu,2021-08-24,4,S2B_30TWT_20210824_0_L2A;S2B_30TWT_20210824_1_L2A;S2B_30TXT_20210824_0_L2A;S2B_30TXT_20210824_1_L2A,1.0,0.9418,0.0582,0.1442,0.1289,otsu,0.934,0.1576,6299.3,59.1,0.1611,47.9,58.8,88.0,-0.1222,0.0782,0.1104,0.0,nublado,2026-09-03T15:11:47+00:00
grand-lieu,2021-08-26,4,S2A_30TWT_20210826_0_L2A;S2A_30TWT_20210826_1_L2A;S2A_30TXT_20210826_0_L2A;S2A_30TXT_20210826_1_L2A,1.0,0.0,1.0,0.0278,0.0977,otsu,0.989,0.02,6299.3,209.4,0.0332,977.4,659.8,1168.0,-0.2164,0.38,0.47,0.987,incoherente,2026-09-03T15:12:22+00:00
grand-lieu,2021-08-29,4,S2A_30TWT_20210829_0_L2A;S2A_30TWT_20210829_1_L2A;S2A_30TXT_20210829_0_L2A;S2A_30TXT_20210829_1_L2A,1.0,0.3634,0.6366,0.0483,0.0273,otsu,1.078,0.0439,6299.3,460.1,0.1147,656.6,580.5,1194.4,-0.1822,0.2486,0.3265,0.7187,nublado,2026-09-03T15:11:47+00:00
grand-lieu,2021-08-31,2,S2B_30TWT_20210831_0_L2A;S2B_30TWT_20210831_1_L2A,1.0,0.1767,0.8233,0.0511,0.082,otsu,1.026,0.0416,6299.3,268.6,0.0518,933.0,623.2,1325.9,-0.1974,0.3221,0.3893,0.957,incoherente,2026-09-03T15:12:22+00:00
grand-lieu,2021-09-03,4,S2B_30TWT_20210903_0_L2A;S2B_30TWT_20210903_1_L2A;S2B_30TXT_20210903_0_L2A;S2B_30TXT_20210903_1_L2A,1.0,0.4994,0.5006,0.0498,0.1211,otsu,0.93,0.0436,6299.3,520.0,0.1649,373.4,639.4,1138.0,-0.2399,0.2865,0.3824,0.8861,nublado,2026-09-03T15:12:22+00:00
grand-lieu,2021-09-05,4,S2A_30TWT_20210905_0_L2A;S2A_30TWT_20210905_1_L2A;S2A_30TXT_20210905_0_L2A;S2A_30TXT_20210905_1_L2A,1.0,0.1448,0.8552,0.0312,0.0039,otsu,1.014,0.0239,6299.3,47.4,0.0088,1019.0,514.7,994.4,-0.1976,0.3598,0.4236,0.9966,incoherente,2026-09-03T15:12:22+00:00
grand-lieu,2021-09-08,2,S2A_30TWT_20210908_0_L2A;S2A_30TWT_20210908_1_L2A,1.0,0.0568,0.9432,0.0315,0.0898,otsu,1.046,0.0216,6299.3,84.2,0.0142,1049.7,419.4,1292.0,-0.1923,0.355,0.4437,0.9672,incoherente,2026-09-03T15:12:22+00:00
grand-lieu,2021-09-10,4,S2B_30TWT_20210910_0_L2A;S2B_30TWT_20210910_1_L2A;S2B_30TWT_20210910_2_L2A;S2B_30TXT_20210910_0_L2A,1.0,0.6696,0.3304,0.0677,0.0273,otsu,1.147,0.0532,6299.3,249.6,0.1199,418.0,314.6,731.8,-0.1682,0.2405,0.3448,0.6611,nublado,2026-09-03T15:12:22+00:00
grand-lieu,2021-09-13,3,S2B_30TWT_20210913_0_L2A;S2B_30TWT_20210913_1_L2A;S2B_30TXT_20210913_0_L2A,1.0,0.0223,0.9777,0.0404,-0.1836,otsu,1.401,0.0383,6299.3,6.3,0.001,1916.6,41.6,1191.9,-0.1291,0.2178,0.2965,0.4747,espectro_anomalo,2026-09-03T15:12:22+00:00
grand-lieu,2021-09-23,4,S2B_30TWT_20210923_0_L2A;S2B_30TWT_20210923_1_L2A;S2B_30TXT_20210923_0_L2A;S2B_30TXT_20210923_1_L2A,1.0,0.0,1.0,0.0271,0.0977,otsu,0.97,0.0262,6299.3,73.6,0.0117,1238.0,706.4,1227.8,-0.2383,0.3559,0.416,0.9527,incoherente,2026-09-03T15:12:22+00:00
grand-lieu,2021-09-28,3,S2A_30TWT_20210928_0_L2A;S2A_30TXT_20210928_0_L2A;S2A_30TXT_20210928_1_L2A,1.0,0.5758,0.4242,0.0508,-0.0039,otsu,1.159,0.0414,6299.3,456.1,0.1707,564.9,557.8,1190.4,-0.19,0.2487,0.345,0.7443,nublado,2026-09-03T15:12:22+00:00
grand-lieu,2021-09-30,4,S2B_30TWT_20210930_0_L2A;S2B_30TWT_20210930_1_L2A;S2B_30TXT_20210930_0_L2A;S2B_30TXT_20210930_1_L2A,1.0,0.4518,0.5482,0.0415,-0.0508,otsu,0.991,0.0332,6299.3,202.7,0.0587,817.4,542.9,1131.8,-0.2038,0.2935,0.3977,0.8686,nublado,2026-09-03T15:12:22+00:00
grand-lieu,2021-10-03,5,S2B_30TWT_20211003_0_L2A;S2B_30TWT_20211003_1_L2A;S2B_30TXT_20211003_0_L2A;S2B_30TXT_20211003_1_L2A;S2B_30TXT_20211003_2_L2A,1.0,0.4527,0.5473,0.0312,0.0742,otsu,1.143,0.0262,6299.3,77.3,0.0224,1008.1,220.9,1175.4,-0.1106,0.2573,0.3911,0.6762,nublado,2026-09-03T15:12:22+00:00
grand-lieu,2021-10-05,4,S2A_30TWT_20211005_0_L2A;S2A_30TWT_20211005_1_L2A;S2A_30TXT_20211005_0_L2A;S2A_30TXT_20211005_1_L2A,1.0,0.5815,0.4185,0.0373,-0.0352,otsu,1.261,0.0258,6299.3,272.5,0.1034,752.7,357.9,1002.5,-0.1595,0.2604,0.3368,0.8767,nublado,2026-09-03T15:12:22+00:00
grand-lieu,2021-10-08,4,S2A_30TWT_20211008_0_L2A;S2A_30TWT_20211008_1_L2A;S2A_30TXT_20211008_0_L2A;S2A_30TXT_20211008_1_L2A,1.0,0.0,1.0,0.0177,0.0664,otsu,0.859,0.0158,6299.3,723.5,0.1149,818.2,1029.8,1461.8,-0.2169,0.4148,0.4672,0.9593,ok,2026-09-03T15:12:49+00:00
grand-lieu,2021-10-10,1,S2B_30TWT_20211010_0_L2A,1.0,0.1479,0.8521,0.0463,0.0273,otsu,0.958,0.0411,6299.3,681.3,0.1269,654.7,737.2,1296.9,-0.181,0.2707,0.3326,0.8754,ok,2026-09-03T15:12:49+00:00
grand-lieu,2021-10-13,2,S2B_30TWT_20211013_0_L2A;S2B_30TWT_20211013_1_L2A,1.0,0.7872,0.2128,0.0299,-0.3477,otsu,,,6299.3,0.2,0.0002,61.8,0.0,0.0,0.0079,0.0416,0.049,0.0,nublado,2026-09-03T15:12:49+00:00
grand-lieu,2021-10-15,3,S2A_30TWT_20211015_0_L2A;S2A_30TXT_20211015_0_L2A;S2A_30TXT_20211015_1_L2A,1.0,0.1781,0.8219,0.0337,-0.1523,otsu,1.316,0.0316,6299.3,324.0,0.0626,1342.6,391.4,1375.2,-0.1911,0.329,0.3994,0.9401,espectro_anomalo,2026-09-03T15:12:49+00:00
grand-lieu,2021-10-20,1,S2B_30TXT_20211020_0_L2A,0.5058,0.1575,0.4262,0.0454,-0.0273,otsu,1.116,0.0396,6299.3,466.8,0.1739,456.7,438.6,1046.8,-0.1401,0.2694,0.331,0.9164,parcial,2026-09-03T15:12:49+00:00
grand-lieu,2021-10-23,4,S2B_30TWT_20211023_0_L2A;S2B_30TWT_20211023_1_L2A;S2B_30TXT_20211023_0_L2A;S2B_30TXT_20211023_1_L2A,1.0,0.134,0.866,0.0219,0.0352,otsu,0.807,0.0206,6299.3,608.4,0.1115,1082.2,1003.3,1519.7,-0.2636,0.4042,0.4429,0.9995,ok,2026-09-03T15:12:49+00:00
grand-lieu,2021-10-25,2,S2A_30TWT_20211025_0_L2A;S2A_30TWT_20211025_1_L2A,1.0,0.296,0.704,0.0238,-0.0117,otsu,0.709,0.0197,6299.3,946.5,0.2134,584.6,1025.0,1510.8,-0.2305,0.3757,0.4428,0.9784,nublado,2026-09-03T15:12:49+00:00
grand-lieu,2021-10-28,4,S2A_30TWT_20211028_0_L2A;S2A_30TWT_20211028_1_L2A;S2A_30TXT_20211028_0_L2A;S2A_30TXT_20211028_1_L2A,1.0,0.0015,0.9985,0.0147,0.0508,otsu,0.659,0.0115,6299.3,1161.8,0.1847,687.2,1273.4,1777.1,-0.2437,0.3999,0.4473,0.9996,ok,2026-09-03T15:12:49+00:00
grand-lieu,2021-11-04,4,S2A_30TWT_20211104_0_L2A;S2A_30TWT_20211104_1_L2A;S2A_30TXT_20211104_0_L2A;S2A_30TXT_20211104_1_L2A,1.0,0.0724,0.9276,0.0276,0.0117,otsu,0.974,0.0211,6299.3,917.7,0.1571,494.9,986.1,1839.5,-0.2221,0.328,0.4055,0.9632,ok,2026-09-03T15:12:49+00:00
grand-lieu,2021-11-07,1,S2A_30TWT_20211107_0_L2A,1.0,0.9954,0.0046,0.1254,0.0,fijo,,,6299.3,0.5,0.0166,0.5,0.0,0.0,-0.0672,0.0932,0.1105,0.0,nublado,2026-09-03T15:12:49+00:00
grand-lieu,2021-11-09,4,S2B_30TWT_20211109_0_L2A;S2B_30TWT_20211109_1_L2A;S2B_30TXT_20211109_0_L2A;S2B_30TXT_20211109_1_L2A,1.0,0.0036,0.9964,0.0254,0.0039,otsu,0.522,0.0209,6299.3,1364.6,0.2174,641.9,1466.6,1935.2,-0.2519,0.3163,0.354,0.9959,ok,2026-09-03T15:13:15+00:00
grand-lieu,2021-11-12,1,S2B_30TWT_20211112_0_L2A,1.0,0.5227,0.4773,0.0251,0.0,fijo,0.164,0.0025,6299.3,51.0,0.0169,22.6,45.5,44.4,-0.2584,0.3291,0.4536,0.8359,nublado,2026-09-03T15:12:49+00:00
grand-lieu,2021-11-17,4,S2A_30TWT_20211117_0_L2A;S2A_30TWT_20211117_1_L2A;S2A_30TXT_20211117_0_L2A;S2A_30TXT_20211117_1_L2A,1.0,0.3925,0.6075,0.0684,-0.3398,otsu,1.211,0.0936,6299.3,768.8,0.2009,1636.5,107.0,1065.9,-0.043,0.1082,0.125,0.0255,nublado,2026-09-03T15:12:49+00:00
grand-lieu,2021-11-19,4,S2B_30TWT_20211119_0_L2A;S2B_30TWT_20211119_1_L2A;S2B_30TXT_20211119_0_L2A;S2B_30TXT_20211119_1_L2A,1.0,0.6447,0.3553,0.088,-0.0586,otsu,0.839,0.0702,6299.3,685.6,0.3063,41.0,658.4,787.2,-0.1119,0.0902,0.1617,0.0355,nublado,2026-09-03T15:13:15+00:00
grand-lieu,2021-11-22,4,S2B_30TWT_20211122_0_L2A;S2B_30TWT_20211122_1_L2A;S2B_30TXT_20211122_0_L2A;S2B_30TXT_20211122_1_L2A,1.0,0.0564,0.9436,0.022,0.0898,otsu,0.805,0.0204,6299.3,1445.0,0.2431,505.1,1390.3,2079.8,-0.1562,0.2473,0.309,0.897,ok,2026-09-03T15:13:15+00:00
grand-lieu,2021-11-24,4,S2A_30TWT_20211124_0_L2A;S2A_30TWT_20211124_1_L2A;S2A_30TXT_20211124_0_L2A;S2A_30TXT_20211124_1_L2A,1.0,0.0155,0.9845,0.0259,0.1133,otsu,0.713,0.0227,6299.3,1778.2,0.2867,206.0,1800.9,2117.5,-0.1809,0.2456,0.2899,0.9206,ok,2026-09-03T15:13:15+00:00
grand-lieu,2021-11-27,2,S2A_30TWT_20211127_0_L2A;S2A_30TWT_20211127_1_L2A,1.0,0.5469,0.4531,0.0507,-0.3008,otsu,1.475,0.0376,6299.3,642.6,0.2251,992.6,8.5,1114.1,0.0262,0.1007,0.1506,0.0277,nublado,2026-09-03T15:13:15+00:00
grand-lieu,2021-12-04,2,S2A_30TWT_20211204_0_L2A;S2A_30TWT_20211204_1_L2A,1.0,0.7655,0.2345,0.0586,0.0,fijo,1.231,0.0423,6299.3,266.3,0.1803,158.8,37.7,749.7,-0.028,0.0493,0.0734,0.0,nublado,2026-09-03T15:13:15+00:00
grand-lieu,2021-12-17,4,S2A_30TWT_20211217_0_L2A;S2A_30TWT_20211217_1_L2A;S2A_30TXT_20211217_0_L2A;S2A_30TXT_20211217_1_L2A,1.0,0.0616,0.9384,0.0209,0.082,otsu,0.695,0.0193,6299.3,1948.5,0.3296,61.9,1812.4,2300.2,-0.1281,0.2668,0.3447,0.8962,ok,2026-09-03T15:13:15+00:00
grand-lieu,2022-01-01,2,S2B_30TWT_20220101_0_L2A;S2B_30TXT_20220101_0_L2A,1.0,0.1067,0.8933,0.0194,0.1445,otsu,0.628,0.0182,6299.3,2364.0,0.4201,136.2,2310.9,3118.5,-0.1396,0.2558,0.447,0.6418,ok,2026-09-03T15:13:15+00:00
grand-lieu,2022-01-03,1,S2A_30TWT_20220103_0_L2A,1.0,1.0,0.0,,0.0,fijo,,,6299.3,0.0,0.0,0.0,0.0,99.4,,,,,nublado,2026-09-03T15:13:15+00:00
grand-lieu,2022-01-06,2,S2A_30TWT_20220106_0_L2A;S2A_30TXT_20220106_0_L2A,1.0,0.0811,0.9189,0.0143,0.168,otsu,0.582,0.0128,6299.3,2703.8,0.4671,85.6,2580.6,3579.7,-0.0923,0.2102,0.3879,0.5279,ok,2026-09-03T15:13:15+00:00
grand-lieu,2022-01-11,1,S2B_30TXT_20220111_0_L2A,0.5058,0.8885,0.0576,0.1478,0.1992,otsu,0.86,0.1362,6299.3,144.3,0.3976,0.0,173.9,136.3,-0.0415,0.0225,0.0404,0.0,parcial,2026-09-03T15:13:15+00:00
grand-lieu,2022-01-13,4,S2A_30TWT_20220113_0_L2A;S2A_30TWT_20220113_1_L2A;S2A_30TXT_20220113_0_L2A;S2A_30TXT_20220113_1_L2A,1.0,0.0,1.0,0.0303,0.207,otsu,0.503,0.0325,6299.3,3399.2,0.5396,52.9,3307.4,3163.6,-0.0588,0.1166,0.2285,0.2026,ok,2026-09-03T15:13:31+00:00
grand-lieu,2022-01-21,2,S2B_30TWT_20220121_0_L2A;S2B_30TXT_20220121_0_L2A,1.0,0.0483,0.9517,0.022,0.1992,otsu,0.367,0.023,6299.3,3035.2,0.5063,137.7,2961.2,3657.1,-0.1063,0.1004,0.2265,0.1511,ok,2026-09-03T15:13:15+00:00
grand-lieu,2022-01-31,1,S2B_30TWT_20220131_0_L2A,1.0,0.5764,0.4236,0.0311,0.1367,otsu,0.578,0.0256,6299.3,1047.3,0.3925,4.0,1313.6,1642.3,-0.1319,0.1217,0.1795,0.0522,nublado,2026-09-03T15:13:31+00:00
grand-lieu,2022-02-05,2,S2A_30TWT_20220205_0_L2A;S2A_30TXT_20220205_0_L2A,1.0,0.5036,0.4964,0.0207,0.082,otsu,0.47,0.02,6299.3,1572.0,0.5027,36.1,1582.4,1775.9,-0.1497,0.1723,0.2323,0.2192,nublado,2026-09-03T15:13:31+00:00
grand-lieu,2022-02-07,1,S2B_30TXT_20220207_0_L2A,0.5058,0.5846,0.2105,0.094,0.0352,otsu,0.752,0.0906,6299.3,501.0,0.3778,106.7,321.8,256.5,-0.0823,0.0892,0.1485,0.0023,parcial,2026-09-03T15:13:31+00:00
grand-lieu,2022-02-12,2,S2A_30TWT_20220212_0_L2A;S2A_30TXT_20220212_0_L2A,0.9998,0.0052,0.9946,0.0144,0.168,otsu,0.482,0.0109,6299.3,2398.3,0.3828,378.6,2266.8,3345.9,-0.1724,0.2002,0.2806,0.442,ok,2026-09-03T15:13:31+00:00
grand-lieu,2022-02-17,2,S2B_30TWT_20220217_0_L2A;S2B_30TXT_20220217_0_L2A,1.0,0.9626,0.0374,0.1409,0.0977,otsu,0.819,0.1339,6299.3,107.6,0.4564,1.1,134.6,128.7,-0.0686,0.0215,0.0422,0.0,nublado,2026-09-03T15:13:31+00:00
grand-lieu,2022-02-25,2,S2A_30TWT_20220225_0_L2A;S2A_30TXT_20220225_0_L2A,1.0,0.2141,0.7859,0.0177,0.0977,otsu,0.597,0.0163,6299.3,2012.6,0.4065,218.4,1993.6,2573.6,-0.1753,0.2573,0.3101,0.9629,nublado,2026-09-03T15:13:31+00:00
grand-lieu,2022-02-27,1,S2B_30TXT_20220227_0_L2A,0.5058,1.003,0.0001,0.1798,0.0,fijo,,,6299.3,0.6,1.0,0.0,0.6,0.2,-0.0579,0.0216,0.0317,0.0,parcial,2026-09-03T15:13:31+00:00
grand-lieu,2022-03-04,1,S2A_30TWT_20220304_0_L2A,1.0,0.5947,0.4053,0.0315,0.1133,otsu,0.578,0.022,6299.3,802.2,0.3142,29.1,1016.9,1460.8,-0.1547,0.1702,0.2623,0.3236,nublado,2026-09-03T15:13:31+00:00
grand-lieu,2022-03-07,2,S2A_30TWT_20220307_0_L2A;S2A_30TXT_20220307_0_L2A,1.0,0.1758,0.8242,0.0359,0.1836,otsu,0.617,0.0353,6299.3,2242.0,0.4318,317.4,2132.5,2470.0,-0.1368,0.124,0.1839,0.0436,ok,2026-09-03T15:13:31+00:00
grand-lieu,2022-03-09,1,S2B_30TXT_20220309_0_L2A,0.5058,1.0,0.0,,0.0,fijo,,,6299.3,0.0,0.0,0.0,0.0,0.0,,,,,parcial,2026-09-03T15:13:31+00:00
grand-lieu,2022-03-12,2,S2B_30TWT_20220312_0_L2A;S2B_30TXT_20220312_0_L2A,1.0,0.8034,0.1966,0.0001,0.0,fijo,1.0,0.0001,6299.3,3.0,0.0024,10.3,6.8,953.3,-0.473,0.4805,0.9765,0.68,nublado,2026-09-03T15:13:48+00:00
grand-lieu,2022-03-14,2,S2A_30TWT_20220314_0_L2A;S2A_30TXT_20220314_0_L2A,1.0,0.0,1.0,0.0001,0.0,fijo,1.0,0.0001,6299.3,0.0,0.0,0.0,0.0,2750.5,,,,,espectro_anomalo,2026-09-03T15:13:48+00:00
grand-lieu,2022-03-17,1,S2A_30TWT_20220317_0_L2A,1.0,1.0,0.0,,0.0,fijo,,,6299.3,0.0,0.0,0.0,0.0,0.0,,,,,nublado,2026-09-03T15:13:31+00:00
grand-lieu,2022-03-22,4,S2B_30TWT_20220322_0_L2A;S2B_30TWT_20220322_1_L2A;S2B_30TXT_20220322_0_L2A;S2B_30TXT_20220322_1_L2A,1.0,0.0,1.0,0.0001,0.0,fijo,1.0,0.0001,6299.3,0.0,0.0,0.0,0.0,2172.2,,,,,espectro_anomalo,2026-09-03T15:13:48+00:00
grand-lieu,2022-03-24,2,S2A_30TWT_20220324_0_L2A;S2A_30TXT_20220324_0_L2A,1.0,0.0,1.0,0.0242,0.1602,otsu,0.553,0.0225,6299.3,1981.5,0.3146,251.4,2016.6,2344.3,-0.1868,0.1818,0.2939,0.3762,ok,2026-09-03T15:13:48+00:00
grand-lieu,2022-03-27,2,S2A_30TWT_20220327_0_L2A;S2A_30TXT_20220327_0_L2A,1.0,0.997,0.003,0.0472,0.0,fijo,,,6299.3,0.1,0.0042,0.1,0.0,0.0,,,,,nublado,2026-09-03T15:13:48+00:00
grand-lieu,2022-04-01,2,S2B_30TWT_20220401_0_L2A;S2B_30TXT_20220401_0_L2A,1.0,0.9411,0.0589,0.0001,0.0,fijo,,,6299.3,0.0,0.0001,1.5,0.0,11.0,,,,,nublado,2026-09-03T15:13:48+00:00
grand-lieu,2022-04-03,3,S2A_30TWT_20220403_0_L2A;S2A_30TXT_20220403_0_L2A;S2A_30TXT_20220403_1_L2A,1.0,0.9363,0.0637,0.0512,0.0508,otsu,0.432,0.0478,6299.3,322.0,0.8022,8.0,323.2,342.4,-0.1223,-0.0127,0.0357,0.0001,nublado,2026-09-03T15:13:48+00:00
grand-lieu,2022-04-11,1,S2B_30TXT_20220411_0_L2A,0.5058,0.0,0.5058,0.0375,0.0273,otsu,0.768,0.0402,6299.3,1307.5,0.4104,105.9,1287.8,1322.0,-0.0854,0.1322,0.1821,0.0654,parcial,2026-09-03T15:13:48+00:00
grand-lieu,2022-04-13,1,S2A_30TXT_20220413_0_L2A,0.5058,0.0155,0.4979,0.0001,0.0,fijo,1.0,0.0001,6299.3,0.2,0.0001,2.4,0.4,1326.8,-0.3276,0.7281,0.9903,1.0,parcial,2026-09-03T15:13:48+00:00
grand-lieu,2022-04-16,2,S2A_30TWT_20220416_0_L2A;S2A_30TXT_20220416_0_L2A,1.0,0.0,1.0,0.0288,0.1055,otsu,0.642,0.0268,6299.3,1585.8,0.2517,525.6,1574.0,1931.7,-0.1116,0.0983,0.2097,0.1213,ok,2026-09-03T15:13:48+00:00
grand-lieu,2022-04-21,2,S2B_30TWT_20220421_0_L2A;S2B_30TXT_20220421_0_L2A,1.0,0.1651,0.8349,0.0402,0.1055,otsu,0.62,0.0415,6299.3,1208.6,0.2298,650.2,1242.8,1634.4,-0.1507,0.1059,0.2005,0.1005,ok,2026-09-03T15:13:48+00:00
grand-lieu,2022-04-26,2,S2A_30TWT_20220426_0_L2A;S2A_30TXT_20220426_0_L2A,1.0,0.2123,0.7877,0.0322,0.0039,otsu,0.703,0.0321,6299.3,982.5,0.198,580.7,945.2,1335.6,-0.1083,0.1222,0.1818,0.0499,nublado,2026-09-03T15:13:48+00:00
grand-lieu,2022-05-01,2,S2B_30TWT_20220501_0_L2A;S2B_30TXT_20220501_0_L2A,1.0,0.9645,0.0355,0.1705,0.0,fijo,,,6299.3,1.2,0.0055,11.3,0.6,7.1,-0.0305,0.1118,0.1259,0.0,nublado,2026-09-03T15:14:05+00:00
grand-lieu,2022-05-03,2,S2A_30TWT_20220503_0_L2A;S2A_30TXT_20220503_0_L2A,1.0,0.0298,0.9702,0.0311,0.0977,otsu,0.491,0.0301,6299.3,1174.4,0.1922,427.0,1191.2,1523.4,-0.1733,0.1719,0.2117,0.177,ok,2026-09-03T15:14:05+00:00
grand-lieu,2022-05-06,2,S2A_30TWT_20220506_0_L2A;S2A_30TXT_20220506_0_L2A,1.0,0.1936,0.8064,0.0343,-0.0352,otsu,0.667,0.0367,6299.3,949.2,0.1869,513.5,915.0,1211.2,-0.1388,0.1535,0.1916,0.0656,ok,2026-09-03T15:14:05+00:00
grand-lieu,2022-05-08,2,S2B_30TWT_20220508_0_L2A;S2B_30TXT_20220508_0_L2A,1.0,0.9727,0.0273,0.0317,-0.1133,otsu,,,6299.3,17.2,0.1004,4.6,17.4,15.0,-0.168,0.23,0.255,0.9304,nublado,2026-09-03T15:14:05+00:00
grand-lieu,2022-05-13,1,S2A_30TXT_20220513_0_L2A,0.5058,0.9987,0.0006,0.0607,0.0,fijo,,,6299.3,0.5,0.1287,1.6,0.0,0.9,-0.0867,0.1267,0.1415,0.0,parcial,2026-09-03T15:14:05+00:00
grand-lieu,2022-05-16,1,S2A_30TXT_20220516_0_L2A,0.5058,0.9887,0.007,0.1221,-0.0898,otsu,,,6299.3,1.2,0.0282,22.8,0.2,12.0,-0.0301,0.1024,0.1274,0.0,parcial,2026-09-03T15:14:05+00:00
grand-lieu,2022-05-21,2,S2B_30TWT_20220521_0_L2A;S2B_30TXT_20220521_0_L2A,1.0,0.0,1.0,0.0341,-0.168,otsu,1.141,0.0324,6299.3,316.8,0.0503,1707.7,85.6,1183.1,-0.0968,0.1794,0.2187,0.2436,espectro_anomalo,2026-09-03T15:14:05+00:00
grand-lieu,2022-05-28,2,S2B_30TWT_20220528_0_L2A;S2B_30TXT_20220528_0_L2A,1.0,0.0,1.0,0.0241,0.0508,otsu,0.426,0.0178,6299.3,1051.4,0.1669,113.7,1062.7,1200.2,-0.1452,0.2337,0.2839,0.8257,ok,2026-09-03T15:14:05+00:00
grand-lieu,2022-05-31,2,S2B_30TWT_20220531_0_L2A;S2B_30TXT_20220531_0_L2A,1.0,0.1625,0.8375,0.026,0.1523,otsu,0.362,0.0197,6299.3,967.2,0.1833,46.4,995.8,1128.3,-0.2173,0.2373,0.295,0.7736,ok,2026-09-03T15:14:05+00:00
grand-lieu,2022-06-02,2,S2A_30TWT_20220602_0_L2A;S2A_30TXT_20220602_0_L2A,1.0,0.1574,0.8426,0.0225,0.1055,otsu,0.261,0.0156,6299.3,925.6,0.1744,33.7,970.7,1049.9,-0.1857,0.2648,0.3162,0.9079,ok,2026-09-03T15:14:05+00:00
grand-lieu,2022-06-05,1,S2A_30TXT_20220605_0_L2A,0.5058,0.3649,0.3213,0.045,-0.1289,otsu,0.761,0.056,6299.3,526.0,0.2598,226.8,502.5,643.6,-0.082,0.1597,0.1981,0.0903,parcial,2026-09-03T15:14:05+00:00
grand-lieu,2022-06-12,2,S2A_30TWT_20220612_0_L2A;S2A_30TXT_20220612_0_L2A,1.0,0.2932,0.7068,0.0001,0.0,fijo,1.0,0.0001,6299.3,0.2,0.0,65.6,1.6,984.3,,,,,nublado,2026-09-03T15:14:05+00:00
grand-lieu,2022-06-15,2,S2A_30TWT_20220615_0_L2A;S2A_30TXT_20220615_0_L2A,1.0,0.0,1.0,0.0195,0.0742,otsu,0.936,0.0145,6299.3,312.7,0.0496,813.7,839.0,1139.3,-0.2084,0.41,0.6338,0.9188,ok,2026-09-03T15:14:22+00:00
grand-lieu,2022-06-17,2,S2B_30TWT_20220617_0_L2A;S2B_30TXT_20220617_0_L2A,1.0,0.0,1.0,0.0353,-0.2148,otsu,1.319,0.034,6299.3,0.4,0.0001,2071.6,0.2,1131.8,-0.0254,0.2255,0.2811,0.8,espectro_anomalo,2026-09-03T15:14:22+00:00
grand-lieu,2022-06-25,1,S2A_30TWT_20220625_0_L2A,1.0,0.9509,0.0491,0.051,-0.0586,otsu,1.265,0.1415,6299.3,11.9,0.0384,37.2,0.4,40.2,-0.027,0.0868,0.1327,0.037,nublado,2026-09-03T15:14:22+00:00
grand-lieu,2022-06-27,2,S2B_30TWT_20220627_0_L2A;S2B_30TXT_20220627_0_L2A,1.0,0.1663,0.8337,0.0405,0.0898,otsu,0.858,0.0361,6299.3,509.4,0.097,684.6,725.6,1191.5,-0.2265,0.4005,0.4294,0.9969,ok,2026-09-03T15:14:22+00:00
grand-lieu,2022-06-30,2,S2B_30TWT_20220630_0_L2A;S2B_30TXT_20220630_0_L2A,1.0,0.2151,0.7849,0.0454,-0.1445,otsu,1.071,0.0537,6299.3,516.8,0.1045,1256.6,436.0,997.4,-0.1288,0.2772,0.3306,0.9094,nublado,2026-09-03T15:14:22+00:00
grand-lieu,2022-07-02,2,S2A_30TWT_20220702_0_L2A;S2A_30TXT_20220702_0_L2A,1.0,0.1008,0.8992,0.0299,0.1445,otsu,0.804,0.0234,6299.3,141.2,0.0249,1003.1,737.8,1105.7,-0.3062,0.4813,0.5254,0.9975,incoherente,2026-09-03T15:14:22+00:00
grand-lieu,2022-07-05,2,S2A_30TWT_20220705_0_L2A;S2A_30TXT_20220705_0_L2A,1.0,0.0,1.0,0.0299,-0.1211,otsu,1.083,0.0455,6299.3,634.3,0.1007,1077.0,564.1,1139.3,-0.1223,0.3005,0.3615,0.9873,ok,2026-09-03T15:14:22+00:00
grand-lieu,2022-07-10,2,S2B_30TWT_20220710_0_L2A;S2B_30TXT_20220710_0_L2A,1.0,0.0,1.0,0.032,-0.0273,otsu,1.129,0.0381,6299.3,419.1,0.0665,990.2,329.1,1119.0,-0.1427,0.3497,0.4022,0.9995,espectro_anomalo,2026-09-03T15:14:22+00:00
grand-lieu,2022-07-12,2,S2A_30TWT_20220712_0_L2A;S2A_30TXT_20220712_0_L2A,1.0,0.0,1.0,0.0304,0.1133,otsu,1.053,0.022,6299.3,17.2,0.0027,1160.6,370.2,1105.0,-0.2248,0.4491,0.4908,1.0,incoherente,2026-09-03T15:14:22+00:00
grand-lieu,2022-07-15,2,S2A_30TWT_20220715_0_L2A;S2A_30TXT_20220715_0_L2A,1.0,0.8704,0.1296,0.0382,-0.1523,otsu,1.452,0.0399,6299.3,0.5,0.0006,198.3,0.0,115.3,-0.076,0.2284,0.2472,0.8333,nublado,2026-09-03T15:14:22+00:00
grand-lieu,2022-07-17,1,S2B_30TXT_20220717_0_L2A,0.5058,1.0,0.0,,0.0,fijo,,,6299.3,0.0,0.0,0.0,0.0,0.0,,,,,parcial,2026-09-03T15:14:22+00:00
grand-lieu,2022-07-20,1,S2B_30TXT_20220720_0_L2A,0.5058,0.8604,0.0717,0.1227,0.082,otsu,0.879,0.1262,6299.3,135.0,0.2986,23.8,130.8,166.0,-0.1194,0.1465,0.1847,0.0039,parcial,2026-09-03T15:14:22+00:00
grand-lieu,2022-07-27,2,S2B_30TWT_20220727_0_L2A;S2B_30TXT_20220727_0_L2A,1.0,0.0623,0.9377,0.0506,0.082,otsu,0.868,0.0378,6299.3,686.7,0.1163,468.6,750.6,1127.5,-0.1871,0.3465,0.3719,0.9972,ok,2026-09-03T15:14:38+00:00
grand-lieu,2022-07-30,2,S2B_30TWT_20220730_0_L2A;S2B_30TXT_20220730_0_L2A,1.0,0.0,1.0,0.0359,0.082,otsu,0.712,0.0289,6299.3,863.6,0.1371,303.7,903.2,1136.2,-0.1988,0.3709,0.3953,0.9999,ok,2026-09-03T15:14:38+00:00
grand-lieu,2022-08-04,1,S2A_30TWT_20220804_0_L2A,1.0,0.5881,0.4119,0.0419,-0.1133,otsu,1.004,0.0406,6299.3,489.2,0.1885,363.8,432.4,922.4,-0.0883,0.2091,0.2678,0.6261,nublado,2026-09-03T15:14:38+00:00
grand-lieu,2022-08-06,2,S2B_30TWT_20220806_0_L2A;S2B_30TXT_20220806_0_L2A,1.0,0.0002,0.9998,0.0411,0.0586,otsu,0.967,0.0308,6299.3,643.2,0.1021,538.2,641.5,1139.0,-0.1622,0.3089,0.3394,0.9985,ok,2026-09-03T15:14:38+00:00
grand-lieu,2022-08-09,2,S2B_30TWT_20220809_0_L2A;S2B_30TXT_20220809_0_L2A,1.0,0.0,1.0,0.0368,0.0352,otsu,0.917,0.0308,6299.3,789.5,0.1253,402.2,816.0,1129.9,-0.1579,0.3121,0.3428,1.0,ok,2026-09-03T15:14:38+00:00
grand-lieu,2022-08-11,2,S2A_30TWT_20220811_1_L2A;S2A_30TXT_20220811_1_L2A,1.0,0.0001,0.9999,0.0371,0.0742,otsu,0.83,0.0268,6299.3,805.0,0.1278,311.0,811.8,1134.2,-0.162,0.3071,0.3286,0.9998,ok,2026-09-03T15:14:38+00:00
grand-lieu,2022-08-24,2,S2A_30TWT_20220824_0_L2A;S2A_30TXT_20220824_0_L2A,1.0,0.0011,0.9989,0.027,0.0586,otsu,0.714,0.0178,6299.3,771.5,0.1226,302.8,857.6,1126.9,-0.2209,0.4029,0.4249,1.0,ok,2026-09-03T15:14:38+00:00
grand-lieu,2022-08-26,1,S2B_30TXT_20220826_0_L2A,0.5058,0.5667,0.2195,0.0562,0.1133,otsu,0.734,0.0444,6299.3,365.4,0.2642,62.8,378.6,504.8,-0.2091,0.2804,0.325,0.9086,parcial,2026-09-03T15:14:38+00:00
grand-lieu,2022-08-29,2,S2B_30TWT_20220829_0_L2A;S2B_30TXT_20220829_0_L2A,1.0,0.8675,0.1325,0.0001,0.0,fijo,1.0,0.0001,6299.3,0.0,0.0,0.1,0.0,116.2,,,,,nublado,2026-09-03T15:14:38+00:00
grand-lieu,2022-09-03,1,S2A_30TXT_20220903_0_L2A,0.5058,0.8169,0.093,0.0685,-0.082,otsu,1.055,0.0642,6299.3,134.6,0.2297,102.6,97.2,272.4,-0.094,0.1884,0.2234,0.464,parcial,2026-09-03T15:14:38+00:00
grand-lieu,2022-09-05,2,S2B_30TWT_20220905_0_L2A;S2B_30TXT_20220905_0_L2A,1.0,0.0556,0.9444,0.0367,0.0352,otsu,0.792,0.0257,6299.3,665.6,0.1119,382.6,759.9,1063.2,-0.1943,0.3477,0.3695,0.9975,ok,2026-09-03T15:14:38+00:00
grand-lieu,2022-09-08,2,S2B_30TWT_20220908_0_L2A;S2B_30TXT_20220908_0_L2A,1.0,0.656,0.344,0.0512,-0.0664,otsu,1.243,0.0504,6299.3,239.6,0.1106,344.0,233.9,599.6,-0.1423,0.2039,0.2672,0.5583,nublado,2026-09-03T15:14:58+00:00
grand-lieu,2022-09-10,1,S2A_30TXT_20220910_0_L2A,0.5058,1.0004,0.0001,0.1604,0.0,fijo,,,6299.3,0.0,0.0,0.0,0.0,0.0,,,,,parcial,2026-09-03T15:14:38+00:00
grand-lieu,2022-09-15,2,S2B_30TWT_20220915_0_L2A;S2B_30TXT_20220915_0_L2A,1.0,0.5988,0.4012,0.0513,0.0742,otsu,0.615,0.0452,6299.3,402.6,0.1593,97.4,417.6,648.0,-0.2102,0.2338,0.3159,0.6535,nublado,2026-09-03T15:14:58+00:00
grand-lieu,2022-09-18,2,S2B_30TWT_20220918_0_L2A;S2B_30TXT_20220918_0_L2A,0.9999,0.0002,0.9998,0.0264,0.1133,otsu,0.865,0.0207,6299.3,653.4,0.1037,515.0,838.4,1196.6,-0.1992,0.3727,0.394,0.9965,ok,2026-09-03T15:14:58+00:00
grand-lieu,2022-09-20,2,S2A_30TWT_20220920_0_L2A;S2A_30TXT_20220920_0_L2A,1.0,0.0008,0.9992,0.0271,0.0586,otsu,0.905,0.0204,6299.3,731.6,0.1162,464.2,808.0,1210.5,-0.169,0.3448,0.3657,0.9979,ok,2026-09-03T15:14:58+00:00
grand-lieu,2022-09-25,2,S2B_30TWT_20220925_0_L2A;S2B_30TXT_20220925_0_L2A,1.0,0.474,0.526,0.0736,-0.3086,otsu,1.494,0.0753,6299.3,48.4,0.0146,1311.9,33.8,663.3,-0.1235,0.2236,0.2992,0.6079,nublado,2026-09-03T15:14:58+00:00
grand-lieu,2022-09-30,2,S2A_30TWT_20220930_0_L2A;S2A_30TXT_20220930_0_L2A,1.0,0.1047,0.8953,0.0313,0.0039,otsu,0.75,0.0232,6299.3,812.3,0.144,467.3,861.4,1269.0,-0.2227,0.3455,0.3743,0.9993,ok,2026-09-03T15:14:58+00:00
grand-lieu,2022-10-08,2,S2B_30TWT_20221008_1_L2A;S2B_30TXT_20221008_1_L2A,1.0,0.5418,0.4582,0.0395,-0.0977,otsu,1.215,0.0351,6299.3,405.4,0.1405,457.6,393.8,1035.4,-0.1864,0.2435,0.3348,0.7121,nublado,2026-09-03T15:14:58+00:00
grand-lieu,2022-10-23,1,S2A_30TXT_20221023_0_L2A,0.5058,1.0031,0.0,,0.0,fijo,,,6299.3,0.0,0.0,0.0,0.0,0.0,,,,,parcial,2026-09-03T15:14:58+00:00
grand-lieu,2022-11-02,2,S2A_30TWT_20221102_0_L2A;S2A_30TXT_20221102_0_L2A,1.0,0.6795,0.3205,0.0392,-0.0977,otsu,1.271,0.0196,6299.3,245.1,0.1214,647.0,232.4,945.3,-0.1252,0.19,0.2754,0.4244,nublado,2026-09-03T15:14:58+00:00
grand-lieu,2022-11-04,2,S2B_30TWT_20221104_0_L2A;S2B_30TXT_20221104_0_L2A,1.0,0.7122,0.2878,0.0467,0.0586,otsu,1.068,0.0399,6299.3,319.9,0.1764,593.9,446.5,1084.8,-0.1957,0.1939,0.2753,0.3683,nublado,2026-09-03T15:14:58+00:00
grand-lieu,2022-11-07,1,S2B_30TWT_20221107_0_L2A,1.0,0.953,0.047,0.1258,0.0,fijo,1.161,0.1185,6299.3,69.2,0.2337,82.5,7.4,178.4,-0.0399,0.0748,0.1064,0.0006,nublado,2026-09-03T15:14:58+00:00
grand-lieu,2022-11-12,2,S2A_30TWT_20221112_0_L2A;S2A_30TXT_20221112_0_L2A,1.0,0.0,1.0,0.0152,-0.0195,otsu,0.827,0.0127,6299.3,862.4,0.1369,1121.2,1162.4,1884.8,-0.2402,0.4137,0.4537,0.9942,ok,2026-09-03T15:14:58+00:00
grand-lieu,2022-11-17,2,S2B_30TWT_20221117_0_L2A;S2B_30TXT_20221117_0_L2A,1.0,0.4328,0.5672,0.036,-0.0117,otsu,1.309,0.0319,6299.3,41.6,0.0116,1203.9,17.8,1316.5,-0.0714,0.2161,0.2858,0.6433,nublado,2026-09-03T15:15:12+00:00
grand-lieu,2022-11-19,2,S2A_30TWT_20221119_0_L2A;S2A_30TXT_20221119_0_L2A,1.0,0.0,1.0,0.0145,0.082,otsu,0.858,0.0108,6299.3,289.5,0.046,1699.1,1420.2,2018.1,-0.1723,0.3148,0.4628,0.714,incoherente,2026-09-03T15:15:12+00:00
grand-lieu,2022-11-22,2,S2A_30TWT_20221122_0_L2A;S2A_30TXT_20221122_0_L2A,1.0,0.2592,0.7408,0.0225,-0.0508,otsu,1.227,0.0195,6299.3,44.6,0.0095,1386.3,15.6,1535.3,-0.0758,0.2568,0.329,0.798,nublado,2026-09-03T15:15:12+00:00
grand-lieu,2022-11-29,2,S2A_30TWT_20221129_0_L2A;S2A_30TXT_20221129_0_L2A,1.0,0.0001,0.9999,0.0143,0.1055,otsu,0.695,0.011,6299.3,1163.8,0.1848,827.4,1846.1,2106.6,-0.2478,0.399,0.5159,0.8533,ok,2026-09-03T15:15:12+00:00
grand-lieu,2022-12-07,2,S2B_30TWT_20221207_0_L2A;S2B_30TXT_20221207_0_L2A,1.0,0.0944,0.9056,0.0314,0.1211,otsu,0.731,0.0281,6299.3,1738.0,0.3047,95.1,1754.5,1999.6,-0.1803,0.2992,0.3584,0.9115,ok,2026-09-03T15:15:12+00:00
grand-lieu,2022-12-09,2,S2A_30TWT_20221209_0_L2A;S2A_30TXT_20221209_0_L2A,1.0,0.0,1.0,0.0185,0.1133,otsu,0.822,0.0151,6299.3,1573.1,0.2497,404.6,1711.7,2160.0,-0.1885,0.38,0.4339,0.9749,ok,2026-09-03T15:15:12+00:00
grand-lieu,2022-12-17,1,S2B_30TWT_20221217_0_L2A,1.0,1.0,0.0,,0.0,fijo,,,6299.3,0.0,0.0,0.0,0.0,0.0,,,,,nublado,2026-09-03T15:15:12+00:00
grand-lieu,2022-12-27,2,S2B_30TWT_20221227_0_L2A;S2B_30TXT_20221227_0_L2A,1.0,0.4079,0.5921,0.0278,0.1992,otsu,0.724,0.0261,6299.3,1249.3,0.335,66.0,1506.4,2032.8,-0.131,0.274,0.4828,0.632,nublado,2026-09-03T15:15:12+00:00
grand-lieu,2022-12-29,2,S2A_30TWT_20221229_0_L2A;S2A_30TXT_20221229_0_L2A,1.0,0.0431,0.9569,0.0215,0.043,otsu,0.974,0.0197,6299.3,1577.4,0.2617,664.8,1208.4,2875.2,-0.0706,0.2509,0.367,0.7058,ok,2026-09-03T15:15:12+00:00
grand-lieu,2023-01-03,1,S2B_30TXT_20230103_0_L2A,0.5058,0.9947,0.0027,0.0645,0.0,fijo,,,6299.3,4.7,0.2766,0.2,4.5,7.2,0.0217,-0.0018,0.0275,0.0,parcial,2026-09-03T15:15:12+00:00
grand-lieu,2023-01-11,1,S2A_30TXT_20230111_0_L2A,0.5058,0.0088,0.5013,0.024,-0.0039,otsu,0.856,0.024,6299.3,1739.1,0.5507,39.6,1559.8,1838.0,-0.0224,0.1555,0.2395,0.4738,parcial,2026-09-03T15:15:12+00:00
grand-lieu,2023-01-13,1,S2B_30TWT_20230113_0_L2A,1.0,0.8234,0.1766,0.092,-0.0039,otsu,1.019,0.0848,6299.3,648.2,0.5826,95.6,345.2,626.4,-0.0352,0.0808,0.1287,0.0022,nublado,2026-09-03T15:15:12+00:00
grand-lieu,2023-01-16,2,S2B_30TWT_20230116_0_L2A;S2B_30TXT_20230116_0_L2A,1.0,0.536,0.464,0.0256,0.168,otsu,0.869,0.0266,6299.3,1813.4,0.6204,123.4,1384.4,2121.3,0.0023,0.1439,0.2677,0.3015,nublado,2026-09-03T15:15:31+00:00
grand-lieu,2023-01-18,2,S2A_30TWT_20230118_0_L2A;S2A_30TXT_20230118_0_L2A,1.0,0.2778,0.7222,0.0128,0.2227,otsu,0.573,0.0117,6299.3,2289.1,0.5032,31.5,2426.2,3173.1,-0.0124,0.1123,0.2857,0.2597,nublado,2026-09-03T15:15:31+00:00
grand-lieu,2023-01-21,2,S2A_30TWT_20230121_0_L2A;S2A_30TXT_20230121_0_L2A,1.0,0.3643,0.6357,0.0248,0.2227,otsu,0.517,0.0239,6299.3,2094.4,0.523,7.8,2091.1,2601.4,-0.0446,0.0578,0.159,0.0415,nublado,2026-09-03T15:15:31+00:00
grand-lieu,2023-01-28,2,S2A_30TWT_20230128_0_L2A;S2A_30TXT_20230128_0_L2A,1.0,0.6619,0.3381,0.0415,0.207,otsu,0.439,0.0401,6299.3,1362.6,0.6397,7.9,1529.3,1664.8,-0.1063,0.0462,0.0943,0.0015,nublado,2026-09-03T15:15:31+00:00
grand-lieu,2023-01-31,1,S2A_30TWT_20230131_0_L2A,1.0,0.9992,0.0008,0.1476,0.0,fijo,,,6299.3,0.0,0.0,0.0,0.0,0.0,,,,,nublado,2026-09-03T15:15:31+00:00
grand-lieu,2023-02-07,2,S2A_30TWT_20230207_0_L2A;S2A_30TXT_20230207_0_L2A,1.0,0.5344,0.4656,0.0261,0.1758,otsu,0.56,0.0247,6299.3,1923.6,0.6559,48.4,1821.3,2159.6,-0.0926,0.1222,0.1819,0.0485,nublado,2026-09-03T15:15:31+00:00
grand-lieu,2023-02-12,2,S2B_30TWT_20230212_0_L2A;S2B_30TXT_20230212_0_L2A,1.0,0.0061,0.9939,0.0283,0.168,otsu,0.494,0.0261,6299.3,3029.6,0.4839,209.0,3106.8,3599.0,-0.1685,0.1838,0.2528,0.3258,ok,2026-09-03T15:15:31+00:00
grand-lieu,2023-02-15,2,S2B_30TWT_20230215_0_L2A;S2B_30TXT_20230215_0_L2A,1.0,0.0,1.0,0.0245,0.1602,otsu,0.544,0.0209,6299.3,2968.4,0.4712,306.7,2749.4,3574.8,-0.1421,0.1858,0.2574,0.3621,ok,2026-09-03T15:15:31+00:00
grand-lieu,2023-02-20,2,S2A_30TWT_20230220_0_L2A;S2A_30TXT_20230220_0_L2A,1.0,0.0,1.0,0.0105,0.082,otsu,0.654,0.0068,6299.3,2188.0,0.3473,183.6,2184.0,3499.2,-0.1305,0.2731,0.3471,0.9579,ok,2026-09-03T15:15:31+00:00
grand-lieu,2023-02-27,2,S2A_30TWT_20230227_0_L2A;S2A_30TXT_20230227_0_L2A,1.0,0.0051,0.9949,0.0167,0.1289,otsu,0.882,0.0148,6299.3,2518.6,0.4019,515.7,1410.9,3521.2,-0.0445,0.2132,0.2732,0.5413,ok,2026-09-03T15:15:31+00:00
grand-lieu,2023-03-02,2,S2A_30TWT_20230302_0_L2A;S2A_30TXT_20230302_0_L2A,1.0,0.5194,0.4806,0.0403,0.168,otsu,0.596,0.0394,6299.3,1409.9,0.4657,127.3,1406.7,1486.9,-0.1379,0.1343,0.1608,0.0247,nublado,2026-09-03T15:15:31+00:00
grand-lieu,2023-03-04,2,S2B_30TWT_20230304_0_L2A;S2B_30TXT_20230304_0_L2A,1.0,0.0,1.0,0.0265,0.1367,otsu,0.58,0.0243,6299.3,2877.6,0.4568,344.2,2805.4,3448.0,-0.142,0.2079,0.2603,0.5614,ok,2026-09-03T15:15:31+00:00
grand-lieu,2023-03-14,2,S2B_30TWT_20230314_0_L2A;S2B_30TXT_20230314_0_L2A,1.0,0.8832,0.1168,0.0715,0.1992,otsu,0.806,0.0671,6299.3,341.0,0.4633,10.6,435.9,583.9,-0.0777,0.1245,0.1731,0.0033,nublado,2026-09-03T15:15:47+00:00
grand-lieu,2023-03-17,1,S2B_30TWT_20230317_0_L2A,1.0,0.7476,0.2524,0.0309,0.1445,otsu,0.49,0.0295,6299.3,1058.6,0.6657,24.6,1148.2,1224.9,-0.1924,0.245,0.3211,0.7648,nublado,2026-09-03T15:15:47+00:00
grand-lieu,2023-03-24,2,S2B_30TWT_20230324_0_L2A;S2B_30TXT_20230324_0_L2A,1.0,0.8725,0.1275,0.0547,0.1289,otsu,0.678,0.0492,6299.3,562.1,0.7001,20.2,660.6,715.5,-0.082,0.1353,0.2148,0.1754,nublado,2026-09-03T15:15:47+00:00
grand-lieu,2023-03-27,1,S2B_30TXT_20230327_0_L2A,0.5058,0.8718,0.0654,0.0661,0.2852,otsu,0.728,0.0625,6299.3,163.3,0.396,4.6,328.3,375.2,-0.1712,0.1703,0.2382,0.2548,parcial,2026-09-03T15:15:47+00:00
grand-lieu,2023-04-08,2,S2A_30TWT_20230408_0_L2A;S2A_30TXT_20230408_0_L2A,1.0,0.0481,0.9519,0.0224,0.0039,otsu,0.951,0.0205,6299.3,1090.4,0.1819,807.9,1205.5,1763.6,-0.1498,0.2901,0.344,0.899,ok,2026-09-03T15:15:47+00:00
grand-lieu,2023-04-18,2,S2A_30TWT_20230418_0_L2A;S2A_30TXT_20230418_0_L2A,1.0,0.6188,0.3812,0.0344,0.1523,otsu,0.543,0.0338,6299.3,837.6,0.3488,183.7,909.8,1034.4,-0.137,0.2053,0.283,0.5618,nublado,2026-09-03T15:15:47+00:00
grand-lieu,2023-04-21,1,S2A_30TXT_20230421_0_L2A,0.5058,0.5425,0.2314,0.04,0.0742,otsu,0.622,0.038,6299.3,776.0,0.5323,98.5,776.7,939.3,-0.1545,0.1754,0.2294,0.3131,parcial,2026-09-03T15:15:47+00:00
grand-lieu,2023-05-01,2,S2A_30TWT_20230501_0_L2A;S2A_30TXT_20230501_0_L2A,1.0,0.723,0.277,0.0392,-0.1133,otsu,0.916,0.0428,6299.3,169.4,0.097,327.6,151.7,270.4,-0.1003,0.108,0.1872,0.0494,nublado,2026-09-03T15:15:47+00:00
grand-lieu,2023-05-03,1,S2B_30TXT_20230503_0_L2A,0.5058,1.0,0.0,,0.0,fijo,,,6299.3,0.0,0.0,0.0,0.0,0.0,,,,,parcial,2026-09-03T15:15:47+00:00
grand-lieu,2023-05-16,2,S2B_30TWT_20230516_0_L2A;S2B_30TXT_20230516_0_L2A,1.0,0.2067,0.7933,0.0377,-0.0898,otsu,0.815,0.0543,6299.3,867.9,0.1737,778.3,795.0,1106.6,-0.0618,0.1128,0.1568,0.0117,nublado,2026-09-03T15:15:47+00:00
grand-lieu,2023-05-26,2,S2B_30TWT_20230526_0_L2A;S2B_30TXT_20230526_0_L2A,1.0,0.0,1.0,0.0352,-0.1133,otsu,0.868,0.0475,6299.3,1055.8,0.1676,933.9,976.0,1211.8,-0.073,0.1387,0.182,0.046,ok,2026-09-03T15:15:47+00:00
grand-lieu,2023-05-28,2,S2A_30TWT_20230528_0_L2A;S2A_30TXT_20230528_0_L2A,1.0,0.0,1.0,0.0279,0.082,otsu,0.562,0.0259,6299.3,1075.7,0.1708,153.4,1066.0,1203.6,-0.1256,0.1763,0.236,0.2134,ok,2026-09-03T15:15:47+00:00
grand-lieu,2023-05-31,2,S2A_30TWT_20230531_0_L2A;S2A_30TXT_20230531_0_L2A,1.0,0.0,1.0,0.0279,-0.1914,otsu,0.811,0.0426,6299.3,1097.9,0.1743,1059.4,1033.3,1198.0,-0.0465,0.1347,0.1968,0.094,ok,2026-09-03T15:16:05+00:00
grand-lieu,2023-06-02,2,S2B_30TWT_20230602_0_L2A;S2B_30TXT_20230602_0_L2A,1.0,0.0,1.0,0.0348,0.082,otsu,0.671,0.0325,6299.3,1065.5,0.1691,215.0,1049.4,1193.0,-0.1081,0.175,0.231,0.1782,ok,2026-09-03T15:16:05+00:00
grand-lieu,2023-06-05,2,S2B_30TWT_20230605_0_L2A;S2B_30TXT_20230605_0_L2A,1.0,0.0,1.0,0.034,-0.0117,otsu,0.719,0.0372,6299.3,1062.4,0.1686,361.8,1048.9,1177.2,-0.09,0.177,0.2308,0.2059,ok,2026-09-03T15:16:05+00:00
grand-lieu,2023-06-07,2,S2A_30TWT_20230607_0_L2A;S2A_30TXT_20230607_0_L2A,1.0,0.0001,0.9999,0.0312,0.082,otsu,0.611,0.0282,6299.3,1067.1,0.1694,154.5,1077.1,1166.4,-0.1257,0.2283,0.2738,0.8085,ok,2026-09-03T15:16:05+00:00
grand-lieu,2023-06-10,1,S2A_30TWT_20230610_0_L2A,1.0,0.4119,0.5881,0.0283,-0.2227,otsu,0.735,0.0342,6299.3,660.7,0.1783,730.0,638.5,970.5,-0.0617,0.2179,0.2964,0.5843,nublado,2026-09-03T15:16:05+00:00
grand-lieu,2023-06-12,2,S2B_30TWT_20230612_0_L2A;S2B_30TXT_20230612_0_L2A,1.0,0.7947,0.2053,0.0364,-0.1133,otsu,0.762,0.0258,6299.3,119.0,0.092,143.2,143.3,179.6,-0.193,0.364,0.4259,1.0,nublado,2026-09-03T15:16:05+00:00
grand-lieu,2023-06-15,2,S2B_30TWT_20230615_0_L2A;S2B_30TXT_20230615_0_L2A,1.0,0.0,1.0,0.0335,0.082,otsu,0.771,0.036,6299.3,1017.3,0.1615,204.1,1014.1,1172.4,-0.1566,0.3046,0.394,0.961,ok,2026-09-03T15:16:05+00:00
grand-lieu,2023-06-22,2,S2B_30TWT_20230622_0_L2A;S2B_30TXT_20230622_0_L2A,1.0,0.2257,0.7743,0.0545,0.1602,otsu,0.784,0.048,6299.3,852.6,0.1748,155.2,872.5,1048.0,-0.1701,0.2879,0.3327,0.9372,nublado,2026-09-03T15:16:05+00:00
grand-lieu,2023-06-25,2,S2B_30TWT_20230625_0_L2A;S2B_30TXT_20230625_0_L2A,1.0,0.0012,0.9988,0.0465,-0.0586,otsu,1.075,0.0577,6299.3,729.8,0.116,731.2,224.0,1143.4,-0.0913,0.2336,0.2564,0.9637,ok,2026-09-03T15:16:05+00:00
grand-lieu,2023-06-27,2,S2A_30TWT_20230627_0_L2A;S2A_30TXT_20230627_0_L2A,1.0,0.0,1.0,0.068,0.0586,otsu,1.388,0.0411,6299.3,235.6,0.0374,1083.3,218.4,1192.9,-0.1305,0.328,0.3791,0.9766,espectro_anomalo,2026-09-03T15:16:05+00:00
grand-lieu,2023-07-07,2,S2A_30TWT_20230707_0_L2A;S2A_30TXT_20230707_0_L2A,1.0,0.1757,0.8243,0.0394,0.0117,otsu,0.988,0.0369,6299.3,275.4,0.053,802.7,619.1,1054.4,-0.1783,0.3348,0.3766,0.9933,ok,2026-09-03T15:16:05+00:00
grand-lieu,2023-07-10,2,S2A_30TWT_20230710_0_L2A;S2A_30TXT_20230710_0_L2A,1.0,0.4066,0.5934,0.0387,-0.0742,otsu,0.891,0.0306,6299.3,601.5,0.1609,291.1,607.9,1005.1,-0.1488,0.3653,0.4632,0.9714,nublado,2026-09-03T15:16:05+00:00
grand-lieu,2023-07-15,2,S2B_30TWT_20230715_0_L2A;S2B_30TXT_20230715_0_L2A,1.0,0.6578,0.3422,0.0777,-0.043,otsu,1.265,0.0794,6299.3,315.0,0.1462,503.4,101.4,772.7,-0.0808,0.1639,0.1968,0.0813,nublado,2026-09-03T15:16:22+00:00
grand-lieu,2023-07-17,2,S2A_30TWT_20230717_0_L2A;S2A_30TXT_20230717_0_L2A,1.0,0.3883,0.6117,0.043,0.1055,otsu,1.086,0.0322,6299.3,77.8,0.0202,737.9,261.4,932.8,-0.1797,0.3414,0.3994,0.9579,nublado,2026-09-03T15:16:22+00:00
grand-lieu,2023-07-22,1,S2B_30TXT_20230722_0_L2A,0.5058,0.5185,0.2439,0.064,-0.0352,otsu,1.14,0.0591,6299.3,95.8,0.0623,596.2,52.7,696.9,-0.1179,0.198,0.2574,0.4085,parcial,2026-09-03T15:16:22+00:00
grand-lieu,2023-07-25,1,S2B_30TWT_20230725_0_L2A,1.0,0.9224,0.0776,0.0847,-0.082,otsu,1.074,0.08,6299.3,22.2,0.0454,50.2,11.4,33.6,-0.1116,0.213,0.2389,0.791,nublado,2026-09-03T15:16:22+00:00
grand-lieu,2023-08-06,1,S2A_30TWT_20230806_0_L2A,1.0,0.5705,0.4295,0.0615,0.1445,otsu,1.053,0.0545,6299.3,139.8,0.0517,831.2,174.5,1046.5,-0.1506,0.2304,0.2657,0.8228,nublado,2026-09-03T15:16:22+00:00
grand-lieu,2023-08-09,2,S2A_30TWT_20230809_0_L2A;S2A_30TXT_20230809_0_L2A,1.0,0.0002,0.9998,0.0235,0.0977,otsu,0.895,0.0171,6299.3,247.9,0.0394,927.1,805.4,1164.6,-0.2104,0.4355,0.473,0.9998,incoherente,2026-09-03T15:16:22+00:00
grand-lieu,2023-08-14,1,S2B_30TXT_20230814_0_L2A,0.5058,0.5717,0.2169,0.0513,-0.0273,otsu,1.099,0.044,6299.3,266.8,0.1953,238.1,271.4,552.7,-0.1486,0.2445,0.3259,0.6802,parcial,2026-09-03T15:16:22+00:00
grand-lieu,2023-08-16,2,S2A_30TWT_20230816_0_L2A;S2A_30TXT_20230816_0_L2A,1.0,0.0989,0.9011,0.0427,0.0508,otsu,0.955,0.0337,6299.3,313.8,0.0553,771.5,632.8,1170.4,-0.1906,0.3512,0.3854,0.9871,ok,2026-09-03T15:16:22+00:00
grand-lieu,2023-08-19,2,S2A_30TWT_20230819_0_L2A;S2A_30TXT_20230819_0_L2A,1.0,0.018,0.982,0.0262,0.043,otsu,0.954,0.0205,6299.3,96.1,0.0155,1036.4,599.2,1173.1,-0.154,0.3771,0.426,1.0,incoherente,2026-09-03T15:16:22+00:00
grand-lieu,2023-08-21,2,S2B_30TWT_20230821_0_L2A;S2B_30TXT_20230821_0_L2A,1.0,0.1319,0.8681,0.0414,-0.0117,otsu,1.017,0.0338,6299.3,50.0,0.0091,911.3,380.0,874.2,-0.1663,0.333,0.3836,1.0,incoherente,2026-09-03T15:16:22+00:00
grand-lieu,2023-08-26,1,S2A_30TXT_20230826_1_L2A,0.5058,0.2838,0.3624,0.0316,0.082,otsu,1.145,0.0269,6299.3,278.8,0.1221,402.8,233.6,824.2,-0.1112,0.3121,0.3856,0.9331,parcial,2026-09-03T15:16:22+00:00
grand-lieu,2023-09-03,2,S2B_30TWT_20230903_0_L2A;S2B_30TXT_20230903_0_L2A,1.0,0.0,1.0,0.0291,0.1055,otsu,0.864,0.0241,6299.3,305.0,0.0484,851.4,847.2,1135.1,-0.2397,0.4189,0.4416,1.0,ok,2026-09-03T15:16:37+00:00
grand-lieu,2023-09-05,2,S2A_30TWT_20230905_0_L2A;S2A_30TXT_20230905_0_L2A,1.0,0.0,1.0,0.0292,-0.3242,otsu,1.347,0.0186,6299.3,42.8,0.0068,2025.2,0.0,1212.2,-0.0697,0.3171,0.33,0.9991,espectro_anomalo,2026-09-03T15:16:37+00:00
grand-lieu,2023-09-10,1,S2B_30TXT_20230910_0_L2A,0.5058,1.0,0.0,,0.0,fijo,,,6299.3,0.0,0.0,0.0,0.0,0.0,,,,,parcial,2026-09-03T15:16:22+00:00
grand-lieu,2023-09-13,2,S2B_30TWT_20230913_0_L2A;S2B_30TXT_20230913_0_L2A,1.0,0.3337,0.6663,0.0429,0.1602,otsu,0.856,0.0335,6299.3,534.2,0.1273,364.4,721.8,1017.9,-0.2189,0.3728,0.3998,0.9983,nublado,2026-09-03T15:16:37+00:00
grand-lieu,2023-09-15,2,S2A_30TWT_20230915_0_L2A;S2A_30TXT_20230915_0_L2A,1.0,0.0083,0.9917,0.0299,0.0508,otsu,0.972,0.0237,6299.3,362.8,0.0581,766.4,614.1,1136.6,-0.1784,0.3686,0.3863,1.0,ok,2026-09-03T15:16:37+00:00
grand-lieu,2023-09-18,2,S2A_30TWT_20230918_0_L2A;S2A_30TXT_20230918_0_L2A,1.0,0.1265,0.8735,0.0293,-0.082,otsu,1.461,0.0243,6299.3,161.4,0.0293,918.6,115.2,1283.4,-0.1312,0.3468,0.376,0.9993,espectro_anomalo,2026-09-03T15:16:37+00:00
grand-lieu,2023-09-23,1,S2B_30TXT_20230923_0_L2A,0.5058,1.0022,0.0,,0.0,fijo,,,6299.3,0.0,0.0,0.0,0.0,0.0,,,,,parcial,2026-09-03T15:16:37+00:00
grand-lieu,2023-09-30,2,S2B_30TWT_20230930_0_L2A;S2B_30TXT_20230930_0_L2A,1.0,0.0,1.0,0.03,0.0742,otsu,0.715,0.0234,6299.3,755.2,0.1199,484.2,901.3,1193.2,-0.2466,0.4172,0.445,0.9999,ok,2026-09-03T15:16:37+00:00
grand-lieu,2023-10-03,2,S2B_30TWT_20231003_0_L2A;S2B_30TXT_20231003_0_L2A,1.0,0.6707,0.3293,0.0297,-0.0039,otsu,1.086,0.0277,6299.3,91.7,0.0442,333.1,118.6,359.1,-0.16,0.3413,0.3681,1.0,nublado,2026-09-03T15:16:37+00:00
grand-lieu,2023-10-05,1,S2A_30TXT_20231005_0_L2A,0.5058,0.4667,0.2697,0.0311,0.0195,otsu,0.985,0.0289,6299.3,148.9,0.0876,699.1,463.9,843.5,-0.1679,0.3194,0.3546,1.0,parcial,2026-09-03T15:16:37+00:00
grand-lieu,2023-10-08,2,S2A_30TWT_20231008_0_L2A;S2A_30TXT_20231008_0_L2A,1.0,0.0,1.0,0.0264,-0.082,otsu,0.957,0.0235,6299.3,567.8,0.0901,867.8,623.1,1242.4,-0.1699,0.3573,0.3783,0.9997,ok,2026-09-03T15:16:37+00:00
grand-lieu,2023-10-10,2,S2B_30TWT_20231010_0_L2A;S2B_30TXT_20231010_0_L2A,1.0,0.0,1.0,0.0369,-0.0039,otsu,0.816,0.0332,6299.3,816.1,0.1296,598.7,879.2,1288.4,-0.1913,0.3285,0.3576,0.9982,ok,2026-09-03T15:16:37+00:00
grand-lieu,2023-11-07,2,S2A_30TWT_20231107_0_L2A;S2A_30TXT_20231107_0_L2A,0.9991,0.8481,0.1315,0.0001,-0.332,otsu,1.0,0.0001,6299.3,535.8,0.647,97.9,136.6,545.5,-0.0265,0.1902,0.9144,0.2886,nublado,2026-09-03T15:16:37+00:00
grand-lieu,2023-11-09,1,S2B_30TWT_20231109_0_L2A,1.0,0.6065,0.3935,0.0217,0.1523,otsu,0.522,0.0224,6299.3,1236.9,0.499,183.1,1359.0,1799.8,-0.0814,0.1628,0.3857,0.3751,nublado,2026-09-03T15:16:53+00:00
grand-lieu,2023-11-17,2,S2A_30TWT_20231117_0_L2A;S2A_30TXT_20231117_0_L2A,1.0,0.0,1.0,0.0096,0.082,otsu,0.599,0.0084,6299.3,2441.4,0.3876,41.9,2423.4,3636.7,-0.0126,0.1389,0.3063,0.2694,ok,2026-09-03T15:16:53+00:00
grand-lieu,2023-11-19,1,S2B_30TWT_20231119_0_L2A,1.0,0.7551,0.2449,0.0637,0.043,otsu,0.734,0.0577,6299.3,955.7,0.6195,74.7,909.4,934.3,-0.0601,0.0331,0.0743,0.0,nublado,2026-09-03T15:16:53+00:00
grand-lieu,2023-11-22,2,S2B_30TWT_20231122_0_L2A;S2B_30TXT_20231122_0_L2A,1.0,0.5351,0.4649,0.0156,0.0742,otsu,0.582,0.0138,6299.3,1471.3,0.5024,32.3,1423.2,1674.8,-0.041,0.1081,0.2324,0.1513,nublado,2026-09-03T15:16:53+00:00
grand-lieu,2023-12-02,2,S2B_30TWT_20231202_0_L2A;S2B_30TXT_20231202_0_L2A,1.0,0.0303,0.9697,0.0277,0.1211,otsu,0.771,0.0244,6299.3,2595.5,0.4249,329.1,2343.8,3261.0,-0.0785,0.0749,0.1577,0.0299,ok,2026-09-03T15:16:53+00:00
grand-lieu,2023-12-24,2,S2A_30TWT_20231224_0_L2A;S2A_30TXT_20231224_0_L2A,1.0,0.3317,0.6683,0.0239,0.1445,otsu,0.481,0.0227,6299.3,2112.8,0.5019,15.6,2352.1,2804.0,-0.0158,0.0324,0.123,0.0332,nublado,2026-09-03T15:16:53+00:00
grand-lieu,2024-01-06,2,S2A_30TWT_20240106_0_L2A;S2A_30TXT_20240106_0_L2A,1.0,0.0038,0.9962,0.0118,0.1445,otsu,0.564,0.0126,6299.3,3092.3,0.4928,9.3,3018.3,4089.2,0.0854,0.0635,0.2105,0.1123,ok,2026-09-03T15:16:53+00:00
grand-lieu,2024-01-08,1,S2B_30TWT_20240108_0_L2A,1.0,0.5703,0.4297,0.0534,0.2617,otsu,0.525,0.0535,6299.3,1868.5,0.6902,2.7,1879.1,1983.4,-0.0121,0.019,0.0784,0.0,nublado,2026-09-03T15:16:53+00:00
grand-lieu,2024-01-11,4,S2B_30TWT_20240111_0_L2A;S2B_30TWT_20240111_1_L2A;S2B_30TXT_20240111_0_L2A;S2B_30TXT_20240111_1_L2A,1.0,0.0,1.0,0.0397,0.2773,otsu,0.51,0.0408,6299.3,3790.8,0.6018,9.2,3807.5,4159.9,-0.0258,0.0261,0.1094,0.0003,ok,2026-09-03T15:17:08+00:00
grand-lieu,2024-01-16,1,S2A_30TXT_20240116_0_L2A,0.5058,1.0007,0.0,,0.0,fijo,,,6299.3,0.0,0.0,0.0,0.0,0.0,,,,,parcial,2026-09-03T15:16:53+00:00
grand-lieu,2024-02-02,1,S2A_30TWT_20240202_0_L2A,1.0,0.0059,0.9941,0.0228,0.2148,otsu,0.316,0.0208,6299.3,3027.7,0.4835,179.0,3174.2,3682.6,-0.1145,0.146,0.3019,0.3131,ok,2026-09-03T15:16:53+00:00
grand-lieu,2024-02-10,1,S2B_30TWT_20240210_0_L2A,1.0,0.9425,0.0575,0.02,-0.0664,otsu,0.78,0.0175,6299.3,250.2,0.6902,6.3,227.2,278.6,0.0328,0.0929,0.1407,0.0217,nublado,2026-09-03T15:16:53+00:00
grand-lieu,2024-02-12,1,S2A_30TWT_20240212_0_L2A,1.0,0.9946,0.0054,0.13,0.0273,otsu,1.036,0.1423,6299.3,20.7,0.609,3.3,6.1,4.0,-0.0301,0.0489,0.0673,0.0,nublado,2026-09-03T15:16:53+00:00
grand-lieu,2024-02-27,2,S2B_30TWT_20240227_0_L2A;S2B_30TXT_20240227_0_L2A,1.0,0.3434,0.6566,0.0343,0.1758,otsu,0.752,0.0357,6299.3,2441.1,0.5902,7.0,2147.3,2415.5,0.0369,0.0922,0.1631,0.0513,nublado,2026-09-03T15:17:08+00:00
grand-lieu,2024-03-03,2,S2A_30TWT_20240303_0_L2A;S2A_30TXT_20240303_0_L2A,1.0,0.3422,0.6578,0.0219,0.207,otsu,0.488,0.0217,6299.3,2341.0,0.565,17.4,2376.2,2644.8,-0.0128,0.1372,0.355,0.2232,nublado,2026-09-03T15:17:08+00:00
grand-lieu,2024-03-11,2,S2B_30TWT_20240311_1_L2A;S2B_30TXT_20240311_1_L2A,1.0,0.1893,0.8107,0.0158,0.2383,otsu,0.399,0.0141,6299.3,2713.6,0.5314,88.7,2842.9,3168.7,-0.106,0.2108,0.4211,0.4673,ok,2026-09-03T15:17:08+00:00
grand-lieu,2024-03-13,1,S2A_30TXT_20240313_0_L2A,0.5058,0.1693,0.4202,0.0343,0.0273,otsu,0.697,0.0334,6299.3,1596.5,0.6032,59.4,1541.5,1564.9,-0.0955,0.1139,0.1712,0.0264,parcial,2026-09-03T15:17:08+00:00
grand-lieu,2024-03-23,2,S2A_30TWT_20240323_0_L2A;S2A_30TXT_20240323_0_L2A,1.0,0.6142,0.3858,0.0313,0.168,otsu,0.529,0.0299,6299.3,1501.8,0.618,33.2,1545.8,1658.4,-0.1118,0.1165,0.2014,0.1034,nublado,2026-09-03T15:17:08+00:00
grand-lieu,2024-04-12,2,S2A_30TWT_20240412_0_L2A;S2A_30TXT_20240412_0_L2A,1.0,0.9484,0.0516,0.0347,-0.1055,otsu,0.875,0.0279,6299.3,67.8,0.2089,23.1,61.6,67.6,-0.0799,0.1401,0.1733,0.0047,nublado,2026-09-03T15:17:08+00:00
grand-lieu,2024-04-17,1,S2B_30TXT_20240417_0_L2A,0.5058,0.3177,0.3451,0.0394,0.1758,otsu,0.541,0.0391,6299.3,936.0,0.4305,278.8,971.4,1140.6,-0.1347,0.1426,0.2113,0.1569,parcial,2026-09-03T15:17:08+00:00
grand-lieu,2024-04-20,2,S2B_30TWT_20240420_0_L2A;S2B_30TXT_20240420_0_L2A,1.0,0.6098,0.3902,0.0416,0.1211,otsu,0.661,0.0405,6299.3,1114.1,0.4533,326.6,1010.2,1285.6,-0.1007,0.1388,0.2014,0.1072,nublado,2026-09-03T15:17:08+00:00
grand-lieu,2024-04-30,2,S2B_30TWT_20240430_0_L2A;S2B_30TXT_20240430_0_L2A,1.0,0.2501,0.7499,0.0311,-0.0352,otsu,0.781,0.0368,6299.3,1288.4,0.2728,912.8,1123.6,1548.3,-0.0587,0.1396,0.2271,0.1701,nublado,2026-09-03T15:17:08+00:00
grand-lieu,2024-05-02,1,S2A_30TWT_20240502_0_L2A,1.0,0.7799,0.2201,0.0648,-0.0195,otsu,1.029,0.0627,6299.3,348.6,0.2514,331.3,104.1,623.2,-0.068,0.1044,0.1523,0.0,nublado,2026-09-03T15:17:08+00:00
grand-lieu,2024-05-07,1,S2B_30TXT_20240507_0_L2A,0.5058,0.995,0.004,0.1289,0.1992,otsu,,,6299.3,2.4,0.0967,9.2,0.8,4.4,-0.0942,0.0562,0.0683,0.0,parcial,2026-09-03T15:17:08+00:00
grand-lieu,2024-05-10,1,S2B_30TXT_20240510_0_L2A,0.5058,0.0518,0.4796,0.0336,0.0273,otsu,0.685,0.0351,6299.3,874.2,0.2894,378.8,859.7,1004.8,-0.085,0.1563,0.223,0.1791,parcial,2026-09-03T15:17:29+00:00
grand-lieu,2024-05-30,2,S2B_30TWT_20240530_0_L2A;S2B_30TXT_20240530_0_L2A,1.0,0.994,0.006,0.0763,-0.1445,otsu,,,6299.3,0.0,0.0,10.7,0.0,0.0,,,,,nublado,2026-09-03T15:17:29+00:00
grand-lieu,2024-06-06,2,S2B_30TWT_20240606_0_L2A;S2B_30TXT_20240606_0_L2A,1.0,0.4234,0.5766,0.0356,0.0195,otsu,0.628,0.0314,6299.3,669.4,0.1843,208.0,663.3,803.3,-0.1332,0.2585,0.3168,0.9307,nublado,2026-09-03T15:17:29+00:00
grand-lieu,2024-06-09,2,S2B_30TWT_20240609_0_L2A;S2B_30TXT_20240609_0_L2A,1.0,0.6129,0.3871,0.0512,-0.0039,otsu,0.708,0.0805,6299.3,571.2,0.2342,336.8,536.0,662.3,-0.0957,0.1534,0.1997,0.0987,nublado,2026-09-03T15:17:29+00:00
grand-lieu,2024-06-11,2,S2A_30TWT_20240611_0_L2A;S2A_30TXT_20240611_0_L2A,1.0,0.1628,0.8372,0.0323,0.1367,otsu,0.579,0.0285,6299.3,891.2,0.169,313.4,904.9,1183.6,-0.1867,0.3109,0.3537,0.9588,ok,2026-09-03T15:17:29+00:00
grand-lieu,2024-06-21,2,S2A_30TWT_20240621_0_L2A;S2A_30TXT_20240621_0_L2A,1.0,0.2259,0.7741,0.0211,-0.0039,otsu,0.55,0.0231,6299.3,696.5,0.1428,204.6,734.8,1033.8,-0.1751,0.3794,0.5068,0.9161,nublado,2026-09-03T15:17:29+00:00
grand-lieu,2024-06-24,2,S2A_30TWT_20240624_0_L2A;S2A_30TXT_20240624_0_L2A,1.0,0.4852,0.5148,0.0342,0.0195,otsu,0.802,0.0298,6299.3,568.8,0.1754,331.9,637.7,1023.2,-0.216,0.3784,0.4932,0.9497,nublado,2026-09-03T15:17:29+00:00
grand-lieu,2024-06-26,2,S2B_30TWT_20240626_0_L2A;S2B_30TXT_20240626_0_L2A,1.0,0.0288,0.9712,0.0303,0.1602,otsu,0.727,0.0267,6299.3,564.4,0.0922,635.4,1066.7,1211.2,-0.2946,0.4778,0.5597,0.9751,ok,2026-09-03T15:17:29+00:00
grand-lieu,2024-07-04,2,S2A_30TWT_20240704_0_L2A;S2A_30TXT_20240704_0_L2A,1.0,0.4081,0.5919,0.0414,-0.1289,otsu,1.322,0.0483,6299.3,86.8,0.0233,1052.0,48.3,886.9,-0.1016,0.2644,0.3374,0.8295,nublado,2026-09-03T15:17:29+00:00
grand-lieu,2024-07-06,2,S2B_30TWT_20240706_0_L2A;S2B_30TXT_20240706_0_L2A,1.0,0.5516,0.4484,0.0494,-0.0586,otsu,1.284,0.0532,6299.3,30.4,0.0108,760.4,24.8,700.6,-0.1191,0.2043,0.2856,0.3824,nublado,2026-09-03T15:17:29+00:00
grand-lieu,2024-07-14,2,S2A_30TWT_20240714_0_L2A;S2A_30TXT_20240714_0_L2A,1.0,0.9331,0.0669,0.0808,0.0,fijo,1.563,0.0861,6299.3,0.2,0.0004,16.0,0.2,23.5,,,,,nublado,2026-09-03T15:17:29+00:00
grand-lieu,2024-07-19,2,S2B_30TWT_20240719_0_L2A;S2B_30TXT_20240719_0_L2A,1.0,0.1352,0.8648,0.0355,0.0586,otsu,0.969,0.0457,6299.3,349.5,0.0642,873.7,701.6,1042.5,-0.1678,0.3447,0.3748,0.9916,ok,2026-09-03T15:17:45+00:00
grand-lieu,2024-07-24,2,S2A_30TWT_20240724_1_L2A;S2A_30TXT_20240724_1_L2A,1.0,0.4015,0.5985,0.0558,0.1758,otsu,0.935,0.0581,6299.3,147.7,0.0392,835.6,664.1,1070.7,-0.177,0.2964,0.364,0.9567,nublado,2026-09-03T15:17:29+00:00
grand-lieu,2024-07-29,2,S2B_30TWT_20240729_0_L2A;S2B_30TXT_20240729_0_L2A,1.0,0.9807,0.0193,0.0674,-0.082,otsu,,,6299.3,0.6,0.0046,25.8,0.0,16.8,0.0179,0.1751,0.2679,0.2143,nublado,2026-09-03T15:17:45+00:00
grand-lieu,2024-07-31,1,S2A_30TWT_20240731_0_L2A,1.0,0.6335,0.3665,0.0584,-0.043,otsu,1.282,0.051,6299.3,134.2,0.0581,715.5,144.1,1008.6,-0.135,0.3224,0.3689,0.9672,nublado,2026-09-03T15:17:45+00:00
grand-lieu,2024-08-08,2,S2B_30TWT_20240808_0_L2A;S2B_30TXT_20240808_0_L2A,1.0,0.1936,0.8064,0.031,0.0977,otsu,0.935,0.032,6299.3,324.0,0.0638,581.4,442.4,786.8,-0.1874,0.3961,0.4254,0.9998,ok,2026-09-03T15:17:45+00:00
grand-lieu,2024-08-10,2,S2A_30TWT_20240810_0_L2A;S2A_30TXT_20240810_0_L2A,1.0,0.7783,0.2217,0.0362,0.0586,otsu,1.036,0.035,6299.3,6.0,0.0043,376.8,76.7,355.5,-0.1443,0.3453,0.4037,1.0,nublado,2026-09-03T15:17:45+00:00
grand-lieu,2024-08-15,2,S2B_30TWT_20240815_0_L2A;S2B_30TXT_20240815_0_L2A,1.0,0.0582,0.9418,0.0387,0.0977,otsu,1.179,0.0358,6299.3,23.6,0.004,1201.8,12.8,1164.7,-0.1281,0.295,0.3269,0.9373,espectro_anomalo,2026-09-03T15:17:45+00:00
grand-lieu,2024-08-25,2,S2B_30TWT_20240825_0_L2A;S2B_30TXT_20240825_0_L2A,1.0,0.5895,0.4105,0.0507,0.0898,otsu,0.99,0.0466,6299.3,201.7,0.078,671.0,552.3,1027.0,-0.1863,0.2661,0.3319,0.8713,nublado,2026-09-03T15:17:45+00:00
grand-lieu,2024-08-28,1,S2B_30TWT_20240828_0_L2A,1.0,0.9925,0.0075,0.0504,0.0,fijo,,,6299.3,0.0,0.0,0.0,0.0,0.0,,,,,nublado,2026-09-03T15:17:45+00:00
grand-lieu,2024-09-12,2,S2A_30TWT_20240912_0_L2A;S2A_30TXT_20240912_0_L2A,1.0,0.4526,0.5474,0.0415,0.0508,otsu,0.837,0.0426,6299.3,500.8,0.1452,279.9,573.4,857.1,-0.2057,0.336,0.3753,0.9802,nublado,2026-09-03T15:17:45+00:00
grand-lieu,2024-09-14,2,S2B_30TWT_20240914_0_L2A;S2B_30TXT_20240914_0_L2A,1.0,0.054,0.946,0.0301,0.082,otsu,0.853,0.0254,6299.3,548.5,0.092,729.2,920.2,1236.0,-0.224,0.3806,0.4123,0.9961,ok,2026-09-03T15:17:45+00:00
grand-lieu,2024-09-17,2,S2B_30TWT_20240917_0_L2A;S2B_30TXT_20240917_0_L2A,1.0,0.0564,0.9436,0.0358,0.0273,otsu,0.911,0.0382,6299.3,776.7,0.1307,682.6,749.7,1226.6,-0.1601,0.2989,0.3321,0.9982,ok,2026-09-03T15:17:45+00:00
grand-lieu,2024-09-19,2,S2A_30TWT_20240919_0_L2A;S2A_30TXT_20240919_0_L2A,1.0,0.0,1.0,0.0337,0.0508,otsu,0.863,0.0322,6299.3,853.9,0.1356,543.4,884.7,1270.0,-0.1738,0.3171,0.3393,0.9986,ok,2026-09-03T15:17:45+00:00
grand-lieu,2024-09-24,2,S2B_30TWT_20240924_0_L2A;S2B_30TXT_20240924_0_L2A,1.0,0.3658,0.6342,0.0384,0.0742,otsu,0.717,0.0339,6299.3,795.7,0.1992,259.0,836.8,1277.6,-0.2001,0.314,0.3548,0.9635,nublado,2026-09-03T15:18:03+00:00
grand-lieu,2024-10-02,1,S2A_30TWT_20241002_0_L2A,1.0,0.5861,0.4139,0.0374,-0.1211,otsu,1.236,0.0413,6299.3,329.6,0.1264,515.6,285.0,611.1,-0.1327,0.2177,0.3293,0.6056,nublado,2026-09-03T15:18:03+00:00
grand-lieu,2024-10-04,2,S2B_30TWT_20241004_0_L2A;S2B_30TXT_20241004_0_L2A,1.0,0.0829,0.9171,0.0307,0.0586,otsu,0.652,0.0273,6299.3,1022.6,0.177,443.9,1054.7,1431.9,-0.2086,0.2995,0.3529,0.8936,ok,2026-09-03T15:18:03+00:00
grand-lieu,2024-10-12,1,S2A_30TWT_20241012_0_L2A,1.0,0.6266,0.3734,0.044,0.1914,otsu,0.707,0.0418,6299.3,993.2,0.4223,125.0,1035.2,1263.8,-0.0652,0.1929,0.3262,0.5097,nublado,2026-09-03T15:18:03+00:00
grand-lieu,2024-10-19,1,S2A_30TWT_20241019_0_L2A,1.0,0.8879,0.1121,0.0495,-0.0117,otsu,0.538,0.0555,6299.3,388.2,0.5498,38.1,360.5,452.4,-0.1013,0.0865,0.1791,0.0433,nublado,2026-09-03T15:18:03+00:00
grand-lieu,2024-10-22,1,S2A_30TWT_20241022_0_L2A,1.0,0.8558,0.1442,0.0997,-0.1836,otsu,0.986,0.1084,6299.3,309.0,0.3401,261.9,189.6,627.8,-0.0222,0.0561,0.0915,0.0014,nublado,2026-09-03T15:18:03+00:00
grand-lieu,2024-10-24,2,S2B_30TWT_20241024_0_L2A;S2B_30TXT_20241024_0_L2A,1.0,0.0,1.0,0.0253,0.0664,otsu,0.55,0.0243,6299.3,1565.6,0.2485,798.4,1539.7,2297.0,-0.1416,0.2234,0.3439,0.6564,ok,2026-09-03T15:18:03+00:00
grand-lieu,2024-11-21,1,S2C_30TWT_20241121_0_L2A,1.0,0.6825,0.3175,0.0485,-0.1445,otsu,1.446,0.0512,6299.3,304.9,0.1524,539.1,2.2,859.4,0.029,0.1294,0.1657,0.0052,nublado,2026-09-03T15:18:03+00:00
grand-lieu,2024-11-26,2,S2B_30TWT_20241126_0_L2A;S2B_30TXT_20241126_0_L2A,1.0,0.9999,0.0001,0.0898,0.0,fijo,,,6299.3,0.2,0.3636,0.3,0.0,0.0,,,,,nublado,2026-09-03T15:18:03+00:00
grand-lieu,2024-12-13,1,S2B_30TWT_20241213_0_L2A,1.0,0.9998,0.0002,0.1549,0.0,fijo,,,6299.3,1.0,0.963,0.0,0.0,0.0,-0.0029,0.0158,0.0489,0.0,nublado,2026-09-03T15:18:03+00:00
grand-lieu,2024-12-23,2,S2B_30TWT_20241223_0_L2A;S2B_30TXT_20241223_0_L2A,1.0,0.2438,0.7562,0.0339,0.0273,otsu,0.762,0.03,6299.3,2241.4,0.4706,98.0,1977.6,2627.7,-0.0692,0.16,0.199,0.0938,nublado,2026-09-03T15:18:03+00:00
grand-lieu,2025-01-15,2,S2B_30TWT_20250115_0_L2A;S2B_30TXT_20250115_0_L2A,1.0,0.0,1.0,0.0272,0.2852,otsu,0.351,0.033,6299.3,3744.2,0.5944,18.5,3866.1,4155.7,-0.0175,0.0618,0.2336,0.1271,ok,2026-09-03T15:18:21+00:00
grand-lieu,2025-01-17,2,S2A_30TWT_20250117_0_L2A;S2A_30TXT_20250117_0_L2A,1.0,0.0,1.0,0.0247,0.2617,otsu,0.353,0.0308,6299.3,3593.2,0.5704,22.8,3725.9,4019.2,-0.0099,0.0566,0.2258,0.1196,ok,2026-09-03T15:18:03+00:00
grand-lieu,2025-01-30,1,S2C_30TWT_20250130_0_L2A,1.0,0.9959,0.0041,0.0272,0.0,fijo,,,6299.3,7.2,0.2793,4.2,10.0,6.9,-0.3735,0.0687,0.1753,0.0894,nublado,2026-09-03T15:18:21+00:00
grand-lieu,2025-02-04,1,S2B_30TXT_20250204_0_L2A,0.5058,0.0,0.5058,0.0491,0.293,otsu,0.39,0.0538,6299.3,2210.2,0.6937,3.4,2239.2,2234.6,0.0425,0.0032,0.0397,0.0001,parcial,2026-09-03T15:18:21+00:00
grand-lieu,2025-03-01,2,S2C_30TWT_20250301_0_L2A;S2C_30TXT_20250301_0_L2A,1.0,0.0,1.0,0.0001,0.0,fijo,1.0,0.0001,6299.3,0.0,0.0,0.0,0.0,3932.6,,,,,espectro_anomalo,2026-09-03T15:18:21+00:00
grand-lieu,2025-03-03,2,S2B_30TWT_20250303_0_L2A;S2B_30TXT_20250303_0_L2A,1.0,0.0003,0.9997,0.0001,0.0,fijo,1.0,0.0001,6299.3,0.1,0.0,0.0,0.1,3895.5,,,,,espectro_anomalo,2026-09-03T15:18:21+00:00
grand-lieu,2025-03-06,2,S2B_30TWT_20250306_0_L2A;S2B_30TXT_20250306_0_L2A,1.0,0.0,1.0,0.0001,0.0,fijo,1.0,0.0001,6299.3,0.0,0.0,0.0,0.0,3488.4,,,,,espectro_anomalo,2026-09-03T15:18:21+00:00
grand-lieu,2025-03-11,2,S2C_30TWT_20250311_0_L2A;S2C_30TXT_20250311_0_L2A,1.0,0.0,1.0,0.0121,0.082,otsu,0.556,0.0087,6299.3,2773.8,0.4403,351.2,2685.6,3381.6,-0.1665,0.3213,0.4099,0.9544,ok,2026-09-03T15:18:21+00:00
grand-lieu,2025-03-13,2,S2B_30TWT_20250313_0_L2A;S2B_30TXT_20250313_0_L2A,1.0,0.8817,0.1183,0.0644,0.168,otsu,0.494,0.0562,6299.3,395.3,0.5303,48.7,432.7,429.0,-0.1432,0.0576,0.1458,0.0029,nublado,2026-09-03T15:18:21+00:00
grand-lieu,2025-03-18,2,S2C_30TWT_20250318_0_L2A;S2C_30TXT_20250318_0_L2A,1.0,0.0,1.0,0.0201,0.1133,otsu,0.679,0.0165,6299.3,2465.8,0.3914,413.2,2349.5,2960.2,-0.169,0.3213,0.3922,0.8587,ok,2026-09-03T15:18:21+00:00
grand-lieu,2025-03-31,2,S2C_30TWT_20250331_0_L2A;S2C_30TXT_20250331_0_L2A,1.0,0.3996,0.6004,0.0244,0.1211,otsu,0.571,0.0225,6299.3,1400.5,0.3703,59.9,1405.6,1480.4,-0.1904,0.3072,0.3487,0.9822,nublado,2026-09-03T15:18:21+00:00
grand-lieu,2025-04-02,4,S2A_30TWT_20250402_1_L2A;S2A_30TXT_20250402_1_L2A;S2B_30TWT_20250402_0_L2A;S2B_30TXT_20250402_0_L2A,1.0,0.014,0.986,0.0326,0.1758,otsu,0.906,0.0309,6299.3,2212.0,0.3561,290.6,1408.7,2484.8,-0.0865,0.252,0.3037,0.9049,ok,2026-09-03T15:18:21+00:00
grand-lieu,2025-04-05,2,S2B_30TWT_20250405_0_L2A;S2B_30TXT_20250405_0_L2A,1.0,0.0,1.0,0.0236,-0.0508,otsu,0.92,0.0219,6299.3,2032.0,0.3226,404.1,1747.0,2040.6,-0.1025,0.2519,0.287,0.9407,ok,2026-09-03T15:18:21+00:00
grand-lieu,2025-04-07,2,S2C_30TWT_20250407_0_L2A;S2C_30TXT_20250407_0_L2A,1.0,0.0,1.0,0.02,0.1523,otsu,0.52,0.0175,6299.3,2120.0,0.3366,125.4,2059.2,2385.2,-0.1543,0.2132,0.2918,0.5664,ok,2026-09-03T15:18:40+00:00
grand-lieu,2025-04-09,2,S2A_30TWT_20250409_0_L2A;S2A_30TXT_20250409_0_L2A,1.0,0.0,1.0,0.0297,0.1836,otsu,0.57,0.0275,6299.3,2060.4,0.3271,267.6,1999.9,2299.0,-0.1317,0.142,0.2261,0.191,ok,2026-09-03T15:18:40+00:00
grand-lieu,2025-04-10,2,S2C_30TWT_20250410_0_L2A;S2C_30TXT_20250410_0_L2A,1.0,0.0,1.0,0.028,0.1367,otsu,0.633,0.0273,6299.3,2052.1,0.3258,282.5,1966.3,2269.0,-0.1,0.1293,0.222,0.1733,ok,2026-09-03T15:18:40+00:00
grand-lieu,2025-04-22,4,S2A_30TWT_20250422_1_L2A;S2A_30TXT_20250422_1_L2A;S2B_30TWT_20250422_0_L2A;S2B_30TXT_20250422_0_L2A,1.0,0.6999,0.3001,0.0536,0.0664,otsu,0.457,0.0509,6299.3,590.1,0.3121,209.2,590.8,801.2,-0.0903,0.0361,0.1461,0.0186,nublado,2026-09-03T15:18:40+00:00
grand-lieu,2025-04-25,1,S2B_30TWT_20250425_0_L2A,1.0,0.9863,0.0137,0.0814,0.0,fijo,,,6299.3,2.9,0.0334,2.7,1.6,3.7,-0.1005,0.099,0.1414,0.0,nublado,2026-09-03T15:18:40+00:00
grand-lieu,2025-04-27,2,S2C_30TWT_20250427_0_L2A;S2C_30TXT_20250427_0_L2A,1.0,0.0,1.0,0.0324,0.0508,otsu,0.62,0.0308,6299.3,1192.8,0.1893,824.1,1177.6,1663.2,-0.1513,0.1624,0.2257,0.1832,ok,2026-09-03T15:18:40+00:00
grand-lieu,2025-04-29,2,S2A_30TWT_20250429_0_L2A;S2A_30TXT_20250429_0_L2A,1.0,0.0,1.0,0.0238,0.1133,otsu,0.61,0.0206,6299.3,1159.5,0.1841,426.5,1159.9,1522.9,-0.1545,0.2516,0.314,0.8743,ok,2026-09-03T15:18:40+00:00
grand-lieu,2025-04-30,2,S2C_30TWT_20250430_0_L2A;S2C_30TXT_20250430_0_L2A,1.0,0.0,1.0,0.0245,-0.043,otsu,0.761,0.022,6299.3,1135.1,0.1802,885.2,1104.4,1476.5,-0.124,0.2335,0.2918,0.8162,ok,2026-09-03T15:18:40+00:00
grand-lieu,2025-05-02,2,S2A_30TWT_20250502_1_L2A;S2B_30TWT_20250502_0_L2A,1.0,0.8918,0.1082,0.0408,0.0,fijo,,,6299.3,4.8,0.007,4.3,1.0,2.9,-0.0259,0.1765,0.1956,0.0588,nublado,2026-09-03T15:18:40+00:00
grand-lieu,2025-05-05,1,S2B_30TXT_20250505_1_L2A,0.5058,0.449,0.2793,0.0504,-0.0195,otsu,0.7,0.056,6299.3,430.0,0.2444,159.4,410.7,470.4,-0.0674,0.1016,0.1414,0.0043,parcial,2026-09-03T15:18:40+00:00
grand-lieu,2025-05-07,1,S2C_30TWT_20250507_0_L2A,1.0,0.7351,0.2649,0.0594,-0.0508,otsu,0.668,0.0635,6299.3,439.1,0.2631,223.1,394.8,597.5,-0.0875,0.0969,0.1556,0.0211,nublado,2026-09-03T15:18:40+00:00
grand-lieu,2025-05-09,2,S2A_30TWT_20250509_0_L2A;S2A_30TXT_20250509_0_L2A,1.0,0.2464,0.7536,0.0345,0.1445,otsu,0.527,0.031,6299.3,1018.8,0.2146,215.0,1027.2,1424.5,-0.1375,0.1584,0.2096,0.1719,nublado,2026-09-03T15:18:40+00:00
grand-lieu,2025-05-15,2,S2B_30TWT_20250515_0_L2A;S2B_30TXT_20250515_0_L2A,1.0,0.0,1.0,0.0322,-0.0977,otsu,0.784,0.0416,6299.3,1175.5,0.1866,973.6,1108.5,1320.8,-0.0649,0.1142,0.1662,0.0314,ok,2026-09-03T15:18:59+00:00
grand-lieu,2025-05-17,2,S2C_30TWT_20250517_0_L2A;S2C_30TXT_20250517_0_L2A,1.0,0.0,1.0,0.0249,0.0586,otsu,0.566,0.0222,6299.3,1117.0,0.1773,212.1,1094.4,1304.8,-0.1177,0.131,0.2,0.0987,ok,2026-09-03T15:18:59+00:00
grand-lieu,2025-05-20,2,S2C_30TWT_20250520_0_L2A;S2C_30TXT_20250520_0_L2A,1.0,0.1362,0.8638,0.0295,-0.168,otsu,0.697,0.0316,6299.3,985.5,0.1811,936.8,925.9,1183.8,-0.0892,0.0953,0.1549,0.0341,ok,2026-09-03T15:18:59+00:00
grand-lieu,2025-05-22,4,S2A_30TWT_20250522_1_L2A;S2A_30TXT_20250522_1_L2A;S2B_30TWT_20250522_0_L2A;S2B_30TXT_20250522_0_L2A,1.0,0.5287,0.4713,0.053,0.1289,otsu,0.512,0.0492,6299.3,866.1,0.2917,115.2,861.3,1129.6,-0.1353,0.0656,0.1054,0.003,nublado,2026-09-03T15:18:59+00:00
grand-lieu,2025-05-25,1,S2B_30TWT_20250525_0_L2A,1.0,0.8121,0.1879,0.1209,-0.1367,otsu,1.444,0.1387,6299.3,41.2,0.0348,390.8,12.9,172.6,-0.0208,0.0902,0.1253,0.0,nublado,2026-09-03T15:18:59+00:00
grand-lieu,2025-05-30,2,S2C_30TWT_20250530_0_L2A;S2C_30TXT_20250530_0_L2A,1.0,0.0,1.0,0.026,-0.1055,otsu,0.771,0.0237,6299.3,1074.1,0.1705,417.0,991.5,1213.6,-0.1095,0.1337,0.1784,0.0502,ok,2026-09-03T15:18:59+00:00
grand-lieu,2025-06-06,2,S2C_30TWT_20250606_0_L2A;S2C_30TXT_20250606_0_L2A,1.0,0.4723,0.5277,0.0583,0.0195,otsu,0.908,0.0574,6299.3,870.4,0.2619,300.4,821.4,1286.5,-0.0829,0.1185,0.1455,0.0055,nublado,2026-09-03T15:18:59+00:00
grand-lieu,2025-06-08,2,S2A_30TWT_20250608_0_L2A;S2A_30TXT_20250608_0_L2A,1.0,0.333,0.667,0.0358,0.1211,otsu,0.489,0.0311,6299.3,820.0,0.1952,69.8,841.9,997.2,-0.156,0.1547,0.2033,0.1235,nublado,2026-09-03T15:18:59+00:00
grand-lieu,2025-06-09,2,S2C_30TWT_20250609_0_L2A;S2C_30TXT_20250609_0_L2A,1.0,0.0,1.0,0.0262,0.0664,otsu,0.59,0.0319,6299.3,1151.0,0.1827,135.2,1141.8,1235.0,-0.1428,0.1453,0.2079,0.1144,ok,2026-09-03T15:18:59+00:00
grand-lieu,2025-06-11,4,S2A_30TWT_20250611_1_L2A;S2A_30TXT_20250611_1_L2A;S2B_30TWT_20250611_0_L2A;S2B_30TXT_20250611_0_L2A,1.0,0.0,1.0,0.0359,-0.0508,otsu,0.734,0.0361,6299.3,1115.7,0.1771,389.6,1070.6,1214.8,-0.0881,0.1406,0.1969,0.0936,ok,2026-09-03T15:18:59+00:00
grand-lieu,2025-06-16,2,S2C_30TWT_20250616_0_L2A;S2C_30TXT_20250616_0_L2A,1.0,0.1066,0.8934,0.0313,0.0664,otsu,0.596,0.0258,6299.3,876.0,0.1557,174.8,889.1,1152.6,-0.1562,0.215,0.2659,0.6929,ok,2026-09-03T15:18:59+00:00
grand-lieu,2025-06-18,2,S2A_30TWT_20250618_0_L2A;S2A_30TXT_20250618_0_L2A,1.0,0.0003,0.9997,0.0306,0.1367,otsu,0.586,0.0254,6299.3,1075.8,0.1708,133.5,1094.8,1236.2,-0.1805,0.2856,0.3602,0.9385,ok,2026-09-03T15:18:59+00:00
grand-lieu,2025-06-19,2,S2C_30TWT_20250619_0_L2A;S2C_30TXT_20250619_0_L2A,1.0,0.0,1.0,0.0335,-0.168,otsu,0.865,0.0469,6299.3,1097.3,0.1742,1020.1,1044.3,1214.0,-0.0838,0.191,0.2402,0.3372,ok,2026-09-03T15:19:21+00:00
grand-lieu,2025-06-21,1,S2A_30TWT_20250621_1_L2A,1.0,1.0,0.0,,0.0,fijo,,,6299.3,0.0,0.0,0.0,0.0,0.0,,,,,nublado,2026-09-03T15:19:21+00:00
grand-lieu,2025-06-24,2,S2B_30TWT_20250624_0_L2A;S2B_30TXT_20250624_0_L2A,1.0,0.1559,0.8441,0.0371,0.043,otsu,1.032,0.0342,6299.3,49.6,0.0093,1013.0,234.6,920.5,-0.1148,0.2285,0.2807,0.7494,incoherente,2026-09-03T15:19:21+00:00
grand-lieu,2025-06-28,2,S2A_30TWT_20250628_0_L2A;S2A_30TXT_20250628_0_L2A,1.0,0.0,1.0,0.0286,0.1445,otsu,0.856,0.0226,6299.3,333.6,0.053,849.6,962.1,1175.9,-0.249,0.4345,0.5005,0.9977,ok,2026-09-03T15:19:21+00:00
grand-lieu,2025-06-29,2,S2C_30TWT_20250629_0_L2A;S2C_30TXT_20250629_0_L2A,1.0,0.0,1.0,0.0297,-0.0039,otsu,0.899,0.0287,6299.3,655.2,0.104,692.0,893.1,1173.5,-0.1813,0.3685,0.444,0.9875,ok,2026-09-03T15:19:21+00:00
grand-lieu,2025-07-01,4,S2A_30TWT_20250701_1_L2A;S2A_30TXT_20250701_1_L2A;S2B_30TWT_20250701_0_L2A;S2B_30TXT_20250701_0_L2A,1.0,0.0,1.0,0.0402,-0.0117,otsu,0.969,0.035,6299.3,429.1,0.0681,937.6,714.2,1175.0,-0.1713,0.3026,0.3729,0.9867,ok,2026-09-03T15:19:21+00:00
grand-lieu,2025-07-04,2,S2B_30TWT_20250704_0_L2A;S2B_30TXT_20250704_0_L2A,1.0,0.0,1.0,0.037,0.0898,otsu,0.88,0.033,6299.3,711.8,0.113,585.4,840.1,1181.3,-0.1784,0.3079,0.3685,0.9889,ok,2026-09-03T15:19:21+00:00
grand-lieu,2025-07-08,2,S2A_30TWT_20250708_0_L2A;S2A_30TXT_20250708_0_L2A,1.0,0.0029,0.9971,0.0288,0.1445,otsu,0.654,0.0204,6299.3,848.0,0.135,340.9,983.0,1183.8,-0.2322,0.4005,0.4634,0.9987,ok,2026-09-03T15:19:21+00:00
grand-lieu,2025-07-09,2,S2C_30TWT_20250709_0_L2A;S2C_30TXT_20250709_0_L2A,1.0,0.003,0.997,0.0322,0.0508,otsu,0.699,0.0283,6299.3,800.8,0.1275,475.4,881.6,1170.9,-0.2199,0.3445,0.3949,0.9978,ok,2026-09-03T15:19:21+00:00
grand-lieu,2025-07-11,4,S2A_30TWT_20250711_1_L2A;S2A_30TXT_20250711_1_L2A;S2B_30TWT_20250711_0_L2A;S2B_30TXT_20250711_0_L2A,1.0,0.0,1.0,0.0398,0.0664,otsu,0.859,0.0367,6299.3,843.0,0.1338,512.0,857.3,1192.6,-0.1484,0.2863,0.3287,0.9983,ok,2026-09-03T15:19:21+00:00
grand-lieu,2025-07-14,1,S2B_30TXT_20250714_0_L2A,0.5058,1.0006,0.0,,0.0,fijo,,,6299.3,0.0,0.0,0.0,0.0,0.0,,,,,parcial,2026-09-03T15:19:21+00:00
grand-lieu,2025-07-16,1,S2C_30TXT_20250716_0_L2A,0.5058,0.4124,0.2976,0.0583,-0.0039,otsu,1.037,0.0453,6299.3,273.0,0.1456,143.7,268.8,572.6,-0.165,0.3166,0.3671,0.9641,parcial,2026-09-03T15:19:21+00:00
grand-lieu,2025-07-21,1,S2A_30TWT_20250721_1_L2A,1.0,0.5399,0.4601,0.0553,-0.082,otsu,1.156,0.0612,6299.3,607.2,0.2095,485.8,104.0,1024.8,-0.0535,0.1811,0.2199,0.2029,nublado,2026-09-03T15:19:40+00:00
grand-lieu,2025-07-24,1,S2B_30TWT_20250724_0_L2A,1.0,0.7361,0.2639,0.0686,-0.1367,otsu,1.317,0.0887,6299.3,92.9,0.0559,344.9,85.4,240.3,-0.133,0.2108,0.2923,0.5652,nublado,2026-09-03T15:19:40+00:00
grand-lieu,2025-07-26,2,S2C_30TWT_20250726_0_L2A;S2C_30TXT_20250726_0_L2A,1.0,0.462,0.538,0.048,0.0039,otsu,0.78,0.039,6299.3,569.8,0.1681,278.5,610.4,932.4,-0.2107,0.3571,0.4038,0.9849,nublado,2026-09-03T15:19:40+00:00
grand-lieu,2025-07-29,1,S2C_30TXT_20250729_0_L2A,0.5058,0.4072,0.3,0.0483,0.0898,otsu,0.724,0.0436,6299.3,676.0,0.3578,130.0,716.2,879.9,-0.214,0.3391,0.3923,0.967,parcial,2026-09-03T15:19:40+00:00
grand-lieu,2025-07-31,3,S2A_30TXT_20250731_1_L2A;S2B_30TWT_20250731_0_L2A;S2B_30TXT_20250731_0_L2A,1.0,0.6254,0.3746,0.0537,0.0742,otsu,0.824,0.0386,6299.3,360.5,0.1528,109.7,402.7,673.5,-0.2378,0.3583,0.4427,0.9593,nublado,2026-09-03T15:19:40+00:00
grand-lieu,2025-08-03,2,S2B_30TWT_20250803_0_L2A;S2B_30TXT_20250803_0_L2A,1.0,0.0,1.0,0.0339,0.1445,otsu,0.876,0.0302,6299.3,327.6,0.052,883.1,931.4,1166.8,-0.2176,0.3795,0.4341,0.9705,ok,2026-09-03T15:19:40+00:00
grand-lieu,2025-08-05,2,S2C_30TWT_20250805_0_L2A;S2C_30TXT_20250805_0_L2A,1.0,0.0089,0.9911,0.0541,0.043,otsu,1.171,0.0549,6299.3,128.7,0.0206,1203.1,88.5,1202.7,-0.1168,0.2244,0.2768,0.7187,espectro_anomalo,2026-09-03T15:19:40+00:00
grand-lieu,2025-08-07,2,S2A_30TWT_20250807_0_L2A;S2A_30TXT_20250807_0_L2A,1.0,0.0,1.0,0.0312,0.1055,otsu,1.002,0.0235,6299.3,73.1,0.0116,1115.1,555.6,1151.2,-0.1726,0.3456,0.4419,0.9584,incoherente,2026-09-03T15:19:40+00:00
grand-lieu,2025-08-08,2,S2C_30TWT_20250808_0_L2A;S2C_30TXT_20250808_0_L2A,1.0,0.0001,0.9999,0.029,0.0664,otsu,0.871,0.0267,6299.3,133.0,0.0211,1084.5,876.3,1151.3,-0.1877,0.3576,0.4775,0.8941,incoherente,2026-09-03T15:19:40+00:00
grand-lieu,2025-08-10,4,S2A_30TWT_20250810_1_L2A;S2A_30TXT_20250810_1_L2A;S2B_30TWT_20250810_0_L2A;S2B_30TXT_20250810_0_L2A,1.0,0.0,1.0,0.0372,0.1211,otsu,1.119,0.0304,6299.3,62.5,0.0099,1149.7,153.9,1163.5,-0.1479,0.2922,0.3631,0.9264,espectro_anomalo,2026-09-03T15:19:40+00:00
grand-lieu,2025-08-15,2,S2C_30TWT_20250815_0_L2A;S2C_30TXT_20250815_0_L2A,1.0,0.0002,0.9998,0.0507,-0.0039,otsu,1.235,0.0477,6299.3,52.2,0.0083,1265.1,12.0,1206.9,-0.1021,0.2075,0.2611,0.5598,espectro_anomalo,2026-09-03T15:19:40+00:00
grand-lieu,2025-08-17,2,S2A_30TWT_20250817_0_L2A;S2A_30TXT_20250817_0_L2A,1.0,0.1224,0.8776,0.0634,-0.0508,otsu,1.357,0.0708,6299.3,13.0,0.0024,1371.2,0.3,1299.0,-0.0409,0.1677,0.1972,0.0613,espectro_anomalo,2026-09-03T15:19:40+00:00
grand-lieu,2025-08-18,1,S2C_30TWT_20250818_0_L2A,1.0,1.0,0.0,,0.0,fijo,,,6299.3,0.0,0.0,0.0,0.0,0.0,,,,,nublado,2026-09-03T15:20:00+00:00
grand-lieu,2025-08-23,2,S2B_30TWT_20250823_0_L2A;S2B_30TXT_20250823_0_L2A,1.0,0.0,1.0,0.0345,0.1055,otsu,1.174,0.0288,6299.3,12.6,0.002,1192.9,20.5,1143.7,-0.1147,0.2523,0.297,0.9429,espectro_anomalo,2026-09-03T15:20:00+00:00
grand-lieu,2025-08-25,2,S2C_30TWT_20250825_0_L2A;S2C_30TXT_20250825_0_L2A,1.0,0.0792,0.9208,0.0891,-0.0977,otsu,1.498,0.0839,6299.3,74.0,0.0128,1216.7,2.4,1335.8,-0.0205,0.2329,0.3116,0.6771,espectro_anomalo,2026-09-03T15:20:00+00:00
grand-lieu,2025-08-28,1,S2C_30TXT_20250828_0_L2A,0.5058,1.0007,0.0,,0.0,fijo,,,6299.3,0.0,0.0,0.0,0.0,0.0,,,,,parcial,2026-09-03T15:20:00+00:00
grand-lieu,2025-09-04,1,S2C_30TWT_20250904_0_L2A,1.0,0.6873,0.3127,0.0442,-0.0039,otsu,1.573,0.0341,6299.3,24.0,0.0122,750.2,7.9,930.5,-0.0484,0.179,0.2679,0.37,nublado,2026-09-03T15:20:00+00:00
grand-lieu,2025-09-06,2,S2A_30TWT_20250906_0_L2A;S2A_30TXT_20250906_0_L2A,1.0,0.1343,0.8657,0.0392,-0.1055,otsu,1.406,0.0355,6299.3,0.2,0.0,1144.4,0.0,846.2,-0.0708,0.1855,0.2018,0.1667,espectro_anomalo,2026-09-03T15:20:00+00:00
grand-lieu,2025-09-09,2,S2A_30TXT_20250909_1_L2A;S2B_30TXT_20250909_0_L2A,0.5058,1.0031,0.0,,0.0,fijo,,,6299.3,0.0,0.0,0.0,0.0,0.0,,,,,parcial,2026-09-03T15:20:00+00:00
grand-lieu,2025-09-17,1,S2C_30TXT_20250917_0_L2A,0.5058,0.5754,0.2154,0.0422,0.0352,otsu,1.039,0.0355,6299.3,176.2,0.1298,431.4,346.8,747.6,-0.2202,0.2779,0.3218,0.9882,parcial,2026-09-03T15:20:00+00:00
grand-lieu,2025-09-19,4,S2A_30TWT_20250919_1_L2A;S2A_30TXT_20250919_1_L2A;S2B_30TWT_20250919_0_L2A;S2B_30TXT_20250919_0_L2A,1.0,0.0,1.0,0.0401,-0.0117,otsu,1.027,0.0355,6299.3,12.5,0.002,1591.3,436.8,1361.9,-0.111,0.2267,0.2831,0.7949,incoherente,2026-09-03T15:20:00+00:00
grand-lieu,2025-09-22,1,S2B_30TWT_20250922_1_L2A,1.0,0.9318,0.0682,0.0306,0.0039,otsu,,,6299.3,0.0,0.0,14.0,0.0,17.2,,,,,nublado,2026-09-03T15:20:00+00:00
grand-lieu,2025-09-29,4,S2A_30TWT_20250929_1_L2A;S2A_30TXT_20250929_1_L2A;S2B_30TWT_20250929_0_L2A;S2B_30TXT_20250929_0_L2A,1.0,0.0079,0.9921,0.0331,0.0664,otsu,0.942,0.029,6299.3,65.8,0.0105,1551.6,811.8,1438.8,-0.1742,0.3354,0.4309,0.9264,incoherente,2026-09-03T15:20:00+00:00
grand-lieu,2025-10-02,2,S2B_30TWT_20251002_0_L2A;S2B_30TXT_20251002_0_L2A,1.0,0.3261,0.6739,0.0406,-0.1055,otsu,1.258,0.0435,6299.3,0.7,0.0002,1567.2,0.0,1156.4,-0.0658,0.1283,0.1371,0.0,nublado,2026-09-03T15:20:00+00:00
grand-lieu,2025-10-04,2,S2C_30TWT_20251004_0_L2A;S2C_30TXT_20251004_0_L2A,1.0,0.2164,0.7836,0.031,-0.0508,otsu,1.448,0.0302,6299.3,2.8,0.0006,1610.5,0.5,1341.4,-0.0922,0.2495,0.3023,0.9857,nublado,2026-09-03T15:20:20+00:00
grand-lieu,2025-10-06,2,S2A_30TWT_20251006_0_L2A;S2A_30TXT_20251006_0_L2A,1.0,0.0,1.0,0.0239,-0.0117,otsu,1.06,0.0199,6299.3,31.4,0.005,1744.9,310.2,1460.2,-0.1534,0.3136,0.408,0.9134,incoherente,2026-09-03T15:20:20+00:00
grand-lieu,2025-10-07,2,S2C_30TWT_20251007_0_L2A;S2C_30TXT_20251007_0_L2A,1.0,0.0944,0.9056,0.0219,-0.0586,otsu,1.073,0.0187,6299.3,20.7,0.0036,1637.3,277.3,1346.1,-0.122,0.2752,0.3987,0.853,incoherente,2026-09-03T15:20:20+00:00
grand-lieu,2025-10-12,2,S2B_30TWT_20251012_0_L2A;S2B_30TXT_20251012_0_L2A,1.0,0.0,1.0,0.0288,0.043,otsu,1.09,0.0281,6299.3,54.1,0.0086,1853.6,413.6,1543.6,-0.1476,0.3065,0.3993,0.9142,incoherente,2026-09-03T15:20:20+00:00
grand-lieu,2025-10-14,2,S2C_30TWT_20251014_0_L2A;S2C_30TXT_20251014_0_L2A,1.0,0.0,1.0,0.0287,-0.0352,otsu,1.186,0.0257,6299.3,21.8,0.0035,1946.2,152.3,1570.6,-0.1021,0.2637,0.3559,0.8125,espectro_anomalo,2026-09-03T15:20:20+00:00
grand-lieu,2025-10-16,2,S2A_30TWT_20251016_0_L2A;S2A_30TXT_20251016_0_L2A,1.0,0.0005,0.9995,0.0251,0.0273,otsu,1.136,0.0222,6299.3,31.1,0.0049,1854.8,245.4,1614.5,-0.1313,0.3074,0.405,0.8753,espectro_anomalo,2026-09-03T15:20:20+00:00
grand-lieu,2025-10-17,2,S2C_30TWT_20251017_0_L2A;S2C_30TXT_20251017_0_L2A,1.0,0.0,1.0,0.0189,-0.0039,otsu,1.069,0.0176,6299.3,29.0,0.0046,1854.6,499.8,1594.9,-0.1499,0.3226,0.4281,0.8633,incoherente,2026-09-03T15:20:20+00:00
grand-lieu,2025-10-24,1,S2C_30TXT_20251024_0_L2A,0.5058,0.7465,0.129,0.036,0.043,otsu,1.221,0.0285,6299.3,137.0,0.1687,432.5,163.5,674.0,-0.151,0.2054,0.2807,0.5737,parcial,2026-09-03T15:20:20+00:00
grand-lieu,2025-10-26,2,S2A_30TWT_20251026_0_L2A;S2A_30TXT_20251026_0_L2A,1.0,0.6864,0.3136,0.0943,-0.1836,otsu,1.346,0.0812,6299.3,29.0,0.0147,371.6,5.6,228.9,-0.0807,0.2116,0.2804,0.5262,nublado,2026-09-03T15:20:20+00:00
grand-lieu,2025-11-01,2,S2B_30TWT_20251101_0_L2A;S2B_30TXT_20251101_0_L2A,1.0,0.5558,0.4442,0.029,0.0195,otsu,1.056,0.0206,6299.3,491.2,0.1755,694.0,720.3,1292.2,-0.1993,0.3235,0.3777,0.962,nublado,2026-09-03T15:20:20+00:00
grand-lieu,2025-11-06,2,S2C_30TWT_20251106_0_L2A;S2C_30TXT_20251106_0_L2A,1.0,0.7522,0.2478,0.0207,-0.168,otsu,1.003,0.0143,6299.3,125.6,0.0805,178.2,139.7,293.1,-0.155,0.3152,0.3943,0.8567,nublado,2026-09-03T15:20:20+00:00
grand-lieu,2025-11-08,4,S2A_30TWT_20251108_2_L2A;S2A_30TXT_20251108_2_L2A;S2B_30TWT_20251108_1_L2A;S2B_30TXT_20251108_1_L2A,1.0,0.5326,0.4674,0.1032,-0.0586,otsu,1.012,0.0897,6299.3,886.7,0.3012,267.9,671.3,1917.2,-0.0755,0.1201,0.2333,0.1539,nublado,2026-09-03T15:20:38+00:00
grand-lieu,2025-11-18,4,S2A_30TWT_20251118_0_L2A;S2A_30TXT_20251118_0_L2A;S2B_30TWT_20251118_1_L2A;S2B_30TXT_20251118_1_L2A,1.0,0.0,1.0,0.0239,0.0508,otsu,0.68,0.0206,6299.3,1271.0,0.2018,753.6,1513.4,2043.8,-0.249,0.3621,0.4181,0.9557,ok,2026-09-03T15:20:38+00:00
grand-lieu,2025-11-21,2,S2B_30TWT_20251121_0_L2A;S2B_30TXT_20251121_0_L2A,1.0,0.0,1.0,0.0159,0.1055,otsu,0.681,0.0126,6299.3,1343.5,0.2133,664.1,1576.0,2080.7,-0.2734,0.4035,0.4587,0.9611,ok,2026-09-03T15:20:20+00:00
grand-lieu,2025-11-25,2,S2A_30TWT_20251125_0_L2A;S2A_30TXT_20251125_0_L2A,1.0,0.0025,0.9975,0.0175,0.0664,otsu,0.723,0.0152,6299.3,1499.8,0.2387,496.9,1645.3,2119.5,-0.2059,0.3418,0.4039,0.9525,ok,2026-09-03T15:20:38+00:00
grand-lieu,2025-11-26,2,S2C_30TWT_20251126_0_L2A;S2C_30TXT_20251126_0_L2A,1.0,0.0,1.0,0.0097,0.0195,otsu,0.593,0.0072,6299.3,1483.8,0.2355,538.7,1678.0,2134.4,-0.2547,0.3856,0.4444,0.9364,ok,2026-09-03T15:20:38+00:00
grand-lieu,2025-12-03,1,S2C_30TWT_20251203_0_L2A,1.0,0.6871,0.3129,0.0341,-0.043,otsu,0.592,0.0255,6299.3,727.7,0.3692,156.3,727.5,954.0,-0.1609,0.2519,0.3699,0.6972,nublado,2026-09-03T15:20:38+00:00
grand-lieu,2025-12-15,2,S2A_30TWT_20251215_0_L2A;S2A_30TXT_20251215_0_L2A,1.0,0.2816,0.7184,0.0305,0.1211,otsu,0.624,0.0305,6299.3,1662.7,0.3674,43.0,1656.2,1981.1,-0.1488,0.2304,0.2933,0.8261,nublado,2026-09-03T15:20:38+00:00
grand-lieu,2025-12-18,1,S2B_30TXT_20251218_0_L2A,0.5058,1.0031,0.0,,0.0,fijo,,,6299.3,0.0,0.0,0.0,0.0,0.0,,,,,parcial,2026-09-03T15:20:38+00:00
grand-lieu,2025-12-26,2,S2C_30TWT_20251226_0_L2A;S2C_30TXT_20251226_0_L2A,1.0,0.0001,0.9999,0.0198,0.082,otsu,0.743,0.0198,6299.3,2301.6,0.3654,144.3,1952.2,3115.2,-0.0839,0.2289,0.3295,0.7437,ok,2026-09-03T15:20:38+00:00
grand-lieu,2025-12-28,4,S2A_30TWT_20251228_1_L2A;S2A_30TXT_20251228_0_L2A;S2B_30TWT_20251228_0_L2A;S2B_30TXT_20251228_1_L2A,1.0,0.0021,0.9979,0.0328,0.1758,otsu,0.613,0.031,6299.3,2501.3,0.3979,128.6,2394.6,3160.3,-0.1379,0.2227,0.3137,0.7259,ok,2026-09-03T15:20:38+00:00
grand-lieu,2025-12-31,2,S2B_30TWT_20251231_0_L2A;S2B_30TXT_20251231_0_L2A,1.0,0.0,1.0,0.0207,0.1445,otsu,0.725,0.0193,6299.3,2232.0,0.3543,185.0,2025.3,3179.4,-0.1192,0.2379,0.3333,0.7963,ok,2026-09-03T15:20:38+00:00
grand-lieu,2026-01-02,2,S2C_30TWT_20260102_0_L2A;S2C_30TXT_20260102_0_L2A,1.0,0.7991,0.2009,0.0904,-0.207,otsu,0.923,0.1004,6299.3,779.0,0.6157,70.4,513.2,567.6,-0.0358,0.0707,0.16,0.0225,nublado,2026-09-03T15:20:38+00:00
grand-lieu,2026-01-05,1,S2C_30TXT_20260105_0_L2A,0.5058,0.7516,0.1256,0.0354,-0.0195,otsu,0.643,0.0374,6299.3,337.5,0.4265,21.2,324.3,367.9,-0.1235,0.1162,0.1539,0.0041,parcial,2026-09-03T15:20:38+00:00
grand-lieu,2026-01-10,2,S2B_30TWT_20260110_0_L2A;S2B_30TXT_20260110_0_L2A,1.0,0.3987,0.6013,0.0181,0.0742,otsu,0.958,0.0178,6299.3,1516.6,0.4004,126.5,892.4,2054.9,-0.051,0.2322,0.3219,0.7347,nublado,2026-09-03T15:20:56+00:00
grand-lieu,2026-01-22,2,S2C_30TWT_20260122_0_L2A;S2C_30TXT_20260122_0_L2A,1.0,0.9752,0.0248,0.0001,-0.082,otsu,1.0,0.0001,6299.3,31.4,0.2008,0.2,24.0,125.8,0.1116,0.02,0.0341,0.0,nublado,2026-09-03T15:20:56+00:00
grand-lieu,2026-01-25,1,S2C_30TWT_20260125_0_L2A,1.0,0.3399,0.6601,0.0148,0.1133,otsu,0.665,0.0152,6299.3,2527.7,0.6079,73.9,2417.9,2711.6,-0.0631,0.198,0.3523,0.5838,nublado,2026-09-03T15:20:56+00:00
grand-lieu,2026-02-06,2,S2A_30TWT_20260206_0_L2A;S2B_30TWT_20260206_1_L2A,1.0,0.7177,0.2823,0.039,0.1836,otsu,0.624,0.0361,6299.3,1086.0,0.6108,11.0,1383.4,1534.2,-0.0538,0.1357,0.2528,0.302,nublado,2026-09-03T15:20:56+00:00
grand-lieu,2026-02-24,2,S2C_30TWT_20260224_0_L2A;S2C_30TXT_20260224_0_L2A,1.0,0.0,1.0,0.016,0.2461,otsu,0.384,0.0175,6299.3,3634.5,0.577,3.7,4017.6,4390.4,0.0103,0.0233,0.1241,0.0584,ok,2026-09-03T15:20:56+00:00
grand-lieu,2026-03-03,2,S2C_30TWT_20260303_0_L2A;S2C_30TXT_20260303_0_L2A,1.0,0.66,0.34,0.0238,0.0352,otsu,0.678,0.0208,6299.3,1077.6,0.5032,190.0,845.0,1252.7,-0.0618,0.091,0.1868,0.0715,nublado,2026-09-03T15:20:56+00:00
grand-lieu,2026-03-08,4,S2A_30TWT_20260308_1_L2A;S2A_30TXT_20260308_1_L2A;S2B_30TWT_20260308_0_L2A;S2B_30TXT_20260308_0_L2A,1.0,0.0806,0.9194,0.0232,0.0195,otsu,0.709,0.02,6299.3,2724.5,0.4704,342.2,2427.8,3434.9,-0.0838,0.1461,0.2308,0.2153,ok,2026-09-03T15:20:56+00:00
grand-lieu,2026-03-11,1,S2B_30TWT_20260311_0_L2A,1.0,0.6224,0.3776,0.0542,0.1445,otsu,0.815,0.0374,6299.3,855.3,0.3596,30.9,907.5,1094.7,-0.0631,0.0911,0.1673,0.0447,nublado,2026-09-03T15:20:56+00:00
grand-lieu,2026-03-15,1,S2A_30TXT_20260315_0_L2A,0.5058,0.9511,0.026,0.044,-0.0039,otsu,0.566,0.0391,6299.3,60.1,0.3677,7.2,58.5,61.0,-0.0587,0.0595,0.1229,0.0133,parcial,2026-09-03T15:20:56+00:00
grand-lieu,2026-03-18,4,S2A_30TWT_20260318_1_L2A;S2A_30TXT_20260318_1_L2A;S2B_30TWT_20260318_0_L2A;S2B_30TXT_20260318_0_L2A,1.0,0.0,1.0,0.0173,0.1523,otsu,0.67,0.0149,6299.3,2707.8,0.4299,451.8,2620.2,3729.7,-0.0428,0.1323,0.2889,0.2568,ok,2026-09-03T15:20:56+00:00
grand-lieu,2026-03-21,2,S2B_30TWT_20260321_0_L2A;S2B_30TXT_20260321_0_L2A,1.0,0.0,1.0,0.0277,0.207,otsu,0.583,0.026,6299.3,2881.4,0.4574,582.6,2856.8,3370.2,-0.1019,0.1016,0.2151,0.1325,ok,2026-09-03T15:20:56+00:00
grand-lieu,2026-03-25,2,S2A_30TWT_20260325_0_L2A;S2A_30TXT_20260325_0_L2A,1.0,0.5025,0.4975,0.0316,0.043,otsu,0.764,0.0323,6299.3,1768.7,0.5643,233.0,1436.4,1925.4,-0.0133,0.1011,0.1721,0.0435,nublado,2026-09-03T15:21:19+00:00
grand-lieu,2026-03-26,1,S2C_30TWT_20260326_0_L2A,1.0,0.9361,0.0639,0.0525,-0.0742,otsu,0.815,0.0349,6299.3,126.1,0.3131,69.4,104.8,117.8,-0.084,0.103,0.2474,0.2128,nublado,2026-09-03T15:20:56+00:00
grand-lieu,2026-03-28,5,S2A_30TWT_20260328_2_L2A;S2A_30TXT_20260328_2_L2A;S2B_30TWT_20260328_0_L2A;S2B_30TWT_20260328_1_L2A;S2B_30TXT_20260328_0_L2A,1.0,0.5159,0.4841,0.0403,0.082,otsu,0.594,0.0388,6299.3,1629.9,0.5345,212.7,1603.9,1776.4,-0.0671,0.0757,0.1801,0.0556,nublado,2026-09-03T15:21:19+00:00
grand-lieu,2026-04-02,1,S2C_30TWT_20260402_0_L2A,1.0,0.6493,0.3507,0.0467,0.1211,otsu,0.517,0.0417,6299.3,1186.9,0.5373,25.8,1229.9,1298.2,-0.1281,0.0834,0.1747,0.0538,nublado,2026-09-03T15:21:19+00:00
grand-lieu,2026-04-04,2,S2A_30TWT_20260404_0_L2A;S2A_30TXT_20260404_0_L2A,1.0,0.1495,0.8505,0.0168,0.168,otsu,0.687,0.0119,6299.3,1730.4,0.323,295.5,1803.9,2223.6,-0.0828,0.1713,0.2825,0.3496,ok,2026-09-03T15:21:19+00:00
grand-lieu,2026-04-07,4,S2A_30TWT_20260407_1_L2A;S2A_30TXT_20260407_1_L2A;S2B_30TWT_20260407_0_L2A;S2B_30TXT_20260407_0_L2A,1.0,0.0,1.0,0.0234,0.1367,otsu,0.577,0.0194,6299.3,1718.7,0.2728,531.8,1721.6,2246.6,-0.107,0.159,0.2738,0.3108,ok,2026-09-03T15:21:19+00:00
grand-lieu,2026-04-10,2,S2B_30TWT_20260410_0_L2A;S2B_30TXT_20260410_0_L2A,1.0,0.0074,0.9926,0.0278,-0.0117,otsu,1.049,0.0226,6299.3,1238.8,0.1981,1040.4,848.7,1920.3,-0.0739,0.14,0.2466,0.2288,ok,2026-09-03T15:21:19+00:00
grand-lieu,2026-04-17,4,S2A_30TWT_20260417_1_L2A;S2A_30TXT_20260417_1_L2A;S2B_30TWT_20260417_0_L2A;S2B_30TXT_20260417_0_L2A,1.0,0.0,1.0,0.0291,0.0664,otsu,0.595,0.0238,6299.3,1285.4,0.204,616.9,1252.1,1786.3,-0.1394,0.1771,0.2383,0.2414,ok,2026-09-03T15:21:19+00:00
grand-lieu,2026-04-20,2,S2B_30TWT_20260420_0_L2A;S2B_30TXT_20260420_0_L2A,1.0,0.6535,0.3465,0.0219,-0.1289,otsu,1.537,0.0144,6299.3,370.8,0.1699,831.0,189.7,646.2,-0.0245,0.1676,0.2582,0.2905,nublado,2026-09-03T15:21:19+00:00
grand-lieu,2026-04-24,2,S2A_30TWT_20260424_0_L2A;S2A_30TXT_20260424_0_L2A,1.0,0.2752,0.7248,0.0269,0.0352,otsu,0.744,0.023,6299.3,1034.6,0.2266,566.3,997.4,1388.2,-0.1703,0.2369,0.2755,0.8554,nublado,2026-09-03T15:21:19+00:00
grand-lieu,2026-04-25,1,S2C_30TWT_20260425_0_L2A,1.0,1.0,0.0,,0.0,fijo,,,6299.3,0.0,0.0,0.0,0.0,0.0,,,,,nublado,2026-09-03T15:21:19+00:00
grand-lieu,2026-05-07,1,S2A_30TWT_20260507_1_L2A,1.0,0.9893,0.0107,0.0961,0.082,otsu,,,6299.3,5.6,0.0837,2.1,6.4,7.5,-0.1346,0.135,0.1556,0.0,nublado,2026-09-03T15:21:19+00:00
grand-lieu,2026-05-12,2,S2C_30TWT_20260512_0_L2A;S2C_30TXT_20260512_0_L2A,1.0,0.6514,0.3486,0.0502,0.0586,otsu,0.618,0.0454,6299.3,418.1,0.1904,125.7,426.3,658.6,-0.1796,0.1876,0.2694,0.4741,nublado,2026-09-03T15:21:34+00:00
grand-lieu,2026-05-22,2,S2C_30TWT_20260522_0_L2A;S2C_30TXT_20260522_0_L2A,1.0,0.0,1.0,0.0211,-0.1367,otsu,0.822,0.0195,6299.3,699.2,0.111,1181.6,1033.0,1221.5,-0.1734,0.3263,0.4398,0.8968,ok,2026-09-03T15:21:34+00:00
grand-lieu,2026-05-24,2,S2A_30TWT_20260524_0_L2A;S2A_30TXT_20260524_0_L2A,1.0,0.0,1.0,0.0233,0.1367,otsu,0.678,0.0204,6299.3,926.1,0.147,360.2,1088.4,1266.2,-0.237,0.4024,0.4842,0.9746,ok,2026-09-03T15:21:19+00:00
grand-lieu,2026-05-25,1,S2C_30TXT_20260525_0_L2A,0.5058,0.0,0.5058,0.024,0.1055,otsu,0.706,0.0225,6299.3,500.8,0.1572,457.8,864.2,938.3,-0.2614,0.4129,0.5048,0.9628,parcial,2026-09-03T15:21:34+00:00
grand-lieu,2026-05-27,4,S2A_30TWT_20260527_1_L2A;S2A_30TXT_20260527_1_L2A;S2B_30TWT_20260527_0_L2A;S2B_30TXT_20260527_0_L2A,1.0,0.0,1.0,0.0321,0.043,otsu,0.833,0.0309,6299.3,471.7,0.0749,854.8,959.8,1197.7,-0.2394,0.3964,0.4529,0.9722,ok,2026-09-03T15:21:34+00:00
grand-lieu,2026-05-30,1,S2B_30TWT_20260530_0_L2A,1.0,1.0,0.0,,0.0,fijo,,,6299.3,0.0,0.0,0.0,0.0,0.0,,,,,nublado,2026-09-03T15:21:34+00:00
grand-lieu,2026-06-01,2,S2C_30TWT_20260601_0_L2A;S2C_30TXT_20260601_0_L2A,1.0,0.0,1.0,0.0211,0.0898,otsu,0.777,0.0173,6299.3,746.1,0.1184,457.0,981.2,1165.8,-0.2222,0.4484,0.5116,0.9947,ok,2026-09-03T15:21:34+00:00
grand-lieu,2026-06-04,2,S2C_30TWT_20260604_0_L2A;S2C_30TXT_20260604_0_L2A,1.0,0.5827,0.4173,0.0465,-0.1289,otsu,1.032,0.057,6299.3,596.5,0.2269,574.4,491.1,1073.5,-0.0466,0.1726,0.2537,0.2922,nublado,2026-09-03T15:21:34+00:00
grand-lieu,2026-06-06,1,S2B_30TWT_20260606_0_L2A,1.0,0.8889,0.1111,0.0869,0.0039,otsu,1.331,0.078,6299.3,80.5,0.115,154.0,71.7,250.2,-0.1387,0.1516,0.2002,0.1009,nublado,2026-09-03T15:21:34+00:00
grand-lieu,2026-06-11,2,S2C_30TWT_20260611_0_L2A;S2C_30TXT_20260611_0_L2A,1.0,0.7194,0.2806,0.1253,-0.2539,otsu,1.684,0.1479,6299.3,0.2,0.0001,1212.6,0.0,135.5,-0.0157,0.1438,0.1589,0.0,nublado,2026-09-03T15:21:34+00:00
grand-lieu,2026-06-14,2,S2C_30TWT_20260614_0_L2A;S2C_30TXT_20260614_0_L2A,1.0,0.2562,0.7438,0.0264,-0.0508,otsu,1.002,0.0245,6299.3,391.1,0.0835,560.4,394.3,782.6,-0.1452,0.3015,0.3705,0.9875,nublado,2026-09-03T15:21:34+00:00
grand-lieu,2026-06-16,2,S2A_30TXT_20260616_1_L2A;S2B_30TXT_20260616_0_L2A,0.5058,1.0014,0.0009,0.1287,0.0,fijo,,,6299.3,0.0,0.0,4.0,0.0,4.3,,,,,parcial,2026-09-03T15:21:34+00:00
grand-lieu,2026-06-19,1,S2B_30TXT_20260619_0_L2A,0.5058,0.653,0.1755,0.0505,-0.0508,otsu,0.93,0.0501,6299.3,305.8,0.2766,125.4,280.5,387.2,-0.1287,0.2359,0.2669,0.9529,parcial,2026-09-03T15:21:34+00:00
grand-lieu,2026-06-21,2,S2C_30TWT_20260621_0_L2A;S2C_30TXT_20260621_0_L2A,1.0,0.0522,0.9478,0.0338,-0.082,otsu,0.836,0.0308,6299.3,746.9,0.1251,412.1,764.8,1012.5,-0.1562,0.3069,0.3508,0.991,ok,2026-09-03T15:21:53+00:00
grand-lieu,2026-06-23,2,S2A_30TWT_20260623_0_L2A;S2A_30TXT_20260623_0_L2A,1.0,0.0,1.0,0.0335,-0.1055,otsu,0.984,0.0302,6299.3,663.3,0.1053,722.2,587.6,1169.0,-0.1253,0.2694,0.2894,0.9998,ok,2026-09-03T15:21:53+00:00
grand-lieu,2026-06-24,2,S2C_30TWT_20260624_0_L2A;S2C_30TXT_20260624_0_L2A,1.0,0.1895,0.8105,0.033,-0.2773,otsu,1.274,0.0452,6299.3,361.1,0.0707,1409.7,272.9,864.1,-0.0974,0.2814,0.3512,0.8733,espectro_anomalo,2026-09-03T15:21:53+00:00
grand-lieu,2026-06-26,4,S2A_30TWT_20260626_1_L2A;S2A_30TXT_20260626_1_L2A;S2B_30TWT_20260626_0_L2A;S2B_30TXT_20260626_0_L2A,1.0,0.4414,0.5586,0.0458,0.0117,otsu,0.99,0.0406,6299.3,417.3,0.1186,447.1,477.6,858.4,-0.1761,0.3617,0.411,0.9981,nublado,2026-09-03T15:21:53+00:00
grand-lieu,2026-06-29,2,S2B_30TWT_20260629_0_L2A;S2B_30TXT_20260629_0_L2A,1.0,0.2005,0.7995,0.0366,0.082,otsu,1.032,0.0318,6299.3,67.6,0.0134,735.8,342.2,727.8,-0.1551,0.3234,0.4244,0.9698,nublado,2026-09-03T15:21:53+00:00
grand-lieu,2026-07-03,2,S2A_30TWT_20260703_0_L2A;S2A_30TXT_20260703_0_L2A,1.0,0.0,1.0,0.03,0.1445,otsu,0.946,0.0218,6299.3,49.0,0.0078,1142.6,774.7,1135.0,-0.2148,0.416,0.4539,0.9992,incoherente,2026-09-03T15:21:53+00:00
grand-lieu,2026-07-04,2,S2C_30TWT_20260704_0_L2A;S2C_30TXT_20260704_0_L2A,1.0,0.0,1.0,0.0292,0.0508,otsu,0.887,0.0238,6299.3,94.4,0.015,1165.9,807.3,1138.7,-0.208,0.3911,0.4711,0.9992,incoherente,2026-09-03T15:21:53+00:00
grand-lieu,2026-07-06,4,S2A_30TWT_20260706_1_L2A;S2A_30TXT_20260706_1_L2A;S2B_30TWT_20260706_0_L2A;S2B_30TXT_20260706_0_L2A,1.0,0.0,1.0,0.0352,0.1367,otsu,0.674,0.0264,6299.3,848.4,0.1347,364.6,968.6,1164.8,-0.2373,0.3925,0.4377,1.0,ok,2026-09-03T15:21:53+00:00
grand-lieu,2026-07-09,2,S2B_30TWT_20260709_0_L2A;S2B_30TXT_20260709_0_L2A,1.0,0.0305,0.9695,0.042,0.1133,otsu,0.92,0.0396,6299.3,354.0,0.058,854.8,799.5,1125.1,-0.1989,0.3628,0.4107,0.9965,ok,2026-09-03T15:21:53+00:00
grand-lieu,2026-07-13,2,S2A_30TWT_20260713_0_L2A;S2A_30TXT_20260713_0_L2A,1.0,0.325,0.675,0.0454,0.0586,otsu,1.233,0.0418,6299.3,160.8,0.0378,995.6,130.1,1247.9,-0.1296,0.3084,0.3468,0.9978,nublado,2026-09-03T15:21:53+00:00
grand-lieu,2026-07-16,2,S2A_30TWT_20260716_1_L2A;S2B_30TWT_20260716_0_L2A,1.0,0.723,0.277,0.0334,0.0508,otsu,0.842,0.0248,6299.3,58.3,0.0334,146.8,141.6,193.5,-0.2697,0.497,0.5429,1.0,nublado,2026-09-03T15:21:53+00:00
grand-lieu,2026-07-19,2,S2B_30TWT_20260719_1_L2A;S2B_30TXT_20260719_0_L2A,1.0,0.0,1.0,0.0384,-0.0273,otsu,1.413,0.0526,6299.3,17.6,0.0028,1413.1,0.6,1141.7,-0.0927,0.2569,0.304,0.9727,espectro_anomalo,2026-09-03T15:21:53+00:00
grand-lieu,2026-07-21,2,S2C_30TWT_20260721_0_L2A;S2C_30TXT_20260721_0_L2A,1.0,0.0,1.0,0.0382,0.0352,otsu,1.605,0.0358,6299.3,0.5,0.0001,1310.0,0.3,1130.2,-0.0608,0.2069,0.2368,0.6667,espectro_anomalo,2026-09-03T15:22:13+00:00
grand-lieu,2026-07-24,2,S2C_30TWT_20260724_0_L2A;S2C_30TXT_20260724_0_L2A,1.0,0.0,1.0,0.0382,-0.0195,otsu,1.473,0.0422,6299.3,0.4,0.0001,1373.3,0.3,1136.6,-0.0771,0.2295,0.2589,1.0,espectro_anomalo,2026-09-03T15:22:13+00:00
grand-lieu,2026-07-29,2,S2B_30TWT_20260729_0_L2A;S2B_30TXT_20260729_0_L2A,1.0,0.0,1.0,0.0439,0.1445,otsu,1.088,0.0437,6299.3,172.2,0.0273,1083.7,384.2,1174.8,-0.1898,0.3452,0.3974,0.997,incoherente,2026-09-03T15:22:13+00:00
grand-lieu,2026-08-05,4,S2A_30TWT_20260805_1_L2A;S2A_30TXT_20260805_1_L2A;S2B_30TWT_20260805_0_L2A;S2B_30TXT_20260805_0_L2A,1.0,0.1426,0.8574,0.0459,0.0977,otsu,1.386,0.0443,6299.3,0.4,0.0001,1141.4,4.1,1139.2,-0.1665,0.294,0.325,1.0,espectro_anomalo,2026-09-03T15:22:13+00:00
grand-lieu,2026-08-08,2,S2B_30TWT_20260808_0_L2A;S2B_30TXT_20260808_0_L2A,1.0,0.0049,0.9951,0.0437,0.0273,otsu,1.286,0.0441,6299.3,0.0,0.0,1263.5,6.2,1147.2,,,,,espectro_anomalo,2026-09-03T15:22:13+00:00
grand-lieu,2026-08-10,2,S2C_30TWT_20260810_0_L2A;S2C_30TXT_20260810_0_L2A,1.0,0.0,1.0,0.0403,0.0117,otsu,1.34,0.0404,6299.3,0.0,0.0,1224.4,9.6,1147.2,,,,,espectro_anomalo,2026-09-03T15:22:13+00:00
grand-lieu,2026-08-12,2,S2A_30TWT_20260812_0_L2A;S2A_30TXT_20260812_0_L2A,1.0,0.0,1.0,0.0419,0.0742,otsu,1.209,0.0425,6299.3,14.4,0.0023,1195.7,70.9,1166.5,-0.1581,0.329,0.3544,0.9972,espectro_anomalo,2026-09-03T15:22:13+00:00
grand-lieu,2026-08-13,2,S2C_30TWT_20260813_0_L2A;S2C_30TXT_20260813_0_L2A,1.0,0.0,1.0,0.0394,0.0664,otsu,1.124,0.0418,6299.3,26.4,0.0042,1198.8,191.2,1162.3,-0.2003,0.3826,0.4349,1.0,espectro_anomalo,2026-09-03T15:22:13+00:00
grand-lieu,2026-08-20,1,S2C_30TWT_20260820_0_L2A,1.0,0.4254,0.5746,0.0541,-0.0039,otsu,1.464,0.0506,6299.3,0.0,0.0,637.7,0.0,843.6,,,,,nublado,2026-09-03T15:22:13+00:00
grand-lieu,2026-08-25,2,S2A_30TWT_20260825_1_L2A;S2B_30TWT_20260825_0_L2A,1.0,1.0,0.0,,0.0,fijo,,,6299.3,0.0,0.0,0.0,0.0,0.0,,,,,nublado,2026-09-03T15:22:13+00:00
grand-lieu,2026-09-01,1,S2A_30TWT_20260901_0_L2A,1.0,0.9145,0.0855,0.04,0.0,fijo,,,6299.3,0.0,0.0,1.6,0.0,17.2,,,,,nublado,2026-09-03T15:22:13+00:00
grand-lieu,2026-09-02,2,S2C_30TWT_20260902_0_L2A;S2C_30TXT_20260902_0_L2A,1.0,0.0644,0.9356,0.0265,0.0039,otsu,1.659,0.0228,6299.3,0.0,0.0,1233.1,0.0,1161.2,,,,,espectro_anomalo,2026-09-03T15:22:13+00:00
