site,date,n_scenes,scenes,coverage,cloud_frac,valid_frac,blue_median,mndwi_thr,thr_method,water_nir_green,water_blue,site_ha,water_ha,water_frac,wet_veg_ha,ndwi_water_ha,scl_water_ha,ndti_mean,ndci_mean,ndci_p90,bloom_frac,quality,processed_at
lac-du-der,2017-07-07,1,S2B_31UFP_20170707_0_L2A,1.0,0.9712,0.0288,0.0588,-0.1055,otsu,,,6126.8,15.0,0.0849,24.2,17.0,0.0,-0.1995,0.0405,0.0741,0.0027,nublado,2026-09-03T14:46:25+00:00
lac-du-der,2017-07-17,1,S2B_31UFP_20170717_0_L2A,0.9999,0.0105,0.9895,0.0328,0.1211,otsu,0.221,0.0324,6126.8,3659.2,0.6036,219.4,3751.2,3654.2,-0.4755,-0.0533,-0.005,0.0037,ok,2026-09-03T14:46:25+00:00
lac-du-der,2017-08-04,1,S2A_31UFP_20170804_0_L2A,1.0,0.5665,0.4335,0.0549,-0.043,otsu,0.454,0.0391,6126.8,950.8,0.358,199.8,1009.9,430.0,-0.197,-0.0044,0.0517,0.0051,nublado,2026-09-03T14:46:25+00:00
lac-du-der,2017-08-06,1,S2B_31UFP_20170806_0_L2A,0.9998,0.0216,0.9782,0.0324,0.1445,otsu,0.216,0.0328,6126.8,3577.6,0.597,154.0,3661.8,3588.8,-0.4257,-0.0693,0.0252,0.0054,ok,2026-09-03T14:46:25+00:00
lac-du-der,2017-08-19,1,S2B_31UFP_20170819_0_L2A,1.0,0.4724,0.5276,0.0568,0.1133,otsu,0.372,0.0557,6126.8,1622.7,0.502,141.8,1757.6,1577.6,-0.2672,-0.0309,0.0269,0.0006,nublado,2026-09-03T14:46:25+00:00
lac-du-der,2017-08-26,1,S2B_31UFP_20170826_0_L2A,1.0,0.202,0.798,0.0699,0.1289,otsu,0.606,0.0845,6126.8,2549.7,0.5215,197.6,2644.4,169.7,-0.2028,0.0343,0.0655,0.0019,nublado,2026-09-03T14:46:25+00:00
lac-du-der,2017-08-29,1,S2B_31UFP_20170829_0_L2A,1.0,0.0922,0.9078,0.0409,0.0273,otsu,0.868,0.0418,6126.8,771.4,0.1387,2434.2,3025.2,3203.6,-0.2591,0.0641,0.1373,0.0018,incoherente,2026-09-03T14:46:25+00:00
lac-du-der,2017-09-25,1,S2B_31UFP_20170925_0_L2A,1.0,0.5202,0.4798,0.0343,0.0195,otsu,0.471,0.0345,6126.8,1008.2,0.3429,87.6,1065.8,810.7,-0.2647,0.0325,0.1125,0.0016,nublado,2026-09-03T14:46:25+00:00
lac-du-der,2017-09-28,1,S2B_31UFP_20170928_0_L2A,1.0,0.2484,0.7516,0.0433,0.1914,otsu,0.379,0.0397,6126.8,2036.6,0.4423,85.2,2448.3,2967.4,-0.3658,-0.0529,0.0436,0.0006,nublado,2026-09-03T14:46:25+00:00
lac-du-der,2017-10-05,1,S2B_31UFP_20171005_0_L2A,1.0,1.0,0.0,,0.0,fijo,,,6126.8,0.0,0.0,0.0,0.0,0.0,,,,,nublado,2026-09-03T14:46:25+00:00
lac-du-der,2017-10-15,1,S2B_31UFP_20171015_0_L2A,1.0,0.0109,0.9891,0.0368,0.1523,otsu,0.236,0.036,6126.8,2625.4,0.4332,7.4,2675.0,2560.1,-0.3632,-0.0353,0.0806,0.0121,ok,2026-09-03T14:46:25+00:00
lac-du-der,2017-10-18,1,S2B_31UFP_20171018_0_L2A,1.0,0.0081,0.9919,0.0387,0.1211,otsu,0.308,0.038,6126.8,2519.7,0.4146,10.6,2568.1,2421.4,-0.3218,-0.01,0.0909,0.0146,ok,2026-09-03T14:46:25+00:00
lac-du-der,2017-11-04,1,S2B_31UFP_20171104_0_L2A,1.0,0.4339,0.5661,0.0551,0.0195,otsu,0.475,0.0602,6126.8,1110.0,0.32,13.5,1097.4,974.8,-0.1938,0.0437,0.1042,0.0089,nublado,2026-09-03T14:46:35+00:00
lac-du-der,2017-12-07,1,S2B_31UFP_20171207_0_L2A,1.0,0.4137,0.5863,0.0692,0.0977,otsu,0.343,0.0677,6126.8,1089.5,0.3033,2.5,1219.3,1001.7,-0.203,-0.0179,0.0514,0.0116,nublado,2026-09-03T14:46:35+00:00
lac-du-der,2018-04-06,1,S2B_31UFP_20180406_0_L2A,1.0,0.0004,0.9996,0.0258,0.0586,otsu,0.335,0.0236,6126.8,4010.9,0.6549,50.5,4080.2,4002.6,-0.3705,-0.0175,0.0255,0.0096,ok,2026-09-03T14:46:35+00:00
lac-du-der,2018-04-08,1,S2A_31UFP_20180408_0_L2A,1.0,0.002,0.998,0.0282,-0.0898,otsu,0.678,0.0241,6126.8,3197.3,0.5229,872.0,3959.1,2607.1,-0.2813,0.0174,0.0568,0.0064,ok,2026-09-03T14:46:35+00:00
lac-du-der,2018-04-13,1,S2B_31UFP_20180413_0_L2A,1.0,0.0173,0.9827,0.0258,0.1367,otsu,0.239,0.0238,6126.8,3793.0,0.63,107.3,3936.7,3871.0,-0.4777,-0.0505,0.0099,0.013,ok,2026-09-03T14:46:35+00:00
lac-du-der,2018-04-18,2,S2A_31UFP_20180418_0_L2A;S2A_31UFP_20180418_1_L2A,1.0,0.0008,0.9992,0.0307,0.1523,otsu,0.366,0.0298,6126.8,3910.7,0.6388,96.0,4023.8,3918.9,-0.4317,-0.0324,-0.0036,0.0059,ok,2026-09-03T14:46:35+00:00
lac-du-der,2018-04-21,1,S2A_31UFP_20180421_0_L2A,1.0,0.0004,0.9996,0.0373,-0.0117,otsu,0.782,0.0369,6126.8,2264.2,0.3697,1815.2,3754.0,1184.4,-0.258,0.0495,0.0638,0.003,ok,2026-09-03T14:46:35+00:00
lac-du-der,2018-04-26,1,S2B_31UFP_20180426_0_L2A,1.0,0.5953,0.4047,0.0488,0.168,otsu,0.42,0.0466,6126.8,1431.0,0.5771,82.2,1576.2,1434.0,-0.2592,-0.0355,-0.0056,0.0002,nublado,2026-09-03T14:46:35+00:00
lac-du-der,2018-05-01,1,S2A_31UFP_20180501_0_L2A,1.0,0.6818,0.3182,0.0688,0.2852,otsu,0.437,0.0594,6126.8,1069.0,0.5483,56.4,1292.6,1084.2,-0.2543,-0.0316,-0.0063,0.0019,nublado,2026-09-03T14:46:35+00:00
lac-du-der,2018-05-06,1,S2B_31UFP_20180506_0_L2A,1.0,0.0002,0.9998,0.0368,-0.0664,otsu,0.688,0.0376,6126.8,3610.5,0.5894,496.9,3896.5,1529.4,-0.2265,0.0324,0.0472,0.005,ok,2026-09-03T14:46:35+00:00
lac-du-der,2018-05-08,1,S2A_31UFP_20180508_0_L2A,1.0,0.0006,0.9994,0.0239,0.082,otsu,0.51,0.0239,6126.8,3581.0,0.5848,417.0,3929.6,3310.0,-0.4014,0.0111,0.0385,0.0079,ok,2026-09-03T14:46:35+00:00
lac-du-der,2018-05-11,1,S2A_31UFP_20180511_0_L2A,1.0,0.0792,0.9208,0.0266,0.082,otsu,0.408,0.0262,6126.8,3034.0,0.5378,573.6,3519.5,2955.9,-0.4237,-0.0028,0.0415,0.009,ok,2026-09-03T14:46:35+00:00
lac-du-der,2018-05-18,1,S2A_31UFP_20180518_0_L2A,1.0,0.172,0.828,0.0407,-0.0352,otsu,0.738,0.0385,6126.8,2477.2,0.4883,1285.4,3269.0,1650.6,-0.2553,0.0182,0.0414,0.0012,ok,2026-09-03T14:46:47+00:00
lac-du-der,2018-05-21,1,S2A_31UFP_20180521_0_L2A,1.0,0.3086,0.6914,0.0418,0.082,otsu,0.595,0.0355,6126.8,2223.9,0.525,372.3,2498.6,1572.0,-0.2857,0.0105,0.0464,0.0015,nublado,2026-09-03T14:46:47+00:00
lac-du-der,2018-06-07,1,S2A_31UFP_20180607_0_L2A,1.0,0.1912,0.8088,0.0425,0.1211,otsu,0.339,0.0424,6126.8,2726.4,0.5502,133.0,2943.2,2519.3,-0.39,-0.0167,0.0159,0.0049,ok,2026-09-03T14:46:47+00:00
lac-du-der,2018-06-20,2,S2A_31UFP_20180620_0_L2A;S2A_31UFP_20180620_1_L2A,1.0,0.0004,0.9996,0.023,0.0586,otsu,0.056,0.0219,6126.8,3593.7,0.5868,377.9,3888.6,2972.5,-0.5921,-0.2413,0.0326,0.0143,ok,2026-09-03T14:46:47+00:00
lac-du-der,2018-06-22,2,S2B_31UFP_20180622_0_L2A;S2B_31UFP_20180622_1_L2A,1.0,0.5518,0.4482,0.0537,-0.0352,otsu,0.224,0.0472,6126.8,1084.6,0.3949,104.4,1096.6,701.5,-0.2687,-0.0954,0.0218,0.0033,nublado,2026-09-03T14:46:47+00:00
lac-du-der,2018-06-25,2,S2B_31UFP_20180625_0_L2A;S2B_31UFP_20180625_1_L2A,1.0,0.6354,0.3646,0.0716,-0.082,otsu,0.484,0.0346,6126.8,954.1,0.4271,240.3,929.2,297.9,-0.151,0.006,0.0444,0.0004,nublado,2026-09-03T14:46:47+00:00
lac-du-der,2018-06-27,1,S2A_31UFP_20180627_0_L2A,1.0,0.0006,0.9994,0.0292,0.0273,otsu,0.233,0.0301,6126.8,3767.2,0.6152,222.0,3886.9,3694.6,-0.4708,-0.0903,-0.0048,0.0072,ok,2026-09-03T14:46:47+00:00
lac-du-der,2018-06-30,1,S2A_31UFP_20180630_0_L2A,1.0,0.0078,0.9922,0.0381,-0.0742,otsu,0.441,0.0349,6126.8,3755.0,0.6177,297.5,3824.4,1749.0,-0.2429,0.0167,0.0375,0.002,ok,2026-09-03T14:46:47+00:00
lac-du-der,2018-07-02,2,S2B_31UFP_20180702_0_L2A;S2B_31UFP_20180702_1_L2A,1.0,0.9999,0.0001,0.0615,0.0,fijo,,,6126.8,0.0,0.0,0.0,0.0,0.0,,,,,nublado,2026-09-03T14:46:47+00:00
lac-du-der,2018-07-07,2,S2A_31UFP_20180707_0_L2A;S2A_31UFP_20180707_1_L2A,1.0,0.2319,0.7681,0.0445,0.1133,otsu,0.423,0.0435,6126.8,2763.8,0.5873,160.3,2865.6,2468.9,-0.2814,-0.0193,0.0098,0.0001,nublado,2026-09-03T14:46:47+00:00
lac-du-der,2018-07-10,1,S2A_31UFP_20180710_0_L2A,1.0,0.6275,0.3725,0.0747,-0.1133,otsu,0.541,0.0348,6126.8,994.8,0.4358,206.3,906.4,229.2,-0.1323,0.016,0.0481,0.0,nublado,2026-09-03T14:46:47+00:00
lac-du-der,2018-07-12,1,S2B_31UFP_20180712_1_L2A,1.0,0.4189,0.5811,0.0602,0.168,otsu,0.395,0.0545,6126.8,1866.0,0.5241,95.0,2036.1,1775.8,-0.2946,-0.0275,0.0014,0.0,nublado,2026-09-03T14:46:47+00:00
lac-du-der,2018-07-15,1,S2B_31UFP_20180715_0_L2A,1.0,0.3543,0.6457,0.0857,-0.0352,otsu,0.663,0.0579,6126.8,2071.8,0.5237,350.0,2050.4,209.6,-0.137,0.0245,0.042,0.0,nublado,2026-09-03T14:47:05+00:00
lac-du-der,2018-07-17,2,S2A_31UFP_20180717_0_L2A;S2A_31UFP_20180717_1_L2A,1.0,0.0075,0.9925,0.0444,0.0039,otsu,0.646,0.045,6126.8,3602.8,0.5925,382.5,3686.3,1964.2,-0.2433,0.0197,0.0386,0.0,ok,2026-09-03T14:47:05+00:00
lac-du-der,2018-07-20,1,S2A_31UFP_20180720_0_L2A,1.0,0.8445,0.1555,0.117,-0.0977,otsu,1.161,0.1395,6126.8,262.3,0.2753,254.7,184.4,27.8,-0.0631,0.0462,0.0821,0.0,nublado,2026-09-03T14:47:05+00:00
lac-du-der,2018-07-22,1,S2B_31UFP_20180722_0_L2A,1.0,0.1965,0.8035,0.0777,0.082,otsu,0.604,0.0685,6126.8,1940.8,0.3942,486.7,2134.3,984.0,-0.2229,0.0165,0.0464,0.0004,ok,2026-09-03T14:47:05+00:00
lac-du-der,2018-07-25,1,S2B_31UFP_20180725_0_L2A,1.0,0.0002,0.9998,0.0511,0.1211,otsu,0.407,0.0525,6126.8,3756.0,0.6131,241.1,3823.3,3275.6,-0.3387,-0.0091,0.0135,0.0017,ok,2026-09-03T14:47:05+00:00
lac-du-der,2018-07-27,2,S2A_31UFP_20180727_0_L2A;S2A_31UFP_20180727_1_L2A,1.0,0.0006,0.9994,0.0375,0.1211,otsu,0.316,0.0376,6126.8,3722.2,0.6079,228.4,3800.0,3683.9,-0.3969,-0.0417,-0.0183,0.0032,ok,2026-09-03T14:47:05+00:00
lac-du-der,2018-08-04,2,S2B_31UFP_20180804_0_L2A;S2B_31UFP_20180804_1_L2A,1.0,0.891,0.109,0.0762,-0.1055,otsu,0.769,0.0799,6126.8,319.4,0.4785,105.0,367.3,7.8,-0.1443,0.033,0.0805,0.0,nublado,2026-09-03T14:47:05+00:00
lac-du-der,2018-08-06,2,S2A_31UFP_20180806_0_L2A;S2A_31UFP_20180806_1_L2A,1.0,0.0008,0.9992,0.0278,0.1289,otsu,0.229,0.0278,6126.8,3711.1,0.6062,180.5,3783.8,3705.8,-0.4379,-0.0497,-0.0048,0.0063,ok,2026-09-03T14:47:05+00:00
lac-du-der,2018-08-11,2,S2B_31UFP_20180811_0_L2A;S2B_31UFP_20180811_1_L2A,1.0,0.5125,0.4875,0.0435,0.1211,otsu,0.196,0.044,6126.8,1255.2,0.4202,117.2,1390.6,1185.0,-0.2949,-0.054,0.0154,0.0033,nublado,2026-09-03T14:47:05+00:00
lac-du-der,2018-08-14,1,S2B_31UFP_20180814_0_L2A,1.0,0.5448,0.4552,0.0802,0.0742,otsu,0.384,0.0788,6126.8,1380.6,0.495,80.5,1495.2,1019.8,-0.2095,-0.0123,0.0361,0.0024,nublado,2026-09-03T14:47:05+00:00
lac-du-der,2018-08-16,2,S2A_31UFP_20180816_0_L2A;S2A_31UFP_20180816_1_L2A,1.0,0.2361,0.7639,0.0419,-0.043,otsu,0.482,0.0416,6126.8,2779.6,0.5939,252.8,2906.3,1602.1,-0.2885,-0.0008,0.0525,0.0012,nublado,2026-09-03T14:47:05+00:00
lac-du-der,2018-08-19,2,S2A_31UFP_20180819_0_L2A;S2A_31UFP_20180819_1_L2A,1.0,0.0006,0.9994,0.0375,0.1445,otsu,0.308,0.038,6126.8,3684.2,0.6017,99.6,3734.1,3641.8,-0.3416,-0.0215,0.0292,0.0034,ok,2026-09-03T14:47:05+00:00
lac-du-der,2018-08-21,2,S2B_31UFP_20180821_0_L2A;S2B_31UFP_20180821_1_L2A,1.0,0.0517,0.9483,0.0428,0.1367,otsu,0.425,0.0423,6126.8,3470.8,0.5974,87.4,3535.3,3396.0,-0.2868,-0.0031,0.0252,0.0018,ok,2026-09-03T14:47:21+00:00
lac-du-der,2018-08-26,2,S2A_31UFP_20180826_0_L2A;S2A_31UFP_20180826_1_L2A,1.0,0.0429,0.9571,0.0326,0.0508,otsu,0.326,0.0311,6126.8,3355.4,0.5722,79.7,3423.6,3041.5,-0.2822,-0.0382,0.0335,0.0026,ok,2026-09-03T14:47:21+00:00
lac-du-der,2018-08-29,2,S2A_31UFP_20180829_0_L2A;S2A_31UFP_20180829_1_L2A,1.0,0.1867,0.8133,0.0402,0.1133,otsu,0.395,0.0394,6126.8,2615.6,0.5249,91.8,2750.6,2456.6,-0.2366,-0.0066,0.0239,0.0008,ok,2026-09-03T14:47:21+00:00
lac-du-der,2018-09-05,2,S2A_31UFP_20180905_0_L2A;S2A_31UFP_20180905_1_L2A,1.0,0.0308,0.9692,0.0392,0.1289,otsu,0.362,0.0388,6126.8,3436.4,0.5787,28.9,3479.2,3300.5,-0.2681,-0.0103,0.0458,0.0022,ok,2026-09-03T14:47:21+00:00
lac-du-der,2018-09-08,1,S2A_31UFP_20180908_0_L2A,1.0,0.7154,0.2846,0.0491,0.207,otsu,0.308,0.0387,6126.8,958.8,0.5498,32.1,1096.4,928.7,-0.2494,-0.045,-0.0022,0.0,nublado,2026-09-03T14:47:21+00:00
lac-du-der,2018-09-18,2,S2A_31UFP_20180918_0_L2A;S2A_31UFP_20180918_1_L2A,1.0,0.0633,0.9367,0.0434,0.1289,otsu,0.238,0.0435,6126.8,3159.6,0.5505,11.3,3212.7,3010.9,-0.2997,-0.0205,0.0414,0.0021,ok,2026-09-03T14:47:21+00:00
lac-du-der,2018-09-20,2,S2B_31UFP_20180920_0_L2A;S2B_31UFP_20180920_1_L2A,1.0,0.0093,0.9907,0.0453,0.1133,otsu,0.243,0.0457,6126.8,3171.1,0.5225,14.0,3222.6,3031.7,-0.3085,-0.0159,0.0559,0.0034,ok,2026-09-03T14:47:21+00:00
lac-du-der,2018-09-25,2,S2A_31UFP_20180925_0_L2A;S2A_31UFP_20180925_1_L2A,1.0,0.0138,0.9862,0.0499,0.1836,otsu,0.128,0.0527,6126.8,3042.2,0.5035,9.5,3114.6,2959.3,-0.3173,-0.0837,0.0103,0.0037,ok,2026-09-03T14:47:21+00:00
lac-du-der,2018-09-28,2,S2A_31UFP_20180928_0_L2A;S2A_31UFP_20180928_1_L2A,1.0,0.1147,0.8853,0.0544,0.0664,otsu,0.302,0.0564,6126.8,2585.9,0.4768,19.3,2613.0,2082.8,-0.303,0.0014,0.0691,0.0036,ok,2026-09-03T14:47:21+00:00
lac-du-der,2018-09-30,2,S2B_31UFP_20180930_0_L2A;S2B_31UFP_20180930_1_L2A,1.0,0.0139,0.9861,0.0478,0.1602,otsu,0.192,0.0482,6126.8,2895.9,0.4793,17.2,2977.1,2807.9,-0.3292,-0.0225,0.0596,0.002,ok,2026-09-03T14:47:21+00:00
lac-du-der,2018-10-05,2,S2A_31UFP_20181005_0_L2A;S2A_31UFP_20181005_1_L2A,1.0,0.0161,0.9839,0.0389,0.1836,otsu,0.113,0.0387,6126.8,2731.9,0.4532,9.8,2831.1,2666.3,-0.4152,-0.0655,0.0606,0.0045,ok,2026-09-03T14:47:21+00:00
lac-du-der,2018-10-10,1,S2B_31UFP_20181010_0_L2A,0.9999,0.0124,0.9876,0.0323,0.1758,otsu,0.131,0.0312,6126.8,2557.8,0.4227,11.4,2634.5,2845.5,-0.3647,-0.0009,0.0933,0.0047,ok,2026-09-03T14:47:21+00:00
lac-du-der,2018-10-13,2,S2B_31UFP_20181013_0_L2A;S2B_31UFP_20181013_1_L2A,1.0,0.007,0.993,0.0297,0.1289,otsu,0.163,0.0272,6126.8,2456.4,0.4037,8.8,2539.9,2744.6,-0.3421,0.005,0.1075,0.0084,ok,2026-09-03T14:47:33+00:00
lac-du-der,2018-10-15,1,S2A_31UFP_20181015_0_L2A,1.0,1.0,0.0,,0.0,fijo,,,6126.8,0.0,0.0,0.0,0.0,0.0,,,,,nublado,2026-09-03T14:47:33+00:00
lac-du-der,2018-10-18,1,S2A_31UFP_20181018_0_L2A,1.0,0.0245,0.9755,0.0524,0.1367,otsu,0.358,0.0522,6126.8,2328.0,0.3895,11.2,2379.3,2627.6,-0.2099,0.0051,0.071,0.0047,ok,2026-09-03T14:47:33+00:00
lac-du-der,2018-10-20,2,S2B_31UFP_20181020_0_L2A;S2B_31UFP_20181020_1_L2A,1.0,0.0289,0.9711,0.0477,0.1289,otsu,0.308,0.046,6126.8,2270.8,0.3817,17.2,2308.5,2643.2,-0.2525,-0.0256,0.0622,0.0037,ok,2026-09-03T14:47:33+00:00
lac-du-der,2018-11-04,1,S2A_31UFP_20181104_0_L2A,1.0,0.0902,0.9098,0.048,0.1758,otsu,0.243,0.0597,6126.8,1803.4,0.3235,4.3,1852.8,2573.0,-0.2394,-0.015,0.0609,0.0053,ok,2026-09-03T14:47:33+00:00
lac-du-der,2018-11-14,2,S2A_31UFP_20181114_0_L2A;S2A_31UFP_20181114_1_L2A,1.0,0.0781,0.9219,0.0206,0.168,otsu,0.14,0.0227,6126.8,1568.5,0.2777,4.1,1625.4,2499.9,-0.3449,0.0774,0.2139,0.1311,ok,2026-09-03T14:47:33+00:00
lac-du-der,2018-11-17,1,S2A_31UFP_20181117_0_L2A,1.0,0.1183,0.8817,0.0335,0.1758,otsu,0.452,0.0448,6126.8,1539.7,0.285,3.2,1564.5,2727.0,-0.2063,0.0114,0.1174,0.0174,ok,2026-09-03T14:47:33+00:00
lac-du-der,2018-11-19,1,S2B_31UFP_20181119_0_L2A,1.0,1.0,0.0,,0.0,fijo,,,6126.8,0.0,0.0,0.0,0.0,3.5,,,,,nublado,2026-09-03T14:47:33+00:00
lac-du-der,2018-11-22,1,S2B_31UFP_20181122_0_L2A,1.0,0.0482,0.9518,0.0503,0.1367,otsu,0.349,0.0545,6126.8,1483.7,0.2544,0.4,1525.6,2454.7,-0.2017,0.0439,0.1246,0.0123,ok,2026-09-03T14:47:33+00:00
lac-du-der,2018-12-12,1,S2B_31UFP_20181212_0_L2A,1.0,0.1974,0.8026,0.0519,0.1992,otsu,0.847,0.0635,6126.8,1400.2,0.2848,35.0,1436.0,2674.8,-0.197,0.0161,0.0906,0.0021,ok,2026-09-03T14:47:33+00:00
lac-du-der,2018-12-14,1,S2A_31UFP_20181214_0_L2A,1.0,0.9729,0.0271,0.1443,0.0117,otsu,1.036,0.1441,6126.8,79.9,0.482,7.6,48.2,101.7,-0.0587,0.0245,0.0515,0.0,nublado,2026-09-03T14:47:33+00:00
lac-du-der,2018-12-19,1,S2B_31UFP_20181219_0_L2A,1.0,0.1234,0.8766,0.045,0.1055,otsu,0.292,0.0537,6126.8,1844.0,0.3433,5.6,1860.0,3119.6,-0.2585,-0.0016,0.0899,0.0016,ok,2026-09-03T14:47:33+00:00
lac-du-der,2019-01-21,1,S2B_31UFP_20190121_0_L2A,1.0,0.0234,0.9766,0.0359,0.1914,otsu,0.109,0.0381,6126.8,3244.3,0.5422,18.1,3232.9,3903.6,-0.3586,-0.101,0.0369,0.0017,ok,2026-09-03T14:47:46+00:00
lac-du-der,2019-01-31,1,S2B_31UFP_20190131_0_L2A,1.0,0.4125,0.5875,0.0351,0.0195,otsu,0.095,0.0386,6126.8,1833.8,0.5095,271.2,2133.0,2683.3,-0.3914,-0.0483,0.0745,0.0203,nublado,2026-09-03T14:47:46+00:00
lac-du-der,2019-02-05,1,S2A_31UFP_20190205_0_L2A,1.0,0.0035,0.9965,0.0237,0.168,otsu,0.117,0.0229,6126.8,3538.3,0.5795,8.2,3568.7,3885.4,-0.4147,-0.0849,0.0054,0.0017,ok,2026-09-03T14:47:46+00:00
lac-du-der,2019-02-15,1,S2A_31UFP_20190215_0_L2A,1.0,0.0012,0.9987,0.0208,0.1836,otsu,0.034,0.02,6126.8,3686.2,0.6024,3.0,3748.9,3954.9,-0.5303,-0.1497,-0.0465,0.0035,ok,2026-09-03T14:47:46+00:00
lac-du-der,2019-02-17,1,S2B_31UFP_20190217_0_L2A,1.0,0.0521,0.9478,0.0272,0.1445,otsu,0.086,0.0232,6126.8,3576.8,0.6159,3.6,3601.8,3633.5,-0.5193,-0.1152,-0.0391,0.0023,ok,2026-09-03T14:47:46+00:00
lac-du-der,2019-02-22,1,S2A_31UFP_20190222_0_L2A,1.0,0.1507,0.8493,0.0706,-0.0898,otsu,0.763,0.0645,6126.8,3123.4,0.6002,27.0,2976.0,3366.3,-0.2287,0.008,0.0558,0.0008,ok,2026-09-03T14:47:46+00:00
lac-du-der,2019-02-25,1,S2A_31UFP_20190225_0_L2A,1.0,0.0012,0.9988,0.0239,0.1367,otsu,0.161,0.0216,6126.8,3784.1,0.6183,3.4,3854.2,4017.8,-0.4772,-0.1296,-0.0463,0.0029,ok,2026-09-03T14:47:46+00:00
lac-du-der,2019-02-27,1,S2B_31UFP_20190227_0_L2A,0.9993,0.0011,0.9983,0.0255,0.168,otsu,0.087,0.0228,6126.8,3780.0,0.618,5.0,3855.9,4009.0,-0.5519,-0.1753,-0.0696,0.0021,ok,2026-09-03T14:47:46+00:00
lac-du-der,2019-03-07,1,S2A_31UFP_20190307_0_L2A,1.0,0.75,0.25,0.0441,0.3086,otsu,0.693,0.041,6126.8,777.6,0.5077,77.6,1200.7,1484.6,-0.2583,-0.0451,0.0177,0.0,nublado,2026-09-03T14:47:46+00:00
lac-du-der,2019-03-19,1,S2B_31UFP_20190319_0_L2A,1.0,0.0819,0.9181,0.0321,0.2148,otsu,0.095,0.0295,6126.8,3859.8,0.6862,11.6,3935.5,4087.2,-0.5191,-0.1034,-0.0283,0.0041,ok,2026-09-03T14:47:46+00:00
lac-du-der,2019-03-22,1,S2B_31UFP_20190322_0_L2A,1.0,0.0003,0.9997,0.0389,0.1758,otsu,0.183,0.0384,6126.8,3976.4,0.6492,15.3,4058.0,4181.0,-0.4647,-0.0997,-0.0398,0.0034,ok,2026-09-03T14:47:46+00:00
lac-du-der,2019-03-24,2,S2A_31UFP_20190324_0_L2A;S2A_31UFP_20190324_1_L2A,1.0,0.0002,0.9998,0.0585,0.1289,otsu,0.371,0.0588,6126.8,3990.0,0.6514,28.8,4031.9,4186.9,-0.3095,-0.0227,0.0177,0.0026,ok,2026-09-03T14:47:46+00:00
lac-du-der,2019-03-27,2,S2A_31UFP_20190327_0_L2A;S2A_31UFP_20190327_1_L2A,1.0,0.3956,0.6044,0.0547,0.1367,otsu,0.331,0.0525,6126.8,2481.1,0.67,36.9,2638.6,2799.0,-0.3117,-0.0276,0.0151,0.0003,nublado,2026-09-03T14:48:03+00:00
lac-du-der,2019-03-29,2,S2B_31UFP_20190329_0_L2A;S2B_31UFP_20190329_1_L2A,1.0,0.0003,0.9997,0.0355,0.168,otsu,0.188,0.0342,6126.8,3948.1,0.6446,27.8,4037.7,4177.8,-0.4797,-0.0546,-0.0035,0.0047,ok,2026-09-03T14:48:03+00:00
lac-du-der,2019-04-01,2,S2B_31UFP_20190401_0_L2A;S2B_31UFP_20190401_1_L2A,1.0,0.0001,0.9999,0.0505,0.1758,otsu,0.316,0.0506,6126.8,3972.2,0.6484,42.6,4049.1,4168.7,-0.3826,-0.0499,-0.0208,0.0018,ok,2026-09-03T14:48:03+00:00
lac-du-der,2019-04-11,2,S2B_31UFP_20190411_0_L2A;S2B_31UFP_20190411_1_L2A,1.0,0.0041,0.9959,0.0418,0.0977,otsu,0.394,0.0425,6126.8,3939.9,0.6457,103.4,4019.4,4109.3,-0.3843,-0.0314,-0.0047,0.0007,ok,2026-09-03T14:48:03+00:00
lac-du-der,2019-04-18,2,S2B_31UFP_20190418_0_L2A;S2B_31UFP_20190418_1_L2A,1.0,0.3328,0.6672,0.0416,0.0664,otsu,0.525,0.0403,6126.8,2414.2,0.5906,370.2,2739.7,2806.2,-0.3902,0.0209,0.0468,0.0017,nublado,2026-09-03T14:48:03+00:00
lac-du-der,2019-04-26,2,S2A_31UFP_20190426_0_L2A;S2A_31UFP_20190426_1_L2A,1.0,0.3422,0.6578,0.0306,0.207,otsu,0.195,0.0306,6126.8,2540.2,0.6303,115.1,2753.1,3002.4,-0.5133,-0.067,0.0114,0.0115,nublado,2026-09-03T14:48:03+00:00
lac-du-der,2019-05-01,2,S2B_31UFP_20190501_0_L2A;S2B_31UFP_20190501_1_L2A,1.0,0.0,1.0,0.0466,0.168,otsu,0.421,0.0487,6126.8,3683.4,0.6012,349.0,3966.4,4034.6,-0.3887,-0.0043,0.0221,0.0039,ok,2026-09-03T14:48:03+00:00
lac-du-der,2019-05-06,2,S2A_31UFP_20190506_0_L2A;S2A_31UFP_20190506_1_L2A,1.0,0.4461,0.5539,0.0452,0.1367,otsu,0.312,0.0462,6126.8,2329.0,0.6863,87.8,2409.5,2464.5,-0.3845,-0.0338,0.0094,0.0098,nublado,2026-09-03T14:48:03+00:00
lac-du-der,2019-05-13,2,S2A_31UFP_20190513_0_L2A;S2A_31UFP_20190513_2_L2A,1.0,0.0042,0.9958,0.0368,0.1133,otsu,0.342,0.0399,6126.8,3847.3,0.6306,164.2,3972.6,4030.0,-0.437,-0.0537,-0.0142,0.0065,ok,2026-09-03T14:48:03+00:00
lac-du-der,2019-05-16,2,S2A_31UFP_20190516_0_L2A;S2A_31UFP_20190516_1_L2A,1.0,0.4958,0.5042,0.0588,0.0742,otsu,0.461,0.0619,6126.8,1922.1,0.6222,109.2,1982.3,2162.4,-0.2711,-0.0164,0.0186,0.0038,nublado,2026-09-03T14:48:03+00:00
lac-du-der,2019-05-23,2,S2A_31UFP_20190523_0_L2A;S2A_31UFP_20190523_3_L2A,1.0,0.3685,0.6315,0.0361,0.0742,otsu,0.431,0.0368,6126.8,1692.7,0.4375,498.8,2119.2,2225.0,-0.4402,-0.0076,0.0314,0.0038,nublado,2026-09-03T14:48:03+00:00
lac-du-der,2019-05-26,2,S2A_31UFP_20190526_0_L2A;S2A_31UFP_20190526_1_L2A,1.0,0.2723,0.7277,0.04,0.0898,otsu,0.311,0.0441,6126.8,2749.1,0.6166,138.9,2840.3,2937.2,-0.3909,-0.038,0.0075,0.0026,nublado,2026-09-03T14:48:18+00:00
lac-du-der,2019-05-28,1,S2B_31UFP_20190528_0_L2A,1.0,0.6474,0.3526,0.0557,0.2852,otsu,0.432,0.0558,6126.8,1268.8,0.5874,108.3,1483.1,1839.4,-0.3494,-0.0177,0.0158,0.0013,nublado,2026-09-03T14:48:03+00:00
lac-du-der,2019-05-31,1,S2B_31UFP_20190531_0_L2A,1.0,0.1391,0.8609,0.0487,0.1445,otsu,0.329,0.0504,6126.8,3174.3,0.6018,177.2,3366.6,3543.1,-0.3899,-0.014,0.0295,0.0012,ok,2026-09-03T14:48:18+00:00
lac-du-der,2019-06-02,2,S2A_31UFP_20190602_0_L2A;S2A_31UFP_20190602_1_L2A,1.0,0.0006,0.9994,0.0229,0.1523,otsu,0.289,0.0229,6126.8,2624.9,0.4287,1267.8,3883.3,3978.2,-0.6115,-0.0277,0.0394,0.0127,ok,2026-09-03T14:48:18+00:00
lac-du-der,2019-06-05,2,S2A_31UFP_20190605_0_L2A;S2A_31UFP_20190605_1_L2A,1.0,0.9722,0.0278,0.0754,-0.168,otsu,0.543,0.0763,6126.8,118.7,0.6962,3.9,117.9,124.4,-0.0916,0.0174,0.0384,0.0,nublado,2026-09-03T14:48:18+00:00
lac-du-der,2019-06-12,1,S2A_31UFP_20190612_0_L2A,1.0,0.6565,0.3435,0.0673,0.0117,otsu,1.061,0.0656,6126.8,372.9,0.1772,241.8,518.7,963.4,-0.26,-0.0114,0.0494,0.0038,nublado,2026-09-03T14:48:18+00:00
lac-du-der,2019-06-15,1,S2A_31UFP_20190615_0_L2A,1.0,0.3494,0.6506,0.0772,0.0586,otsu,0.623,0.0812,6126.8,2364.1,0.5931,305.8,2479.0,2825.0,-0.1869,0.0158,0.0419,0.0012,nublado,2026-09-03T14:48:18+00:00
lac-du-der,2019-06-17,2,S2B_31UFP_20190617_0_L2A;S2B_31UFP_20190617_1_L2A,1.0,0.0413,0.9587,0.0304,0.1836,otsu,0.233,0.0303,6126.8,3234.1,0.5506,319.7,3547.2,3826.8,-0.5701,-0.0535,0.0061,0.0074,ok,2026-09-03T14:48:18+00:00
lac-du-der,2019-06-25,1,S2A_31UFP_20190625_0_L2A,1.0,0.6624,0.3376,0.0399,-0.2148,otsu,0.892,0.0442,6126.8,650.1,0.3143,708.7,628.8,1255.2,-0.1891,0.0354,0.092,0.0063,nublado,2026-09-03T14:48:18+00:00
lac-du-der,2019-06-27,2,S2B_31UFP_20190627_0_L2A;S2B_31UFP_20190627_1_L2A,1.0,0.0004,0.9996,0.0274,-0.0352,otsu,0.382,0.0278,6126.8,3335.8,0.5447,655.8,3799.7,3950.5,-0.4854,-0.0237,0.0561,0.0123,ok,2026-09-03T14:48:18+00:00
lac-du-der,2019-06-30,2,S2B_31UFP_20190630_0_L2A;S2B_31UFP_20190630_1_L2A,1.0,0.0127,0.9873,0.0455,-0.1523,otsu,0.645,0.0493,6126.8,3682.3,0.6087,422.3,3747.4,3921.2,-0.213,0.0264,0.0468,0.003,ok,2026-09-03T14:48:18+00:00
lac-du-der,2019-07-02,2,S2A_31UFP_20190702_0_L2A;S2A_31UFP_20190702_1_L2A,1.0,0.0018,0.9982,0.0218,0.0039,otsu,0.262,0.0221,6126.8,3679.4,0.6016,290.4,3805.4,3933.1,-0.4916,-0.079,0.0299,0.0149,ok,2026-09-03T14:48:18+00:00
lac-du-der,2019-07-05,2,S2A_31UFP_20190705_0_L2A;S2A_31UFP_20190705_1_L2A,1.0,0.0002,0.9998,0.0175,0.0508,otsu,0.138,0.0174,6126.8,3670.1,0.5992,294.4,3792.8,3927.4,-0.552,-0.1248,0.0233,0.0114,ok,2026-09-03T14:48:18+00:00
lac-du-der,2019-07-07,2,S2B_31UFP_20190707_0_L2A;S2B_31UFP_20190707_1_L2A,1.0,0.1812,0.8188,0.0453,0.0742,otsu,0.493,0.0447,6126.8,2815.2,0.5612,259.8,2918.0,3114.4,-0.3353,-0.0096,0.0205,0.0012,ok,2026-09-03T14:48:36+00:00
lac-du-der,2019-07-10,2,S2B_31UFP_20190710_0_L2A;S2B_31UFP_20190710_1_L2A,1.0,0.4308,0.5692,0.0364,-0.1211,otsu,0.623,0.0389,6126.8,1641.2,0.4706,305.9,1716.6,1815.2,-0.2465,0.0084,0.0368,0.0008,nublado,2026-09-03T14:48:36+00:00
lac-du-der,2019-07-15,2,S2A_31UFP_20190715_0_L2A;S2A_31UFP_20190715_1_L2A,1.0,0.725,0.275,0.0902,-0.0352,otsu,0.732,0.0986,6126.8,825.2,0.4897,150.7,772.4,963.0,-0.1389,0.0093,0.0365,0.0,nublado,2026-09-03T14:48:36+00:00
lac-du-der,2019-07-17,2,S2B_31UFP_20190717_0_L2A;S2B_31UFP_20190717_1_L2A,1.0,0.1408,0.8592,0.0423,0.0039,otsu,0.727,0.0422,6126.8,2596.3,0.4932,751.5,3014.8,3251.3,-0.2722,0.0165,0.0369,0.0003,ok,2026-09-03T14:48:36+00:00
lac-du-der,2019-07-22,2,S2A_31UFP_20190722_1_L2A;S2A_31UFP_20190722_2_L2A,1.0,0.0252,0.9748,0.0315,-0.0117,otsu,0.576,0.0309,6126.8,3407.2,0.5705,430.6,3603.6,3757.1,-0.3315,0.01,0.0396,0.0012,ok,2026-09-03T14:48:36+00:00
lac-du-der,2019-07-25,2,S2A_31UFP_20190725_0_L2A;S2A_31UFP_20190725_1_L2A,1.0,0.0003,0.9997,0.0404,-0.0586,otsu,0.749,0.0407,6126.8,3678.2,0.6005,347.9,3705.2,3940.7,-0.2062,0.0259,0.0441,0.0004,ok,2026-09-03T14:48:36+00:00
lac-du-der,2019-07-30,1,S2B_31UFP_20190730_0_L2A,1.0,0.3949,0.6051,0.0752,-0.082,otsu,0.892,0.0793,6126.8,1032.8,0.2786,672.3,1361.9,2075.5,-0.1563,0.0175,0.0692,0.0011,nublado,2026-09-03T14:48:36+00:00
lac-du-der,2019-08-01,2,S2A_31UFP_20190801_0_L2A;S2A_31UFP_20190801_1_L2A,1.0,0.3539,0.6461,0.0437,-0.0586,otsu,0.723,0.0433,6126.8,1718.3,0.4341,306.0,1798.3,1964.4,-0.2508,0.0195,0.0482,0.0001,nublado,2026-09-03T14:48:36+00:00
lac-du-der,2019-08-04,2,S2A_31UFP_20190804_0_L2A;S2A_31UFP_20190804_1_L2A,1.0,0.3139,0.6861,0.0385,-0.043,otsu,0.606,0.0379,6126.8,2391.2,0.5688,185.0,2437.0,2520.2,-0.2613,0.0196,0.0441,0.0011,nublado,2026-09-03T14:48:36+00:00
lac-du-der,2019-08-09,1,S2B_31UFP_20190809_0_L2A,1.0,0.6289,0.3711,0.0731,0.0195,otsu,0.737,0.0691,6126.8,1122.5,0.4937,273.2,1445.0,1741.9,-0.1524,0.0206,0.0671,0.0002,nublado,2026-09-03T14:48:36+00:00
lac-du-der,2019-08-14,2,S2A_31UFP_20190814_0_L2A;S2A_31UFP_20190814_1_L2A,1.0,0.165,0.835,0.0433,0.0586,otsu,0.399,0.0448,6126.8,2759.2,0.5394,184.3,2884.5,3150.4,-0.2722,-0.0109,0.0366,0.0047,ok,2026-09-03T14:48:36+00:00
lac-du-der,2019-08-19,2,S2B_31UFP_20190819_0_L2A;S2B_31UFP_20190819_1_L2A,1.0,0.2306,0.7694,0.0532,0.1289,otsu,0.312,0.0544,6126.8,2895.5,0.6142,85.4,2977.3,3131.0,-0.3145,-0.0365,0.0087,0.0023,nublado,2026-09-03T14:48:56+00:00
lac-du-der,2019-08-21,2,S2A_31UFP_20190821_0_L2A;S2A_31UFP_20190821_1_L2A,1.0,0.5866,0.4134,0.0422,0.0742,otsu,0.448,0.0417,6126.8,1685.7,0.6655,51.4,1707.2,1788.5,-0.3095,-0.0142,0.0265,0.002,nublado,2026-09-03T14:48:36+00:00
lac-du-der,2019-08-24,2,S2A_31UFP_20190824_0_L2A;S2A_31UFP_20190824_1_L2A,1.0,0.0285,0.9715,0.0305,0.1289,otsu,0.283,0.0308,6126.8,3424.7,0.5753,71.6,3479.0,3610.0,-0.392,-0.0246,0.025,0.0118,ok,2026-09-03T14:48:56+00:00
lac-du-der,2019-08-26,2,S2B_31UFP_20190826_0_L2A;S2B_31UFP_20190826_1_L2A,1.0,0.0008,0.9992,0.038,0.1602,otsu,0.232,0.0382,6126.8,3558.8,0.5813,67.4,3622.1,3760.1,-0.4379,-0.0484,0.0161,0.0115,ok,2026-09-03T14:48:56+00:00
lac-du-der,2019-08-29,2,S2B_31UFP_20190829_0_L2A;S2B_31UFP_20190829_1_L2A,1.0,0.5576,0.4424,0.0698,0.1367,otsu,0.348,0.071,6126.8,1573.0,0.5804,56.4,1726.3,1871.4,-0.2829,-0.0202,0.0239,0.0018,nublado,2026-09-03T14:48:56+00:00
lac-du-der,2019-08-31,2,S2A_31UFP_20190831_0_L2A;S2A_31UFP_20190831_1_L2A,1.0,0.0017,0.9983,0.0413,0.1055,otsu,0.361,0.0417,6126.8,3517.3,0.5751,52.4,3564.3,3708.4,-0.3546,0.0008,0.0484,0.0094,ok,2026-09-03T14:48:56+00:00
lac-du-der,2019-09-03,2,S2A_31UFP_20190903_0_L2A;S2A_31UFP_20190903_1_L2A,1.0,0.0186,0.9814,0.0282,0.1211,otsu,0.186,0.0284,6126.8,3374.5,0.5612,35.5,3430.8,3576.9,-0.4214,-0.0639,0.0419,0.0196,ok,2026-09-03T14:48:56+00:00
lac-du-der,2019-09-10,2,S2A_31UFP_20190910_0_L2A;S2A_31UFP_20190910_1_L2A,1.0,0.1104,0.8896,0.0491,0.1289,otsu,0.364,0.0499,6126.8,2862.3,0.5251,53.2,2941.0,3207.0,-0.2966,-0.016,0.0563,0.0068,ok,2026-09-03T14:48:56+00:00
lac-du-der,2019-09-15,2,S2B_31UFP_20190915_0_L2A;S2B_31UFP_20190915_1_L2A,1.0,0.0024,0.9976,0.0358,0.1602,otsu,0.202,0.0361,6126.8,3212.1,0.5256,23.0,3281.6,3478.4,-0.4221,-0.0412,0.0701,0.0252,ok,2026-09-03T14:48:56+00:00
lac-du-der,2019-09-18,2,S2B_31UFP_20190918_0_L2A;S2B_31UFP_20190918_1_L2A,1.0,0.3865,0.6135,0.0324,0.0586,otsu,0.398,0.0352,6126.8,2090.4,0.5561,29.0,2098.3,2298.3,-0.2921,-0.0407,0.0314,0.0043,nublado,2026-09-03T14:48:56+00:00
lac-du-der,2019-09-20,2,S2A_31UFP_20190920_0_L2A;S2A_31UFP_20190920_1_L2A,1.0,0.0062,0.9938,0.0368,0.1445,otsu,0.205,0.0378,6126.8,3073.2,0.5047,11.3,3145.3,3336.8,-0.3714,-0.0924,0.0172,0.0067,ok,2026-09-03T14:48:56+00:00
lac-du-der,2019-10-10,2,S2A_31UFP_20191010_0_L2A;S2A_31UFP_20191010_1_L2A,1.0,0.4939,0.5061,0.0416,0.2773,otsu,0.482,0.0393,6126.8,1552.6,0.5008,222.8,1613.9,2212.6,-0.2776,-0.0219,0.0663,0.0055,nublado,2026-09-03T14:48:56+00:00
lac-du-der,2019-10-13,2,S2A_31UFP_20191013_0_L2A;S2A_31UFP_20191013_1_L2A,1.0,0.9928,0.0072,0.1037,-0.207,otsu,1.41,0.1153,6126.8,4.9,0.1099,14.2,2.3,28.6,-0.0036,0.0689,0.1027,0.0,nublado,2026-09-03T14:48:56+00:00
lac-du-der,2019-10-18,2,S2B_31UFP_20191018_0_L2A;S2B_31UFP_20191018_1_L2A,1.0,0.4572,0.5428,0.037,0.2383,otsu,0.398,0.0354,6126.8,1659.9,0.4991,101.7,1764.8,2692.2,-0.3009,-0.0356,0.0687,0.0079,nublado,2026-09-03T14:49:13+00:00
lac-du-der,2019-10-23,2,S2A_31UFP_20191023_0_L2A;S2A_31UFP_20191023_1_L2A,1.0,0.7246,0.2754,0.0812,-0.1211,otsu,1.294,0.0901,6126.8,290.7,0.1722,388.8,303.2,972.4,-0.1112,0.0487,0.0971,0.0006,nublado,2026-09-03T14:49:13+00:00
lac-du-der,2019-11-07,1,S2B_31UFP_20191107_0_L2A,1.0,0.9952,0.0048,0.1418,0.1055,otsu,,,6126.8,7.4,0.2541,3.6,6.3,12.6,-0.1112,0.0163,0.0581,0.0,nublado,2026-09-03T14:49:13+00:00
lac-du-der,2019-11-19,1,S2A_31UFP_20191119_0_L2A,1.0,0.5308,0.4692,0.0665,-0.043,otsu,1.387,0.0799,6126.8,457.0,0.159,318.9,320.1,1379.6,-0.1002,0.0365,0.0781,0.0008,nublado,2026-09-03T14:49:13+00:00
lac-du-der,2019-12-02,2,S2A_31UFP_20191202_0_L2A;S2A_31UFP_20191202_1_L2A,1.0,0.0187,0.9813,0.0315,0.1914,otsu,1.811,0.0624,6126.8,1281.5,0.2131,36.0,1278.0,3397.0,-0.2322,0.003,0.1265,0.0188,espectro_anomalo,2026-09-03T14:49:13+00:00
lac-du-der,2019-12-04,2,S2B_31UFP_20191204_0_L2A;S2B_31UFP_20191204_1_L2A,1.0,0.1584,0.8416,0.0439,0.1211,otsu,0.977,0.0686,6126.8,1542.2,0.2991,563.8,1404.7,2799.5,-0.198,0.0004,0.0837,0.0012,ok,2026-09-03T14:49:13+00:00
lac-du-der,2019-12-14,2,S2B_31UFP_20191214_0_L2A;S2B_31UFP_20191214_1_L2A,1.0,0.386,0.614,0.068,0.2227,otsu,0.671,0.071,6126.8,1562.8,0.4154,43.0,1627.8,2758.2,-0.2072,-0.0024,0.0596,0.0016,nublado,2026-09-03T14:49:13+00:00
lac-du-der,2019-12-19,2,S2A_31UFP_20191219_0_L2A;S2A_31UFP_20191219_1_L2A,1.0,0.2827,0.7173,0.0559,0.0898,otsu,0.286,0.0736,6126.8,1874.6,0.4265,2.8,1878.5,2356.6,-0.1893,-0.0305,0.0536,0.0,nublado,2026-09-03T14:49:13+00:00
lac-du-der,2019-12-29,2,S2A_31UFP_20191229_0_L2A;S2A_31UFP_20191229_1_L2A,1.0,0.053,0.947,0.0408,0.2148,otsu,0.185,0.0451,6126.8,2935.4,0.5059,96.3,2923.8,3549.3,-0.2592,-0.0496,0.0398,0.0,ok,2026-09-03T14:49:13+00:00
lac-du-der,2020-01-06,2,S2B_31UFP_20200106_0_L2A;S2B_31UFP_20200106_1_L2A,1.0,0.0196,0.9804,0.0338,0.1992,otsu,0.096,0.0382,6126.8,3039.4,0.506,56.3,3024.2,3691.3,-0.3686,-0.0374,0.0938,0.0093,ok,2026-09-03T14:49:13+00:00
lac-du-der,2020-01-16,2,S2B_31UFP_20200116_0_L2A;S2B_31UFP_20200116_1_L2A,1.0,0.0054,0.9946,0.0265,0.1367,otsu,0.097,0.0266,6126.8,3062.5,0.5026,3.9,3122.7,3558.3,-0.4271,-0.0546,0.0884,0.0154,ok,2026-09-03T14:49:13+00:00
lac-du-der,2020-01-21,2,S2A_31UFP_20200121_0_L2A;S2A_31UFP_20200121_1_L2A,1.0,0.0066,0.9934,0.0229,0.1602,otsu,0.209,0.0225,6126.8,3226.3,0.5301,21.3,3212.7,3771.8,-0.3337,-0.0152,0.0854,0.003,ok,2026-09-03T14:49:13+00:00
lac-du-der,2020-01-23,2,S2B_31UFP_20200123_0_L2A;S2B_31UFP_20200123_1_L2A,1.0,0.0148,0.9852,0.0277,0.1523,otsu,0.148,0.0266,6126.8,3253.8,0.539,27.4,3239.2,3741.1,-0.3822,-0.013,0.0894,0.0051,ok,2026-09-03T14:49:28+00:00
lac-du-der,2020-01-26,2,S2B_31UFP_20200126_0_L2A;S2B_31UFP_20200126_1_L2A,1.0,0.0139,0.9861,0.0257,-0.0664,otsu,0.427,0.0246,6126.8,3276.3,0.5423,48.0,3239.6,3755.2,-0.2937,0.0054,0.0884,0.0036,ok,2026-09-03T14:49:28+00:00
lac-du-der,2020-01-28,1,S2A_31UFP_20200128_0_L2A,1.0,0.8079,0.1921,0.0687,-0.0508,otsu,1.126,0.0796,6126.8,360.4,0.3062,89.2,274.2,631.8,-0.0899,0.0272,0.0743,0.0,nublado,2026-09-03T14:49:28+00:00
lac-du-der,2020-02-05,1,S2B_31UFP_20200205_0_L2A,1.0,0.4348,0.5652,0.0649,0.2695,otsu,0.191,0.0646,6126.8,2117.2,0.6114,5.6,2342.1,2570.6,-0.2895,-0.0653,-0.0202,0.0002,nublado,2026-09-03T14:49:28+00:00
lac-du-der,2020-02-07,2,S2A_31UFP_20200207_0_L2A;S2A_31UFP_20200207_1_L2A,1.0,0.002,0.998,0.0298,0.1758,otsu,0.117,0.0361,6126.8,3746.0,0.6126,3.5,3805.1,3985.9,-0.3504,-0.096,-0.0323,0.0016,ok,2026-09-03T14:49:28+00:00
lac-du-der,2020-02-10,2,S2A_31UFP_20200210_0_L2A;S2A_31UFP_20200210_1_L2A,1.0,0.2128,0.7872,0.0485,0.0977,otsu,0.176,0.0546,6126.8,3612.7,0.749,11.8,3651.1,3865.5,-0.2639,-0.0502,-0.0072,0.0005,nublado,2026-09-03T14:49:28+00:00
lac-du-der,2020-02-12,1,S2B_31UFP_20200212_0_L2A,0.9991,0.5431,0.4565,0.0759,0.2148,otsu,0.343,0.071,6126.8,1540.1,0.5506,14.4,2056.2,2203.9,-0.2955,-0.0481,0.0,0.0001,nublado,2026-09-03T14:49:28+00:00
lac-du-der,2020-02-15,2,S2B_31UFP_20200215_0_L2A;S2B_31UFP_20200215_1_L2A,1.0,0.0147,0.9853,0.0348,0.0352,otsu,0.319,0.0351,6126.8,3712.2,0.6149,18.5,3736.1,3938.7,-0.3262,-0.0161,0.0292,0.0015,ok,2026-09-03T14:49:28+00:00
lac-du-der,2020-02-22,2,S2B_31UFP_20200222_0_L2A;S2B_31UFP_20200222_1_L2A,1.0,0.0253,0.9747,0.0304,0.082,otsu,0.213,0.027,6126.8,3580.3,0.5995,58.2,3684.1,3874.7,-0.3816,-0.0397,0.0341,0.0055,ok,2026-09-03T14:49:28+00:00
lac-du-der,2020-03-08,1,S2A_31UFP_20200308_0_L2A,1.0,0.3504,0.6496,0.0528,0.0898,otsu,0.329,0.0511,6126.8,2092.1,0.5257,95.0,2466.7,2674.0,-0.3185,-0.0775,0.0045,0.0001,nublado,2026-09-03T14:49:28+00:00
lac-du-der,2020-03-11,2,S2A_31UFP_20200311_0_L2A;S2A_31UFP_20200311_1_L2A,1.0,0.1991,0.8009,0.0532,0.2227,otsu,0.134,0.0548,6126.8,3283.2,0.6691,25.8,3579.6,3724.5,-0.403,-0.1347,-0.0415,0.0001,ok,2026-09-03T14:49:44+00:00
lac-du-der,2020-03-13,2,S2B_31UFP_20200313_0_L2A;S2B_31UFP_20200313_1_L2A,1.0,0.2618,0.7382,0.0591,0.1602,otsu,0.247,0.0611,6126.8,2852.1,0.6306,28.6,3183.2,3354.5,-0.3479,-0.0907,-0.0221,0.0001,nublado,2026-09-03T14:49:28+00:00
lac-du-der,2020-03-18,1,S2A_31UFP_20200318_0_L2A,1.0,0.7323,0.2677,0.1729,0.0,fijo,1.097,0.1758,6126.8,27.3,0.0167,33.9,201.9,1163.0,-0.1331,-0.0017,0.0236,0.0029,nublado,2026-09-03T14:49:28+00:00
lac-du-der,2020-03-26,2,S2B_31UFP_20200326_0_L2A;S2B_31UFP_20200326_1_L2A,1.0,0.0016,0.9984,0.0375,0.1055,otsu,0.376,0.0371,6126.8,3967.7,0.6486,68.3,4034.8,4197.9,-0.3687,-0.0348,-0.0028,0.0056,ok,2026-09-03T14:49:44+00:00
lac-du-der,2020-03-28,2,S2A_31UFP_20200328_0_L2A;S2A_31UFP_20200328_1_L2A,1.0,0.0001,0.9999,0.0413,-0.0273,otsu,0.665,0.0405,6126.8,3893.8,0.6356,141.2,3952.6,4151.2,-0.2499,0.0224,0.0424,0.0034,ok,2026-09-03T14:49:44+00:00
lac-du-der,2020-03-31,2,S2A_31UFP_20200331_0_L2A;S2A_31UFP_20200331_1_L2A,1.0,0.413,0.587,0.046,0.1211,otsu,0.353,0.0455,6126.8,2542.0,0.7069,40.9,2578.1,2660.9,-0.3213,-0.0377,0.0,0.0025,nublado,2026-09-03T14:49:44+00:00
lac-du-der,2020-04-02,2,S2B_31UFP_20200402_0_L2A;S2B_31UFP_20200402_1_L2A,1.0,0.0001,0.9999,0.0464,0.1602,otsu,0.385,0.0456,6126.8,3960.5,0.6465,61.2,4029.2,4190.5,-0.3581,-0.0307,-0.0049,0.0023,ok,2026-09-03T14:49:44+00:00
lac-du-der,2020-04-05,2,S2B_31UFP_20200405_0_L2A;S2B_31UFP_20200405_1_L2A,1.0,0.0001,0.9999,0.0312,0.1211,otsu,0.299,0.03,6126.8,3925.2,0.6407,84.5,4025.2,4149.7,-0.466,-0.0539,-0.0109,0.007,ok,2026-09-03T14:49:44+00:00
lac-du-der,2020-04-07,2,S2A_31UFP_20200407_0_L2A;S2A_31UFP_20200407_1_L2A,1.0,0.0077,0.9923,0.0382,0.0664,otsu,0.493,0.0363,6126.8,3850.6,0.6333,131.4,3964.0,4076.7,-0.3699,-0.0058,0.0217,0.0048,ok,2026-09-03T14:49:44+00:00
lac-du-der,2020-04-10,2,S2A_31UFP_20200410_0_L2A;S2A_31UFP_20200410_1_L2A,1.0,0.0287,0.9713,0.0516,0.168,otsu,0.539,0.0518,6126.8,3891.4,0.6539,126.4,3969.1,4067.8,-0.298,0.0058,0.0262,0.0024,ok,2026-09-03T14:49:44+00:00
lac-du-der,2020-04-12,2,S2B_31UFP_20200412_0_L2A;S2B_31UFP_20200412_1_L2A,1.0,0.38,0.62,0.0902,0.0898,otsu,1.002,0.0904,6126.8,1713.0,0.451,1131.7,1313.0,2890.4,-0.1308,0.043,0.0535,0.0,nublado,2026-09-03T14:49:44+00:00
lac-du-der,2020-04-15,1,S2B_31UFP_20200415_2_L2A,1.0,0.0001,0.9999,0.0256,0.1367,otsu,0.344,0.0254,6126.8,3789.0,0.6185,204.0,3976.3,4064.8,-0.5002,-0.0757,-0.0241,0.0102,ok,2026-09-03T14:49:44+00:00
lac-du-der,2020-04-17,2,S2A_31UFP_20200417_0_L2A;S2A_31UFP_20200417_1_L2A,1.0,0.0004,0.9996,0.0319,-0.0273,otsu,0.742,0.0314,6126.8,2126.9,0.3473,1903.3,3816.2,4027.7,-0.2933,0.0478,0.0621,0.0084,ok,2026-09-03T14:49:44+00:00
lac-du-der,2020-04-20,2,S2A_31UFP_20200420_0_L2A;S2A_31UFP_20200420_1_L2A,1.0,0.0051,0.9949,0.0335,0.0195,otsu,0.568,0.0344,6126.8,3810.7,0.6252,229.2,3941.0,4007.5,-0.3093,0.0287,0.0482,0.0077,ok,2026-09-03T14:49:44+00:00
lac-du-der,2020-04-22,2,S2B_31UFP_20200422_0_L2A;S2B_31UFP_20200422_1_L2A,1.0,0.0003,0.9997,0.0306,0.1758,otsu,0.37,0.0305,6126.8,3695.0,0.6032,280.2,3952.4,4040.4,-0.4806,-0.0429,-0.0093,0.0073,ok,2026-09-03T14:49:59+00:00
lac-du-der,2020-04-25,2,S2B_31UFP_20200425_0_L2A;S2B_31UFP_20200425_1_L2A,1.0,0.0001,0.9999,0.0341,0.1211,otsu,0.437,0.0344,6126.8,3693.4,0.6029,314.2,3942.4,4001.1,-0.4198,0.0078,0.0337,0.0055,ok,2026-09-03T14:49:59+00:00
lac-du-der,2020-04-27,2,S2A_31UFP_20200427_0_L2A;S2A_31UFP_20200427_1_L2A,1.0,0.0004,0.9996,0.0294,0.1289,otsu,0.48,0.0294,6126.8,3367.9,0.5499,603.0,3916.6,3999.2,-0.4372,0.0145,0.0388,0.0058,ok,2026-09-03T14:49:59+00:00
lac-du-der,2020-04-30,1,S2A_31UFP_20200430_0_L2A,1.0,1.0,0.0,,0.0,fijo,,,6126.8,0.0,0.0,0.0,0.0,249.7,,,,,nublado,2026-09-03T14:49:59+00:00
lac-du-der,2020-05-07,2,S2A_31UFP_20200507_0_L2A;S2A_31UFP_20200507_1_L2A,1.0,0.0003,0.9997,0.0256,0.0898,otsu,0.47,0.0256,6126.8,2221.7,0.3627,1711.1,3865.8,3965.7,-0.4803,-0.0168,0.02,0.0073,ok,2026-09-03T14:49:59+00:00
lac-du-der,2020-05-10,2,S2A_31UFP_20200510_0_L2A;S2A_31UFP_20200510_1_L2A,1.0,0.325,0.675,0.0325,-0.0586,otsu,0.687,0.0323,6126.8,1423.6,0.3442,1401.8,2601.1,2898.6,-0.3059,0.033,0.0809,0.0065,nublado,2026-09-03T14:49:59+00:00
lac-du-der,2020-05-15,2,S2B_31UFP_20200515_0_L2A;S2B_31UFP_20200515_1_L2A,1.0,0.0002,0.9998,0.0541,-0.1211,otsu,0.711,0.0585,6126.8,3824.6,0.6243,307.1,3885.1,3983.4,-0.1892,0.0173,0.0308,0.0024,ok,2026-09-03T14:49:59+00:00
lac-du-der,2020-05-17,2,S2A_31UFP_20200517_0_L2A;S2A_31UFP_20200517_1_L2A,1.0,0.0006,0.9994,0.0279,0.1055,otsu,0.361,0.0287,6126.8,3702.3,0.6047,250.0,3889.9,3971.0,-0.4701,-0.0286,0.013,0.0086,ok,2026-09-03T14:49:59+00:00
lac-du-der,2020-05-20,2,S2A_31UFP_20200520_0_L2A;S2A_31UFP_20200520_1_L2A,1.0,0.092,0.908,0.0345,-0.0352,otsu,0.541,0.038,6126.8,3303.5,0.5938,376.9,3436.8,3615.6,-0.2884,0.01,0.0458,0.0037,ok,2026-09-03T14:49:59+00:00
lac-du-der,2020-05-25,1,S2B_31UFP_20200525_0_L2A,1.0,0.8025,0.1975,0.0986,0.1445,otsu,0.689,0.0965,6126.8,915.2,0.7563,34.6,981.6,1086.3,-0.1583,0.0021,0.0198,0.0001,nublado,2026-09-03T14:49:59+00:00
lac-du-der,2020-05-27,2,S2A_31UFP_20200527_0_L2A;S2A_31UFP_20200527_1_L2A,1.0,0.0003,0.9997,0.0266,0.043,otsu,0.459,0.0269,6126.8,3607.9,0.5891,350.6,3856.2,3943.1,-0.4262,-0.0027,0.0375,0.008,ok,2026-09-03T14:49:59+00:00
lac-du-der,2020-05-30,2,S2A_31UFP_20200530_0_L2A;S2A_31UFP_20200530_1_L2A,1.0,0.0001,0.9999,0.0466,-0.1602,otsu,0.733,0.0493,6126.8,3807.6,0.6216,327.2,3852.4,3944.0,-0.1647,0.0198,0.0349,0.0033,ok,2026-09-03T14:49:59+00:00
lac-du-der,2020-06-01,2,S2B_31UFP_20200601_0_L2A;S2B_31UFP_20200601_1_L2A,1.0,0.0003,0.9997,0.0281,0.0586,otsu,0.419,0.0284,6126.8,3410.3,0.5568,540.1,3835.0,3942.6,-0.464,-0.0113,0.0345,0.009,ok,2026-09-03T14:50:19+00:00
lac-du-der,2020-06-21,2,S2B_31UFP_20200621_0_L2A;S2B_31UFP_20200621_1_L2A,1.0,0.1412,0.8588,0.0374,0.0664,otsu,0.342,0.0374,6126.8,2983.2,0.567,272.8,3264.5,3547.4,-0.3803,-0.0559,0.0062,0.008,ok,2026-09-03T14:50:19+00:00
lac-du-der,2020-06-24,2,S2B_31UFP_20200624_0_L2A;S2B_31UFP_20200624_1_L2A,1.0,0.0002,0.9998,0.0436,-0.1758,otsu,0.672,0.0485,6126.8,3770.6,0.6155,335.3,3842.5,3933.6,-0.1739,0.0153,0.0339,0.0061,ok,2026-09-03T14:50:19+00:00
lac-du-der,2020-06-29,2,S2A_31UFP_20200629_0_L2A;S2A_31UFP_20200629_1_L2A,1.0,0.5993,0.4007,0.0685,-0.0586,otsu,0.627,0.0692,6126.8,1941.5,0.7908,105.9,1973.6,2087.5,-0.157,-0.0055,0.0207,0.0007,nublado,2026-09-03T14:50:19+00:00
lac-du-der,2020-07-01,2,S2B_31UFP_20200701_0_L2A;S2B_31UFP_20200701_1_L2A,1.0,0.9075,0.0925,0.133,0.0977,otsu,0.775,0.1288,6126.8,178.8,0.3156,11.6,314.7,370.5,-0.1849,-0.022,0.0128,0.0002,nublado,2026-09-03T14:50:19+00:00
lac-du-der,2020-07-04,2,S2B_31UFP_20200704_0_L2A;S2B_31UFP_20200704_1_L2A,1.0,0.3662,0.6338,0.0756,-0.1836,otsu,0.751,0.0826,6126.8,2110.8,0.5436,346.7,2029.4,2311.2,-0.1028,0.0171,0.0342,0.0043,nublado,2026-09-03T14:50:19+00:00
lac-du-der,2020-07-06,2,S2A_31UFP_20200706_0_L2A;S2A_31UFP_20200706_1_L2A,1.0,0.7101,0.2899,0.0754,0.1523,otsu,0.462,0.0737,6126.8,1228.8,0.6918,34.2,1347.5,1397.0,-0.238,-0.0361,-0.0085,0.0002,nublado,2026-09-03T14:50:19+00:00
lac-du-der,2020-07-09,2,S2A_31UFP_20200709_0_L2A;S2A_31UFP_20200709_1_L2A,1.0,0.246,0.754,0.0358,-0.0977,otsu,0.567,0.0407,6126.8,2643.2,0.5722,341.8,2717.0,2981.2,-0.2239,0.001,0.0299,0.0046,nublado,2026-09-03T14:50:19+00:00
lac-du-der,2020-07-11,2,S2B_31UFP_20200711_0_L2A;S2B_31UFP_20200711_1_L2A,1.0,0.2758,0.7242,0.0422,0.043,otsu,0.41,0.0419,6126.8,2462.5,0.555,207.1,2573.7,2737.8,-0.3064,-0.0361,0.0,0.0044,nublado,2026-09-03T14:50:19+00:00
lac-du-der,2020-07-14,1,S2B_31UFP_20200714_0_L2A,1.0,0.6847,0.3153,0.1069,0.043,otsu,1.193,0.1116,6126.8,334.8,0.1733,580.9,85.8,814.3,-0.0866,0.0433,0.0587,0.0,nublado,2026-09-03T14:50:19+00:00
lac-du-der,2020-07-19,1,S2A_31UFP_20200719_0_L2A,1.0,1.0,0.0,,0.0,fijo,,,6126.8,0.0,0.0,0.0,0.0,0.0,,,,,nublado,2026-09-03T14:50:19+00:00
lac-du-der,2020-07-21,2,S2B_31UFP_20200721_0_L2A;S2B_31UFP_20200721_1_L2A,1.0,0.0122,0.9878,0.0347,0.1133,otsu,0.452,0.0339,6126.8,3443.6,0.569,345.9,3609.2,3897.6,-0.3688,0.0027,0.0309,0.0016,ok,2026-09-03T14:50:19+00:00
lac-du-der,2020-07-24,2,S2B_31UFP_20200724_0_L2A;S2B_31UFP_20200724_1_L2A,1.0,0.0507,0.9493,0.0356,-0.0039,otsu,0.406,0.0348,6126.8,3235.0,0.5562,430.1,3326.4,3701.8,-0.3271,-0.0136,0.0406,0.0022,ok,2026-09-03T14:50:37+00:00
lac-du-der,2020-07-29,2,S2A_31UFP_20200729_0_L2A;S2A_31UFP_20200729_1_L2A,1.0,0.0392,0.9608,0.0273,0.0039,otsu,0.349,0.0275,6126.8,3432.3,0.5831,293.8,3522.4,3661.1,-0.3844,-0.049,0.0079,0.0031,ok,2026-09-03T14:50:37+00:00
lac-du-der,2020-07-31,2,S2B_31UFP_20200731_0_L2A;S2B_31UFP_20200731_1_L2A,1.0,0.0005,0.9995,0.0325,0.1133,otsu,0.276,0.0323,6126.8,3656.5,0.5971,249.2,3759.7,3906.8,-0.4469,-0.0639,-0.0206,0.0021,ok,2026-09-03T14:50:37+00:00
lac-du-der,2020-08-05,2,S2A_31UFP_20200805_0_L2A;S2A_31UFP_20200805_1_L2A,1.0,0.0006,0.9994,0.0266,0.1211,otsu,0.259,0.0261,6126.8,3646.5,0.5955,217.3,3748.2,3894.0,-0.4513,-0.0818,-0.015,0.0031,ok,2026-09-03T14:50:37+00:00
lac-du-der,2020-08-08,2,S2A_31UFP_20200808_0_L2A;S2A_31UFP_20200808_1_L2A,1.0,0.0003,0.9997,0.0275,0.0664,otsu,0.331,0.0274,6126.8,3636.2,0.5937,250.6,3728.9,3880.4,-0.3966,-0.0152,0.0237,0.0043,ok,2026-09-03T14:50:37+00:00
lac-du-der,2020-08-13,2,S2B_31UFP_20200813_0_L2A;S2B_31UFP_20200813_1_L2A,1.0,0.4125,0.5875,0.0484,-0.0898,otsu,0.631,0.0492,6126.8,2225.1,0.6182,137.8,2253.7,2317.8,-0.2391,0.0278,0.051,0.0019,nublado,2026-09-03T14:50:37+00:00
lac-du-der,2020-08-18,1,S2A_31UFP_20200818_0_L2A,1.0,0.732,0.268,0.0692,-0.0742,otsu,0.962,0.0832,6126.8,442.4,0.2695,183.4,448.9,731.9,-0.151,0.0325,0.0816,0.0096,nublado,2026-09-03T14:50:37+00:00
lac-du-der,2020-08-20,2,S2B_31UFP_20200820_0_L2A;S2B_31UFP_20200820_1_L2A,1.0,0.0006,0.9994,0.0285,0.0898,otsu,0.229,0.0282,6126.8,3616.1,0.5906,138.2,3696.9,3831.6,-0.4447,-0.0715,0.0346,0.0185,ok,2026-09-03T14:50:37+00:00
lac-du-der,2020-08-23,2,S2B_31UFP_20200823_0_L2A;S2B_31UFP_20200823_1_L2A,1.0,0.5244,0.4756,0.06,0.1289,otsu,0.348,0.0569,6126.8,1755.6,0.6024,88.9,1959.2,2122.6,-0.3007,-0.0561,-0.0034,0.005,nublado,2026-09-03T14:50:37+00:00
lac-du-der,2020-09-02,2,S2B_31UFP_20200902_0_L2A;S2B_31UFP_20200902_1_L2A,1.0,0.2686,0.7314,0.0628,0.1133,otsu,0.42,0.0635,6126.8,2139.4,0.4774,151.6,2361.1,2714.6,-0.2985,-0.0196,0.0469,0.0075,nublado,2026-09-03T14:50:37+00:00
lac-du-der,2020-09-04,2,S2A_31UFP_20200904_0_L2A;S2A_31UFP_20200904_1_L2A,1.0,0.8784,0.1216,0.0528,-0.0352,otsu,0.463,0.05,6126.8,200.2,0.2687,56.3,254.3,266.0,-0.3238,-0.0261,0.0674,0.0254,nublado,2026-09-03T14:50:37+00:00
lac-du-der,2020-09-07,2,S2A_31UFP_20200907_0_L2A;S2A_31UFP_20200907_1_L2A,1.0,0.6817,0.3183,0.0422,0.043,otsu,0.379,0.041,6126.8,1259.0,0.6456,40.4,1276.6,1384.6,-0.3139,-0.0389,0.0465,0.0181,nublado,2026-09-03T14:50:37+00:00
lac-du-der,2020-09-09,2,S2B_31UFP_20200909_0_L2A;S2B_31UFP_20200909_1_L2A,1.0,0.7074,0.2926,0.0969,-0.1914,otsu,1.17,0.1183,6126.8,372.1,0.2076,242.0,218.1,636.8,-0.1165,0.0445,0.0751,0.0334,nublado,2026-09-03T14:50:56+00:00
lac-du-der,2020-09-12,2,S2B_31UFP_20200912_0_L2A;S2B_31UFP_20200912_1_L2A,1.0,0.0039,0.9961,0.0441,0.1445,otsu,0.527,0.0444,6126.8,3283.3,0.538,54.0,3327.1,3574.1,-0.2759,0.0219,0.0835,0.0235,ok,2026-09-03T14:50:56+00:00
lac-du-der,2020-09-14,2,S2A_31UFP_20200914_0_L2A;S2A_31UFP_20200914_1_L2A,1.0,0.0031,0.9969,0.0359,0.1211,otsu,0.486,0.0342,6126.8,3218.0,0.5269,59.5,3267.5,3574.9,-0.2846,0.0217,0.0932,0.0247,ok,2026-09-03T14:50:56+00:00
lac-du-der,2020-09-17,2,S2A_31UFP_20200917_0_L2A;S2A_31UFP_20200917_1_L2A,1.0,0.0045,0.9955,0.0338,0.082,otsu,0.416,0.0338,6126.8,3128.6,0.513,63.8,3178.3,3408.0,-0.3065,0.0007,0.0926,0.0283,ok,2026-09-03T14:50:56+00:00
lac-du-der,2020-09-22,2,S2B_31UFP_20200922_0_L2A;S2B_31UFP_20200922_1_L2A,1.0,0.004,0.996,0.031,0.0898,otsu,0.181,0.0309,6126.8,2917.1,0.4781,73.5,3016.4,3248.0,-0.4532,-0.0796,0.1138,0.0537,ok,2026-09-03T14:50:56+00:00
lac-du-der,2020-10-14,2,S2A_31UFP_20201014_0_L2A;S2A_31UFP_20201014_1_L2A,1.0,0.5651,0.4349,0.1061,0.0273,otsu,0.962,0.112,6126.8,1041.8,0.3909,238.3,847.2,1644.4,-0.1325,0.0384,0.0645,0.0,nublado,2026-09-03T14:50:56+00:00
lac-du-der,2020-10-19,2,S2B_31UFP_20201019_0_L2A;S2B_31UFP_20201019_1_L2A,1.0,0.7664,0.2336,0.0503,-0.0352,otsu,0.692,0.0592,6126.8,226.5,0.1583,32.9,219.9,362.6,-0.2038,0.0323,0.1243,0.0016,nublado,2026-09-03T14:50:56+00:00
lac-du-der,2020-11-06,2,S2A_31UFP_20201106_0_L2A;S2A_31UFP_20201106_1_L2A,1.0,0.546,0.454,0.0281,0.2148,otsu,1.737,0.0287,6126.8,537.1,0.1931,40.6,618.0,2558.7,-0.1738,0.0481,0.1144,0.0054,nublado,2026-09-03T14:50:56+00:00
lac-du-der,2020-11-18,2,S2B_31UFP_20201118_0_L2A;S2B_31UFP_20201118_1_L2A,1.0,0.1043,0.8957,0.0418,0.1836,otsu,0.317,0.0565,6126.8,982.6,0.1791,6.8,1028.0,1643.6,-0.3373,-0.0598,0.1469,0.037,ok,2026-09-03T14:50:56+00:00
lac-du-der,2020-11-21,2,S2B_31UFP_20201121_0_L2A;S2B_31UFP_20201121_1_L2A,1.0,0.2509,0.7491,0.0304,0.1133,otsu,0.638,0.0548,6126.8,790.2,0.1722,16.8,822.3,1518.6,-0.3378,-0.0259,0.127,0.025,nublado,2026-09-03T14:50:56+00:00
lac-du-der,2020-11-23,2,S2A_31UFP_20201123_0_L2A;S2A_31UFP_20201123_1_L2A,1.0,0.2414,0.7586,0.0384,0.1211,otsu,0.437,0.0507,6126.8,969.4,0.2086,10.6,1015.3,1703.9,-0.2929,0.0295,0.1188,0.0225,nublado,2026-09-03T14:50:56+00:00
lac-du-der,2020-11-26,2,S2A_31UFP_20201126_0_L2A;S2A_31UFP_20201126_1_L2A,1.0,0.9839,0.0161,0.1403,-0.1602,otsu,,,6126.8,6.4,0.0649,30.8,5.4,16.9,-0.0112,0.0923,0.1228,0.0,nublado,2026-09-03T14:50:56+00:00
lac-du-der,2020-11-28,2,S2B_31UFP_20201128_0_L2A;S2B_31UFP_20201128_1_L2A,1.0,0.1391,0.8609,0.0352,0.1602,otsu,0.372,0.0455,6126.8,987.7,0.1873,3.3,1023.4,1739.2,-0.3115,-0.0729,0.107,0.0184,ok,2026-09-03T14:51:13+00:00
lac-du-der,2020-12-18,2,S2B_31UFP_20201218_0_L2A;S2B_31UFP_20201218_1_L2A,1.0,0.1588,0.8412,0.0377,0.1992,otsu,0.166,0.0542,6126.8,1649.7,0.3201,20.8,1682.3,2775.6,-0.3295,-0.0133,0.1597,0.0318,ok,2026-09-03T14:51:13+00:00
lac-du-der,2021-01-10,2,S2B_31UFP_20210110_0_L2A;S2B_31UFP_20210110_1_L2A,1.0,0.0079,0.9921,0.033,0.1992,otsu,0.026,0.0372,6126.8,2923.7,0.481,79.1,2933.9,3754.8,-0.457,-0.1524,0.0256,0.0054,ok,2026-09-03T14:51:13+00:00
lac-du-der,2021-01-15,1,S2A_31UFP_20210115_0_L2A,1.0,0.896,0.104,0.0597,0.0664,otsu,0.741,0.0775,6126.8,53.8,0.0845,2.5,49.9,61.2,-0.089,0.004,0.0388,0.0,nublado,2026-09-03T14:51:13+00:00
lac-du-der,2021-01-20,2,S2B_31UFP_20210120_0_L2A;S2B_31UFP_20210120_1_L2A,1.0,0.0196,0.9804,0.0316,-0.043,otsu,0.103,0.0426,6126.8,3266.1,0.5437,35.3,3285.7,3782.4,-0.3481,-0.104,0.0118,0.0001,ok,2026-09-03T14:51:13+00:00
lac-du-der,2021-02-11,2,S2A_31UFP_20210211_0_L2A;S2A_31UFP_20210211_1_L2A,1.0,0.1579,0.8421,0.0308,0.3477,otsu,0.002,0.0291,6126.8,3795.6,0.7356,42.1,3831.3,4187.8,-0.5866,-0.2204,0.0973,0.0924,ok,2026-09-03T14:51:13+00:00
lac-du-der,2021-02-14,2,S2A_31UFP_20210214_0_L2A;S2A_31UFP_20210214_1_L2A,1.0,0.1463,0.8537,0.0249,0.2148,otsu,0.1,0.0234,6126.8,3529.9,0.6749,26.9,3594.2,3768.6,-0.5599,-0.2666,-0.065,0.0015,ok,2026-09-03T14:51:13+00:00
lac-du-der,2021-02-21,2,S2A_31UFP_20210221_0_L2A;S2A_31UFP_20210221_1_L2A,1.0,0.0006,0.9994,0.0208,0.1211,otsu,0.188,0.0188,6126.8,3854.8,0.6296,12.0,3929.2,4122.1,-0.4295,-0.0488,0.0111,0.0076,ok,2026-09-03T14:51:13+00:00
lac-du-der,2021-02-24,2,S2A_31UFP_20210224_0_L2A;S2A_31UFP_20210224_1_L2A,1.0,0.039,0.961,0.0433,-0.1055,otsu,0.84,0.0418,6126.8,3719.6,0.6317,98.3,3567.9,3910.6,-0.1311,0.0589,0.0783,0.0002,ok,2026-09-03T14:51:13+00:00
lac-du-der,2021-03-01,2,S2B_31UFP_20210301_0_L2A;S2B_31UFP_20210301_1_L2A,1.0,0.0002,0.9998,0.0233,0.1289,otsu,0.286,0.0215,6126.8,3851.2,0.6287,22.1,3925.2,4119.9,-0.3857,0.0151,0.0655,0.0128,ok,2026-09-03T14:51:13+00:00
lac-du-der,2021-03-06,2,S2A_31UFP_20210306_0_L2A;S2A_31UFP_20210306_1_L2A,1.0,0.0225,0.9775,0.0169,0.1289,otsu,0.239,0.0155,6126.8,3830.4,0.6396,21.6,3892.9,3996.4,-0.4266,-0.0254,0.0319,0.0119,ok,2026-09-03T14:51:13+00:00
lac-du-der,2021-03-08,2,S2B_31UFP_20210308_0_L2A;S2B_31UFP_20210308_1_L2A,1.0,1.0,0.0,,0.0,fijo,,,6126.8,0.0,0.0,0.0,0.0,0.0,,,,,nublado,2026-09-03T14:51:13+00:00
lac-du-der,2021-03-16,1,S2A_31UFP_20210316_0_L2A,1.0,1.0,0.0,,0.0,fijo,,,6126.8,0.0,0.0,0.0,0.0,240.4,,,,,nublado,2026-09-03T14:51:31+00:00
lac-du-der,2021-03-23,3,S2A_31UFP_20210323_0_L2A;S2A_31UFP_20210323_1_L2A;S2A_31UFP_20210323_2_L2A,1.0,0.0003,0.9997,0.0268,0.1211,otsu,0.265,0.0237,6126.8,3910.7,0.6385,25.1,4000.6,4167.6,-0.4286,-0.0356,0.0101,0.0074,ok,2026-09-03T14:51:31+00:00
lac-du-der,2021-03-28,2,S2B_31UFP_20210328_0_L2A;S2B_31UFP_20210328_1_L2A,1.0,0.0002,0.9998,0.0338,0.0742,otsu,0.332,0.0306,6126.8,3905.3,0.6375,64.9,3998.4,4166.1,-0.4073,-0.0381,0.0035,0.0068,ok,2026-09-03T14:51:31+00:00
lac-du-der,2021-03-31,2,S2B_31UFP_20210331_0_L2A;S2B_31UFP_20210331_1_L2A,1.0,0.0001,0.9999,0.0324,0.1133,otsu,0.282,0.0309,6126.8,3907.9,0.6379,66.8,4017.0,4171.1,-0.4868,-0.0532,-0.0133,0.0072,ok,2026-09-03T14:51:31+00:00
lac-du-der,2021-04-02,2,S2A_31UFP_20210402_0_L2A;S2A_31UFP_20210402_1_L2A,1.0,0.001,0.999,0.0282,0.1289,otsu,0.279,0.0271,6126.8,3898.7,0.637,60.8,4000.5,4158.2,-0.4668,-0.0596,-0.0186,0.0053,ok,2026-09-03T14:51:31+00:00
lac-du-der,2021-04-12,1,S2A_31UFP_20210412_0_L2A,1.0,0.5541,0.4459,0.062,0.1367,otsu,0.364,0.06,6126.8,1551.8,0.568,51.6,1643.0,1784.0,-0.2895,-0.0393,0.0142,0.0001,nublado,2026-09-03T14:51:31+00:00
lac-du-der,2021-04-15,1,S2A_31UFP_20210415_0_L2A,1.0,0.6226,0.3774,0.0788,0.1211,otsu,0.691,0.0733,6126.8,1408.3,0.609,134.0,1399.0,1585.4,-0.1752,-0.0004,0.0345,0.0001,nublado,2026-09-03T14:51:31+00:00
lac-du-der,2021-04-20,2,S2B_31UFP_20210420_0_L2A;S2B_31UFP_20210420_1_L2A,1.0,0.1047,0.8953,0.0486,0.1523,otsu,0.458,0.0468,6126.8,3717.8,0.6778,113.5,3819.8,3978.6,-0.3393,-0.0141,0.0133,0.0025,ok,2026-09-03T14:51:31+00:00
lac-du-der,2021-04-22,2,S2A_31UFP_20210422_0_L2A;S2A_31UFP_20210422_1_L2A,1.0,0.1287,0.8713,0.0378,0.1055,otsu,0.516,0.0364,6126.8,3154.3,0.5909,143.3,3265.8,3359.1,-0.3477,0.0092,0.0413,0.0033,ok,2026-09-03T14:51:31+00:00
lac-du-der,2021-04-25,2,S2A_31UFP_20210425_0_L2A;S2A_31UFP_20210425_1_L2A,1.0,0.0001,0.9999,0.0283,0.0039,otsu,0.501,0.0287,6126.8,3867.1,0.6312,200.1,3990.8,4082.2,-0.3405,-0.0079,0.0216,0.0052,ok,2026-09-03T14:51:31+00:00
lac-du-der,2021-04-27,3,S2B_31UFP_20210427_0_L2A;S2B_31UFP_20210427_1_L2A;S2B_31UFP_20210427_2_L2A,1.0,0.1478,0.8522,0.0309,0.082,otsu,0.513,0.0294,6126.8,2372.4,0.4544,776.8,3107.7,3162.4,-0.4311,-0.0052,0.0273,0.0068,ok,2026-09-03T14:51:48+00:00
lac-du-der,2021-04-30,2,S2B_31UFP_20210430_0_L2A;S2B_31UFP_20210430_1_L2A,1.0,0.3174,0.6826,0.0434,0.1914,otsu,0.474,0.043,6126.8,2822.0,0.6748,118.0,2985.2,3125.6,-0.3379,-0.0096,0.0181,0.0026,nublado,2026-09-03T14:51:31+00:00
lac-du-der,2021-05-02,1,S2A_31UFP_20210502_0_L2A,1.0,0.5255,0.4745,0.0729,0.1523,otsu,0.434,0.0735,6126.8,1639.0,0.5637,99.4,1763.6,1912.8,-0.2445,-0.0211,0.0217,0.0013,nublado,2026-09-03T14:51:31+00:00
lac-du-der,2021-05-05,1,S2A_31UFP_20210505_0_L2A,1.0,0.6683,0.3317,0.049,0.1758,otsu,0.503,0.049,6126.8,1491.5,0.7339,169.6,1468.3,1769.0,-0.2448,-0.0046,0.0382,0.0074,nublado,2026-09-03T14:51:48+00:00
lac-du-der,2021-05-07,2,S2B_31UFP_20210507_0_L2A;S2B_31UFP_20210507_1_L2A,1.0,0.4497,0.5503,0.0467,0.0977,otsu,0.374,0.0494,6126.8,1887.8,0.5599,98.1,1960.3,2050.2,-0.3357,-0.0533,-0.0067,0.0007,nublado,2026-09-03T14:51:48+00:00
lac-du-der,2021-05-12,2,S2A_31UFP_20210512_0_L2A;S2A_31UFP_20210512_1_L2A,1.0,0.307,0.693,0.0554,0.0742,otsu,0.724,0.056,6126.8,2028.1,0.4777,485.0,2079.8,2707.3,-0.2648,-0.0048,0.036,0.0001,nublado,2026-09-03T14:51:48+00:00
lac-du-der,2021-05-22,2,S2A_31UFP_20210522_0_L2A;S2A_31UFP_20210522_1_L2A,1.0,0.339,0.661,0.0567,0.0508,otsu,0.519,0.0594,6126.8,2452.1,0.6055,138.3,2531.8,2603.8,-0.2671,-0.0186,0.0066,0.0029,nublado,2026-09-03T14:51:48+00:00
lac-du-der,2021-05-27,2,S2B_31UFP_20210527_0_L2A;S2B_31UFP_20210527_1_L2A,1.0,0.2093,0.7907,0.0437,0.207,otsu,0.271,0.0451,6126.8,2799.8,0.5779,98.3,3012.8,3248.4,-0.4259,-0.0651,-0.0186,0.0022,nublado,2026-09-03T14:51:48+00:00
lac-du-der,2021-05-30,2,S2B_31UFP_20210530_0_L2A;S2B_31UFP_20210530_1_L2A,1.0,0.0041,0.9959,0.0476,-0.1445,otsu,0.712,0.0521,6126.8,3830.8,0.6279,314.8,3891.0,4000.9,-0.1758,0.0184,0.0317,0.002,ok,2026-09-03T14:51:48+00:00
lac-du-der,2021-06-01,2,S2A_31UFP_20210601_0_L2A;S2A_31UFP_20210601_1_L2A,1.0,0.0012,0.9988,0.0276,0.0898,otsu,0.42,0.0279,6126.8,3661.6,0.5984,317.1,3899.2,4007.8,-0.4392,0.0148,0.0476,0.0047,ok,2026-09-03T14:51:48+00:00
lac-du-der,2021-06-04,1,S2A_31UFP_20210604_0_L2A,1.0,0.4285,0.5715,0.062,-0.1211,otsu,0.865,0.0667,6126.8,2121.4,0.6058,277.4,2141.4,2311.0,-0.1247,0.054,0.0722,0.0017,nublado,2026-09-03T14:51:48+00:00
lac-du-der,2021-06-09,2,S2B_31UFP_20210609_0_L2A;S2B_31UFP_20210609_1_L2A,1.0,0.208,0.792,0.055,0.0898,otsu,0.399,0.0577,6126.8,2927.6,0.6033,163.8,2996.4,3098.5,-0.2899,0.0032,0.0404,0.0015,nublado,2026-09-03T14:51:48+00:00
lac-du-der,2021-06-11,2,S2A_31UFP_20210611_0_L2A;S2A_31UFP_20210611_1_L2A,1.0,0.2748,0.7252,0.0482,0.0195,otsu,0.513,0.049,6126.8,2458.7,0.5534,284.4,2614.4,2993.1,-0.2767,-0.0022,0.0361,0.0023,nublado,2026-09-03T14:51:48+00:00
lac-du-der,2021-06-14,2,S2A_31UFP_20210614_0_L2A;S2A_31UFP_20210614_1_L2A,1.0,0.0017,0.9983,0.0143,0.1289,otsu,0.254,0.0142,6126.8,1926.5,0.315,1854.0,3827.1,3954.6,-0.6598,-0.2524,0.0464,0.0229,ok,2026-09-03T14:51:48+00:00
lac-du-der,2021-06-16,2,S2B_31UFP_20210616_0_L2A;S2B_31UFP_20210616_1_L2A,1.0,0.0917,0.9083,0.0193,0.082,otsu,0.298,0.0187,6126.8,1427.7,0.2566,1951.9,3304.4,3396.4,-0.7061,-0.2794,0.0192,0.018,ok,2026-09-03T14:52:08+00:00
lac-du-der,2021-06-19,2,S2B_31UFP_20210619_0_L2A;S2B_31UFP_20210619_1_L2A,1.0,0.1961,0.8039,0.0382,-0.2617,otsu,1.089,0.0454,6126.8,1583.7,0.3216,1624.0,742.9,2981.0,-0.0832,0.06,0.0777,0.0,ok,2026-09-03T14:52:08+00:00
lac-du-der,2021-06-21,2,S2A_31UFP_20210621_0_L2A;S2A_31UFP_20210621_1_L2A,1.0,0.4726,0.5274,0.0642,0.0977,otsu,0.672,0.0541,6126.8,1005.4,0.3111,351.3,1609.6,2095.9,-0.3133,-0.0389,0.0314,0.0018,nublado,2026-09-03T14:52:08+00:00
lac-du-der,2021-06-26,2,S2B_31UFP_20210626_0_L2A;S2B_31UFP_20210626_1_L2A,1.0,0.1485,0.8515,0.045,0.2227,otsu,0.361,0.0444,6126.8,3341.2,0.6405,161.2,3506.6,3732.0,-0.3786,-0.0421,-0.0097,0.0014,ok,2026-09-03T14:52:08+00:00
lac-du-der,2021-07-19,2,S2B_31UFP_20210719_0_L2A;S2B_31UFP_20210719_1_L2A,1.0,0.0002,0.9998,0.0464,-0.1602,otsu,0.758,0.0509,6126.8,3747.3,0.6117,397.3,3791.7,3971.8,-0.1304,0.0142,0.0308,0.0001,ok,2026-09-03T14:52:08+00:00
lac-du-der,2021-07-21,3,S2A_31UFP_20210721_0_L2A;S2A_31UFP_20210721_1_L2A;S2A_31UFP_20210721_2_L2A,1.0,0.0001,0.9999,0.0413,0.0898,otsu,0.655,0.0413,6126.8,3568.8,0.5825,442.9,3774.5,3979.2,-0.2602,0.021,0.037,0.0,ok,2026-09-03T14:52:08+00:00
lac-du-der,2021-07-29,1,S2B_31UFP_20210729_0_L2A,1.0,0.3085,0.6915,0.0525,-0.0508,otsu,0.595,0.0545,6126.8,2475.7,0.5844,285.5,2544.4,2820.2,-0.1765,-0.0086,0.0174,0.0002,nublado,2026-09-03T14:52:08+00:00
lac-du-der,2021-08-10,2,S2A_31UFP_20210810_0_L2A;S2A_31UFP_20210810_1_L2A,1.0,0.0508,0.9492,0.0318,0.082,otsu,0.592,0.0304,6126.8,3179.6,0.5467,493.3,3423.2,3646.2,-0.3004,0.0288,0.0573,0.0005,ok,2026-09-03T14:52:08+00:00
lac-du-der,2021-08-13,2,S2A_31UFP_20210813_0_L2A;S2A_31UFP_20210813_1_L2A,1.0,0.5979,0.4021,0.0412,-0.1602,otsu,0.874,0.0436,6126.8,911.6,0.37,419.2,934.6,1215.7,-0.1727,0.0407,0.0612,0.0002,nublado,2026-09-03T14:52:08+00:00
lac-du-der,2021-08-15,2,S2B_31UFP_20210815_0_L2A;S2B_31UFP_20210815_1_L2A,1.0,0.1189,0.8811,0.0504,0.0195,otsu,0.731,0.0473,6126.8,2477.5,0.459,715.6,2715.4,3195.4,-0.2518,0.0351,0.0636,0.0002,ok,2026-09-03T14:52:08+00:00
lac-du-der,2021-08-20,1,S2A_31UFP_20210820_0_L2A,1.0,0.6937,0.3063,0.0643,0.0273,otsu,0.828,0.0638,6126.8,443.2,0.2362,115.5,451.4,514.3,-0.1816,0.0464,0.066,0.0,nublado,2026-09-03T14:52:08+00:00
lac-du-der,2021-08-25,2,S2B_31UFP_20210825_0_L2A;S2B_31UFP_20210825_1_L2A,1.0,0.0898,0.9102,0.0324,0.043,otsu,0.563,0.0319,6126.8,3073.6,0.5512,276.0,3187.6,3319.1,-0.3184,0.0021,0.0312,0.0019,ok,2026-09-03T14:52:27+00:00
lac-du-der,2021-09-02,2,S2A_31UFP_20210902_0_L2A;S2A_31UFP_20210902_1_L2A,1.0,0.0002,0.9998,0.0268,0.0898,otsu,0.321,0.0272,6126.8,3551.0,0.5797,169.0,3618.5,3791.4,-0.3678,-0.0299,0.0467,0.0202,ok,2026-09-03T14:52:08+00:00
lac-du-der,2021-09-04,2,S2B_31UFP_20210904_0_L2A;S2B_31UFP_20210904_1_L2A,1.0,0.0046,0.9954,0.0344,0.082,otsu,0.432,0.0342,6126.8,3409.4,0.559,249.6,3545.6,3771.3,-0.3494,0.0183,0.0753,0.0171,ok,2026-09-03T14:52:27+00:00
lac-du-der,2021-09-07,2,S2B_31UFP_20210907_0_L2A;S2B_31UFP_20210907_1_L2A,1.0,0.232,0.768,0.0414,-0.0898,otsu,0.796,0.041,6126.8,1766.4,0.3754,921.0,2470.6,2698.8,-0.2577,0.046,0.0729,0.0091,nublado,2026-09-03T14:52:27+00:00
lac-du-der,2021-09-12,2,S2A_31UFP_20210912_0_L2A;S2A_31UFP_20210912_1_L2A,1.0,0.2432,0.7568,0.031,0.0273,otsu,0.466,0.0315,6126.8,2508.2,0.541,120.4,2567.4,2719.3,-0.3531,0.0205,0.0947,0.0296,nublado,2026-09-03T14:52:27+00:00
lac-du-der,2021-09-17,2,S2B_31UFP_20210917_0_L2A;S2B_31UFP_20210917_1_L2A,1.0,0.3081,0.6919,0.0413,0.1602,otsu,0.384,0.041,6126.8,2085.8,0.492,140.4,2330.1,2912.4,-0.3363,-0.011,0.0677,0.0188,nublado,2026-09-03T14:52:27+00:00
lac-du-der,2021-09-22,2,S2A_31UFP_20210922_0_L2A;S2A_31UFP_20210922_1_L2A,1.0,0.1215,0.8785,0.0345,0.0117,otsu,0.46,0.0353,6126.8,2618.4,0.4865,193.8,2688.2,3001.8,-0.3261,0.0124,0.1334,0.0485,ok,2026-09-03T14:52:27+00:00
lac-du-der,2021-09-24,2,S2B_31UFP_20210924_0_L2A;S2B_31UFP_20210924_1_L2A,1.0,0.0027,0.9973,0.034,0.1445,otsu,0.283,0.0338,6126.8,3100.6,0.5074,131.0,3177.5,3472.0,-0.392,-0.0381,0.1175,0.0494,ok,2026-09-03T14:52:27+00:00
lac-du-der,2021-09-29,1,S2A_31UFP_20210929_0_L2A,1.0,0.422,0.578,0.0335,0.1133,otsu,0.51,0.0306,6126.8,1333.9,0.3766,196.0,1700.2,2578.2,-0.4011,-0.1123,0.0563,0.0244,nublado,2026-09-03T14:52:27+00:00
lac-du-der,2021-10-09,2,S2A_31UFP_20211009_0_L2A;S2A_31UFP_20211009_1_L2A,1.0,0.0091,0.9909,0.0367,0.1602,otsu,0.188,0.0406,6126.8,2609.6,0.4298,99.5,2692.6,3007.8,-0.4159,-0.07,0.0789,0.0321,ok,2026-09-03T14:52:27+00:00
lac-du-der,2021-10-14,2,S2B_31UFP_20211014_0_L2A;S2B_31UFP_20211014_1_L2A,1.0,0.2141,0.7859,0.0341,0.043,otsu,0.321,0.0344,6126.8,1372.6,0.285,188.3,1460.6,1727.8,-0.3953,-0.0469,0.1162,0.0382,nublado,2026-09-03T14:52:27+00:00
lac-du-der,2021-10-19,2,S2A_31UFP_20211019_0_L2A;S2A_31UFP_20211019_1_L2A,1.0,0.7027,0.2973,0.0637,0.0,fijo,1.364,0.0992,6126.8,59.4,0.0326,27.1,82.8,348.5,-0.1779,0.0962,0.192,0.0855,nublado,2026-09-03T14:52:27+00:00
lac-du-der,2021-10-22,2,S2A_31UFP_20211022_0_L2A;S2A_31UFP_20211022_1_L2A,1.0,0.7249,0.2751,0.0702,0.2305,otsu,0.373,0.0706,6126.8,696.5,0.4133,13.8,835.7,1259.3,-0.2867,-0.1434,-0.0403,0.003,nublado,2026-09-03T14:52:27+00:00
lac-du-der,2021-10-24,2,S2B_31UFP_20211024_0_L2A;S2B_31UFP_20211024_1_L2A,1.0,0.0477,0.9523,0.0403,0.1914,otsu,0.059,0.0522,6126.8,2092.6,0.3587,96.1,2180.4,2496.6,-0.4533,-0.1983,0.0213,0.0269,ok,2026-09-03T14:52:41+00:00
lac-du-der,2021-10-27,2,S2B_31UFP_20211027_0_L2A;S2B_31UFP_20211027_1_L2A,1.0,0.101,0.899,0.0394,0.0898,otsu,0.217,0.0378,6126.8,1875.6,0.3405,111.4,1990.8,2508.7,-0.427,-0.0757,0.0754,0.0263,ok,2026-09-03T14:52:41+00:00
lac-du-der,2021-10-29,2,S2A_31UFP_20211029_0_L2A;S2A_31UFP_20211029_1_L2A,1.0,0.0574,0.9426,0.0348,0.1055,otsu,0.214,0.0344,6126.8,1904.2,0.3297,69.4,1961.6,2354.6,-0.3635,-0.0351,0.085,0.0236,ok,2026-09-03T14:52:41+00:00
lac-du-der,2021-11-01,2,S2A_31UFP_20211101_0_L2A;S2A_31UFP_20211101_1_L2A,1.0,0.5416,0.4584,0.0526,0.2227,otsu,0.961,0.0515,6126.8,983.5,0.3502,113.0,1174.9,2290.2,-0.3118,-0.0483,0.0568,0.0075,nublado,2026-09-03T14:52:41+00:00
lac-du-der,2021-11-06,1,S2B_31UFP_20211106_1_L2A,1.0,1.0,0.0,,0.0,fijo,,,6126.8,0.0,0.0,0.0,0.0,0.4,,,,,nublado,2026-09-03T14:52:41+00:00
lac-du-der,2021-11-11,1,S2A_31UFP_20211111_1_L2A,1.0,0.9881,0.0119,0.1929,-0.1211,otsu,,,6126.8,13.7,0.1883,28.7,0.4,138.4,-0.0096,0.059,0.0711,0.0,nublado,2026-09-03T14:52:41+00:00
lac-du-der,2021-11-23,2,S2B_31UFP_20211123_0_L2A;S2B_31UFP_20211123_1_L2A,1.0,0.1056,0.8944,0.0328,0.1602,otsu,0.097,0.0382,6126.8,1643.2,0.2999,31.5,1706.1,2254.3,-0.3679,-0.1566,0.0652,0.0147,ok,2026-09-03T14:52:41+00:00
lac-du-der,2021-12-18,2,S2A_31UFP_20211218_0_L2A;S2A_31UFP_20211218_1_L2A,1.0,0.1136,0.8864,0.0322,0.168,otsu,0.085,0.0365,6126.8,2351.6,0.433,2.4,2410.9,2954.5,-0.3683,-0.0901,0.0592,0.0138,ok,2026-09-03T14:52:41+00:00
lac-du-der,2021-12-21,2,S2A_31UFP_20211221_0_L2A;S2A_31UFP_20211221_1_L2A,1.0,0.7608,0.2392,0.0812,0.082,otsu,0.942,0.0844,6126.8,600.6,0.4097,118.0,560.3,908.3,-0.1551,-0.029,0.0501,0.0,nublado,2026-09-03T14:52:41+00:00
lac-du-der,2022-01-05,1,S2B_31UFP_20220105_0_L2A,1.0,0.2806,0.7194,0.0261,0.0195,otsu,0.104,0.0269,6126.8,2235.8,0.5072,47.1,2346.0,3287.1,-0.3742,-0.138,0.0452,0.0043,nublado,2026-09-03T14:52:41+00:00
lac-du-der,2022-01-10,1,S2A_31UFP_20220110_0_L2A,1.0,0.4153,0.5847,0.0427,0.2148,otsu,0.019,0.045,6126.8,1826.5,0.5099,3.9,2128.9,2627.9,-0.4438,-0.1788,0.0055,0.0028,nublado,2026-09-03T14:52:41+00:00
lac-du-der,2022-01-12,1,S2B_31UFP_20220112_0_L2A,1.0,0.0465,0.9535,0.0449,0.1914,otsu,0.128,0.0523,6126.8,3011.8,0.5155,85.2,3016.0,3651.3,-0.3158,-0.0758,0.0324,0.0045,ok,2026-09-03T14:52:41+00:00
lac-du-der,2022-01-15,1,S2B_31UFP_20220115_0_L2A,1.0,0.0308,0.9692,0.0344,0.1758,otsu,0.044,0.0418,6126.8,3080.3,0.5188,49.2,3099.0,3666.1,-0.4049,-0.1036,0.0377,0.0102,ok,2026-09-03T14:52:50+00:00
lac-du-der,2022-01-25,1,S2B_31UFP_20220125_0_L2A,1.0,0.9772,0.0228,0.1569,0.0,fijo,1.027,0.1599,6126.8,20.1,0.1438,1.3,14.8,361.7,-0.0186,0.0274,0.0599,0.0,nublado,2026-09-03T14:52:50+00:00
lac-du-der,2022-01-30,1,S2A_31UFP_20220130_0_L2A,1.0,0.0109,0.9891,0.0331,0.0898,otsu,0.275,0.0346,6126.8,3358.2,0.5541,29.8,3351.7,3936.4,-0.328,-0.0127,0.062,0.0004,ok,2026-09-03T14:52:50+00:00
lac-du-der,2022-02-09,1,S2A_31UFP_20220209_0_L2A,0.9982,0.0011,0.9972,0.0206,0.1836,otsu,0.019,0.0232,6126.8,3513.1,0.575,27.8,3562.7,3831.6,-0.5055,-0.1237,0.0028,0.005,ok,2026-09-03T14:52:50+00:00
lac-du-der,2022-02-11,1,S2B_31UFP_20220211_0_L2A,1.0,0.2062,0.7938,0.0634,0.2383,otsu,0.176,0.065,6126.8,2616.7,0.538,5.7,3009.2,3415.4,-0.3567,-0.0983,-0.0252,0.0,nublado,2026-09-03T14:52:50+00:00
lac-du-der,2022-02-19,1,S2A_31UFP_20220219_0_L2A,1.0,0.1144,0.8856,0.0381,0.1367,otsu,0.198,0.0392,6126.8,3454.7,0.6367,11.8,3591.5,3829.7,-0.3739,-0.0519,0.0,0.0038,ok,2026-09-03T14:52:50+00:00
lac-du-der,2022-02-26,1,S2A_31UFP_20220226_0_L2A,0.9999,0.0787,0.9212,0.0242,0.1445,otsu,0.167,0.0222,6126.8,3648.6,0.6465,17.4,3719.7,3898.3,-0.4566,-0.0579,0.0051,0.0047,ok,2026-09-03T14:52:50+00:00
lac-du-der,2022-03-03,1,S2B_31UFP_20220303_0_L2A,1.0,0.0245,0.9755,0.0515,0.1289,otsu,0.385,0.05,6126.8,3542.3,0.5927,9.4,3726.1,4097.2,-0.2941,-0.0176,0.0164,0.0001,ok,2026-09-03T14:52:50+00:00
lac-du-der,2022-03-06,1,S2B_31UFP_20220306_0_L2A,1.0,0.0227,0.9773,0.0359,0.0977,otsu,0.354,0.0348,6126.8,3881.6,0.6482,24.5,3913.3,3996.0,-0.3448,-0.0279,0.0,0.0012,ok,2026-09-03T14:52:50+00:00
lac-du-der,2022-03-08,1,S2A_31UFP_20220308_0_L2A,0.9999,0.0002,0.9997,0.0364,0.1367,otsu,0.333,0.035,6126.8,3898.1,0.6364,13.9,3955.8,4136.2,-0.3368,-0.035,-0.0075,0.0005,ok,2026-09-03T14:52:50+00:00
lac-du-der,2022-03-21,2,S2A_31UFP_20220321_0_L2A;S2A_31UFP_20220321_1_L2A,1.0,0.0014,0.9986,0.0001,0.0,fijo,1.0,0.0001,6126.8,3.3,0.0005,2.0,3.5,4105.6,-0.6353,0.5673,0.9938,0.7317,espectro_anomalo,2026-09-03T14:53:00+00:00
lac-du-der,2022-03-23,1,S2B_31UFP_20220323_0_L2A,1.0,0.0001,0.9999,0.0382,0.1445,otsu,0.284,0.0369,6126.8,3911.3,0.6385,30.7,3982.7,4155.0,-0.4346,-0.054,-0.0164,0.0015,ok,2026-09-03T14:52:50+00:00
lac-du-der,2022-03-26,1,S2B_31UFP_20220326_0_L2A,1.0,0.0065,0.9935,0.0416,0.0977,otsu,0.351,0.0413,6126.8,3919.7,0.6439,54.1,3979.6,4118.9,-0.3862,-0.0547,-0.0229,0.0009,ok,2026-09-03T14:52:50+00:00
lac-du-der,2022-03-28,1,S2A_31UFP_20220328_0_L2A,1.0,0.0917,0.9083,0.0396,-0.0195,otsu,0.695,0.0385,6126.8,2604.8,0.4681,907.8,3414.6,3611.3,-0.3138,0.0307,0.0494,0.0012,ok,2026-09-03T14:53:00+00:00
lac-du-der,2022-04-10,1,S2A_31UFP_20220410_0_L2A,1.0,0.1359,0.8641,0.0001,0.0,fijo,1.0,0.0001,6126.8,56.2,0.0106,13.6,59.8,3903.6,-0.4797,-0.4635,0.0,0.0128,espectro_anomalo,2026-09-03T14:53:00+00:00
lac-du-der,2022-04-17,1,S2A_31UFP_20220417_0_L2A,0.9999,0.0013,0.9986,0.0246,0.1758,otsu,0.27,0.0242,6126.8,3835.2,0.6268,113.6,3983.6,4088.4,-0.5525,-0.1149,-0.0541,0.0062,ok,2026-09-03T14:53:00+00:00
lac-du-der,2022-04-20,1,S2A_31UFP_20220420_0_L2A,1.0,0.0031,0.9969,0.034,0.0273,otsu,0.538,0.0348,6126.8,3715.4,0.6083,297.5,3921.2,4032.7,-0.3318,0.0052,0.03,0.0046,ok,2026-09-03T14:53:00+00:00
lac-du-der,2022-04-22,1,S2B_31UFP_20220422_0_L2A,1.0,0.0001,0.9999,0.0404,0.1445,otsu,0.513,0.0405,6126.8,3580.5,0.5845,423.3,3948.2,4040.4,-0.3857,0.0051,0.0258,0.0029,ok,2026-09-03T14:53:00+00:00
lac-du-der,2022-04-27,1,S2A_31UFP_20220427_0_L2A,1.0,0.3033,0.6967,0.0452,0.1523,otsu,0.481,0.045,6126.8,3003.1,0.7035,196.8,3154.0,3339.1,-0.3337,0.006,0.0321,0.0017,nublado,2026-09-03T14:53:00+00:00
lac-du-der,2022-04-30,1,S2A_31UFP_20220430_0_L2A,1.0,0.4724,0.5276,0.0001,0.0,fijo,1.0,0.0001,6126.8,133.0,0.0412,215.5,177.4,2431.6,-0.8232,0.0576,0.1451,0.0797,nublado,2026-09-03T14:53:00+00:00
lac-du-der,2022-05-05,1,S2B_31UFP_20220505_0_L2A,1.0,0.9381,0.0619,0.0951,0.0117,otsu,0.862,0.0985,6126.8,63.9,0.1685,43.7,64.4,101.4,-0.1665,0.0193,0.0637,0.0,nublado,2026-09-03T14:53:00+00:00
lac-du-der,2022-05-15,1,S2B_31UFP_20220515_0_L2A,1.0,0.0001,0.9999,0.0275,0.1133,otsu,0.367,0.028,6126.8,3009.3,0.4912,934.5,3891.3,3979.0,-0.5208,-0.001,0.04,0.0076,ok,2026-09-03T14:53:00+00:00
lac-du-der,2022-05-17,1,S2A_31UFP_20220517_0_L2A,1.0,0.01,0.99,0.0295,0.043,otsu,0.646,0.0296,6126.8,508.0,0.0837,3397.3,3778.3,3914.4,-0.3981,0.0299,0.0903,0.0151,incoherente,2026-09-03T14:53:00+00:00
lac-du-der,2022-05-25,1,S2B_31UFP_20220525_0_L2A,1.0,0.4532,0.5468,0.0001,0.0,fijo,1.0,0.0001,6126.8,23.5,0.007,66.4,44.2,2430.2,-0.8016,0.1068,0.4516,0.1567,nublado,2026-09-03T14:53:00+00:00
lac-du-der,2022-05-30,1,S2A_31UFP_20220530_0_L2A,1.0,0.3526,0.6474,0.0451,0.0117,otsu,0.537,0.0458,6126.8,2981.0,0.7515,153.8,3034.9,3138.5,-0.2663,-0.0035,0.0299,0.0022,nublado,2026-09-03T14:53:09+00:00
lac-du-der,2022-06-01,1,S2B_31UFP_20220601_0_L2A,1.0,0.4467,0.5533,0.0001,0.0,fijo,1.0,0.0001,6126.8,0.6,0.0002,3.7,0.6,2404.4,-0.5397,0.1821,0.3942,0.375,nublado,2026-09-03T14:53:09+00:00
lac-du-der,2022-06-04,1,S2B_31UFP_20220604_0_L2A,0.9998,0.0001,0.9997,0.0193,0.0508,otsu,0.262,0.0193,6126.8,2810.9,0.4589,1073.8,3827.0,3938.3,-0.5176,-0.1483,0.0503,0.0234,ok,2026-09-03T14:53:09+00:00
lac-du-der,2022-06-11,1,S2B_31UFP_20220611_0_L2A,1.0,0.1198,0.8802,0.0253,0.0586,otsu,0.319,0.0251,6126.8,3208.7,0.595,301.4,3469.2,3699.9,-0.4809,-0.0509,0.0345,0.0101,ok,2026-09-03T14:53:09+00:00
lac-du-der,2022-06-16,1,S2A_31UFP_20220616_0_L2A,1.0,0.9999,0.0001,0.0362,0.0,fijo,,,6126.8,0.2,0.25,0.1,0.2,0.4,,,,,nublado,2026-09-03T14:53:09+00:00
lac-du-der,2022-06-19,1,S2A_31UFP_20220619_0_L2A,1.0,0.0001,0.9999,0.029,-0.1836,otsu,0.846,0.0297,6126.8,2544.0,0.4153,1560.1,3622.1,3961.5,-0.1681,0.0641,0.0856,0.0026,ok,2026-09-03T14:53:09+00:00
lac-du-der,2022-06-21,1,S2B_31UFP_20220621_0_L2A,0.9999,0.0002,0.9998,0.0228,0.0273,otsu,0.259,0.0229,6126.8,3715.7,0.6066,238.6,3853.2,3952.7,-0.4767,-0.1063,0.0294,0.0223,ok,2026-09-03T14:53:09+00:00
lac-du-der,2022-06-29,1,S2A_31UFP_20220629_0_L2A,1.0,0.1596,0.8404,0.0301,-0.0039,otsu,0.469,0.0306,6126.8,3000.6,0.5827,328.5,3126.7,3371.2,-0.2943,0.0018,0.0364,0.0032,ok,2026-09-03T14:53:09+00:00
lac-du-der,2022-07-01,1,S2B_31UFP_20220701_0_L2A,1.0,0.9985,0.0015,0.0001,0.0,fijo,,,6126.8,0.2,0.0178,2.1,0.2,9.1,,,,,nublado,2026-09-03T14:53:09+00:00
lac-du-der,2022-07-06,1,S2A_31UFP_20220706_0_L2A,1.0,0.1456,0.8544,0.0001,0.0,fijo,1.0,0.0001,6126.8,1.5,0.0003,7.8,1.2,3415.1,-0.3636,0.1417,0.4727,0.2368,espectro_anomalo,2026-09-03T14:53:09+00:00
lac-du-der,2022-07-09,1,S2A_31UFP_20220709_0_L2A,1.0,0.0815,0.9185,0.0573,-0.1602,otsu,0.75,0.0622,6126.8,3462.9,0.6154,381.6,3480.8,3669.1,-0.1242,0.0241,0.0388,0.0026,ok,2026-09-03T14:53:09+00:00
lac-du-der,2022-07-11,1,S2B_31UFP_20220711_0_L2A,1.0,0.1501,0.8499,0.0274,0.0352,otsu,0.424,0.0269,6126.8,3030.6,0.582,337.5,3169.2,3314.2,-0.4104,-0.0361,0.0,0.0051,ok,2026-09-03T14:53:09+00:00
lac-du-der,2022-07-14,1,S2B_31UFP_20220714_0_L2A,1.0,0.5649,0.4351,0.0517,-0.0977,otsu,0.889,0.0501,6126.8,1521.3,0.5707,574.5,1564.2,2138.3,-0.1653,0.0372,0.0688,0.0004,nublado,2026-09-03T14:53:18+00:00
lac-du-der,2022-07-16,1,S2A_31UFP_20220716_0_L2A,1.0,0.0065,0.9935,0.0275,0.0195,otsu,0.487,0.0272,6126.8,3577.3,0.5877,372.7,3697.2,3884.8,-0.3449,-0.02,0.0079,0.0035,ok,2026-09-03T14:53:18+00:00
lac-du-der,2022-07-19,1,S2A_31UFP_20220719_0_L2A,1.0,0.0,1.0,0.0001,0.0,fijo,1.0,0.0001,6126.8,6.6,0.0011,5.1,6.7,3906.7,-0.7319,0.1874,0.9821,0.241,espectro_anomalo,2026-09-03T14:53:18+00:00
lac-du-der,2022-07-21,1,S2B_31UFP_20220721_0_L2A,1.0,0.6024,0.3976,0.0702,0.1602,otsu,0.624,0.0673,6126.8,1198.6,0.492,115.1,1389.1,1870.2,-0.2157,-0.0012,0.0305,0.0,nublado,2026-09-03T14:53:18+00:00
lac-du-der,2022-07-24,1,S2B_31UFP_20220724_0_L2A,0.9995,0.0001,0.9994,0.0246,0.0586,otsu,0.288,0.0245,6126.8,3572.6,0.5835,356.9,3686.2,3886.9,-0.4061,-0.038,0.0209,0.0052,ok,2026-09-03T14:53:18+00:00
lac-du-der,2022-07-31,1,S2B_31UFP_20220731_0_L2A,0.9994,0.0003,0.999,0.0253,0.1055,otsu,0.257,0.0247,6126.8,3573.4,0.5838,325.4,3691.9,3888.4,-0.4656,-0.0865,-0.0296,0.0067,ok,2026-09-03T14:53:18+00:00
lac-du-der,2022-08-03,1,S2B_31UFP_20220803_0_L2A,0.9997,0.0002,0.9995,0.023,0.0195,otsu,0.25,0.0227,6126.8,3575.8,0.5839,344.3,3679.2,3876.9,-0.4288,-0.0609,0.018,0.0085,ok,2026-09-03T14:53:18+00:00
lac-du-der,2022-08-08,1,S2A_31UFP_20220808_0_L2A,1.0,0.9652,0.0348,0.0445,-0.207,otsu,0.718,0.0438,6126.8,161.7,0.7589,2.8,162.2,160.5,-0.1237,0.0103,0.0229,0.0,nublado,2026-09-03T14:53:18+00:00
lac-du-der,2022-08-10,1,S2B_31UFP_20220810_0_L2A,1.0,0.0004,0.9996,0.0328,0.043,otsu,0.444,0.0325,6126.8,3627.8,0.5923,263.2,3697.4,3890.4,-0.299,-0.034,-0.0031,0.0058,ok,2026-09-03T14:53:18+00:00
lac-du-der,2022-08-13,1,S2B_31UFP_20220813_0_L2A,1.0,0.0003,0.9997,0.0261,-0.0195,otsu,0.433,0.026,6126.8,3600.0,0.5878,265.6,3672.0,3850.0,-0.3004,-0.0443,-0.0037,0.0082,ok,2026-09-03T14:53:18+00:00
lac-du-der,2022-08-20,1,S2B_31UFP_20220820_0_L2A,1.0,0.294,0.706,0.0426,0.0508,otsu,0.414,0.0417,6126.8,2415.2,0.5584,174.6,2480.1,2702.3,-0.2719,-0.0406,0.0098,0.003,nublado,2026-09-03T14:53:18+00:00
lac-du-der,2022-08-23,1,S2B_31UFP_20220823_0_L2A,0.9996,0.0162,0.9834,0.0252,0.0977,otsu,0.204,0.0249,6126.8,3491.9,0.5796,171.8,3580.6,3757.2,-0.4348,-0.0841,0.025,0.0224,ok,2026-09-03T14:53:18+00:00
lac-du-der,2022-08-25,1,S2A_31UFP_20220825_0_L2A,1.0,1.0,0.0,,0.0,fijo,,,6126.8,0.0,0.0,0.0,0.0,0.0,,,,,nublado,2026-09-03T14:53:29+00:00
lac-du-der,2022-08-28,1,S2A_31UFP_20220828_0_L2A,1.0,0.5341,0.4659,0.0813,0.0898,otsu,0.698,0.0798,6126.8,1367.6,0.4791,162.0,1505.8,1895.9,-0.1785,0.0137,0.0549,0.0011,nublado,2026-09-03T14:53:29+00:00
lac-du-der,2022-09-04,1,S2A_31UFP_20220904_0_L2A,1.0,0.3242,0.6758,0.0001,0.0,fijo,1.0,0.0001,6126.8,7.2,0.0017,17.6,8.5,2928.5,-0.706,0.2445,0.9623,0.3575,nublado,2026-09-03T14:53:29+00:00
lac-du-der,2022-09-12,1,S2B_31UFP_20220912_0_L2A,1.0,0.0015,0.9985,0.0263,0.1055,otsu,0.164,0.0266,6126.8,3312.6,0.5415,94.1,3391.6,3604.4,-0.4434,-0.1149,0.0725,0.0251,ok,2026-09-03T14:53:29+00:00
lac-du-der,2022-09-19,1,S2B_31UFP_20220919_0_L2A,1.0,0.4645,0.5355,0.0512,0.1758,otsu,0.256,0.0495,6126.8,2093.3,0.6381,51.7,2170.5,2411.0,-0.3343,-0.072,0.0516,0.0103,nublado,2026-09-03T14:53:29+00:00
lac-du-der,2022-09-22,1,S2B_31UFP_20220922_0_L2A,0.9995,0.0014,0.9981,0.0266,0.1602,otsu,0.129,0.0268,6126.8,3016.2,0.4932,93.8,3106.0,3379.4,-0.4723,-0.1272,0.1246,0.0712,ok,2026-09-03T14:53:29+00:00
lac-du-der,2022-10-04,2,S2A_31UFP_20221004_0_L2A;S2A_31UFP_20221004_1_L2A,1.0,0.0189,0.9811,0.0001,0.0,fijo,1.0,0.0001,6126.8,139.2,0.0232,12.5,138.5,3200.3,-0.8255,0.0252,0.0768,0.0497,espectro_anomalo,2026-09-03T14:53:29+00:00
lac-du-der,2022-10-09,1,S2B_31UFP_20221009_0_L2A,1.0,0.0039,0.9961,0.0298,0.1211,otsu,0.197,0.0295,6126.8,2518.6,0.4127,90.6,2584.1,2937.0,-0.4289,-0.0806,0.0979,0.0364,ok,2026-09-03T14:53:29+00:00
lac-du-der,2022-10-12,1,S2B_31UFP_20221012_0_L2A,1.0,0.0406,0.9593,0.0333,0.1211,otsu,0.206,0.0335,6126.8,2320.2,0.3947,76.2,2390.3,2715.9,-0.4234,-0.0461,0.124,0.0403,ok,2026-09-03T14:53:29+00:00
lac-du-der,2022-10-22,1,S2B_31UFP_20221022_0_L2A,1.0,0.008,0.992,0.0332,0.1289,otsu,0.319,0.0362,6126.8,1673.1,0.2753,142.1,1850.3,2987.8,-0.4345,-0.1073,0.0729,0.0303,ok,2026-09-03T14:53:29+00:00
lac-du-der,2022-11-01,1,S2B_31UFP_20221101_0_L2A,1.0,0.0393,0.9607,0.0001,0.0,fijo,1.0,0.0001,6126.8,94.9,0.0161,53.8,97.8,2485.7,-0.7035,0.1817,0.771,0.2997,espectro_anomalo,2026-09-03T14:53:29+00:00
lac-du-der,2022-11-13,1,S2A_31UFP_20221113_0_L2A,1.0,0.9681,0.0319,0.1211,0.0,fijo,1.477,0.1274,6126.8,2.7,0.0137,0.2,8.1,98.0,-0.1138,0.0176,0.0438,0.0,nublado,2026-09-03T14:53:29+00:00
lac-du-der,2022-12-16,1,S2A_31UFP_20221216_0_L2A,1.0,0.2333,0.7667,0.0149,0.1602,otsu,0.014,0.016,6126.8,1924.8,0.4098,50.6,1883.0,2489.2,-0.4649,-0.0591,0.0792,0.0101,nublado,2026-09-03T14:53:39+00:00
lac-du-der,2022-12-21,1,S2B_31UFP_20221221_0_L2A,1.0,0.6948,0.3052,0.0921,0.0,fijo,1.165,0.089,6126.8,644.4,0.3447,146.5,708.9,1511.7,-0.1334,0.0437,0.0932,0.0063,nublado,2026-09-03T14:53:39+00:00
lac-du-der,2023-01-07,1,S2B_31UFP_20230107_0_L2A,1.0,0.6001,0.3999,0.0427,-0.0117,otsu,0.329,0.0573,6126.8,666.1,0.2719,19.4,659.6,945.4,-0.279,-0.0349,0.0626,0.0011,nublado,2026-09-03T14:53:39+00:00
lac-du-der,2023-01-15,1,S2A_31UFP_20230115_0_L2A,1.0,0.6639,0.3361,0.0662,0.2148,otsu,0.399,0.0685,6126.8,1141.0,0.5541,43.5,1297.1,1696.9,-0.2473,-0.0505,0.0249,0.0003,nublado,2026-09-03T14:53:39+00:00
lac-du-der,2023-02-06,1,S2B_31UFP_20230206_0_L2A,1.0,0.9193,0.0807,0.1321,0.0,fijo,1.028,0.1347,6126.8,142.1,0.2873,6.0,207.8,358.3,-0.1449,-0.0089,0.021,0.0,nublado,2026-09-03T14:53:39+00:00
lac-du-der,2023-02-09,1,S2B_31UFP_20230209_0_L2A,1.0,0.023,0.977,0.0409,0.1758,otsu,0.225,0.0408,6126.8,3517.6,0.5877,14.7,3547.8,3692.2,-0.3864,-0.0752,-0.0031,0.0022,ok,2026-09-03T14:53:39+00:00
lac-du-der,2023-02-11,1,S2A_31UFP_20230211_0_L2A,1.0,0.1228,0.8772,0.0435,0.0742,otsu,0.348,0.0366,6126.8,2931.2,0.5454,25.0,2957.6,3175.6,-0.3463,-0.0241,0.031,0.0005,ok,2026-09-03T14:53:39+00:00
lac-du-der,2023-02-14,1,S2A_31UFP_20230214_0_L2A,1.0,0.0009,0.9991,0.0253,0.1523,otsu,0.193,0.0235,6126.8,3550.2,0.58,7.3,3601.5,3807.5,-0.4436,-0.042,0.0341,0.0039,ok,2026-09-03T14:53:39+00:00
lac-du-der,2023-02-21,1,S2A_31UFP_20230221_0_L2A,1.0,0.0142,0.9858,0.0302,-0.0273,otsu,0.476,0.0281,6126.8,3519.8,0.5828,54.0,3561.9,3757.4,-0.3509,0.0109,0.0579,0.0007,ok,2026-09-03T14:53:39+00:00
lac-du-der,2023-02-26,1,S2B_31UFP_20230226_0_L2A,1.0,0.8563,0.1437,0.0651,0.1367,otsu,0.422,0.0618,6126.8,671.8,0.7631,3.7,693.4,744.3,-0.2652,-0.0785,-0.0237,0.0,nublado,2026-09-03T14:53:39+00:00
lac-du-der,2023-03-01,1,S2B_31UFP_20230301_0_L2A,1.0,0.0004,0.9996,0.0472,0.1289,otsu,0.286,0.0474,6126.8,3627.1,0.5922,10.8,3674.4,3828.0,-0.3611,-0.0486,-0.0142,0.001,ok,2026-09-03T14:53:39+00:00
lac-du-der,2023-03-11,1,S2B_31UFP_20230311_0_L2A,1.0,0.0001,0.9999,0.0402,0.1602,otsu,0.084,0.0455,6126.8,3653.0,0.5963,13.2,3718.8,3854.8,-0.4838,-0.1417,-0.0846,0.0009,ok,2026-09-03T14:53:39+00:00
lac-du-der,2023-04-05,1,S2A_31UFP_20230405_0_L2A,1.0,0.0106,0.9894,0.0325,0.1289,otsu,0.354,0.0325,6126.8,3882.0,0.6404,83.8,3974.4,4094.2,-0.4644,-0.0498,-0.0123,0.0041,ok,2026-09-03T14:53:49+00:00
lac-du-der,2023-05-15,1,S2A_31UFP_20230515_0_L2A,1.0,0.0,1.0,0.0446,0.0352,otsu,0.656,0.048,6126.8,3761.6,0.614,330.5,3936.2,4012.3,-0.2605,0.0356,0.0521,0.0034,ok,2026-09-03T14:53:49+00:00
lac-du-der,2023-05-25,1,S2A_31UFP_20230525_0_L2A,1.0,0.0,1.0,0.0545,-0.1289,otsu,0.797,0.0578,6126.8,3799.5,0.6202,377.0,3862.4,4005.2,-0.1547,0.0401,0.051,0.001,ok,2026-09-03T14:53:49+00:00
lac-du-der,2023-05-27,1,S2B_31UFP_20230527_0_L2A,1.0,0.0006,0.9994,0.0435,0.1133,otsu,0.733,0.0441,6126.8,389.2,0.0636,3629.4,3808.8,3978.8,-0.326,0.0416,0.063,0.0034,incoherente,2026-09-03T14:53:49+00:00
lac-du-der,2023-06-01,1,S2A_31UFP_20230601_0_L2A,1.0,0.0001,0.9999,0.0283,0.1289,otsu,0.4,0.0282,6126.8,3596.7,0.5871,329.8,3884.1,3976.6,-0.4772,0.0037,0.0364,0.0035,ok,2026-09-03T14:53:49+00:00
lac-du-der,2023-06-04,1,S2A_31UFP_20230604_0_L2A,1.0,0.0,1.0,0.0594,-0.1367,otsu,0.881,0.0636,6126.8,3715.8,0.6065,480.2,3811.5,3973.6,-0.1285,0.0436,0.0551,0.0003,ok,2026-09-03T14:53:49+00:00
lac-du-der,2023-06-06,1,S2B_31UFP_20230606_0_L2A,1.0,0.0001,0.9999,0.0319,0.1445,otsu,0.486,0.0317,6126.8,2499.4,0.408,1434.7,3858.8,3961.7,-0.4505,-0.0103,0.0325,0.0058,ok,2026-09-03T14:53:49+00:00
lac-du-der,2023-06-09,1,S2B_31UFP_20230609_0_L2A,1.0,0.0532,0.9468,0.0433,-0.1055,otsu,0.681,0.0467,6126.8,3441.1,0.5932,387.1,3556.8,3673.6,-0.2151,0.0294,0.0481,0.0025,ok,2026-09-03T14:53:49+00:00
lac-du-der,2023-06-11,1,S2A_31UFP_20230611_0_L2A,1.0,0.013,0.987,0.031,0.1445,otsu,0.37,0.0309,6126.8,3718.6,0.6149,174.1,3855.3,3949.6,-0.4542,0.0422,0.0821,0.0104,ok,2026-09-03T14:53:49+00:00
lac-du-der,2023-06-14,1,S2A_31UFP_20230614_0_L2A,1.0,0.0561,0.9439,0.0305,-0.043,otsu,0.531,0.0334,6126.8,3425.5,0.5923,310.8,3540.1,3646.0,-0.2984,0.0066,0.0496,0.0076,ok,2026-09-03T14:53:49+00:00
lac-du-der,2023-06-16,1,S2B_31UFP_20230616_0_L2A,1.0,0.0009,0.9991,0.0286,0.1758,otsu,0.319,0.0281,6126.8,3491.7,0.5704,405.4,3848.5,3939.4,-0.5218,-0.1419,0.0124,0.0113,ok,2026-09-03T14:53:49+00:00
lac-du-der,2023-06-24,1,S2A_31UFP_20230624_0_L2A,1.0,0.0005,0.9995,0.0157,0.0898,otsu,0.159,0.0156,6126.8,3631.3,0.593,224.6,3816.4,3933.0,-0.5925,-0.1241,0.0481,0.0154,ok,2026-09-03T14:53:49+00:00
lac-du-der,2023-06-26,1,S2B_31UFP_20230626_0_L2A,1.0,1.0,0.0,,0.0,fijo,,,6126.8,0.0,0.0,0.0,0.0,0.0,,,,,nublado,2026-09-03T14:53:59+00:00
lac-du-der,2023-07-06,1,S2B_31UFP_20230706_0_L2A,1.0,0.042,0.958,0.0399,0.1289,otsu,0.457,0.0393,6126.8,3645.8,0.6212,265.5,3732.6,3898.0,-0.325,-0.0216,0.0066,0.0007,ok,2026-09-03T14:53:59+00:00
lac-du-der,2023-07-11,1,S2A_31UFP_20230711_0_L2A,1.0,0.0001,0.9999,0.033,0.0742,otsu,0.503,0.0324,6126.8,3625.2,0.5917,315.2,3729.9,3903.0,-0.3181,0.0135,0.0347,0.0009,ok,2026-09-03T14:53:59+00:00
lac-du-der,2023-07-14,1,S2A_31UFP_20230714_0_L2A,1.0,0.0,1.0,0.0413,-0.1289,otsu,0.778,0.0493,6126.8,3670.4,0.5991,410.2,3705.2,3893.7,-0.1524,0.0249,0.0468,0.0007,ok,2026-09-03T14:53:59+00:00
lac-du-der,2023-07-16,1,S2B_31UFP_20230716_0_L2A,1.0,0.5685,0.4315,0.0732,0.0977,otsu,0.552,0.0732,6126.8,1724.4,0.6523,164.9,1831.8,2021.0,-0.1904,-0.0146,0.0138,0.0,nublado,2026-09-03T14:53:59+00:00
lac-du-der,2023-07-19,1,S2B_31UFP_20230719_0_L2A,1.0,0.359,0.641,0.0509,-0.168,otsu,0.798,0.0535,6126.8,2381.0,0.6063,345.2,2384.5,2632.6,-0.1354,0.0327,0.0554,0.0005,nublado,2026-09-03T14:53:59+00:00
lac-du-der,2023-08-08,1,S2B_31UFP_20230808_0_L2A,1.0,0.8178,0.1822,0.0591,0.0508,otsu,0.441,0.06,6126.8,659.6,0.591,76.7,696.5,807.5,-0.2338,-0.0242,0.023,0.0011,nublado,2026-09-03T14:53:59+00:00
lac-du-der,2023-08-10,1,S2A_31UFP_20230810_0_L2A,1.0,0.256,0.744,0.0284,0.0117,otsu,0.425,0.0283,6126.8,2278.7,0.4999,550.2,2657.2,2813.8,-0.3955,-0.0185,0.0449,0.0043,nublado,2026-09-03T14:53:59+00:00
lac-du-der,2023-08-18,1,S2B_31UFP_20230818_0_L2A,1.0,0.0741,0.9259,0.0338,0.0664,otsu,0.405,0.0336,6126.8,3348.8,0.5904,203.0,3451.5,3579.1,-0.3785,0.0129,0.0471,0.0066,ok,2026-09-03T14:53:59+00:00
lac-du-der,2023-08-20,1,S2A_31UFP_20230820_0_L2A,1.0,0.0564,0.9436,0.0312,0.1367,otsu,0.35,0.0295,6126.8,3102.8,0.5367,256.4,3303.8,3748.1,-0.4161,0.0025,0.0486,0.0098,ok,2026-09-03T14:53:59+00:00
lac-du-der,2023-08-23,1,S2A_31UFP_20230823_0_L2A,1.0,0.5639,0.4361,0.0278,-0.1289,otsu,0.773,0.0273,6126.8,815.5,0.3052,805.6,1391.2,1616.9,-0.2953,0.0354,0.076,0.0096,nublado,2026-09-03T14:53:59+00:00
lac-du-der,2023-09-02,1,S2A_31UFP_20230902_0_L2A,1.0,0.0002,0.9998,0.0255,0.1289,otsu,0.226,0.026,6126.8,3518.1,0.5743,52.8,3568.6,3714.8,-0.4203,-0.0454,0.049,0.0176,ok,2026-09-03T14:53:59+00:00
lac-du-der,2023-09-04,1,S2B_31UFP_20230904_0_L2A,1.0,0.0024,0.9976,0.0395,0.0273,otsu,0.529,0.0392,6126.8,3337.4,0.546,240.6,3482.7,3687.6,-0.3267,0.0052,0.0576,0.0059,ok,2026-09-03T14:54:09+00:00
lac-du-der,2023-09-07,1,S2B_31UFP_20230907_0_L2A,1.0,0.0007,0.9993,0.0296,0.1055,otsu,0.251,0.0298,6126.8,3458.3,0.5648,43.8,3505.4,3660.5,-0.4227,-0.0287,0.062,0.0179,ok,2026-09-03T14:54:09+00:00
lac-du-der,2023-09-09,1,S2A_31UFP_20230909_0_L2A,1.0,0.0011,0.9989,0.0336,0.0664,otsu,0.385,0.0337,6126.8,3424.0,0.5594,52.5,3458.0,3643.8,-0.3525,-0.0226,0.0508,0.0078,ok,2026-09-03T14:54:09+00:00
lac-du-der,2023-09-14,1,S2B_31UFP_20230914_0_L2A,1.0,0.1657,0.8343,0.0514,0.1836,otsu,0.235,0.0497,6126.8,3067.9,0.6002,21.3,3120.8,3281.3,-0.3838,-0.0398,0.0561,0.0072,ok,2026-09-03T14:54:09+00:00
lac-du-der,2023-09-24,1,S2B_31UFP_20230924_0_L2A,1.0,0.0013,0.9987,0.0327,0.168,otsu,0.121,0.0368,6126.8,3142.6,0.5136,14.6,3196.2,3437.8,-0.447,-0.1212,0.0666,0.0523,ok,2026-09-03T14:54:09+00:00
lac-du-der,2023-10-02,1,S2A_31UFP_20231002_0_L2A,1.0,0.4945,0.5055,0.0457,-0.0039,otsu,0.556,0.0463,6126.8,1768.5,0.571,80.7,1795.8,1961.9,-0.2733,0.0064,0.0625,0.0016,nublado,2026-09-03T14:54:09+00:00
lac-du-der,2023-10-07,1,S2B_31UFP_20231007_0_L2A,1.0,0.003,0.997,0.0465,-0.0273,otsu,0.607,0.0475,6126.8,2670.3,0.4371,230.1,2741.2,3128.2,-0.2577,0.0244,0.0942,0.0177,ok,2026-09-03T14:54:09+00:00
lac-du-der,2023-10-09,1,S2A_31UFP_20231009_0_L2A,1.0,0.0823,0.9177,0.0352,-0.0039,otsu,0.48,0.0351,6126.8,2551.5,0.4538,91.1,2575.2,2895.8,-0.3006,0.0194,0.1102,0.0302,ok,2026-09-03T14:54:09+00:00
lac-du-der,2023-10-14,1,S2B_31UFP_20231014_0_L2A,1.0,0.1594,0.8406,0.052,0.1445,otsu,0.191,0.0588,6126.8,2048.2,0.3977,35.0,2132.3,2577.6,-0.338,-0.0689,0.0674,0.0405,ok,2026-09-03T14:54:09+00:00
lac-du-der,2023-12-03,1,S2B_31UFP_20231203_0_L2A,1.0,0.9941,0.0059,0.1203,-0.1133,otsu,,,6126.8,1.6,0.0455,13.8,0.1,10.0,-0.031,0.0581,0.076,0.0,nublado,2026-09-03T14:54:09+00:00
lac-du-der,2023-12-16,1,S2B_31UFP_20231216_0_L2A,1.0,0.8793,0.1207,0.1209,0.0,fijo,1.236,0.1345,6126.8,47.9,0.0648,0.6,74.0,284.4,-0.1189,-0.0192,0.0297,0.0,nublado,2026-09-03T14:54:09+00:00
lac-du-der,2023-12-18,1,S2A_31UFP_20231218_0_L2A,1.0,0.8015,0.1985,0.0812,0.0,fijo,1.195,0.1239,6126.8,145.7,0.1198,31.6,130.0,391.6,-0.0635,0.0036,0.0594,0.0,nublado,2026-09-03T14:54:09+00:00
lac-du-der,2024-01-12,1,S2B_31UFP_20240112_0_L2A,1.0,0.0962,0.9038,0.0602,0.207,otsu,0.085,0.0634,6126.8,2953.9,0.5335,19.8,2927.5,3394.4,-0.3532,-0.1707,-0.0401,0.0,ok,2026-09-03T14:54:19+00:00
lac-du-der,2024-01-20,1,S2A_31UFP_20240120_0_L2A,1.0,0.0673,0.9327,0.0374,0.2148,otsu,0.032,0.0445,6126.8,3191.9,0.5585,90.7,3136.6,3449.2,-0.4126,-0.2045,-0.0692,0.0,ok,2026-09-03T14:54:19+00:00
lac-du-der,2024-01-27,1,S2A_31UFP_20240127_0_L2A,1.0,0.9883,0.0117,0.0238,0.0,fijo,,,6126.8,0.3,0.0039,0.0,0.2,4.9,-0.0977,0.0094,0.0719,0.0,nublado,2026-09-03T14:54:19+00:00
lac-du-der,2024-02-29,1,S2A_31UFP_20240229_0_L2A,1.0,0.0001,0.9999,0.0281,0.0977,otsu,0.204,0.0291,6126.8,3851.8,0.6287,79.4,3968.3,4148.5,-0.4244,-0.0721,0.0158,0.0024,ok,2026-09-03T14:54:19+00:00
lac-du-der,2024-03-07,1,S2A_31UFP_20240307_0_L2A,1.0,0.0029,0.9971,0.0316,0.0977,otsu,0.342,0.0302,6126.8,3859.4,0.6318,25.3,3916.7,4119.2,-0.3473,-0.0316,0.0164,0.0034,ok,2026-09-03T14:54:19+00:00
lac-du-der,2024-03-22,1,S2B_31UFP_20240322_0_L2A,1.0,0.0009,0.9991,0.0345,0.1367,otsu,0.302,0.0318,6126.8,3869.6,0.6322,53.8,3953.6,4124.6,-0.424,-0.0436,0.0,0.006,ok,2026-09-03T14:54:19+00:00
lac-du-der,2024-04-14,1,S2B_31UFP_20240414_0_L2A,1.0,0.456,0.544,0.0453,-0.0273,otsu,0.747,0.0464,6126.8,893.6,0.2681,1169.3,1884.1,2044.4,-0.2955,0.0465,0.0739,0.0085,nublado,2026-09-03T14:54:19+00:00
lac-du-der,2024-05-09,1,S2A_31UFP_20240509_0_L2A,1.0,0.2602,0.7398,0.042,-0.0039,otsu,0.598,0.0429,6126.8,2873.5,0.634,212.2,2923.1,3096.0,-0.2226,0.015,0.0392,0.0068,nublado,2026-09-03T14:54:19+00:00
lac-du-der,2024-05-11,1,S2B_31UFP_20240511_0_L2A,1.0,0.021,0.979,0.0314,0.1523,otsu,0.417,0.0309,6126.8,3528.1,0.5882,358.4,3847.2,3917.0,-0.43,-0.01,0.0308,0.008,ok,2026-09-03T14:54:19+00:00
lac-du-der,2024-06-13,1,S2B_31UFP_20240613_0_L2A,1.0,0.4639,0.5361,0.0435,0.0273,otsu,0.38,0.0435,6126.8,2069.0,0.6299,186.8,2158.8,2349.4,-0.2942,-0.0215,0.0243,0.0067,nublado,2026-09-03T14:54:19+00:00
lac-du-der,2024-06-23,1,S2B_31UFP_20240623_0_L2A,1.0,0.1586,0.8414,0.0283,-0.082,otsu,0.389,0.0297,6126.8,3118.4,0.6049,281.6,3242.1,3405.6,-0.3398,-0.102,0.0446,0.0132,ok,2026-09-03T14:54:19+00:00
lac-du-der,2024-06-25,1,S2A_31UFP_20240625_0_L2A,1.0,0.1495,0.8505,0.0181,0.0742,otsu,0.194,0.0176,6126.8,3139.1,0.6024,269.8,3456.2,3750.0,-0.5569,-0.1732,0.0377,0.0163,ok,2026-09-03T14:54:19+00:00
lac-du-der,2024-07-08,1,S2A_31UFP_20240708_0_L2A,1.0,0.1018,0.8982,0.0194,0.0586,otsu,0.298,0.0192,6126.8,3316.3,0.6026,154.6,3438.7,3504.7,-0.3923,-0.0241,0.0301,0.011,ok,2026-09-03T14:54:30+00:00
lac-du-der,2024-07-13,1,S2B_31UFP_20240713_0_L2A,1.0,0.5202,0.4798,0.0434,0.2461,otsu,0.309,0.0422,6126.8,2078.3,0.7071,87.8,2333.9,2537.1,-0.3143,-0.0648,-0.0135,0.0007,nublado,2026-09-03T14:54:30+00:00
lac-du-der,2024-07-18,1,S2A_31UFP_20240718_0_L2A,1.0,0.0,1.0,0.0265,0.0664,otsu,0.488,0.0262,6126.8,3660.1,0.5974,288.5,3795.7,3947.2,-0.3187,0.0188,0.0441,0.0013,ok,2026-09-03T14:54:30+00:00
lac-du-der,2024-07-28,1,S2A_31UFP_20240728_0_L2A,1.0,0.2367,0.7633,0.0328,-0.0117,otsu,0.542,0.0323,6126.8,2874.3,0.6147,273.8,2920.1,3146.4,-0.2376,0.0014,0.0317,0.0022,nublado,2026-09-03T14:54:30+00:00
lac-du-der,2024-07-30,1,S2B_31UFP_20240730_0_L2A,1.0,0.234,0.766,0.0411,-0.1367,otsu,0.929,0.0398,6126.8,1157.0,0.2465,1932.7,1955.9,2988.1,-0.1898,0.0482,0.0689,0.0003,nublado,2026-09-03T14:54:30+00:00
lac-du-der,2024-08-02,1,S2B_31UFP_20240802_0_L2A,1.0,0.0473,0.9527,0.0413,0.043,otsu,0.549,0.0418,6126.8,3597.6,0.6164,248.2,3680.8,3893.7,-0.2816,0.0383,0.0595,0.0012,ok,2026-09-03T14:54:30+00:00
lac-du-der,2024-08-09,1,S2B_31UFP_20240809_0_L2A,1.0,0.3812,0.6188,0.0321,0.082,otsu,0.427,0.0314,6126.8,2734.8,0.7213,226.2,2863.9,2964.6,-0.3587,-0.0065,0.0258,0.0015,nublado,2026-09-03T14:54:30+00:00
lac-du-der,2024-08-12,1,S2B_31UFP_20240812_0_L2A,1.0,0.0,1.0,0.0349,0.0586,otsu,0.364,0.0355,6126.8,3663.2,0.5979,291.6,3759.1,3899.1,-0.3711,0.0061,0.0356,0.0036,ok,2026-09-03T14:54:30+00:00
lac-du-der,2024-08-19,1,S2B_31UFP_20240819_0_L2A,1.0,0.0271,0.9729,0.0478,0.1289,otsu,0.637,0.0474,6126.8,3576.0,0.5999,320.4,3667.2,3912.2,-0.266,0.032,0.0589,0.0024,ok,2026-09-03T14:54:30+00:00
lac-du-der,2024-08-22,1,S2B_31UFP_20240822_0_L2A,1.0,0.0,1.0,0.0362,0.0664,otsu,0.646,0.0376,6126.8,3362.0,0.5487,588.1,3687.1,3892.2,-0.2925,0.0354,0.0637,0.0022,ok,2026-09-03T14:54:30+00:00
lac-du-der,2024-08-24,1,S2A_31UFP_20240824_0_L2A,1.0,0.0001,0.9999,0.0254,0.0664,otsu,0.42,0.0252,6126.8,3645.0,0.595,260.8,3735.0,3899.2,-0.3216,0.0027,0.0517,0.004,ok,2026-09-03T14:54:30+00:00
lac-du-der,2024-08-27,1,S2A_31UFP_20240827_0_L2A,1.0,0.1879,0.8121,0.0203,0.082,otsu,0.336,0.0201,6126.8,2596.5,0.5218,189.4,2667.6,2760.2,-0.3746,-0.0044,0.0707,0.0061,ok,2026-09-03T14:54:30+00:00
lac-du-der,2024-08-29,1,S2B_31UFP_20240829_0_L2A,1.0,0.0911,0.9089,0.0395,0.082,otsu,0.54,0.0393,6126.8,3225.0,0.5791,265.5,3326.7,3460.9,-0.2958,0.0337,0.0593,0.0035,ok,2026-09-03T14:54:39+00:00
lac-du-der,2024-09-01,1,S2B_31UFP_20240901_0_L2A,1.0,1.0,0.0,,0.0,fijo,,,6126.8,0.0,0.0,0.0,0.0,0.0,,,,,nublado,2026-09-03T14:54:39+00:00
lac-du-der,2024-09-06,1,S2A_31UFP_20240906_0_L2A,1.0,0.2501,0.7499,0.0229,-0.0117,otsu,0.532,0.0227,6126.8,2187.7,0.4761,485.8,2513.2,2648.6,-0.3253,0.0125,0.0923,0.0121,nublado,2026-09-03T14:54:39+00:00
lac-du-der,2024-09-08,1,S2B_31UFP_20240908_0_L2A,1.0,0.1816,0.8184,0.0256,0.1367,otsu,0.226,0.0242,6126.8,3057.4,0.6097,157.5,3208.1,3470.3,-0.3881,-0.0519,0.0426,0.0085,ok,2026-09-03T14:54:39+00:00
lac-du-der,2024-09-13,1,S2A_31UFP_20240913_0_L2A,1.0,0.3286,0.6714,0.0352,0.1289,otsu,0.244,0.0341,6126.8,2449.7,0.5955,52.0,2564.8,2841.5,-0.3052,-0.0489,0.0297,0.0059,nublado,2026-09-03T14:54:39+00:00
lac-du-der,2024-09-18,1,S2B_31UFP_20240918_0_L2A,1.0,0.2467,0.7533,0.0452,0.0898,otsu,0.39,0.0442,6126.8,2863.5,0.6205,77.9,2921.0,3187.1,-0.2686,-0.0044,0.0548,0.0019,nublado,2026-09-03T14:54:39+00:00
lac-du-der,2024-09-21,1,S2B_31UFP_20240921_0_L2A,1.0,0.0009,0.9991,0.0322,0.1289,otsu,0.358,0.0321,6126.8,3295.8,0.5384,106.9,3455.2,3741.5,-0.3619,0.0243,0.0995,0.0109,ok,2026-09-03T14:54:39+00:00
lac-du-der,2024-09-28,1,S2B_31UFP_20240928_0_L2A,1.0,0.6501,0.3499,0.0627,0.1055,otsu,0.286,0.0712,6126.8,1000.3,0.4665,32.3,1019.7,1152.6,-0.3191,-0.0154,0.1108,0.0061,nublado,2026-09-03T14:54:39+00:00
lac-du-der,2024-10-11,1,S2B_31UFP_20241011_0_L2A,1.0,0.3433,0.6567,0.0662,0.3164,otsu,0.158,0.0677,6126.8,2237.9,0.5562,2.4,2486.8,2929.0,-0.3772,-0.0899,0.0026,0.0003,nublado,2026-09-03T14:54:39+00:00
lac-du-der,2024-10-16,1,S2A_31UFP_20241016_0_L2A,1.0,0.2611,0.7389,0.0368,0.1602,otsu,0.373,0.0433,6126.8,1402.8,0.3099,20.2,1711.9,2419.0,-0.3666,-0.0267,0.1146,0.0254,nublado,2026-09-03T14:54:39+00:00
lac-du-der,2024-10-21,1,S2B_31UFP_20241021_0_L2A,1.0,0.0036,0.9964,0.0312,0.1523,otsu,0.138,0.033,6126.8,2689.4,0.4406,21.8,2968.1,3308.7,-0.4308,-0.0817,0.0888,0.0186,ok,2026-09-03T14:54:39+00:00
lac-du-der,2024-10-23,1,S2A_31UFP_20241023_0_L2A,1.0,0.0036,0.9964,0.0219,0.1445,otsu,0.114,0.0228,6126.8,2858.7,0.4683,7.6,2924.4,3270.8,-0.4609,-0.0817,0.1026,0.0342,ok,2026-09-03T14:54:39+00:00
lac-du-der,2024-10-26,1,S2A_31UFP_20241026_0_L2A,1.0,0.0048,0.9952,0.0224,0.0742,otsu,0.189,0.0231,6126.8,2762.4,0.4531,20.2,2799.6,3197.1,-0.4072,-0.0338,0.141,0.0492,ok,2026-09-03T14:54:51+00:00
lac-du-der,2024-10-28,1,S2B_31UFP_20241028_0_L2A,1.0,0.1168,0.8832,0.0486,-0.082,otsu,0.64,0.0653,6126.8,2439.2,0.4508,51.2,2408.0,3193.8,-0.2339,0.0123,0.109,0.0339,ok,2026-09-03T14:54:51+00:00
lac-du-der,2024-11-05,2,S2A_31UFP_20241105_0_L2A;S2C_31UFP_20241105_1_L2A,1.0,0.4053,0.5947,0.0001,0.0,fijo,1.0,0.0001,6126.8,55.6,0.0153,49.4,60.6,2518.3,-0.7576,0.4489,0.9869,0.5744,nublado,2026-09-03T14:54:51+00:00
lac-du-der,2024-11-10,1,S2B_31UFP_20241110_0_L2A,1.0,1.0,0.0,0.1818,0.0,fijo,,,6126.8,0.0,0.0,0.0,0.0,108.4,,,,,nublado,2026-09-03T14:54:51+00:00
lac-du-der,2024-11-20,1,S2B_31UFP_20241120_0_L2A,1.0,0.5961,0.4039,0.0323,0.1758,otsu,0.184,0.0553,6126.8,820.1,0.3314,16.4,837.8,1203.5,-0.3323,-0.0962,0.0232,0.004,nublado,2026-09-03T14:54:51+00:00
lac-du-der,2024-11-30,1,S2B_31UFP_20241130_0_L2A,1.0,0.0945,0.9055,0.0475,0.0742,otsu,0.345,0.0663,6126.8,1972.0,0.3554,147.1,1936.2,3322.9,-0.2454,-0.027,0.0432,0.0,ok,2026-09-03T14:54:51+00:00
lac-du-der,2024-12-27,1,S2B_31UFP_20241227_0_L2A,1.0,0.2924,0.7076,0.0571,0.2539,otsu,0.099,0.0688,6126.8,2272.3,0.5241,102.0,2260.6,3082.7,-0.3388,-0.1709,-0.0095,0.0009,nublado,2026-09-03T14:54:51+00:00
lac-du-der,2025-01-11,1,S2A_31UFP_20250111_0_L2A,1.0,0.0204,0.9796,0.0486,0.207,otsu,0.103,0.0629,6126.8,2945.1,0.4907,28.1,2967.0,3707.8,-0.2985,-0.1383,-0.0359,0.0007,ok,2026-09-03T14:54:51+00:00
lac-du-der,2025-01-14,1,S2A_31UFP_20250114_0_L2A,1.0,0.0203,0.9797,0.0485,0.2383,otsu,0.087,0.0572,6126.8,3030.5,0.5049,34.4,3040.3,3720.7,-0.3307,-0.1686,-0.0435,0.0001,ok,2026-09-03T14:54:51+00:00
lac-du-der,2025-01-16,1,S2B_31UFP_20250116_0_L2A,1.0,0.2796,0.7204,0.0722,0.2383,otsu,0.113,0.0772,6126.8,2417.5,0.5477,6.3,2564.0,3113.3,-0.3416,-0.1356,-0.0383,0.0,nublado,2026-09-03T14:54:51+00:00
lac-du-der,2025-01-19,1,S2B_31UFP_20250119_0_L2A,1.0,1.0,0.0,,0.0,fijo,,,6126.8,0.0,0.0,0.0,0.0,567.9,,,,,nublado,2026-09-03T14:54:51+00:00
lac-du-der,2025-01-21,1,S2C_31UFP_20250121_0_L2A,1.0,0.0112,0.9888,0.0001,0.0,fijo,1.0,0.0001,6126.8,271.1,0.0448,77.7,264.8,3740.0,-0.7632,0.0988,0.3928,0.2023,espectro_anomalo,2026-09-03T14:54:51+00:00
lac-du-der,2025-02-13,1,S2C_31UFP_20250213_0_L2A,1.0,0.9679,0.0321,0.0079,0.0,fijo,1.0,0.0028,6126.8,18.0,0.0914,31.7,31.7,112.5,-0.776,0.0378,0.1434,0.0889,nublado,2026-09-03T14:55:04+00:00
lac-du-der,2025-02-15,1,S2B_31UFP_20250215_0_L2A,1.0,1.0,0.0,0.0343,0.0,fijo,,,6126.8,0.2,1.0,0.0,0.2,0.0,,,,,nublado,2026-09-03T14:55:04+00:00
lac-du-der,2025-02-18,1,S2B_31UFP_20250218_0_L2A,1.0,0.0026,0.9974,0.0001,0.0,fijo,1.0,0.0001,6126.8,78.4,0.0128,4.5,79.2,3966.3,-0.8706,0.0499,0.0,0.0725,espectro_anomalo,2026-09-03T14:55:04+00:00
lac-du-der,2025-02-23,1,S2C_31UFP_20250223_0_L2A,1.0,0.015,0.985,0.0001,0.0,fijo,1.0,0.0001,6126.8,16.6,0.0028,1.2,17.7,3986.4,-0.9032,0.0058,0.0,0.024,espectro_anomalo,2026-09-03T14:55:04+00:00
lac-du-der,2025-03-02,1,S2C_31UFP_20250302_0_L2A,1.0,0.4581,0.5419,0.0001,0.0,fijo,1.0,0.0001,6126.8,101.2,0.0305,2.5,100.8,2395.1,-0.9304,0.0034,0.0,0.0067,nublado,2026-09-03T14:55:04+00:00
lac-du-der,2025-03-05,1,S2C_31UFP_20250305_0_L2A,1.0,0.0,1.0,0.0001,0.0,fijo,1.0,0.0001,6126.8,12.0,0.002,2.8,12.1,4116.2,-0.7356,0.1825,0.9812,0.2333,espectro_anomalo,2026-09-03T14:55:04+00:00
lac-du-der,2025-03-07,1,S2B_31UFP_20250307_0_L2A,1.0,0.0001,0.9999,0.0001,0.0,fijo,1.0,0.0001,6126.8,7.5,0.0012,2.4,7.9,4120.4,-0.6956,0.2068,0.9394,0.3085,espectro_anomalo,2026-09-03T14:55:04+00:00
lac-du-der,2025-03-17,2,S2A_31UFP_20250317_1_L2A;S2B_31UFP_20250317_0_L2A,1.0,0.0002,0.9998,0.0288,0.1523,otsu,0.241,0.0271,6126.8,3888.0,0.6347,22.0,3959.7,4143.8,-0.4359,-0.0776,-0.0219,0.0054,ok,2026-09-03T14:55:04+00:00
lac-du-der,2025-03-20,1,S2B_31UFP_20250320_0_L2A,1.0,0.0008,0.9992,0.0227,0.1133,otsu,0.226,0.0212,6126.8,3877.4,0.6333,28.3,3970.8,4133.9,-0.4984,-0.0463,0.0067,0.008,ok,2026-09-03T14:55:04+00:00
lac-du-der,2025-03-22,1,S2C_31UFP_20250322_0_L2A,1.0,0.2058,0.7942,0.03,0.0273,otsu,0.392,0.0214,6126.8,1922.6,0.3951,393.6,2609.9,3108.7,-0.4409,-0.0265,0.0545,0.0092,nublado,2026-09-03T14:55:04+00:00
lac-du-der,2025-03-27,2,S2A_31UFP_20250327_1_L2A;S2B_31UFP_20250327_0_L2A,1.0,0.0002,0.9998,0.0253,0.1367,otsu,0.294,0.0239,6126.8,3871.2,0.632,51.1,3963.5,4138.8,-0.4651,-0.0278,0.0196,0.0079,ok,2026-09-03T14:55:04+00:00
lac-du-der,2025-04-01,1,S2C_31UFP_20250401_0_L2A,1.0,0.6219,0.3781,0.049,-0.0273,otsu,0.396,0.0415,6126.8,1494.4,0.6451,54.6,1523.4,1598.4,-0.291,-0.05,-0.0017,0.0002,nublado,2026-09-03T14:55:04+00:00
lac-du-der,2025-04-03,1,S2A_31UFP_20250403_1_L2A,1.0,0.6356,0.3644,0.03,-0.0039,otsu,0.554,0.0297,6126.8,1310.6,0.587,135.0,1420.6,1497.1,-0.3497,0.0251,0.0537,0.0018,nublado,2026-09-03T14:55:17+00:00
lac-du-der,2025-04-04,1,S2C_31UFP_20250404_0_L2A,1.0,0.0002,0.9998,0.0291,0.1055,otsu,0.314,0.0285,6126.8,3864.8,0.6309,99.5,3971.4,4092.3,-0.4854,-0.0534,-0.0208,0.0054,ok,2026-09-03T14:55:17+00:00
lac-du-der,2025-04-06,2,S2A_31UFP_20250406_1_L2A;S2B_31UFP_20250406_0_L2A,1.0,0.0003,0.9997,0.0308,0.1602,otsu,0.254,0.0301,6126.8,3862.7,0.6307,88.5,3970.5,4084.2,-0.5091,-0.0775,-0.0357,0.0048,ok,2026-09-03T14:55:17+00:00
lac-du-der,2025-04-09,1,S2B_31UFP_20250409_0_L2A,1.0,0.0002,0.9998,0.0358,0.1133,otsu,0.349,0.036,6126.8,3863.1,0.6306,117.2,3973.0,4066.6,-0.4469,-0.0376,-0.0085,0.0047,ok,2026-09-03T14:55:17+00:00
lac-du-der,2025-04-11,1,S2C_31UFP_20250411_0_L2A,1.0,0.0002,0.9998,0.0297,0.1133,otsu,0.325,0.0293,6126.8,3724.0,0.608,243.1,3957.0,4050.8,-0.5141,-0.051,-0.0164,0.0062,ok,2026-09-03T14:55:17+00:00
lac-du-der,2025-04-14,1,S2C_31UFP_20250414_0_L2A,1.0,0.1003,0.8997,0.0357,0.1211,otsu,0.355,0.0355,6126.8,3660.8,0.6641,183.5,3838.2,3964.8,-0.4656,-0.0384,-0.0035,0.0053,ok,2026-09-03T14:55:17+00:00
lac-du-der,2025-04-26,2,S2A_31UFP_20250426_1_L2A;S2B_31UFP_20250426_0_L2A,1.0,0.0155,0.9845,0.0346,0.1836,otsu,0.345,0.0347,6126.8,3748.2,0.6214,188.1,3934.0,4016.4,-0.4933,-0.016,0.0226,0.0103,ok,2026-09-03T14:55:17+00:00
lac-du-der,2025-04-29,1,S2B_31UFP_20250429_0_L2A,1.0,0.0001,0.9999,0.0304,0.1211,otsu,0.427,0.0306,6126.8,3215.1,0.5248,745.8,3927.0,3997.0,-0.4778,0.0016,0.0336,0.0096,ok,2026-09-03T14:55:17+00:00
lac-du-der,2025-05-01,1,S2C_31UFP_20250501_0_L2A,1.0,0.0006,0.9994,0.0268,0.0977,otsu,0.462,0.0266,6126.8,980.9,0.1602,2980.3,3913.6,3988.9,-0.52,-0.0098,0.0714,0.0275,incoherente,2026-09-03T14:55:17+00:00
lac-du-der,2025-05-03,1,S2A_31UFP_20250503_1_L2A,1.0,0.0002,0.9998,0.0269,0.0195,otsu,0.553,0.0269,6126.8,2934.4,0.479,1039.4,3883.8,3980.6,-0.407,0.0298,0.0564,0.0083,ok,2026-09-03T14:55:17+00:00
lac-du-der,2025-05-09,1,S2B_31UFP_20250509_0_L2A,1.0,0.0062,0.9938,0.0475,-0.0352,otsu,0.65,0.0501,6126.8,3759.8,0.6175,291.9,3871.8,3967.9,-0.2641,0.0183,0.0348,0.0038,ok,2026-09-03T14:55:17+00:00
lac-du-der,2025-05-11,1,S2C_31UFP_20250511_0_L2A,1.0,0.9404,0.0596,0.0439,0.0742,otsu,0.232,0.0412,6126.8,195.0,0.5339,22.7,234.8,273.3,-0.3486,-0.0836,0.016,0.0092,nublado,2026-09-03T14:55:29+00:00
lac-du-der,2025-05-14,1,S2C_31UFP_20250514_0_L2A,1.0,0.1953,0.8047,0.0337,0.0898,otsu,0.439,0.0334,6126.8,2988.1,0.6061,635.4,3563.8,3666.4,-0.4483,-0.0235,0.017,0.0061,ok,2026-09-03T14:55:17+00:00
lac-du-der,2025-05-16,2,S2A_31UFP_20250516_1_L2A;S2B_31UFP_20250516_0_L2A,1.0,0.0236,0.9764,0.0356,0.0352,otsu,0.48,0.0368,6126.8,3376.3,0.5644,512.8,3737.2,3865.0,-0.4082,-0.0058,0.0214,0.0048,ok,2026-09-03T14:55:29+00:00
lac-du-der,2025-05-23,1,S2A_31UFP_20250523_1_L2A,1.0,0.1417,0.8583,0.0309,-0.0117,otsu,0.431,0.0314,6126.8,3262.4,0.6204,265.0,3402.8,3535.6,-0.38,-0.0328,0.0148,0.0097,ok,2026-09-03T14:55:29+00:00
lac-du-der,2025-05-29,1,S2B_31UFP_20250529_0_L2A,1.0,0.0422,0.9578,0.0407,-0.168,otsu,0.723,0.0451,6126.8,3520.1,0.5998,492.9,3686.9,3896.2,-0.2135,0.0278,0.0513,0.0047,ok,2026-09-03T14:55:29+00:00
lac-du-der,2025-05-31,1,S2C_31UFP_20250531_0_L2A,1.0,0.8591,0.1409,0.0926,0.043,otsu,0.946,0.0909,6126.8,421.2,0.4878,307.6,517.4,743.3,-0.1837,0.0409,0.0609,0.0,nublado,2026-09-03T14:55:29+00:00
lac-du-der,2025-06-08,1,S2B_31UFP_20250608_0_L2A,1.0,0.7241,0.2759,0.0928,0.1211,otsu,0.742,0.0933,6126.8,1352.2,0.7999,92.8,1359.7,1473.1,-0.1454,0.0184,0.0423,0.0001,nublado,2026-09-03T14:55:29+00:00
lac-du-der,2025-06-12,1,S2A_31UFP_20250612_1_L2A,1.0,1.0,0.0,,0.0,fijo,,,6126.8,0.0,0.0,0.0,0.0,0.0,,,,,nublado,2026-09-03T14:55:29+00:00
lac-du-der,2025-06-13,1,S2C_31UFP_20250613_0_L2A,1.0,0.0002,0.9998,0.0371,-0.043,otsu,0.513,0.0394,6126.8,3616.7,0.5904,388.5,3769.3,3932.2,-0.3438,0.036,0.065,0.0099,ok,2026-09-03T14:55:29+00:00
lac-du-der,2025-06-18,1,S2B_31UFP_20250618_0_L2A,1.0,0.0194,0.9806,0.0302,0.0664,otsu,0.308,0.0307,6126.8,3626.6,0.6037,238.4,3746.7,3875.0,-0.4364,-0.064,0.0259,0.0145,ok,2026-09-03T14:55:29+00:00
lac-du-der,2025-06-22,1,S2A_31UFP_20250622_1_L2A,1.0,0.0025,0.9975,0.0249,-0.0586,otsu,0.613,0.0249,6126.8,2307.5,0.3776,1649.8,3732.8,3908.8,-0.3555,0.0206,0.0645,0.0113,ok,2026-09-03T14:55:29+00:00
lac-du-der,2025-06-25,2,S2A_31UFP_20250625_2_L2A;S2B_31UFP_20250625_1_L2A,1.0,0.9289,0.0711,0.0592,-0.1133,otsu,0.696,0.0573,6126.8,160.7,0.3688,80.6,211.8,259.8,-0.2159,-0.0021,0.092,0.0037,nublado,2026-09-03T14:55:29+00:00
lac-du-der,2025-06-28,1,S2B_31UFP_20250628_0_L2A,1.0,0.0126,0.9874,0.0309,0.0664,otsu,0.26,0.0309,6126.8,3671.8,0.607,220.5,3782.9,3913.5,-0.4179,-0.0397,0.0195,0.0111,ok,2026-09-03T14:55:29+00:00
lac-du-der,2025-06-30,1,S2C_31UFP_20250630_0_L2A,1.0,0.0003,0.9997,0.0257,0.0352,otsu,0.421,0.0252,6126.8,3635.0,0.5935,307.6,3791.0,3920.5,-0.4327,-0.0311,0.0172,0.0077,ok,2026-09-03T14:55:42+00:00
lac-du-der,2025-07-02,1,S2A_31UFP_20250702_1_L2A,1.0,0.0009,0.9991,0.0335,-0.0039,otsu,0.577,0.0332,6126.8,3535.0,0.5775,419.0,3721.0,3916.0,-0.3219,0.0168,0.0369,0.0024,ok,2026-09-03T14:55:42+00:00
lac-du-der,2025-07-03,1,S2C_31UFP_20250703_0_L2A,1.0,0.1749,0.8251,0.0573,-0.207,otsu,0.902,0.0662,6126.8,2936.3,0.5808,393.0,2850.0,3189.0,-0.0894,0.0325,0.0466,0.0003,ok,2026-09-03T14:55:42+00:00
lac-du-der,2025-07-05,2,S2A_31UFP_20250705_1_L2A;S2B_31UFP_20250705_0_L2A,1.0,0.5068,0.4932,0.045,-0.0195,otsu,0.838,0.0437,6126.8,906.9,0.3001,1422.4,1732.4,2310.7,-0.2518,0.0233,0.0503,0.0019,nublado,2026-09-03T14:55:42+00:00
lac-du-der,2025-07-08,1,S2B_31UFP_20250708_0_L2A,1.0,0.3256,0.6744,0.0794,-0.0664,otsu,0.735,0.083,6126.8,2746.2,0.6646,235.4,2727.3,2937.7,-0.1166,0.0188,0.0379,0.0005,nublado,2026-09-03T14:55:42+00:00
lac-du-der,2025-07-10,1,S2C_31UFP_20250710_0_L2A,1.0,0.0002,0.9998,0.027,-0.0039,otsu,0.502,0.0264,6126.8,3550.4,0.5796,404.8,3748.1,3908.7,-0.3657,-0.0196,0.0108,0.0032,ok,2026-09-03T14:55:42+00:00
lac-du-der,2025-07-12,1,S2A_31UFP_20250712_1_L2A,1.0,0.3981,0.6019,0.0327,-0.0039,otsu,0.604,0.0315,6126.8,2293.2,0.6218,379.7,2515.6,2662.9,-0.3005,0.019,0.0538,0.0037,nublado,2026-09-03T14:55:42+00:00
lac-du-der,2025-07-13,1,S2C_31UFP_20250713_0_L2A,1.0,0.0002,0.9998,0.0259,-0.0898,otsu,0.534,0.0257,6126.8,3575.1,0.5836,441.0,3736.7,3903.3,-0.2787,0.0022,0.0344,0.0044,ok,2026-09-03T14:55:42+00:00
lac-du-der,2025-07-18,1,S2B_31UFP_20250718_0_L2A,1.0,0.0012,0.9988,0.0256,0.0586,otsu,0.354,0.0249,6126.8,3636.0,0.5942,267.7,3749.7,3896.1,-0.3851,-0.028,0.0148,0.0046,ok,2026-09-03T14:55:42+00:00
lac-du-der,2025-07-25,2,S2A_31UFP_20250725_1_L2A;S2B_31UFP_20250725_0_L2A,1.0,0.0462,0.9538,0.0341,0.1445,otsu,0.352,0.0337,6126.8,3499.1,0.5988,180.2,3589.7,3746.7,-0.3628,-0.0501,0.0,0.0042,ok,2026-09-03T14:55:42+00:00
lac-du-der,2025-08-07,1,S2B_31UFP_20250807_0_L2A,1.0,0.0002,0.9998,0.0236,0.0898,otsu,0.328,0.0232,6126.8,3605.4,0.5886,235.1,3714.9,3876.8,-0.4054,-0.055,0.0,0.0049,ok,2026-09-03T14:55:42+00:00
lac-du-der,2025-08-11,1,S2A_31UFP_20250811_1_L2A,1.0,0.0004,0.9996,0.0262,0.0898,otsu,0.403,0.0258,6126.8,3583.1,0.585,244.2,3698.6,3871.2,-0.3718,-0.0023,0.0333,0.0051,ok,2026-09-03T14:55:42+00:00
lac-du-der,2025-08-12,1,S2C_31UFP_20250812_0_L2A,1.0,0.0003,0.9997,0.0315,-0.1289,otsu,0.824,0.0315,6126.8,1989.2,0.3248,1949.1,3414.2,3868.0,-0.2469,0.0272,0.0429,0.001,ok,2026-09-03T14:55:54+00:00
lac-du-der,2025-08-14,2,S2A_31UFP_20250814_1_L2A;S2B_31UFP_20250814_0_L2A,1.0,0.118,0.882,0.0439,-0.0039,otsu,0.657,0.0437,6126.8,3194.4,0.5911,340.4,3383.8,3540.4,-0.279,0.0244,0.0444,0.0008,ok,2026-09-03T14:55:54+00:00
lac-du-der,2025-08-17,1,S2B_31UFP_20250817_0_L2A,1.0,0.0003,0.9997,0.039,0.0039,otsu,0.467,0.0398,6126.8,3631.3,0.5929,233.2,3708.2,3861.5,-0.301,0.0015,0.0297,0.0042,ok,2026-09-03T14:55:54+00:00
lac-du-der,2025-08-19,2,S2C_31UFP_20250819_0_L2A;S2C_31UFP_20250819_1_L2A,1.0,0.014,0.986,0.0358,-0.1133,otsu,1.067,0.0365,6126.8,828.7,0.1372,3006.9,1276.2,3842.4,-0.1813,0.0724,0.1029,0.0111,incoherente,2026-09-03T14:55:54+00:00
lac-du-der,2025-08-22,1,S2C_31UFP_20250822_0_L2A,1.0,0.8766,0.1234,0.1307,0.0,fijo,1.189,0.1271,6126.8,56.2,0.0743,28.4,130.4,555.2,-0.1435,-0.0085,0.0237,0.0,nublado,2026-09-03T14:55:54+00:00
lac-du-der,2025-08-24,1,S2A_31UFP_20250824_0_L2A,1.0,0.259,0.741,0.0409,0.1914,otsu,0.358,0.0395,6126.8,2931.4,0.6457,59.5,3060.3,3326.4,-0.3112,-0.0216,0.0474,0.0043,nublado,2026-09-03T14:55:54+00:00
lac-du-der,2025-09-03,2,S2A_31UFP_20250903_2_L2A;S2B_31UFP_20250903_0_L2A,1.0,0.6619,0.3381,0.0877,-0.0742,otsu,0.953,0.0969,6126.8,835.9,0.4036,204.1,812.4,1229.0,-0.1649,0.0136,0.0695,0.0033,nublado,2026-09-03T14:55:54+00:00
lac-du-der,2025-09-10,1,S2A_31UFP_20250910_1_L2A,1.0,0.033,0.967,0.026,0.1133,otsu,0.256,0.0257,6126.8,3327.4,0.5616,65.4,3399.5,3623.1,-0.408,-0.0407,0.0729,0.0198,ok,2026-09-03T14:55:54+00:00
lac-du-der,2025-09-16,1,S2B_31UFP_20250916_0_L2A,1.0,0.2928,0.7072,0.0607,0.1055,otsu,0.286,0.0685,6126.8,2440.2,0.5632,72.7,2559.4,2836.4,-0.3156,-0.0575,0.0298,0.0049,nublado,2026-09-03T14:55:54+00:00
lac-du-der,2025-09-18,1,S2C_31UFP_20250918_0_L2A,1.0,0.0036,0.9964,0.0325,0.1055,otsu,0.18,0.0362,6126.8,3281.6,0.5375,55.0,3343.0,3567.7,-0.4573,-0.1357,0.0697,0.0197,ok,2026-09-03T14:55:54+00:00
lac-du-der,2025-09-28,1,S2C_31UFP_20250928_0_L2A,1.0,0.6001,0.3999,0.0245,0.082,otsu,0.244,0.0249,6126.8,1463.8,0.5974,40.4,1492.0,1611.4,-0.4643,-0.1181,0.0149,0.0034,nublado,2026-09-03T14:55:54+00:00
lac-du-der,2025-09-30,1,S2A_31UFP_20250930_1_L2A,1.0,0.0742,0.9258,0.0563,0.1602,otsu,0.398,0.0565,6126.8,2843.9,0.5014,52.2,3058.2,3743.4,-0.2788,-0.0123,0.0429,0.0007,ok,2026-09-03T14:55:54+00:00
lac-du-der,2025-10-01,1,S2C_31UFP_20251001_0_L2A,1.0,0.0266,0.9734,0.0349,0.1289,otsu,0.279,0.0363,6126.8,3260.9,0.5468,38.1,3302.6,3502.2,-0.3764,-0.0649,0.0187,0.0071,ok,2026-09-03T14:56:06+00:00
lac-du-der,2025-10-08,1,S2C_31UFP_20251008_0_L2A,1.0,0.9997,0.0003,0.1936,0.0,fijo,,,6126.8,0.0,0.0,0.0,0.3,1559.7,,,,,nublado,2026-09-03T14:56:06+00:00
lac-du-der,2025-10-11,1,S2C_31UFP_20251011_0_L2A,1.0,0.0033,0.9967,0.0249,0.0742,otsu,0.189,0.0255,6126.8,2980.0,0.488,59.3,3021.8,3340.2,-0.4588,-0.1039,0.082,0.0368,ok,2026-09-03T14:56:06+00:00
lac-du-der,2025-10-13,2,S2A_31UFP_20251013_0_L2A;S2B_31UFP_20251013_1_L2A,1.0,0.0089,0.9911,0.0267,0.168,otsu,0.075,0.0268,6126.8,2771.2,0.4564,53.6,2873.0,3255.7,-0.5058,-0.0889,0.119,0.0535,ok,2026-09-03T14:56:06+00:00
lac-du-der,2025-10-18,1,S2C_31UFP_20251018_0_L2A,1.0,0.0416,0.9584,0.0182,0.043,otsu,0.192,0.0173,6126.8,2232.8,0.3803,157.6,2368.2,2719.5,-0.519,-0.0891,0.1571,0.0771,ok,2026-09-03T14:56:06+00:00
lac-du-der,2025-10-30,1,S2A_31UFP_20251030_1_L2A,1.0,0.4672,0.5328,0.0336,0.1836,otsu,0.385,0.0324,6126.8,1485.1,0.4549,90.5,1575.6,2660.7,-0.4135,-0.0885,0.0732,0.0313,nublado,2026-09-03T14:56:06+00:00
lac-du-der,2025-11-05,1,S2B_31UFP_20251105_0_L2A,1.0,0.074,0.926,0.0239,0.0977,otsu,0.102,0.0253,6126.8,2011.2,0.3545,78.1,2127.6,2718.8,-0.522,-0.0706,0.1769,0.0871,ok,2026-09-03T14:56:06+00:00
lac-du-der,2025-11-07,1,S2C_31UFP_20251107_0_L2A,1.0,0.6529,0.3471,0.0254,0.0586,otsu,0.161,0.0281,6126.8,833.9,0.3921,21.4,856.5,1056.2,-0.4454,-0.0797,0.0843,0.0435,nublado,2026-09-03T14:56:06+00:00
lac-du-der,2025-11-22,1,S2B_31UFP_20251122_0_L2A,1.0,0.9945,0.0055,0.181,0.168,otsu,1.082,0.1797,6126.8,10.0,0.2955,4.2,7.2,171.3,-0.0564,0.0086,0.0303,0.0,nublado,2026-09-03T14:56:06+00:00
lac-du-der,2025-11-27,1,S2C_31UFP_20251127_0_L2A,1.0,0.8155,0.1845,0.1159,-0.082,otsu,1.466,0.1129,6126.8,21.7,0.0192,230.9,1.6,320.6,-0.0581,0.0503,0.0674,0.0,nublado,2026-09-03T14:56:06+00:00
lac-du-der,2025-12-15,1,S2B_31UFP_20251215_0_L2A,1.0,0.8319,0.1681,0.0507,0.0977,otsu,0.478,0.0686,6126.8,303.2,0.2943,0.8,306.0,544.0,-0.3078,-0.0381,0.0734,0.0032,nublado,2026-09-03T14:56:06+00:00
lac-du-der,2025-12-25,1,S2B_31UFP_20251225_0_L2A,1.0,0.0139,0.9861,0.0596,0.1914,otsu,0.202,0.067,6126.8,2423.6,0.4012,55.1,2453.8,3505.4,-0.2886,-0.0655,0.0186,0.0001,ok,2026-09-03T14:56:06+00:00
lac-du-der,2025-12-27,1,S2C_31UFP_20251227_0_L2A,1.0,0.018,0.982,0.045,0.168,otsu,0.159,0.0519,6126.8,2502.8,0.416,18.6,2499.8,3713.1,-0.3714,-0.1167,0.0056,0.0002,ok,2026-09-03T14:56:16+00:00
lac-du-der,2025-12-29,1,S2A_31UFP_20251229_1_L2A,1.0,0.0366,0.9634,0.0419,0.2383,otsu,0.09,0.0478,6126.8,2513.8,0.4259,4.8,2528.1,3666.4,-0.4063,-0.1365,-0.0044,0.0002,ok,2026-09-03T14:56:16+00:00
lac-du-der,2025-12-30,1,S2C_31UFP_20251230_0_L2A,1.0,0.0729,0.9271,0.0415,0.1055,otsu,0.17,0.0475,6126.8,2541.2,0.4474,9.1,2535.5,3538.6,-0.3752,-0.1218,-0.0106,0.0007,ok,2026-09-03T14:56:16+00:00
lac-du-der,2026-01-19,1,S2C_31UFP_20260119_0_L2A,1.0,0.8981,0.1019,0.0894,0.043,otsu,1.031,0.0929,6126.8,261.1,0.4184,25.6,239.1,412.9,-0.1482,0.0175,0.06,0.0,nublado,2026-09-03T14:56:16+00:00
lac-du-der,2026-02-08,1,S2C_31UFP_20260208_0_L2A,1.0,0.0013,0.9987,0.0218,0.0664,otsu,0.115,0.0228,6126.8,3596.9,0.5878,16.8,3624.6,3861.8,-0.4983,-0.1166,-0.0131,0.0049,ok,2026-09-03T14:56:16+00:00
lac-du-der,2026-03-02,1,S2B_31UFP_20260302_0_L2A,1.0,0.3405,0.6595,0.0306,0.1367,otsu,0.167,0.0298,6126.8,2300.2,0.5692,6.0,2337.8,2459.4,-0.4333,-0.0663,0.0,0.0042,nublado,2026-09-03T14:56:16+00:00
lac-du-der,2026-03-05,1,S2B_31UFP_20260305_0_L2A,1.0,0.0002,0.9998,0.0378,-0.1445,otsu,0.848,0.0369,6126.8,2986.2,0.4875,979.0,3722.0,4108.2,-0.2144,0.0345,0.0539,0.0012,ok,2026-09-03T14:56:16+00:00
lac-du-der,2026-03-07,1,S2C_31UFP_20260307_0_L2A,1.0,0.0025,0.9975,0.0367,-0.1914,otsu,1.068,0.0352,6126.8,421.3,0.0689,3577.0,885.0,4149.4,-0.1738,0.043,0.0832,0.0027,incoherente,2026-09-03T14:56:16+00:00
lac-du-der,2026-03-09,1,S2A_31UFP_20260309_1_L2A,1.0,1.0,0.0,,0.0,fijo,,,6126.8,0.0,0.0,0.0,0.0,0.0,,,,,nublado,2026-09-03T14:56:16+00:00
lac-du-der,2026-03-12,2,S2A_31UFP_20260312_1_L2A;S2B_31UFP_20260312_0_L2A,1.0,0.0885,0.9115,0.0366,0.1289,otsu,0.418,0.032,6126.8,2624.4,0.4699,105.6,3328.6,3934.2,-0.4174,-0.0627,0.0153,0.0065,ok,2026-09-03T14:56:16+00:00
lac-du-der,2026-03-15,1,S2B_31UFP_20260315_0_L2A,1.0,0.0086,0.9914,0.0309,0.1758,otsu,0.166,0.0289,6126.8,3848.7,0.6336,32.4,3928.5,4119.6,-0.5032,-0.0992,-0.0247,0.0083,ok,2026-09-03T14:56:16+00:00
lac-du-der,2026-03-17,1,S2C_31UFP_20260317_0_L2A,1.0,0.9308,0.0692,0.014,-0.207,otsu,0.873,0.0128,6126.8,51.6,0.1216,257.3,246.1,337.8,-0.2768,0.0488,0.147,0.0333,nublado,2026-09-03T14:56:16+00:00
lac-du-der,2026-03-19,1,S2A_31UFP_20260319_1_L2A,1.0,0.0002,0.9998,0.0304,0.1445,otsu,0.292,0.0288,6126.8,3878.6,0.6332,34.8,3957.5,4138.8,-0.4273,-0.0522,-0.0116,0.006,ok,2026-09-03T14:56:28+00:00
lac-du-der,2026-03-20,1,S2C_31UFP_20260320_0_L2A,1.0,0.0001,0.9999,0.0308,0.0977,otsu,0.35,0.0301,6126.8,3883.0,0.6339,64.8,3954.8,4135.9,-0.4182,-0.0554,-0.0213,0.0056,ok,2026-09-03T14:56:28+00:00
lac-du-der,2026-03-22,2,S2A_31UFP_20260322_1_L2A;S2B_31UFP_20260322_0_L2A,1.0,0.1376,0.8624,0.0443,0.1758,otsu,0.335,0.0434,6126.8,3696.0,0.6995,53.6,3776.0,3980.6,-0.3952,-0.0406,0.0034,0.0052,ok,2026-09-03T14:56:28+00:00
lac-du-der,2026-03-27,1,S2C_31UFP_20260327_0_L2A,1.0,0.163,0.837,0.0311,0.0977,otsu,0.254,0.0288,6126.8,3566.2,0.6954,86.3,3677.7,3819.8,-0.515,-0.1068,-0.0341,0.007,ok,2026-09-03T14:56:28+00:00
lac-du-der,2026-04-06,1,S2C_31UFP_20260406_0_L2A,1.0,0.8457,0.1543,0.0326,-0.0898,otsu,0.849,0.0317,6126.8,56.8,0.06,645.5,651.0,724.3,-0.3131,0.043,0.1168,0.0035,nublado,2026-09-03T14:56:28+00:00
lac-du-der,2026-04-08,1,S2A_31UFP_20260408_1_L2A,1.0,0.0001,0.9999,0.0197,0.1758,otsu,0.263,0.0182,6126.8,3061.8,0.4998,838.6,3958.0,4067.8,-0.634,-0.0863,0.0108,0.0162,ok,2026-09-03T14:56:28+00:00
lac-du-der,2026-04-09,1,S2C_31UFP_20260409_0_L2A,1.0,0.8226,0.1774,0.0337,-0.0898,otsu,0.742,0.0323,6126.8,85.1,0.0783,480.0,524.5,561.2,-0.313,0.0246,0.131,0.0164,nublado,2026-09-03T14:56:28+00:00
lac-du-der,2026-04-14,1,S2B_31UFP_20260414_0_L2A,1.0,0.004,0.996,0.0307,0.168,otsu,0.341,0.0293,6126.8,3741.8,0.6132,189.8,3939.4,4037.1,-0.4911,-0.0022,0.0414,0.0116,ok,2026-09-03T14:56:28+00:00
lac-du-der,2026-04-18,1,S2A_31UFP_20260418_1_L2A,1.0,0.6018,0.3982,0.0476,-0.0898,otsu,1.016,0.0463,6126.8,282.7,0.1159,1383.5,805.1,1752.2,-0.1941,0.0897,0.1371,0.0106,nublado,2026-09-03T14:56:28+00:00
lac-du-der,2026-04-19,1,S2C_31UFP_20260419_0_L2A,1.0,0.7626,0.2374,0.0537,-0.082,otsu,0.836,0.0549,6126.8,780.2,0.5365,255.3,919.0,1027.4,-0.1956,0.0312,0.045,0.0031,nublado,2026-09-03T14:56:28+00:00
lac-du-der,2026-04-21,2,S2A_31UFP_20260421_1_L2A;S2B_31UFP_20260421_0_L2A,1.0,0.5809,0.4191,0.0464,0.1211,otsu,0.421,0.0452,6126.8,1956.1,0.7618,69.9,1998.8,2067.8,-0.3393,-0.0297,0.0042,0.0059,nublado,2026-09-03T14:56:39+00:00
lac-du-der,2026-04-24,1,S2B_31UFP_20260424_0_L2A,1.0,0.0018,0.9982,0.0237,0.1758,otsu,0.322,0.0234,6126.8,2399.7,0.3924,1523.8,3921.5,4000.7,-0.5587,-0.0666,0.0,0.0142,ok,2026-09-03T14:56:28+00:00
lac-du-der,2026-04-26,1,S2C_31UFP_20260426_0_L2A,1.0,0.0014,0.9986,0.0208,0.0977,otsu,0.48,0.0203,6126.8,457.6,0.0748,3491.6,3875.9,3992.7,-0.5222,-0.034,0.1391,0.0499,incoherente,2026-09-03T14:56:28+00:00
lac-du-der,2026-04-28,1,S2A_31UFP_20260428_1_L2A,1.0,0.0003,0.9997,0.0243,0.1445,otsu,0.441,0.0241,6126.8,2688.5,0.4389,1229.2,3905.6,3990.8,-0.5033,0.0149,0.0526,0.0104,ok,2026-09-03T14:56:39+00:00
lac-du-der,2026-05-01,2,S2A_31UFP_20260501_1_L2A;S2B_31UFP_20260501_0_L2A,1.0,0.0,1.0,0.0001,0.0,fijo,1.0,0.0001,6126.8,2.6,0.0004,1.2,2.8,3996.7,-0.6258,0.2319,0.9361,0.3125,espectro_anomalo,2026-09-03T14:56:39+00:00
lac-du-der,2026-05-08,1,S2A_31UFP_20260508_1_L2A,1.0,0.1751,0.8249,0.0297,0.1758,otsu,0.358,0.0291,6126.8,3544.9,0.7014,144.0,3686.2,3844.6,-0.4575,-0.019,0.0204,0.0046,ok,2026-09-03T14:56:39+00:00
lac-du-der,2026-05-09,1,S2C_31UFP_20260509_0_L2A,1.0,0.0001,0.9999,0.0228,-0.0273,otsu,0.526,0.023,6126.8,2960.1,0.4832,1036.6,3866.2,3949.2,-0.3786,0.0143,0.0496,0.0106,ok,2026-09-03T14:56:39+00:00
lac-du-der,2026-05-24,1,S2B_31UFP_20260524_0_L2A,1.0,0.0697,0.9303,0.043,-0.1602,otsu,0.947,0.0457,6126.8,1802.2,0.3162,2007.2,2424.4,3635.1,-0.1555,0.0477,0.0608,0.0007,ok,2026-09-03T14:56:39+00:00
lac-du-der,2026-05-26,1,S2C_31UFP_20260526_0_L2A,1.0,0.0003,0.9997,0.0165,-0.0273,otsu,0.431,0.0156,6126.8,976.3,0.1594,2944.9,3784.6,3899.2,-0.5983,-0.2031,0.0441,0.0382,ok,2026-09-03T14:56:39+00:00
lac-du-der,2026-05-28,1,S2A_31UFP_20260528_1_L2A,1.0,0.0006,0.9994,0.0197,0.043,otsu,0.345,0.0193,6126.8,2565.1,0.4189,1297.6,3811.0,3904.7,-0.565,-0.0703,0.0532,0.0299,ok,2026-09-03T14:56:39+00:00
lac-du-der,2026-05-29,1,S2C_31UFP_20260529_0_L2A,1.0,0.0036,0.9964,0.0244,-0.1914,otsu,0.988,0.0247,6126.8,318.6,0.0522,3744.7,2289.3,3892.0,-0.1945,0.023,0.0561,0.0089,incoherente,2026-09-03T14:56:39+00:00
lac-du-der,2026-06-07,1,S2A_31UFP_20260607_1_L2A,1.0,0.9796,0.0204,0.0749,-0.0195,otsu,0.303,0.0673,6126.8,43.8,0.3494,4.6,44.4,47.0,-0.1945,-0.0448,0.0184,0.0037,nublado,2026-09-03T14:56:39+00:00
lac-du-der,2026-06-13,1,S2B_31UFP_20260613_1_L2A,1.0,0.0002,0.9998,0.038,-0.207,otsu,0.648,0.0437,6126.8,3711.6,0.6059,361.2,3767.0,3884.5,-0.158,0.0124,0.0356,0.0129,ok,2026-09-03T14:56:39+00:00
lac-du-der,2026-06-15,1,S2C_31UFP_20260615_0_L2A,1.0,0.254,0.746,0.0242,-0.1289,otsu,0.653,0.0228,6126.8,1382.4,0.3024,1507.1,2613.5,2828.8,-0.3299,-0.0268,0.0359,0.0082,nublado,2026-09-03T14:56:51+00:00
lac-du-der,2026-06-17,1,S2A_31UFP_20260617_1_L2A,1.0,0.0005,0.9995,0.0121,0.0898,otsu,0.01,0.011,6126.8,3441.7,0.562,349.7,3780.4,3877.3,-0.7644,-0.2514,0.0462,0.0372,ok,2026-09-03T14:56:39+00:00
lac-du-der,2026-06-18,1,S2C_31UFP_20260618_0_L2A,1.0,0.0004,0.9996,0.0172,-0.0195,otsu,0.209,0.0172,6126.8,3547.0,0.5792,378.9,3768.7,3880.7,-0.5813,-0.2762,0.0091,0.0212,ok,2026-09-03T14:56:51+00:00
lac-du-der,2026-06-20,2,S2A_31UFP_20260620_1_L2A;S2B_31UFP_20260620_0_L2A,1.0,0.0007,0.9993,0.0304,0.082,otsu,0.28,0.0302,6126.8,3608.6,0.5894,281.8,3756.3,3884.1,-0.4815,-0.0261,0.0311,0.017,ok,2026-09-03T14:56:51+00:00
lac-du-der,2026-06-25,1,S2C_31UFP_20260625_0_L2A,1.0,0.9908,0.0092,0.0328,-0.3086,otsu,,,6126.8,0.0,0.0,10.3,0.2,3.1,,,,,nublado,2026-09-03T14:56:51+00:00
lac-du-der,2026-06-27,1,S2A_31UFP_20260627_1_L2A,1.0,0.1402,0.8598,0.0426,-0.0352,otsu,0.65,0.0426,6126.8,3037.2,0.5766,432.1,3202.8,3392.6,-0.2687,0.025,0.0443,0.0009,ok,2026-09-03T14:56:51+00:00
lac-du-der,2026-06-30,1,S2A_31UFP_20260630_1_L2A,1.0,0.1994,0.8006,0.0722,-0.1367,otsu,0.726,0.0754,6126.8,3097.0,0.6314,273.7,3101.2,3269.0,-0.1271,0.034,0.0468,0.0013,ok,2026-09-03T14:56:51+00:00
lac-du-der,2026-07-05,1,S2C_31UFP_20260705_0_L2A,1.0,0.212,0.788,0.0385,-0.0742,otsu,0.56,0.0374,6126.8,2590.5,0.5366,469.5,2728.6,3057.3,-0.2872,-0.0024,0.0263,0.0021,nublado,2026-09-03T14:56:51+00:00
lac-du-der,2026-07-08,1,S2C_31UFP_20260708_0_L2A,1.0,0.0006,0.9994,0.0351,-0.0195,otsu,0.372,0.0354,6126.8,3597.8,0.5876,366.2,3671.7,3856.2,-0.3511,-0.0172,0.0232,0.0036,ok,2026-09-03T14:56:51+00:00
lac-du-der,2026-07-10,2,S2A_31UFP_20260710_1_L2A;S2B_31UFP_20260710_0_L2A,1.0,0.0363,0.9637,0.0342,0.1133,otsu,0.274,0.034,6126.8,3487.7,0.5907,295.8,3591.0,3754.6,-0.4619,-0.0534,-0.0127,0.0045,ok,2026-09-03T14:56:51+00:00
lac-du-der,2026-07-18,1,S2C_31UFP_20260718_0_L2A,1.0,0.0002,0.9998,0.0345,-0.0664,otsu,0.504,0.0364,6126.8,3610.4,0.5894,357.5,3670.2,3857.7,-0.2811,-0.0088,0.029,0.0031,ok,2026-09-03T14:56:51+00:00
lac-du-der,2026-07-20,2,S2A_31UFP_20260720_0_L2A;S2B_31UFP_20260720_1_L2A,1.0,0.0003,0.9997,0.0377,0.0195,otsu,0.626,0.0373,6126.8,3561.6,0.5815,360.4,3635.6,3859.2,-0.2617,0.0149,0.0353,0.0018,ok,2026-09-03T14:57:01+00:00
lac-du-der,2026-07-23,1,S2B_31UFP_20260723_0_L2A,1.0,0.0003,0.9997,0.0513,-0.1289,otsu,0.796,0.0536,6126.8,3639.4,0.5942,367.7,3648.5,3862.6,-0.128,0.0278,0.0419,0.0013,ok,2026-09-03T14:56:51+00:00
lac-du-der,2026-07-25,1,S2C_31UFP_20260725_0_L2A,1.0,0.0006,0.9994,0.0237,-0.0117,otsu,0.761,0.0229,6126.8,2320.6,0.379,1577.4,3522.1,3891.2,-0.2408,-0.0013,0.063,0.0107,ok,2026-09-03T14:56:51+00:00
lac-du-der,2026-07-28,1,S2C_31UFP_20260728_0_L2A,1.0,0.0003,0.9997,0.0261,-0.0273,otsu,0.447,0.0254,6126.8,3593.4,0.5867,291.7,3658.0,3847.2,-0.2929,-0.0296,0.0127,0.0048,ok,2026-09-03T14:57:01+00:00
lac-du-der,2026-08-02,1,S2B_31UFP_20260802_0_L2A,1.0,0.0003,0.9997,0.0358,0.0898,otsu,0.382,0.0356,6126.8,3605.5,0.5886,214.4,3668.5,3849.5,-0.3123,-0.0061,0.0267,0.0042,ok,2026-09-03T14:57:01+00:00
lac-du-der,2026-08-04,1,S2C_31UFP_20260804_0_L2A,1.0,0.7295,0.2705,0.0453,-0.0039,otsu,0.692,0.0417,6126.8,843.1,0.5088,235.3,1100.4,1346.1,-0.2332,0.0039,0.0665,0.0033,nublado,2026-09-03T14:57:01+00:00
lac-du-der,2026-08-06,1,S2A_31UFP_20260806_1_L2A,1.0,0.9736,0.0264,0.0622,0.0352,otsu,0.91,0.0626,6126.8,47.0,0.2899,41.4,93.6,150.8,-0.2187,-0.0177,0.0367,0.0,nublado,2026-09-03T14:57:01+00:00
lac-du-der,2026-08-07,1,S2C_31UFP_20260807_0_L2A,1.0,0.0004,0.9996,0.0276,-0.0195,otsu,0.414,0.027,6126.8,3586.0,0.5855,239.2,3638.6,3826.3,-0.3292,-0.05,-0.0032,0.0038,ok,2026-09-03T14:57:01+00:00
lac-du-der,2026-08-12,1,S2B_31UFP_20260812_0_L2A,1.0,0.0004,0.9996,0.0339,0.0898,otsu,0.375,0.0335,6126.8,3585.8,0.5855,147.1,3642.4,3812.4,-0.336,-0.0174,0.0212,0.0045,ok,2026-09-03T14:57:01+00:00
lac-du-der,2026-08-14,1,S2C_31UFP_20260814_0_L2A,1.0,0.0011,0.9989,0.0371,0.0039,otsu,0.487,0.0364,6126.8,3577.0,0.5845,168.5,3614.6,3804.3,-0.2958,-0.0115,0.018,0.0036,ok,2026-09-03T14:57:01+00:00
lac-du-der,2026-08-16,1,S2A_31UFP_20260816_1_L2A,1.0,0.0016,0.9984,0.0376,0.0898,otsu,0.372,0.0376,6126.8,3607.2,0.5897,84.6,3647.7,3809.6,-0.3256,0.0276,0.0657,0.01,ok,2026-09-03T14:57:01+00:00
lac-du-der,2026-08-19,2,S2A_31UFP_20260819_1_L2A;S2B_31UFP_20260819_0_L2A,1.0,0.4074,0.5926,0.045,0.0352,otsu,0.337,0.0449,6126.8,1668.9,0.4597,164.9,1790.1,2040.9,-0.2782,-0.0279,0.0353,0.0013,nublado,2026-09-03T14:57:01+00:00
lac-du-der,2026-08-22,1,S2B_31UFP_20260822_0_L2A,1.0,0.3443,0.6557,0.0502,0.1367,otsu,0.256,0.0493,6126.8,2260.5,0.5627,83.7,2369.4,2596.1,-0.3022,-0.0404,0.0162,0.0017,nublado,2026-09-03T14:21:50+00:00
lac-du-der,2026-08-26,1,S2A_31UFP_20260826_1_L2A,1.0,0.0046,0.9954,0.0229,0.0586,otsu,0.303,0.021,6126.8,3500.5,0.574,75.0,3549.2,3717.8,-0.3111,-0.0096,0.0526,0.0075,ok,2026-09-03T14:21:50+00:00
lac-du-der,2026-09-01,1,S2B_31UFP_20260901_0_L2A,1.0,0.314,0.686,0.0448,0.1211,otsu,0.249,0.048,6126.8,2208.5,0.5255,76.8,2349.0,2625.2,-0.3293,-0.0405,0.0336,0.0022,nublado,2026-09-03T14:21:50+00:00
