site,date,n_scenes,scenes,coverage,cloud_frac,valid_frac,blue_median,mndwi_thr,thr_method,water_nir_green,water_blue,site_ha,water_ha,water_frac,wet_veg_ha,ndwi_water_ha,scl_water_ha,ndti_mean,ndci_mean,ndci_p90,bloom_frac,quality,processed_at
marais-poitevin,2017-07-16,1,S2B_30TXS_20170716_0_L2A,0.5165,0.0013,0.5158,0.0644,0.0,fijo,0.394,0.0626,60526.8,257.4,0.0082,78.0,268.7,51.7,-0.0841,0.06,0.1691,0.0516,parcial,2026-09-03T17:44:51+00:00
marais-poitevin,2017-08-02,1,S2B_30TXS_20170802_0_L2A,1.0,0.07,0.93,0.0622,0.0,fijo,0.267,0.0767,60526.8,312.6,0.0056,118.4,332.8,177.8,-0.1128,0.0687,0.1988,0.0992,ok,2026-09-03T17:44:51+00:00
marais-poitevin,2017-08-05,1,S2B_30TXS_20170805_0_L2A,0.5169,0.5173,0.2498,0.0599,0.0,fijo,1.309,0.0683,60526.8,30.4,0.002,75.0,36.3,37.3,-0.0845,0.0581,0.1243,0.0132,parcial,2026-09-03T17:44:51+00:00
marais-poitevin,2017-08-07,1,S2A_30TXS_20170807_0_L2A,1.0,0.4097,0.5903,0.0755,0.0,fijo,0.484,0.045,60526.8,75.6,0.0021,108.2,84.7,21.4,-0.1169,0.0986,0.216,0.1281,nublado,2026-09-03T17:44:51+00:00
marais-poitevin,2017-08-25,1,S2B_30TXS_20170825_0_L2A,0.5185,0.0058,0.5155,0.0867,0.0,fijo,0.609,0.0805,60526.8,210.5,0.0067,271.6,123.3,21.3,-0.0589,0.0899,0.1433,0.0179,parcial,2026-09-03T17:44:51+00:00
marais-poitevin,2017-10-04,1,S2B_30TXS_20171004_0_L2A,0.5727,0.0052,0.5698,0.0478,0.0,fijo,0.561,0.0772,60526.8,220.9,0.0064,158.1,142.2,95.4,-0.0668,0.0788,0.219,0.1235,parcial,2026-09-03T17:44:51+00:00
marais-poitevin,2017-10-11,1,S2B_30TXS_20171011_0_L2A,1.0,0.0008,0.9992,0.0488,0.0,fijo,0.557,0.0813,60526.8,344.6,0.0057,209.1,296.6,191.4,-0.0775,0.0682,0.1723,0.0608,ok,2026-09-03T17:44:51+00:00
marais-poitevin,2017-10-14,1,S2B_30TXS_20171014_0_L2A,0.5664,0.0017,0.5654,0.0567,0.0,fijo,0.36,0.0977,60526.8,348.7,0.0102,146.5,319.4,164.6,-0.0811,0.0546,0.1606,0.049,parcial,2026-09-03T17:44:51+00:00
marais-poitevin,2017-10-21,1,S2B_30TXS_20171021_0_L2A,1.0,0.2281,0.7719,0.0541,0.0,fijo,0.469,0.0869,60526.8,177.5,0.0038,131.4,108.1,63.2,-0.0581,0.062,0.1341,0.0311,nublado,2026-09-03T17:44:51+00:00
marais-poitevin,2017-10-31,1,S2B_30TXS_20171031_0_L2A,1.0,0.1477,0.8523,0.0495,0.0,fijo,0.638,0.0942,60526.8,274.0,0.0053,127.1,216.6,111.4,-0.0505,0.055,0.1516,0.0476,ok,2026-09-03T17:44:51+00:00
marais-poitevin,2017-11-13,1,S2B_30TXS_20171113_0_L2A,0.5617,0.0031,0.5599,0.0441,0.0,fijo,0.445,0.0916,60526.8,349.1,0.0103,107.1,319.8,214.4,-0.0771,0.0469,0.1759,0.0833,parcial,2026-09-03T17:44:51+00:00
marais-poitevin,2017-11-23,1,S2B_30TXS_20171123_0_L2A,0.5487,0.3086,0.3794,0.0682,0.0,fijo,0.914,0.0899,60526.8,143.3,0.0062,23.6,94.5,69.8,-0.0119,0.0782,0.188,0.0826,parcial,2026-09-03T17:44:51+00:00
marais-poitevin,2018-02-23,1,S2A_30TXS_20180223_0_L2A,1.0,0.0028,0.9972,0.0407,0.0,fijo,0.508,0.0507,60526.8,609.9,0.0101,967.2,583.7,568.0,-0.0975,0.0716,0.2786,0.1622,ok,2026-09-03T17:46:05+00:00
marais-poitevin,2018-03-20,2,S2B_30TXS_20180320_0_L2A;S2B_30TXS_20180320_1_L2A,1.0,0.008,0.992,0.0403,0.0,fijo,0.685,0.0504,60526.8,533.2,0.0089,962.2,440.3,349.1,-0.0539,0.0835,0.2134,0.1187,ok,2026-09-03T17:46:05+00:00
marais-poitevin,2018-03-30,2,S2B_30TXS_20180330_0_L2A;S2B_30TXS_20180330_1_L2A,1.0,0.4219,0.5781,0.0368,0.0,fijo,0.745,0.0536,60526.8,352.3,0.0101,726.8,249.4,221.6,-0.0259,0.091,0.2275,0.1611,nublado,2026-09-03T17:46:05+00:00
marais-poitevin,2018-04-17,1,S2A_30TXS_20180417_0_L2A,0.5277,0.003,0.5261,0.027,0.0,fijo,0.671,0.0809,60526.8,291.4,0.0092,425.4,212.5,112.8,-0.0427,0.0848,0.1834,0.0799,parcial,2026-09-03T17:46:05+00:00
marais-poitevin,2018-04-19,2,S2B_30TXS_20180419_0_L2A;S2B_30TXS_20180419_1_L2A,1.0,0.0024,0.9976,0.029,0.0,fijo,0.665,0.0764,60526.8,350.1,0.0058,389.8,265.0,171.4,-0.0517,0.0796,0.1774,0.0714,ok,2026-09-03T17:46:05+00:00
marais-poitevin,2018-04-22,1,S2B_30TXS_20180422_0_L2A,0.5369,0.2264,0.4153,0.0409,0.0,fijo,0.815,0.0923,60526.8,173.9,0.0069,155.8,135.9,0.3,-0.0754,0.0473,0.0845,0.0,parcial,2026-09-03T17:46:05+00:00
marais-poitevin,2018-04-24,1,S2A_30TXS_20180424_0_L2A,1.0,0.0619,0.9381,0.0361,0.0,fijo,0.314,0.072,60526.8,350.6,0.0062,257.9,339.4,195.8,-0.1291,0.0527,0.1622,0.0617,ok,2026-09-03T17:46:05+00:00
marais-poitevin,2018-04-27,1,S2A_30TXS_20180427_0_L2A,0.5262,0.7128,0.1511,0.0676,-0.2773,otsu,1.253,0.1368,60526.8,178.3,0.0195,4172.0,38.2,4.9,0.0397,0.0554,0.1006,0.0,parcial,2026-09-03T17:46:05+00:00
marais-poitevin,2018-05-04,1,S2A_30TXS_20180504_0_L2A,1.0,0.0035,0.9965,0.0302,0.0,fijo,0.485,0.0796,60526.8,276.9,0.0046,267.5,186.4,108.8,-0.0563,0.0638,0.1541,0.0296,ok,2026-09-03T17:46:05+00:00
marais-poitevin,2018-05-07,1,S2A_30TXS_20180507_0_L2A,0.5232,0.1021,0.4698,0.034,0.0,fijo,0.348,0.1139,60526.8,262.7,0.0092,256.6,240.5,128.0,-0.0717,0.0402,0.1493,0.0417,parcial,2026-09-03T17:46:05+00:00
marais-poitevin,2018-05-09,1,S2B_30TXS_20180509_0_L2A,1.0,0.4461,0.5539,0.068,-0.3242,otsu,1.328,0.1296,60526.8,462.8,0.0138,14452.4,101.0,12.1,0.0264,0.0529,0.0674,0.0095,nublado,2026-09-03T17:46:05+00:00
marais-poitevin,2018-05-19,1,S2B_30TXS_20180519_0_L2A,1.0,0.0061,0.9939,0.0289,0.0,fijo,0.305,0.0698,60526.8,275.6,0.0046,251.8,187.6,85.3,-0.0537,0.0691,0.1941,0.0936,ok,2026-09-03T17:46:05+00:00
marais-poitevin,2018-05-24,1,S2A_30TXS_20180524_0_L2A,1.0,0.057,0.943,0.0336,0.0,fijo,0.306,0.0672,60526.8,325.9,0.0057,207.5,324.7,175.7,-0.1253,0.0749,0.2886,0.1528,ok,2026-09-03T17:47:39+00:00
marais-poitevin,2018-05-27,1,S2A_30TXS_20180527_0_L2A,0.5362,0.2319,0.4119,0.0525,-0.3164,otsu,1.391,0.1191,60526.8,581.4,0.0233,9137.1,117.5,18.5,0.0474,0.0688,0.1038,0.0299,parcial,2026-09-03T17:47:39+00:00
marais-poitevin,2018-06-13,2,S2A_30TXS_20180613_0_L2A;S2A_30TXS_20180613_1_L2A,1.0,0.1737,0.8263,0.0507,-0.3242,otsu,0.735,0.097,60526.8,342.4,0.0068,15940.7,138.4,59.2,0.0144,0.0739,0.1242,0.0283,ok,2026-09-03T17:47:39+00:00
marais-poitevin,2018-06-16,2,S2A_30TXS_20180616_0_L2A;S2A_30TXS_20180616_1_L2A,0.5508,0.4385,0.3093,0.0625,-0.3164,otsu,1.256,0.115,60526.8,264.7,0.0141,7889.7,77.6,4.4,0.0307,0.0717,0.1272,0.0112,parcial,2026-09-03T17:47:39+00:00
marais-poitevin,2018-06-21,2,S2B_30TXS_20180621_0_L2A;S2B_30TXS_20180621_1_L2A,0.5408,0.0084,0.5362,0.0449,0.0,fijo,0.831,0.1102,60526.8,185.6,0.0057,86.7,163.3,0.1,-0.0761,0.1133,0.2513,0.2187,parcial,2026-09-03T17:47:39+00:00
marais-poitevin,2018-06-23,2,S2A_30TXS_20180623_0_L2A;S2A_30TXS_20180623_1_L2A,1.0,0.0121,0.9879,0.0403,0.0,fijo,0.283,0.0889,60526.8,321.4,0.0054,146.0,370.4,150.5,-0.0887,0.0541,0.1761,0.0685,ok,2026-09-03T17:47:39+00:00
marais-poitevin,2018-06-26,1,S2A_30TXS_20180626_1_L2A,0.5442,0.0068,0.5405,0.0581,0.0,fijo,0.786,0.0929,60526.8,159.4,0.0049,104.8,150.4,1.0,-0.0905,0.1229,0.3072,0.2301,parcial,2026-09-03T17:47:39+00:00
marais-poitevin,2018-06-28,2,S2B_30TXS_20180628_0_L2A;S2B_30TXS_20180628_1_L2A,1.0,0.0026,0.9974,0.0503,0.0,fijo,0.378,0.0714,60526.8,217.9,0.0036,140.2,177.0,73.0,-0.0719,0.0981,0.1948,0.0916,ok,2026-09-03T17:47:39+00:00
marais-poitevin,2018-07-01,2,S2B_30TXS_20180701_0_L2A;S2B_30TXS_20180701_1_L2A,0.5366,0.1016,0.4822,0.0735,0.0,fijo,0.62,0.0684,60526.8,84.5,0.0029,55.8,82.4,4.3,-0.1181,0.1292,0.223,0.1448,parcial,2026-09-03T17:47:39+00:00
marais-poitevin,2018-07-08,2,S2B_30TXS_20180708_0_L2A;S2B_30TXS_20180708_1_L2A,1.0,0.0141,0.9859,0.0512,0.0,fijo,0.222,0.0581,60526.8,322.0,0.0054,145.0,323.6,158.7,-0.1465,0.0889,0.2104,0.1216,ok,2026-09-03T17:49:12+00:00
marais-poitevin,2018-07-11,2,S2B_30TXS_20180711_0_L2A;S2B_30TXS_20180711_1_L2A,0.5389,0.0042,0.5367,0.0631,0.0,fijo,0.725,0.0883,60526.8,131.1,0.004,109.4,116.6,6.4,-0.0703,0.0874,0.1768,0.0461,parcial,2026-09-03T17:47:39+00:00
marais-poitevin,2018-07-13,1,S2A_30TXS_20180713_0_L2A,1.0,0.0972,0.9028,0.0666,0.0,fijo,0.622,0.0758,60526.8,170.0,0.0031,124.2,128.8,34.8,-0.0744,0.1081,0.2053,0.1056,ok,2026-09-03T17:47:39+00:00
marais-poitevin,2018-07-16,2,S2A_30TXS_20180716_0_L2A;S2A_30TXS_20180716_1_L2A,0.5313,0.1812,0.435,0.0722,0.0,fijo,0.91,0.0829,60526.8,101.5,0.0039,153.4,73.3,0.3,-0.0567,0.0812,0.1457,0.0327,parcial,2026-09-03T17:49:12+00:00
marais-poitevin,2018-07-18,1,S2B_30TXS_20180718_0_L2A,1.0,0.1764,0.8236,0.0773,0.0,fijo,0.784,0.0978,60526.8,160.6,0.0032,219.8,133.8,7.8,-0.0708,0.0941,0.2157,0.1153,ok,2026-09-03T17:47:39+00:00
marais-poitevin,2018-07-21,1,S2B_30TXS_20180721_0_L2A,0.5388,0.1824,0.4405,0.0814,0.0,fijo,0.46,0.07,60526.8,222.9,0.0084,74.5,213.8,38.0,-0.102,0.0503,0.1534,0.0174,parcial,2026-09-03T17:49:12+00:00
marais-poitevin,2018-07-23,1,S2A_30TXS_20180723_0_L2A,1.0,0.16,0.84,0.0623,0.0,fijo,0.337,0.0637,60526.8,236.4,0.0047,92.5,259.7,129.1,-0.1362,0.07,0.2198,0.1291,ok,2026-09-03T17:49:12+00:00
marais-poitevin,2018-07-26,1,S2A_30TXS_20180726_0_L2A,0.5304,0.0759,0.4902,0.0731,0.0,fijo,0.789,0.0975,60526.8,165.9,0.0056,133.4,130.0,26.6,-0.0364,0.0797,0.1652,0.061,parcial,2026-09-03T17:49:12+00:00
marais-poitevin,2018-08-02,2,S2A_30TXS_20180802_0_L2A;S2A_30TXS_20180802_1_L2A,1.0,0.0017,0.9983,0.0602,0.0,fijo,0.468,0.0809,60526.8,255.7,0.0042,113.7,262.0,120.0,-0.0686,0.0879,0.2058,0.1084,ok,2026-09-03T17:49:12+00:00
marais-poitevin,2018-08-05,2,S2A_30TXS_20180805_0_L2A;S2A_30TXS_20180805_1_L2A,0.5269,0.0004,0.5267,0.0685,0.0,fijo,0.43,0.0654,60526.8,265.1,0.0083,91.2,274.6,229.2,-0.1396,0.0643,0.1927,0.0895,parcial,2026-09-03T17:49:12+00:00
marais-poitevin,2018-08-15,3,S2A_30TXS_20180815_0_L2A;S2A_30TXS_20180815_1_L2A;S2A_30TXS_20180815_2_L2A,0.5994,0.2791,0.3607,0.083,0.0,fijo,0.597,0.0699,60526.8,147.2,0.0067,135.3,120.6,80.5,-0.068,0.0667,0.1327,0.025,parcial,2026-09-03T17:49:12+00:00
marais-poitevin,2018-08-17,2,S2B_30TXS_20180817_0_L2A;S2B_30TXS_20180817_1_L2A,1.0,0.4755,0.5245,0.079,0.0,fijo,0.344,0.0808,60526.8,95.4,0.003,87.0,80.5,33.2,-0.1013,0.0682,0.1346,0.0151,nublado,2026-09-03T17:49:12+00:00
marais-poitevin,2018-08-22,2,S2A_30TXS_20180822_0_L2A;S2A_30TXS_20180822_1_L2A,1.0,0.008,0.992,0.0626,0.0,fijo,0.295,0.0774,60526.8,278.6,0.0046,111.7,306.1,135.2,-0.0852,0.0711,0.2209,0.1258,ok,2026-09-03T17:49:12+00:00
marais-poitevin,2018-08-30,1,S2B_30TXS_20180830_0_L2A,0.5571,0.6209,0.2112,0.0947,0.0,fijo,1.102,0.0956,60526.8,108.1,0.0085,24.1,61.0,1.4,-0.0565,0.0776,0.1211,0.0163,parcial,2026-09-03T17:49:12+00:00
marais-poitevin,2018-09-01,2,S2A_30TXS_20180901_0_L2A;S2A_30TXS_20180901_1_L2A,1.0,0.0057,0.9943,0.0567,0.0,fijo,0.605,0.0828,60526.8,273.9,0.0046,115.7,227.8,135.8,-0.043,0.0905,0.1772,0.0679,ok,2026-09-03T17:50:40+00:00
marais-poitevin,2018-09-04,2,S2A_30TXS_20180904_0_L2A;S2A_30TXS_20180904_1_L2A,0.5114,0.4577,0.2774,0.0846,0.0,fijo,0.358,0.0963,60526.8,236.6,0.0141,81.5,194.8,107.0,-0.0697,0.0347,0.1044,0.0174,parcial,2026-09-03T17:49:12+00:00
marais-poitevin,2018-09-09,2,S2B_30TXS_20180909_0_L2A;S2B_30TXS_20180909_1_L2A,0.5434,0.207,0.4309,0.0781,0.0,fijo,0.794,0.0723,60526.8,65.5,0.0025,64.3,61.8,13.5,-0.1032,0.0963,0.206,0.1117,parcial,2026-09-03T17:50:40+00:00
marais-poitevin,2018-09-11,1,S2A_30TXS_20180911_0_L2A,1.0,0.0164,0.9836,0.0616,0.0,fijo,0.738,0.0404,60526.8,220.6,0.0037,334.8,154.9,71.2,-0.0395,0.0997,0.2047,0.1041,ok,2026-09-03T17:50:40+00:00
marais-poitevin,2018-09-14,2,S2A_30TXS_20180914_0_L2A;S2A_30TXS_20180914_1_L2A,0.5052,0.2129,0.3976,0.0799,0.0,fijo,0.356,0.0666,60526.8,120.3,0.005,99.8,116.9,64.1,-0.1078,0.0497,0.1842,0.0845,parcial,2026-09-03T17:50:40+00:00
marais-poitevin,2018-09-24,1,S2A_30TXS_20180924_0_L2A,0.5332,0.0021,0.5322,0.0665,0.0,fijo,0.686,0.0464,60526.8,184.7,0.0057,126.0,115.6,44.3,-0.0318,0.0728,0.1633,0.0548,parcial,2026-09-03T17:50:40+00:00
marais-poitevin,2018-09-26,2,S2B_30TXS_20180926_0_L2A;S2B_30TXS_20180926_1_L2A,1.0,0.0012,0.9988,0.0663,0.0,fijo,0.645,0.0454,60526.8,232.1,0.0038,142.6,181.5,58.8,-0.0493,0.0784,0.1701,0.0602,ok,2026-09-03T17:50:40+00:00
marais-poitevin,2018-09-29,2,S2B_30TXS_20180929_0_L2A;S2B_30TXS_20180929_1_L2A,0.543,0.0028,0.5415,0.0734,0.0,fijo,0.488,0.0605,60526.8,224.2,0.0068,103.3,154.2,76.7,-0.0538,0.0646,0.1451,0.0319,parcial,2026-09-03T17:50:40+00:00
marais-poitevin,2018-10-01,2,S2A_30TXS_20181001_0_L2A;S2A_30TXS_20181001_1_L2A,1.0,0.4055,0.5945,0.0678,0.0,fijo,0.765,0.0616,60526.8,40.8,0.0011,23.5,47.1,8.6,-0.0943,0.0622,0.1425,0.0196,nublado,2026-09-03T17:50:40+00:00
marais-poitevin,2018-10-04,1,S2A_30TXS_20181004_0_L2A,0.528,0.0011,0.5274,0.0729,0.0,fijo,0.273,0.0849,60526.8,312.0,0.0098,104.2,326.9,195.1,-0.1172,0.0178,0.1631,0.0664,parcial,2026-09-03T17:50:40+00:00
marais-poitevin,2018-10-09,2,S2B_30TXS_20181009_0_L2A;S2B_30TXS_20181009_1_L2A,0.5389,0.0009,0.5384,0.0664,0.0,fijo,1.316,0.0693,60526.8,247.8,0.0076,270.5,165.2,243.2,-0.0384,0.0878,0.1851,0.0755,parcial,2026-09-03T17:50:40+00:00
marais-poitevin,2018-10-14,1,S2A_30TXS_20181014_0_L2A,0.5254,0.3105,0.3624,0.074,0.0,fijo,1.108,0.0803,60526.8,205.7,0.0094,112.2,216.9,178.3,-0.0611,0.069,0.1658,0.0439,parcial,2026-09-03T17:50:40+00:00
marais-poitevin,2018-10-16,1,S2B_30TXS_20181016_0_L2A,1.0,0.2744,0.7256,0.0606,0.0,fijo,0.472,0.0527,60526.8,320.5,0.0073,151.2,329.8,368.3,-0.1395,0.0485,0.2196,0.1238,nublado,2026-09-03T17:50:40+00:00
marais-poitevin,2018-10-19,2,S2B_30TXS_20181019_0_L2A;S2B_30TXS_20181019_1_L2A,0.53,0.0009,0.5295,0.068,0.0,fijo,0.529,0.0903,60526.8,311.1,0.0097,114.4,302.8,264.8,-0.0788,0.0422,0.1664,0.0594,parcial,2026-09-03T17:52:11+00:00
marais-poitevin,2018-10-21,1,S2A_30TXS_20181021_0_L2A,1.0,0.0006,0.9994,0.0551,0.0,fijo,0.943,0.0718,60526.8,310.7,0.0051,148.0,276.6,308.6,-0.0477,0.0542,0.1558,0.0451,ok,2026-09-03T17:52:11+00:00
marais-poitevin,2018-10-24,1,S2A_30TXS_20181024_0_L2A,0.5305,0.0032,0.5288,0.0532,0.0,fijo,1.351,0.0633,60526.8,218.0,0.0068,115.9,167.2,231.2,-0.0467,0.0795,0.197,0.0956,parcial,2026-09-03T17:52:11+00:00
marais-poitevin,2018-11-10,1,S2A_30TXS_20181110_0_L2A,1.0,0.7992,0.2008,0.0439,-0.2461,otsu,1.024,0.0569,60526.8,1398.5,0.1151,2003.7,125.2,181.9,0.0166,0.0498,0.0891,0.006,nublado,2026-09-03T17:52:11+00:00
marais-poitevin,2018-11-13,1,S2A_30TXS_20181113_0_L2A,0.5397,0.4831,0.2791,0.0642,0.0,fijo,0.895,0.0834,60526.8,360.6,0.0214,219.4,255.8,240.4,-0.058,0.0561,0.154,0.0416,parcial,2026-09-03T17:52:11+00:00
marais-poitevin,2018-11-15,1,S2B_30TXS_20181115_0_L2A,1.0,0.0063,0.9937,0.0468,0.0,fijo,0.62,0.0713,60526.8,400.4,0.0067,174.9,388.6,390.8,-0.0852,0.058,0.1841,0.0799,ok,2026-09-03T17:52:11+00:00
marais-poitevin,2018-11-18,1,S2B_30TXS_20181118_0_L2A,0.52,0.0041,0.5179,0.0452,0.0,fijo,0.681,0.0785,60526.8,343.4,0.011,129.5,315.3,339.0,-0.0498,0.0265,0.1355,0.0366,parcial,2026-09-03T17:52:11+00:00
marais-poitevin,2018-11-20,1,S2A_30TXS_20181120_0_L2A,1.0,0.5521,0.4479,0.0697,0.0,fijo,0.963,0.0423,60526.8,1161.6,0.0428,545.7,736.2,936.0,-0.0631,0.036,0.0751,0.0061,nublado,2026-09-03T17:52:11+00:00
marais-poitevin,2018-11-30,1,S2A_30TXS_20181130_0_L2A,1.0,0.1094,0.8906,0.0378,0.0,fijo,0.636,0.0735,60526.8,397.3,0.0074,143.5,364.9,407.2,-0.0593,0.0488,0.17,0.0646,ok,2026-09-03T17:52:11+00:00
marais-poitevin,2018-12-10,1,S2A_30TXS_20181210_0_L2A,1.0,0.2338,0.7662,0.0258,0.0,fijo,1.066,0.0453,60526.8,292.9,0.0063,175.0,274.1,328.9,-0.0295,0.0522,0.1822,0.0753,nublado,2026-09-03T17:52:11+00:00
marais-poitevin,2018-12-20,1,S2A_30TXS_20181220_0_L2A,1.0,0.7305,0.2695,0.0869,0.0,fijo,1.265,0.1123,60526.8,535.8,0.0328,1403.0,9.9,115.0,-0.0169,0.0726,0.0926,0.0036,nublado,2026-09-03T17:53:14+00:00
marais-poitevin,2018-12-25,2,S2B_30TXS_20181225_0_L2A;S2B_30TXS_20181225_1_L2A,1.0,0.1637,0.8363,0.0302,-0.1055,otsu,0.956,0.0189,60526.8,2033.6,0.0402,1885.6,1491.0,2642.4,-0.0219,0.1146,0.2463,0.1745,ok,2026-09-03T17:53:14+00:00
marais-poitevin,2019-01-02,1,S2A_30TXS_20190102_0_L2A,0.5497,0.188,0.4464,0.041,0.0,fijo,0.485,0.0482,60526.8,342.1,0.0127,417.2,329.3,500.4,-0.0537,0.0181,0.1331,0.0406,parcial,2026-09-03T17:52:11+00:00
marais-poitevin,2019-01-09,1,S2A_30TXS_20190109_0_L2A,1.0,0.0074,0.9926,0.0237,0.0,fijo,0.974,0.052,60526.8,324.2,0.0054,219.2,308.1,401.6,-0.0489,0.0558,0.1732,0.073,ok,2026-09-03T17:52:11+00:00
marais-poitevin,2019-01-17,1,S2B_30TXS_20190117_0_L2A,0.5437,0.0127,0.5368,0.0323,0.0,fijo,0.513,0.0725,60526.8,318.6,0.0098,237.9,296.2,346.0,-0.0933,0.0013,0.1358,0.0336,parcial,2026-09-03T17:53:14+00:00
marais-poitevin,2019-01-19,1,S2A_30TXS_20190119_0_L2A,1.0,0.4058,0.5942,0.0377,-0.168,otsu,0.993,0.0427,60526.8,2021.4,0.0562,1992.8,901.5,1112.3,-0.0567,0.0389,0.069,0.0048,nublado,2026-09-03T17:53:14+00:00
marais-poitevin,2019-01-22,1,S2A_30TXS_20190122_0_L2A,0.5435,0.1038,0.4871,0.032,0.0,fijo,1.179,0.0591,60526.8,421.6,0.0143,334.0,244.8,379.6,-0.015,0.0959,0.1756,0.0588,parcial,2026-09-03T17:53:14+00:00
marais-poitevin,2019-01-24,1,S2B_30TXS_20190124_0_L2A,1.0,0.0612,0.9388,0.0326,0.0,fijo,0.985,0.0508,60526.8,503.2,0.0089,505.9,345.9,537.2,-0.0561,0.0937,0.2082,0.1115,ok,2026-09-03T17:53:14+00:00
marais-poitevin,2019-01-27,1,S2B_30TXS_20190127_0_L2A,0.542,0.4846,0.2795,0.0568,0.0,fijo,1.183,0.1032,60526.8,384.0,0.0227,410.5,101.2,186.8,-0.0131,0.0463,0.0782,0.001,parcial,2026-09-03T17:53:14+00:00
marais-poitevin,2019-02-03,1,S2B_30TXS_20190203_0_L2A,1.0,0.007,0.993,0.032,0.0,fijo,0.719,0.0413,60526.8,525.5,0.0087,780.4,500.0,648.5,-0.0796,0.0868,0.2894,0.1468,ok,2026-09-03T17:53:14+00:00
marais-poitevin,2019-02-13,1,S2B_30TXS_20190213_0_L2A,1.0,0.0026,0.9974,0.0324,0.0,fijo,0.444,0.0488,60526.8,600.8,0.01,786.4,586.6,594.6,-0.0933,0.0311,0.1821,0.0841,ok,2026-09-03T17:53:14+00:00
marais-poitevin,2019-02-16,1,S2B_30TXS_20190216_0_L2A,0.5447,0.1798,0.4467,0.0532,0.0,fijo,0.571,0.0812,60526.8,343.6,0.0127,264.2,300.5,232.3,-0.0879,0.0269,0.1266,0.0387,parcial,2026-09-03T17:53:14+00:00
marais-poitevin,2019-02-18,1,S2A_30TXS_20190218_0_L2A,1.0,0.2134,0.7866,0.0608,0.0,fijo,0.822,0.0746,60526.8,370.6,0.0078,593.2,276.7,235.4,-0.0761,0.0737,0.1541,0.0432,nublado,2026-09-03T17:54:55+00:00
marais-poitevin,2019-02-21,1,S2A_30TXS_20190221_0_L2A,0.5396,0.7547,0.1324,0.1085,0.0,fijo,1.003,0.0971,60526.8,416.0,0.0519,966.0,173.3,151.0,-0.0412,0.0619,0.124,0.0153,parcial,2026-09-03T17:53:14+00:00
marais-poitevin,2019-02-23,1,S2B_30TXS_20190223_0_L2A,1.0,0.0024,0.9976,0.0365,0.0,fijo,0.812,0.0597,60526.8,469.4,0.0078,624.5,389.2,452.2,-0.0815,0.0641,0.1755,0.0752,ok,2026-09-03T17:54:55+00:00
marais-poitevin,2019-02-26,1,S2B_30TXS_20190226_0_L2A,0.5444,0.002,0.5433,0.039,0.0,fijo,0.431,0.0728,60526.8,387.7,0.0118,377.8,370.8,342.6,-0.1111,0.0326,0.1514,0.0402,parcial,2026-09-03T17:53:14+00:00
marais-poitevin,2019-03-03,1,S2A_30TXS_20190303_0_L2A,0.544,0.1644,0.4546,0.0343,0.0,fijo,0.687,0.0875,60526.8,226.6,0.0082,229.7,196.9,184.9,-0.0598,0.064,0.1509,0.0348,parcial,2026-09-03T17:54:55+00:00
marais-poitevin,2019-03-08,1,S2B_30TXS_20190308_0_L2A,0.544,0.1876,0.442,0.0552,0.0,fijo,1.196,0.0876,60526.8,149.6,0.0056,376.8,93.4,91.4,-0.0479,0.0796,0.1396,0.0249,parcial,2026-09-03T17:54:55+00:00
marais-poitevin,2019-03-10,1,S2A_30TXS_20190310_0_L2A,1.0,0.2737,0.7263,0.0386,0.0,fijo,1.026,0.0793,60526.8,267.2,0.0061,294.6,176.8,213.4,-0.014,0.0603,0.1294,0.0269,nublado,2026-09-03T17:54:55+00:00
marais-poitevin,2019-03-13,1,S2A_30TXS_20190313_0_L2A,0.5594,0.4452,0.3104,0.0508,0.0,fijo,0.888,0.086,60526.8,171.2,0.0091,267.8,134.8,206.4,-0.0245,0.0398,0.1141,0.0056,parcial,2026-09-03T17:54:55+00:00
marais-poitevin,2019-03-20,1,S2A_30TXS_20190320_0_L2A,1.0,0.2015,0.7985,0.0373,0.0,fijo,0.869,0.0678,60526.8,236.7,0.0049,313.0,213.8,266.2,-0.0993,0.0773,0.1853,0.0808,nublado,2026-09-03T17:54:55+00:00
marais-poitevin,2019-03-23,2,S2A_30TXS_20190323_0_L2A;S2A_30TXS_20190323_1_L2A,0.5516,0.0,0.5516,0.0286,0.0,fijo,1.104,0.0655,60526.8,343.6,0.0103,591.4,237.0,323.4,-0.0644,0.0709,0.1808,0.0785,parcial,2026-09-03T17:54:55+00:00
marais-poitevin,2019-03-25,2,S2B_30TXS_20190325_0_L2A;S2B_30TXS_20190325_1_L2A,1.0,0.062,0.938,0.0389,0.0,fijo,1.069,0.0736,60526.8,394.6,0.0069,421.4,263.1,337.4,-0.0668,0.0642,0.1731,0.0554,ok,2026-09-03T17:54:55+00:00
marais-poitevin,2019-03-28,2,S2B_30TXS_20190328_0_L2A;S2B_30TXS_20190328_1_L2A,0.5501,0.0001,0.5501,0.0399,0.0,fijo,0.559,0.0943,60526.8,345.2,0.0104,311.9,309.6,277.0,-0.0912,0.0435,0.1617,0.0361,parcial,2026-09-03T17:54:55+00:00
marais-poitevin,2019-03-30,2,S2A_30TXS_20190330_0_L2A;S2A_30TXS_20190330_1_L2A,1.0,0.5219,0.4781,0.0411,0.0,fijo,0.407,0.0835,60526.8,279.6,0.0097,129.8,269.2,206.2,-0.1483,0.0297,0.1681,0.0522,nublado,2026-09-03T17:54:55+00:00
marais-poitevin,2019-04-04,1,S2B_30TXS_20190404_0_L2A,1.0,0.4085,0.5915,0.0547,-0.3086,otsu,1.075,0.0627,60526.8,832.9,0.0233,10558.2,130.2,189.8,0.0566,0.0559,0.0978,0.0037,nublado,2026-09-03T17:54:55+00:00
marais-poitevin,2019-04-07,2,S2B_30TXS_20190407_0_L2A;S2B_30TXS_20190407_1_L2A,0.5416,0.3535,0.3501,0.0368,0.0,fijo,1.405,0.0799,60526.8,198.4,0.0094,278.9,109.7,191.3,-0.0522,0.0832,0.1889,0.0885,parcial,2026-09-03T17:57:14+00:00
marais-poitevin,2019-04-09,2,S2A_30TXS_20190409_0_L2A;S2A_30TXS_20190409_1_L2A,1.0,0.0501,0.9499,0.0283,0.0,fijo,1.181,0.0608,60526.8,322.4,0.0056,345.0,209.3,285.6,-0.0682,0.0821,0.2002,0.1002,espectro_anomalo,2026-09-03T17:57:14+00:00
marais-poitevin,2019-04-12,2,S2A_30TXS_20190412_0_L2A;S2A_30TXS_20190412_1_L2A,0.541,0.0043,0.5387,0.0368,0.0,fijo,0.649,0.0922,60526.8,314.8,0.0097,390.5,255.9,276.5,-0.0691,0.0459,0.13,0.029,parcial,2026-09-03T17:57:14+00:00
marais-poitevin,2019-04-14,2,S2B_30TXS_20190414_0_L2A;S2B_30TXS_20190414_1_L2A,1.0,0.6722,0.3278,0.0882,-0.3164,otsu,1.455,0.1261,60526.8,234.3,0.0118,11489.1,9.2,31.6,0.0589,0.0444,0.0576,0.0007,nublado,2026-09-03T17:57:14+00:00
marais-poitevin,2019-04-19,2,S2A_30TXS_20190419_0_L2A;S2A_30TXS_20190419_1_L2A,1.0,0.105,0.895,0.0348,0.0,fijo,1.414,0.0729,60526.8,274.6,0.0051,457.2,157.3,260.2,-0.0484,0.0878,0.2016,0.1033,espectro_anomalo,2026-09-03T17:57:14+00:00
marais-poitevin,2019-04-27,2,S2B_30TXS_20190427_0_L2A;S2B_30TXS_20190427_1_L2A,0.5265,0.2934,0.3721,0.0506,-0.2695,otsu,0.637,0.1346,60526.8,313.3,0.0139,7315.8,84.6,73.9,0.0291,0.0439,0.0711,0.0091,parcial,2026-09-03T17:57:14+00:00
marais-poitevin,2019-04-29,2,S2A_30TXS_20190429_0_L2A;S2A_30TXS_20190429_1_L2A,1.0,0.3453,0.6547,0.0502,-0.3086,otsu,1.062,0.0534,60526.8,650.5,0.0164,14807.6,64.2,37.6,0.0419,0.0573,0.0729,0.0105,nublado,2026-09-03T17:57:14+00:00
marais-poitevin,2019-05-12,2,S2A_30TXS_20190512_0_L2A;S2A_30TXS_20190512_1_L2A,0.5381,0.0227,0.5259,0.0274,0.0,fijo,0.537,0.1076,60526.8,310.8,0.0098,242.0,264.9,214.3,-0.0669,0.0379,0.1287,0.0335,parcial,2026-09-03T17:57:14+00:00
marais-poitevin,2019-05-14,2,S2B_30TXS_20190514_0_L2A;S2B_30TXS_20190514_1_L2A,1.0,0.099,0.901,0.0354,0.0,fijo,0.872,0.0934,60526.8,262.4,0.0048,274.2,228.0,221.3,-0.0599,0.0475,0.1323,0.0299,ok,2026-09-03T17:57:14+00:00
marais-poitevin,2019-05-19,2,S2A_30TXS_20190519_0_L2A;S2A_30TXS_20190519_1_L2A,1.0,0.4723,0.5277,0.075,-0.1914,otsu,1.323,0.0976,60526.8,183.7,0.0058,11823.9,45.7,99.6,-0.0184,0.0692,0.1098,0.005,nublado,2026-09-03T17:57:14+00:00
marais-poitevin,2019-05-24,2,S2B_30TXS_20190524_0_L2A;S2B_30TXS_20190524_1_L2A,1.0,0.5943,0.4057,0.054,-0.2305,otsu,0.991,0.0764,60526.8,397.3,0.0162,7279.6,119.8,127.1,-0.0087,0.0593,0.1085,0.0102,nublado,2026-09-03T17:57:14+00:00
marais-poitevin,2019-05-27,1,S2B_30TXS_20190527_0_L2A,0.5254,0.4136,0.3082,0.0579,0.0,fijo,0.428,0.1113,60526.8,162.6,0.0087,398.8,152.5,142.0,-0.1073,0.0394,0.1729,0.08,parcial,2026-09-03T17:57:14+00:00
marais-poitevin,2019-05-29,2,S2A_30TXS_20190529_0_L2A;S2A_30TXS_20190529_1_L2A,1.0,0.5247,0.4753,0.0665,-0.3242,otsu,1.078,0.1078,60526.8,344.0,0.012,12485.2,45.0,62.6,0.0305,0.06,0.0812,0.0088,nublado,2026-09-03T17:59:15+00:00
marais-poitevin,2019-06-01,2,S2A_30TXS_20190601_0_L2A;S2A_30TXS_20190601_1_L2A,0.5506,0.002,0.5495,0.0309,0.0,fijo,0.761,0.0796,60526.8,267.2,0.008,169.8,218.6,194.8,-0.0397,0.0729,0.1936,0.0949,parcial,2026-09-03T17:59:15+00:00
marais-poitevin,2019-06-03,2,S2B_30TXS_20190603_0_L2A;S2B_30TXS_20190603_1_L2A,1.0,0.4227,0.5773,0.1007,-0.2227,otsu,1.334,0.1146,60526.8,54.8,0.0016,12784.6,24.2,35.0,-0.0733,0.0946,0.1687,0.0007,nublado,2026-09-03T17:59:15+00:00
marais-poitevin,2019-06-06,2,S2B_30TXS_20190606_0_L2A;S2B_30TXS_20190606_1_L2A,0.5305,0.224,0.4117,0.0529,-0.3242,otsu,1.408,0.0887,60526.8,340.9,0.0137,6632.4,60.4,76.0,0.0371,0.0708,0.1312,0.0176,parcial,2026-09-03T17:59:15+00:00
marais-poitevin,2019-06-13,2,S2B_30TXS_20190613_0_L2A;S2B_30TXS_20190613_1_L2A,1.0,0.345,0.655,0.0689,0.0,fijo,0.565,0.088,60526.8,229.2,0.0058,300.9,204.7,216.1,-0.0871,0.0549,0.16,0.0609,nublado,2026-09-03T17:59:15+00:00
marais-poitevin,2019-06-16,2,S2B_30TXS_20190616_0_L2A;S2B_30TXS_20190616_1_L2A,0.5364,0.0749,0.4963,0.0495,0.0,fijo,1.11,0.0868,60526.8,213.5,0.0071,117.8,135.9,128.9,-0.0429,0.078,0.1795,0.0748,parcial,2026-09-03T17:59:15+00:00
marais-poitevin,2019-06-18,2,S2A_30TXS_20190618_0_L2A;S2A_30TXS_20190618_1_L2A,1.0,0.0586,0.9414,0.0398,0.0,fijo,0.955,0.0482,60526.8,151.1,0.0027,105.5,156.4,130.6,-0.1141,0.0936,0.2638,0.1853,ok,2026-09-03T17:59:15+00:00
marais-poitevin,2019-06-21,1,S2A_30TXS_20190621_0_L2A,0.5383,0.7136,0.1544,0.0885,-0.2383,otsu,1.175,0.0986,60526.8,178.8,0.0191,3316.5,25.5,65.0,0.0193,0.0698,0.1149,0.0004,parcial,2026-09-03T17:59:15+00:00
marais-poitevin,2019-06-26,2,S2B_30TXS_20190626_0_L2A;S2B_30TXS_20190626_1_L2A,0.5276,0.0028,0.5261,0.061,0.0,fijo,0.794,0.0949,60526.8,201.2,0.0063,73.9,180.8,157.0,-0.0716,0.0743,0.1487,0.0304,parcial,2026-09-03T17:59:15+00:00
marais-poitevin,2019-06-28,1,S2A_30TXS_20190628_0_L2A,1.0,0.9997,0.0003,0.1915,0.0,fijo,,,60526.8,0.0,0.0,0.0,0.0,0.0,,,,,nublado,2026-09-03T17:59:15+00:00
marais-poitevin,2019-07-01,2,S2A_30TXS_20190701_0_L2A;S2A_30TXS_20190701_1_L2A,0.5332,0.0049,0.5306,0.062,0.0,fijo,1.318,0.0922,60526.8,144.1,0.0045,72.2,91.6,93.8,-0.0264,0.0806,0.1635,0.03,parcial,2026-09-03T17:59:15+00:00
marais-poitevin,2019-07-03,2,S2B_30TXS_20190703_0_L2A;S2B_30TXS_20190703_1_L2A,1.0,0.0014,0.9986,0.0611,0.0,fijo,1.322,0.0822,60526.8,211.3,0.0035,124.9,141.9,163.1,-0.066,0.0905,0.2034,0.1058,espectro_anomalo,2026-09-03T18:01:35+00:00
marais-poitevin,2019-07-06,2,S2B_30TXS_20190706_0_L2A;S2B_30TXS_20190706_1_L2A,0.5235,0.1902,0.4239,0.075,0.0,fijo,1.175,0.089,60526.8,101.5,0.004,79.3,91.2,71.6,-0.0957,0.0865,0.2046,0.1088,parcial,2026-09-03T17:59:15+00:00
marais-poitevin,2019-07-08,2,S2A_30TXS_20190708_0_L2A;S2A_30TXS_20190708_1_L2A,1.0,0.0009,0.9991,0.0581,0.0,fijo,0.596,0.0775,60526.8,312.0,0.0052,84.2,317.6,240.1,-0.079,0.0621,0.209,0.1104,ok,2026-09-03T18:01:35+00:00
marais-poitevin,2019-07-13,2,S2B_30TXS_20190713_0_L2A;S2B_30TXS_20190713_1_L2A,1.0,0.0197,0.9803,0.0633,0.0,fijo,0.514,0.0831,60526.8,290.4,0.0049,88.2,292.5,252.0,-0.0949,0.0636,0.2107,0.1169,ok,2026-09-03T18:01:35+00:00
marais-poitevin,2019-07-16,2,S2B_30TXS_20190716_0_L2A;S2B_30TXS_20190716_1_L2A,0.5228,0.0205,0.5121,0.0768,0.0,fijo,1.305,0.0869,60526.8,151.8,0.0049,76.6,95.2,123.9,-0.0242,0.0818,0.1775,0.053,parcial,2026-09-03T18:01:35+00:00
marais-poitevin,2019-07-23,2,S2B_30TXS_20190723_0_L2A;S2B_30TXS_20190723_1_L2A,1.0,0.093,0.907,0.0677,0.0,fijo,0.639,0.0884,60526.8,211.7,0.0039,68.6,238.4,180.0,-0.1044,0.0708,0.2164,0.13,ok,2026-09-03T18:01:35+00:00
marais-poitevin,2019-07-28,2,S2A_30TXS_20190728_0_L2A;S2A_30TXS_20190728_1_L2A,1.0,0.3436,0.6564,0.0727,0.0,fijo,0.519,0.091,60526.8,161.6,0.0041,82.5,158.2,168.5,-0.0799,0.0299,0.0957,0.0309,nublado,2026-09-03T18:01:35+00:00
marais-poitevin,2019-07-31,2,S2A_30TXS_20190731_0_L2A;S2A_30TXS_20190731_1_L2A,0.5223,0.2442,0.3948,0.0807,0.0,fijo,1.188,0.096,60526.8,158.9,0.0066,71.0,105.6,140.1,-0.0427,0.0849,0.2054,0.1113,parcial,2026-09-03T18:01:35+00:00
marais-poitevin,2019-08-02,2,S2B_30TXS_20190802_0_L2A;S2B_30TXS_20190802_1_L2A,1.0,0.07,0.93,0.0638,0.0,fijo,1.302,0.0715,60526.8,226.1,0.004,220.5,167.0,213.9,-0.0735,0.1001,0.2444,0.1477,espectro_anomalo,2026-09-03T18:01:35+00:00
marais-poitevin,2019-08-05,2,S2B_30TXS_20190805_0_L2A;S2B_30TXS_20190805_1_L2A,0.5238,0.2584,0.3885,0.0795,0.0,fijo,1.301,0.0761,60526.8,164.0,0.007,180.1,122.9,145.2,-0.0555,0.0888,0.2128,0.1163,parcial,2026-09-03T18:01:35+00:00
marais-poitevin,2019-08-10,2,S2A_30TXS_20190810_0_L2A;S2A_30TXS_20190810_1_L2A,0.5218,0.2957,0.3675,0.0862,0.0,fijo,0.791,0.0983,60526.8,173.2,0.0078,62.4,157.7,132.1,-0.0661,0.0606,0.1612,0.0393,parcial,2026-09-03T18:01:35+00:00
marais-poitevin,2019-08-12,2,S2B_30TXS_20190812_0_L2A;S2B_30TXS_20190812_1_L2A,1.0,0.2494,0.7506,0.0712,0.0,fijo,0.586,0.0886,60526.8,239.5,0.0053,593.0,215.6,147.8,-0.0762,0.0838,0.2193,0.1458,nublado,2026-09-03T18:01:35+00:00
marais-poitevin,2019-08-20,2,S2A_30TXS_20190820_0_L2A;S2A_30TXS_20190820_1_L2A,0.5222,0.289,0.3713,0.0746,0.0,fijo,1.236,0.076,60526.8,146.9,0.0065,68.4,114.2,128.2,-0.0588,0.076,0.1736,0.0534,parcial,2026-09-03T18:01:35+00:00
marais-poitevin,2019-08-22,2,S2B_30TXS_20190822_0_L2A;S2B_30TXS_20190822_1_L2A,1.0,0.0004,0.9996,0.0594,0.0,fijo,0.758,0.0775,60526.8,290.1,0.0048,116.6,257.8,263.6,-0.0758,0.0849,0.2274,0.1339,ok,2026-09-03T18:03:40+00:00
marais-poitevin,2019-08-25,2,S2B_30TXS_20190825_0_L2A;S2B_30TXS_20190825_1_L2A,0.531,0.1167,0.469,0.0817,0.0,fijo,0.598,0.0961,60526.8,206.1,0.0073,76.6,195.2,187.2,-0.0884,0.0513,0.0997,0.0227,parcial,2026-09-03T18:03:40+00:00
marais-poitevin,2019-08-27,1,S2A_30TXS_20190827_0_L2A,1.0,0.5389,0.4611,0.0939,0.0,fijo,0.724,0.0788,60526.8,92.9,0.0033,134.1,88.2,59.2,-0.1295,0.0604,0.1882,0.0762,nublado,2026-09-03T18:03:40+00:00
marais-poitevin,2019-08-30,2,S2A_30TXS_20190830_0_L2A;S2A_30TXS_20190830_1_L2A,0.5253,0.0609,0.4933,0.0687,0.0,fijo,1.279,0.0841,60526.8,168.8,0.0057,111.4,97.2,165.6,-0.0378,0.0844,0.1638,0.0424,parcial,2026-09-03T18:03:40+00:00
marais-poitevin,2019-09-01,1,S2B_30TXS_20190901_0_L2A,1.0,0.7668,0.2332,0.0821,0.0,fijo,1.252,0.0517,60526.8,31.7,0.0022,107.3,27.4,35.1,-0.092,0.0822,0.2061,0.1098,nublado,2026-09-03T18:03:40+00:00
marais-poitevin,2019-09-04,2,S2B_30TXS_20190904_0_L2A;S2B_30TXS_20190904_1_L2A,0.5339,0.0007,0.5335,0.0648,0.0,fijo,1.254,0.0718,60526.8,270.9,0.0084,167.2,189.6,228.2,-0.0556,0.081,0.1772,0.0681,parcial,2026-09-03T18:03:40+00:00
marais-poitevin,2019-09-06,2,S2A_30TXS_20190906_0_L2A;S2A_30TXS_20190906_1_L2A,1.0,0.0498,0.9502,0.059,0.0,fijo,0.359,0.0506,60526.8,205.8,0.0036,95.0,205.3,70.9,-0.1013,0.0773,0.182,0.0815,ok,2026-09-03T18:03:40+00:00
marais-poitevin,2019-09-11,2,S2B_30TXS_20190911_0_L2A;S2B_30TXS_20190911_1_L2A,1.0,0.0801,0.9199,0.0619,0.0,fijo,1.093,0.0792,60526.8,254.0,0.0046,129.8,226.2,250.9,-0.0534,0.0692,0.1644,0.0578,ok,2026-09-03T18:03:40+00:00
marais-poitevin,2019-09-16,2,S2A_30TXS_20190916_0_L2A;S2A_30TXS_20190916_1_L2A,1.0,0.0011,0.9989,0.064,0.0,fijo,1.376,0.0705,60526.8,168.0,0.0028,93.3,129.2,181.0,-0.0416,0.1042,0.1958,0.0926,espectro_anomalo,2026-09-03T18:03:40+00:00
marais-poitevin,2019-09-19,2,S2A_30TXS_20190919_0_L2A;S2A_30TXS_20190919_1_L2A,0.5433,0.0009,0.5428,0.0625,0.0,fijo,1.25,0.0746,60526.8,248.8,0.0076,72.8,159.6,193.2,-0.0216,0.0556,0.1287,0.0222,parcial,2026-09-03T18:03:40+00:00
marais-poitevin,2019-09-21,2,S2B_30TXS_20190921_0_L2A;S2B_30TXS_20190921_1_L2A,1.0,0.3122,0.6878,0.0808,0.0,fijo,0.507,0.0821,60526.8,312.6,0.0075,59.1,336.6,238.8,-0.0974,0.0503,0.1788,0.0864,nublado,2026-09-03T18:05:40+00:00
marais-poitevin,2019-09-24,2,S2B_30TXS_20190924_0_L2A;S2B_30TXS_20190924_1_L2A,0.5556,0.2512,0.4161,0.0708,0.0,fijo,0.794,0.0834,60526.8,271.2,0.0108,222.4,215.7,201.6,-0.0495,0.047,0.1288,0.0142,parcial,2026-09-03T18:03:40+00:00
marais-poitevin,2019-10-01,1,S2B_30TXS_20191001_0_L2A,1.0,0.5785,0.4215,0.0798,-0.2617,otsu,1.212,0.0921,60526.8,2027.6,0.0795,7154.6,147.8,181.9,0.0267,0.064,0.1043,0.0033,nublado,2026-09-03T18:03:40+00:00
marais-poitevin,2019-10-04,1,S2B_30TXS_20191004_0_L2A,0.5487,0.5599,0.2415,0.0722,-0.3008,otsu,1.245,0.0921,60526.8,800.9,0.0548,5178.4,63.1,62.6,0.0381,0.0654,0.0989,0.0006,parcial,2026-09-03T18:05:40+00:00
marais-poitevin,2019-10-09,2,S2A_30TXS_20191009_0_L2A;S2A_30TXS_20191009_1_L2A,0.5295,0.4897,0.2703,0.0629,0.0,fijo,0.833,0.0684,60526.8,273.0,0.0167,714.1,194.7,239.9,-0.057,0.0507,0.1322,0.0163,parcial,2026-09-03T18:05:40+00:00
marais-poitevin,2019-10-11,2,S2B_30TXS_20191011_0_L2A;S2B_30TXS_20191011_1_L2A,1.0,0.0485,0.9515,0.0368,0.0,fijo,1.246,0.0511,60526.8,234.3,0.0041,298.9,168.5,201.1,-0.0822,0.0832,0.2119,0.1113,espectro_anomalo,2026-09-03T18:05:40+00:00
marais-poitevin,2019-10-21,2,S2B_30TXS_20191021_0_L2A;S2B_30TXS_20191021_1_L2A,1.0,0.4913,0.5087,0.0713,0.0,fijo,0.475,0.0852,60526.8,327.7,0.0106,580.5,269.4,282.8,-0.0974,0.0319,0.1577,0.0509,nublado,2026-09-03T18:05:40+00:00
marais-poitevin,2019-11-03,2,S2B_30TXS_20191103_0_L2A;S2B_30TXS_20191103_1_L2A,0.5403,0.678,0.1741,0.076,0.0,fijo,1.121,0.0764,60526.8,354.2,0.0336,1246.2,147.4,210.3,-0.041,0.0421,0.0809,0.0124,parcial,2026-09-03T18:05:40+00:00
marais-poitevin,2019-11-05,1,S2A_30TXS_20191105_0_L2A,1.0,0.4511,0.5489,0.0443,-0.0273,otsu,1.011,0.0284,60526.8,1735.8,0.0523,4869.1,804.0,1415.6,-0.0344,0.0608,0.1349,0.0271,nublado,2026-09-03T18:05:40+00:00
marais-poitevin,2019-11-10,2,S2B_30TXS_20191110_0_L2A;S2B_30TXS_20191110_1_L2A,1.0,0.3721,0.6279,0.0509,0.0,fijo,0.868,0.0357,60526.8,1030.2,0.0271,1216.8,691.3,1061.6,-0.026,0.0981,0.2257,0.1439,nublado,2026-09-03T18:05:40+00:00
marais-poitevin,2019-11-18,2,S2A_30TXS_20191118_0_L2A;S2A_30TXS_20191118_1_L2A,0.5256,0.4505,0.2889,0.0641,0.0,fijo,0.568,0.0581,60526.8,275.5,0.0158,383.8,218.0,233.1,-0.0332,0.057,0.1517,0.0505,parcial,2026-09-03T18:05:40+00:00
marais-poitevin,2019-12-03,2,S2B_30TXS_20191203_0_L2A;S2B_30TXS_20191203_1_L2A,0.5518,0.1235,0.4837,0.0375,0.0039,otsu,0.571,0.0426,60526.8,495.5,0.0169,848.7,417.5,635.5,-0.0571,0.0527,0.1942,0.0952,parcial,2026-09-03T18:05:40+00:00
marais-poitevin,2019-12-05,2,S2A_30TXS_20191205_0_L2A;S2A_30TXS_20191205_1_L2A,1.0,0.516,0.484,0.0223,-0.3398,otsu,0.863,0.0188,60526.8,1623.3,0.0554,7011.3,209.7,174.5,0.0028,0.0541,0.0778,0.0135,nublado,2026-09-03T18:05:40+00:00
marais-poitevin,2019-12-13,2,S2B_30TXS_20191213_0_L2A;S2B_30TXS_20191213_1_L2A,0.5573,0.5917,0.2277,0.0604,-0.0273,otsu,0.906,0.0335,60526.8,1037.3,0.0753,1468.2,627.4,873.7,-0.0321,0.0499,0.1083,0.0253,parcial,2026-09-03T18:05:40+00:00
marais-poitevin,2019-12-20,2,S2B_30TXS_20191220_0_L2A;S2B_30TXS_20191220_1_L2A,1.0,0.3442,0.6558,0.0429,0.0,fijo,15.9,0.0001,60526.8,3125.8,0.0787,1401.1,2089.8,7424.4,-0.0097,0.0933,0.1991,0.098,nublado,2026-09-03T18:07:47+00:00
marais-poitevin,2019-12-25,2,S2A_30TXS_20191225_0_L2A;S2A_30TXS_20191225_1_L2A,1.0,0.1618,0.8382,0.0233,-0.0898,otsu,0.575,0.0164,60526.8,6053.4,0.1193,2171.9,5703.1,6471.8,-0.0565,0.0838,0.2244,0.1292,ok,2026-09-03T18:07:47+00:00
marais-poitevin,2019-12-30,2,S2B_30TXS_20191230_0_L2A;S2B_30TXS_20191230_1_L2A,1.0,0.4085,0.5915,0.0273,0.0,fijo,1.041,0.0104,60526.8,971.5,0.0271,691.8,1060.7,2387.8,-0.0872,0.1858,0.3395,0.4306,nublado,2026-09-03T18:07:47+00:00
marais-poitevin,2020-01-04,2,S2A_30TXS_20200104_0_L2A;S2A_30TXS_20200104_1_L2A,1.0,0.1638,0.8362,0.014,0.0,fijo,1.991,0.0001,60526.8,567.9,0.0112,370.6,567.3,1692.2,-0.0605,0.1145,0.3103,0.2888,espectro_anomalo,2026-09-03T18:07:47+00:00
marais-poitevin,2020-01-17,2,S2A_30TXS_20200117_0_L2A;S2A_30TXS_20200117_1_L2A,0.5532,0.3268,0.3724,0.0496,-0.0117,otsu,0.889,0.0381,60526.8,648.3,0.0288,1412.3,496.7,910.0,-0.0429,0.0529,0.1647,0.0584,parcial,2026-09-03T18:07:47+00:00
marais-poitevin,2020-01-19,2,S2B_30TXS_20200119_0_L2A;S2B_30TXS_20200119_1_L2A,1.0,0.0274,0.9726,0.0352,0.0,fijo,0.59,0.045,60526.8,598.4,0.0102,945.2,485.1,781.6,-0.0505,0.0352,0.1594,0.0561,ok,2026-09-03T18:07:47+00:00
marais-poitevin,2020-01-22,1,S2B_30TXS_20200122_0_L2A,0.5532,0.9866,0.0075,0.0698,0.0,fijo,,,60526.8,12.4,0.0274,7.0,8.6,4.1,-0.0567,0.0679,0.1074,0.0161,parcial,2026-09-03T18:07:47+00:00
marais-poitevin,2020-01-24,2,S2A_30TXS_20200124_0_L2A;S2A_30TXS_20200124_1_L2A,1.0,0.0198,0.9802,0.0291,0.0,fijo,0.847,0.0657,60526.8,342.8,0.0058,219.4,295.5,352.9,-0.0451,0.073,0.18,0.0792,ok,2026-09-03T18:07:47+00:00
marais-poitevin,2020-02-01,1,S2B_30TXS_20200201_0_L2A,0.5661,0.6525,0.1968,0.0931,0.0,fijo,0.763,0.0726,60526.8,558.0,0.0468,1419.6,363.6,372.6,-0.0583,0.0552,0.1234,0.0101,parcial,2026-09-03T18:07:47+00:00
marais-poitevin,2020-02-06,2,S2A_30TXS_20200206_0_L2A;S2A_30TXS_20200206_1_L2A,0.5709,0.0163,0.5616,0.0243,0.0664,otsu,0.814,0.0193,60526.8,1297.8,0.0382,1389.8,1236.5,1712.6,-0.0637,0.1049,0.2711,0.2001,parcial,2026-09-03T18:07:47+00:00
marais-poitevin,2020-02-18,2,S2B_30TXS_20200218_0_L2A;S2B_30TXS_20200218_1_L2A,1.0,0.2303,0.7697,0.045,0.0,fijo,0.478,0.0587,60526.8,585.9,0.0126,1077.2,452.8,497.4,-0.0784,0.0421,0.1599,0.0678,nublado,2026-09-03T18:07:47+00:00
marais-poitevin,2020-02-21,2,S2B_30TXS_20200221_0_L2A;S2B_30TXS_20200221_1_L2A,0.5586,0.0069,0.5548,0.0368,0.0,fijo,0.661,0.0695,60526.8,342.8,0.0102,553.4,279.4,269.0,-0.063,0.049,0.1388,0.044,parcial,2026-09-03T18:07:47+00:00
marais-poitevin,2020-02-26,2,S2A_30TXS_20200226_0_L2A;S2A_30TXS_20200226_1_L2A,0.5546,0.4914,0.282,0.0658,0.0,fijo,0.813,0.0847,60526.8,245.6,0.0144,458.8,169.6,195.8,-0.0171,0.0564,0.1379,0.0494,parcial,2026-09-03T18:09:55+00:00
marais-poitevin,2020-03-02,1,S2B_30TXS_20200302_0_L2A,0.5515,0.462,0.2968,0.0616,0.0,fijo,0.736,0.0793,60526.8,693.4,0.0386,1343.8,440.4,456.1,-0.0092,0.064,0.1407,0.0368,parcial,2026-09-03T18:09:55+00:00
marais-poitevin,2020-03-09,1,S2B_30TXS_20200309_0_L2A,1.0,0.7266,0.2734,0.0832,-0.0273,otsu,0.485,0.0623,60526.8,3393.4,0.2051,3625.0,2267.6,1196.7,-0.0745,0.0587,0.1175,0.0112,nublado,2026-09-03T18:09:55+00:00
marais-poitevin,2020-03-19,2,S2B_30TXS_20200319_0_L2A;S2B_30TXS_20200319_1_L2A,1.0,0.0153,0.9847,0.045,0.0,fijo,1.278,0.0785,60526.8,356.0,0.006,635.2,155.2,84.5,-0.0414,0.1013,0.1931,0.0827,espectro_anomalo,2026-09-03T18:09:55+00:00
marais-poitevin,2020-03-24,2,S2A_30TXS_20200324_0_L2A;S2A_30TXS_20200324_1_L2A,1.0,0.003,0.997,0.0325,0.0,fijo,0.648,0.0541,60526.8,328.6,0.0054,753.6,283.0,286.3,-0.0633,0.0602,0.1768,0.0724,ok,2026-09-03T18:09:55+00:00
marais-poitevin,2020-03-27,2,S2A_30TXS_20200327_0_L2A;S2A_30TXS_20200327_1_L2A,0.5396,0.0056,0.5366,0.0415,0.0,fijo,0.928,0.0784,60526.8,297.4,0.0092,511.0,216.8,247.6,-0.0449,0.0577,0.1298,0.0082,parcial,2026-09-03T18:09:55+00:00
marais-poitevin,2020-04-01,2,S2B_30TXS_20200401_0_L2A;S2B_30TXS_20200401_1_L2A,0.5459,0.0005,0.5456,0.0399,0.0,fijo,0.489,0.0727,60526.8,340.2,0.0103,299.4,308.8,285.7,-0.132,0.018,0.1472,0.0437,parcial,2026-09-03T18:09:55+00:00
marais-poitevin,2020-04-03,2,S2A_30TXS_20200403_0_L2A;S2A_30TXS_20200403_1_L2A,1.0,0.4562,0.5438,0.08,0.0,fijo,0.404,0.0843,60526.8,264.6,0.008,344.4,207.6,231.9,-0.1387,0.0004,0.1017,0.0103,nublado,2026-09-03T18:09:55+00:00
marais-poitevin,2020-04-08,2,S2B_30TXS_20200408_0_L2A;S2B_30TXS_20200408_1_L2A,1.0,0.3894,0.6106,0.0634,-0.3398,otsu,1.067,0.0613,60526.8,1888.3,0.0511,10615.9,80.5,78.5,0.0505,0.0565,0.0752,0.0029,nublado,2026-09-03T18:09:55+00:00
marais-poitevin,2020-04-11,2,S2B_30TXS_20200411_0_L2A;S2B_30TXS_20200411_1_L2A,0.5447,0.0014,0.5439,0.0442,0.0,fijo,0.994,0.0843,60526.8,330.4,0.01,530.7,202.1,260.3,-0.0606,0.0768,0.1829,0.0779,parcial,2026-09-03T18:09:55+00:00
marais-poitevin,2020-04-13,2,S2A_30TXS_20200413_0_L2A;S2A_30TXS_20200413_1_L2A,1.0,0.0158,0.9842,0.0422,0.0,fijo,0.565,0.0782,60526.8,389.9,0.0065,378.2,369.4,326.8,-0.0952,0.057,0.1691,0.0572,ok,2026-09-03T18:09:55+00:00
marais-poitevin,2020-04-16,2,S2A_30TXS_20200416_0_L2A;S2A_30TXS_20200416_1_L2A,0.5394,0.5394,0.2485,0.0569,0.0,fijo,0.601,0.1092,60526.8,195.2,0.013,108.6,157.0,132.0,-0.0943,0.0247,0.0996,0.0211,parcial,2026-09-03T18:09:55+00:00
marais-poitevin,2020-04-18,2,S2B_30TXS_20200418_0_L2A;S2B_30TXS_20200418_1_L2A,1.0,0.1922,0.8078,0.0502,0.0,fijo,0.503,0.0846,60526.8,231.3,0.0047,192.6,209.7,248.6,-0.1391,0.033,0.153,0.0493,ok,2026-09-03T18:12:10+00:00
marais-poitevin,2020-04-23,2,S2A_30TXS_20200423_0_L2A;S2A_30TXS_20200423_1_L2A,1.0,0.1481,0.8519,0.0613,-0.3242,otsu,1.034,0.1038,60526.8,3747.2,0.0727,15187.0,157.0,157.8,0.051,0.0543,0.0698,0.0027,ok,2026-09-03T18:12:10+00:00
marais-poitevin,2020-04-26,2,S2A_30TXS_20200426_0_L2A;S2A_30TXS_20200426_1_L2A,0.5263,0.1168,0.4649,0.0446,-0.3086,otsu,1.045,0.0947,60526.8,2401.8,0.0854,5511.0,151.6,207.7,0.0631,0.0581,0.0715,0.0055,parcial,2026-09-03T18:12:10+00:00
marais-poitevin,2020-04-28,1,S2B_30TXS_20200428_0_L2A,1.0,0.446,0.554,0.062,0.0,fijo,1.03,0.0858,60526.8,167.4,0.005,535.2,122.0,148.5,-0.0584,0.0626,0.1515,0.0301,nublado,2026-09-03T18:12:10+00:00
marais-poitevin,2020-05-06,2,S2A_30TXS_20200506_0_L2A;S2A_30TXS_20200506_1_L2A,0.5225,0.0046,0.52,0.0302,0.0,fijo,0.991,0.0879,60526.8,276.1,0.0088,344.5,190.1,191.5,-0.0328,0.0879,0.1881,0.0668,parcial,2026-09-03T18:12:10+00:00
marais-poitevin,2020-05-18,2,S2B_30TXS_20200518_0_L2A;S2B_30TXS_20200518_1_L2A,1.0,0.0027,0.9973,0.0391,0.0,fijo,0.406,0.0565,60526.8,375.7,0.0062,395.1,368.6,356.6,-0.1248,0.0665,0.2109,0.1068,ok,2026-09-03T18:12:10+00:00
marais-poitevin,2020-05-21,2,S2B_30TXS_20200521_0_L2A;S2B_30TXS_20200521_1_L2A,0.5442,0.0788,0.5013,0.0465,-0.3477,otsu,1.364,0.0853,60526.8,2442.0,0.0805,5318.9,106.0,56.2,0.0653,0.0549,0.0676,0.0036,parcial,2026-09-03T18:12:10+00:00
marais-poitevin,2020-05-23,2,S2A_30TXS_20200523_0_L2A;S2A_30TXS_20200523_1_L2A,1.0,0.4892,0.5108,0.0675,0.0,fijo,1.002,0.0887,60526.8,189.0,0.0061,260.6,140.8,170.9,-0.0632,0.0571,0.1422,0.033,nublado,2026-09-03T18:12:10+00:00
marais-poitevin,2020-05-26,2,S2A_30TXS_20200526_0_L2A;S2A_30TXS_20200526_1_L2A,0.5122,0.0086,0.5078,0.0401,0.0,fijo,1.077,0.0934,60526.8,173.2,0.0056,134.9,113.0,90.9,-0.0322,0.0733,0.1599,0.0316,parcial,2026-09-03T18:12:10+00:00
marais-poitevin,2020-05-28,2,S2B_30TXS_20200528_0_L2A;S2B_30TXS_20200528_1_L2A,1.0,0.0071,0.9929,0.0435,0.0,fijo,0.758,0.0849,60526.8,296.8,0.0049,179.9,267.6,245.0,-0.0672,0.0716,0.2086,0.107,ok,2026-09-03T18:12:10+00:00
marais-poitevin,2020-05-31,2,S2B_30TXS_20200531_0_L2A;S2B_30TXS_20200531_1_L2A,0.5405,0.0049,0.5378,0.0453,0.0,fijo,0.587,0.103,60526.8,284.7,0.0087,138.9,262.5,180.5,-0.0799,0.0394,0.1513,0.0375,parcial,2026-09-03T18:12:10+00:00
marais-poitevin,2020-06-02,2,S2A_30TXS_20200602_0_L2A;S2A_30TXS_20200602_1_L2A,1.0,0.0116,0.9884,0.0421,0.0,fijo,0.441,0.0732,60526.8,317.2,0.0053,134.0,350.0,266.7,-0.1089,0.0659,0.2461,0.1407,ok,2026-09-03T18:12:10+00:00
marais-poitevin,2020-06-17,1,S2B_30TXS_20200617_0_L2A,1.0,0.5417,0.4583,0.069,0.0,fijo,0.683,0.0875,60526.8,249.7,0.009,490.8,214.4,235.9,-0.1193,0.0767,0.1975,0.0968,nublado,2026-09-03T18:14:26+00:00
marais-poitevin,2020-06-22,3,S2A_30TXS_20200622_0_L2A;S2A_30TXS_20200622_1_L2A;S2A_30TXS_20200622_2_L2A,1.0,0.158,0.842,0.055,0.0,fijo,1.203,0.0868,60526.8,203.2,0.004,125.6,140.6,156.1,-0.0712,0.1122,0.2215,0.1327,espectro_anomalo,2026-09-03T18:14:26+00:00
marais-poitevin,2020-06-25,2,S2A_30TXS_20200625_0_L2A;S2A_30TXS_20200625_1_L2A,0.529,0.3287,0.3552,0.0688,-0.3398,otsu,1.342,0.11,60526.8,307.4,0.0143,5721.4,38.2,23.0,0.0272,0.0773,0.1246,0.0108,parcial,2026-09-03T18:14:26+00:00
marais-poitevin,2020-07-07,2,S2B_30TXS_20200707_0_L2A;S2B_30TXS_20200707_1_L2A,1.0,0.3969,0.6031,0.0469,0.0,fijo,1.248,0.0941,60526.8,168.3,0.0046,114.3,92.6,125.9,-0.0468,0.0844,0.163,0.0449,nublado,2026-09-03T18:14:26+00:00
marais-poitevin,2020-07-10,1,S2B_30TXS_20200710_0_L2A,0.5538,0.5886,0.2279,0.0822,-0.3477,otsu,1.138,0.0917,60526.8,223.8,0.0162,5891.6,42.4,46.5,0.0317,0.0701,0.1114,0.0086,parcial,2026-09-03T18:14:26+00:00
marais-poitevin,2020-07-12,2,S2A_30TXS_20200712_0_L2A;S2A_30TXS_20200712_1_L2A,1.0,0.0396,0.9604,0.045,0.0,fijo,0.645,0.0725,60526.8,304.7,0.0052,142.6,280.9,254.2,-0.0903,0.0547,0.1634,0.0333,ok,2026-09-03T18:14:26+00:00
marais-poitevin,2020-07-15,2,S2A_30TXS_20200715_0_L2A;S2A_30TXS_20200715_1_L2A,0.5421,0.3825,0.3349,0.0717,0.0,fijo,0.772,0.0931,60526.8,122.9,0.0061,116.5,114.7,118.0,-0.1045,0.0809,0.162,0.0345,parcial,2026-09-03T18:14:26+00:00
marais-poitevin,2020-07-17,2,S2B_30TXS_20200717_0_L2A;S2B_30TXS_20200717_1_L2A,1.0,0.0016,0.9984,0.0503,0.0,fijo,0.554,0.0627,60526.8,285.0,0.0047,157.0,273.3,235.0,-0.1382,0.0973,0.2054,0.1139,ok,2026-09-03T18:14:26+00:00
marais-poitevin,2020-07-20,2,S2B_30TXS_20200720_0_L2A;S2B_30TXS_20200720_1_L2A,0.5576,0.0023,0.5563,0.0575,0.0,fijo,1.181,0.0875,60526.8,161.4,0.0048,107.6,113.7,127.6,-0.0399,0.0944,0.1704,0.0471,parcial,2026-09-03T18:14:26+00:00
marais-poitevin,2020-07-22,2,S2A_30TXS_20200722_0_L2A;S2A_30TXS_20200722_1_L2A,1.0,0.0598,0.9402,0.0592,0.0,fijo,1.214,0.0726,60526.8,97.8,0.0017,108.8,95.4,106.0,-0.0969,0.1283,0.2901,0.1566,espectro_anomalo,2026-09-03T18:14:26+00:00
marais-poitevin,2020-07-27,2,S2B_30TXS_20200727_0_L2A;S2B_30TXS_20200727_1_L2A,1.0,0.108,0.892,0.0521,0.0,fijo,0.487,0.0804,60526.8,320.1,0.0059,122.9,322.1,270.3,-0.1088,0.0705,0.2159,0.1188,ok,2026-09-03T18:14:26+00:00
marais-poitevin,2020-07-30,2,S2B_30TXS_20200730_0_L2A;S2B_30TXS_20200730_1_L2A,0.5516,0.0004,0.5514,0.0623,0.0,fijo,0.575,0.0907,60526.8,292.9,0.0088,98.3,284.8,200.6,-0.0908,0.0613,0.1999,0.1,parcial,2026-09-03T18:14:26+00:00
marais-poitevin,2020-08-01,1,S2A_30TXS_20200801_0_L2A,1.0,0.6808,0.3192,0.0971,0.0,fijo,1.018,0.0969,60526.8,85.2,0.0044,94.9,89.4,60.2,-0.1097,0.0905,0.1957,0.0911,nublado,2026-09-03T18:16:23+00:00
marais-poitevin,2020-08-04,2,S2A_30TXS_20200804_0_L2A;S2A_30TXS_20200804_1_L2A,0.5291,0.0031,0.5275,0.0576,0.0,fijo,1.193,0.0791,60526.8,176.7,0.0055,118.0,128.2,180.8,-0.0517,0.1211,0.2634,0.1578,parcial,2026-09-03T18:16:23+00:00
marais-poitevin,2020-08-06,2,S2B_30TXS_20200806_0_L2A;S2B_30TXS_20200806_1_L2A,1.0,0.0005,0.9995,0.0569,0.0,fijo,1.272,0.0788,60526.8,186.3,0.0031,165.6,113.3,199.8,-0.0492,0.1115,0.197,0.0973,espectro_anomalo,2026-09-03T18:16:23+00:00
marais-poitevin,2020-08-09,2,S2B_30TXS_20200809_0_L2A;S2B_30TXS_20200809_1_L2A,0.5467,0.7472,0.1384,0.0536,0.0,fijo,,,60526.8,11.1,0.0013,11.9,15.7,12.1,-0.1455,0.1037,0.1953,0.0975,parcial,2026-09-03T18:16:23+00:00
marais-poitevin,2020-08-11,2,S2A_30TXS_20200811_0_L2A;S2A_30TXS_20200811_1_L2A,1.0,0.3523,0.6477,0.0688,0.0,fijo,1.056,0.0701,60526.8,124.2,0.0032,123.9,141.1,151.8,-0.1031,0.0666,0.17,0.0589,nublado,2026-09-03T18:16:23+00:00
marais-poitevin,2020-08-14,2,S2A_30TXS_20200814_0_L2A;S2A_30TXS_20200814_1_L2A,0.5254,0.4808,0.2729,0.0717,0.0,fijo,0.905,0.0805,60526.8,111.8,0.0068,54.7,106.7,97.8,-0.1054,0.0672,0.1914,0.0934,parcial,2026-09-03T18:16:23+00:00
marais-poitevin,2020-08-21,1,S2A_30TXS_20200821_0_L2A,1.0,0.6969,0.3031,0.0983,-0.3242,otsu,1.228,0.0866,60526.8,1117.8,0.0609,7297.4,37.7,75.0,0.0559,0.0827,0.1182,0.0034,nublado,2026-09-03T18:16:23+00:00
marais-poitevin,2020-08-29,2,S2B_30TXS_20200829_0_L2A;S2B_30TXS_20200829_1_L2A,0.5403,0.3047,0.3758,0.0694,0.0,fijo,0.923,0.0855,60526.8,172.4,0.0076,100.8,143.7,187.3,-0.0619,0.0619,0.1517,0.0543,parcial,2026-09-03T18:16:23+00:00
marais-poitevin,2020-08-31,2,S2A_30TXS_20200831_0_L2A;S2A_30TXS_20200831_1_L2A,1.0,0.459,0.541,0.066,0.0,fijo,0.973,0.0585,60526.8,133.9,0.0041,148.0,107.1,151.6,-0.087,0.0843,0.1963,0.0941,nublado,2026-09-03T18:16:23+00:00
marais-poitevin,2020-09-03,2,S2A_30TXS_20200903_0_L2A;S2A_30TXS_20200903_1_L2A,0.5212,0.0868,0.476,0.0546,0.0,fijo,1.384,0.0793,60526.8,146.4,0.0051,118.0,86.0,151.6,-0.0393,0.1054,0.1828,0.0743,parcial,2026-09-03T18:16:23+00:00
marais-poitevin,2020-09-08,2,S2B_30TXS_20200908_0_L2A;S2B_30TXS_20200908_1_L2A,0.5359,0.0016,0.5351,0.0552,0.0,fijo,0.818,0.08,60526.8,217.3,0.0067,101.0,194.5,218.0,-0.0455,0.0951,0.194,0.0957,parcial,2026-09-03T18:16:23+00:00
marais-poitevin,2020-09-10,2,S2A_30TXS_20200910_0_L2A;S2A_30TXS_20200910_1_L2A,1.0,0.0004,0.9996,0.0492,0.0,fijo,0.449,0.0653,60526.8,273.9,0.0045,98.5,295.4,253.0,-0.1257,0.0605,0.2039,0.1066,ok,2026-09-03T18:18:19+00:00
marais-poitevin,2020-09-13,2,S2A_30TXS_20200913_0_L2A;S2A_30TXS_20200913_1_L2A,0.5339,0.0085,0.5294,0.0631,0.0,fijo,0.766,0.0803,60526.8,141.6,0.0044,76.4,135.3,4.9,-0.0714,0.0868,0.1716,0.0737,parcial,2026-09-03T18:18:19+00:00
marais-poitevin,2020-09-15,1,S2B_30TXS_20200915_0_L2A,1.0,0.8355,0.1645,0.0855,0.0,fijo,,,60526.8,0.0,0.0,13.6,0.5,0.4,,,,,nublado,2026-09-03T18:16:23+00:00
marais-poitevin,2020-09-20,2,S2A_30TXS_20200920_0_L2A;S2A_30TXS_20200920_1_L2A,1.0,0.1948,0.8052,0.0577,0.0,fijo,1.27,0.074,60526.8,227.7,0.0047,218.9,145.9,236.4,-0.0331,0.0951,0.1858,0.0859,espectro_anomalo,2026-09-03T18:18:19+00:00
marais-poitevin,2020-09-25,2,S2B_30TXS_20200925_0_L2A;S2B_30TXS_20200925_1_L2A,1.0,0.5276,0.4724,0.0689,0.0,fijo,0.895,0.0796,60526.8,247.9,0.0087,431.1,159.6,221.3,-0.0339,0.0508,0.1142,0.0297,nublado,2026-09-03T18:18:19+00:00
marais-poitevin,2020-09-28,2,S2B_30TXS_20200928_0_L2A;S2B_30TXS_20200928_1_L2A,0.5444,0.0516,0.5163,0.064,0.0,fijo,0.952,0.0942,60526.8,278.0,0.0089,192.8,214.3,234.6,-0.0295,0.0575,0.1375,0.055,parcial,2026-09-03T18:18:19+00:00
marais-poitevin,2020-10-10,2,S2A_30TXS_20201010_0_L2A;S2A_30TXS_20201010_1_L2A,1.0,0.628,0.372,0.0495,0.0,fijo,0.745,0.0865,60526.8,125.4,0.0056,114.4,101.2,121.8,-0.077,0.0251,0.0863,0.0086,nublado,2026-09-03T18:18:19+00:00
marais-poitevin,2020-10-15,2,S2B_30TXS_20201015_0_L2A;S2B_30TXS_20201015_1_L2A,1.0,0.6305,0.3695,0.0744,-0.2617,otsu,0.923,0.0818,60526.8,1542.1,0.069,6218.6,106.0,107.9,-0.0089,0.0488,0.0641,0.0029,nublado,2026-09-03T18:18:19+00:00
marais-poitevin,2020-10-18,2,S2B_30TXS_20201018_0_L2A;S2B_30TXS_20201018_1_L2A,0.5384,0.0983,0.4855,0.0489,-0.3398,otsu,1.162,0.048,60526.8,2359.4,0.0803,4919.0,121.9,124.6,0.0609,0.0518,0.0635,0.0092,parcial,2026-09-03T18:18:19+00:00
marais-poitevin,2020-10-23,2,S2A_30TXS_20201023_0_L2A;S2A_30TXS_20201023_1_L2A,0.5176,0.211,0.4084,0.0432,0.0,fijo,0.443,0.0824,60526.8,328.1,0.0133,214.6,310.9,310.0,-0.0959,0.0359,0.1755,0.078,parcial,2026-09-03T18:18:19+00:00
marais-poitevin,2020-10-30,2,S2A_30TXS_20201030_0_L2A;S2A_30TXS_20201030_1_L2A,1.0,0.4299,0.5701,0.057,0.0,fijo,0.934,0.0608,60526.8,409.6,0.0119,751.1,373.9,305.8,-0.0701,0.0685,0.1777,0.082,nublado,2026-09-03T18:18:19+00:00
marais-poitevin,2020-11-02,1,S2A_30TXS_20201102_0_L2A,0.5161,1.0005,0.0,0.1953,0.0,fijo,,,60526.8,1.7,1.0,0.0,1.7,35.3,-0.0478,0.0018,0.01,0.0,parcial,2026-09-03T18:18:19+00:00
marais-poitevin,2020-11-04,2,S2B_30TXS_20201104_0_L2A;S2B_30TXS_20201104_1_L2A,1.0,0.0251,0.9749,0.0343,0.0,fijo,1.041,0.0439,60526.8,426.6,0.0072,818.8,308.3,484.3,-0.0342,0.0792,0.2047,0.1079,ok,2026-09-03T18:20:41+00:00
marais-poitevin,2020-11-12,2,S2A_30TXS_20201112_0_L2A;S2A_30TXS_20201112_1_L2A,0.5183,0.3341,0.3452,0.0477,0.0,fijo,0.664,0.0733,60526.8,255.5,0.0122,292.4,203.7,233.1,-0.0775,0.033,0.1038,0.0218,parcial,2026-09-03T18:18:19+00:00
marais-poitevin,2020-11-14,2,S2B_30TXS_20201114_0_L2A;S2B_30TXS_20201114_1_L2A,1.0,0.0702,0.9298,0.0409,0.0,fijo,0.918,0.0673,60526.8,368.8,0.0066,435.2,268.5,358.8,-0.057,0.0707,0.1754,0.076,ok,2026-09-03T18:20:41+00:00
marais-poitevin,2020-11-19,2,S2A_30TXS_20201119_0_L2A;S2A_30TXS_20201119_1_L2A,1.0,0.0066,0.9934,0.031,0.0,fijo,1.049,0.0655,60526.8,333.4,0.0055,347.2,243.8,331.3,-0.0577,0.0629,0.1756,0.0679,ok,2026-09-03T18:20:41+00:00
marais-poitevin,2020-11-22,2,S2A_30TXS_20201122_0_L2A;S2A_30TXS_20201122_1_L2A,0.5155,0.0076,0.5116,0.0254,0.0,fijo,0.511,0.0609,60526.8,341.7,0.011,294.8,333.1,355.3,-0.0862,0.0227,0.1616,0.0716,parcial,2026-09-03T18:20:41+00:00
marais-poitevin,2020-11-27,2,S2B_30TXS_20201127_0_L2A;S2B_30TXS_20201127_1_L2A,0.5358,0.0888,0.4882,0.0543,0.0,fijo,0.994,0.0797,60526.8,260.0,0.0088,103.5,222.5,295.8,-0.0185,0.0535,0.1396,0.036,parcial,2026-09-03T18:20:41+00:00
marais-poitevin,2020-11-29,2,S2A_30TXS_20201129_0_L2A;S2A_30TXS_20201129_1_L2A,1.0,0.0044,0.9956,0.0264,0.0,fijo,1.09,0.0561,60526.8,308.6,0.0051,292.4,252.8,372.7,-0.0564,0.069,0.2,0.0999,ok,2026-09-03T18:20:41+00:00
marais-poitevin,2020-12-12,2,S2A_30TXS_20201212_0_L2A;S2A_30TXS_20201212_1_L2A,0.5529,0.0185,0.5427,0.0282,0.0273,otsu,0.662,0.0483,60526.8,1277.8,0.0389,904.0,957.6,1102.5,0.0164,0.0601,0.1496,0.0618,parcial,2026-09-03T18:20:41+00:00
marais-poitevin,2020-12-17,2,S2B_30TXS_20201217_0_L2A;S2B_30TXS_20201217_1_L2A,0.5424,0.1788,0.4454,0.037,-0.0586,otsu,0.91,0.0325,60526.8,680.3,0.0252,1278.5,520.2,832.0,-0.0505,0.0861,0.2089,0.1082,parcial,2026-09-03T18:20:41+00:00
marais-poitevin,2020-12-29,2,S2A_30TXS_20201229_0_L2A;S2A_30TXS_20201229_1_L2A,1.0,0.8166,0.1834,0.0331,0.0664,otsu,0.823,0.0924,60526.8,992.5,0.0894,235.8,593.4,492.5,-0.0465,0.0328,0.0654,0.0002,nublado,2026-09-03T18:20:41+00:00
marais-poitevin,2021-01-08,2,S2A_30TXS_20210108_0_L2A;S2A_30TXS_20210108_1_L2A,1.0,0.0017,0.9983,0.0257,-0.0352,otsu,0.706,0.0152,60526.8,834.4,0.0138,1485.4,763.3,1052.5,-0.1131,0.0956,0.4406,0.2256,ok,2026-09-03T18:20:41+00:00
marais-poitevin,2021-01-18,2,S2A_30TXS_20210118_0_L2A;S2A_30TXS_20210118_1_L2A,1.0,0.4072,0.5928,0.0371,-0.3242,otsu,0.808,0.0441,60526.8,1140.5,0.0318,14709.0,140.0,70.1,0.0641,0.0704,0.0983,0.0188,nublado,2026-09-03T18:20:41+00:00
marais-poitevin,2021-01-23,1,S2B_30TXS_20210123_0_L2A,1.0,0.6793,0.3207,0.0722,0.0,fijo,1.003,0.0557,60526.8,586.8,0.0302,1579.1,158.9,339.6,-0.0223,0.0482,0.0843,0.0121,nublado,2026-09-03T18:20:41+00:00
marais-poitevin,2021-02-07,2,S2A_30TXS_20210207_0_L2A;S2A_30TXS_20210207_1_L2A,1.0,0.1521,0.8479,0.0269,0.0898,otsu,0.46,0.0261,60526.8,5478.8,0.1068,1579.9,5408.8,6140.4,-0.0685,0.0694,0.2131,0.1144,ok,2026-09-03T18:22:42+00:00
marais-poitevin,2021-02-17,2,S2A_30TXS_20210217_0_L2A;S2A_30TXS_20210217_1_L2A,1.0,0.0672,0.9328,0.0348,-0.1523,otsu,0.853,0.0132,60526.8,1671.4,0.0296,3472.4,1473.1,1993.2,-0.1127,0.1681,0.3345,0.4174,ok,2026-09-03T18:22:42+00:00
marais-poitevin,2021-02-27,2,S2A_30TXS_20210227_0_L2A;S2A_30TXS_20210227_1_L2A,1.0,0.0057,0.9943,0.0395,0.0,fijo,0.675,0.057,60526.8,468.4,0.0078,683.3,424.9,445.4,-0.0687,0.0832,0.1991,0.0995,ok,2026-09-03T18:22:42+00:00
marais-poitevin,2021-03-04,2,S2B_30TXS_20210304_0_L2A;S2B_30TXS_20210304_1_L2A,1.0,0.1666,0.8334,0.0629,0.0,fijo,0.75,0.0991,60526.8,333.7,0.0066,289.9,291.4,236.5,-0.0707,0.0628,0.1667,0.0665,ok,2026-09-03T18:22:42+00:00
marais-poitevin,2021-03-09,2,S2A_30TXS_20210309_0_L2A;S2A_30TXS_20210309_1_L2A,1.0,0.2072,0.7928,0.0538,-0.3164,otsu,0.756,0.0754,60526.8,1249.0,0.026,12376.8,209.9,198.2,0.0105,0.049,0.0744,0.0032,nublado,2026-09-03T18:22:42+00:00
marais-poitevin,2021-03-12,2,S2A_30TXS_20210312_0_L2A;S2A_30TXS_20210312_1_L2A,0.5281,0.314,0.3623,0.0475,0.0,fijo,0.815,0.081,60526.8,236.7,0.0108,374.7,185.6,205.8,-0.0457,0.0821,0.1721,0.0635,parcial,2026-09-03T18:22:42+00:00
marais-poitevin,2021-03-14,1,S2B_30TXS_20210314_0_L2A,1.0,0.6347,0.3653,0.0592,-0.3477,otsu,1.277,0.0931,60526.8,34.6,0.0016,8190.4,7.3,0.7,-0.0027,0.08,0.13,0.0473,nublado,2026-09-03T18:22:42+00:00
marais-poitevin,2021-03-17,2,S2B_30TXS_20210317_0_L2A;S2B_30TXS_20210317_1_L2A,0.53,0.0819,0.4865,0.0384,0.0,fijo,1.243,0.0739,60526.8,187.6,0.0064,261.8,126.3,110.1,-0.0703,0.0986,0.1966,0.0951,parcial,2026-09-03T18:22:42+00:00
marais-poitevin,2021-03-19,2,S2A_30TXS_20210319_0_L2A;S2A_30TXS_20210319_1_L2A,1.0,0.6022,0.3978,0.0437,0.0,fijo,1.196,0.0936,60526.8,140.6,0.0058,185.4,98.0,154.0,-0.0429,0.0629,0.1467,0.056,nublado,2026-09-03T18:22:42+00:00
marais-poitevin,2021-03-22,2,S2A_30TXS_20210322_0_L2A;S2A_30TXS_20210322_1_L2A,0.5303,0.002,0.5292,0.0327,0.0,fijo,0.577,0.0812,60526.8,290.5,0.0091,282.3,268.7,254.9,-0.1494,0.0255,0.162,0.0381,parcial,2026-09-03T18:22:42+00:00
marais-poitevin,2021-03-24,2,S2B_30TXS_20210324_0_L2A;S2B_30TXS_20210324_1_L2A,1.0,0.0585,0.9415,0.04,0.0,fijo,0.482,0.0762,60526.8,344.0,0.006,330.2,343.6,311.8,-0.18,0.0259,0.1772,0.0735,ok,2026-09-03T18:22:42+00:00
marais-poitevin,2021-03-27,2,S2B_30TXS_20210327_0_L2A;S2B_30TXS_20210327_1_L2A,0.5364,0.1511,0.4554,0.047,-0.3477,otsu,1.021,0.0775,60526.8,698.8,0.0254,8719.7,78.0,96.8,0.0607,0.0545,0.0746,0.0033,parcial,2026-09-03T18:22:42+00:00
marais-poitevin,2021-03-29,2,S2A_30TXS_20210329_0_L2A;S2A_30TXS_20210329_1_L2A,1.0,0.0021,0.9979,0.0334,0.0,fijo,0.885,0.059,60526.8,375.3,0.0062,429.7,265.5,306.3,-0.0836,0.105,0.2289,0.1344,ok,2026-09-03T18:26:16+00:00
marais-poitevin,2021-04-01,2,S2A_30TXS_20210401_0_L2A;S2A_30TXS_20210401_1_L2A,0.5338,0.0394,0.5128,0.0453,-0.3086,otsu,1.516,0.0776,60526.8,426.8,0.0138,7197.6,40.4,82.3,0.0505,0.0629,0.0997,0.0005,parcial,2026-09-03T18:26:16+00:00
marais-poitevin,2021-04-03,2,S2B_30TXS_20210403_0_L2A;S2B_30TXS_20210403_1_L2A,1.0,0.0001,0.9999,0.0411,0.0,fijo,0.768,0.091,60526.8,380.5,0.0063,436.0,309.3,326.5,-0.0644,0.0546,0.1375,0.0355,ok,2026-09-03T18:26:16+00:00
marais-poitevin,2021-04-06,3,S2B_30TXS_20210406_0_L2A;S2B_30TXS_20210406_1_L2A;S2B_30TXS_20210406_2_L2A,0.5418,0.3274,0.3644,0.0461,0.0,fijo,0.559,0.0979,60526.8,231.8,0.0105,165.6,195.0,175.6,-0.0887,0.0363,0.1338,0.0254,parcial,2026-09-03T18:26:16+00:00
marais-poitevin,2021-04-08,2,S2A_30TXS_20210408_0_L2A;S2A_30TXS_20210408_1_L2A,1.0,0.1574,0.8426,0.0414,0.0,fijo,0.872,0.0844,60526.8,280.9,0.0055,188.4,224.2,224.8,-0.0593,0.0565,0.1394,0.0303,ok,2026-09-03T18:26:16+00:00
marais-poitevin,2021-04-11,2,S2A_30TXS_20210411_0_L2A;S2A_30TXS_20210411_1_L2A,0.5458,0.7125,0.1571,0.084,-0.1914,otsu,1.081,0.079,60526.8,174.8,0.0184,5268.2,32.6,47.0,-0.0178,0.0501,0.084,0.0146,parcial,2026-09-03T18:26:16+00:00
marais-poitevin,2021-04-13,2,S2B_30TXS_20210413_0_L2A;S2B_30TXS_20210413_1_L2A,1.0,0.1169,0.8831,0.0396,0.0,fijo,1.423,0.0835,60526.8,263.7,0.0049,294.4,142.6,261.2,-0.0446,0.0721,0.162,0.0548,espectro_anomalo,2026-09-03T18:26:16+00:00
marais-poitevin,2021-04-16,2,S2B_30TXS_20210416_0_L2A;S2B_30TXS_20210416_1_L2A,0.5457,0.1919,0.441,0.0482,0.0,fijo,0.981,0.0745,60526.8,179.8,0.0067,240.8,92.6,165.6,-0.0298,0.0552,0.125,0.0085,parcial,2026-09-03T18:26:16+00:00
marais-poitevin,2021-04-18,3,S2A_30TXS_20210418_0_L2A;S2A_30TXS_20210418_1_L2A;S2A_30TXS_20210418_2_L2A,1.0,0.157,0.843,0.0445,0.0,fijo,0.597,0.0884,60526.8,287.7,0.0056,193.4,288.0,240.4,-0.089,0.0349,0.1537,0.057,ok,2026-09-03T18:26:16+00:00
marais-poitevin,2021-04-21,3,S2A_30TXS_20210421_0_L2A;S2A_30TXS_20210421_1_L2A;S2A_30TXS_20210421_2_L2A,0.5565,0.0392,0.5347,0.0449,0.0,fijo,0.482,0.0787,60526.8,303.3,0.0094,366.3,277.2,260.2,-0.1764,0.0193,0.1346,0.0253,parcial,2026-09-03T18:26:16+00:00
marais-poitevin,2021-04-23,2,S2B_30TXS_20210423_0_L2A;S2B_30TXS_20210423_1_L2A,1.0,0.0016,0.9984,0.0396,0.0,fijo,0.528,0.0686,60526.8,336.6,0.0056,255.6,345.3,312.8,-0.1306,0.0603,0.1655,0.0651,ok,2026-09-03T18:26:16+00:00
marais-poitevin,2021-04-28,2,S2A_30TXS_20210428_0_L2A;S2A_30TXS_20210428_1_L2A,1.0,0.1189,0.8811,0.0334,0.0,fijo,0.878,0.057,60526.8,502.5,0.0094,388.5,354.5,354.4,-0.0438,0.093,0.184,0.0789,ok,2026-09-03T18:26:16+00:00
marais-poitevin,2021-05-03,3,S2B_30TXS_20210503_0_L2A;S2B_30TXS_20210503_1_L2A;S2B_30TXS_20210503_2_L2A,1.0,0.0123,0.9877,0.0367,0.0,fijo,0.499,0.0665,60526.8,376.2,0.0063,274.3,379.9,340.3,-0.1121,0.0342,0.161,0.0601,ok,2026-09-03T19:33:03+00:00
marais-poitevin,2021-05-08,3,S2A_30TXS_20210508_0_L2A;S2A_30TXS_20210508_1_L2A;S2A_30TXS_20210508_2_L2A,1.0,0.3207,0.6793,0.0379,0.0,fijo,0.752,0.0927,60526.8,321.0,0.0078,175.8,261.4,222.4,-0.0569,0.0635,0.1726,0.074,nublado,2026-09-03T19:33:03+00:00
marais-poitevin,2021-05-11,2,S2A_30TXS_20210511_0_L2A;S2A_30TXS_20210511_1_L2A,0.5415,0.2619,0.3997,0.0477,-0.3086,otsu,1.148,0.077,60526.8,642.5,0.0266,8469.9,58.0,110.1,0.0767,0.0563,0.0837,0.0042,parcial,2026-09-03T19:33:03+00:00
marais-poitevin,2021-05-13,2,S2B_30TXS_20210513_0_L2A;S2B_30TXS_20210513_1_L2A,1.0,0.2165,0.7835,0.0438,0.0,fijo,0.877,0.0677,60526.8,191.9,0.004,319.3,152.8,172.3,-0.0797,0.0968,0.2351,0.1546,nublado,2026-09-03T19:33:03+00:00
marais-poitevin,2021-05-16,2,S2B_30TXS_20210516_0_L2A;S2B_30TXS_20210516_1_L2A,0.5292,0.3824,0.3269,0.0621,-0.2617,otsu,1.331,0.0822,60526.8,257.8,0.013,7459.7,33.6,82.4,0.0542,0.0636,0.1095,0.0003,parcial,2026-09-03T19:33:03+00:00
marais-poitevin,2021-05-23,2,S2B_30TXS_20210523_0_L2A;S2B_30TXS_20210523_1_L2A,1.0,0.406,0.594,0.0568,0.0,fijo,0.824,0.0937,60526.8,264.5,0.0074,763.6,228.7,237.7,-0.0647,0.063,0.1726,0.0387,nublado,2026-09-03T19:33:03+00:00
marais-poitevin,2021-05-28,2,S2A_30TXS_20210528_0_L2A;S2A_30TXS_20210528_1_L2A,1.0,0.6888,0.3112,0.0404,0.0,fijo,1.013,0.0614,60526.8,35.8,0.0019,67.1,46.6,48.6,-0.0292,0.0883,0.1507,0.0703,nublado,2026-09-03T19:33:03+00:00
marais-poitevin,2021-05-31,2,S2A_30TXS_20210531_0_L2A;S2A_30TXS_20210531_1_L2A,0.5394,0.0019,0.5384,0.0305,0.0,fijo,0.827,0.0872,60526.8,314.5,0.0097,144.6,247.1,177.8,-0.0442,0.0998,0.3031,0.1716,parcial,2026-09-03T19:33:03+00:00
marais-poitevin,2021-06-05,2,S2B_30TXS_20210605_0_L2A;S2B_30TXS_20210605_1_L2A,0.5252,0.2402,0.399,0.0463,0.0,fijo,0.544,0.0997,60526.8,220.7,0.0091,190.1,209.0,165.1,-0.095,0.05,0.1948,0.097,parcial,2026-09-03T19:33:03+00:00
marais-poitevin,2021-06-07,2,S2A_30TXS_20210607_0_L2A;S2A_30TXS_20210607_1_L2A,1.0,0.3011,0.6989,0.0565,0.0,fijo,0.646,0.086,60526.8,281.1,0.0066,327.4,252.4,249.7,-0.0937,0.0898,0.2609,0.1558,nublado,2026-09-03T19:33:03+00:00
marais-poitevin,2021-06-12,2,S2B_30TXS_20210612_0_L2A;S2B_30TXS_20210612_1_L2A,1.0,0.2882,0.7118,0.0708,0.0,fijo,1.024,0.085,60526.8,162.3,0.0038,358.6,128.0,159.1,-0.088,0.1216,0.2592,0.225,nublado,2026-09-03T19:38:03+00:00
marais-poitevin,2021-06-15,2,S2B_30TXS_20210615_0_L2A;S2B_30TXS_20210615_1_L2A,0.525,0.1597,0.4412,0.0609,0.0,fijo,0.814,0.0891,60526.8,206.4,0.0077,85.3,164.2,155.3,-0.0436,0.0935,0.2085,0.1163,parcial,2026-09-03T19:33:03+00:00
marais-poitevin,2021-06-25,2,S2B_30TXS_20210625_0_L2A;S2B_30TXS_20210625_1_L2A,0.5335,0.3998,0.3202,0.0696,0.0,fijo,1.021,0.098,60526.8,156.4,0.0081,214.7,114.4,80.8,-0.0585,0.0924,0.1727,0.046,parcial,2026-09-03T19:33:03+00:00
marais-poitevin,2021-06-30,2,S2A_30TXS_20210630_0_L2A;S2A_30TXS_20210630_1_L2A,0.5423,0.478,0.2831,0.0709,0.0,fijo,0.893,0.091,60526.8,233.5,0.0136,319.6,171.9,98.0,-0.0665,0.0815,0.1758,0.0481,parcial,2026-09-03T19:38:03+00:00
marais-poitevin,2021-07-07,1,S2A_30TXS_20210707_0_L2A,1.0,0.7191,0.2809,0.0505,0.0,fijo,,,60526.8,17.3,0.001,30.8,24.6,16.1,-0.251,0.1965,0.4089,0.2864,nublado,2026-09-03T19:38:03+00:00
marais-poitevin,2021-07-12,1,S2B_30TXS_20210712_0_L2A,1.0,0.7911,0.2089,0.0849,-0.3477,otsu,1.139,0.0975,60526.8,129.8,0.0103,6250.5,20.6,22.3,0.0445,0.0729,0.1269,0.004,nublado,2026-09-03T19:38:03+00:00
marais-poitevin,2021-07-15,2,S2B_30TXS_20210715_0_L2A;S2B_30TXS_20210715_1_L2A,0.5229,0.4117,0.3077,0.0723,-0.3242,otsu,0.992,0.1013,60526.8,312.7,0.0168,5247.2,125.2,101.8,-0.002,0.0725,0.1355,0.0133,parcial,2026-09-03T19:38:03+00:00
marais-poitevin,2021-07-17,2,S2A_30TXS_20210717_0_L2A;S2A_30TXS_20210717_1_L2A,1.0,0.0003,0.9997,0.0449,0.0,fijo,0.556,0.0825,60526.8,354.2,0.0059,141.1,332.7,254.5,-0.0961,0.0632,0.1675,0.0637,ok,2026-09-03T19:38:03+00:00
marais-poitevin,2021-07-20,2,S2A_30TXS_20210720_0_L2A;S2A_30TXS_20210720_1_L2A,0.5341,0.0015,0.5333,0.0539,0.0,fijo,0.815,0.0977,60526.8,281.9,0.0087,126.2,223.5,183.4,-0.0617,0.0596,0.1388,0.0309,parcial,2026-09-03T19:38:03+00:00
marais-poitevin,2021-07-22,2,S2B_30TXS_20210722_0_L2A;S2B_30TXS_20210722_1_L2A,1.0,0.0431,0.9569,0.0534,0.0,fijo,1.015,0.0956,60526.8,305.3,0.0053,163.4,228.0,212.1,-0.0604,0.0814,0.1853,0.0836,ok,2026-09-03T19:38:03+00:00
marais-poitevin,2021-07-25,2,S2B_30TXS_20210725_0_L2A;S2B_30TXS_20210725_1_L2A,0.525,0.3751,0.3282,0.0702,-0.2773,otsu,0.938,0.0886,60526.8,428.6,0.0216,3243.0,144.6,119.3,-0.0057,0.081,0.1461,0.0341,parcial,2026-09-03T19:38:03+00:00
marais-poitevin,2021-07-30,2,S2A_30TXS_20210730_0_L2A;S2A_30TXS_20210730_1_L2A,0.5336,0.054,0.5048,0.055,0.0,fijo,0.688,0.098,60526.8,279.0,0.0091,118.0,227.3,181.2,-0.0627,0.0772,0.1787,0.0578,parcial,2026-09-03T19:38:03+00:00
marais-poitevin,2021-08-01,1,S2B_30TXS_20210801_0_L2A,1.0,0.8576,0.1424,0.0662,-0.3398,otsu,1.411,0.1102,60526.8,38.9,0.0045,3291.6,14.4,13.7,-0.0132,0.1023,0.2066,0.108,nublado,2026-09-03T19:38:03+00:00
marais-poitevin,2021-08-11,2,S2B_30TXS_20210811_0_L2A;S2B_30TXS_20210811_1_L2A,1.0,0.0001,0.9999,0.0491,0.0,fijo,1.2,0.0783,60526.8,282.4,0.0047,231.4,172.8,251.6,-0.0525,0.1034,0.2098,0.1109,espectro_anomalo,2026-09-03T19:43:25+00:00
marais-poitevin,2021-08-14,2,S2B_30TXS_20210814_0_L2A;S2B_30TXS_20210814_1_L2A,0.5328,0.0009,0.5323,0.0558,0.0,fijo,0.805,0.0892,60526.8,266.6,0.0083,139.7,195.9,207.1,-0.0406,0.0818,0.1607,0.0587,parcial,2026-09-03T19:43:25+00:00
marais-poitevin,2021-08-24,1,S2B_30TXS_20210824_0_L2A,0.5414,0.7239,0.1496,0.1108,0.0,fijo,1.187,0.1132,60526.8,143.8,0.0159,238.3,47.7,91.7,-0.0487,0.0605,0.104,0.0161,parcial,2026-09-03T19:38:03+00:00
marais-poitevin,2021-08-26,2,S2A_30TXS_20210826_0_L2A;S2A_30TXS_20210826_1_L2A,1.0,0.0009,0.9991,0.0483,0.0,fijo,1.171,0.0729,60526.8,262.4,0.0043,148.5,184.2,235.4,-0.0496,0.0899,0.1959,0.0965,espectro_anomalo,2026-09-03T19:43:25+00:00
marais-poitevin,2021-08-29,2,S2A_30TXS_20210829_0_L2A;S2A_30TXS_20210829_1_L2A,0.5331,0.1282,0.4648,0.0581,0.0,fijo,0.73,0.0919,60526.8,206.4,0.0073,89.1,175.0,172.2,-0.0706,0.0579,0.14,0.0543,parcial,2026-09-03T19:43:25+00:00
marais-poitevin,2021-08-31,2,S2B_30TXS_20210831_0_L2A;S2B_30TXS_20210831_1_L2A,1.0,0.3938,0.6062,0.0869,-0.332,otsu,0.621,0.0949,60526.8,1438.6,0.0392,14859.8,211.4,232.4,0.0203,0.0531,0.081,0.0065,nublado,2026-09-03T19:43:25+00:00
marais-poitevin,2021-09-03,2,S2B_30TXS_20210903_0_L2A;S2B_30TXS_20210903_1_L2A,0.5523,0.2075,0.4377,0.0686,0.0,fijo,0.456,0.0886,60526.8,222.7,0.0084,85.2,217.5,192.4,-0.1295,0.031,0.1494,0.0386,parcial,2026-09-03T19:43:25+00:00
marais-poitevin,2021-09-05,2,S2A_30TXS_20210905_0_L2A;S2A_30TXS_20210905_1_L2A,1.0,0.1744,0.8256,0.0511,0.0,fijo,1.106,0.0736,60526.8,220.5,0.0044,88.2,185.8,234.8,-0.0451,0.0905,0.239,0.1219,espectro_anomalo,2026-09-03T19:43:25+00:00
marais-poitevin,2021-09-08,2,S2A_30TXS_20210908_0_L2A;S2A_30TXS_20210908_1_L2A,0.5345,0.0573,0.5038,0.068,0.0,fijo,1.462,0.079,60526.8,213.2,0.007,95.7,122.9,164.3,-0.0336,0.0963,0.1744,0.0593,parcial,2026-09-03T19:43:25+00:00
marais-poitevin,2021-09-10,1,S2B_30TXS_20210910_0_L2A,1.0,0.6201,0.3799,0.0695,0.0,fijo,0.996,0.0771,60526.8,173.7,0.0076,304.3,74.4,137.4,-0.0431,0.0641,0.1116,0.0316,nublado,2026-09-03T19:43:25+00:00
marais-poitevin,2021-09-20,2,S2B_30TXS_20210920_0_L2A;S2B_30TXS_20210920_1_L2A,1.0,0.4897,0.5103,0.0639,0.0,fijo,1.047,0.0671,60526.8,128.6,0.0042,107.8,106.4,134.1,-0.0863,0.0908,0.1842,0.0828,nublado,2026-09-03T19:43:25+00:00
marais-poitevin,2021-09-23,2,S2B_30TXS_20210923_0_L2A;S2B_30TXS_20210923_1_L2A,0.5445,0.0006,0.5441,0.0551,0.0,fijo,1.203,0.0639,60526.8,239.9,0.0073,138.4,168.6,223.9,-0.063,0.0929,0.1932,0.0945,parcial,2026-09-03T19:43:25+00:00
marais-poitevin,2021-09-28,1,S2A_30TXS_20210928_0_L2A,0.5306,0.3047,0.369,0.0636,0.0,fijo,1.317,0.0634,60526.8,41.2,0.0018,27.5,43.8,57.4,-0.1396,0.0213,0.1236,0.0097,parcial,2026-09-03T19:43:25+00:00
marais-poitevin,2021-09-30,2,S2B_30TXS_20210930_0_L2A;S2B_30TXS_20210930_1_L2A,1.0,0.0166,0.9834,0.0505,0.0,fijo,0.467,0.0698,60526.8,318.9,0.0054,126.3,325.5,307.1,-0.1493,0.0343,0.2098,0.107,ok,2026-09-03T20:33:24+00:00
marais-poitevin,2021-10-03,2,S2B_30TXS_20211003_0_L2A;S2B_30TXS_20211003_1_L2A,0.5307,0.3197,0.361,0.0506,0.0,fijo,1.007,0.0527,60526.8,137.8,0.0063,240.6,101.2,102.4,-0.0681,0.0611,0.1301,0.0192,parcial,2026-09-03T20:33:24+00:00
marais-poitevin,2021-10-05,2,S2A_30TXS_20211005_0_L2A;S2A_30TXS_20211005_1_L2A,1.0,0.6267,0.3733,0.0532,0.0,fijo,1.355,0.0918,60526.8,151.5,0.0067,42.4,46.0,125.8,0.0101,0.0602,0.0949,0.0172,nublado,2026-09-03T20:33:24+00:00
marais-poitevin,2021-10-08,2,S2A_30TXS_20211008_0_L2A;S2A_30TXS_20211008_1_L2A,0.5244,0.3329,0.3498,0.0544,0.0,fijo,0.539,0.0582,60526.8,127.8,0.006,138.2,117.0,61.2,-0.0904,0.084,0.1831,0.072,parcial,2026-09-03T20:33:24+00:00
marais-poitevin,2021-10-10,2,S2B_30TXS_20211010_0_L2A;S2B_30TXS_20211010_1_L2A,1.0,0.3262,0.6738,0.059,0.0,fijo,1.516,0.0766,60526.8,325.6,0.008,239.7,169.4,268.9,-0.0287,0.081,0.1655,0.0576,nublado,2026-09-03T20:33:24+00:00
marais-poitevin,2021-10-23,2,S2B_30TXS_20211023_0_L2A;S2B_30TXS_20211023_1_L2A,0.515,0.0017,0.5142,0.0447,0.0,fijo,1.268,0.0644,60526.8,258.0,0.0083,157.9,162.3,239.9,-0.0584,0.0803,0.2068,0.1087,parcial,2026-09-03T20:33:24+00:00
marais-poitevin,2021-10-28,2,S2A_30TXS_20211028_0_L2A;S2A_30TXS_20211028_1_L2A,0.5178,0.0017,0.5169,0.04,0.0,fijo,0.441,0.0674,60526.8,293.7,0.0094,121.8,276.6,290.6,-0.1261,0.0315,0.1962,0.0962,parcial,2026-09-03T20:33:24+00:00
marais-poitevin,2021-11-04,2,S2A_30TXS_20211104_0_L2A;S2A_30TXS_20211104_1_L2A,1.0,0.0365,0.9635,0.033,0.0,fijo,1.459,0.0488,60526.8,321.4,0.0055,202.6,190.2,354.0,-0.049,0.1018,0.2373,0.156,espectro_anomalo,2026-09-03T20:33:24+00:00
marais-poitevin,2021-11-09,2,S2B_30TXS_20211109_0_L2A;S2B_30TXS_20211109_1_L2A,1.0,0.1288,0.8712,0.0454,0.0,fijo,1.364,0.0522,60526.8,206.1,0.0039,149.1,153.2,162.0,-0.092,0.0879,0.1937,0.0895,espectro_anomalo,2026-09-03T20:33:24+00:00
marais-poitevin,2021-11-17,2,S2A_30TXS_20211117_0_L2A;S2A_30TXS_20211117_1_L2A,0.5438,0.7936,0.1122,0.1071,0.0,fijo,1.092,0.0717,60526.8,259.6,0.0382,139.4,114.4,133.0,-0.0683,0.0466,0.0832,0.0077,parcial,2026-09-03T20:33:24+00:00
marais-poitevin,2021-11-19,2,S2B_30TXS_20211119_0_L2A;S2B_30TXS_20211119_1_L2A,1.0,0.0046,0.9954,0.0413,0.0,fijo,1.565,0.0596,60526.8,281.7,0.0047,183.6,189.1,338.5,-0.0639,0.096,0.2198,0.122,espectro_anomalo,2026-09-03T20:33:24+00:00
marais-poitevin,2021-11-27,1,S2A_30TXS_20211127_0_L2A,0.5337,0.5179,0.2573,0.04,0.0,fijo,1.036,0.0715,60526.8,218.3,0.014,123.8,131.2,265.1,-0.0164,0.043,0.1239,0.037,parcial,2026-09-03T20:33:24+00:00
marais-poitevin,2021-12-04,1,S2A_30TXS_20211204_0_L2A,1.0,0.793,0.207,0.0303,0.0,fijo,1.485,0.0693,60526.8,759.5,0.0606,668.7,141.7,167.2,-0.0166,0.0265,0.0529,0.0,nublado,2026-09-03T20:34:35+00:00
marais-poitevin,2021-12-14,2,S2A_30TXS_20211214_0_L2A;S2A_30TXS_20211214_1_L2A,1.0,0.7831,0.2169,0.1114,-0.2617,otsu,0.965,0.0925,60526.8,2246.0,0.1711,6963.1,93.5,209.4,0.0025,0.0437,0.0647,0.0007,nublado,2026-09-03T20:34:35+00:00
marais-poitevin,2021-12-17,2,S2A_30TXS_20211217_0_L2A;S2A_30TXS_20211217_1_L2A,0.5428,0.0084,0.5383,0.0304,0.0,fijo,1.325,0.0609,60526.8,335.0,0.0103,123.4,202.3,343.4,-0.0161,0.0755,0.1873,0.09,parcial,2026-09-03T20:34:35+00:00
marais-poitevin,2022-01-01,1,S2B_30TXS_20220101_0_L2A,0.546,0.8213,0.0975,0.0507,0.0,fijo,0.774,0.0773,60526.8,170.4,0.0289,61.6,138.8,140.2,-0.0326,0.0672,0.1768,0.0747,parcial,2026-09-03T20:34:35+00:00
marais-poitevin,2022-01-06,1,S2A_30TXS_20220106_0_L2A,0.5344,0.2987,0.3748,0.0368,0.0,fijo,0.935,0.0467,60526.8,267.9,0.0118,336.4,167.6,319.2,-0.0283,0.0718,0.2031,0.1064,parcial,2026-09-03T20:34:35+00:00
marais-poitevin,2022-01-11,1,S2B_30TXS_20220111_0_L2A,0.5423,0.016,0.5336,0.0327,0.0195,otsu,0.589,0.0402,60526.8,648.6,0.0201,690.4,559.7,749.3,-0.0555,0.0715,0.2346,0.1472,parcial,2026-09-03T20:34:35+00:00
marais-poitevin,2022-01-13,2,S2A_30TXS_20220113_0_L2A;S2A_30TXS_20220113_1_L2A,1.0,0.0129,0.9871,0.0304,0.0,fijo,0.59,0.0386,60526.8,588.3,0.0098,650.6,540.4,720.0,-0.0655,0.0664,0.2369,0.1473,ok,2026-09-03T20:35:27+00:00
marais-poitevin,2022-01-21,1,S2B_30TXS_20220121_0_L2A,0.5452,0.0072,0.5413,0.0364,0.0,fijo,0.82,0.064,60526.8,349.0,0.0107,306.6,294.4,347.4,-0.0546,0.0634,0.1918,0.0906,parcial,2026-09-03T20:34:35+00:00
marais-poitevin,2022-01-23,1,S2A_30TXS_20220123_0_L2A,1.0,0.1441,0.8559,0.0351,0.0,fijo,0.918,0.0581,60526.8,320.8,0.0062,91.2,289.9,349.6,-0.044,0.0768,0.213,0.1149,ok,2026-09-03T20:34:35+00:00
marais-poitevin,2022-01-31,1,S2B_30TXS_20220131_0_L2A,0.5433,0.6551,0.1874,0.0644,-0.3086,otsu,1.552,0.0854,60526.8,188.0,0.0166,4986.8,26.5,75.0,0.0343,0.0667,0.1089,0.0072,parcial,2026-09-03T20:34:35+00:00
marais-poitevin,2022-02-05,1,S2A_30TXS_20220205_0_L2A,0.5319,0.3074,0.3684,0.037,0.0,fijo,0.941,0.0692,60526.8,159.3,0.0071,83.6,118.9,135.9,-0.095,0.0553,0.1648,0.0635,parcial,2026-09-03T20:34:35+00:00
marais-poitevin,2022-02-07,1,S2B_30TXS_20220207_0_L2A,1.0,0.3427,0.6573,0.0693,0.0,fijo,1.348,0.0845,60526.8,84.0,0.0021,189.2,74.1,107.2,-0.1054,0.0599,0.1294,0.0133,nublado,2026-09-03T20:34:35+00:00
marais-poitevin,2022-02-12,1,S2A_30TXS_20220212_1_L2A,1.0,0.0015,0.9985,0.033,0.0,fijo,0.535,0.0614,60526.8,395.3,0.0065,212.6,406.5,397.2,-0.1115,0.0325,0.1835,0.0731,ok,2026-09-03T20:35:27+00:00
marais-poitevin,2022-02-25,1,S2A_30TXS_20220225_0_L2A,0.531,0.6615,0.1798,0.0473,0.0,fijo,0.869,0.0979,60526.8,102.8,0.0094,98.4,86.9,114.6,-0.0595,0.0272,0.1273,0.0234,parcial,2026-09-03T20:34:35+00:00
marais-poitevin,2022-02-27,1,S2B_30TXS_20220227_0_L2A,1.0,0.6054,0.3946,0.0514,0.0,fijo,,,60526.8,15.0,0.0006,13.0,7.8,13.8,-0.0657,0.0552,0.1036,0.0,nublado,2026-09-03T20:35:27+00:00
marais-poitevin,2022-03-07,1,S2A_30TXS_20220307_0_L2A,0.5202,0.0108,0.5145,0.0429,0.0,fijo,1.208,0.0785,60526.8,344.0,0.011,376.2,208.2,275.4,-0.0487,0.0719,0.1849,0.0755,parcial,2026-09-03T20:35:27+00:00
marais-poitevin,2022-03-09,1,S2B_30TXS_20220309_0_L2A,1.0,0.6533,0.3467,0.0372,0.0,fijo,,,60526.8,12.8,0.0006,9.2,18.9,3.6,-0.1594,0.0223,0.0608,0.0031,nublado,2026-09-03T20:35:27+00:00
marais-poitevin,2022-03-12,1,S2B_30TXS_20220312_0_L2A,0.522,0.3502,0.3393,0.043,0.0,fijo,0.709,0.0943,60526.8,143.7,0.007,116.6,131.1,155.1,-0.1123,0.0254,0.1362,0.0423,parcial,2026-09-03T20:35:27+00:00
marais-poitevin,2022-03-14,1,S2A_30TXS_20220314_0_L2A,1.0,0.4431,0.5569,0.0369,0.0,fijo,0.84,0.0675,60526.8,86.5,0.0026,144.5,66.4,24.8,-0.0697,0.0621,0.1545,0.0143,nublado,2026-09-03T20:35:27+00:00
marais-poitevin,2022-03-22,2,S2B_30TXS_20220322_0_L2A;S2B_30TXS_20220322_1_L2A,0.52,0.0001,0.52,0.0001,0.0,fijo,2.439,0.0001,60526.8,111.0,0.0035,197.2,86.6,216.5,-0.2877,0.1918,0.9851,0.2601,parcial,2026-09-03T20:35:27+00:00
marais-poitevin,2022-03-24,1,S2A_30TXS_20220324_0_L2A,1.0,0.0156,0.9844,0.039,0.0,fijo,0.782,0.0877,60526.8,343.0,0.0058,247.3,281.2,253.6,-0.0659,0.0551,0.174,0.0631,ok,2026-09-03T20:35:27+00:00
marais-poitevin,2022-03-27,1,S2A_30TXS_20220327_0_L2A,0.5277,0.5274,0.2494,0.0392,-0.3477,otsu,1.51,0.0886,60526.8,543.2,0.036,2796.5,92.6,68.2,0.0451,0.0533,0.0765,0.0096,parcial,2026-09-03T20:35:27+00:00
marais-poitevin,2022-04-01,1,S2B_30TXS_20220401_0_L2A,0.5316,0.5589,0.2347,0.0482,0.0,fijo,1.102,0.1061,60526.8,125.1,0.0088,115.0,66.5,112.6,-0.0208,0.0462,0.1171,0.0102,parcial,2026-09-03T20:35:27+00:00
marais-poitevin,2022-04-11,1,S2B_30TXS_20220411_0_L2A,0.5239,0.0053,0.5211,0.039,0.0,fijo,0.739,0.0914,60526.8,246.5,0.0078,180.3,212.7,187.4,-0.1263,0.0372,0.162,0.0239,parcial,2026-09-03T20:35:27+00:00
marais-poitevin,2022-04-16,1,S2A_30TXS_20220416_0_L2A,0.538,0.0005,0.5377,0.0316,0.0,fijo,1.233,0.0817,60526.8,263.1,0.0081,247.2,138.9,223.4,-0.0348,0.0864,0.1655,0.0573,parcial,2026-09-03T20:36:30+00:00
marais-poitevin,2022-04-21,1,S2B_30TXS_20220421_0_L2A,0.5275,0.3953,0.3189,0.041,0.0,fijo,1.091,0.0682,60526.8,91.4,0.0047,181.7,79.1,94.8,-0.113,0.0743,0.1895,0.0827,parcial,2026-09-03T20:36:30+00:00
marais-poitevin,2022-04-26,1,S2A_30TXS_20220426_0_L2A,0.5344,0.0175,0.525,0.0324,0.0,fijo,0.643,0.0924,60526.8,296.6,0.0093,257.1,249.9,243.9,-0.0726,0.0449,0.1617,0.0371,parcial,2026-09-03T20:36:30+00:00
marais-poitevin,2022-05-01,1,S2B_30TXS_20220501_0_L2A,0.5506,0.6507,0.1923,0.02,0.0,fijo,2.93,0.0417,60526.8,1.2,0.0001,35.2,1.7,48.8,-0.2502,0.1424,0.2665,0.2414,parcial,2026-09-03T20:36:30+00:00
marais-poitevin,2022-05-03,1,S2A_30TXS_20220503_0_L2A,1.0,0.1549,0.8451,0.0414,0.0,fijo,1.237,0.0874,60526.8,175.4,0.0034,238.8,107.8,174.9,-0.0541,0.0995,0.1883,0.0862,espectro_anomalo,2026-09-03T20:36:30+00:00
marais-poitevin,2022-05-06,1,S2A_30TXS_20220506_0_L2A,0.5433,0.0007,0.543,0.0288,0.0,fijo,0.831,0.0963,60526.8,256.7,0.0078,193.2,191.6,194.8,-0.0387,0.0698,0.1767,0.0645,parcial,2026-09-03T20:36:30+00:00
marais-poitevin,2022-05-08,1,S2B_30TXS_20220508_0_L2A,1.0,0.7717,0.2283,0.0601,0.0,fijo,0.538,0.136,60526.8,30.2,0.0022,28.0,27.1,30.3,-0.1142,0.0214,0.1336,0.0265,nublado,2026-09-03T20:36:30+00:00
marais-poitevin,2022-05-11,1,S2B_30TXS_20220511_0_L2A,0.531,0.0192,0.5208,0.0347,0.0,fijo,0.62,0.0953,60526.8,285.1,0.009,166.7,251.4,219.1,-0.0805,0.0469,0.166,0.055,parcial,2026-09-03T20:36:30+00:00
marais-poitevin,2022-05-13,1,S2A_30TXS_20220513_0_L2A,1.0,0.5116,0.4884,0.0556,0.0,fijo,1.422,0.0876,60526.8,65.4,0.0022,85.9,41.6,62.3,-0.0445,0.0632,0.1165,0.0196,nublado,2026-09-03T20:36:30+00:00
marais-poitevin,2022-05-21,1,S2B_30TXS_20220521_0_L2A,0.5182,0.0113,0.5124,0.035,0.0,fijo,0.962,0.1035,60526.8,223.7,0.0072,129.8,164.0,164.2,-0.0332,0.0695,0.1656,0.0531,parcial,2026-09-03T20:36:30+00:00
marais-poitevin,2022-05-28,1,S2B_30TXS_20220528_0_L2A,1.0,0.0008,0.9992,0.0375,0.0,fijo,0.896,0.0803,60526.8,287.9,0.0048,189.2,222.0,262.6,-0.0568,0.0951,0.2641,0.1498,ok,2026-09-03T20:36:30+00:00
marais-poitevin,2022-05-31,1,S2B_30TXS_20220531_0_L2A,0.5273,0.0027,0.5259,0.0409,0.0,fijo,1.135,0.0923,60526.8,207.0,0.0065,147.4,142.0,186.8,-0.0361,0.0899,0.1922,0.0902,parcial,2026-09-03T20:37:53+00:00
marais-poitevin,2022-06-02,2,S2A_30TXS_20220602_0_L2A;S2A_30TXS_20220602_1_L2A,1.0,0.2941,0.7059,0.0387,0.0,fijo,0.95,0.0816,60526.8,185.6,0.0043,96.1,150.7,193.6,-0.0943,0.1415,0.3243,0.2958,nublado,2026-09-03T20:37:53+00:00
marais-poitevin,2022-06-10,1,S2B_30TXS_20220610_0_L2A,0.5146,0.1776,0.4233,0.0556,0.0,fijo,0.535,0.1053,60526.8,281.6,0.011,69.8,280.3,185.0,-0.0879,0.0419,0.1695,0.0753,parcial,2026-09-03T20:36:30+00:00
marais-poitevin,2022-06-12,1,S2A_30TXS_20220612_0_L2A,1.0,0.4575,0.5425,0.0574,0.0,fijo,0.857,0.1084,60526.8,225.4,0.0069,79.5,202.6,176.7,-0.0264,0.0598,0.1324,0.0371,nublado,2026-09-03T20:37:53+00:00
marais-poitevin,2022-06-15,1,S2A_30TXS_20220615_0_L2A,0.5158,0.0002,0.5157,0.0576,0.0,fijo,1.395,0.0936,60526.8,216.8,0.0069,110.2,108.1,188.0,-0.0167,0.0833,0.1587,0.0428,parcial,2026-09-03T20:37:53+00:00
marais-poitevin,2022-06-17,1,S2B_30TXS_20220617_0_L2A,1.0,0.0125,0.9875,0.0609,0.0,fijo,1.435,0.0846,60526.8,188.3,0.0032,75.1,92.9,184.5,-0.0254,0.0918,0.1755,0.0616,espectro_anomalo,2026-09-03T20:37:53+00:00
marais-poitevin,2022-06-27,1,S2B_30TXS_20220627_0_L2A,1.0,0.22,0.78,0.0676,0.0,fijo,0.948,0.0936,60526.8,252.6,0.0054,119.3,197.2,223.7,-0.038,0.0719,0.1495,0.0393,nublado,2026-09-03T20:37:53+00:00
marais-poitevin,2022-06-30,1,S2B_30TXS_20220630_0_L2A,0.5017,0.3349,0.3337,0.0712,0.0,fijo,1.033,0.1185,60526.8,155.7,0.0077,63.6,97.4,146.3,-0.0084,0.0763,0.1633,0.0475,parcial,2026-09-03T20:37:53+00:00
marais-poitevin,2022-07-02,1,S2A_30TXS_20220702_0_L2A,1.0,0.0003,0.9997,0.0523,0.0,fijo,0.995,0.063,60526.8,234.3,0.0039,123.7,219.6,245.1,-0.068,0.1054,0.2542,0.1583,ok,2026-09-03T20:37:53+00:00
marais-poitevin,2022-07-05,1,S2A_30TXS_20220705_0_L2A,0.5037,0.0002,0.5036,0.0617,0.0,fijo,0.862,0.104,60526.8,246.1,0.0081,86.4,218.4,179.2,-0.0409,0.0577,0.1541,0.0398,parcial,2026-09-03T20:37:53+00:00
marais-poitevin,2022-07-07,1,S2B_30TXS_20220707_0_L2A,1.0,0.0005,0.9995,0.0619,0.0,fijo,0.372,0.0715,60526.8,295.4,0.0049,125.4,318.4,258.9,-0.171,0.0308,0.2211,0.1175,ok,2026-09-03T20:37:53+00:00
marais-poitevin,2022-07-10,1,S2B_30TXS_20220710_0_L2A,0.5122,0.0005,0.512,0.069,0.0,fijo,0.648,0.1126,60526.8,240.4,0.0078,75.4,243.0,174.8,-0.0674,0.0325,0.1612,0.0696,parcial,2026-09-03T20:37:53+00:00
marais-poitevin,2022-07-12,1,S2A_30TXS_20220712_0_L2A,1.0,0.0004,0.9996,0.0606,0.0,fijo,0.985,0.0795,60526.8,241.0,0.004,86.8,218.4,231.7,-0.0383,0.0702,0.1868,0.0901,ok,2026-09-03T20:37:53+00:00
marais-poitevin,2022-07-15,1,S2A_30TXS_20220715_0_L2A,0.515,0.2552,0.3836,0.0749,0.0,fijo,1.398,0.0896,60526.8,193.4,0.0083,73.3,89.0,182.3,0.0021,0.0758,0.1261,0.0296,parcial,2026-09-03T20:38:59+00:00
marais-poitevin,2022-07-20,1,S2B_30TXS_20220720_0_L2A,0.5127,0.3789,0.3185,0.0924,0.0,fijo,0.648,0.0986,60526.8,121.3,0.0063,33.4,123.3,105.3,-0.0875,0.0308,0.0969,0.0069,parcial,2026-09-03T20:38:59+00:00
marais-poitevin,2022-07-27,1,S2B_30TXS_20220727_0_L2A,1.0,0.6257,0.3743,0.0874,0.0,fijo,0.764,0.0912,60526.8,58.2,0.0026,23.4,56.5,70.3,-0.096,0.0786,0.2592,0.1704,nublado,2026-09-03T20:38:59+00:00
marais-poitevin,2022-07-30,1,S2B_30TXS_20220730_0_L2A,0.5171,0.0133,0.5102,0.0744,0.0,fijo,1.19,0.0878,60526.8,169.6,0.0055,75.8,148.7,181.0,-0.0287,0.0877,0.1822,0.088,parcial,2026-09-03T20:38:59+00:00
marais-poitevin,2022-08-06,1,S2B_30TXS_20220806_0_L2A,1.0,0.0422,0.9578,0.0771,0.0,fijo,0.521,0.0751,60526.8,272.2,0.0047,89.4,280.1,229.5,-0.1356,0.0488,0.1802,0.086,ok,2026-09-03T20:38:59+00:00
marais-poitevin,2022-08-09,1,S2B_30TXS_20220809_0_L2A,0.5262,0.0041,0.5241,0.0818,0.0,fijo,0.693,0.0874,60526.8,211.4,0.0067,64.0,215.4,180.0,-0.0879,0.0435,0.191,0.0927,parcial,2026-09-03T20:38:59+00:00
marais-poitevin,2022-08-11,1,S2A_30TXS_20220811_0_L2A,1.0,0.0002,0.9998,0.0741,0.0,fijo,1.148,0.074,60526.8,206.6,0.0034,93.3,190.0,223.2,-0.0492,0.0824,0.248,0.1323,espectro_anomalo,2026-09-03T20:38:59+00:00
marais-poitevin,2022-08-24,1,S2A_30TXS_20220824_0_L2A,0.5063,0.8248,0.0888,0.0473,0.0,fijo,,,60526.8,0.7,0.0001,0.4,2.0,1.8,-0.0681,0.1095,0.163,0.0556,parcial,2026-09-03T20:38:59+00:00
marais-poitevin,2022-08-26,1,S2B_30TXS_20220826_0_L2A,1.0,0.7756,0.2244,0.104,0.0,fijo,1.042,0.1087,60526.8,35.6,0.0026,9.0,34.4,63.6,-0.0755,0.0497,0.1145,0.0034,nublado,2026-09-03T20:38:59+00:00
marais-poitevin,2022-08-29,1,S2B_30TXS_20220829_0_L2A,0.5456,0.4646,0.2921,0.0877,0.0,fijo,1.228,0.1059,60526.8,91.1,0.0052,20.0,49.0,82.5,-0.0086,0.0836,0.1518,0.0852,parcial,2026-09-03T20:38:59+00:00
marais-poitevin,2022-09-03,1,S2A_30TXS_20220903_0_L2A,0.5006,0.5718,0.2145,0.0862,0.0,fijo,0.609,0.0915,60526.8,99.8,0.0077,21.4,94.6,118.1,-0.0636,0.0609,0.2009,0.1022,parcial,2026-09-03T20:38:59+00:00
marais-poitevin,2022-09-05,1,S2B_30TXS_20220905_0_L2A,1.0,0.4595,0.5405,0.0621,0.0,fijo,0.542,0.0801,60526.8,206.7,0.0063,49.5,191.6,178.8,-0.0708,0.0614,0.178,0.0699,nublado,2026-09-03T20:39:53+00:00
marais-poitevin,2022-09-08,1,S2B_30TXS_20220908_0_L2A,0.5284,0.3316,0.3533,0.0637,0.0,fijo,0.962,0.0726,60526.8,131.2,0.0061,41.6,105.5,94.3,-0.0624,0.0632,0.1579,0.0402,parcial,2026-09-03T20:39:53+00:00
marais-poitevin,2022-09-18,1,S2B_30TXS_20220918_0_L2A,0.5168,0.0001,0.5168,0.0641,0.0,fijo,0.513,0.0658,60526.8,261.7,0.0084,103.8,269.2,250.6,-0.1316,0.0619,0.1687,0.0706,parcial,2026-09-03T20:38:59+00:00
marais-poitevin,2022-09-20,1,S2A_30TXS_20220920_0_L2A,1.0,0.0001,0.9999,0.0593,0.0,fijo,0.557,0.0603,60526.8,297.6,0.0049,84.0,320.5,288.8,-0.1102,0.0622,0.1735,0.0718,ok,2026-09-03T20:39:53+00:00
marais-poitevin,2022-09-30,1,S2A_30TXS_20220930_0_L2A,1.0,0.8741,0.1259,0.0473,0.0,fijo,1.309,0.1144,60526.8,56.7,0.0074,7.0,12.9,38.4,0.0174,0.0611,0.0947,0.0444,nublado,2026-09-03T20:39:53+00:00
marais-poitevin,2022-10-08,1,S2B_30TXS_20221008_0_L2A,0.5429,0.0012,0.5423,0.0001,0.0,fijo,7.623,0.0001,60526.8,117.1,0.0036,67.0,44.6,243.5,-0.0607,0.1935,0.9095,0.1667,parcial,2026-09-03T20:39:53+00:00
marais-poitevin,2022-10-18,1,S2B_30TXS_20221018_0_L2A,0.5274,0.1479,0.4494,0.0482,0.0,fijo,0.501,0.063,60526.8,157.0,0.0058,113.3,161.5,59.3,-0.1254,0.0624,0.2009,0.1014,parcial,2026-09-03T20:39:53+00:00
marais-poitevin,2022-10-20,1,S2A_30TXS_20221020_0_L2A,1.0,0.418,0.582,0.0393,0.0,fijo,0.762,0.0407,60526.8,114.0,0.0032,69.8,123.0,130.2,-0.1271,0.0546,0.1911,0.0779,nublado,2026-09-03T20:39:53+00:00
marais-poitevin,2022-11-02,1,S2A_30TXS_20221102_0_L2A,0.5207,0.7327,0.1393,0.061,-0.1914,otsu,0.904,0.1119,60526.8,344.8,0.0409,622.8,170.2,86.5,-0.0623,0.0393,0.0826,0.0006,parcial,2026-09-03T20:39:53+00:00
marais-poitevin,2022-11-04,1,S2B_30TXS_20221104_0_L2A,1.0,0.3695,0.6305,0.0413,0.0,fijo,0.935,0.0949,60526.8,260.2,0.0068,162.8,199.7,278.4,-0.0106,0.0468,0.1164,0.0132,nublado,2026-09-03T20:39:53+00:00
marais-poitevin,2022-11-07,1,S2B_30TXS_20221107_0_L2A,0.5311,0.8509,0.0793,0.0524,-0.3398,otsu,1.457,0.1338,60526.8,61.7,0.0128,888.8,0.1,5.7,0.0768,0.0651,0.1077,0.0,parcial,2026-09-03T20:39:53+00:00
marais-poitevin,2022-11-12,1,S2A_30TXS_20221112_0_L2A,0.513,0.0082,0.5088,0.031,0.0,fijo,1.504,0.0579,60526.8,254.0,0.0082,141.1,138.0,260.0,-0.0425,0.0882,0.2204,0.1213,parcial,2026-09-03T20:39:53+00:00
marais-poitevin,2022-11-17,1,S2B_30TXS_20221117_0_L2A,0.5111,0.3341,0.3403,0.0468,0.0,fijo,0.776,0.0797,60526.8,284.8,0.0138,297.9,236.8,295.8,-0.0699,0.0323,0.1276,0.034,parcial,2026-09-03T20:39:53+00:00
marais-poitevin,2022-11-19,1,S2A_30TXS_20221119_0_L2A,1.0,0.0083,0.9917,0.0269,0.0,fijo,0.609,0.0618,60526.8,348.0,0.0058,213.4,321.8,363.6,-0.1126,0.0573,0.2095,0.1116,ok,2026-09-03T20:40:57+00:00
marais-poitevin,2022-11-22,1,S2A_30TXS_20221122_0_L2A,0.5269,0.5843,0.2191,0.046,0.0,fijo,1.323,0.09,60526.8,133.3,0.0101,250.4,53.5,148.9,-0.0146,0.0545,0.0978,0.0054,parcial,2026-09-03T20:40:57+00:00
marais-poitevin,2022-11-29,1,S2A_30TXS_20221129_0_L2A,1.0,0.4063,0.5937,0.0934,-0.2773,otsu,1.101,0.1007,60526.8,5137.9,0.143,15980.4,243.6,344.7,0.0149,0.0491,0.0678,0.0024,nublado,2026-09-03T20:40:57+00:00
marais-poitevin,2022-12-07,1,S2B_30TXS_20221207_0_L2A,0.5236,0.6261,0.1959,0.0695,0.0,fijo,0.745,0.055,60526.8,185.5,0.0156,176.8,151.8,194.4,-0.1344,-0.0146,0.0451,0.0246,parcial,2026-09-03T20:40:57+00:00
marais-poitevin,2022-12-09,1,S2A_30TXS_20221209_0_L2A,1.0,0.253,0.747,0.0391,0.0,fijo,1.293,0.0702,60526.8,260.3,0.0058,195.6,124.2,293.4,-0.0333,0.0645,0.154,0.0621,nublado,2026-09-03T20:40:57+00:00
marais-poitevin,2022-12-27,1,S2B_30TXS_20221227_0_L2A,0.5327,0.6513,0.186,0.049,-0.0977,otsu,1.119,0.063,60526.8,466.2,0.0414,1663.2,176.9,179.2,-0.059,0.0469,0.0829,0.0082,parcial,2026-09-03T20:40:57+00:00
marais-poitevin,2023-01-03,1,S2B_30TXS_20230103_0_L2A,1.0,0.3242,0.6758,0.0362,0.0,fijo,0.488,0.0789,60526.8,180.6,0.0044,165.4,143.2,137.3,-0.0289,0.051,0.1603,0.0711,nublado,2026-09-03T20:40:57+00:00
marais-poitevin,2023-01-11,1,S2A_30TXS_20230111_0_L2A,0.5226,0.0179,0.5132,0.0285,0.0,fijo,1.051,0.067,60526.8,310.7,0.01,285.3,202.7,311.7,-0.0215,0.0899,0.244,0.1435,parcial,2026-09-03T20:40:57+00:00
marais-poitevin,2023-01-13,1,S2B_30TXS_20230113_0_L2A,1.0,0.6374,0.3626,0.0345,0.0,fijo,0.995,0.039,60526.8,190.8,0.0087,313.9,32.0,161.4,-0.0071,0.0639,0.091,0.0111,nublado,2026-09-03T20:40:57+00:00
marais-poitevin,2023-01-16,1,S2B_30TXS_20230116_0_L2A,0.5552,0.9048,0.0531,0.0242,0.082,otsu,0.67,0.0343,60526.8,402.2,0.125,243.1,121.0,134.6,-0.0249,0.0394,0.0651,0.0009,parcial,2026-09-03T20:40:57+00:00
marais-poitevin,2023-01-21,1,S2A_30TXS_20230121_0_L2A,0.5532,0.1078,0.4936,0.0266,0.0273,otsu,1.013,0.0238,60526.8,642.9,0.0215,1362.9,456.5,942.0,-0.0339,0.114,0.2641,0.2157,parcial,2026-09-03T20:40:57+00:00
marais-poitevin,2023-02-05,1,S2B_30TXS_20230205_0_L2A,0.5433,0.3142,0.3726,0.0439,0.0,fijo,0.687,0.0825,60526.8,200.3,0.0089,148.1,160.4,220.2,-0.0589,0.073,0.213,0.112,parcial,2026-09-03T20:40:57+00:00
marais-poitevin,2023-02-07,1,S2A_30TXS_20230207_0_L2A,1.0,0.2188,0.7812,0.0418,0.0,fijo,0.999,0.0817,60526.8,189.8,0.004,216.4,137.6,221.1,-0.0369,0.0635,0.1605,0.0651,nublado,2026-09-03T20:42:15+00:00
marais-poitevin,2023-02-10,1,S2A_30TXS_20230210_0_L2A,0.5282,0.7315,0.1418,0.0357,-0.1055,otsu,1.181,0.0206,60526.8,25.6,0.003,315.2,22.4,56.8,-0.0969,0.0961,0.2818,0.1859,parcial,2026-09-03T20:42:15+00:00
marais-poitevin,2023-02-12,1,S2B_30TXS_20230212_0_L2A,1.0,0.0633,0.9367,0.0448,0.0,fijo,0.532,0.0684,60526.8,428.4,0.0076,504.5,434.8,469.1,-0.0983,0.0533,0.1827,0.0863,ok,2026-09-03T20:42:15+00:00
marais-poitevin,2023-02-15,1,S2B_30TXS_20230215_0_L2A,0.5275,0.0038,0.5255,0.0413,0.0,fijo,0.361,0.0737,60526.8,356.0,0.0112,304.7,344.2,348.1,-0.1344,0.0277,0.1704,0.0695,parcial,2026-09-03T20:42:15+00:00
marais-poitevin,2023-02-20,2,S2A_30TXS_20230220_0_L2A;S2A_30TXS_20230220_1_L2A,0.5371,0.3135,0.3687,0.0263,0.0,fijo,0.886,0.0452,60526.8,150.3,0.0067,244.0,119.4,153.7,-0.0787,0.1,0.244,0.1349,parcial,2026-09-03T20:42:15+00:00
marais-poitevin,2023-02-27,1,S2A_30TXS_20230227_0_L2A,1.0,0.0305,0.9695,0.0334,0.0,fijo,0.564,0.0609,60526.8,456.3,0.0078,495.5,424.0,426.8,-0.0802,0.0512,0.2121,0.1106,ok,2026-09-03T20:42:15+00:00
marais-poitevin,2023-03-02,1,S2A_30TXS_20230302_0_L2A,0.5293,0.367,0.3351,0.0524,0.0,fijo,0.929,0.0923,60526.8,155.5,0.0077,314.3,119.8,128.0,-0.1023,0.0507,0.1317,0.0028,parcial,2026-09-03T20:42:15+00:00
marais-poitevin,2023-03-04,1,S2B_30TXS_20230304_0_L2A,1.0,0.0008,0.9992,0.0453,0.0,fijo,0.611,0.0761,60526.8,391.4,0.0065,476.8,372.4,355.0,-0.0936,0.0618,0.2058,0.1072,ok,2026-09-03T20:42:15+00:00
marais-poitevin,2023-03-24,1,S2B_30TXS_20230324_0_L2A,1.0,0.5901,0.4099,0.0514,0.0,fijo,1.108,0.0785,60526.8,100.7,0.0041,232.6,73.4,137.6,-0.0371,0.0543,0.1378,0.0036,nublado,2026-09-03T20:42:15+00:00
marais-poitevin,2023-04-08,1,S2A_30TXS_20230408_0_L2A,1.0,0.3348,0.6652,0.0353,0.0,fijo,1.159,0.0608,60526.8,155.1,0.0039,183.1,124.0,120.6,-0.0907,0.065,0.15,0.0242,nublado,2026-09-03T20:42:15+00:00
marais-poitevin,2023-04-18,1,S2A_30TXS_20230418_0_L2A,1.0,0.4273,0.5727,0.0392,0.0,fijo,0.989,0.0888,60526.8,132.3,0.0038,142.8,105.1,144.5,-0.0379,0.0605,0.1227,0.0103,nublado,2026-09-03T20:42:15+00:00
marais-poitevin,2023-04-21,1,S2A_30TXS_20230421_0_L2A,0.5272,0.1888,0.4277,0.0243,0.0,fijo,1.143,0.0605,60526.8,185.6,0.0072,518.1,116.7,172.7,-0.0452,0.0931,0.1859,0.0821,parcial,2026-09-03T20:42:15+00:00
marais-poitevin,2023-04-23,1,S2B_30TXS_20230423_0_L2A,1.0,0.6579,0.3421,0.0581,0.0,fijo,1.161,0.098,60526.8,117.8,0.0057,360.4,66.5,92.3,-0.0429,0.0805,0.1517,0.0292,nublado,2026-09-03T20:43:30+00:00
marais-poitevin,2023-05-01,1,S2A_30TXS_20230501_0_L2A,0.5222,0.6418,0.1872,0.046,0.0,fijo,0.934,0.0854,60526.8,32.4,0.0029,64.4,29.4,51.4,-0.1523,0.0258,0.1277,0.0099,parcial,2026-09-03T20:43:30+00:00
marais-poitevin,2023-05-16,1,S2B_30TXS_20230516_0_L2A,0.5097,0.054,0.4821,0.0334,0.0,fijo,0.673,0.1153,60526.8,265.9,0.0091,269.2,216.8,160.6,-0.0522,0.0478,0.1301,0.0153,parcial,2026-09-03T20:43:30+00:00
marais-poitevin,2023-05-26,1,S2B_30TXS_20230526_0_L2A,0.5084,0.0012,0.5078,0.0374,0.0,fijo,0.699,0.106,60526.8,261.3,0.0085,200.7,230.1,190.4,-0.0697,0.0522,0.1843,0.0772,parcial,2026-09-03T20:43:30+00:00
marais-poitevin,2023-05-28,1,S2A_30TXS_20230528_0_L2A,1.0,0.0025,0.9975,0.0349,0.0,fijo,0.353,0.0706,60526.8,309.5,0.0051,200.3,315.1,234.0,-0.1687,0.035,0.2139,0.1149,ok,2026-09-03T20:43:30+00:00
marais-poitevin,2023-05-31,1,S2A_30TXS_20230531_0_L2A,0.5117,0.4077,0.3031,0.033,0.0,fijo,1.181,0.0344,60526.8,42.8,0.0023,75.4,37.0,30.1,-0.0698,0.0739,0.1972,0.0953,parcial,2026-09-03T20:43:30+00:00
marais-poitevin,2023-06-02,1,S2B_30TXS_20230602_0_L2A,1.0,0.0022,0.9978,0.0469,0.0,fijo,0.978,0.0849,60526.8,299.9,0.005,223.8,255.6,243.3,-0.0762,0.0727,0.2,0.0998,ok,2026-09-03T20:43:30+00:00
marais-poitevin,2023-06-05,1,S2B_30TXS_20230605_0_L2A,0.5161,0.1979,0.414,0.0516,0.0,fijo,1.193,0.0985,60526.8,159.9,0.0064,113.8,89.6,122.6,-0.0357,0.0788,0.1827,0.0676,parcial,2026-09-03T20:43:30+00:00
marais-poitevin,2023-06-07,1,S2A_30TXS_20230607_0_L2A,1.0,0.3937,0.6063,0.0444,0.0,fijo,1.02,0.0866,60526.8,213.7,0.0058,73.8,174.0,178.3,-0.0469,0.0774,0.196,0.0951,nublado,2026-09-03T20:43:30+00:00
marais-poitevin,2023-06-10,1,S2A_30TXS_20230610_0_L2A,0.5155,0.4693,0.2736,0.0523,0.0,fijo,0.415,0.1232,60526.8,257.1,0.0155,70.5,249.9,155.1,-0.1009,0.0455,0.1686,0.0681,parcial,2026-09-03T20:43:30+00:00
marais-poitevin,2023-06-15,1,S2B_30TXS_20230615_0_L2A,0.5167,0.2036,0.4115,0.0599,0.0,fijo,0.709,0.1267,60526.8,235.0,0.0094,126.2,219.3,152.8,-0.0486,0.0649,0.1539,0.0727,parcial,2026-09-03T20:43:30+00:00
marais-poitevin,2023-06-22,1,S2B_30TXS_20230622_0_L2A,1.0,0.612,0.388,0.0899,0.0,fijo,1.021,0.0988,60526.8,195.7,0.0083,266.3,152.6,144.9,-0.0821,0.0896,0.2051,0.1049,nublado,2026-09-03T20:43:30+00:00
marais-poitevin,2023-06-25,1,S2B_30TXS_20230625_0_L2A,0.5235,0.0029,0.522,0.0653,0.0,fijo,0.646,0.1131,60526.8,275.0,0.0087,97.2,253.8,186.2,-0.0727,0.0697,0.1933,0.096,parcial,2026-09-03T20:44:34+00:00
marais-poitevin,2023-06-27,1,S2A_30TXS_20230627_0_L2A,1.0,0.5705,0.4295,0.063,0.0,fijo,1.163,0.0692,60526.8,50.6,0.0019,69.8,46.7,53.4,-0.0952,0.0885,0.2637,0.2269,nublado,2026-09-03T20:44:34+00:00
marais-poitevin,2023-07-02,1,S2B_30TXS_20230702_0_L2A,1.0,0.7047,0.2953,0.0807,0.0,fijo,1.367,0.096,60526.8,72.4,0.0041,47.0,54.2,72.3,-0.0552,0.0765,0.1451,0.0453,nublado,2026-09-03T20:44:34+00:00
marais-poitevin,2023-07-05,1,S2B_30TXS_20230705_0_L2A,0.5194,0.4225,0.3,0.0899,0.0,fijo,1.405,0.0991,60526.8,162.4,0.0089,217.7,77.6,117.0,-0.036,0.0864,0.1686,0.0638,parcial,2026-09-03T20:44:34+00:00
marais-poitevin,2023-07-07,1,S2A_30TXS_20230707_0_L2A,1.0,0.5564,0.4436,0.0599,0.0,fijo,1.188,0.0658,60526.8,69.2,0.0026,26.4,63.6,41.7,-0.0847,0.0908,0.2235,0.1294,nublado,2026-09-03T20:44:34+00:00
marais-poitevin,2023-07-10,1,S2A_30TXS_20230710_0_L2A,0.5194,0.0004,0.5192,0.066,0.0,fijo,0.567,0.0837,60526.8,297.6,0.0095,144.2,281.6,214.2,-0.1158,0.0713,0.1813,0.0786,parcial,2026-09-03T20:44:34+00:00
marais-poitevin,2023-07-15,1,S2B_30TXS_20230715_0_L2A,0.5256,0.8681,0.0695,0.095,-0.3477,otsu,1.441,0.135,60526.8,77.7,0.0185,1458.7,2.1,6.4,0.0938,0.07,0.1093,0.0026,parcial,2026-09-03T20:44:34+00:00
marais-poitevin,2023-07-17,1,S2A_30TXS_20230717_0_L2A,1.0,0.2399,0.7601,0.0649,0.0,fijo,1.07,0.0869,60526.8,193.0,0.0042,59.1,152.7,190.4,-0.0306,0.0779,0.1539,0.0645,nublado,2026-09-03T20:44:34+00:00
marais-poitevin,2023-07-22,1,S2B_30TXS_20230722_0_L2A,1.0,0.5421,0.4579,0.0731,0.0,fijo,,,60526.8,1.9,0.0001,5.1,4.1,13.3,-0.165,0.1254,0.3394,0.25,nublado,2026-09-03T20:44:34+00:00
marais-poitevin,2023-07-25,1,S2B_30TXS_20230725_0_L2A,0.5163,0.4061,0.3067,0.086,0.0,fijo,0.821,0.0906,60526.8,167.6,0.009,57.2,152.6,128.8,-0.0731,0.0559,0.1356,0.0177,parcial,2026-09-03T20:44:34+00:00
marais-poitevin,2023-08-06,1,S2A_30TXS_20230806_0_L2A,1.0,0.5854,0.4146,0.0834,0.0,fijo,0.842,0.0985,60526.8,123.5,0.0049,203.1,99.7,93.8,-0.0764,0.0578,0.1716,0.0593,nublado,2026-09-03T20:45:38+00:00
marais-poitevin,2023-08-09,1,S2A_30TXS_20230809_0_L2A,0.5312,0.0001,0.5311,0.0558,0.0,fijo,0.383,0.0789,60526.8,309.7,0.0096,146.0,307.7,256.4,-0.0996,0.0596,0.1635,0.063,parcial,2026-09-03T20:44:34+00:00
marais-poitevin,2023-08-19,1,S2A_30TXS_20230819_0_L2A,0.5127,0.6577,0.1757,0.0764,0.0,fijo,1.376,0.0956,60526.8,10.4,0.001,13.0,10.1,23.1,-0.0661,0.1185,0.2578,0.2231,parcial,2026-09-03T20:44:34+00:00
marais-poitevin,2023-08-21,1,S2B_30TXS_20230821_0_L2A,1.0,0.0237,0.9763,0.0641,0.0,fijo,0.839,0.0784,60526.8,258.6,0.0044,90.7,243.7,246.9,-0.0532,0.0983,0.1917,0.0916,ok,2026-09-03T20:45:38+00:00
marais-poitevin,2023-08-26,1,S2A_30TXS_20230826_0_L2A,1.0,0.4922,0.5078,0.0636,0.0,fijo,0.423,0.0805,60526.8,262.9,0.0086,47.1,254.4,216.6,-0.0993,0.0474,0.1979,0.0977,nublado,2026-09-03T20:45:38+00:00
marais-poitevin,2023-09-03,1,S2B_30TXS_20230903_0_L2A,0.501,0.0001,0.5009,0.06,0.0,fijo,1.371,0.0736,60526.8,247.0,0.0081,297.6,153.8,239.5,-0.0466,0.084,0.2155,0.1145,parcial,2026-09-03T20:45:38+00:00
marais-poitevin,2023-09-05,1,S2A_30TXS_20230905_0_L2A,1.0,0.0001,0.9999,0.0732,0.0,fijo,1.165,0.0898,60526.8,204.7,0.0034,40.6,127.6,238.7,-0.0029,0.0626,0.1167,0.0008,espectro_anomalo,2026-09-03T20:45:38+00:00
marais-poitevin,2023-09-08,1,S2A_30TXS_20230908_0_L2A,0.4987,0.2673,0.3654,0.077,0.0,fijo,0.728,0.0941,60526.8,206.6,0.0093,48.4,202.1,149.0,-0.0782,0.0675,0.1399,0.0525,sin_datos,2026-09-03T20:45:38+00:00
marais-poitevin,2023-09-10,1,S2B_30TXS_20230910_0_L2A,1.0,0.2825,0.7175,0.0596,0.0,fijo,0.659,0.0733,60526.8,151.1,0.0035,55.2,147.1,129.3,-0.108,0.0633,0.1757,0.0662,nublado,2026-09-03T20:45:38+00:00
marais-poitevin,2023-09-13,1,S2B_30TXS_20230913_0_L2A,0.5036,0.6041,0.1995,0.0851,0.0,fijo,1.203,0.0875,60526.8,133.6,0.0111,45.7,100.0,153.2,-0.0813,0.0667,0.1725,0.0632,parcial,2026-09-03T20:45:38+00:00
marais-poitevin,2023-09-15,1,S2A_30TXS_20230915_0_L2A,1.0,0.1011,0.8989,0.0551,0.0,fijo,1.229,0.0655,60526.8,217.2,0.004,89.8,169.1,229.1,-0.0418,0.1139,0.2326,0.1577,espectro_anomalo,2026-09-03T20:45:38+00:00
marais-poitevin,2023-09-18,1,S2A_30TXS_20230918_0_L2A,0.5043,0.3355,0.3351,0.0611,0.0,fijo,1.099,0.0754,60526.8,98.2,0.0048,42.8,70.4,120.4,-0.0277,0.0701,0.1651,0.0505,parcial,2026-09-03T20:45:38+00:00
marais-poitevin,2023-09-23,1,S2B_30TXS_20230923_0_L2A,0.5178,0.1754,0.427,0.0566,0.0,fijo,0.495,0.0884,60526.8,301.3,0.0117,221.1,295.4,255.9,-0.1162,0.0454,0.1698,0.0697,parcial,2026-09-03T20:45:38+00:00
marais-poitevin,2023-09-30,1,S2B_30TXS_20230930_0_L2A,1.0,0.1805,0.8195,0.0505,0.0,fijo,1.378,0.0674,60526.8,252.9,0.0051,354.6,162.4,275.5,-0.0499,0.1006,0.2282,0.1194,espectro_anomalo,2026-09-03T20:46:52+00:00
marais-poitevin,2023-10-03,1,S2B_30TXS_20231003_0_L2A,0.5379,0.7383,0.141,0.0505,0.0,fijo,1.534,0.0331,60526.8,8.2,0.001,14.8,3.3,28.3,-0.0095,0.0346,0.0656,0.0,parcial,2026-09-03T20:45:38+00:00
marais-poitevin,2023-10-05,1,S2A_30TXS_20231005_0_L2A,1.0,0.0502,0.9498,0.0479,0.0,fijo,0.603,0.0744,60526.8,305.6,0.0053,144.8,263.6,257.2,-0.0762,0.066,0.2112,0.1071,ok,2026-09-03T20:46:52+00:00
marais-poitevin,2023-10-08,1,S2A_30TXS_20231008_0_L2A,0.539,0.0001,0.539,0.0528,0.0,fijo,0.575,0.0691,60526.8,288.0,0.0088,106.9,266.8,229.8,-0.1149,0.0368,0.1464,0.0543,parcial,2026-09-03T20:46:52+00:00
marais-poitevin,2023-10-10,1,S2B_30TXS_20231010_0_L2A,1.0,0.0479,0.9521,0.0537,0.0,fijo,0.701,0.0782,60526.8,294.6,0.0051,139.8,250.6,289.2,-0.084,0.0573,0.1786,0.0798,ok,2026-09-03T20:46:52+00:00
marais-poitevin,2023-10-30,1,S2B_30TXS_20231030_0_L2A,1.0,0.6054,0.3946,0.0424,-0.0898,otsu,0.828,0.052,60526.8,505.7,0.0212,1469.4,296.8,412.7,-0.0371,0.0894,0.227,0.1364,nublado,2026-09-03T20:46:52+00:00
marais-poitevin,2023-11-04,1,S2A_30TXS_20231104_0_L2A,1.0,0.4375,0.5625,0.0319,0.0,fijo,0.737,0.0569,60526.8,1238.4,0.0364,943.0,585.5,647.5,0.0219,0.0727,0.1531,0.0594,nublado,2026-09-03T20:46:52+00:00
marais-poitevin,2023-11-09,1,S2B_30TXS_20231109_0_L2A,1.0,0.7903,0.2097,0.0735,0.0,fijo,0.73,0.0326,60526.8,1078.8,0.085,1197.2,270.2,325.4,-0.0012,0.0684,0.122,0.0336,nublado,2026-09-03T20:46:52+00:00
marais-poitevin,2023-11-17,1,S2A_30TXS_20231117_0_L2A,0.5212,0.5677,0.2254,0.0667,0.0,fijo,0.791,0.0635,60526.8,324.0,0.0238,289.9,151.1,203.7,-0.0097,0.0709,0.1458,0.0551,parcial,2026-09-03T20:46:52+00:00
marais-poitevin,2023-11-22,1,S2B_30TXS_20231122_0_L2A,0.5436,0.2199,0.4241,0.0407,0.0,fijo,0.562,0.0452,60526.8,634.2,0.0247,454.6,511.6,689.2,-0.0398,0.0934,0.2531,0.1387,parcial,2026-09-03T20:46:52+00:00
marais-poitevin,2023-12-02,1,S2B_30TXS_20231202_0_L2A,0.5458,0.0699,0.5077,0.0458,0.0,fijo,0.673,0.0515,60526.8,410.1,0.0133,757.0,327.5,543.9,-0.0568,0.0706,0.2202,0.1124,parcial,2026-09-03T20:46:52+00:00
marais-poitevin,2023-12-24,1,S2A_30TXS_20231224_0_L2A,1.0,0.9359,0.0641,0.0756,0.0,fijo,0.894,0.0834,60526.8,40.2,0.0104,40.1,32.2,65.6,-0.1137,-0.0115,0.1074,0.0229,nublado,2026-09-03T20:46:52+00:00
marais-poitevin,2024-01-06,1,S2A_30TXS_20240106_0_L2A,0.5335,0.0035,0.5316,0.0241,0.0273,otsu,0.541,0.0344,60526.8,2417.3,0.0751,961.7,2088.8,2239.2,-0.006,0.0606,0.186,0.0895,parcial,2026-09-03T20:46:52+00:00
marais-poitevin,2024-01-11,2,S2B_30TXS_20240111_0_L2A;S2B_30TXS_20240111_1_L2A,0.5281,0.3341,0.3516,0.0577,0.0,fijo,0.763,0.0883,60526.8,193.0,0.0091,292.1,143.5,248.6,-0.0415,0.051,0.1236,0.0311,parcial,2026-09-03T20:48:02+00:00
marais-poitevin,2024-01-13,1,S2A_30TXS_20240113_0_L2A,1.0,0.0133,0.9867,0.0365,-0.0586,otsu,0.703,0.0385,60526.8,1069.6,0.0179,2602.9,878.7,1186.8,-0.0864,0.0989,0.2471,0.1651,ok,2026-09-03T20:48:02+00:00
marais-poitevin,2024-01-31,1,S2B_30TXS_20240131_0_L2A,0.5497,0.8199,0.099,0.0836,-0.2852,otsu,1.279,0.1297,60526.8,293.0,0.0489,2637.2,15.7,91.2,0.0095,0.0796,0.1082,0.0007,parcial,2026-09-03T20:48:02+00:00
marais-poitevin,2024-02-27,1,S2B_30TXS_20240227_0_L2A,1.0,0.3743,0.6257,0.0452,0.1055,otsu,0.479,0.0534,60526.8,4459.8,0.1178,1356.0,4192.8,3785.1,-0.0341,0.0534,0.1511,0.0472,nublado,2026-09-03T20:48:02+00:00
marais-poitevin,2024-03-03,1,S2A_30TXS_20240303_0_L2A,1.0,0.4169,0.5831,0.0243,0.0039,otsu,0.625,0.0138,60526.8,2875.3,0.0815,1491.3,2905.2,3202.5,-0.1483,0.1717,0.3716,0.4082,nublado,2026-09-03T20:48:02+00:00
marais-poitevin,2024-03-11,1,S2B_30TXS_20240311_0_L2A,0.5506,0.265,0.4047,0.0265,-0.082,otsu,0.638,0.0533,60526.8,483.7,0.0197,1493.0,344.8,404.3,-0.0438,0.1072,0.2299,0.1309,parcial,2026-09-03T20:48:02+00:00
marais-poitevin,2024-03-23,1,S2A_30TXS_20240323_0_L2A,1.0,0.5773,0.4227,0.0449,0.0,fijo,0.763,0.0661,60526.8,158.2,0.0062,270.3,134.5,159.7,-0.0732,0.0609,0.1536,0.0427,nublado,2026-09-03T20:48:02+00:00
marais-poitevin,2024-04-12,1,S2A_30TXS_20240412_0_L2A,1.0,0.1081,0.8919,0.032,0.0,fijo,0.845,0.0726,60526.8,353.8,0.0066,603.3,265.0,264.8,-0.048,0.085,0.1899,0.0894,ok,2026-09-03T20:48:02+00:00
marais-poitevin,2024-04-17,1,S2B_30TXS_20240417_0_L2A,1.0,0.3901,0.6099,0.0418,0.0,fijo,0.818,0.0682,60526.8,131.9,0.0036,205.4,117.4,149.1,-0.1115,0.059,0.1867,0.0901,nublado,2026-09-03T20:48:02+00:00
marais-poitevin,2024-04-20,1,S2B_30TXS_20240420_0_L2A,0.5007,0.0714,0.465,0.0321,0.0,fijo,0.538,0.0943,60526.8,253.8,0.009,248.6,208.9,207.9,-0.0758,0.0529,0.165,0.0723,parcial,2026-09-03T20:48:02+00:00
marais-poitevin,2024-04-22,1,S2A_30TXS_20240422_0_L2A,1.0,0.8082,0.1918,0.0649,0.0,fijo,0.855,0.0511,60526.8,37.0,0.0032,49.5,33.8,52.9,-0.0781,0.0261,0.0776,0.0065,nublado,2026-09-03T20:48:02+00:00
marais-poitevin,2024-04-30,1,S2B_30TXS_20240430_0_L2A,0.5191,0.0411,0.4978,0.0306,0.0,fijo,0.488,0.0778,60526.8,298.1,0.0099,227.7,252.4,226.5,-0.1013,0.0517,0.1388,0.0543,parcial,2026-09-03T20:48:02+00:00
marais-poitevin,2024-05-10,1,S2B_30TXS_20240510_0_L2A,0.5189,0.0311,0.5027,0.0305,0.0,fijo,0.872,0.0813,60526.8,281.5,0.0093,296.2,212.6,217.2,-0.0532,0.0835,0.1829,0.0808,parcial,2026-09-03T20:49:09+00:00
marais-poitevin,2024-05-30,1,S2B_30TXS_20240530_0_L2A,0.5326,0.6662,0.1779,0.0603,0.0,fijo,1.493,0.0812,60526.8,66.3,0.0062,128.7,50.7,63.2,-0.0621,0.0712,0.1459,0.0338,parcial,2026-09-03T20:49:09+00:00
marais-poitevin,2024-06-04,1,S2A_30TXS_20240604_0_L2A,0.5115,0.5312,0.2398,0.0619,0.0,fijo,0.768,0.1277,60526.8,202.9,0.014,170.2,160.6,144.4,-0.0501,0.0503,0.1236,0.0355,parcial,2026-09-03T20:49:09+00:00
marais-poitevin,2024-06-06,1,S2B_30TXS_20240606_0_L2A,1.0,0.4439,0.5561,0.0607,0.0,fijo,1.228,0.0919,60526.8,45.8,0.0014,78.4,40.2,61.6,-0.0921,0.0778,0.1589,0.0166,nublado,2026-09-03T20:49:09+00:00
marais-poitevin,2024-06-09,1,S2B_30TXS_20240609_0_L2A,0.5132,0.0311,0.4972,0.039,0.0,fijo,1.321,0.1053,60526.8,214.7,0.0071,157.6,115.4,154.1,-0.0133,0.071,0.1485,0.0192,parcial,2026-09-03T20:49:09+00:00
marais-poitevin,2024-06-11,1,S2A_30TXS_20240611_0_L2A,1.0,0.4364,0.5636,0.0542,0.0,fijo,0.823,0.1052,60526.8,151.2,0.0044,117.1,127.8,168.7,-0.0344,0.0703,0.2182,0.1225,nublado,2026-09-03T20:49:09+00:00
marais-poitevin,2024-06-24,1,S2A_30TXS_20240624_0_L2A,0.524,0.1252,0.4584,0.04,0.0,fijo,1.099,0.0999,60526.8,221.5,0.008,132.3,160.6,177.6,-0.0223,0.0858,0.1698,0.0719,parcial,2026-09-03T20:49:09+00:00
marais-poitevin,2024-06-26,1,S2B_30TXS_20240626_0_L2A,1.0,0.1282,0.8718,0.0564,0.0,fijo,0.875,0.0928,60526.8,300.9,0.0057,204.8,246.7,245.9,-0.0581,0.1058,0.2126,0.1152,ok,2026-09-03T20:49:09+00:00
marais-poitevin,2024-07-04,1,S2A_30TXS_20240704_0_L2A,0.5295,0.5056,0.2618,0.0601,0.0,fijo,0.944,0.1082,60526.8,105.0,0.0066,55.4,82.3,95.5,-0.0334,0.0677,0.1426,0.0408,parcial,2026-09-03T20:49:09+00:00
marais-poitevin,2024-07-06,1,S2B_30TXS_20240706_0_L2A,1.0,0.5214,0.4786,0.0665,0.0,fijo,1.195,0.1077,60526.8,102.2,0.0035,117.6,74.5,139.2,-0.0325,0.0774,0.1908,0.065,nublado,2026-09-03T20:49:09+00:00
marais-poitevin,2024-07-14,2,S2A_30TXS_20240714_0_L2A;S2A_30TXS_20240714_1_L2A,0.5417,0.0527,0.5131,0.0422,0.0,fijo,0.522,0.089,60526.8,298.0,0.0096,124.0,288.8,204.8,-0.0876,0.0558,0.1764,0.0788,parcial,2026-09-03T20:50:28+00:00
marais-poitevin,2024-07-19,1,S2B_30TXS_20240719_0_L2A,0.523,0.0002,0.5229,0.0579,0.0,fijo,0.772,0.1032,60526.8,266.6,0.0084,127.8,234.0,183.7,-0.0547,0.0707,0.1556,0.0515,parcial,2026-09-03T20:49:09+00:00
marais-poitevin,2024-07-24,1,S2A_30TXS_20240724_0_L2A,0.5403,0.2066,0.4287,0.0531,0.0,fijo,1.127,0.0945,60526.8,192.5,0.0074,92.2,111.5,163.1,-0.0239,0.0934,0.1988,0.0989,parcial,2026-09-03T20:49:09+00:00
marais-poitevin,2024-07-29,1,S2B_30TXS_20240729_0_L2A,0.5363,0.0073,0.5324,0.0597,0.0,fijo,0.582,0.0844,60526.8,276.2,0.0086,89.5,265.3,192.6,-0.1252,0.0434,0.1609,0.0387,parcial,2026-09-03T20:50:28+00:00
marais-poitevin,2024-07-31,1,S2A_30TXS_20240731_0_L2A,1.0,0.8405,0.1595,0.0525,0.0,fijo,1.331,0.0996,60526.8,11.2,0.0012,40.6,6.9,27.9,-0.0657,0.0942,0.1437,0.0249,nublado,2026-09-03T20:50:28+00:00
marais-poitevin,2024-08-05,1,S2B_30TXS_20240805_0_L2A,1.0,0.2166,0.7834,0.0653,0.0,fijo,1.003,0.0891,60526.8,226.2,0.0048,131.9,168.1,218.6,-0.0498,0.0927,0.1697,0.0467,nublado,2026-09-03T20:50:28+00:00
marais-poitevin,2024-08-08,1,S2B_30TXS_20240808_0_L2A,0.5159,0.0457,0.4923,0.0538,0.0,fijo,1.064,0.0945,60526.8,201.5,0.0068,78.0,141.8,162.9,-0.0212,0.09,0.1766,0.076,parcial,2026-09-03T20:50:28+00:00
marais-poitevin,2024-08-10,1,S2A_30TXS_20240810_0_L2A,1.0,0.1192,0.8808,0.0495,0.0,fijo,0.592,0.073,60526.8,258.5,0.0048,120.2,263.6,239.7,-0.0636,0.0915,0.2044,0.1074,ok,2026-09-03T20:50:28+00:00
marais-poitevin,2024-08-15,1,S2B_30TXS_20240815_0_L2A,1.0,0.0594,0.9406,0.0519,0.0,fijo,0.466,0.077,60526.8,260.0,0.0046,127.0,266.8,226.0,-0.118,0.0419,0.1608,0.0657,ok,2026-09-03T20:50:28+00:00
marais-poitevin,2024-08-25,1,S2B_30TXS_20240825_0_L2A,1.0,0.2068,0.7932,0.0542,0.0,fijo,1.0,0.0719,60526.8,130.2,0.0027,100.0,112.9,143.5,-0.0788,0.0756,0.175,0.062,nublado,2026-09-03T20:50:28+00:00
marais-poitevin,2024-09-04,1,S2B_30TXS_20240904_0_L2A,1.0,0.6429,0.3571,0.0729,0.0,fijo,1.15,0.09,60526.8,60.3,0.0028,45.7,43.5,75.8,-0.0751,0.0857,0.178,0.069,nublado,2026-09-03T20:50:28+00:00
marais-poitevin,2024-09-12,1,S2A_30TXS_20240912_0_L2A,0.5295,0.6714,0.1741,0.0655,0.0,fijo,0.514,0.1093,60526.8,98.1,0.0093,83.8,78.3,59.2,-0.1022,0.0247,0.1173,0.0228,parcial,2026-09-03T20:50:28+00:00
marais-poitevin,2024-09-14,1,S2B_30TXS_20240914_0_L2A,1.0,0.5377,0.4623,0.0393,0.0,fijo,0.369,0.087,60526.8,197.2,0.007,46.9,180.6,128.8,-0.1098,-0.0025,0.0966,0.0144,nublado,2026-09-03T20:50:28+00:00
marais-poitevin,2024-09-17,1,S2B_30TXS_20240917_0_L2A,0.5286,0.0283,0.5136,0.056,0.0,fijo,1.441,0.0893,60526.8,222.3,0.0071,121.4,117.6,197.3,-0.0222,0.0794,0.1597,0.0606,parcial,2026-09-03T20:50:28+00:00
marais-poitevin,2024-09-19,1,S2A_30TXS_20240919_0_L2A,1.0,0.0001,0.9999,0.0416,0.0,fijo,1.45,0.0612,60526.8,296.4,0.0049,237.6,195.2,280.8,-0.0348,0.1047,0.2306,0.1311,espectro_anomalo,2026-09-03T20:51:52+00:00
marais-poitevin,2024-09-24,1,S2B_30TXS_20240924_0_L2A,1.0,0.3074,0.6926,0.0435,0.0,fijo,0.514,0.0881,60526.8,331.2,0.0079,151.7,298.2,279.1,-0.0819,0.0555,0.1873,0.094,nublado,2026-09-03T20:51:52+00:00
marais-poitevin,2024-10-02,1,S2A_30TXS_20241002_0_L2A,0.5223,0.4978,0.2623,0.0461,0.0,fijo,0.92,0.0646,60526.8,196.2,0.0124,220.4,147.8,181.6,-0.0563,0.0756,0.1884,0.0856,parcial,2026-09-03T20:51:52+00:00
marais-poitevin,2024-10-04,1,S2B_30TXS_20241004_0_L2A,1.0,0.086,0.914,0.0378,0.0,fijo,1.027,0.0673,60526.8,336.7,0.0061,265.9,258.0,294.6,-0.0469,0.0774,0.1983,0.0975,ok,2026-09-03T20:51:52+00:00
marais-poitevin,2024-10-12,1,S2A_30TXS_20241012_0_L2A,0.5436,0.841,0.0867,0.0519,0.0,fijo,0.69,0.0533,60526.8,145.9,0.0278,66.2,110.4,108.3,-0.0142,0.0891,0.1537,0.0096,parcial,2026-09-03T20:51:52+00:00
marais-poitevin,2024-10-22,1,S2A_30TXS_20241022_0_L2A,0.5252,0.9124,0.0463,0.0705,0.0,fijo,1.257,0.0891,60526.8,36.0,0.0129,22.8,18.5,63.2,-0.0504,0.0653,0.1243,0.0499,parcial,2026-09-03T20:51:52+00:00
marais-poitevin,2024-10-24,1,S2B_30TXS_20241024_0_L2A,1.0,0.0746,0.9254,0.0391,0.0,fijo,0.48,0.0584,60526.8,379.6,0.0068,379.4,357.9,414.4,-0.0742,0.0421,0.1897,0.0914,ok,2026-09-03T20:51:52+00:00
marais-poitevin,2024-11-01,2,S2A_30TXS_20241101_0_L2A;S2C_30TXS_20241101_1_L2A,0.5211,0.1763,0.4294,0.0001,0.0,fijo,0.005,0.0001,60526.8,49.4,0.0019,46.9,47.9,95.4,-0.2378,0.2209,0.5767,0.4175,parcial,2026-09-03T20:51:52+00:00
marais-poitevin,2024-11-03,1,S2B_30TXS_20241103_0_L2A,1.0,0.064,0.936,0.0411,0.0,fijo,0.844,0.0831,60526.8,254.2,0.0045,286.3,221.1,286.8,-0.0527,0.0708,0.1847,0.0856,ok,2026-09-03T20:51:52+00:00
marais-poitevin,2024-11-11,2,S2A_30TXS_20241111_0_L2A;S2C_30TXS_20241111_1_L2A,0.5432,0.1714,0.4501,0.0001,0.0,fijo,1.0,0.0001,60526.8,124.4,0.0046,39.0,125.4,241.1,-0.6544,0.1129,0.617,0.173,parcial,2026-09-03T20:51:52+00:00
marais-poitevin,2024-11-13,1,S2B_30TXS_20241113_0_L2A,1.0,0.0161,0.9839,0.0414,0.0,fijo,0.855,0.0781,60526.8,383.4,0.0064,429.4,327.6,403.3,-0.0543,0.0514,0.1413,0.0548,ok,2026-09-04T06:45:03+00:00
marais-poitevin,2024-11-16,1,S2B_30TXS_20241116_0_L2A,0.5422,0.0026,0.5408,0.0345,0.0,fijo,0.948,0.0741,60526.8,305.9,0.0093,268.7,215.9,315.8,-0.0527,0.0603,0.1441,0.0494,parcial,2026-09-03T20:51:52+00:00
marais-poitevin,2024-11-21,1,S2C_30TXS_20241121_0_L2A,0.5207,0.885,0.0601,0.0906,-0.168,otsu,1.076,0.0933,60526.8,310.3,0.0853,1286.3,38.3,89.7,-0.0037,0.0552,0.0939,0.0,parcial,2026-09-03T20:51:52+00:00
marais-poitevin,2024-12-11,2,S2A_30TXS_20241211_0_L2A;S2C_30TXS_20241211_1_L2A,0.5293,0.1519,0.4489,0.0432,0.0,fijo,0.548,0.0685,60526.8,397.4,0.0146,476.7,327.8,397.9,-0.0475,0.0229,0.113,0.0366,parcial,2026-09-04T06:45:03+00:00
marais-poitevin,2024-12-16,1,S2B_30TXS_20241216_1_L2A,0.529,0.2866,0.3774,0.06,0.0,fijo,1.011,0.0755,60526.8,231.6,0.0101,95.0,183.8,285.7,-0.0378,0.0506,0.1356,0.053,parcial,2026-09-04T06:45:03+00:00
marais-poitevin,2024-12-23,1,S2B_30TXS_20241223_0_L2A,1.0,0.0183,0.9817,0.0372,0.0,fijo,0.733,0.0682,60526.8,405.2,0.0068,404.1,315.7,406.0,-0.0427,0.0426,0.1488,0.0625,ok,2026-09-04T06:45:03+00:00
marais-poitevin,2025-01-12,1,S2B_30TXS_20250112_0_L2A,1.0,0.2565,0.7435,0.0446,0.0664,otsu,0.671,0.0516,60526.8,4718.9,0.1049,1506.9,3836.4,4440.8,-0.0061,0.0376,0.1238,0.0291,nublado,2026-09-04T06:45:03+00:00
marais-poitevin,2025-01-15,1,S2B_30TXS_20250115_0_L2A,0.5408,0.603,0.2147,0.0311,0.1133,otsu,0.544,0.0456,60526.8,916.9,0.0706,579.2,838.8,996.9,-0.0455,0.0674,0.1823,0.0787,parcial,2026-09-04T06:45:03+00:00
marais-poitevin,2025-01-17,1,S2A_30TXS_20250117_0_L2A,1.0,0.0025,0.9975,0.0251,-0.0117,otsu,0.868,0.017,60526.8,2474.6,0.041,1731.2,2071.7,3186.6,-0.0601,0.1253,0.2997,0.248,ok,2026-09-04T06:45:03+00:00
marais-poitevin,2025-01-20,1,S2A_30TXS_20250120_0_L2A,0.5355,0.7362,0.1415,0.0529,-0.1992,otsu,0.724,0.0605,60526.8,305.2,0.0356,2148.5,118.2,144.7,-0.0357,0.0628,0.1052,0.0248,parcial,2026-09-04T06:45:03+00:00
marais-poitevin,2025-02-04,1,S2B_30TXS_20250204_0_L2A,0.5305,0.007,0.5268,0.0338,0.0508,otsu,0.637,0.0326,60526.8,1214.0,0.0381,1104.5,1109.7,1251.1,-0.1078,0.1318,0.3586,0.2837,parcial,2026-09-04T06:45:03+00:00
marais-poitevin,2025-03-01,1,S2C_30TXS_20250301_0_L2A,0.5115,0.1074,0.4566,0.0001,0.0,fijo,0.25,0.0001,60526.8,126.7,0.0046,145.7,107.1,297.2,-0.1742,0.0471,0.4092,0.1986,parcial,2026-09-04T06:45:03+00:00
marais-poitevin,2025-03-06,1,S2B_30TXS_20250306_0_L2A,0.5024,0.1363,0.4339,0.0001,0.0,fijo,0.071,0.0001,60526.8,136.0,0.0052,78.5,134.8,182.1,-0.5852,0.2662,0.9773,0.3875,parcial,2026-09-04T06:45:03+00:00
marais-poitevin,2025-03-11,1,S2C_30TXS_20250311_0_L2A,0.5154,0.0003,0.5153,0.0265,0.0,fijo,0.406,0.0597,60526.8,389.9,0.0125,370.9,373.5,331.9,-0.1108,0.0324,0.1872,0.0847,parcial,2026-09-04T06:45:03+00:00
marais-poitevin,2025-03-13,1,S2B_30TXS_20250313_0_L2A,1.0,0.6833,0.3167,0.059,0.0,fijo,0.758,0.0859,60526.8,109.3,0.0057,173.1,87.7,114.3,-0.1005,0.0652,0.2413,0.1376,nublado,2026-09-04T06:46:16+00:00
marais-poitevin,2025-03-18,1,S2C_30TXS_20250318_0_L2A,1.0,0.0001,0.9999,0.0306,0.0,fijo,0.711,0.0671,60526.8,410.0,0.0068,376.2,340.4,366.0,-0.0796,0.0668,0.204,0.1052,ok,2026-09-04T06:46:16+00:00
marais-poitevin,2025-03-31,1,S2C_30TXS_20250331_0_L2A,0.5045,0.0219,0.4935,0.0291,0.0,fijo,0.816,0.073,60526.8,314.1,0.0105,521.6,199.6,298.8,-0.0637,0.1066,0.2771,0.198,parcial,2026-09-04T06:46:16+00:00
marais-poitevin,2025-04-02,2,S2A_30TXS_20250402_1_L2A;S2B_30TXS_20250402_0_L2A,1.0,0.3946,0.6054,0.0521,0.0,fijo,1.22,0.1038,60526.8,238.6,0.0065,174.6,114.6,210.3,-0.0266,0.0637,0.1314,0.0233,nublado,2026-09-04T06:46:16+00:00
marais-poitevin,2025-04-05,1,S2B_30TXS_20250405_0_L2A,0.5316,0.0002,0.5314,0.0342,0.0,fijo,0.556,0.0903,60526.8,327.0,0.0102,239.3,300.8,229.9,-0.1095,0.039,0.1499,0.053,parcial,2026-09-04T06:46:16+00:00
marais-poitevin,2025-04-07,1,S2C_30TXS_20250407_0_L2A,1.0,0.0002,0.9998,0.028,0.0,fijo,0.459,0.0699,60526.8,361.5,0.006,324.4,343.4,334.9,-0.1478,0.0288,0.1764,0.0759,ok,2026-09-04T06:46:16+00:00
marais-poitevin,2025-04-09,1,S2A_30TXS_20250409_0_L2A,1.0,0.0089,0.9911,0.0339,0.0,fijo,0.636,0.0828,60526.8,324.5,0.0054,301.8,288.7,281.2,-0.077,0.0682,0.1693,0.0588,ok,2026-09-04T06:46:16+00:00
marais-poitevin,2025-04-10,1,S2C_30TXS_20250410_0_L2A,0.4994,0.0001,0.4993,0.0293,0.0,fijo,0.944,0.0899,60526.8,289.9,0.0096,265.6,191.9,247.5,-0.038,0.0633,0.1585,0.0513,sin_datos,2026-09-04T06:46:16+00:00
marais-poitevin,2025-04-22,1,S2A_30TXS_20250422_1_L2A,0.5145,0.593,0.2095,0.0421,0.0,fijo,0.943,0.0888,60526.8,138.8,0.011,148.5,110.7,99.1,-0.0804,0.041,0.1169,0.0354,parcial,2026-09-04T06:46:16+00:00
marais-poitevin,2025-04-25,1,S2B_30TXS_20250425_1_L2A,0.5182,0.5897,0.2127,0.0523,0.0,fijo,0.648,0.1255,60526.8,69.4,0.0054,76.6,52.3,63.2,-0.0502,0.0481,0.1117,0.0046,parcial,2026-09-04T06:46:16+00:00
marais-poitevin,2025-04-27,1,S2C_30TXS_20250427_0_L2A,1.0,0.0388,0.9612,0.0312,0.0,fijo,0.915,0.0833,60526.8,335.4,0.0058,509.6,255.5,284.1,-0.0642,0.0851,0.1971,0.0974,ok,2026-09-04T06:46:16+00:00
marais-poitevin,2025-04-29,1,S2A_30TXS_20250429_0_L2A,1.0,0.0001,0.9999,0.0277,0.0,fijo,0.951,0.0762,60526.8,360.1,0.006,434.1,235.5,303.4,-0.0526,0.1016,0.2405,0.14,ok,2026-09-04T06:47:42+00:00
marais-poitevin,2025-04-30,1,S2C_30TXS_20250430_0_L2A,0.4871,0.0003,0.487,0.0245,0.0,fijo,0.978,0.0846,60526.8,283.8,0.0096,312.6,155.3,247.6,-0.0298,0.0817,0.2067,0.1091,sin_datos,2026-09-04T06:46:16+00:00
marais-poitevin,2025-05-05,1,S2B_30TXS_20250505_0_L2A,0.498,0.4881,0.255,0.0485,0.0,fijo,1.204,0.101,60526.8,69.0,0.0045,107.2,51.3,69.0,-0.0745,0.0471,0.1258,0.0064,sin_datos,2026-09-04T06:47:42+00:00
marais-poitevin,2025-05-07,1,S2C_30TXS_20250507_0_L2A,1.0,0.8066,0.1934,0.0637,-0.3086,otsu,1.377,0.1486,60526.8,420.5,0.0359,2683.4,19.7,17.3,0.0566,0.045,0.0597,0.0003,nublado,2026-09-04T06:47:42+00:00
marais-poitevin,2025-05-09,1,S2A_30TXS_20250509_0_L2A,1.0,0.4632,0.5368,0.0475,0.0,fijo,0.763,0.085,60526.8,156.3,0.0048,104.6,135.2,155.6,-0.0794,0.0488,0.2034,0.1026,nublado,2026-09-04T06:47:42+00:00
marais-poitevin,2025-05-15,1,S2B_30TXS_20250515_0_L2A,0.5055,0.0001,0.5055,0.0408,0.0,fijo,1.3,0.1135,60526.8,279.6,0.0091,219.9,142.4,177.0,-0.0156,0.0736,0.1402,0.0276,parcial,2026-09-04T06:47:42+00:00
marais-poitevin,2025-05-17,1,S2C_30TXS_20250517_0_L2A,1.0,0.007,0.993,0.0309,0.0,fijo,0.806,0.0808,60526.8,304.5,0.0051,246.4,240.3,254.8,-0.0525,0.0731,0.223,0.1198,ok,2026-09-04T06:47:42+00:00
marais-poitevin,2025-05-22,2,S2A_30TXS_20250522_1_L2A;S2B_30TXS_20250522_0_L2A,1.0,0.6472,0.3528,0.0642,0.0,fijo,0.984,0.1049,60526.8,49.0,0.0023,91.2,46.1,63.9,-0.1054,0.0525,0.1822,0.0644,nublado,2026-09-04T06:47:42+00:00
marais-poitevin,2025-05-30,1,S2C_30TXS_20250530_0_L2A,0.5027,0.0006,0.5024,0.0336,0.0,fijo,1.158,0.0979,60526.8,248.6,0.0082,148.1,121.4,180.1,-0.0199,0.0757,0.18,0.0812,parcial,2026-09-04T06:47:42+00:00
marais-poitevin,2025-06-08,1,S2A_30TXS_20250608_0_L2A,1.0,0.4008,0.5992,0.0511,0.0,fijo,1.202,0.0678,60526.8,89.3,0.0025,110.3,100.1,90.5,-0.1338,0.1089,0.2587,0.2258,nublado,2026-09-04T06:47:42+00:00
marais-poitevin,2025-06-09,1,S2C_30TXS_20250609_0_L2A,0.5098,0.0001,0.5097,0.0539,0.0,fijo,1.064,0.1126,60526.8,269.6,0.0087,238.6,177.7,199.8,-0.0416,0.0657,0.1565,0.028,parcial,2026-09-04T06:47:42+00:00
marais-poitevin,2025-06-11,2,S2A_30TXS_20250611_1_L2A;S2B_30TXS_20250611_0_L2A,1.0,0.0102,0.9898,0.0466,0.0,fijo,1.232,0.0936,60526.8,265.0,0.0044,155.8,188.7,198.1,-0.0479,0.0902,0.1949,0.0955,espectro_anomalo,2026-09-04T06:47:42+00:00
marais-poitevin,2025-06-16,1,S2C_30TXS_20250616_0_L2A,1.0,0.0581,0.9419,0.0476,0.0,fijo,0.838,0.0774,60526.8,309.8,0.0054,157.2,273.1,243.2,-0.065,0.0826,0.2433,0.1527,ok,2026-09-04T06:47:42+00:00
marais-poitevin,2025-06-18,1,S2A_30TXS_20250618_0_L2A,1.0,0.0005,0.9995,0.0508,0.0,fijo,0.456,0.075,60526.8,360.2,0.006,114.9,367.7,255.2,-0.107,0.0638,0.2245,0.129,ok,2026-09-04T06:48:58+00:00
marais-poitevin,2025-06-19,1,S2C_30TXS_20250619_0_L2A,0.5282,0.0466,0.5036,0.0573,0.0,fijo,0.476,0.1093,60526.8,292.0,0.0096,108.1,270.9,167.8,-0.0755,0.0351,0.158,0.049,parcial,2026-09-04T06:48:58+00:00
marais-poitevin,2025-06-24,1,S2B_30TXS_20250624_0_L2A,0.5297,0.9276,0.0384,0.0706,0.0,fijo,,,60526.8,3.6,0.0015,2.2,2.4,1.4,-0.0498,0.0661,0.1326,0.0,parcial,2026-09-04T06:48:58+00:00
marais-poitevin,2025-06-28,1,S2A_30TXS_20250628_0_L2A,1.0,0.0005,0.9995,0.0524,0.0,fijo,1.187,0.0707,60526.8,255.7,0.0042,115.8,223.0,232.7,-0.0537,0.1149,0.2626,0.1777,espectro_anomalo,2026-09-04T06:48:58+00:00
marais-poitevin,2025-06-29,1,S2C_30TXS_20250629_0_L2A,0.5047,0.0005,0.5045,0.0621,0.0,fijo,1.114,0.0878,60526.8,234.6,0.0077,108.5,172.1,194.6,-0.0237,0.0842,0.1794,0.0844,parcial,2026-09-04T06:48:58+00:00
marais-poitevin,2025-07-01,2,S2A_30TXS_20250701_1_L2A;S2B_30TXS_20250701_0_L2A,1.0,0.0018,0.9982,0.0639,0.0,fijo,0.655,0.0893,60526.8,281.5,0.0047,112.0,271.0,205.9,-0.0939,0.068,0.1991,0.0986,ok,2026-09-04T06:48:58+00:00
marais-poitevin,2025-07-04,1,S2B_30TXS_20250704_0_L2A,0.5192,0.0002,0.5191,0.0735,0.0,fijo,0.585,0.1074,60526.8,256.6,0.0082,79.0,247.2,184.6,-0.0806,0.0317,0.131,0.0362,parcial,2026-09-04T06:48:58+00:00
marais-poitevin,2025-07-08,1,S2A_30TXS_20250708_0_L2A,1.0,0.0066,0.9934,0.0609,0.0,fijo,0.691,0.0851,60526.8,257.0,0.0043,109.6,243.0,223.3,-0.0425,0.0711,0.1794,0.0769,ok,2026-09-04T06:48:58+00:00
marais-poitevin,2025-07-09,1,S2C_30TXS_20250709_0_L2A,0.4932,0.0008,0.4929,0.0707,0.0,fijo,0.943,0.0878,60526.8,211.7,0.0071,89.6,182.9,172.2,-0.0296,0.0623,0.1494,0.0495,sin_datos,2026-09-04T06:48:58+00:00
marais-poitevin,2025-07-11,2,S2A_30TXS_20250711_1_L2A;S2B_30TXS_20250711_0_L2A,1.0,0.0006,0.9994,0.0692,0.0,fijo,1.132,0.0834,60526.8,216.9,0.0036,123.6,167.0,210.2,-0.0434,0.0985,0.2003,0.1005,espectro_anomalo,2026-09-04T06:48:58+00:00
marais-poitevin,2025-07-16,1,S2C_30TXS_20250716_0_L2A,1.0,0.1729,0.8271,0.0753,0.0,fijo,0.826,0.0907,60526.8,256.4,0.0051,54.2,208.8,210.6,-0.0301,0.0675,0.1735,0.0755,ok,2026-09-04T06:48:58+00:00
marais-poitevin,2025-07-19,1,S2C_30TXS_20250719_0_L2A,0.4903,0.4869,0.2516,0.092,0.0,fijo,0.581,0.1187,60526.8,129.4,0.0085,34.3,123.2,87.2,-0.0939,0.0177,0.1265,0.0161,sin_datos,2026-09-04T06:48:58+00:00
marais-poitevin,2025-07-24,2,S2B_30TXS_20250724_0_L2A;S2B_30TXS_20250724_1_L2A,0.5335,0.6678,0.1774,0.0938,0.0,fijo,1.082,0.0801,60526.8,33.0,0.0031,19.7,26.7,41.5,-0.0158,0.0513,0.0985,0.0,parcial,2026-09-04T06:50:12+00:00
marais-poitevin,2025-07-26,1,S2C_30TXS_20250726_0_L2A,1.0,0.469,0.531,0.0833,0.0,fijo,1.312,0.1009,60526.8,207.6,0.0065,87.4,95.0,177.0,-0.0126,0.0742,0.1353,0.0291,nublado,2026-09-04T06:50:12+00:00
marais-poitevin,2025-07-29,1,S2C_30TXS_20250729_0_L2A,0.4986,0.7737,0.113,0.0689,0.0,fijo,,,60526.8,18.8,0.0028,6.2,16.0,8.9,-0.0782,0.0938,0.1479,0.0085,sin_datos,2026-09-04T06:50:12+00:00
marais-poitevin,2025-07-31,2,S2A_30TXS_20250731_1_L2A;S2B_30TXS_20250731_0_L2A,1.0,0.4844,0.5156,0.0829,0.0,fijo,0.549,0.098,60526.8,261.3,0.0084,68.7,262.0,230.2,-0.0815,0.0456,0.1821,0.0713,nublado,2026-09-04T06:50:12+00:00
marais-poitevin,2025-08-03,2,S2B_30TXS_20250803_0_L2A;S2B_30TXS_20250803_1_L2A,0.5424,0.0012,0.5417,0.0754,0.0,fijo,0.428,0.0922,60526.8,265.7,0.0081,64.3,264.6,208.1,-0.1109,0.0166,0.1527,0.055,parcial,2026-09-04T06:50:12+00:00
marais-poitevin,2025-08-05,1,S2C_30TXS_20250805_0_L2A,1.0,0.0014,0.9986,0.0683,0.0,fijo,0.514,0.0877,60526.8,273.6,0.0045,105.0,264.4,193.4,-0.0848,0.0198,0.1352,0.0418,ok,2026-09-04T06:50:12+00:00
marais-poitevin,2025-08-07,1,S2A_30TXS_20250807_0_L2A,1.0,0.0001,0.9999,0.0626,0.0,fijo,0.842,0.0798,60526.8,232.2,0.0038,99.3,216.0,234.0,-0.0359,0.0645,0.1783,0.0784,ok,2026-09-04T06:50:12+00:00
marais-poitevin,2025-08-08,1,S2C_30TXS_20250808_0_L2A,0.5236,0.0001,0.5235,0.0731,0.0,fijo,0.89,0.0883,60526.8,229.0,0.0072,76.6,159.0,196.8,-0.0169,0.0762,0.179,0.0779,parcial,2026-09-04T06:50:12+00:00
marais-poitevin,2025-08-10,2,S2A_30TXS_20250810_1_L2A;S2B_30TXS_20250810_0_L2A,1.0,0.0001,0.9999,0.0746,0.0,fijo,1.352,0.0924,60526.8,220.8,0.0036,121.9,123.6,210.4,-0.0235,0.09,0.1644,0.0663,espectro_anomalo,2026-09-04T06:50:12+00:00
marais-poitevin,2025-08-15,1,S2C_30TXS_20250815_0_L2A,1.0,0.0019,0.9981,0.0789,0.0,fijo,0.777,0.0987,60526.8,386.9,0.0064,252.7,305.2,252.9,-0.0349,0.0632,0.1305,0.0449,ok,2026-09-04T06:50:12+00:00
marais-poitevin,2025-08-17,1,S2A_30TXS_20250817_0_L2A,1.0,0.2947,0.7053,0.1514,0.0,fijo,1.009,0.1904,60526.8,851.6,0.0199,211.0,186.7,202.1,-0.014,0.0384,0.0566,0.0,nublado,2026-09-04T06:50:12+00:00
marais-poitevin,2025-08-23,2,S2B_30TXS_20250823_0_L2A;S2B_30TXS_20250823_1_L2A,0.5213,0.4857,0.2681,0.0768,0.0,fijo,1.285,0.0974,60526.8,140.4,0.0087,47.0,51.5,153.5,0.0149,0.0747,0.1429,0.0442,parcial,2026-09-04T06:50:12+00:00
marais-poitevin,2025-08-28,1,S2C_30TXS_20250828_0_L2A,0.4957,0.3782,0.3082,0.0851,0.0,fijo,1.057,0.1065,60526.8,143.7,0.0077,41.9,72.1,139.6,0.026,0.0507,0.101,0.0253,sin_datos,2026-09-04T06:51:33+00:00
marais-poitevin,2025-09-06,1,S2A_30TXS_20250906_0_L2A,1.0,0.0944,0.9056,0.0584,0.0,fijo,1.106,0.0884,60526.8,243.3,0.0044,91.7,188.8,205.6,-0.0163,0.0734,0.1579,0.04,espectro_anomalo,2026-09-04T06:51:33+00:00
marais-poitevin,2025-09-07,1,S2C_30TXS_20250907_0_L2A,0.5104,0.3949,0.3089,0.07,0.0,fijo,1.346,0.1074,60526.8,65.9,0.0035,5.2,12.1,109.0,0.0371,0.062,0.0811,0.0024,parcial,2026-09-04T06:51:33+00:00
marais-poitevin,2025-09-17,1,S2C_30TXS_20250917_0_L2A,0.5187,0.0045,0.5164,0.0474,0.0,fijo,0.468,0.0855,60526.8,310.4,0.0099,130.5,286.8,265.2,-0.0792,0.0333,0.1694,0.0618,parcial,2026-09-04T06:51:33+00:00
marais-poitevin,2025-09-19,2,S2A_30TXS_20250919_1_L2A;S2B_30TXS_20250919_0_L2A,1.0,0.0391,0.9609,0.0583,0.0,fijo,0.996,0.0892,60526.8,321.9,0.0055,155.4,245.8,269.7,-0.0464,0.0747,0.157,0.0464,ok,2026-09-04T06:51:33+00:00
marais-poitevin,2025-09-29,2,S2A_30TXS_20250929_1_L2A;S2B_30TXS_20250929_0_L2A,1.0,0.2944,0.7056,0.0489,0.0,fijo,0.88,0.0773,60526.8,141.7,0.0033,83.1,131.0,144.9,-0.0808,0.0447,0.1495,0.0344,nublado,2026-09-04T06:51:33+00:00
marais-poitevin,2025-10-04,1,S2C_30TXS_20251004_0_L2A,1.0,0.6091,0.3909,0.0529,0.0,fijo,1.113,0.0926,60526.8,188.1,0.008,110.4,104.0,188.9,0.0088,0.0472,0.1132,0.0098,nublado,2026-09-04T06:51:33+00:00
marais-poitevin,2025-10-06,1,S2A_30TXS_20251006_0_L2A,1.0,0.0004,0.9996,0.0363,0.0,fijo,1.416,0.0695,60526.8,244.8,0.004,153.0,159.7,257.2,-0.0336,0.0881,0.1954,0.0882,espectro_anomalo,2026-09-04T06:51:33+00:00
marais-poitevin,2025-10-07,1,S2C_30TXS_20251007_0_L2A,0.5126,0.1576,0.4319,0.0421,0.0,fijo,1.343,0.0643,60526.8,206.5,0.0079,170.1,120.6,202.9,-0.042,0.0888,0.2006,0.1009,parcial,2026-09-04T06:51:33+00:00
marais-poitevin,2025-10-09,1,S2B_30TXS_20251009_0_L2A,1.0,0.9138,0.0862,0.0715,0.0,fijo,,,60526.8,0.5,0.0001,0.2,0.4,0.3,-0.1279,0.0294,0.0891,0.0,nublado,2026-09-04T06:51:33+00:00
marais-poitevin,2025-10-12,1,S2B_30TXS_20251012_0_L2A,0.5294,0.0127,0.5227,0.0471,0.0,fijo,1.044,0.0786,60526.8,291.9,0.0092,175.7,189.4,271.1,-0.0337,0.0649,0.1694,0.0547,parcial,2026-09-04T06:51:33+00:00
marais-poitevin,2025-10-14,1,S2C_30TXS_20251014_0_L2A,1.0,0.0026,0.9974,0.0427,0.0,fijo,0.63,0.0694,60526.8,390.9,0.0065,167.5,352.8,339.1,-0.1025,0.0214,0.1528,0.0431,ok,2026-09-04T08:24:10+00:00
marais-poitevin,2025-10-16,1,S2A_30TXS_20251016_0_L2A,1.0,0.0001,0.9999,0.037,0.0,fijo,0.793,0.0635,60526.8,363.1,0.006,138.7,328.7,330.9,-0.0663,0.0357,0.1513,0.0473,ok,2026-09-04T06:51:33+00:00
marais-poitevin,2025-10-17,1,S2C_30TXS_20251017_0_L2A,0.5339,0.0001,0.5339,0.0383,0.0,fijo,0.971,0.0688,60526.8,321.8,0.01,143.6,254.5,297.8,-0.0544,0.0308,0.1426,0.0476,parcial,2026-09-04T08:24:10+00:00
marais-poitevin,2025-10-26,2,S2A_30TXS_20251026_0_L2A;S2A_30TXS_20251026_1_L2A,1.0,0.5655,0.4345,0.0508,0.0,fijo,1.213,0.0882,60526.8,79.1,0.003,145.6,27.2,100.5,-0.0261,0.0755,0.1512,0.0617,nublado,2026-09-04T08:24:10+00:00
marais-poitevin,2025-11-03,1,S2C_30TXS_20251103_0_L2A,1.0,0.7549,0.2451,0.0571,-0.3242,otsu,1.123,0.1233,60526.8,519.9,0.035,3916.0,39.7,45.7,0.0178,0.0608,0.0832,0.0,nublado,2026-09-04T08:24:10+00:00
marais-poitevin,2025-11-08,2,S2A_30TXS_20251108_1_L2A;S2B_30TXS_20251108_0_L2A,1.0,0.3558,0.6442,0.0492,-0.332,otsu,1.153,0.085,60526.8,2580.0,0.0662,12489.0,134.8,333.4,0.0373,0.0564,0.0753,0.0038,nublado,2026-09-04T08:24:10+00:00
marais-poitevin,2025-11-18,2,S2A_30TXS_20251118_0_L2A;S2B_30TXS_20251118_1_L2A,1.0,0.3328,0.6672,0.0328,0.0,fijo,0.843,0.077,60526.8,294.5,0.0073,195.7,224.9,308.5,-0.0411,0.0465,0.1733,0.0718,nublado,2026-09-04T08:24:10+00:00
marais-poitevin,2025-11-21,1,S2B_30TXS_20251121_0_L2A,0.5398,0.008,0.5355,0.0329,0.0,fijo,1.416,0.0767,60526.8,280.1,0.0086,198.2,132.5,298.8,-0.0215,0.0588,0.1482,0.0501,parcial,2026-09-04T08:24:10+00:00
marais-poitevin,2025-11-25,1,S2A_30TXS_20251125_0_L2A,1.0,0.0938,0.9062,0.0276,0.0,fijo,0.988,0.0561,60526.8,290.9,0.0053,292.5,196.8,375.9,-0.0278,0.0795,0.2234,0.1228,ok,2026-09-04T08:24:10+00:00
marais-poitevin,2025-11-26,1,S2C_30TXS_20251126_0_L2A,0.487,0.0116,0.4813,0.0301,0.0,fijo,0.801,0.0715,60526.8,278.3,0.0096,243.6,228.2,311.5,-0.0362,0.0374,0.159,0.0614,sin_datos,2026-09-04T08:24:10+00:00
marais-poitevin,2025-12-08,1,S2B_30TXS_20251208_0_L2A,1.0,0.4608,0.5392,0.042,0.0,fijo,0.838,0.0327,60526.8,292.4,0.009,100.9,300.6,516.3,-0.0459,0.0987,0.3424,0.1886,nublado,2026-09-04T08:24:10+00:00
marais-poitevin,2025-12-15,1,S2A_30TXS_20251215_0_L2A,1.0,0.3244,0.6756,0.0334,0.0,fijo,0.582,0.0455,60526.8,311.7,0.0076,283.0,326.6,537.8,-0.0797,0.083,0.3185,0.1467,nublado,2026-09-04T08:24:10+00:00
marais-poitevin,2025-12-18,2,S2A_30TXS_20251218_1_L2A;S2B_30TXS_20251218_0_L2A,1.0,0.019,0.981,0.0328,0.0,fijo,0.838,0.0657,60526.8,386.8,0.0065,234.0,346.6,438.9,-0.0273,0.0677,0.1951,0.0949,ok,2026-09-04T08:25:33+00:00
marais-poitevin,2025-12-25,1,S2A_30TXS_20251225_0_L2A,1.0,0.1276,0.8724,0.0337,0.0,fijo,0.868,0.0531,60526.8,321.2,0.0061,269.1,227.8,452.7,-0.0371,0.0631,0.1828,0.0849,ok,2026-09-04T08:25:33+00:00
marais-poitevin,2025-12-26,1,S2C_30TXS_20251226_0_L2A,0.4905,0.968,0.0159,0.0076,0.0,fijo,1.494,0.0122,60526.8,5.1,0.0053,48.3,3.9,23.7,-0.0579,-0.009,0.0499,0.0,sin_datos,2026-09-04T08:24:10+00:00
marais-poitevin,2025-12-28,2,S2A_30TXS_20251228_0_L2A;S2B_30TXS_20251228_1_L2A,1.0,0.0025,0.9975,0.0348,0.0,fijo,0.576,0.0621,60526.8,485.0,0.008,416.2,460.1,578.7,-0.0877,0.02,0.1652,0.0691,ok,2026-09-04T08:25:33+00:00
marais-poitevin,2025-12-31,1,S2B_30TXS_20251231_0_L2A,0.5272,0.0056,0.5243,0.0297,0.0,fijo,0.516,0.0673,60526.8,358.0,0.0113,266.1,307.7,376.6,-0.0606,-0.018,0.1169,0.0344,parcial,2026-09-04T08:25:33+00:00
marais-poitevin,2026-01-05,1,S2C_30TXS_20260105_0_L2A,0.4979,0.8383,0.0806,0.0851,0.0,fijo,1.047,0.0903,60526.8,313.6,0.0643,1804.5,139.4,257.5,-0.0128,0.0367,0.1262,0.0134,sin_datos,2026-09-04T08:25:33+00:00
marais-poitevin,2026-01-10,1,S2B_30TXS_20260110_0_L2A,0.5386,0.5457,0.2447,0.0537,0.0,fijo,0.561,0.0962,60526.8,236.5,0.016,77.2,182.4,210.7,-0.0218,0.0128,0.0875,0.0052,parcial,2026-09-04T08:25:33+00:00
marais-poitevin,2026-01-22,1,S2C_30TXS_20260122_0_L2A,1.0,0.8903,0.1097,0.0481,-0.1211,otsu,0.87,0.0948,60526.8,257.4,0.0388,1477.3,36.2,78.3,-0.0105,0.0578,0.0954,0.0067,nublado,2026-09-04T08:25:33+00:00
marais-poitevin,2026-02-24,1,S2C_30TXS_20260224_0_L2A,0.5,0.0012,0.4994,0.0208,0.0742,otsu,0.41,0.0154,60526.8,2031.8,0.0672,1423.4,2109.5,2510.8,-0.1218,0.147,0.3878,0.3398,sin_datos,2026-09-04T08:25:33+00:00
marais-poitevin,2026-02-26,1,S2B_30TXS_20260226_0_L2A,1.0,0.5106,0.4894,0.0353,-0.1523,otsu,0.807,0.0203,60526.8,2627.4,0.0887,3703.6,2452.5,3018.6,-0.1503,0.1904,0.2868,0.4706,nublado,2026-09-04T08:25:33+00:00
marais-poitevin,2026-03-03,1,S2C_30TXS_20260303_0_L2A,1.0,0.0,1.0,0.0327,-0.1602,otsu,1.037,0.0129,60526.8,1244.4,0.0206,5456.4,1127.1,1917.0,-0.0984,0.1662,0.3161,0.3873,ok,2026-09-04T08:25:33+00:00
marais-poitevin,2026-03-08,2,S2A_30TXS_20260308_1_L2A;S2B_30TXS_20260308_0_L2A,1.0,0.1051,0.8949,0.0408,0.0,fijo,0.65,0.0495,60526.8,440.4,0.0081,1113.4,394.0,451.0,-0.0643,0.1079,0.2323,0.1591,ok,2026-09-04T08:26:49+00:00
marais-poitevin,2026-03-11,1,S2B_30TXS_20260311_0_L2A,0.5107,0.5729,0.2182,0.0471,0.0,fijo,0.749,0.093,60526.8,207.2,0.0157,258.0,158.8,152.5,-0.0377,0.0301,0.1078,0.0017,parcial,2026-09-04T08:25:33+00:00
marais-poitevin,2026-03-15,1,S2A_30TXS_20260315_0_L2A,1.0,0.2585,0.7415,0.0272,0.0,fijo,0.486,0.0537,60526.8,497.0,0.0111,585.9,418.8,408.3,-0.0645,0.0605,0.2042,0.105,nublado,2026-09-04T08:26:49+00:00
marais-poitevin,2026-03-18,2,S2A_30TXS_20260318_1_L2A;S2B_30TXS_20260318_0_L2A,1.0,0.0001,0.9999,0.032,0.0,fijo,0.693,0.0666,60526.8,418.1,0.0069,630.5,354.5,381.3,-0.0542,0.0588,0.1608,0.0622,ok,2026-09-04T08:26:49+00:00
marais-poitevin,2026-03-21,1,S2B_30TXS_20260321_0_L2A,0.5271,0.0007,0.5268,0.0362,0.0,fijo,0.721,0.0771,60526.8,380.9,0.0119,598.1,314.2,362.8,-0.0698,0.0769,0.2233,0.1315,parcial,2026-09-04T08:25:33+00:00
marais-poitevin,2026-03-25,1,S2A_30TXS_20260325_0_L2A,1.0,0.5376,0.4624,0.0468,0.0,fijo,0.588,0.114,60526.8,152.3,0.0054,101.2,123.0,126.0,-0.0517,0.0394,0.1317,0.0431,nublado,2026-09-04T08:26:49+00:00
marais-poitevin,2026-03-26,1,S2C_30TXS_20260326_0_L2A,0.4993,0.5461,0.2267,0.051,0.0,fijo,1.235,0.0662,60526.8,69.5,0.0051,99.6,57.8,57.8,-0.0985,0.0389,0.155,0.0938,sin_datos,2026-09-04T08:26:49+00:00
marais-poitevin,2026-03-28,1,S2A_30TXS_20260328_2_L2A,0.501,0.804,0.0984,0.041,0.0,fijo,,,60526.8,3.5,0.0006,12.2,2.1,3.9,-0.0184,0.0318,0.0693,0.0,parcial,2026-09-04T08:26:49+00:00
marais-poitevin,2026-04-04,1,S2A_30TXS_20260404_0_L2A,1.0,0.43,0.57,0.036,0.0,fijo,1.064,0.079,60526.8,209.0,0.0061,176.4,124.1,178.6,-0.0519,0.0663,0.1513,0.0306,nublado,2026-09-04T08:26:49+00:00
marais-poitevin,2026-04-07,2,S2A_30TXS_20260407_1_L2A;S2B_30TXS_20260407_0_L2A,1.0,0.2743,0.7257,0.0373,0.0,fijo,0.688,0.0745,60526.8,197.6,0.0045,158.2,191.8,169.6,-0.0987,0.0825,0.1962,0.0945,nublado,2026-09-04T08:26:49+00:00
marais-poitevin,2026-04-10,1,S2B_30TXS_20260410_0_L2A,0.5086,0.999,0.0005,0.0756,-0.043,otsu,,,60526.8,3.3,0.1053,0.0,2.7,0.2,-0.0092,0.022,0.0325,0.0,parcial,2026-09-04T08:26:49+00:00
marais-poitevin,2026-04-17,2,S2A_30TXS_20260417_1_L2A;S2B_30TXS_20260417_0_L2A,1.0,0.1788,0.8212,0.0374,0.0,fijo,1.151,0.0721,60526.8,229.8,0.0046,329.2,161.6,224.0,-0.0612,0.0847,0.1626,0.059,espectro_anomalo,2026-09-04T08:26:49+00:00
marais-poitevin,2026-04-20,1,S2B_30TXS_20260420_0_L2A,0.5209,0.0388,0.5006,0.03,0.0,fijo,1.368,0.0954,60526.8,264.6,0.0087,273.8,139.7,185.7,-0.0203,0.0633,0.1719,0.0759,parcial,2026-09-04T08:26:49+00:00
marais-poitevin,2026-04-24,1,S2A_30TXS_20260424_0_L2A,1.0,0.0173,0.9827,0.0288,0.0,fijo,0.326,0.086,60526.8,320.4,0.0054,235.0,313.5,233.0,-0.1127,0.0136,0.1551,0.0559,ok,2026-09-04T08:26:49+00:00
marais-poitevin,2026-04-27,1,S2B_30TXS_20260427_0_L2A,1.0,0.3881,0.6119,0.0441,0.0,fijo,0.563,0.0884,60526.8,163.7,0.0044,177.0,152.5,169.2,-0.074,0.0278,0.1786,0.0787,nublado,2026-09-04T08:28:08+00:00
marais-poitevin,2026-05-05,1,S2C_30TXS_20260505_0_L2A,0.4804,0.4736,0.2529,0.0502,-0.2539,otsu,1.233,0.101,60526.8,484.5,0.0317,3213.0,92.5,164.6,0.0324,0.0591,0.0883,0.0288,sin_datos,2026-09-04T08:28:08+00:00
marais-poitevin,2026-05-07,2,S2A_30TXS_20260507_1_L2A;S2B_30TXS_20260507_0_L2A,1.0,0.5145,0.4855,0.0609,0.0,fijo,0.636,0.1114,60526.8,213.0,0.0072,262.8,182.7,212.2,-0.0727,0.0455,0.1656,0.0637,nublado,2026-09-04T08:28:08+00:00
marais-poitevin,2026-05-12,1,S2C_30TXS_20260512_0_L2A,1.0,0.8604,0.1396,0.0683,0.0,fijo,0.783,0.1125,60526.8,29.2,0.0035,57.0,29.2,55.4,-0.1332,0.0109,0.1402,0.0466,nublado,2026-09-04T08:28:08+00:00
marais-poitevin,2026-05-15,1,S2C_30TXS_20260515_0_L2A,0.5035,0.8042,0.0988,0.0603,0.0,fijo,1.174,0.065,60526.8,29.4,0.0049,57.4,14.6,38.8,-0.0423,0.0596,0.1353,0.0245,parcial,2026-09-04T08:28:08+00:00
marais-poitevin,2026-05-20,1,S2B_30TXS_20260520_0_L2A,0.5352,0.5355,0.2488,0.0533,-0.332,otsu,1.12,0.0881,60526.8,355.2,0.0236,3171.6,62.2,76.5,0.0494,0.0513,0.0717,0.0065,parcial,2026-09-04T08:28:08+00:00
marais-poitevin,2026-05-22,1,S2C_30TXS_20260522_0_L2A,1.0,0.2704,0.7296,0.0334,0.0,fijo,0.64,0.0995,60526.8,271.4,0.0061,140.0,248.4,177.7,-0.0712,0.0474,0.2097,0.117,nublado,2026-09-04T08:28:08+00:00
marais-poitevin,2026-05-24,1,S2A_30TXS_20260524_0_L2A,1.0,0.0007,0.9993,0.0351,0.0,fijo,0.434,0.0821,60526.8,370.2,0.0061,190.2,378.3,280.1,-0.1077,0.0495,0.2277,0.1249,ok,2026-09-04T08:28:08+00:00
marais-poitevin,2026-05-25,1,S2C_30TXS_20260525_0_L2A,0.5269,0.0002,0.5268,0.04,0.0,fijo,0.432,0.0928,60526.8,320.7,0.0101,197.2,308.7,240.6,-0.102,0.0246,0.1841,0.0789,parcial,2026-09-04T08:28:08+00:00
marais-poitevin,2026-05-27,2,S2A_30TXS_20260527_1_L2A;S2B_30TXS_20260527_0_L2A,1.0,0.0113,0.9887,0.0457,0.0,fijo,0.704,0.0863,60526.8,308.9,0.0052,188.1,288.2,234.2,-0.0845,0.0479,0.1734,0.0622,ok,2026-09-04T08:29:23+00:00
marais-poitevin,2026-06-01,1,S2C_30TXS_20260601_0_L2A,1.0,0.2557,0.7443,0.0435,0.0,fijo,1.564,0.059,60526.8,115.6,0.0026,128.4,98.4,107.4,-0.0962,0.0823,0.1847,0.0702,nublado,2026-09-04T08:28:08+00:00
marais-poitevin,2026-06-11,1,S2C_30TXS_20260611_0_L2A,1.0,0.4433,0.5567,0.0561,0.0,fijo,0.707,0.1002,60526.8,113.0,0.0034,43.8,97.4,56.6,-0.0446,0.0464,0.13,0.011,nublado,2026-09-04T08:28:08+00:00
marais-poitevin,2026-06-13,1,S2A_30TXS_20260613_0_L2A,1.0,0.1556,0.8444,0.0677,0.0,fijo,1.236,0.0999,60526.8,167.1,0.0033,114.5,76.6,173.2,-0.0069,0.0649,0.1418,0.0026,espectro_anomalo,2026-09-04T08:28:08+00:00
marais-poitevin,2026-06-14,1,S2C_30TXS_20260614_0_L2A,0.5214,0.5053,0.258,0.0698,0.0,fijo,1.301,0.1012,60526.8,119.0,0.0076,40.8,46.0,98.6,-0.0059,0.0484,0.1014,0.002,parcial,2026-09-04T08:29:23+00:00
marais-poitevin,2026-06-19,1,S2B_30TXS_20260619_0_L2A,0.5335,0.0842,0.4886,0.0825,0.0,fijo,1.312,0.1187,60526.8,183.7,0.0062,71.8,74.9,140.9,0.0022,0.0729,0.1418,0.0096,parcial,2026-09-04T08:29:23+00:00
marais-poitevin,2026-06-21,1,S2C_30TXS_20260621_0_L2A,1.0,0.0536,0.9464,0.0636,0.0,fijo,0.734,0.0808,60526.8,267.0,0.0047,85.0,268.5,206.0,-0.0749,0.0416,0.1981,0.0989,ok,2026-09-04T08:29:23+00:00
marais-poitevin,2026-06-23,1,S2A_30TXS_20260623_0_L2A,1.0,0.0077,0.9923,0.0647,0.0,fijo,0.642,0.0727,60526.8,266.6,0.0044,86.1,296.3,195.2,-0.1318,0.0201,0.1752,0.0722,ok,2026-09-04T08:29:23+00:00
marais-poitevin,2026-06-24,1,S2C_30TXS_20260624_0_L2A,0.5274,0.0003,0.5272,0.0718,0.0,fijo,0.753,0.0823,60526.8,247.3,0.0077,68.3,266.4,186.3,-0.1065,0.0157,0.1537,0.0472,parcial,2026-09-04T08:29:23+00:00
marais-poitevin,2026-06-26,2,S2A_30TXS_20260626_1_L2A;S2B_30TXS_20260626_0_L2A,1.0,0.7896,0.2104,0.0983,0.0,fijo,0.98,0.0942,60526.8,30.7,0.0024,30.2,33.1,50.3,-0.0903,0.0464,0.1543,0.0768,nublado,2026-09-04T08:29:23+00:00
marais-poitevin,2026-06-29,1,S2B_30TXS_20260629_0_L2A,0.5447,0.061,0.5115,0.077,0.0,fijo,1.155,0.0976,60526.8,168.1,0.0054,68.2,125.1,167.6,-0.0084,0.0832,0.1951,0.0945,parcial,2026-09-04T08:29:23+00:00
marais-poitevin,2026-07-01,1,S2C_30TXS_20260701_0_L2A,1.0,0.7122,0.2878,0.1023,0.0,fijo,1.454,0.0799,60526.8,28.1,0.0016,46.6,20.6,67.9,-0.0659,0.0952,0.18,0.0712,nublado,2026-09-04T08:29:23+00:00
marais-poitevin,2026-07-03,1,S2A_30TXS_20260703_0_L2A,1.0,0.5516,0.4484,0.0882,0.0,fijo,1.044,0.0853,60526.8,92.4,0.0034,25.6,72.1,101.8,-0.0667,0.0841,0.2018,0.1051,nublado,2026-09-04T08:29:23+00:00
marais-poitevin,2026-07-04,1,S2C_30TXS_20260704_0_L2A,0.5321,0.0002,0.532,0.075,0.0,fijo,1.011,0.086,60526.8,215.1,0.0067,79.2,168.1,179.5,-0.0238,0.0769,0.1908,0.09,parcial,2026-09-04T08:29:23+00:00
marais-poitevin,2026-07-06,2,S2A_30TXS_20260706_1_L2A;S2B_30TXS_20260706_0_L2A,1.0,0.0009,0.9991,0.0727,0.0,fijo,0.438,0.0771,60526.8,249.2,0.0041,113.9,264.2,230.9,-0.11,0.0455,0.2048,0.1029,ok,2026-09-04T08:30:26+00:00
marais-poitevin,2026-07-09,1,S2B_30TXS_20260709_0_L2A,0.5386,0.0049,0.536,0.0815,0.0,fijo,0.587,0.0939,60526.8,222.1,0.0068,73.6,238.4,175.1,-0.1256,0.0242,0.1675,0.0614,parcial,2026-09-04T08:29:23+00:00
marais-poitevin,2026-07-11,1,S2C_30TXS_20260711_0_L2A,1.0,0.3639,0.6361,0.0646,0.0,fijo,0.149,0.0628,60526.8,166.2,0.0043,57.8,195.4,161.5,-0.206,-0.0324,0.125,0.0631,nublado,2026-09-04T08:30:26+00:00
marais-poitevin,2026-07-13,1,S2A_30TXS_20260713_0_L2A,1.0,0.1807,0.8193,0.0812,0.0,fijo,0.901,0.0768,60526.8,97.3,0.002,54.0,124.5,107.0,-0.0864,0.1038,0.323,0.1735,ok,2026-09-04T08:30:26+00:00
marais-poitevin,2026-07-19,1,S2B_30TXS_20260719_0_L2A,0.5261,0.0012,0.5255,0.0799,0.0,fijo,1.182,0.1051,60526.8,258.9,0.0081,103.8,162.6,185.6,-0.0169,0.0711,0.1552,0.0457,parcial,2026-09-04T08:30:26+00:00
marais-poitevin,2026-07-21,1,S2C_30TXS_20260721_0_L2A,1.0,0.0003,0.9997,0.0737,0.0,fijo,0.605,0.0809,60526.8,292.1,0.0048,98.0,286.3,230.7,-0.0756,0.0422,0.1661,0.0764,ok,2026-09-04T08:30:26+00:00
marais-poitevin,2026-07-24,1,S2C_30TXS_20260724_0_L2A,0.5105,0.0003,0.5103,0.0803,0.0,fijo,0.691,0.0934,60526.8,241.3,0.0078,72.6,233.5,176.1,-0.0762,0.0137,0.1634,0.0655,parcial,2026-09-04T08:30:26+00:00
marais-poitevin,2026-07-29,1,S2B_30TXS_20260729_0_L2A,0.525,0.0004,0.5248,0.0842,0.0,fijo,1.058,0.0932,60526.8,200.0,0.0063,70.6,156.3,192.3,-0.037,0.08,0.1608,0.0618,parcial,2026-09-04T08:30:26+00:00
marais-poitevin,2026-07-31,1,S2C_30TXS_20260731_0_L2A,1.0,0.4465,0.5535,0.1059,0.0,fijo,1.363,0.1078,60526.8,105.1,0.0031,64.8,35.0,127.8,0.0141,0.0638,0.1017,0.0068,nublado,2026-09-04T08:30:26+00:00
marais-poitevin,2026-08-05,2,S2A_30TXS_20260805_1_L2A;S2B_30TXS_20260805_0_L2A,1.0,0.1801,0.8199,0.0863,0.0,fijo,0.597,0.0881,60526.8,279.5,0.0056,61.8,250.2,232.0,-0.0571,0.0609,0.1676,0.07,ok,2026-09-04T08:30:26+00:00
marais-poitevin,2026-08-08,1,S2B_30TXS_20260808_0_L2A,0.5312,0.2273,0.4105,0.0881,0.0,fijo,0.676,0.0815,60526.8,212.1,0.0085,35.9,213.6,176.7,-0.101,0.0121,0.1322,0.0436,parcial,2026-09-04T08:30:26+00:00
marais-poitevin,2026-08-10,1,S2C_30TXS_20260810_0_L2A,1.0,0.2397,0.7603,0.0792,0.0,fijo,0.706,0.095,60526.8,142.8,0.0031,58.7,142.0,155.7,-0.0272,0.0517,0.2523,0.1129,nublado,2026-09-04T08:30:36+00:00
marais-poitevin,2026-08-12,1,S2A_30TXS_20260812_0_L2A,1.0,0.0001,0.9999,0.0808,0.0,fijo,1.055,0.0781,60526.8,209.7,0.0035,68.7,189.0,211.7,-0.0264,0.0971,0.223,0.1211,ok,2026-09-04T08:30:26+00:00
marais-poitevin,2026-08-13,1,S2C_30TXS_20260813_0_L2A,0.5256,0.0002,0.5255,0.0839,0.0,fijo,1.352,0.0835,60526.8,226.6,0.0071,69.0,141.6,197.9,-0.0228,0.0898,0.1821,0.0793,parcial,2026-09-04T08:30:26+00:00
marais-poitevin,2026-08-18,1,S2B_30TXS_20260818_0_L2A,0.5436,0.4859,0.2794,0.0919,0.0,fijo,0.775,0.0985,60526.8,197.7,0.0117,43.8,165.8,152.0,-0.0261,0.0659,0.1331,0.0403,parcial,2026-09-04T08:30:36+00:00
marais-poitevin,2026-08-25,1,S2A_30TXS_20260825_1_L2A,0.5333,0.3357,0.3543,0.1017,0.0,fijo,0.873,0.0912,60526.8,165.9,0.0077,18.8,143.1,170.8,0.0024,0.042,0.106,0.0439,parcial,2026-09-04T08:30:36+00:00
marais-poitevin,2026-09-02,1,S2C_30TXS_20260902_0_L2A,0.5116,0.1614,0.429,0.0672,0.0,fijo,1.32,0.0848,60526.8,228.1,0.0088,90.5,132.4,191.5,-0.0162,0.0882,0.1759,0.0712,parcial,2026-09-04T08:30:36+00:00
marais-poitevin,2026-09-04,2,S2A_30TXS_20260904_1_L2A;S2B_30TXS_20260904_0_L2A,1.0,0.0001,0.9999,0.065,0.0,fijo,0.403,0.069,60526.8,351.0,0.0058,84.6,358.8,300.0,-0.1235,0.0753,0.2556,0.1385,ok,2026-09-05T10:43:37+00:00
